cohort	hap_id	C4AL	C4AS	C4BL	C4BS	HLA-A	HLA-B	HLA-C	HLA-DMA	HLA-DMB	HLA-DOA	HLA-DOB	HLA-DPA1	HLA-DPA2	HLA-DPB1	HLA-DPB2	HLA-DQA1	HLA-DQA2	HLA-DQB1	HLA-DQB2	HLA-DRA	HLA-DRB1	HLA-DRB3	HLA-DRB4	HLA-DRB5	HLA-E	HLA-F	HLA-G	HLA-H	HLA-J	HLA-K	HLA-L	HLA-N	HLA-P	HLA-S	HLA-T	HLA-U	HLA-V	HLA-W	HLA-Y	MICA	MICB	TAP1	TAP2
APR	apr-f#1	NA			NA	HLA-A*31:01:02:01	HLA-B*52:01:01:01	HLA-C*12:02:02:01	HLA-DMA*01:01:01:01	HLA-DMB*01:01:01:46	HLA-DOA*01:01:01:01	HLA-DOB*01:02:02	HLA-DPA1*01:03:01:02	HLA-DPA2*02:01:01:01	HLA-DPB1*04:01:01:10	HLA-DPB2*01:01:02	HLA-DQA1*01:03:01:01	HLA-DQA2*01:01:02:new	HLA-DQB1*06:01:01:01	HLA-DQB2*01:01:01:new	HLA-DRA*01:02:02:10	HLA-DRB1*15:02:01:new			HLA-DRB5*01:02:01:new	HLA-E*01:03:01:01	HLA-F*01:01:01:09	HLA-G*01:01:02:01	HLA-H*02:09	HLA-J*01:01:01:05	HLA-K*01:04	HLA-L*01:01:01:03	HLA-N*01:01:01:03	HLA-P*01:01:01:01	HLA-S*01:02:01:03	HLA-T*03:01:01:02	HLA-U*01:new	HLA-V*01:01:01:02	HLA-W*05:new		MICA*009:01:new	MICB*005:02:new	TAP1*01:new	TAP2*01:01:03:new
APR	apr-f#2	NA	NA			HLA-A*01:01:01:01	HLA-B*40:06:04:01	HLA-C*15:02:01:01	HLA-DMA*01:01:01:07	HLA-DMB*01:01:01:new	HLA-DOA*01:01:02:20	HLA-DOB*01:02:02	HLA-DPA1*01:03:01:01	HLA-DPA2*02:01:01:01	HLA-DPB1*02:01:02:01	HLA-DPB2*01:01:02	HLA-DQA1*01:03:01:01	HLA-DQA2*01:05:01:new	HLA-DQB1*06:01:01:01	HLA-DQB2*01:08	HLA-DRA*01:01:01:02	HLA-DRB1*15:01:01:new			HLA-DRB5*01:01:01:02	HLA-E*01:01:01:01	HLA-F*01:01:01:09	HLA-G*01:06:01:01	HLA-H*02:01:01:01	HLA-J*01:01:01:02	HLA-K*01:01:01:new	HLA-L*01:01:01:01	HLA-N*01:01:01:03	HLA-P*01:01:01:01	HLA-S*01:02:01:03	HLA-T*01:01:01:01	HLA-U*01:01:01:01	HLA-V*01:01:01:02	HLA-W*01:01:01:06		MICA*027:01:02	MICB*004:01:new	TAP1*01:01:01:01	TAP2*01:01:07:new
APR	apr-m#1	NA			NA	HLA-A*02:22:01:01	HLA-B*18:01:01:new	HLA-C*07:04:01:01	HLA-DMA*01:01:01:13	HLA-DMB*01:03:01:03	HLA-DOA*01:01:04:06	HLA-DOB*01:01:01:24	HLA-DPA1*02:01:01:new	HLA-DPA2*01:new	HLA-DPB1*13:01:01:03	HLA-DPB2*03:new	HLA-DQA1*01:02:01:14	HLA-DQA2*01:01:02:new	HLA-DQB1*06:04:01:01	HLA-DQB2*01:01:01:new	HLA-DRA*01:01:01:05	HLA-DRB1*13:02:01:new	HLA-DRB3*03:01:01:01			HLA-E*01:03:02:01	HLA-F*01:01:01:new	HLA-G*01:01:01:06	HLA-H*01:01:01:01	HLA-J*01:01:01:05	HLA-K*01:02:00:new	HLA-L*01:01:01:new	HLA-N*01:01:01:03	HLA-P*02:new	HLA-S*01:02:01:01	HLA-T*01:new	HLA-U*01:03:00:new	HLA-V*01:01:01:01	HLA-W*03:new		MICA*012:01:new	MICB*005:02:new	TAP1*02:01:01:new	TAP2*02:03
APR	apr-m#2	NA		NA		HLA-A*11:01:01:01	HLA-B*40:06:01:13	HLA-C*15:02:01:01	HLA-DMA*01:01:01:04	HLA-DMB*01:01:01:20	HLA-DOA*01:01:02:15	HLA-DOB*01:01:01:new	HLA-DPA1*02:01:01:02	HLA-DPA2*01:new	HLA-DPB1*14:01:01:01	HLA-DPB2*01:new	HLA-DQA1*05:05:01:new	HLA-DQA2*01:01:02:01	HLA-DQB1*03:01:01:03	HLA-DQB2*01:01:01:01	HLA-DRA*01:01:01:07	HLA-DRB1*11:01:01:new	HLA-DRB3*02:02:01:new			HLA-E*01:03:02:01	HLA-F*01:01:02:09	HLA-G*01:01:03:03	HLA-H*02:07:01:01	HLA-J*01:01:01:04	HLA-K*01:new	HLA-L*01:new	HLA-N*01:01:01:03	HLA-P*02:new	HLA-S*01:02:01:03	HLA-T*03:01:01:new	HLA-U*01:05:00:new	HLA-V*01:new	HLA-W*01:new		MICA*027:01:02	MICB*005:03:new	TAP1*01:01:01:01	TAP2*02:01:03:new
APR	apr-s#1	NA		NA		HLA-A*11:01:01:01	HLA-B*40:06:01:13	HLA-C*15:02:01:01	HLA-DMA*01:01:01:04	HLA-DMB*01:01:01:20	HLA-DOA*01:01:02:15	HLA-DOB*01:01:01:new	HLA-DPA1*02:01:01:02	HLA-DPA2*01:new	HLA-DPB1*14:01:01:01	HLA-DPB2*01:new	HLA-DQA1*05:05:01:new	HLA-DQA2*01:01:02:01	HLA-DQB1*03:01:01:03	HLA-DQB2*01:01:01:01	HLA-DRA*01:01:01:07	HLA-DRB1*11:01:01:new	HLA-DRB3*02:02:01:new			HLA-E*01:03:02:01	HLA-F*01:01:02:09	HLA-G*01:01:03:03	HLA-H*02:07:01:01	HLA-J*01:01:01:04	HLA-K*01:new	HLA-L*01:new	HLA-N*01:01:01:01	HLA-P*02:new	HLA-S*01:02:01:03	HLA-T*03:01:01:new	HLA-U*01:05:00:new	HLA-V*01:new	HLA-W*01:new		MICA*027:01:02	MICB*005:03:new	TAP1*01:01:01:01	TAP2*02:01:03:new
APR	apr-s#2	NA			NA	HLA-A*01:01:01:01	HLA-B*52:01:01:01	HLA-C*12:02:02:01	HLA-DMA*01:01:01:01	HLA-DMB*01:01:01:46	HLA-DOA*01:01:01:01	HLA-DOB*01:02:02	HLA-DPA1*01:03:01:02	HLA-DPA2*02:01:01:01	HLA-DPB1*04:01:01:10	HLA-DPB2*01:01:02	HLA-DQA1*01:03:01:01	HLA-DQA2*01:01:02:new	HLA-DQB1*06:01:01:01	HLA-DQB2*01:01:01:new	HLA-DRA*01:02:02:10	HLA-DRB1*15:02:01:new			HLA-DRB5*01:02:01:new	HLA-E*01:01:01:01	HLA-F*01:01:01:09	HLA-G*01:06:01:01	HLA-H*02:01:01:01	HLA-J*01:01:01:02	HLA-K*01:01:01:new	HLA-L*01:01:01:01	HLA-N*01:01:01:03	HLA-P*01:01:01:01	HLA-S*01:02:01:03	HLA-T*01:01:01:01	HLA-U*01:01:01:01	HLA-V*01:01:01:02	HLA-W*01:01:01:06		MICA*009:01:new	MICB*005:02:new	TAP1*01:new	TAP2*01:01:03:new
APR	apr001#1	NA		NA		HLA-A*01:01:01:01	HLA-B*39:01:01:05	HLA-C*12:03:01:01	HLA-DMA*01:01:01:01	HLA-DMB*01:01:01:23	HLA-DOA*01:01:02:45	HLA-DOB*01:01:03:09	HLA-DPA1*02:01:01:02	HLA-DPA2*01:new	HLA-DPB1*10:01:01:01	HLA-DPB2*01:new	HLA-DQA1*01:02:02:01	HLA-DQA2*01:01:02:new	HLA-DQB1*05:02:01:01	HLA-DQB2*01:01:01:new	HLA-DRA*01:01:01:12	HLA-DRB1*16:new			HLA-DRB5*02:02:01:new	HLA-E*01:01:01:01	HLA-F*01:01:01:09	HLA-G*01:06:01:01	HLA-H*02:01:01:01	HLA-J*01:01:01:02	HLA-K*01:01:01:02	HLA-L*01:01:01:01	HLA-N*01:01:01:03	HLA-P*01:01:01:01	HLA-S*01:02:01:03	HLA-T*01:01:01:01	HLA-U*01:01:01:01	HLA-V*01:01:01:02	HLA-W*01:01:01:06		MICA*002:01:01	MICB*005:02:new	TAP1*01:01:01:02	TAP2*01:01:07:02
APR	apr001#2	NA				HLA-A*31:01:02:01	HLA-B*40:06:01:13	HLA-C*15:02:01:01	HLA-DMA*01:03:01:02	HLA-DMB*01:07:01:02	HLA-DOA*01:01:02:15	HLA-DOB*01:01:01:new	HLA-DPA1*01:03:01:05	HLA-DPA2*01:01:01:02	HLA-DPB1*04:02:01:02	HLA-DPB2*03:01:01:new	HLA-DQA1*05:01:01:03	HLA-DQA2*01:01:04:new	HLA-DQB1*02:01:01:01	HLA-DQB2*01:new	HLA-DRA*01:01:01:01	HLA-DRB1*03:01:01:03	HLA-DRB3*02:02:01:new			HLA-E*01:03:01:01	HLA-F*01:01:01:11	HLA-G*01:03:new	HLA-H*02:09	HLA-J*01:01:01:05	HLA-K*01:04	HLA-L*01:01:01:01	HLA-N*01:01:01:03	HLA-P*02:new	HLA-S*01:02:01:03	HLA-T*03:01:01:02	HLA-U*01:new	HLA-V*01:new	HLA-W*03:new		MICA*027:01:02	MICB*005:03:new	TAP1*02:01:01:new	TAP2*01:01:03:12
APR	apr002#1		NA	NA	NA	HLA-A*02:05:01:01	HLA-B*50:01:01:01	HLA-C*06:02:01:02	HLA-DMA*01:01:01:02	HLA-DMB*01:03:01:17	HLA-DOA*01:01:01:01	HLA-DOB*01:01:01:24	HLA-DPA1*01:03:01:new	HLA-DPA2*02:01:01:01	HLA-DPB1*02:01:02:01	HLA-DPB2*01:01:02:new	HLA-DQA1*02:01:01:01	HLA-DQA2*01:01:02:09	HLA-DQB1*02:02:new	HLA-DQB2*01:01:01:new	HLA-DRA*01:01:01:03	HLA-DRB1*07:01:01:01		HLA-DRB4*01:03:01:new		HLA-E*01:01:01:01	HLA-F*01:01:02:11	HLA-G*01:03:01:02	HLA-H*01:03:01:02	HLA-J*01:01:01:14	HLA-K*01:new	HLA-L*01:new	HLA-N*01:01:01:05	HLA-P*02:new	HLA-S*01:01:01:01	HLA-T*01:01:01:new	HLA-U*01:03:00:new	HLA-V*01:new	HLA-W*05:new		MICA*009:02:01	MICB*005:06:new	TAP1*01:01:01:new	TAP2*02:01:03:04
APR	apr002#2	NA			NA	HLA-A*29:02:01:01	HLA-B*40:06:01:13	HLA-C*15:02:01:01	HLA-DMA*01:02:01:01	HLA-DMB*01:01:01:02	HLA-DOA*01:01:02:38	HLA-DOB*01:01:01:04	HLA-DPA1*01:03:01:31	HLA-DPA2*01:01:01:new	HLA-DPB1*02:01:02:28	HLA-DPB2*03:01:01:new	HLA-DQA1*01:05:01:01	HLA-DQA2*01:01:01:01	HLA-DQB1*05:01:01:05	HLA-DQB2*01:02:02:01	HLA-DRA*01:01:01:11	HLA-DRB1*10:01:01:new				HLA-E*01:01:01:01	HLA-F*01:01:01:08	HLA-G*01:01:01:04	HLA-H*02:02:01:01	HLA-J*01:01:01:01	HLA-K*01:03	HLA-L*01:01:02:new	HLA-N*01:01:01:01	HLA-P*02:01:01:01	HLA-S*01:02:01:03	HLA-T*02:01:01:new	HLA-U*01:01:01:02	HLA-V*01:01:01:01	HLA-W*02:01		MICA*027:01:02	MICB*005:03:03	TAP1*01:01:01:new	TAP2*02:01:02:06
APR	apr003#1	NA		NA		HLA-A*24:new	HLA-B*14:02:01:01	HLA-C*08:02:01:01	HLA-DMA*01:01:01:03	HLA-DMB*01:03:01:03	HLA-DOA*01:01:02:15	HLA-DOB*01:01:03:09	HLA-DPA1*01:03:01:01	HLA-DPA2*01:01:01:01	HLA-DPB1*04:01:01:26	HLA-DPB2*03:01:01:03	HLA-DQA1*03:01:01:01	HLA-DQA2*01:03	HLA-DQB1*03:02:01:01	HLA-DQB2*01:01:01:02	HLA-DRA*01:01:01:03	HLA-DRB1*04:03:01:new		HLA-DRB4*01:03:01:04		HLA-E*01:01:01:01	HLA-F*01:01:01:09	HLA-G*01:04:01:01		HLA-J*01:01:01:02		HLA-L*01:01:01:01	HLA-N*01:01:01:03	HLA-P*02:01:01:new	HLA-S*01:02:01:03			HLA-V*01:01:01:04	HLA-W*01:new		MICA*011:01:01	MICB*005:02:new	TAP1*01:01:01:new	TAP2*01:01:03:new
APR	apr003#2	NA			NA	HLA-A*01:01:01:01	HLA-B*40:06:01:13	HLA-C*15:02:01:01	HLA-DMA*01:02:01:01	HLA-DMB*01:01:01:02	HLA-DOA*01:01:02:20	HLA-DOB*01:01:01:01	HLA-DPA1*02:01:01:01	HLA-DPA2*01:new	HLA-DPB1*13:01:01:new	HLA-DPB2*03:01:01:new	HLA-DQA1*01:02:02:01	HLA-DQA2*01:01:04:01	HLA-DQB1*05:02:01:12	HLA-DQB2*01:04	HLA-DRA*01:new	HLA-DRB1*16:76:00:new			HLA-DRB5*02:02:01:new	HLA-E*01:03:01:01	HLA-F*01:01:01:09	HLA-G*01:06:01:01	HLA-H*02:01:01:01	HLA-J*01:01:01:02	HLA-K*01:01:01:02	HLA-L*01:03	HLA-N*01:01:01:03	HLA-P*01:01:01:01	HLA-S*01:02:01:03	HLA-T*01:01:01:01	HLA-U*01:01:01:01	HLA-V*01:01:01:02	HLA-W*01:01:01:06		MICA*027:01:02	MICB*005:03:new	TAP1*01:01:01:new	TAP2*01:new
APR	apr004#1		NA	NA		HLA-A*02:05:01:01	HLA-B*50:01:01:01	HLA-C*06:02:01:02	HLA-DMA*01:01:01:37	HLA-DMB*01:01:01:21	HLA-DOA*01:01:05	HLA-DOB*01:01:01:01	HLA-DPA1*01:03:01:02	HLA-DPA2*01:01:01:new	HLA-DPB1*04:01:01:12	HLA-DPB2*01:01:01:new	HLA-DQA1*01:02:01:01	HLA-DQA2*01:01:01:new	HLA-DQB1*06:02:01:01	HLA-DQB2*01:02:01:01	HLA-DRA*01:02:03:01	HLA-DRB1*15:01:01:03			HLA-DRB5*01:01:01:01	HLA-E*01:01:01:01	HLA-F*01:01:02:11	HLA-G*01:03:01:02	HLA-H*01:03:01:02	HLA-J*01:01:01:14	HLA-K*01:new	HLA-L*01:new	HLA-N*01:01:01:05	HLA-P*02:new	HLA-S*01:01:01:01	HLA-T*01:01:01:new	HLA-U*01:03:00:new	HLA-V*01:new	HLA-W*05:new		MICA*009:02:01	MICB*005:06:new	TAP1*01:01:01:new	TAP2*01:01:07:06
APR	apr004#2	NA			NA	HLA-A*24:02:01:01	HLA-B*08:01:01:02	HLA-C*07:02:01:01	HLA-DMA*01:01:01:02	HLA-DMB*01:03:01:new	HLA-DOA*01:01:02:30	HLA-DOB*01:01:01:new	HLA-DPA1*01:03:01:01	HLA-DPA2*02:01:01:01	HLA-DPB1*02:01:02:05	HLA-DPB2*01:01:02:new	HLA-DQA1*05:01:01:03	HLA-DQA2*01:01:04:new	HLA-DQB1*02:01:01:01	HLA-DQB2*01:new	HLA-DRA*01:01:01:01	HLA-DRB1*03:01:01:03	HLA-DRB3*02:02:01:new			HLA-E*01:03:01:01	HLA-F*01:01:01:09	HLA-G*01:04:01:01		HLA-J*01:01:01:02		HLA-L*01:03	HLA-N*01:01:01:03	HLA-P*02:01:01:new	HLA-S*01:02:01:01			HLA-V*01:01:01:04	HLA-W*01:new		MICA*008:01:new	MICB*002:01:new	TAP1*02:01:01:new	TAP2*01:01:03:12
APR	apr005#1	NA				HLA-A*11:01:01:01	HLA-B*57:01:01:new	HLA-C*06:02:01:01	HLA-DMA*01:01:01:04	HLA-DMB*01:01:01:06	HLA-DOA*01:01:01:01	HLA-DOB*01:01:03:09	HLA-DPA1*01:03:01:05	HLA-DPA2*01:01:01:02	HLA-DPB1*04:02:01:02	HLA-DPB2*03:01:01:new	HLA-DQA1*05:01:01:03	HLA-DQA2*01:01:04:new	HLA-DQB1*02:01:01:01	HLA-DQB2*01:new	HLA-DRA*01:01:01:01	HLA-DRB1*03:01:01:03	HLA-DRB3*02:02:01:new			HLA-E*01:03:01:01	HLA-F*01:01:02:09	HLA-G*01:01:03:03	HLA-H*02:07:01:01	HLA-J*01:01:01:new	HLA-K*01:new	HLA-L*01:new	HLA-N*01:01:01:new	HLA-P*02:new	HLA-S*01:02:01:01	HLA-T*03:01:01:new	HLA-U*01:05:00:new	HLA-V*01:new	HLA-W*01:new		MICA*017:01	MICB*003:01:new	TAP1*01:01:01:new	TAP2*01:01:03:new
APR	apr005#2	NA			NA	HLA-A*30:02:01:01	HLA-B*53:01:01:01	HLA-C*04:01:01:75	HLA-DMA*01:01:01:04	HLA-DMB*01:01:01:06	HLA-DOA*01:01:01:01	HLA-DOB*01:01:03:09	HLA-DPA1*01:03:01:05	HLA-DPA2*01:01:01:02	HLA-DPB1*04:02:01:02	HLA-DPB2*03:01:01:new	HLA-DQA1*05:01:01:03	HLA-DQA2*01:01:04:new	HLA-DQB1*02:01:01:01	HLA-DQB2*01:new	HLA-DRA*01:01:01:01	HLA-DRB1*03:01:01:03	HLA-DRB3*02:02:01:new			HLA-E*01:01:01:06	HLA-F*01:01:01:17	HLA-G*01:01:01:08	HLA-H*01:01:02	HLA-J*01:01:01:15	HLA-K*01:new	HLA-L*01:02:00:new	HLA-N*01:01:01:05	HLA-P*02:01:01:01	HLA-S*01:02:01:01	HLA-T*01:new	HLA-U*01:new	HLA-V*01:01:01:01	HLA-W*03:new		MICA*002:01:02	MICB*004:01:new	TAP1*01:01:01:new	TAP2*01:01:03:new
APR	apr006#1	NA			NA	HLA-A*11:01:01:01	HLA-B*53:01:01:01	HLA-C*04:01:01:75	HLA-DMA*01:01:01:04	HLA-DMB*01:01:01:06	HLA-DOA*01:01:01:01	HLA-DOB*01:01:03:09	HLA-DPA1*01:03:01:02	HLA-DPA2*01:01:01:01	HLA-DPB1*04:01:01:01	HLA-DPB2*03:01:01:new	HLA-DQA1*05:01:01:03	HLA-DQA2*01:01:04:new	HLA-DQB1*02:01:01:01	HLA-DQB2*01:new	HLA-DRA*01:01:01:01	HLA-DRB1*03:147:00:new	HLA-DRB3*02:02:01:new			HLA-E*01:03:01:01	HLA-F*01:01:01:new	HLA-G*01:01:03:03	HLA-H*02:07:01:01	HLA-J*01:01:01:04	HLA-K*01:new	HLA-L*01:new	HLA-N*01:01:01:01	HLA-P*02:new	HLA-S*01:02:01:01	HLA-T*03:01:01:new	HLA-U*01:05:00:new	HLA-V*01:new	HLA-W*01:new		MICA*002:01:02	MICB*005:02:new	TAP1*01:01:01:new	TAP2*01:01:03:new
APR	apr006#2	NA			NA	HLA-A*68:01:02:01	HLA-B*51:01:01:04	HLA-C*15:02:01:01	HLA-DMA*01:02:01:01	HLA-DMB*01:01:01:02	HLA-DOA*01:01:01:01	HLA-DOB*01:01:01:24	HLA-DPA1*01:03:01:05	HLA-DPA2*01:01:01:02	HLA-DPB1*04:02:01:02	HLA-DPB2*03:01:01:new	HLA-DQA1*01:02:01:03	HLA-DQA2*01:05:01:new	HLA-DQB1*05:02:01:01	HLA-DQB2*01:08	HLA-DRA*01:01:01:02	HLA-DRB1*15:06:01:new			HLA-DRB5*01:01:01:new	HLA-E*01:01:01:04	HLA-F*01:01:02:08	HLA-G*01:01:02:01	HLA-H*02:new	HLA-J*01:01:01:01	HLA-K*01:new	HLA-L*01:01:01:01	HLA-N*01:01:01:01	HLA-P*01:02	HLA-S*01:02:01:03	HLA-T*01:01:01:new	HLA-U*01:new	HLA-V*01:01:01:03	HLA-W*05:new		MICA*010:01:new	MICB*005:02:21	TAP1*02:01:01:new	TAP2*02:01:03:new
APR	apr007#1	NA		NA		HLA-A*02:01:01:01	HLA-B*44:03:01:19	HLA-C*04:01:01:14	HLA-DMA*01:01:01:37	HLA-DMB*01:01:01:21	HLA-DOA*01:01:05	HLA-DOB*01:01:01:01	HLA-DPA1*01:03:01:02	HLA-DPA2*01:01:01:new	HLA-DPB1*04:01:01:12	HLA-DPB2*01:01:01:new	HLA-DQA1*01:02:01:01	HLA-DQA2*01:01:01:new	HLA-DQB1*06:02:01:01	HLA-DQB2*01:02:01:01	HLA-DRA*01:02:03:01	HLA-DRB1*15:01:01:07			HLA-DRB5*01:01:01:01	HLA-E*01:01:01:01	HLA-F*01:01:01:08	HLA-G*01:01:01:01	HLA-H*01:01:01:01	HLA-J*01:01:01:11	HLA-K*01:02	HLA-L*01:01:01:02	HLA-N*01:01:01:01	HLA-P*02:01:01:01	HLA-S*01:01:01:01	HLA-T*01:01:01:02	HLA-U*01:03:00:new	HLA-V*01:01:01:01	HLA-W*03:01:01:01		MICA*004:01:01	MICB*005:02:new	TAP1*01:01:01:new	TAP2*01:01:07:06
APR	apr007#2		NA	NA		HLA-A*02:05:01:01	HLA-B*50:01:01:new	HLA-C*06:02:01:02	HLA-DMA*01:01:01:15	HLA-DMB*01:03:01:10	HLA-DOA*01:01:02:30	HLA-DOB*01:01:01:01	HLA-DPA1*01:03:01:01	HLA-DPA2*02:01:01:new	HLA-DPB1*02:01:02:04	HLA-DPB2*01:01:02	HLA-DQA1*01:02:01:01	HLA-DQA2*01:01:01:new	HLA-DQB1*06:02:01:01	HLA-DQB2*01:02:01:01	HLA-DRA*01:02:03:01	HLA-DRB1*15:01:01:07			HLA-DRB5*01:01:01:new	HLA-E*01:01:01:01	HLA-F*01:01:02:11	HLA-G*01:03:01:02	HLA-H*01:03:01:02	HLA-J*01:01:01:14	HLA-K*01:new	HLA-L*01:new	HLA-N*01:01:01:05	HLA-P*02:new	HLA-S*01:01:01:01	HLA-T*01:01:01:new	HLA-U*01:03:00:new	HLA-V*01:new	HLA-W*05:new		MICA*009:02:01	MICB*005:06:new	TAP1*01:01:01:new	TAP2*01:01:07:06
APR	apr008#1	NA				HLA-A*30:01:01:01	HLA-B*45:01:01:01	HLA-C*06:02:01:03	HLA-DMA*01:01:01:37	HLA-DMB*01:01:01:21	HLA-DOA*01:01:04:01	HLA-DOB*01:01:01:01	HLA-DPA1*01:03:01:05	HLA-DPA2*01:01:01:02	HLA-DPB1*04:02:01:02	HLA-DPB2*03:01:01:new	HLA-DQA1*01:01:01:01	HLA-DQA2*01:01:02:09	HLA-DQB1*05:01:01:03	HLA-DQB2*01:07:01:new	HLA-DRA*01:01:01:new	HLA-DRB1*01:01:01:new				HLA-E*01:01:01:01	HLA-F*01:01:01:09	HLA-G*01:05:01N	HLA-H*02:05:01:03	HLA-J*01:01:01:10	HLA-K*01:new	HLA-L*01:new	HLA-N*01:01:01:01	HLA-P*01:01:01:01	HLA-S*01:01:01:01	HLA-T*01:01:01:new	HLA-U*01:new	HLA-V*01:01:01:new	HLA-W*03:new	HLA-Y*02:01	MICA*009:02:04	MICB*004:01:new	TAP1*01:new	TAP2*01:01:03:new
APR	apr008#2	NA			NA	HLA-A*31:01:02:01	HLA-B*51:01:01:06	HLA-C*15:02:01:01	HLA-DMA*01:01:01:01	HLA-DMB*01:02:01:01	HLA-DOA*01:01:02:26	HLA-DOB*01:01:03:09	HLA-DPA1*01:03:01:04	HLA-DPA2*01:01:01:new	HLA-DPB1*04:01:01:01	HLA-DPB2*03:01:01:03	HLA-DQA1*05:01:01:03	HLA-DQA2*01:01:04:new	HLA-DQB1*02:01:01:01	HLA-DQB2*01:new	HLA-DRA*01:01:01:01	HLA-DRB1*03:01:01:03	HLA-DRB3*02:02:01:new			HLA-E*01:03:01:01	HLA-F*01:01:01:08	HLA-G*01:01:14	HLA-H*02:09	HLA-J*01:01:01:01	HLA-K*01:04	HLA-L*01:01:01:01	HLA-N*01:01:01:01	HLA-P*01:01:01:01	HLA-S*01:02:01:03	HLA-T*03:01:01:02	HLA-U*01:new	HLA-V*01:01:01:new	HLA-W*01:new		MICA*009:02:new	MICB*002:01:new	TAP1*01:01:01:02	TAP2*01:new
APR	apr009#1		NA	NA	NA	HLA-A*02:05:01:01	HLA-B*50:01:01:01	HLA-C*06:02:01:02	HLA-DMA*01:01:01:15	HLA-DMB*01:03:01:10	HLA-DOA*01:01:02:30	HLA-DOB*01:01:01:04	HLA-DPA1*01:03:01:34	HLA-DPA2*01:new	HLA-DPB1*104:01:01:05	HLA-DPB2*03:01:01:new	HLA-DQA1*02:01:01:01	HLA-DQA2*01:01:01:new	HLA-DQB1*02:02:01:01	HLA-DQB2*01:02:02:01	HLA-DRA*01:01:01:03	HLA-DRB1*07:01:01:01		HLA-DRB4*01:03:01:04		HLA-E*01:01:01:01	HLA-F*01:01:02:11	HLA-G*01:03:01:02	HLA-H*01:03:01:02	HLA-J*01:01:01:14	HLA-K*01:new	HLA-L*01:new	HLA-N*01:01:01:05	HLA-P*02:new	HLA-S*01:01:01:01	HLA-T*01:01:01:new	HLA-U*01:03:00:new	HLA-V*01:new	HLA-W*05:new		MICA*009:02:01	MICB*005:06:new	TAP1*01:01:01:new	TAP2*02:01:02:05
APR	apr009#2	NA;NA				HLA-A*24:02:01:01	HLA-B*51:01:01:04	HLA-C*03:16	HLA-DMA*01:01:01:02	HLA-DMB*01:03:01:17	HLA-DOA*01:01:04:01	HLA-DOB*01:04:01:new	HLA-DPA1*01:03:01:04	HLA-DPA2*01:01:01:01	HLA-DPB1*04:01:01:01	HLA-DPB2*03:01:01:new	HLA-DQA1*01:02:02:new	HLA-DQA2*01:01:02:03	HLA-DQB1*05:02:01:01	HLA-DQB2*01:01:01:new	HLA-DRA*01:01:01:12	HLA-DRB1*16:02:01:new			HLA-DRB5*02:new	HLA-E*01:01:01:06	HLA-F*01:01:01:09	HLA-G*01:04:01:01		HLA-J*01:01:01:02		HLA-L*01:03	HLA-N*01:01:01:01	HLA-P*02:01:01:new	HLA-S*01:02:01:03			HLA-V*01:01:01:04	HLA-W*01:new		MICA*009:01:06	MICB*005:02:new	TAP1*02:01:01:new	TAP2*01:01:03:new
APR	apr010#1		NA	NA	NA	HLA-A*01:01:01:01	HLA-B*50:01:01:01	HLA-C*06:02:01:02	HLA-DMA*01:01:01:02	HLA-DMB*01:01:01:12	HLA-DOA*01:01:02:45	HLA-DOB*01:01:01:04	HLA-DPA1*01:03:01:04	HLA-DPA2*01:01:01:01	HLA-DPB1*04:01:01:new	HLA-DPB2*03:01:01:new	HLA-DQA1*02:01:01:01	HLA-DQA2*01:01:01:new	HLA-DQB1*02:02:01:01	HLA-DQB2*01:02:02:01	HLA-DRA*01:01:01:03	HLA-DRB1*07:01:01:01		HLA-DRB4*01:new		HLA-E*01:01:01:01	HLA-F*01:01:01:09	HLA-G*01:06:01:01	HLA-H*02:01:01:01	HLA-J*01:01:01:02	HLA-K*01:01:01:02	HLA-L*01:01:01:01	HLA-N*01:01:01:03	HLA-P*01:01:01:01	HLA-S*01:01:01:01	HLA-T*01:01:01:01	HLA-U*01:01:01:01	HLA-V*01:01:01:02	HLA-W*01:01:01:06		MICA*009:02:01	MICB*005:06:new	TAP1*01:01:01:new	TAP2*02:01:02:05
APR	apr010#2	NA		NA		HLA-A*03:01:01:01	HLA-B*51:01:01:new	HLA-C*15:02:01:01	HLA-DMA*01:01:01:04	HLA-DMB*01:01:01:01	HLA-DOA*01:02:01:02	HLA-DOB*01:01:01:01	HLA-DPA1*02:07:01:04	HLA-DPA2*01:new	HLA-DPB1*19:01:01:01	HLA-DPB2*01:new	HLA-DQA1*01:02:01:01	HLA-DQA2*01:01:01:new	HLA-DQB1*06:02:01:01	HLA-DQB2*01:02:01:01	HLA-DRA*01:02:03:01	HLA-DRB1*15:01:01:07			HLA-DRB5*01:01:01:new	HLA-E*01:01:01:01	HLA-F*01:01:01:new	HLA-G*01:01:01:05	HLA-H*02:04:01	HLA-J*01:01:01:04	HLA-K*01:01:01:01	HLA-L*01:03:00:new	HLA-N*01:01:01:01	HLA-P*02:01:01:02	HLA-S*01:02:01:03	HLA-T*03:01:01:01	HLA-U*01:04	HLA-V*01:01:01:01	HLA-W*01:new		MICA*009:01:01	MICB*005:new	TAP1*01:01:01:new	TAP2*01:01:07:06
APR	apr011#1	NA				HLA-A*33:03:01:01	HLA-B*58:01:01:03	HLA-C*03:new	HLA-DMA*01:01:01:04	HLA-DMB*01:01:01:20	HLA-DOA*01:01:02:15	HLA-DOB*01:01:01:04	HLA-DPA1*02:02:02:01	HLA-DPA2*01:new	HLA-DPB1*13:01:01:12	HLA-DPB2*01:01:01:new	HLA-DQA1*05:05:01:new	HLA-DQA2*01:01:02:03	HLA-DQB1*03:01:01:03	HLA-DQB2*01:01:01:new	HLA-DRA*01:01:01:07	HLA-DRB1*11:01:01:new	HLA-DRB3*02:02:01:new			HLA-E*01:05:01	HLA-F*01:01:02:10	HLA-G*01:04:01:01	HLA-H*02:08:01:01	HLA-J*01:01:01:09	HLA-K*01:04	HLA-L*01:01:01:01	HLA-N*01:01:01:new	HLA-P*new	HLA-S*01:02:01:01	HLA-T*03:01:01:02	HLA-U*01:06:00:new	HLA-V*01:new	HLA-W*01:new	HLA-Y*02:01:00:new	MICA*002:01:07	MICB*004:01:new	TAP1*01:01:01:01	TAP2*02:01:02:02
APR	apr011#2	NA			NA	HLA-A*68:01:01:02	HLA-B*08:01:01:02	HLA-C*07:02:01:01	HLA-DMA*01:01:01:01	HLA-DMB*01:02:01:01	HLA-DOA*01:01:02:26	HLA-DOB*01:01:03:09	HLA-DPA1*01:03:01:04	HLA-DPA2*01:01:01:new	HLA-DPB1*04:01:01:01	HLA-DPB2*03:01:01:03	HLA-DQA1*05:01:01:03	HLA-DQA2*01:01:04:new	HLA-DQB1*02:01:01:01	HLA-DQB2*01:new	HLA-DRA*01:01:01:01	HLA-DRB1*03:01:01:03	HLA-DRB3*02:02:01:new			HLA-E*01:01:01:01	HLA-F*01:01:01:18	HLA-G*01:01:02:01	HLA-H*02:05:01:01	HLA-J*01:01:01:17	HLA-K*01:new	HLA-L*01:01:01:02	HLA-N*01:01:01:01	HLA-P*01:02	HLA-S*01:02:01:01	HLA-T*01:01:01:new	HLA-U*01:new	HLA-V*01:01:01:03	HLA-W*03:01:01:01		MICA*008:01:07	MICB*002:01:new	TAP1*01:01:01:02	TAP2*01:new
APR	apr012#1	NA			NA	HLA-A*29:02:01:02	HLA-B*45:01:01:01	HLA-C*06:02:01:03	HLA-DMA*01:01:01:02	HLA-DMB*01:03:01:new	HLA-DOA*01:01:02:15	HLA-DOB*01:01:01:new	HLA-DPA1*01:03:01:01	HLA-DPA2*02:01:01:new	HLA-DPB1*02:01:02:04	HLA-DPB2*01:01:02	HLA-DQA1*05:01:01:03	HLA-DQA2*01:01:04:new	HLA-DQB1*02:01:01:01	HLA-DQB2*01:new	HLA-DRA*01:01:01:01	HLA-DRB1*03:01:01:03	HLA-DRB3*02:02:01:new			HLA-E*01:05:01	HLA-F*01:01:02:08	HLA-G*01:01:01:04	HLA-H*02:02:02	HLA-J*01:01:01:new	HLA-K*01:03:00:new	HLA-L*01:01:01:01	HLA-N*01:01:01:new	HLA-P*02:01:01:01	HLA-S*01:01:01:01	HLA-T*02:01:01:01	HLA-U*01:01:01:02	HLA-V*01:01:01:01	HLA-W*02:01		MICA*009:02:04	MICB*005:03:new	TAP1*02:01:01:new	TAP2*01:01:03:12
APR	apr012#2	NA				HLA-A*33:03:01:01	HLA-B*58:01:01:03	HLA-C*03:02:02:05	HLA-DMA*01:01:01:02	HLA-DMB*01:03:01:17	HLA-DOA*01:01:02:02	HLA-DOB*01:01:01:24	HLA-DPA1*01:03:01:05	HLA-DPA2*01:01:01:03	HLA-DPB1*04:02:01:03	HLA-DPB2*03:01:01:new	HLA-DQA1*05:01:01:03	HLA-DQA2*01:01:02:new	HLA-DQB1*02:01:01:01	HLA-DQB2*01:01:01:new	HLA-DRA*01:01:01:01	HLA-DRB1*03:01:01:03	HLA-DRB3*02:02:01:new			HLA-E*01:01:01:06	HLA-F*01:01:02:10	HLA-G*01:04:01:01	HLA-H*02:08:01:01	HLA-J*01:01:01:09	HLA-K*01:04	HLA-L*01:01:01:01	HLA-N*01:01:01:05	HLA-P*new	HLA-S*01:02:01:01	HLA-T*03:01:01:02	HLA-U*01:06:00:new	HLA-V*01:new	HLA-W*01:new	HLA-Y*02:01	MICA*002:01:13Q:new	MICB*008:01:new	TAP1*02:01:01:new	TAP2*02:03
APR	apr013#1	NA				HLA-A*24:02:01:01	HLA-B*51:01:01:01	HLA-C*14:02:01:01	HLA-DMA*01:03:01:new	HLA-DMB*01:07:01:03	HLA-DOA*01:10	HLA-DOB*01:02:02	HLA-DPA1*02:01:01:07	HLA-DPA2*01:new	HLA-DPB1*26:01:02:03	HLA-DPB2*03:01:01:new	HLA-DQA1*01:03:01:01	HLA-DQA2*01:05:01:new	HLA-DQB1*06:01:01:01	HLA-DQB2*01:08	HLA-DRA*01:02:02:new	HLA-DRB1*15:02:01:new			HLA-DRB5*01:02:01:new	HLA-E*01:01:01:03	HLA-F*01:01:01:09	HLA-G*01:04:01:01		HLA-J*01:01:01:05		HLA-L*01:01:01:new	HLA-N*01:01:01:new	HLA-P*02:01:01:new	HLA-S*01:02:01:03			HLA-V*01:01:01:new	HLA-W*03:01:01:01		MICA*049:01:new	MICB*005:03:new	TAP1*05:new	TAP2*01:01:03:new
APR	apr013#2	NA;NA				HLA-A*02:11:01:01	HLA-B*40:06:01:13	HLA-C*15:02:01:01	HLA-DMA*01:02:01:01	HLA-DMB*01:01:01:38	HLA-DOA*01:01:02:45	HLA-DOB*01:01:01:new	HLA-DPA1*02:01:01:03	HLA-DPA2*01:01:new	HLA-DPB1*17:01:01:01	HLA-DPB2*01:new	HLA-DQA1*01:03:01:01	HLA-DQA2*01:05:01:new	HLA-DQB1*06:01:01:01	HLA-DQB2*01:08	HLA-DRA*01:02:02:10	HLA-DRB1*15:02:01:new			HLA-DRB5*01:02:01:new	HLA-E*01:03:01:01	HLA-F*01:01:01:09	HLA-G*01:01:01:01	HLA-H*01:01:01:01	HLA-J*01:01:01:05	HLA-K*01:02	HLA-L*01:03:00:new	HLA-N*01:01:01:03	HLA-P*02:01:01:01	HLA-S*01:02:01:03	HLA-T*01:01:01:05	HLA-U*01:03:00:new	HLA-V*01:01:01:new	HLA-W*03:01:01:01		MICA*027:01:03	MICB*005:03:new	TAP1*03:01:00:new	TAP2*01:03:02:08
APR	apr014#1	NA			NA	HLA-A*31:01:02:24	HLA-B*39:06:02:03	HLA-C*12:03:01:01	HLA-DMA*01:01:01:01	HLA-DMB*01:01:01:27	HLA-DOA*01:01:04:01	HLA-DOB*01:01:03:09	HLA-DPA1*01:03:01:02	HLA-DPA2*01:01:01:new	HLA-DPB1*04:01:01:01	HLA-DPB2*03:01:01:new	HLA-DQA1*05:01:01:03	HLA-DQA2*01:01:04:new	HLA-DQB1*02:01:01:01	HLA-DQB2*01:new	HLA-DRA*01:01:01:01	HLA-DRB1*03:01:01:03	HLA-DRB3*02:02:01:new			HLA-E*01:01:01:01	HLA-F*01:01:01:08	HLA-G*01:01:02:01	HLA-H*02:09	HLA-J*01:01:01:new	HLA-K*01:04	HLA-L*01:03:00:new	HLA-N*01:01:01:01	HLA-P*01:01:01:01	HLA-S*01:02:01:03	HLA-T*03:01:01:02	HLA-U*01:new	HLA-V*01:01:01:02	HLA-W*01:new	HLA-Y*02:01	MICA*002:01:13Q:new	MICB*005:02:07	TAP1*01:01:01:01	TAP2*01:01:07:new
APR	apr014#2	NA	NA			HLA-A*30:01:01:01	HLA-B*42:01:01:01	HLA-C*17:01:01:02	HLA-DMA*01:01:01:02	HLA-DMB*01:01:01:13	HLA-DOA*01:01:11	HLA-DOB*01:01:01:23	HLA-DPA1*02:02:02:12	HLA-DPA2*01:new	HLA-DPB1*01:01:01:02	HLA-DPB2*03:01:01:new	HLA-DQA1*04:01:01:05	HLA-DQA2*01:07:00:new	HLA-DQB1*04:02:01:08	HLA-DQB2*01:01:01:10	HLA-DRA*01:03	HLA-DRB1*03:02:01:new	HLA-DRB3*01:62:01:01			HLA-E*01:01:01:01	HLA-F*01:01:01:09	HLA-G*01:05:01N	HLA-H*02:05:01:03	HLA-J*01:01:01:10	HLA-K*01:new	HLA-L*01:new	HLA-N*01:01:01:01	HLA-P*01:01:01:01	HLA-S*01:03	HLA-T*01:01:01:new	HLA-U*01:new	HLA-V*01:01:01:new	HLA-W*03:new	HLA-Y*02:01	MICA*004:01:03	MICB*002:01:new	TAP1*01:new	TAP2*01:01:03:18
APR	apr015#1	NA			NA	HLA-A*26:01:01:01	HLA-B*08:01:01:02	HLA-C*07:02:01:01	HLA-DMA*01:01:01:21	HLA-DMB*01:01:01:new	HLA-DOA*01:01:04:03	HLA-DOB*01:01:01:new	HLA-DPA1*01:03:01:01	HLA-DPA2*02:01:01:01	HLA-DPB1*02:01:02:21	HLA-DPB2*03:02:00:new	HLA-DQA1*05:01:01:03	HLA-DQA2*01:01:04:new	HLA-DQB1*02:01:01:01	HLA-DQB2*01:new	HLA-DRA*01:01:01:01	HLA-DRB1*03:01:01:03	HLA-DRB3*02:02:01:new			HLA-E*01:01:01:01	HLA-F*01:01:01:08	HLA-G*01:01:02:01	HLA-H*01:02:01:04	HLA-J*01:01:01:01	HLA-K*01:01:new	HLA-L*01:01:02:new	HLA-N*01:01:01:03	HLA-P*01:01:01:new	HLA-S*01:02:01:01	HLA-T*01:01:01:new	HLA-U*01:new	HLA-V*01:01:01:new	HLA-W*01:01:01:new		MICA*008:01:07	MICB*002:01:new	TAP1*01:01:01:01	TAP2*01:01:03:new
APR	apr015#2	NA				HLA-A*02:01:01:01	HLA-B*35:08:01:01	HLA-C*04:01:01:06	HLA-DMA*01:01:01:21	HLA-DMB*01:01:01:new	HLA-DOA*01:01:02:45	HLA-DOB*01:01:01:new	HLA-DPA1*02:01:01:02	HLA-DPA2*01:new	HLA-DPB1*10:01:new	HLA-DPB2*01:new	HLA-DQA1*05:01:01:03	HLA-DQA2*01:01:04:new	HLA-DQB1*02:01:01:01	HLA-DQB2*01:new	HLA-DRA*01:01:01:01	HLA-DRB1*03:01:01:03	HLA-DRB3*02:02:01:new			HLA-E*01:01:01:01	HLA-F*01:01:01:08	HLA-G*01:01:01:01	HLA-H*01:01:01:01	HLA-J*01:01:01:11	HLA-K*01:02	HLA-L*01:01:01:02	HLA-N*01:01:01:01	HLA-P*02:01:01:01	HLA-S*01:02:new	HLA-T*01:01:01:02	HLA-U*01:03:00:new	HLA-V*01:01:01:01	HLA-W*03:01:01:01		MICA*016:01:01	MICB*002:01:new	TAP1*01:01:01:01	TAP2*01:01:03:new
APR	apr016#1	NA			NA	HLA-A*02:01:01:01	HLA-B*40:06:01:13	HLA-C*15:02:01:01	HLA-DMA*01:01:01:01	HLA-DMB*01:01:01:01	HLA-DOA*01:01:02:45	HLA-DOB*01:01:01:28	HLA-DPA1*02:01:01:02	HLA-DPA2*01:new	HLA-DPB1*09:01:01:new	HLA-DPB2*01:new	HLA-DQA1*01:02:02:new	HLA-DQA2*01:01:02:03	HLA-DQB1*05:02:01:12	HLA-DQB2*01:01:01:new	HLA-DRA*01:01:01:new	HLA-DRB1*16:02:01:new			HLA-DRB5*02:02:01:new	HLA-E*01:03:01:01	HLA-F*01:01:01:08	HLA-G*01:01:01:09	HLA-H*01:01:01:04	HLA-J*01:01:01:new	HLA-K*01:02	HLA-L*01:01:01:01	HLA-N*01:01:01:01	HLA-P*02:01:01:01	HLA-S*01:02:01:03	HLA-T*01:01:01:05	HLA-U*01:03:00:new	HLA-V*01:01:01:01	HLA-W*03:01:01:01		MICA*027:01:new	MICB*005:03:new	TAP1*03:01:00:new	TAP2*01:01:03:new
APR	apr016#2	NA		NA		HLA-A*02:05:01:01	HLA-B*50:01:01:01	HLA-C*06:02:01:02	HLA-DMA*01:01:01:01	HLA-DMB*01:01:01:01	HLA-DOA*01:01:04:new	HLA-DOB*01:01:01:28	HLA-DPA1*01:03:01:05	HLA-DPA2*01:01:01:02	HLA-DPB1*04:02:01:04	HLA-DPB2*03:01:01:new	HLA-DQA1*05:05:01:02	HLA-DQA2*01:01:02:06	HLA-DQB1*03:01:01:02	HLA-DQB2*01:01:01:13	HLA-DRA*01:01:01:12	HLA-DRB1*11:04:01:new	HLA-DRB3*02:02:01:new			HLA-E*01:01:01:01	HLA-F*01:01:02:11	HLA-G*01:03:01:02	HLA-H*01:03:01:02	HLA-J*01:01:01:14	HLA-K*01:new	HLA-L*01:new	HLA-N*01:01:01:05	HLA-P*02:new	HLA-S*01:01:01:01	HLA-T*01:01:01:new	HLA-U*01:03:00:new	HLA-V*01:new	HLA-W*05:new		MICA*009:02:01	MICB*005:01:02	TAP1*01:01:01:02	TAP2*01:01:03:new
APR	apr018#1	NA		NA		HLA-A*26:01:01:01	HLA-B*08:01:01:02	HLA-C*07:02:01:01	HLA-DMA*01:01:01:01	HLA-DMB*01:01:01:03	HLA-DOA*01:01:01:01	HLA-DOB*01:04:03:new	HLA-DPA1*01:04:01	HLA-DPA2*01:new	HLA-DPB1*15:01:01:01	HLA-DPB2*01:new	HLA-DQA1*04:01:01:03	HLA-DQA2*01:01:02:03	HLA-DQB1*04:02:01:04	HLA-DQB2*01:01:01:new	HLA-DRA*01:02:02:11	HLA-DRB1*08:01:01:01				HLA-E*01:01:01:01	HLA-F*01:01:01:08	HLA-G*01:01:02:01	HLA-H*01:02:01:04	HLA-J*01:01:01:01	HLA-K*01:01:new	HLA-L*01:01:02:new	HLA-N*01:01:01:01	HLA-P*01:01:01:new	HLA-S*01:02:01:01	HLA-T*01:01:01:new	HLA-U*01:new	HLA-V*01:01:01:new	HLA-W*01:01:01:new		MICA*008:01:07	MICB*005:02:new	TAP1*02:01:01:new	TAP2*01:01:05:10
APR	apr018#2	NA			NA	HLA-A*32:01:01:01	HLA-B*51:07:01	HLA-C*14:02:01:01	HLA-DMA*01:01:01:01	HLA-DMB*01:01:01:01	HLA-DOA*01:01:02:02	HLA-DOB*01:01:01:04	HLA-DPA1*01:03:01:new	HLA-DPA2*01:01:01:03	HLA-DPB1*04:02:01:new	HLA-DPB2*03:01:01:new	HLA-DQA1*01:05:01:01	HLA-DQA2*01:01:01:01	HLA-DQB1*05:01:01:05	HLA-DQB2*01:02:02:01	HLA-DRA*01:01:01:11	HLA-DRB1*10:01:01:new				HLA-E*01:03:02:01	HLA-F*01:01:02:10	HLA-G*01:01:22:01	HLA-H*02:03:02	HLA-J*01:01:01:12	HLA-K*01:01:01:04	HLA-L*01:01:01:01	HLA-N*01:01:01:01	HLA-P*02:01:new	HLA-S*01:02:01:03	HLA-T*02:01:01:new	HLA-U*01:02	HLA-V*01:01:01:01	HLA-W*04:01:00:new		MICA*006:00:00:new	MICB*005:02:new	TAP1*01:01:01:02	TAP2*02:01:02:new
APR	apr019#1	NA				HLA-A*02:05:01:01	HLA-B*44:05:01:01	HLA-C*02:02:02:01	HLA-DMA*01:01:01:01	HLA-DMB*01:01:01:01	HLA-DOA*01:01:02:15	HLA-DOB*01:04:01:new	HLA-DPA1*01:03:01:05	HLA-DPA2*01:01:01:02	HLA-DPB1*04:02:01:02	HLA-DPB2*03:01:01:new	HLA-DQA1*03:03:01:01	HLA-DQA2*01:04:01:new	HLA-DQB1*03:02:01:01	HLA-DQB2*01:01:01:04	HLA-DRA*01:01:01:24	HLA-DRB1*04:05:01:new		HLA-DRB4*01:03:01:11		HLA-E*01:01:01:01	HLA-F*01:01:02:11	HLA-G*01:03:01:02	HLA-H*01:03:01:02	HLA-J*01:01:01:14	HLA-K*01:new	HLA-L*01:new	HLA-N*01:01:01:05	HLA-P*02:new	HLA-S*01:02:01:03	HLA-T*01:01:01:new	HLA-U*01:03:00:new	HLA-V*01:new	HLA-W*05:new		MICA*008:01:02	MICB*005:02:new	TAP1*02:01:01:new	TAP2*01:01:03:new
APR	apr019#2	NA				HLA-A*02:01:01:01	HLA-B*73:01:01:01	HLA-C*15:05:01:01	HLA-DMA*01:01:01:37	HLA-DMB*01:01:01:21	HLA-DOA*01:01:04:03	HLA-DOB*01:01:01:24	HLA-DPA1*02:01:01:03	HLA-DPA2*01:01:new	HLA-DPB1*17:01:01:01	HLA-DPB2*01:new	HLA-DQA1*01:05:01:02	HLA-DQA2*01:01:02:new	HLA-DQB1*05:01:01:02	HLA-DQB2*01:01:01:new	HLA-DRA*01:01:01:11	HLA-DRB1*10:01:01:new				HLA-E*01:03:01:01	HLA-F*01:01:01:17	HLA-G*01:01:01:01	HLA-H*01:new	HLA-J*01:01:01:05	HLA-K*01:02	HLA-L*01:01:01:01	HLA-N*01:01:01:03	HLA-P*02:01:01:new	HLA-S*01:new	HLA-T*01:01:01:new	HLA-U*01:03:00:new	HLA-V*01:01:01:01	HLA-W*03:new		MICA*029:01:01	MICB*002:01:new	TAP1*02:01:01:new	TAP2*02:03
APR	apr020#1	NA			NA	HLA-A*30:02:01:01	HLA-B*35:08:01:01	HLA-C*04:01:01:06	HLA-DMA*01:01:01:04	HLA-DMB*01:01:01:01	HLA-DOA*01:01:02:20	HLA-DOB*01:04:01:new	HLA-DPA1*02:01:01:02	HLA-DPA2*01:new	HLA-DPB1*14:01:01:07	HLA-DPB2*01:new	HLA-DQA1*01:02:02:01	HLA-DQA2*01:01:02:03	HLA-DQB1*05:02:01:01	HLA-DQB2*01:01:01:new	HLA-DRA*01:01:01:12	HLA-DRB1*16:02:01:new			HLA-DRB5*02:02:01:new	HLA-E*01:01:01:06	HLA-F*01:01:01:17	HLA-G*01:01:01:08	HLA-H*01:01:02	HLA-J*01:01:01:15	HLA-K*01:new	HLA-L*01:02:00:new	HLA-N*01:01:01:05	HLA-P*02:01:01:01	HLA-S*01:02:new	HLA-T*01:new	HLA-U*01:new	HLA-V*01:01:01:01	HLA-W*03:new		MICA*016:01:01	MICB*002:01:new	TAP1*02:01:01:new	TAP2*01:01:03:new
APR	apr020#2	NA				HLA-A*02:01:01:01	HLA-B*08:01:01:new	HLA-C*07:18:01:01	HLA-DMA*01:01:01:01	HLA-DMB*01:01:01:new	HLA-DOA*01:new	HLA-DOB*01:01:01:01	HLA-DPA1*02:02:02:12	HLA-DPA2*01:new	HLA-DPB1*01:01:01:02	HLA-DPB2*03:01:01:new	HLA-DQA1*05:01:01:01	HLA-DQA2*01:04:02:new	HLA-DQB1*02:01:01:01	HLA-DQB2*01:01:01:12	HLA-DRA*01:01:01:01	HLA-DRB1*03:01:01:new	HLA-DRB3*02:02:01:01			HLA-E*01:03:02:01	HLA-F*01:01:01:17	HLA-G*01:01:01:01	HLA-H*01:01:01:05	HLA-J*01:01:01:05	HLA-K*01:02	HLA-L*01:02	HLA-N*01:01:01:05	HLA-P*02:01:01:new	HLA-S*01:02:01:01	HLA-T*01:01:01:05	HLA-U*01:03:00:new	HLA-V*01:01:01:01	HLA-W*03:01:01:new		MICA*008:01:01	MICB*008:01:new	TAP1*01:01:01:new	TAP2*01:new
APR	apr021#1	NA;NA				HLA-A*26:01:01:01	HLA-B*38:01:01:01	HLA-C*12:03:01:01	HLA-DMA*01:01:01:02	HLA-DMB*01:03:01:17	HLA-DOA*01:01:04:01	HLA-DOB*01:01:01:03	HLA-DPA1*01:03:01:04	HLA-DPA2*01:01:01:01	HLA-DPB1*04:01:01:new	HLA-DPB2*03:01:01:new	HLA-DQA1*05:05:01:new	HLA-DQA2*01:01:04:new	HLA-DQB1*03:01:01:03	HLA-DQB2*01:07:01:new	HLA-DRA*01:01:01:07	HLA-DRB1*11:01:01:01	HLA-DRB3*02:02:01:new			HLA-E*01:03:01:01	HLA-F*01:01:01:08	HLA-G*01:01:02:01	HLA-H*01:02:01:02	HLA-J*01:01:01:08	HLA-K*01:01:01:03	HLA-L*01:03	HLA-N*01:01:01:03	HLA-P*01:01:01:02	HLA-S*01:02:01:03	HLA-T*01:01:01:new	HLA-U*01:new	HLA-V*01:01:01:new	HLA-W*01:01:01:new		MICA*002:01:01	MICB*002:01:new	TAP1*02:01:01:new	TAP2*01:04:01:new
APR	apr021#2	NA	NA	NA		HLA-A*01:01:01:01	HLA-B*51:01:01:new	HLA-C*15:02:01:01	HLA-DMA*01:01:01:01	HLA-DMB*01:01:01:new	HLA-DOA*01:01:02:40	HLA-DOB*01:01:01:24	HLA-DPA1*02:01:01:02	HLA-DPA2*01:new	HLA-DPB1*14:01:01:new	HLA-DPB2*01:new	HLA-DQA1*05:01:01:03	HLA-DQA2*01:01:02:new	HLA-DQB1*02:01:01:01	HLA-DQB2*01:01:01:new	HLA-DRA*01:01:01:07	HLA-DRB1*03:01:01:03	HLA-DRB3*02:02:01:new			HLA-E*01:01:01:01	HLA-F*01:01:01:09	HLA-G*01:06:01:01	HLA-H*02:01:01:01	HLA-J*01:01:01:02	HLA-K*01:new	HLA-L*01:01:01:01	HLA-N*01:01:01:03	HLA-P*01:01:01:01	HLA-S*01:02:01:03	HLA-T*01:01:01:01	HLA-U*01:01:01:01	HLA-V*01:01:01:02	HLA-W*01:01:01:06		MICA*008:01:02	MICB*005:02:new	TAP1*03:01:00:new	TAP2*02:01:02:new
APR	apr022#1	NA			NA	HLA-A*01:01:01:01	HLA-B*40:06:01:13	HLA-C*15:02:01:01	HLA-DMA*01:02:01:01	HLA-DMB*01:01:01:11	HLA-DOA*01:01:02:45	HLA-DOB*01:01:01:28	HLA-DPA1*02:01:01:02	HLA-DPA2*01:new	HLA-DPB1*14:01:01:new	HLA-DPB2*01:new	HLA-DQA1*01:02:02:01	HLA-DQA2*01:01:02:03	HLA-DQB1*05:02:01:12	HLA-DQB2*01:01:01:new	HLA-DRA*01:01:01:12	HLA-DRB1*16:75:00:new			HLA-DRB5*02:02:01:new	HLA-E*01:01:01:01	HLA-F*01:01:01:09	HLA-G*01:06:01:01	HLA-H*02:01:01:01	HLA-J*01:01:01:02	HLA-K*01:01:01:02	HLA-L*01:01:01:01	HLA-N*01:01:01:03	HLA-P*01:01:01:01	HLA-S*01:02:01:03	HLA-T*01:01:01:01	HLA-U*01:01:01:01	HLA-V*01:01:01:02	HLA-W*01:01:01:06		MICA*027:01:02	MICB*005:03:new	TAP1*01:01:01:02	TAP2*01:01:07:05
APR	apr022#2		NA	NA	NA	HLA-A*02:01:01:08	HLA-B*35:01:01:80	HLA-C*03:03:01:01	HLA-DMA*01:01:01:02	HLA-DMB*01:03:01:new	HLA-DOA*01:01:02:30	HLA-DOB*01:01:01:new	HLA-DPA1*01:03:01:31	HLA-DPA2*01:01:01:new	HLA-DPB1*02:01:02:37	HLA-DPB2*03:01:01:new	HLA-DQA1*05:01:01:03	HLA-DQA2*01:01:04:new	HLA-DQB1*02:01:01:01	HLA-DQB2*01:new	HLA-DRA*01:01:01:01	HLA-DRB1*03:01:01:03	HLA-DRB3*02:02:01:new			HLA-E*01:01:01:01	HLA-F*01:01:01:08	HLA-G*01:01:01:16	HLA-H*01:01:01:01	HLA-J*01:01:01:17	HLA-K*01:02	HLA-L*01:01:01:02	HLA-N*01:01:01:01	HLA-P*02:01:01:01	HLA-S*01:02:01:01	HLA-T*01:01:01:02	HLA-U*01:03:00:new	HLA-V*01:01:01:01	HLA-W*03:01:01:01		MICA*012:01:01	MICB*005:02:new	TAP1*02:01:01:new	TAP2*01:01:03:12
APR	apr023#1		NA	NA		HLA-A*66:01:01:01	HLA-B*58:02:01:new	HLA-C*04:339:02:new	HLA-DMA*01:01:01:15	HLA-DMB*01:03:01:new	HLA-DOA*01:01:02:08	HLA-DOB*01:01:01:01	HLA-DPA1*01:03:01:33	HLA-DPA2*01:01:01:new	HLA-DPB1*02:01:02:26	HLA-DPB2*01:new	HLA-DQA1*01:02:01:03	HLA-DQA2*01:01:01:04	HLA-DQB1*06:02:01:01	HLA-DQB2*01:02:01:01	HLA-DRA*01:01:01:02	HLA-DRB1*15:03:01:new			HLA-DRB5*01:01:01:new	HLA-E*01:01:01:01	HLA-F*01:01:01:08	HLA-G*01:01:02:02	HLA-H*01:02:01:01	HLA-J*01:01:01:16	HLA-K*01:01:new	HLA-L*01:01:01:new	HLA-N*01:01:01:01	HLA-P*01:01:01:new	HLA-S*01:02:01:01	HLA-T*01:01:01:new	HLA-U*01:new	HLA-V*01:01:01:03	HLA-W*01:01:01:new		MICA*002:01:07	MICB*005:02:new	TAP1*02:01:01:new	TAP2*01:03:03
APR	apr023#2	NA				HLA-A*23:17:01:01	HLA-B*15:220:01:01	HLA-C*04:01:01:new	HLA-DMA*01:01:01:07	HLA-DMB*01:01:01:new	HLA-DOA*01:01:02:30	HLA-DOB*01:04:01:new	HLA-DPA1*01:58:01:01	HLA-DPA2*01:01:01:new	HLA-DPB1*04:01:01:new	HLA-DPB2*03:01:01:new	HLA-DQA1*03:03:01:01	HLA-DQA2*01:10:00:new	HLA-DQB1*02:02:01:02	HLA-DQB2*01:01:01:04	HLA-DRA*01:02:02:12	HLA-DRB1*08:04:01:new				HLA-E*01:03:01:new	HLA-F*01:01:01:08	HLA-G*01:01:02:01		HLA-J*01:01:01:05		HLA-L*01:01:02:new	HLA-N*01:01:01:01	HLA-P*01:01:01:02	HLA-S*01:02:new			HLA-V*01:01:01:03	HLA-W*01:new		MICA*002:01:07	MICB*005:02:new	TAP1*01:01:01:new	TAP2*01:01:03:new
APR	apr024#1	NA		NA		HLA-A*01:01:01:01	HLA-B*41:01:01:01	HLA-C*16:02:01:01	HLA-DMA*01:01:01:01	HLA-DMB*01:01:01:01	HLA-DOA*01:01:02:02	HLA-DOB*01:01:03:09	HLA-DPA1*02:06	HLA-DPA2*01:new	HLA-DPB1*05:01:01:01	HLA-DPB2*03:02:00:new	HLA-DQA1*01:02:02:01	HLA-DQA2*01:03	HLA-DQB1*05:02:01:01	HLA-DQB2*01:01:01:09	HLA-DRA*01:02:03:01	HLA-DRB1*15:01:01:03			HLA-DRB5*01:01:01:new	HLA-E*01:01:01:01	HLA-F*01:01:01:09	HLA-G*01:06:01:01	HLA-H*02:01:01:01	HLA-J*01:01:01:02	HLA-K*01:01:01:02	HLA-L*01:01:01:01	HLA-N*01:01:01:03	HLA-P*01:01:01:01	HLA-S*01:03	HLA-T*01:01:01:01	HLA-U*01:01:01:01	HLA-V*01:01:01:02	HLA-W*01:01:01:06			MICB*005:02:new	TAP1*01:01:01:01	TAP2*01:01:07:01
APR	apr024#2	NA		NA		HLA-A*11:01:01:01	HLA-B*51:01:01:01	HLA-C*07:02:01:01	HLA-DMA*01:01:01:01	HLA-DMB*01:new	HLA-DOA*01:01:01:new	HLA-DOB*01:01:01:26	HLA-DPA1*02:02:02:01	HLA-DPA2*01:new	HLA-DPB1*13:01:01:12	HLA-DPB2*01:01:01:new	HLA-DQA1*01:02:02:01	HLA-DQA2*01:01:02:01	HLA-DQB1*05:02:01:01	HLA-DQB2*01:01:01:01	HLA-DRA*01:01:01:12	HLA-DRB1*16:02:01:03			HLA-DRB5*02:02:01:new	HLA-E*01:03:02:01	HLA-F*01:01:02:09	HLA-G*01:01:03:03	HLA-H*02:07:01:01	HLA-J*01:01:01:04	HLA-K*01:new	HLA-L*01:new	HLA-N*01:01:01:01	HLA-P*02:new	HLA-S*01:02:01:03	HLA-T*03:01:01:new	HLA-U*01:05:00:new	HLA-V*01:new	HLA-W*01:new		MICA*008:04:new	MICB*005:02:new	TAP1*05:new	TAP2*02:new
APR	apr025#1	NA			NA	HLA-A*03:02:01:01	HLA-B*07:05:01:01	HLA-C*15:05:02:01	HLA-DMA*01:01:01:new	HLA-DMB*01:02:01:01	HLA-DOA*01:01:02:45	HLA-DOB*01:01:01:28	HLA-DPA1*01:03:04	HLA-DPA2*02:01:01:01	HLA-DPB1*02:01:02:01	HLA-DPB2*01:01:02	HLA-DQA1*01:05:01:01	HLA-DQA2*01:01:02:09	HLA-DQB1*05:01:01:02	HLA-DQB2*01:07:01:new	HLA-DRA*01:01:01:11	HLA-DRB1*10:01:01:03				HLA-E*01:01:01:01	HLA-F*01:03:01:01	HLA-G*01:01:01:05	HLA-H*02:04:01	HLA-J*01:01:01:04	HLA-K*01:01:01:01	HLA-L*01:01:01:01	HLA-N*01:01:01:01	HLA-P*02:01:01:02	HLA-S*01:01:01:02	HLA-T*03:01:01:01	HLA-U*01:04	HLA-V*01:01:01:01	HLA-W*01:01:01:05		MICA*008:02	MICB*008:01:new	TAP1*02:01:01:new	TAP2*01:05:01:03
APR	apr025#2	NA			NA	HLA-A*34:02:01:01	HLA-B*44:03:01:19	HLA-C*04:01:01:14	HLA-DMA*01:01:01:01	HLA-DMB*01:01:01:new	HLA-DOA*01:01:02:new	HLA-DOB*01:01:01:01	HLA-DPA1*01:04:01	HLA-DPA2*01:new	HLA-DPB1*15:01:01:01	HLA-DPB2*01:new	HLA-DQA1*03:03:01:01	HLA-DQA2*01:04:02:new	HLA-DQB1*02:02:01:02	HLA-DQB2*01:01:01:new	HLA-DRA*01:01:01:02	HLA-DRB1*07:01:01:new		HLA-DRB4*01:01:01:new		HLA-E*01:01:01:52	HLA-F*01:02:01:02	HLA-G*01:01:09:new	HLA-H*02:11:01:01	HLA-J*01:01:01:04	HLA-K*01:new	HLA-L*01:01:new	HLA-N*01:01:01:01	HLA-P*02:new	HLA-S*01:01:01:01	HLA-T*01:01:01:new	HLA-U*01:03:00:new	HLA-V*01:01:01:01	HLA-W*01:new		MICA*004:01:01	MICB*005:02:new	TAP1*01:01:01:new	TAP2*01:01:03:new
APR	apr026#1	NA			NA	HLA-A*30:01:01:01	HLA-B*13:02:01:01	HLA-C*06:02:01:01	HLA-DMA*01:01:01:04	HLA-DMB*01:01:01:01	HLA-DOA*01:01:01:01	HLA-DOB*01:01:01:24	HLA-DPA1*02:01:01:02	HLA-DPA2*01:new	HLA-DPB1*14:01:01:07	HLA-DPB2*01:new	HLA-DQA1*02:01:01:01	HLA-DQA2*01:01:02:06	HLA-DQB1*02:02:01:01	HLA-DQB2*01:01:01:13	HLA-DRA*01:01:01:24	HLA-DRB1*07:01:01:01		HLA-DRB4*01:03:01:04		HLA-E*01:01:01:01	HLA-F*01:01:01:09	HLA-G*01:05:01N	HLA-H*02:05:01:03	HLA-J*01:01:01:10	HLA-K*01:new	HLA-L*01:new	HLA-N*01:01:01:01	HLA-P*01:01:01:01	HLA-S*01:01:01:02	HLA-T*01:01:01:new	HLA-U*01:new	HLA-V*01:01:01:new	HLA-W*03:new	HLA-Y*02:01	MICA*008:01:03	MICB*005:02:new	TAP1*01:01:01:new	TAP2*02:01:01:new
APR	apr026#2	NA				HLA-A*68:01:01:02	HLA-B*35:03:01:01	HLA-C*04:01:01:14	HLA-DMA*01:02:01:01	HLA-DMB*01:01:01:11	HLA-DOA*01:01:01:01	HLA-DOB*01:04:01:new	HLA-DPA1*02:02:02:01	HLA-DPA2*01:01:02:new	HLA-DPB1*03:01:01:02	HLA-DPB2*03:01:01:new	HLA-DQA1*03:03:01:01	HLA-DQA2*01:04:01:new	HLA-DQB1*03:02:01:01	HLA-DQB2*01:01:01:04	HLA-DRA*01:01:01:24	HLA-DRB1*04:05:01:new		HLA-DRB4*01:03:01:new		HLA-E*01:01:01:01	HLA-F*01:01:01:new	HLA-G*01:01:02:01	HLA-H*02:05:01:01	HLA-J*01:new	HLA-K*01:new	HLA-L*01:01:02:new	HLA-N*01:01:01:01	HLA-P*01:02	HLA-S*01:02:new	HLA-T*01:01:01:new	HLA-U*01:new	HLA-V*01:01:01:03	HLA-W*05:new		MICA*002:01:03	MICB*005:02:new	TAP1*02:01:01:new	TAP2*01:01:03:new
APR	apr027#1		NA	NA	NA	HLA-A*02:01:01:01	HLA-B*14:02:01:01	HLA-C*08:02:01:01	HLA-DMA*01:01:01:02	HLA-DMB*01:03:01:new	HLA-DOA*01:01:02:15	HLA-DOB*01:01:03:09	HLA-DPA1*01:03:01:01	HLA-DPA2*02:01:01:new	HLA-DPB1*02:01:02:04	HLA-DPB2*01:01:02	HLA-DQA1*02:01:01:01	HLA-DQA2*01:01:01:new		HLA-DQB2*01:02:02:01	HLA-DRA*01:01:01:03	HLA-DRB1*07:01:01:01		HLA-DRB4*01:03:01:04		HLA-E*01:01:01:01	HLA-F*01:01:01:01	HLA-G*01:01:01:01	HLA-H*01:01:01:01	HLA-J*01:01:01:05	HLA-K*01:02	HLA-L*01:01:01:01	HLA-N*01:01:01:01	HLA-P*02:01:01:01	HLA-S*01:02:01:03	HLA-T*01:01:01:05	HLA-U*01:03:00:new	HLA-V*01:01:01:01	HLA-W*03:01:01:01		MICA*011:01:04Q:new	MICB*005:06:new	TAP1*01:01:01:01	TAP2*01:01:07:01
APR	apr027#2	NA			NA;NA	HLA-A*33:03:01:01	HLA-B*50:01:01:01	HLA-C*06:02:01:02	HLA-DMA*01:02:01:05	HLA-DMB*01:01:01:38	HLA-DOA*01:01:02:26	HLA-DOB*01:01:01:05	HLA-DPA1*01:03:01:02	HLA-DPA2*01:01:01:new	HLA-DPB1*04:01:01:49	HLA-DPB2*03:new	HLA-DQA1*01:01:02:01	HLA-DQA2*01:01:04:02	HLA-DQB1*05:01:01:01	HLA-DQB2*01:01:01:06	HLA-DRA*01:01:01:13	HLA-DRB1*01:126:00:new				HLA-E*01:01:01:01	HLA-F*01:01:02:10	HLA-G*01:04:01:new	HLA-H*02:08:01:01	HLA-J*01:01:01:13	HLA-K*01:04	HLA-L*01:01:01:01	HLA-N*01:01:01:01	HLA-P*new	HLA-S*01:01:01:01	HLA-T*03:01:01:02	HLA-U*01:06:00:new	HLA-V*01:new	HLA-W*01:new	HLA-Y*02:01:00:new	MICA*009:02:01	MICB*005:02:new	TAP1*04:01:00:new	TAP2*02:02
APR	apr029#1	NA			NA	HLA-A*68:01:01:02	HLA-B*38:01:01:01	HLA-C*12:03:01:01	HLA-DMA*01:02:01:01	HLA-DMB*01:01:01:38	HLA-DOA*01:01:02:45	HLA-DOB*01:01:01:24	HLA-DPA1*02:01:01:03	HLA-DPA2*01:01:new	HLA-DPB1*17:01:01:01	HLA-DPB2*01:new	HLA-DQA1*02:01:01:02	HLA-DQA2*01:01:02:02	HLA-DQB1*02:02:01:01	HLA-DQB2*01:01:01:new	HLA-DRA*01:01:01:03	HLA-DRB1*07:01:01:01		HLA-DRB4*01:03:01:04		HLA-E*01:03:01:01	HLA-F*01:01:01:new	HLA-G*01:01:02:01	HLA-H*02:05:01:01	HLA-J*01:new	HLA-K*01:new	HLA-L*01:01:02:new	HLA-N*01:01:01:01	HLA-P*01:02	HLA-S*01:02:01:03	HLA-T*01:01:01:new	HLA-U*01:new	HLA-V*01:01:01:03	HLA-W*05:new		MICA*002:01:13Q:new	MICB*002:01:new	TAP1*01:01:01:05	TAP2*02:01:03:06
APR	apr029#2	NA			NA	HLA-A*68:01:01:02	HLA-B*08:01:01:02	HLA-C*07:02:01:01	HLA-DMA*01:01:01:01	HLA-DMB*01:01:01:41	HLA-DOA*01:01:05	HLA-DOB*01:01:01:new	HLA-DPA1*01:03:01:02	HLA-DPA2*01:01:01:new	HLA-DPB1*04:01:01:12	HLA-DPB2*01:01:01:new	HLA-DQA1*05:01:01:03	HLA-DQA2*01:01:04:new	HLA-DQB1*02:01:01:01	HLA-DQB2*01:new	HLA-DRA*01:01:01:01	HLA-DRB1*03:01:01:03	HLA-DRB3*02:02:01:new			HLA-E*01:01:01:01	HLA-F*01:01:01:new	HLA-G*01:01:02:01	HLA-H*02:05:01:01	HLA-J*01:new	HLA-K*01:new	HLA-L*01:01:02:new	HLA-N*01:01:01:01	HLA-P*01:02	HLA-S*01:02:01:01	HLA-T*01:01:01:new	HLA-U*01:new	HLA-V*01:01:01:03	HLA-W*05:new		MICA*008:01:07	MICB*002:01:new	TAP1*01:01:01:new	TAP2*01:01:03:new
APR	apr030#1	NA				HLA-A*24:02:01:01	HLA-B*40:06:01:13	HLA-C*15:02:01:01	HLA-DMA*01:01:01:02	HLA-DMB*01:03:01:17	HLA-DOA*01:01:02:22	HLA-DOB*01:01:03:09	HLA-DPA1*02:01:01:06	HLA-DPA2*01:new	HLA-DPB1*13:01:01:01	HLA-DPB2*01:new	HLA-DQA1*01:02:02:01	HLA-DQA2*01:03	HLA-DQB1*05:02:01:01	HLA-DQB2*01:01:01:09	HLA-DRA*01:01:01:07	HLA-DRB1*11:01:01:new	HLA-DRB3*02:02:01:new			HLA-E*01:01:01:01	HLA-F*01:01:02:09	HLA-G*01:01:01:01		HLA-J*01:01:01:02		HLA-L*01:01:01:01	HLA-N*01:01:01:01	HLA-P*02:01:01:01	HLA-S*01:02:01:03			HLA-V*01:01:01:01	HLA-W*01:new		MICA*027:01:02	MICB*005:03:new	TAP1*01:01:01:01	TAP2*01:01:03:new
APR	apr030#2	NA			NA	HLA-A*29:02:01:01	HLA-B*40:06:01:13	HLA-C*15:02:01:01	HLA-DMA*01:02:01:01	HLA-DMB*01:01:01:02	HLA-DOA*01:01:02:38	HLA-DOB*01:01:01:04	HLA-DPA1*01:03:01:31	HLA-DPA2*01:01:01:new	HLA-DPB1*02:01:02:28	HLA-DPB2*03:01:01:new	HLA-DQA1*01:05:01:01	HLA-DQA2*01:01:01:01	HLA-DQB1*05:01:01:05	HLA-DQB2*01:new	HLA-DRA*01:01:01:11	HLA-DRB1*10:01:01:new				HLA-E*01:01:01:01	HLA-F*01:01:01:08	HLA-G*01:01:01:04	HLA-H*02:02:01:01	HLA-J*01:01:01:01	HLA-K*01:03	HLA-L*01:01:02:new	HLA-N*01:01:01:01	HLA-P*02:01:01:01	HLA-S*01:02:01:03	HLA-T*02:01:01:new	HLA-U*01:01:01:02	HLA-V*01:01:01:01	HLA-W*02:01		MICA*027:01:02	MICB*005:03:new	TAP1*01:01:01:new	TAP2*02:01:02:06
APR	apr031#1	NA			NA	HLA-A*30:01:01:01	HLA-B*13:02:01:01	HLA-C*06:02:01:01	HLA-DMA*01:01:01:01	HLA-DMB*01:01:01:01	HLA-DOA*01:01:02:14	HLA-DOB*01:04:03:new	HLA-DPA1*01:03:01:34	HLA-DPA2*01:01:01:03	HLA-DPB1*04:02:01:new	HLA-DPB2*03:01:01:new	HLA-DQA1*01:01:01:01	HLA-DQA2*01:01:01:05	HLA-DQB1*05:01:01:new	HLA-DQB2*01:02:02:new	HLA-DRA*01:01:01:05	HLA-DRB1*01:01:01:new				HLA-E*01:01:01:01	HLA-F*01:01:01:09	HLA-G*01:05:01N	HLA-H*02:05:01:03	HLA-J*01:01:01:10	HLA-K*01:new	HLA-L*01:new	HLA-N*01:01:01:01	HLA-P*01:01:01:01	HLA-S*01:01:01:02	HLA-T*01:01:01:new	HLA-U*01:new	HLA-V*01:01:01:new	HLA-W*03:new	HLA-Y*02:01	MICA*008:01:03	MICB*005:02:new	TAP1*01:01:01:new	TAP2*01:01:05:new
APR	apr031#2	NA;NA				HLA-A*24:02:01:01	HLA-B*13:01:01:new	HLA-C*04:03:01:01	HLA-DMA*01:01:01:04	HLA-DMB*01:01:01:01	HLA-DOA*01:01:02:45	HLA-DOB*01:01:01:24	HLA-DPA1*02:01:01:02	HLA-DPA2*01:new	HLA-DPB1*14:01:01:01	HLA-DPB2*01:new	HLA-DQA1*01:02:02:01	HLA-DQA2*01:01:02:01	HLA-DQB1*05:02:01:01	HLA-DQB2*01:01:01:new	HLA-DRA*01:01:01:12	HLA-DRB1*16:02:01:03			HLA-DRB5*02:02:01:new	HLA-E*01:01:01:01	HLA-F*01:04:01:02	HLA-G*01:04:01:01		HLA-J*01:01:01:02		HLA-L*01:03	HLA-N*01:01:01:01	HLA-P*02:01:01:new	HLA-S*01:new			HLA-V*01:01:01:04	HLA-W*01:new		MICA*045:01:new	MICB*005:02:new	TAP1*02:01:01:new	TAP2*02:01:03:new
APR	apr032#1	NA			NA	HLA-A*02:01:01:01	HLA-B*44:05:01:01	HLA-C*02:02:02:01	HLA-DMA*01:02:01:01	HLA-DMB*01:01:01:02	HLA-DOA*01:01:02:06	HLA-DOB*01:05	HLA-DPA1*01:03:01:12	HLA-DPA2*01:new	HLA-DPB1*104:01:01:03	HLA-DPB2*03:01:01:new	HLA-DQA1*02:01:01:01	HLA-DQA2*01:01:02:01	HLA-DQB1*03:03:02:01	HLA-DQB2*01:01:01:01	HLA-DRA*01:01:01:02	HLA-DRB1*07:01:01:02		HLA-DRB4*01:01:01:01		HLA-E*01:01:01:01	HLA-F*01:01:01:08	HLA-G*01:01:01:01	HLA-H*01:01:01:01	HLA-J*01:01:01:17	HLA-K*01:02	HLA-L*01:01:01:02	HLA-N*01:01:01:01	HLA-P*02:01:01:01	HLA-S*01:02:01:03	HLA-T*01:01:01:new	HLA-U*01:03:00:new	HLA-V*01:01:01:01	HLA-W*03:01:01:new		MICA*008:01:02	MICB*005:02:new	TAP1*03:01:00:new	TAP2*02:new
APR	apr032#2		NA	NA	NA	HLA-A*03:01:01:01	HLA-B*50:01:01:01	HLA-C*06:02:01:02	HLA-DMA*01:01:01:02	HLA-DMB*01:01:01:new	HLA-DOA*01:01:04:01	HLA-DOB*01:01:01:04	HLA-DPA1*01:03:01:04	HLA-DPA2*01:01:01:01	HLA-DPB1*04:01:01:04	HLA-DPB2*03:01:01:03	HLA-DQA1*02:01:01:01	HLA-DQA2*01:01:01:new	HLA-DQB1*02:02:01:01	HLA-DQB2*01:02:02:01	HLA-DRA*01:01:01:03	HLA-DRB1*07:01:01:new		HLA-DRB4*01:03:01:04		HLA-E*01:01:01:01	HLA-F*01:03:01:01	HLA-G*01:01:01:05	HLA-H*02:04:01	HLA-J*01:01:01:04	HLA-K*01:01:01:01	HLA-L*01:01:01:02	HLA-N*01:01:01:01	HLA-P*02:01:01:02	HLA-S*01:01:01:01	HLA-T*03:01:01:01	HLA-U*01:04	HLA-V*01:01:01:01	HLA-W*01:01:01:05		MICA*009:02:01	MICB*005:06:new	TAP1*01:01:01:new	TAP2*02:01:02:05
APR	apr033#1	NA			NA	HLA-A*30:01:01:01	HLA-B*42:02:01:02	HLA-C*17:01:01:02	HLA-DMA*01:01:01:new	HLA-DMB*01:01:01:12	HLA-DOA*01:01:05	HLA-DOB*01:01:01:05	HLA-DPA1*02:01:07	HLA-DPA2*01:new	HLA-DPB1*13:01:01:new	HLA-DPB2*03:new	HLA-DQA1*01:05:01:01	HLA-DQA2*01:01:02:new	HLA-DQB1*05:01:01:02	HLA-DQB2*01:01:01:new	HLA-DRA*01:02:02:08	HLA-DRB1*12:01:01:01	HLA-DRB3*01:01:02:new			HLA-E*01:01:01:01	HLA-F*01:01:01:09	HLA-G*01:05:01N	HLA-H*02:05:01:03	HLA-J*01:01:01:10	HLA-K*01:new	HLA-L*01:new	HLA-N*01:01:01:01	HLA-P*01:01:01:01	HLA-S*01:03	HLA-T*01:01:01:new	HLA-U*01:new	HLA-V*01:01:01:new	HLA-W*03:new	HLA-Y*02:01	MICA*004:01:03	MICB*002:01:new	TAP1*01:01:01:new	TAP2*02:02:00:new
APR	apr033#2	NA			NA	HLA-A*23:01:01:01	HLA-B*44:03:01:19	HLA-C*04:01:01:14	HLA-DMA*01:01:01:04	HLA-DMB*01:01:01:01	HLA-DOA*01:01:02:45	HLA-DOB*01:02:01:01	HLA-DPA1*02:01:01:02	HLA-DPA2*01:new	HLA-DPB1*09:01:01:01	HLA-DPB2*01:new	HLA-DQA1*01:01:01:01	HLA-DQA2*01:01:04:01	HLA-DQB1*05:01:01:03	HLA-DQB2*01:07:01:04	HLA-DRA*01:01:01:05	HLA-DRB1*01:01:01:01				HLA-E*01:01:01:01	HLA-F*01:03:01:03	HLA-G*01:04:04:01		HLA-J*01:01:01:15		HLA-L*01:01:01:01	HLA-N*01:01:01:03	HLA-P*new	HLA-S*01:01:01:01			HLA-V*01:new	HLA-W*01:new		MICA*004:01:01	MICB*005:02:new	TAP1*01:01:01:03	TAP2*01:01:05:02
APR	apr034#1	NA				HLA-A*02:01:01:01	HLA-B*51:01:01:06	HLA-C*15:02:01:01	HLA-DMA*01:01:01:02	HLA-DMB*01:01:01:26	HLA-DOA*01:01:01:01	HLA-DOB*01:01:03:09	HLA-DPA1*01:03:01:01	HLA-DPA2*01:01:01:01	HLA-DPB1*02:01:02:new	HLA-DPB2*03:01:01:new	HLA-DQA1*01:01:01:01	HLA-DQA2*01:03	HLA-DQB1*05:01:01:03	HLA-DQB2*01:01:01:02	HLA-DRA*01:01:01:05	HLA-DRB1*01:08:00:new				HLA-E*01:01:01:01	HLA-F*01:01:01:new	HLA-G*01:01:01:01	HLA-H*01:01:01:01	HLA-J*01:01:01:17	HLA-K*01:02	HLA-L*01:01:01:02	HLA-N*01:01:01:01	HLA-P*02:01:01:01	HLA-S*01:02:01:03	HLA-T*01:01:01:02	HLA-U*01:03:00:new	HLA-V*01:01:01:01	HLA-W*03:01:01:01		MICA*009:01:01	MICB*002:01:new	TAP1*01:01:01:new	TAP2*01:01:03:new
APR	apr034#2	NA		NA		HLA-A*32:01:01:01	HLA-B*35:02:01:02	HLA-C*04:01:01:06	HLA-DMA*01:01:01:01	HLA-DMB*01:01:01:new	HLA-DOA*01:01:01:01	HLA-DOB*01:01:01:28	HLA-DPA1*01:03:01:01	HLA-DPA2*02:01:01:01	HLA-DPB1*02:01:02:01	HLA-DPB2*01:01:02	HLA-DQA1*05:05:01:02	HLA-DQA2*01:01:02:06	HLA-DQB1*03:01:01:02	HLA-DQB2*01:01:01:13	HLA-DRA*01:01:01:12	HLA-DRB1*11:04:01:new	HLA-DRB3*02:02:01:new			HLA-E*01:01:01:01	HLA-F*01:01:02:10	HLA-G*01:01:22:01	HLA-H*02:03:02	HLA-J*01:01:01:06	HLA-K*01:01:01:04	HLA-L*01:01:02:new	HLA-N*01:01:01:01	HLA-P*02:01:01:02	HLA-S*01:02:new	HLA-T*02:01:01:new	HLA-U*01:02	HLA-V*01:01:01:01	HLA-W*04:01:00:new		MICA*016:01:01	MICB*005:01:02	TAP1*01:01:01:02	TAP2*01:01:03:new
APR	apr035#1	NA		NA		HLA-A*11:01:01:01	HLA-B*55:01:01:01	HLA-C*01:02:01:01	HLA-DMA*01:02:01:01	HLA-DMB*01:01:01:02	HLA-DOA*01:02:01:02	HLA-DOB*01:01:01:new	HLA-DPA1*02:01:01:02	HLA-DPA2*01:new	HLA-DPB1*14:01:01:01	HLA-DPB2*01:new	HLA-DQA1*01:03:01:02	HLA-DQA2*01:01:01:new	HLA-DQB1*06:03:01:01	HLA-DQB2*01:02:02:01	HLA-DRA*01:01:01:03	HLA-DRB1*13:01:01:new	HLA-DRB3*02:02:01:new			HLA-E*01:01:01:01	HLA-F*01:01:02:09	HLA-G*01:01:03:03	HLA-H*02:07:01:01	HLA-J*01:01:01:04	HLA-K*01:new	HLA-L*01:03	HLA-N*01:01:01:01	HLA-P*02:new	HLA-S*01:02:01:01	HLA-T*03:01:01:new	HLA-U*01:05:00:new	HLA-V*01:new	HLA-W*01:new		MICA*012:01:01	MICB*005:02:new	TAP1*01:01:01:new	TAP2*01:02:01:new
APR	apr035#2	NA		NA		HLA-A*30:02:01:02	HLA-B*45:01:01:03	HLA-C*16:01:01:02	HLA-DMA*01:01:01:13	HLA-DMB*01:03:01:03	HLA-DOA*01:01:04:03	HLA-DOB*01:04:02:new	HLA-DPA1*02:01:08:03	HLA-DPA2*01:new	HLA-DPB1*01:01:01:01	HLA-DPB2*03:01:01:new	HLA-DQA1*05:01:01:02	HLA-DQA2*01:01:01:new	HLA-DQB1*02:01:01:01	HLA-DQB2*01:02:04:new	HLA-DRA*01:02:02:new	HLA-DRB1*03:01:01:new	HLA-DRB3*02:02:01:new			HLA-E*01:01:01:01	HLA-F*01:01:01:09	HLA-G*01:01:01:15	HLA-H*01:04	HLA-J*01:01:01:new	HLA-K*01:new	HLA-L*01:01:new	HLA-N*01:01:01:01	HLA-P*02:01:01:01	HLA-S*01:01:01:01	HLA-T*01:01:01:02	HLA-U*01:new	HLA-V*01:01:01:01	HLA-W*03:new		MICA*015:new	MICB*002:01:new	TAP1*01:01:01:new	TAP2*01:01:03:new
APR	apr036#1	NA			NA	HLA-A*36:01:01:01	HLA-B*58:02:01:01	HLA-C*06:02:01:95	HLA-DMA*01:01:01:19	HLA-DMB*01:01:01:35	HLA-DOA*01:01:02:45	HLA-DOB*01:01:01:24	HLA-DPA1*01:03:01:01	HLA-DPA2*02:01:01:01	HLA-DPB1*02:01:02:17	HLA-DPB2*01:01:02	HLA-DQA1*05:05:01:35	HLA-DQA2*01:01:01:01	HLA-DQB1*03:01:01:16	HLA-DQB2*01:02:02:new	HLA-DRA*01:01:01:19	HLA-DRB1*11:02:01:new	HLA-DRB3*02:02:01:new			HLA-E*01:01:01:01	HLA-F*01:03:01:03	HLA-G*01:04:04:01	HLA-H*02:10:01:02	HLA-J*01:01:01:02	HLA-K*01:01:01:02	HLA-L*01:new	HLA-N*01:01:01:01	HLA-P*new	HLA-S*01:02:01:01	HLA-T*03:01:01:new	HLA-U*01:01:01:01	HLA-V*01:new	HLA-W*01:01:01:02		MICA*002:01:07	MICB*005:02:new	TAP1*01:01:01:new	TAP2*02:01:03:new
APR	apr036#2	NA			NA	HLA-A*34:02:01:01	HLA-B*81:01:01:01	HLA-C*08:04:01:new	HLA-DMA*01:01:01:07	HLA-DMB*01:01:01:43	HLA-DOA*01:01:04:03	HLA-DOB*01:01:01:01	HLA-DPA1*04:02:01:02	HLA-DPA2*01:new	HLA-DPB1*665:01:01	HLA-DPB2*03:01:01:new	HLA-DQA1*05:01:01:02	HLA-DQA2*01:01:02:new	HLA-DQB1*02:01:01:01	HLA-DQB2*01:01:01:new	HLA-DRA*01:02:02:new	HLA-DRB1*03:01:01:new	HLA-DRB3*02:02:01:new			HLA-E*01:03:01:11	HLA-F*01:03:01:03	HLA-G*01:04:04:01	HLA-H*02:09	HLA-J*01:01:01:new	HLA-K*01:new	HLA-L*01:01:02	HLA-N*01:01:01:01	HLA-P*new	HLA-S*01:01:01:02	HLA-T*03:01:01:02	HLA-U*01:03:00:new	HLA-V*01:new	HLA-W*01:new		MICA*008:04:03	MICB*002:01:new	TAP1*01:01:01:new	TAP2*01:02:01:new
APR	apr037#1	NA;NA				HLA-A*26:01:01:01	HLA-B*55:01:01:01	HLA-C*01:02:01:01	HLA-DMA*01:02:01:09	HLA-DMB*01:01:01:11	HLA-DOA*01:01:02:20	HLA-DOB*01:01:01:24	HLA-DPA1*01:03:01:01	HLA-DPA2*02:01:01:new	HLA-DPB1*02:01:02:01	HLA-DPB2*01:01:02	HLA-DQA1*01:01:01:01	HLA-DQA2*01:01:02:new	HLA-DQB1*05:01:01:03	HLA-DQB2*01:01:01:new	HLA-DRA*01:01:01:05	HLA-DRB1*01:01:01:new				HLA-E*01:03:02:01	HLA-F*01:01:01:08	HLA-G*01:01:02:01	HLA-H*01:02:01:01	HLA-J*01:01:01:08	HLA-K*01:01:01:03	HLA-L*01:01:01:new	HLA-N*01:01:01:01	HLA-P*01:01:01:02	HLA-S*01:02:01:01	HLA-T*01:01:01:new	HLA-U*01:new	HLA-V*01:01:01:03	HLA-W*01:01:01:new		MICA*012:01:new	MICB*004:01:new	TAP1*01:01:01:02	TAP2*02:01:01:new
APR	apr037#2	NA		NA		HLA-A*32:01:01:01	HLA-B*35:01:01:05	HLA-C*04:01:01:11	HLA-DMA*01:02:01:01	HLA-DMB*01:01:01:02	HLA-DOA*01:01:02:45	HLA-DOB*01:01:01:01	HLA-DPA1*02:01:01:02	HLA-DPA2*01:new	HLA-DPB1*09:01:01:new	HLA-DPB2*01:new	HLA-DQA1*01:02:01:new	HLA-DQA2*01:01:01:new	HLA-DQB1*06:02:01:new	HLA-DQB2*01:02:01:01	HLA-DRA*01:02:03:01	HLA-DRB1*15:01:01:03			HLA-DRB5*01:01:01:new	HLA-E*01:01:01:01	HLA-F*01:01:02:10	HLA-G*01:01:22:01	HLA-H*02:03:02	HLA-J*01:01:01:12	HLA-K*01:01:01:04	HLA-L*01:01:01:01	HLA-N*01:01:01:01	HLA-P*02:01:new	HLA-S*01:02:new	HLA-T*02:01:01:02	HLA-U*01:02	HLA-V*01:01:01:01	HLA-W*04:new		MICA*002:01:13Q:new	MICB*005:02:new	TAP1*01:01:01:new	TAP2*01:01:07:06
APR	apr038#1	NA			NA	HLA-A*30:02:01:02	HLA-B*45:01:01:03	HLA-C*16:01:01:02	HLA-DMA*01:01:01:21	HLA-DMB*01:01:01:new	HLA-DOA*01:01:02:32	HLA-DOB*01:02:01:new	HLA-DPA1*02:85:00:new	HLA-DPA2*01:new	HLA-DPB1*01:01:01:02	HLA-DPB2*03:01:01:new	HLA-DQA1*01:01:02:01	HLA-DQA2*01:01:01:05	HLA-DQB1*05:01:01:01	HLA-DQB2*01:02:02:new	HLA-DRA*01:01:01:13	HLA-DRB1*14:new				HLA-E*01:01:01:01	HLA-F*01:01:01:09	HLA-G*01:01:01:new	HLA-H*01:04	HLA-J*01:01:01:new	HLA-K*01:new	HLA-L*01:01:new	HLA-N*01:01:01:01	HLA-P*02:01:01:01	HLA-S*01:01:01:01	HLA-T*01:01:01:02	HLA-U*01:new	HLA-V*01:01:01:01	HLA-W*03:new		MICA*015:01	MICB*002:01:new	TAP1*01:01:01:new	TAP2*02:04
APR	apr038#2	NA		NA		HLA-A*68:01:01:02	HLA-B*51:01:01:07	HLA-C*12:02:02:01	HLA-DMA*01:01:01:04	HLA-DMB*01:01:01:20	HLA-DOA*01:new	HLA-DOB*01:01:01:04	HLA-DPA1*02:01:01:new	HLA-DPA2*01:new	HLA-DPB1*14:01:01:01	HLA-DPB2*01:new	HLA-DQA1*01:03:01:02	HLA-DQA2*01:01:01:new	HLA-DQB1*06:03:01:01	HLA-DQB2*01:02:02:01	HLA-DRA*01:01:01:07	HLA-DRB1*13:01:01:new	HLA-DRB3*02:02:01:new			HLA-E*01:03:02:01	HLA-F*01:01:01:18	HLA-G*01:01:02:01	HLA-H*02:05:01:01	HLA-J*01:01:01:01	HLA-K*01:new	HLA-L*01:01:02:new	HLA-N*01:01:01:01	HLA-P*01:02	HLA-S*01:02:01:03	HLA-T*01:01:01:new	HLA-U*01:new	HLA-V*01:01:01:03	HLA-W*05:new		MICA*009:01:01	MICB*002:01:new	TAP1*01:01:01:new	TAP2*02:01:02:02
APR	apr039#1	NA		NA	NA	HLA-A*32:01:01:01	HLA-B*13:01:01:01	HLA-C*04:03:01:01	HLA-DMA*01:01:01:01	HLA-DMB*01:02:01:01	HLA-DOA*01:01:02:45	HLA-DOB*01:01:03:09	HLA-DPA1*01:03:01:new	HLA-DPA2*02:01:01:01	HLA-DPB1*02:01:02:01	HLA-DPB2*01:01:02	HLA-DQA1*01:02:02:new	HLA-DQA2*01:01:02:new	HLA-DQB1*05:02:01:01	HLA-DQB2*01:01:01:new	HLA-DRA*01:01:01:12	HLA-DRB1*16:02:01:new			HLA-DRB5*02:02:01:new	HLA-E*01:01:01:01	HLA-F*01:01:02:10	HLA-G*01:01:12	HLA-H*02:03:01	HLA-J*01:01:01:06	HLA-K*01:01:01:new	HLA-L*01:01:01:02	HLA-N*01:01:01:01	HLA-P*02:01:01:02	HLA-S*01:new	HLA-T*02:01:01:02	HLA-U*01:02	HLA-V*01:01:01:01	HLA-W*04:01		MICA*045:01:new	MICB*005:02:new	TAP1*01:01:01:02	TAP2*01:01:07:05
APR	apr039#2	NA			NA	HLA-A*33:01:01:01	HLA-B*50:01:01:02	HLA-C*04:01:01:14	HLA-DMA*01:01:01:01	HLA-DMB*01:01:01:01	HLA-DOA*01:01:02:08	HLA-DOB*01:01:01:04	HLA-DPA1*01:03:01:12	HLA-DPA2*01:new	HLA-DPB1*104:01:01:03	HLA-DPB2*03:01:01:new	HLA-DQA1*01:01:02:01	HLA-DQA2*01:03	HLA-DQB1*05:01:01:01	HLA-DQB2*01:01:01:02	HLA-DRA*01:01:01:13	HLA-DRB1*01:02:01:01				HLA-E*01:01:01:01	HLA-F*01:01:02:new	HLA-G*01:03:01:02	HLA-H*02:09	HLA-J*01:01:01:13	HLA-K*01:new	HLA-L*01:01:01:new	HLA-N*01:01:01:04	HLA-P*01:new	HLA-S*01:01:01:01	HLA-T*03:01:01:new	HLA-U*01:06:00:new	HLA-V*01:new	HLA-W*01:new	HLA-Y*02:01:00:new	MICA*009:02:03	MICB*002:01:new	TAP1*01:01:01:01	TAP2*02:01:02:02
APR	apr040#1				NA	HLA-A*02:06:01:01	HLA-B*15:02:01:01	HLA-C*08:01:01:01	HLA-DMA*01:01:01:01	HLA-DMB*01:03:01:new	HLA-DOA*01:01:02:new	HLA-DOB*01:01:01:01	HLA-DPA1*04:01:01:03		HLA-DPB1*296:01	HLA-DPB2*03:new	HLA-DQA1*01:02:01:03	HLA-DQA2*01:01:01:04	HLA-DQB1*06:01:01:01	HLA-DQB2*01:02:01:01	HLA-DRA*01:01:01:02	HLA-DRB1*15:01:01:02			HLA-DRB5*01:01:01:new	HLA-E*01:03:02:01	HLA-F*01:01:01:01	HLA-G*01:01:01:01	HLA-H*01:01:01:01	HLA-J*01:01:01:05	HLA-K*01:02	HLA-L*01:01:02:new	HLA-N*01:01:01:01	HLA-P*02:01:01:01	HLA-S*01:03	HLA-T*01:01:01:02	HLA-U*01:03:00:new	HLA-V*01:01:01:01	HLA-W*03:01:01:01		MICA*019:01:02	MICB*005:02:new	TAP1*01:01:01:03	TAP2*01:03:03:new
APR	apr040#2				NA	HLA-A*03:01:01:05	HLA-B*14:02:01:01	HLA-C*08:02:01:01	HLA-DMA*01:01:01:02	HLA-DMB*01:03:01:new	HLA-DOA*01:01:01:01	HLA-DOB*01:05	HLA-DPA1*01:03:01:01	HLA-DPA2*01:new	HLA-DPB1*30:01:01:01	HLA-DPB2*03:01:01:new	HLA-DQA1*01:02:02:01	HLA-DQA2*01:01:04:new	HLA-DQB1*06:03:01:16	HLA-DQB2*01:01:01:06	HLA-DRA*01:01:01:02	HLA-DRB1*15:03:01:new			HLA-DRB5*01:01:01:new	HLA-E*01:01:01:01	HLA-F*01:01:01:18	HLA-G*01:01:15:new	HLA-H*02:04:01	HLA-J*01:01:01:04	HLA-K*01:01:01:01	HLA-L*01:01:01:01	HLA-N*01:01:01:01	HLA-P*02:01:01:02	HLA-S*01:02:01:03	HLA-T*03:01:01:01	HLA-U*01:04	HLA-V*01:01:01:new	HLA-W*01:new		MICA*011:01:04Q:new	MICB*005:02:new	TAP1*01:01:01:03	TAP2*02:01:02:01
APR	apr041#1	NA			NA	HLA-A*01:01:01:01	HLA-B*57:01:01:01	HLA-C*06:02:01:01	HLA-DMA*01:02:01:01	HLA-DMB*01:01:01:new	HLA-DOA*01:01:02:45	HLA-DOB*01:01:01:26	HLA-DPA1*01:03:01:new	HLA-DPA2*02:01:01:01	HLA-DPB1*02:01:02:52	HLA-DPB2*01:01:02:new	HLA-DQA1*01:04:02:new	HLA-DQA2*01:01:04:01	HLA-DQB1*05:03:01:01	HLA-DQB2*01:04	HLA-DRA*01:01:01:01	HLA-DRB1*14:04:01:new	HLA-DRB3*02:02:01:new			HLA-E*01:01:01:01	HLA-F*01:01:01:09	HLA-G*01:06:01:01	HLA-H*02:01:01:new	HLA-J*01:01:01:02	HLA-K*01:01:01:02	HLA-L*01:01:01:01	HLA-N*01:01:01:03	HLA-P*02:new	HLA-S*01:02:01:01	HLA-T*01:01:01:01	HLA-U*01:01:01:01	HLA-V*01:01:01:02	HLA-W*01:01:01:06		MICA*017:01	MICB*003:01:02	TAP1*01:new	TAP2*02:new
APR	apr041#2		NA	NA		HLA-A*02:01:01:01	HLA-B*50:01:01:01	HLA-C*06:02:01:02	HLA-DMA*01:01:01:37	HLA-DMB*01:01:01:21	HLA-DOA*01:01:05	HLA-DOB*01:01:01:01	HLA-DPA1*01:03:01:02	HLA-DPA2*01:01:01:new	HLA-DPB1*04:01:01:12	HLA-DPB2*01:01:01:new	HLA-DQA1*01:02:01:01	HLA-DQA2*01:01:01:new	HLA-DQB1*06:02:01:01	HLA-DQB2*01:02:01:01	HLA-DRA*01:02:03:01	HLA-DRB1*15:01:01:03			HLA-DRB5*01:01:01:01	HLA-E*01:03:01:01	HLA-F*01:01:01:17	HLA-G*01:01:01:01	HLA-H*01:new	HLA-J*01:01:01:05	HLA-K*01:02	HLA-L*01:01:01:01	HLA-N*01:01:01:03	HLA-P*02:01:01:new	HLA-S*01:01:01:01	HLA-T*01:01:01:new	HLA-U*01:03:00:new	HLA-V*01:01:01:01	HLA-W*03:new		MICA*009:02:01	MICB*005:06:new	TAP1*01:01:01:new	TAP2*01:01:07:06
APR	apr042#1	NA		NA		HLA-A*24:02:01:01	HLA-B*35:01:01:05	HLA-C*04:01:01:06	HLA-DMA*01:01:01:01	HLA-DMB*01:02:01:01	HLA-DOA*01:01:01:01	HLA-DOB*01:01:01:new	HLA-DPA1*02:01:01:new	HLA-DPA2*01:new	HLA-DPB1*14:01:01:01	HLA-DPB2*01:new	HLA-DQA1*05:01:01:03	HLA-DQA2*01:01:04:new	HLA-DQB1*02:01:01:01	HLA-DQB2*01:new	HLA-DRA*01:02:02:08	HLA-DRB1*03:01:01:03	HLA-DRB3*01:01:02:new			HLA-E*01:03:02:01	HLA-F*01:01:01:08	HLA-G*01:01:02:01		HLA-J*01:01:01:02		HLA-L*01:03	HLA-N*01:01:01:01	HLA-P*01:02	HLA-S*01:02:new			HLA-V*01:01:01:03	HLA-W*01:new		MICA*016:01:01	MICB*005:01:02	TAP1*02:01:01:new	TAP2*01:01:03:12
APR	apr042#2	NA		NA		HLA-A*26:01:01:01	HLA-B*38:01:01:01	HLA-C*12:03:01:01	HLA-DMA*01:01:01:02	HLA-DMB*01:01:01:26	HLA-DOA*01:01:04:01	HLA-DOB*01:01:01:24	HLA-DPA1*01:03:01:02	HLA-DPA2*01:01:01:01	HLA-DPB1*04:01:01:01	HLA-DPB2*01:new	HLA-DQA1*05:05:01:17	HLA-DQA2*01:01:02:01	HLA-DQB1*03:01:01:03	HLA-DQB2*01:01:01:01	HLA-DRA*01:02:02:06	HLA-DRB1*13:03:01:new	HLA-DRB3*01:01:02:03			HLA-E*01:03:01:01	HLA-F*01:01:01:08	HLA-G*01:01:02:01	HLA-H*01:02:01:02	HLA-J*01:01:01:08	HLA-K*01:01:01:03	HLA-L*01:03	HLA-N*01:01:01:03	HLA-P*01:01:01:02	HLA-S*01:02:01:03	HLA-T*01:01:01:new	HLA-U*01:new	HLA-V*01:01:01:03	HLA-W*01:01:01:new		MICA*002:01:13Q:new	MICB*002:01:new	TAP1*01:01:01:new	TAP2*02:01:03:05
APR	apr043#1	NA			NA	HLA-A*30:10	HLA-B*13:02:01:01	HLA-C*06:02:01:01	HLA-DMA*01:01:01:01	HLA-DMB*01:01:01:01	HLA-DOA*01:01:01:01	HLA-DOB*01:01:01:24	HLA-DPA1*01:03:01:04	HLA-DPA2*01:01:01:01	HLA-DPB1*04:01:01:06	HLA-DPB2*03:01:01:03	HLA-DQA1*05:05:01:13	HLA-DQA2*01:01:02:01	HLA-DQB1*03:01:01:03	HLA-DQB2*01:01:01:01	HLA-DRA*01:02:02:06	HLA-DRB1*13:03:01:new	HLA-DRB3*01:01:02:03			HLA-E*01:01:01:01	HLA-F*01:01:02:10	HLA-G*01:01:01:15	HLA-H*01:04	HLA-J*01:01:01:new	HLA-K*01:new	HLA-L*01:01:02	HLA-N*01:01:01:01	HLA-P*02:01:01:01	HLA-S*01:01:01:02	HLA-T*01:01:01:02	HLA-U*01:new	HLA-V*01:01:01:01	HLA-W*03:new		MICA*008:01:new	MICB*005:02:new	TAP1*01:01:01:05	TAP2*02:01:03:new
APR	apr043#2	NA			NA	HLA-A*03:01:01:05	HLA-B*41:02:01:new	HLA-C*17:03:01:01	HLA-DMA*01:01:01:07	HLA-DMB*01:01:01:new	HLA-DOA*01:01:04:01	HLA-DOB*01:01:01:01	HLA-DPA1*01:03:01:03	HLA-DPA2*01:01:02:new	HLA-DPB1*03:01:01:01	HLA-DPB2*01:01:01:new	HLA-DQA1*02:01:01:01	HLA-DQA2*01:03	HLA-DQB1*02:02:01:01	HLA-DQB2*01:01:01:02	HLA-DRA*01:01:01:03	HLA-DRB1*07:01:01:new		HLA-DRB4*01:03:01:04		HLA-E*01:03:02:01	HLA-F*01:03:01:01	HLA-G*01:01:01:05	HLA-H*02:04:01	HLA-J*01:01:01:04	HLA-K*01:01:01:01	HLA-L*01:01:01:new	HLA-N*01:01:01:01	HLA-P*02:01:01:02	HLA-S*01:03	HLA-T*03:01:01:01	HLA-U*01:04	HLA-V*01:01:01:01	HLA-W*01:new		MICA*004:01:08	MICB*002:01:new	TAP1*01:new	TAP2*01:01:03:new
APR	apr044#1	NA;NA				HLA-A*03:02:01:01	HLA-B*51:01:01:04	HLA-C*15:02:01:new	HLA-DMA*01:01:01:04	HLA-DMB*01:01:01:01	HLA-DOA*01:08	HLA-DOB*01:01:01:01	HLA-DPA1*01:03:01:04	HLA-DPA2*01:01:01:new	HLA-DPB1*04:01:01:01	HLA-DPB2*03:01:01:03	HLA-DQA1*01:03:01:01	HLA-DQA2*01:01:01:04	HLA-DQB1*06:01:01:01	HLA-DQB2*01:02:01:01	HLA-DRA*01:02:02:10	HLA-DRB1*15:02:01:new			HLA-DRB5*01:02:01:new	HLA-E*01:01:01:04	HLA-F*01:03:01:01	HLA-G*01:01:01:05	HLA-H*02:04:01	HLA-J*01:01:01:04	HLA-K*01:01:01:01	HLA-L*01:01:01:01	HLA-N*01:01:01:01	HLA-P*02:01:01:02	HLA-S*01:02:01:03	HLA-T*03:01:01:01	HLA-U*01:04	HLA-V*01:new	HLA-W*01:01:01:05		MICA*009:01:05	MICB*002:01:new	TAP1*01:new	TAP2*01:01:03:new
APR	apr044#2	NA		NA		HLA-A*11:01:01:01	HLA-B*52:01:01:02	HLA-C*12:02:02:01	HLA-DMA*01:01:01:01	HLA-DMB*01:01:01:01	HLA-DOA*01:01:02:20	HLA-DOB*01:01:01:03	HLA-DPA1*01:03:01:02	HLA-DPA2*01:01:01:01	HLA-DPB1*04:01:01:67	HLA-DPB2*03:01:01:new	HLA-DQA1*05:05:01:04	HLA-DQA2*01:01:02:03	HLA-DQB1*03:01:01:03	HLA-DQB2*01:01:01:new	HLA-DRA*01:01:01:07	HLA-DRB1*11:01:01:new	HLA-DRB3*02:02:01:new			HLA-E*01:03:01:01	HLA-F*01:01:02:09	HLA-G*01:01:03:03	HLA-H*02:07:01:01	HLA-J*01:01:01:04	HLA-K*01:new	HLA-L*01:new	HLA-N*01:01:01:03	HLA-P*02:new	HLA-S*01:04	HLA-T*03:01:01:new	HLA-U*01:05:00:new	HLA-V*01:new	HLA-W*01:new		MICA*009:01:08	MICB*005:03:new	TAP1*01:new	TAP2*01:04:01:new
APR	apr045#1	NA			NA	HLA-A*25:01:01:01	HLA-B*44:02:01:01	HLA-C*16:04:01:01	HLA-DMA*01:01:01:01	HLA-DMB*01:01:01:01	HLA-DOA*01:01:04:03	HLA-DOB*01:01:01:24	HLA-DPA1*01:03:01:34	HLA-DPA2*01:new	HLA-DPB1*104:01:01:02	HLA-DPB2*03:01:01:new	HLA-DQA1*05:05:01:17	HLA-DQA2*01:01:02:new	HLA-DQB1*03:01:01:03	HLA-DQB2*01:01:01:01	HLA-DRA*01:02:02:06	HLA-DRB1*13:03:01:new	HLA-DRB3*01:01:02:03			HLA-E*01:01:01:01	HLA-F*01:01:01:08	HLA-G*01:01:02:01	HLA-H*01:02:01:01	HLA-J*01:01:01:08	HLA-K*01:01:01:03	HLA-L*01:01:01:02	HLA-N*01:01:01:01	HLA-P*01:01:01:02	HLA-S*01:02:01:03	HLA-T*01:01:01:new	HLA-U*01:new	HLA-V*01:01:01:03	HLA-W*01:01:01:new		MICA*018:01:new	MICB*008:01:new	TAP1*01:01:01:new	TAP2*02:01:03:03
APR	apr045#2	NA			NA	HLA-A*30:01:01:01	HLA-B*13:02:01:01	HLA-C*06:02:01:01	HLA-DMA*01:01:01:02	HLA-DMB*01:03:01:17	HLA-DOA*01:01:01:01	HLA-DOB*01:01:01:24	HLA-DPA1*02:01:01:02	HLA-DPA2*01:new	HLA-DPB1*14:01:01:01	HLA-DPB2*03:01:01:new	HLA-DQA1*03:03:01:12	HLA-DQA2*01:01:02:new	HLA-DQB1*04:02:01:13	HLA-DQB2*01:01:01:01	HLA-DRA*01:01:01:03	HLA-DRB1*04:04:01:new		HLA-DRB4*01:03:01:new		HLA-E*01:01:01:01	HLA-F*01:01:01:09	HLA-G*01:05:01N	HLA-H*02:05:01:03	HLA-J*01:01:01:10	HLA-K*01:new	HLA-L*01:new	HLA-N*01:01:01:01	HLA-P*01:01:01:01	HLA-S*01:01:01:02	HLA-T*01:01:01:new	HLA-U*01:new	HLA-V*01:01:01:new	HLA-W*03:new	HLA-Y*02:01	MICA*008:01:03	MICB*003:01:new	TAP1*04:01:00:new	TAP2*02:01:03:new
APR	apr046#1	NA		NA		HLA-A*24:02:01:04	HLA-B*35:03:01:01	HLA-C*12:03:01:01	HLA-DMA*01:01:01:01	HLA-DMB*01:02:01:01	HLA-DOA*01:01:02:45	HLA-DOB*01:01:01:28	HLA-DPA1*01:03:01:01	HLA-DPA2*02:01:01:01	HLA-DPB1*02:01:02:01	HLA-DPB2*01:01:02	HLA-DQA1*01:04:01:new	HLA-DQA2*01:01:04:01	HLA-DQB1*05:03:01:01	HLA-DQB2*01:04	HLA-DRA*01:01:01:03	HLA-DRB1*14:54:01:new	HLA-DRB3*02:02:01:10			HLA-E*01:03:02:01	HLA-F*01:01:01:09	HLA-G*01:04:01:01		HLA-J*01:01:01:02		HLA-L*01:02:00:new	HLA-N*01:01:01:new	HLA-P*02:01:01:new	HLA-S*01:02:new			HLA-V*01:01:01:04	HLA-W*01:new		MICA*002:01:15	MICB*005:02:new	TAP1*02:01:01:new	TAP2*01:05:01:03
APR	apr046#2	NA			NA	HLA-A*01:01:01:01	HLA-B*57:03:01:10	HLA-C*07:01:02:01	HLA-DMA*01:01:01:01	HLA-DMB*01:01:01:05	HLA-DOA*01:01:02:45	HLA-DOB*01:01:01:01	HLA-DPA1*01:03:01:new	HLA-DPA2*01:01:01:02	HLA-DPB1*04:02:01:02	HLA-DPB2*03:01:01:new	HLA-DQA1*01:02:01:04	HLA-DQA2*01:03	HLA-DQB1*06:04:01:01	HLA-DQB2*01:01:01:02	HLA-DRA*01:02:02:08	HLA-DRB1*13:02:01:new	HLA-DRB3*03:01:01:02			HLA-E*01:01:01:01	HLA-F*01:01:01:09	HLA-G*01:06:01:01	HLA-H*02:01:01:01	HLA-J*01:01:01:02	HLA-K*01:01:01:02	HLA-L*01:01:01:01	HLA-N*01:01:01:03	HLA-P*01:01:01:01	HLA-S*01:new	HLA-T*01:01:01:01	HLA-U*01:01:01:01	HLA-V*01:01:01:02	HLA-W*01:01:01:06		MICA*068:01:02	MICB*014:01:06	TAP1*03:01:00:new	TAP2*01:01:03:new
APR	apr047#1	NA			NA	HLA-A*33:01:01:08	HLA-B*14:02:01:01	HLA-C*08:02:01:01	HLA-DMA*01:02:01:01	HLA-DMB*01:01:01:02	HLA-DOA*01:01:04:01	HLA-DOB*01:01:01:24	HLA-DPA1*01:03:01:02	HLA-DPA2*01:01:01:01	HLA-DPB1*04:01:01:01	HLA-DPB2*03:01:01:new	HLA-DQA1*03:03:01:12	HLA-DQA2*01:01:02:01	HLA-DQB1*04:02:01:13	HLA-DQB2*01:01:01:new	HLA-DRA*01:01:01:03	HLA-DRB1*04:04:01:new		HLA-DRB4*01:03:01:new		HLA-E*01:01:01:01	HLA-F*01:01:02:07	HLA-G*01:03:01:02	HLA-H*02:12	HLA-J*01:01:01:13	HLA-K*01:new	HLA-L*01:01:01:01	HLA-N*01:01:01:01	HLA-P*01:new	HLA-S*01:02:01:03	HLA-T*03:01:01:new	HLA-U*01:06:00:new	HLA-V*01:new	HLA-W*01:new	HLA-Y*02:01:00:new	MICA*011:01:01	MICB*002:01:new	TAP1*04:01:00:new	TAP2*02:01:03:new
APR	apr047#2	NA		NA		HLA-A*32:01:01:01	HLA-B*52:01:01:new	HLA-C*12:02:02:01	HLA-DMA*01:01:01:new	HLA-DMB*01:02:01:01	HLA-DOA*01:01:02:26	HLA-DOB*01:02:02	HLA-DPA1*02:01:01:27	HLA-DPA2*01:01:01:01	HLA-DPB1*04:01:01:01	HLA-DPB2*03:01:01:new	HLA-DQA1*01:03:01:01	HLA-DQA2*01:05:01:01	HLA-DQB1*06:01:01:01	HLA-DQB2*01:08	HLA-DRA*01:02:02:10	HLA-DRB1*15:02:01:new			HLA-DRB5*01:02:01:new	HLA-E*01:01:01:01	HLA-F*01:01:01:01	HLA-G*01:01:01:01	HLA-H*02:03:02	HLA-J*01:01:01:12	HLA-K*01:01:01:04	HLA-L*01:01:02:new	HLA-N*01:01:01:01	HLA-P*02:01:01:01	HLA-S*01:04	HLA-T*02:01:01:02	HLA-U*01:02	HLA-V*01:01:01:01	HLA-W*04:01:00:new		MICA*009:01:08	MICB*005:03:new	TAP1*01:01:01:05	TAP2*01:01:07:12
APR	apr048#1	NA	NA		NA;NA	HLA-A*11:01:01:01	HLA-B*40:01:02:04	HLA-C*12:03:01:new	HLA-DMA*01:01:01:01	HLA-DMB*01:01:01:27	HLA-DOA*01:01:02:20	HLA-DOB*01:02:02	HLA-DPA1*01:03:01:02	HLA-DPA2*01:01:01:new	HLA-DPB1*04:01:01:01	HLA-DPB2*01:01:01:new	HLA-DQA1*01:03:01:01	HLA-DQA2*01:05:01:new	HLA-DQB1*06:01:01:01	HLA-DQB2*01:08	HLA-DRA*01:02:02:11	HLA-DRB1*15:02:01:new			HLA-DRB5*01:02:01:new	HLA-E*01:03:01:01	HLA-F*01:01:01:new	HLA-G*01:01:03:03	HLA-H*02:07:01:01	HLA-J*01:01:01:04	HLA-K*01:new	HLA-L*01:new	HLA-N*01:01:01:01	HLA-P*02:new	HLA-S*01:02:01:03	HLA-T*03:01:01:new	HLA-U*01:05:00:new	HLA-V*01:new	HLA-W*01:new		MICA*008:04:02	MICB*005:02:new	TAP1*01:01:01:05	TAP2*01:01:07:05
APR	apr048#2	NA			NA	HLA-A*11:01:01:01	HLA-B*40:06:01:13	HLA-C*15:02:01:01	HLA-DMA*01:02:01:01	HLA-DMB*01:01:01:11	HLA-DOA*01:01:02:45	HLA-DOB*01:01:01:28	HLA-DPA1*02:01:01:02	HLA-DPA2*01:new	HLA-DPB1*14:01:01:01	HLA-DPB2*01:new	HLA-DQA1*01:02:02:01	HLA-DQA2*01:01:02:03	HLA-DQB1*05:02:01:12	HLA-DQB2*01:01:01:new	HLA-DRA*01:01:01:12	HLA-DRB1*16:75:00:new			HLA-DRB5*02:02:01:new	HLA-E*01:03:01:01	HLA-F*01:01:01:new	HLA-G*01:01:03:03	HLA-H*02:07:01:01	HLA-J*01:01:01:04	HLA-K*01:new	HLA-L*01:new	HLA-N*01:01:01:01	HLA-P*02:new	HLA-S*01:02:01:03	HLA-T*03:01:01:new	HLA-U*01:05:00:new	HLA-V*01:new	HLA-W*01:new		MICA*027:01:02	MICB*005:03:new	TAP1*01:01:01:02	TAP2*01:01:07:05
APR	apr049#1	NA		NA		HLA-A*02:01:01:01	HLA-B*37:01:01:01	HLA-C*06:02:01:01	HLA-DMA*01:01:01:01	HLA-DMB*01:01:01:new	HLA-DOA*01:01:02:45	HLA-DOB*01:01:01:28	HLA-DPA1*02:01:01:02	HLA-DPA2*01:new	HLA-DPB1*14:01:01:01	HLA-DPB2*01:new	HLA-DQA1*01:02:02:01	HLA-DQA2*01:01:02:06	HLA-DQB1*05:02:01:01	HLA-DQB2*01:01:01:13	HLA-DRA*01:01:01:12	HLA-DRB1*16:01:01:new			HLA-DRB5*02:02:01:new	HLA-E*01:01:01:01	HLA-F*01:01:01:08	HLA-G*01:01:01:01	HLA-H*01:01:01:01	HLA-J*01:01:01:11	HLA-K*01:02	HLA-L*01:01:01:01	HLA-N*01:01:01:01	HLA-P*02:01:01:01	HLA-S*01:02:01:03	HLA-T*01:01:01:02	HLA-U*01:03:00:new	HLA-V*01:01:01:01	HLA-W*03:01:01:01		MICA*008:01:11	MICB*004:01:new	TAP1*01:01:01:01	TAP2*01:05:01:04
APR	apr049#2	NA		NA		HLA-A*33:03:01:01	HLA-B*58:01:01:03	HLA-C*03:02:02:05	HLA-DMA*01:01:01:01	HLA-DMB*01:01:01:46	HLA-DOA*01:01:01:01	HLA-DOB*01:01:01:03	HLA-DPA1*01:03:01:new	HLA-DPA2*01:01:01:01	HLA-DPB1*04:01:01:04	HLA-DPB2*03:01:01:03	HLA-DQA1*01:02:02:new	HLA-DQA2*01:03	HLA-DQB1*05:02:01:01	HLA-DQB2*01:01:01:09	HLA-DRA*01:01:01:new	HLA-DRB1*16:01:01:02			HLA-DRB5*02:02:01:new	HLA-E*01:01:01:06	HLA-F*01:01:02:10	HLA-G*01:04:01:01	HLA-H*02:08:01:01	HLA-J*01:01:01:09	HLA-K*01:04	HLA-L*01:01:01:01	HLA-N*01:01:01:05	HLA-P*new	HLA-S*01:02:01:01	HLA-T*03:01:01:02	HLA-U*01:06:00:new	HLA-V*01:new	HLA-W*01:new	HLA-Y*02:01	MICA*002:01:07	MICB*008:01:new	TAP1*03:01:00:new	TAP2*01:04:01:new
APR	apr050#1		NA	NA	NA	HLA-A*03:01:01:01	HLA-B*07:06:01:01	HLA-C*15:05:02:14	HLA-DMA*01:01:01:02	HLA-DMB*01:03:01:17	HLA-DOA*01:01:04:01	HLA-DOB*01:01:01:28	HLA-DPA1*01:03:01:05	HLA-DPA2*01:01:01:03	HLA-DPB1*04:02:01:03	HLA-DPB2*03:01:01:new	HLA-DQA1*03:03:01:12	HLA-DQA2*01:01:04:01	HLA-DQB1*04:02:01:13	HLA-DQB2*01:07:01:04	HLA-DRA*01:01:01:03	HLA-DRB1*04:06:02:new		HLA-DRB4*01:03:01:04		HLA-E*01:01:01:01	HLA-F*01:03:01:new	HLA-G*01:01:01:05	HLA-H*02:04:01	HLA-J*01:01:01:04	HLA-K*01:01:new	HLA-L*01:01:01:01	HLA-N*01:01:01:01	HLA-P*02:01:01:02	HLA-S*01:01:01:02	HLA-T*03:01:01:01	HLA-U*01:04	HLA-V*01:01:01:01	HLA-W*01:new		MICA*008:04:new	MICB*005:06:new	TAP1*01:01:01:01	TAP2*01:05:01:03
APR	apr050#2	NA				HLA-A*68:02:01:01	HLA-B*58:01:01:03	HLA-C*03:02:02:05	HLA-DMA*01:01:01:02	HLA-DMB*01:01:01:04	HLA-DOA*01:01:04:03	HLA-DOB*01:01:01:21	HLA-DPA1*03:01:02:02	HLA-DPA2*02:new	HLA-DPB1*105:01:01:11	HLA-DPB2*03:01:01:new	HLA-DQA1*05:01:01:01	HLA-DQA2*01:03	HLA-DQB1*02:01:01:01	HLA-DQB2*01:01:01:02	HLA-DRA*01:01:01:01	HLA-DRB1*03:01:01:02	HLA-DRB3*02:02:01:new			HLA-E*01:01:01:new	HLA-F*01:01:01:18	HLA-G*01:01:02:01	HLA-H*02:05:01:01	HLA-J*01:01:01:10	HLA-K*01:new	HLA-L*01:02:00:new	HLA-N*01:01:01:01	HLA-P*01:02	HLA-S*01:02:01:01	HLA-T*01:01:01:new	HLA-U*01:03:00:new	HLA-V*01:01:01:03	HLA-W*05:new	HLA-Y*02:01	MICA*002:01:13Q:new	MICB*008:01:new	TAP1*01:01:01:03	TAP2*01:01:03:new
APR	apr051#1	NA		NA		HLA-A*26:01:01:01	HLA-B*38:01:01:01	HLA-C*12:03:01:63	HLA-DMA*01:01:01:01	HLA-DMB*01:01:01:03	HLA-DOA*01:01:02:45	HLA-DOB*01:01:01:03	HLA-DPA1*02:01:01:02	HLA-DPA2*01:new	HLA-DPB1*14:01:01:01	HLA-DPB2*01:new	HLA-DQA1*01:02:01:01	HLA-DQA2*01:01:04:01	HLA-DQB1*06:02:01:01	HLA-DQB2*01:07:01:04	HLA-DRA*01:02:03:01	HLA-DRB1*15:01:01:01			HLA-DRB5*01:01:01:01	HLA-E*01:03:01:01	HLA-F*01:01:01:08	HLA-G*01:01:02:01	HLA-H*01:02:01:02	HLA-J*01:01:01:08	HLA-K*01:01:01:03	HLA-L*01:03	HLA-N*01:01:01:01	HLA-P*01:01:01:02	HLA-S*01:02:01:03	HLA-T*01:01:01:new	HLA-U*01:new	HLA-V*01:01:01:03	HLA-W*01:01:01:new		MICA*002:01:01	MICB*002:01:new	TAP1*03:01:00:new	TAP2*01:04:01:new
APR	apr051#2	NA			NA	HLA-A*02:01:01:01	HLA-B*45:01:01:new	HLA-C*16:01:01:01	HLA-DMA*01:01:01:01	HLA-DMB*01:01:01:new	HLA-DOA*01:01:01:01	HLA-DOB*01:01:01:11	HLA-DPA1*01:03:01:02	HLA-DPA2*01:01:01:01	HLA-DPB1*04:01:01:01	HLA-DPB2*03:01:01:new	HLA-DQA1*01:02:01:01	HLA-DQA2*01:01:01:01	HLA-DQB1*05:02:01:08	HLA-DQB2*01:02:02:new	HLA-DRA*01:02:02:04	HLA-DRB1*11:01:02:new	HLA-DRB3*03:01:01:new			HLA-E*01:03:02:01	HLA-F*01:01:01:17	HLA-G*01:01:01:new	HLA-H*01:01:01:05	HLA-J*01:01:01:05	HLA-K*01:02	HLA-L*01:02	HLA-N*01:01:01:05	HLA-P*02:01:01:new	HLA-S*01:01:01:01	HLA-T*01:01:01:05	HLA-U*01:03:00:new	HLA-V*01:01:01:01	HLA-W*03:01:01:new		MICA*015:01	MICB*002:01:new	TAP1*01:01:01:new	TAP2*01:01:08
APR	apr52#1	NA		NA		HLA-A*68:01:01:02	HLA-B*51:01:01:09	HLA-C*15:02:01:01	HLA-DMA*01:02:01:01	HLA-DMB*01:01:01:02	HLA-DOA*01:01:02:22	HLA-DOB*01:05	HLA-DPA1*01:03:01:01	HLA-DPA2*02:01:01:01	HLA-DPB1*02:01:02:new	HLA-DPB2*01:01:02:new	HLA-DQA1*02:01:01:01	HLA-DQA2*01:01:02:01	HLA-DQB1*03:03:02:01	HLA-DQB2*01:01:01:01	HLA-DRA*01:01:02	HLA-DRB1*07:01:01:02		HLA-DRB4*01:03:01:02N		HLA-E*01:01:01:01	HLA-F*01:01:01:18	HLA-G*01:01:02:01	HLA-H*02:05:01:01	HLA-J*01:new	HLA-K*01:new	HLA-L*01:new	HLA-N*01:01:01:new	HLA-P*01:02	HLA-S*01:02:01:03	HLA-T*01:01:01:new	HLA-U*01:new	HLA-V*01:01:01:03	HLA-W*05:new		MICA*009:01:new	MICB*005:03:new	TAP1*01:01:01:03	TAP2*02:01:02:01
APR	apr52#2	NA		NA		HLA-A*24:02:01:01	HLA-B*18:01:01:52	HLA-C*07:01:01:16	HLA-DMA*01:01:01:02	HLA-DMB*01:01:01:44	HLA-DOA*01:01:04:03	HLA-DOB*01:01:01:28	HLA-DPA1*01:03:01:02	HLA-DPA2*01:01:01:new	HLA-DPB1*04:01:01:01	HLA-DPB2*03:01:01:new	HLA-DQA1*03:01:01:01	HLA-DQA2*01:03	HLA-DQB1*03:02:01:01	HLA-DQB2*01:01:01:17	HLA-DRA*01:01:01:03	HLA-DRB1*04:03:01:new		HLA-DRB4*01:03:01:04		HLA-E*01:03:01:01	HLA-F*01:01:01:09	HLA-G*01:04:01:new		HLA-J*01:01:01:02		HLA-L*01:03	HLA-N*01:01:01:03	HLA-P*02:01:01:new	HLA-S*01:02:01:new			HLA-V*01:01:01:04	HLA-W*01:new		MICA*018:01:new	MICB*005:02:new	TAP1*01:01:01:01	TAP2*01:01:03:new
HPRC_r2	HG00097#1	NA		NA		HLA-A*03:01:01:01	HLA-B*07:02:01:01	HLA-C*07:02:01:03	HLA-DMA*01:01:01:01	HLA-DMB*01:01:01:05	HLA-DOA*01:01:01:01	HLA-DOB*01:01:01:01	HLA-DPA1*01:03:01:03	HLA-DPA2*01:01:02:new	HLA-DPB1*03:01:01:01	HLA-DPB2*01:01:01:new	HLA-DQA1*01:02:01:01	HLA-DQA2*01:01:01:new	HLA-DQB1*06:02:01:01	HLA-DQB2*01:02:01:01	HLA-DRA*01:02:03:01	HLA-DRB1*15:01:01:03			HLA-DRB5*01:01:01:01	HLA-E*01:03:02:01	HLA-F*01:03:01:01	HLA-G*01:01:01:05	HLA-H*02:04:01	HLA-J*01:01:01:04	HLA-K*01:01:new	HLA-L*01:01:01:03	HLA-N*01:01:01:new	HLA-P*02:01:01:02	HLA-S*01:01:01:02	HLA-T*03:01:01:01	HLA-U*01:04	HLA-V*01:01:01:01	HLA-W*01:new		MICA*008:04:new	MICB*004:01:01	TAP1*01:01:01:new	TAP2*01:01:07:06
HPRC_r2	HG00097#2	NA		NA		HLA-A*24:02:01:01	HLA-B*07:02:01:01	HLA-C*07:02:01:03	HLA-DMA*01:01:01:01	HLA-DMB*01:01:01:01	HLA-DOA*01:01:04:03	HLA-DOB*01:01:01:24	HLA-DPA1*01:03:01:77	HLA-DPA2*02:01:01:new	HLA-DPB1*02:01:02:27	HLA-DPB2*01:01:02	HLA-DQA1*05:05:01:17	HLA-DQA2*01:01:02:01	HLA-DQB1*03:01:01:03	HLA-DQB2*01:01:01:01	HLA-DRA*01:02:02:06	HLA-DRB1*13:03:01:new	HLA-DRB3*01:01:02:03			HLA-E*01:01:01:03	HLA-F*01:01:01:09	HLA-G*01:04:01:01		HLA-J*01:01:01:02		HLA-L*01:01:01:new	HLA-N*01:01:01:new	HLA-P*02:new	HLA-S*01:01:01:02			HLA-V*01:01:01:04	HLA-W*01:new		MICA*008:04:new	MICB*004:01:01	TAP1*01:01:01:05	TAP2*02:01:03:03
HPRC_r2	HG00099#1	NA		NA		HLA-A*68:01:02:02	HLA-B*44:02:01:03	HLA-C*07:04:01:03	HLA-DMA*01:01:01:02	HLA-DMB*01:03:01:07	HLA-DOA*01:01:04:01	HLA-DOB*01:01:01:24	HLA-DPA1*01:03:01:02	HLA-DPA2*01:01:01:01	HLA-DPB1*04:01:01:01	HLA-DPB2*03:01:01:new	HLA-DQA1*05:05:01:02	HLA-DQA2*01:01:02:01	HLA-DQB1*03:01:01:03	HLA-DQB2*01:01:01:01	HLA-DRA*01:01:01:07	HLA-DRB1*11:01:01:03	HLA-DRB3*02:02:01:new			HLA-E*01:01:01:01	HLA-F*01:01:02:08	HLA-G*01:01:02:01	HLA-H*02:05:01:01	HLA-J*01:01:01:01	HLA-K*01:new	HLA-L*01:01:01:new	HLA-N*01:01:01:new	HLA-P*01:02	HLA-S*01:02:01:03	HLA-T*01:01:01:new	HLA-U*01:new	HLA-V*01:01:01:03	HLA-W*05:new		MICA*008:01:02	MICB*005:02:new	TAP1*05:new	TAP2*01:04:01:02
HPRC_r2	HG00099#2				NA	HLA-A*01:01:01:01	HLA-B*08:01:01:01	HLA-C*07:01:01:01	HLA-DMA*01:01:01:02	HLA-DMB*01:01:01:39	HLA-DOA*01:01:02:08	HLA-DOB*01:01:03:02	HLA-DPA1*02:01:02:02	HLA-DPA2*01:new	HLA-DPB1*01:01:01:01	HLA-DPB2*03:01:01:new	HLA-DQA1*05:01:01:02	HLA-DQA2*01:01:01:01	HLA-DQB1*02:01:01:01	HLA-DQB2*01:02:02:01	HLA-DRA*01:02:02:01	HLA-DRB1*03:01:01:01	HLA-DRB3*01:01:02:01			HLA-E*01:01:01:01	HLA-F*01:01:01:09	HLA-G*01:01:02:01	HLA-H*02:01:01:01	HLA-J*01:01:01:02	HLA-K*01:01:01:02	HLA-L*01:01:02	HLA-N*01:01:01:04	HLA-P*01:01:01:01	HLA-S*01:02:01:01	HLA-T*01:01:01:01	HLA-U*01:01:01:01	HLA-V*01:01:01:02	HLA-W*01:01:01:02		MICA*008:01:01	MICB*008:01:01	TAP1*01:01:01:new	TAP2*01:01:03:06
HPRC_r2	HG00126#1	NA		NA		HLA-A*24:02:01:01	HLA-B*35:03:01:01	HLA-C*12:03:01:01	HLA-DMA*01:01:01:01	HLA-DMB*01:02:01:01	HLA-DOA*01:01:02:45	HLA-DOB*01:01:01:28	HLA-DPA1*01:03:01:01	HLA-DPA2*02:01:01:01	HLA-DPB1*02:01:02:01	HLA-DPB2*01:01:02	HLA-DQA1*01:04:01:new	HLA-DQA2*01:01:04:01	HLA-DQB1*05:03:01:01	HLA-DQB2*01:04	HLA-DRA*01:01:01:03	HLA-DRB1*14:54:01:new	HLA-DRB3*02:02:01:new			HLA-E*01:03:02:01	HLA-F*01:01:01:09	HLA-G*01:04:01:01		HLA-J*01:01:01:02		HLA-L*01:02:00:new	HLA-N*01:01:01:new	HLA-P*02:01:01:new	HLA-S*01:02:new			HLA-V*01:01:01:04	HLA-W*01:new		MICA*002:01:15	MICB*005:02:new	TAP1*02:01:01:new	TAP2*01:05:01:03
HPRC_r2	HG00126#2	NA			NA	HLA-A*29:02:01:01	HLA-B*44:03:01:01	HLA-C*16:01:01:01	HLA-DMA*01:01:01:13	HLA-DMB*01:04	HLA-DOA*01:01:05	HLA-DOB*01:01:01:11	HLA-DPA1*02:01:01:01	HLA-DPA2*01:new	HLA-DPB1*11:01:01:01	HLA-DPB2*03:01:01:new	HLA-DQA1*02:01:01:01	HLA-DQA2*01:04:01:01	HLA-DQB1*02:02:01:01	HLA-DQB2*01:01:01:04	HLA-DRA*01:01:01:02	HLA-DRB1*07:01:01:01		HLA-DRB4*01:01:01:01		HLA-E*01:03:02:01	HLA-F*01:01:01:08	HLA-G*01:01:01:04	HLA-H*02:02:01:01	HLA-J*01:01:01:01	HLA-K*01:03	HLA-L*01:02	HLA-N*01:01:01:05	HLA-P*02:01:01:01	HLA-S*01:01:01:01	HLA-T*02:01:01:01	HLA-U*01:01:01:02	HLA-V*01:01:01:01	HLA-W*02:01		MICA*004:01:01	MICB*005:02:new	TAP1*01:01:01:new	TAP2*01:01:08
HPRC_r2	HG00128#1	NA			NA;NA	HLA-A*02:01:01:01	HLA-B*14:02:01:01	HLA-C*08:02:01:01	HLA-DMA*01:01:01:07	HLA-DMB*01:03:01:new	HLA-DOA*01:01:01:01	HLA-DOB*01:02:01:01	HLA-DPA1*01:03:01:02	HLA-DPA2*01:01:01:01	HLA-DPB1*04:01:01:01	HLA-DPB2*03:01:01:new	HLA-DQA1*01:01:01:01	HLA-DQA2*01:01:04:01	HLA-DQB1*05:01:01:03	HLA-DQB2*01:07:01:new	HLA-DRA*01:01:01:05	HLA-DRB1*01:01:01:01				HLA-E*01:03:02:01	HLA-F*01:01:01:17	HLA-G*01:01:01:01	HLA-H*01:01:01:05	HLA-J*01:01:01:05	HLA-K*01:02	HLA-L*01:02	HLA-N*01:01:01:01	HLA-P*02:01:01:new	HLA-S*01:02:01:03	HLA-T*01:01:01:05	HLA-U*01:03:00:new	HLA-V*01:01:01:01	HLA-W*03:01:01:new		MICA*011:01:01	MICB*005:02:new	TAP1*01:01:01:03	TAP2*01:01:05:new
HPRC_r2	HG00128#2	NA		NA		HLA-A*02:01:01:01	HLA-B*27:05:02:09	HLA-C*02:02:02:01	HLA-DMA*01:01:01:01	HLA-DMB*01:01:01:01	HLA-DOA*01:01:02:16	HLA-DOB*01:04:01:new	HLA-DPA1*02:01:01:02	HLA-DPA2*01:new	HLA-DPB1*10:01:01:01	HLA-DPB2*01:new	HLA-DQA1*05:05:01:15	HLA-DQA2*01:01:03	HLA-DQB1*03:01:01:05	HLA-DQB2*01:03	HLA-DRA*01:02:02:09	HLA-DRB1*12:01:01:new	HLA-DRB3*02:02:01:new			HLA-E*01:01:01:01	HLA-F*01:01:01:08	HLA-G*01:01:01:01	HLA-H*01:01:01:01	HLA-J*01:01:01:new	HLA-K*01:02	HLA-L*01:01:01:02	HLA-N*01:01:01:01	HLA-P*02:01:01:01	HLA-S*01:01:01:new	HLA-T*01:01:01:02	HLA-U*01:03:00:new	HLA-V*01:01:01:01	HLA-W*03:new		MICA*007:01:05	MICB*005:02:new	TAP1*01:01:01:03	TAP2*01:01:03:new
HPRC_r2	HG00133#1	NA			NA	HLA-A*32:01:01:01	HLA-B*53:01:01:01	HLA-C*04:01:01:75	HLA-DMA*01:01:01:33	HLA-DMB*01:03:01:06	HLA-DOA*01:01:02:32	HLA-DOB*01:01:01:01	HLA-DPA1*01:03:01:34	HLA-DPA2*01:new	HLA-DPB1*104:01:01:02	HLA-DPB2*03:01:01:new	HLA-DQA1*01:02:01:14	HLA-DQA2*01:01:04:01	HLA-DQB1*06:04:01:01	HLA-DQB2*01:07:01:new	HLA-DRA*01:01:01:05	HLA-DRB1*13:02:01:new	HLA-DRB3*03:01:01:new			HLA-E*01:03:02:01	HLA-F*01:01:01:01	HLA-G*01:01:01:01	HLA-H*02:03:02	HLA-J*01:01:01:12	HLA-K*01:01:01:04	HLA-L*01:01:02:new	HLA-N*01:01:01:01	HLA-P*02:01:01:01	HLA-S*01:02:01:01	HLA-T*02:01:01:02	HLA-U*01:02	HLA-V*01:01:01:01	HLA-W*04:01:00:new		MICA*002:01:02	MICB*005:02:new	TAP1*01:01:01:01	TAP2*02:01:02:new
HPRC_r2	HG00133#2	NA;NA				HLA-A*02:01:01:01	HLA-B*44:02:01:01	HLA-C*05:01:01:02	HLA-DMA*01:01:01:03	HLA-DMB*01:03:01:03	HLA-DOA*01:01:02:02	HLA-DOB*01:01:01:24	HLA-DPA1*01:03:01:02	HLA-DPA2*01:01:01:01	HLA-DPB1*04:01:01:01	HLA-DPB2*03:01:01:01	HLA-DQA1*03:01:01:01	HLA-DQA2*01:01:02:03	HLA-DQB1*03:02:01:02	HLA-DQB2*01:01:01:new	HLA-DRA*01:01:01:03	HLA-DRB1*04:04:01:04		HLA-DRB4*01:03:01:01		HLA-E*01:01:01:01	HLA-F*01:01:01:01	HLA-G*01:01:01:01	HLA-H*01:01:01:01	HLA-J*01:01:01:05	HLA-K*01:02	HLA-L*01:01:01:01	HLA-N*01:01:01:01	HLA-P*02:01:01:01	HLA-S*01:02:01:03	HLA-T*01:01:01:05	HLA-U*01:03:00:new	HLA-V*01:01:01:01	HLA-W*03:01:01:01		MICA*008:01:02	MICB*005:02:06	TAP1*01:01:new	TAP2*01:02:01:new
HPRC_r2	HG00140#1	NA		NA		HLA-A*31:01:02:01	HLA-B*40:01:02:04	HLA-C*03:04:01:01	HLA-DMA*01:01:new	HLA-DMB*01:01:01:04	HLA-DOA*01:01:02:03	HLA-DOB*01:03:01:02	HLA-DPA1*01:03:01:new	HLA-DPA2*01:01:01:02	HLA-DPB1*04:02:01:02	HLA-DPB2*03:01:01:new	HLA-DQA1*01:01:01:01	HLA-DQA2*01:04:01:new	HLA-DQB1*05:01:01:03	HLA-DQB2*01:01:01:03	HLA-DRA*01:06	HLA-DRB1*01:01:01:01				HLA-E*01:03:02:01	HLA-F*01:01:01:11	HLA-G*01:03:01:02	HLA-H*02:09	HLA-J*01:01:01:09	HLA-K*01:04:00:new	HLA-L*01:01:01:01	HLA-N*01:01:01:01	HLA-P*02:new	HLA-S*01:02:01:03	HLA-T*03:01:01:02	HLA-U*01:new	HLA-V*01:new	HLA-W*01:new	HLA-Y*02:01	MICA*008:04:02	MICB*004:01:new	TAP1*01:01:01:04	TAP2*01:01:03:new
HPRC_r2	HG00140#2	NA			NA	HLA-A*01:01:01:01	HLA-B*57:01:01:01	HLA-C*06:02:01:01	HLA-DMA*01:01:01:03	HLA-DMB*01:03:01:03	HLA-DOA*01:01:02:02	HLA-DOB*01:01:01:01	HLA-DPA1*01:03:01:02	HLA-DPA2*01:01:01:new	HLA-DPB1*04:01:01:01	HLA-DPB2*03:01:01:01	HLA-DQA1*05:01:01:02	HLA-DQA2*01:01:01:01	HLA-DQB1*02:01:01:01	HLA-DQB2*01:02:02:01	HLA-DRA*01:02:02:01	HLA-DRB1*03:01:01:01	HLA-DRB3*01:01:02:01			HLA-E*01:01:01:01	HLA-F*01:01:01:09	HLA-G*01:06:01:01	HLA-H*02:01:01:01	HLA-J*01:01:01:02	HLA-K*01:01:01:02	HLA-L*01:new	HLA-N*01:01:01:03	HLA-P*01:01:01:01	HLA-S*01:02:01:01	HLA-T*01:01:01:01	HLA-U*01:01:01:01	HLA-V*01:01:01:02	HLA-W*01:new		MICA*017:01	MICB*003:01:new	TAP1*01:01:01:05	TAP2*01:01:03:01
HPRC_r2	HG00146#1				NA	HLA-A*01:01:01:01	HLA-B*08:01:01:01	HLA-C*07:01:01:01	HLA-DMA*01:01:01:05	HLA-DMB*01:01:01:new	HLA-DOA*01:01:04:01	HLA-DOB*01:01:01:24	HLA-DPA1*01:03:01:02	HLA-DPA2*01:01:01:new	HLA-DPB1*04:01:01:01	HLA-DPB2*03:01:01:new	HLA-DQA1*05:01:01:02	HLA-DQA2*01:01:02:01	HLA-DQB1*02:01:01:01	HLA-DQB2*01:01:01:01	HLA-DRA*01:02:02:01	HLA-DRB1*03:01:01:01	HLA-DRB3*01:01:02:01			HLA-E*01:01:01:01	HLA-F*01:01:01:09	HLA-G*01:01:02:01	HLA-H*02:01:01:01	HLA-J*01:01:01:02	HLA-K*01:01:01:02	HLA-L*01:01:02	HLA-N*01:01:01:04	HLA-P*01:01:01:01	HLA-S*01:02:01:01	HLA-T*01:01:01:01	HLA-U*01:01:01:01	HLA-V*01:01:01:02	HLA-W*01:01:01:02		MICA*008:01:01	MICB*008:01:01	TAP1*05:new	TAP2*01:04:01:02
HPRC_r2	HG00146#2	NA				HLA-A*25:01:01:01	HLA-B*35:01:01:05	HLA-C*04:01:01:79	HLA-DMA*01:01:01:01	HLA-DMB*01:01:01:01	HLA-DOA*01:01:02:15	HLA-DOB*01:01:01:24	HLA-DPA1*01:03:01:05	HLA-DPA2*01:01:01:02	HLA-DPB1*04:02:01:02	HLA-DPB2*03:01:01:new	HLA-DQA1*01:01:01:01	HLA-DQA2*01:01:02:new	HLA-DQB1*05:01:01:03	HLA-DQB2*01:01:01:new	HLA-DRA*01:01:01:05	HLA-DRB1*01:01:01:01				HLA-E*01:01:01:01	HLA-F*01:01:01:08	HLA-G*01:01:02:01	HLA-H*01:02:01:01	HLA-J*01:01:01:08	HLA-K*01:01:01:03	HLA-L*01:01:01:01	HLA-N*01:01:01:03	HLA-P*01:01:01:02	HLA-S*01:02:new	HLA-T*01:01:01:new	HLA-U*01:new	HLA-V*01:01:01:03	HLA-W*01:01:01:new		MICA*002:01:03	MICB*002:01:02	TAP1*01:01:01:02	TAP2*02:01:01:new
HPRC_r2	HG00232#1	NA		NA		HLA-A*03:01:01:01	HLA-B*07:02:01:01	HLA-C*07:02:01:03	HLA-DMA*01:03:01:02	HLA-DMB*01:07:01:02	HLA-DOA*01:01:01:01	HLA-DOB*01:01:01:24	HLA-DPA1*01:03:01:02	HLA-DPA2*01:01:01:new	HLA-DPB1*04:01:01:14	HLA-DPB2*03:01:01:new	HLA-DQA1*01:02:01:01	HLA-DQA2*01:01:02:01	HLA-DQB1*06:02:01:01	HLA-DQB2*01:01:01:01	HLA-DRA*01:02:03:01	HLA-DRB1*15:01:01:01			HLA-DRB5*01:01:01:01	HLA-E*01:03:02:01	HLA-F*01:03:01:01	HLA-G*01:01:01:05	HLA-H*02:04:01	HLA-J*01:01:01:04	HLA-K*01:01:01:01	HLA-L*01:01:01:03	HLA-N*01:01:01:01	HLA-P*02:01:01:02	HLA-S*01:01:01:02	HLA-T*03:01:01:01	HLA-U*01:04	HLA-V*01:01:01:01	HLA-W*01:01:01:05		MICA*008:04:01	MICB*004:01:01	TAP1*05:new	TAP2*01:04:01:02
HPRC_r2	HG00232#2	NA;NA;NA				HLA-A*03:01:01:01	HLA-B*27:05:02:05	HLA-C*02:02:02:01	HLA-DMA*01:02:01:01	HLA-DMB*01:01:01:02	HLA-DOA*01:01:02:45	HLA-DOB*01:01:01:28	HLA-DPA1*01:03:01:03	HLA-DPA2*01:01:new	HLA-DPB1*03:01:01:01	HLA-DPB2*01:01:01:new	HLA-DQA1*01:04:01:new	HLA-DQA2*01:01:04:01	HLA-DQB1*05:03:01:01	HLA-DQB2*01:04	HLA-DRA*01:01:01:01	HLA-DRB1*14:54:01:new	HLA-DRB3*02:02:01:new			HLA-E*01:03:02:01	HLA-F*01:03:01:01	HLA-G*01:01:01:05	HLA-H*02:04:01	HLA-J*01:01:01:04	HLA-K*01:01:01:01	HLA-L*01:01:01:03	HLA-N*01:01:01:01	HLA-P*02:01:01:02	HLA-S*01:01:01:new	HLA-T*03:01:01:01	HLA-U*01:04	HLA-V*01:01:01:01	HLA-W*01:01:01:05		MICA*007:01:05	MICB*005:02:new	TAP1*01:01:01:new	TAP2*01:01:03:14
HPRC_r2	HG00235#1	NA		NA		HLA-A*68:01:02:03	HLA-B*44:02:01:01	HLA-C*05:01:01:02	HLA-DMA*01:01:01:28	HLA-DMB*01:01:01:03	HLA-DOA*01:01:01:01	HLA-DOB*01:01:01:01	HLA-DPA1*01:03:01:03	HLA-DPA2*01:01:02:new	HLA-DPB1*06:01:01:01	HLA-DPB2*01:01:01	HLA-DQA1*03:01:01:01	HLA-DQA2*01:01:01:04	HLA-DQB1*03:02:01:01	HLA-DQB2*01:02:01:01	HLA-DRA*01:01:01:03	HLA-DRB1*04:04:01:new		HLA-DRB4*01:03:01:03		HLA-E*01:01:01:01	HLA-F*01:01:02:08	HLA-G*01:01:02:01	HLA-H*02:05:01:01	HLA-J*01:01:01:01	HLA-K*01:new	HLA-L*01:01:01:new	HLA-N*01:01:01:new	HLA-P*01:02	HLA-S*01:02:01:03	HLA-T*01:01:01:new	HLA-U*01:new	HLA-V*01:01:01:03	HLA-W*05:new		MICA*008:01:02	MICB*005:02:new	TAP1*01:01:01:03	TAP2*01:03:02:01
HPRC_r2	HG00235#2	NA		NA		HLA-A*26:01:01:01	HLA-B*07:02:01:01	HLA-C*07:02:01:03	HLA-DMA*01:01:01:04	HLA-DMB*01:01:01:01	HLA-DOA*01:01:01:01	HLA-DOB*01:01:01:04	HLA-DPA1*01:03:01:05	HLA-DPA2*01:01:01:02	HLA-DPB1*04:02:01:02	HLA-DPB2*03:01:01:new	HLA-DQA1*03:02:01:01	HLA-DQA2*01:01:01:new	HLA-DQB1*03:03:02:02	HLA-DQB2*01:02:02:01	HLA-DRA*01:01:01:12	HLA-DRB1*09:01:02:new		HLA-DRB4*01:03:02:01		HLA-E*01:03:02:01	HLA-F*01:01:01:08	HLA-G*01:01:02:01	HLA-H*01:02:01:01	HLA-J*01:01:01:08	HLA-K*01:01:01:03	HLA-L*01:01:01:03	HLA-N*01:01:01:01	HLA-P*01:01:01:02	HLA-S*01:01:01:02	HLA-T*01:01:01:new	HLA-U*01:new	HLA-V*01:01:01:03	HLA-W*01:01:01:new		MICA*008:04:01	MICB*004:01:01	TAP1*01:01:01:01	TAP2*02:01:02:02
HPRC_r2	HG00253#1	NA			NA	HLA-A*25:01:01:01	HLA-B*58:01:01:01	HLA-C*07:18:01:01	HLA-DMA*01:01:01:02	HLA-DMB*01:01:01:39	HLA-DOA*01:01:02:08	HLA-DOB*01:01:03:02	HLA-DPA1*02:01:01:01	HLA-DPA2*01:new	HLA-DPB1*11:01:01:01	HLA-DPB2*03:01:01:new	HLA-DQA1*05:05:01:16	HLA-DQA2*01:01:02:01	HLA-DQB1*03:01:01:03	HLA-DQB2*01:01:01:01	HLA-DRA*01:02:02:06	HLA-DRB1*13:03:01:new	HLA-DRB3*01:01:02:03			HLA-E*01:01:01:01	HLA-F*01:01:01:08	HLA-G*01:01:02:01	HLA-H*01:02:01:01	HLA-J*01:01:01:08	HLA-K*01:01:01:03	HLA-L*01:01:01:02	HLA-N*01:01:01:01	HLA-P*01:01:01:02	HLA-S*01:02:01:01	HLA-T*01:01:01:new	HLA-U*01:new	HLA-V*01:01:01:03	HLA-W*01:01:01:new		MICA*002:01:07	MICB*002:01:new	TAP1*01:01:01:new	TAP2*01:01:03:06
HPRC_r2	HG00253#2	NA		NA		HLA-A*01:01:01:01	HLA-B*07:02:01:01	HLA-C*07:02:01:03	HLA-DMA*01:01:01:03	HLA-DMB*01:03:01:03	HLA-DOA*01:01:02:02	HLA-DOB*01:01:01:01	HLA-DPA1*01:03:01:02	HLA-DPA2*01:01:01:01	HLA-DPB1*04:01:01:01	HLA-DPB2*03:01:01:01	HLA-DQA1*01:02:01:01	HLA-DQA2*01:01:01:new	HLA-DQB1*06:02:01:01	HLA-DQB2*01:02:01:01	HLA-DRA*01:02:03:01	HLA-DRB1*15:01:01:01			HLA-DRB5*01:01:01:new	HLA-E*01:01:01:01	HLA-F*01:01:01:09	HLA-G*01:06:01:01	HLA-H*02:01:01:01	HLA-J*01:01:01:02	HLA-K*01:new	HLA-L*01:01:01:01	HLA-N*01:01:01:03	HLA-P*01:01:01:01	HLA-S*01:01:01:02	HLA-T*01:01:01:01	HLA-U*01:01:01:01	HLA-V*01:01:01:02	HLA-W*01:01:01:06		MICA*008:04:01	MICB*004:01:01	TAP1*01:01:01:05	TAP2*01:01:03:01
HPRC_r2	HG00272#1	NA;NA				HLA-A*32:01:01:01	HLA-B*15:01:01:01	HLA-C*03:03:01:01	HLA-DMA*01:04	HLA-DMB*01:01:01:new	HLA-DOA*01:01:02:15	HLA-DOB*01:01:01:04	HLA-DPA1*01:03:01:04	HLA-DPA2*01:01:01:new	HLA-DPB1*04:01:01:01	HLA-DPB2*03:01:01:03	HLA-DQA1*01:03:01:02	HLA-DQA2*01:01:01:new	HLA-DQB1*06:03:01:01	HLA-DQB2*01:02:02:01	HLA-DRA*01:02:02:05	HLA-DRB1*13:01:01:02	HLA-DRB3*01:01:02:new			HLA-E*01:01:01:01	HLA-F*01:01:01:08	HLA-G*01:01:01:01	HLA-H*02:03:02	HLA-J*01:01:01:12	HLA-K*01:01:01:04	HLA-L*01:01:02:new	HLA-N*01:01:01:01	HLA-P*02:01:01:01	HLA-S*01:04	HLA-T*02:01:01:02	HLA-U*01:02	HLA-V*01:01:01:01	HLA-W*04:01:00:new		MICA*008:01:02	MICB*005:02:new	TAP1*01:01:01:01	TAP2*02:01:02:02
HPRC_r2	HG00272#2				NA	HLA-A*01:01:01:01	HLA-B*08:01:01:01	HLA-C*07:01:01:01	HLA-DMA*01:01:01:02	HLA-DMB*01:01:01:39	HLA-DOA*01:01:02:08	HLA-DOB*01:01:03:02	HLA-DPA1*02:01:02:02	HLA-DPA2*01:new	HLA-DPB1*01:01:01:01	HLA-DPB2*03:01:01:new	HLA-DQA1*05:01:01:02	HLA-DQA2*01:01:01:01	HLA-DQB1*02:01:01:01	HLA-DQB2*01:02:02:01	HLA-DRA*01:02:02:01	HLA-DRB1*03:01:01:01	HLA-DRB3*01:01:02:01			HLA-E*01:01:01:01	HLA-F*01:01:01:09	HLA-G*01:01:02:01	HLA-H*02:01:01:01	HLA-J*01:01:01:02	HLA-K*01:01:01:02	HLA-L*01:01:02	HLA-N*01:01:01:04	HLA-P*01:01:01:01	HLA-S*01:02:01:01	HLA-T*01:01:01:01	HLA-U*01:01:01:01	HLA-V*01:01:01:02	HLA-W*01:01:01:02		MICA*008:01:01	MICB*008:01:01	TAP1*01:01:01:new	TAP2*01:01:03:06
HPRC_r2	HG00280#1	NA		NA		HLA-A*02:01:01:01	HLA-B*27:05:02:05	HLA-C*01:02:01:01	HLA-DMA*01:02:01:09	HLA-DMB*01:01:01:11	HLA-DOA*01:01:02:26	HLA-DOB*01:01:01:03	HLA-DPA1*01:03:01:03	HLA-DPA2*01:01:02:new	HLA-DPB1*03:01:01:18	HLA-DPB2*01:01:01	HLA-DQA1*05:05:01:03	HLA-DQA2*01:01:04:01	HLA-DQB1*03:01:01:05	HLA-DQB2*01:07:01:04	HLA-DRA*01:02:02:09	HLA-DRB1*12:01:01:new	HLA-DRB3*02:02:01:09			HLA-E*01:03:02:01	HLA-F*01:01:01:01	HLA-G*01:01:01:01	HLA-H*01:01:01:01	HLA-J*01:01:01:05	HLA-K*01:02	HLA-L*01:01:01:01	HLA-N*01:01:01:01	HLA-P*02:01:01:01	HLA-S*01:01:01:new	HLA-T*01:01:01:05	HLA-U*01:03:00:new	HLA-V*01:01:01:01	HLA-W*03:01:01:new		MICA*007:01:05	MICB*005:02:new	TAP1*01:01:01:02	TAP2*01:04:01:new
HPRC_r2	HG00280#2				NA	HLA-A*03:01:01:01	HLA-B*08:01:01:01	HLA-C*07:01:01:06	HLA-DMA*01:01:01:02	HLA-DMB*01:01:01:39	HLA-DOA*01:01:02:08	HLA-DOB*01:01:03:02	HLA-DPA1*02:01:02:02	HLA-DPA2*01:new	HLA-DPB1*01:01:01:01	HLA-DPB2*03:01:01:new	HLA-DQA1*05:01:01:02	HLA-DQA2*01:01:01:01	HLA-DQB1*02:01:01:01	HLA-DQB2*01:02:02:01	HLA-DRA*01:02:02:01	HLA-DRB1*03:01:01:01	HLA-DRB3*01:01:02:01			HLA-E*01:06:01:01	HLA-F*01:03:01:01	HLA-G*01:01:01:05	HLA-H*02:04:01	HLA-J*01:01:01:02	HLA-K*01:01:01:01	HLA-L*01:03	HLA-N*01:01:01:03	HLA-P*02:01:01:02	HLA-S*01:02:01:01	HLA-T*03:01:01:01	HLA-U*01:04	HLA-V*01:01:01:01	HLA-W*01:01:01:01		MICA*008:01:01	MICB*008:01:01	TAP1*01:01:01:new	TAP2*01:01:03:06
HPRC_r2	HG00290#1	NA				HLA-A*03:01:01:01	HLA-B*07:02:01:01	HLA-C*03:04:01:01	HLA-DMA*01:01:01:01	HLA-DMB*01:01:01:01	HLA-DOA*01:01:02:15	HLA-DOB*01:01:01:24	HLA-DPA1*01:03:01:02	HLA-DPA2*01:01:01:new	HLA-DPB1*04:01:01:01	HLA-DPB2*03:01:01:01	HLA-DQA1*01:01:01:01	HLA-DQA2*01:01:02:new	HLA-DQB1*05:01:01:03	HLA-DQB2*01:01:01:new	HLA-DRA*01:01:01:05	HLA-DRB1*01:01:01:01				HLA-E*01:03:01:01	HLA-F*01:03:01:01	HLA-G*01:01:01:05	HLA-H*02:04:01	HLA-J*01:01:01:02	HLA-K*01:01:01:01	HLA-L*01:01:01:03	HLA-N*01:01:01:01	HLA-P*02:01:01:02	HLA-S*01:01:01:02	HLA-T*03:01:01:01	HLA-U*01:04	HLA-V*01:01:01:01	HLA-W*01:01:01:01		MICA*008:04:01	MICB*002:01:02	TAP1*01:01:01:02	TAP2*02:01:01:new
HPRC_r2	HG00290#2	NA;NA				HLA-A*02:01:01:01	HLA-B*35:01:01:05	HLA-C*04:01:01:11	HLA-DMA*01:01:01:new	HLA-DMB*01:01:01:01	HLA-DOA*01:01:02:15	HLA-DOB*01:01:01:24	HLA-DPA1*01:03:01:05	HLA-DPA2*01:01:01:02	HLA-DPB1*04:02:01:02	HLA-DPB2*03:01:01:new	HLA-DQA1*01:01:01:01	HLA-DQA2*01:01:02:new	HLA-DQB1*05:01:01:03	HLA-DQB2*01:01:01:new	HLA-DRA*01:01:01:05	HLA-DRB1*01:01:01:01				HLA-E*01:01:01:03	HLA-F*01:01:01:08	HLA-G*01:01:01:01	HLA-H*01:01:01:01	HLA-J*01:01:01:17	HLA-K*01:02	HLA-L*01:01:01:02	HLA-N*01:01:01:01	HLA-P*02:01:01:01	HLA-S*01:02:new	HLA-T*01:01:01:02	HLA-U*01:03:00:new	HLA-V*01:01:01:01	HLA-W*03:01:01:new		MICA*002:01:08	MICB*004:01:new	TAP1*01:01:01:02	TAP2*02:01:01:new
HPRC_r2	HG00320#1	NA				HLA-A*30:01:01:01	HLA-B*35:01:01:02	HLA-C*03:03:01:01	HLA-DMA*01:01:01:01	HLA-DMB*01:01:01:01	HLA-DOA*01:01:02:02	HLA-DOB*01:01:01:24	HLA-DPA1*01:03:01:02	HLA-DPA2*01:01:01:01	HLA-DPB1*04:01:01:01	HLA-DPB2*03:01:01:new	HLA-DQA1*04:01:01:03	HLA-DQA2*01:01:02:01	HLA-DQB1*04:02:01:04	HLA-DQB2*01:01:01:01	HLA-DRA*01:02:02:11	HLA-DRB1*08:01:01:01				HLA-E*01:01:01:01	HLA-F*01:01:01:09	HLA-G*01:05:01N	HLA-H*02:05:01:03	HLA-J*01:01:01:10	HLA-K*01:new	HLA-L*01:new	HLA-N*01:01:01:01	HLA-P*01:01:01:01	HLA-S*01:02:new	HLA-T*01:01:01:new	HLA-U*01:new	HLA-V*01:01:01:new	HLA-W*03:new	HLA-Y*02:01	MICA*002:01:03	MICB*005:02:new	TAP1*02:01:01:new	TAP2*01:05:01:new
HPRC_r2	HG00320#2	NA			NA	HLA-A*03:01:01:01	HLA-B*15:01:01:01	HLA-C*03:03:01:01	HLA-DMA*01:01:01:05	HLA-DMB*01:01:01:30	HLA-DOA*01:01:01:01	HLA-DOB*01:01:03:09	HLA-DPA1*01:03:01:02	HLA-DPA2*01:01:01:01	HLA-DPB1*04:01:01:01	HLA-DPB2*03:01:01:new	HLA-DQA1*04:01:01:03	HLA-DQA2*01:01:02:new	HLA-DQB1*04:02:01:04	HLA-DQB2*01:01:01:new	HLA-DRA*01:02:02:11	HLA-DRB1*08:01:01:new				HLA-E*01:06:01:01	HLA-F*01:03:01:01	HLA-G*01:01:01:05	HLA-H*02:04:01	HLA-J*01:01:01:02	HLA-K*01:01:01:01	HLA-L*01:03	HLA-N*01:01:01:03	HLA-P*02:01:01:02	HLA-S*01:04	HLA-T*03:01:01:01	HLA-U*01:04	HLA-V*01:01:01:01	HLA-W*01:01:01:01		MICA*010:01:01	MICB*002:01:02	TAP1*02:01:01:new	TAP2*01:01:07:05
HPRC_r2	HG00321#1	NA			NA	HLA-A*02:01:01:01	HLA-B*15:01:01:01	HLA-C*03:03:01:01	HLA-DMA*01:01:01:05	HLA-DMB*01:01:01:33	HLA-DOA*01:01:02:02	HLA-DOB*01:01:01:24	HLA-DPA1*01:03:01:02	HLA-DPA2*01:new	HLA-DPB1*04:01:01:01	HLA-DPB2*03:01:01:new	HLA-DQA1*01:02:01:01	HLA-DQA2*01:01:04:01	HLA-DQB1*05:03:01:01	HLA-DQB2*01:04	HLA-DRA*01:02:03:01	HLA-DRB1*15:01:01:03			HLA-DRB5*01:01:01:01	HLA-E*01:03:02:01	HLA-F*01:01:01:01	HLA-G*01:01:01:01	HLA-H*01:01:01:01	HLA-J*01:new	HLA-K*01:02	HLA-L*01:01:01:01	HLA-N*01:01:01:01	HLA-P*02:01:01:01	HLA-S*01:04	HLA-T*01:01:01:05	HLA-U*01:03:00:new	HLA-V*01:01:01:01	HLA-W*03:01:01:new		MICA*010:01:01	MICB*002:01:02	TAP1*01:01:01:new	TAP2*02:01:03:01
HPRC_r2	HG00321#2	NA				HLA-A*02:01:01:01	HLA-B*40:01:02:04	HLA-C*03:04:01:01	HLA-DMA*01:01:01:01	HLA-DMB*01:01:01:01	HLA-DOA*01:13	HLA-DOB*01:01:01:24	HLA-DPA1*01:03:01:02	HLA-DPA2*01:01:01:01	HLA-DPB1*04:01:01:01	HLA-DPB2*03:01:01:01	HLA-DQA1*04:01:01:03	HLA-DQA2*01:01:02:01	HLA-DQB1*04:02:01:04	HLA-DQB2*01:01:01:01	HLA-DRA*01:02:02:11	HLA-DRB1*08:01:01:new				HLA-E*01:03:02:01	HLA-F*01:01:01:01	HLA-G*01:01:01:01	HLA-H*01:01:01:01	HLA-J*01:01:01:05	HLA-K*01:02	HLA-L*01:01:01:01	HLA-N*01:01:01:01	HLA-P*02:01:01:01	HLA-S*01:02:01:03	HLA-T*01:01:01:05	HLA-U*01:03:00:new	HLA-V*01:01:01:01	HLA-W*03:01:01:new		MICA*008:04:02	MICB*002:01:02	TAP1*05:new	TAP2*01:04:01:02
HPRC_r2	HG00323#1	NA			NA	HLA-A*24:02:01:01	HLA-B*40:01:02:01	HLA-C*03:04:01:01	HLA-DMA*01:01:01:34	HLA-DMB*01:01:01:01	HLA-DOA*01:01:03:01	HLA-DOB*01:01:01:01	HLA-DPA1*01:03:01:03	HLA-DPA2*01:01:02:new	HLA-DPB1*03:01:01:01	HLA-DPB2*01:01:01	HLA-DQA1*01:02:01:04	HLA-DQA2*01:01:01:04	HLA-DQB1*06:04:01:01	HLA-DQB2*01:02:01:01	HLA-DRA*01:02:02:08	HLA-DRB1*13:02:01:new	HLA-DRB3*03:01:01:01			HLA-E*01:01:01:01	HLA-F*01:03:01:01	HLA-G*01:04:01:01		HLA-J*01:01:01:02		HLA-L*01:01:01:01	HLA-N*01:01:01:01	HLA-P*02:01:01:new	HLA-S*01:02:01:03			HLA-V*01:01:01:01	HLA-W*01:new		MICA*008:04:02	MICB*014:01:06	TAP1*02:01:01:new	TAP2*01:03:03
HPRC_r2	HG00323#2	NA			NA	HLA-A*24:02:01:01	HLA-B*18:01:01:05	HLA-C*12:03:01:01	HLA-DMA*01:01:01:37	HLA-DMB*01:01:01:21	HLA-DOA*01:01:02:15	HLA-DOB*01:01:01:01	HLA-DPA1*01:03:01:02	HLA-DPA2*01:01:01:new	HLA-DPB1*04:01:01:04	HLA-DPB2*03:01:01:new	HLA-DQA1*01:02:01:01	HLA-DQA2*01:01:01:new	HLA-DQB1*06:02:01:01	HLA-DQB2*01:02:01:01	HLA-DRA*01:02:03:01	HLA-DRB1*15:01:01:03			HLA-DRB5*01:01:01:new	HLA-E*01:01:01:new	HLA-F*01:03:01:01	HLA-G*01:04:01:01		HLA-J*01:01:01:02		HLA-L*01:01:01:01	HLA-N*01:01:01:01	HLA-P*02:01:01:new	HLA-S*01:02:01:03			HLA-V*01:01:01:01	HLA-W*01:new		MICA*018:01:04	MICB*002:01:new	TAP1*01:01:01:new	TAP2*01:01:07:06
HPRC_r2	HG00329#1	NA	NA	NA		HLA-A*02:01:01:01	HLA-B*15:01:01:01	HLA-C*03:03:01:01	HLA-DMA*01:01:01:04	HLA-DMB*01:01:01:01	HLA-DOA*01:02:01:02	HLA-DOB*01:01:01:04	HLA-DPA1*01:03:01:02	HLA-DPA2*01:01:01:01	HLA-DPB1*04:01:01:01	HLA-DPB2*03:01:01:01	HLA-DQA1*01:03:01:02	HLA-DQA2*01:01:01:new	HLA-DQB1*06:03:01:01	HLA-DQB2*01:02:02:new	HLA-DRA*01:01:01:03	HLA-DRB1*13:01:01:11	HLA-DRB3*02:02:01:02			HLA-E*01:03:02:01	HLA-F*01:01:01:08	HLA-G*01:01:01:01	HLA-H*01:01:01:01	HLA-J*01:01:01:17	HLA-K*01:02	HLA-L*01:01:01:02	HLA-N*01:01:01:01	HLA-P*02:new	HLA-S*01:04	HLA-T*01:01:01:02	HLA-U*01:03:00:new	HLA-V*01:01:01:01	HLA-W*03:01:01:01		MICA*010:01:04	MICB*005:02:21	TAP1*01:01:01:01	TAP2*02:01:02:02
HPRC_r2	HG00329#2	NA		NA		HLA-A*31:01:02:01	HLA-B*51:01:01:new	HLA-C*15:02:01:01	HLA-DMA*01:01:01:04	HLA-DMB*01:01:01:01	HLA-DOA*01:01:02:15	HLA-DOB*01:01:03:09	HLA-DPA1*01:03:01:05	HLA-DPA2*01:01:01:02	HLA-DPB1*04:02:01:02	HLA-DPB2*03:01:01:new	HLA-DQA1*01:01:01:01	HLA-DQA2*01:01:02:07	HLA-DQB1*05:01:01:03	HLA-DQB2*01:07:01:new	HLA-DRA*01:01:01:05	HLA-DRB1*01:01:01:01				HLA-E*01:01:01:01	HLA-F*01:01:01:08	HLA-G*01:01:14	HLA-H*02:09	HLA-J*01:01:01:new	HLA-K*01:04	HLA-L*01:01:01:01	HLA-N*01:01:01:01	HLA-P*01:01:01:01	HLA-S*01:02:01:03	HLA-T*03:01:01:02	HLA-U*01:new	HLA-V*01:01:01:02	HLA-W*01:new		MICA*009:01:new	MICB*002:01:02	TAP1*02:01:01:new	TAP2*01:01:07:new
HPRC_r2	HG00344#1	NA		NA		HLA-A*02:01:01:01	HLA-B*07:02:01:01	HLA-C*07:02:01:186	HLA-DMA*01:01:01:04	HLA-DMB*01:01:01:01	HLA-DOA*01:01:02:26	HLA-DOB*01:04:01:new	HLA-DPA1*02:06	HLA-DPA2*01:new	HLA-DPB1*05:01:01:01	HLA-DPB2*03:02:00:new	HLA-DQA1*01:02:01:01	HLA-DQA2*01:01:02:03	HLA-DQB1*06:02:01:01	HLA-DQB2*01:01:01:new	HLA-DRA*01:02:03:01	HLA-DRB1*15:01:01:07			HLA-DRB5*01:01:01:new	HLA-E*01:01:01:01	HLA-F*01:01:01:01	HLA-G*01:01:01:01	HLA-H*01:01:01:01	HLA-J*01:01:01:05	HLA-K*01:02	HLA-L*01:01:01:01	HLA-N*01:01:01:01	HLA-P*02:01:01:01	HLA-S*01:01:01:02	HLA-T*01:01:01:05	HLA-U*01:03:00:new	HLA-V*01:01:01:01	HLA-W*03:01:01:01		MICA*008:04:01	MICB*004:01:01	TAP1*01:01:01:01	TAP2*01:05:01:02
HPRC_r2	HG00344#2	NA		NA		HLA-A*03:01:01:01	HLA-B*07:02:01:01	HLA-C*07:02:01:03	HLA-DMA*01:01:01:37	HLA-DMB*01:01:01:21	HLA-DOA*01:01:02:45	HLA-DOB*01:01:01:01	HLA-DPA1*01:03:01:new	HLA-DPA2*01:01:01:new	HLA-DPB1*04:01:01:03	HLA-DPB2*01:new	HLA-DQA1*01:02:01:01	HLA-DQA2*01:01:01:new	HLA-DQB1*06:02:01:01	HLA-DQB2*01:02:01:01	HLA-DRA*01:02:03:01	HLA-DRB1*15:01:01:03			HLA-DRB5*01:01:01:01	HLA-E*01:03:02:01	HLA-F*01:03:01:01	HLA-G*01:01:01:05	HLA-H*02:04:01	HLA-J*01:01:01:04	HLA-K*01:01:new	HLA-L*01:01:01:03	HLA-N*01:01:01:new	HLA-P*02:01:01:02	HLA-S*01:01:01:02	HLA-T*03:01:01:01	HLA-U*01:04	HLA-V*01:01:01:01	HLA-W*01:new		MICA*008:04:01	MICB*004:01:01	TAP1*01:01:01:new	TAP2*01:01:07:06
HPRC_r2	HG00350#1	NA		NA		HLA-A*02:01:01:01	HLA-B*15:01:01:04	HLA-C*04:01:01:06	HLA-DMA*01:01:01:01	HLA-DMB*01:01:01:new	HLA-DOA*01:01:02:15	HLA-DOB*01:01:01:24	HLA-DPA1*01:03:01:05	HLA-DPA2*01:01:01:02	HLA-DPB1*04:02:01:new	HLA-DPB2*03:01:01:new	HLA-DQA1*01:01:01:01	HLA-DQA2*01:01:02:new	HLA-DQB1*05:01:01:03	HLA-DQB2*01:01:01:new	HLA-DRA*01:01:01:05	HLA-DRB1*01:01:01:01				HLA-E*01:03:02:01	HLA-F*01:01:01:01	HLA-G*01:01:01:01	HLA-H*01:01:01:01	HLA-J*01:01:01:05	HLA-K*01:02	HLA-L*01:01:01:01	HLA-N*01:01:01:01	HLA-P*02:01:01:01	HLA-S*01:04:00:new	HLA-T*01:01:01:05	HLA-U*01:03:00:new	HLA-V*01:01:01:01	HLA-W*03:01:01:new		MICA*010:01:08	MICB*005:02:new	TAP1*01:01:01:02	TAP2*02:01:01:new
HPRC_r2	HG00350#2	NA		NA		HLA-A*02:01:01:01	HLA-B*15:01:01:01	HLA-C*03:04:01:01	HLA-DMA*01:01:01:01	HLA-DMB*01:01:01:01	HLA-DOA*01:01:01:01	HLA-DOB*01:02:01:01	HLA-DPA1*01:03:01:02	HLA-DPA2*01:01:01:01	HLA-DPB1*04:01:01:01	HLA-DPB2*01:new	HLA-DQA1*03:01:01:01	HLA-DQA2*01:01:01:new	HLA-DQB1*03:02:01:01	HLA-DQB2*01:02:01:01	HLA-DRA*01:01:01:03	HLA-DRB1*04:01:01:01		HLA-DRB4*01:03:01:new		HLA-E*01:03:02:02	HLA-F*01:01:01:01	HLA-G*01:01:01:01	HLA-H*01:01:01:01	HLA-J*01:01:01:05	HLA-K*01:02	HLA-L*01:01:01:01	HLA-N*01:01:01:01	HLA-P*02:01:01:01	HLA-S*01:04	HLA-T*01:01:01:05	HLA-U*01:03:00:new	HLA-V*01:01:01:01	HLA-W*03:01:01:new		MICA*010:01:02	MICB*002:01:15	TAP1*01:01:01:03	TAP2*01:01:05:02
HPRC_r2	HG00408#1	NA;NA			NA	HLA-A*11:01:01:01	HLA-B*15:02:01:01	HLA-C*08:01:01:01	HLA-DMA*01:01:01:03	HLA-DMB*01:03:01:03	HLA-DOA*01:01:01:01	HLA-DOB*01:01:01:24	HLA-DPA1*02:02:02:01	HLA-DPA2*01:new	HLA-DPB1*135:01:01:new	HLA-DPB2*01:01:01:new	HLA-DQA1*01:04:01:01	HLA-DQA2*01:01:02:01	HLA-DQB1*05:02:01:01	HLA-DQB2*01:01:01:new	HLA-DRA*01:01:01:new	HLA-DRB1*14:54:01:new	HLA-DRB3*02:02:01:new			HLA-E*01:01:01:01	HLA-F*01:01:02:09	HLA-G*01:01:03:03	HLA-H*02:07:01:01	HLA-J*01:01:01:02	HLA-K*01:new	HLA-L*01:03	HLA-N*01:01:01:03	HLA-P*02:new	HLA-S*01:03	HLA-T*03:01:01:new	HLA-U*01:05:00:new	HLA-V*01:new	HLA-W*01:new		MICA*019:01:02	MICB*005:02:new	TAP1*01:01:01:05	TAP2*02:01:03:new
HPRC_r2	HG00408#2	NA			NA	HLA-A*02:07:01:01	HLA-B*40:02:01:01	HLA-C*03:03:01:01	HLA-DMA*01:01:01:03	HLA-DMB*01:03:01:03	HLA-DOA*01:01:02:45	HLA-DOB*01:01:01:03	HLA-DPA1*01:03:01:01	HLA-DPA2*02:01:01:01	HLA-DPB1*02:02:01:05	HLA-DPB2*01:01:02:new	HLA-DQA1*01:02:01:03	HLA-DQA2*01:01:04:01	HLA-DQB1*06:02:01:01	HLA-DQB2*01:07:01:04	HLA-DRA*01:01:01:02	HLA-DRB1*15:01:01:03			HLA-DRB5*01:01:01:02	HLA-E*01:03:02:01	HLA-F*01:01:01:01	HLA-G*01:01:01:01	HLA-H*01:01:01:01	HLA-J*01:01:01:05	HLA-K*01:new	HLA-L*01:03	HLA-N*01:01:01:03	HLA-P*02:01:01:01	HLA-S*01:02:01:03	HLA-T*01:01:01:05	HLA-U*01:03:00:new	HLA-V*01:01:01:01	HLA-W*03:01:01:01		MICA*027:01:02	MICB*002:01:new	TAP1*01:01:01:01	TAP2*01:04:01:new
HPRC_r2	HG00423#1	NA			NA	HLA-A*02:07:01:01	HLA-B*46:01:01:01	HLA-C*01:02:01:01	HLA-DMA*01:01:01:new	HLA-DMB*01:02:01:new	HLA-DOA*01:01:04:01	HLA-DOB*01:01:01:09	HLA-DPA1*02:02:02:01	HLA-DPA2*02:01:01:02	HLA-DPB1*02:02:01:02	HLA-DPB2*01:01:02	HLA-DQA1*03:02:01:02	HLA-DQA2*01:01:02:01	HLA-DQB1*03:03:02:02	HLA-DQB2*01:01:01:07	HLA-DRA*01:01:01:12	HLA-DRB1*09:01:02:new		HLA-DRB4*01:03:01:08		HLA-E*01:03:02:01	HLA-F*01:01:01:01	HLA-G*01:01:01:01	HLA-H*01:01:01:01	HLA-J*01:01:01:05	HLA-K*01:new	HLA-L*01:03	HLA-N*01:01:01:03	HLA-P*02:01:01:01	HLA-S*01:04	HLA-T*01:01:01:05	HLA-U*01:03:00:new	HLA-V*01:01:01:01	HLA-W*03:01:01:01		MICA*010:01:05	MICB*005:02:21	TAP1*03:01:00:new	TAP2*01:05:01:new
HPRC_r2	HG00423#2	NA		NA		HLA-A*11:01:01:01	HLA-B*44:03:01:28	HLA-C*04:01:01:14	HLA-DMA*01:01:01:new	HLA-DMB*01:03:01:03	HLA-DOA*01:01:01:01	HLA-DOB*01:01:01:27	HLA-DPA1*02:02:02:new	HLA-DPA2*01:new	HLA-DPB1*05:01:01:new	HLA-DPB2*03:02:00:new	HLA-DQA1*01:03:01:07	HLA-DQA2*01:01:02:new	HLA-DQB1*06:01:01:01	HLA-DQB2*01:01:01:new	HLA-DRA*01:03	HLA-DRB1*08:03:02:02				HLA-E*01:01:01:01	HLA-F*01:01:02:09	HLA-G*01:01:03:03	HLA-H*02:07:01:01	HLA-J*01:01:01:04	HLA-K*01:new	HLA-L*01:03	HLA-N*01:01:01:01	HLA-P*02:new	HLA-S*01:01:01:01	HLA-T*03:01:01:new	HLA-U*01:05:00:new	HLA-V*01:new	HLA-W*01:new		MICA*004:01:01	MICB*005:02:new	TAP1*01:01:01:new	TAP2*02:new
HPRC_r2	HG00438#1	NA				HLA-A*24:02:01:01	HLA-B*54:01:01:01	HLA-C*01:02:01:05	HLA-DMA*01:01:01:03	HLA-DMB*01:03:01:03	HLA-DOA*01:01:01:04	HLA-DOB*01:01:01:new	HLA-DPA1*01:03:01:01	HLA-DPA2*02:01:01:01	HLA-DPB1*02:01:02:new	HLA-DPB2*01:01:02:new	HLA-DQA1*01:04:01:02	HLA-DQA2*01:01:02:09	HLA-DQB1*05:03:01:02	HLA-DQB2*01:01:01:new	HLA-DRA*01:01:01:01	HLA-DRB1*14:05:01:new	HLA-DRB3*02:02:01:new			HLA-E*01:03:02:01	HLA-F*01:01:01:09	HLA-G*01:04:01:01		HLA-J*01:01:01:02		HLA-L*01:02:00:new	HLA-N*01:01:01:03	HLA-P*02:01:01:new	HLA-S*01:02:01:01			HLA-V*01:01:01:04	HLA-W*01:new		MICA*012:01:02	MICB*005:02:new	TAP1*02:01:01:new	TAP2*01:02:02:new
HPRC_r2	HG00438#2	NA				HLA-A*02:06:01:01	HLA-B*51:01:01:01	HLA-C*14:02:01:01	HLA-DMA*01:01:01:03	HLA-DMB*01:03:01:03	HLA-DOA*01:01:01:01	HLA-DOB*01:01:05	HLA-DPA1*02:02:02:01	HLA-DPA2*01:new	HLA-DPB1*05:01:01:01	HLA-DPB2*03:02:00:new	HLA-DQA1*03:03:01:03	HLA-DQA2*01:01:02:01	HLA-DQB1*04:01:01:03	HLA-DQB2*01:01:01:01	HLA-DRA*01:01:01:18	HLA-DRB1*04:05:01:new		HLA-DRB4*01:03:01:05		HLA-E*01:03:02:01	HLA-F*01:01:01:13	HLA-G*01:01:01:01	HLA-H*01:01:01:01	HLA-J*01:01:01:02	HLA-K*01:02	HLA-L*01:01:01:01	HLA-N*01:01:01:01	HLA-P*02:01:01:01	HLA-S*01:02:01:03	HLA-T*01:01:01:02	HLA-U*01:03:00:new	HLA-V*01:01:01:01	HLA-W*01:01:01:new		MICA*049:01:new	MICB*004:01:new	TAP1*01:01:01:new	TAP2*02:01:new
HPRC_r2	HG005#1	NA		NA		HLA-A*24:02:01:01	HLA-B*15:01:01:01	HLA-C*04:01:01:75	HLA-DMA*01:01:01:01	HLA-DMB*01:02:01:01	HLA-DOA*01:01:01:01	HLA-DOB*01:01:01:28	HLA-DPA1*02:02:02:01	HLA-DPA2*01:new	HLA-DPB1*135:01:01:new	HLA-DPB2*01:01:01:new	HLA-DQA1*03:03:01:03	HLA-DQA2*01:03	HLA-DQB1*04:01:01:03	HLA-DQB2*01:01:01:02	HLA-DRA*01:01:01:03	HLA-DRB1*04:05:01:new		HLA-DRB4*01:03:01:new		HLA-E*01:03:02:01	HLA-F*01:01:01:09	HLA-G*01:04:01:01		HLA-J*01:01:01:02		HLA-L*01:01:01:01	HLA-N*01:01:01:01	HLA-P*02:01:01:new	HLA-S*01:04			HLA-V*01:01:01:04	HLA-W*01:01:01:07		MICA*010:01:new	MICB*005:02:21	TAP1*01:01:01:01	TAP2*01:05:01:new
HPRC_r2	HG005#2	NA		NA		HLA-A*24:02:01:01	HLA-B*40:06:01:12	HLA-C*08:01:01:01	HLA-DMA*01:01:01:03	HLA-DMB*01:03:01:03	HLA-DOA*01:01:01:01	HLA-DOB*01:01:01:28	HLA-DPA1*02:02:02:01	HLA-DPA2*01:new	HLA-DPB1*05:01:01:01	HLA-DPB2*03:02:00:new	HLA-DQA1*03:02:01:01	HLA-DQA2*01:01:02:03	HLA-DQB1*03:03:02:02	HLA-DQB2*01:01:01:new	HLA-DRA*01:01:01:12	HLA-DRB1*09:01:02:new		HLA-DRB4*01:03:02:new		HLA-E*01:03:01:01	HLA-F*01:01:01:09	HLA-G*01:04:01:01		HLA-J*01:01:01:02		HLA-L*01:03:00:new	HLA-N*01:01:01:03	HLA-P*02:01:01:new	HLA-S*01:02:01:03			HLA-V*01:01:01:04	HLA-W*01:new		MICA*027:01:02	MICB*002:01:new	TAP1*01:01:01:01	TAP2*01:05:01:03
HPRC_r2	HG00544#1	NA			NA	HLA-A*11:01:01:01	HLA-B*46:01:01:01	HLA-C*01:02:01:01	HLA-DMA*01:01:01:03	HLA-DMB*01:01:01:19	HLA-DOA*01:01:02:02	HLA-DOB*01:01:01:09	HLA-DPA1*04:01:01:02	HLA-DPA2*01:new	HLA-DPB1*107:01	HLA-DPB2*01:01:01:new	HLA-DQA1*03:02:01:02	HLA-DQA2*01:01:02:01	HLA-DQB1*03:03:02:02	HLA-DQB2*01:01:01:07	HLA-DRA*01:01:01:12	HLA-DRB1*09:01:02:new		HLA-DRB4*01:03:01:08		HLA-E*01:03:01:01	HLA-F*01:01:02:09	HLA-G*01:01:03:03	HLA-H*02:07:01:02	HLA-J*01:01:01:new	HLA-K*01:new	HLA-L*01:01:01:new	HLA-N*01:01:01:new	HLA-P*02:new	HLA-S*01:04	HLA-T*03:01:01:new	HLA-U*01:05:00:new	HLA-V*01:new	HLA-W*01:new		MICA*010:01:05	MICB*005:02:21	TAP1*01:01:01:new	TAP2*01:01:03:new
HPRC_r2	HG00544#2	NA			NA	HLA-A*02:07:01:01	HLA-B*46:01:01:01	HLA-C*01:02:01:01	HLA-DMA*01:01:01:03	HLA-DMB*01:03:01:03	HLA-DOA*01:01:02:02	HLA-DOB*01:01:01:09	HLA-DPA1*04:01:01:02	HLA-DPA2*01:new	HLA-DPB1*107:01	HLA-DPB2*01:01:01:new	HLA-DQA1*03:02:01:02	HLA-DQA2*01:01:02:01	HLA-DQB1*03:03:02:02	HLA-DQB2*01:01:01:07	HLA-DRA*01:01:01:12	HLA-DRB1*09:01:02:new		HLA-DRB4*01:03:01:08		HLA-E*01:03:02:01	HLA-F*01:01:01:01	HLA-G*01:01:01:01	HLA-H*01:01:01:01	HLA-J*01:01:01:05	HLA-K*01:new	HLA-L*01:03	HLA-N*01:01:01:03	HLA-P*02:01:01:01	HLA-S*01:04	HLA-T*01:01:01:05	HLA-U*01:03:00:new	HLA-V*01:01:01:01	HLA-W*03:01:01:01		MICA*010:01:05	MICB*005:02:21	TAP1*01:01:01:new	TAP2*01:01:03:new
HPRC_r2	HG00558#1	NA			NA	HLA-A*02:01:01:01	HLA-B*40:01:02:04	HLA-C*07:02:01:15	HLA-DMA*01:01:01:03	HLA-DMB*01:03:01:03	HLA-DOA*01:01:04:01	HLA-DOB*01:01:05	HLA-DPA1*02:02:02:01	HLA-DPA2*01:new	HLA-DPB1*05:01:01:01	HLA-DPB2*03:02:00:new	HLA-DQA1*03:02:01:02	HLA-DQA2*01:01:04:new	HLA-DQB1*03:03:02:02	HLA-DQB2*01:04	HLA-DRA*01:01:01:12	HLA-DRB1*09:01:02:new		HLA-DRB4*01:03:02:01		HLA-E*01:03:02:04	HLA-F*01:01:01:09	HLA-G*01:01:01:01	HLA-H*01:01:01:01	HLA-J*01:01:01:05	HLA-K*01:new	HLA-L*01:01:01:01	HLA-N*01:01:01:01	HLA-P*02:01:01:01	HLA-S*01:02:01:03	HLA-T*01:01:01:05	HLA-U*01:03:00:new	HLA-V*01:01:01:01	HLA-W*03:01:01:01		MICA*008:04:02	MICB*005:02:new	TAP1*02:01:01:new	TAP2*02:05:new
HPRC_r2	HG00558#2	NA			NA	HLA-A*01:01:01:01	HLA-B*37:01:01:01	HLA-C*06:02:01:01	HLA-DMA*01:01:01:03	HLA-DMB*01:03:01:03	HLA-DOA*01:01:02:15	HLA-DOB*01:01:01:04	HLA-DPA1*02:02:02:01	HLA-DPA2*02:01:01:01	HLA-DPB1*02:01:02:29	HLA-DPB2*01:01:02	HLA-DQA1*01:05:01:01	HLA-DQA2*01:01:01:01	HLA-DQB1*05:01:01:05	HLA-DQB2*01:02:02:01	HLA-DRA*01:01:01:11	HLA-DRB1*10:01:01:03				HLA-E*01:01:01:01	HLA-F*01:01:01:09	HLA-G*01:06:01:01	HLA-H*02:01:01:01	HLA-J*01:01:01:02	HLA-K*01:01:01:02	HLA-L*01:01:01:01	HLA-N*01:01:01:03	HLA-P*01:01:01:01	HLA-S*01:02:01:03	HLA-T*01:01:01:01	HLA-U*01:01:01:01	HLA-V*01:01:01:02	HLA-W*01:01:01:06		MICA*008:01:11	MICB*004:01:new	TAP1*01:01:01:new	TAP2*02:01:02:06
HPRC_r2	HG00597#1	NA;NA			NA	HLA-A*11:01:01:01	HLA-B*15:02:01:01	HLA-C*08:01:01:01	HLA-DMA*01:01:01:07	HLA-DMB*01:03:01:new	HLA-DOA*01:01:02:45	HLA-DOB*01:01:03:09	HLA-DPA1*01:03:01:new	HLA-DPA2*02:01:01:01	HLA-DPB1*02:01:02:32	HLA-DPB2*01:01:02	HLA-DQA1*06:01:01:02	HLA-DQA2*01:01:02:07	HLA-DQB1*03:01:01:new	HLA-DQB2*01:07:01:new	HLA-DRA*01:01:01:12	HLA-DRB1*12:02:01:new	HLA-DRB3*02:02:01:02			HLA-E*01:01:01:01	HLA-F*01:01:02:09	HLA-G*01:01:03:03	HLA-H*02:07:01:01	HLA-J*01:01:01:02	HLA-K*01:new	HLA-L*01:03	HLA-N*01:01:01:03	HLA-P*02:new	HLA-S*01:03	HLA-T*03:01:01:new	HLA-U*01:05:00:new	HLA-V*01:new	HLA-W*01:new		MICA*019:01:02	MICB*005:02:new	TAP1*01:new	TAP2*01:01:03:new
HPRC_r2	HG00597#2	NA		NA		HLA-A*24:02:01:01	HLA-B*40:01:02:04	HLA-C*03:04:01:12	HLA-DMA*01:01:01:03	HLA-DMB*01:03:01:new	HLA-DOA*01:01:02:45	HLA-DOB*01:01:01:28	HLA-DPA1*02:02:02:01	HLA-DPA2*01:new	HLA-DPB1*05:01:01:01	HLA-DPB2*03:02:00:new	HLA-DQA1*05:05:01:02	HLA-DQA2*01:01:02:01	HLA-DQB1*03:01:01:03	HLA-DQB2*01:01:01:new	HLA-DRA*01:01:01:12	HLA-DRB1*11:01:01:03	HLA-DRB3*02:02:01:02			HLA-E*01:03:01:01	HLA-F*01:01:01:01	HLA-G*01:04:01:01		HLA-J*01:01:01:02		HLA-L*01:03	HLA-N*01:01:01:03	HLA-P*02:01:01:new	HLA-S*01:02:01:03			HLA-V*01:01:01:04	HLA-W*01:01:01:07		MICA*008:04:02	MICB*002:06:00:new	TAP1*01:01:01:01	TAP2*01:05:01:new
HPRC_r2	HG00609#1	NA			NA	HLA-A*26:01:01:01	HLA-B*40:01:02:04	HLA-C*03:04:01:12	HLA-DMA*01:01:01:02	HLA-DMB*01:03:01:new	HLA-DOA*01:01:02:15	HLA-DOB*01:02:01:01	HLA-DPA1*02:02:02:01	HLA-DPA2*02:01:01:01	HLA-DPB1*02:01:02:new	HLA-DPB2*01:01:02	HLA-DQA1*01:02:01:03	HLA-DQA2*01:01:02:01	HLA-DQB1*06:02:01:01	HLA-DQB2*01:01:01:new	HLA-DRA*01:01:01:02	HLA-DRB1*15:01:01:05			HLA-DRB5*01:01:01:02	HLA-E*01:03:02:new	HLA-F*01:01:01:new	HLA-G*01:01:02:01	HLA-H*01:02:01:01	HLA-J*01:01:01:08	HLA-K*01:01:01:03	HLA-L*01:01:01:new	HLA-N*01:01:01:new	HLA-P*01:01:01:02	HLA-S*01:02:01:03	HLA-T*01:01:01:new	HLA-U*01:new	HLA-V*01:01:01:03	HLA-W*01:01:01:new		MICA*008:04:02	MICB*005:02:21	TAP1*01:01:01:03	TAP2*01:01:05:02
HPRC_r2	HG00609#2	NA;NA				HLA-A*24:02:01:01	HLA-B*40:01:02:50	HLA-C*07:02:01:15	HLA-DMA*01:01:01:02	HLA-DMB*01:03:01:new	HLA-DOA*01:01:02:15	HLA-DOB*01:01:01:new	HLA-DPA1*02:02:02:01	HLA-DPA2*01:new	HLA-DPB1*05:01:01:01	HLA-DPB2*03:02:00:new	HLA-DQA1*03:02:01:01	HLA-DQA2*01:01:04:new	HLA-DQB1*03:03:02:02	HLA-DQB2*01:new	HLA-DRA*01:01:01:12	HLA-DRB1*09:01:02:new		HLA-DRB4*01:03:02:new		HLA-E*01:03:02:01	HLA-F*01:01:01:09	HLA-G*01:new		HLA-J*01:01:01:02		HLA-L*01:01:01:01	HLA-N*01:01:01:01	HLA-P*02:01:01:new	HLA-S*01:02:01:03			HLA-V*01:01:01:04	HLA-W*01:new		MICA*008:04:02	MICB*002:01:02	TAP1*02:01:01:new	TAP2*01:01:03:12
HPRC_r2	HG00621#1	NA			NA	HLA-A*02:01:01:01	HLA-B*56:01:01:04	HLA-C*07:02:01:01	HLA-DMA*01:01:01:01	HLA-DMB*01:02:01:01	HLA-DOA*01:01:02:45	HLA-DOB*01:04:01:new	HLA-DPA1*02:02:02:01	HLA-DPA2*01:new	HLA-DPB1*05:01:01:01	HLA-DPB2*03:02:00:new	HLA-DQA1*03:02:01:04	HLA-DQA2*01:01:02:03	HLA-DQB1*03:03:02:02	HLA-DQB2*01:01:01:new	HLA-DRA*01:01:01:12	HLA-DRB1*09:01:02:new		HLA-DRB4*01:03:02:01		HLA-E*01:01:01:01	HLA-F*01:01:01:01	HLA-G*01:01:01:01	HLA-H*01:01:01:01	HLA-J*01:01:01:new	HLA-K*01:02	HLA-L*01:01:01:new	HLA-N*01:01:01:new	HLA-P*02:01:01:01	HLA-S*01:02:01:01	HLA-T*01:01:01:05	HLA-U*01:03:00:new	HLA-V*01:01:01:01	HLA-W*03:01:01:new		MICA*012:01:02	MICB*004:01:new	TAP1*01:01:01:05	TAP2*01:01:03:new
HPRC_r2	HG00621#2	NA		NA		HLA-A*11:01:01:01	HLA-B*51:01:01:06	HLA-C*15:02:01:06	HLA-DMA*01:01:01:01	HLA-DMB*01:01:01:01	HLA-DOA*01:01:02:02	HLA-DOB*01:01:01:24	HLA-DPA1*01:03:01:15	HLA-DPA2*01:01:01:02	HLA-DPB1*04:02:01:02	HLA-DPB2*03:01:01:new	HLA-DQA1*05:05:01:10	HLA-DQA2*01:01:02:01	HLA-DQB1*03:01:01:03	HLA-DQB2*01:01:01:01	HLA-DRA*01:01:01:12	HLA-DRB1*11:01:01:03	HLA-DRB3*02:02:01:new			HLA-E*01:03:01:01	HLA-F*01:01:02:09	HLA-G*01:01:03:03	HLA-H*02:07:01:01	HLA-J*01:01:01:04	HLA-K*01:new	HLA-L*01:01:01:01	HLA-N*01:01:01:01	HLA-P*02:new	HLA-S*01:02:01:03	HLA-T*03:01:01:new	HLA-U*01:05:00:new	HLA-V*01:new	HLA-W*01:new		MICA*009:01:06	MICB*002:01:02	TAP1*01:01:01:05	TAP2*02:01:03:03
HPRC_r2	HG00639#1	NA		NA		HLA-A*02:01:01:01	HLA-B*44:02:01:01	HLA-C*05:01:01:45	HLA-DMA*01:01:01:01	HLA-DMB*01:01:01:01	HLA-DOA*01:01:04:01	HLA-DOB*01:01:01:01	HLA-DPA1*01:03:01:02	HLA-DPA2*01:01:01:new	HLA-DPB1*04:01:01:01	HLA-DPB2*03:01:01:new	HLA-DQA1*03:01:01:03	HLA-DQA2*01:01:01:04	HLA-DQB1*03:02:01:02	HLA-DQB2*01:02:01:01	HLA-DRA*01:01:01:03	HLA-DRB1*04:03:01:new		HLA-DRB4*01:03:01:03		HLA-E*01:01:01:01	HLA-F*01:01:01:08	HLA-G*01:01:01:01	HLA-H*01:01:01:01	HLA-J*01:01:01:17	HLA-K*01:02	HLA-L*01:01:01:02	HLA-N*01:01:01:01	HLA-P*02:01:01:01	HLA-S*01:02:01:03	HLA-T*01:01:01:02	HLA-U*01:03:00:new	HLA-V*01:01:01:01	HLA-W*03:01:01:new		MICA*008:01:02	MICB*005:02:new	TAP1*01:01:01:03	TAP2*01:03:02:01
HPRC_r2	HG00639#2	NA		NA		HLA-A*03:01:01:05	HLA-B*51:01:01:04	HLA-C*04:01:01:14	HLA-DMA*01:01:01:04	HLA-DMB*01:01:01:01	HLA-DOA*01:01:02:15	HLA-DOB*01:01:03:09	HLA-DPA1*01:03:01:01	HLA-DPA2*02:01:01:01	HLA-DPB1*02:01:02:01	HLA-DPB2*01:01:02	HLA-DQA1*03:01:01:01	HLA-DQA2*01:01:01:04	HLA-DQB1*03:04:01:01	HLA-DQB2*01:02:01:01	HLA-DRA*01:01:01:03	HLA-DRB1*04:03:01:new		HLA-DRB4*01:03:01:04		HLA-E*01:01:01:01	HLA-F*01:03:01:01	HLA-G*01:01:01:05	HLA-H*02:04:01	HLA-J*01:01:01:04	HLA-K*01:01:01:01	HLA-L*01:01:01:01	HLA-N*01:01:01:03	HLA-P*02:01:01:02	HLA-S*01:02:01:03	HLA-T*03:01:01:01	HLA-U*01:04	HLA-V*01:01:01:01	HLA-W*01:new		MICA*009:01:01	MICB*002:01:new	TAP1*01:01:01:new	TAP2*01:01:03:new
HPRC_r2	HG00642#1	NA				HLA-A*30:02:01:01	HLA-B*18:01:01:01	HLA-C*05:01:01:01	HLA-DMA*01:01:01:02	HLA-DMB*01:01:01:04	HLA-DOA*01:01:02:03	HLA-DOB*01:03:01:02	HLA-DPA1*01:03:01:01	HLA-DPA2*02:01:01:01	HLA-DPB1*02:02:01:01	HLA-DPB2*01:01:02	HLA-DQA1*05:01:01:01	HLA-DQA2*01:04:01:new	HLA-DQB1*02:01:01:01	HLA-DQB2*01:01:01:03	HLA-DRA*01:01:01:01	HLA-DRB1*03:01:01:02	HLA-DRB3*02:02:01:01			HLA-E*01:03:02:01	HLA-F*01:01:01:17	HLA-G*01:01:01:08	HLA-H*01:01:02	HLA-J*01:01:01:15	HLA-K*01:new	HLA-L*01:02:00:new	HLA-N*01:01:01:05	HLA-P*02:01:01:01	HLA-S*01:03	HLA-T*01:new	HLA-U*01:new	HLA-V*01:01:01:01	HLA-W*03:new		MICA*001:01	MICB*005:02:01	TAP1*01:01:01:04	TAP2*01:01:03:03
HPRC_r2	HG00642#2	NA			NA	HLA-A*23:17:01:01	HLA-B*15:03:01:new	HLA-C*02:10:01:01	HLA-DMA*01:01:01:07	HLA-DMB*01:01:01:new	HLA-DOA*01:01:02:32	HLA-DOB*01:01:03:09	HLA-DPA1*03:01:01:14	HLA-DPA2*02:new	HLA-DPB1*105:01:01:06	HLA-DPB2*03:01:01:new	HLA-DQA1*01:02:01:03	HLA-DQA2*01:04:02:new	HLA-DQB1*06:02:01:04	HLA-DQB2*01:01:01:new	HLA-DRA*01:02:02:new	HLA-DRB1*11:01:02:new	HLA-DRB3*02:02:01:new			HLA-E*01:01:01:01	HLA-F*01:03:01:05	HLA-G*01:11:00:new		HLA-J*01:01:01:new		HLA-L*01:01:01:01	HLA-N*01:01:01:new	HLA-P*new	HLA-S*01:02:01:01			HLA-V*01:new	HLA-W*01:new		MICA*002:01:07	MICB*002:01:new	TAP1*02:new	TAP2*01:01:03:new
HPRC_r2	HG00658#1	NA		NA		HLA-A*11:01:01:01	HLA-B*39:01:01:03	HLA-C*07:02:01:15	HLA-DMA*01:01:01:03	HLA-DMB*01:03:01:03	HLA-DOA*01:01:01:01	HLA-DOB*01:01:01:27	HLA-DPA1*02:02:02:01	HLA-DPA2*01:new	HLA-DPB1*05:01:01:01	HLA-DPB2*03:02:00:new	HLA-DQA1*01:03:01:07	HLA-DQA2*01:01:02:new	HLA-DQB1*06:01:01:01	HLA-DQB2*01:01:01:new	HLA-DRA*01:03	HLA-DRB1*08:03:02:02				HLA-E*01:03:01:01	HLA-F*01:01:02:09	HLA-G*01:01:03:03	HLA-H*02:07:01:01	HLA-J*01:01:01:04	HLA-K*01:new	HLA-L*01:03	HLA-N*01:01:01:03	HLA-P*02:new	HLA-S*01:new	HLA-T*03:01:01:new	HLA-U*01:05:00:new	HLA-V*01:new	HLA-W*01:new		MICA*008:01:09	MICB*002:01:02	TAP1*01:01:01:new	TAP2*02:new
HPRC_r2	HG00658#2	NA	NA	NA		HLA-A*11:01:01:01	HLA-B*51:01:02:01	HLA-C*14:02:01:01	HLA-DMA*01:02:01:01	HLA-DMB*01:01:01:02	HLA-DOA*01:01:02:45	HLA-DOB*01:01:01:27	HLA-DPA1*02:02:02:01	HLA-DPA2*02:01:01:02	HLA-DPB1*02:02:01:new	HLA-DPB2*01:01:02:new	HLA-DQA1*01:04:01:01	HLA-DQA2*01:01:02:01	HLA-DQB1*05:03:01:01	HLA-DQB2*01:01:01:01	HLA-DRA*01:02:02:09	HLA-DRB1*14:04:01:new	HLA-DRB3*02:02:01:new			HLA-E*01:03:01:01	HLA-F*01:01:01:new	HLA-G*01:01:03:03	HLA-H*02:07:01:01	HLA-J*01:01:01:04	HLA-K*01:new	HLA-L*01:03	HLA-N*01:01:01:03	HLA-P*02:new	HLA-S*01:02:01:03	HLA-T*03:01:01:new	HLA-U*01:05:00:new	HLA-V*01:new	HLA-W*01:new		MICA*002:01:13Q:new	MICB*005:02:new	TAP1*03:01:00:new	TAP2*02:new
HPRC_r2	HG00673#1	NA		NA		HLA-A*02:06:01:01	HLA-B*48:03:01:03	HLA-C*08:01:01:01	HLA-DMA*01:01:01:03	HLA-DMB*01:03:01:03	HLA-DOA*01:01:02:new	HLA-DOB*01:01:01:24	HLA-DPA1*02:02:02:01	HLA-DPA2*01:new	HLA-DPB1*05:01:01:01	HLA-DPB2*03:02:00:new	HLA-DQA1*05:05:01:04	HLA-DQA2*01:01:02:01	HLA-DQB1*03:01:01:03	HLA-DQB2*01:01:01:07	HLA-DRA*01:01:01:01	HLA-DRB1*11:01:01:new	HLA-DRB3*02:02:01:new			HLA-E*01:03:01:01	HLA-F*01:01:01:01	HLA-G*01:01:01:01	HLA-H*01:01:01:01	HLA-J*01:01:01:05	HLA-K*01:02	HLA-L*01:01:02:new	HLA-N*01:01:01:03	HLA-P*02:01:01:01	HLA-S*01:new	HLA-T*01:01:01:new	HLA-U*01:03:00:new	HLA-V*01:01:01:01	HLA-W*03:01:01:01			MICB*009:01:new	TAP1*01:01:01:new	TAP2*02:05:00:new
HPRC_r2	HG00673#2	NA	NA			HLA-A*02:03:01:01	HLA-B*38:02:01:01	HLA-C*07:02:01:01	HLA-DMA*01:01:01:07	HLA-DMB*01:01:01:new	HLA-DOA*01:01:04:01	HLA-DOB*01:01:01:27	HLA-DPA1*02:02:02:new	HLA-DPA2*01:new	HLA-DPB1*13:01:01:new	HLA-DPB2*01:01:01:new	HLA-DQA1*01:03:01:07	HLA-DQA2*01:01:02:new	HLA-DQB1*06:01:01:01	HLA-DQB2*01:01:01:new	HLA-DRA*01:03	HLA-DRB1*08:03:02:02				HLA-E*01:03:01:01	HLA-F*01:01:01:01	HLA-G*01:01:01:01	HLA-H*01:01:01:01	HLA-J*01:01:01:05	HLA-K*01:02	HLA-L*01:03	HLA-N*01:01:01:03	HLA-P*02:01:01:01	HLA-S*01:02:01:03	HLA-T*01:01:01:05	HLA-U*01:03:00:new	HLA-V*01:01:01:01	HLA-W*03:01:01:new		MICA*002:01:01	MICB*005:03:new	TAP1*01:01:01:01	TAP2*02:new
HPRC_r2	HG00706#1			NA	NA	HLA-A*02:01:01:01	HLA-B*13:01:01:11	HLA-C*03:04:01:02	HLA-DMA*01:02:01:01	HLA-DMB*01:01:01:02	HLA-DOA*01:01:01:01	HLA-DOB*01:01:01:27	HLA-DPA1*02:02:02:01	HLA-DPA2*02:01:01:02	HLA-DPB1*02:02:01:02	HLA-DPB2*01:01:02	HLA-DQA1*01:02:01:03	HLA-DQA2*01:01:02:new	HLA-DQB1*06:01:01:01	HLA-DQB2*01:01:01:new	HLA-DRA*01:01:01:02	HLA-DRB1*15:01:01:new			HLA-DRB5*01:01:01:new	HLA-E*01:03:02:01	HLA-F*01:01:01:17	HLA-G*01:01:01:01	HLA-H*01:01:01:01	HLA-J*01:01:01:05	HLA-K*01:02	HLA-L*01:01:01:01	HLA-N*01:01:01:03	HLA-P*02:01:01:01	HLA-S*01:new	HLA-T*01:01:01:05	HLA-U*01:03:00:new	HLA-V*01:01:01:01	HLA-W*03:new		MICA*045:01:01	MICB*014:01:new	TAP1*01:01:01:new	TAP2*02:new
HPRC_r2	HG00706#2	NA		NA		HLA-A*11:01:01:01	HLA-B*27:04:01	HLA-C*08:01:01:new	HLA-DMA*01:01:01:01	HLA-DMB*01:02:01:new	HLA-DOA*01:01:01:01	HLA-DOB*01:01:01:24	HLA-DPA1*02:01:01:02	HLA-DPA2*01:new	HLA-DPB1*14:01:01:05	HLA-DPB2*01:01:02:new	HLA-DQA1*01:02:01:03	HLA-DQA2*01:01:02:01	HLA-DQB1*06:02:01:01	HLA-DQB2*01:01:01:07	HLA-DRA*01:01:01:02	HLA-DRB1*15:01:01:new			HLA-DRB5*01:01:01:new	HLA-E*01:03:01:01	HLA-F*01:01:01:01	HLA-G*01:01:01:01	HLA-H*01:01:01:01	HLA-J*01:01:01:04	HLA-K*01:new	HLA-L*01:01:01:new	HLA-N*01:01:01:new	HLA-P*02:01:01:01	HLA-S*01:02:01:03	HLA-T*01:01:01:05	HLA-U*01:05:00:new	HLA-V*01:01:01:01	HLA-W*01:new		MICA*033:00:new	MICB*005:02:new	TAP1*01:01:01:new	TAP2*02:01:03:01
HPRC_r2	HG00733#1	NA		NA		HLA-A*24:02:01:01	HLA-B*35:02:01:02	HLA-C*04:01:01:06	HLA-DMA*01:01:01:01	HLA-DMB*01:02:01:01	HLA-DOA*01:01:04:01	HLA-DOB*01:01:01:28	HLA-DPA1*01:03:01:02	HLA-DPA2*01:01:01:new	HLA-DPB1*04:01:01:01	HLA-DPB2*03:01:01:new	HLA-DQA1*05:05:01:09	HLA-DQA2*01:01:02:06	HLA-DQB1*03:01:01:02	HLA-DQB2*01:01:01:13	HLA-DRA*01:01:01:12	HLA-DRB1*11:04:01:01	HLA-DRB3*02:02:01:new			HLA-E*01:03:01:01	HLA-F*01:01:01:08	HLA-G*01:new		HLA-J*01:01:01:02		HLA-L*01:03	HLA-N*01:01:01:03	HLA-P*02:01:01:new	HLA-S*01:02:new			HLA-V*01:01:01:01	HLA-W*01:new		MICA*016:01:01	MICB*005:01:new	TAP1*01:01:01:01	TAP2*01:01:03:04
HPRC_r2	HG00733#2	NA				HLA-A*30:02:01:01	HLA-B*18:01:01:01	HLA-C*05:01:01:01	HLA-DMA*01:01:01:13	HLA-DMB*01:04	HLA-DOA*01:01:05	HLA-DOB*01:03:01:02	HLA-DPA1*02:01:01:01	HLA-DPA2*01:new	HLA-DPB1*11:01:01:01	HLA-DPB2*03:01:01:new	HLA-DQA1*05:01:01:01	HLA-DQA2*01:04:01:new	HLA-DQB1*02:01:01:01	HLA-DQB2*01:01:01:03	HLA-DRA*01:01:01:01	HLA-DRB1*03:01:01:02	HLA-DRB3*02:02:01:01			HLA-E*01:03:02:01	HLA-F*01:01:01:17	HLA-G*01:01:01:08	HLA-H*01:01:02	HLA-J*01:01:01:15	HLA-K*01:new	HLA-L*01:02:00:new	HLA-N*01:01:01:05	HLA-P*02:01:01:01	HLA-S*01:03	HLA-T*01:new	HLA-U*01:new	HLA-V*01:01:01:01	HLA-W*03:new		MICA*001:01	MICB*005:02:01	TAP1*01:01:01:new	TAP2*01:01:03:new
HPRC_r2	HG00735#1	NA			NA	HLA-A*31:01:02:01	HLA-B*07:02:01:01	HLA-C*07:02:01:03	HLA-DMA*01:01:01:new	HLA-DMB*01:01:01:01	HLA-DOA*01:01:03:01	HLA-DOB*01:01:01:24	HLA-DPA1*01:03:01:new	HLA-DPA2*01:01:01:01	HLA-DPB1*04:01:01:01	HLA-DPB2*03:01:01:new	HLA-DQA1*01:01:01:01	HLA-DQA2*01:01:04:01	HLA-DQB1*05:01:01:03	HLA-DQB2*01:07:01:04	HLA-DRA*01:01:01:new	HLA-DRB1*01:01:01:01				HLA-E*01:03:02:01	HLA-F*01:01:01:01	HLA-G*01:01:01:01	HLA-H*02:09	HLA-J*01:01:01:09	HLA-K*01:04	HLA-L*01:01:01:new	HLA-N*01:01:01:01	HLA-P*02:01:01:01	HLA-S*01:01:01:02	HLA-T*03:01:01:02	HLA-U*01:new	HLA-V*01:01:01:01	HLA-W*01:new	HLA-Y*02:01	MICA*008:04:01	MICB*005:02:new	TAP1*02:01:01:new	TAP2*02:01:03:03
HPRC_r2	HG00735#2	NA			NA	HLA-A*33:01:01:01	HLA-B*14:02:01:01	HLA-C*08:02:01:01	HLA-DMA*01:01:01:03	HLA-DMB*01:03:01:03	HLA-DOA*01:01:02:02	HLA-DOB*01:01:01:01	HLA-DPA1*01:03:01:15	HLA-DPA2*01:01:01:02	HLA-DPB1*04:02:01:02	HLA-DPB2*03:01:01:new	HLA-DQA1*03:01:01:01	HLA-DQA2*01:01:01:04	HLA-DQB1*03:02:01:01	HLA-DQB2*01:02:01:01	HLA-DRA*01:01:01:03	HLA-DRB1*04:11:01:new		HLA-DRB4*01:03:01:new		HLA-E*01:01:01:01	HLA-F*01:01:02:07	HLA-G*01:03:01:02	HLA-H*02:12	HLA-J*01:01:01:13	HLA-K*01:new	HLA-L*01:01:01:01	HLA-N*01:01:01:01	HLA-P*01:new	HLA-S*01:02:01:03	HLA-T*03:01:01:new	HLA-U*01:06:00:new	HLA-V*01:new	HLA-W*01:new	HLA-Y*02:01:00:new	MICA*011:01:01	MICB*002:01:new	TAP1*01:01:new	TAP2*01:03:02:07
HPRC_r2	HG00738#1				NA	HLA-A*01:01:01:01	HLA-B*08:01:01:01	HLA-C*07:01:01:01	HLA-DMA*01:01:01:02	HLA-DMB*01:01:01:39	HLA-DOA*01:01:01:01	HLA-DOB*01:01:03:02	HLA-DPA1*01:03:01:02	HLA-DPA2*01:01:01:01	HLA-DPB1*04:01:01:01	HLA-DPB2*03:01:01:new	HLA-DQA1*05:01:01:04	HLA-DQA2*01:01:01:01	HLA-DQB1*02:01:01:01	HLA-DQB2*01:02:02:01	HLA-DRA*01:02:02:01	HLA-DRB1*03:01:01:01	HLA-DRB3*01:01:02:01			HLA-E*01:01:01:01	HLA-F*01:01:01:09	HLA-G*01:01:02:01	HLA-H*02:01:01:01	HLA-J*01:01:01:02	HLA-K*01:01:01:02	HLA-L*01:01:02	HLA-N*01:01:01:04	HLA-P*01:01:01:01	HLA-S*01:02:01:01	HLA-T*01:01:01:01	HLA-U*01:01:01:01	HLA-V*01:01:01:02	HLA-W*01:01:01:02		MICA*008:01:01	MICB*008:01:01	TAP1*01:01:01:new	TAP2*01:01:03:06
HPRC_r2	HG00738#2	NA;NA				HLA-A*68:01:02:01	HLA-B*51:01:01:04	HLA-C*15:02:01:13	HLA-DMA*01:04	HLA-DMB*01:01:01:new	HLA-DOA*01:01:02:15	HLA-DOB*01:01:01:04	HLA-DPA1*01:03:01:05	HLA-DPA2*01:01:01:02	HLA-DPB1*04:02:01:02	HLA-DPB2*03:01:01:new	HLA-DQA1*01:03:01:02	HLA-DQA2*01:01:01:new	HLA-DQB1*06:03:01:01	HLA-DQB2*01:02:02:01	HLA-DRA*01:02:02:05	HLA-DRB1*13:01:01:new	HLA-DRB3*01:01:02:new			HLA-E*01:01:01:04	HLA-F*01:01:02:13	HLA-G*01:01:02:01	HLA-H*02:05:01:01	HLA-J*01:01:01:01	HLA-K*01:new	HLA-L*01:01:01:01	HLA-N*01:01:01:01	HLA-P*01:02	HLA-S*01:02:01:03	HLA-T*01:01:01:new	HLA-U*01:new	HLA-V*01:01:01:03	HLA-W*05:new		MICA*009:01:05	MICB*005:02:new	TAP1*01:01:01:01	TAP2*02:01:02:02
HPRC_r2	HG00741#1	NA			NA	HLA-A*11:01:01:01	HLA-B*35:01:01:05	HLA-C*04:01:01:05	HLA-DMA*01:01:01:02	HLA-DMB*01:03:01:17	HLA-DOA*01:01:02:20	HLA-DOB*01:01:03:09	HLA-DPA1*01:03:01:01	HLA-DPA2*01:01:01:01	HLA-DPB1*04:01:01:37	HLA-DPB2*03:01:01:new	HLA-DQA1*05:05:01:01	HLA-DQA2*01:01:02:07	HLA-DQB1*03:01:01:03	HLA-DQB2*01:07:01:new	HLA-DRA*01:01:01:07	HLA-DRB1*11:01:01:new	HLA-DRB3*02:02:01:new			HLA-E*01:01:01:01	HLA-F*01:01:02:09	HLA-G*01:01:03:03	HLA-H*02:07:01:01	HLA-J*01:01:01:04	HLA-K*01:new	HLA-L*01:03	HLA-N*01:01:01:03	HLA-P*02:new	HLA-S*01:02:new	HLA-T*03:01:01:new	HLA-U*01:05:00:new	HLA-V*01:new	HLA-W*01:new		MICA*002:01:03	MICB*005:02:new	TAP1*02:01:01:new	TAP2*01:01:03:new
HPRC_r2	HG00741#2	NA			NA	HLA-A*68:02:01:01	HLA-B*57:03:01:02	HLA-C*07:01:02:01	HLA-DMA*01:01:01:02	HLA-DMB*01:01:01:12	HLA-DOA*01:01:11	HLA-DOB*01:01:01:new	HLA-DPA1*02:02:02:12	HLA-DPA2*01:new	HLA-DPB1*01:01:01:02	HLA-DPB2*03:01:01:new	HLA-DQA1*04:01:01:05	HLA-DQA2*01:07:00:new	HLA-DQB1*04:02:01:08	HLA-DQB2*01:01:01:10	HLA-DRA*01:01:01:05	HLA-DRB1*03:02:01:new	HLA-DRB3*03:01:01:new			HLA-E*01:03:02:01	HLA-F*01:01:01:18	HLA-G*01:01:02:01	HLA-H*02:05:01:01	HLA-J*01:01:01:10	HLA-K*01:new	HLA-L*01:02:00:new	HLA-N*01:01:01:01	HLA-P*01:02	HLA-S*01:01:01:01	HLA-T*01:01:01:new	HLA-U*01:03:00:new	HLA-V*01:01:01:03	HLA-W*05:new	HLA-Y*02:01	MICA*004:01:02	MICB*005:02:new	TAP1*01:new	TAP2*01:01:03:new
HPRC_r2	HG01071#1	NA			NA	HLA-A*24:02:01:new	HLA-B*44:02:01:01	HLA-C*05:01:01:02	HLA-DMA*01:01:01:04	HLA-DMB*01:01:01:01	HLA-DOA*01:01:01:01	HLA-DOB*01:03:01:02	HLA-DPA1*01:03:01:02	HLA-DPA2*01:01:01:01	HLA-DPB1*04:01:01:01	HLA-DPB2*03:01:01:new	HLA-DQA1*02:01:01:01	HLA-DQA2*01:04:01:01	HLA-DQB1*02:02:01:01	HLA-DQB2*01:01:01:04	HLA-DRA*01:01:01:02	HLA-DRB1*07:01:01:01		HLA-DRB4*01:01:01:01		HLA-E*01:03:02:01	HLA-F*01:03:01:01	HLA-G*01:04:01:01		HLA-J*01:01:01:02		HLA-L*01:01:01:01	HLA-N*01:01:01:01	HLA-P*02:01:01:new	HLA-S*01:02:01:03			HLA-V*01:01:01:01	HLA-W*01:new		MICA*008:01:02	MICB*005:02:new	TAP1*01:01:01:new	TAP2*01:01:03:02
HPRC_r2	HG01071#2		NA	NA	NA	HLA-A*03:01:01:01	HLA-B*40:01:02:04	HLA-C*03:04:01:01	HLA-DMA*01:01:01:01	HLA-DMB*01:01:01:01	HLA-DOA*01:01:02:45	HLA-DOB*01:01:01:new	HLA-DPA1*01:03:01:04	HLA-DPA2*01:01:01:new	HLA-DPB1*04:01:01:03	HLA-DPB2*01:new	HLA-DQA1*05:01:01:03	HLA-DQA2*01:01:04:new	HLA-DQB1*02:01:01:01	HLA-DQB2*01:new	HLA-DRA*01:01:01:01	HLA-DRB1*03:01:01:03	HLA-DRB3*02:02:01:new			HLA-E*01:03:02:01	HLA-F*01:03:01:01	HLA-G*01:01:01:05	HLA-H*02:04:01	HLA-J*01:01:01:04	HLA-K*01:01:01:01	HLA-L*01:01:01:03	HLA-N*01:01:01:01	HLA-P*02:01:01:02	HLA-S*01:02:01:03	HLA-T*03:01:01:01	HLA-U*01:04	HLA-V*01:01:01:01	HLA-W*01:01:01:05		MICA*008:04:02	MICB*004:01:new	TAP1*02:01:01:new	TAP2*01:01:03:12
HPRC_r2	HG01074#1			NA;NA		HLA-A*01:01:01:01	HLA-B*50:01:01:01	HLA-C*06:02:01:47	HLA-DMA*01:01:01:04	HLA-DMB*01:01:01:01	HLA-DOA*01:01:01:new	HLA-DOB*01:04:01:new	HLA-DPA1*01:03:01:01	HLA-DPA2*02:01:01:01	HLA-DPB1*02:01:02:77	HLA-DPB2*01:01:02:new	HLA-DQA1*01:02:01:01	HLA-DQA2*01:01:02:03	HLA-DQB1*06:02:01:01	HLA-DQB2*01:01:01:new	HLA-DRA*01:02:03:new	HLA-DRB1*15:01:01:01			HLA-DRB5*01:01:01:01	HLA-E*01:01:01:01	HLA-F*01:01:01:09	HLA-G*01:06:01:01	HLA-H*02:01:01:01	HLA-J*01:01:01:02	HLA-K*01:01:01:02	HLA-L*01:01:01:01	HLA-N*01:01:01:03	HLA-P*01:01:01:01	HLA-S*01:01:01:01	HLA-T*01:01:01:01	HLA-U*01:01:01:01	HLA-V*01:01:01:02	HLA-W*01:01:01:06		MICA*009:02:01	MICB*005:06:new	TAP1*01:01:01:01	TAP2*01:05:01:02
HPRC_r2	HG01074#2	NA			NA	HLA-A*29:02:01:01	HLA-B*44:03:01:23	HLA-C*16:01:01:01	HLA-DMA*01:01:01:13	HLA-DMB*01:04	HLA-DOA*01:01:05	HLA-DOB*01:01:01:11	HLA-DPA1*02:01:01:01	HLA-DPA2*01:new	HLA-DPB1*11:01:01:01	HLA-DPB2*03:01:01:new	HLA-DQA1*02:01:01:01	HLA-DQA2*01:04:01:01	HLA-DQB1*02:02:01:01	HLA-DQB2*01:01:01:04	HLA-DRA*01:01:01:02	HLA-DRB1*07:01:01:01		HLA-DRB4*01:01:01:01		HLA-E*01:03:02:01	HLA-F*01:01:01:08	HLA-G*01:01:01:04	HLA-H*02:02:01:01	HLA-J*01:01:01:01	HLA-K*01:03	HLA-L*01:02	HLA-N*01:01:01:05	HLA-P*02:01:01:01	HLA-S*01:01:01:01	HLA-T*02:01:01:01	HLA-U*01:01:01:02	HLA-V*01:01:01:01	HLA-W*02:01		MICA*004:01:01	MICB*005:02:new	TAP1*01:01:01:new	TAP2*01:01:08
HPRC_r2	HG01081#1	NA;NA		NA		HLA-A*24:02:01:01	HLA-B*39:01:01:05	HLA-C*12:03:01:01	HLA-DMA*01:01:01:01	HLA-DMB*01:01:01:01	HLA-DOA*01:01:02:45	HLA-DOB*01:01:01:04	HLA-DPA1*01:03:01:04	HLA-DPA2*01:01:01:new	HLA-DPB1*23:01:01:01	HLA-DPB2*01:new	HLA-DQA1*05:05:01:new	HLA-DQA2*01:01:01:new	HLA-DQB1*03:01:01:03	HLA-DQB2*01:02:02:01	HLA-DRA*01:01:01:07	HLA-DRB1*11:01:01:new	HLA-DRB3*02:02:01:new			HLA-E*01:03:02:01	HLA-F*01:01:01:18	HLA-G*01:01:02:01		HLA-J*01:01:01:02		HLA-L*01:03	HLA-N*01:01:01:01	HLA-P*01:02	HLA-S*01:02:01:03			HLA-V*01:01:01:03	HLA-W*01:new		MICA*002:01:01	MICB*005:02:07	TAP1*01:01:01:01	TAP2*02:01:02:new
HPRC_r2	HG01081#2	NA			NA	HLA-A*23:17:01:01	HLA-B*15:03:01:new	HLA-C*02:10:01:01	HLA-DMA*01:01:01:07	HLA-DMB*01:01:01:new	HLA-DOA*01:01:02:32	HLA-DOB*01:01:03:09	HLA-DPA1*03:01:01:14	HLA-DPA2*02:new	HLA-DPB1*105:01:01:06	HLA-DPB2*03:01:01:new	HLA-DQA1*01:02:01:03	HLA-DQA2*01:04:02:new	HLA-DQB1*06:02:01:04	HLA-DQB2*01:01:01:new	HLA-DRA*01:02:02:new	HLA-DRB1*11:01:02:new	HLA-DRB3*02:02:01:new			HLA-E*01:01:01:01	HLA-F*01:03:01:05	HLA-G*01:11:00:new		HLA-J*01:01:01:new		HLA-L*01:01:01:01	HLA-N*01:01:01:new	HLA-P*new	HLA-S*01:02:01:01			HLA-V*01:new	HLA-W*01:new		MICA*002:01:07	MICB*002:01:new	TAP1*02:new	TAP2*01:01:03:new
HPRC_r2	HG01099#1	NA			NA	HLA-A*11:01:01:01	HLA-B*51:01:01:46	HLA-C*02:02:02:01	HLA-DMA*01:01:01:02	HLA-DMB*01:01:01:44	HLA-DOA*01:01:04:03	HLA-DOB*01:03:01:02	HLA-DPA1*02:02:02:01	HLA-DPA2*01:new	HLA-DPB1*05:01:01:19	HLA-DPB2*03:02:00:new	HLA-DQA1*02:01:01:01	HLA-DQA2*01:04:01:new	HLA-DQB1*02:02:01:01	HLA-DQB2*01:01:01:04	HLA-DRA*01:01:01:02	HLA-DRB1*07:01:01:01		HLA-DRB4*01:01:01:new		HLA-E*01:01:01:01	HLA-F*01:01:02:09	HLA-G*01:01:03:03	HLA-H*02:07:01:01	HLA-J*01:01:01:04	HLA-K*01:new	HLA-L*01:03	HLA-N*01:01:01:03	HLA-P*02:new	HLA-S*01:02:01:03	HLA-T*03:01:01:new	HLA-U*01:05:00:new	HLA-V*01:new	HLA-W*01:new		MICA*009:01:new	MICB*002:01:new	TAP1*01:01:01:new	TAP2*01:01:03:02
HPRC_r2	HG01099#2	NA			NA	HLA-A*29:02:01:01	HLA-B*44:03:01:01	HLA-C*16:01:01:01	HLA-DMA*01:01:01:01	HLA-DMB*01:03:01:03	HLA-DOA*01:01:01:01	HLA-DOB*01:03:01:02	HLA-DPA1*01:03:01:02	HLA-DPA2*01:01:01:new	HLA-DPB1*04:01:01:01	HLA-DPB2*03:01:01:new	HLA-DQA1*02:01:01:01	HLA-DQA2*01:04:01:01	HLA-DQB1*02:02:01:01	HLA-DQB2*01:01:01:04	HLA-DRA*01:01:01:02	HLA-DRB1*07:01:01:01		HLA-DRB4*01:01:01:01		HLA-E*01:03:02:01	HLA-F*01:01:01:08	HLA-G*01:01:01:04	HLA-H*02:02:01:01	HLA-J*01:01:01:01	HLA-K*01:03	HLA-L*01:02	HLA-N*01:01:01:05	HLA-P*02:01:01:01	HLA-S*01:01:01:01	HLA-T*02:01:01:01	HLA-U*01:01:01:02	HLA-V*01:01:01:01	HLA-W*02:01		MICA*004:01:01	MICB*005:02:new	TAP1*01:01:01:05	TAP2*01:01:03:new
HPRC_r2	HG01106#1	NA				HLA-A*68:02:01:01	HLA-B*14:02:01:01	HLA-C*08:02:01:01	HLA-DMA*01:01:01:02	HLA-DMB*01:03:01:17	HLA-DOA*01:01:02:45	HLA-DOB*01:03:01:02	HLA-DPA1*02:01:01:02	HLA-DPA2*01:new	HLA-DPB1*14:01:01:01	HLA-DPB2*01:new	HLA-DQA1*05:01:01:01	HLA-DQA2*01:04:01:new	HLA-DQB1*02:01:01:01	HLA-DQB2*01:01:01:03	HLA-DRA*01:01:01:01	HLA-DRB1*03:01:01:02	HLA-DRB3*02:02:01:01			HLA-E*01:01:01:03	HLA-F*01:01:01:18	HLA-G*01:01:02:01	HLA-H*02:05:01:01	HLA-J*01:01:01:10	HLA-K*01:new	HLA-L*01:02:00:new	HLA-N*01:01:01:01	HLA-P*01:02	HLA-S*01:02:01:03	HLA-T*01:01:01:new	HLA-U*01:03:00:new	HLA-V*01:01:01:03	HLA-W*05:new	HLA-Y*02:01	MICA*011:01:01	MICB*005:02:new	TAP1*01:01:01:new	TAP2*01:01:03:new
HPRC_r2	HG01106#2	NA				HLA-A*31:01:02:01	HLA-B*49:01:01:new	HLA-C*07:02:01:01	HLA-DMA*01:01:01:21	HLA-DMB*01:01:01:new	HLA-DOA*01:01:01:01	HLA-DOB*01:01:01:new	HLA-DPA1*01:03:01:02	HLA-DPA2*01:01:01:new	HLA-DPB1*04:01:01:01	HLA-DPB2*03:01:01:new	HLA-DQA1*05:05:01:35	HLA-DQA2*01:06	HLA-DQB1*03:19:01:01	HLA-DQB2*01:01:01:06	HLA-DRA*01:01:01:08	HLA-DRB1*11:02:01:new	HLA-DRB3*02:02:01:12			HLA-E*01:03:01:01	HLA-F*01:01:01:11	HLA-G*01:03:01:02	HLA-H*02:09	HLA-J*01:01:01:09	HLA-K*01:04:00:new	HLA-L*01:03	HLA-N*01:01:01:new	HLA-P*02:new	HLA-S*01:01:01:01	HLA-T*03:01:01:02	HLA-U*01:new	HLA-V*01:new	HLA-W*01:new	HLA-Y*02:01	MICA*004:01:new	MICB*004:01:new	TAP1*01:01:01:01	TAP2*02:01:02:02
HPRC_r2	HG01109#1	NA		NA		HLA-A*68:01:02:01	HLA-B*52:01:02:new	HLA-C*03:04:01:02	HLA-DMA*01:01:01:03	HLA-DMB*01:03:01:03	HLA-DOA*01:01:02:14	HLA-DOB*01:01:01:03	HLA-DPA1*02:01:01:02	HLA-DPA2*01:new	HLA-DPB1*14:01:01:01	HLA-DPB2*01:01:02:new	HLA-DQA1*04:01:01:09	HLA-DQA2*01:01:02:01	HLA-DQB1*04:02:01:04	HLA-DQB2*01:01:01:01	HLA-DRA*01:02:02:11	HLA-DRB1*08:02:01:01				HLA-E*01:03:02:01	HLA-F*01:01:02:08	HLA-G*01:01:02:01	HLA-H*02:05:01:01	HLA-J*01:01:01:09	HLA-K*01:new	HLA-L*01:01:01:01	HLA-N*01:01:01:01	HLA-P*01:02	HLA-S*01:02:01:03	HLA-T*01:01:01:new	HLA-U*01:new	HLA-V*01:01:01:03	HLA-W*05:new	HLA-Y*02:01	MICA*010:01:09	MICB*005:02:21	TAP1*01:01:01:01	TAP2*01:04:01:new
HPRC_r2	HG01109#2	NA			NA	HLA-A*30:02:01:01	HLA-B*35:01:01:05	HLA-C*04:01:01:14	HLA-DMA*01:01:01:21	HLA-DMB*01:01:01:new	HLA-DOA*01:01:02:08	HLA-DOB*01:02:01:new	HLA-DPA1*02:01:08:03	HLA-DPA2*01:new	HLA-DPB1*01:01:01:new	HLA-DPB2*03:01:01:new	HLA-DQA1*01:01:02:01	HLA-DQA2*01:01:01:05	HLA-DQB1*05:01:01:01	HLA-DQB2*01:02:02:new	HLA-DRA*01:01:01:13	HLA-DRB1*01:02:01:01				HLA-E*01:01:01:01	HLA-F*01:01:01:17	HLA-G*01:01:01:08	HLA-H*01:01:02	HLA-J*01:01:01:15	HLA-K*01:new	HLA-L*01:new	HLA-N*01:01:01:new	HLA-P*02:01:01:01	HLA-S*01:02:new	HLA-T*01:new	HLA-U*01:new	HLA-V*01:01:01:01	HLA-W*03:new		MICA*110	MICB*008:01:new	TAP1*01:01:01:new	TAP2*02:04
HPRC_r2	HG01123#1	NA		NA		HLA-A*02:01:01:01	HLA-B*51:01:01:new	HLA-C*15:02:01:01	HLA-DMA*01:01:01:07	HLA-DMB*01:09:00:new	HLA-DOA*01:01:02:09	HLA-DOB*01:02:01:03	HLA-DPA1*02:01:01:02	HLA-DPA2*01:new	HLA-DPB1*01:01:02:02	HLA-DPB2*03:01:new	HLA-DQA1*02:01:01:01	HLA-DQA2*01:04:02:new	HLA-DQB1*02:02:01:01	HLA-DQB2*01:01:01:12	HLA-DRA*01:01:01:03	HLA-DRB1*07:01:01:01		HLA-DRB4*01:03:01:04		HLA-E*01:03:02:01	HLA-F*01:01:01:01	HLA-G*01:01:01:01	HLA-H*01:01:01:01	HLA-J*01:01:01:05	HLA-K*01:02	HLA-L*01:01:01:01	HLA-N*01:01:01:01	HLA-P*02:01:01:01	HLA-S*01:02:01:03	HLA-T*01:01:01:05	HLA-U*01:03:00:new	HLA-V*01:01:01:01	HLA-W*03:01:01:02		MICA*009:01:new	MICB*002:01:new	TAP1*04:01:00:new	TAP2*01:01:05:03
HPRC_r2	HG01123#2	NA;NA				HLA-A*25:01:01:01	HLA-B*18:01:01:05	HLA-C*12:03:01:01	HLA-DMA*01:01:01:04	HLA-DMB*01:01:01:01	HLA-DOA*01:01:04:01	HLA-DOB*01:01:01:01	HLA-DPA1*01:03:01:02	HLA-DPA2*01:01:01:02	HLA-DPB1*126:01:01:new	HLA-DPB2*03:01:01:new	HLA-DQA1*01:03:01:02	HLA-DQA2*01:01:01:04	HLA-DQB1*06:03:01:01	HLA-DQB2*01:02:01:01	HLA-DRA*01:02:02:05	HLA-DRB1*13:01:01:02	HLA-DRB3*01:01:02:new			HLA-E*01:01:01:01	HLA-F*01:01:01:08	HLA-G*01:01:02:01	HLA-H*01:02:01:01	HLA-J*01:01:01:08	HLA-K*01:new	HLA-L*01:01:01:02	HLA-N*01:01:01:01	HLA-P*01:01:01:02	HLA-S*01:02:01:03	HLA-T*01:01:01:new	HLA-U*01:new	HLA-V*01:01:01:03	HLA-W*01:01:01:new		MICA*018:01:01	MICB*002:01:new	TAP1*01:01:01:03	TAP2*01:03:02:01
HPRC_r2	HG01150#1	NA		NA		HLA-A*32:01:01:01	HLA-B*35:08:01:01	HLA-C*04:01:01:06	HLA-DMA*01:01:01:01	HLA-DMB*01:01:01:01	HLA-DOA*01:01:02:02	HLA-DOB*01:02:01:01	HLA-DPA1*01:03:01:05	HLA-DPA2*01:01:01:02	HLA-DPB1*04:02:01:new	HLA-DPB2*03:01:01:new	HLA-DQA1*01:02:02:new	HLA-DQA2*01:03	HLA-DQB1*05:02:01:01	HLA-DQB2*01:01:01:09	HLA-DRA*01:02:03:01	HLA-DRB1*15:01:01:03			HLA-DRB5*01:01:01:new	HLA-E*01:03:02:01	HLA-F*01:01:02:10	HLA-G*01:01:22:05	HLA-H*02:03:02	HLA-J*01:01:01:12	HLA-K*01:01:01:04	HLA-L*01:01:02:new	HLA-N*01:01:01:01	HLA-P*02:01:01:02	HLA-S*01:02:new	HLA-T*02:01:01:02	HLA-U*01:02	HLA-V*01:01:01:01	HLA-W*04:01:00:new		MICA*016:01:01	MICB*002:01:new	TAP1*01:01:01:03	TAP2*01:01:05:02
HPRC_r2	HG01150#2	NA		NA		HLA-A*31:01:02:01	HLA-B*35:43:01	HLA-C*01:02:01:01	HLA-DMA*01:01:01:01	HLA-DMB*01:01:01:01	HLA-DOA*01:01:02:02	HLA-DOB*01:01:01:01	HLA-DPA1*01:03:01:15	HLA-DPA2*01:01:01:02	HLA-DPB1*04:02:01:02	HLA-DPB2*03:01:01:new	HLA-DQA1*05:03:01:01	HLA-DQA2*01:01:01:04	HLA-DQB1*03:01:01:01	HLA-DQB2*01:02:01:01	HLA-DRA*01:02:02:08	HLA-DRB1*14:02:01:new	HLA-DRB3*01:01:02:new			HLA-E*01:01:01:01	HLA-F*01:01:01:11	HLA-G*01:03:01:02	HLA-H*02:09	HLA-J*01:01:01:09	HLA-K*01:04	HLA-L*01:03:00:new	HLA-N*01:01:01:01	HLA-P*02:new	HLA-S*01:02:new	HLA-T*03:01:01:02	HLA-U*01:new	HLA-V*01:new	HLA-W*01:new	HLA-Y*02:01	MICA*002:01:03	MICB*005:02:new	TAP1*01:01:01:05	TAP2*01:03:02:07
HPRC_r2	HG01167#1	NA			NA	HLA-A*02:11:01:01	HLA-B*48:02:01	HLA-C*04:01:01:79	HLA-DMA*01:01:01:01	HLA-DMB*01:01:01:01	HLA-DOA*01:01:02:02	HLA-DOB*01:01:01:01	HLA-DPA1*01:03:01:03	HLA-DPA2*01:01:02:new	HLA-DPB1*03:01:01:01	HLA-DPB2*01:01:01:new	HLA-DQA1*03:01:01:01	HLA-DQA2*01:01:01:04	HLA-DQB1*03:02:01:01	HLA-DQB2*01:02:01:01	HLA-DRA*01:01:01:03	HLA-DRB1*04:11:01:new		HLA-DRB4*01:03:01:new		HLA-E*01:01:01:03	HLA-F*01:01:01:01	HLA-G*01:01:01:01	HLA-H*01:01:01:01	HLA-J*01:01:01:05	HLA-K*01:02	HLA-L*01:03	HLA-N*01:01:01:03	HLA-P*02:01:01:01	HLA-S*01:new	HLA-T*01:01:01:05	HLA-U*01:03:00:new	HLA-V*01:01:01:01	HLA-W*03:01:01:01			MICB*009:01:new	TAP1*01:01:01:05	TAP2*01:03:02:07
HPRC_r2	HG01167#2	NA			NA	HLA-A*29:02:01:01	HLA-B*45:01:01:14	HLA-C*16:01:01:01	HLA-DMA*01:01:01:37	HLA-DMB*01:01:01:21	HLA-DOA*01:01:02:45	HLA-DOB*01:01:01:01	HLA-DPA1*01:03:01:04	HLA-DPA2*01:01:01:new	HLA-DPB1*04:01:01:03	HLA-DPB2*01:new	HLA-DQA1*01:02:01:01	HLA-DQA2*01:01:01:new	HLA-DQB1*06:02:01:01	HLA-DQB2*01:02:01:01	HLA-DRA*01:02:03:01	HLA-DRB1*15:01:01:03			HLA-DRB5*01:01:01:01	HLA-E*01:03:02:01	HLA-F*01:01:01:08	HLA-G*01:01:01:04	HLA-H*02:02:01:01	HLA-J*01:01:01:01	HLA-K*01:03:new	HLA-L*01:02	HLA-N*01:01:01:new	HLA-P*02:01:01:01	HLA-S*01:01:01:01	HLA-T*02:01:01:01	HLA-U*01:01:01:02	HLA-V*01:01:01:01	HLA-W*02:01		MICA*015:01	MICB*002:01:new	TAP1*01:01:01:new	TAP2*01:01:07:06
HPRC_r2	HG01175#1	NA		NA		HLA-A*03:01:01:01	HLA-B*07:02:01:01	HLA-C*07:02:01:03	HLA-DMA*01:01:01:03	HLA-DMB*01:03:01:03	HLA-DOA*01:01:02:02	HLA-DOB*01:01:01:01	HLA-DPA1*01:03:01:02	HLA-DPA2*01:01:01:01	HLA-DPB1*04:01:01:01	HLA-DPB2*03:01:01:01	HLA-DQA1*01:02:01:01	HLA-DQA2*01:01:01:new	HLA-DQB1*06:02:01:01	HLA-DQB2*01:02:01:01	HLA-DRA*01:02:03:01	HLA-DRB1*15:01:01:01			HLA-DRB5*01:01:01:01	HLA-E*01:03:02:01	HLA-F*01:03:01:01	HLA-G*01:01:01:05	HLA-H*02:04:01	HLA-J*01:01:01:04	HLA-K*01:01:01:01	HLA-L*01:01:01:03	HLA-N*01:01:01:01	HLA-P*02:01:01:02	HLA-S*01:01:01:02	HLA-T*03:01:01:01	HLA-U*01:04	HLA-V*01:01:01:01	HLA-W*01:01:01:05		MICA*008:04:01	MICB*004:01:01	TAP1*01:01:01:05	TAP2*01:01:03:01
HPRC_r2	HG01175#2	NA			NA	HLA-A*03:01:01:05	HLA-B*53:01:01:01	HLA-C*04:01:01:75	HLA-DMA*01:01:01:01	HLA-DMB*01:01:01:01	HLA-DOA*01:01:02:15	HLA-DOB*01:01:01:24	HLA-DPA1*01:03:01:05	HLA-DPA2*01:01:01:02	HLA-DPB1*04:02:01:02	HLA-DPB2*03:01:01:new	HLA-DQA1*01:01:01:01	HLA-DQA2*01:01:02:new	HLA-DQB1*05:01:01:03	HLA-DQB2*01:01:01:new	HLA-DRA*01:01:01:05	HLA-DRB1*01:01:01:01				HLA-E*01:03:02:01	HLA-F*01:03:01:01	HLA-G*01:01:01:05	HLA-H*02:04:01	HLA-J*01:01:01:04	HLA-K*01:01:01:01	HLA-L*01:02:00:new	HLA-N*01:01:01:01	HLA-P*02:01:01:02	HLA-S*01:02:01:01	HLA-T*03:01:01:01	HLA-U*01:04	HLA-V*01:01:01:01	HLA-W*01:new		MICA*002:01:02	MICB*005:02:new	TAP1*01:01:01:02	TAP2*02:01:01:new
HPRC_r2	HG01192#1	NA		NA		HLA-A*02:01:01:01	HLA-B*18:01:01:83	HLA-C*07:01:01:16	HLA-DMA*01:01:01:02	HLA-DMB*01:03:01:17	HLA-DOA*01:01:01:01	HLA-DOB*01:01:01:new	HLA-DPA1*01:03:01:01	HLA-DPA2*02:01:01:new	HLA-DPB1*02:01:02:01	HLA-DPB2*01:01:02:new	HLA-DQA1*04:01:01:03	HLA-DQA2*01:01:02:01	HLA-DQB1*04:02:01:04	HLA-DQB2*01:01:01:01	HLA-DRA*01:02:02:11	HLA-DRB1*08:01:01:01				HLA-E*01:03:02:01	HLA-F*01:01:01:01	HLA-G*01:01:01:01	HLA-H*01:01:01:01	HLA-J*01:01:01:05	HLA-K*01:02	HLA-L*01:01:01:01	HLA-N*01:01:01:01	HLA-P*02:01:01:01	HLA-S*01:02:01:03	HLA-T*01:01:01:05	HLA-U*01:03:00:new	HLA-V*01:01:01:01	HLA-W*03:01:01:new		MICA*018:01:06	MICB*005:02:new	TAP1*01:01:01:01	TAP2*02:01:02:new
HPRC_r2	HG01192#2	NA			NA	HLA-A*02:01:01:01	HLA-B*39:05:01:01	HLA-C*03:05:01:01	HLA-DMA*01:01:01:33	HLA-DMB*01:01:01:38	HLA-DOA*01:01:04:03	HLA-DOB*01:02:01:03	HLA-DPA1*03:01:02:02	HLA-DPA2*02:new	HLA-DPB1*105:01:01:11	HLA-DPB2*03:01:01:new	HLA-DQA1*05:01:01:01	HLA-DQA2*01:04:02:new	HLA-DQB1*02:01:01:01	HLA-DQB2*01:01:01:12	HLA-DRA*01:01:01:03	HLA-DRB1*03:01:01:02	HLA-DRB3*02:02:01:01			HLA-E*01:03:02:01	HLA-F*01:01:01:09	HLA-G*01:01:02:01	HLA-H*01:01:01:01	HLA-J*01:01:01:32	HLA-K*01:02	HLA-L*01:01:01:01	HLA-N*01:01:01:01	HLA-P*01:01:01:01	HLA-S*01:02:new	HLA-T*01:01:01:new	HLA-U*01:03:00:new	HLA-V*01:01:01:02	HLA-W*03:01:01:01		MICA*002:01:13Q:new	MICB*005:02:new	TAP1*04:new	TAP2*01:01:05:03
HPRC_r2	HG01243#1	NA			NA	HLA-A*74:01:01:01	HLA-B*15:03:01:02	HLA-C*02:10:01:01	HLA-DMA*01:01:01:19	HLA-DMB*01:01:01:35	HLA-DOA*01:01:02:new	HLA-DOB*01:04:02:new	HLA-DPA1*03:01:01:05	HLA-DPA2*02:new	HLA-DPB1*105:01:01:new	HLA-DPB2*03:01:01:new	HLA-DQA1*01:02:01:23	HLA-DQA2*01:01:01:05	HLA-DQB1*06:09:01:01	HLA-DQB2*01:02:02:new	HLA-DRA*01:02:02:04	HLA-DRB1*13:02:01:04	HLA-DRB3*03:01:01:03			HLA-E*01:01:01:01	HLA-F*01:01:02:08	HLA-G*01:01:01:04	HLA-H*02:05:01:02	HLA-J*01:01:01:30	HLA-K*01:new	HLA-L*01:new	HLA-N*01:01:01:new	HLA-P*02:01:01:new	HLA-S*01:01:01:02	HLA-T*01:01:01:new	HLA-U*01:new	HLA-V*01:01:01:01	HLA-W*02:new		MICA*008:04:05	MICB*008:01:new	TAP1*01:01:01:new	TAP2*01:01:03:new
HPRC_r2	HG01243#2	NA;NA				HLA-A*02:02:01:01	HLA-B*44:03:01:01	HLA-C*16:01:01:01	HLA-DMA*01:01:01:04	HLA-DMB*01:01:01:01	HLA-DOA*01:01:02:02	HLA-DOB*01:01:01:04	HLA-DPA1*01:03:01:05	HLA-DPA2*01:01:01:02	HLA-DPB1*04:02:01:new	HLA-DPB2*03:01:01:new	HLA-DQA1*01:03:01:02	HLA-DQA2*01:01:01:new	HLA-DQB1*06:03:01:01	HLA-DQB2*01:02:02:01	HLA-DRA*01:02:02:05	HLA-DRB1*13:01:01:02	HLA-DRB3*01:01:02:new			HLA-E*01:03:01:11	HLA-F*01:01:02:08	HLA-G*01:03:01:02	HLA-H*01:03:01:01	HLA-J*01:01:01:16	HLA-K*01:new	HLA-L*01:new	HLA-N*01:01:01:04	HLA-P*02:new	HLA-S*01:01:01:01	HLA-T*01:01:01:new	HLA-U*01:03:00:new	HLA-V*01:new	HLA-W*01:01:01:new		MICA*004:01:01	MICB*005:02:new	TAP1*01:01:01:05	TAP2*02:01:02:new
HPRC_r2	HG01252#1	NA		NA		HLA-A*24:02:01:01	HLA-B*35:43:01	HLA-C*01:02:01:01	HLA-DMA*01:01:01:02	HLA-DMB*01:03:01:17	HLA-DOA*01:14	HLA-DOB*01:01:01:01	HLA-DPA1*01:03:01:15	HLA-DPA2*01:01:01:02	HLA-DPB1*04:02:01:02	HLA-DPB2*03:01:01:new	HLA-DQA1*03:01:01:01	HLA-DQA2*01:01:01:04	HLA-DQB1*03:02:01:01	HLA-DQB2*01:02:01:01	HLA-DRA*01:01:01:03	HLA-DRB1*04:04:01:new		HLA-DRB4*01:03:01:new		HLA-E*01:03:02:01	HLA-F*01:01:01:09	HLA-G*01:04:01:01		HLA-J*01:01:01:02		HLA-L*01:01:01:01	HLA-N*01:01:01:01	HLA-P*02:01:01:new	HLA-S*01:02:new			HLA-V*01:01:01:04	HLA-W*01:01:01:07		MICA*002:01:03	MICB*005:02:new	TAP1*01:01:01:05	TAP2*01:03:02:new
HPRC_r2	HG01252#2	NA		NA		HLA-A*24:02:01:01	HLA-B*35:43:01	HLA-C*01:02:01:01	HLA-DMA*01:01:01:03	HLA-DMB*01:03:01:03	HLA-DOA*01:01:02:45	HLA-DOB*01:01:01:24	HLA-DPA1*02:01:02:02	HLA-DPA2*01:new	HLA-DPB1*01:01:01:01	HLA-DPB2*03:01:01:new	HLA-DQA1*03:01:01:01	HLA-DQA2*01:01:02:new	HLA-DQB1*03:02:01:01	HLA-DQB2*01:01:01:01	HLA-DRA*01:01:01:03	HLA-DRB1*04:92:00:new		HLA-DRB4*01:03:01:new		HLA-E*01:03:02:01	HLA-F*01:01:01:09	HLA-G*01:04:01:01		HLA-J*01:01:01:02		HLA-L*01:01:01:01	HLA-N*01:01:01:01	HLA-P*02:01:01:new	HLA-S*01:02:new			HLA-V*01:01:01:04	HLA-W*01:01:01:new		MICA*002:01:03	MICB*005:02:new	TAP1*02:01:01:new	TAP2*02:01:03:new
HPRC_r2	HG01255#1	NA			NA	HLA-A*30:02:01:01	HLA-B*27:05:02:05	HLA-C*01:02:01:01	HLA-DMA*01:01:01:01	HLA-DMB*01:01:01:03	HLA-DOA*01:01:02:new	HLA-DOB*01:01:01:04	HLA-DPA1*01:03:01:01	HLA-DPA2*02:01:01:01	HLA-DPB1*02:01:02:82	HLA-DPB2*01:01:02:new	HLA-DQA1*01:03:01:02	HLA-DQA2*01:01:01:new	HLA-DQB1*06:03:01:01	HLA-DQB2*01:02:02:01	HLA-DRA*01:02:02:05	HLA-DRB1*13:01:01:02	HLA-DRB3*01:01:02:new			HLA-E*01:01:01:01	HLA-F*01:01:01:17	HLA-G*01:01:01:08	HLA-H*01:01:02	HLA-J*01:01:01:15	HLA-K*01:new	HLA-L*01:03:00:new	HLA-N*01:01:01:04	HLA-P*02:01:01:01	HLA-S*01:01:01:new	HLA-T*01:new	HLA-U*01:new	HLA-V*01:01:01:01	HLA-W*03:new		MICA*007:01:07	MICB*005:02:new	TAP1*01:01:01:01	TAP2*02:01:02:02
HPRC_r2	HG01255#2	NA		NA		HLA-A*02:02:01:01	HLA-B*07:02:01:14	HLA-C*07:02:01:01	HLA-DMA*01:02:01:03	HLA-DMB*01:01:01:new	HLA-DOA*01:01:03:05	HLA-DOB*01:02:01:new	HLA-DPA1*01:03:01:02	HLA-DPA2*01:new	HLA-DPB1*18:01:01:01	HLA-DPB2*03:01:01:new	HLA-DQA1*01:02:01:03	HLA-DQA2*01:01:04:02	HLA-DQB1*06:02:01:01	HLA-DQB2*01:01:01:new	HLA-DRA*01:01:01:02	HLA-DRB1*15:03:01:03			HLA-DRB5*01:01:01:new	HLA-E*01:01:01:01	HLA-F*01:01:02:11	HLA-G*01:03:01:02	HLA-H*01:03:01:new	HLA-J*01:01:01:14	HLA-K*01:new	HLA-L*01:01:01:01	HLA-N*01:01:01:01	HLA-P*02:new	HLA-S*01:01:01:02	HLA-T*01:01:01:new	HLA-U*01:03:00:new	HLA-V*01:new	HLA-W*05:new		MICA*008:04:01	MICB*004:01:new	TAP1*04:01:00:new	TAP2*01:01:05:new
HPRC_r2	HG01258#1	NA			NA	HLA-A*02:147:00:new	HLA-B*15:01:01:01	HLA-C*03:03:01:01	HLA-DMA*01:01:01:04	HLA-DMB*01:01:01:03	HLA-DOA*01:01:04:01	HLA-DOB*01:01:01:04	HLA-DPA1*01:03:01:02	HLA-DPA2*01:01:01:01	HLA-DPB1*04:01:01:01	HLA-DPB2*01:new	HLA-DQA1*01:03:01:02	HLA-DQA2*01:01:01:new	HLA-DQB1*06:03:01:01	HLA-DQB2*01:02:02:01	HLA-DRA*01:01:01:07	HLA-DRB1*13:01:01:02	HLA-DRB3*02:02:01:new			HLA-E*01:03:02:01	HLA-F*01:01:01:01	HLA-G*01:01:01:01	HLA-H*01:01:01:01	HLA-J*01:01:01:05	HLA-K*01:02	HLA-L*01:01:01:01	HLA-N*01:01:01:01	HLA-P*02:01:01:01	HLA-S*01:04	HLA-T*01:01:01:05	HLA-U*01:03:00:new	HLA-V*01:01:01:01	HLA-W*03:01:01:new		MICA*010:01:01	MICB*002:01:02	TAP1*01:01:01:01	TAP2*02:01:02:02
HPRC_r2	HG01258#2	NA			NA	HLA-A*03:01:01:01	HLA-B*07:02:01:01	HLA-C*07:02:01:03	HLA-DMA*01:01:01:02	HLA-DMB*01:03:01:17	HLA-DOA*01:01:04:01	HLA-DOB*01:01:03:09	HLA-DPA1*01:03:01:05	HLA-DPA2*01:01:01:02	HLA-DPB1*04:02:01:02	HLA-DPB2*03:01:01:new	HLA-DQA1*01:05:01:01	HLA-DQA2*01:01:02:new	HLA-DQB1*05:01:01:05	HLA-DQB2*01:01:01:new	HLA-DRA*01:01:01:11	HLA-DRB1*10:01:01:03				HLA-E*01:03:02:01	HLA-F*01:03:01:01	HLA-G*01:01:01:05	HLA-H*02:04:01	HLA-J*01:01:01:04	HLA-K*01:01:01:01	HLA-L*01:01:01:03	HLA-N*01:01:01:01	HLA-P*02:01:01:02	HLA-S*01:01:01:02	HLA-T*03:01:01:01	HLA-U*01:04	HLA-V*01:01:01:01	HLA-W*01:01:01:05		MICA*008:04:01	MICB*004:01:new	TAP1*01:01:01:new	TAP2*01:01:07:05
HPRC_r2	HG01261#1	NA		NA		HLA-A*03:01:01:05	HLA-B*51:193:01	HLA-C*15:02:01:01	HLA-DMA*01:01:01:01	HLA-DMB*01:01:01:01	HLA-DOA*01:01:02:02	HLA-DOB*01:01:01:28	HLA-DPA1*01:03:01:15	HLA-DPA2*01:01:01:02	HLA-DPB1*04:02:01:02	HLA-DPB2*03:01:01:new	HLA-DQA1*03:02:01:01	HLA-DQA2*01:01:04:01	HLA-DQB1*03:03:02:02	HLA-DQB2*01:07:01:04	HLA-DRA*01:01:01:12	HLA-DRB1*09:01:02:05		HLA-DRB4*01:03:02:new		HLA-E*01:03:02:01	HLA-F*01:01:01:09	HLA-G*01:01:02:01	HLA-H*02:04:01	HLA-J*01:01:01:new	HLA-K*01:01:01:01	HLA-L*01:02	HLA-N*01:01:01:05	HLA-P*01:01:01:01	HLA-S*01:02:01:03	HLA-T*03:01:01:01	HLA-U*01:04	HLA-V*01:01:01:02	HLA-W*04:new		MICA*009:01:01	MICB*002:01:new	TAP1*01:01:01:01	TAP2*01:05:new
HPRC_r2	HG01261#2	NA		NA;NA		HLA-A*03:01:01:01	HLA-B*14:02:01:01	HLA-C*08:02:01:01	HLA-DMA*01:01:01:07	HLA-DMB*01:03:01:new	HLA-DOA*01:01:02:02	HLA-DOB*01:01:01:24	HLA-DPA1*01:03:01:15	HLA-DPA2*01:01:01:02	HLA-DPB1*04:02:01:02	HLA-DPB2*03:01:01:new	HLA-DQA1*04:01:01:09	HLA-DQA2*01:01:02:01	HLA-DQB1*04:02:01:04	HLA-DQB2*01:01:01:07	HLA-DRA*01:01:01:new	HLA-DRB1*08:02:01:01				HLA-E*01:01:01:01	HLA-F*01:03:01:01	HLA-G*01:01:01:05	HLA-H*02:04:01	HLA-J*01:01:01:04	HLA-K*01:01:new	HLA-L*01:01:01:01	HLA-N*01:01:01:01	HLA-P*02:01:01:02	HLA-S*01:02:01:03	HLA-T*03:01:01:01	HLA-U*01:04	HLA-V*01:01:01:01	HLA-W*01:new		MICA*011:01:04Q:new	MICB*005:02:new	TAP1*01:01:01:new	TAP2*02:01:03:new
HPRC_r2	HG01346#1	NA		NA		HLA-A*24:02:01:01	HLA-B*35:12:01:01	HLA-C*04:01:01:79	HLA-DMA*01:01:01:01	HLA-DMB*01:01:01:new	HLA-DOA*01:01:02:02	HLA-DOB*01:01:01:28	HLA-DPA1*01:03:01:02	HLA-DPA2*01:01:01:01	HLA-DPB1*04:01:01:new	HLA-DPB2*03:01:01:new	HLA-DQA1*05:03:01:01	HLA-DQA2*01:01:02:new	HLA-DQB1*03:01:01:01	HLA-DQB2*01:07:01:new	HLA-DRA*01:02:02:08	HLA-DRB1*14:02:01:new	HLA-DRB3*01:01:02:new			HLA-E*01:01:01:01	HLA-F*01:01:01:09	HLA-G*01:04:01:01		HLA-J*01:01:01:02		HLA-L*01:03	HLA-N*01:01:01:01	HLA-P*02:01:01:new	HLA-S*01:02:new			HLA-V*01:01:01:04	HLA-W*01:01:01:07		MICA*002:01:03	MICB*005:02:new	TAP1*01:01:01:new	TAP2*01:05:01:new
HPRC_r2	HG01346#2			NA;NA		HLA-A*03:01:01:01	HLA-B*38:01:01:01	HLA-C*12:03:01:01	HLA-DMA*01:01:02	HLA-DMB*01:01:01:05	HLA-DOA*01:01:02:20	HLA-DOB*01:01:01:01	HLA-DPA1*01:03:01:01	HLA-DPA2*01:01:01:new	HLA-DPB1*04:01:01:new	HLA-DPB2*03:01:01:new	HLA-DQA1*01:04:01:02	HLA-DQA2*01:01:01:04	HLA-DQB1*05:03:01:01	HLA-DQB2*01:02:01:01	HLA-DRA*01:02:02:08	HLA-DRB1*13:02:01:new	HLA-DRB3*03:01:01:01			HLA-E*01:06:01:01	HLA-F*01:03:01:01	HLA-G*01:01:01:05	HLA-H*02:04:01	HLA-J*01:01:01:02	HLA-K*01:01:01:01	HLA-L*01:03	HLA-N*01:01:01:03	HLA-P*02:01:01:02	HLA-S*01:02:01:03	HLA-T*03:01:01:01	HLA-U*01:04	HLA-V*01:01:01:01	HLA-W*01:01:01:01		MICA*002:01:01	MICB*002:01:new	TAP1*01:01:01:new	TAP2*01:03:02:new
HPRC_r2	HG01358#1	NA		NA		HLA-A*24:02:01:01	HLA-B*35:43:01	HLA-C*01:02:01:01	HLA-DMA*01:02:01:09	HLA-DMB*01:01:01:11	HLA-DOA*01:01:04:01	HLA-DOB*01:01:01:24	HLA-DPA1*02:01:01:02	HLA-DPA2*01:new	HLA-DPB1*14:01:01:01	HLA-DPB2*01:01:02:new	HLA-DQA1*03:01:01:01	HLA-DQA2*01:01:02:01	HLA-DQB1*03:02:01:01	HLA-DQB2*01:01:01:01	HLA-DRA*01:01:01:03	HLA-DRB1*04:92:00:new		HLA-DRB4*01:03:01:new		HLA-E*01:03:02:01	HLA-F*01:01:01:09	HLA-G*01:04:01:01		HLA-J*01:01:01:02		HLA-L*01:01:01:01	HLA-N*01:01:01:01	HLA-P*02:01:01:new	HLA-S*01:02:new			HLA-V*01:01:01:04	HLA-W*01:01:01:07		MICA*002:01:03	MICB*005:02:new	TAP1*01:01:01:02	TAP2*02:01:03:03
HPRC_r2	HG01358#2	NA			NA	HLA-A*30:02:01:01	HLA-B*49:01:01:04	HLA-C*07:01:01:16	HLA-DMA*01:01:01:02	HLA-DMB*01:03:01:15	HLA-DOA*01:01:03:01	HLA-DOB*01:01:01:01	HLA-DPA1*01:03:01:33	HLA-DPA2*01:01:01:new	HLA-DPB1*02:01:02:26	HLA-DPB2*01:new	HLA-DQA1*01:02:01:04	HLA-DQA2*01:03	HLA-DQB1*06:04:01:01	HLA-DQB2*01:01:01:02	HLA-DRA*01:02:02:08	HLA-DRB1*13:02:01:new	HLA-DRB3*03:01:01:02			HLA-E*01:03:01:01	HLA-F*01:01:01:17	HLA-G*01:01:01:08	HLA-H*01:01:02	HLA-J*01:01:01:15	HLA-K*01:new	HLA-L*01:02:00:new	HLA-N*01:01:01:03	HLA-P*02:01:01:01	HLA-S*01:01:01:01	HLA-T*01:new	HLA-U*01:new	HLA-V*01:01:01:01	HLA-W*03:new		MICA*004:01:new	MICB*002:01:new	TAP1*01:new	TAP2*01:01:03:new
HPRC_r2	HG01361#1	NA			NA	HLA-A*34:02:01:01	HLA-B*58:02:01:01	HLA-C*06:02:01:95	HLA-DMA*01:01:01:13	HLA-DMB*01:04	HLA-DOA*01:01:05	HLA-DOB*01:01:01:24	HLA-DPA1*02:01:01:01	HLA-DPA2*01:new	HLA-DPB1*11:01:01:01	HLA-DPB2*03:01:01:new	HLA-DQA1*05:05:01:35	HLA-DQA2*01:04:01:new	HLA-DQB1*03:01:01:16	HLA-DQB2*01:01:01:04	HLA-DRA*01:01:01:19	HLA-DRB1*11:02:01:new	HLA-DRB3*02:02:01:new			HLA-E*01:01:01:52	HLA-F*01:02:01:02	HLA-G*01:01:09:new	HLA-H*02:11:01:01	HLA-J*01:01:01:04	HLA-K*01:new	HLA-L*01:01:new	HLA-N*01:01:01:01	HLA-P*02:new	HLA-S*01:02:01:01	HLA-T*01:01:01:new	HLA-U*01:03:00:new	HLA-V*01:01:01:01	HLA-W*01:new		MICA*002:01:07	MICB*005:02:new	TAP1*01:01:01:new	TAP2*02:01:new
HPRC_r2	HG01361#2	NA			NA	HLA-A*02:01:01:01	HLA-B*44:03:01:01	HLA-C*16:01:01:01	HLA-DMA*01:03:01:02	HLA-DMB*01:07:01:04	HLA-DOA*01:01:02:20	HLA-DOB*01:01:01:11	HLA-DPA1*02:01:04	HLA-DPA2*01:new	HLA-DPB1*13:01:01:04	HLA-DPB2*03:01:01:new	HLA-DQA1*02:01:01:01	HLA-DQA2*01:04:01:01	HLA-DQB1*02:02:01:01	HLA-DQB2*01:01:01:04	HLA-DRA*01:01:01:02	HLA-DRB1*07:01:01:01		HLA-DRB4*01:01:01:new		HLA-E*01:03:02:01	HLA-F*01:01:01:08	HLA-G*01:01:01:01	HLA-H*01:01:01:05	HLA-J*01:01:01:05	HLA-K*01:02	HLA-L*01:02:00:new	HLA-N*01:01:01:05	HLA-P*02:01:01:new	HLA-S*01:01:01:01	HLA-T*01:01:01:05	HLA-U*01:03:00:new	HLA-V*01:01:01:01	HLA-W*03:01:01:new		MICA*004:01:01	MICB*005:02:new	TAP1*02:01:01:new	TAP2*01:01:08
HPRC_r2	HG01433#1	NA		NA		HLA-A*02:01:01:01	HLA-B*27:05:02:05	HLA-C*02:02:02:01	HLA-DMA*01:01:01:01	HLA-DMB*01:01:01:31	HLA-DOA*01:01:02:45	HLA-DOB*01:01:01:01	HLA-DPA1*01:03:01:04	HLA-DPA2*01:01:01:01	HLA-DPB1*04:01:01:01	HLA-DPB2*03:01:01:03	HLA-DQA1*03:01:01:01	HLA-DQA2*01:01:01:04	HLA-DQB1*03:02:01:01	HLA-DQB2*01:02:01:01	HLA-DRA*01:01:01:03	HLA-DRB1*04:03:01:new		HLA-DRB4*01:03:01:03		HLA-E*01:01:01:53	HLA-F*01:01:01:01	HLA-G*01:01:01:01	HLA-H*01:01:01:01	HLA-J*01:01:01:05	HLA-K*01:02	HLA-L*01:01:01:01	HLA-N*01:01:01:01	HLA-P*02:01:01:01	HLA-S*01:01:01:new	HLA-T*01:01:01:05	HLA-U*01:03:00:new	HLA-V*01:01:01:01	HLA-W*03:01:01:new		MICA*007:01:new	MICB*005:02:new	TAP1*01:01:01:03	TAP2*01:03:02:01
HPRC_r2	HG01433#2	NA			NA	HLA-A*02:01:01:01	HLA-B*08:01:01:01	HLA-C*07:01:01:01	HLA-DMA*01:02:01:09	HLA-DMB*01:01:01:11	HLA-DOA*01:01:02:02	HLA-DOB*01:01:01:24	HLA-DPA1*01:03:01:15	HLA-DPA2*01:01:01:02	HLA-DPB1*04:02:01:02	HLA-DPB2*03:01:01:new	HLA-DQA1*02:01:01:01	HLA-DQA2*01:01:02:new	HLA-DQB1*02:02:01:01	HLA-DQB2*01:01:01:01	HLA-DRA*01:01:01:02	HLA-DRB1*07:01:01:01		HLA-DRB4*01:01:01:01		HLA-E*01:01:01:01	HLA-F*01:01:01:01	HLA-G*01:01:01:01	HLA-H*01:01:01:01	HLA-J*01:01:01:05	HLA-K*01:02	HLA-L*01:01:01:01	HLA-N*01:01:01:01	HLA-P*02:01:01:01	HLA-S*01:02:01:01	HLA-T*01:01:01:05	HLA-U*01:03:00:new	HLA-V*01:01:01:01	HLA-W*03:01:01:02		MICA*008:01:01	MICB*008:01:01	TAP1*01:01:01:02	TAP2*02:01:03:03
HPRC_r2	HG01496#1	NA			NA	HLA-A*02:01:01:01	HLA-B*07:02:01:01	HLA-C*07:02:01:03	HLA-DMA*01:01:01:01	HLA-DMB*01:01:01:31	HLA-DOA*01:01:05	HLA-DOB*01:01:01:24	HLA-DPA1*02:01:01:01	HLA-DPA2*01:new	HLA-DPB1*11:01:01:01	HLA-DPB2*03:01:01:new	HLA-DQA1*01:01:01:01	HLA-DQA2*01:01:04:01	HLA-DQB1*05:01:01:03	HLA-DQB2*01:07:01:04	HLA-DRA*01:01:01:05	HLA-DRB1*01:03:01:01				HLA-E*01:03:02:01	HLA-F*01:01:01:08	HLA-G*01:01:01:01	HLA-H*01:01:01:01	HLA-J*01:01:01:11	HLA-K*01:02	HLA-L*01:01:01:02	HLA-N*01:01:01:01	HLA-P*02:01:01:01	HLA-S*01:01:01:02	HLA-T*01:01:01:02	HLA-U*01:03:00:new	HLA-V*01:01:01:01	HLA-W*03:01:01:01		MICA*008:04:01	MICB*004:01:01	TAP1*01:01:01:03	TAP2*02:01:01:new
HPRC_r2	HG01496#2	NA		NA;NA		HLA-A*24:02:01:01	HLA-B*40:02:01:01	HLA-C*03:05:01:01	HLA-DMA*01:02:01:01	HLA-DMB*01:01:01:02	HLA-DOA*01:01:02:02	HLA-DOB*01:01:01:01	HLA-DPA1*01:03:01:15	HLA-DPA2*01:01:01:new	HLA-DPB1*04:02:01:02	HLA-DPB2*03:01:01:new	HLA-DQA1*03:01:01:01	HLA-DQA2*01:01:01:04	HLA-DQB1*03:02:01:01	HLA-DQB2*01:02:01:01	HLA-DRA*01:01:01:03	HLA-DRB1*04:03:01:new		HLA-DRB4*01:03:01:new		HLA-E*01:03:02:01	HLA-F*01:01:01:09	HLA-G*01:04:01:01		HLA-J*01:01:01:02		HLA-L*01:01:01:01	HLA-N*01:01:01:01	HLA-P*02:01:01:new	HLA-S*01:02:01:03			HLA-V*01:01:01:04	HLA-W*01:01:01:07		MICA*027:01:02	MICB*005:02:21	TAP1*01:01:01:new	TAP2*01:03:02:new
HPRC_r2	HG01530#1	NA			NA	HLA-A*02:01:01:01	HLA-B*07:02:01:01	HLA-C*07:02:01:03	HLA-DMA*01:01:01:01	HLA-DMB*01:01:01:31	HLA-DOA*01:01:02:26	HLA-DOB*01:01:01:24	HLA-DPA1*01:03:01:01	HLA-DPA2*02:01:01:01	HLA-DPB1*02:01:02:07	HLA-DPB2*01:01:02	HLA-DQA1*01:01:01:01	HLA-DQA2*01:01:04:01	HLA-DQB1*05:01:01:03	HLA-DQB2*01:07:01:04	HLA-DRA*01:01:01:05	HLA-DRB1*01:03:01:01				HLA-E*01:03:02:01	HLA-F*01:01:01:08	HLA-G*01:01:02:01	HLA-H*01:01:01:01	HLA-J*01:01:01:11	HLA-K*01:02	HLA-L*01:01:01:02	HLA-N*01:01:01:01	HLA-P*01:01:01:02	HLA-S*01:01:01:02	HLA-T*01:01:01:05	HLA-U*01:03:00:new	HLA-V*01:01:01:03	HLA-W*03:01:01:01		MICA*008:04:01	MICB*004:01:01	TAP1*01:01:01:03	TAP2*02:01:01:new
HPRC_r2	HG01530#2	NA			NA	HLA-A*24:02:01:04	HLA-B*35:03:01:new	HLA-C*12:03:01:01	HLA-DMA*01:02:01:01	HLA-DMB*01:01:01:02	HLA-DOA*01:01:02:02	HLA-DOB*01:05	HLA-DPA1*01:03:01:05	HLA-DPA2*01:01:01:02	HLA-DPB1*04:02:01:02	HLA-DPB2*03:01:01:new	HLA-DQA1*02:01:01:01	HLA-DQA2*01:01:02:new	HLA-DQB1*02:02:01:01	HLA-DQB2*01:01:01:new	HLA-DRA*01:01:01:02	HLA-DRB1*07:01:01:01		HLA-DRB4*01:01:01:01		HLA-E*01:03:02:01	HLA-F*01:01:01:09	HLA-G*01:04:01:01		HLA-J*01:01:01:02		HLA-L*01:02:00:new	HLA-N*01:01:01:new	HLA-P*02:01:01:new	HLA-S*01:02:new			HLA-V*01:01:01:04	HLA-W*01:new		MICA*002:01:15	MICB*005:02:new	TAP1*01:01:01:03	TAP2*02:01:02:01
HPRC_r2	HG01784#1	NA;NA				HLA-A*02:01:01:01	HLA-B*44:02:01:01	HLA-C*05:01:01:02	HLA-DMA*01:01:01:01	HLA-DMB*01:01:01:01	HLA-DOA*01:01:02:45	HLA-DOB*01:01:01:01	HLA-DPA1*01:03:01:12	HLA-DPA2*01:new	HLA-DPB1*104:01:01:03	HLA-DPB2*03:01:01:new	HLA-DQA1*03:03:01:05	HLA-DQA2*01:01:01:new	HLA-DQB1*02:02:01:02	HLA-DQB2*01:new	HLA-DRA*01:01:01:03	HLA-DRB1*04:05:01:new		HLA-DRB4*01:03:01:04		HLA-E*01:01:01:01	HLA-F*01:01:01:09	HLA-G*01:06:01:01	HLA-H*02:01:01:01	HLA-J*01:01:01:05	HLA-K*01:02	HLA-L*01:01:01:01	HLA-N*01:01:01:01	HLA-P*01:01:01:new	HLA-S*01:02:01:03	HLA-T*01:01:01:01	HLA-U*01:03:00:new	HLA-V*01:01:01:02	HLA-W*03:01:01:01		MICA*008:01:02	MICB*005:02:06	TAP1*01:01:01:new	TAP2*01:01:03:new
HPRC_r2	HG01784#2	NA			NA	HLA-A*23:01:01:01	HLA-B*44:03:01:19	HLA-C*04:01:01:14	HLA-DMA*01:01:01:02	HLA-DMB*01:03:01:02	HLA-DOA*01:01:04:01	HLA-DOB*01:01:01:03	HLA-DPA1*01:03:01:04	HLA-DPA2*01:01:01:new	HLA-DPB1*04:01:01:05	HLA-DPB2*01:01:02:new	HLA-DQA1*03:03:01:01	HLA-DQA2*01:03	HLA-DQB1*03:01:01:01	HLA-DQB2*01:01:01:02	HLA-DRA*01:01:01:03	HLA-DRB1*04:01:01:new		HLA-DRB4*01:03:01:01		HLA-E*01:01:01:01	HLA-F*01:01:01:17	HLA-G*01:01:01:01		HLA-J*01:01:01:15		HLA-L*01:01:01:01	HLA-N*01:01:01:03	HLA-P*02:01:01:new	HLA-S*01:01:01:01			HLA-V*01:01:01:01	HLA-W*01:new		MICA*004:01:01	MICB*005:02:new	TAP1*01:01:01:01	TAP2*01:04:01:new
HPRC_r2	HG01786#1	NA;NA				HLA-A*02:01:01:01	HLA-B*44:02:01:01	HLA-C*05:01:01:45	HLA-DMA*01:01:01:07	HLA-DMB*01:09:00:new	HLA-DOA*01:01:02:26	HLA-DOB*01:02:01:03	HLA-DPA1*01:03:01:04	HLA-DPA2*01:01:01:new	HLA-DPB1*04:01:01:04	HLA-DPB2*03:01:01:03	HLA-DQA1*05:05:01:04	HLA-DQA2*01:04:01:01	HLA-DQB1*03:01:01:03	HLA-DQB2*01:01:01:04	HLA-DRA*01:01:01:07	HLA-DRB1*11:01:01:new	HLA-DRB3*02:02:01:new			HLA-E*01:01:01:01	HLA-F*01:01:01:08	HLA-G*01:01:01:01	HLA-H*01:01:01:01	HLA-J*01:01:01:17	HLA-K*01:02	HLA-L*01:01:01:02	HLA-N*01:01:01:01	HLA-P*02:01:01:01	HLA-S*01:02:01:03	HLA-T*01:01:01:02	HLA-U*01:03:00:new	HLA-V*01:01:01:01	HLA-W*03:01:01:new		MICA*008:01:02	MICB*005:02:new	TAP1*04:01:00:new	TAP2*01:01:05:03
HPRC_r2	HG01786#2	NA			NA	HLA-A*03:01:01:01	HLA-B*15:17:01:new	HLA-C*07:01:02:01	HLA-DMA*01:01:01:04	HLA-DMB*01:01:01:new	HLA-DOA*01:01:02:26	HLA-DOB*01:01:01:08	HLA-DPA1*01:03:01:04	HLA-DPA2*02:01:01:01	HLA-DPB1*04:01:01:10	HLA-DPB2*01:01:02:new	HLA-DQA1*01:02:01:04	HLA-DQA2*01:01:03	HLA-DQB1*06:04:01:01	HLA-DQB2*01:03	HLA-DRA*01:02:02:08	HLA-DRB1*13:02:01:new	HLA-DRB3*03:01:01:02			HLA-E*01:03:02:01	HLA-F*01:03:01:01	HLA-G*01:01:01:05	HLA-H*02:04:01	HLA-J*01:01:01:04	HLA-K*01:01:01:01	HLA-L*01:01:01:03	HLA-N*01:01:01:01	HLA-P*02:01:01:02	HLA-S*01:03	HLA-T*03:01:01:01	HLA-U*01:04	HLA-V*01:01:01:01	HLA-W*01:01:01:05		MICA*008:01:14	MICB*005:08:00:new	TAP1*01:01:01:05	TAP2*02:01:02:new
HPRC_r2	HG01884#1	NA			NA	HLA-A*33:03:01:01	HLA-B*35:01:01:06	HLA-C*07:18:01:01	HLA-DMA*01:01:01:33	HLA-DMB*01:03:01:06	HLA-DOA*01:01:02:32	HLA-DOB*01:02:01:03	HLA-DPA1*01:03:01:35	HLA-DPA2*01:01:01:new	HLA-DPB1*02:01:02:new	HLA-DPB2*03:01:01:new	HLA-DQA1*05:05:01:new	HLA-DQA2*01:06	HLA-DQB1*03:19:01:01	HLA-DQB2*01:01:01:06	HLA-DRA*01:01:01:08	HLA-DRB1*13:04	HLA-DRB3*02:02:01:12			HLA-E*01:03:05:01	HLA-F*01:01:02:10	HLA-G*01:04:01:01	HLA-H*02:08:01:01	HLA-J*01:01:01:09	HLA-K*01:04	HLA-L*01:02:00:new	HLA-N*01:01:01:05	HLA-P*new	HLA-S*01:02:new	HLA-T*03:01:01:02	HLA-U*01:06:00:new	HLA-V*01:new	HLA-W*01:new	HLA-Y*02:01:00:new	MICA*002:01:13Q:new	MICB*024:01:new	TAP1*01:01:01:01	TAP2*01:05:01:07
HPRC_r2	HG01884#2			NA	NA;NA	HLA-A*30:01:01:01	HLA-B*57:03:01:05	HLA-C*18:02:01:01	HLA-DMA*01:01:01:33	HLA-DMB*01:03:01:06	HLA-DOA*01:01:02:32	HLA-DOB*01:01:03:02	HLA-DPA1*01:03:01:34	HLA-DPA2*01:new	HLA-DPB1*104:01:01:new	HLA-DPB2*03:01:01:new	HLA-DQA1*01:02:01:14	HLA-DQA2*01:04:02:new	HLA-DQB1*05:01:01:03	HLA-DQB2*01:01:01:12	HLA-DRA*01:01:01:05	HLA-DRB1*13:01:01:new	HLA-DRB3*03:01:01:01			HLA-E*01:01:01:01	HLA-F*01:01:01:09	HLA-G*01:05:01N	HLA-H*02:05:01:03	HLA-J*01:01:01:10	HLA-K*01:new	HLA-L*01:01:01:new	HLA-N*01:01:01:04	HLA-P*01:01:01:01	HLA-S*01:02:01:01	HLA-T*01:01:01:new	HLA-U*01:new	HLA-V*01:01:01:new	HLA-W*03:new	HLA-Y*02:01	MICA*018:01:new	MICB*005:02:new	TAP1*01:01:01:new	TAP2*01:01:03:new
HPRC_r2	HG01891#1	NA			NA	HLA-A*30:01:01:01	HLA-B*07:02:01:14	HLA-C*07:02:01:01	HLA-DMA*01:01:01:02	HLA-DMB*01:01:01:new	HLA-DOA*01:01:04:05	HLA-DOB*01:01:01:01	HLA-DPA1*02:01:02:02	HLA-DPA2*01:new	HLA-DPB1*01:01:01:new	HLA-DPB2*03:01:01:new	HLA-DQA1*01:02:01:03	HLA-DQA2*01:01:01:04	HLA-DQB1*06:02:01:01	HLA-DQB2*01:02:01:new	HLA-DRA*01:01:01:02	HLA-DRB1*15:03:01:03			HLA-DRB5*01:01:01:new	HLA-E*01:03:02:01	HLA-F*01:01:01:09	HLA-G*01:05:01N	HLA-H*02:05:01:03	HLA-J*01:01:01:10	HLA-K*01:new	HLA-L*01:02:00:new	HLA-N*01:01:01:01	HLA-P*01:01:01:01	HLA-S*01:01:01:02	HLA-T*01:01:01:new	HLA-U*01:new	HLA-V*01:01:01:new	HLA-W*03:new	HLA-Y*02:01	MICA*008:04:new	MICB*005:02:new	TAP1*01:01:01:new	TAP2*01:02:01:new
HPRC_r2	HG01891#2	NA			NA	HLA-A*30:01:01:01	HLA-B*42:01:01:01	HLA-C*17:01:01:new	HLA-DMA*01:01:01:37	HLA-DMB*01:01:01:new	HLA-DOA*01:01:05	HLA-DOB*01:02:01:new	HLA-DPA1*02:01:01:01	HLA-DPA2*01:new	HLA-DPB1*11:01:01:01	HLA-DPB2*01:new	HLA-DQA1*01:01:02:01	HLA-DQA2*01:01:01:05	HLA-DQB1*05:01:01:01	HLA-DQB2*01:02:02:new	HLA-DRA*01:01:01:13	HLA-DRB1*01:02:01:01				HLA-E*01:01:01:01	HLA-F*01:01:01:09	HLA-G*01:05:01N	HLA-H*02:05:01:03	HLA-J*01:01:01:10	HLA-K*01:new	HLA-L*01:new	HLA-N*01:01:01:01	HLA-P*01:01:01:01	HLA-S*01:03	HLA-T*01:01:01:new	HLA-U*01:new	HLA-V*01:01:01:new	HLA-W*03:new	HLA-Y*02:01	MICA*004:01:03	MICB*002:01:new	TAP1*01:01:01:new	TAP2*02:04
HPRC_r2	HG01928#1	NA		NA		HLA-A*02:01:01:01	HLA-B*35:01:01:84	HLA-C*04:01:01:79	HLA-DMA*01:02:01:09	HLA-DMB*01:01:01:11	HLA-DOA*01:01:02:02	HLA-DOB*01:01:01:01	HLA-DPA1*01:03:01:15	HLA-DPA2*01:01:01:02	HLA-DPB1*04:02:01:02	HLA-DPB2*03:01:01:new	HLA-DQA1*03:01:01:01	HLA-DQA2*01:01:01:04	HLA-DQB1*03:02:01:01	HLA-DQB2*01:02:01:01	HLA-DRA*01:01:01:03	HLA-DRB1*04:04:01:new		HLA-DRB4*01:03:01:new		HLA-E*01:01:01:03	HLA-F*01:01:01:09	HLA-G*01:01:01:01	HLA-H*01:01:01:01	HLA-J*01:01:01:new	HLA-K*01:02	HLA-L*01:03	HLA-N*01:01:01:03	HLA-P*02:01:01:01	HLA-S*01:02:new	HLA-T*01:01:01:05	HLA-U*01:03:00:new	HLA-V*01:01:01:01	HLA-W*03:01:01:01		MICA*002:01:03	MICB*005:02:new	TAP1*01:01:01:05	TAP2*01:03:02:07
HPRC_r2	HG01928#2	NA		NA		HLA-A*02:01:01:01	HLA-B*35:10:00:new	HLA-C*04:01:01:35	HLA-DMA*01:01:01:02	HLA-DMB*01:03:01:17	HLA-DOA*01:14	HLA-DOB*01:01:01:new	HLA-DPA1*01:03:01:01	HLA-DPA2*02:01:01:01	HLA-DPB1*02:01:02:01	HLA-DPB2*01:01:02	HLA-DQA1*03:02:01:01	HLA-DQA2*01:01:02:01	HLA-DQB1*03:03:02:04	HLA-DQB2*01:01:01:07	HLA-DRA*01:01:01:03	HLA-DRB1*09:01:02:new		HLA-DRB4*01:03:01:new		HLA-E*01:01:01:03	HLA-F*01:01:01:09	HLA-G*01:01:01:01	HLA-H*01:01:01:01	HLA-J*01:01:01:05	HLA-K*01:02	HLA-L*01:03	HLA-N*01:01:01:03	HLA-P*02:01:01:01	HLA-S*01:02:new	HLA-T*01:01:01:05	HLA-U*01:03:00:new	HLA-V*01:01:01:01	HLA-W*03:01:01:01		MICA*002:01:03	MICB*005:02:new	TAP1*02:01:01:new	TAP2*01:02:02:new
HPRC_r2	HG01934#1	NA		NA		HLA-A*29:02:01:01	HLA-B*44:03:01:01	HLA-C*16:01:01:01	HLA-DMA*01:01:01:37	HLA-DMB*01:01:01:21	HLA-DOA*01:01:04:01	HLA-DOB*01:01:01:01	HLA-DPA1*01:03:01:04	HLA-DPA2*01:01:01:01	HLA-DPB1*04:01:01:01	HLA-DPB2*03:01:01:new	HLA-DQA1*01:02:01:10	HLA-DQA2*01:01:01:new	HLA-DQB1*06:02:01:01	HLA-DQB2*01:02:01:01	HLA-DRA*01:02:03:01	HLA-DRB1*15:01:01:03			HLA-DRB5*01:01:01:new	HLA-E*01:03:02:01	HLA-F*01:01:01:08	HLA-G*01:01:01:04	HLA-H*02:02:01:01	HLA-J*01:01:01:01	HLA-K*01:03	HLA-L*01:02	HLA-N*01:01:01:05	HLA-P*02:01:01:01	HLA-S*01:01:01:01	HLA-T*02:01:01:01	HLA-U*01:01:01:02	HLA-V*01:01:01:01	HLA-W*02:01		MICA*004:01:01	MICB*003:01:new	TAP1*01:01:01:new	TAP2*01:01:07:06
HPRC_r2	HG01934#2		NA		NA	HLA-A*02:64:01	HLA-B*40:111	HLA-C*03:78:00:new	HLA-DMA*01:02:01:01	HLA-DMB*01:01:01:02	HLA-DOA*01:01:04:01	HLA-DOB*01:01:01:01	HLA-DPA1*02:01:01:02	HLA-DPA2*01:new	HLA-DPB1*14:01:01:01	HLA-DPB2*01:01:02:new	HLA-DQA1*03:01:01:01	HLA-DQA2*01:01:01:04	HLA-DQB1*03:02:01:01	HLA-DQB2*01:02:01:01	HLA-DRA*01:01:01:12	HLA-DRB1*04:04:01:new		HLA-DRB4*01:03:02:new		HLA-E*01:01:01:03	HLA-F*01:01:01:01	HLA-G*01:01:01:01	HLA-H*01:01:01:01	HLA-J*01:01:01:32	HLA-K*01:02	HLA-L*01:03	HLA-N*01:01:01:03	HLA-P*02:01:01:01	HLA-S*01:02:01:03	HLA-T*01:01:01:05	HLA-U*01:03:00:new	HLA-V*01:01:01:01	HLA-W*03:01:01:01		MICA*027:01:02	MICB*005:02:21	TAP1*01:01:01:05	TAP2*01:03:02:07
HPRC_r2	HG01940#1		NA		NA	HLA-A*02:11:01:01	HLA-B*39:05:01:02	HLA-C*07:02:01:01	HLA-DMA*01:01:01:07	HLA-DMB*01:03:01:new	HLA-DOA*01:14	HLA-DOB*01:01:01:24	HLA-DPA1*01:03:01:new	HLA-DPA2*01:01:01:02	HLA-DPB1*04:02:01:02	HLA-DPB2*03:01:01:new	HLA-DQA1*05:03:01:01	HLA-DQA2*01:01:02:01	HLA-DQB1*03:01:01:01	HLA-DQB2*01:01:01:01	HLA-DRA*01:02:02:08	HLA-DRB1*14:02:01:new	HLA-DRB3*01:01:02:new			HLA-E*01:01:01:03	HLA-F*01:01:01:09	HLA-G*01:01:02:01	HLA-H*01:01:01:01	HLA-J*01:01:01:32	HLA-K*01:02	HLA-L*01:03	HLA-N*01:01:01:03	HLA-P*01:01:01:01	HLA-S*01:02:01:03	HLA-T*01:01:01:new	HLA-U*01:03:00:new	HLA-V*01:01:01:02	HLA-W*03:01:01:01		MICA*002:01:13Q:new	MICB*005:02:new	TAP1*02:01:01:new	TAP2*02:01:03:new
HPRC_r2	HG01940#2		NA		NA	HLA-A*02:01:01:01	HLA-B*35:05:01:02	HLA-C*04:01:01:79	HLA-DMA*01:02:01:09	HLA-DMB*01:01:01:11	HLA-DOA*01:01:04:01	HLA-DOB*01:01:01:03	HLA-DPA1*02:01:01:02	HLA-DPA2*01:new	HLA-DPB1*14:01:01:01	HLA-DPB2*01:01:02:new	HLA-DQA1*05:03:01:01	HLA-DQA2*01:01:02:01	HLA-DQB1*03:01:01:01	HLA-DQB2*01:01:01:01	HLA-DRA*01:02:02:08	HLA-DRB1*14:02:01:new	HLA-DRB3*01:01:02:new			HLA-E*01:01:01:03	HLA-F*01:01:01:01	HLA-G*01:01:01:01	HLA-H*01:01:01:01	HLA-J*01:01:01:05	HLA-K*01:02	HLA-L*01:03	HLA-N*01:01:01:03	HLA-P*02:01:01:01	HLA-S*01:02:new	HLA-T*01:01:01:05	HLA-U*01:03:00:new	HLA-V*01:01:01:01	HLA-W*03:new		MICA*002:01:03	MICB*005:02:new	TAP1*01:01:01:new	TAP2*01:04:01:new
HPRC_r2	HG01943#1	NA		NA		HLA-A*02:01:01:01	HLA-B*35:10:00:new	HLA-C*03:04:01:02	HLA-DMA*01:02:01:09	HLA-DMB*01:01:01:11	HLA-DOA*01:14	HLA-DOB*01:01:01:24	HLA-DPA1*01:03:01:01	HLA-DPA2*02:01:01:01	HLA-DPB1*02:01:02:new	HLA-DPB2*01:01:02	HLA-DQA1*03:01:01:01	HLA-DQA2*01:01:02:01	HLA-DQB1*03:02:01:01	HLA-DQB2*01:01:01:01	HLA-DRA*01:01:01:03	HLA-DRB1*04:92:00:new		HLA-DRB4*01:03:01:new		HLA-E*01:03:01:01	HLA-F*01:01:06	HLA-G*01:01:01:01	HLA-H*01:01:01:01	HLA-J*01:01:01:05	HLA-K*01:02	HLA-L*01:03	HLA-N*01:01:01:01	HLA-P*02:01:01:01	HLA-S*01:02:new	HLA-T*01:01:01:05	HLA-U*01:03:00:new	HLA-V*01:01:01:01	HLA-W*03:01:01:01		MICA*002:01:03	MICB*005:02:new	TAP1*01:01:01:02	TAP2*02:01:03:03
HPRC_r2	HG01943#2	NA			NA	HLA-A*02:01:01:01	HLA-B*35:05:01:02	HLA-C*04:01:01:79	HLA-DMA*01:01:01:03	HLA-DMB*01:03:01:03	HLA-DOA*01:01:02:02	HLA-DOB*01:01:01:new	HLA-DPA1*01:03:01:15	HLA-DPA2*01:01:01:02	HLA-DPB1*04:02:01:02	HLA-DPB2*03:01:01:new	HLA-DQA1*03:02:01:01	HLA-DQA2*01:01:02:09	HLA-DQB1*03:03:02:04	HLA-DQB2*01:01:01:new	HLA-DRA*01:01:01:12	HLA-DRB1*09:06:00:new		HLA-DRB4*01:03:02:new		HLA-E*01:01:01:03	HLA-F*01:01:01:01	HLA-G*01:01:01:01	HLA-H*01:01:01:01	HLA-J*01:01:01:05	HLA-K*01:02	HLA-L*01:03	HLA-N*01:01:01:03	HLA-P*02:01:01:01	HLA-S*01:02:new	HLA-T*01:01:01:05	HLA-U*01:03:00:new	HLA-V*01:01:01:01	HLA-W*03:01:01:01			MICB*005:02:new	TAP1*02:01:01:new	TAP2*01:02:02:new
HPRC_r2	HG01952#1		NA		NA	HLA-A*68:01:02:01	HLA-B*39:09:01:01	HLA-C*03:04:01:02	HLA-DMA*01:01:01:02	HLA-DMB*01:03:01:17	HLA-DOA*01:14	HLA-DOB*01:01:01:new	HLA-DPA1*01:03:01:new	HLA-DPA2*02:01:01:01	HLA-DPB1*105:01:01:19	HLA-DPB2*01:01:02:new	HLA-DQA1*05:03:01:01	HLA-DQA2*01:01:02:09	HLA-DQB1*03:01:01:01	HLA-DQB2*01:01:01:new	HLA-DRA*01:02:02:08	HLA-DRB1*14:02:01:new	HLA-DRB3*01:01:02:new			HLA-E*01:03:02:01	HLA-F*01:01:02:08	HLA-G*01:01:02:01	HLA-H*02:05:01:01	HLA-J*01:01:01:09	HLA-K*01:new	HLA-L*01:01:01:01	HLA-N*01:01:01:01	HLA-P*01:02	HLA-S*01:02:01:03	HLA-T*01:01:01:new	HLA-U*01:new	HLA-V*01:01:01:03	HLA-W*05:new	HLA-Y*02:01	MICA*002:01:13Q:new	MICB*005:02:new	TAP1*02:01:01:new	TAP2*01:02:02:new
HPRC_r2	HG01952#2	NA	NA			HLA-A*02:11:01:new	HLA-B*40:02:01:01	HLA-C*03:05:01:new	HLA-DMA*01:01:01:01	HLA-DMB*01:01:01:01	HLA-DOA*01:01:02:02	HLA-DOB*01:01:01:01	HLA-DPA1*01:03:01:15	HLA-DPA2*01:01:01:02	HLA-DPB1*04:02:01:02	HLA-DPB2*03:01:01:new	HLA-DQA1*03:03:01:06	HLA-DQA2*01:01:01:04	HLA-DQB1*03:02:01:01	HLA-DQB2*01:02:01:01	HLA-DRA*01:01:01:03	HLA-DRB1*04:10:01:new		HLA-DRB4*01:03:01:new		HLA-E*01:01:01:03	HLA-F*01:01:01:09	HLA-G*01:01:02:01	HLA-H*01:01:01:01	HLA-J*01:01:01:32	HLA-K*01:02	HLA-L*01:03	HLA-N*01:01:01:03	HLA-P*01:01:01:01	HLA-S*01:02:01:03	HLA-T*01:01:01:new	HLA-U*01:03:00:new	HLA-V*01:01:01:02	HLA-W*03:01:01:01		MICA*027:01:02	MICB*002:01:new	TAP1*01:01:01:05	TAP2*01:03:02:new
HPRC_r2	HG01960#1	NA			NA	HLA-A*03:01:01:05	HLA-B*35:01:01:06	HLA-C*04:01:01:14	HLA-DMA*01:01:01:21	HLA-DMB*01:01:01:new	HLA-DOA*01:01:02:08	HLA-DOB*01:01:01:01	HLA-DPA1*02:01:02:02	HLA-DPA2*01:new	HLA-DPB1*01:01:01:01	HLA-DPB2*03:01:01:new	HLA-DQA1*02:01:01:01	HLA-DQA2*01:04:02:new	HLA-DQB1*02:02:01:01	HLA-DQB2*01:01:01:12	HLA-DRA*01:01:01:03	HLA-DRB1*07:01:01:new		HLA-DRB4*01:03:01:04		HLA-E*01:03:05:01	HLA-F*01:01:01:18	HLA-G*01:01:01:05	HLA-H*02:04:01	HLA-J*01:01:01:04	HLA-K*01:01:01:01	HLA-L*01:02:00:new	HLA-N*01:01:01:05	HLA-P*02:01:01:02	HLA-S*01:02:new	HLA-T*03:01:01:01	HLA-U*01:04	HLA-V*01:01:01:new	HLA-W*01:new		MICA*002:01:13Q:new	MICB*004:01:new	TAP1*01:01:new	TAP2*01:new
HPRC_r2	HG01960#2	NA			NA	HLA-A*34:02:01:01	HLA-B*35:01:01:61	HLA-C*04:01:01:14	HLA-DMA*01:01:01:33	HLA-DMB*01:03:01:06	HLA-DOA*01:01:02:32	HLA-DOB*01:01:03:02	HLA-DPA1*01:03:01:34	HLA-DPA2*01:new	HLA-DPB1*104:01:01:new	HLA-DPB2*03:01:01:new	HLA-DQA1*01:02:01:14	HLA-DQA2*01:04:02:new	HLA-DQB1*05:01:01:03	HLA-DQB2*01:01:01:12	HLA-DRA*01:02:02:new	HLA-DRB1*13:01:01:new	HLA-DRB3*03:01:01:01			HLA-E*01:03:02:01	HLA-F*01:02:01:02	HLA-G*01:01:09:new	HLA-H*02:11:new	HLA-J*01:01:01:04	HLA-K*01:new	HLA-L*01:01:new	HLA-N*01:01:01:01	HLA-P*02:new	HLA-S*01:02:new	HLA-T*01:01:01:new	HLA-U*01:03:00:new	HLA-V*01:01:01:01	HLA-W*01:new		MICA*002:01:07	MICB*008:01:11	TAP1*01:01:01:new	TAP2*01:01:03:new
HPRC_r2	HG01969#1	NA			NA	HLA-A*01:01:01:01	HLA-B*08:01:01:01	HLA-C*07:01:01:01	HLA-DMA*01:01:01:13	HLA-DMB*01:04	HLA-DOA*01:01:05	HLA-DOB*01:01:01:11	HLA-DPA1*02:01:01:01	HLA-DPA2*01:new	HLA-DPB1*11:01:01:01	HLA-DPB2*03:01:01:new	HLA-DQA1*02:01:01:01	HLA-DQA2*01:04:01:01	HLA-DQB1*02:02:01:01	HLA-DQB2*01:01:01:04	HLA-DRA*01:01:01:02	HLA-DRB1*07:01:01:new		HLA-DRB4*01:01:01:01		HLA-E*01:03:05:01	HLA-F*01:01:01:09	HLA-G*01:06:01:01	HLA-H*02:01:01:01	HLA-J*01:01:01:02	HLA-K*01:01:01:02	HLA-L*01:02:00:new	HLA-N*01:01:01:05	HLA-P*01:01:01:01	HLA-S*01:02:01:01	HLA-T*01:01:01:01	HLA-U*01:01:01:01	HLA-V*01:01:01:02	HLA-W*01:01:01:06		MICA*008:01:01	MICB*008:01:01	TAP1*01:01:01:new	TAP2*01:01:08
HPRC_r2	HG01969#2	NA			NA	HLA-A*02:01:01:01	HLA-B*07:02:01:111	HLA-C*07:02:01:03	HLA-DMA*01:03:01:02	HLA-DMB*01:07:01:new	HLA-DOA*01:01:01:01	HLA-DOB*01:01:01:24	HLA-DPA1*01:03:01:02	HLA-DPA2*01:01:01:new	HLA-DPB1*04:01:01:01	HLA-DPB2*03:01:01:new	HLA-DQA1*01:01:01:01	HLA-DQA2*01:01:04:01	HLA-DQB1*05:01:01:03	HLA-DQB2*01:07:01:04	HLA-DRA*01:01:01:05	HLA-DRB1*01:03:01:01				HLA-E*01:03:02:01	HLA-F*01:01:01:09	HLA-G*01:01:02:01	HLA-H*01:01:01:01	HLA-J*01:01:01:32	HLA-K*01:02	HLA-L*01:03	HLA-N*01:01:01:03	HLA-P*01:01:01:01	HLA-S*01:01:01:02	HLA-T*01:01:01:new	HLA-U*01:03:00:new	HLA-V*01:01:01:02	HLA-W*03:01:01:01		MICA*008:04:01	MICB*004:01:01	TAP1*04:01:00:new	TAP2*02:01:03:new
HPRC_r2	HG01975#1	NA		NA;NA		HLA-A*68:01:02:01	HLA-B*40:04:01:01	HLA-C*03:04:01:02	HLA-DMA*01:01:01:01	HLA-DMB*01:01:01:01	HLA-DOA*01:01:02:15	HLA-DOB*01:01:01:01	HLA-DPA1*02:02:02:01	HLA-DPA2*01:new	HLA-DPB1*05:01:01:01	HLA-DPB2*03:02:00:new	HLA-DQA1*03:01:01:01	HLA-DQA2*01:01:01:04	HLA-DQB1*03:02:01:01	HLA-DQB2*01:02:01:01	HLA-DRA*01:01:01:03	HLA-DRB1*04:07:01:new		HLA-DRB4*01:03:01:new		HLA-E*01:03:02:01	HLA-F*01:01:02:08	HLA-G*01:01:02:01	HLA-H*02:05:01:01	HLA-J*01:01:01:09	HLA-K*01:new	HLA-L*01:01:01:01	HLA-N*01:01:01:01	HLA-P*01:02	HLA-S*01:02:01:03	HLA-T*01:01:01:new	HLA-U*01:new	HLA-V*01:01:01:03	HLA-W*05:new	HLA-Y*02:01	MICA*027:01:02	MICB*005:02:21	TAP1*01:01:01:new	TAP2*01:03:02:07
HPRC_r2	HG01975#2		NA		NA	HLA-A*02:01:01:01	HLA-B*40:02:01:01	HLA-C*03:04:01:02	HLA-DMA*01:01:01:07	HLA-DMB*01:03:01:new	HLA-DOA*01:01:02:02	HLA-DOB*01:01:01:24	HLA-DPA1*01:03:01:15	HLA-DPA2*01:01:01:02	HLA-DPB1*04:02:01:02	HLA-DPB2*03:01:01:new	HLA-DQA1*03:02:01:01	HLA-DQA2*01:01:02:01	HLA-DQB1*03:03:02:04	HLA-DQB2*01:01:01:07	HLA-DRA*01:01:01:12	HLA-DRB1*09:01:02:new		HLA-DRB4*01:03:02:new		HLA-E*01:01:01:03	HLA-F*01:01:01:09	HLA-G*01:01:02:01	HLA-H*01:01:01:01	HLA-J*01:01:01:32	HLA-K*01:02	HLA-L*01:03	HLA-N*01:01:01:03	HLA-P*01:01:01:01	HLA-S*01:02:01:03	HLA-T*01:01:01:new	HLA-U*01:03:00:new	HLA-V*01:01:01:02	HLA-W*03:01:01:01		MICA*027:01:02	MICB*005:02:new	TAP1*01:01:01:new	TAP2*02:01:03:new
HPRC_r2	HG01978#1	NA			NA	HLA-A*68:17:01	HLA-B*39:14:01:03	HLA-C*04:01:01:79	HLA-DMA*01:02:01:01	HLA-DMB*01:01:01:02	HLA-DOA*01:01:02:02	HLA-DOB*01:01:01:24	HLA-DPA1*01:03:01:15	HLA-DPA2*01:01:01:02	HLA-DPB1*04:02:01:02	HLA-DPB2*03:01:01:new	HLA-DQA1*05:05:01:15	HLA-DQA2*01:01:02:01	HLA-DQB1*03:01:01:06	HLA-DQB2*01:01:01:01	HLA-DRA*01:01:01:01	HLA-DRB1*16:02:01:02			HLA-DRB5*02:02:01:new	HLA-E*01:01:01:new	HLA-F*01:01:02:08	HLA-G*01:01:02:01	HLA-H*02:05:01:01	HLA-J*01:01:01:09	HLA-K*01:new	HLA-L*01:03	HLA-N*01:01:01:01	HLA-P*01:02	HLA-S*01:02:01:03	HLA-T*01:01:01:new	HLA-U*01:new	HLA-V*01:01:01:03	HLA-W*05:new	HLA-Y*02:01	MICA*002:01:13Q:new	MICB*005:02:21	TAP1*01:01:01:new	TAP2*01:01:07:new
HPRC_r2	HG01978#2	NA		NA;NA		HLA-A*68:01:02:01	HLA-B*40:02:01:18	HLA-C*03:04:01:02	HLA-DMA*01:02:01:01	HLA-DMB*01:01:01:02	HLA-DOA*01:01:02:02	HLA-DOB*01:01:01:03	HLA-DPA1*01:03:01:15	HLA-DPA2*01:01:01:02	HLA-DPB1*04:02:01:02	HLA-DPB2*03:01:01:new	HLA-DQA1*03:02:01:01	HLA-DQA2*01:01:02:01	HLA-DQB1*03:03:02:04	HLA-DQB2*01:01:01:07	HLA-DRA*01:01:01:03	HLA-DRB1*09:01:02:new		HLA-DRB4*01:03:01:new		HLA-E*01:03:02:01	HLA-F*01:01:02:08	HLA-G*01:01:02:01	HLA-H*02:05:01:01	HLA-J*01:01:01:01	HLA-K*01:new	HLA-L*01:03	HLA-N*01:01:01:01	HLA-P*01:02	HLA-S*01:02:01:03	HLA-T*01:01:01:new	HLA-U*01:new	HLA-V*01:01:01:03	HLA-W*05:new		MICA*027:01:new	MICB*005:02:21	TAP1*01:01:01:01	TAP2*01:04:01:new
HPRC_r2	HG01981#1	NA		NA		HLA-A*02:01:01:01	HLA-B*44:02:01:01	HLA-C*05:01:01:02	HLA-DMA*01:01:01:01	HLA-DMB*01:01:01:03	HLA-DOA*01:01:01:01	HLA-DOB*01:01:01:01	HLA-DPA1*01:03:01:03	HLA-DPA2*01:01:02:new	HLA-DPB1*06:01:01:01	HLA-DPB2*01:01:01	HLA-DQA1*03:01:01:01	HLA-DQA2*01:01:01:04	HLA-DQB1*03:02:01:01	HLA-DQB2*01:02:01:01	HLA-DRA*01:01:01:03	HLA-DRB1*04:04:01:new		HLA-DRB4*01:03:01:03		HLA-E*01:01:01:01	HLA-F*01:01:01:01	HLA-G*01:01:01:01	HLA-H*01:01:01:01	HLA-J*01:01:01:05	HLA-K*01:02	HLA-L*01:01:01:01	HLA-N*01:01:01:01	HLA-P*02:01:01:01	HLA-S*01:02:01:03	HLA-T*01:01:01:05	HLA-U*01:03:00:new	HLA-V*01:01:01:01	HLA-W*03:01:01:01		MICA*008:01:02	MICB*005:02:new	TAP1*01:01:01:03	TAP2*01:03:02:01
HPRC_r2	HG01981#2	NA		NA;NA		HLA-A*02:11:01:01	HLA-B*35:06	HLA-C*07:02:01:01	HLA-DMA*01:01:01:03	HLA-DMB*01:03:01:03	HLA-DOA*01:01:02:02	HLA-DOB*01:01:01:01	HLA-DPA1*01:03:01:15	HLA-DPA2*01:01:01:02	HLA-DPB1*04:02:01:02	HLA-DPB2*03:01:01:new	HLA-DQA1*03:01:01:01	HLA-DQA2*01:01:01:04	HLA-DQB1*03:02:01:01	HLA-DQB2*01:02:01:01	HLA-DRA*01:01:01:03	HLA-DRB1*04:04:01:new		HLA-DRB4*01:03:01:new		HLA-E*01:01:01:03	HLA-F*01:01:01:09	HLA-G*01:01:02:01	HLA-H*01:01:01:01	HLA-J*01:01:01:32	HLA-K*01:02	HLA-L*01:03	HLA-N*01:01:01:03	HLA-P*01:01:01:01	HLA-S*01:02:new	HLA-T*01:01:01:new	HLA-U*01:03:00:new	HLA-V*01:01:01:02	HLA-W*03:01:01:01		MICA*002:01:03	MICB*005:02:21	TAP1*01:01:01:new	TAP2*01:03:02:new
HPRC_r2	HG01993#1	NA			NA	HLA-A*02:01:01:01	HLA-B*39:12:01:02	HLA-C*07:02:01:01	HLA-DMA*01:01:01:03	HLA-DMB*01:03:01:03	HLA-DOA*01:01:01:01	HLA-DOB*01:01:01:24	HLA-DPA1*02:02:02:02	HLA-DPA2*01:01:02:new	HLA-DPB1*03:01:01:08	HLA-DPB2*01:01:02:new	HLA-DQA1*05:05:01:05	HLA-DQA2*01:01:02:01	HLA-DQB1*03:01:01:06	HLA-DQB2*01:01:01:01	HLA-DRA*01:01:01:01	HLA-DRB1*16:02:01:new			HLA-DRB5*02:02:01:new	HLA-E*01:03:01:01	HLA-F*01:01:01:01	HLA-G*01:01:01:01	HLA-H*01:01:01:01	HLA-J*01:01:01:09	HLA-K*01:02	HLA-L*01:03	HLA-N*01:01:01:01	HLA-P*02:01:01:01	HLA-S*01:02:01:03	HLA-T*01:01:01:05	HLA-U*01:03:00:new	HLA-V*01:01:01:01	HLA-W*05:new	HLA-Y*02:01	MICA*002:01:13Q:new	MICB*005:02:21	TAP1*02:01:01:new	TAP2*02:01:03:new
HPRC_r2	HG01993#2	NA			NA	HLA-A*11:01:01:01	HLA-B*35:01:01:05	HLA-C*04:01:01:05	HLA-DMA*01:01:01:01	HLA-DMB*01:01:01:31	HLA-DOA*01:01:02:26	HLA-DOB*01:01:01:24	HLA-DPA1*01:03:01:01	HLA-DPA2*02:01:01:01	HLA-DPB1*02:01:02:07	HLA-DPB2*01:01:02	HLA-DQA1*01:01:01:01	HLA-DQA2*01:01:04:01	HLA-DQB1*05:01:01:03	HLA-DQB2*01:07:01:04	HLA-DRA*01:01:01:05	HLA-DRB1*01:03:01:01				HLA-E*01:01:01:01	HLA-F*01:01:02:09	HLA-G*01:01:03:03	HLA-H*02:07:01:01	HLA-J*01:01:01:04	HLA-K*01:new	HLA-L*01:03	HLA-N*01:01:01:03	HLA-P*02:new	HLA-S*01:02:new	HLA-T*03:01:01:new	HLA-U*01:05:00:new	HLA-V*01:new	HLA-W*01:new		MICA*002:01:03	MICB*002:01:new	TAP1*01:01:01:03	TAP2*02:01:01:new
HPRC_r2	HG02004#1		NA		NA	HLA-A*02:11:01:01	HLA-B*40:04:01:01	HLA-C*03:04:01:02	HLA-DMA*01:01:01:07	HLA-DMB*01:03:01:new	HLA-DOA*01:01:04:01	HLA-DOB*01:01:01:24	HLA-DPA1*02:01:01:02	HLA-DPA2*01:new	HLA-DPB1*14:01:01:01	HLA-DPB2*01:01:02:new	HLA-DQA1*03:02:01:01	HLA-DQA2*01:01:02:01	HLA-DQB1*03:03:02:04	HLA-DQB2*01:01:01:07	HLA-DRA*01:01:01:new	HLA-DRB1*09:01:02:new		HLA-DRB4*01:03:01:new		HLA-E*01:03:02:01	HLA-F*01:01:01:01	HLA-G*01:01:01:01	HLA-H*01:01:01:01	HLA-J*01:01:01:02	HLA-K*01:02	HLA-L*01:01:01:01	HLA-N*01:01:01:01	HLA-P*02:01:01:01	HLA-S*01:02:01:03	HLA-T*01:01:01:05	HLA-U*01:03:00:new	HLA-V*01:01:01:01	HLA-W*03:01:01:01		MICA*027:01:02	MICB*005:02:21	TAP1*01:01:01:new	TAP2*02:01:03:new
HPRC_r2	HG02004#2	NA		NA;NA		HLA-A*02:01:01:01	HLA-B*40:64:01:01	HLA-C*03:04:01:02	HLA-DMA*01:01:01:01	HLA-DMB*01:01:01:01	HLA-DOA*01:01:01:01	HLA-DOB*01:01:01:03	HLA-DPA1*02:02:02:01	HLA-DPA2*01:new	HLA-DPB1*05:01:01:04	HLA-DPB2*03:02:00:new	HLA-DQA1*03:02:01:01	HLA-DQA2*01:01:02:07	HLA-DQB1*03:03:02:02	HLA-DQB2*01:07:01:new	HLA-DRA*01:01:01:new	HLA-DRB1*09:01:02:new		HLA-DRB4*01:03:02:new		HLA-E*01:01:01:01	HLA-F*01:01:06	HLA-G*01:01:01:new	HLA-H*01:01:01:01	HLA-J*01:01:01:05	HLA-K*01:02	HLA-L*01:03	HLA-N*01:01:01:01	HLA-P*02:01:01:01	HLA-S*01:02:01:new	HLA-T*01:01:01:05	HLA-U*01:03:00:new	HLA-V*01:01:01:01	HLA-W*03:01:01:01		MICA*027:01:new	MICB*005:02:21	TAP1*01:01:01:01	TAP2*01:04:01:new
HPRC_r2	HG02015#1	NA	NA		NA	HLA-A*03:01:01:01	HLA-B*38:01:01:01	HLA-C*12:03:01:01	HLA-DMA*01:01:01:01	HLA-DMB*01:01:01:new	HLA-DOA*01:01:01:01	HLA-DOB*01:01:01:03	HLA-DPA1*02:02:02:new	HLA-DPA2*01:new	HLA-DPB1*05:01:01:01	HLA-DPB2*01:new	HLA-DQA1*01:02:02:01	HLA-DQA2*01:01:04:01	HLA-DQB1*05:02:01:01	HLA-DQB2*01:07:01:04	HLA-DRA*01:01:01:02	HLA-DRB1*16:02:01:01			HLA-DRB5*01:01:01:new	HLA-E*01:03:02:01	HLA-F*01:03:01:01	HLA-G*01:01:01:05	HLA-H*02:04:01	HLA-J*01:01:01:04	HLA-K*01:01:01:01	HLA-L*01:01:01:03	HLA-N*01:01:01:01	HLA-P*02:01:01:02	HLA-S*01:02:01:03	HLA-T*03:01:01:01	HLA-U*01:04	HLA-V*01:01:01:01	HLA-W*01:01:01:05		MICA*002:01:01	MICB*002:01:new	TAP1*03:01:00:new	TAP2*01:04:01:new
HPRC_r2	HG02015#2	NA		NA		HLA-A*33:03:01:01	HLA-B*58:01:01:03	HLA-C*03:02:02:05	HLA-DMA*01:01:01:03	HLA-DMB*01:03:01:01	HLA-DOA*01:01:01:01	HLA-DOB*01:01:01:24	HLA-DPA1*02:02:02:01	HLA-DPA2*01:new	HLA-DPB1*05:01:01:01	HLA-DPB2*03:02:00:new	HLA-DQA1*03:03:01:03	HLA-DQA2*01:01:01:new	HLA-DQB1*04:01:01:03	HLA-DQB2*01:01:01:new	HLA-DRA*01:01:01:18	HLA-DRB1*04:05:01:new		HLA-DRB4*01:03:01:07		HLA-E*01:01:01:06	HLA-F*01:01:02:10	HLA-G*01:04:01:01	HLA-H*02:08:01:01	HLA-J*01:01:01:09	HLA-K*01:04	HLA-L*01:01:01:01	HLA-N*01:01:01:05	HLA-P*new	HLA-S*01:02:01:01	HLA-T*03:01:01:02	HLA-U*01:06:00:new	HLA-V*01:new	HLA-W*01:new	HLA-Y*02:01	MICA*002:01:07	MICB*005:02:new	TAP1*03:01:00:new	TAP2*02:01:02:new
HPRC_r2	HG02027#1	NA;NA			NA	HLA-A*11:01:01:01	HLA-B*15:02:01:01	HLA-C*08:01:01:01	HLA-DMA*01:02:01:01	HLA-DMB*01:01:01:02	HLA-DOA*01:01:04:01	HLA-DOB*01:01:01:28	HLA-DPA1*01:03:01:03	HLA-DPA2*01:01:02:new	HLA-DPB1*21:01:01	HLA-DPB2*01:01:01:new	HLA-DQA1*06:01:01:02	HLA-DQA2*01:01:02:01	HLA-DQB1*03:01:01:22	HLA-DQB2*01:01:01:01	HLA-DRA*01:02:02:14	HLA-DRB1*12:02:01:new	HLA-DRB3*03:01:03:01			HLA-E*01:01:01:01	HLA-F*01:01:02:09	HLA-G*01:01:03:03	HLA-H*02:07:01:01	HLA-J*01:01:01:02	HLA-K*01:new	HLA-L*01:03	HLA-N*01:01:01:03	HLA-P*02:new	HLA-S*01:03	HLA-T*03:01:01:new	HLA-U*01:05:00:new	HLA-V*01:new	HLA-W*01:new		MICA*019:01:02	MICB*005:02:new	TAP1*01:01:01:new	TAP2*01:01:03:new
HPRC_r2	HG02027#2	NA			NA	HLA-A*02:03:01:01	HLA-B*15:25:01:01	HLA-C*04:03:01:01	HLA-DMA*01:01:01:new	HLA-DMB*01:02:01:new	HLA-DOA*01:01:04:01	HLA-DOB*01:01:05	HLA-DPA1*02:02:02:01	HLA-DPA2*01:new	HLA-DPB1*05:01:01:01	HLA-DPB2*03:02:00:new	HLA-DQA1*06:01:01:02	HLA-DQA2*01:01:02:01	HLA-DQB1*03:01:01:22	HLA-DQB2*01:01:01:01	HLA-DRA*01:01:01:01	HLA-DRB1*12:02:01:new	HLA-DRB3*02:02:01:new			HLA-E*01:03:01:05	HLA-F*01:01:01:01	HLA-G*01:01:01:01	HLA-H*01:01:01:01	HLA-J*01:01:01:02	HLA-K*01:02	HLA-L*01:03	HLA-N*01:01:01:new	HLA-P*02:01:01:01	HLA-S*01:03	HLA-T*01:01:01:05	HLA-U*01:03:00:new	HLA-V*01:01:01:01	HLA-W*03:01:01:01		MICA*019:01:new	MICB*002:01:new	TAP1*02:01:01:new	TAP2*02:01:new
HPRC_r2	HG02040#1	NA			NA	HLA-A*29:01:01:01	HLA-B*07:05:01:01	HLA-C*15:05:02:01	HLA-DMA*01:01:01:01	HLA-DMB*01:01:01:01	HLA-DOA*01:01:02:08	HLA-DOB*01:01:01:04	HLA-DPA1*01:03:01:12	HLA-DPA2*01:new	HLA-DPB1*104:01:01:03	HLA-DPB2*03:01:01:new	HLA-DQA1*01:05:01:01	HLA-DQA2*01:01:01:new	HLA-DQB1*05:01:01:02	HLA-DQB2*01:02:02:01	HLA-DRA*01:01:01:11	HLA-DRB1*10:01:01:03				HLA-E*01:01:01:01	HLA-F*01:01:02:08	HLA-G*01:01:01:13	HLA-H*02:02:01:01	HLA-J*01:01:01:29	HLA-K*01:03:00:new	HLA-L*01:02:00:new	HLA-N*01:01:01:01	HLA-P*02:01:01:new	HLA-S*01:01:01:02	HLA-T*02:01:01:01	HLA-U*01:01:01:02	HLA-V*01:01:01:01	HLA-W*02:01:00:new	HLA-Y*02:01:00:new	MICA*008:02	MICB*008:01:new	TAP1*01:01:01:01	TAP2*02:01:02:02
HPRC_r2	HG02040#2	NA			NA	HLA-A*02:03:01:01	HLA-B*46:01:01:01	HLA-C*01:02:01:01	HLA-DMA*01:02:01:01	HLA-DMB*01:01:01:02	HLA-DOA*01:01:01:01	HLA-DOB*01:01:01:09	HLA-DPA1*02:02:02:01	HLA-DPA2*01:new	HLA-DPB1*05:01:01:01	HLA-DPB2*03:02:00:new	HLA-DQA1*03:02:01:02	HLA-DQA2*01:01:02:01	HLA-DQB1*03:03:02:02	HLA-DQB2*01:01:01:07	HLA-DRA*01:01:01:12	HLA-DRB1*09:01:02:new		HLA-DRB4*01:03:01:08		HLA-E*01:03:01:01	HLA-F*01:01:02:09	HLA-G*01:01:01:01	HLA-H*01:01:01:01	HLA-J*01:01:01:05	HLA-K*01:02	HLA-L*01:03	HLA-N*01:01:01:new	HLA-P*02:01:01:01	HLA-S*01:04	HLA-T*01:01:01:05	HLA-U*01:03:00:new	HLA-V*01:01:01:01	HLA-W*03:01:01:01		MICA*010:01:05	MICB*005:02:21	TAP1*01:01:01:new	TAP2*01:01:03:new
HPRC_r2	HG02055#1	NA			NA	HLA-A*30:01:01:01	HLA-B*42:02:01:02	HLA-C*17:01:01:02	HLA-DMA*01:new	HLA-DMB*01:01:01:new	HLA-DOA*01:01:05	HLA-DOB*01:01:01:08	HLA-DPA1*02:01:01:01	HLA-DPA2*01:new	HLA-DPB1*131:01:01:02	HLA-DPB2*03:01:01:new	HLA-DQA1*05:05:01:22	HLA-DQA2*01:01:03:new	HLA-DQB1*03:01:04:02	HLA-DQB2*01:01:01:new	HLA-DRA*01:02:02:03	HLA-DRB1*08:04:01:new				HLA-E*01:01:01:01	HLA-F*01:01:02:08	HLA-G*01:05:01N	HLA-H*02:05:01:03	HLA-J*01:01:01:10	HLA-K*01:new	HLA-L*01:new	HLA-N*01:01:01:01	HLA-P*01:01:01:01	HLA-S*01:03	HLA-T*01:01:01:new	HLA-U*01:new	HLA-V*01:01:01:new	HLA-W*03:new	HLA-Y*02:01	MICA*004:01:03	MICB*002:01:new	TAP1*01:01:01:new	TAP2*01:01:03:new
HPRC_r2	HG02055#2	NA				HLA-A*23:01:01:01	HLA-B*07:02:01:14	HLA-C*07:02:01:01	HLA-DMA*01:01:01:29	HLA-DMB*01:01:01:36	HLA-DOA*01:01:08	HLA-DOB*01:02:01:03	HLA-DPA1*02:02:02:12	HLA-DPA2*01:new	HLA-DPB1*01:01:01:02	HLA-DPB2*03:01:01:new	HLA-DQA1*05:05:01:30	HLA-DQA2*01:06	HLA-DQB1*03:19:01:01	HLA-DQB2*01:01:01:06	HLA-DRA*01:01:01:08	HLA-DRB1*11:02:01:new	HLA-DRB3*02:02:01:12			HLA-E*01:01:01:01	HLA-F*01:03:01:03	HLA-G*01:04:04:01		HLA-J*01:01:01:15		HLA-L*01:01:new	HLA-N*01:01:01:01	HLA-P*new	HLA-S*01:01:01:02			HLA-V*01:new	HLA-W*01:new		MICA*008:04:01	MICB*004:01:new	TAP1*04:01:00:new	TAP2*01:05:01:new
HPRC_r2	HG02056#1	NA		NA		HLA-A*33:03:01:01	HLA-B*15:02:01:new	HLA-C*03:02:02:05	HLA-DMA*01:02:01:01	HLA-DMB*01:01:01:02	HLA-DOA*01:01:02:45	HLA-DOB*01:04:01:new	HLA-DPA1*04:01:01:03	HLA-DPA2*01:new	HLA-DPB1*107:01	HLA-DPB2*01:01:01:new	HLA-DQA1*05:03:01:02	HLA-DQA2*01:01:02:01	HLA-DQB1*03:01:01:01	HLA-DQB2*01:01:01:new	HLA-DRA*01:01:01:12	HLA-DRB1*13:12:01:new	HLA-DRB3*02:02:01:02			HLA-E*01:01:01:06	HLA-F*01:01:02:10	HLA-G*01:04:01:01	HLA-H*02:08:01:01	HLA-J*01:01:01:09	HLA-K*01:04	HLA-L*01:01:01:01	HLA-N*01:01:01:05	HLA-P*new	HLA-S*01:03	HLA-T*03:01:01:02	HLA-U*01:06:00:new	HLA-V*01:new	HLA-W*01:new	HLA-Y*02:01	MICA*019:01:02	MICB*005:02:new	TAP1*01:01:01:new	TAP2*01:05:01:new
HPRC_r2	HG02056#2	NA		NA		HLA-A*31:01:02:01	HLA-B*48:01:01:01	HLA-C*03:03:01:01	HLA-DMA*01:02:01:01	HLA-DMB*01:01:01:02	HLA-DOA*01:01:02:45	HLA-DOB*01:04:01:new	HLA-DPA1*02:02:02:01	HLA-DPA2*01:new	HLA-DPB1*05:01:01:17	HLA-DPB2*03:02:00:new	HLA-DQA1*05:03:01:02	HLA-DQA2*01:01:02:01	HLA-DQB1*03:01:01:01	HLA-DQB2*01:01:01:new	HLA-DRA*01:01:01:12	HLA-DRB1*13:12:01:new	HLA-DRB3*02:02:01:02			HLA-E*01:03:01:01	HLA-F*01:01:06	HLA-G*01:01:02:01	HLA-H*02:09	HLA-J*01:01:01:09	HLA-K*01:04	HLA-L*01:03	HLA-N*01:01:01:03	HLA-P*01:01:01:new	HLA-S*01:new	HLA-T*03:01:01:02	HLA-U*01:new	HLA-V*01:01:01:02	HLA-W*01:new	HLA-Y*02:01		MICB*009:01:new	TAP1*01:01:01:new	TAP2*01:05:01:new
HPRC_r2	HG02071#1	NA		NA		HLA-A*02:07:01:01	HLA-B*15:12:01	HLA-C*03:03:01:01	HLA-DMA*01:01:01:01	HLA-DMB*01:01:01:01	HLA-DOA*01:01:02:08	HLA-DOB*01:01:01:24	HLA-DPA1*01:03:01:02	HLA-DPA2*01:01:01:new	HLA-DPB1*04:01:01:01	HLA-DPB2*01:01:01:new	HLA-DQA1*06:01:01:02	HLA-DQA2*01:01:02:01	HLA-DQB1*03:01:01:new	HLA-DQB2*01:01:01:01	HLA-DRA*01:02:02:new	HLA-DRB1*12:02:01:new	HLA-DRB3*03:01:03:02			HLA-E*01:03:01:01	HLA-F*01:01:01:01	HLA-G*01:01:01:01	HLA-H*01:01:01:01	HLA-J*01:01:01:05	HLA-K*01:new	HLA-L*01:03	HLA-N*01:01:01:03	HLA-P*02:01:01:01	HLA-S*01:04	HLA-T*01:01:01:05	HLA-U*01:03:00:new	HLA-V*01:01:01:01	HLA-W*03:01:01:01		MICA*010:01:09	MICB*005:02:21	TAP1*03:01:00:new	TAP2*02:01:03:new
HPRC_r2	HG02071#2	NA			NA	HLA-A*24:07:01:01	HLA-B*35:05:01:01	HLA-C*04:01:01:14	HLA-DMA*01:03:01:new	HLA-DMB*01:07:01:new	HLA-DOA*01:01:02:02	HLA-DOB*01:01:01:01	HLA-DPA1*04:01:01:02	HLA-DPA2*01:new	HLA-DPB1*107:01	HLA-DPB2*01:01:01:new	HLA-DQA1*06:01:01:02	HLA-DQA2*01:03	HLA-DQB1*03:01:01:22	HLA-DQB2*01:01:01:02	HLA-DRA*01:02:02:14	HLA-DRB1*12:02:01:new	HLA-DRB3*03:01:03:02			HLA-E*01:01:01:01	HLA-F*01:01:01:09	HLA-G*01:04:01:01		HLA-J*01:01:01:02		HLA-L*01:03	HLA-N*01:01:01:03	HLA-P*02:01:01:new	HLA-S*01:02:new			HLA-V*01:01:01:04	HLA-W*01:new		MICA*002:01:03	MICB*004:01:new	TAP1*01:01:01:new	TAP2*01:05:01:03
HPRC_r2	HG02074#1	NA			NA	HLA-A*02:07:01:01	HLA-B*46:01:01:01	HLA-C*01:02:01:01	HLA-DMA*01:01:01:03	HLA-DMB*01:03:01:new	HLA-DOA*01:01:01:01	HLA-DOB*01:01:01:24	HLA-DPA1*02:02:02:01	HLA-DPA2*01:new	HLA-DPB1*05:01:01:17	HLA-DPB2*03:02:00:new	HLA-DQA1*01:04:01:01	HLA-DQA2*01:01:02:01	HLA-DQB1*05:02:01:01	HLA-DQB2*01:01:01:new	HLA-DRA*01:01:01:12	HLA-DRB1*14:54:01:10	HLA-DRB3*02:02:01:new			HLA-E*01:03:02:01	HLA-F*01:01:01:01	HLA-G*01:01:01:01	HLA-H*01:01:01:01	HLA-J*01:01:01:05	HLA-K*01:new	HLA-L*01:03	HLA-N*01:01:01:03	HLA-P*02:01:01:01	HLA-S*01:04	HLA-T*01:01:01:05	HLA-U*01:03:00:new	HLA-V*01:01:01:01	HLA-W*03:01:01:01		MICA*010:01:05	MICB*005:02:new	TAP1*01:01:01:05	TAP2*02:01:03:new
HPRC_r2	HG02074#2	NA		NA		HLA-A*11:01:01:07	HLA-B*15:12:01	HLA-C*03:03:01:01	HLA-DMA*01:02:01:01	HLA-DMB*01:01:01:02	HLA-DOA*01:01:02:45	HLA-DOB*01:01:01:09	HLA-DPA1*02:02:02:01	HLA-DPA2*01:new	HLA-DPB1*05:01:01:01	HLA-DPB2*03:02:00:new	HLA-DQA1*03:02:01:02	HLA-DQA2*01:01:02:01	HLA-DQB1*03:03:02:02	HLA-DQB2*01:01:01:07	HLA-DRA*01:01:01:12	HLA-DRB1*09:01:02:new		HLA-DRB4*01:03:01:08		HLA-E*01:03:02:01	HLA-F*01:01:01:new	HLA-G*01:01:03:03	HLA-H*02:07:01:01	HLA-J*01:01:01:04	HLA-K*01:new	HLA-L*01:new	HLA-N*01:01:01:01	HLA-P*02:new	HLA-S*01:04	HLA-T*03:01:01:new	HLA-U*01:05:00:new	HLA-V*01:new	HLA-W*01:new		MICA*010:01:09	MICB*005:02:new	TAP1*01:01:01:05	TAP2*01:01:03:17
HPRC_r2	HG02080#1	NA				HLA-A*33:03:01:01	HLA-B*58:01:01:03	HLA-C*03:02:02:05	HLA-DMA*01:01:01:02	HLA-DMB*01:03:01:new	HLA-DOA*01:01:01:01	HLA-DOB*01:01:01:new	HLA-DPA1*02:02:02:new	HLA-DPA2*01:new	HLA-DPB1*05:01:01:01	HLA-DPB2*03:02:00:new	HLA-DQA1*05:01:01:03	HLA-DQA2*01:01:04:new	HLA-DQB1*02:01:01:01	HLA-DQB2*01:new	HLA-DRA*01:01:01:01	HLA-DRB1*03:01:01:03	HLA-DRB3*02:02:01:new			HLA-E*01:01:01:06	HLA-F*01:01:02:10	HLA-G*01:04:01:01	HLA-H*02:08:01:01	HLA-J*01:01:01:09	HLA-K*01:04	HLA-L*01:01:01:01	HLA-N*01:01:01:05	HLA-P*new	HLA-S*01:02:01:01	HLA-T*03:01:01:02	HLA-U*01:06:00:new	HLA-V*01:new	HLA-W*01:new	HLA-Y*02:01	MICA*002:01:07	MICB*008:01:new	TAP1*02:01:01:new	TAP2*01:01:03:12
HPRC_r2	HG02080#2	NA			NA	HLA-A*01:01:01:01	HLA-B*57:01:01:01	HLA-C*06:02:01:01	HLA-DMA*01:02:01:01	HLA-DMB*01:01:01:02	HLA-DOA*01:01:02:22	HLA-DOB*01:05	HLA-DPA1*02:01:01:06	HLA-DPA2*01:new	HLA-DPB1*13:01:01:01	HLA-DPB2*01:new	HLA-DQA1*02:01:01:01	HLA-DQA2*01:01:02:01	HLA-DQB1*03:03:02:01	HLA-DQB2*01:01:01:01	HLA-DRA*01:01:02	HLA-DRB1*07:01:01:new		HLA-DRB4*01:03:01:02N		HLA-E*01:01:01:01	HLA-F*01:01:02:new	HLA-G*01:01:02:01	HLA-H*02:01:01:01	HLA-J*01:01:01:02	HLA-K*01:01:01:02	HLA-L*01:01:01:01	HLA-N*01:01:01:03	HLA-P*01:02	HLA-S*01:02:01:01	HLA-T*01:01:01:01	HLA-U*01:01:01:01	HLA-V*01:01:01:03	HLA-W*01:01:01:06		MICA*017:01	MICB*003:01:01	TAP1*01:01:01:03	TAP2*02:01:02:01
HPRC_r2	HG02083#1	NA		NA;NA		HLA-A*11:01:01:01	HLA-B*40:01:02:40	HLA-C*07:02:01:15	HLA-DMA*01:01:01:01	HLA-DMB*01:01:01:01	HLA-DOA*01:01:01:01	HLA-DOB*01:01:01:24	HLA-DPA1*01:03:01:03	HLA-DPA2*01:01:02:new	HLA-DPB1*03:01:01:01	HLA-DPB2*01:01:01:new	HLA-DQA1*06:01:01:02	HLA-DQA2*01:01:02:01	HLA-DQB1*03:01:01:22	HLA-DQB2*01:01:01:new	HLA-DRA*01:02:02:14	HLA-DRB1*12:02:01:new	HLA-DRB3*03:01:03:02			HLA-E*01:03:01:01	HLA-F*01:01:02:09	HLA-G*01:01:03:03	HLA-H*02:07:01:01	HLA-J*01:01:01:new	HLA-K*01:new	HLA-L*01:01:01:01	HLA-N*01:01:01:01	HLA-P*02:new	HLA-S*01:02:01:03	HLA-T*03:01:01:new	HLA-U*01:05:00:new	HLA-V*01:new	HLA-W*01:new		MICA*008:04:02	MICB*014:01:new	TAP1*03:01:00:new	TAP2*02:01:new
HPRC_r2	HG02083#2	NA			NA	HLA-A*01:01:01:01	HLA-B*57:01:01:01	HLA-C*06:02:01:01	HLA-DMA*01:01:01:01	HLA-DMB*01:01:01:01	HLA-DOA*01:01:04:01	HLA-DOB*01:01:01:09	HLA-DPA1*02:02:02:01	HLA-DPA2*01:new	HLA-DPB1*05:01:01:new	HLA-DPB2*03:02:00:new	HLA-DQA1*03:02:01:01	HLA-DQA2*01:01:02:09	HLA-DQB1*03:03:02:02	HLA-DQB2*01:01:01:new	HLA-DRA*01:01:01:12	HLA-DRB1*09:01:02:new		HLA-DRB4*01:03:02:01		HLA-E*01:01:01:01	HLA-F*01:01:02:08	HLA-G*01:01:02:01	HLA-H*02:01:01:01	HLA-J*01:01:01:02	HLA-K*01:01:01:02	HLA-L*01:01:01:01	HLA-N*01:01:01:03	HLA-P*01:02	HLA-S*01:02:01:01	HLA-T*01:01:01:01	HLA-U*01:01:01:01	HLA-V*01:01:01:03	HLA-W*01:01:01:06		MICA*017:01	MICB*003:01:02	TAP1*01:01:01:01	TAP2*01:04:01:new
HPRC_r2	HG02109#1	NA			NA	HLA-A*23:01:01:01	HLA-B*15:16:01:02	HLA-C*14:02:01:02	HLA-DMA*01:01:01:02	HLA-DMB*01:01:01:new	HLA-DOA*01:01:02:new	HLA-DOB*01:01:01:08	HLA-DPA1*03:01:01:05	HLA-DPA2*02:new	HLA-DPB1*105:01:01:new	HLA-DPB2*03:01:01:new	HLA-DQA1*05:01:01:new	HLA-DQA2*01:01:02:new	HLA-DQB1*02:180:00:new	HLA-DQB2*01:01:01:01	HLA-DRA*01:02:02:new	HLA-DRB1*03:02:01:new	HLA-DRB3*01:01:02:new			HLA-E*01:01:01:01	HLA-F*01:01:01:18	HLA-G*01:04:04:01		HLA-J*01:01:01:15		HLA-L*01:01:01:01	HLA-N*01:01:01:03	HLA-P*new	HLA-S*01:new			HLA-V*01:new	HLA-W*01:new		MICA*056:00:00:new	MICB*005:02:new	TAP1*04:01:00:new	TAP2*02:01:03:07
HPRC_r2	HG02109#2	NA			NA	HLA-A*33:03:01:01	HLA-B*45:01:01:03	HLA-C*16:01:01:01	HLA-DMA*01:01:01:04	HLA-DMB*01:01:01:new	HLA-DOA*01:01:04:03	HLA-DOB*01:01:01:08	HLA-DPA1*02:01:01:14	HLA-DPA2*01:new	HLA-DPB1*63:01	HLA-DPB2*03:02:00:new	HLA-DQA1*05:05:01:15	HLA-DQA2*01:01:03	HLA-DQB1*03:01:01:05	HLA-DQB2*01:03	HLA-DRA*01:02:03:new	HLA-DRB1*08:06:01:new				HLA-E*01:01:01:01	HLA-F*01:01:02:10	HLA-G*01:04:05	HLA-H*02:08:01:new	HLA-J*01:01:01:09	HLA-K*01:04	HLA-L*01:01:01:01	HLA-N*01:01:01:01	HLA-P*new	HLA-S*01:01:01:01	HLA-T*03:01:01:02	HLA-U*01:06:00:new	HLA-V*01:new	HLA-W*01:new	HLA-Y*02:01:00:new	MICA*015:01	MICB*002:01:new	TAP1*01:01:01:05	TAP2*02:01:02:new
HPRC_r2	HG02129#1			NA	NA	HLA-A*33:03:01:01	HLA-B*58:01:01:03	HLA-C*03:02:02:05	HLA-DMA*01:02:01:01	HLA-DMB*01:01:01:02	HLA-DOA*01:01:04:01	HLA-DOB*01:04:01:new	HLA-DPA1*01:03:01:03	HLA-DPA2*01:01:02:new	HLA-DPB1*21:01:01	HLA-DPB2*01:01:01:new	HLA-DQA1*01:02:01:23	HLA-DQA2*01:01:01:new	HLA-DQB1*06:09:01:01	HLA-DQB2*01:02:02:new	HLA-DRA*01:02:02:04	HLA-DRB1*13:02:01:03	HLA-DRB3*03:01:01:03			HLA-E*01:01:01:06	HLA-F*01:01:02:10	HLA-G*01:04:01:01	HLA-H*02:08:01:01	HLA-J*01:01:01:09	HLA-K*01:04	HLA-L*01:01:01:01	HLA-N*01:01:01:05	HLA-P*new	HLA-S*01:02:01:01	HLA-T*03:01:01:02	HLA-U*01:06:00:new	HLA-V*01:new	HLA-W*01:new	HLA-Y*02:01	MICA*002:01:07	MICB*008:01:new	TAP1*02:01:01:new	TAP2*01:01:03:new
HPRC_r2	HG02129#2	NA		NA		HLA-A*24:02:01:01	HLA-B*38:02:01:01	HLA-C*07:02:01:01	HLA-DMA*01:01:01:01	HLA-DMB*01:01:01:01	HLA-DOA*01:01:01:01	HLA-DOB*01:01:01:27	HLA-DPA1*02:02:02:01	HLA-DPA2*01:new	HLA-DPB1*05:01:01:33	HLA-DPB2*03:02:00:new	HLA-DQA1*01:01:01:new	HLA-DQA2*01:01:02:new	HLA-DQB1*05:01:24:01	HLA-DQB2*01:01:01:new	HLA-DRA*01:02:02:new	HLA-DRB1*15:02:01:new			HLA-DRB5*01:02:01:new	HLA-E*01:03:01:01	HLA-F*01:01:01:09	HLA-G*01:04:01:02		HLA-J*01:01:01:02		HLA-L*01:03	HLA-N*01:01:01:new	HLA-P*02:01:01:new	HLA-S*01:02:01:03			HLA-V*01:01:01:04	HLA-W*01:new		MICA*002:01:01	MICB*003:01:new	TAP1*01:01:01:01	TAP2*02:new
HPRC_r2	HG02132#1	NA		NA		HLA-A*26:01:01:01	HLA-B*15:11:01	HLA-C*03:03:01:01	HLA-DMA*01:01:01:01	HLA-DMB*01:02:01:new	HLA-DOA*01:01:04:01	HLA-DOB*01:01:01:09	HLA-DPA1*02:02:02:01	HLA-DPA2*01:new	HLA-DPB1*13:01:01:new	HLA-DPB2*01:01:01:new	HLA-DQA1*03:02:01:01	HLA-DQA2*01:01:02:09	HLA-DQB1*03:03:02:03	HLA-DQB2*01:01:01:new	HLA-DRA*01:01:01:12	HLA-DRB1*09:01:02:new		HLA-DRB4*01:03:02:01		HLA-E*01:01:01:03	HLA-F*01:14N	HLA-G*01:01:02:01	HLA-H*01:02:01:01	HLA-J*01:01:01:16	HLA-K*01:new	HLA-L*01:02:00:new	HLA-N*01:01:01:03	HLA-P*01:01:01:new	HLA-S*01:04	HLA-T*01:01:01:new	HLA-U*01:new	HLA-V*01:01:01:new	HLA-W*01:01:01:new		MICA*010:01:new	MICB*005:02:new	TAP1*02:01:01:new	TAP2*01:02:02:new
HPRC_r2	HG02132#2	NA			NA	HLA-A*29:01:01:01	HLA-B*55:02:01:04	HLA-C*01:02:01:01	HLA-DMA*01:02:01:01	HLA-DMB*01:01:01:02	HLA-DOA*01:01:02:15	HLA-DOB*01:01:01:24	HLA-DPA1*02:02:02:01	HLA-DPA2*01:new	HLA-DPB1*05:01:01:05	HLA-DPB2*03:02:00:new	HLA-DQA1*03:03:01:03	HLA-DQA2*01:01:02:01	HLA-DQB1*04:01:01:03	HLA-DQB2*01:01:01:01	HLA-DRA*01:01:01:18	HLA-DRB1*04:05:01:new		HLA-DRB4*01:03:01:05		HLA-E*01:01:01:01	HLA-F*01:01:02:08	HLA-G*01:01:01:13	HLA-H*02:02:01:01	HLA-J*01:01:01:29	HLA-K*01:03:00:new	HLA-L*01:02:00:new	HLA-N*01:01:01:01	HLA-P*02:01:01:new	HLA-S*01:02:01:01	HLA-T*02:01:01:01	HLA-U*01:01:01:02	HLA-V*01:01:01:01	HLA-W*02:01:00:new	HLA-Y*02:01:00:new	MICA*012:01:02	MICB*005:02:new	TAP1*01:01:01:05	TAP2*02:01:03:03
HPRC_r2	HG02135#1	NA			NA	HLA-A*24:02:01:01	HLA-B*15:01:01:new	HLA-C*03:03:01:01	HLA-DMA*01:01:01:01	HLA-DMB*01:new	HLA-DOA*01:01:01:01	HLA-DOB*01:01:01:01	HLA-DPA1*01:03:01:03	HLA-DPA2*01:01:02:new	HLA-DPB1*03:01:01:01	HLA-DPB2*01:01:01:new	HLA-DQA1*01:02:01:03	HLA-DQA2*01:03	HLA-DQB1*06:02:01:01	HLA-DQB2*01:01:01:02	HLA-DRA*01:01:01:02	HLA-DRB1*15:02:01:new			HLA-DRB5*01:01:01:02	HLA-E*01:03:01:01	HLA-F*01:01:01:09	HLA-G*01:04:01:01		HLA-J*01:01:01:02		HLA-L*01:03	HLA-N*01:01:01:03	HLA-P*02:01:01:new	HLA-S*01:04			HLA-V*01:01:01:04	HLA-W*01:new		MICA*010:01:new	MICB*002:01:new	TAP1*01:01:01:new	TAP2*01:01:03:new
HPRC_r2	HG02135#2	NA			NA	HLA-A*02:03:01:01	HLA-B*15:01:01:01	HLA-C*01:02:01:08	HLA-DMA*01:01:01:01	HLA-DMB*01:01:01:01	HLA-DOA*01:01:01:01	HLA-DOB*01:01:01:24	HLA-DPA1*02:02:02:02	HLA-DPA2*01:new	HLA-DPB1*05:01:01:01	HLA-DPB2*01:new	HLA-DQA1*03:02:01:01	HLA-DQA2*01:01:02:09	HLA-DQB1*03:03:02:02	HLA-DQB2*01:01:01:new	HLA-DRA*01:01:01:12	HLA-DRB1*09:01:02:08		HLA-DRB4*01:03:02:new		HLA-E*01:03:01:04	HLA-F*01:01:01:01	HLA-G*01:01:01:01	HLA-H*01:01:01:01	HLA-J*01:01:01:05	HLA-K*01:02	HLA-L*01:01:01:new	HLA-N*01:01:01:new	HLA-P*02:01:01:01	HLA-S*01:04	HLA-T*01:01:01:05	HLA-U*01:03:00:new	HLA-V*01:01:01:01	HLA-W*03:01:01:01		MICA*010:02:01	MICB*005:02:new	TAP1*01:01:01:new	TAP2*02:01:03:01
HPRC_r2	HG02145#1	NA		NA		HLA-A*01:01:01:01	HLA-B*15:18:01:new	HLA-C*07:01:01:131	HLA-DMA*01:01:01:01	HLA-DMB*01:01:01:new	HLA-DOA*01:01:11	HLA-DOB*01:01:03:09	HLA-DPA1*02:02:02:12	HLA-DPA2*01:new	HLA-DPB1*01:01:01:02	HLA-DPB2*03:01:01:new	HLA-DQA1*01:02:01:03	HLA-DQA2*01:03:00:new	HLA-DQB1*06:02:01:01	HLA-DQB2*01:01:01:new	HLA-DRA*01:01:01:02	HLA-DRB1*15:03:01:01			HLA-DRB5*01:01:01:new	HLA-E*01:03:05:01	HLA-F*01:03:01:03	HLA-G*01:04:04:01	HLA-H*02:10:01:01	HLA-J*01:01:01:02	HLA-K*01:01:01:new	HLA-L*01:02:00:new	HLA-N*01:01:01:01	HLA-P*new	HLA-S*01:new	HLA-T*03:01:01:new	HLA-U*01:01:01:01	HLA-V*01:new	HLA-W*01:01:01:02		MICA*056:00:00:new	MICB*005:06:01	TAP1*01:01:01:new	TAP2*01:01:07:new
HPRC_r2	HG02145#2	NA			NA	HLA-A*33:01:01:01	HLA-B*78:01:01:02	HLA-C*16:01:01:01	HLA-DMA*01:01:01:21	HLA-DMB*01:01:01:new	HLA-DOA*01:01:02:32	HLA-DOB*01:01:01:new	HLA-DPA1*02:01:01:14	HLA-DPA2*01:new	HLA-DPB1*131:01:01:01	HLA-DPB2*03:01:01:new	HLA-DQA1*01:03:01:10	HLA-DQA2*01:01:01:new	HLA-DQB1*06:03:01:02	HLA-DQB2*01:02:01:01	HLA-DRA*01:02:02:05	HLA-DRB1*13:01:01:new	HLA-DRB3*01:01:02:new			HLA-E*01:01:01:01	HLA-F*01:01:02:07	HLA-G*01:03:01:new	HLA-H*02:09:00:new	HLA-J*01:01:01:13	HLA-K*01:new	HLA-L*01:01:02:new	HLA-N*01:01:01:01	HLA-P*01:new	HLA-S*01:03	HLA-T*03:01:01:new	HLA-U*01:06:00:new	HLA-V*01:new	HLA-W*01:new	HLA-Y*02:01:00:new	MICA*004:01:07	MICB*005:02:new	TAP1*01:01:01:new	TAP2*01:01:03:15
HPRC_r2	HG02148#1		NA		NA	HLA-A*02:01:01:01	HLA-B*51:01:01:05	HLA-C*15:02:01:01	HLA-DMA*01:01:01:01	HLA-DMB*01:01:01:01	HLA-DOA*01:01:02:45	HLA-DOB*01:01:01:01	HLA-DPA1*01:03:01:15	HLA-DPA2*01:01:01:02	HLA-DPB1*04:02:01:02	HLA-DPB2*03:01:01:new	HLA-DQA1*05:03:01:01	HLA-DQA2*01:01:02:01	HLA-DQB1*03:01:01:01	HLA-DQB2*01:01:01:07	HLA-DRA*01:02:02:08	HLA-DRB1*14:02:01:new	HLA-DRB3*01:01:02:new			HLA-E*01:01:01:01	HLA-F*01:01:06	HLA-G*01:01:01:01	HLA-H*01:01:01:01	HLA-J*01:01:01:05	HLA-K*01:02	HLA-L*01:03	HLA-N*01:01:01:01	HLA-P*02:01:01:01	HLA-S*01:02:01:03	HLA-T*01:01:01:05	HLA-U*01:03:00:new	HLA-V*01:01:01:01	HLA-W*03:01:01:01		MICA*010:01:new	MICB*005:02:21	TAP1*01:01:01:05	TAP2*01:03:02:07
HPRC_r2	HG02148#2	NA				HLA-A*30:02:01:01	HLA-B*18:01:01:01	HLA-C*05:01:01:01	HLA-DMA*01:01:01:02	HLA-DMB*01:01:01:04	HLA-DOA*01:01:02:03	HLA-DOB*01:03:01:02	HLA-DPA1*01:03:01:01	HLA-DPA2*02:01:01:01	HLA-DPB1*02:02:01:01	HLA-DPB2*01:01:02	HLA-DQA1*05:01:01:01	HLA-DQA2*01:04:01:new	HLA-DQB1*02:01:01:01	HLA-DQB2*01:01:01:03	HLA-DRA*01:01:01:01	HLA-DRB1*03:01:01:02	HLA-DRB3*02:02:01:01			HLA-E*01:03:02:01	HLA-F*01:01:01:17	HLA-G*01:01:01:08	HLA-H*01:01:02	HLA-J*01:01:01:15	HLA-K*01:new	HLA-L*01:02:00:new	HLA-N*01:01:01:05	HLA-P*02:01:01:01	HLA-S*01:03	HLA-T*01:new	HLA-U*01:new	HLA-V*01:01:01:01	HLA-W*03:new		MICA*001:01	MICB*005:02:01	TAP1*01:01:01:04	TAP2*01:01:03:03
HPRC_r2	HG02155#1			NA		HLA-A*11:01:01:new	HLA-B*13:01:01:11	HLA-C*03:04:01:02	HLA-DMA*01:01:01:new	HLA-DMB*01:02:01:04	HLA-DOA*01:01:01:01	HLA-DOB*01:01:01:27	HLA-DPA1*02:02:02:new	HLA-DPA2*01:new	HLA-DPB1*05:01:01:01	HLA-DPB2*03:02:00:new	HLA-DQA1*01:02:01:03	HLA-DQA2*01:01:02:new	HLA-DQB1*06:01:01:01	HLA-DQB2*01:01:01:new	HLA-DRA*01:01:01:02	HLA-DRB1*15:01:01:new			HLA-DRB5*01:01:01:05	HLA-E*01:03:01:01	HLA-F*01:01:02:09	HLA-G*01:01:03:03	HLA-H*02:07:01:01	HLA-J*01:01:01:04	HLA-K*01:new	HLA-L*01:03:00:new	HLA-N*01:01:01:03	HLA-P*02:new	HLA-S*01:new	HLA-T*03:01:01:new	HLA-U*01:05:00:new	HLA-V*01:new	HLA-W*01:new		MICA*045:01:01	MICB*014:01:new	TAP1*01:01:01:new	TAP2*02:new
HPRC_r2	HG02155#2	NA;NA				HLA-A*02:01:01:01	HLA-B*40:02:01:01	HLA-C*15:02:01:01	HLA-DMA*01:01:01:03	HLA-DMB*01:02:01:new	HLA-DOA*01:01:02:new	HLA-DOB*01:01:01:09	HLA-DPA1*02:02:02:01	HLA-DPA2*01:new	HLA-DPB1*13:01:01:new	HLA-DPB2*01:01:01:new	HLA-DQA1*01:02:01:03	HLA-DQA2*01:01:02:new	HLA-DQB1*06:01:01:01	HLA-DQB2*01:01:01:new	HLA-DRA*01:01:01:02	HLA-DRB1*15:01:01:new			HLA-DRB5*01:01:01:new	HLA-E*01:01:01:03	HLA-F*01:01:01:new	HLA-G*01:01:01:01	HLA-H*01:01:01:01	HLA-J*01:01:01:05	HLA-K*01:02	HLA-L*01:01:01:01	HLA-N*01:01:01:new	HLA-P*02:01:01:01	HLA-S*01:02:01:03	HLA-T*01:01:01:05	HLA-U*01:03:00:new	HLA-V*01:01:01:01	HLA-W*03:01:01:01		MICA*027:01:02	MICB*005:02:new	TAP1*01:01:01:01	TAP2*01:05:01:new
HPRC_r2	HG02165#1	NA		NA		HLA-A*11:02:01:01	HLA-B*27:04:01	HLA-C*12:02:02:new	HLA-DMA*01:01:01:03	HLA-DMB*01:03:01:03	HLA-DOA*01:01:01:01	HLA-DOB*01:01:01:24	HLA-DPA1*02:02:02:01	HLA-DPA2*02:01:01:01	HLA-DPB1*02:02:01:03	HLA-DPB2*01:01:02:new	HLA-DQA1*01:04:01:01	HLA-DQA2*01:01:02:01	HLA-DQB1*05:02:01:01	HLA-DQB2*01:01:01:new	HLA-DRA*01:01:01:01	HLA-DRB1*14:54:01:10	HLA-DRB3*02:02:01:new			HLA-E*01:03:01:01	HLA-F*01:01:02:09	HLA-G*01:01:03:03	HLA-H*02:07:01:01	HLA-J*01:01:01:new	HLA-K*01:new	HLA-L*01:01:01:01	HLA-N*01:01:01:01	HLA-P*02:new	HLA-S*01:02:01:03	HLA-T*03:01:01:new	HLA-U*01:05:00:new	HLA-V*01:new	HLA-W*01:new		MICA*019:01:new	MICB*005:02:new	TAP1*01:01:01:05	TAP2*02:01:03:new
HPRC_r2	HG02165#2	NA			NA	HLA-A*02:07:01:01	HLA-B*46:01:01:01	HLA-C*01:02:01:01	HLA-DMA*01:01:01:03	HLA-DMB*01:03:01:new	HLA-DOA*01:01:01:01	HLA-DOB*01:01:01:24	HLA-DPA1*02:02:02:01	HLA-DPA2*01:new	HLA-DPB1*05:01:01:17	HLA-DPB2*03:02:00:new	HLA-DQA1*01:04:01:01	HLA-DQA2*01:01:02:01	HLA-DQB1*05:02:01:01	HLA-DQB2*01:01:01:new	HLA-DRA*01:01:01:12	HLA-DRB1*14:54:01:10	HLA-DRB3*02:02:01:new			HLA-E*01:03:02:01	HLA-F*01:01:01:01	HLA-G*01:01:01:01	HLA-H*01:01:01:01	HLA-J*01:01:01:05	HLA-K*01:new	HLA-L*01:03	HLA-N*01:01:01:03	HLA-P*02:01:01:01	HLA-S*01:04	HLA-T*01:01:01:05	HLA-U*01:03:00:new	HLA-V*01:01:01:01	HLA-W*03:01:01:01		MICA*010:01:09	MICB*005:02:new	TAP1*01:01:01:05	TAP2*02:01:03:new
HPRC_r2	HG02178#1	NA			NA	HLA-A*11:02:01:01	HLA-B*46:01:01:01	HLA-C*01:02:01:01	HLA-DMA*01:02:01:01	HLA-DMB*01:01:01:02	HLA-DOA*01:01:01:01	HLA-DOB*01:01:01:09	HLA-DPA1*02:02:02:01	HLA-DPA2*01:new	HLA-DPB1*05:01:01:17	HLA-DPB2*03:02:00:new	HLA-DQA1*03:02:01:02	HLA-DQA2*01:01:02:01	HLA-DQB1*03:03:02:02	HLA-DQB2*01:01:01:07	HLA-DRA*01:01:01:12	HLA-DRB1*09:01:02:new		HLA-DRB4*01:03:01:08		HLA-E*01:03:02:01	HLA-F*01:01:02:09	HLA-G*01:01:03:03	HLA-H*02:07:01:01	HLA-J*01:01:01:05	HLA-K*01:new	HLA-L*01:03	HLA-N*01:01:01:03	HLA-P*02:new	HLA-S*01:04	HLA-T*03:01:01:new	HLA-U*01:05:00:new	HLA-V*01:new	HLA-W*03:01:01:new		MICA*010:01:05	MICB*005:02:21	TAP1*01:01:01:new	TAP2*01:01:03:new
HPRC_r2	HG02178#2	NA	NA	NA		HLA-A*11:01:01:25	HLA-B*52:01:01:01	HLA-C*07:02:01:01	HLA-DMA*01:01:01:07	HLA-DMB*01:01:01:45	HLA-DOA*01:01:02:45	HLA-DOB*01:01:01:03	HLA-DPA1*02:01:01:01	HLA-DPA2*01:new	HLA-DPB1*13:01:01:06	HLA-DPB2*03:new	HLA-DQA1*01:01:01:07	HLA-DQA2*01:01:02:new	HLA-DQB1*05:01:24:01	HLA-DQB2*01:01:01:new	HLA-DRA*01:02:02:09	HLA-DRB1*15:02:01:new			HLA-DRB5*01:08:01N:new	HLA-E*01:03:01:01	HLA-F*01:01:02:09	HLA-G*01:01:03:03	HLA-H*02:07:01:01	HLA-J*01:01:01:04	HLA-K*01:new	HLA-L*01:03	HLA-N*01:01:01:03	HLA-P*02:new	HLA-S*01:04	HLA-T*03:01:01:new	HLA-U*01:05:00:new	HLA-V*01:new	HLA-W*01:new		MICA*019:01:new	MICB*002:01:02	TAP1*03:01:00:new	TAP2*01:01:03:new
HPRC_r2	HG02257#1	NA;NA				HLA-A*32:01:01:01	HLA-B*41:01:01:01	HLA-C*07:01:01:09	HLA-DMA*01:01:01:03	HLA-DMB*01:03:01:03	HLA-DOA*01:01:02:02	HLA-DOB*01:01:01:01	HLA-DPA1*01:03:01:02	HLA-DPA2*01:01:01:01	HLA-DPB1*04:01:01:01	HLA-DPB2*03:01:01:new	HLA-DQA1*05:05:01:01	HLA-DQA2*01:01:01:new	HLA-DQB1*03:01:01:03	HLA-DQB2*01:02:01:01	HLA-DRA*01:01:01:22	HLA-DRB1*13:05:01:new	HLA-DRB3*02:02:01:new			HLA-E*01:01:01:01	HLA-F*01:01:01:01	HLA-G*01:01:01:01	HLA-H*02:03:02	HLA-J*01:01:01:12	HLA-K*01:01:01:04	HLA-L*01:01:02:new	HLA-N*01:01:01:01	HLA-P*02:01:01:01	HLA-S*01:03	HLA-T*02:01:01:02	HLA-U*01:02	HLA-V*01:01:01:01	HLA-W*04:01:00:new			MICB*005:02:new	TAP1*01:01:01:05	TAP2*01:01:03:01
HPRC_r2	HG02257#2	NA			NA	HLA-A*68:01:01:02	HLA-B*42:01:01:01	HLA-C*17:01:01:02	HLA-DMA*01:01:01:02	HLA-DMB*01:03:01:new	HLA-DOA*01:01:11	HLA-DOB*01:01:01:01	HLA-DPA1*02:02:02:12	HLA-DPA2*01:new	HLA-DPB1*01:01:01:02	HLA-DPB2*03:01:01:new	HLA-DQA1*01:01:01:01	HLA-DQA2*01:01:02:new	HLA-DQB1*05:01:01:03	HLA-DQB2*01:01:01:new	HLA-DRA*01:02:03:new	HLA-DRB1*01:01:02:new				HLA-E*01:03:02:01	HLA-F*01:01:01:23	HLA-G*01:01:02:01	HLA-H*02:05:01:01	HLA-J*01:01:01:15	HLA-K*01:new	HLA-L*01:01:new	HLA-N*01:01:01:01	HLA-P*01:02	HLA-S*01:03	HLA-T*01:01:01:new	HLA-U*01:new	HLA-V*01:01:01:03	HLA-W*05:new		MICA*004:01:03	MICB*005:02:new	TAP1*02:01:01:new	TAP2*01:new
HPRC_r2	HG02258#1	NA			NA	HLA-A*34:02:01:01	HLA-B*53:01:01:01	HLA-C*04:01:01:75	HLA-DMA*01:02:01:01	HLA-DMB*01:01:01:02	HLA-DOA*01:01:02:new	HLA-DOB*01:01:01:01	HLA-DPA1*03:01:01:05	HLA-DPA2*02:new	HLA-DPB1*105:01:01:01	HLA-DPB2*03:01:01:new	HLA-DQA1*01:02:01:03	HLA-DQA2*01:01:01:new	HLA-DQB1*06:02:01:01	HLA-DQB2*01:02:04:new	HLA-DRA*01:01:01:02	HLA-DRB1*15:03:01:03			HLA-DRB5*01:01:01:new	HLA-E*01:01:01:06	HLA-F*01:01:01:22	HLA-G*01:03:01:02	HLA-H*02:09	HLA-J*01:01:01:new	HLA-K*01:new	HLA-L*01:01:01:01	HLA-N*01:01:01:05	HLA-P*02:new	HLA-S*01:02:01:01	HLA-T*03:01:01:02	HLA-U*01:03:00:new	HLA-V*01:new	HLA-W*01:new		MICA*002:01:02	MICB*005:02:new	TAP1*03:01:00:new	TAP2*01:04:01:new
HPRC_r2	HG02258#2				NA	HLA-A*34:02:01:01	HLA-B*07:02:01:new	HLA-C*15:05:02:01	HLA-DMA*01:01:01:04	HLA-DMB*01:01:01:new	HLA-DOA*01:01:03:05	HLA-DOB*01:new	HLA-DPA1*03:01:01:02	HLA-DPA2*02:new	HLA-DPB1*105:01:01:09	HLA-DPB2*03:01:01:new	HLA-DQA1*01:02:01:03	HLA-DQA2*01:01:01:04	HLA-DQB1*05:03:01:05	HLA-DQB2*01:02:01:new	HLA-DRA*01:01:01:02	HLA-DRB1*15:03:01:new			HLA-DRB5*01:01:01:new	HLA-E*01:03:01:11	HLA-F*01:01:01:22	HLA-G*01:03:01:02	HLA-H*02:09	HLA-J*01:01:01:new	HLA-K*01:new	HLA-L*01:01:02	HLA-N*01:01:01:01	HLA-P*02:new	HLA-S*01:01:01:01	HLA-T*03:01:01:02	HLA-U*01:03:00:new	HLA-V*01:new	HLA-W*01:new		MICA*004:01:01	MICB*005:02:new	TAP1*01:01:01:new	TAP2*01:02:01:new
HPRC_r2	HG02273#1	NA		NA		HLA-A*02:01:01:01	HLA-B*15:04:01:02	HLA-C*01:02:01:01	HLA-DMA*01:02:01:01	HLA-DMB*01:01:01:02	HLA-DOA*01:01:02:02	HLA-DOB*01:01:01:03	HLA-DPA1*01:03:01:15	HLA-DPA2*01:01:01:02	HLA-DPB1*04:02:01:02	HLA-DPB2*03:01:01:new	HLA-DQA1*03:01:01:01	HLA-DQA2*01:01:02:01	HLA-DQB1*03:02:01:01	HLA-DQB2*01:01:01:01	HLA-DRA*01:01:01:03	HLA-DRB1*04:03:01:new		HLA-DRB4*01:03:01:new		HLA-E*01:01:01:01	HLA-F*01:01:06	HLA-G*01:01:01:new	HLA-H*01:01:01:01	HLA-J*01:01:01:05	HLA-K*01:02	HLA-L*01:03	HLA-N*01:01:01:new	HLA-P*02:01:01:01	HLA-S*01:02:new	HLA-T*01:01:01:05	HLA-U*01:03:00:new	HLA-V*01:01:01:01	HLA-W*03:01:01:01		MICA*002:new	MICB*005:02:new	TAP1*01:01:01:01	TAP2*01:04:01:new
HPRC_r2	HG02273#2	NA		NA		HLA-A*02:01:01:01	HLA-B*15:04:01:02	HLA-C*01:02:01:01	HLA-DMA*01:02:01:09	HLA-DMB*01:01:01:11	HLA-DOA*01:01:04:01	HLA-DOB*01:01:01:24	HLA-DPA1*02:01:01:02	HLA-DPA2*01:new	HLA-DPB1*14:01:01:01	HLA-DPB2*01:01:02:new	HLA-DQA1*05:03:01:01	HLA-DQA2*01:01:02:01	HLA-DQB1*03:01:01:01	HLA-DQB2*01:01:01:07	HLA-DRA*01:01:01:03	HLA-DRB1*14:02:01:new	HLA-DRB3*01:01:02:new			HLA-E*01:03:02:01	HLA-F*01:01:01:09	HLA-G*01:01:02:01	HLA-H*01:01:01:01	HLA-J*01:01:01:32	HLA-K*01:02	HLA-L*01:03	HLA-N*01:01:01:03	HLA-P*01:01:01:01	HLA-S*01:04	HLA-T*01:01:01:new	HLA-U*01:03:00:new	HLA-V*01:01:01:02	HLA-W*03:01:01:01		MICA*010:01:new	MICB*005:02:21	TAP1*01:01:01:02	TAP2*02:01:03:new
HPRC_r2	HG02280#1	NA			NA	HLA-A*30:01:01:01	HLA-B*35:01:01:06	HLA-C*04:01:01:14	HLA-DMA*01:01:01:07	HLA-DMB*01:01:01:new	HLA-DOA*01:01:02:30	HLA-DOB*01:02:01:03	HLA-DPA1*03:01:01:05	HLA-DPA2*02:new	HLA-DPB1*105:01:01:01	HLA-DPB2*03:01:01:new	HLA-DQA1*05:05:01:16	HLA-DQA2*01:04:02:new	HLA-DQB1*03:01:01:03	HLA-DQB2*01:01:01:12	HLA-DRA*01:02:02:06	HLA-DRB1*13:03:01:new	HLA-DRB3*01:01:02:new			HLA-E*01:01:01:01	HLA-F*01:01:01:09	HLA-G*01:05:01N	HLA-H*02:05:01:03	HLA-J*01:01:01:10	HLA-K*01:new	HLA-L*01:new	HLA-N*01:01:01:01	HLA-P*01:01:01:01	HLA-S*01:02:new	HLA-T*01:01:01:new	HLA-U*01:new	HLA-V*01:01:01:new	HLA-W*03:new	HLA-Y*02:01	MICA*002:01:13Q:new	MICB*004:01:new	TAP1*04:new	TAP2*01:01:05:03
HPRC_r2	HG02280#2	NA			NA	HLA-A*74:01:01:01	HLA-B*15:16:01:02	HLA-C*16:01:01:01	HLA-DMA*01:01:01:07	HLA-DMB*01:01:01:new	HLA-DOA*01:01:08	HLA-DOB*01:04:02:new	HLA-DPA1*01:03:01:22	HLA-DPA2*01:01:01:new	HLA-DPB1*02:01:19:01	HLA-DPB2*03:01:01:new	HLA-DQA1*01:01:02:01	HLA-DQA2*01:01:01:05	HLA-DQB1*05:01:01:01	HLA-DQB2*01:02:02:new	HLA-DRA*01:01:01:13	HLA-DRB1*01:02:01:01				HLA-E*01:01:01:01	HLA-F*01:new	HLA-G*01:01:02:01	HLA-H*02:05:01:02	HLA-J*01:new	HLA-K*01:new	HLA-L*01:01:01:01	HLA-N*01:01:01:03	HLA-P*01:01:01:01	HLA-S*01:02:01:03	HLA-T*01:01:01:new	HLA-U*01:new	HLA-V*01:01:01:02	HLA-W*02:new			MICB*002:01:new	TAP1*01:new	TAP2*01:01:03:new
HPRC_r2	HG02293#1	NA		NA		HLA-A*68:17:01	HLA-B*39:06:01:01	HLA-C*07:02:01:01	HLA-DMA*01:01:01:07	HLA-DMB*01:03:01:new	HLA-DOA*01:01:04:01	HLA-DOB*01:01:01:24	HLA-DPA1*02:01:01:02	HLA-DPA2*01:new	HLA-DPB1*14:01:01:01	HLA-DPB2*01:01:02:new	HLA-DQA1*03:02:01:01	HLA-DQA2*01:01:02:01	HLA-DQB1*03:03:02:04	HLA-DQB2*01:01:01:07	HLA-DRA*01:01:01:03	HLA-DRB1*09:01:02:new		HLA-DRB4*01:03:01:new		HLA-E*01:01:01:01	HLA-F*01:01:02:08	HLA-G*01:01:02:01	HLA-H*02:05:01:01	HLA-J*01:01:01:09	HLA-K*01:new	HLA-L*01:03	HLA-N*01:01:01:01	HLA-P*01:02	HLA-S*01:02:01:03	HLA-T*01:01:01:new	HLA-U*01:new	HLA-V*01:01:01:03	HLA-W*05:new	HLA-Y*02:01	MICA*002:01:09	MICB*005:02:new	TAP1*01:01:01:new	TAP2*02:01:03:new
HPRC_r2	HG02293#2	NA			NA	HLA-A*02:01:01:01	HLA-B*15:05:01:01	HLA-C*01:02:01:01	HLA-DMA*01:02:01:09	HLA-DMB*01:01:01:11	HLA-DOA*01:01:04:01	HLA-DOB*01:01:01:24	HLA-DPA1*02:01:01:02	HLA-DPA2*01:new	HLA-DPB1*14:01:01:01	HLA-DPB2*01:01:02:new	HLA-DQA1*03:01:01:01	HLA-DQA2*01:01:02:01	HLA-DQB1*03:02:01:01	HLA-DQB2*01:01:01:new	HLA-DRA*01:01:01:03	HLA-DRB1*04:07:01:new		HLA-DRB4*01:03:01:new		HLA-E*01:01:01:03	HLA-F*01:01:01:01	HLA-G*01:01:01:01	HLA-H*01:01:01:01	HLA-J*01:01:01:05	HLA-K*01:02	HLA-L*01:03	HLA-N*01:01:01:03	HLA-P*02:01:01:01	HLA-S*01:04	HLA-T*01:01:01:05	HLA-U*01:03:00:new	HLA-V*01:01:01:01	HLA-W*03:01:01:01		MICA*010:01:new	MICB*005:02:new	TAP1*01:01:01:01	TAP2*02:01:03:new
HPRC_r2	HG02300#1	NA		NA		HLA-A*02:39	HLA-B*51:01:01:05	HLA-C*15:02:01:01	HLA-DMA*01:02:01:09	HLA-DMB*01:01:01:11	HLA-DOA*01:01:04:01	HLA-DOB*01:01:01:01	HLA-DPA1*02:01:01:02	HLA-DPA2*01:new	HLA-DPB1*14:01:01:01	HLA-DPB2*01:01:02:new	HLA-DQA1*03:01:01:01	HLA-DQA2*01:01:01:04	HLA-DQB1*03:02:01:01	HLA-DQB2*01:02:01:01	HLA-DRA*01:01:01:03	HLA-DRB1*04:03:01:new		HLA-DRB4*01:03:01:new		HLA-E*01:03:01:01	HLA-F*01:01:01:09	HLA-G*01:01:02:01	HLA-H*01:01:01:01	HLA-J*01:01:01:32	HLA-K*01:02	HLA-L*01:03	HLA-N*01:01:01:03	HLA-P*01:01:01:01	HLA-S*01:02:01:03	HLA-T*01:01:01:new	HLA-U*01:03:00:new	HLA-V*01:01:01:02	HLA-W*03:01:01:01		MICA*010:01:new	MICB*005:02:new	TAP1*01:01:01:05	TAP2*01:03:02:new
HPRC_r2	HG02300#2	NA			NA	HLA-A*02:01:01:01	HLA-B*48:01:01:01	HLA-C*08:03:01:01	HLA-DMA*01:01:01:07	HLA-DMB*01:03:01:new	HLA-DOA*01:01:04:01	HLA-DOB*01:01:01:24	HLA-DPA1*02:01:01:02	HLA-DPA2*01:new	HLA-DPB1*14:01:01:01	HLA-DPB2*01:01:02:new	HLA-DQA1*03:02:01:01	HLA-DQA2*01:01:02:01	HLA-DQB1*03:03:02:02	HLA-DQB2*01:01:01:07	HLA-DRA*01:01:01:12	HLA-DRB1*09:01:02:new		HLA-DRB4*01:03:02:01		HLA-E*01:01:01:01	HLA-F*01:01:06	HLA-G*01:01:01:01	HLA-H*01:01:01:new	HLA-J*01:01:01:05	HLA-K*01:02	HLA-L*01:03	HLA-N*01:01:01:01	HLA-P*02:01:01:01	HLA-S*01:new	HLA-T*01:01:01:05	HLA-U*01:03:00:new	HLA-V*01:01:01:01	HLA-W*03:01:01:01			MICB*009:01:new	TAP1*01:01:01:new	TAP2*02:01:03:new
HPRC_r2	HG02391#1	NA			NA	HLA-A*11:01:01:01	HLA-B*13:01:01:01	HLA-C*03:04:01:02	HLA-DMA*01:01:01:new	HLA-DMB*01:02:01:new	HLA-DOA*01:01:04:01	HLA-DOB*01:01:01:28	HLA-DPA1*02:02:02:01	HLA-DPA2*02:01:01:02	HLA-DPB1*02:02:01:02	HLA-DPB2*01:01:new	HLA-DQA1*01:02:02:01	HLA-DQA2*01:01:02:01	HLA-DQB1*05:02:01:01	HLA-DQB2*01:01:01:new	HLA-DRA*01:01:01:02	HLA-DRB1*16:02:01:05			HLA-DRB5*01:01:01:new	HLA-E*01:03:01:01	HLA-F*01:01:02:09	HLA-G*01:01:03:03	HLA-H*02:07:01:01	HLA-J*01:01:01:new	HLA-K*01:new	HLA-L*01:01:01:01	HLA-N*01:01:01:01	HLA-P*02:new	HLA-S*01:new	HLA-T*03:01:01:new	HLA-U*01:05:00:new	HLA-V*01:new	HLA-W*01:new		MICA*045:01:01	MICB*014:01:new	TAP1*01:01:01:01	TAP2*01:05:01:03
HPRC_r2	HG02391#2	NA		NA		HLA-A*11:02:01:01	HLA-B*40:01:02:04	HLA-C*07:02:01:01	HLA-DMA*01:01:01:03	HLA-DMB*01:03:01:new	HLA-DOA*01:01:02:new	HLA-DOB*01:01:01:09	HLA-DPA1*01:03:01:01	HLA-DPA2*02:01:01:01	HLA-DPB1*02:01:02:11	HLA-DPB2*01:01:02	HLA-DQA1*01:02:01:03	HLA-DQA2*01:01:02:09	HLA-DQB1*05:02:01:01	HLA-DQB2*01:01:01:new	HLA-DRA*01:01:01:02	HLA-DRB1*15:01:01:03			HLA-DRB5*01:01:01:new	HLA-E*01:03:01:01	HLA-F*01:01:02:09	HLA-G*01:01:03:03	HLA-H*02:07:01:01	HLA-J*01:01:01:new	HLA-K*01:new	HLA-L*01:01:01:01	HLA-N*01:01:01:01	HLA-P*02:new	HLA-S*01:02:01:03	HLA-T*03:01:01:new	HLA-U*01:05:00:new	HLA-V*01:new	HLA-W*01:new		MICA*008:04:02	MICB*002:06:00:new	TAP1*02:01:01:new	TAP2*01:02:02:new
HPRC_r2	HG02392#1	NA;NA			NA;NA	HLA-A*11:01:01:01	HLA-B*27:06:01:01	HLA-C*03:04:01:02	HLA-DMA*01:01:01:07	HLA-DMB*01:01:01:45	HLA-DOA*01:01:02:45	HLA-DOB*01:01:01:03	HLA-DPA1*02:01:01:01	HLA-DPA2*01:new	HLA-DPB1*13:01:01:06	HLA-DPB2*03:new	HLA-DQA1*01:01:01:07	HLA-DQA2*01:01:02:new	HLA-DQB1*05:01:24:01	HLA-DQB2*01:01:01:new	HLA-DRA*01:02:02:09	HLA-DRB1*15:02:01:new			HLA-DRB5*01:08:01N:new	HLA-E*01:03:01:01	HLA-F*01:01:01:09	HLA-G*01:01:03:03	HLA-H*02:07:01:01	HLA-J*01:01:01:04	HLA-K*01:new	HLA-L*01:03	HLA-N*01:01:01:03	HLA-P*02:new	HLA-S*01:02:01:03	HLA-T*03:01:01:new	HLA-U*01:05:00:new	HLA-V*01:new	HLA-W*01:new		MICA*008:04:new	MICB*002:01:new	TAP1*03:01:00:new	TAP2*01:01:03:new
HPRC_r2	HG02392#2	NA			NA	HLA-A*24:07:01:01	HLA-B*40:01:02:04	HLA-C*04:01:01:14	HLA-DMA*01:02:01:01	HLA-DMB*01:07:01:new	HLA-DOA*01:01:01:01	HLA-DOB*01:01:05	HLA-DPA1*02:02:02:01	HLA-DPA2*01:new	HLA-DPB1*05:01:01:01	HLA-DPB2*03:02:00:new	HLA-DQA1*01:02:02:01	HLA-DQA2*01:01:02:01	HLA-DQB1*05:02:02:new	HLA-DQB2*01:01:01:01	HLA-DRA*01:01:01:12	HLA-DRB1*15:01:01:03			HLA-DRB5*01:01:01:new	HLA-E*01:01:01:01	HLA-F*01:01:01:new	HLA-G*01:04:01:01		HLA-J*01:01:01:02		HLA-L*01:03	HLA-N*01:01:01:03	HLA-P*02:01:01:new	HLA-S*01:02:01:03			HLA-V*01:01:01:04	HLA-W*01:new		MICA*008:04:02	MICB*004:01:new	TAP1*01:01:new	TAP2*02:01:03:03
HPRC_r2	HG02451#1	NA			NA	HLA-A*23:01:01:01	HLA-B*15:03:01:02	HLA-C*02:10:01:01	HLA-DMA*01:01:01:01	HLA-DMB*01:01:01:41	HLA-DOA*01:01:03:01	HLA-DOB*01:01:01:08	HLA-DPA1*01:03:01:35	HLA-DPA2*02:01:01:01	HLA-DPB1*02:01:02:09	HLA-DPB2*03:01:01:new	HLA-DQA1*01:02:01:03	HLA-DQA2*01:01:02:new	HLA-DQB1*06:02:01:04	HLA-DQB2*01:01:01:01	HLA-DRA*01:02:02:15	HLA-DRB1*11:01:02:new	HLA-DRB3*02:02:01:new			HLA-E*01:01:01:01	HLA-F*01:03:01:03	HLA-G*01:04:04:01		HLA-J*01:01:01:15		HLA-L*01:01:01:01	HLA-N*01:01:01:03	HLA-P*new	HLA-S*01:01:01:02			HLA-V*01:new	HLA-W*01:new		MICA*008:04:05	MICB*005:02:new	TAP1*01:01:01:new	TAP2*02:01:03:new
HPRC_r2	HG02451#2	NA			NA	HLA-A*74:01:01:01	HLA-B*35:01:01:06	HLA-C*04:01:01:14	HLA-DMA*01:01:01:15	HLA-DMB*01:03:01:10	HLA-DOA*01:01:02:28	HLA-DOB*01:01:01:01	HLA-DPA1*01:03:01:17	HLA-DPA2*01:01:new	HLA-DPB1*02:01:02:49	HLA-DPB2*01:new	HLA-DQA1*01:02:01:03	HLA-DQA2*01:01:01:04	HLA-DQB1*06:02:01:01	HLA-DQB2*01:02:01:new	HLA-DRA*01:01:01:02	HLA-DRB1*15:03:01:03			HLA-DRB5*01:01:01:new	HLA-E*01:03:02:01	HLA-F*01:new	HLA-G*01:01:02:01	HLA-H*02:05:01:02	HLA-J*01:01:01:30	HLA-K*01:new	HLA-L*01:03:00:new	HLA-N*01:01:01:01	HLA-P*01:01:01:01	HLA-S*01:02:new	HLA-T*01:01:01:new	HLA-U*01:new	HLA-V*01:01:01:02	HLA-W*02:new		MICA*002:01:13Q:new	MICB*005:02:new	TAP1*01:01:01:new	TAP2*01:02:01:new
HPRC_r2	HG02486#1	NA			NA	HLA-A*74:01:01:01	HLA-B*15:03:01:02	HLA-C*02:10:01:01	HLA-DMA*01:01:01:07	HLA-DMB*01:01:01:45	HLA-DOA*01:01:02:30	HLA-DOB*01:01:01:01	HLA-DPA1*03:01:01:05	HLA-DPA2*02:new	HLA-DPB1*105:01:01:06	HLA-DPB2*03:01:01:new	HLA-DQA1*01:02:01:03	HLA-DQA2*01:01:01:04	HLA-DQB1*06:02:01:01	HLA-DQB2*01:02:01:new	HLA-DRA*01:01:01:02	HLA-DRB1*15:03:01:03			HLA-DRB5*01:01:01:new	HLA-E*01:01:01:01	HLA-F*01:01:02:08	HLA-G*01:01:01:04	HLA-H*02:05:01:02	HLA-J*01:01:01:30	HLA-K*01:new	HLA-L*01:new	HLA-N*01:01:01:new	HLA-P*02:01:01:01	HLA-S*01:01:01:02	HLA-T*01:01:01:new	HLA-U*01:new	HLA-V*01:01:01:01	HLA-W*02:new		MICA*008:04:05	MICB*002:01:new	TAP1*01:01:01:01	TAP2*01:02:01:new
HPRC_r2	HG02486#2	NA	NA			HLA-A*30:01:01:01	HLA-B*42:01:01:01	HLA-C*17:01:01:02	HLA-DMA*01:01:01:02	HLA-DMB*01:01:01:13	HLA-DOA*01:01:11	HLA-DOB*01:01:01:23	HLA-DPA1*02:02:02:12	HLA-DPA2*01:new	HLA-DPB1*01:01:01:02	HLA-DPB2*03:01:01:new	HLA-DQA1*04:01:01:05	HLA-DQA2*01:07:00:new	HLA-DQB1*04:02:01:08	HLA-DQB2*01:01:01:10	HLA-DRA*01:03	HLA-DRB1*03:02:01:new	HLA-DRB3*01:62:01:01			HLA-E*01:01:01:01	HLA-F*01:01:01:09	HLA-G*01:05:01N	HLA-H*02:05:01:03	HLA-J*01:01:01:10	HLA-K*01:new	HLA-L*01:new	HLA-N*01:01:01:01	HLA-P*01:01:01:01	HLA-S*01:03	HLA-T*01:01:01:new	HLA-U*01:new	HLA-V*01:01:01:new	HLA-W*03:new	HLA-Y*02:01	MICA*004:01:03	MICB*002:01:new	TAP1*01:new	TAP2*01:01:03:18
HPRC_r2	HG02514#1	NA			NA;NA	HLA-A*33:03:01:new	HLA-B*44:03:02:04	HLA-C*07:06:01:01	HLA-DMA*01:01:01:02	HLA-DMB*01:03:01:17	HLA-DOA*01:01:01:01	HLA-DOB*01:01:01:01	HLA-DPA1*01:03:01:04	HLA-DPA2*01:01:01:01	HLA-DPB1*04:01:01:04	HLA-DPB2*03:01:01:03	HLA-DQA1*02:01:01:01	HLA-DQA2*01:03	HLA-DQB1*02:02:01:07	HLA-DQB2*01:01:01:02	HLA-DRA*01:01:01:03	HLA-DRB1*07:01:01:new		HLA-DRB4*01:03:01:04		HLA-E*01:01:01:07	HLA-F*01:01:01:22	HLA-G*01:01:01:06	HLA-H*01:02:01:06	HLA-J*01:01:01:09	HLA-K*01:04	HLA-L*01:02:00:new	HLA-N*01:01:01:01	HLA-P*02:01:01:02	HLA-S*01:01:01:01	HLA-T*01:01:01:new	HLA-U*01:06:00:new	HLA-V*01:01:01:01	HLA-W*01:new	HLA-Y*02:01	MICA*004:01:01	MICB*002:01:new	TAP1*01:01:01:03	TAP2*01:01:03:new
HPRC_r2	HG02514#2	NA;NA			NA	HLA-A*11:01:01:01	HLA-B*15:02:01:01	HLA-C*08:01:01:01	HLA-DMA*01:02:01:01	HLA-DMB*01:01:01:02	HLA-DOA*01:01:01:01	HLA-DOB*01:01:01:28	HLA-DPA1*02:07:01:04	HLA-DPA2*01:new	HLA-DPB1*19:01:01:01	HLA-DPB2*01:new	HLA-DQA1*06:01:01:02	HLA-DQA2*01:01:02:01	HLA-DQB1*03:01:01:22	HLA-DQB2*01:01:01:01	HLA-DRA*01:02:02:14	HLA-DRB1*12:02:01:new	HLA-DRB3*03:01:03:01			HLA-E*01:01:01:01	HLA-F*01:01:02:09	HLA-G*01:01:03:03	HLA-H*02:07:01:01	HLA-J*01:01:01:02	HLA-K*01:new	HLA-L*01:03	HLA-N*01:01:01:03	HLA-P*02:new	HLA-S*01:03	HLA-T*03:01:01:new	HLA-U*01:05:00:new	HLA-V*01:new	HLA-W*01:new		MICA*019:01:02	MICB*005:02:new	TAP1*01:01:01:new	TAP2*01:01:03:new
HPRC_r2	HG02523#1	NA			NA	HLA-A*11:01:01:01	HLA-B*07:05:01:01	HLA-C*15:05:02:01	HLA-DMA*01:01:01:01	HLA-DMB*01:01:01:01	HLA-DOA*01:01:02:08	HLA-DOB*01:01:01:04	HLA-DPA1*01:03:01:02	HLA-DPA2*01:01:01:new	HLA-DPB1*04:01:01:01	HLA-DPB2*01:01:01:new	HLA-DQA1*01:05:01:01	HLA-DQA2*01:01:01:new	HLA-DQB1*05:01:01:02	HLA-DQB2*01:02:02:01	HLA-DRA*01:01:01:11	HLA-DRB1*10:01:01:03				HLA-E*01:01:01:01	HLA-F*01:01:02:09	HLA-G*01:01:03:03	HLA-H*02:07:01:02	HLA-J*01:01:01:02	HLA-K*01:new	HLA-L*01:02:00:new	HLA-N*01:01:01:03	HLA-P*02:new	HLA-S*01:01:01:02	HLA-T*03:01:01:new	HLA-U*01:05:00:new	HLA-V*01:new	HLA-W*01:new		MICA*008:02	MICB*008:01:new	TAP1*01:01:01:01	TAP2*02:01:02:02
HPRC_r2	HG02523#2	NA			NA	HLA-A*02:07:01:01	HLA-B*46:01:01:01	HLA-C*01:02:01:01	HLA-DMA*01:02:01:01	HLA-DMB*01:01:01:02	HLA-DOA*01:01:01:01	HLA-DOB*01:01:01:09	HLA-DPA1*02:02:02:01	HLA-DPA2*01:new	HLA-DPB1*05:01:01:01	HLA-DPB2*03:02:00:new	HLA-DQA1*03:02:01:02	HLA-DQA2*01:01:02:01	HLA-DQB1*03:03:02:02	HLA-DQB2*01:01:01:07	HLA-DRA*01:01:01:12	HLA-DRB1*09:01:02:new		HLA-DRB4*01:03:01:08		HLA-E*01:03:02:01	HLA-F*01:01:01:new	HLA-G*01:01:01:01	HLA-H*01:01:01:01	HLA-J*01:01:01:05	HLA-K*01:new	HLA-L*01:03	HLA-N*01:01:01:03	HLA-P*02:01:01:01	HLA-S*01:04	HLA-T*01:01:01:05	HLA-U*01:03:00:new	HLA-V*01:01:01:01	HLA-W*03:01:01:01		MICA*010:01:05	MICB*005:02:21	TAP1*01:01:01:new	TAP2*01:01:03:new
HPRC_r2	HG02559#1	NA		NA		HLA-A*01:01:01:01	HLA-B*15:01:01:01	HLA-C*03:04:01:01	HLA-DMA*01:01:01:01	HLA-DMB*01:01:01:01	HLA-DOA*01:01:02:02	HLA-DOB*01:02:01:01	HLA-DPA1*01:03:01:02	HLA-DPA2*01:01:01:01	HLA-DPB1*04:01:01:06	HLA-DPB2*03:01:01:01	HLA-DQA1*03:01:01:01	HLA-DQA2*01:01:01:new	HLA-DQB1*03:02:01:01	HLA-DQB2*01:02:01:01	HLA-DRA*01:01:01:03	HLA-DRB1*04:01:01:new		HLA-DRB4*01:03:01:new		HLA-E*01:09:01:01	HLA-F*01:01:01:09	HLA-G*01:06:01:01	HLA-H*02:01:01:01	HLA-J*01:01:01:02	HLA-K*01:01:01:02	HLA-L*01:01:01:01	HLA-N*01:01:01:03	HLA-P*01:01:01:01	HLA-S*01:04	HLA-T*01:01:01:01	HLA-U*01:01:01:01	HLA-V*01:01:01:02	HLA-W*01:01:01:06		MICA*010:01:02	MICB*002:01:02	TAP1*01:01:01:03	TAP2*01:01:05:02
HPRC_r2	HG02559#2	NA		NA		HLA-A*66:01:01:01	HLA-B*51:01:01:10	HLA-C*18:02:01:01	HLA-DMA*01:01:01:04	HLA-DMB*01:01:01:new	HLA-DOA*01:01:02:30	HLA-DOB*01:04:01:new	HLA-DPA1*03:01:01:05	HLA-DPA2*02:new	HLA-DPB1*105:01:01:01	HLA-DPB2*03:01:01:new	HLA-DQA1*05:05:01:new	HLA-DQA2*01:01:02:new	HLA-DQB1*03:01:01:03	HLA-DQB2*01:01:01:new	HLA-DRA*01:02:02:08	HLA-DRB1*12:01:01:new	HLA-DRB3*01:01:02:new			HLA-E*01:03:02:01	HLA-F*01:03:01:01	HLA-G*01:01:02:02	HLA-H*01:02:01:01	HLA-J*01:01:01:16	HLA-K*01:01:new	HLA-L*01:01:01:new	HLA-N*01:01:01:new	HLA-P*01:01:01:new	HLA-S*01:03	HLA-T*01:01:01:new	HLA-U*01:new	HLA-V*01:01:01:03	HLA-W*01:01:01:new		MICA*004:01:07	MICB*005:02:new	TAP1*01:01:01:new	TAP2*02:new
HPRC_r2	HG02572#1	NA			NA	HLA-A*68:02:01:01	HLA-B*27:03	HLA-C*02:02:02:43	HLA-DMA*01:01:01:37	HLA-DMB*01:01:01:21	HLA-DOA*01:01:05	HLA-DOB*01:01:01:11	HLA-DPA1*01:03:01:35	HLA-DPA2*01:01:01:new	HLA-DPB1*02:01:02:new	HLA-DPB2*01:new	HLA-DQA1*05:01:01:new	HLA-DQA2*01:01:01:05	HLA-DQB1*02:01:01:01	HLA-DQB2*01:02:02:new	HLA-DRA*01:01:01:01	HLA-DRB1*03:01:01:new	HLA-DRB3*02:02:01:01			HLA-E*01:03:02:01	HLA-F*01:01:01:18	HLA-G*01:01:02:01	HLA-H*02:05:01:01	HLA-J*01:01:01:10	HLA-K*01:new	HLA-L*01:02:00:new	HLA-N*01:01:01:01	HLA-P*01:02	HLA-S*01:02:01:03	HLA-T*01:01:01:new	HLA-U*01:03:00:new	HLA-V*01:01:01:03	HLA-W*05:new	HLA-Y*02:01	MICA*018:01:new	MICB*002:01:new	TAP1*04:01:00:new	TAP2*01:01:03:new
HPRC_r2	HG02572#2	NA				HLA-A*34:02:01:01	HLA-B*78:01:01:new	HLA-C*02:10:01:01	HLA-DMA*01:01:01:04	HLA-DMB*01:01:01:new	HLA-DOA*01:01:02:08	HLA-DOB*01:01:01:new	HLA-DPA1*02:01:01:14	HLA-DPA2*01:new	HLA-DPB1*131:01:01:01	HLA-DPB2*03:01:01:new	HLA-DQA1*01:02:01:14	HLA-DQA2*01:01:04:01	HLA-DQB1*06:04:01:01	HLA-DQB2*01:07:01:new	HLA-DRA*01:01:01:05	HLA-DRB1*13:02:01:new	HLA-DRB3*03:01:01:new			HLA-E*01:01:01:06	HLA-F*01:01:01:22	HLA-G*01:03:01:02	HLA-H*02:09	HLA-J*01:01:01:new	HLA-K*01:new	HLA-L*01:01:01:01	HLA-N*01:01:01:05	HLA-P*02:new	HLA-S*01:03	HLA-T*03:01:01:02	HLA-U*01:03:00:new	HLA-V*01:new	HLA-W*01:new		MICA*004:01:07	MICB*005:02:new	TAP1*01:01:01:05	TAP2*02:01:02:new
HPRC_r2	HG02583#1	NA			NA	HLA-A*30:01:01:01	HLA-B*42:02:01:02	HLA-C*17:01:01:02	HLA-DMA*01:01:01:21	HLA-DMB*01:01:01:new	HLA-DOA*01:01:04:new	HLA-DOB*01:01:01:24	HLA-DPA1*01:03:01:35	HLA-DPA2*02:01:01:01	HLA-DPB1*02:01:02:new	HLA-DPB2*03:01:01:new	HLA-DQA1*01:05:01:02	HLA-DQA2*01:01:02:new	HLA-DQB1*05:01:01:new	HLA-DQB2*01:01:01:01	HLA-DRA*01:01:01:11	HLA-DRB1*10:01:01:03				HLA-E*01:01:01:01	HLA-F*01:01:01:09	HLA-G*01:05:01N	HLA-H*02:05:new	HLA-J*01:01:01:10	HLA-K*01:new	HLA-L*01:new	HLA-N*01:01:01:01	HLA-P*01:01:01:01	HLA-S*01:03	HLA-T*01:01:01:new	HLA-U*01:new	HLA-V*01:01:01:new	HLA-W*03:new	HLA-Y*02:01	MICA*004:01:03	MICB*002:01:new	TAP1*01:new	TAP2*02:01:03:new
HPRC_r2	HG02583#2	NA				HLA-A*26:01:01:01	HLA-B*41:02:01:01	HLA-C*17:01:01:30	HLA-DMA*01:01:01:new	HLA-DMB*01:01:new	HLA-DOA*01:01:02:new	HLA-DOB*01:04:02:new	HLA-DPA1*02:01:01:01	HLA-DPA2*01:new	HLA-DPB1*11:01:01:new	HLA-DPB2*03:01:01:new	HLA-DQA1*01:01:02:01	HLA-DQA2*01:01:01:05	HLA-DQB1*05:01:01:01	HLA-DQB2*01:02:02:new	HLA-DRA*01:01:01:13	HLA-DRB1*01:02:01:01				HLA-E*01:01:01:01	HLA-F*01:01:01:08	HLA-G*01:01:02:01	HLA-H*01:02:01:01	HLA-J*01:01:01:15	HLA-K*01:01:01:03	HLA-L*01:01:01:01	HLA-N*01:01:01:01	HLA-P*01:01:01:new	HLA-S*01:03	HLA-T*01:01:01:new	HLA-U*01:new	HLA-V*01:01:01:03	HLA-W*01:new		MICA*004:01:new	MICB*008:01:new	TAP1*01:01:01:new	TAP2*01:01:03:new
HPRC_r2	HG02602#1	NA			NA	HLA-A*02:05:01:01	HLA-B*44:02:01:01	HLA-C*05:01:01:03	HLA-DMA*01:02:01:01	HLA-DMB*01:01:01:02	HLA-DOA*01:01:01:01	HLA-DOB*01:05	HLA-DPA1*01:03:01:01	HLA-DPA2*01:new	HLA-DPB1*414:01:01:02	HLA-DPB2*03:02:00:new	HLA-DQA1*02:01:01:01	HLA-DQA2*01:01:02:01	HLA-DQB1*03:03:02:01	HLA-DQB2*01:01:01:01	HLA-DRA*01:01:02	HLA-DRB1*07:01:01:02		HLA-DRB4*01:03:01:02N		HLA-E*01:01:01:01	HLA-F*01:01:02:11	HLA-G*01:03:01:02	HLA-H*01:03:01:02	HLA-J*01:01:01:14	HLA-K*01:new	HLA-L*01:01:01:01	HLA-N*01:01:01:01	HLA-P*02:new	HLA-S*01:02:01:03	HLA-T*01:01:01:new	HLA-U*01:03:00:new	HLA-V*01:new	HLA-W*05:new		MICA*008:01:02	MICB*005:02:new	TAP1*01:01:01:03	TAP2*02:01:02:01
HPRC_r2	HG02602#2	NA		NA		HLA-A*68:01:02:01	HLA-B*49:01:01:04	HLA-C*07:01:01:16	HLA-DMA*01:01:01:01	HLA-DMB*01:01:01:new	HLA-DOA*01:01:02:45	HLA-DOB*01:01:05	HLA-DPA1*01:03:07	HLA-DPA2*02:01:01:01	HLA-DPB1*02:01:02:04	HLA-DPB2*01:01:02	HLA-DQA1*01:04:02:new	HLA-DQA2*01:03:00:new	HLA-DQB1*05:03:01:01	HLA-DQB2*01:01:01:02	HLA-DRA*01:01:01:01	HLA-DRB1*14:04:01:new	HLA-DRB3*02:02:01:new			HLA-E*01:01:01:01	HLA-F*01:01:02:08	HLA-G*01:01:02:01	HLA-H*02:05:01:01	HLA-J*01:01:01:01	HLA-K*01:new	HLA-L*01:01:01:01	HLA-N*01:01:01:01	HLA-P*01:02	HLA-S*01:01:01:01	HLA-T*01:01:01:new	HLA-U*01:new	HLA-V*01:01:01:03	HLA-W*05:new		MICA*004:01:new	MICB*005:03:new	TAP1*01:01:01:01	TAP2*01:05:01:new
HPRC_r2	HG02615#1	NA			NA	HLA-A*30:01:01:10	HLA-B*52:01:02:02	HLA-C*16:01:01:new	HLA-DMA*01:01:01:15	HLA-DMB*01:01:01:new	HLA-DOA*01:01:02:36	HLA-DOB*01:04:02:new	HLA-DPA1*02:12:01	HLA-DPA2*01:new	HLA-DPB1*85:01:01:01	HLA-DPB2*01:new	HLA-DQA1*01:02:01:14	HLA-DQA2*01:01:01:05	HLA-DQB1*05:01:01:03	HLA-DQB2*01:02:02:new	HLA-DRA*01:01:01:05	HLA-DRB1*13:02:01:new	HLA-DRB3*03:01:01:01			HLA-E*01:01:01:01	HLA-F*01:new	HLA-G*01:05:01N	HLA-H*02:05:01:03	HLA-J*01:01:01:10	HLA-K*01:new	HLA-L*01:new	HLA-N*01:01:01:01	HLA-P*01:01:01:01	HLA-S*01:03	HLA-T*01:01:01:new	HLA-U*01:new	HLA-V*01:01:01:new	HLA-W*03:new	HLA-Y*02:01	MICA*004:01:07	MICB*005:02:new	TAP1*01:01:01:new	TAP2*01:01:03:new
HPRC_r2	HG02615#2	NA			NA	HLA-A*23:01:01:01	HLA-B*44:03:01:01	HLA-C*06:02:01:new	HLA-DMA*01:01:01:13	HLA-DMB*01:03:01:03	HLA-DOA*01:01:04:01	HLA-DOB*01:04:02:new	HLA-DPA1*01:03:01:35	HLA-DPA2*02:01:01:01	HLA-DPB1*02:01:02:09	HLA-DPB2*03:01:01:new	HLA-DQA1*01:02:01:04	HLA-DQA2*01:01:01:05	HLA-DQB1*06:04:01:01	HLA-DQB2*01:02:02:new	HLA-DRA*01:02:02:new	HLA-DRB1*13:02:01:new	HLA-DRB3*03:01:01:new			HLA-E*01:01:01:01	HLA-F*01:03:01:03	HLA-G*01:04:04:01		HLA-J*01:01:01:15		HLA-L*01:01:01:01	HLA-N*01:01:01:03	HLA-P*new	HLA-S*01:01:01:01			HLA-V*01:new	HLA-W*01:new		MICA*004:01:01	MICB*005:02:new	TAP1*01:01:01:new	TAP2*01:01:03:new
HPRC_r2	HG02622#1	NA			NA;NA	HLA-A*68:02:01:01	HLA-B*15:03:01:02	HLA-C*02:10:01:01	HLA-DMA*01:01:01:01	HLA-DMB*01:01:01:20	HLA-DOA*01:01:02:29	HLA-DOB*01:01:03:new	HLA-DPA1*02:01:08:03	HLA-DPA2*01:new	HLA-DPB1*01:01:01:13	HLA-DPB2*03:01:01:new	HLA-DQA1*02:01:01:new	HLA-DQA2*01:01:02:new	HLA-DQB1*02:02:01:01	HLA-DQB2*01:01:01:01	HLA-DRA*01:01:01:new	HLA-DRB1*07:01:01:new		HLA-DRB4*01:03:01:new		HLA-E*01:03:02:01	HLA-F*01:01:01:18	HLA-G*01:01:02:01	HLA-H*02:05:01:01	HLA-J*01:01:01:10	HLA-K*01:new	HLA-L*01:02:00:new	HLA-N*01:01:01:01	HLA-P*01:02	HLA-S*01:01:01:02	HLA-T*01:01:01:new	HLA-U*01:03:00:new	HLA-V*01:01:01:03	HLA-W*05:new	HLA-Y*02:01	MICA*008:04:05	MICB*008:01:new	TAP1*02:01:01:new	TAP2*01:new
HPRC_r2	HG02622#2	NA				HLA-A*74:01:01:01	HLA-B*50:01:01:01	HLA-C*06:02:01:01	HLA-DMA*01:01:01:04	HLA-DMB*01:03:01:new	HLA-DOA*01:01:02:08	HLA-DOB*01:02:01:01	HLA-DPA1*01:03:01:22	HLA-DPA2*01:01:01:new	HLA-DPB1*02:01:19:01	HLA-DPB2*03:01:01:new	HLA-DQA1*03:03:01:new	HLA-DQA2*01:04:02:new	HLA-DQB1*02:02:01:new	HLA-DQB2*01:new	HLA-DRA*01:01:01:new	HLA-DRB1*09:01:02:new		HLA-DRB4*01:01:01:new		HLA-E*01:01:01:01	HLA-F*01:01:02:08	HLA-G*01:01:01:04	HLA-H*02:05:01:02	HLA-J*01:01:01:30	HLA-K*01:new	HLA-L*01:new	HLA-N*01:01:01:new	HLA-P*02:01:01:01	HLA-S*01:01:01:01	HLA-T*01:01:01:new	HLA-U*01:new	HLA-V*01:01:01:01	HLA-W*02:new		MICA*009:02:01	MICB*005:02:new	TAP1*02:01:01:new	TAP2*01:01:05:new
HPRC_r2	HG02630#1	NA			NA	HLA-A*02:01:01:01	HLA-B*41:02:01:01	HLA-C*17:01:01:30	HLA-DMA*01:01:01:01	HLA-DMB*01:01:01:new	HLA-DOA*01:01:02:32	HLA-DOB*01:01:01:01	HLA-DPA1*01:03:01:35	HLA-DPA2*02:01:01:new	HLA-DPB1*02:01:02:09	HLA-DPB2*03:01:01:new	HLA-DQA1*03:03:01:01	HLA-DQA2*01:01:02:01	HLA-DQB1*02:02:01:02	HLA-DQB2*01:01:01:new	HLA-DRA*01:01:01:03	HLA-DRB1*09:01:02:07		HLA-DRB4*01:01:01:new		HLA-E*01:03:01:11	HLA-F*01:01:01:17	HLA-G*01:01:01:01	HLA-H*01:01:01:01	HLA-J*01:01:01:05	HLA-K*01:02	HLA-L*01:01:02:new	HLA-N*01:01:01:04	HLA-P*02:new	HLA-S*01:03	HLA-T*01:01:01:05	HLA-U*01:03:00:new	HLA-V*01:01:01:01	HLA-W*03:01:01:new		MICA*004:01:new	MICB*005:02:new	TAP1*01:01:01:new	TAP2*01:02:01:new
HPRC_r2	HG02630#2	NA			NA	HLA-A*03:01:01:05	HLA-B*53:01:01:01	HLA-C*04:01:01:75	HLA-DMA*01:01:01:21	HLA-DMB*01:01:01:new	HLA-DOA*01:01:02:08	HLA-DOB*01:01:03:09	HLA-DPA1*02:01:08:03	HLA-DPA2*01:new	HLA-DPB1*01:01:01:new	HLA-DPB2*03:01:01:new	HLA-DQA1*03:03:01:01	HLA-DQA2*01:new	HLA-DQB1*02:02:01:02	HLA-DQB2*01:01:01:new	HLA-DRA*01:01:01:03	HLA-DRB1*09:01:02:new		HLA-DRB4*01:01:01:new		HLA-E*01:new	HLA-F*01:01:01:18	HLA-G*01:01:01:05	HLA-H*02:04:01	HLA-J*01:01:01:04	HLA-K*01:01:01:01	HLA-L*01:02:00:new	HLA-N*01:01:01:05	HLA-P*02:01:01:02	HLA-S*01:02:01:01	HLA-T*03:01:01:01	HLA-U*01:04	HLA-V*01:01:01:new	HLA-W*01:new		MICA*002:01:02	MICB*005:02:new	TAP1*01:new	TAP2*01:01:new
HPRC_r2	HG02647#1	NA			NA	HLA-A*34:02:01:01	HLA-B*53:01:01:01	HLA-C*06:02:01:new	HLA-DMA*01:01:01:07	HLA-DMB*01:01:01:45	HLA-DOA*01:01:05	HLA-DOB*01:01:01:05	HLA-DPA1*02:12:01	HLA-DPA2*01:new	HLA-DPB1*85:01:01:01	HLA-DPB2*01:new	HLA-DQA1*01:05:02:01	HLA-DQA2*01:01:02:new	HLA-DQB1*05:03:01:01	HLA-DQB2*01:07:01:new	HLA-DRA*01:01:01:02	HLA-DRB1*14:54:01:new	HLA-DRB3*02:02:01:new			HLA-E*01:03:01:01	HLA-F*01:01:01:22	HLA-G*01:new	HLA-H*02:09	HLA-J*01:01:01:new	HLA-K*01:new	HLA-L*01:01:02	HLA-N*01:01:01:01	HLA-P*02:new	HLA-S*01:new	HLA-T*03:01:01:02	HLA-U*01:03:00:new	HLA-V*01:new	HLA-W*01:new		MICA*018:01:05	MICB*003:01:new	TAP1*04:01:00:new	TAP2*02:02:00:new
HPRC_r2	HG02647#2	NA				HLA-A*23:01:01:01	HLA-B*39:10:01:new	HLA-C*05:01:01:02	HLA-DMA*01:01:01:01	HLA-DMB*01:01:01:new	HLA-DOA*01:01:08	HLA-DOB*01:03:01:02	HLA-DPA1*01:03:01:new	HLA-DPA2*01:01:01:new	HLA-DPB1*02:01:02:03	HLA-DPB2*03:01:01:new	HLA-DQA1*02:01:01:01	HLA-DQA2*01:04:01:01	HLA-DQB1*02:02:01:01	HLA-DQB2*01:01:01:04	HLA-DRA*01:01:01:02	HLA-DRB1*07:01:01:01		HLA-DRB4*01:01:01:01		HLA-E*01:01:01:01	HLA-F*01:03:01:new	HLA-G*01:04:04:01		HLA-J*01:01:01:15		HLA-L*01:01:01:01	HLA-N*01:01:01:03	HLA-P*new	HLA-S*01:02:01:01			HLA-V*01:new	HLA-W*01:new		MICA*008:01:new	MICB*002:01:new	TAP1*01:01:01:05	TAP2*01:01:03:new
HPRC_r2	HG02668#1	NA			NA	HLA-A*30:02:01:01	HLA-B*52:01:02:02	HLA-C*01:02:01:01	HLA-DMA*01:02:01:02	HLA-DMB*01:01:01:01	HLA-DOA*01:01:02:08	HLA-DOB*01:03:01:02	HLA-DPA1*02:02:02:12	HLA-DPA2*01:new	HLA-DPB1*01:01:01:02	HLA-DPB2*03:01:01:new	HLA-DQA1*05:05:01:35	HLA-DQA2*01:04:02:new	HLA-DQB1*03:09	HLA-DQB2*01:01:01:12	HLA-DRA*01:02:02:06	HLA-DRB1*13:03:01:new	HLA-DRB3*01:01:02:03			HLA-E*01:01:01:06	HLA-F*01:01:01:17	HLA-G*01:01:01:08	HLA-H*01:01:02	HLA-J*01:01:01:15	HLA-K*01:new	HLA-L*01:02:00:new	HLA-N*01:01:01:05	HLA-P*02:01:01:01	HLA-S*01:03	HLA-T*01:new	HLA-U*01:new	HLA-V*01:01:01:01	HLA-W*03:new		MICA*004:01:07	MICB*005:02:new	TAP1*04:01:00:new	TAP2*01:new
HPRC_r2	HG02668#2	NA			NA	HLA-A*68:01:01:02	HLA-B*15:03:01:02	HLA-C*02:10:01:01	HLA-DMA*01:01:01:33	HLA-DMB*01:01:01:38	HLA-DOA*01:01:04:03	HLA-DOB*01:01:01:01	HLA-DPA1*02:01:07	HLA-DPA2*01:new	HLA-DPB1*519:01:00:new	HLA-DPB2*03:01:01:new	HLA-DQA1*01:02:01:03	HLA-DQA2*01:03	HLA-DQB1*06:02:01:04	HLA-DQB2*01:01:01:02	HLA-DRA*01:02:02:11	HLA-DRB1*11:01:02:new	HLA-DRB3*02:02:01:05			HLA-E*01:03:02:01	HLA-F*01:01:02:10	HLA-G*01:01:01:04	HLA-H*02:05:01:01	HLA-J*01:01:01:01	HLA-K*01:new	HLA-L*01:01:01:01	HLA-N*01:01:01:04	HLA-P*02:01:01:01	HLA-S*01:01:01:02	HLA-T*01:01:01:new	HLA-U*01:new	HLA-V*01:01:01:01	HLA-W*05:new		MICA*008:04:05	MICB*008:01:new	TAP1*04:01:00:new	TAP2*01:01:07:new
HPRC_r2	HG02698#1	NA	NA		NA	HLA-A*32:01:01:01	HLA-B*40:06:01:13	HLA-C*15:02:01:01	HLA-DMA*01:01:01:07	HLA-DMB*01:01:01:new	HLA-DOA*01:01:02:32	HLA-DOB*01:01:01:24	HLA-DPA1*02:07:01:04	HLA-DPA2*01:01:01:new	HLA-DPB1*04:01:01:new	HLA-DPB2*03:01:01:new	HLA-DQA1*01:03:01:01	HLA-DQA2*01:01:02:01	HLA-DQB1*06:01:01:01	HLA-DQB2*01:01:01:01	HLA-DRA*01:01:01:14	HLA-DRB1*15:01:01:03			HLA-DRB5*01:01:01:new	HLA-E*01:03:01:01	HLA-F*01:01:02:10	HLA-G*01:01:22:01	HLA-H*02:03:02	HLA-J*01:01:01:06	HLA-K*01:01:01:04	HLA-L*01:03:00:new	HLA-N*01:01:01:03	HLA-P*02:01:01:02	HLA-S*01:02:01:03	HLA-T*02:01:01:new	HLA-U*01:02	HLA-V*01:01:01:01	HLA-W*04:01:00:new		MICA*027:01:03	MICB*005:03:new	TAP1*03:new	TAP2*02:01:03:new
HPRC_r2	HG02698#2	NA		NA		HLA-A*68:01:01:02	HLA-B*15:220:01:01	HLA-C*04:01:01:new	HLA-DMA*01:01:01:04	HLA-DMB*01:01:01:new	HLA-DOA*01:01:02:new	HLA-DOB*01:01:01:24	HLA-DPA1*01:03:01:34	HLA-DPA2*01:new	HLA-DPB1*03:01:27:new	HLA-DPB2*01:new	HLA-DQA1*01:02:01:17	HLA-DQA2*01:01:02:new	HLA-DQB1*06:04:01:01	HLA-DQB2*01:01:01:new	HLA-DRA*01:01:01:05	HLA-DRB1*13:02:01:new	HLA-DRB3*03:01:01:01			HLA-E*01:01:01:06	HLA-F*01:03:01:03	HLA-G*01:01:02:new	HLA-H*02:05:01:01	HLA-J*01:01:01:01	HLA-K*01:new	HLA-L*01:01:01:01	HLA-N*01:01:01:05	HLA-P*01:02	HLA-S*01:new	HLA-T*01:01:01:new	HLA-U*01:new	HLA-V*01:01:01:03	HLA-W*05:new		MICA*019:01:new	MICB*005:02:new	TAP1*01:01:01:05	TAP2*02:01:03:03
HPRC_r2	HG02717#1	NA			NA	HLA-A*66:01:01:01	HLA-B*45:01:01:03	HLA-C*16:01:01:01	HLA-DMA*01:01:01:01	HLA-DMB*01:01:01:01	HLA-DOA*01:01:05	HLA-DOB*01:04:02:new	HLA-DPA1*02:01:01:06	HLA-DPA2*01:new	HLA-DPB1*13:01:01:01	HLA-DPB2*01:new	HLA-DQA1*05:01:01:new	HLA-DQA2*01:01:01:05	HLA-DQB1*02:new	HLA-DQB2*01:02:02:new	HLA-DRA*01:02:02:new	HLA-DRB1*03:02:01:new	HLA-DRB3*01:01:02:new			HLA-E*01:01:01:01	HLA-F*01:01:01:08	HLA-G*01:01:02:02	HLA-H*01:02:01:01	HLA-J*01:01:01:16	HLA-K*01:01:new	HLA-L*01:01:01:new	HLA-N*01:01:01:01	HLA-P*01:01:01:new	HLA-S*01:01:01:01	HLA-T*01:01:01:new	HLA-U*01:new	HLA-V*01:01:01:03	HLA-W*01:01:01:new		MICA*015:01:00:new	MICB*014:01:new	TAP1*01:01:01:new	TAP2*01:01:03:new
HPRC_r2	HG02717#2		NA	NA	NA	HLA-A*30:02:01:01	HLA-B*15:03:01:01	HLA-C*04:01:01:14	HLA-DMA*01:01:01:02	HLA-DMB*01:03:01:new	HLA-DOA*01:01:08	HLA-DOB*01:01:03:new	HLA-DPA1*02:02:02:12	HLA-DPA2*01:new	HLA-DPB1*01:01:01:02	HLA-DPB2*03:01:01:new	HLA-DQA1*03:03:01:new	HLA-DQA2*01:07:00:new	HLA-DQB1*02:02:01:new	HLA-DQB2*01:01:01:10	HLA-DRA*01:01:01:new	HLA-DRB1*09:01:02:new		HLA-DRB4*01:01:01:new		HLA-E*01:01:01:01	HLA-F*01:01:01:17	HLA-G*01:01:01:08	HLA-H*01:01:02	HLA-J*01:01:01:15	HLA-K*01:new	HLA-L*01:01:02	HLA-N*01:01:01:01	HLA-P*02:01:01:01	HLA-S*01:new	HLA-T*01:new	HLA-U*01:new	HLA-V*01:01:01:01	HLA-W*03:new		MICA*019:01:new	MICB*004:01:new	TAP1*04:new	TAP2*01:new
HPRC_r2	HG02723#1	NA			NA	HLA-A*26:01:01:13	HLA-B*08:01:01:01	HLA-C*03:04:01:13	HLA-DMA*01:01:01:33	HLA-DMB*01:03:01:06	HLA-DOA*01:01:02:32	HLA-DOB*01:02:01:03	HLA-DPA1*02:01:01:14	HLA-DPA2*01:new	HLA-DPB1*131:01:01:01	HLA-DPB2*03:01:01:new	HLA-DQA1*05:05:01:new	HLA-DQA2*01:06	HLA-DQB1*03:19:01:01	HLA-DQB2*01:01:01:06	HLA-DRA*01:01:01:08	HLA-DRB1*13:04:00:new	HLA-DRB3*02:02:01:12			HLA-E*01:01:01:01	HLA-F*01:01:01:08	HLA-G*01:01:02:01	HLA-H*01:02:01:01	HLA-J*01:01:01:16	HLA-K*01:01:new	HLA-L*01:02:00:new	HLA-N*01:01:01:01	HLA-P*01:01:01:02	HLA-S*01:02:01:01	HLA-T*01:01:01:new	HLA-U*01:new	HLA-V*01:01:01:03	HLA-W*01:01:01:new		MICA*008:01:new	MICB*024:01:new	TAP1*01:01:01:01	TAP2*01:05:01:07
HPRC_r2	HG02723#2	NA			NA	HLA-A*33:01:01:01	HLA-B*49:01:01:01	HLA-C*07:01:01:16	HLA-DMA*01:01:01:15	HLA-DMB*01:01:01:new	HLA-DOA*01:01:02:new	HLA-DOB*01:01:03:new	HLA-DPA1*01:03:01:new	HLA-DPA2*01:01:01:new	HLA-DPB1*02:01:19:01	HLA-DPB2*03:01:01:new	HLA-DQA1*02:01:01:new	HLA-DQA2*01:01:02:new	HLA-DQB1*02:02:01:01	HLA-DQB2*01:01:01:01	HLA-DRA*01:01:01:03	HLA-DRB1*07:01:01:new		HLA-DRB4*01:03:01:new		HLA-E*01:01:01:01	HLA-F*01:01:02:07	HLA-G*01:03:01:new	HLA-H*02:09:00:new	HLA-J*01:01:01:13	HLA-K*01:new	HLA-L*01:01:02:new	HLA-N*01:01:01:01	HLA-P*01:new	HLA-S*01:01:01:01	HLA-T*03:01:01:new	HLA-U*01:06:00:new	HLA-V*01:new	HLA-W*01:new	HLA-Y*02:01:00:new	MICA*004:01:09	MICB*002:01:new	TAP1*02:new	TAP2*01:new
HPRC_r2	HG02735#1	NA			NA	HLA-A*11:01:01:01	HLA-B*44:03:02:new	HLA-C*07:06:01:01	HLA-DMA*01:01:01:02	HLA-DMB*01:03:01:17	HLA-DOA*01:01:01:01	HLA-DOB*01:05	HLA-DPA1*01:03:01:34	HLA-DPA2*01:new	HLA-DPB1*104:01:01:02	HLA-DPB2*03:01:01:new	HLA-DQA1*02:01:01:01	HLA-DQA2*01:01:02:01	HLA-DQB1*02:02:01:01	HLA-DQB2*01:01:01:01	HLA-DRA*01:01:01:03	HLA-DRB1*07:01:01:new		HLA-DRB4*01:03:01:04		HLA-E*01:01:01:07	HLA-F*01:01:02:09	HLA-G*01:01:03:03	HLA-H*02:07:01:01	HLA-J*01:01:01:04	HLA-K*01:new	HLA-L*01:new	HLA-N*01:01:01:01	HLA-P*02:new	HLA-S*01:01:01:01	HLA-T*03:01:01:new	HLA-U*01:05:00:new	HLA-V*01:new	HLA-W*01:new		MICA*004:01:01	MICB*002:01:new	TAP1*01:01:01:01	TAP2*02:01:02:new
HPRC_r2	HG02735#2	NA				HLA-A*33:03:01:01	HLA-B*58:01:01:03	HLA-C*03:02:02:05	HLA-DMA*01:01:01:02	HLA-DMB*01:03:01:new	HLA-DOA*01:01:02:30	HLA-DOB*01:01:01:new	HLA-DPA1*01:03:01:04	HLA-DPA2*01:01:01:01	HLA-DPB1*04:01:01:04	HLA-DPB2*03:01:01:new	HLA-DQA1*05:01:01:03	HLA-DQA2*01:01:04:new	HLA-DQB1*02:01:01:01	HLA-DQB2*01:new	HLA-DRA*01:01:01:new	HLA-DRB1*03:01:01:03	HLA-DRB3*02:02:01:new			HLA-E*01:01:01:06	HLA-F*01:01:02:10	HLA-G*01:04:01:01	HLA-H*02:08:01:01	HLA-J*01:01:01:09	HLA-K*01:04	HLA-L*01:01:01:01	HLA-N*01:01:01:05	HLA-P*new	HLA-S*01:02:01:01	HLA-T*03:01:01:02	HLA-U*01:06:00:new	HLA-V*01:new	HLA-W*01:new	HLA-Y*02:01	MICA*002:01:07	MICB*008:01:new	TAP1*02:01:01:new	TAP2*01:01:03:12
HPRC_r2	HG02738#1	NA			NA	HLA-A*26:01:01:01	HLA-B*08:01:01:02	HLA-C*07:02:01:01	HLA-DMA*01:01:01:01	HLA-DMB*01:01:01:01	HLA-DOA*01:01:04:01	HLA-DOB*01:01:01:24	HLA-DPA1*01:03:01:new	HLA-DPA2*01:01:01:02	HLA-DPB1*04:02:01:02	HLA-DPB2*03:01:01:new	HLA-DQA1*05:01:01:03	HLA-DQA2*01:01:02:new	HLA-DQB1*02:01:01:01	HLA-DQB2*01:01:01:new	HLA-DRA*01:01:01:01	HLA-DRB1*03:01:01:03	HLA-DRB3*02:02:01:new			HLA-E*01:01:01:01	HLA-F*01:01:01:08	HLA-G*01:01:02:01	HLA-H*01:02:01:04	HLA-J*01:01:01:01	HLA-K*01:01:new	HLA-L*01:01:02:new	HLA-N*01:01:01:01	HLA-P*01:01:01:new	HLA-S*01:02:01:01	HLA-T*01:01:01:new	HLA-U*01:new	HLA-V*01:01:01:new	HLA-W*01:01:01:new		MICA*008:01:07	MICB*002:01:new	TAP1*03:01:00:new	TAP2*02:01:02:new
HPRC_r2	HG02738#2		NA	NA	NA	HLA-A*23:01:01:01	HLA-B*50:01:01:01	HLA-C*06:02:01:02	HLA-DMA*01:01:01:02	HLA-DMB*01:03:01:new	HLA-DOA*01:01:02:15	HLA-DOB*01:01:01:new	HLA-DPA1*02:01:01:02	HLA-DPA2*01:new	HLA-DPB1*14:01:01:01	HLA-DPB2*01:new	HLA-DQA1*05:01:01:03	HLA-DQA2*01:01:04:new	HLA-DQB1*02:01:01:01	HLA-DQB2*01:new	HLA-DRA*01:01:01:01	HLA-DRB1*03:01:01:03	HLA-DRB3*02:02:01:new			HLA-E*01:03:01:01	HLA-F*01:01:01:08	HLA-G*01:04:04:01		HLA-J*01:01:01:15		HLA-L*01:01:02	HLA-N*01:01:01:01	HLA-P*new	HLA-S*01:01:01:01			HLA-V*01:new	HLA-W*01:new		MICA*009:02:05	MICB*005:06:new	TAP1*02:01:new	TAP2*01:01:03:12
HPRC_r2	HG02809#1	NA			NA	HLA-A*26:01:01:13	HLA-B*08:01:01:01	HLA-C*03:04:01:13	HLA-DMA*01:01:01:33	HLA-DMB*01:03:01:06	HLA-DOA*01:01:02:32	HLA-DOB*01:02:01:03	HLA-DPA1*02:01:01:14	HLA-DPA2*01:new	HLA-DPB1*131:01:01:01	HLA-DPB2*03:01:01:new	HLA-DQA1*05:05:01:new	HLA-DQA2*01:06	HLA-DQB1*03:19:01:01	HLA-DQB2*01:01:01:06	HLA-DRA*01:01:01:08	HLA-DRB1*13:04:00:new	HLA-DRB3*02:02:01:new			HLA-E*01:01:01:01	HLA-F*01:01:01:08	HLA-G*01:01:02:01	HLA-H*01:02:01:01	HLA-J*01:01:01:16	HLA-K*01:01:new	HLA-L*01:02:00:new	HLA-N*01:01:01:01	HLA-P*01:01:01:02	HLA-S*01:02:01:01	HLA-T*01:01:01:new	HLA-U*01:new	HLA-V*01:01:01:03	HLA-W*01:01:01:new		MICA*008:01:new	MICB*024:01:new	TAP1*01:01:01:01	TAP2*01:05:01:07
HPRC_r2	HG02809#2	NA			NA	HLA-A*30:02:01:02	HLA-B*57:03:01:new	HLA-C*07:28	HLA-DMA*01:new	HLA-DMB*01:01:01:45	HLA-DOA*01:01:04:03	HLA-DOB*01:01:01:08	HLA-DPA1*02:01:01:03	HLA-DPA2*01:new	HLA-DPB1*17:01:01:01	HLA-DPB2*01:new	HLA-DQA1*03:03:01:01	HLA-DQA2*01:01:02:01	HLA-DQB1*03:02:01:01	HLA-DQB2*01:01:01:01	HLA-DRA*01:01:01:03	HLA-DRB1*04:01:01:new		HLA-DRB4*01:03:01:04		HLA-E*01:01:01:01	HLA-F*01:01:07:new	HLA-G*01:01:01:15	HLA-H*01:04	HLA-J*01:01:01:new	HLA-K*01:new	HLA-L*01:01:new	HLA-N*01:01:01:01	HLA-P*02:01:01:01	HLA-S*01:01:01:01	HLA-T*01:01:01:02	HLA-U*01:new	HLA-V*01:01:01:01	HLA-W*03:new		MICA*004:01:02	MICB*005:02:new	TAP1*04:01:00:new	TAP2*02:01:new
HPRC_r2	HG02818#1	NA			NA	HLA-A*33:03:01:01	HLA-B*58:01:01:03	HLA-C*03:02:02:05	HLA-DMA*01:01:01:07	HLA-DMB*01:01:01:new	HLA-DOA*01:01:02:08	HLA-DOB*01:01:01:01	HLA-DPA1*02:01:08:03	HLA-DPA2*01:new	HLA-DPB1*01:01:01:01	HLA-DPB2*03:01:01:new	HLA-DQA1*01:03:01:10	HLA-DQA2*01:07:00:new	HLA-DQB1*06:03:01:02	HLA-DQB2*01:new	HLA-DRA*01:02:02:05	HLA-DRB1*13:01:01:new	HLA-DRB3*01:01:02:new			HLA-E*01:01:01:06	HLA-F*01:01:02:10	HLA-G*01:04:01:01	HLA-H*02:08:01:01	HLA-J*01:01:01:09	HLA-K*01:04	HLA-L*01:01:01:01	HLA-N*01:01:01:05	HLA-P*new	HLA-S*01:02:01:01	HLA-T*03:01:01:02	HLA-U*01:06:00:new	HLA-V*01:new	HLA-W*01:new	HLA-Y*02:01	MICA*002:01:07	MICB*002:01:new	TAP1*01:01:01:04	TAP2*01:new
HPRC_r2	HG02818#2	NA			NA	HLA-A*02:01:01:new	HLA-B*53:01:01:01	HLA-C*04:01:01:75	HLA-DMA*01:01:01:04	HLA-DMB*01:03:01:new	HLA-DOA*01:01:02:32	HLA-DOB*01:04:02:new	HLA-DPA1*03:05:01:02Q	HLA-DPA2*01:01:01:new	HLA-DPB1*40:01:01:new	HLA-DPB2*03:01:01:new	HLA-DQA1*05:05:01:35	HLA-DQA2*01:01:01:05	HLA-DQB1*03:19:01:new	HLA-DQB2*01:02:02:new	HLA-DRA*01:02:02:11	HLA-DRB1*11:01:02:new	HLA-DRB3*02:02:01:new			HLA-E*01:03:02:01	HLA-F*01:01:01:17	HLA-G*01:01:01:01	HLA-H*01:01:01:05	HLA-J*01:01:01:05	HLA-K*01:02	HLA-L*01:02	HLA-N*01:01:01:05	HLA-P*02:01:01:new	HLA-S*01:02:01:01	HLA-T*01:01:01:05	HLA-U*01:03:00:new	HLA-V*01:01:01:01	HLA-W*03:01:01:new		MICA*158:00:00:new	MICB*005:02:new	TAP1*02:01:01:new	TAP2*01:01:new
HPRC_r2	HG02841#1	NA			NA	HLA-A*30:02:01:03	HLA-B*08:01:01:01	HLA-C*07:01:01:01	HLA-DMA*01:01:01:07	HLA-DMB*01:01:01:new	HLA-DOA*01:01:02:new	HLA-DOB*01:04:02:new	HLA-DPA1*02:01:07:new	HLA-DPA2*01:new	HLA-DPB1*13:01:01:03	HLA-DPB2*03:new	HLA-DQA1*03:03:01:01	HLA-DQA2*01:01:01:05	HLA-DQB1*03:02:01:01	HLA-DQB2*01:02:02:new	HLA-DRA*01:01:01:new	HLA-DRB1*13:01:01:new	HLA-DRB3*01:01:02:new			HLA-E*01:01:01:01	HLA-F*01:01:01:17	HLA-G*01:01:01:08	HLA-H*01:01:02	HLA-J*01:01:01:15	HLA-K*01:new	HLA-L*01:01:02	HLA-N*01:01:01:04	HLA-P*02:01:01:01	HLA-S*01:02:01:01	HLA-T*01:new	HLA-U*01:new	HLA-V*01:01:01:01	HLA-W*03:new		MICA*008:01:01	MICB*008:01:new	TAP1*01:01:01:new	TAP2*01:01:03:new
HPRC_r2	HG02841#2	NA			NA	HLA-A*26:01:01:01	HLA-B*58:01:01:01	HLA-C*07:18:01:01	HLA-DMA*01:01:01:13	HLA-DMB*01:03:01:03	HLA-DOA*01:01:02:new	HLA-DOB*01:03:01:02	HLA-DPA1*01:03:01:35	HLA-DPA2*02:01:01:01	HLA-DPB1*02:01:02:09	HLA-DPB2*03:01:01:new	HLA-DQA1*03:03:01:01	HLA-DQA2*01:04:01:01	HLA-DQB1*03:02:01:01	HLA-DQB2*01:01:01:04	HLA-DRA*01:01:01:03	HLA-DRB1*04:05:01:new		HLA-DRB4*01:03:01:04		HLA-E*01:03:02:01	HLA-F*01:01:01:08	HLA-G*01:01:02:01	HLA-H*01:02:01:01	HLA-J*01:01:01:08	HLA-K*01:01:01:03	HLA-L*01:01:01:new	HLA-N*01:01:01:01	HLA-P*01:01:01:new	HLA-S*01:02:01:01	HLA-T*01:01:01:new	HLA-U*01:new	HLA-V*01:01:01:03	HLA-W*01:01:01:new		MICA*002:01:07	MICB*008:01:new	TAP1*01:01:01:04	TAP2*01:01:03:new
HPRC_r2	HG02886#1	NA			NA	HLA-A*30:02:01:02	HLA-B*51:01:01:10	HLA-C*16:01:01:01	HLA-DMA*01:01:01:02	HLA-DMB*01:01:01:13	HLA-DOA*01:01:02:new	HLA-DOB*01:01:01:23	HLA-DPA1*01:03:01:35	HLA-DPA2*02:01:01:new	HLA-DPB1*02:01:02:09	HLA-DPB2*03:01:01:new	HLA-DQA1*04:01:01:05	HLA-DQA2*01:07:00:new	HLA-DQB1*04:02:01:08	HLA-DQB2*01:01:01:10	HLA-DRA*01:03	HLA-DRB1*03:02:01:new	HLA-DRB3*01:62:01:01			HLA-E*01:01:01:new	HLA-F*01:01:01:09	HLA-G*01:01:01:15	HLA-H*01:04	HLA-J*01:01:01:new	HLA-K*01:new	HLA-L*01:01:new	HLA-N*01:01:01:01	HLA-P*02:01:01:01	HLA-S*01:03	HLA-T*01:01:01:02	HLA-U*01:new	HLA-V*01:01:01:new	HLA-W*03:new		MICA*004:01:07	MICB*005:02:new	TAP1*01:new	TAP2*01:01:03:18
HPRC_r2	HG02886#2	NA				HLA-A*31:01:02:new	HLA-B*35:01:01:06	HLA-C*04:01:01:14	HLA-DMA*01:01:01:13	HLA-DMB*01:03:01:03	HLA-DOA*01:01:02:32	HLA-DOB*01:04:01:new	HLA-DPA1*03:01:02:02	HLA-DPA2*02:new	HLA-DPB1*105:01:01:01	HLA-DPB2*03:01:01:new	HLA-DQA1*03:03:01:01	HLA-DQA2*01:10:00:new	HLA-DQB1*02:02:01:02	HLA-DQB2*01:01:01:new	HLA-DRA*01:01:01:new	HLA-DRB1*09:01:02:new		HLA-DRB4*01:01:01:03		HLA-E*01:03:05:01	HLA-F*01:01:01:18	HLA-G*01:03:01:02	HLA-H*02:09	HLA-J*01:01:01:10	HLA-K*01:04	HLA-L*01:02:00:new	HLA-N*01:01:01:05	HLA-P*02:new	HLA-S*01:02:01:01	HLA-T*03:01:01:02	HLA-U*01:new	HLA-V*01:new	HLA-W*01:new	HLA-Y*02:01	MICA*015:01:00:new	MICB*005:02:new	TAP1*01:01:01:new	TAP2*01:05:01:new
HPRC_r2	HG02922#1	NA			NA	HLA-A*02:01:01:01	HLA-B*18:01:01:new	HLA-C*07:04:01:01	HLA-DMA*01:01:01:01	HLA-DMB*01:01:01:new	HLA-DOA*01:01:05	HLA-DOB*01:01:01:new	HLA-DPA1*03:01:01:05	HLA-DPA2*01:01:01:new	HLA-DPB1*105:01:01:new	HLA-DPB2*03:01:01:new	HLA-DQA1*01:02:01:03	HLA-DQA2*01:01:02:new	HLA-DQB1*06:02:01:06	HLA-DQB2*01:01:01:new	HLA-DRA*01:02:02:11	HLA-DRB1*11:01:02:03	HLA-DRB3*02:02:01:new			HLA-E*01:03:02:01	HLA-F*01:01:01:new	HLA-G*01:01:01:01	HLA-H*01:01:01:01	HLA-J*01:new	HLA-K*01:02	HLA-L*01:01:01:01	HLA-N*01:01:01:01	HLA-P*02:01:01:new	HLA-S*01:02:01:01	HLA-T*01:01:01:05	HLA-U*01:03:00:new	HLA-V*01:01:01:01	HLA-W*03:01:01:new		MICA*012:01:new	MICB*002:01:new	TAP1*01:01:01:new	TAP2*01:new
HPRC_r2	HG02922#2	NA			NA	HLA-A*30:01:01:01	HLA-B*15:10:01:01	HLA-C*17:01:01:02	HLA-DMA*01:01:01:02	HLA-DMB*01:01:01:47	HLA-DOA*01:01:04:01	HLA-DOB*01:02:01:03	HLA-DPA1*02:01:01:02	HLA-DPA2*01:new	HLA-DPB1*01:01:02:01	HLA-DPB2*03:01:new	HLA-DQA1*04:01:02:02	HLA-DQA2*01:06	HLA-DQB1*03:19:01:01	HLA-DQB2*01:01:01:06	HLA-DRA*01:02:02:12	HLA-DRB1*08:04:01:01				HLA-E*01:01:01:01	HLA-F*01:01:01:09	HLA-G*01:05:01N	HLA-H*02:05:01:03	HLA-J*01:01:01:10	HLA-K*01:new	HLA-L*01:new	HLA-N*01:01:01:01	HLA-P*01:01:01:01	HLA-S*01:new	HLA-T*01:01:01:new	HLA-U*01:new	HLA-V*01:01:01:new	HLA-W*03:new	HLA-Y*02:01	MICA*008:13:00:new	MICB*004:01:new	TAP1*01:01:01:01	TAP2*01:05:01:07
HPRC_r2	HG02965#1	NA	NA			HLA-A*30:01:01:01	HLA-B*35:01:01:05	HLA-C*16:01:01:01	HLA-DMA*01:01:01:02	HLA-DMB*01:01:01:13	HLA-DOA*01:01:11	HLA-DOB*01:01:01:23	HLA-DPA1*02:02:02:12	HLA-DPA2*01:new	HLA-DPB1*01:01:01:02	HLA-DPB2*03:01:01:new	HLA-DQA1*04:01:01:05	HLA-DQA2*01:07:00:new	HLA-DQB1*04:02:01:08	HLA-DQB2*01:01:01:10	HLA-DRA*01:03	HLA-DRB1*03:02:01:new	HLA-DRB3*01:62:01:01			HLA-E*01:01:01:01	HLA-F*01:01:01:09	HLA-G*01:05:01N	HLA-H*02:05:01:03	HLA-J*01:01:01:10	HLA-K*01:new	HLA-L*01:new	HLA-N*01:01:01:01	HLA-P*01:01:01:01	HLA-S*01:02:new	HLA-T*01:01:01:new	HLA-U*01:new	HLA-V*01:01:01:new	HLA-W*03:new	HLA-Y*02:01	MICA*110:00:00:new	MICB*008:01:new	TAP1*01:new	TAP2*01:01:03:18
HPRC_r2	HG02965#2	NA			NA	HLA-A*02:01:01:01	HLA-B*35:01:01:05	HLA-C*16:01:01:01	HLA-DMA*01:01:01:02	HLA-DMB*01:01:01:47	HLA-DOA*01:01:04:01	HLA-DOB*01:02:01:03	HLA-DPA1*02:01:01:02	HLA-DPA2*01:new	HLA-DPB1*01:01:02:01	HLA-DPB2*03:01:new	HLA-DQA1*04:01:02:02	HLA-DQA2*01:06	HLA-DQB1*03:19:01:01	HLA-DQB2*01:01:01:06	HLA-DRA*01:02:02:12	HLA-DRB1*08:04:01:01				HLA-E*01:03:02:01	HLA-F*01:01:01:17	HLA-G*01:01:01:01	HLA-H*01:01:01:05	HLA-J*01:01:01:05	HLA-K*01:02	HLA-L*01:02	HLA-N*01:01:01:05	HLA-P*02:01:01:new	HLA-S*01:02:new	HLA-T*01:01:01:05	HLA-U*01:new	HLA-V*01:01:01:01	HLA-W*03:new		MICA*110	MICB*005:02:new	TAP1*01:01:01:01	TAP2*01:05:01:07
HPRC_r2	HG02976#1	NA				HLA-A*03:01:01:01	HLA-B*15:10:01:01	HLA-C*04:01:01:14	HLA-DMA*01:01:01:new	HLA-DMB*01:01:01:01	HLA-DOA*01:01:02:29	HLA-DOB*01:04:03:new	HLA-DPA1*01:03:01:35	HLA-DPA2*02:01:01:01	HLA-DPB1*02:01:02:19	HLA-DPB2*03:01:01:new	HLA-DQA1*01:02:01:02	HLA-DQA2*01:01:01:new	HLA-DQB1*06:02:01:01	HLA-DQB2*01:new	HLA-DRA*01:01:01:02	HLA-DRB1*15:03:01:03			HLA-DRB5*01:01:01:new	HLA-E*01:01:01:01	HLA-F*01:03:01:01	HLA-G*01:01:01:05	HLA-H*02:04:01:new	HLA-J*01:01:01:04	HLA-K*01:01:01:01	HLA-L*01:01:01:01	HLA-N*01:01:01:01	HLA-P*02:01:01:02	HLA-S*01:new	HLA-T*03:01:01:01	HLA-U*01:04	HLA-V*01:01:01:01	HLA-W*01:new		MICA*008:13:00:new	MICB*008:01:new	TAP1*05:new	TAP2*01:01:05:new
HPRC_r2	HG02976#2	NA			NA	HLA-A*01:01:01:01	HLA-B*15:03:01:02	HLA-C*02:10:01:01	HLA-DMA*01:01:01:13	HLA-DMB*01:03:01:03	HLA-DOA*01:01:04:03	HLA-DOB*01:04:02:new	HLA-DPA1*02:01:01:08	HLA-DPA2*01:01:new	HLA-DPB1*17:01:01:01	HLA-DPB2*03:new	HLA-DQA1*01:02:01:03	HLA-DQA2*01:01:01:05	HLA-DQB1*06:02:01:04	HLA-DQB2*01:02:02:new	HLA-DRA*01:01:01:15	HLA-DRB1*11:10:01:new	HLA-DRB3*02:02:01:05			HLA-E*01:03:01:01	HLA-F*01:01:01:09	HLA-G*01:01:02:01	HLA-H*02:01:01:01	HLA-J*01:01:01:02	HLA-K*01:01:01:new	HLA-L*01:01:new	HLA-N*01:01:01:01	HLA-P*01:01:01:01	HLA-S*01:01:01:02	HLA-T*01:01:01:01	HLA-U*01:01:01:01	HLA-V*01:01:01:02	HLA-W*01:01:01:02		MICA*008:04:new	MICB*005:02:new	TAP1*01:01:01:new	TAP2*01:01:03:new
HPRC_r2	HG02984#1				NA;NA	HLA-A*02:01:01:01	HLA-B*58:01:01:new	HLA-C*07:18:01:01	HLA-DMA*01:01:01:21	HLA-DMB*01:01:01:new	HLA-DOA*01:01:02:08	HLA-DOB*01:01:01:01	HLA-DPA1*01:03:01:22	HLA-DPA2*01:01:01:new	HLA-DPB1*02:01:19:01	HLA-DPB2*03:01:01:new	HLA-DQA1*01:02:01:03	HLA-DQA2*01:01:01:new	HLA-DQB1*05:02:01:new	HLA-DQB2*01:02:01:01	HLA-DRA*01:02:02:04	HLA-DRB1*11:01:02:new	HLA-DRB3*03:01:01:new			HLA-E*01:03:02:01	HLA-F*01:01:01:17	HLA-G*01:01:01:01	HLA-H*01:01:01:05	HLA-J*01:01:01:05	HLA-K*01:02	HLA-L*01:02	HLA-N*01:01:01:05	HLA-P*02:01:01:new	HLA-S*01:02:01:01	HLA-T*01:01:01:05	HLA-U*01:03:00:new	HLA-V*01:01:01:01	HLA-W*03:01:01:new		MICA*002:01:07	MICB*005:02:new	TAP1*01:01:01:new	TAP2*01:01:03:15
HPRC_r2	HG02984#2	NA			NA	HLA-A*02:02:01:02	HLA-B*58:01:01:01	HLA-C*07:18:01:01	HLA-DMA*01:01:01:02	HLA-DMB*01:01:01:04	HLA-DOA*01:01:04:03	HLA-DOB*01:03:01:02	HLA-DPA1*02:01:01:03	HLA-DPA2*01:01:new	HLA-DPB1*17:01:01:01	HLA-DPB2*01:new	HLA-DQA1*01:05:01:02	HLA-DQA2*01:04:01:01	HLA-DQB1*05:01:01:02	HLA-DQB2*01:01:01:04	HLA-DRA*01:01:01:11	HLA-DRB1*10:01:01:new				HLA-E*01:03:05:01	HLA-F*01:01:02:new	HLA-G*01:03:01:02	HLA-H*01:03:01:01	HLA-J*01:01:01:16	HLA-K*01:new	HLA-L*01:02:00:new	HLA-N*01:01:01:01	HLA-P*02:new	HLA-S*01:02:01:01	HLA-T*01:01:01:new	HLA-U*01:03:00:new	HLA-V*01:new	HLA-W*01:new		MICA*002:01:07	MICB*008:01:new	TAP1*01:01:01:04	TAP2*01:01:03:02
HPRC_r2	HG03017#1			NA		HLA-A*24:02:01:01	HLA-B*15:08:01:01	HLA-C*01:02:01:01	HLA-DMA*01:01:01:02	HLA-DMB*01:03:01:17	HLA-DOA*01:01:04:01	HLA-DOB*01:01:03:09	HLA-DPA1*01:03:01:15	HLA-DPA2*01:01:01:new	HLA-DPB1*04:02:01:02	HLA-DPB2*03:01:01:new	HLA-DQA1*04:01:01:02	HLA-DQA2*01:01:02:07	HLA-DQB1*04:02:01:04	HLA-DQB2*01:07:01:new	HLA-DRA*01:02:02:11	HLA-DRB1*08:02:01:new				HLA-E*01:01:01:01	HLA-F*01:01:01:09	HLA-G*01:04:01:01		HLA-J*01:01:01:02		HLA-L*01:01:01:01	HLA-N*01:01:01:new	HLA-P*02:01:01:new	HLA-S*01:04			HLA-V*01:01:01:04	HLA-W*01:new		MICA*010:01:new	MICB*005:02:new	TAP1*01:01:01:05	TAP2*01:01:03:14
HPRC_r2	HG03017#2				NA	HLA-A*11:01:01:01	HLA-B*15:02:01:01	HLA-C*08:01:01:01	HLA-DMA*01:01:01:new	HLA-DMB*01:01:01:07	HLA-DOA*01:01:02:new	HLA-DOB*01:01:01:07	HLA-DPA1*04:01:01:03		HLA-DPB1*296:01	HLA-DPB2*03:new	HLA-DQA1*01:02:01:03	HLA-DQA2*01:05:01:new	HLA-DQB1*06:01:01:01	HLA-DQB2*01:08	HLA-DRA*01:01:01:02	HLA-DRB1*15:01:01:03			HLA-DRB5*01:01:01:new	HLA-E*01:03:02:01	HLA-F*01:01:02:09	HLA-G*01:01:03:03	HLA-H*02:07:01:01	HLA-J*01:01:01:new	HLA-K*01:new	HLA-L*01:new	HLA-N*01:01:01:01	HLA-P*02:new	HLA-S*01:03	HLA-T*03:01:01:new	HLA-U*01:05:00:new	HLA-V*01:new	HLA-W*01:new		MICA*019:01:02	MICB*005:02:new	TAP1*02:01:01:new	TAP2*02:new
HPRC_r2	HG03041#1	NA			NA	HLA-A*33:03:01:03	HLA-B*53:01:01:01	HLA-C*04:01:01:75	HLA-DMA*01:01:01:02	HLA-DMB*01:01:01:47	HLA-DOA*01:01:02:new	HLA-DOB*01:02:01:03	HLA-DPA1*02:01:01:02	HLA-DPA2*01:new	HLA-DPB1*01:01:02:01	HLA-DPB2*03:01:new	HLA-DQA1*04:01:02:02	HLA-DQA2*01:06	HLA-DQB1*03:19:01:01	HLA-DQB2*01:01:01:06	HLA-DRA*01:02:02:12	HLA-DRB1*08:04:01:01				HLA-E*01:03:05:01	HLA-F*01:01:02:10	HLA-G*01:04:01:01	HLA-H*02:08:01:01	HLA-J*01:01:01:09	HLA-K*01:04	HLA-L*01:01:01:01	HLA-N*01:01:01:01	HLA-P*new	HLA-S*01:02:01:01	HLA-T*03:01:01:02	HLA-U*01:06:00:new	HLA-V*01:new	HLA-W*01:new	HLA-Y*02:01:00:new	MICA*002:01:02	MICB*005:02:new	TAP1*01:01:01:01	TAP2*01:05:01:07
HPRC_r2	HG03041#2	NA			NA	HLA-A*02:01:01:01	HLA-B*53:01:01:01	HLA-C*04:01:01:75	HLA-DMA*01:01:01:01	HLA-DMB*01:01:01:37	HLA-DOA*01:01:02:08	HLA-DOB*01:16	HLA-DPA1*02:12:01	HLA-DPA2*01:new	HLA-DPB1*85:01:01:01	HLA-DPB2*01:new	HLA-DQA1*01:02:01:03	HLA-DQA2*01:01:01:new	HLA-DQB1*06:02:01:01	HLA-DQB2*01:02:01:01	HLA-DRA*01:01:01:02	HLA-DRB1*15:03:01:03			HLA-DRB5*01:01:01:new	HLA-E*01:03:02:01	HLA-F*01:01:01:17	HLA-G*01:01:01:01	HLA-H*01:01:01:05	HLA-J*01:01:01:05	HLA-K*01:02	HLA-L*01:02	HLA-N*01:01:01:05	HLA-P*02:01:01:new	HLA-S*01:02:01:01	HLA-T*01:01:01:05	HLA-U*01:03:00:new	HLA-V*01:01:01:01	HLA-W*03:01:01:new		MICA*002:01:02	MICB*005:02:new	TAP1*04:01:00:new	TAP2*01:01:03:new
HPRC_r2	HG03050#1	NA			NA	HLA-A*23:01:01:01	HLA-B*53:01:01:01	HLA-C*06:02:01:new	HLA-DMA*01:01:01:02	HLA-DMB*01:01:01:new	HLA-DOA*01:01:04:03	HLA-DOB*01:01:03:new	HLA-DPA1*03:01:02:02	HLA-DPA2*02:new	HLA-DPB1*105:01:01:new	HLA-DPB2*03:01:01:new	HLA-DQA1*03:03:01:01	HLA-DQA2*01:01:04:02	HLA-DQB1*02:02:01:02	HLA-DQB2*01:01:01:new	HLA-DRA*01:01:01:03	HLA-DRB1*09:01:02:new		HLA-DRB4*01:01:01:03		HLA-E*01:01:01:01	HLA-F*01:03:01:03	HLA-G*01:04:04:01		HLA-J*01:01:01:15		HLA-L*01:01:01:01	HLA-N*01:01:01:03	HLA-P*new	HLA-S*01:new			HLA-V*01:new	HLA-W*01:new		MICA*018:01:new	MICB*003:01:02	TAP1*04:01:00:new	TAP2*01:new
HPRC_r2	HG03050#2	NA	NA			HLA-A*30:01:01:01	HLA-B*42:01:01:01	HLA-C*17:01:01:02	HLA-DMA*01:01:01:02	HLA-DMB*01:01:01:13	HLA-DOA*01:01:02:30	HLA-DOB*01:01:01:23	HLA-DPA1*01:03:01:34	HLA-DPA2*01:new	HLA-DPB1*104:01:01:02	HLA-DPB2*03:01:01:new	HLA-DQA1*04:01:01:05	HLA-DQA2*01:07:00:new	HLA-DQB1*04:02:01:08	HLA-DQB2*01:01:01:10	HLA-DRA*01:03	HLA-DRB1*03:02:01:new	HLA-DRB3*01:62:01:new			HLA-E*01:01:01:01	HLA-F*01:01:01:09	HLA-G*01:05:01N	HLA-H*02:05:01:03	HLA-J*01:01:01:10	HLA-K*01:new	HLA-L*01:new	HLA-N*01:01:01:01	HLA-P*01:01:01:01	HLA-S*01:03	HLA-T*01:01:01:new	HLA-U*01:new	HLA-V*01:01:01:new	HLA-W*03:new	HLA-Y*02:01	MICA*004:01:03	MICB*002:01:new	TAP1*01:new	TAP2*01:01:03:18
HPRC_r2	HG03098#1	NA			NA	HLA-A*30:01:01:01	HLA-B*42:01:01:01	HLA-C*17:01:01:02	HLA-DMA*01:01:01:07	HLA-DMB*01:01:01:new	HLA-DOA*01:01:02:new	HLA-DOB*01:04:02:new	HLA-DPA1*02:01:01:02	HLA-DPA2*01:new	HLA-DPB1*01:01:02:01	HLA-DPB2*03:01:new	HLA-DQA1*03:03:01:01	HLA-DQA2*01:10:00:new	HLA-DQB1*02:02:01:02	HLA-DQB2*01:01:01:new	HLA-DRA*01:01:01:03	HLA-DRB1*09:01:02:new		HLA-DRB4*01:01:01:new		HLA-E*01:01:01:01	HLA-F*01:01:01:09	HLA-G*01:05:01N	HLA-H*02:05:01:03	HLA-J*01:01:01:10	HLA-K*01:new	HLA-L*01:new	HLA-N*01:01:01:new	HLA-P*01:01:01:01	HLA-S*01:03	HLA-T*01:01:01:new	HLA-U*01:new	HLA-V*01:01:01:new	HLA-W*03:new	HLA-Y*02:01	MICA*004:01:03	MICB*002:01:new	TAP1*01:01:01:new	TAP2*01:01:03:new
HPRC_r2	HG03098#2	NA				HLA-A*02:02:01:01	HLA-B*27:03	HLA-C*02:02:02:43	HLA-DMA*01:01:01:01	HLA-DMB*01:01:01:20	HLA-DOA*01:01:05	HLA-DOB*01:01:01:01	HLA-DPA1*02:01:01:new	HLA-DPA2*01:new	HLA-DPB1*01:01:01:new	HLA-DPB2*03:01:01:new	HLA-DQA1*03:03:01:01	HLA-DQA2*01:01:01:new	HLA-DQB1*03:02:01:new	HLA-DQB2*01:02:01:01	HLA-DRA*01:01:01:03	HLA-DRB1*04:05:01:new		HLA-DRB4*01:03:01:04		HLA-E*01:03:01:11	HLA-F*01:01:02:08	HLA-G*01:03:01:02	HLA-H*01:03:01:01	HLA-J*01:01:01:16	HLA-K*01:new	HLA-L*01:new	HLA-N*01:01:01:04	HLA-P*02:new	HLA-S*01:02:01:03	HLA-T*01:01:01:new	HLA-U*01:03:00:new	HLA-V*01:new	HLA-W*01:01:01:new		MICA*018:01:new	MICB*002:01:new	TAP1*01:new	TAP2*01:01:03:new
HPRC_r2	HG03130#1	NA			NA	HLA-A*02:01:01:01	HLA-B*35:01:01:05	HLA-C*16:01:01:01	HLA-DMA*01:02:01:02	HLA-DMB*01:02:01:new	HLA-DOA*01:01:11	HLA-DOB*01:04:02:new	HLA-DPA1*02:02:02:12	HLA-DPA2*01:new	HLA-DPB1*01:01:01:02	HLA-DPB2*03:01:01:new	HLA-DQA1*01:01:02:01	HLA-DQA2*01:01:01:05	HLA-DQB1*05:01:01:01	HLA-DQB2*01:02:02:new	HLA-DRA*01:01:01:13	HLA-DRB1*01:02:01:01				HLA-E*01:03:02:01	HLA-F*01:01:01:17	HLA-G*01:01:01:01	HLA-H*01:01:01:05	HLA-J*01:01:01:05	HLA-K*01:02	HLA-L*01:02	HLA-N*01:01:01:05	HLA-P*02:01:01:new	HLA-S*01:02:new	HLA-T*01:01:01:05	HLA-U*01:03:00:new	HLA-V*01:01:01:01	HLA-W*03:new		MICA*110	MICB*008:01:new	TAP1*01:new	TAP2*01:01:03:new
HPRC_r2	HG03130#2	NA			NA	HLA-A*68:02:01:01	HLA-B*15:03:01:new	HLA-C*02:10:01:01	HLA-DMA*01:01:01:15	HLA-DMB*01:03:01:10	HLA-DOA*01:01:02:28	HLA-DOB*01:01:01:08	HLA-DPA1*01:03:01:17	HLA-DPA2*01:01:new	HLA-DPB1*46:01:01:02	HLA-DPB2*01:new	HLA-DQA1*03:03:01:15	HLA-DQA2*01:01:03:new	HLA-DQB1*02:02:01:02	HLA-DQB2*01:01:01:new	HLA-DRA*01:01:01:02	HLA-DRB1*13:03:01:new	HLA-DRB3*02:02:01:new			HLA-E*01:01:01:01	HLA-F*01:01:01:18	HLA-G*01:01:02:01	HLA-H*02:05:01:01	HLA-J*01:01:01:10	HLA-K*01:new	HLA-L*01:02:00:new	HLA-N*01:01:01:01	HLA-P*01:02	HLA-S*01:01:01:02	HLA-T*01:01:01:new	HLA-U*01:03:00:new	HLA-V*01:01:01:03	HLA-W*05:new	HLA-Y*02:01	MICA*008:04:new	MICB*004:01:new	TAP1*01:01:01:new	TAP2*01:01:03:new
HPRC_r2	HG03139#1	NA				HLA-A*34:02:01:01	HLA-B*42:01:01:01	HLA-C*17:01:01:02	HLA-DMA*01:02:01:01	HLA-DMB*01:01:01:38	HLA-DOA*01:01:11	HLA-DOB*01:01:01:24	HLA-DPA1*02:02:02:12	HLA-DPA2*01:new	HLA-DPB1*01:01:01:02	HLA-DPB2*03:01:01:new	HLA-DQA1*04:01:02:02	HLA-DQA2*01:06	HLA-DQB1*03:19:01:01	HLA-DQB2*01:01:01:06	HLA-DRA*01:02:02:12	HLA-DRB1*08:04:01:01				HLA-E*01:01:01:06	HLA-F*01:01:01:22	HLA-G*01:03:01:02	HLA-H*02:09	HLA-J*01:01:01:new	HLA-K*01:new	HLA-L*01:01:01:01	HLA-N*01:01:01:05	HLA-P*02:new	HLA-S*01:03	HLA-T*03:01:01:02	HLA-U*01:03:00:new	HLA-V*01:new	HLA-W*01:new		MICA*004:01:03	MICB*002:01:new	TAP1*01:01:01:new	TAP2*02:01:03:03
HPRC_r2	HG03139#2	NA			NA	HLA-A*02:01:01:01	HLA-B*51:01:01:10	HLA-C*16:01:01:01	HLA-DMA*01:01:01:21	HLA-DMB*01:01:01:new	HLA-DOA*01:01:02:32	HLA-DOB*01:01:01:01	HLA-DPA1*01:03:01:35	HLA-DPA2*02:01:01:01	HLA-DPB1*02:01:02:18	HLA-DPB2*03:01:01:new	HLA-DQA1*01:02:01:03	HLA-DQA2*01:01:01:04	HLA-DQB1*06:02:01:01	HLA-DQB2*01:02:01:new	HLA-DRA*01:01:01:13	HLA-DRB1*15:03:01:03				HLA-E*01:03:02:01	HLA-F*01:01:01:17	HLA-G*01:01:01:01	HLA-H*01:01:01:05	HLA-J*01:01:01:05	HLA-K*01:02	HLA-L*01:02	HLA-N*01:01:01:05	HLA-P*02:01:01:new	HLA-S*01:03	HLA-T*01:01:01:05	HLA-U*01:03:00:new	HLA-V*01:01:01:01	HLA-W*03:01:01:new		MICA*004:01:07	MICB*005:02:new	TAP1*01:01:01:new	TAP2*01:02:01:new
HPRC_r2	HG03195#1	NA			NA	HLA-A*02:01:01:01	HLA-B*35:01:01:05	HLA-C*16:01:01:01	HLA-DMA*01:01:01:02	HLA-DMB*01:01:01:12	HLA-DOA*01:01:04:01	HLA-DOB*01:04:02:new	HLA-DPA1*02:02:02:12	HLA-DPA2*01:new	HLA-DPB1*01:01:01:02	HLA-DPB2*03:01:01:new	HLA-DQA1*01:01:02:01	HLA-DQA2*01:01:01:05	HLA-DQB1*05:01:01:01	HLA-DQB2*01:02:02:new	HLA-DRA*01:01:01:13	HLA-DRB1*01:02:01:01				HLA-E*01:03:02:01	HLA-F*01:01:01:17	HLA-G*01:01:01:01	HLA-H*01:01:01:05	HLA-J*01:01:01:05	HLA-K*01:02	HLA-L*01:02	HLA-N*01:01:01:05	HLA-P*02:01:01:new	HLA-S*01:02:new	HLA-T*01:01:01:05	HLA-U*01:new	HLA-V*01:01:01:01	HLA-W*03:new		MICA*110	MICB*008:01:new	TAP1*01:new	TAP2*01:01:03:new
HPRC_r2	HG03195#2	NA			NA	HLA-A*74:01:01:01	HLA-B*15:03:01:02	HLA-C*02:10:01:01	HLA-DMA*01:01:01:new	HLA-DMB*01:01:01:01	HLA-DOA*01:01:03:05	HLA-DOB*01:04:03:new	HLA-DPA1*03:01:01:05	HLA-DPA2*01:01:01:new	HLA-DPB1*105:01:01:18	HLA-DPB2*03:01:01:new	HLA-DQA1*01:02:01:02	HLA-DQA2*01:01:01:new	HLA-DQB1*06:02:01:01	HLA-DQB2*01:02:04:new	HLA-DRA*01:01:01:02	HLA-DRB1*15:03:01:01			HLA-DRB5*01:01:01:new	HLA-E*01:01:01:01	HLA-F*01:01:02:08	HLA-G*01:01:01:04	HLA-H*02:05:01:02	HLA-J*01:01:01:30	HLA-K*01:new	HLA-L*01:new	HLA-N*01:01:01:new	HLA-P*02:01:01:01	HLA-S*01:01:01:02	HLA-T*01:01:01:new	HLA-U*01:new	HLA-V*01:01:01:01	HLA-W*02:new		MICA*008:04:05	MICB*008:01:new	TAP1*05:new	TAP2*01:01:05:new
HPRC_r2	HG03209#1	NA			NA	HLA-A*30:02:01:01	HLA-B*27:03	HLA-C*07:18:01:01	HLA-DMA*01:01:01:01	HLA-DMB*01:01:01:20	HLA-DOA*01:01:05	HLA-DOB*01:01:01:01	HLA-DPA1*02:01:01:new	HLA-DPA2*01:new	HLA-DPB1*01:01:01:new	HLA-DPB2*03:01:01:new	HLA-DQA1*03:03:01:01	HLA-DQA2*01:01:01:new	HLA-DQB1*03:02:01:new	HLA-DQB2*01:02:01:01	HLA-DRA*01:01:01:03	HLA-DRB1*04:05:01:new		HLA-DRB4*01:03:01:04		HLA-E*01:01:01:06	HLA-F*01:01:01:17	HLA-G*01:01:01:08	HLA-H*01:01:02	HLA-J*01:01:01:15	HLA-K*01:new	HLA-L*01:02:00:new	HLA-N*01:01:01:05	HLA-P*02:01:01:01	HLA-S*01:02:01:03	HLA-T*01:new	HLA-U*01:new	HLA-V*01:01:01:01	HLA-W*03:new		MICA*018:01:new	MICB*005:02:new	TAP1*01:new	TAP2*01:01:03:new
HPRC_r2	HG03209#2	NA			NA	HLA-A*01:01:01:01	HLA-B*50:01:01:01	HLA-C*06:02:01:01	HLA-DMA*01:01:01:04	HLA-DMB*01:03:01:new	HLA-DOA*01:01:04:05	HLA-DOB*01:01:03:09	HLA-DPA1*03:05:02Q	HLA-DPA2*01:new	HLA-DPB1*584:01:02:02	HLA-DPB2*03:01:01:new	HLA-DQA1*01:02:01:03	HLA-DQA2*01:03:00:new	HLA-DQB1*06:02:01:new	HLA-DQB2*01:01:01:new	HLA-DRA*01:02:03:new	HLA-DRB1*08:06:01:01				HLA-E*01:03:05:01	HLA-F*01:01:02:10	HLA-G*01:04:04:01	HLA-H*02:10:01:01	HLA-J*01:01:01:02	HLA-K*01:01:01:02	HLA-L*01:02:00:new	HLA-N*01:01:01:01	HLA-P*new	HLA-S*01:01:01:01	HLA-T*03:01:01:new	HLA-U*01:01:01:01	HLA-V*01:new	HLA-W*01:01:01:new		MICA*009:02:01	MICB*014:01:new	TAP1*02:01:01:new	TAP2*01:new
HPRC_r2	HG03225#1	NA			NA	HLA-A*34:02:01:01	HLA-B*41:03:01	HLA-C*17:03:01:01	HLA-DMA*01:01:01:02	HLA-DMB*01:01:01:44	HLA-DOA*01:01:02:08	HLA-DOB*01:01:01:01	HLA-DPA1*02:02:02:12	HLA-DPA2*01:new	HLA-DPB1*01:01:01:new	HLA-DPB2*03:01:01:new	HLA-DQA1*05:01:01:01	HLA-DQA2*01:04:02:new	HLA-DQB1*02:01:01:01	HLA-DQB2*01:01:01:12	HLA-DRA*01:01:01:new	HLA-DRB1*03:01:01:new	HLA-DRB3*02:02:34:new			HLA-E*01:03:01:11	HLA-F*01:01:01:22	HLA-G*01:03:01:new	HLA-H*02:09	HLA-J*01:01:01:new	HLA-K*01:new	HLA-L*01:01:02	HLA-N*01:01:01:01	HLA-P*02:new	HLA-S*01:03	HLA-T*03:01:01:02	HLA-U*01:new	HLA-V*01:new	HLA-W*01:new		MICA*004:01:08	MICB*024:01:new	TAP1*01:01:01:new	TAP2*01:new
HPRC_r2	HG03225#2	NA			NA	HLA-A*33:03:01:01	HLA-B*78:01:01:02	HLA-C*16:01:01:01	HLA-DMA*01:01:01:21	HLA-DMB*01:01:01:new	HLA-DOA*01:01:02:08	HLA-DOB*01:02:01:new	HLA-DPA1*02:01:08:03	HLA-DPA2*01:new	HLA-DPB1*01:01:01:new	HLA-DPB2*03:01:01:new	HLA-DQA1*01:01:02:01	HLA-DQA2*01:01:01:05	HLA-DQB1*05:01:01:01	HLA-DQB2*01:02:02:new	HLA-DRA*01:01:01:13	HLA-DRB1*01:02:01:new				HLA-E*01:01:01:06	HLA-F*01:01:02:10	HLA-G*01:04:01:01	HLA-H*02:08:01:01	HLA-J*01:01:01:new	HLA-K*01:04	HLA-L*01:01:01:01	HLA-N*01:01:01:01	HLA-P*new	HLA-S*01:03	HLA-T*03:01:01:02	HLA-U*01:06:00:new	HLA-V*01:new	HLA-W*01:new	HLA-Y*02:01:00:new	MICA*004:01:07	MICB*005:02:new	TAP1*01:01:01:new	TAP2*02:04
HPRC_r2	HG03239#1	NA				HLA-A*24:07:01:01	HLA-B*52:01:01:01	HLA-C*12:02:02:01	HLA-DMA*01:01:01:01	HLA-DMB*01:01:01:01	HLA-DOA*01:01:04:new	HLA-DOB*01:01:01:24	HLA-DPA1*01:03:14:new	HLA-DPA2*01:01:01:02	HLA-DPB1*04:02:01:04	HLA-DPB2*03:01:01:new	HLA-DQA1*03:01:01:01	HLA-DQA2*01:01:02:01	HLA-DQB1*03:02:01:01	HLA-DQB2*01:01:01:01	HLA-DRA*01:01:01:03	HLA-DRB1*04:03:01:new		HLA-DRB4*01:03:01:new		HLA-E*01:03:01:01	HLA-F*01:01:09	HLA-G*01:04:01:02		HLA-J*01:01:01:02		HLA-L*01:03	HLA-N*01:01:01:03	HLA-P*02:01:01:new	HLA-S*01:02:01:03			HLA-V*01:01:01:04	HLA-W*01:new		MICA*009:01:new	MICB*005:02:new	TAP1*01:01:01:05	TAP2*02:01:03:03
HPRC_r2	HG03239#2	NA			NA;NA	HLA-A*26:01:01:01	HLA-B*44:03:02:04	HLA-C*07:06:01:01	HLA-DMA*01:01:01:03	HLA-DMB*01:03:01:03	HLA-DOA*01:01:02:20	HLA-DOB*01:01:01:new	HLA-DPA1*02:01:01:01	HLA-DPA2*01:new	HLA-DPB1*13:01:01:16	HLA-DPB2*01:01:02:new	HLA-DQA1*02:01:01:01	HLA-DQA2*01:03	HLA-DQB1*02:02:01:01	HLA-DQB2*01:01:01:02	HLA-DRA*01:01:01:03	HLA-DRB1*07:01:01:new		HLA-DRB4*01:03:01:04		HLA-E*01:03:02:01	HLA-F*01:01:05	HLA-G*01:01:02:01	HLA-H*01:02:01:01	HLA-J*01:01:01:08	HLA-K*01:01:01:03	HLA-L*01:01:01:new	HLA-N*01:01:01:01	HLA-P*01:01:01:new	HLA-S*01:01:01:01	HLA-T*01:01:01:new	HLA-U*01:new	HLA-V*01:01:01:03	HLA-W*01:01:01:new		MICA*004:01:01	MICB*002:01:new	TAP1*02:01:01:new	TAP2*01:04:01:02
HPRC_r2	HG03270#1	NA			NA	HLA-A*03:01:01:05	HLA-B*07:02:01:14	HLA-C*07:02:01:193	HLA-DMA*01:01:01:01	HLA-DMB*01:01:01:41	HLA-DOA*01:01:04:03	HLA-DOB*01:04:03:new	HLA-DPA1*03:01:01:05	HLA-DPA2*02:new	HLA-DPB1*105:01:01:01	HLA-DPB2*03:01:01:new	HLA-DQA1*01:02:01:new	HLA-DQA2*01:01:01:new	HLA-DQB1*06:02:01:01	HLA-DQB2*01:02:04:new	HLA-DRA*01:01:01:02	HLA-DRB1*15:03:01:01			HLA-DRB5*01:01:01:new	HLA-E*01:03:05:01	HLA-F*01:01:01:18	HLA-G*01:01:15:new	HLA-H*02:04:01	HLA-J*01:01:01:04	HLA-K*01:01:01:01	HLA-L*01:02:00:new	HLA-N*01:01:01:new	HLA-P*02:01:01:02	HLA-S*01:01:01:02	HLA-T*03:01:01:01	HLA-U*01:04	HLA-V*01:01:01:new	HLA-W*01:new		MICA*008:04:new	MICB*005:02:new	TAP1*05:new	TAP2*01:01:05:new
HPRC_r2	HG03270#2	NA			NA	HLA-A*36:01:01:01	HLA-B*53:01:01:01	HLA-C*04:01:01:75	HLA-DMA*01:01:01:07	HLA-DMB*01:01:01:45	HLA-DOA*01:01:02:30	HLA-DOB*01:02:01:03	HLA-DPA1*03:01:01:05	HLA-DPA2*02:new	HLA-DPB1*105:01:01:01	HLA-DPB2*03:01:01:new	HLA-DQA1*01:02:01:03	HLA-DQA2*01:04:02:new	HLA-DQB1*06:02:01:04	HLA-DQB2*01:01:01:12	HLA-DRA*01:02:02:15	HLA-DRB1*11:01:02:new	HLA-DRB3*02:02:01:new			HLA-E*01:01:01:01	HLA-F*01:03:01:03	HLA-G*01:04:04:01	HLA-H*02:10:01:02	HLA-J*01:01:01:02	HLA-K*01:01:01:02	HLA-L*01:new	HLA-N*01:01:01:01	HLA-P*new	HLA-S*01:02:01:01	HLA-T*03:01:01:new	HLA-U*01:01:01:01	HLA-V*01:new	HLA-W*01:01:01:02		MICA*041	MICB*005:02:new	TAP1*04:new	TAP2*01:01:05:03
HPRC_r2	HG03369#1	NA			NA	HLA-A*03:01:01:01	HLA-B*35:01:01:06	HLA-C*04:01:01:14	HLA-DMA*01:01:01:01	HLA-DMB*01:01:01:new	HLA-DOA*01:01:02:new	HLA-DOB*01:01:01:01	HLA-DPA1*01:03:01:02	HLA-DPA2*01:new	HLA-DPB1*18:01:01:new	HLA-DPB2*01:new	HLA-DQA1*01:02:01:04	HLA-DQA2*01:new	HLA-DQB1*05:02:01:04	HLA-DQB2*01:01:01:new	HLA-DRA*01:02:02:new	HLA-DRB1*13:02:01:new	HLA-DRB3*03:01:01:new			HLA-E*01:03:02:01	HLA-F*01:03:01:01	HLA-G*01:01:01:05	HLA-H*02:04:01	HLA-J*01:01:01:new	HLA-K*01:01:01:01	HLA-L*01:01:01:03	HLA-N*01:01:01:01	HLA-P*02:01:01:02	HLA-S*01:02:new	HLA-T*03:01:01:01	HLA-U*01:04	HLA-V*01:01:01:01	HLA-W*01:new		MICA*002:01:07	MICB*008:01:11	TAP1*01:01:01:new	TAP2*01:01:03:new
HPRC_r2	HG03369#2	NA			NA	HLA-A*30:01:01:01	HLA-B*52:01:02:02	HLA-C*16:01:01:01	HLA-DMA*01:01:01:01	HLA-DMB*01:01:01:01	HLA-DOA*01:01:11	HLA-DOB*01:04:02:new	HLA-DPA1*02:02:02:12	HLA-DPA2*01:new	HLA-DPB1*01:01:01:02	HLA-DPB2*03:01:01:new	HLA-DQA1*01:03:01:10	HLA-DQA2*01:01:01:05	HLA-DQB1*05:01:01:16	HLA-DQB2*01:02:02:new	HLA-DRA*01:02:02:05	HLA-DRB1*13:01:01:new	HLA-DRB3*01:01:02:new			HLA-E*01:01:01:01	HLA-F*01:01:02:08	HLA-G*01:05:01N	HLA-H*02:05:01:new	HLA-J*01:01:01:10	HLA-K*01:new	HLA-L*01:new	HLA-N*01:01:01:01	HLA-P*01:01:01:01	HLA-S*01:03	HLA-T*01:01:01:new	HLA-U*01:new	HLA-V*01:01:01:new	HLA-W*03:new	HLA-Y*02:01	MICA*004:01:07	MICB*005:02:new	TAP1*01:new	TAP2*01:01:03:new
HPRC_r2	HG03453#1	NA			NA	HLA-A*66:03:01:02	HLA-B*53:01:01:01	HLA-C*06:02:01:new	HLA-DMA*01:01:01:15	HLA-DMB*01:03:01:10	HLA-DOA*01:01:04:03	HLA-DOB*01:01:01:08	HLA-DPA1*02:01:07	HLA-DPA2*01:new	HLA-DPB1*13:01:01:03	HLA-DPB2*03:new	HLA-DQA1*03:03:01:new	HLA-DQA2*01:01:04:02	HLA-DQB1*02:02:01:02	HLA-DQB2*01:01:01:new	HLA-DRA*01:01:01:03	HLA-DRB1*09:01:02:new		HLA-DRB4*01:01:01:03		HLA-E*01:03:02:01	HLA-F*01:01:01:09	HLA-G*01:01:02:01	HLA-H*02:05:01:03	HLA-J*01:new	HLA-K*01:new	HLA-L*01:01:02	HLA-N*01:01:01:01	HLA-P*01:01:new	HLA-S*01:new	HLA-T*01:01:01:new	HLA-U*01:new	HLA-V*01:01:01:02			MICA*018:01:05	MICB*003:01:new	TAP1*01:01:01:new	TAP2*01:01:03:new
HPRC_r2	HG03453#2	NA				HLA-A*74:01:01:01	HLA-B*15:10:01:01	HLA-C*03:04:02:01	HLA-DMA*01:01:01:01	HLA-DMB*01:01:01:01	HLA-DOA*01:01:08	HLA-DOB*01:01:01:01	HLA-DPA1*02:01:08:03	HLA-DPA2*01:new	HLA-DPB1*01:01:01:new	HLA-DPB2*03:01:01:new	HLA-DQA1*05:01:01:01	HLA-DQA2*01:04:02:new	HLA-DQB1*02:01:01:01	HLA-DQB2*01:01:01:12	HLA-DRA*01:01:01:01	HLA-DRB1*03:01:01:new	HLA-DRB3*02:02:01:01			HLA-E*01:01:01:01	HLA-F*01:01:01:17	HLA-G*01:01:01:01	HLA-H*01:01:01:05	HLA-J*01:01:01:new	HLA-K*01:02	HLA-L*01:new	HLA-N*01:01:01:new	HLA-P*02:01:01:new	HLA-S*01:new	HLA-T*01:01:01:05	HLA-U*01:03:00:new	HLA-V*01:01:01:01	HLA-W*02:new		MICA*008:13	MICB*004:01:new	TAP1*01:01:01:new	TAP2*01:new
HPRC_r2	HG03470#1	NA			NA	HLA-A*34:02:01:01	HLA-B*44:10	HLA-C*04:01:01:14	HLA-DMA*01:01:01:02	HLA-DMB*01:03:01:16	HLA-DOA*01:01:04:05	HLA-DOB*01:01:01:01	HLA-DPA1*02:01:07	HLA-DPA2*01:new	HLA-DPB1*13:01:01:03	HLA-DPB2*03:new	HLA-DQA1*02:01:01:01	HLA-DQA2*01:03	HLA-DQB1*02:02:01:01	HLA-DQB2*01:01:01:new	HLA-DRA*01:01:01:new	HLA-DRB1*07:01:01:new		HLA-DRB4*01:01:01:new		HLA-E*01:01:01:06	HLA-F*01:01:01:22	HLA-G*01:03:01:02	HLA-H*02:09	HLA-J*01:01:01:new	HLA-K*01:new	HLA-L*01:01:01:01	HLA-N*01:01:01:05	HLA-P*02:new	HLA-S*01:01:01:01	HLA-T*03:01:01:02	HLA-U*01:03:00:new	HLA-V*01:new	HLA-W*01:new		MICA*004:01:new	MICB*005:02:01	TAP1*04:01:00:new	TAP2*01:01:03:new
HPRC_r2	HG03470#2	NA			NA	HLA-A*23:01:01:01	HLA-B*53:01:01:01	HLA-C*06:02:01:new	HLA-DMA*01:01:01:04	HLA-DMB*01:03:01:new	HLA-DOA*01:01:02:29	HLA-DOB*01:01:03:new	HLA-DPA1*02:02:02:12	HLA-DPA2*01:new	HLA-DPB1*01:01:01:02	HLA-DPB2*03:01:01:new	HLA-DQA1*01:01:01:01	HLA-DQA2*01:01:02:01	HLA-DQB1*05:01:01:03	HLA-DQB2*01:01:01:01	HLA-DRA*01:01:01:05	HLA-DRB1*01:01:01:new				HLA-E*01:01:01:01	HLA-F*01:03:01:03	HLA-G*01:new		HLA-J*01:01:01:15		HLA-L*01:01:01:01	HLA-N*01:01:01:03	HLA-P*new	HLA-S*01:new			HLA-V*01:new	HLA-W*01:new		MICA*018:01:new	MICB*003:01:new	TAP1*04:new	TAP2*01:new
HPRC_r2	HG03471#1	NA			NA	HLA-A*33:03:01:01	HLA-B*15:16:01:02	HLA-C*14:02:01:02	HLA-DMA*01:01:01:07	HLA-DMB*01:01:01:new	HLA-DOA*01:01:02:08	HLA-DOB*01:03:01:02	HLA-DPA1*02:01:08:03	HLA-DPA2*01:new	HLA-DPB1*01:01:01:01	HLA-DPB2*03:01:01:new	HLA-DQA1*02:01:01:01	HLA-DQA2*01:04:01:new	HLA-DQB1*02:02:01:new	HLA-DQB2*01:01:01:03	HLA-DRA*01:01:01:03	HLA-DRB1*07:01:01:new		HLA-DRB4*01:03:01:04		HLA-E*01:01:01:01	HLA-F*01:01:02:new	HLA-G*01:04:05	HLA-H*02:08:01:new	HLA-J*01:01:01:09	HLA-K*01:04	HLA-L*01:01:01:01	HLA-N*01:01:01:01	HLA-P*new	HLA-S*01:02:01:03	HLA-T*03:01:01:02	HLA-U*01:06:00:new	HLA-V*01:new	HLA-W*01:new	HLA-Y*02:01:00:new		MICB*002:01:new	TAP1*01:new	TAP2*01:01:03:new
HPRC_r2	HG03471#2	NA	NA			HLA-A*30:02:01:02	HLA-B*42:01:01:01	HLA-C*17:01:01:02	HLA-DMA*01:01:01:02	HLA-DMB*01:01:01:13	HLA-DOA*01:01:11	HLA-DOB*01:01:01:23	HLA-DPA1*02:02:02:12	HLA-DPA2*01:new	HLA-DPB1*01:01:01:02	HLA-DPB2*03:01:01:new	HLA-DQA1*04:01:01:05	HLA-DQA2*01:07:00:new	HLA-DQB1*04:02:01:08	HLA-DQB2*01:01:01:10	HLA-DRA*01:03	HLA-DRB1*03:02:01:new	HLA-DRB3*01:62:01:01			HLA-E*01:01:01:01	HLA-F*01:01:01:09	HLA-G*01:01:01:15	HLA-H*01:04	HLA-J*01:01:01:10	HLA-K*01:new	HLA-L*01:new	HLA-N*01:01:01:01	HLA-P*02:01:01:01	HLA-S*01:03	HLA-T*01:01:01:02	HLA-U*01:new	HLA-V*01:01:01:01	HLA-W*03:new	HLA-Y*02:01:00:new	MICA*004:01:03	MICB*002:01:new	TAP1*01:new	TAP2*01:01:03:18
HPRC_r2	HG03486#1	NA	NA			HLA-A*02:01:01:01	HLA-B*35:01:01:05	HLA-C*16:01:01:01	HLA-DMA*01:01:01:02	HLA-DMB*01:01:01:13	HLA-DOA*01:01:11	HLA-DOB*01:01:01:23	HLA-DPA1*02:02:02:12	HLA-DPA2*01:new	HLA-DPB1*01:01:01:02	HLA-DPB2*03:01:01:new	HLA-DQA1*04:01:01:05	HLA-DQA2*01:07:00:new	HLA-DQB1*04:02:01:08	HLA-DQB2*01:01:01:10	HLA-DRA*01:03	HLA-DRB1*03:02:01:new	HLA-DRB3*01:62:01:01			HLA-E*01:03:02:01	HLA-F*01:01:01:17	HLA-G*01:01:01:01	HLA-H*01:01:01:05	HLA-J*01:01:01:05	HLA-K*01:02	HLA-L*01:02	HLA-N*01:01:01:05	HLA-P*02:01:01:new	HLA-S*01:02:new	HLA-T*01:01:01:05	HLA-U*01:03:00:new	HLA-V*01:01:01:01	HLA-W*03:new		MICA*110	MICB*002:01:new	TAP1*01:new	TAP2*01:01:03:18
HPRC_r2	HG03486#2	NA			NA	HLA-A*74:01:01:01	HLA-B*15:03:01:new	HLA-C*02:10:01:01	HLA-DMA*01:01:01:02	HLA-DMB*01:01:01:12	HLA-DOA*01:01:08	HLA-DOB*01:04:02:new	HLA-DPA1*02:01:08:03	HLA-DPA2*01:new	HLA-DPB1*01:01:01:01	HLA-DPB2*03:01:01:new	HLA-DQA1*01:02:01:23	HLA-DQA2*01:01:01:05	HLA-DQB1*06:09:01:01	HLA-DQB2*01:02:02:new	HLA-DRA*01:02:02:04	HLA-DRB1*13:02:01:04	HLA-DRB3*03:01:01:03			HLA-E*01:01:01:01	HLA-F*01:01:02:08	HLA-G*01:01:01:04	HLA-H*02:05:01:02	HLA-J*01:01:01:30	HLA-K*01:new	HLA-L*01:new	HLA-N*01:01:01:new	HLA-P*02:01:01:01	HLA-S*01:01:01:02	HLA-T*01:01:01:new	HLA-U*01:new	HLA-V*01:01:01:01	HLA-W*02:new		MICA*008:04:05	MICB*008:01:new	TAP1*01:01:01:new	TAP2*01:01:03:new
HPRC_r2	HG03516#1	NA			NA	HLA-A*36:01:01:01	HLA-B*53:01:01:01	HLA-C*04:01:01:75	HLA-DMA*01:01:01:01	HLA-DMB*01:01:01:41	HLA-DOA*01:01:03:01	HLA-DOB*01:01:01:08	HLA-DPA1*01:03:01:35	HLA-DPA2*02:01:01:new	HLA-DPB1*02:01:02:09	HLA-DPB2*03:01:01:new	HLA-DQA1*01:02:01:03	HLA-DQA2*01:01:02:new	HLA-DQB1*06:02:01:04	HLA-DQB2*01:01:01:01	HLA-DRA*01:02:02:15	HLA-DRB1*11:01:02:new	HLA-DRB3*02:02:01:new			HLA-E*01:01:01:01	HLA-F*01:03:01:03	HLA-G*01:04:04:01	HLA-H*02:10:01:02	HLA-J*01:01:01:02	HLA-K*01:01:01:02	HLA-L*01:new	HLA-N*01:01:01:01	HLA-P*new	HLA-S*01:02:01:01	HLA-T*03:01:01:new	HLA-U*01:01:01:01	HLA-V*01:new	HLA-W*01:01:01:02		MICA*041	MICB*005:02:new	TAP1*01:01:01:new	TAP2*02:01:03:new
HPRC_r2	HG03516#2	NA			NA	HLA-A*30:01:01:01	HLA-B*52:01:02:02	HLA-C*16:01:01:01	HLA-DMA*01:01:01:07	HLA-DMB*01:01:01:new	HLA-DOA*01:01:04:03	HLA-DOB*01:04:02:new	HLA-DPA1*03:new	HLA-DPA2*02:new	HLA-DPB1*105:01:01:06	HLA-DPB2*03:01:01:new	HLA-DQA1*01:03:01:10	HLA-DQA2*01:01:01:05	HLA-DQB1*05:01:01:16	HLA-DQB2*01:02:02:new	HLA-DRA*01:02:02:05	HLA-DRB1*13:01:01:new	HLA-DRB3*01:01:02:new			HLA-E*01:01:01:01	HLA-F*01:01:01:09	HLA-G*01:05:01N	HLA-H*02:05:01:03	HLA-J*01:01:01:10	HLA-K*01:new	HLA-L*01:new	HLA-N*01:01:01:01	HLA-P*01:01:01:01	HLA-S*01:03	HLA-T*01:01:01:new	HLA-U*01:new	HLA-V*01:01:01:new	HLA-W*03:new	HLA-Y*02:01	MICA*004:01:07	MICB*005:02:new	TAP1*01:new	TAP2*01:01:03:new
HPRC_r2	HG03521#1	NA			NA	HLA-A*74:01:01:01	HLA-B*39:10:01:new	HLA-C*12:03:01:01	HLA-DMA*01:02:01:01	HLA-DMB*01:01:01:02	HLA-DOA*01:01:05:new	HLA-DOB*01:01:01:new	HLA-DPA1*01:03:01:02	HLA-DPA2*01:new	HLA-DPB1*18:01:01:01	HLA-DPB2*03:01:01:new	HLA-DQA1*01:03:01:new	HLA-DQA2*01:01:01:05	HLA-DQB1*06:09:01:01	HLA-DQB2*01:02:02:new	HLA-DRA*01:02:03:new	HLA-DRB1*13:01:01:new	HLA-DRB3*02:02:01:new			HLA-E*01:01:01:01	HLA-F*01:01:02:08	HLA-G*01:01:01:04	HLA-H*02:05:01:02	HLA-J*01:01:01:30	HLA-K*01:new	HLA-L*01:new	HLA-N*01:01:01:new	HLA-P*02:01:01:01	HLA-S*01:04:00:new	HLA-T*01:01:01:new	HLA-U*01:new	HLA-V*01:01:01:01	HLA-W*02:new		MICA*002:01:01	MICB*002:01:new	TAP1*02:new	TAP2*01:05:01:new
HPRC_r2	HG03521#2	NA			NA	HLA-A*74:01:01:01	HLA-B*57:03:01:02	HLA-C*07:01:02:01	HLA-DMA*01:01:01:01	HLA-DMB*01:01:01:20	HLA-DOA*01:01:02:30	HLA-DOB*01:01:01:new	HLA-DPA1*01:03:01:34	HLA-DPA2*01:new	HLA-DPB1*104:01:01:02	HLA-DPB2*03:01:01:new	HLA-DQA1*02:01:01:01	HLA-DQA2*01:01:02:new	HLA-DQB1*02:02:01:01	HLA-DQB2*01:07:01:new	HLA-DRA*01:01:01:02	HLA-DRB1*13:03:01:new	HLA-DRB3*02:02:01:new			HLA-E*01:01:01:01	HLA-F*01:01:02:08	HLA-G*01:01:01:04	HLA-H*02:05:01:02	HLA-J*01:01:01:30	HLA-K*01:new	HLA-L*01:new	HLA-N*01:01:01:new	HLA-P*02:01:01:01	HLA-S*01:01:01:01	HLA-T*01:01:01:new	HLA-U*01:new	HLA-V*01:01:01:01	HLA-W*02:new		MICA*004:01:02	MICB*005:02:new	TAP1*01:01:01:new	TAP2*01:02:01:new
HPRC_r2	HG03540#1	NA			NA;NA	HLA-A*33:03:01:17	HLA-B*15:10:01:01	HLA-C*03:04:02:01	HLA-DMA*01:01:01:13	HLA-DMB*01:03:01:03	HLA-DOA*01:01:02:new	HLA-DOB*01:02:01:03	HLA-DPA1*02:01:07	HLA-DPA2*01:new	HLA-DPB1*13:01:01:new	HLA-DPB2*03:new	HLA-DQA1*01:05:01:02	HLA-DQA2*01:04:02:new	HLA-DQB1*05:01:01:02	HLA-DQB2*01:01:01:new	HLA-DRA*01:01:01:11	HLA-DRB1*10:01:01:03				HLA-E*01:01:01:01	HLA-F*01:01:02:10	HLA-G*01:04:05:new	HLA-H*02:08:01:01	HLA-J*01:01:01:09	HLA-K*01:04	HLA-L*01:01:01:01	HLA-N*01:01:01:01	HLA-P*new	HLA-S*01:new	HLA-T*03:01:01:02	HLA-U*01:06:00:new	HLA-V*01:new	HLA-W*01:new	HLA-Y*02:01:00:new	MICA*008:13	MICB*004:01:new	TAP1*01:01:01:04	TAP2*01:new
HPRC_r2	HG03540#2	NA		NA		HLA-A*02:05:01:01	HLA-B*27:03	HLA-C*02:02:02:43	HLA-DMA*01:01:01:07	HLA-DMB*01:01:01:new	HLA-DOA*01:01:02:46	HLA-DOB*01:01:01:01	HLA-DPA1*02:01:01:02	HLA-DPA2*01:new	HLA-DPB1*10:01:01:01	HLA-DPB2*01:new	HLA-DQA1*04:01:02:02	HLA-DQA2*01:07:00:new	HLA-DQB1*03:19:01:01	HLA-DQB2*01:new	HLA-DRA*01:02:02:12	HLA-DRB1*08:04:01:01				HLA-E*01:01:01:01	HLA-F*01:01:02:11	HLA-G*01:03:01:02	HLA-H*01:03:01:01	HLA-J*01:01:01:14	HLA-K*01:new	HLA-L*01:new	HLA-N*01:01:01:01	HLA-P*02:new	HLA-S*01:02:01:03	HLA-T*01:01:01:new	HLA-U*01:03:00:new	HLA-V*01:new	HLA-W*05:new		MICA*018:01:new	MICB*002:01:new	TAP1*01:01:01:04	TAP2*01:new
HPRC_r2	HG03579#1	NA			NA	HLA-A*23:01:01:01	HLA-B*14:02:01:03	HLA-C*08:02:01:15	HLA-DMA*01:01:01:02	HLA-DMB*01:01:01:13	HLA-DOA*01:01:11	HLA-DOB*01:01:01:23	HLA-DPA1*02:02:02:12	HLA-DPA2*01:new	HLA-DPB1*01:01:01:02	HLA-DPB2*03:01:01:new	HLA-DQA1*04:01:01:05	HLA-DQA2*01:07:00:new	HLA-DQB1*04:02:01:08	HLA-DQB2*01:01:01:10	HLA-DRA*01:03	HLA-DRB1*03:02:01:new	HLA-DRB3*01:62:01:01			HLA-E*01:01:01:01	HLA-F*01:03:01:03	HLA-G*01:04:04:01		HLA-J*01:01:01:15		HLA-L*01:01:01:01	HLA-N*01:01:01:03	HLA-P*new	HLA-S*01:new			HLA-V*01:new	HLA-W*01:new		MICA*001:01:00:new	MICB*004:01:new	TAP1*01:new	TAP2*01:01:03:18
HPRC_r2	HG03579#2	NA	NA			HLA-A*33:01:01:01	HLA-B*50:01:01:01	HLA-C*06:02:01:01	HLA-DMA*01:01:01:02	HLA-DMB*01:01:01:13	HLA-DOA*01:01:11	HLA-DOB*01:01:01:23	HLA-DPA1*02:01:08:03	HLA-DPA2*01:new	HLA-DPB1*01:01:01:01	HLA-DPB2*03:01:01:new	HLA-DQA1*04:01:01:05	HLA-DQA2*01:07:00:new	HLA-DQB1*04:02:01:08	HLA-DQB2*01:01:01:new	HLA-DRA*01:03	HLA-DRB1*03:02:01:new	HLA-DRB3*01:62:01:01			HLA-E*01:01:01:01	HLA-F*01:01:02:07	HLA-G*01:03:01:02	HLA-H*02:09	HLA-J*01:01:01:13	HLA-K*01:new	HLA-L*01:01:01:01	HLA-N*01:01:01:new	HLA-P*01:new	HLA-S*01:01:01:01	HLA-T*03:01:01:new	HLA-U*01:06:00:new	HLA-V*01:new	HLA-W*01:new	HLA-Y*02:01:00:new	MICA*009:02:01	MICB*005:06:new	TAP1*01:new	TAP2*01:01:03:new
HPRC_r2	HG03583#1	NA			NA	HLA-A*30:01:01:01	HLA-B*58:01:01:03	HLA-C*03:02:02:05	HLA-DMA*01:01:01:13	HLA-DMB*01:03:01:03	HLA-DOA*01:01:02:36	HLA-DOB*01:01:01:01	HLA-DPA1*02:02:02:12	HLA-DPA2*01:new	HLA-DPB1*01:01:01:02	HLA-DPB2*03:01:01:new	HLA-DQA1*03:03:01:01	HLA-DQA2*01:01:03:new	HLA-DQB1*02:02:01:new	HLA-DQB2*01:01:01:new	HLA-DRA*01:01:01:03	HLA-DRB1*09:01:02:new		HLA-DRB4*01:01:01:03		HLA-E*01:01:01:01	HLA-F*01:01:01:09	HLA-G*01:05:01N	HLA-H*02:05:01:03	HLA-J*01:01:01:10	HLA-K*01:new	HLA-L*01:new	HLA-N*01:01:01:01	HLA-P*01:01:01:01	HLA-S*01:01:01:01	HLA-T*01:01:01:new	HLA-U*01:new	HLA-V*01:01:01:new	HLA-W*03:new	HLA-Y*02:01	MICA*015:01:00:new	MICB*002:01:new	TAP1*01:01:01:new	TAP2*01:01:03:new
HPRC_r2	HG03583#2	NA			NA	HLA-A*02:01:01:01	HLA-B*15:03:01:02	HLA-C*02:10:01:01	HLA-DMA*01:01:01:02	HLA-DMB*01:01:01:12	HLA-DOA*01:01:11	HLA-DOB*01:01:01:11	HLA-DPA1*02:02:02:12	HLA-DPA2*01:new	HLA-DPB1*01:01:01:02	HLA-DPB2*03:01:01:new	HLA-DQA1*01:02:02:01	HLA-DQA2*01:01:01:01	HLA-DQB1*05:02:01:08	HLA-DQB2*01:02:02:new	HLA-DRA*01:02:02:12	HLA-DRB1*08:04:01:01				HLA-E*01:03:02:01	HLA-F*01:01:01:17	HLA-G*01:01:01:01	HLA-H*01:01:01:05	HLA-J*01:01:01:05	HLA-K*01:02	HLA-L*01:02	HLA-N*01:01:01:05	HLA-P*02:01:01:new	HLA-S*01:01:01:02	HLA-T*01:01:01:05	HLA-U*01:03:00:new	HLA-V*01:01:01:01	HLA-W*03:01:01:new		MICA*008:04:05	MICB*005:02:new	TAP1*01:01:01:new	TAP2*01:01:08
HPRC_r2	HG03654#1	NA		NA		HLA-A*11:01:01:01	HLA-B*35:03:01:01	HLA-C*12:03:01:01	HLA-DMA*01:01:01:new	HLA-DMB*01:01:01:30	HLA-DOA*01:01:02:02	HLA-DOB*01:01:03:09	HLA-DPA1*01:03:01:05	HLA-DPA2*01:01:01:02	HLA-DPB1*04:02:01:04	HLA-DPB2*03:01:01:new	HLA-DQA1*01:04:01:new	HLA-DQA2*01:01:02:new	HLA-DQB1*05:03:01:01	HLA-DQB2*01:01:01:new	HLA-DRA*01:01:01:03	HLA-DRB1*14:54:01:new	HLA-DRB3*02:02:01:new			HLA-E*01:03:02:01	HLA-F*01:01:02:09	HLA-G*01:01:03:03	HLA-H*02:07:01:01	HLA-J*01:01:01:04	HLA-K*01:new	HLA-L*01:new	HLA-N*01:01:01:new	HLA-P*02:new	HLA-S*01:02:new	HLA-T*03:01:01:new	HLA-U*01:05:00:new	HLA-V*01:new	HLA-W*01:new		MICA*002:01:15	MICB*005:02:new	TAP1*02:01:01:new	TAP2*01:01:07:05
HPRC_r2	HG03654#2	NA			NA	HLA-A*26:01:01:01	HLA-B*08:01:01:02	HLA-C*07:02:01:01	HLA-DMA*01:01:01:37	HLA-DMB*01:01:01:21	HLA-DOA*01:01:04:03	HLA-DOB*01:01:01:24	HLA-DPA1*02:01:01:03	HLA-DPA2*01:01:new	HLA-DPB1*17:01:01:01	HLA-DPB2*01:new	HLA-DQA1*05:01:01:03	HLA-DQA2*01:01:02:new	HLA-DQB1*02:01:01:01	HLA-DQB2*01:01:01:new	HLA-DRA*01:01:01:01	HLA-DRB1*03:01:01:03	HLA-DRB3*02:02:01:new			HLA-E*01:01:01:01	HLA-F*01:01:01:08	HLA-G*01:01:02:01	HLA-H*01:02:01:04	HLA-J*01:01:01:01	HLA-K*01:01:new	HLA-L*01:01:02:new	HLA-N*01:01:01:01	HLA-P*01:01:01:new	HLA-S*01:02:01:01	HLA-T*01:01:01:new	HLA-U*01:new	HLA-V*01:01:01:new	HLA-W*01:01:01:new		MICA*008:01:07	MICB*002:01:new	TAP1*02:01:01:new	TAP2*02:03
HPRC_r2	HG03669#1	NA		NA		HLA-A*31:01:02:01	HLA-B*52:01:01:01	HLA-C*12:02:02:01	HLA-DMA*01:02:01:09	HLA-DMB*01:03:01:01	HLA-DOA*01:01:04:01	HLA-DOB*01:02:02	HLA-DPA1*02:01:01:02	HLA-DPA2*01:new	HLA-DPB1*09:01:01:01	HLA-DPB2*01:new	HLA-DQA1*01:03:01:01	HLA-DQA2*01:05:01:new	HLA-DQB1*06:01:01:01	HLA-DQB2*01:08	HLA-DRA*01:02:02:10	HLA-DRB1*15:02:02:new			HLA-DRB5*01:02:01:new	HLA-E*01:01:01:01	HLA-F*01:01:01:09	HLA-G*01:01:02:01	HLA-H*02:09	HLA-J*01:01:01:05	HLA-K*01:04	HLA-L*01:01:02:new	HLA-N*01:01:01:01	HLA-P*01:01:01:01	HLA-S*01:02:01:03	HLA-T*03:01:01:02	HLA-U*01:new	HLA-V*01:01:01:02	HLA-W*05:new		MICA*009:01:08	MICB*005:02:new	TAP1*01:01:01:02	TAP2*01:01:07:05
HPRC_r2	HG03669#2	NA		NA		HLA-A*68:01:02:01	HLA-B*51:01:01:01	HLA-C*14:02:01:01	HLA-DMA*01:01:01:02	HLA-DMB*01:03:01:17	HLA-DOA*01:01:02:15	HLA-DOB*01:01:03:09	HLA-DPA1*01:03:01:04	HLA-DPA2*01:01:01:new	HLA-DPB1*04:01:01:01	HLA-DPB2*03:01:01:03	HLA-DQA1*03:01:01:01	HLA-DQA2*01:03	HLA-DQB1*03:02:01:01	HLA-DQB2*01:01:01:17	HLA-DRA*01:01:01:03	HLA-DRB1*04:02:01:new		HLA-DRB4*01:03:01:04		HLA-E*01:01:01:04	HLA-F*01:01:02:08	HLA-G*01:01:02:01	HLA-H*02:new	HLA-J*01:01:01:01	HLA-K*01:new	HLA-L*01:01:01:01	HLA-N*01:01:01:01	HLA-P*01:02	HLA-S*01:02:01:03	HLA-T*01:01:01:new	HLA-U*01:new	HLA-V*01:01:01:03	HLA-W*05:new		MICA*009:01:new	MICB*005:03:new	TAP1*01:01:01:01	TAP2*01:01:03:new
HPRC_r2	HG03688#1	NA		NA		HLA-A*68:01:02:01	HLA-B*35:01:01:05	HLA-C*04:01:01:178	HLA-DMA*01:02:01:01	HLA-DMB*01:01:01:new	HLA-DOA*01:02:01:02	HLA-DOB*01:01:01:26	HLA-DPA1*02:07:01:04	HLA-DPA2*01:01:01:new	HLA-DPB1*04:01:01:new	HLA-DPB2*03:01:01:new	HLA-DQA1*03:01:01:01	HLA-DQA2*01:01:01:04	HLA-DQB1*03:02:01:01	HLA-DQB2*01:02:01:01	HLA-DRA*01:01:01:03	HLA-DRB1*04:03:01:new		HLA-DRB4*01:03:01:new		HLA-E*01:01:01:04	HLA-F*01:01:02:13	HLA-G*01:01:02:01	HLA-H*02:05:01:01	HLA-J*01:01:01:01	HLA-K*01:new	HLA-L*01:01:01:01	HLA-N*01:01:01:01	HLA-P*01:02	HLA-S*01:02:new	HLA-T*01:01:01:new	HLA-U*01:new	HLA-V*01:01:01:03	HLA-W*05:new		MICA*002:01:03	MICB*002:01:new	TAP1*01:01:01:05	TAP2*02:new
HPRC_r2	HG03688#2	NA		NA		HLA-A*02:11:01:01	HLA-B*52:01:01:01	HLA-C*05:01:01:02	HLA-DMA*01:01:01:new	HLA-DMB*01:01:01:new	HLA-DOA*01:01:01:01	HLA-DOB*01:01:03:09	HLA-DPA1*01:03:01:69	HLA-DPA2*01:01:01:02	HLA-DPB1*04:02:01:04	HLA-DPB2*03:01:01:new	HLA-DQA1*01:03:01:01	HLA-DQA2*01:01:02:new	HLA-DQB1*06:01:01:01	HLA-DQB2*01:07:01:new	HLA-DRA*01:01:01:14	HLA-DRB1*15:01:01:03			HLA-DRB5*01:01:01:new	HLA-E*01:03:01:01	HLA-F*01:01:01:new	HLA-G*01:01:01:01	HLA-H*01:01:01:01	HLA-J*01:01:01:05	HLA-K*01:02	HLA-L*01:03	HLA-N*01:01:01:03	HLA-P*02:01:01:01	HLA-S*01:02:01:03	HLA-T*01:01:01:05	HLA-U*01:03:00:new	HLA-V*01:01:01:new	HLA-W*03:01:01:01		MICA*009:01:new	MICB*005:02:new	TAP1*01:01:01:05	TAP2*01:01:new
HPRC_r2	HG03704#1	NA			NA	HLA-A*11:01:01:01	HLA-B*40:01:02:01	HLA-C*03:04:01:02	HLA-DMA*01:01:01:04	HLA-DMB*01:01:01:20	HLA-DOA*01:01:02:20	HLA-DOB*01:01:01:04	HLA-DPA1*01:03:01:04	HLA-DPA2*01:01:01:01	HLA-DPB1*04:01:01:04	HLA-DPB2*03:01:01:03	HLA-DQA1*01:03:01:02	HLA-DQA2*01:01:01:new	HLA-DQB1*06:03:01:01	HLA-DQB2*01:02:02:01	HLA-DRA*01:02:02:05	HLA-DRB1*13:01:01:new	HLA-DRB3*01:01:02:new			HLA-E*01:01:01:01	HLA-F*01:01:02:09	HLA-G*01:01:03:03	HLA-H*02:07:01:01	HLA-J*01:01:01:04	HLA-K*01:new	HLA-L*01:01:01:new	HLA-N*01:01:01:new	HLA-P*02:new	HLA-S*01:02:01:03	HLA-T*03:01:01:new	HLA-U*01:05:00:new	HLA-V*01:new	HLA-W*01:new		MICA*008:04:02	MICB*004:01:new	TAP1*01:01:01:new	TAP2*02:01:02:02
HPRC_r2	HG03704#2	NA			NA	HLA-A*01:01:01:01	HLA-B*57:01:01:01	HLA-C*06:02:01:01	HLA-DMA*01:02:01:01	HLA-DMB*01:01:01:02	HLA-DOA*01:01:02:45	HLA-DOB*01:05	HLA-DPA1*02:01:01:02	HLA-DPA2*01:new	HLA-DPB1*10:01:01:01	HLA-DPB2*01:new	HLA-DQA1*02:01:01:01	HLA-DQA2*01:01:02:01	HLA-DQB1*03:03:02:01	HLA-DQB2*01:01:01:01	HLA-DRA*01:01:02	HLA-DRB1*07:01:01:02		HLA-DRB4*01:03:01:02N		HLA-E*01:01:01:01	HLA-F*01:01:01:09	HLA-G*01:new	HLA-H*02:01:01:new	HLA-J*01:01:01:02	HLA-K*01:01:01:02	HLA-L*01:01:01:01	HLA-N*01:01:01:03	HLA-P*01:01:01:01	HLA-S*01:02:01:01	HLA-T*01:01:01:01	HLA-U*01:01:01:01	HLA-V*01:01:01:02	HLA-W*01:01:01:06		MICA*017:01	MICB*003:01:01	TAP1*01:01:01:03	TAP2*02:01:02:01
HPRC_r2	HG03710#1	NA		NA		HLA-A*01:01:01:01	HLA-B*51:01:01:10	HLA-C*16:02:01:01	HLA-DMA*01:02:01:01	HLA-DMB*01:01:01:02	HLA-DOA*01:01:02:45	HLA-DOB*01:01:01:01	HLA-DPA1*01:03:01:new	HLA-DPA2*02:01:01:01	HLA-DPB1*02:01:02:52	HLA-DPB2*01:01:02:new	HLA-DQA1*02:01:01:01	HLA-DQA2*01:03	HLA-DQB1*02:02:01:01	HLA-DQB2*01:01:01:02	HLA-DRA*01:01:01:new	HLA-DRB1*07:01:01:new		HLA-DRB4*01:03:01:04		HLA-E*01:01:01:01	HLA-F*01:01:01:08	HLA-G*01:06:01:02	HLA-H*02:01:01:01	HLA-J*01:01:01:02	HLA-K*01:01:01:02	HLA-L*01:01:01:01	HLA-N*01:01:01:03	HLA-P*01:01:01:01	HLA-S*01:02:01:03	HLA-T*01:01:01:01	HLA-U*01:01:01:01	HLA-V*01:01:01:02	HLA-W*01:01:01:06		MICA*009:01:08	MICB*005:02:new	TAP1*01:01:01:03	TAP2*01:new
HPRC_r2	HG03710#2	NA		NA		HLA-A*31:01:02:01	HLA-B*40:01:02:01	HLA-C*03:04:01:01	HLA-DMA*01:01:01:02	HLA-DMB*01:03:01:17	HLA-DOA*01:01:02:05	HLA-DOB*01:01:03:09	HLA-DPA1*01:03:01:05	HLA-DPA2*01:01:01:02	HLA-DPB1*04:02:01:02	HLA-DPB2*03:01:01:new	HLA-DQA1*01:04:02:new	HLA-DQA2*01:01:04:01	HLA-DQB1*05:03:01:01	HLA-DQB2*01:04	HLA-DRA*01:01:01:01	HLA-DRB1*14:04:01:new	HLA-DRB3*02:02:01:new			HLA-E*01:03:02:01	HLA-F*01:01:01:08	HLA-G*01:03:01:02	HLA-H*02:09	HLA-J*01:01:01:05	HLA-K*01:04	HLA-L*01:01:01:01	HLA-N*01:01:01:01	HLA-P*02:new	HLA-S*01:02:01:03	HLA-T*03:01:01:02	HLA-U*01:new	HLA-V*01:new	HLA-W*01:new		MICA*008:04:02	MICB*002:01:02	TAP1*01:01:01:03	TAP2*01:01:new
HPRC_r2	HG03742#1	NA		NA		HLA-A*02:01:01:01	HLA-B*52:01:01:01	HLA-C*12:02:02:01	HLA-DMA*01:01:01:37	HLA-DMB*01:01:01:21	HLA-DOA*01:01:02:15	HLA-DOB*01:01:01:01	HLA-DPA1*01:04:01	HLA-DPA2*01:new	HLA-DPB1*15:01:01:01	HLA-DPB2*01:new	HLA-DQA1*03:01:01:01	HLA-DQA2*01:01:01:04	HLA-DQB1*03:02:01:01	HLA-DQB2*01:02:01:01	HLA-DRA*01:01:01:03	HLA-DRB1*04:03:01:new		HLA-DRB4*01:03:01:new		HLA-E*01:03:02:01	HLA-F*01:01:01:08	HLA-G*01:01:01:01	HLA-H*01:01:01:01	HLA-J*01:01:01:11	HLA-K*01:02	HLA-L*01:03	HLA-N*01:01:01:01	HLA-P*02:new	HLA-S*01:02:01:03	HLA-T*01:01:01:02	HLA-U*01:03:00:new	HLA-V*01:01:01:01	HLA-W*03:01:01:01		MICA*009:01:new	MICB*005:02:new	TAP1*01:01:01:05	TAP2*01:03:02:new
HPRC_r2	HG03742#2	NA			NA	HLA-A*01:01:01:01	HLA-B*37:01:01:01	HLA-C*06:02:01:01	HLA-DMA*01:01:01:01	HLA-DMB*01:01:01:new	HLA-DOA*01:01:02:45	HLA-DOB*01:01:01:24	HLA-DPA1*01:03:01:01	HLA-DPA2*02:01:01:01	HLA-DPB1*02:01:02:01	HLA-DPB2*01:01:02	HLA-DQA1*01:05:01:01	HLA-DQA2*01:01:01:01	HLA-DQB1*05:01:01:05	HLA-DQB2*01:02:02:01	HLA-DRA*01:01:01:11	HLA-DRB1*10:01:01:03				HLA-E*01:01:01:01	HLA-F*01:01:01:09	HLA-G*01:06:01:01	HLA-H*02:01:01:01	HLA-J*01:01:01:02	HLA-K*01:01:01:02	HLA-L*01:01:01:01	HLA-N*01:01:01:03	HLA-P*01:01:01:01	HLA-S*01:02:01:03	HLA-T*01:01:01:01	HLA-U*01:01:01:01	HLA-V*01:01:01:02	HLA-W*01:01:01:06		MICA*008:01:11	MICB*004:01:new	TAP1*01:01:01:05	TAP2*02:01:03:03
HPRC_r2	HG03784#1	NA		NA		HLA-A*02:09:01:01	HLA-B*35:01:01:05	HLA-C*03:04:01:02	HLA-DMA*01:01:01:01	HLA-DMB*01:02:01:01	HLA-DOA*01:01:02:32	HLA-DOB*01:04:01:new	HLA-DPA1*01:03:01:new	HLA-DPA2*01:01:01:03	HLA-DPB1*04:02:01:new	HLA-DPB2*03:01:01:new	HLA-DQA1*05:05:01:03	HLA-DQA2*01:01:03	HLA-DQB1*03:01:01:05	HLA-DQB2*01:03	HLA-DRA*01:02:02:09	HLA-DRB1*12:01:01:03	HLA-DRB3*02:02:01:09			HLA-E*01:01:01:01	HLA-F*01:01:01:01	HLA-G*01:01:01:01	HLA-H*01:01:01:01	HLA-J*01:01:01:05	HLA-K*01:02:00:new	HLA-L*01:01:01:01	HLA-N*01:01:01:01	HLA-P*02:01:01:01	HLA-S*01:02:01:01	HLA-T*01:01:01:05	HLA-U*01:03:00:new	HLA-V*01:01:01:01	HLA-W*03:01:01:01		MICA*002:01:03	MICB*002:01:02	TAP1*02:01:01:new	TAP2*01:01:03:new
HPRC_r2	HG03784#2	NA	NA	NA		HLA-A*02:11:01:01	HLA-B*35:03:01:01	HLA-C*04:01:01:14	HLA-DMA*01:02:01:01	HLA-DMB*01:01:01:02	HLA-DOA*01:01:02:45	HLA-DOB*01:01:01:26	HLA-DPA1*01:03:01:new	HLA-DPA2*02:01:01:01	HLA-DPB1*02:01:02:52	HLA-DPB2*01:01:01:new	HLA-DQA1*01:04:02:new	HLA-DQA2*01:01:04:01	HLA-DQB1*05:03:01:01	HLA-DQB2*01:04	HLA-DRA*01:01:01:01	HLA-DRB1*14:04:01:new	HLA-DRB3*02:02:01:new			HLA-E*01:03:01:01	HLA-F*01:01:01:new	HLA-G*01:01:01:01	HLA-H*01:01:01:01	HLA-J*01:01:01:05	HLA-K*01:02	HLA-L*01:03:00:new	HLA-N*01:01:01:03	HLA-P*02:01:01:01	HLA-S*01:02:new	HLA-T*01:01:01:05	HLA-U*01:03:00:new	HLA-V*01:01:01:new	HLA-W*03:01:01:01		MICA*002:01:03	MICB*005:02:new	TAP1*01:01:01:05	TAP2*02:new
HPRC_r2	HG03804#1	NA	NA		NA	HLA-A*01:01:01:01	HLA-B*57:01:01:01	HLA-C*06:02:01:01	HLA-DMA*01:01:01:07	HLA-DMB*01:01:01:new	HLA-DOA*01:01:01:01	HLA-DOB*01:01:05	HLA-DPA1*01:03:01:02	HLA-DPA2*01:01:01:01	HLA-DPB1*04:01:01:01	HLA-DPB2*03:01:01:new	HLA-DQA1*01:03:01:01	HLA-DQA2*01:01:02:01	HLA-DQB1*06:01:01:01	HLA-DQB2*01:01:01:01	HLA-DRA*01:01:01:14	HLA-DRB1*15:01:01:03			HLA-DRB5*01:01:01:new	HLA-E*01:01:01:01	HLA-F*01:01:01:09	HLA-G*01:06:01:01	HLA-H*02:01:01:01	HLA-J*01:01:01:02	HLA-K*01:01:01:02	HLA-L*01:01:01:01	HLA-N*01:01:01:03	HLA-P*01:01:01:01	HLA-S*01:02:01:01	HLA-T*01:01:01:01	HLA-U*01:01:01:01	HLA-V*01:01:01:02	HLA-W*01:01:01:06		MICA*017:01	MICB*005:03:new	TAP1*01:01:01:01	TAP2*01:05:01:new
HPRC_r2	HG03804#2	NA			NA	HLA-A*24:02:01:04	HLA-B*57:01:01:01	HLA-C*06:02:01:01	HLA-DMA*01:01:01:03	HLA-DMB*01:03:01:03	HLA-DOA*01:01:02:08	HLA-DOB*01:01:01:28	HLA-DPA1*01:03:01:12	HLA-DPA2*01:new	HLA-DPB1*104:01:01:03	HLA-DPB2*03:01:01:new	HLA-DQA1*01:02:01:new	HLA-DQA2*01:03	HLA-DQB1*05:02:01:01	HLA-DQB2*01:01:01:02	HLA-DRA*01:01:01:02	HLA-DRB1*15:04:00:new			HLA-DRB5*01:01:01:new	HLA-E*01:03:02:01	HLA-F*01:01:01:09	HLA-G*01:04:01:01		HLA-J*01:01:01:02		HLA-L*01:02:00:new	HLA-N*01:01:01:new	HLA-P*02:01:01:new	HLA-S*01:02:01:01			HLA-V*01:01:01:04	HLA-W*01:new		MICA*017:01	MICB*003:01:02	TAP1*01:01:01:05	TAP2*01:01:03:new
HPRC_r2	HG03816#1	NA			NA;NA	HLA-A*11:01:01:01	HLA-B*44:03:02:new	HLA-C*05:01:01:02	HLA-DMA*01:01:01:02	HLA-DMB*01:01:01:26	HLA-DOA*01:01:01:01	HLA-DOB*01:01:01:01	HLA-DPA1*01:03:01:64	HLA-DPA2*02:01:01:01	HLA-DPB1*02:01:02:01	HLA-DPB2*01:01:02	HLA-DQA1*02:01:01:new	HLA-DQA2*01:03	HLA-DQB1*02:02:01:01	HLA-DQB2*01:01:01:02	HLA-DRA*01:01:01:03	HLA-DRB1*07:01:01:new		HLA-DRB4*01:03:01:04		HLA-E*01:03:02:01	HLA-F*01:03:01:01	HLA-G*01:01:03:03	HLA-H*02:07:01:01	HLA-J*01:01:01:04	HLA-K*01:new	HLA-L*01:new	HLA-N*01:01:01:01	HLA-P*02:new	HLA-S*01:01:01:01	HLA-T*03:01:01:new	HLA-U*01:05:00:new	HLA-V*01:new	HLA-W*01:new		MICA*004:01:01	MICB*002:01:new	TAP1*01:01:01:03	TAP2*01:01:03:new
HPRC_r2	HG03816#2	NA		NA		HLA-A*30:01:01:01	HLA-B*27:05:02:05	HLA-C*01:02:01:01	HLA-DMA*01:01:01:01	HLA-DMB*01:01:01:01	HLA-DOA*01:01:02:15	HLA-DOB*01:01:01:24	HLA-DPA1*01:03:01:05	HLA-DPA2*01:01:01:02	HLA-DPB1*04:02:01:02	HLA-DPB2*03:01:01:new	HLA-DQA1*01:01:01:01	HLA-DQA2*01:01:02:new	HLA-DQB1*05:01:01:03	HLA-DQB2*01:01:01:new	HLA-DRA*01:01:01:05	HLA-DRB1*01:01:01:01				HLA-E*01:01:01:01	HLA-F*01:01:01:09	HLA-G*01:05:01N	HLA-H*02:05:01:03	HLA-J*01:01:01:10	HLA-K*01:new	HLA-L*01:new	HLA-N*01:01:01:01	HLA-P*01:01:01:01	HLA-S*01:01:01:new	HLA-T*01:01:01:new	HLA-U*01:new	HLA-V*01:01:01:new	HLA-W*03:new	HLA-Y*02:01	MICA*007:01:05	MICB*005:02:new	TAP1*01:01:01:02	TAP2*02:01:01:new
HPRC_r2	HG03831#1	NA		NA		HLA-A*33:03:01:01	HLA-B*52:01:01:02	HLA-C*12:02:02:01	HLA-DMA*01:01:01:01	HLA-DMB*01:02:01:new	HLA-DOA*01:10:00:new	HLA-DOB*01:01:01:24	HLA-DPA1*02:01:01:02	HLA-DPA2*01:new	HLA-DPB1*14:01:01:01	HLA-DPB2*03:01:01:new	HLA-DQA1*01:02:01:03	HLA-DQA2*01:01:02:01	HLA-DQB1*05:02:01:01	HLA-DQB2*01:01:01:01	HLA-DRA*01:01:01:02	HLA-DRB1*15:06:01:new			HLA-DRB5*01:01:01:new	HLA-E*01:01:01:07	HLA-F*01:01:01:22	HLA-G*01:01:01:06	HLA-H*01:02:01:06	HLA-J*01:01:01:09	HLA-K*01:04	HLA-L*01:02:00:new	HLA-N*01:01:01:01	HLA-P*02:01:01:02	HLA-S*01:04	HLA-T*01:01:01:new	HLA-U*01:06:00:new	HLA-V*01:01:01:01	HLA-W*01:new	HLA-Y*02:01	MICA*009:01:new	MICB*005:03:new	TAP1*05:new	TAP2*02:01:03:new
HPRC_r2	HG03831#2	NA;NA			NA	HLA-A*31:01:02:01	HLA-B*15:08:01:01	HLA-C*01:02:01:01	HLA-DMA*01:02:01:01	HLA-DMB*01:01:01:02	HLA-DOA*01:10	HLA-DOB*01:02:02	HLA-DPA1*02:01:01:07	HLA-DPA2*01:new	HLA-DPB1*26:01:02:03	HLA-DPB2*03:01:01:new	HLA-DQA1*01:03:01:01	HLA-DQA2*01:05:01:new	HLA-DQB1*06:01:01:01	HLA-DQB2*01:08	HLA-DRA*01:02:02:10	HLA-DRB1*15:02:02:new			HLA-DRB5*01:02:01:new	HLA-E*01:01:01:01	HLA-F*01:01:01:01	HLA-G*01:01:01:01	HLA-H*02:09	HLA-J*01:01:01:09	HLA-K*01:04	HLA-L*01:03	HLA-N*01:01:01:01	HLA-P*02:01:01:01	HLA-S*01:04	HLA-T*03:01:01:02	HLA-U*01:new	HLA-V*01:01:01:01	HLA-W*01:new	HLA-Y*02:01	MICA*010:01:new	MICB*005:02:new	TAP1*02:01:01:new	TAP2*01:01:03:new
HPRC_r2	HG03834#1	NA			NA	HLA-A*30:01:01:01	HLA-B*13:02:01:01	HLA-C*06:02:01:01	HLA-DMA*01:02:01:01	HLA-DMB*01:01:01:38	HLA-DOA*01:01:02:05	HLA-DOB*01:01:01:24	HLA-DPA1*01:03:01:05	HLA-DPA2*01:01:01:02	HLA-DPB1*04:02:01:02	HLA-DPB2*03:01:01:new	HLA-DQA1*02:01:01:01	HLA-DQA2*01:01:02:02	HLA-DQB1*02:02:01:01	HLA-DQB2*01:01:01:01	HLA-DRA*01:01:01:03	HLA-DRB1*07:01:01:01		HLA-DRB4*01:03:01:04		HLA-E*01:01:01:01	HLA-F*01:01:01:09	HLA-G*01:05:01N	HLA-H*02:05:01:03	HLA-J*01:01:01:10	HLA-K*01:new	HLA-L*01:new	HLA-N*01:01:01:01	HLA-P*01:01:01:01	HLA-S*01:01:01:02	HLA-T*01:01:01:new	HLA-U*01:new	HLA-V*01:01:01:new	HLA-W*03:new	HLA-Y*02:01	MICA*008:01:03	MICB*005:02:new	TAP1*01:01:01:05	TAP2*02:01:03:06
HPRC_r2	HG03834#2	NA			NA	HLA-A*02:11:01:01	HLA-B*37:01:01:01	HLA-C*06:02:01:01	HLA-DMA*01:01:01:01	HLA-DMB*01:01:01:01	HLA-DOA*01:01:01:01	HLA-DOB*01:01:01:24	HLA-DPA1*02:01:01:02	HLA-DPA2*01:new	HLA-DPB1*09:01:01:01	HLA-DPB2*01:new	HLA-DQA1*01:01:01:01	HLA-DQA2*01:01:02:new	HLA-DQB1*05:01:01:03	HLA-DQB2*01:01:01:new	HLA-DRA*01:01:01:05	HLA-DRB1*01:01:01:01				HLA-E*01:01:01:01	HLA-F*01:01:01:new	HLA-G*01:01:01:01	HLA-H*01:01:01:new	HLA-J*01:01:01:05	HLA-K*01:02	HLA-L*01:01:01:01	HLA-N*01:01:01:03	HLA-P*02:01:01:01	HLA-S*01:02:01:03	HLA-T*01:01:01:05	HLA-U*01:03:00:new	HLA-V*01:01:01:new	HLA-W*03:01:01:01		MICA*008:01:11	MICB*004:01:new	TAP1*01:01:01:02	TAP2*02:01:01:new
HPRC_r2	HG03874#1	NA	NA	NA		HLA-A*01:01:01:01	HLA-B*44:02:01:01	HLA-C*05:01:01:02	HLA-DMA*01:01:01:01	HLA-DMB*01:new	HLA-DOA*01:10	HLA-DOB*01:01:01:24	HLA-DPA1*02:01:01:07	HLA-DPA2*01:new	HLA-DPB1*26:01:02:01	HLA-DPB2*03:01:01:new	HLA-DQA1*05:09:01:new	HLA-DQA2*01:01:02:03	HLA-DQB1*03:01:01:03	HLA-DQB2*01:01:01:new	HLA-DRA*01:01:01:12	HLA-DRB1*11:01:01:new	HLA-DRB3*02:02:01:new			HLA-E*01:01:01:01	HLA-F*01:01:01:09	HLA-G*01:06:01:01	HLA-H*02:01:01:01	HLA-J*01:01:01:02	HLA-K*01:01:01:02	HLA-L*01:01:01:01	HLA-N*01:01:01:03	HLA-P*01:01:01:01	HLA-S*01:02:01:03	HLA-T*01:01:01:01	HLA-U*01:01:01:01	HLA-V*01:01:01:02	HLA-W*01:01:01:06		MICA*008:01:02	MICB*005:02:new	TAP1*01:01:01:01	TAP2*02:01:03:new
HPRC_r2	HG03874#2	NA			NA	HLA-A*01:01:01:01	HLA-B*57:01:01:01	HLA-C*06:02:01:01	HLA-DMA*01:01:01:01	HLA-DMB*01:03:01:18	HLA-DOA*01:01:02:45	HLA-DOB*01:05	HLA-DPA1*02:01:01:02	HLA-DPA2*01:new	HLA-DPB1*09:01:01:01	HLA-DPB2*01:new	HLA-DQA1*02:01:01:01	HLA-DQA2*01:01:02:01	HLA-DQB1*03:03:02:01	HLA-DQB2*01:01:01:01	HLA-DRA*01:01:02	HLA-DRB1*07:01:01:new		HLA-DRB4*01:03:01:02N		HLA-E*01:01:01:01	HLA-F*01:01:01:09	HLA-G*01:06:01:01	HLA-H*02:01:01:01	HLA-J*01:01:01:02	HLA-K*01:01:01:new	HLA-L*01:01:01:01	HLA-N*01:01:01:03	HLA-P*01:01:01:01	HLA-S*01:02:01:01	HLA-T*01:01:01:01	HLA-U*01:01:01:01	HLA-V*01:01:01:02	HLA-W*01:01:01:06		MICA*017:01	MICB*003:01:01	TAP1*01:01:01:03	TAP2*02:01:02:01
HPRC_r2	HG03927#1	NA		NA		HLA-A*24:02:01:01	HLA-B*52:01:01:01	HLA-C*12:02:02:01	HLA-DMA*01:02:01:01	HLA-DMB*01:01:01:02	HLA-DOA*01:01:02:02	HLA-DOB*01:01:01:26	HLA-DPA1*01:03:01:05	HLA-DPA2*01:01:01:02	HLA-DPB1*04:02:01:04	HLA-DPB2*01:01:02:new	HLA-DQA1*01:04:02:new	HLA-DQA2*01:01:04:01	HLA-DQB1*05:03:01:01	HLA-DQB2*01:04	HLA-DRA*01:01:01:01	HLA-DRB1*14:04:01:new	HLA-DRB3*02:02:01:new			HLA-E*01:03:01:01	HLA-F*01:01:01:new	HLA-G*01:04:01:01		HLA-J*01:01:01:02		HLA-L*01:03	HLA-N*01:01:01:03	HLA-P*02:01:01:new	HLA-S*01:02:01:03			HLA-V*01:01:01:04	HLA-W*01:new		MICA*009:01:new	MICB*005:02:new	TAP1*01:01:01:05	TAP2*02:new
HPRC_r2	HG03927#2	NA			NA	HLA-A*31:01:02:01	HLA-B*15:08:01:01	HLA-C*01:02:01:01	HLA-DMA*01:02:01:01	HLA-DMB*01:01:01:02	HLA-DOA*01:01:02:22	HLA-DOB*01:05	HLA-DPA1*01:03:01:01	HLA-DPA2*02:01:01:01	HLA-DPB1*02:01:02:01	HLA-DPB2*01:01:02	HLA-DQA1*02:01:01:01	HLA-DQA2*01:01:02:01	HLA-DQB1*03:03:02:01	HLA-DQB2*01:01:01:01	HLA-DRA*01:01:02	HLA-DRB1*07:01:01:new		HLA-DRB4*01:03:01:02N		HLA-E*01:01:01:01	HLA-F*01:01:01:01	HLA-G*01:01:01:01	HLA-H*02:09	HLA-J*01:01:01:09	HLA-K*01:04	HLA-L*01:03	HLA-N*01:01:01:01	HLA-P*02:01:01:01	HLA-S*01:04	HLA-T*03:01:01:02	HLA-U*01:new	HLA-V*01:01:01:01	HLA-W*01:new	HLA-Y*02:01	MICA*010:01:new	MICB*005:02:new	TAP1*01:01:01:03	TAP2*02:01:02:01
HPRC_r2	HG03942#1	NA			NA	HLA-A*11:01:01:01	HLA-B*40:06:01:13	HLA-C*15:02:01:01	HLA-DMA*01:01:01:01	HLA-DMB*01:02:01:01	HLA-DOA*01:01:02:30	HLA-DOB*01:01:03:09	HLA-DPA1*01:03:01:04	HLA-DPA2*01:01:01:01	HLA-DPB1*04:01:01:04	HLA-DPB2*03:01:01:new	HLA-DQA1*01:03:01:01	HLA-DQA2*01:01:02:07	HLA-DQB1*06:01:01:01	HLA-DQB2*01:07:01:new	HLA-DRA*01:01:01:14	HLA-DRB1*15:01:01:03			HLA-DRB5*01:01:01:new	HLA-E*01:01:01:01	HLA-F*01:01:02:new	HLA-G*01:01:03:03	HLA-H*02:07:01:01	HLA-J*01:01:01:04	HLA-K*01:new	HLA-L*01:03	HLA-N*01:01:01:new	HLA-P*02:new	HLA-S*01:02:01:03	HLA-T*03:01:01:new	HLA-U*01:05:00:new	HLA-V*01:new	HLA-W*01:new		MICA*027:01:03	MICB*005:03:new	TAP1*01:01:01:01	TAP2*01:01:02:new
HPRC_r2	HG03942#2	NA	NA		NA	HLA-A*68:01:02:01	HLA-B*40:06:01:13	HLA-C*15:02:01:01	HLA-DMA*01:01:01:01	HLA-DMB*01:02:01:01	HLA-DOA*01:01:01:01	HLA-DOB*01:01:03:09	HLA-DPA1*01:03:01:01	HLA-DPA2*01:01:01:new	HLA-DPB1*02:01:02:03	HLA-DPB2*01:new	HLA-DQA1*01:03:01:01	HLA-DQA2*01:01:02:07	HLA-DQB1*06:01:01:01	HLA-DQB2*01:07:01:new	HLA-DRA*01:01:01:14	HLA-DRB1*15:01:01:03			HLA-DRB5*01:01:01:new	HLA-E*01:01:01:01	HLA-F*01:01:02:08	HLA-G*01:01:02:01	HLA-H*02:05:01:01	HLA-J*01:01:01:01	HLA-K*01:new	HLA-L*01:03	HLA-N*01:01:01:01	HLA-P*01:02	HLA-S*01:02:01:03	HLA-T*01:01:01:new	HLA-U*01:new	HLA-V*01:01:01:03	HLA-W*05:new		MICA*027:01:new	MICB*005:03:new	TAP1*01:01:new	TAP2*01:01:03:new
HPRC_r2	HG04115#1	NA			NA	HLA-A*11:01:01:01	HLA-B*40:06:01:13	HLA-C*15:02:01:01	HLA-DMA*01:01:01:01	HLA-DMB*01:01:01:01	HLA-DOA*01:01:02:08	HLA-DOB*01:01:01:04	HLA-DPA1*01:03:01:12	HLA-DPA2*01:new	HLA-DPB1*104:01:01:03	HLA-DPB2*03:01:01:new	HLA-DQA1*01:05:01:01	HLA-DQA2*01:01:01:new	HLA-DQB1*05:01:01:05	HLA-DQB2*01:02:02:01	HLA-DRA*01:01:01:11	HLA-DRB1*10:01:01:03				HLA-E*01:03:01:01	HLA-F*01:01:01:01	HLA-G*01:01:03:03	HLA-H*02:07:01:01	HLA-J*01:01:01:04	HLA-K*01:new	HLA-L*01:03	HLA-N*01:01:01:03	HLA-P*02:new	HLA-S*01:02:01:03	HLA-T*03:01:01:new	HLA-U*01:05:00:new	HLA-V*01:new	HLA-W*01:new		MICA*027:01:02	MICB*005:03:new	TAP1*01:01:01:01	TAP2*02:01:02:02
HPRC_r2	HG04115#2	NA			NA	HLA-A*74:02:01:02	HLA-B*57:01:01:01	HLA-C*06:02:01:01	HLA-DMA*01:02:01:01	HLA-DMB*01:01:01:02	HLA-DOA*01:01:02:22	HLA-DOB*01:05	HLA-DPA1*02:01:01:06	HLA-DPA2*01:new	HLA-DPB1*13:01:01:01	HLA-DPB2*01:new	HLA-DQA1*02:01:01:01	HLA-DQA2*01:01:02:01	HLA-DQB1*03:03:02:01	HLA-DQB2*01:01:01:01	HLA-DRA*01:01:02	HLA-DRB1*07:01:01:new		HLA-DRB4*01:03:01:02N		HLA-E*01:03:01:01	HLA-F*01:01:01:new	HLA-G*01:new	HLA-H*02:03:02	HLA-J*01:01:01:02	HLA-K*01:01:new	HLA-L*01:03:00:new	HLA-N*01:01:01:03	HLA-P*02:new	HLA-S*01:02:01:01	HLA-T*02:01:01:new	HLA-U*01:new	HLA-V*01:01:01:01	HLA-W*02:new		MICA*017:01	MICB*003:01:01	TAP1*01:01:01:03	TAP2*02:01:02:01
HPRC_r2	HG04157#1	NA			NA;NA	HLA-A*33:03:01:01	HLA-B*44:03:02:04	HLA-C*07:06:01:01	HLA-DMA*01:02:01:01	HLA-DMB*01:01:01:02	HLA-DOA*01:01:02:22	HLA-DOB*01:05	HLA-DPA1*02:01:01:06	HLA-DPA2*01:new	HLA-DPB1*13:01:01:01	HLA-DPB2*01:new	HLA-DQA1*02:01:01:01	HLA-DQA2*01:01:02:01	HLA-DQB1*02:02:01:01	HLA-DQB2*01:01:01:01	HLA-DRA*01:01:01:03	HLA-DRB1*07:01:01:new		HLA-DRB4*01:03:01:04		HLA-E*01:01:01:07	HLA-F*01:01:01:22	HLA-G*01:01:01:06	HLA-H*01:02:01:06	HLA-J*01:01:01:09	HLA-K*01:04	HLA-L*01:02:00:new	HLA-N*01:01:01:01	HLA-P*02:01:01:02	HLA-S*01:01:01:01	HLA-T*01:01:01:new	HLA-U*01:06:00:new	HLA-V*01:01:01:01	HLA-W*01:new	HLA-Y*02:01	MICA*004:01:01	MICB*002:01:new	TAP1*01:01:01:03	TAP2*02:01:02:01
HPRC_r2	HG04157#2	NA				HLA-A*01:01:01:01	HLA-B*40:06:01:new	HLA-C*06:02:01:01	HLA-DMA*01:01:01:01	HLA-DMB*01:01:01:new	HLA-DOA*01:01:02:10	HLA-DOB*01:01:05	HLA-DPA1*01:03:01:35	HLA-DPA2*01:01:02:new	HLA-DPB1*16:01:01:01	HLA-DPB2*01:01:01:new	HLA-DQA1*01:03:01:01	HLA-DQA2*01:01:02:01	HLA-DQB1*06:01:01:01	HLA-DQB2*01:01:01:new	HLA-DRA*01:02:02:10	HLA-DRB1*15:02:01:new			HLA-DRB5*01:02:01:new	HLA-E*01:01:01:01	HLA-F*01:01:01:09	HLA-G*01:06:01:01	HLA-H*02:01:01:01	HLA-J*01:01:01:02	HLA-K*01:01:01:02	HLA-L*01:01:01:01	HLA-N*01:01:01:new	HLA-P*01:01:01:01	HLA-S*01:02:01:03	HLA-T*01:01:01:01	HLA-U*01:01:01:01	HLA-V*01:01:01:02	HLA-W*01:01:01:06		MICA*027:01:02	MICB*005:03:new	TAP1*01:01:01:01	TAP2*01:05:01:new
HPRC_r2	HG04160#1	NA			NA	HLA-A*29:01:01:01	HLA-B*07:05:01:01	HLA-C*15:05:02:01	HLA-DMA*01:01:01:01	HLA-DMB*01:01:01:01	HLA-DOA*01:02:01:03	HLA-DOB*01:01:01:04	HLA-DPA1*02:07:01:new	HLA-DPA2*01:01:01:new	HLA-DPB1*04:01:01:new	HLA-DPB2*03:01:01:new	HLA-DQA1*01:05:01:01	HLA-DQA2*01:01:01:new	HLA-DQB1*05:01:01:02	HLA-DQB2*01:02:02:01	HLA-DRA*01:01:01:11	HLA-DRB1*10:01:01:03				HLA-E*01:01:01:01	HLA-F*01:01:02:08	HLA-G*01:01:01:13	HLA-H*02:02:01:01	HLA-J*01:01:01:29	HLA-K*01:03:00:new	HLA-L*01:02:00:new	HLA-N*01:01:01:01	HLA-P*02:01:01:new	HLA-S*01:01:01:02	HLA-T*02:01:01:01	HLA-U*01:01:01:02	HLA-V*01:01:01:01	HLA-W*02:01:00:new	HLA-Y*02:01:00:new	MICA*008:02	MICB*008:01:new	TAP1*01:01:01:01	TAP2*02:01:02:02
HPRC_r2	HG04160#2	NA			NA	HLA-A*31:01:02:01	HLA-B*15:08:01:01	HLA-C*01:02:01:01	HLA-DMA*01:02:01:01	HLA-DMB*01:01:01:02	HLA-DOA*01:01:01:01	HLA-DOB*01:04:01:new	HLA-DPA1*01:03:01:03	HLA-DPA2*01:01:02:new	HLA-DPB1*03:01:01:01	HLA-DPB2*01:01:01:new	HLA-DQA1*01:02:01:new	HLA-DQA2*01:01:02:01	HLA-DQB1*05:02:01:01	HLA-DQB2*01:01:01:new	HLA-DRA*01:01:01:02	HLA-DRB1*15:04:00:new			HLA-DRB5*01:01:01:new	HLA-E*01:01:01:01	HLA-F*01:01:01:01	HLA-G*01:01:01:01	HLA-H*02:09	HLA-J*01:01:01:09	HLA-K*01:04	HLA-L*01:03	HLA-N*01:01:01:01	HLA-P*02:01:01:01	HLA-S*01:04	HLA-T*03:01:01:02	HLA-U*01:new	HLA-V*01:01:01:01	HLA-W*01:new	HLA-Y*02:01	MICA*010:01:new	MICB*014:01:new	TAP1*01:01:01:05	TAP2*01:01:03:new
HPRC_r2	HG04184#1	NA			NA	HLA-A*01:01:01:01	HLA-B*57:01:01:01	HLA-C*06:02:01:01	HLA-DMA*01:02:01:01	HLA-DMB*01:01:01:02	HLA-DOA*01:01:02:22	HLA-DOB*01:05	HLA-DPA1*02:01:01:06	HLA-DPA2*01:new	HLA-DPB1*13:01:01:01	HLA-DPB2*01:new	HLA-DQA1*02:01:01:01	HLA-DQA2*01:01:02:01	HLA-DQB1*03:03:02:01	HLA-DQB2*01:01:01:01	HLA-DRA*01:01:02	HLA-DRB1*07:01:01:02		HLA-DRB4*01:03:01:02N		HLA-E*01:01:01:01	HLA-F*01:01:01:09	HLA-G*01:06:01:01	HLA-H*02:01:01:01	HLA-J*01:01:01:02	HLA-K*01:01:01:02	HLA-L*01:01:01:01	HLA-N*01:01:01:03	HLA-P*01:01:01:01	HLA-S*01:02:01:01	HLA-T*01:01:01:01	HLA-U*01:01:01:01	HLA-V*01:01:01:02	HLA-W*01:01:01:06		MICA*017:01	MICB*003:01:02	TAP1*01:01:01:03	TAP2*02:01:02:01
HPRC_r2	HG04184#2	NA			NA;NA	HLA-A*33:03:01:01	HLA-B*44:03:02:04	HLA-C*07:06:01:01	HLA-DMA*01:01:01:01	HLA-DMB*01:01:01:01	HLA-DOA*01:01:02:20	HLA-DOB*01:01:01:01	HLA-DPA1*01:03:01:02	HLA-DPA2*01:01:01:new	HLA-DPB1*04:01:01:01	HLA-DPB2*01:01:01:new	HLA-DQA1*02:01:01:01	HLA-DQA2*01:03	HLA-DQB1*02:02:01:07	HLA-DQB2*01:01:01:02	HLA-DRA*01:01:01:03	HLA-DRB1*07:01:01:new		HLA-DRB4*01:03:01:04		HLA-E*01:01:01:07	HLA-F*01:01:01:22	HLA-G*01:01:01:06	HLA-H*01:02:01:06	HLA-J*01:01:01:09	HLA-K*01:04	HLA-L*01:02:00:new	HLA-N*01:01:01:01	HLA-P*02:01:01:02	HLA-S*01:01:01:01	HLA-T*01:01:01:new	HLA-U*01:06:00:new	HLA-V*01:01:01:01	HLA-W*01:new	HLA-Y*02:01	MICA*004:01:01	MICB*002:01:new	TAP1*01:01:01:03	TAP2*01:01:03:new
HPRC_r2	HG04187#1	NA			NA	HLA-A*33:03:01:01	HLA-B*08:01:01:02	HLA-C*07:02:01:01	HLA-DMA*01:01:01:37	HLA-DMB*01:01:01:21	HLA-DOA*01:01:04:03	HLA-DOB*01:01:01:24	HLA-DPA1*02:01:01:03	HLA-DPA2*01:01:new	HLA-DPB1*17:01:01:01	HLA-DPB2*01:new	HLA-DQA1*05:01:01:03	HLA-DQA2*01:01:02:new	HLA-DQB1*02:07:01	HLA-DQB2*01:01:01:new	HLA-DRA*01:01:01:new	HLA-DRB1*03:01:01:03	HLA-DRB3*02:02:01:new			HLA-E*01:01:01:06	HLA-F*01:01:02:10	HLA-G*01:04:01:01	HLA-H*02:08:01:01	HLA-J*01:01:01:09	HLA-K*01:04	HLA-L*01:01:01:01	HLA-N*01:01:01:05	HLA-P*new	HLA-S*01:02:01:01	HLA-T*03:01:01:02	HLA-U*01:06:00:new	HLA-V*01:new	HLA-W*01:new	HLA-Y*02:01	MICA*008:01:07	MICB*002:01:new	TAP1*02:01:01:new	TAP2*02:03
HPRC_r2	HG04187#2	NA		NA		HLA-A*32:01:01:01	HLA-B*35:03:01:01	HLA-C*04:01:01:178	HLA-DMA*01:02:01:01	HLA-DMB*01:01:01:02	HLA-DOA*01:01:02:45	HLA-DOB*01:05	HLA-DPA1*02:01:01:02	HLA-DPA2*01:new	HLA-DPB1*09:01:01:01	HLA-DPB2*01:new	HLA-DQA1*05:09:01:03	HLA-DQA2*01:01:02:new	HLA-DQB1*03:01:01:03	HLA-DQB2*01:01:01:new	HLA-DRA*01:01:01:12	HLA-DRB1*11:01:01:new	HLA-DRB3*02:02:01:new			HLA-E*01:01:01:03	HLA-F*01:01:02:10	HLA-G*01:01:22:01	HLA-H*02:03:02	HLA-J*01:01:01:06	HLA-K*01:01:01:04	HLA-L*01:01:02:new	HLA-N*01:01:01:01	HLA-P*02:01:01:02	HLA-S*01:02:new	HLA-T*02:01:01:new	HLA-U*01:02	HLA-V*01:01:01:01	HLA-W*04:01:00:new		MICA*002:01:03	MICB*005:02:new	TAP1*01:01:01:new	TAP2*02:01:02:01
HPRC_r2	HG04199#1	NA				HLA-A*33:03:01:01	HLA-B*58:01:01:03	HLA-C*03:02:02:05	HLA-DMA*01:01:01:01	HLA-DMB*01:new	HLA-DOA*01:01:01:01	HLA-DOB*01:01:01:01	HLA-DPA1*01:03:01:34	HLA-DPA2*01:new	HLA-DPB1*104:01:01:11	HLA-DPB2*03:01:01:new	HLA-DQA1*03:01:01:01	HLA-DQA2*01:01:01:04	HLA-DQB1*03:02:01:01	HLA-DQB2*01:02:01:01	HLA-DRA*01:01:01:03	HLA-DRB1*04:03:01:new		HLA-DRB4*01:03:01:new		HLA-E*01:01:01:06	HLA-F*01:01:02:10	HLA-G*01:new	HLA-H*02:08:01:01	HLA-J*01:01:01:09	HLA-K*01:04	HLA-L*01:01:01:01	HLA-N*01:01:01:05	HLA-P*new	HLA-S*01:02:01:01	HLA-T*03:01:01:02	HLA-U*01:06:00:new	HLA-V*01:new	HLA-W*01:new	HLA-Y*02:01	MICA*002:01:07	MICB*008:01:new	TAP1*05:new	TAP2*02:01:03:new
HPRC_r2	HG04199#2	NA		NA		HLA-A*03:01:01:01	HLA-B*07:02:01:01	HLA-C*07:02:01:03	HLA-DMA*01:01:01:01	HLA-DMB*01:01:01:01	HLA-DOA*01:01:01:01	HLA-DOB*01:01:03:09	HLA-DPA1*02:02:02:01	HLA-DPA2*01:new	HLA-DPB1*01:01:01:17	HLA-DPB2*01:01:02	HLA-DQA1*01:01:01:01	HLA-DQA2*01:01:04:new	HLA-DQB1*05:01:01:03	HLA-DQB2*01:07:01:04	HLA-DRA*01:01:01:05	HLA-DRB1*01:01:01:new				HLA-E*01:03:02:01	HLA-F*01:03:01:01	HLA-G*01:01:01:05	HLA-H*02:04:01	HLA-J*01:01:01:04	HLA-K*01:01:01:01	HLA-L*01:01:01:03	HLA-N*01:01:01:01	HLA-P*02:01:01:02	HLA-S*01:01:01:02	HLA-T*03:01:01:01	HLA-U*01:04	HLA-V*01:01:01:01	HLA-W*01:01:01:new		MICA*008:04:01	MICB*004:01:new	TAP1*01:01:01:02	TAP2*01:01:03:14
HPRC_r2	HG04204#1	NA		NA		HLA-A*24:02:01:05	HLA-B*56:01:01:04	HLA-C*03:03:01:37	HLA-DMA*01:01:01:01	HLA-DMB*01:02:01:01	HLA-DOA*01:08	HLA-DOB*01:02:02	HLA-DPA1*01:03:01:02	HLA-DPA2*01:01:01:01	HLA-DPB1*04:01:01:01	HLA-DPB2*03:01:01:new	HLA-DQA1*01:03:01:01	HLA-DQA2*01:05:01:new	HLA-DQB1*06:01:01:01	HLA-DQB2*01:08	HLA-DRA*01:02:02:10	HLA-DRB1*15:02:01:new			HLA-DRB5*01:02:01:new	HLA-E*01:01:01:01	HLA-F*01:01:01:09	HLA-G*01:04:01:01		HLA-J*01:01:01:new		HLA-L*01:03	HLA-N*01:01:01:01	HLA-P*02:01:01:new	HLA-S*01:02:01:01			HLA-V*01:01:01:04	HLA-W*01:new		MICA*012:01:new	MICB*005:03:new	TAP1*01:01:01:05	TAP2*01:01:07:12
HPRC_r2	HG04204#2	NA			NA	HLA-A*01:01:01:01	HLA-B*44:03:02:04	HLA-C*07:06:01:01	HLA-DMA*01:01:01:03	HLA-DMB*01:03:02	HLA-DOA*01:01:02:45	HLA-DOB*01:01:01:01	HLA-DPA1*02:01:01:02	HLA-DPA2*01:new	HLA-DPB1*14:01:01:01	HLA-DPB2*01:new	HLA-DQA1*02:01:01:01	HLA-DQA2*01:03	HLA-DQB1*02:02:01:01	HLA-DQB2*01:01:01:02	HLA-DRA*01:01:01:03	HLA-DRB1*07:01:01:new		HLA-DRB4*01:03:01:04		HLA-E*01:01:01:01	HLA-F*01:01:01:09	HLA-G*01:06:01:01	HLA-H*02:01:01:01	HLA-J*01:01:01:02	HLA-K*01:01:01:02	HLA-L*01:01:01:01	HLA-N*01:01:01:03	HLA-P*01:01:01:01	HLA-S*01:01:01:01	HLA-T*01:01:01:01	HLA-U*01:01:01:01	HLA-V*01:01:01:02	HLA-W*01:01:01:06		MICA*004:01:01	MICB*002:01:new	TAP1*01:01:01:03	TAP2*01:01:03:new
HPRC_r2	HG04228#1	NA		NA		HLA-A*11:01:01:01	HLA-B*37:01:01:01	HLA-C*06:02:01:01	HLA-DMA*01:01:01:01	HLA-DMB*01:01:01:46	HLA-DOA*01:01:04:01	HLA-DOB*01:01:01:01	HLA-DPA1*01:03:01:02	HLA-DPA2*01:01:01:new	HLA-DPB1*04:01:01:01	HLA-DPB2*03:01:01:new	HLA-DQA1*01:02:01:01	HLA-DQA2*01:01:01:new	HLA-DQB1*06:02:01:01	HLA-DQB2*01:02:01:01	HLA-DRA*01:02:03:01	HLA-DRB1*15:01:01:03			HLA-DRB5*01:01:01:01	HLA-E*01:01:01:04	HLA-F*01:01:02:09	HLA-G*01:01:03:03	HLA-H*02:07:01:01	HLA-J*01:01:01:new	HLA-K*01:new	HLA-L*01:new	HLA-N*01:01:01:01	HLA-P*02:new	HLA-S*01:02:01:03	HLA-T*03:01:01:new	HLA-U*01:05:00:new	HLA-V*01:new	HLA-W*01:new		MICA*008:01:11	MICB*004:01:new	TAP1*01:01:01:01	TAP2*01:01:07:new
HPRC_r2	HG04228#2	NA		NA		HLA-A*01:01:01:01	HLA-B*44:03:02:04	HLA-C*07:06:01:01	HLA-DMA*01:01:01:01	HLA-DMB*01:01:01:05	HLA-DOA*01:01:02:45	HLA-DOB*01:02:02	HLA-DPA1*02:01:01:02	HLA-DPA2*01:new	HLA-DPB1*09:01:01:01	HLA-DPB2*01:new	HLA-DQA1*01:02:01:01	HLA-DQA2*01:05:01:new	HLA-DQB1*06:01:01:01	HLA-DQB2*01:08	HLA-DRA*01:01:01:02	HLA-DRB1*15:01:01:new			HLA-DRB5*01:01:01:new	HLA-E*01:01:01:01	HLA-F*01:01:01:09	HLA-G*01:06:01:01	HLA-H*02:01:01:01	HLA-J*01:01:01:02	HLA-K*01:01:01:02	HLA-L*01:01:01:01	HLA-N*01:01:01:03	HLA-P*01:01:01:01	HLA-S*01:01:01:01	HLA-T*01:01:01:01	HLA-U*01:01:01:01	HLA-V*01:01:01:02	HLA-W*01:01:01:06		MICA*004:01:01	MICB*002:01:new	TAP1*02:new	TAP2*01:01:03:new
HPRC_r2	HG06807#1	NA			NA	HLA-A*30:02:01:03	HLA-B*15:03:01:02	HLA-C*02:10:01:new	HLA-DMA*01:01:01:01	HLA-DMB*01:01:01:new	HLA-DOA*01:01:05:new	HLA-DOB*01:01:01:new	HLA-DPA1*02:01:08:03	HLA-DPA2*01:new	HLA-DPB1*01:01:01:01	HLA-DPB2*03:01:01:new	HLA-DQA1*01:02:01:03	HLA-DQA2*01:07:00:new	HLA-DQB1*06:02:01:01	HLA-DQB2*01:new	HLA-DRA*01:01:01:19	HLA-DRB1*15:03:01:new			HLA-DRB5*01:01:01:new	HLA-E*01:01:01:01	HLA-F*01:01:01:17	HLA-G*01:01:01:08	HLA-H*01:01:02	HLA-J*01:01:01:15	HLA-K*01:new	HLA-L*01:01:02	HLA-N*01:01:01:04	HLA-P*02:01:01:01	HLA-S*01:01:01:02	HLA-T*01:new	HLA-U*01:new	HLA-V*01:01:01:01	HLA-W*03:new		MICA*008:04:05	MICB*003:01:new	TAP1*01:01:01:04	TAP2*01:01:03:new
HPRC_r2	HG06807#2				NA	HLA-A*33:03:01:01	HLA-B*44:03:01:new	HLA-C*14:02:01:02	HLA-DMA*01:01:01:01	HLA-DMB*01:01:01:41	HLA-DOA*01:01:02:30	HLA-DOB*01:02:01:03	HLA-DPA1*03:01:01:05	HLA-DPA2*02:new	HLA-DPB1*105:01:01:new	HLA-DPB2*03:01:01:new	HLA-DQA1*01:02:01:02	HLA-DQA2*01:06:00:new	HLA-DQB1*06:02:01:01	HLA-DQB2*01:01:01:06	HLA-DRA*01:01:01:new	HLA-DRB1*15:03:01:01			HLA-DRB5*01:01:01:new	HLA-E*01:01:01:01	HLA-F*01:01:02:10	HLA-G*01:04:05	HLA-H*02:08:01:new	HLA-J*01:01:01:09	HLA-K*01:04	HLA-L*01:01:01:01	HLA-N*01:01:01:01	HLA-P*new	HLA-S*01:01:01:01	HLA-T*03:01:01:02	HLA-U*01:06:00:new	HLA-V*01:new	HLA-W*01:new	HLA-Y*02:01:00:new	MICA*004:01:12	MICB*005:02:new	TAP1*01:01:01:new	TAP2*01:05:01:new
HPRC_r2	NA18505#1	NA				HLA-A*26:01:46:01	HLA-B*53:01:01:01	HLA-C*07:01:01:16	HLA-DMA*01:01:01:01	HLA-DMB*01:01:01:01	HLA-DOA*01:01:11	HLA-DOB*01:01:01:01	HLA-DPA1*02:02:02:12	HLA-DPA2*01:new	HLA-DPB1*01:01:01:02	HLA-DPB2*03:01:01:new	HLA-DQA1*05:01:01:01	HLA-DQA2*01:04:02:new	HLA-DQB1*02:01:01:01	HLA-DQB2*01:01:01:12	HLA-DRA*01:01:01:01	HLA-DRB1*03:01:01:new	HLA-DRB3*02:02:01:01			HLA-E*01:03:02:01	HLA-F*01:01:01:08	HLA-G*01:01:02:01	HLA-H*01:02:01:01	HLA-J*01:01:new	HLA-K*01:01:new	HLA-L*01:02:00:new	HLA-N*01:01:01:03	HLA-P*01:01:01:new	HLA-S*01:02:01:01	HLA-T*01:01:01:new	HLA-U*01:new	HLA-V*01:new	HLA-W*01:01:01:new		MICA*002:01:02	MICB*006:00:00:new	TAP1*01:01:01:new	TAP2*01:new
HPRC_r2	NA18505#2	NA			NA	HLA-A*74:01:01:01	HLA-B*15:03:01:02	HLA-C*02:10:01:01	HLA-DMA*01:01:01:21	HLA-DMB*01:01:01:new	HLA-DOA*01:01:02:32	HLA-DOB*01:01:01:01	HLA-DPA1*01:03:01:35	HLA-DPA2*02:01:01:01	HLA-DPB1*02:01:02:18	HLA-DPB2*03:01:01:new	HLA-DQA1*01:02:01:03	HLA-DQA2*01:01:01:04	HLA-DQB1*06:02:01:01	HLA-DQB2*01:02:01:new	HLA-DRA*01:01:01:02	HLA-DRB1*15:03:01:03			HLA-DRB5*01:01:01:new	HLA-E*01:01:01:01	HLA-F*01:01:02:08	HLA-G*01:01:01:04	HLA-H*02:05:01:02	HLA-J*01:01:01:30	HLA-K*01:new	HLA-L*01:new	HLA-N*01:01:01:new	HLA-P*02:01:01:01	HLA-S*01:01:01:02	HLA-T*01:01:01:new	HLA-U*01:new	HLA-V*01:01:01:01	HLA-W*02:new		MICA*008:04:05	MICB*008:01:new	TAP1*01:01:01:new	TAP2*01:02:01:new
HPRC_r2	NA18508#1	NA	NA			HLA-A*33:03:01:03	HLA-B*42:01:01:01	HLA-C*17:01:01:02	HLA-DMA*01:01:01:02	HLA-DMB*01:01:01:04	HLA-DOA*01:01:02:32	HLA-DOB*01:03:01:02	HLA-DPA1*02:01:08:03	HLA-DPA2*01:new	HLA-DPB1*01:01:01:01	HLA-DPB2*03:01:01:new	HLA-DQA1*04:01:01:05	HLA-DQA2*01:04:01:01	HLA-DQB1*04:02:01:08	HLA-DQB2*01:01:01:04	HLA-DRA*01:03:00:new	HLA-DRB1*03:02:01:new	HLA-DRB3*01:62:01:01			HLA-E*01:01:01:01	HLA-F*01:01:02:10	HLA-G*01:04:01:01	HLA-H*02:08:01:01	HLA-J*01:01:01:09	HLA-K*01:04	HLA-L*01:01:01:01	HLA-N*01:01:01:01	HLA-P*new	HLA-S*01:03	HLA-T*03:01:01:02	HLA-U*01:06:00:new	HLA-V*01:new	HLA-W*01:new	HLA-Y*02:01:00:new	MICA*004:01:03	MICB*002:01:new	TAP1*01:01:01:04	TAP2*01:01:03:02
HPRC_r2	NA18508#2	NA			NA	HLA-A*68:02:01:01	HLA-B*53:01:01:01	HLA-C*04:01:01:75	HLA-DMA*01:01:01:02	HLA-DMB*01:01:01:39	HLA-DOA*01:01:02:08	HLA-DOB*01:04:03:new	HLA-DPA1*02:01:01:new	HLA-DPA2*01:new	HLA-DPB1*01:01:02:01	HLA-DPB2*03:01:new	HLA-DQA1*02:01:01:01	HLA-DQA2*01:01:01:05	HLA-DQB1*02:02:01:01	HLA-DQB2*01:02:02:new	HLA-DRA*01:01:01:02	HLA-DRB1*13:03:01:new	HLA-DRB3*02:02:01:new			HLA-E*01:03:02:01	HLA-F*01:01:01:18	HLA-G*01:01:02:01	HLA-H*02:05:01:01	HLA-J*01:01:01:10	HLA-K*01:new	HLA-L*01:02:00:new	HLA-N*01:01:01:03	HLA-P*01:02	HLA-S*01:02:01:01	HLA-T*01:01:01:new	HLA-U*01:03:00:new	HLA-V*01:01:01:03	HLA-W*05:new	HLA-Y*02:01	MICA*002:01:02	MICB*006:00:00:new	TAP1*02:01:01:new	TAP2*01:01:05:new
HPRC_r2	NA18522#1	NA			NA	HLA-A*03:01:01:05	HLA-B*49:01:01:01	HLA-C*07:01:02:01	HLA-DMA*01:02:01:03	HLA-DMB*01:01:01:new	HLA-DOA*01:01:02:32	HLA-DOB*01:04:03:new	HLA-DPA1*02:02:02:12	HLA-DPA2*01:new	HLA-DPB1*01:01:01:02	HLA-DPB2*03:01:01:new	HLA-DQA1*05:05:01:13	HLA-DQA2*01:07:00:new	HLA-DQB1*03:01:01:03	HLA-DQB2*01:new	HLA-DRA*01:02:02:06	HLA-DRB1*13:03:01:01	HLA-DRB3*01:01:02:03			HLA-E*01:03:02:01	HLA-F*01:01:01:18	HLA-G*01:01:15:new	HLA-H*02:04:01	HLA-J*01:01:01:04	HLA-K*01:01:01:01	HLA-L*01:02	HLA-N*01:01:01:05	HLA-P*02:01:01:02	HLA-S*01:01:01:01	HLA-T*03:01:01:01	HLA-U*01:04	HLA-V*01:01:01:new	HLA-W*01:new		MICA*004:01:new	MICB*002:01:new	TAP1*02:new	TAP2*01:01:03:new
HPRC_r2	NA18522#2	NA			NA	HLA-A*36:01:01:01	HLA-B*15:03:01:02	HLA-C*02:10:01:01	HLA-DMA*01:01:01:02	HLA-DMB*01:01:01:new	HLA-DOA*01:01:02:08	HLA-DOB*01:01:01:01	HLA-DPA1*02:01:02:02	HLA-DPA2*01:new	HLA-DPB1*01:01:01:01	HLA-DPB2*03:01:01:new	HLA-DQA1*01:02:01:04	HLA-DQA2*01:01:01:new	HLA-DQB1*06:04:01:01	HLA-DQB2*01:02:01:01	HLA-DRA*01:02:02:05	HLA-DRB1*13:01:01:new	HLA-DRB3*01:01:02:new			HLA-E*01:01:01:01	HLA-F*01:03:01:03	HLA-G*01:04:04:01	HLA-H*02:10:01:02	HLA-J*01:01:01:02	HLA-K*01:01:01:02	HLA-L*01:new	HLA-N*01:01:01:new	HLA-P*new	HLA-S*01:01:01:02	HLA-T*03:01:01:new	HLA-U*01:01:01:01	HLA-V*01:new	HLA-W*01:01:01:02		MICA*008:04:05	MICB*008:01:new	TAP1*01:01:01:new	TAP2*01:01:03:15
HPRC_r2	NA18565#1	NA			NA	HLA-A*24:02:01:01	HLA-B*51:01:01:01	HLA-C*14:02:01:01	HLA-DMA*01:01:01:01	HLA-DMB*01:02:01:new	HLA-DOA*01:01:02:45	HLA-DOB*01:01:01:09	HLA-DPA1*01:03:01:new	HLA-DPA2*02:01:01:01	HLA-DPB1*02:01:02:32	HLA-DPB2*01:01:02:new	HLA-DQA1*03:02:01:01	HLA-DQA2*01:01:02:09	HLA-DQB1*03:03:02:02	HLA-DQB2*01:01:01:new	HLA-DRA*01:01:01:12	HLA-DRB1*09:01:02:new		HLA-DRB4*01:03:02:new		HLA-E*01:01:01:01	HLA-F*01:01:01:09	HLA-G*01:04:01:03		HLA-J*01:01:01:02		HLA-L*01:03	HLA-N*01:01:01:01	HLA-P*02:01:01:new	HLA-S*01:02:01:03			HLA-V*01:01:01:04	HLA-W*01:new		MICA*049:01:new	MICB*004:01:new	TAP1*02:01:01:new	TAP2*01:02:02:new
HPRC_r2	NA18565#2	NA			NA	HLA-A*11:01:01:01	HLA-B*15:25:01:01	HLA-C*07:02:01:01	HLA-DMA*01:01:01:01	HLA-DMB*01:01:01:01	HLA-DOA*01:01:01:01	HLA-DOB*01:01:01:24	HLA-DPA1*02:02:02:01	HLA-DPA2*01:new	HLA-DPB1*05:01:01:33	HLA-DPB2*03:02:00:new	HLA-DQA1*06:01:01:02	HLA-DQA2*01:01:02:new	HLA-DQB1*03:01:01:new	HLA-DQB2*01:01:01:01	HLA-DRA*01:02:02:14	HLA-DRB1*12:02:01:new	HLA-DRB3*03:01:03:02			HLA-E*01:03:01:01	HLA-F*01:01:02:09	HLA-G*01:01:03:03	HLA-H*02:07:01:02	HLA-J*01:01:01:new	HLA-K*01:new	HLA-L*01:01:01:new	HLA-N*01:01:01:new	HLA-P*02:new	HLA-S*01:03	HLA-T*03:01:01:new	HLA-U*01:05:00:new	HLA-V*01:new	HLA-W*01:new		MICA*019:01:new	MICB*002:01:new	TAP1*03:01:00:new	TAP2*02:01:03:new
HPRC_r2	NA18570#1	NA			NA	HLA-A*02:01:01:01	HLA-B*15:01:01:01	HLA-C*03:03:01:01	HLA-DMA*01:01:01:03	HLA-DMB*01:03:01:03	HLA-DOA*01:01:02:45	HLA-DOB*01:01:01:28	HLA-DPA1*01:03:01:03	HLA-DPA2*01:01:02:new	HLA-DPB1*03:01:01:01	HLA-DPB2*01:01:01:new	HLA-DQA1*05:05:01:02	HLA-DQA2*01:01:02:09	HLA-DQB1*03:01:01:03	HLA-DQB2*01:01:01:new	HLA-DRA*01:01:01:12	HLA-DRB1*11:01:01:new	HLA-DRB3*02:02:01:new			HLA-E*01:03:02:01	HLA-F*01:01:01:01	HLA-G*01:01:01:01	HLA-H*01:01:01:01	HLA-J*01:01:01:05	HLA-K*01:02	HLA-L*01:01:01:01	HLA-N*01:01:01:01	HLA-P*02:01:01:01	HLA-S*01:04	HLA-T*01:01:01:05	HLA-U*01:03:00:new	HLA-V*01:01:01:01	HLA-W*03:new		MICA*010:01:new	MICB*002:01:new	TAP1*01:01:01:01	TAP2*01:05:01:03
HPRC_r2	NA18570#2	NA			NA	HLA-A*02:06:01:01	HLA-B*15:11:01	HLA-C*03:03:01:01	HLA-DMA*01:01:01:02	HLA-DMB*01:03:01:17	HLA-DOA*01:01:02:15	HLA-DOB*01:01:01:01	HLA-DPA1*02:02:02:01	HLA-DPA2*02:01:01:01	HLA-DPB1*02:01:02:new	HLA-DPB2*03:01:01:new	HLA-DQA1*03:01:01:01	HLA-DQA2*01:01:01:04	HLA-DQB1*03:02:01:01	HLA-DQB2*01:02:01:01	HLA-DRA*01:01:01:03	HLA-DRB1*04:04:01:new		HLA-DRB4*01:03:01:new		HLA-E*01:03:01:01	HLA-F*01:01:01:13	HLA-G*01:01:01:01	HLA-H*01:01:01:01	HLA-J*01:01:01:05	HLA-K*01:02	HLA-L*01:01:01:01	HLA-N*01:01:01:01	HLA-P*02:01:01:01	HLA-S*01:04	HLA-T*01:01:01:new	HLA-U*01:03:00:new	HLA-V*01:01:01:01	HLA-W*03:01:01:new		MICA*010:01:new	MICB*005:02:new	TAP1*01:01:01:05	TAP2*01:03:02:07
HPRC_r2	NA18608#1	NA		NA		HLA-A*24:02:01:01	HLA-B*48:01:01:02	HLA-C*08:01:01:01	HLA-DMA*01:01:01:01	HLA-DMB*01:01:01:01	HLA-DOA*01:01:01:01	HLA-DOB*01:01:01:28	HLA-DPA1*02:02:02:new	HLA-DPA2*01:new	HLA-DPB1*05:01:01:01	HLA-DPB2*03:02:00:new	HLA-DQA1*01:04:01:02	HLA-DQA2*01:01:02:07	HLA-DQB1*05:03:01:02	HLA-DQB2*01:07:01:new	HLA-DRA*01:01:01:01	HLA-DRB1*14:05:01:new	HLA-DRB3*02:02:01:new			HLA-E*01:01:01:03	HLA-F*01:01:01:09	HLA-G*01:04:01:01		HLA-J*01:01:01:02		HLA-L*01:03:00:new	HLA-N*01:01:01:03	HLA-P*02:01:01:new	HLA-S*01:new			HLA-V*01:01:01:04	HLA-W*01:new		MICA*008:04:02	MICB*005:02:21	TAP1*01:01:01:01	TAP2*01:05:01:03
HPRC_r2	NA18608#2	NA		NA		HLA-A*31:01:02:01	HLA-B*51:01:01:113	HLA-C*15:02:01:01	HLA-DMA*01:01:01:01	HLA-DMB*01:03:01:18	HLA-DOA*01:01:02:45	HLA-DOB*01:01:01:01	HLA-DPA1*01:03:01:01	HLA-DPA2*02:01:01:01	HLA-DPB1*02:01:02:01	HLA-DPB2*01:01:02	HLA-DQA1*01:04:01:02	HLA-DQA2*01:01:01:04	HLA-DQB1*05:03:01:10	HLA-DQB2*01:02:01:01	HLA-DRA*01:01:01:01	HLA-DRB1*14:07:01:new	HLA-DRB3*02:02:01:new			HLA-E*01:03:01:new	HLA-F*01:01:01:11	HLA-G*01:03:01:02	HLA-H*02:09	HLA-J*01:01:01:09	HLA-K*01:04	HLA-L*01:03	HLA-N*01:01:01:03	HLA-P*02:new	HLA-S*01:02:01:03	HLA-T*03:01:01:02	HLA-U*01:new	HLA-V*01:new	HLA-W*01:new	HLA-Y*02:01	MICA*009:01:05	MICB*002:01:new	TAP1*02:01:01:new	TAP2*01:01:03:new
HPRC_r2	NA18620#1	NA		NA		HLA-A*32:01:01:01	HLA-B*40:01:02:40	HLA-C*07:02:01:15	HLA-DMA*01:01:01:01	HLA-DMB*01:02:01:new	HLA-DOA*01:01:04:01	HLA-DOB*01:01:01:27	HLA-DPA1*02:02:02:01	HLA-DPA2*01:new	HLA-DPB1*13:01:01:new	HLA-DPB2*01:01:01:new	HLA-DQA1*06:01:01:02	HLA-DQA2*01:01:02:new	HLA-DQB1*03:01:01:22	HLA-DQB2*01:01:01:new	HLA-DRA*01:02:02:14	HLA-DRB1*12:02:01:new	HLA-DRB3*03:01:03:02			HLA-E*01:01:01:01	HLA-F*01:01:02:10	HLA-G*01:01:12	HLA-H*02:03:01	HLA-J*01:01:01:06	HLA-K*01:01:01:04	HLA-L*01:01:01:02	HLA-N*01:01:01:01	HLA-P*02:01:01:02	HLA-S*01:02:01:03	HLA-T*02:01:01:02	HLA-U*01:02	HLA-V*01:01:01:01	HLA-W*04:01		MICA*008:04:02	MICB*002:01:02	TAP1*01:01:01:01	TAP2*02:new
HPRC_r2	NA18620#2	NA	NA			HLA-A*02:01:01:01	HLA-B*48:01:01:new	HLA-C*04:81:00:new	HLA-DMA*01:01:01:03	HLA-DMB*01:03:01:new	HLA-DOA*01:01:01:01	HLA-DOB*01:01:01:28	HLA-DPA1*01:03:01:05	HLA-DPA2*01:01:01:02	HLA-DPB1*04:02:01:02	HLA-DPB2*03:01:01:new	HLA-DQA1*05:05:01:06	HLA-DQA2*01:01:04:01	HLA-DQB1*03:01:01:01	HLA-DQB2*01:07:01:04	HLA-DRA*01:02:02:08	HLA-DRB1*12:01:01:new	HLA-DRB3*01:01:02:new			HLA-E*01:01:01:01	HLA-F*01:01:06	HLA-G*01:01:01:01	HLA-H*01:01:01:01	HLA-J*01:01:01:05	HLA-K*01:02	HLA-L*01:03	HLA-N*01:01:01:01	HLA-P*02:01:01:01	HLA-S*01:new	HLA-T*01:01:01:05	HLA-U*01:03:00:new	HLA-V*01:01:01:01	HLA-W*03:01:01:01			MICB*009:01:new	TAP1*01:01:01:05	TAP2*01:01:07:new
HPRC_r2	NA18747#1	NA		NA		HLA-A*02:01:01:01	HLA-B*15:27:01:01	HLA-C*04:01:01:14	HLA-DMA*01:02:01:01	HLA-DMB*01:01:01:02	HLA-DOA*01:01:02:15	HLA-DOB*01:01:01:01	HLA-DPA1*02:02:02:01	HLA-DPA2*01:new	HLA-DPB1*05:01:01:04	HLA-DPB2*03:02:00:new	HLA-DQA1*01:04:01:01	HLA-DQA2*01:01:01:new	HLA-DQB1*05:03:01:02	HLA-DQB2*01:08:00:new	HLA-DRA*01:01:01:01	HLA-DRB1*14:05:01:new	HLA-DRB3*02:02:01:new			HLA-E*01:01:01:03	HLA-F*01:01:01:01	HLA-G*01:01:01:01	HLA-H*01:01:01:01	HLA-J*01:01:01:05	HLA-K*01:02	HLA-L*01:01:02:new	HLA-N*01:01:01:01	HLA-P*02:01:01:01	HLA-S*01:04	HLA-T*01:01:01:05	HLA-U*01:03:00:new	HLA-V*01:01:01:01	HLA-W*03:01:01:01		MICA*010:01:new	MICB*005:02:21	TAP1*01:01:01:new	TAP2*01:01:03:new
HPRC_r2	NA18747#2	NA		NA		HLA-A*01:01:01:01	HLA-B*35:03:01:01	HLA-C*04:01:01:14	HLA-DMA*01:01:01:02	HLA-DMB*01:03:01:09	HLA-DOA*01:01:01:01	HLA-DOB*01:02:01:01	HLA-DPA1*02:02:02:01	HLA-DPA2*02:01:01:01	HLA-DPB1*02:01:02:57	HLA-DPB2*01:01:02	HLA-DQA1*01:02:01:03	HLA-DQA2*01:01:02:01	HLA-DQB1*06:02:01:01	HLA-DQB2*01:01:01:new	HLA-DRA*01:02:02:new	HLA-DRB1*15:01:01:03			HLA-DRB5*01:01:01:02	HLA-E*01:01:01:01	HLA-F*01:01:01:09	HLA-G*01:06:01:01	HLA-H*02:01:01:01	HLA-J*01:01:01:02	HLA-K*01:new	HLA-L*01:01:01:01	HLA-N*01:01:01:03	HLA-P*01:01:01:01	HLA-S*01:01:01:02	HLA-T*01:01:01:01	HLA-U*01:01:01:01	HLA-V*01:01:01:02	HLA-W*01:01:01:06		MICA*008:04:01	MICB*004:01:01	TAP1*01:01:01:03	TAP2*01:01:05:02
HPRC_r2	NA18879#1		NA			HLA-A*23:17:01:01	HLA-B*42:01:01:01	HLA-C*17:01:01:02	HLA-DMA*01:02:01:02	HLA-DMB*01:02:01:new	HLA-DOA*01:01:11	HLA-DOB*01:01:01:24	HLA-DPA1*02:02:02:12	HLA-DPA2*01:new	HLA-DPB1*01:01:01:02	HLA-DPB2*03:01:01:new	HLA-DQA1*01:05:01:02	HLA-DQA2*01:01:02:new	HLA-DQB1*05:01:01:02	HLA-DQB2*01:01:01:01	HLA-DRA*01:03	HLA-DRB1*03:02:01:new	HLA-DRB3*01:62:01:01			HLA-E*01:05:01	HLA-F*01:03:01:05	HLA-G*01:04:04:01		HLA-J*01:01:01:new		HLA-L*01:01:01:01	HLA-N*01:01:01:new	HLA-P*new	HLA-S*01:03			HLA-V*01:new	HLA-W*01:new		MICA*004:01:03	MICB*002:01:new	TAP1*01:01:01:new	TAP2*02:01:03:03
HPRC_r2	NA18879#2	NA			NA	HLA-A*03:01:01:05	HLA-B*35:01:01:06	HLA-C*04:01:01:14	HLA-DMA*01:01:01:01	HLA-DMB*01:01:01:01	HLA-DOA*01:01:11	HLA-DOB*01:01:01:01	HLA-DPA1*02:02:02:12	HLA-DPA2*01:new	HLA-DPB1*01:01:01:new	HLA-DPB2*03:01:01:new	HLA-DQA1*01:03:01:10	HLA-DQA2*01:04:02:new	HLA-DQB1*06:03:01:02	HLA-DQB2*01:01:01:12	HLA-DRA*01:02:02:05	HLA-DRB1*13:01:01:new	HLA-DRB3*01:01:02:new			HLA-E*01:03:05:01	HLA-F*01:01:01:18	HLA-G*01:01:01:05	HLA-H*02:04:01	HLA-J*01:01:01:04	HLA-K*01:01:01:01	HLA-L*01:02:00:new	HLA-N*01:01:01:05	HLA-P*02:01:01:02	HLA-S*01:02:new	HLA-T*03:01:01:01	HLA-U*01:04	HLA-V*01:01:01:new	HLA-W*01:new		MICA*002:01:13Q:new	MICB*005:02:new	TAP1*01:01:01:new	TAP2*01:new
HPRC_r2	NA18906#1	NA			NA	HLA-A*36:01:01:01	HLA-B*53:01:01:01	HLA-C*04:01:01:75	HLA-DMA*01:01:01:01	HLA-DMB*01:01:01:41	HLA-DOA*01:01:04:05	HLA-DOB*01:01:01:08	HLA-DPA1*02:01:01:01	HLA-DPA2*01:new	HLA-DPB1*11:01:01:01	HLA-DPB2*01:new	HLA-DQA1*01:02:01:03	HLA-DQA2*01:01:02:new	HLA-DQB1*06:02:01:04	HLA-DQB2*01:01:01:01	HLA-DRA*01:02:02:15	HLA-DRB1*11:01:02:new	HLA-DRB3*02:02:01:new			HLA-E*01:01:01:01	HLA-F*01:03:01:03	HLA-G*01:04:04:01	HLA-H*02:10:01:02	HLA-J*01:01:01:02	HLA-K*01:01:01:02	HLA-L*01:new	HLA-N*01:01:01:01	HLA-P*new	HLA-S*01:02:01:01	HLA-T*03:01:01:new	HLA-U*01:01:01:01	HLA-V*01:new	HLA-W*01:01:01:02		MICA*041	MICB*005:02:new	TAP1*01:01:01:new	TAP2*02:01:03:new
HPRC_r2	NA18906#2	NA			NA	HLA-A*74:01:01:01	HLA-B*15:03:01:02	HLA-C*02:10:04	HLA-DMA*01:01:01:21	HLA-DMB*01:01:01:new	HLA-DOA*01:01:04:new	HLA-DOB*01:02:01:new	HLA-DPA1*02:01:01:03	HLA-DPA2*01:01:new	HLA-DPB1*17:01:01:01	HLA-DPB2*01:new	HLA-DQA1*01:03:01:10	HLA-DQA2*01:01:01:05	HLA-DQB1*05:01:01:01	HLA-DQB2*01:02:02:new	HLA-DRA*01:02:02:05	HLA-DRB1*13:01:01:new	HLA-DRB3*01:01:02:new			HLA-E*01:01:01:01	HLA-F*01:01:02:08	HLA-G*01:01:01:04	HLA-H*02:05:01:02	HLA-J*01:01:01:30	HLA-K*01:new	HLA-L*01:new	HLA-N*01:01:01:new	HLA-P*02:01:01:01	HLA-S*01:01:01:02	HLA-T*01:01:01:new	HLA-U*01:new	HLA-V*01:01:01:01	HLA-W*02:new		MICA*008:04:05	MICB*008:01:new	TAP1*01:01:01:new	TAP2*02:04
HPRC_r2	NA18940#1	NA;NA				HLA-A*24:02:01:01	HLA-B*52:01:01:02	HLA-C*12:02:02:01	HLA-DMA*01:01:01:01	HLA-DMB*01:01:01:01	HLA-DOA*01:01:02:45	HLA-DOB*01:02:02	HLA-DPA1*01:03:01:new	HLA-DPA2*02:01:01:01	HLA-DPB1*02:01:02:32	HLA-DPB2*01:01:02	HLA-DQA1*01:03:01:01	HLA-DQA2*01:05:01:new	HLA-DQB1*06:01:01:01	HLA-DQB2*01:08	HLA-DRA*01:02:02:10	HLA-DRB1*15:02:01:new			HLA-DRB5*01:02:01:new	HLA-E*01:03:01:01	HLA-F*01:01:02:10	HLA-G*01:04:01:02		HLA-J*01:01:01:02		HLA-L*01:03	HLA-N*01:01:01:03	HLA-P*02:01:01:new	HLA-S*01:04			HLA-V*01:01:01:04	HLA-W*05:02		MICA*009:01:08	MICB*005:03:new	TAP1*01:01:01:02	TAP2*01:01:07:05
HPRC_r2	NA18940#2	NA			NA	HLA-A*24:02:01:01	HLA-B*46:01:01:01	HLA-C*01:03:01	HLA-DMA*01:01:01:01	HLA-DMB*01:01:01:01	HLA-DOA*01:01:02:02	HLA-DOB*01:01:03:09	HLA-DPA1*01:03:01:15	HLA-DPA2*01:01:01:02	HLA-DPB1*04:02:01:new	HLA-DPB2*03:01:01:new	HLA-DQA1*04:01:01:02	HLA-DQA2*01:01:02:07	HLA-DQB1*04:02:01:07	HLA-DQB2*01:07:01:new	HLA-DRA*01:02:02:11	HLA-DRB1*08:02:01:new				HLA-E*01:03:02:01	HLA-F*01:01:01:01	HLA-G*01:01:01:01		HLA-J*01:01:01:02		HLA-L*01:03	HLA-N*01:01:01:03	HLA-P*02:01:01:01	HLA-S*01:04			HLA-V*01:01:01:01	HLA-W*01:01:01:07		MICA*010:01:05	MICB*005:02:21	TAP1*01:01:01:new	TAP2*01:01:03:14
HPRC_r2	NA18943#1	NA			NA	HLA-A*02:07:01:01	HLA-B*46:01:01:01	HLA-C*01:02:01:01	HLA-DMA*01:01:01:03	HLA-DMB*01:03:01:03	HLA-DOA*01:01:04:new	HLA-DOB*01:01:01:27	HLA-DPA1*02:02:02:01	HLA-DPA2*01:new	HLA-DPB1*05:01:01:08	HLA-DPB2*03:02:00:new	HLA-DQA1*01:03:01:07	HLA-DQA2*01:01:02:new	HLA-DQB1*06:01:01:01	HLA-DQB2*01:01:01:new	HLA-DRA*01:03	HLA-DRB1*08:03:02:02				HLA-E*01:03:02:01	HLA-F*01:01:01:01	HLA-G*01:01:01:01	HLA-H*01:01:01:01	HLA-J*01:01:01:05	HLA-K*01:02	HLA-L*01:03	HLA-N*01:01:01:03	HLA-P*02:01:01:01	HLA-S*01:04	HLA-T*01:01:01:05	HLA-U*01:03:00:new	HLA-V*01:01:01:01	HLA-W*03:01:01:01		MICA*010:01:05	MICB*005:02:21	TAP1*02:01:01:new	TAP2*02:new
HPRC_r2	NA18943#2	NA		NA		HLA-A*02:06:01:01	HLA-B*35:01:01:02	HLA-C*03:03:01:01	HLA-DMA*01:02:01:01	HLA-DMB*01:01:01:02	HLA-DOA*01:01:02:45	HLA-DOB*01:01:05	HLA-DPA1*01:03:01:01	HLA-DPA2*02:01:01:01	HLA-DPB1*02:01:02:89	HLA-DPB2*01:01:02:new	HLA-DQA1*04:01:01:02	HLA-DQA2*01:01:02:07	HLA-DQB1*04:02:01:04	HLA-DQB2*01:07:01:new	HLA-DRA*01:02:02:11	HLA-DRB1*08:02:01:01				HLA-E*01:01:01:01	HLA-F*01:01:01:13	HLA-G*01:01:01:01	HLA-H*01:01:01:01	HLA-J*01:01:01:05	HLA-K*01:02	HLA-L*01:01:01:new	HLA-N*01:01:01:new	HLA-P*02:01:01:01	HLA-S*01:02:new	HLA-T*01:01:01:02	HLA-U*01:03:00:new	HLA-V*01:01:01:01	HLA-W*03:01:01:new		MICA*002:01:03	MICB*005:02:new	TAP1*01:01:new	TAP2*02:01:03:03
HPRC_r2	NA18944#1	NA			NA	HLA-A*02:06:01:01	HLA-B*51:01:01:01	HLA-C*14:02:01:01	HLA-DMA*01:01:01:01	HLA-DMB*01:02:01:01	HLA-DOA*01:01:02:new	HLA-DOB*01:01:01:01	HLA-DPA1*02:02:02:01	HLA-DPA2*01:new	HLA-DPB1*05:01:01:01	HLA-DPB2*03:02:00:new	HLA-DQA1*03:01:01:01	HLA-DQA2*01:01:01:04	HLA-DQB1*03:02:01:01	HLA-DQB2*01:02:01:01	HLA-DRA*01:02:02:new	HLA-DRB1*12:01:01:08	HLA-DRB3*01:01:02:new			HLA-E*01:03:02:01	HLA-F*01:01:01:13	HLA-G*01:01:01:01	HLA-H*01:01:01:01	HLA-J*01:01:01:05	HLA-K*01:02	HLA-L*01:01:02:new	HLA-N*01:01:01:01	HLA-P*02:01:01:01	HLA-S*01:02:01:03	HLA-T*01:01:01:02	HLA-U*01:03:00:new	HLA-V*01:01:01:01	HLA-W*03:01:01:new		MICA*049:01:new	MICB*005:02:21	TAP1*01:01:01:new	TAP2*01:03:03:new
HPRC_r2	NA18944#2	NA		NA		HLA-A*24:02:01:01	HLA-B*40:02:01:01	HLA-C*03:04:01:02	HLA-DMA*01:01:01:03	HLA-DMB*01:03:01:03	HLA-DOA*01:01:02:45	HLA-DOB*01:01:01:01	HLA-DPA1*01:03:01:01	HLA-DPA2*02:01:01:01	HLA-DPB1*02:01:02:89	HLA-DPB2*01:01:02	HLA-DQA1*04:01:01:12	HLA-DQA2*01:01:01:04	HLA-DQB1*03:02:01:01	HLA-DQB2*01:02:01:01	HLA-DRA*01:02:02:11	HLA-DRB1*08:02:01:new				HLA-E*01:03:02:01	HLA-F*01:01:01:09	HLA-G*01:04:01:01		HLA-J*01:01:01:02		HLA-L*01:01:02:new	HLA-N*01:01:01:01	HLA-P*02:01:01:new	HLA-S*01:02:01:03			HLA-V*01:01:01:04	HLA-W*01:01:01:07		MICA*027:new	MICB*005:02:21	TAP1*01:01:01:new	TAP2*01:03:02:07
HPRC_r2	NA18945#1	NA			NA	HLA-A*33:03:01:01	HLA-B*44:03:01:10	HLA-C*14:03:01:01	HLA-DMA*01:01:01:01	HLA-DMB*01:02:01:01	HLA-DOA*01:01:02:08	HLA-DOB*01:01:01:01	HLA-DPA1*01:03:01:01	HLA-DPA2*02:01:01:01	HLA-DPB1*02:01:02:01	HLA-DPB2*01:01:02:new	HLA-DQA1*01:02:01:08	HLA-DQA2*01:01:01:04	HLA-DQB1*06:04:01:01	HLA-DQB2*01:02:01:02	HLA-DRA*01:02:02:08	HLA-DRB1*13:02:01:new	HLA-DRB3*03:01:01:02			HLA-E*01:03:01:02	HLA-F*01:01:02:10	HLA-G*01:04:01:01	HLA-H*02:08:01:01	HLA-J*01:01:01:09	HLA-K*01:04	HLA-L*01:01:01:01	HLA-N*01:01:01:03	HLA-P*new	HLA-S*01:01:01:01	HLA-T*03:01:01:02	HLA-U*01:06:00:new	HLA-V*01:new	HLA-W*01:new	HLA-Y*02:01:00:new	MICA*004:01:02	MICB*005:02:new	TAP1*01:01:01:new	TAP2*01:03:02:new
HPRC_r2	NA18945#2	NA	NA			HLA-A*31:01:02:01	HLA-B*15:01:01:01	HLA-C*07:02:01:127	HLA-DMA*01:02:01:01	HLA-DMB*01:01:01:02	HLA-DOA*01:01:02:45	HLA-DOB*01:01:05	HLA-DPA1*02:02:02:01	HLA-DPA2*01:new	HLA-DPB1*05:01:01:11	HLA-DPB2*03:02:00:new	HLA-DQA1*03:02:01:01	HLA-DQA2*01:01:02:01	HLA-DQB1*03:03:02:02	HLA-DQB2*01:01:01:01	HLA-DRA*01:01:01:12	HLA-DRB1*09:01:02:new		HLA-DRB4*01:03:02:01		HLA-E*01:01:01:03	HLA-F*01:01:01:new	HLA-G*01:01:02:01	HLA-H*02:09	HLA-J*01:01:01:09	HLA-K*01:04	HLA-L*01:03	HLA-N*01:01:01:01	HLA-P*01:01:01:01	HLA-S*01:04	HLA-T*03:01:01:02	HLA-U*01:new	HLA-V*01:01:01:02	HLA-W*01:new	HLA-Y*02:01	MICA*010:01:new	MICB*005:02:21	TAP1*01:01:01:05	TAP2*02:01:03:03
HPRC_r2	NA18948#1	NA			NA	HLA-A*30:01:01:01	HLA-B*13:02:01:01	HLA-C*06:02:01:01	HLA-DMA*01:02:01:01	HLA-DMB*01:01:01:38	HLA-DOA*01:01:02:45	HLA-DOB*01:01:01:24	HLA-DPA1*02:01:01:03	HLA-DPA2*01:01:new	HLA-DPB1*17:01:01:01	HLA-DPB2*01:new	HLA-DQA1*02:01:01:02	HLA-DQA2*01:01:02:02	HLA-DQB1*02:02:01:01	HLA-DQB2*01:new	HLA-DRA*01:01:01:03	HLA-DRB1*07:01:01:01		HLA-DRB4*01:03:01:04		HLA-E*01:01:01:01	HLA-F*01:01:01:09	HLA-G*01:05:01N	HLA-H*02:05:01:03	HLA-J*01:01:01:10	HLA-K*01:new	HLA-L*01:new	HLA-N*01:01:01:01	HLA-P*01:01:01:01	HLA-S*01:01:01:02	HLA-T*01:01:01:new	HLA-U*01:new	HLA-V*01:01:01:new	HLA-W*03:new	HLA-Y*02:01	MICA*008:01:03	MICB*005:02:new	TAP1*01:01:01:05	TAP2*02:01:03:06
HPRC_r2	NA18948#2	NA;NA;NA		NA		HLA-A*26:01:01:01	HLA-B*07:02:01:01	HLA-C*07:02:01:03	HLA-DMA*01:01:01:01	HLA-DMB*01:01:01:01	HLA-DOA*01:01:02:15	HLA-DOB*01:01:01:24	HLA-DPA1*01:03:01:01	HLA-DPA2*02:01:01:01	HLA-DPB1*02:01:02:04	HLA-DPB2*01:01:02	HLA-DQA1*01:01:01:01	HLA-DQA2*01:01:02:new	HLA-DQB1*05:01:01:03	HLA-DQB2*01:01:01:new	HLA-DRA*01:01:01:05	HLA-DRB1*01:01:01:01				HLA-E*01:01:01:01	HLA-F*01:01:01:08	HLA-G*01:01:02:01	HLA-H*01:02:01:01	HLA-J*01:01:01:16	HLA-K*01:new	HLA-L*01:03	HLA-N*01:01:01:03	HLA-P*01:01:01:new	HLA-S*01:01:01:02	HLA-T*01:01:01:new	HLA-U*01:new	HLA-V*01:01:01:new	HLA-W*01:new		MICA*008:04:01	MICB*004:01:01	TAP1*01:01:01:02	TAP2*02:01:01:new
HPRC_r2	NA18952#1	NA;NA;NA		NA		HLA-A*24:02:01:01	HLA-B*07:02:01:01	HLA-C*07:02:01:03	HLA-DMA*01:01:01:02	HLA-DMB*01:03:01:17	HLA-DOA*01:01:01:new	HLA-DOB*01:01:01:09	HLA-DPA1*02:01:01:14	HLA-DPA2*01:new	HLA-DPB1*05:01:01:new	HLA-DPB2*03:02:00:new	HLA-DQA1*01:04:01:02	HLA-DQA2*01:01:02:09	HLA-DQB1*05:03:01:04	HLA-DQB2*01:01:01:new	HLA-DRA*01:01:01:new	HLA-DRB1*14:54:01:new	HLA-DRB3*02:02:01:new			HLA-E*01:01:01:01	HLA-F*01:01:01:09	HLA-G*01:04:01:01		HLA-J*01:01:01:02		HLA-L*01:03	HLA-N*01:01:01:03	HLA-P*02:01:01:new	HLA-S*01:01:01:02			HLA-V*01:01:01:04	HLA-W*01:new		MICA*008:04:01	MICB*004:01:01	TAP1*01:01:01:new	TAP2*01:01:07:new
HPRC_r2	NA18952#2	NA		NA		HLA-A*31:01:02:01	HLA-B*51:01:01:01	HLA-C*14:02:01:01	HLA-DMA*01:01:01:03	HLA-DMB*01:03:01:03	HLA-DOA*01:01:02:45	HLA-DOB*01:01:01:24	HLA-DPA1*02:02:02:01	HLA-DPA2*01:new	HLA-DPB1*05:01:01:01	HLA-DPB2*03:02:00:new	HLA-DQA1*03:02:01:01	HLA-DQA2*01:01:02:01	HLA-DQB1*03:03:02:03	HLA-DQB2*01:01:01:01	HLA-DRA*01:01:01:12	HLA-DRB1*09:01:02:new		HLA-DRB4*01:03:02:new		HLA-E*01:01:01:01	HLA-F*01:01:01:11	HLA-G*01:03:01:02	HLA-H*02:09	HLA-J*01:01:01:09	HLA-K*01:04	HLA-L*01:01:01:new	HLA-N*01:01:01:new	HLA-P*02:new	HLA-S*01:02:01:03	HLA-T*03:01:01:new	HLA-U*01:new	HLA-V*01:new	HLA-W*01:new	HLA-Y*02:new	MICA*049:01:new	MICB*002:01:02	TAP1*01:01:01:05	TAP2*02:01:03:03
HPRC_r2	NA18959#1	NA;NA				HLA-A*24:02:01:01	HLA-B*52:01:01:02	HLA-C*12:02:02:01	HLA-DMA*01:01:01:01	HLA-DMB*01:01:01:01	HLA-DOA*01:01:02:45	HLA-DOB*01:02:02	HLA-DPA1*02:01:01:02	HLA-DPA2*01:new	HLA-DPB1*09:01:01:01	HLA-DPB2*01:new	HLA-DQA1*01:03:01:01	HLA-DQA2*01:05:01:new	HLA-DQB1*06:01:01:01	HLA-DQB2*01:08	HLA-DRA*01:02:02:10	HLA-DRB1*15:02:01:new			HLA-DRB5*01:02:01:new	HLA-E*01:03:01:01	HLA-F*01:01:02:10	HLA-G*01:04:01:02		HLA-J*01:01:01:02		HLA-L*01:03	HLA-N*01:01:01:03	HLA-P*02:01:01:new	HLA-S*01:04			HLA-V*01:01:01:04	HLA-W*05:02		MICA*009:01:08	MICB*005:03:new	TAP1*01:01:01:02	TAP2*01:01:07:05
HPRC_r2	NA18959#2			NA		HLA-A*11:01:01:01	HLA-B*67:01:01	HLA-C*07:02:01:01	HLA-DMA*01:01:01:02	HLA-DMB*01:03:01:new	HLA-DOA*01:01:01:01	HLA-DOB*01:02:01:01	HLA-DPA1*02:02:02:01	HLA-DPA2*01:new	HLA-DPB1*05:01:01:01	HLA-DPB2*01:new	HLA-DQA1*01:02:01:03	HLA-DQA2*01:01:02:01	HLA-DQB1*06:02:01:01	HLA-DQB2*01:01:01:new	HLA-DRA*01:01:01:02	HLA-DRB1*15:01:01:03			HLA-DRB5*01:01:01:02	HLA-E*01:03:01:04	HLA-F*01:01:01:01	HLA-G*01:01:01:01	HLA-H*01:01:01:01	HLA-J*01:01:01:04	HLA-K*01:new	HLA-L*01:new	HLA-N*01:01:01:new	HLA-P*02:01:01:01	HLA-S*01:02:01:03	HLA-T*01:01:01:05	HLA-U*01:05:00:new	HLA-V*01:01:01:01	HLA-W*01:new		MICA*002:01:13Q:new	MICB*005:02:new	TAP1*01:01:01:new	TAP2*01:01:05:02
HPRC_r2	NA18960#1	NA		NA		HLA-A*24:02:01:01	HLA-B*40:06:01:12	HLA-C*08:01:01:01	HLA-DMA*01:01:01:02	HLA-DMB*01:03:01:new	HLA-DOA*01:01:01:01	HLA-DOB*01:01:01:24	HLA-DPA1*02:02:02:03	HLA-DPA2*01:new	HLA-DPB1*05:01:01:07	HLA-DPB2*03:02:00:new	HLA-DQA1*03:02:01:01	HLA-DQA2*01:01:02:01	HLA-DQB1*03:03:02:02	HLA-DQB2*01:01:01:01	HLA-DRA*01:01:01:12	HLA-DRB1*09:01:02:new		HLA-DRB4*01:03:02:01		HLA-E*01:01:01:03	HLA-F*01:01:01:new	HLA-G*01:04:01:01		HLA-J*01:01:01:new		HLA-L*01:01:01:new	HLA-N*01:01:01:new	HLA-P*02:01:01:new	HLA-S*01:02:01:03			HLA-V*01:01:01:04	HLA-W*01:new		MICA*027:01:02	MICB*002:01:new	TAP1*01:01:01:05	TAP2*02:01:03:03
HPRC_r2	NA18960#2	NA			NA	HLA-A*24:02:01:01	HLA-B*54:01:01:01	HLA-C*01:02:01:05	HLA-DMA*01:02:01:01	HLA-DMB*01:01:01:02	HLA-DOA*01:01:01:01	HLA-DOB*01:01:05	HLA-DPA1*02:02:02:01	HLA-DPA2*01:new	HLA-DPB1*05:01:01:04	HLA-DPB2*03:02:00:new	HLA-DQA1*03:03:01:03	HLA-DQA2*01:01:02:01	HLA-DQB1*04:01:01:03	HLA-DQB2*01:01:01:01	HLA-DRA*01:01:01:18	HLA-DRB1*04:05:01:new		HLA-DRB4*01:03:01:05		HLA-E*01:01:01:03	HLA-F*01:01:01:09	HLA-G*01:04:01:01		HLA-J*01:01:01:new		HLA-L*01:03	HLA-N*01:01:01:03	HLA-P*02:01:01:new	HLA-S*01:02:01:01			HLA-V*01:01:01:04	HLA-W*01:01:01:07		MICA*012:01:02	MICB*005:02:new	TAP1*01:01:01:05	TAP2*02:01:03:03
HPRC_r2	NA18967#1	NA		NA		HLA-A*24:02:01:01	HLA-B*40:02:01:01	HLA-C*03:04:01:02	HLA-DMA*01:01:01:01	HLA-DMB*01:02:01:01	HLA-DOA*01:01:02:45	HLA-DOB*01:01:01:28	HLA-DPA1*01:03:01:01	HLA-DPA2*02:01:01:01	HLA-DPB1*02:01:02:01	HLA-DPB2*01:01:02	HLA-DQA1*01:04:01:02	HLA-DQA2*01:01:02:07	HLA-DQB1*05:03:01:02	HLA-DQB2*01:07:01:new	HLA-DRA*01:01:01:01	HLA-DRB1*14:05:01:new	HLA-DRB3*02:02:01:new			HLA-E*01:01:01:01	HLA-F*01:01:01:09	HLA-G*01:21N		HLA-J*01:01:01:02		HLA-L*01:03	HLA-N*01:01:01:new	HLA-P*02:01:01:new	HLA-S*01:02:01:03			HLA-V*01:01:01:04	HLA-W*01:01:01:07		MICA*027:01:02	MICB*002:01:new	TAP1*01:01:new	TAP2*01:05:01:new
HPRC_r2	NA18967#2	NA				HLA-A*24:02:01:01	HLA-B*51:01:01:01	HLA-C*14:02:01:01	HLA-DMA*01:01:01:01	HLA-DMB*01:01:01:01	HLA-DOA*01:01:02:15	HLA-DOB*01:01:01:24	HLA-DPA1*02:02:02:01	HLA-DPA2*02:01:01:01	HLA-DPB1*02:01:02:30	HLA-DPB2*01:01:02	HLA-DQA1*03:02:01:01	HLA-DQA2*01:01:02:01	HLA-DQB1*03:03:02:02	HLA-DQB2*01:01:01:01	HLA-DRA*01:01:01:12	HLA-DRB1*09:01:02:new		HLA-DRB4*01:03:02:01		HLA-E*01:03:02:01	HLA-F*01:01:01:09	HLA-G*01:04:01:01		HLA-J*01:01:01:02		HLA-L*01:01:01:01	HLA-N*01:01:01:01	HLA-P*02:01:01:new	HLA-S*01:02:01:03			HLA-V*01:01:01:04	HLA-W*01:01:01:07		MICA*049:01:new	MICB*004:01:new	TAP1*01:01:01:05	TAP2*02:01:03:03
HPRC_r2	NA18970#1	NA		NA		HLA-A*26:01:01:12	HLA-B*54:01:01:01	HLA-C*01:02:01:05	HLA-DMA*01:01:01:03	HLA-DMB*01:03:01:new	HLA-DOA*01:01:01:01	HLA-DOB*01:01:01:01	HLA-DPA1*02:02:02:01	HLA-DPA2*01:new	HLA-DPB1*05:01:01:01	HLA-DPB2*03:02:00:new	HLA-DQA1*01:04:01:01	HLA-DQA2*01:01:01:new	HLA-DQB1*05:03:01:02	HLA-DQB2*01:08:00:new	HLA-DRA*01:01:01:01	HLA-DRB1*14:05:01:new	HLA-DRB3*02:02:01:new			HLA-E*01:03:02:01	HLA-F*01:01:01:new	HLA-G*01:01:02:01	HLA-H*01:02:01:01	HLA-J*01:01:01:02	HLA-K*01:01:01:03	HLA-L*01:02:00:new	HLA-N*01:01:01:03	HLA-P*01:01:01:02	HLA-S*01:02:01:01	HLA-T*01:01:01:new	HLA-U*01:new	HLA-V*01:01:01:03	HLA-W*01:01:01:07		MICA*012:01:02	MICB*005:02:new	TAP1*01:01:01:new	TAP2*01:01:03:new
HPRC_r2	NA18970#2	NA			NA	HLA-A*24:02:01:01	HLA-B*15:18:01:02	HLA-C*07:04:01:01	HLA-DMA*01:01:01:01	HLA-DMB*01:01:01:new	HLA-DOA*01:01:02:45	HLA-DOB*01:01:03:09	HLA-DPA1*02:01:01:02	HLA-DPA2*01:new	HLA-DPB1*09:01:01:01	HLA-DPB2*01:new	HLA-DQA1*03:03:01:01	HLA-DQA2*01:01:02:07	HLA-DQB1*03:276N	HLA-DQB2*01:07:01:new	HLA-DRA*01:01:01:03	HLA-DRB1*04:01:01:new		HLA-DRB4*01:02		HLA-E*01:03:02:01	HLA-F*01:01:01:09	HLA-G*01:04:01:01		HLA-J*01:01:01:02		HLA-L*01:01:01:01	HLA-N*01:01:01:01	HLA-P*02:01:01:new	HLA-S*01:new			HLA-V*01:01:01:04	HLA-W*01:01:01:07		MICA*019:01:03	MICB*004:01:new	TAP1*01:01:01:new	TAP2*01:01:03:new
HPRC_r2	NA18971#1	NA		NA		HLA-A*24:02:01:01	HLA-B*40:02:01:01	HLA-C*03:04:01:02	HLA-DMA*01:02:01:01	HLA-DMB*01:01:01:new	HLA-DOA*01:01:01:01	HLA-DOB*01:01:03:09	HLA-DPA1*02:02:02:01	HLA-DPA2*01:new	HLA-DPB1*05:01:01:17	HLA-DPB2*03:02:00:new	HLA-DQA1*03:02:01:01	HLA-DQA2*01:01:02:09	HLA-DQB1*03:03:02:02	HLA-DQB2*01:01:01:new	HLA-DRA*01:01:01:12	HLA-DRB1*09:01:02:new		HLA-DRB4*01:03:02:new		HLA-E*01:01:01:03	HLA-F*01:01:01:09	HLA-G*01:04:01:01		HLA-J*01:01:01:02		HLA-L*01:03:00:new	HLA-N*01:01:01:03	HLA-P*02:01:01:new	HLA-S*01:02:01:03			HLA-V*01:01:01:04	HLA-W*01:new		MICA*027:01:02	MICB*019:01:new	TAP1*02:01:01:new	TAP2*01:01:03:14
HPRC_r2	NA18971#2	NA		NA		HLA-A*02:06:01:04	HLA-B*40:02:01:01	HLA-C*07:02:01:01	HLA-DMA*01:01:01:01	HLA-DMB*01:02:01:01	HLA-DOA*01:01:01:01	HLA-DOB*01:01:01:24	HLA-DPA1*02:02:02:01	HLA-DPA2*01:new	HLA-DPB1*05:01:01:08	HLA-DPB2*03:02:00:new	HLA-DQA1*01:04:01:02	HLA-DQA2*01:01:02:01	HLA-DQB1*05:03:01:01	HLA-DQB2*01:01:01:01	HLA-DRA*01:01:01:01	HLA-DRB1*14:54:01:new	HLA-DRB3*02:02:01:new			HLA-E*01:01:01:new	HLA-F*01:01:01:13	HLA-G*01:01:01:01	HLA-H*01:01:01:01	HLA-J*01:01:01:09	HLA-K*01:02	HLA-L*01:03	HLA-N*01:01:01:01	HLA-P*02:01:01:01	HLA-S*01:02:01:03	HLA-T*01:01:01:02	HLA-U*01:03:00:new	HLA-V*01:01:01:01	HLA-W*03:01:01:new	HLA-Y*02:01	MICA*027:01:02	MICB*002:01:new	TAP1*01:01:01:05	TAP2*02:01:03:new
HPRC_r2	NA18974#1	NA	NA	NA		HLA-A*26:01:01:01	HLA-B*40:01:02:06	HLA-C*07:02:01:01	HLA-DMA*01:02:01:01	HLA-DMB*01:01:01:02	HLA-DOA*01:01:01:new	HLA-DOB*01:01:01:09	HLA-DPA1*01:03:01:new	HLA-DPA2*02:01:01:01	HLA-DPB1*02:01:02:32	HLA-DPB2*01:01:02	HLA-DQA1*03:02:01:01	HLA-DQA2*01:01:02:09	HLA-DQB1*03:03:02:02	HLA-DQB2*01:01:01:new	HLA-DRA*01:01:01:12	HLA-DRB1*09:01:02:new		HLA-DRB4*01:03:02:01		HLA-E*01:03:01:01	HLA-F*01:01:01:new	HLA-G*01:01:02:01	HLA-H*01:02:01:new	HLA-J*01:01:01:16	HLA-K*01:new	HLA-L*01:new	HLA-N*01:01:01:new	HLA-P*01:01:01:new	HLA-S*01:02:01:03	HLA-T*01:01:01:new	HLA-U*01:new	HLA-V*01:01:01:new	HLA-W*01:new		MICA*008:04:02	MICB*002:01:02	TAP1*01:01:01:new	TAP2*02:01:02:new
HPRC_r2	NA18974#2	NA	NA	NA		HLA-A*02:01:01:01	HLA-B*39:01:03:new	HLA-C*07:02:01:01	HLA-DMA*01:01:01:01	HLA-DMB*01:02:01:01	HLA-DOA*01:01:02:45	HLA-DOB*01:02:01:01	HLA-DPA1*01:03:01:new	HLA-DPA2*02:01:01:01	HLA-DPB1*02:01:02:32	HLA-DPB2*01:01:02:new	HLA-DQA1*01:02:01:03	HLA-DQA2*01:01:02:01	HLA-DQB1*06:02:01:01	HLA-DQB2*01:01:01:new	HLA-DRA*01:01:01:02	HLA-DRB1*15:01:01:03			HLA-DRB5*01:01:01:02	HLA-E*01:01:01:03	HLA-F*01:01:01:new	HLA-G*01:01:01:01	HLA-H*01:01:01:01	HLA-J*01:01:01:05	HLA-K*01:02	HLA-L*01:01:02:new	HLA-N*01:01:01:01	HLA-P*02:01:01:01	HLA-S*01:02:01:03	HLA-T*01:01:01:new	HLA-U*01:03:00:new	HLA-V*01:01:01:01	HLA-W*03:01:01:01		MICA*002:01:01	MICB*005:02:new	TAP1*01:01:01:new	TAP2*01:01:05:new
HPRC_r2	NA18976#1	NA			NA	HLA-A*33:03:01:01	HLA-B*44:03:01:10	HLA-C*14:03:01:01	HLA-DMA*01:01:01:04	HLA-DMB*01:01:01:new	HLA-DOA*01:01:02:20	HLA-DOB*01:01:01:01	HLA-DPA1*01:03:01:01	HLA-DPA2*01:01:01:new	HLA-DPB1*04:01:01:26	HLA-DPB2*03:01:01:03	HLA-DQA1*01:02:01:08	HLA-DQA2*01:01:01:04	HLA-DQB1*06:04:01:01	HLA-DQB2*01:02:01:02	HLA-DRA*01:02:02:08	HLA-DRB1*13:02:01:new	HLA-DRB3*03:01:01:02			HLA-E*01:03:01:02	HLA-F*01:01:02:10	HLA-G*01:04:01:01	HLA-H*02:08:01:01	HLA-J*01:01:01:09	HLA-K*01:04	HLA-L*01:01:01:01	HLA-N*01:01:01:03	HLA-P*new	HLA-S*01:01:01:01	HLA-T*03:01:01:02	HLA-U*01:06:00:new	HLA-V*01:new	HLA-W*01:new	HLA-Y*02:01	MICA*004:01:02	MICB*005:02:new	TAP1*01:01:01:01	TAP2*01:03:02:new
HPRC_r2	NA18976#2	NA			NA	HLA-A*33:03:01:01	HLA-B*44:03:01:10	HLA-C*14:03:01:01	HLA-DMA*01:01:01:04	HLA-DMB*01:01:01:new	HLA-DOA*01:01:02:20	HLA-DOB*01:01:01:01	HLA-DPA1*01:03:01:01	HLA-DPA2*01:01:01:new	HLA-DPB1*04:01:01:26	HLA-DPB2*03:01:01:03	HLA-DQA1*01:02:01:08	HLA-DQA2*01:01:01:04	HLA-DQB1*06:04:01:01	HLA-DQB2*01:02:01:02	HLA-DRA*01:02:02:08	HLA-DRB1*13:02:01:new	HLA-DRB3*03:01:01:02			HLA-E*01:03:01:02	HLA-F*01:01:02:10	HLA-G*01:04:01:01	HLA-H*02:08:01:01	HLA-J*01:01:01:09	HLA-K*01:04	HLA-L*01:01:01:01	HLA-N*01:01:01:03	HLA-P*new	HLA-S*01:01:01:01	HLA-T*03:01:01:02	HLA-U*01:06:00:new	HLA-V*01:new	HLA-W*01:new	HLA-Y*02:01	MICA*004:01:02	MICB*005:02:new	TAP1*01:01:01:01	TAP2*01:03:02:new
HPRC_r2	NA18982#1	NA;NA				HLA-A*24:02:01:01	HLA-B*52:01:01:02	HLA-C*12:02:02:01	HLA-DMA*01:01:01:01	HLA-DMB*01:01:01:01	HLA-DOA*01:01:02:45	HLA-DOB*01:02:02	HLA-DPA1*02:01:01:02	HLA-DPA2*01:new	HLA-DPB1*09:01:01:01	HLA-DPB2*01:new	HLA-DQA1*01:03:01:01	HLA-DQA2*01:05:01:new	HLA-DQB1*06:01:01:01	HLA-DQB2*01:08	HLA-DRA*01:02:02:10	HLA-DRB1*15:02:01:new			HLA-DRB5*01:02:01:new	HLA-E*01:03:01:01	HLA-F*01:01:02:10	HLA-G*01:04:01:02		HLA-J*01:01:01:02		HLA-L*01:03	HLA-N*01:01:01:03	HLA-P*02:01:01:new	HLA-S*01:04			HLA-V*01:01:01:04	HLA-W*05:02		MICA*009:01:08	MICB*005:03:new	TAP1*01:01:01:02	TAP2*01:01:07:05
HPRC_r2	NA18982#2	NA			NA	HLA-A*24:02:01:01	HLA-B*48:01:01:01	HLA-C*08:03:01:01	HLA-DMA*01:01:01:02	HLA-DMB*01:03:01:17	HLA-DOA*01:01:02:15	HLA-DOB*01:01:01:01	HLA-DPA1*02:02:02:01	HLA-DPA2*02:01:01:01	HLA-DPB1*02:01:02:29	HLA-DPB2*01:01:02:new	HLA-DQA1*05:05:01:15	HLA-DQA2*01:01:01:04	HLA-DQB1*03:01:01:01	HLA-DQB2*01:02:01:01	HLA-DRA*01:01:01:02	HLA-DRB1*15:01:01:03			HLA-DRB5*01:01:01:02	HLA-E*01:03:02:01	HLA-F*01:01:01:09	HLA-G*01:04:01:01		HLA-J*01:01:01:02		HLA-L*01:02:00:new	HLA-N*01:01:01:03	HLA-P*02:01:01:new	HLA-S*01:new			HLA-V*01:01:01:04	HLA-W*01:01:01:07			MICB*005:02:new	TAP1*01:01:01:new	TAP2*01:03:02:07
HPRC_r2	NA18983#1	NA		NA		HLA-A*02:06:01:01	HLA-B*35:01:01:02	HLA-C*03:03:01:01	HLA-DMA*01:01:01:02	HLA-DMB*01:03:01:new	HLA-DOA*01:01:01:01	HLA-DOB*01:01:01:24	HLA-DPA1*01:03:01:01	HLA-DPA2*02:01:01:01	HLA-DPB1*02:02:01:05	HLA-DPB2*01:01:02	HLA-DQA1*05:05:01:02	HLA-DQA2*01:01:02:01	HLA-DQB1*03:01:01:03	HLA-DQB2*01:01:01:07	HLA-DRA*01:01:01:12	HLA-DRB1*11:01:01:new	HLA-DRB3*02:02:01:new			HLA-E*01:01:01:01	HLA-F*01:01:01:13	HLA-G*01:01:01:01	HLA-H*01:01:01:01	HLA-J*01:01:01:05	HLA-K*01:02	HLA-L*01:01:01:new	HLA-N*01:01:01:new	HLA-P*02:01:01:01	HLA-S*01:02:new	HLA-T*01:01:01:02	HLA-U*01:03:00:new	HLA-V*01:01:01:01	HLA-W*03:01:01:new		MICA*002:01:03	MICB*005:02:new	TAP1*01:01:01:03	TAP2*02:01:02:new
HPRC_r2	NA18983#2	NA		NA		HLA-A*11:01:01:01	HLA-B*15:01:01:01	HLA-C*04:01:01:14	HLA-DMA*01:01:01:01	HLA-DMB*01:02:01:01	HLA-DOA*01:01:02:45	HLA-DOB*01:01:01:01	HLA-DPA1*02:02:02:01	HLA-DPA2*01:new	HLA-DPB1*05:01:01:08	HLA-DPB2*03:02:00:new	HLA-DQA1*03:01:01:01	HLA-DQA2*01:01:01:04	HLA-DQB1*03:02:01:01	HLA-DQB2*01:02:01:01	HLA-DRA*01:01:01:03	HLA-DRB1*04:06:01:new		HLA-DRB4*01:03:01:new		HLA-E*01:01:01:03	HLA-F*01:01:02:09	HLA-G*01:01:03:03	HLA-H*02:07:01:01	HLA-J*01:01:01:04	HLA-K*01:new	HLA-L*01:03	HLA-N*01:01:01:03	HLA-P*02:new	HLA-S*01:04	HLA-T*03:01:01:new	HLA-U*01:05:00:new	HLA-V*01:new	HLA-W*01:new		MICA*010:01:new	MICB*005:02:21	TAP1*01:01:01:05	TAP2*01:03:02:07
HPRC_r2	NA19036#1	NA			NA	HLA-A*02:02:01:01	HLA-B*58:02:01:01	HLA-C*06:02:01:95	HLA-DMA*01:01:01:02	HLA-DMB*01:01:01:13	HLA-DOA*01:01:11	HLA-DOB*01:01:01:new	HLA-DPA1*02:02:02:12	HLA-DPA2*01:new	HLA-DPB1*01:01:01:02	HLA-DPB2*03:01:01:new	HLA-DQA1*01:05:01:01	HLA-DQA2*01:01:02:new	HLA-DQB1*05:01:01:02	HLA-DQB2*01:01:01:new	HLA-DRA*01:02:02:08	HLA-DRB1*12:01:01:01	HLA-DRB3*01:01:02:new			HLA-E*01:01:01:new	HLA-F*01:01:02:11	HLA-G*01:03:01:02	HLA-H*01:03:01:01	HLA-J*01:01:01:14	HLA-K*01:new	HLA-L*01:new	HLA-N*01:01:01:05	HLA-P*02:new	HLA-S*01:02:01:01	HLA-T*01:01:01:new	HLA-U*01:03:00:new	HLA-V*01:new	HLA-W*05:new		MICA*002:01:07	MICB*005:02:new	TAP1*01:01:01:new	TAP2*01:02:01:new
HPRC_r2	NA19036#2	NA			NA	HLA-A*36:01:01:01	HLA-B*53:01:01:01	HLA-C*04:01:01:75	HLA-DMA*01:01:01:01	HLA-DMB*01:01:01:41	HLA-DOA*01:01:03:05	HLA-DOB*01:01:01:08	HLA-DPA1*01:03:01:02	HLA-DPA2*01:new	HLA-DPB1*18:01:01:01	HLA-DPB2*03:01:01:new	HLA-DQA1*01:02:01:21	HLA-DQA2*01:01:02:new	HLA-DQB1*06:02:01:04	HLA-DQB2*01:01:01:01	HLA-DRA*01:02:02:15	HLA-DRB1*11:01:02:new	HLA-DRB3*02:02:01:new			HLA-E*01:01:01:01	HLA-F*01:03:01:03	HLA-G*01:04:04:01	HLA-H*02:10:01:02	HLA-J*01:01:01:02	HLA-K*01:01:01:02	HLA-L*01:new	HLA-N*01:01:01:01	HLA-P*new	HLA-S*01:02:01:01	HLA-T*03:01:01:new	HLA-U*01:01:01:01	HLA-V*01:new	HLA-W*01:01:01:02		MICA*041	MICB*005:02:new	TAP1*01:01:01:new	TAP2*02:01:03:new
HPRC_r2	NA19043#1	NA			NA	HLA-A*30:02:01:01	HLA-B*18:01:01:new	HLA-C*07:04:01:01	HLA-DMA*01:01:01:01	HLA-DMB*01:01:01:new	HLA-DOA*01:01:05	HLA-DOB*01:01:01:new	HLA-DPA1*02:02:02:new	HLA-DPA2*01:new	HLA-DPB1*01:01:01:02	HLA-DPB2*03:01:01:new	HLA-DQA1*01:02:01:03	HLA-DQA2*01:01:02:new	HLA-DQB1*06:02:01:06	HLA-DQB2*01:01:01:new	HLA-DRA*01:02:02:11	HLA-DRB1*11:01:02:03	HLA-DRB3*02:02:01:new			HLA-E*01:03:02:01	HLA-F*01:01:01:17	HLA-G*01:01:01:08	HLA-H*01:01:02	HLA-J*01:01:01:15	HLA-K*01:new	HLA-L*01:01:01:01	HLA-N*01:01:01:01	HLA-P*02:01:01:01	HLA-S*01:02:01:01	HLA-T*01:new	HLA-U*01:new	HLA-V*01:01:01:01	HLA-W*03:new		MICA*012:01:new	MICB*002:01:new	TAP1*01:01:01:new	TAP2*01:new
HPRC_r2	NA19043#2	NA			NA	HLA-A*02:01:01:01	HLA-B*18:01:01:new	HLA-C*07:04:01:01	HLA-DMA*01:01:01:04	HLA-DMB*01:01:01:01	HLA-DOA*01:01:02:45	HLA-DOB*01:01:01:new	HLA-DPA1*01:03:01:02	HLA-DPA2*01:01:01:new	HLA-DPB1*04:01:01:04	HLA-DPB2*01:01:01:new	HLA-DQA1*01:02:01:03	HLA-DQA2*01:01:02:new	HLA-DQB1*06:02:01:06	HLA-DQB2*01:01:01:new	HLA-DRA*01:02:02:11	HLA-DRB1*11:01:02:03	HLA-DRB3*02:02:01:new			HLA-E*01:03:02:01	HLA-F*01:01:01:17	HLA-G*01:01:01:01	HLA-H*01:01:01:05	HLA-J*01:01:01:05	HLA-K*01:02	HLA-L*01:01:01:01	HLA-N*01:01:01:01	HLA-P*02:01:01:new	HLA-S*01:02:01:01	HLA-T*01:01:01:05	HLA-U*01:03:00:new	HLA-V*01:01:01:01	HLA-W*03:01:01:new		MICA*012:01:new	MICB*002:01:new	TAP1*01:01:01:new	TAP2*01:new
HPRC_r2	NA19087#1	NA		NA		HLA-A*02:01:01:01	HLA-B*35:01:01:51	HLA-C*03:03:01:01	HLA-DMA*01:01:01:01	HLA-DMB*01:02:01:01	HLA-DOA*01:01:01:01	HLA-DOB*01:01:01:09	HLA-DPA1*02:02:02:02	HLA-DPA2*01:01:02:new	HLA-DPB1*03:01:01:08	HLA-DPB2*01:01:02:new	HLA-DQA1*03:03:01:02	HLA-DQA2*01:01:02:01	HLA-DQB1*04:02:01:09	HLA-DQB2*01:01:01:01	HLA-DRA*01:01:01:12	HLA-DRB1*04:10:03:new		HLA-DRB4*01:03:01:08		HLA-E*01:03:01:04	HLA-F*01:01:06	HLA-G*01:01:01:01	HLA-H*01:01:01:01	HLA-J*01:01:01:05	HLA-K*01:02	HLA-L*01:new	HLA-N*01:01:01:03	HLA-P*02:01:01:01	HLA-S*01:02:new	HLA-T*01:01:01:05	HLA-U*01:03:00:new	HLA-V*01:01:01:01	HLA-W*03:01:01:01		MICA*002:01:13Q:new	MICB*005:02:new	TAP1*01:01:01:new	TAP2*01:01:07:new
HPRC_r2	NA19087#2	NA			NA	HLA-A*33:03:01:01	HLA-B*44:03:01:10	HLA-C*14:03:01:01	HLA-DMA*01:01:01:03	HLA-DMB*01:03:01:03	HLA-DOA*01:01:02:15	HLA-DOB*01:01:01:01	HLA-DPA1*02:01:01:new	HLA-DPA2*01:new	HLA-DPB1*05:01:01:new	HLA-DPB2*03:02:00:new	HLA-DQA1*01:02:01:08	HLA-DQA2*01:01:01:04	HLA-DQB1*06:04:01:01	HLA-DQB2*01:02:01:02	HLA-DRA*01:02:02:08	HLA-DRB1*13:02:01:new	HLA-DRB3*03:01:01:02			HLA-E*01:03:01:02	HLA-F*01:01:02:10	HLA-G*01:04:01:01	HLA-H*02:08:01:01	HLA-J*01:01:01:09	HLA-K*01:04	HLA-L*01:01:01:01	HLA-N*01:01:01:03	HLA-P*new	HLA-S*01:01:01:01	HLA-T*03:01:01:02	HLA-U*01:06:00:new	HLA-V*01:new	HLA-W*01:new	HLA-Y*02:01	MICA*004:01:02	MICB*005:02:new	TAP1*01:01:01:01	TAP2*01:03:02:new
HPRC_r2	NA19159#1	NA	NA		NA	HLA-A*23:01:01:01	HLA-B*52:01:02:02	HLA-C*16:01:01:01	HLA-DMA*01:01:01:01	HLA-DMB*01:01:01:new	HLA-DOA*01:01:11	HLA-DOB*01:01:01:01	HLA-DPA1*02:02:02:12	HLA-DPA2*01:new	HLA-DPB1*01:01:01:02	HLA-DPB2*03:01:01:new	HLA-DQA1*01:03:01:10	HLA-DQA2*01:01:01:new	HLA-DQB1*06:03:01:02	HLA-DQB2*01:02:01:01	HLA-DRA*01:02:02:05	HLA-DRB1*13:177:00:new	HLA-DRB3*01:01:02:new			HLA-E*01:01:01:01	HLA-F*01:03:01:03	HLA-G*01:04:04:01		HLA-J*01:01:01:15		HLA-L*01:01:01:01	HLA-N*01:01:01:03	HLA-P*new	HLA-S*01:03			HLA-V*01:new	HLA-W*01:new		MICA*004:01:07	MICB*005:02:new	TAP1*01:01:01:new	TAP2*01:01:03:new
HPRC_r2	NA19159#2	NA			NA;NA	HLA-A*03:01:01:05	HLA-B*57:02:01:new	HLA-C*18:02:01:01	HLA-DMA*01:01:01:13	HLA-DMB*01:03:01:03	HLA-DOA*01:01:02:new	HLA-DOB*01:04:01:new	HLA-DPA1*01:03:01:03	HLA-DPA2*01:01:02:new	HLA-DPB1*03:01:01:01	HLA-DPB2*03:01:01:new	HLA-DQA1*02:01:01:01	HLA-DQA2*01:10:00:new	HLA-DQB1*02:02:01:01	HLA-DQB2*01:01:01:new	HLA-DRA*01:01:01:03	HLA-DRB1*07:01:01:new		HLA-DRB4*01:03:01:04		HLA-E*01:03:05:01	HLA-F*01:01:01:18	HLA-G*01:01:15:new	HLA-H*02:04:01	HLA-J*01:01:01:04	HLA-K*01:01:01:01	HLA-L*01:02:00:new	HLA-N*01:01:01:05	HLA-P*02:01:01:02	HLA-S*01:new	HLA-T*03:01:01:01	HLA-U*01:04	HLA-V*01:01:01:new	HLA-W*01:new		MICA*015:01:00:new	MICB*002:01:new	TAP1*01:01:01:new	TAP2*01:05:01:new
HPRC_r2	NA19185#1	NA			NA	HLA-A*30:02:01:02	HLA-B*52:01:02:02	HLA-C*16:01:01:01	HLA-DMA*01:01:01:07	HLA-DMB*01:01:01:new	HLA-DOA*01:01:08	HLA-DOB*01:04:02:new	HLA-DPA1*01:03:01:22	HLA-DPA2*01:01:01:new	HLA-DPB1*02:01:19:01	HLA-DPB2*03:01:01:new	HLA-DQA1*01:03:01:10	HLA-DQA2*01:01:01:05	HLA-DQB1*05:01:01:16	HLA-DQB2*01:02:02:new	HLA-DRA*01:02:02:05	HLA-DRB1*13:01:01:new	HLA-DRB3*01:01:02:new			HLA-E*01:01:01:01	HLA-F*01:01:07	HLA-G*01:01:01:15	HLA-H*01:04	HLA-J*01:01:01:15	HLA-K*01:new	HLA-L*01:01:new	HLA-N*01:01:01:03	HLA-P*02:01:01:01	HLA-S*01:new	HLA-T*01:01:01:02	HLA-U*01:new	HLA-V*01:01:01:01	HLA-W*03:new		MICA*004:01:07	MICB*005:02:new	TAP1*01:new	TAP2*01:01:03:new
HPRC_r2	NA19185#2	NA	NA			HLA-A*30:01:01:01	HLA-B*42:01:01:01	HLA-C*17:01:01:02	HLA-DMA*01:01:01:02	HLA-DMB*01:01:01:13	HLA-DOA*01:01:11	HLA-DOB*01:01:01:23	HLA-DPA1*02:02:02:12	HLA-DPA2*01:new	HLA-DPB1*01:01:01:02	HLA-DPB2*03:01:01:new	HLA-DQA1*04:01:01:05	HLA-DQA2*01:07:00:new	HLA-DQB1*04:02:01:08	HLA-DQB2*01:01:01:10	HLA-DRA*01:03	HLA-DRB1*03:02:01:new	HLA-DRB3*01:62:01:01			HLA-E*01:01:01:01	HLA-F*01:01:01:09	HLA-G*01:05:01N	HLA-H*02:05:01:03	HLA-J*01:01:01:10	HLA-K*01:new	HLA-L*01:new	HLA-N*01:01:01:01	HLA-P*01:01:01:01	HLA-S*01:03	HLA-T*01:01:01:new	HLA-U*01:new	HLA-V*01:01:01:new	HLA-W*03:new	HLA-Y*02:01	MICA*004:01:03	MICB*002:01:new	TAP1*01:new	TAP2*01:01:03:18
HPRC_r2	NA19240#1	NA			NA	HLA-A*68:02:01:01	HLA-B*35:01:01:18	HLA-C*04:01:01:14	HLA-DMA*01:01:01:01	HLA-DMB*01:01:01:new	HLA-DOA*01:01:11	HLA-DOB*01:02:01:03	HLA-DPA1*02:02:02:12	HLA-DPA2*01:new	HLA-DPB1*01:01:01:02	HLA-DPB2*03:01:01:new	HLA-DQA1*05:05:01:06	HLA-DQA2*01:04:02:new	HLA-DQB1*03:01:01:05	HLA-DQB2*01:01:01:12	HLA-DRA*01:02:02:09	HLA-DRB1*12:01:01:new	HLA-DRB3*02:02:01:new			HLA-E*01:01:01:01	HLA-F*01:01:01:18	HLA-G*01:01:02:01	HLA-H*02:05:01:01	HLA-J*01:01:01:10	HLA-K*01:new	HLA-L*01:02:00:new	HLA-N*01:01:01:01	HLA-P*01:02	HLA-S*01:02:01:03	HLA-T*01:01:01:new	HLA-U*01:03:00:new	HLA-V*01:01:01:03	HLA-W*05:new	HLA-Y*02:01	MICA*030:00:00:new	MICB*004:01:new	TAP1*04:new	TAP2*01:01:05:03
HPRC_r2	NA19240#2	NA			NA;NA	HLA-A*30:01:01:01	HLA-B*57:03:01:05	HLA-C*18:02:01:01	HLA-DMA*01:01:01:02	HLA-DMB*01:01:01:39	HLA-DOA*01:01:04:01	HLA-DOB*01:02:01:01	HLA-DPA1*02:01:08:03	HLA-DPA2*01:new	HLA-DPB1*01:01:01:03	HLA-DPB2*03:01:01:new	HLA-DQA1*01:02:02:new	HLA-DQA2*01:01:01:new	HLA-DQB1*05:02:01:04	HLA-DQB2*01:new	HLA-DRA*01:01:01:09	HLA-DRB1*16:02:01:new			HLA-DRB5*02:21:01:new	HLA-E*01:03:05:01	HLA-F*01:01:01:09	HLA-G*01:05:01N	HLA-H*02:05:01:03	HLA-J*01:01:01:10	HLA-K*01:new	HLA-L*01:new	HLA-N*01:01:01:05	HLA-P*01:01:01:01	HLA-S*01:02:01:01	HLA-T*01:01:01:new	HLA-U*01:new	HLA-V*01:01:01:new	HLA-W*03:new	HLA-Y*02:01	MICA*018:01:10	MICB*005:02:new	TAP1*01:01:01:new	TAP2*01:01:05:new
HPRC_r2	NA19338#1	NA			NA	HLA-A*01:01:01:01	HLA-B*81:01:01:01	HLA-C*18:01:01:03	HLA-DMA*01:01:01:37	HLA-DMB*01:01:01:21	HLA-DOA*01:01:04:03	HLA-DOB*01:01:01:11	HLA-DPA1*02:01:01:03	HLA-DPA2*01:01:new	HLA-DPB1*17:01:01:01	HLA-DPB2*01:new	HLA-DQA1*01:02:01:04	HLA-DQA2*01:01:01:01	HLA-DQB1*06:09:01:01	HLA-DQB2*01:02:02:new	HLA-DRA*01:02:02:new	HLA-DRB1*13:02:01:new	HLA-DRB3*03:01:01:new			HLA-E*01:03:01:01	HLA-F*01:01:01:18	HLA-G*01:04:04:01	HLA-H*02:10:01:01	HLA-J*01:01:01:05	HLA-K*01:01:01:02	HLA-L*01:01:01:01	HLA-N*01:01:01:new	HLA-P*new	HLA-S*01:01:01:02	HLA-T*03:01:01:new	HLA-U*01:01:01:01	HLA-V*01:new	HLA-W*03:01:01:new		MICA*008:04:03	MICB*002:01:new	TAP1*04:01:00:new	TAP2*01:01:03:11
HPRC_r2	NA19338#2	NA			NA	HLA-A*30:02:01:01	HLA-B*14:02:01:01	HLA-C*08:02:01:01	HLA-DMA*01:01:01:21	HLA-DMB*01:new	HLA-DOA*01:01:05	HLA-DOB*01:01:01:01	HLA-DPA1*02:01:08:05	HLA-DPA2*01:new	HLA-DPB1*01:01:01:01	HLA-DPB2*03:01:01:new	HLA-DQA1*01:02:01:03	HLA-DQA2*01:01:01:04	HLA-DQB1*06:02:01:01	HLA-DQB2*01:02:01:new	HLA-DRA*01:01:01:02	HLA-DRB1*15:03:01:03			HLA-DRB5*01:01:01:new	HLA-E*01:01:01:06	HLA-F*01:01:01:17	HLA-G*01:01:01:08	HLA-H*01:01:02	HLA-J*01:01:01:new	HLA-K*01:new	HLA-L*01:02:00:new	HLA-N*01:01:01:05	HLA-P*02:01:01:01	HLA-S*01:02:01:03	HLA-T*01:new	HLA-U*01:new	HLA-V*01:01:01:01	HLA-W*03:new		MICA*011:01:01	MICB*005:02:new	TAP1*01:01:01:new	TAP2*01:02:01:new
HPRC_r2	NA19391#1	NA			NA	HLA-A*66:02:01:01	HLA-B*53:01:01:01	HLA-C*06:02:01:01	HLA-DMA*01:01:01:37	HLA-DMB*01:01:01:21	HLA-DOA*01:01:04:03	HLA-DOB*01:03:01:02	HLA-DPA1*02:01:01:03	HLA-DPA2*01:01:new	HLA-DPB1*17:01:01:01	HLA-DPB2*01:new	HLA-DQA1*03:03:01:01	HLA-DQA2*01:04:01:01	HLA-DQB1*03:02:01:01	HLA-DQB2*01:01:01:04	HLA-DRA*01:01:01:new	HLA-DRB1*14:54:01:new	HLA-DRB3*02:02:01:new			HLA-E*01:01:01:01	HLA-F*01:01:01:18	HLA-G*01:01:02:01	HLA-H*02:25:01:01	HLA-J*01:01:01:new	HLA-K*01:new	HLA-L*01:01:01:03	HLA-N*01:01:01:01	HLA-P*01:02	HLA-S*01:new	HLA-T*01:01:01:new	HLA-U*01:03:00:new	HLA-V*01:01:01:03			MICA*018:01:new	MICB*005:02:new	TAP1*02:01:01:new	TAP2*01:new
HPRC_r2	NA19391#2	NA				HLA-A*34:02:01:01	HLA-B*57:03:01:new	HLA-C*07:01:02:01	HLA-DMA*01:01:01:19	HLA-DMB*01:01:01:new	HLA-DOA*01:01:03:new	HLA-DOB*01:02:01:03	HLA-DPA1*03:01:01:05	HLA-DPA2*02:new	HLA-DPB1*105:01:01:new	HLA-DPB2*03:01:01:new	HLA-DQA1*05:05:01:35	HLA-DQA2*01:06	HLA-DQB1*03:01:01:37	HLA-DQB2*01:01:01:06	HLA-DRA*01:01:01:08	HLA-DRB1*11:02:01:new	HLA-DRB3*02:02:01:new			HLA-E*01:01:01:new	HLA-F*01:02:01:02	HLA-G*01:01:09:new	HLA-H*02:11:01:01	HLA-J*01:01:01:04	HLA-K*01:new	HLA-L*01:02:00:new	HLA-N*01:01:01:01	HLA-P*02:new	HLA-S*01:02:01:01	HLA-T*01:01:01:new	HLA-U*01:03:00:new	HLA-V*01:01:01:01	HLA-W*01:new		MICA*012:01:new	MICB*002:01:new	TAP1*04:01:00:new	TAP2*01:05:01:new
HPRC_r2	NA19443#1	NA				HLA-A*30:01:01:01	HLA-B*08:01:01:01	HLA-C*07:02:01:01	HLA-DMA*01:01:01:19	HLA-DMB*01:new	HLA-DOA*01:01:02:28	HLA-DOB*01:01:01:new	HLA-DPA1*01:03:01:35	HLA-DPA2*01:01:01:new	HLA-DPB1*02:01:02:new	HLA-DPB2*03:new	HLA-DQA1*01:02:01:04	HLA-DQA2*01:01:02:01	HLA-DQB1*06:09:01:01	HLA-DQB2*01:01:01:01	HLA-DRA*01:02:02:04	HLA-DRB1*13:02:01:03	HLA-DRB3*03:01:01:03			HLA-E*01:01:01:01	HLA-F*01:01:01:09	HLA-G*01:05:01N	HLA-H*02:05:01:03	HLA-J*01:01:01:10	HLA-K*01:new	HLA-L*01:new	HLA-N*01:01:01:01	HLA-P*01:01:01:01	HLA-S*01:02:01:01	HLA-T*01:01:01:new	HLA-U*01:new	HLA-V*01:01:01:new	HLA-W*03:new	HLA-Y*02:01	MICA*008:01:new	MICB*004:01:new	TAP1*04:01:00:new	TAP2*02:01:03:new
HPRC_r2	NA19443#2	NA			NA	HLA-A*68:02:01:01	HLA-B*53:01:01:01	HLA-C*04:01:01:75	HLA-DMA*01:01:01:01	HLA-DMB*01:01:01:01	HLA-DOA*01:01:01:01	HLA-DOB*01:01:01:04	HLA-DPA1*01:03:01:33	HLA-DPA2*01:01:01:new	HLA-DPB1*02:01:02:26	HLA-DPB2*01:new	HLA-DQA1*05:05:01:34	HLA-DQA2*01:01:01:01	HLA-DQB1*03:01:04:02	HLA-DQB2*01:02:02:01	HLA-DRA*01:02:02:03	HLA-DRB1*08:04:01:new				HLA-E*01:03:02:01	HLA-F*01:01:01:18	HLA-G*01:01:02:01	HLA-H*02:05:01:01	HLA-J*01:01:01:10	HLA-K*01:new	HLA-L*01:02:00:new	HLA-N*01:01:01:01	HLA-P*01:02	HLA-S*01:02:01:01	HLA-T*01:01:01:new	HLA-U*01:03:00:new	HLA-V*01:01:01:03	HLA-W*05:new	HLA-Y*02:01	MICA*002:01:02	MICB*005:02:05	TAP1*01:01:01:new	TAP2*02:01:02:new
HPRC_r2	NA19468#1	NA			NA	HLA-A*74:01:01:01	HLA-B*81:01:01:01	HLA-C*18:01:01:03	HLA-DMA*01:01:01:13	HLA-DMB*01:03:01:03	HLA-DOA*01:01:04:03	HLA-DOB*01:04:02:new	HLA-DPA1*02:01:08:03	HLA-DPA2*01:new	HLA-DPB1*01:01:01:01	HLA-DPB2*03:01:01:new	HLA-DQA1*01:05:01:new	HLA-DQA2*01:01:01:05	HLA-DQB1*05:01:01:02	HLA-DQB2*01:02:02:new	HLA-DRA*01:01:01:11	HLA-DRB1*10:01:01:new				HLA-E*01:01:01:01	HLA-F*01:01:02:08	HLA-G*01:01:01:04	HLA-H*02:05:01:02	HLA-J*01:01:01:30	HLA-K*01:new	HLA-L*01:new	HLA-N*01:01:01:new	HLA-P*02:01:01:01	HLA-S*01:01:01:02	HLA-T*01:01:01:new	HLA-U*01:new	HLA-V*01:01:01:01	HLA-W*02:new		MICA*008:04:03	MICB*002:01:new	TAP1*01:01:01:new	TAP2*01:01:03:new
HPRC_r2	NA19468#2				NA	HLA-A*66:01:01:01	HLA-B*81:01:01:01	HLA-C*18:01:01:03	HLA-DMA*01:01:01:13	HLA-DMB*01:04	HLA-DOA*01:01:05	HLA-DOB*01:01:01:24	HLA-DPA1*02:01:01:01	HLA-DPA2*01:new	HLA-DPB1*11:01:01:01	HLA-DPB2*03:01:01:new	HLA-DQA1*01:03:01:10	HLA-DQA2*01:04:01:new	HLA-DQB1*06:02:01:03	HLA-DQB2*01:01:01:04	HLA-DRA*01:02:03:new	HLA-DRB1*13:01:01:new	HLA-DRB3*02:02:01:14			HLA-E*01:03:05:01	HLA-F*01:01:01:08	HLA-G*01:01:02:02	HLA-H*01:02:01:new	HLA-J*01:new	HLA-K*01:01:new	HLA-L*01:new	HLA-N*01:01:01:03	HLA-P*01:01:01:new	HLA-S*01:01:01:02	HLA-T*01:01:01:new	HLA-U*01:new	HLA-V*01:01:01:03	HLA-W*01:01:01:new		MICA*008:04:03	MICB*002:01:21	TAP1*01:01:01:new	TAP2*02:01:new
HPRC_r2	NA19682#1	NA		NA		HLA-A*02:06:01:01	HLA-B*35:17:01:01	HLA-C*03:03:01:01	HLA-DMA*01:01:01:01	HLA-DMB*01:01:01:01	HLA-DOA*01:01:02:02	HLA-DOB*01:01:01:03	HLA-DPA1*01:03:01:15	HLA-DPA2*01:01:01:02	HLA-DPB1*04:02:01:02	HLA-DPB2*03:01:01:new	HLA-DQA1*05:03:01:01	HLA-DQA2*01:01:02:01	HLA-DQB1*03:04:01:01	HLA-DQB2*01:01:01:01	HLA-DRA*01:02:02:08	HLA-DRB1*14:02:01:new	HLA-DRB3*01:01:02:new			HLA-E*01:03:01:01	HLA-F*01:01:01:13	HLA-G*01:01:01:01	HLA-H*01:01:01:01	HLA-J*01:01:01:05	HLA-K*01:02	HLA-L*01:01:01:01	HLA-N*01:01:01:01	HLA-P*02:01:01:01	HLA-S*01:02:new	HLA-T*01:01:01:02	HLA-U*01:03:00:new	HLA-V*01:01:01:01	HLA-W*03:01:01:new		MICA*002:01:03	MICB*005:02:new	TAP1*01:01:01:01	TAP2*01:04:01:new
HPRC_r2	NA19682#2	NA			NA	HLA-A*30:01:01:01	HLA-B*47:01:01:03	HLA-C*06:02:01:13	HLA-DMA*01:01:01:02	HLA-DMB*01:03:01:03	HLA-DOA*01:01:04:01	HLA-DOB*01:01:03:02	HLA-DPA1*01:03:01:04	HLA-DPA2*01:01:01:new	HLA-DPB1*04:01:01:05	HLA-DPB2*01:01:02:new	HLA-DQA1*05:01:01:02	HLA-DQA2*01:01:01:01	HLA-DQB1*02:01:01:01	HLA-DQB2*01:02:02:01	HLA-DRA*01:02:02:08	HLA-DRB1*03:01:01:01	HLA-DRB3*03:01:01:new			HLA-E*01:01:01:01	HLA-F*01:01:01:09	HLA-G*01:05:01N	HLA-H*02:05:01:03	HLA-J*01:01:01:10	HLA-K*01:new	HLA-L*01:new	HLA-N*01:01:01:01	HLA-P*01:01:01:01	HLA-S*01:02:01:03	HLA-T*01:01:01:new	HLA-U*01:new	HLA-V*01:01:01:new	HLA-W*03:new	HLA-Y*02:01	MICA*008:01:12	MICB*004:01:new	TAP1*01:01:01:new	TAP2*01:01:03:new
HPRC_r2	NA19700#1	NA			NA	HLA-A*03:01:01:05	HLA-B*15:10:01:02	HLA-C*08:04:01:01	HLA-DMA*01:01:01:02	HLA-DMB*01:03:01:16	HLA-DOA*01:01:02:30	HLA-DOB*01:01:01:11	HLA-DPA1*01:03:01:34	HLA-DPA2*01:new	HLA-DPB1*104:01:01:14	HLA-DPB2*03:01:01:new	HLA-DQA1*01:02:02:02	HLA-DQA2*01:01:01:01	HLA-DQB1*05:02:01:08	HLA-DQB2*01:02:02:new	HLA-DRA*01:01:01:new	HLA-DRB1*11:04:02:new	HLA-DRB3*02:02:01:new			HLA-E*01:01:01:01	HLA-F*01:01:02:10	HLA-G*01:01:01:05	HLA-H*02:04:01	HLA-J*01:01:01:04	HLA-K*01:01:01:01	HLA-L*01:01:01:03	HLA-N*01:01:01:03	HLA-P*02:01:01:02	HLA-S*01:new	HLA-T*03:01:01:01	HLA-U*01:04	HLA-V*01:01:01:01	HLA-W*01:new		MICA*018:01:new	MICB*004:01:new	TAP1*04:01:00:new	TAP2*01:01:03:11
HPRC_r2	NA19700#2	NA				HLA-A*30:01:01:01	HLA-B*42:01:01:01	HLA-C*17:01:01:02	HLA-DMA*01:01:01:new	HLA-DMB*01:03:01:10	HLA-DOA*01:01:02:new	HLA-DOB*01:01:01:08	HLA-DPA1*01:03:01:24	HLA-DPA2*01:new	HLA-DPB1*835:01:01:03	HLA-DPB2*01:new	HLA-DQA1*03:03:01:01	HLA-DQA2*01:01:03:new	HLA-DQB1*02:02:01:02	HLA-DQB2*01:01:01:new	HLA-DRA*01:01:01:03	HLA-DRB1*09:01:02:new		HLA-DRB4*01:01:01:new		HLA-E*01:01:01:01	HLA-F*01:01:01:09	HLA-G*01:05:01N	HLA-H*02:05:01:03	HLA-J*01:01:01:10	HLA-K*01:new	HLA-L*01:new	HLA-N*01:01:01:01	HLA-P*01:01:01:01	HLA-S*01:03	HLA-T*01:01:01:new	HLA-U*01:new	HLA-V*01:01:01:new	HLA-W*03:new	HLA-Y*02:01	MICA*004:01:03	MICB*002:01:new	TAP1*01:01:01:new	TAP2*01:01:03:new
HPRC_r2	NA19776#1	NA		NA		HLA-A*31:01:02:01	HLA-B*35:01:01:05	HLA-C*04:01:01:79	HLA-DMA*01:01:01:01	HLA-DMB*01:01:01:01	HLA-DOA*01:01:02:02	HLA-DOB*01:01:01:24	HLA-DPA1*01:03:01:15	HLA-DPA2*01:01:01:02	HLA-DPB1*04:02:01:02	HLA-DPB2*03:01:01:new	HLA-DQA1*03:01:01:01	HLA-DQA2*01:01:02:01	HLA-DQB1*03:02:01:01	HLA-DQB2*01:01:01:01	HLA-DRA*01:01:01:12	HLA-DRB1*04:03:01:new		HLA-DRB4*01:03:02:new		HLA-E*01:01:01:01	HLA-F*01:01:01:11	HLA-G*01:03:01:02	HLA-H*02:09	HLA-J*01:01:01:09	HLA-K*01:04:00:new	HLA-L*01:03	HLA-N*01:01:01:01	HLA-P*02:new	HLA-S*01:02:new	HLA-T*03:01:01:02	HLA-U*01:new	HLA-V*01:new	HLA-W*01:new	HLA-Y*02:01	MICA*002:01:03	MICB*005:02:new	TAP1*01:01:01:new	TAP2*01:01:07:new
HPRC_r2	NA19776#2	NA		NA		HLA-A*24:02:01:01	HLA-B*07:02:01:01	HLA-C*07:02:01:03	HLA-DMA*01:01:01:03	HLA-DMB*01:03:01:03	HLA-DOA*01:01:02:02	HLA-DOB*01:01:01:24	HLA-DPA1*01:03:01:15	HLA-DPA2*01:01:01:02	HLA-DPB1*04:02:01:02	HLA-DPB2*03:01:01:new	HLA-DQA1*05:03:01:01	HLA-DQA2*01:01:02:01	HLA-DQB1*03:01:01:01	HLA-DQB2*01:01:01:01	HLA-DRA*01:02:02:08	HLA-DRB1*14:06:01:new	HLA-DRB3*01:01:02:new			HLA-E*01:01:01:01	HLA-F*01:01:01:09	HLA-G*01:04:01:01		HLA-J*01:01:01:02		HLA-L*01:03	HLA-N*01:01:01:03	HLA-P*02:01:01:new	HLA-S*01:01:01:02			HLA-V*01:01:01:04	HLA-W*01:new		MICA*008:04:new	MICB*005:02:21	TAP1*01:01:01:01	TAP2*01:05:01:03
HPRC_r2	NA19835#1	NA			NA	HLA-A*02:01:01:01	HLA-B*53:01:01:01	HLA-C*04:01:01:75	HLA-DMA*01:01:01:02	HLA-DMB*01:01:01:47	HLA-DOA*01:01:04:01	HLA-DOB*01:02:01:03	HLA-DPA1*03:01:01:02	HLA-DPA2*02:new	HLA-DPB1*105:01:01:new	HLA-DPB2*03:01:01:new	HLA-DQA1*04:01:02:02	HLA-DQA2*01:06	HLA-DQB1*03:19:01:01	HLA-DQB2*01:01:01:06	HLA-DRA*01:02:02:12	HLA-DRB1*08:04:01:new				HLA-E*01:03:02:01	HLA-F*01:01:01:17	HLA-G*01:01:01:01	HLA-H*01:01:01:05	HLA-J*01:01:01:05	HLA-K*01:02	HLA-L*01:02	HLA-N*01:01:01:05	HLA-P*02:01:01:new	HLA-S*01:02:01:01	HLA-T*01:01:01:05	HLA-U*01:03:00:new	HLA-V*01:01:01:01	HLA-W*03:01:01:new		MICA*002:01:02	MICB*005:02:new	TAP1*01:01:01:01	TAP2*01:05:01:07
HPRC_r2	NA19835#2	NA			NA	HLA-A*24:02:01:01	HLA-B*50:01:01:01	HLA-C*06:02:01:02	HLA-DMA*01:01:01:07	HLA-DMB*01:01:01:new	HLA-DOA*01:01:02:new	HLA-DOB*01:03:01:02	HLA-DPA1*03:01:01:05	HLA-DPA2*02:new	HLA-DPB1*105:01:01:new	HLA-DPB2*03:01:01:new	HLA-DQA1*01:05:01:02	HLA-DQA2*01:04:01:new	HLA-DQB1*05:01:01:08	HLA-DQB2*01:01:01:04	HLA-DRA*01:01:01:02	HLA-DRB1*14:54:01:new	HLA-DRB3*02:02:01:new			HLA-E*01:03:05:new	HLA-F*01:01:01:08	HLA-G*01:04:01:01		HLA-J*01:01:01:02		HLA-L*01:01:01:new	HLA-N*01:01:01:new	HLA-P*02:01:01:new	HLA-S*01:01:01:01			HLA-V*01:01:01:01	HLA-W*01:new		MICA*009:02:01	MICB*005:06:new	TAP1*04:01:00:new	TAP2*01:01:03:new
HPRC_r2	NA19909#1	NA	NA			HLA-A*30:01:01:01	HLA-B*42:01:01:01	HLA-C*17:01:01:02	HLA-DMA*01:01:01:02	HLA-DMB*01:01:01:13	HLA-DOA*01:01:11	HLA-DOB*01:01:01:23	HLA-DPA1*02:02:02:12	HLA-DPA2*01:new	HLA-DPB1*01:01:01:02	HLA-DPB2*03:01:01:new	HLA-DQA1*04:01:01:05	HLA-DQA2*01:07:00:new	HLA-DQB1*04:02:01:08	HLA-DQB2*01:01:01:10	HLA-DRA*01:03	HLA-DRB1*03:02:01:new	HLA-DRB3*01:62:01:01			HLA-E*01:01:01:01	HLA-F*01:01:01:09	HLA-G*01:05:01N	HLA-H*02:05:01:03	HLA-J*01:01:01:10	HLA-K*01:new	HLA-L*01:new	HLA-N*01:01:01:01	HLA-P*01:01:01:01	HLA-S*01:03	HLA-T*01:01:01:new	HLA-U*01:new	HLA-V*01:01:01:new	HLA-W*03:new	HLA-Y*02:01	MICA*004:01:03	MICB*002:01:new	TAP1*01:new	TAP2*01:01:03:18
HPRC_r2	NA19909#2	NA	NA			HLA-A*30:01:01:01	HLA-B*42:01:01:01	HLA-C*17:01:01:02	HLA-DMA*01:01:01:02	HLA-DMB*01:01:01:13	HLA-DOA*01:01:11	HLA-DOB*01:01:01:23	HLA-DPA1*02:02:02:12	HLA-DPA2*01:new	HLA-DPB1*01:01:01:02	HLA-DPB2*03:01:01:new	HLA-DQA1*04:01:01:05	HLA-DQA2*01:07:00:new	HLA-DQB1*04:02:01:08	HLA-DQB2*01:01:01:10	HLA-DRA*01:03	HLA-DRB1*03:02:01:new	HLA-DRB3*01:62:01:new			HLA-E*01:01:01:01	HLA-F*01:01:01:09	HLA-G*01:05:01N	HLA-H*02:05:01:03	HLA-J*01:01:01:10	HLA-K*01:new	HLA-L*01:new	HLA-N*01:01:01:01	HLA-P*01:01:01:01	HLA-S*01:03	HLA-T*01:01:01:new	HLA-U*01:new	HLA-V*01:01:01:new	HLA-W*03:new	HLA-Y*02:01	MICA*004:01:03	MICB*002:01:new	TAP1*01:new	TAP2*01:01:03:18
HPRC_r2	NA20129#1	NA			NA	HLA-A*30:02:01:03	HLA-B*08:01:01:37	HLA-C*07:01:01:01	HLA-DMA*01:01:01:19	HLA-DMB*01:01:01:new	HLA-DOA*01:01:02:new	HLA-DOB*01:01:01:01	HLA-DPA1*04:02:01:02	HLA-DPA2*01:new	HLA-DPB1*665:01:01	HLA-DPB2*01:01:01:new	HLA-DQA1*05:01:01:02	HLA-DQA2*01:01:01:new	HLA-DQB1*02:01:01:01	HLA-DQB2*01:02:04:new	HLA-DRA*01:02:02:new	HLA-DRB1*03:01:01:new	HLA-DRB3*02:02:01:new			HLA-E*01:01:01:01	HLA-F*01:01:01:17	HLA-G*01:01:01:08	HLA-H*01:01:02	HLA-J*01:01:01:15	HLA-K*01:new	HLA-L*01:01:02	HLA-N*01:01:01:04	HLA-P*02:01:01:01	HLA-S*01:01:01:01	HLA-T*01:new	HLA-U*01:new	HLA-V*01:01:01:01	HLA-W*03:new		MICA*009:02:04	MICB*033:00:00:new	TAP1*04:01:00:new	TAP2*01:04:01:new
HPRC_r2	NA20129#2	NA	NA			HLA-A*31:01:02:new	HLA-B*48:01:01:01	HLA-C*04:01:01:79	HLA-DMA*01:01:01:03	HLA-DMB*01:03:01:03	HLA-DOA*01:01:02:02	HLA-DOB*01:01:01:24	HLA-DPA1*01:03:01:02	HLA-DPA2*01:01:01:new	HLA-DPB1*04:01:01:01	HLA-DPB2*03:01:01:new	HLA-DQA1*05:03:01:01	HLA-DQA2*01:01:02:01	HLA-DQB1*03:01:01:01	HLA-DQB2*01:01:01:01	HLA-DRA*01:02:02:08	HLA-DRB1*14:02:01:new	HLA-DRB3*01:01:02:new			HLA-E*01:03:02:01	HLA-F*01:01:01:11	HLA-G*01:03:01:02	HLA-H*02:09	HLA-J*01:01:01:09	HLA-K*01:04	HLA-L*01:03	HLA-N*01:01:01:01	HLA-P*02:new	HLA-S*01:new	HLA-T*03:01:01:02	HLA-U*01:new	HLA-V*01:new	HLA-W*01:new	HLA-Y*02:01		MICB*009:01:new	TAP1*01:01:01:01	TAP2*02:01:03:new
HPRC_r2	NA20282#1	NA			NA;NA	HLA-A*03:01:01:05	HLA-B*53:01:01:01	HLA-C*04:01:01:32	HLA-DMA*01:01:01:21	HLA-DMB*01:01:01:new	HLA-DOA*01:01:05	HLA-DOB*01:02:01:new	HLA-DPA1*02:01:01:01	HLA-DPA2*01:new	HLA-DPB1*11:01:01:01	HLA-DPB2*01:new	HLA-DQA1*05:05:01:37	HLA-DQA2*01:01:03:new	HLA-DQB1*03:01:04:02	HLA-DQB2*01:01:01:new	HLA-DRA*01:02:02:03	HLA-DRB1*08:04:01:new				HLA-E*01:03:02:01	HLA-F*01:01:01:18	HLA-G*01:01:15:new	HLA-H*02:04:01	HLA-J*01:01:01:14	HLA-K*01:01:01:01	HLA-L*01:01:01:01	HLA-N*01:01:01:new	HLA-P*02:01:01:02	HLA-S*01:02:01:01	HLA-T*03:01:01:01	HLA-U*01:04	HLA-V*01:01:01:new	HLA-W*01:new		MICA*002:01:02	MICB*005:02:new	TAP1*01:01:01:new	TAP2*02:04
HPRC_r2	NA20282#2	NA	NA			HLA-A*23:01:01:01	HLA-B*81:01:01:01	HLA-C*08:04:01:new	HLA-DMA*01:01:01:02	HLA-DMB*01:01:01:13	HLA-DOA*01:01:11	HLA-DOB*01:01:01:23	HLA-DPA1*02:02:02:12	HLA-DPA2*01:new	HLA-DPB1*01:01:01:02	HLA-DPB2*03:01:01:new	HLA-DQA1*04:01:01:05	HLA-DQA2*01:07:00:new	HLA-DQB1*04:02:01:08	HLA-DQB2*01:01:01:10	HLA-DRA*01:03	HLA-DRB1*03:02:01:new	HLA-DRB3*01:62:01:01			HLA-E*01:03:02:01	HLA-F*01:03:01:03	HLA-G*01:04:04:01		HLA-J*01:01:01:15		HLA-L*01:01:01:01	HLA-N*01:01:01:new	HLA-P*new	HLA-S*01:01:01:02			HLA-V*01:new	HLA-W*01:new		MICA*008:04:03	MICB*002:01:new	TAP1*01:new	TAP2*01:01:03:18
HPRC_r2	NA20346#1	NA			NA	HLA-A*68:02:01:01	HLA-B*53:01:01:01	HLA-C*04:01:01:75	HLA-DMA*01:01:01:01	HLA-DMB*01:01:01:20	HLA-DOA*01:01:04:05	HLA-DOB*01:04:03:new	HLA-DPA1*02:01:01:02	HLA-DPA2*01:new	HLA-DPB1*01:01:02:01	HLA-DPB2*03:01:new	HLA-DQA1*02:01:01:01	HLA-DQA2*01:01:01:05	HLA-DQB1*02:02:01:01	HLA-DQB2*01:02:02:new	HLA-DRA*01:01:01:02	HLA-DRB1*13:03:01:new	HLA-DRB3*02:02:01:new			HLA-E*01:03:02:01	HLA-F*01:01:01:18	HLA-G*01:01:02:01	HLA-H*02:05:01:01	HLA-J*01:01:01:new	HLA-K*01:new	HLA-L*01:02:00:new	HLA-N*01:01:01:01	HLA-P*01:02	HLA-S*01:02:01:01	HLA-T*01:01:01:new	HLA-U*01:03:00:new	HLA-V*01:01:01:03	HLA-W*05:new	HLA-Y*02:01	MICA*002:01:02	MICB*006:00:00:new	TAP1*02:01:01:new	TAP2*01:01:05:new
HPRC_r2	NA20346#2	NA			NA	HLA-A*30:02:01:03	HLA-B*15:10:01:02	HLA-C*08:04:01:new	HLA-DMA*01:01:01:02	HLA-DMB*01:01:01:39	HLA-DOA*01:01:02:08	HLA-DOB*01:01:01:01	HLA-DPA1*01:new	HLA-DPA2*01:new	HLA-DPB1*18:01:01:new	HLA-DPB2*01:new	HLA-DQA1*01:02:01:04	HLA-DQA2*01:01:01:new	HLA-DQB1*06:04:01:01	HLA-DQB2*01:02:01:01	HLA-DRA*01:02:02:new	HLA-DRB1*13:02:01:new	HLA-DRB3*03:01:01:new			HLA-E*01:01:01:01	HLA-F*01:01:01:new	HLA-G*01:01:01:08	HLA-H*01:01:02	HLA-J*01:01:01:15	HLA-K*01:new	HLA-L*01:01:02	HLA-N*01:01:01:04	HLA-P*02:01:01:01	HLA-S*01:new	HLA-T*01:new	HLA-U*01:new	HLA-V*01:01:01:01	HLA-W*03:new		MICA*018:01:new	MICB*005:02:new	TAP1*01:01:01:new	TAP2*01:01:03:new
HPRC_r2	NA20503#1	NA;NA				HLA-A*01:01:01:01	HLA-B*35:01:01:05	HLA-C*04:01:01:11	HLA-DMA*01:01:01:01	HLA-DMB*01:01:01:01	HLA-DOA*01:01:02:02	HLA-DOB*01:01:01:28	HLA-DPA1*01:03:01:15	HLA-DPA2*01:01:01:02	HLA-DPB1*04:02:01:02	HLA-DPB2*03:01:01:new	HLA-DQA1*01:01:01:01	HLA-DQA2*01:01:04:01	HLA-DQB1*05:01:01:03	HLA-DQB2*01:07:01:04	HLA-DRA*01:01:01:05	HLA-DRB1*01:01:01:01				HLA-E*01:01:01:01	HLA-F*01:01:01:09	HLA-G*01:06:01:01	HLA-H*02:01:01:01	HLA-J*01:01:01:02	HLA-K*01:01:01:02	HLA-L*01:01:01:01	HLA-N*01:01:01:03	HLA-P*01:01:01:01	HLA-S*01:02:new	HLA-T*01:01:01:01	HLA-U*01:01:01:01	HLA-V*01:01:01:02	HLA-W*01:01:01:06		MICA*002:01:08	MICB*004:01:new	TAP1*01:01:01:01	TAP2*01:05:01:10
HPRC_r2	NA20503#2	NA		NA		HLA-A*02:01:01:01	HLA-B*35:01:01:05	HLA-C*04:01:01:06	HLA-DMA*01:01:01:new	HLA-DMB*01:01:01:33	HLA-DOA*01:01:02:02	HLA-DOB*01:01:01:24	HLA-DPA1*01:03:01:02	HLA-DPA2*01:new	HLA-DPB1*04:01:01:01	HLA-DPB2*03:01:01:new	HLA-DQA1*05:05:01:02	HLA-DQA2*01:01:02:06	HLA-DQB1*03:01:01:03	HLA-DQB2*01:07:01:new	HLA-DRA*01:01:01:01	HLA-DRB1*11:04:01:01	HLA-DRB3*02:02:01:new			HLA-E*01:03:02:01	HLA-F*01:04:01:02	HLA-G*01:01:01:01	HLA-H*01:01:01:01	HLA-J*01:01:01:05	HLA-K*01:02	HLA-L*01:01:01:01	HLA-N*01:01:01:01	HLA-P*02:01:01:01	HLA-S*01:02:new	HLA-T*01:01:01:05	HLA-U*01:03:00:new	HLA-V*01:01:01:01	HLA-W*03:01:01:01		MICA*016:01:01	MICB*002:01:new	TAP1*01:01:01:new	TAP2*02:01:03:01
HPRC_r2	NA20752#1	NA;NA				HLA-A*26:01:01:01	HLA-B*51:01:01:01	HLA-C*14:02:01:01	HLA-DMA*01:01:01:01	HLA-DMB*01:01:01:01	HLA-DOA*01:01:02:45	HLA-DOB*01:02:01:01	HLA-DPA1*01:03:01:01	HLA-DPA2*01:01:01:new	HLA-DPB1*04:01:01:new	HLA-DPB2*03:01:01:03	HLA-DQA1*01:01:01:01	HLA-DQA2*01:01:04:01	HLA-DQB1*05:01:01:03	HLA-DQB2*01:07:01:new	HLA-DRA*01:01:01:05	HLA-DRB1*01:01:01:01				HLA-E*01:01:01:01	HLA-F*01:01:01:08	HLA-G*01:01:02:01	HLA-H*01:02:01:01	HLA-J*01:01:01:08	HLA-K*01:01:01:03	HLA-L*01:01:01:new	HLA-N*01:01:01:new	HLA-P*01:01:01:02	HLA-S*01:02:01:03	HLA-T*01:01:01:new	HLA-U*01:new	HLA-V*01:01:01:03	HLA-W*01:01:01:new		MICA*049:01:01	MICB*005:03:new	TAP1*01:01:01:03	TAP2*01:01:05:new
HPRC_r2	NA20752#2	NA			NA	HLA-A*24:02:01:01	HLA-B*13:02:01:01	HLA-C*06:02:01:01	HLA-DMA*01:01:01:01	HLA-DMB*01:01:01:03	HLA-DOA*01:01:01:01	HLA-DOB*01:04:01:new	HLA-DPA1*01:03:01:03	HLA-DPA2*01:01:02:new	HLA-DPB1*20:01:01:01	HLA-DPB2*01:01:01	HLA-DQA1*02:01:01:01	HLA-DQA2*01:01:03	HLA-DQB1*03:01:01:05	HLA-DQB2*01:03	HLA-DRA*01:01:01:03	HLA-DRB1*07:01:01:01		HLA-DRB4*01:03:01:04		HLA-E*01:01:01:01	HLA-F*01:01:01:18	HLA-G*01:01:02:01		HLA-J*01:01:01:02		HLA-L*01:01:01:new	HLA-N*01:01:01:new	HLA-P*01:02	HLA-S*01:01:01:02			HLA-V*01:01:01:03	HLA-W*01:new		MICA*008:01:03	MICB*005:02:new	TAP1*01:01:01:03	TAP2*01:01:03:new
HPRC_r2	NA20762#1	NA		NA		HLA-A*33:01:01:01	HLA-B*38:01:01:01	HLA-C*12:03:01:01	HLA-DMA*01:01:01:02	HLA-DMB*01:03:01:15	HLA-DOA*01:01:03:01	HLA-DOB*01:01:01:01	HLA-DPA1*01:03:01:33	HLA-DPA2*01:01:01:new	HLA-DPB1*02:01:02:26	HLA-DPB2*01:new	HLA-DQA1*01:01:01:01	HLA-DQA2*01:03	HLA-DQB1*05:01:01:03	HLA-DQB2*01:01:01:02	HLA-DRA*01:01:01:05	HLA-DRB1*01:01:01:01				HLA-E*01:03:01:01	HLA-F*01:01:02:07	HLA-G*01:03:01:02	HLA-H*02:12	HLA-J*01:01:01:08	HLA-K*01:new	HLA-L*01:03	HLA-N*01:01:01:03	HLA-P*01:new	HLA-S*01:02:01:03	HLA-T*03:01:01:new	HLA-U*01:06:00:new	HLA-V*01:new	HLA-W*01:new		MICA*002:01:01	MICB*002:01:new	TAP1*01:new	TAP2*01:01:03:new
HPRC_r2	NA20762#2	NA		NA		HLA-A*02:01:01:01	HLA-B*35:01:01:05	HLA-C*04:01:01:06	HLA-DMA*01:01:01:01	HLA-DMB*01:01:01:new	HLA-DOA*01:01:02:45	HLA-DOB*01:01:01:01	HLA-DPA1*01:03:01:01	HLA-DPA2*02:01:01:01	HLA-DPB1*02:01:02:04	HLA-DPB2*01:01:02	HLA-DQA1*01:04:01:02	HLA-DQA2*01:01:01:04	HLA-DQB1*05:03:01:01	HLA-DQB2*01:02:01:01	HLA-DRA*01:01:01:01	HLA-DRB1*14:01:01:new	HLA-DRB3*02:24			HLA-E*01:03:02:01	HLA-F*01:01:01:01	HLA-G*01:01:01:01	HLA-H*01:01:01:01	HLA-J*01:new	HLA-K*01:02	HLA-L*01:01:01:01	HLA-N*01:01:01:new	HLA-P*02:01:01:01	HLA-S*01:02:new	HLA-T*01:01:01:05	HLA-U*01:03:00:new	HLA-V*01:01:01:01	HLA-W*03:01:01:01		MICA*016:01:01	MICB*002:01:new	TAP1*01:01:01:new	TAP2*01:03:02:new
HPRC_r2	NA20799#1	NA		NA		HLA-A*03:01:01:01	HLA-B*15:18:01:02	HLA-C*03:03:01:01	HLA-DMA*01:01:01:04	HLA-DMB*01:01:01:new	HLA-DOA*01:01:02:02	HLA-DOB*01:04:01:new	HLA-DPA1*01:03:01:05	HLA-DPA2*01:01:01:03	HLA-DPB1*04:02:01:03	HLA-DPB2*03:01:01:new	HLA-DQA1*05:05:01:new	HLA-DQA2*01:01:02:03	HLA-DQB1*03:01:01:03	HLA-DQB2*01:01:01:new	HLA-DRA*01:01:01:07	HLA-DRB1*11:01:01:01	HLA-DRB3*02:02:01:new			HLA-E*01:11	HLA-F*01:03:01:01	HLA-G*01:01:01:05	HLA-H*02:04:01	HLA-J*01:01:01:04	HLA-K*01:01:01:01	HLA-L*01:01:01:02	HLA-N*01:01:01:01	HLA-P*02:01:01:02	HLA-S*01:new	HLA-T*03:01:01:01	HLA-U*01:04	HLA-V*01:01:01:01	HLA-W*01:01:01:05		MICA*019:01:01	MICB*002:01:new	TAP1*01:01:01:new	TAP2*01:01:02:new
HPRC_r2	NA20799#2	NA			NA	HLA-A*03:01:01:05	HLA-B*57:02:01:new	HLA-C*18:02:01:01	HLA-DMA*01:01:01:02	HLA-DMB*01:03:01:16	HLA-DOA*01:01:02:28	HLA-DOB*01:02:01:new	HLA-DPA1*01:03:01:17	HLA-DPA2*01:01:new	HLA-DPB1*02:01:02:49	HLA-DPB2*01:new	HLA-DQA1*01:01:02:01	HLA-DQA2*01:01:01:05	HLA-DQB1*05:01:01:01	HLA-DQB2*01:02:02:new	HLA-DRA*01:01:01:13	HLA-DRB1*01:02:01:01				HLA-E*01:01:01:01	HLA-F*01:01:01:18	HLA-G*01:01:15:new	HLA-H*02:04:01	HLA-J*01:01:01:04	HLA-K*01:01:01:01	HLA-L*01:02:00:new	HLA-N*01:01:01:new	HLA-P*02:01:01:02	HLA-S*01:02:01:01	HLA-T*03:01:01:01	HLA-U*01:04	HLA-V*01:01:01:new	HLA-W*01:new		MICA*015:01:00:new	MICB*002:01:new	TAP1*01:01:01:new	TAP2*02:04
HPRC_r2	NA20805#1	NA				HLA-A*30:02:01:01	HLA-B*18:01:01:06	HLA-C*05:37	HLA-DMA*01:01:01:01	HLA-DMB*01:02:01:01	HLA-DOA*01:01:01:01	HLA-DOB*01:01:01:24	HLA-DPA1*01:03:01:01	HLA-DPA2*02:01:01:01	HLA-DPB1*02:01:02:01	HLA-DPB2*01:01:02:new	HLA-DQA1*05:01:01:01	HLA-DQA2*01:01:02:01	HLA-DQB1*03:03:02:01	HLA-DQB2*01:07:01:03	HLA-DRA*01:01:01:01	HLA-DRB1*03:01:01:02	HLA-DRB3*02:02:01:01			HLA-E*01:03:02:01	HLA-F*01:01:01:17	HLA-G*01:01:01:08	HLA-H*01:01:02	HLA-J*01:01:01:15	HLA-K*01:new	HLA-L*01:02:00:new	HLA-N*01:01:01:05	HLA-P*02:01:01:01	HLA-S*01:03	HLA-T*01:new	HLA-U*01:new	HLA-V*01:01:01:01	HLA-W*03:new		MICA*001:01	MICB*005:02:01	TAP1*01:01:01:02	TAP2*02:01:01:new
HPRC_r2	NA20805#2	NA		NA		HLA-A*24:02:01:01	HLA-B*44:02:01:01	HLA-C*16:04:01:01	HLA-DMA*01:01:01:01	HLA-DMB*01:01:01:new	HLA-DOA*01:08	HLA-DOB*01:01:03:09	HLA-DPA1*01:03:01:04	HLA-DPA2*01:01:01:new	HLA-DPB1*04:01:01:01	HLA-DPB2*03:01:01:03	HLA-DQA1*05:05:01:01	HLA-DQA2*01:01:02:new	HLA-DQB1*03:01:01:03	HLA-DQB2*01:01:01:new	HLA-DRA*01:01:01:07	HLA-DRB1*11:04:01:03	HLA-DRB3*02:02:01:new			HLA-E*01:03:01:01	HLA-F*01:01:01:08	HLA-G*01:04:01:01		HLA-J*01:01:01:02		HLA-L*01:03	HLA-N*01:01:01:03	HLA-P*02:01:01:new	HLA-S*01:02:01:03			HLA-V*01:01:01:01	HLA-W*01:new		MICA*018:01:06	MICB*004:01:new	TAP1*01:01:01:new	TAP2*01:05:01:04
HPRC_r2	NA20806#1			NA;NA		HLA-A*02:01:01:01	HLA-B*51:01:01:01	HLA-C*07:02:01:01	HLA-DMA*01:01:01:new	HLA-DMB*01:03:01:03	HLA-DOA*01:01:02:02	HLA-DOB*01:01:01:01	HLA-DPA1*01:03:01:02	HLA-DPA2*01:01:01:01	HLA-DPB1*04:01:01:01	HLA-DPB2*03:01:01:new	HLA-DQA1*01:02:01:01	HLA-DQA2*01:01:01:new	HLA-DQB1*06:02:01:01	HLA-DQB2*01:02:01:01	HLA-DRA*01:02:03:01	HLA-DRB1*15:01:01:02			HLA-DRB5*01:01:01:new	HLA-E*01:01:01:01	HLA-F*01:01:01:01	HLA-G*01:01:01:01	HLA-H*01:01:01:01	HLA-J*01:01:01:05	HLA-K*01:new	HLA-L*01:03	HLA-N*01:01:01:01	HLA-P*02:01:01:01	HLA-S*01:02:01:03	HLA-T*01:01:01:05	HLA-U*01:03:00:new	HLA-V*01:01:01:01	HLA-W*03:01:01:new		MICA*009:01:new	MICB*005:02:new	TAP1*01:01:01:05	TAP2*01:01:03:01
HPRC_r2	NA20806#2	NA		NA		HLA-A*26:01:01:01	HLA-B*35:03:01:03	HLA-C*04:01:01:14	HLA-DMA*01:04	HLA-DMB*01:01:01:new	HLA-DOA*01:01:02:15	HLA-DOB*01:01:01:01	HLA-DPA1*01:03:01:04	HLA-DPA2*01:01:01:01	HLA-DPB1*04:01:01:01	HLA-DPB2*03:01:01:new	HLA-DQA1*01:02:01:01	HLA-DQA2*01:01:01:new	HLA-DQB1*06:02:01:01	HLA-DQB2*01:02:01:01	HLA-DRA*01:02:03:01	HLA-DRB1*15:01:01:02			HLA-DRB5*01:01:01:new	HLA-E*01:03:01:01	HLA-F*01:01:01:08	HLA-G*01:01:02:01	HLA-H*01:02:01:01	HLA-J*01:01:01:08	HLA-K*01:01:01:03	HLA-L*01:01:01:new	HLA-N*01:01:01:03	HLA-P*01:01:01:02	HLA-S*01:02:new	HLA-T*01:01:01:new	HLA-U*01:new	HLA-V*01:01:01:03	HLA-W*01:new		MICA*002:01:03	MICB*005:02:new	TAP1*01:01:01:01	TAP2*01:01:07:06
HPRC_r2	NA20809#1	NA			NA	HLA-A*29:02:01:01	HLA-B*44:03:01:16	HLA-C*16:01:01:01	HLA-DMA*01:01:01:02	HLA-DMB*01:01:01:26	HLA-DOA*01:01:02:02	HLA-DOB*01:01:01:01	HLA-DPA1*01:03:01:02	HLA-DPA2*01:01:01:new	HLA-DPB1*04:01:01:01	HLA-DPB2*03:01:01:01	HLA-DQA1*03:01:01:01	HLA-DQA2*01:01:01:04	HLA-DQB1*03:02:01:02	HLA-DQB2*01:02:01:01	HLA-DRA*01:01:01:03	HLA-DRB1*04:04:01:04		HLA-DRB4*01:03:01:03		HLA-E*01:03:02:01	HLA-F*01:01:01:08	HLA-G*01:01:01:04	HLA-H*02:02:01:01	HLA-J*01:01:01:01	HLA-K*01:03	HLA-L*01:02	HLA-N*01:01:01:05	HLA-P*02:01:01:01	HLA-S*01:01:01:01	HLA-T*02:01:01:01	HLA-U*01:01:01:02	HLA-V*01:01:01:01	HLA-W*02:01		MICA*004:01:01	MICB*005:02:new	TAP1*02:01:01:new	TAP2*01:01:03:new
HPRC_r2	NA20809#2	NA		NA		HLA-A*03:01:01:01	HLA-B*07:02:01:01	HLA-C*07:02:01:03	HLA-DMA*01:01:01:01	HLA-DMB*01:01:01:01	HLA-DOA*01:01:02:15	HLA-DOB*01:01:01:24	HLA-DPA1*01:03:01:02	HLA-DPA2*01:01:01:new	HLA-DPB1*04:01:01:01	HLA-DPB2*03:01:01:new	HLA-DQA1*01:01:01:01	HLA-DQA2*01:01:02:new	HLA-DQB1*05:01:01:03	HLA-DQB2*01:01:01:new	HLA-DRA*01:01:01:05	HLA-DRB1*01:01:01:01				HLA-E*01:03:02:01	HLA-F*01:03:01:01	HLA-G*01:01:01:05	HLA-H*02:04:01	HLA-J*01:01:01:04	HLA-K*01:01:01:01	HLA-L*01:01:01:03	HLA-N*01:01:01:01	HLA-P*02:01:01:02	HLA-S*01:01:01:02	HLA-T*03:01:01:01	HLA-U*01:04	HLA-V*01:01:01:01	HLA-W*01:01:01:new		MICA*008:04:01	MICB*004:01:new	TAP1*01:01:01:02	TAP2*02:01:01:new
HPRC_r2	NA20827#1	NA			NA	HLA-A*02:01:01:01	HLA-B*13:02:01:01	HLA-C*06:02:01:new	HLA-DMA*01:02:01:01	HLA-DMB*01:01:01:38	HLA-DOA*01:01:02:45	HLA-DOB*01:01:01:24	HLA-DPA1*02:01:01:03	HLA-DPA2*01:01:new	HLA-DPB1*17:01:01:01	HLA-DPB2*01:new	HLA-DQA1*02:01:01:01	HLA-DQA2*01:01:02:02	HLA-DQB1*02:02:01:01	HLA-DQB2*01:01:01:01	HLA-DRA*01:01:01:03	HLA-DRB1*07:01:01:01		HLA-DRB4*01:03:01:04		HLA-E*01:01:01:01	HLA-F*01:01:01:08	HLA-G*01:01:01:01	HLA-H*01:01:01:01	HLA-J*01:01:01:11	HLA-K*01:02	HLA-L*01:new	HLA-N*01:01:01:01	HLA-P*02:01:01:01	HLA-S*01:01:01:02	HLA-T*01:01:01:02	HLA-U*01:03:00:new	HLA-V*01:01:01:01	HLA-W*03:01:01:01		MICA*008:01:03	MICB*005:02:new	TAP1*01:01:01:05	TAP2*02:01:03:06
HPRC_r2	NA20827#2	NA				HLA-A*33:03:01:01	HLA-B*41:01:01:01	HLA-C*17:01:01:05	HLA-DMA*01:02:01:01	HLA-DMB*01:01:01:38	HLA-DOA*01:01:02:45	HLA-DOB*01:01:01:24	HLA-DPA1*02:01:01:03	HLA-DPA2*01:01:new	HLA-DPB1*17:01:01:01	HLA-DPB2*01:new	HLA-DQA1*02:01:01:01	HLA-DQA2*01:01:02:02	HLA-DQB1*02:02:01:01	HLA-DQB2*01:01:01:01	HLA-DRA*01:01:01:03	HLA-DRB1*07:01:01:01		HLA-DRB4*01:03:01:04		HLA-E*01:05:01	HLA-F*01:01:02:10	HLA-G*01:04:01:01	HLA-H*02:08:01:01	HLA-J*01:01:01:09	HLA-K*01:04	HLA-L*01:01:01:01	HLA-N*01:01:01:new	HLA-P*new	HLA-S*01:03	HLA-T*03:01:01:02	HLA-U*01:06:00:new	HLA-V*01:new	HLA-W*01:new	HLA-Y*02:01:00:new	MICA*004:01:06	MICB*005:02:new	TAP1*01:01:01:05	TAP2*02:01:03:06
HPRC_r2	NA20850#1	NA			NA	HLA-A*01:01:01:01	HLA-B*35:03:01:01	HLA-C*04:01:01:14	HLA-DMA*01:01:01:37	HLA-DMB*01:01:01:21	HLA-DOA*01:01:04:01	HLA-DOB*01:05	HLA-DPA1*01:03:01:04	HLA-DPA2*01:01:01:01	HLA-DPB1*04:01:01:01	HLA-DPB2*03:01:01:new	HLA-DQA1*02:01:01:01	HLA-DQA2*01:01:02:01	HLA-DQB1*03:03:02:01	HLA-DQB2*01:01:01:01	HLA-DRA*01:01:02	HLA-DRB1*07:01:01:02		HLA-DRB4*01:03:01:02N		HLA-E*01:03:02:01	HLA-F*01:01:01:09	HLA-G*01:06:01:01	HLA-H*02:01:01:01	HLA-J*01:01:01:02	HLA-K*01:01:01:02	HLA-L*01:01:01:01	HLA-N*01:01:01:03	HLA-P*01:01:01:01	HLA-S*01:02:new	HLA-T*01:01:01:01	HLA-U*01:01:01:01	HLA-V*01:01:01:02	HLA-W*01:01:01:06		MICA*002:01:13Q:new	MICB*005:02:new	TAP1*01:01:01:03	TAP2*02:01:02:01
HPRC_r2	NA20850#2	NA			NA	HLA-A*02:03:01:01	HLA-B*38:02:01:new	HLA-C*07:02:01:01	HLA-DMA*01:01:01:01	HLA-DMB*01:02:01:new	HLA-DOA*01:01:04:01	HLA-DOB*01:01:01:new	HLA-DPA1*02:02:02:01	HLA-DPA2*01:new	HLA-DPB1*13:01:01:new	HLA-DPB2*01:01:01:new	HLA-DQA1*01:02:01:new	HLA-DQA2*01:03	HLA-DQB1*05:02:01:01	HLA-DQB2*01:01:01:02	HLA-DRA*01:01:01:02	HLA-DRB1*15:04:00:new			HLA-DRB5*01:01:01:new	HLA-E*01:01:01:03	HLA-F*01:01:01:01	HLA-G*01:01:01:01	HLA-H*01:01:01:01	HLA-J*01:01:01:05	HLA-K*01:02	HLA-L*01:01:01:01	HLA-N*01:01:01:01	HLA-P*02:01:01:01	HLA-S*01:02:01:03	HLA-T*01:01:01:05	HLA-U*01:03:00:new	HLA-V*01:01:01:01	HLA-W*03:new		MICA*002:01:01	MICB*014:01:new	TAP1*05:new	TAP2*01:04:01:02
HPRC_r2	NA20870#1	NA		NA		HLA-A*68:01:02:02	HLA-B*18:01:01:05	HLA-C*12:05:01	HLA-DMA*01:01:01:02	HLA-DMB*01:01:01:12	HLA-DOA*01:01:02:12	HLA-DOB*01:04:02:new	HLA-DPA1*01:03:01:01	HLA-DPA2*02:01:01:01	HLA-DPB1*02:01:02:05	HLA-DPB2*01:01:02	HLA-DQA1*01:02:01:23	HLA-DQA2*01:01:01:05	HLA-DQB1*06:09:01:01	HLA-DQB2*01:02:02:new	HLA-DRA*01:02:02:04	HLA-DRB1*13:02:01:03	HLA-DRB3*03:01:01:03			HLA-E*01:01:01:01	HLA-F*01:01:02:08	HLA-G*01:01:02:01	HLA-H*02:05:01:04	HLA-J*01:01:01:01	HLA-K*01:new	HLA-L*01:01:01:new	HLA-N*01:01:01:new	HLA-P*01:02	HLA-S*01:02:01:03	HLA-T*01:01:01:new	HLA-U*01:new	HLA-V*01:01:01:03	HLA-W*05:new		MICA*009:01:new	MICB*002:01:02	TAP1*01:01:01:new	TAP2*01:01:03:new
HPRC_r2	NA20870#2	NA			NA	HLA-A*02:11:01:01	HLA-B*40:06:01:13	HLA-C*15:02:01:01	HLA-DMA*01:01:01:01	HLA-DMB*01:02:01:01	HLA-DOA*01:01:02:45	HLA-DOB*01:01:03:09	HLA-DPA1*01:03:01:04	HLA-DPA2*01:01:01:new	HLA-DPB1*04:01:01:01	HLA-DPB2*03:01:01:new	HLA-DQA1*01:03:01:01	HLA-DQA2*01:01:02:07	HLA-DQB1*06:01:01:01	HLA-DQB2*01:07:01:new	HLA-DRA*01:01:01:14	HLA-DRB1*15:01:01:03			HLA-DRB5*01:01:01:new	HLA-E*01:03:01:01	HLA-F*01:01:01:new	HLA-G*01:01:01:01	HLA-H*01:01:01:01	HLA-J*01:01:01:05	HLA-K*01:02	HLA-L*01:03:00:new	HLA-N*01:01:01:03	HLA-P*02:01:01:01	HLA-S*01:02:01:03	HLA-T*01:01:01:05	HLA-U*01:03:00:new	HLA-V*01:01:01:new	HLA-W*03:01:01:01		MICA*027:01:03	MICB*005:03:new	TAP1*01:01:01:01	TAP2*01:01:03:new
HPRC_r2	NA20905#1	NA				HLA-A*32:01:01:09	HLA-B*40:06:01:13	HLA-C*15:02:01:01	HLA-DMA*01:01:01:01	HLA-DMB*01:02:01:01	HLA-DOA*01:01:04:01	HLA-DOB*01:01:01:24	HLA-DPA1*01:03:01:new	HLA-DPA2*01:01:01:new	HLA-DPB1*04:01:01:113	HLA-DPB2*03:01:01:03	HLA-DQA1*05:05:01:01	HLA-DQA2*01:01:02:01	HLA-DQB1*03:01:01:04	HLA-DQB2*01:01:01:01	HLA-DRA*01:01:01:12	HLA-DRB1*11:01:01:new	HLA-DRB3*02:02:01:new			HLA-E*01:01:01:01	HLA-F*01:01:02:10	HLA-G*01:01:22:01	HLA-H*02:03:02	HLA-J*01:01:01:06	HLA-K*01:01:01:04	HLA-L*01:01:02:new	HLA-N*01:01:01:01	HLA-P*02:01:01:02	HLA-S*01:02:01:03	HLA-T*02:01:01:new	HLA-U*01:02	HLA-V*01:01:01:01	HLA-W*04:01:00:new		MICA*027:01:03	MICB*005:02:new	TAP1*01:01:01:05	TAP2*02:01:03:03
HPRC_r2	NA20905#2	NA;NA				HLA-A*11:01:01:01	HLA-B*49:01:01:04	HLA-C*07:01:01:16	HLA-DMA*01:01:01:01	HLA-DMB*01:01:01:01	HLA-DOA*01:02:01:03	HLA-DOB*01:02:02	HLA-DPA1*02:07:01:04	HLA-DPA2*01:01:01:new	HLA-DPB1*04:01:01:new	HLA-DPB2*03:01:01:new	HLA-DQA1*01:03:01:01	HLA-DQA2*01:05:01:new	HLA-DQB1*06:01:01:01	HLA-DQB2*01:08	HLA-DRA*01:02:02:10	HLA-DRB1*15:02:01:new			HLA-DRB5*01:02:01:new	HLA-E*01:01:01:01	HLA-F*01:01:02:08	HLA-G*01:01:03:03	HLA-H*02:07:01:new	HLA-J*01:01:01:04	HLA-K*01:new	HLA-L*01:new	HLA-N*01:01:01:01	HLA-P*02:new	HLA-S*01:01:01:01	HLA-T*03:01:01:new	HLA-U*01:05:00:new	HLA-V*01:new	HLA-W*01:new		MICA*004:01:new	MICB*002:01:new	TAP1*01:01:01:02	TAP2*01:01:07:05
HPRC_r2	NA21093#1	NA			NA	HLA-A*01:01:01:01	HLA-B*57:01:01:new	HLA-C*06:02:01:01	HLA-DMA*01:02:01:01	HLA-DMB*01:01:01:02	HLA-DOA*01:01:02:45	HLA-DOB*01:05	HLA-DPA1*01:03:01:01	HLA-DPA2*02:01:01:01	HLA-DPB1*02:01:02:89	HLA-DPB2*01:01:02	HLA-DQA1*02:01:01:01	HLA-DQA2*01:01:02:01	HLA-DQB1*03:03:02:01	HLA-DQB2*01:01:01:01	HLA-DRA*01:01:02	HLA-DRB1*07:01:01:02		HLA-DRB4*01:03:01:02N		HLA-E*01:01:01:01	HLA-F*01:01:01:09	HLA-G*01:06:01:01	HLA-H*02:01:01:01	HLA-J*01:01:01:02	HLA-K*01:01:01:02	HLA-L*01:01:01:01	HLA-N*01:01:01:03	HLA-P*01:01:01:01	HLA-S*01:02:01:01	HLA-T*01:01:01:01	HLA-U*01:01:01:01	HLA-V*01:01:01:02	HLA-W*01:01:01:06		MICA*017:01	MICB*003:01:02	TAP1*01:01:01:03	TAP2*02:01:02:01
HPRC_r2	NA21093#2	NA			NA	HLA-A*01:01:01:01	HLA-B*37:01:01:01	HLA-C*06:02:01:01	HLA-DMA*01:02:01:01	HLA-DMB*01:01:01:02	HLA-DOA*01:new	HLA-DOB*01:01:01:04	HLA-DPA1*01:03:01:31	HLA-DPA2*02:01:01:01	HLA-DPB1*02:01:02:new	HLA-DPB2*01:01:02	HLA-DQA1*01:05:01:01	HLA-DQA2*01:01:01:new	HLA-DQB1*05:01:01:05	HLA-DQB2*01:02:01:01	HLA-DRA*01:01:01:11	HLA-DRB1*10:01:01:03				HLA-E*01:01:01:01	HLA-F*01:01:01:09	HLA-G*01:06:01:01	HLA-H*02:01:01:01	HLA-J*01:01:01:02	HLA-K*01:01:01:02	HLA-L*01:01:01:01	HLA-N*01:01:01:03	HLA-P*01:01:01:01	HLA-S*01:02:01:03	HLA-T*01:01:01:01	HLA-U*01:01:01:01	HLA-V*01:01:01:02	HLA-W*01:01:01:06		MICA*008:01:11	MICB*004:01:new	TAP1*01:01:01:02	TAP2*02:01:02:06
HPRC_r2	NA21102#1	NA;NA			NA	HLA-A*02:11:01:01	HLA-B*40:06:04:01	HLA-C*15:02:01:01	HLA-DMA*01:01:01:01	HLA-DMB*01:01:01:01	HLA-DOA*01:01:02:15	HLA-DOB*01:01:01:04	HLA-DPA1*02:01:01:02	HLA-DPA2*01:new	HLA-DPB1*09:01:01:01	HLA-DPB2*01:new	HLA-DQA1*01:05:01:01	HLA-DQA2*01:01:01:01	HLA-DQB1*05:01:01:05	HLA-DQB2*01:02:02:01	HLA-DRA*01:01:01:11	HLA-DRB1*10:01:01:03				HLA-E*01:03:02:01	HLA-F*01:01:01:new	HLA-G*01:01:01:01	HLA-H*01:01:01:01	HLA-J*01:01:01:05	HLA-K*01:02	HLA-L*01:03	HLA-N*01:01:01:03	HLA-P*02:01:01:01	HLA-S*01:02:01:03	HLA-T*01:01:01:05	HLA-U*01:03:00:new	HLA-V*01:01:01:new	HLA-W*03:01:01:01		MICA*027:01:02	MICB*004:01:new	TAP1*01:01:01:02	TAP2*02:01:02:new
HPRC_r2	NA21102#2	NA			NA	HLA-A*26:01:01:01	HLA-B*08:01:01:02	HLA-C*07:02:01:01	HLA-DMA*01:02:01:01	HLA-DMB*01:01:01:02	HLA-DOA*01:01:02:22	HLA-DOB*01:01:01:24	HLA-DPA1*02:01:01:06	HLA-DPA2*01:new	HLA-DPB1*13:01:01:01	HLA-DPB2*01:new	HLA-DQA1*05:01:01:03	HLA-DQA2*01:01:02:new	HLA-DQB1*02:01:01:01	HLA-DQB2*01:01:01:new	HLA-DRA*01:01:01:01	HLA-DRB1*03:01:01:03	HLA-DRB3*02:02:01:new			HLA-E*01:01:01:01	HLA-F*01:01:01:08	HLA-G*01:01:02:01	HLA-H*01:02:01:04	HLA-J*01:01:01:01	HLA-K*01:01:new	HLA-L*01:01:02:new	HLA-N*01:01:01:01	HLA-P*01:01:01:new	HLA-S*01:02:01:01	HLA-T*01:01:01:new	HLA-U*01:new	HLA-V*01:01:01:new	HLA-W*01:01:01:new		MICA*008:01:07	MICB*002:01:new	TAP1*02:01:01:new	TAP2*02:03
HPRC_r2	NA21106#1	NA		NA		HLA-A*32:01:01:01	HLA-B*57:01:01:01	HLA-C*06:02:01:01	HLA-DMA*01:02:01:01	HLA-DMB*01:01:01:new	HLA-DOA*01:01:02:45	HLA-DOB*01:04:01:new	HLA-DPA1*01:03:01:01	HLA-DPA2*02:01:01:new	HLA-DPB1*02:01:02:new	HLA-DPB2*01:01:02	HLA-DQA1*01:03:01:01	HLA-DQA2*01:01:02:03	HLA-DQB1*06:01:01:01	HLA-DQB2*01:01:01:new	HLA-DRA*01:01:01:14	HLA-DRB1*15:01:01:03			HLA-DRB5*01:01:01:new	HLA-E*01:01:01:08	HLA-F*01:01:02:10	HLA-G*01:01:22:01	HLA-H*02:03:02	HLA-J*01:01:01:12	HLA-K*01:01:01:04	HLA-L*01:01:02:new	HLA-N*01:01:01:01	HLA-P*02:01:01:02	HLA-S*01:02:01:01	HLA-T*02:01:01:02	HLA-U*01:02	HLA-V*01:01:01:01	HLA-W*04:01:00:new		MICA*017:01	MICB*003:01:02	TAP1*02:01:01:new	TAP2*01:01:03:new
HPRC_r2	NA21106#2	NA;NA				HLA-A*11:01:01:01	HLA-B*52:01:01:02	HLA-C*12:02:02:01	HLA-DMA*01:01:01:01	HLA-DMB*01:01:01:01	HLA-DOA*01:01:02:20	HLA-DOB*01:01:01:24	HLA-DPA1*01:03:01:01	HLA-DPA2*02:01:01:new	HLA-DPB1*02:01:02:01	HLA-DPB2*01:01:02:new	HLA-DQA1*01:03:01:01	HLA-DQA2*01:05:01:new	HLA-DQB1*06:01:01:01	HLA-DQB2*01:08	HLA-DRA*01:02:02:10	HLA-DRB1*15:02:01:new			HLA-DRB5*01:02:01:new	HLA-E*01:01:01:01	HLA-F*01:01:02:09	HLA-G*01:01:03:03	HLA-H*02:07:01:01	HLA-J*01:01:01:new	HLA-K*01:new	HLA-L*01:01:01:new	HLA-N*01:01:01:new	HLA-P*02:new	HLA-S*01:04	HLA-T*03:01:01:new	HLA-U*01:05:00:new	HLA-V*01:new	HLA-W*01:new		MICA*009:01:11	MICB*005:03:new	TAP1*03:01:00:new	TAP2*02:01:02:new
HPRC_r2	NA21110#1	NA		NA		HLA-A*24:02:01:01	HLA-B*35:02:01:02	HLA-C*04:01:01:06	HLA-DMA*01:01:01:01	HLA-DMB*01:01:01:01	HLA-DOA*01:01:02:10	HLA-DOB*01:01:01:04	HLA-DPA1*01:03:01:04	HLA-DPA2*01:01:01:new	HLA-DPB1*04:01:01:06	HLA-DPB2*03:01:01:new	HLA-DQA1*05:05:01:new	HLA-DQA2*01:01:02:06	HLA-DQB1*03:01:01:02	HLA-DQB2*01:01:01:13	HLA-DRA*01:01:01:12	HLA-DRB1*11:04:01:01	HLA-DRB3*02:02:01:new			HLA-E*01:03:01:01	HLA-F*01:01:01:08	HLA-G*01:04:01:01		HLA-J*01:01:01:02		HLA-L*01:03	HLA-N*01:01:01:03	HLA-P*02:01:01:new	HLA-S*01:02:new			HLA-V*01:01:01:01	HLA-W*01:new		MICA*016:01:01	MICB*005:01:02	TAP1*01:01:01:01	TAP2*02:01:02:02
HPRC_r2	NA21110#2	NA;NA				HLA-A*32:01:01:01	HLA-B*52:01:01:02	HLA-C*12:02:02:01	HLA-DMA*01:01:01:01	HLA-DMB*01:01:01:01	HLA-DOA*01:01:02:20	HLA-DOB*01:01:01:24	HLA-DPA1*01:03:01:01	HLA-DPA2*02:01:01:new	HLA-DPB1*02:01:02:01	HLA-DPB2*01:01:02:new	HLA-DQA1*01:03:01:01	HLA-DQA2*01:05:01:new	HLA-DQB1*06:01:01:01	HLA-DQB2*01:08	HLA-DRA*01:02:02:10	HLA-DRB1*15:02:01:new			HLA-DRB5*01:02:01:new	HLA-E*01:03:02:01	HLA-F*01:01:02:10	HLA-G*01:01:22:01	HLA-H*02:03:02	HLA-J*01:01:01:12	HLA-K*01:01:01:04	HLA-L*01:03	HLA-N*01:01:01:03	HLA-P*02:01:01:02	HLA-S*01:04	HLA-T*02:01:01:02	HLA-U*01:02	HLA-V*01:01:01:01	HLA-W*04:01:00:new		MICA*009:01:11	MICB*005:03:new	TAP1*03:01:00:new	TAP2*02:01:02:new
HPRC_r2	NA21144#1	NA			NA	HLA-A*02:01:01:01	HLA-B*57:01:01:01	HLA-C*06:02:01:01	HLA-DMA*01:02:01:01	HLA-DMB*01:01:01:02	HLA-DOA*01:01:02:45	HLA-DOB*01:05	HLA-DPA1*02:01:01:02	HLA-DPA2*01:new	HLA-DPB1*09:01:01:01	HLA-DPB2*01:new	HLA-DQA1*02:01:01:01	HLA-DQA2*01:01:02:01	HLA-DQB1*03:03:02:01	HLA-DQB2*01:01:01:01	HLA-DRA*01:01:02	HLA-DRB1*07:01:01:02		HLA-DRB4*01:03:01:02N		HLA-E*01:01:01:01	HLA-F*01:01:01:09	HLA-G*01:01:01:01	HLA-H*01:01:01:01	HLA-J*01:01:01:05	HLA-K*01:02:00:new	HLA-L*01:03	HLA-N*01:01:01:01	HLA-P*02:01:01:01	HLA-S*01:02:01:01	HLA-T*01:01:01:05	HLA-U*01:03:00:new	HLA-V*01:01:01:01	HLA-W*03:01:01:01		MICA*017:01	MICB*003:01:02	TAP1*01:01:01:03	TAP2*02:01:02:01
HPRC_r2	NA21144#2			NA	NA	HLA-A*33:03:01:01	HLA-B*58:01:01:03	HLA-C*03:02:02:05	HLA-DMA*01:01:01:04	HLA-DMB*01:01:01:06	HLA-DOA*01:01:04:01	HLA-DOB*01:01:03:09	HLA-DPA1*01:03:01:04	HLA-DPA2*01:01:01:01	HLA-DPB1*04:01:01:01	HLA-DPB2*03:01:01:new	HLA-DQA1*05:01:01:03	HLA-DQA2*01:01:04:new	HLA-DQB1*02:01:01:01	HLA-DQB2*01:new	HLA-DRA*01:01:01:01	HLA-DRB1*03:01:01:03	HLA-DRB3*02:02:01:new			HLA-E*01:01:01:06	HLA-F*01:01:02:10	HLA-G*01:04:01:01	HLA-H*02:08:01:01	HLA-J*01:01:01:09	HLA-K*01:04	HLA-L*01:new	HLA-N*01:01:01:05	HLA-P*new	HLA-S*01:02:01:01	HLA-T*03:01:01:02	HLA-U*01:06:00:new	HLA-V*01:new	HLA-W*01:new	HLA-Y*02:01	MICA*002:01:07	MICB*008:01:new	TAP1*01:01:01:new	TAP2*01:01:03:new
HPRC_r2	NA21309#1	NA			NA	HLA-A*01:03:01:01	HLA-B*08:01:01:01	HLA-C*07:04:01:01	HLA-DMA*01:01:01:new	HLA-DMB*01:01:01:new	HLA-DOA*01:01:02:45	HLA-DOB*01:01:01:new	HLA-DPA1*03:01:01:05	HLA-DPA2*02:new	HLA-DPB1*105:01:01:01	HLA-DPB2*03:01:01:new	HLA-DQA1*01:02:01:03	HLA-DQA2*01:01:04:new	HLA-DQB1*06:02:01:01	HLA-DQB2*01:01:01:new	HLA-DRA*01:01:01:02	HLA-DRB1*15:03:01:03			HLA-DRB5*01:01:01:new	HLA-E*01:01:01:01	HLA-F*01:01:01:new	HLA-G*01:01:01:new	HLA-H*02:new	HLA-J*01:new	HLA-K*01:01:01:02	HLA-L*01:01:01:new	HLA-N*01:01:01:01	HLA-P*02:new	HLA-S*01:02:01:01	HLA-T*03:01:01:new	HLA-U*01:01:01:01	HLA-V*01:01:01:01	HLA-W*01:01:01:02		MICA*008:01:01	MICB*008:01:new	TAP1*04:01:00:new	TAP2*01:02:01:new
HPRC_r2	NA21309#2	NA			NA	HLA-A*02:02:01:01	HLA-B*49:01:01:01	HLA-C*07:01:01:16	HLA-DMA*01:01:01:02	HLA-DMB*01:03:01:new	HLA-DOA*01:01:01:new	HLA-DOB*01:01:01:01	HLA-DPA1*01:03:01:01	HLA-DPA2*01:new	HLA-DPB1*30:01:01:01	HLA-DPB2*03:01:01:new	HLA-DQA1*01:02:01:04	HLA-DQA2*01:01:01:04	HLA-DQB1*06:04:01:01	HLA-DQB2*01:02:01:01	HLA-DRA*01:02:02:08	HLA-DRB1*13:02:01:new	HLA-DRB3*03:01:01:01			HLA-E*01:01:01:01	HLA-F*01:01:02:11	HLA-G*01:03:01:02	HLA-H*01:03:01:01	HLA-J*01:new	HLA-K*01:new	HLA-L*01:01:01:01	HLA-N*01:01:01:01	HLA-P*02:new	HLA-S*01:01:01:01	HLA-T*01:01:01:new	HLA-U*01:03:00:new	HLA-V*01:new	HLA-W*05:new		MICA*004:01:new	MICB*003:01:02	TAP1*01:01:01:03	TAP2*01:03:03:new
HPRC_r2	hg002#1	NA		NA		HLA-A*26:01:01:01	HLA-B*38:01:01:01	HLA-C*12:03:01:01	HLA-DMA*01:01:01:01	HLA-DMB*01:02:01:new	HLA-DOA*01:01:02:45	HLA-DOB*01:01:01:01	HLA-DPA1*01:03:01:04	HLA-DPA2*01:01:01:new	HLA-DPB1*04:01:01:03	HLA-DPB2*01:new	HLA-DQA1*03:01:01:01	HLA-DQA2*01:01:01:04	HLA-DQB1*03:02:01:01	HLA-DQB2*01:02:01:01	HLA-DRA*01:01:01:03	HLA-DRB1*04:02:01:new		HLA-DRB4*01:03:01:10		HLA-E*01:03:01:01	HLA-F*01:01:01:08	HLA-G*01:01:02:01	HLA-H*01:02:01:02	HLA-J*01:01:01:08	HLA-K*01:01:01:03	HLA-L*01:03	HLA-N*01:01:01:03	HLA-P*01:01:01:02	HLA-S*01:02:01:03	HLA-T*01:01:01:new	HLA-U*01:new	HLA-V*01:01:01:03	HLA-W*01:01:01:new		MICA*002:01:13Q:new	MICB*002:01:new	TAP1*01:01:01:05	TAP2*01:03:02:new
HPRC_r2	hg002#2	NA		NA		HLA-A*01:01:01:01	HLA-B*35:08:01:01	HLA-C*04:01:01:06	HLA-DMA*01:01:01:01	HLA-DMB*01:01:01:01	HLA-DOA*01:01:01:01	HLA-DOB*01:01:01:04	HLA-DPA1*01:03:01:02	HLA-DPA2*01:01:01:01	HLA-DPB1*04:01:01:01	HLA-DPB2*03:01:01:new	HLA-DQA1*01:05:01:01	HLA-DQA2*01:01:01:new	HLA-DQB1*05:01:01:05	HLA-DQB2*01:02:02:01	HLA-DRA*01:01:01:11	HLA-DRB1*10:01:01:03				HLA-E*01:01:01:01	HLA-F*01:01:01:09	HLA-G*01:06:01:01	HLA-H*02:01:01:01	HLA-J*01:01:01:02	HLA-K*01:01:01:02	HLA-L*01:01:01:01	HLA-N*01:01:01:03	HLA-P*01:01:01:01	HLA-S*01:02:new	HLA-T*01:01:01:01	HLA-U*01:01:01:01	HLA-V*01:01:01:02	HLA-W*01:01:01:06		MICA*016:01:01	MICB*002:new	TAP1*01:01:01:01	TAP2*02:01:02:02
JaSaPaGe-Japanese	NA18940.JaSaPaGe#1	NA;NA				HLA-A*24:02:01:01	HLA-B*52:01:01:02	HLA-C*12:02:02:01	HLA-DMA*01:01:01:01	HLA-DMB*01:01:01:01	HLA-DOA*01:01:02:45	HLA-DOB*01:02:02	HLA-DPA1*01:03:01:new	HLA-DPA2*02:01:01:01	HLA-DPB1*02:01:02:32	HLA-DPB2*01:01:02	HLA-DQA1*01:03:01:01	HLA-DQA2*01:05:01:new	HLA-DQB1*06:01:01:01	HLA-DQB2*01:08	HLA-DRA*01:02:02:10	HLA-DRB1*15:02:01:new			HLA-DRB5*01:02:01:new	HLA-E*01:03:01:01	HLA-F*01:01:02:10	HLA-G*01:04:01:02		HLA-J*01:01:01:02		HLA-L*01:03	HLA-N*01:01:01:03	HLA-P*02:01:01:new	HLA-S*01:04			HLA-V*01:01:01:04	HLA-W*05:02		MICA*009:01:08	MICB*005:03:new	TAP1*01:01:01:02	TAP2*01:01:07:05
JaSaPaGe-Japanese	NA18940.JaSaPaGe#2	NA			NA	HLA-A*24:02:01:01	HLA-B*46:01:01:01	HLA-C*01:03:01	HLA-DMA*01:01:01:01	HLA-DMB*01:01:01:01	HLA-DOA*01:01:02:02	HLA-DOB*01:01:03:09	HLA-DPA1*01:03:01:15	HLA-DPA2*01:01:01:02	HLA-DPB1*04:02:01:new	HLA-DPB2*03:01:01:new	HLA-DQA1*04:01:01:02	HLA-DQA2*01:01:02:07	HLA-DQB1*04:02:01:07	HLA-DQB2*01:07:01:new	HLA-DRA*01:02:02:new	HLA-DRB1*08:02:01:new				HLA-E*01:03:02:01	HLA-F*01:01:01:01	HLA-G*01:01:01:01		HLA-J*01:01:01:02		HLA-L*01:03	HLA-N*01:01:01:03	HLA-P*02:01:01:01	HLA-S*01:04			HLA-V*01:01:01:01	HLA-W*01:01:01:07		MICA*010:01:05	MICB*005:02:new	TAP1*01:01:01:new	TAP2*01:01:03:14
JaSaPaGe-Japanese	NA18943.JaSaPaGe#1	NA			NA	HLA-A*02:07:01:01	HLA-B*46:01:01:01	HLA-C*01:02:01:01	HLA-DMA*01:01:01:03	HLA-DMB*01:03:01:03	HLA-DOA*01:01:04:new	HLA-DOB*01:01:01:27	HLA-DPA1*02:02:02:01	HLA-DPA2*01:new	HLA-DPB1*05:01:01:08	HLA-DPB2*03:02:00:new	HLA-DQA1*01:03:01:07	HLA-DQA2*01:01:02:new	HLA-DQB1*06:01:01:01	HLA-DQB2*01:01:01:new	HLA-DRA*01:03	HLA-DRB1*08:03:02:02				HLA-E*01:03:02:01	HLA-F*01:01:01:01	HLA-G*01:01:01:01	HLA-H*01:01:01:01	HLA-J*01:01:01:05	HLA-K*01:02	HLA-L*01:03	HLA-N*01:01:01:03	HLA-P*02:01:01:01	HLA-S*01:04	HLA-T*01:01:01:05	HLA-U*01:03:00:new	HLA-V*01:01:01:01	HLA-W*03:01:01:01		MICA*010:01:05	MICB*005:02:21	TAP1*02:01:01:new	TAP2*02:new
JaSaPaGe-Japanese	NA18943.JaSaPaGe#2	NA		NA		HLA-A*02:06:01:01	HLA-B*35:01:01:02	HLA-C*03:03:01:01	HLA-DMA*01:02:01:01	HLA-DMB*01:01:01:02	HLA-DOA*01:01:02:45	HLA-DOB*01:01:05	HLA-DPA1*01:03:01:01	HLA-DPA2*02:01:01:01	HLA-DPB1*02:01:02:89	HLA-DPB2*01:01:02:new	HLA-DQA1*04:01:01:02	HLA-DQA2*01:01:02:07	HLA-DQB1*04:02:01:04	HLA-DQB2*01:07:01:new	HLA-DRA*01:02:02:11	HLA-DRB1*08:02:01:01				HLA-E*01:01:01:01	HLA-F*01:01:01:13	HLA-G*01:01:01:01	HLA-H*01:01:01:01	HLA-J*01:01:01:05	HLA-K*01:02	HLA-L*01:01:01:new	HLA-N*01:01:01:new	HLA-P*02:01:01:01	HLA-S*01:02:new	HLA-T*01:01:01:02	HLA-U*01:03:00:new	HLA-V*01:01:01:01	HLA-W*03:01:01:new		MICA*002:01:03	MICB*005:02:new	TAP1*01:01:new	TAP2*02:01:03:03
JaSaPaGe-Japanese	NA18945.JaSaPaGe#1	NA	NA			HLA-A*31:01:02:01	HLA-B*15:01:01:01	HLA-C*07:02:01:127	HLA-DMA*01:02:01:01	HLA-DMB*01:01:01:02	HLA-DOA*01:01:02:45	HLA-DOB*01:01:05	HLA-DPA1*02:02:02:01	HLA-DPA2*01:new	HLA-DPB1*05:01:01:11	HLA-DPB2*03:02:00:new	HLA-DQA1*03:02:01:01	HLA-DQA2*01:01:02:01	HLA-DQB1*03:03:02:02	HLA-DQB2*01:01:01:01	HLA-DRA*01:01:01:12	HLA-DRB1*09:01:02:new		HLA-DRB4*01:03:02:01		HLA-E*01:01:01:03	HLA-F*01:01:01:new	HLA-G*01:01:02:01	HLA-H*02:09	HLA-J*01:01:01:09	HLA-K*01:04	HLA-L*01:03	HLA-N*01:01:01:01	HLA-P*01:01:01:01	HLA-S*01:04	HLA-T*03:01:01:02	HLA-U*01:new	HLA-V*01:01:01:02	HLA-W*01:new	HLA-Y*02:01	MICA*010:01:new	MICB*005:02:21	TAP1*01:01:01:05	TAP2*02:01:03:03
JaSaPaGe-Japanese	NA18945.JaSaPaGe#2	NA			NA	HLA-A*33:03:01:01	HLA-B*44:03:01:10	HLA-C*14:03:01:01	HLA-DMA*01:01:01:01	HLA-DMB*01:02:01:01	HLA-DOA*01:01:02:08	HLA-DOB*01:01:01:01	HLA-DPA1*01:03:01:01	HLA-DPA2*02:01:01:01	HLA-DPB1*02:01:02:01	HLA-DPB2*01:01:02:new	HLA-DQA1*01:02:01:08	HLA-DQA2*01:01:01:04	HLA-DQB1*06:04:01:01	HLA-DQB2*01:02:01:02	HLA-DRA*01:02:02:08	HLA-DRB1*13:02:01:new	HLA-DRB3*03:01:01:02			HLA-E*01:03:01:02	HLA-F*01:01:02:10	HLA-G*01:04:01:01	HLA-H*02:08:01:01	HLA-J*01:01:01:09	HLA-K*01:04	HLA-L*01:01:01:01	HLA-N*01:01:01:03	HLA-P*new	HLA-S*01:01:01:01	HLA-T*03:01:01:02	HLA-U*01:06:00:new	HLA-V*01:new	HLA-W*01:new	HLA-Y*02:01:00:new	MICA*004:01:02	MICB*005:02:new	TAP1*01:01:01:new	TAP2*01:03:02:new
JaSaPaGe-Japanese	NA18952.JaSaPaGe#1	NA		NA		HLA-A*31:01:02:01	HLA-B*51:01:01:01	HLA-C*14:02:01:01	HLA-DMA*01:01:01:03	HLA-DMB*01:03:01:03	HLA-DOA*01:01:02:45	HLA-DOB*01:01:01:24	HLA-DPA1*02:02:02:01	HLA-DPA2*01:new	HLA-DPB1*05:01:01:01	HLA-DPB2*03:02:00:new	HLA-DQA1*03:02:01:01	HLA-DQA2*01:01:02:01	HLA-DQB1*03:03:02:03	HLA-DQB2*01:01:01:01	HLA-DRA*01:01:01:12	HLA-DRB1*09:01:02:new		HLA-DRB4*01:03:02:new		HLA-E*01:01:01:01	HLA-F*01:01:01:11	HLA-G*01:03:01:02	HLA-H*02:09	HLA-J*01:01:01:09	HLA-K*01:04	HLA-L*01:01:01:new	HLA-N*01:01:01:new	HLA-P*02:new	HLA-S*01:02:01:03	HLA-T*03:01:01:new	HLA-U*01:new	HLA-V*01:new	HLA-W*01:new	HLA-Y*02:new	MICA*049:01:new	MICB*002:01:02	TAP1*01:01:01:05	TAP2*02:01:03:03
JaSaPaGe-Japanese	NA18952.JaSaPaGe#2	NA		NA		HLA-A*31:01:02:01	HLA-B*51:01:01:01	HLA-C*14:02:01:01	HLA-DMA*01:01:01:03	HLA-DMB*01:03:01:03	HLA-DOA*01:01:02:45	HLA-DOB*01:01:01:24	HLA-DPA1*02:02:02:01	HLA-DPA2*01:new	HLA-DPB1*05:01:01:01	HLA-DPB2*03:02:00:new	HLA-DQA1*03:02:01:01	HLA-DQA2*01:01:02:01	HLA-DQB1*03:03:02:03	HLA-DQB2*01:01:01:01	HLA-DRA*01:01:01:12	HLA-DRB1*09:01:02:new		HLA-DRB4*01:03:02:new		HLA-E*01:01:01:01	HLA-F*01:01:01:11	HLA-G*01:03:01:02	HLA-H*02:09	HLA-J*01:01:01:09	HLA-K*01:04	HLA-L*01:01:01:new	HLA-N*01:01:01:new	HLA-P*02:new	HLA-S*01:02:01:03	HLA-T*03:01:01:new	HLA-U*01:new	HLA-V*01:new	HLA-W*01:new	HLA-Y*02:new	MICA*049:01:new	MICB*002:01:02	TAP1*01:01:01:05	TAP2*02:01:03:03
JaSaPaGe-Japanese	NA18970.JaSaPaGe#1	NA		NA		HLA-A*26:01:01:12	HLA-B*54:01:01:01	HLA-C*01:02:01:05	HLA-DMA*01:01:01:03	HLA-DMB*01:03:01:new	HLA-DOA*01:01:01:01	HLA-DOB*01:01:01:01	HLA-DPA1*02:02:02:01	HLA-DPA2*01:new	HLA-DPB1*05:01:01:01	HLA-DPB2*03:02:00:new	HLA-DQA1*01:04:01:01	HLA-DQA2*01:01:01:new	HLA-DQB1*05:03:01:02	HLA-DQB2*01:08:00:new	HLA-DRA*01:01:01:01	HLA-DRB1*14:05:01:new	HLA-DRB3*02:02:01:new			HLA-E*01:03:02:01	HLA-F*01:01:01:new	HLA-G*01:01:02:01	HLA-H*01:02:01:01	HLA-J*01:01:01:02	HLA-K*01:01:01:03	HLA-L*01:02:00:new	HLA-N*01:01:01:03	HLA-P*01:01:01:02	HLA-S*01:02:01:01	HLA-T*01:01:01:new	HLA-U*01:new	HLA-V*01:01:01:03	HLA-W*01:01:01:07		MICA*012:01:02	MICB*005:02:new	TAP1*01:01:01:new	TAP2*01:01:03:new
JaSaPaGe-Japanese	NA18970.JaSaPaGe#2	NA			NA	HLA-A*24:02:01:01	HLA-B*15:18:01:02	HLA-C*07:04:01:01	HLA-DMA*01:01:01:01	HLA-DMB*01:01:01:new	HLA-DOA*01:01:02:45	HLA-DOB*01:01:03:09	HLA-DPA1*02:01:01:02	HLA-DPA2*01:new	HLA-DPB1*09:01:01:01	HLA-DPB2*01:new	HLA-DQA1*03:03:01:01	HLA-DQA2*01:01:02:07	HLA-DQB1*03:276N	HLA-DQB2*01:07:01:new	HLA-DRA*01:01:01:03	HLA-DRB1*04:01:01:new		HLA-DRB4*01:02		HLA-E*01:03:02:01	HLA-F*01:01:01:09	HLA-G*01:04:01:01		HLA-J*01:01:01:02		HLA-L*01:01:01:01	HLA-N*01:01:01:01	HLA-P*02:01:01:new	HLA-S*01:new			HLA-V*01:01:01:04	HLA-W*01:01:01:07		MICA*019:01:03	MICB*004:01:new	TAP1*01:01:01:new	TAP2*01:01:03:new
JaSaPaGe-Japanese	NA18990#1	NA			NA	HLA-A*33:03:01:01	HLA-B*44:03:01:10	HLA-C*14:03:01:01	HLA-DMA*01:01:01:02	HLA-DMB*01:03:01:17	HLA-DOA*01:01:02:15	HLA-DOB*01:01:01:01	HLA-DPA1*02:02:02:01	HLA-DPA2*02:01:01:01	HLA-DPB1*02:01:02:29	HLA-DPB2*01:01:02:new	HLA-DQA1*01:02:01:08	HLA-DQA2*01:01:01:04	HLA-DQB1*06:04:01:01	HLA-DQB2*01:02:01:02	HLA-DRA*01:02:02:08	HLA-DRB1*13:02:01:02	HLA-DRB3*03:01:01:02			HLA-E*01:03:01:02	HLA-F*01:01:02:10	HLA-G*01:04:01:01	HLA-H*02:08:01:01	HLA-J*01:01:01:09	HLA-K*01:04	HLA-L*01:01:01:01	HLA-N*01:01:01:03	HLA-P*new	HLA-S*01:01:01:01	HLA-T*03:01:01:02	HLA-U*01:06:00:new	HLA-V*01:new	HLA-W*01:new	HLA-Y*02:01	MICA*004:01:02	MICB*005:02:new	TAP1*01:01:01:01	TAP2*01:03:02:new
JaSaPaGe-Japanese	NA18990#2	NA			NA	HLA-A*24:02:01:01	HLA-B*40:02:01:01	HLA-C*03:03:01:01	HLA-DMA*01:01:01:02	HLA-DMB*01:03:01:new	HLA-DOA*01:01:01:04	HLA-DOB*01:01:01:09	HLA-DPA1*02:02:02:01	HLA-DPA2*02:01:01:01	HLA-DPB1*02:01:02:new	HLA-DPB2*01:01:02:new	HLA-DQA1*03:02:01:01	HLA-DQA2*01:01:02:09	HLA-DQB1*03:03:02:15	HLA-DQB2*01:01:01:new	HLA-DRA*01:01:01:new	HLA-DRB1*09:01:02:new		HLA-DRB4*01:03:02:01		HLA-E*01:03:02:01	HLA-F*01:01:01:09	HLA-G*01:04:01:01		HLA-J*01:01:01:02		HLA-L*01:01:01:01	HLA-N*01:01:01:01	HLA-P*02:01:01:new	HLA-S*01:02:01:03			HLA-V*01:01:01:04	HLA-W*01:01:01:07		MICA*027:01:02	MICB*002:01:new	TAP1*01:01:01:03	TAP2*01:02:02:new
JaSaPaGe-Japanese	NA19007#1	NA				HLA-A*26:03:01:01	HLA-B*35:01:01:02	HLA-C*03:03:01:01	HLA-DMA*01:01:01:01	HLA-DMB*01:02:01:01	HLA-DOA*01:01:01:01	HLA-DOB*01:01:01:28	HLA-DPA1*02:02:02:02	HLA-DPA2*01:01:02:new	HLA-DPB1*03:01:01:08	HLA-DPB2*01:01:02:new	HLA-DQA1*03:02:01:01	HLA-DQA2*01:01:02:09	HLA-DQB1*03:03:02:02	HLA-DQB2*01:01:01:new	HLA-DRA*01:01:01:12	HLA-DRB1*09:01:02:new		HLA-DRB4*01:03:02:01		HLA-E*01:03:01:04	HLA-F*01:01:01:08	HLA-G*01:01:02:01	HLA-H*01:02:01:01	HLA-J*01:01:01:16	HLA-K*01:new	HLA-L*01:new	HLA-N*01:01:01:new	HLA-P*01:01:01:new	HLA-S*01:02:new	HLA-T*01:01:01:new	HLA-U*01:new	HLA-V*01:01:01:new	HLA-W*01:new		MICA*002:01:06	MICB*005:02:new	TAP1*01:01:01:new	TAP2*01:05:01:03
JaSaPaGe-Japanese	NA19007#2	NA			NA	HLA-A*02:07:01:01	HLA-B*46:01:01:01	HLA-C*01:02:01:01	HLA-DMA*01:02:01:01	HLA-DMB*01:01:01:29	HLA-DOA*01:01:04:10	HLA-DOB*01:01:01:27	HLA-DPA1*02:02:02:01	HLA-DPA2*02:01:01:02	HLA-DPB1*02:02:01:02	HLA-DPB2*01:01:02	HLA-DQA1*01:03:01:07	HLA-DQA2*01:01:02:new	HLA-DQB1*06:01:01:01	HLA-DQB2*01:01:01:new	HLA-DRA*01:03	HLA-DRB1*08:03:02:02				HLA-E*01:03:02:01	HLA-F*01:01:01:01	HLA-G*01:01:01:01	HLA-H*01:01:01:01	HLA-J*01:01:01:05	HLA-K*01:new	HLA-L*01:03	HLA-N*01:01:01:03	HLA-P*02:01:01:01	HLA-S*01:04	HLA-T*01:01:01:05	HLA-U*01:03:00:new	HLA-V*01:01:01:01	HLA-W*03:01:01:01		MICA*010:01:05	MICB*005:02:21	TAP1*01:01:01:03	TAP2*02:new
JaSaPaGe-Japanese	NA19066#1	NA;NA				HLA-A*24:02:01:01	HLA-B*52:01:01:02	HLA-C*12:02:02:01	HLA-DMA*01:01:01:03	HLA-DMB*01:03:01:03	HLA-DOA*01:01:02:45	HLA-DOB*01:02:02	HLA-DPA1*02:02:02:01	HLA-DPA2*01:new	HLA-DPB1*05:01:01:01	HLA-DPB2*03:02:00:new	HLA-DQA1*01:03:01:01	HLA-DQA2*01:05:01:new	HLA-DQB1*06:01:01:01	HLA-DQB2*01:08	HLA-DRA*01:02:02:10	HLA-DRB1*15:02:01:new			HLA-DRB5*01:02:01:new	HLA-E*01:03:01:01	HLA-F*01:01:02:10	HLA-G*01:04:01:02		HLA-J*01:01:01:02		HLA-L*01:03	HLA-N*01:01:01:03	HLA-P*02:01:01:new	HLA-S*01:04			HLA-V*01:01:01:04	HLA-W*05:02		MICA*009:01:08	MICB*005:03:new	TAP1*02:01:01:new	TAP2*01:new
JaSaPaGe-Japanese	NA19066#2	NA			NA	HLA-A*31:01:02:01	HLA-B*51:01:01:01	HLA-C*14:02:01:04	HLA-DMA*01:02:01:01	HLA-DMB*01:01:01:38	HLA-DOA*01:01:02:45	HLA-DOB*01:01:01:24	HLA-DPA1*02:01:01:03	HLA-DPA2*01:01:new	HLA-DPB1*17:01:01:new	HLA-DPB2*01:new	HLA-DQA1*02:01:01:01	HLA-DQA2*01:01:02:02	HLA-DQB1*02:02:01:01	HLA-DQB2*01:01:01:01	HLA-DRA*01:01:01:03	HLA-DRB1*07:01:01:01		HLA-DRB4*01:03:01:04		HLA-E*01:03:02:01	HLA-F*01:01:06	HLA-G*01:01:02:01	HLA-H*02:09	HLA-J*01:01:01:09	HLA-K*01:04	HLA-L*01:03	HLA-N*01:01:01:01	HLA-P*01:01:01:new	HLA-S*01:02:01:03	HLA-T*03:01:01:02	HLA-U*01:new	HLA-V*01:01:01:02	HLA-W*01:new	HLA-Y*02:01	MICA*049:01:new	MICB*005:02:new	TAP1*01:01:01:new	TAP2*02:01:03:new
JaSaPaGe-Japanese	NA19079#1	NA	NA			HLA-A*24:02:01:01	HLA-B*48:01:01:01	HLA-C*08:01:01:01	HLA-DMA*01:01:01:01	HLA-DMB*01:02:01:01	HLA-DOA*01:01:01:01	HLA-DOB*01:01:05	HLA-DPA1*02:02:02:new	HLA-DPA2*01:01:02:new	HLA-DPB1*03:01:01:09	HLA-DPB2*01:01:02:new	HLA-DQA1*03:01:01:01	HLA-DQA2*01:01:02:new	HLA-DQB1*03:02:01:01	HLA-DQB2*01:01:01:15	HLA-DRA*01:01:01:03	HLA-DRB1*04:03:01:new		HLA-DRB4*01:03:01:new		HLA-E*01:01:01:01	HLA-F*01:01:01:09	HLA-G*01:04:01:01		HLA-J*01:01:01:02		HLA-L*01:03	HLA-N*01:01:01:03	HLA-P*02:01:01:new	HLA-S*01:new			HLA-V*01:01:01:04	HLA-W*01:01:01:07			MICB*009:01:new	TAP1*01:01:01:new	TAP2*02:01:03:03
JaSaPaGe-Japanese	NA19079#2	NA			NA	HLA-A*33:03:01:01	HLA-B*44:03:01:10	HLA-C*14:03:01:01	HLA-DMA*01:01:01:04	HLA-DMB*01:01:01:new	HLA-DOA*01:01:02:45	HLA-DOB*01:01:01:01	HLA-DPA1*02:02:02:01	HLA-DPA2*01:new	HLA-DPB1*05:01:01:01	HLA-DPB2*03:02:00:new	HLA-DQA1*01:02:01:08	HLA-DQA2*01:01:01:04	HLA-DQB1*06:04:01:01	HLA-DQB2*01:02:01:02	HLA-DRA*01:02:02:08	HLA-DRB1*13:02:01:new	HLA-DRB3*03:01:01:02			HLA-E*01:03:01:02	HLA-F*01:01:02:10	HLA-G*01:04:01:01	HLA-H*02:08:01:01	HLA-J*01:01:01:09	HLA-K*01:04	HLA-L*01:01:01:01	HLA-N*01:01:01:03	HLA-P*new	HLA-S*01:01:01:01	HLA-T*03:01:01:02	HLA-U*01:06:00:new	HLA-V*01:new	HLA-W*01:new	HLA-Y*02:01	MICA*004:01:02	MICB*005:02:new	TAP1*01:01:01:01	TAP2*01:03:02:new
JaSaPaGe-Japanese	NA19088#1	NA		NA		HLA-A*26:03:01:01	HLA-B*15:01:01:new	HLA-C*03:03:01:01	HLA-DMA*01:01:01:07	HLA-DMB*01:03:01:new	HLA-DOA*01:01:02:45	HLA-DOB*01:01:01:24	HLA-DPA1*01:03:01:new	HLA-DPA2*02:01:01:01	HLA-DPB1*02:01:02:new	HLA-DPB2*01:01:02	HLA-DQA1*05:03:01:02	HLA-DQA2*01:01:02:03	HLA-DQB1*03:01:01:10	HLA-DQB2*01:01:01:new	HLA-DRA*01:02:02:08	HLA-DRB1*14:03:01:new	HLA-DRB3*01:01:02:new			HLA-E*01:03:01:04	HLA-F*01:01:01:08	HLA-G*01:01:02:01	HLA-H*01:02:01:01	HLA-J*01:01:01:16	HLA-K*01:new	HLA-L*01:new	HLA-N*01:01:01:new	HLA-P*01:01:01:new	HLA-S*01:04	HLA-T*01:01:01:new	HLA-U*01:new	HLA-V*01:01:01:new	HLA-W*01:new		MICA*010:new	MICB*005:02:21	TAP1*02:01:01:new	TAP2*02:01:02:new
JaSaPaGe-Japanese	NA19088#2			NA;NA;NA		HLA-A*24:02:01:01	HLA-B*15:07:01:01	HLA-C*03:03:01:01	HLA-DMA*01:01:01:02	HLA-DMB*01:03:01:new	HLA-DOA*01:01:04:01	HLA-DOB*01:01:01:01	HLA-DPA1*01:03:01:01	HLA-DPA2*02:01:01:01	HLA-DPB1*02:01:02:new	HLA-DPB2*01:01:02	HLA-DQA1*03:01:01:01	HLA-DQA2*01:01:01:04	HLA-DQB1*03:02:01:01	HLA-DQB2*01:02:01:01	HLA-DRA*01:01:01:03	HLA-DRB1*04:03:01:new		HLA-DRB4*01:03:01:new		HLA-E*01:03:01:04	HLA-F*01:01:01:09	HLA-G*01:04:01:01		HLA-J*01:01:01:02		HLA-L*01:03	HLA-N*01:01:01:03	HLA-P*02:01:01:new	HLA-S*01:04			HLA-V*01:01:01:04	HLA-W*01:new		MICA*010:01:new	MICB*005:02:new	TAP1*01:01:01:05	TAP2*01:03:02:07
JaSaPaGe-Saudi	ksa001#1	NA		NA		HLA-A*69:01:01:01	HLA-B*44:03:01:19	HLA-C*16:02:01:01	HLA-DMA*01:01:01:02	HLA-DMB*01:03:01:17	HLA-DOA*01:01:02:45	HLA-DOB*01:01:01:01	HLA-DPA1*01:03:01:01	HLA-DPA2*02:01:01:new	HLA-DPB1*02:01:02:01	HLA-DPB2*01:01:02	HLA-DQA1*03:01:01:01	HLA-DQA2*01:01:01:04	HLA-DQB1*03:02:01:01	HLA-DQB2*01:new	HLA-DRA*01:01:01:03	HLA-DRB1*04:02:01:new		HLA-DRB4*01:03:01:04		HLA-E*01:03:02:01	HLA-F*01:01:01:18	HLA-G*01:01:02:01	HLA-H*02:05:01:01	HLA-J*01:01:01:17	HLA-K*01:new	HLA-L*01:01:01:01	HLA-N*01:01:01:01	HLA-P*01:02	HLA-S*01:01:01:01	HLA-T*01:01:01:new	HLA-U*01:new	HLA-V*01:01:01:03	HLA-W*03:01:01:01		MICA*004:01:01	MICB*005:02:new	TAP1*01:01:01:05	TAP2*01:03:02:new
JaSaPaGe-Saudi	ksa001#2	NA		NA		HLA-A*31:01:02:01	HLA-B*35:03:01:01	HLA-C*01:02:01:01	HLA-DMA*01:01:01:05	HLA-DMB*01:01:01:30	HLA-DOA*01:01:01:01	HLA-DOB*01:01:03:09	HLA-DPA1*01:03:01:02	HLA-DPA2*01:01:01:01	HLA-DPB1*04:01:01:01	HLA-DPB2*03:01:01:new	HLA-DQA1*05:05:01:01	HLA-DQA2*01:01:02:new	HLA-DQB1*03:01:01:03	HLA-DQB2*01:01:01:new	HLA-DRA*01:01:01:07	HLA-DRB1*11:01:01:new	HLA-DRB3*02:02:01:new			HLA-E*01:03:01:01	HLA-F*01:01:01:11	HLA-G*01:03:01:02	HLA-H*02:09	HLA-J*01:01:01:09	HLA-K*01:04:00:new	HLA-L*01:03	HLA-N*01:01:01:new	HLA-P*02:new	HLA-S*01:02:new	HLA-T*03:01:01:02	HLA-U*01:new	HLA-V*01:new	HLA-W*01:new	HLA-Y*02:01	MICA*007:01:05	MICB*002:01:new	TAP1*02:01:01:new	TAP2*01:01:07:05
JaSaPaGe-Saudi	ksa002#1	NA	NA			HLA-A*68:01:01:02	HLA-B*15:17:01:03	HLA-C*07:01:02:08	HLA-DMA*01:01:01:04	HLA-DMB*01:01:01:01	HLA-DOA*01:01:02:new	HLA-DOB*01:01:01:01	HLA-DPA1*01:03:01:04	HLA-DPA2*01:01:01:01	HLA-DPB1*04:01:01:04	HLA-DPB2*03:01:01:03	HLA-DQA1*01:01:02:01	HLA-DQA2*01:03:00:new	HLA-DQB1*05:01:01:01	HLA-DQB2*01:01:01:02	HLA-DRA*01:01:01:new	HLA-DRB1*01:02:01:new				HLA-E*01:01:01:01	HLA-F*01:01:01:08	HLA-G*01:01:02:01	HLA-H*01:02:01:04	HLA-J*01:01:01:01	HLA-K*01:01:new	HLA-L*01:new	HLA-N*01:01:01:03	HLA-P*01:01:01:new	HLA-S*01:03	HLA-T*01:01:01:new	HLA-U*01:new	HLA-V*01:01:01:new	HLA-W*05:new		MICA*008:01:14	MICB*004:01:new	TAP1*01:new	TAP2*01:01:07:new
JaSaPaGe-Saudi	ksa002#2	NA			NA	HLA-A*68:01:01:02	HLA-B*08:01:01:02	HLA-C*07:02:01:01	HLA-DMA*01:01:01:15	HLA-DMB*01:03:01:10	HLA-DOA*01:01:02:30	HLA-DOB*01:01:03:09	HLA-DPA1*01:03:01:34	HLA-DPA2*01:new	HLA-DPB1*104:01:01:05	HLA-DPB2*03:01:01:new	HLA-DQA1*05:01:01:03	HLA-DQA2*01:01:04:new	HLA-DQB1*02:01:01:01	HLA-DQB2*01:new	HLA-DRA*01:01:01:01	HLA-DRB1*03:01:01:03	HLA-DRB3*02:02:01:new			HLA-E*01:01:01:01	HLA-F*01:01:01:18	HLA-G*01:01:02:01	HLA-H*02:05:01:01	HLA-J*01:01:01:17	HLA-K*01:new	HLA-L*01:01:01:02	HLA-N*01:01:01:01	HLA-P*01:02	HLA-S*01:02:01:01	HLA-T*01:01:01:new	HLA-U*01:new	HLA-V*01:01:01:03	HLA-W*03:01:01:01		MICA*008:01:07	MICB*002:01:new	TAP1*01:01:01:new	TAP2*01:01:03:new
JaSaPaGe-Saudi	ksa003#1	NA			NA	HLA-A*11:01:01:01	HLA-B*51:01:01:01	HLA-C*07:02:01:01	HLA-DMA*01:01:01:02	HLA-DMB*01:01:01:new	HLA-DOA*01:01:02:new	HLA-DOB*01:02:01:new	HLA-DPA1*01:03:01:33	HLA-DPA2*01:01:01:new	HLA-DPB1*02:01:02:26	HLA-DPB2*01:new	HLA-DQA1*03:03:01:01	HLA-DQA2*01:01:02:09	HLA-DQB1*03:02:01:01	HLA-DQB2*01:01:01:new	HLA-DRA*01:01:01:03	HLA-DRB1*04:05:01:new		HLA-DRB4*01:03:01:04		HLA-E*01:03:02:01	HLA-F*01:01:02:09	HLA-G*01:01:03:03	HLA-H*02:07:01:01	HLA-J*01:01:01:04	HLA-K*01:new	HLA-L*01:new	HLA-N*01:01:01:01	HLA-P*02:new	HLA-S*01:01:01:02	HLA-T*03:01:01:new	HLA-U*01:05:00:new	HLA-V*01:new	HLA-W*01:new		MICA*008:04:01	MICB*004:01:new	TAP1*04:01:00:new	TAP2*01:01:05:new
JaSaPaGe-Saudi	ksa003#2	NA		NA		HLA-A*32:01:01:01	HLA-B*51:01:01:09	HLA-C*15:02:01:01	HLA-DMA*01:01:01:02	HLA-DMB*01:03:01:17	HLA-DOA*01:01:02:45	HLA-DOB*01:04:01:new	HLA-DPA1*01:03:01:04	HLA-DPA2*01:01:01:01	HLA-DPB1*04:01:01:65	HLA-DPB2*03:new	HLA-DQA1*03:02:01:01	HLA-DQA2*01:01:02:01	HLA-DQB1*03:03:02:02	HLA-DQB2*01:01:01:01	HLA-DRA*01:01:01:12	HLA-DRB1*09:01:02:new		HLA-DRB4*01:03:02:new		HLA-E*01:03:01:01	HLA-F*01:01:02:10	HLA-G*01:01:22:01	HLA-H*02:03:02	HLA-J*01:01:01:12	HLA-K*01:01:01:04	HLA-L*01:03	HLA-N*01:01:01:03	HLA-P*02:01:01:02	HLA-S*01:02:01:03	HLA-T*02:01:01:02	HLA-U*01:02	HLA-V*01:01:01:01	HLA-W*04:01:00:new		MICA*009:01:new	MICB*005:03:new	TAP1*02:01:01:new	TAP2*01:01:03:new
JaSaPaGe-Saudi	ksa004#1	NA		NA		HLA-A*02:new	HLA-B*51:01:01:10	HLA-C*16:02:01:01	HLA-DMA*01:01:01:01	HLA-DMB*01:01:01:01	HLA-DOA*01:01:01:01	HLA-DOB*01:01:03:09	HLA-DPA1*01:03:01:05	HLA-DPA2*01:01:01:new	HLA-DPB1*04:02:01:02	HLA-DPB2*03:01:01:new	HLA-DQA1*01:03:01:10	HLA-DQA2*01:01:02:new	HLA-DQB1*06:03:01:02	HLA-DQB2*01:01:01:new	HLA-DRA*01:02:02:05	HLA-DRB1*13:01:01:new	HLA-DRB3*01:01:02:new			HLA-E*01:03:02:32	HLA-F*01:01:01:01	HLA-G*01:01:01:01	HLA-H*01:01:01:01	HLA-J*01:01:01:05	HLA-K*01:02:new	HLA-L*01:new	HLA-N*01:01:01:01	HLA-P*02:01:01:01	HLA-S*01:02:01:03	HLA-T*01:01:01:05	HLA-U*01:03:00:new	HLA-V*01:01:01:01	HLA-W*03:01:01:01				TAP1*01:01:01:02	TAP2*01:01:07:02
JaSaPaGe-Saudi	ksa004#2					HLA-A*01:01:01:01	HLA-B*15:17:01:03	HLA-C*07:01:02:01	HLA-DMA*01:01:01:02	HLA-DMB*01:03:01:15	HLA-DOA*01:01:02:45	HLA-DOB*01:01:01:01	HLA-DPA1*01:03:01:04	HLA-DPA2*01:01:01:new	HLA-DPB1*04:01:01:01	HLA-DPB2*03:01:01:03	HLA-DQA1*01:02:01:new	HLA-DQA2*01:03	HLA-DQB1*06:04:01:01	HLA-DQB2*01:01:01:02	HLA-DRA*01:02:02:08	HLA-DRB1*13:02:01:new	HLA-DRB3*03:01:01:02			HLA-E*01:01:01:01	HLA-F*01:01:01:09	HLA-G*01:09	HLA-H*02:01:01:01	HLA-J*01:01:01:02	HLA-K*01:01:01:02	HLA-L*01:01:01:01	HLA-N*01:01:01:03	HLA-P*01:01:01:01	HLA-S*01:03	HLA-T*01:01:01:01	HLA-U*01:01:01:01	HLA-V*01:01:01:02	HLA-W*01:01:01:06		MICA*008:01:new	MICB*005:08:00:new	TAP1*01:01:01:new	TAP2*01:01:03:new
JaSaPaGe-Saudi	ksa005#1	NA;NA		NA		HLA-A*03:01:01:01	HLA-B*51:01:01:06	HLA-C*15:02:01:01	HLA-DMA*01:04	HLA-DMB*01:01:01:new	HLA-DOA*01:01:04:01	HLA-DOB*01:01:01:28	HLA-DPA1*01:03:01:33	HLA-DPA2*01:01:01:new	HLA-DPB1*02:01:02:26	HLA-DPB2*01:new	HLA-DQA1*01:03:01:10	HLA-DQA2*01:03	HLA-DQB1*06:03:01:02	HLA-DQB2*01:01:01:02	HLA-DRA*01:02:02:new	HLA-DRB1*13:01:01:01	HLA-DRB3*01:01:02:new			HLA-E*01:01:01:01	HLA-F*01:03:01:01	HLA-G*01:01:01:05	HLA-H*02:04:01	HLA-J*01:01:01:04	HLA-K*01:01:01:01	HLA-L*01:01:01:02	HLA-N*01:01:01:01	HLA-P*02:01:01:02	HLA-S*01:02:01:03	HLA-T*03:01:01:01	HLA-U*01:04	HLA-V*01:01:01:01	HLA-W*01:new		MICA*009:01:new	MICB*002:01:new	TAP1*01:01:01:01	TAP2*01:01:03:new
JaSaPaGe-Saudi	ksa005#2	NA;NA		NA		HLA-A*31:01:02:01	HLA-B*35:08:01:01	HLA-C*04:01:01:06	HLA-DMA*01:01:01:02	HLA-DMB*01:03:01:new	HLA-DOA*01:01:02:45	HLA-DOB*01:01:03:09	HLA-DPA1*01:03:04	HLA-DPA2*02:01:01:01	HLA-DPB1*02:01:02:01	HLA-DPB2*01:01:02	HLA-DQA1*03:01:01:new	HLA-DQA2*01:03	HLA-DQB1*03:02:01:01	HLA-DQB2*01:01:01:17	HLA-DRA*01:01:01:03	HLA-DRB1*04:03:01:new		HLA-DRB4*01:03:01:04		HLA-E*01:01:01:01	HLA-F*01:01:01:11	HLA-G*01:03:01:02	HLA-H*02:09	HLA-J*01:01:01:09	HLA-K*01:04	HLA-L*01:03	HLA-N*01:01:01:03	HLA-P*02:new	HLA-S*01:02:new	HLA-T*03:01:01:02	HLA-U*01:new	HLA-V*01:new	HLA-W*01:new	HLA-Y*02:01	MICA*016:01:01	MICB*002:01:new	TAP1*01:01:01:01	TAP2*01:01:03:new
JaSaPaGe-Saudi	ksa006#1		NA	NA	NA	HLA-A*02:05:01:01	HLA-B*50:01:01:01	HLA-C*06:02:01:02	HLA-DMA*01:02:01:02	HLA-DMB*01:02:01:new	HLA-DOA*01:01:02:09	HLA-DOB*01:03:01:02	HLA-DPA1*01:03:01:new	HLA-DPA2*02:01:01:01	HLA-DPB1*02:01:02:new	HLA-DPB2*01:01:02	HLA-DQA1*02:01:01:01	HLA-DQA2*01:04:01:01	HLA-DQB1*02:02:01:01	HLA-DQB2*01:01:01:04	HLA-DRA*01:01:01:03	HLA-DRB1*07:01:01:01		HLA-DRB4*01:03:01:11		HLA-E*01:01:01:01	HLA-F*01:01:02:11	HLA-G*01:03:01:02	HLA-H*01:03:01:02	HLA-J*01:01:01:14	HLA-K*01:new	HLA-L*01:new	HLA-N*01:01:01:05	HLA-P*02:new	HLA-S*01:01:01:01	HLA-T*01:01:01:new	HLA-U*01:03:00:new	HLA-V*01:new	HLA-W*05:new		MICA*009:02:01	MICB*005:06:new	TAP1*01:01:01:new	TAP2*01:01:03:02
JaSaPaGe-Saudi	ksa006#2	NA				HLA-A*74:01:01:01	HLA-B*35:03:01:03	HLA-C*04:01:01:14	HLA-DMA*01:02:01:01	HLA-DMB*01:01:01:11	HLA-DOA*01:01:01:01	HLA-DOB*01:04:01:new	HLA-DPA1*01:03:01:01	HLA-DPA2*02:01:01:01	HLA-DPB1*02:01:02:73	HLA-DPB2*01:01:02:new	HLA-DQA1*03:03:01:01	HLA-DQA2*01:04:01:01	HLA-DQB1*03:02:01:01	HLA-DQB2*01:01:01:04	HLA-DRA*01:01:01:24	HLA-DRB1*04:05:01:new		HLA-DRB4*01:03:01:11		HLA-E*01:01:01:01	HLA-F*01:01:02:08	HLA-G*01:01:01:04	HLA-H*02:05:01:02	HLA-J*01:01:01:30	HLA-K*01:new	HLA-L*01:new	HLA-N*01:01:01:new	HLA-P*02:01:01:01	HLA-S*01:02:01:03	HLA-T*01:01:01:new	HLA-U*01:new	HLA-V*01:01:01:01	HLA-W*02:new		MICA*009:01:04	MICB*002:01:new	TAP1*02:01:01:new	TAP2*01:01:03:new
JaSaPaGe-Saudi	ksa007#1	NA		NA		HLA-A*68:01:01:02	HLA-B*51:01:01:06	HLA-C*15:02:01:01	HLA-DMA*01:01:01:01	HLA-DMB*01:01:01:05	HLA-DOA*01:01:02:45	HLA-DOB*01:01:01:28	HLA-DPA1*01:03:01:01	HLA-DPA2*02:01:01:new	HLA-DPB1*47:01:01:01	HLA-DPB2*01:01:02	HLA-DQA1*01:03:01:10	HLA-DQA2*01:03	HLA-DQB1*06:03:01:02	HLA-DQB2*01:01:01:02	HLA-DRA*01:02:02:05	HLA-DRB1*13:01:01:new	HLA-DRB3*01:01:02:new			HLA-E*01:01:01:01	HLA-F*01:01:01:18	HLA-G*01:01:02:01	HLA-H*02:05:01:01	HLA-J*01:01:01:17	HLA-K*01:new	HLA-L*01:01:01:02	HLA-N*01:01:01:01	HLA-P*01:02	HLA-S*01:02:01:03	HLA-T*01:01:01:new	HLA-U*01:new	HLA-V*01:01:01:03	HLA-W*03:01:01:01		MICA*009:01:new	MICB*002:01:new	TAP1*01:01:01:01	TAP2*01:01:03:new
JaSaPaGe-Saudi	ksa007#2	NA;NA				HLA-A*24:02:01:01	HLA-B*52:01:01:02	HLA-C*12:02:02:01	HLA-DMA*01:01:01:01	HLA-DMB*01:01:01:01	HLA-DOA*01:01:04:01	HLA-DOB*01:02:02	HLA-DPA1*01:03:01:04	HLA-DPA2*01:01:01:new	HLA-DPB1*04:01:01:06	HLA-DPB2*03:01:01:03	HLA-DQA1*01:03:01:01	HLA-DQA2*01:05:01:new	HLA-DQB1*06:01:01:01	HLA-DQB2*01:08	HLA-DRA*01:02:02:10	HLA-DRB1*15:02:01:new			HLA-DRB5*01:02:01:new	HLA-E*01:01:01:01	HLA-F*01:01:01:18	HLA-G*01:01:02:01		HLA-J*01:01:01:02		HLA-L*01:03	HLA-N*01:01:01:01	HLA-P*01:02	HLA-S*01:04			HLA-V*01:01:01:03	HLA-W*01:new		MICA*009:01:08	MICB*005:03:new	TAP1*01:01:01:02	TAP2*01:01:07:05
JaSaPaGe-Saudi	ksa008#1		NA	NA		HLA-A*02:05:01:01	HLA-B*50:01:01:01	HLA-C*06:02:01:02	HLA-DMA*01:01:01:02	HLA-DMB*01:03:01:17	HLA-DOA*01:01:02:20	HLA-DOB*01:01:01:24	HLA-DPA1*01:03:01:01	HLA-DPA2*02:01:01:01	HLA-DPB1*02:01:02:05	HLA-DPB2*01:01:02	HLA-DQA1*02:01:01:01	HLA-DQA2*01:01:02:09	HLA-DQB1*02:02:01:01	HLA-DQB2*01:01:01:new	HLA-DRA*01:01:01:03	HLA-DRB1*07:01:01:01		HLA-DRB4*01:03:01:04		HLA-E*01:01:01:01	HLA-F*01:01:02:11	HLA-G*01:03:01:02	HLA-H*01:03:01:02	HLA-J*01:01:01:14	HLA-K*01:new	HLA-L*01:new	HLA-N*01:01:01:05	HLA-P*02:new	HLA-S*01:01:01:01	HLA-T*01:01:01:new	HLA-U*01:03:00:new	HLA-V*01:new	HLA-W*05:new		MICA*009:02:01	MICB*005:06:new	TAP1*01:01:01:new	TAP2*02:01:03:04
JaSaPaGe-Saudi	ksa008#2	NA			NA	HLA-A*29:02:01:02	HLA-B*45:01:01:new	HLA-C*06:02:01:03	HLA-DMA*01:01:01:19	HLA-DMB*01:01:01:new	HLA-DOA*01:01:02:new	HLA-DOB*01:01:01:01	HLA-DPA1*04:02:01:02	HLA-DPA2*01:new	HLA-DPB1*665:01:01	HLA-DPB2*03:01:01:new	HLA-DQA1*01:03:01:10	HLA-DQA2*01:01:01:new	HLA-DQB1*06:04:01:01	HLA-DQB2*01:02:04:new	HLA-DRA*01:01:01:01	HLA-DRB1*13:01:01:new	HLA-DRB3*02:02:01:new			HLA-E*01:03:05:01	HLA-F*01:new	HLA-G*01:01:01:04	HLA-H*02:02:02	HLA-J*01:01:01:new	HLA-K*01:03:00:new	HLA-L*01:new	HLA-N*01:01:01:01	HLA-P*02:01:01:01	HLA-S*01:01:01:01	HLA-T*02:01:01:01	HLA-U*01:01:01:02	HLA-V*01:01:01:01	HLA-W*02:01		MICA*009:02:04	MICB*033:00:00:new	TAP1*04:01:00:new	TAP2*01:04:01:new
JaSaPaGe-Saudi	ksa009#1	NA			NA	HLA-A*29:02:01:02	HLA-B*45:01:01:01	HLA-C*06:02:01:03	HLA-DMA*01:01:01:07	HLA-DMB*01:01:01:new	HLA-DOA*01:01:02:02	HLA-DOB*01:01:01:01	HLA-DPA1*01:03:01:05	HLA-DPA2*01:01:01:new	HLA-DPB1*04:02:01:new	HLA-DPB2*03:01:01:new	HLA-DQA1*03:03:01:01	HLA-DQA2*01:01:02:03	HLA-DQB1*03:02:01:01	HLA-DQB2*01:01:01:new	HLA-DRA*01:01:01:new	HLA-DRB1*04:05:01:new		HLA-DRB4*01:03:01:new		HLA-E*01:05:01	HLA-F*01:01:02:08	HLA-G*01:01:01:04	HLA-H*02:02:02	HLA-J*01:01:01:new	HLA-K*01:new	HLA-L*01:01:01:01	HLA-N*01:01:01:new	HLA-P*02:01:01:01	HLA-S*01:01:01:01	HLA-T*02:01:01:01	HLA-U*01:01:01:02	HLA-V*01:01:01:01	HLA-W*02:01		MICA*009:02:04	MICB*005:02:new	TAP1*04:new	TAP2*02:01:02:new
JaSaPaGe-Saudi	ksa009#2			NA;NA		HLA-A*24:02:01:01	HLA-B*35:02:01:02	HLA-C*04:01:01:06	HLA-DMA*01:01:01:04	HLA-DMB*01:01:01:01	HLA-DOA*01:01:02:26	HLA-DOB*01:01:01:28	HLA-DPA1*01:03:01:04	HLA-DPA2*01:01:01:01	HLA-DPB1*04:01:01:01	HLA-DPB2*03:01:01:03	HLA-DQA1*05:05:01:02	HLA-DQA2*01:01:02:06	HLA-DQB1*03:01:01:02	HLA-DQB2*01:01:01:13	HLA-DRA*01:01:01:12	HLA-DRB1*11:04:01:new	HLA-DRB3*02:02:01:new			HLA-E*01:03:01:01	HLA-F*01:01:01:08	HLA-G*01:04:01:new		HLA-J*01:01:01:02		HLA-L*01:03	HLA-N*01:01:01:03	HLA-P*02:01:01:new	HLA-S*01:02:new			HLA-V*01:01:01:01	HLA-W*01:new		MICA*016:01:01	MICB*005:01:02	TAP1*01:01:01:01	TAP2*01:01:03:04
REF	GRCh38#0	NA		NA		HLA-A*03:01:01:01	HLA-B*07:02:01:01	HLA-C*07:02:01:03	HLA-DMA*01:01:01:03	HLA-DMB*01:03:01:03	HLA-DOA*01:01:02:02	HLA-DOB*01:01:01:01	HLA-DPA1*01:03:01:02	HLA-DPA2*01:01:01:01	HLA-DPB1*04:01:01:01	HLA-DPB2*03:01:01:01	HLA-DQA1*01:02:01:01	HLA-DQA2*01:01:01:03	HLA-DQB1*06:02:01:01	HLA-DQB2*01:02:01:01	HLA-DRA*01:02:03:01	HLA-DRB1*15:01:01:01			HLA-DRB5*01:01:01:01	HLA-E*01:03:02:01	HLA-F*01:03:01:01	HLA-G*01:01:01:05	HLA-H*02:04:01	HLA-J*01:01:01:04	HLA-K*01:01:01:01	HLA-L*01:01:01:03	HLA-N*01:01:01:01	HLA-P*02:01:01:02	HLA-S*01:01:01:02	HLA-T*03:01:01:01	HLA-U*01:04	HLA-V*01:01:01:01	HLA-W*01:01:01:05		MICA*008:04:01	MICB*004:01:01	TAP1*01:01:01:05	TAP2*01:01:03:01
REF	chm13#0	NA		NA		HLA-A*01:01:01:01	HLA-B*37:01:01:01	HLA-C*06:02:01:01	HLA-DMA*01:01:01:07	HLA-DMB*01:03:01:new	HLA-DOA*01:01:02:02	HLA-DOB*01:02:01:01	HLA-DPA1*01:03:01:02	HLA-DPA2*01:01:01:01	HLA-DPB1*04:01:01:01	HLA-DPB2*03:01:01:new	HLA-DQA1*05:05:01:02	HLA-DQA2*01:01:02:06	HLA-DQB1*03:01:01:03	HLA-DQB2*01:01:01:13	HLA-DRA*01:01:01:07	HLA-DRB1*11:03:01	HLA-DRB3*02:02:01:new			HLA-E*01:01:01:01	HLA-F*01:01:01:new	HLA-G*01:06:01:01	HLA-H*02:01:01:01	HLA-J*01:01:01:02	HLA-K*01:01:01:02	HLA-L*01:01:01:01	HLA-N*01:01:01:03	HLA-P*01:01:01:01	HLA-S*01:02:01:03	HLA-T*01:01:01:01	HLA-U*01:01:01:01	HLA-V*01:01:01:02	HLA-W*01:01:01:06		MICA*008:01:11	MICB*002:01:02	TAP1*01:01:01:03	TAP2*01:01:05:new
