hap_id	gene	retained_donor	annotated_sequence_copies	typing_common_methods_eligible	typing_exclusion_reasons	strict_structural_screen_eligible	all_classical_matched_comparison_eligible	source_type	panel_flags
GRCh38#0	HLA-A	0	1	0	reference_or_duplicate_source	0	0	assembly_or_reference	reference_not_independent_donor
GRCh38#0	HLA-B	0	1	0	reference_or_duplicate_source	0	0	assembly_or_reference	reference_not_independent_donor
GRCh38#0	HLA-C	0	1	0	reference_or_duplicate_source	0	0	assembly_or_reference	reference_not_independent_donor
GRCh38#0	HLA-DRB1	0	1	0	reference_or_duplicate_source	0	0	assembly_or_reference	reference_not_independent_donor
GRCh38#0	HLA-DQA1	0	1	0	reference_or_duplicate_source	0	0	assembly_or_reference	reference_not_independent_donor
GRCh38#0	HLA-DQB1	0	1	0	reference_or_duplicate_source	0	0	assembly_or_reference	reference_not_independent_donor
GRCh38#0	HLA-DPA1	0	1	0	reference_or_duplicate_source	0	0	assembly_or_reference	reference_not_independent_donor
GRCh38#0	HLA-DPB1	0	1	0	reference_or_duplicate_source	0	0	assembly_or_reference	reference_not_independent_donor
GRCh38#0	HLA-DRB3	0	0	0	reference_or_duplicate_source;no_gene_sequence_annotation_not_proven_absence	0	0	assembly_or_reference	reference_not_independent_donor
GRCh38#0	HLA-DRB4	0	0	0	reference_or_duplicate_source;no_gene_sequence_annotation_not_proven_absence	0	0	assembly_or_reference	reference_not_independent_donor
GRCh38#0	HLA-DRB5	0	1	0	reference_or_duplicate_source	0	0	assembly_or_reference	reference_not_independent_donor
HG00097#1	HLA-A	1	1	1		1	1	assembly_or_reference	
HG00097#1	HLA-B	1	1	1		1	1	assembly_or_reference	
HG00097#1	HLA-C	1	1	1		1	1	assembly_or_reference	
HG00097#1	HLA-DRB1	1	1	1		1	1	assembly_or_reference	
HG00097#1	HLA-DQA1	1	1	1		1	1	assembly_or_reference	
HG00097#1	HLA-DQB1	1	1	1		1	1	assembly_or_reference	
HG00097#1	HLA-DPA1	1	1	1		1	1	assembly_or_reference	
HG00097#1	HLA-DPB1	1	1	1		1	1	assembly_or_reference	
HG00097#1	HLA-DRB3	1	0	0	no_gene_sequence_annotation_not_proven_absence	1	1	assembly_or_reference	
HG00097#1	HLA-DRB4	1	0	0	no_gene_sequence_annotation_not_proven_absence	1	1	assembly_or_reference	
HG00097#1	HLA-DRB5	1	1	1		1	1	assembly_or_reference	
HG00097#2	HLA-A	1	1	1		1	1	assembly_or_reference	DR_DQ_candidate_novel_annotation;downstream_graph_clipping_loss
HG00097#2	HLA-B	1	1	1		1	1	assembly_or_reference	DR_DQ_candidate_novel_annotation;downstream_graph_clipping_loss
HG00097#2	HLA-C	1	1	1		1	1	assembly_or_reference	DR_DQ_candidate_novel_annotation;downstream_graph_clipping_loss
HG00097#2	HLA-DRB1	1	1	1		1	1	assembly_or_reference	DR_DQ_candidate_novel_annotation;downstream_graph_clipping_loss
HG00097#2	HLA-DQA1	1	1	1		1	1	assembly_or_reference	DR_DQ_candidate_novel_annotation;downstream_graph_clipping_loss
HG00097#2	HLA-DQB1	1	1	1		1	1	assembly_or_reference	DR_DQ_candidate_novel_annotation;downstream_graph_clipping_loss
HG00097#2	HLA-DPA1	1	1	1		1	1	assembly_or_reference	DR_DQ_candidate_novel_annotation;downstream_graph_clipping_loss
HG00097#2	HLA-DPB1	1	1	1		1	1	assembly_or_reference	DR_DQ_candidate_novel_annotation;downstream_graph_clipping_loss
HG00097#2	HLA-DRB3	1	1	1		1	1	assembly_or_reference	DR_DQ_candidate_novel_annotation;downstream_graph_clipping_loss
HG00097#2	HLA-DRB4	1	0	0	no_gene_sequence_annotation_not_proven_absence	1	1	assembly_or_reference	DR_DQ_candidate_novel_annotation;downstream_graph_clipping_loss
HG00097#2	HLA-DRB5	1	0	0	no_gene_sequence_annotation_not_proven_absence	1	1	assembly_or_reference	DR_DQ_candidate_novel_annotation;downstream_graph_clipping_loss
HG00099#1	HLA-A	1	1	1		1	1	assembly_or_reference	
HG00099#1	HLA-B	1	1	1		1	1	assembly_or_reference	
HG00099#1	HLA-C	1	1	1		1	1	assembly_or_reference	
HG00099#1	HLA-DRB1	1	1	1		1	1	assembly_or_reference	
HG00099#1	HLA-DQA1	1	1	1		1	1	assembly_or_reference	
HG00099#1	HLA-DQB1	1	1	1		1	1	assembly_or_reference	
HG00099#1	HLA-DPA1	1	1	1		1	1	assembly_or_reference	
HG00099#1	HLA-DPB1	1	1	1		1	1	assembly_or_reference	
HG00099#1	HLA-DRB3	1	1	1		1	1	assembly_or_reference	
HG00099#1	HLA-DRB4	1	0	0	no_gene_sequence_annotation_not_proven_absence	1	1	assembly_or_reference	
HG00099#1	HLA-DRB5	1	0	0	no_gene_sequence_annotation_not_proven_absence	1	1	assembly_or_reference	
HG00099#2	HLA-A	1	1	1		1	1	assembly_or_reference	
HG00099#2	HLA-B	1	1	1		1	1	assembly_or_reference	
HG00099#2	HLA-C	1	1	1		1	1	assembly_or_reference	
HG00099#2	HLA-DRB1	1	1	1		1	1	assembly_or_reference	
HG00099#2	HLA-DQA1	1	1	1		1	1	assembly_or_reference	
HG00099#2	HLA-DQB1	1	1	1		1	1	assembly_or_reference	
HG00099#2	HLA-DPA1	1	1	1		1	1	assembly_or_reference	
HG00099#2	HLA-DPB1	1	1	1		1	1	assembly_or_reference	
HG00099#2	HLA-DRB3	1	1	1		1	1	assembly_or_reference	
HG00099#2	HLA-DRB4	1	0	0	no_gene_sequence_annotation_not_proven_absence	1	1	assembly_or_reference	
HG00099#2	HLA-DRB5	1	0	0	no_gene_sequence_annotation_not_proven_absence	1	1	assembly_or_reference	
HG00126#1	HLA-A	1	1	1		1	1	assembly_or_reference	DR_DQ_candidate_novel_annotation
HG00126#1	HLA-B	1	1	1		1	1	assembly_or_reference	DR_DQ_candidate_novel_annotation
HG00126#1	HLA-C	1	1	1		1	1	assembly_or_reference	DR_DQ_candidate_novel_annotation
HG00126#1	HLA-DRB1	1	1	1		1	1	assembly_or_reference	DR_DQ_candidate_novel_annotation
HG00126#1	HLA-DQA1	1	1	1		1	1	assembly_or_reference	DR_DQ_candidate_novel_annotation
HG00126#1	HLA-DQB1	1	1	1		1	1	assembly_or_reference	DR_DQ_candidate_novel_annotation
HG00126#1	HLA-DPA1	1	1	1		1	1	assembly_or_reference	DR_DQ_candidate_novel_annotation
HG00126#1	HLA-DPB1	1	1	1		1	1	assembly_or_reference	DR_DQ_candidate_novel_annotation
HG00126#1	HLA-DRB3	1	1	1		1	1	assembly_or_reference	DR_DQ_candidate_novel_annotation
HG00126#1	HLA-DRB4	1	0	0	no_gene_sequence_annotation_not_proven_absence	1	1	assembly_or_reference	DR_DQ_candidate_novel_annotation
HG00126#1	HLA-DRB5	1	0	0	no_gene_sequence_annotation_not_proven_absence	1	1	assembly_or_reference	DR_DQ_candidate_novel_annotation
HG00126#2	HLA-A	1	1	1		1	1	assembly_or_reference	
HG00126#2	HLA-B	1	1	1		1	1	assembly_or_reference	
HG00126#2	HLA-C	1	1	1		1	1	assembly_or_reference	
HG00126#2	HLA-DRB1	1	1	1		1	1	assembly_or_reference	
HG00126#2	HLA-DQA1	1	1	1		1	1	assembly_or_reference	
HG00126#2	HLA-DQB1	1	1	1		1	1	assembly_or_reference	
HG00126#2	HLA-DPA1	1	1	1		1	1	assembly_or_reference	
HG00126#2	HLA-DPB1	1	1	1		1	1	assembly_or_reference	
HG00126#2	HLA-DRB3	1	0	0	no_gene_sequence_annotation_not_proven_absence	1	1	assembly_or_reference	
HG00126#2	HLA-DRB4	1	1	1		1	1	assembly_or_reference	
HG00126#2	HLA-DRB5	1	0	0	no_gene_sequence_annotation_not_proven_absence	1	1	assembly_or_reference	
HG00128#1	HLA-A	1	1	1		1	1	assembly_or_reference	
HG00128#1	HLA-B	1	1	1		1	1	assembly_or_reference	
HG00128#1	HLA-C	1	1	1		1	1	assembly_or_reference	
HG00128#1	HLA-DRB1	1	1	1		1	1	assembly_or_reference	
HG00128#1	HLA-DQA1	1	1	1		1	1	assembly_or_reference	
HG00128#1	HLA-DQB1	1	1	1		1	1	assembly_or_reference	
HG00128#1	HLA-DPA1	1	1	1		1	1	assembly_or_reference	
HG00128#1	HLA-DPB1	1	1	1		1	1	assembly_or_reference	
HG00128#1	HLA-DRB3	1	0	0	no_gene_sequence_annotation_not_proven_absence	1	1	assembly_or_reference	
HG00128#1	HLA-DRB4	1	0	0	no_gene_sequence_annotation_not_proven_absence	1	1	assembly_or_reference	
HG00128#1	HLA-DRB5	1	0	0	no_gene_sequence_annotation_not_proven_absence	1	1	assembly_or_reference	
HG00128#2	HLA-A	1	1	1		1	1	assembly_or_reference	DR_DQ_candidate_novel_annotation
HG00128#2	HLA-B	1	1	1		1	1	assembly_or_reference	DR_DQ_candidate_novel_annotation
HG00128#2	HLA-C	1	1	1		1	1	assembly_or_reference	DR_DQ_candidate_novel_annotation
HG00128#2	HLA-DRB1	1	1	1		1	1	assembly_or_reference	DR_DQ_candidate_novel_annotation
HG00128#2	HLA-DQA1	1	1	1		1	1	assembly_or_reference	DR_DQ_candidate_novel_annotation
HG00128#2	HLA-DQB1	1	1	1		1	1	assembly_or_reference	DR_DQ_candidate_novel_annotation
HG00128#2	HLA-DPA1	1	1	1		1	1	assembly_or_reference	DR_DQ_candidate_novel_annotation
HG00128#2	HLA-DPB1	1	1	1		1	1	assembly_or_reference	DR_DQ_candidate_novel_annotation
HG00128#2	HLA-DRB3	1	1	1		1	1	assembly_or_reference	DR_DQ_candidate_novel_annotation
HG00128#2	HLA-DRB4	1	0	0	no_gene_sequence_annotation_not_proven_absence	1	1	assembly_or_reference	DR_DQ_candidate_novel_annotation
HG00128#2	HLA-DRB5	1	0	0	no_gene_sequence_annotation_not_proven_absence	1	1	assembly_or_reference	DR_DQ_candidate_novel_annotation
HG00133#1	HLA-A	1	1	1		1	1	assembly_or_reference	DR_DQ_candidate_novel_annotation
HG00133#1	HLA-B	1	1	1		1	1	assembly_or_reference	DR_DQ_candidate_novel_annotation
HG00133#1	HLA-C	1	1	1		1	1	assembly_or_reference	DR_DQ_candidate_novel_annotation
HG00133#1	HLA-DRB1	1	1	1		1	1	assembly_or_reference	DR_DQ_candidate_novel_annotation
HG00133#1	HLA-DQA1	1	1	1		1	1	assembly_or_reference	DR_DQ_candidate_novel_annotation
HG00133#1	HLA-DQB1	1	1	1		1	1	assembly_or_reference	DR_DQ_candidate_novel_annotation
HG00133#1	HLA-DPA1	1	1	1		1	1	assembly_or_reference	DR_DQ_candidate_novel_annotation
HG00133#1	HLA-DPB1	1	1	1		1	1	assembly_or_reference	DR_DQ_candidate_novel_annotation
HG00133#1	HLA-DRB3	1	1	1		1	1	assembly_or_reference	DR_DQ_candidate_novel_annotation
HG00133#1	HLA-DRB4	1	0	0	no_gene_sequence_annotation_not_proven_absence	1	1	assembly_or_reference	DR_DQ_candidate_novel_annotation
HG00133#1	HLA-DRB5	1	0	0	no_gene_sequence_annotation_not_proven_absence	1	1	assembly_or_reference	DR_DQ_candidate_novel_annotation
HG00133#2	HLA-A	1	1	1		1	1	assembly_or_reference	
HG00133#2	HLA-B	1	1	1		1	1	assembly_or_reference	
HG00133#2	HLA-C	1	1	1		1	1	assembly_or_reference	
HG00133#2	HLA-DRB1	1	1	1		1	1	assembly_or_reference	
HG00133#2	HLA-DQA1	1	1	1		1	1	assembly_or_reference	
HG00133#2	HLA-DQB1	1	1	1		1	1	assembly_or_reference	
HG00133#2	HLA-DPA1	1	1	1		1	1	assembly_or_reference	
HG00133#2	HLA-DPB1	1	1	1		1	1	assembly_or_reference	
HG00133#2	HLA-DRB3	1	0	0	no_gene_sequence_annotation_not_proven_absence	1	1	assembly_or_reference	
HG00133#2	HLA-DRB4	1	1	1		1	1	assembly_or_reference	
HG00133#2	HLA-DRB5	1	0	0	no_gene_sequence_annotation_not_proven_absence	1	1	assembly_or_reference	
HG00140#1	HLA-A	1	1	1		1	1	assembly_or_reference	
HG00140#1	HLA-B	1	1	1		1	1	assembly_or_reference	
HG00140#1	HLA-C	1	1	1		1	1	assembly_or_reference	
HG00140#1	HLA-DRB1	1	1	1		1	1	assembly_or_reference	
HG00140#1	HLA-DQA1	1	1	1		1	1	assembly_or_reference	
HG00140#1	HLA-DQB1	1	1	1		1	1	assembly_or_reference	
HG00140#1	HLA-DPA1	1	1	1		1	1	assembly_or_reference	
HG00140#1	HLA-DPB1	1	1	1		1	1	assembly_or_reference	
HG00140#1	HLA-DRB3	1	0	0	no_gene_sequence_annotation_not_proven_absence	1	1	assembly_or_reference	
HG00140#1	HLA-DRB4	1	0	0	no_gene_sequence_annotation_not_proven_absence	1	1	assembly_or_reference	
HG00140#1	HLA-DRB5	1	0	0	no_gene_sequence_annotation_not_proven_absence	1	1	assembly_or_reference	
HG00140#2	HLA-A	1	1	1		1	1	assembly_or_reference	
HG00140#2	HLA-B	1	1	1		1	1	assembly_or_reference	
HG00140#2	HLA-C	1	1	1		1	1	assembly_or_reference	
HG00140#2	HLA-DRB1	1	1	1		1	1	assembly_or_reference	
HG00140#2	HLA-DQA1	1	1	1		1	1	assembly_or_reference	
HG00140#2	HLA-DQB1	1	1	1		1	1	assembly_or_reference	
HG00140#2	HLA-DPA1	1	1	1		1	1	assembly_or_reference	
HG00140#2	HLA-DPB1	1	1	1		1	1	assembly_or_reference	
HG00140#2	HLA-DRB3	1	1	1		1	1	assembly_or_reference	
HG00140#2	HLA-DRB4	1	0	0	no_gene_sequence_annotation_not_proven_absence	1	1	assembly_or_reference	
HG00140#2	HLA-DRB5	1	0	0	no_gene_sequence_annotation_not_proven_absence	1	1	assembly_or_reference	
HG00146#1	HLA-A	1	1	1		1	1	assembly_or_reference	
HG00146#1	HLA-B	1	1	1		1	1	assembly_or_reference	
HG00146#1	HLA-C	1	1	1		1	1	assembly_or_reference	
HG00146#1	HLA-DRB1	1	1	1		1	1	assembly_or_reference	
HG00146#1	HLA-DQA1	1	1	1		1	1	assembly_or_reference	
HG00146#1	HLA-DQB1	1	1	1		1	1	assembly_or_reference	
HG00146#1	HLA-DPA1	1	1	1		1	1	assembly_or_reference	
HG00146#1	HLA-DPB1	1	1	1		1	1	assembly_or_reference	
HG00146#1	HLA-DRB3	1	1	1		1	1	assembly_or_reference	
HG00146#1	HLA-DRB4	1	0	0	no_gene_sequence_annotation_not_proven_absence	1	1	assembly_or_reference	
HG00146#1	HLA-DRB5	1	0	0	no_gene_sequence_annotation_not_proven_absence	1	1	assembly_or_reference	
HG00146#2	HLA-A	1	1	1		1	1	assembly_or_reference	
HG00146#2	HLA-B	1	1	1		1	1	assembly_or_reference	
HG00146#2	HLA-C	1	1	1		1	1	assembly_or_reference	
HG00146#2	HLA-DRB1	1	1	1		1	1	assembly_or_reference	
HG00146#2	HLA-DQA1	1	1	1		1	1	assembly_or_reference	
HG00146#2	HLA-DQB1	1	1	1		1	1	assembly_or_reference	
HG00146#2	HLA-DPA1	1	1	1		1	1	assembly_or_reference	
HG00146#2	HLA-DPB1	1	1	1		1	1	assembly_or_reference	
HG00146#2	HLA-DRB3	1	0	0	no_gene_sequence_annotation_not_proven_absence	1	1	assembly_or_reference	
HG00146#2	HLA-DRB4	1	0	0	no_gene_sequence_annotation_not_proven_absence	1	1	assembly_or_reference	
HG00146#2	HLA-DRB5	1	0	0	no_gene_sequence_annotation_not_proven_absence	1	1	assembly_or_reference	
HG00232#1	HLA-A	1	1	1		1	1	assembly_or_reference	
HG00232#1	HLA-B	1	1	1		1	1	assembly_or_reference	
HG00232#1	HLA-C	1	1	1		1	1	assembly_or_reference	
HG00232#1	HLA-DRB1	1	1	1		1	1	assembly_or_reference	
HG00232#1	HLA-DQA1	1	1	1		1	1	assembly_or_reference	
HG00232#1	HLA-DQB1	1	1	1		1	1	assembly_or_reference	
HG00232#1	HLA-DPA1	1	1	1		1	1	assembly_or_reference	
HG00232#1	HLA-DPB1	1	1	1		1	1	assembly_or_reference	
HG00232#1	HLA-DRB3	1	0	0	no_gene_sequence_annotation_not_proven_absence	1	1	assembly_or_reference	
HG00232#1	HLA-DRB4	1	0	0	no_gene_sequence_annotation_not_proven_absence	1	1	assembly_or_reference	
HG00232#1	HLA-DRB5	1	1	1		1	1	assembly_or_reference	
HG00232#2	HLA-A	1	1	1		1	1	assembly_or_reference	DR_DQ_candidate_novel_annotation
HG00232#2	HLA-B	1	1	1		1	1	assembly_or_reference	DR_DQ_candidate_novel_annotation
HG00232#2	HLA-C	1	1	1		1	1	assembly_or_reference	DR_DQ_candidate_novel_annotation
HG00232#2	HLA-DRB1	1	1	1		1	1	assembly_or_reference	DR_DQ_candidate_novel_annotation
HG00232#2	HLA-DQA1	1	1	1		1	1	assembly_or_reference	DR_DQ_candidate_novel_annotation
HG00232#2	HLA-DQB1	1	1	1		1	1	assembly_or_reference	DR_DQ_candidate_novel_annotation
HG00232#2	HLA-DPA1	1	1	1		1	1	assembly_or_reference	DR_DQ_candidate_novel_annotation
HG00232#2	HLA-DPB1	1	1	1		1	1	assembly_or_reference	DR_DQ_candidate_novel_annotation
HG00232#2	HLA-DRB3	1	1	1		1	1	assembly_or_reference	DR_DQ_candidate_novel_annotation
HG00232#2	HLA-DRB4	1	0	0	no_gene_sequence_annotation_not_proven_absence	1	1	assembly_or_reference	DR_DQ_candidate_novel_annotation
HG00232#2	HLA-DRB5	1	0	0	no_gene_sequence_annotation_not_proven_absence	1	1	assembly_or_reference	DR_DQ_candidate_novel_annotation
HG00235#1	HLA-A	1	1	1		1	1	assembly_or_reference	DR_DQ_candidate_novel_annotation
HG00235#1	HLA-B	1	1	1		1	1	assembly_or_reference	DR_DQ_candidate_novel_annotation
HG00235#1	HLA-C	1	1	1		1	1	assembly_or_reference	DR_DQ_candidate_novel_annotation
HG00235#1	HLA-DRB1	1	1	1		1	1	assembly_or_reference	DR_DQ_candidate_novel_annotation
HG00235#1	HLA-DQA1	1	1	1		1	1	assembly_or_reference	DR_DQ_candidate_novel_annotation
HG00235#1	HLA-DQB1	1	1	1		1	1	assembly_or_reference	DR_DQ_candidate_novel_annotation
HG00235#1	HLA-DPA1	1	1	1		1	1	assembly_or_reference	DR_DQ_candidate_novel_annotation
HG00235#1	HLA-DPB1	1	1	1		1	1	assembly_or_reference	DR_DQ_candidate_novel_annotation
HG00235#1	HLA-DRB3	1	0	0	no_gene_sequence_annotation_not_proven_absence	1	1	assembly_or_reference	DR_DQ_candidate_novel_annotation
HG00235#1	HLA-DRB4	1	1	1		1	1	assembly_or_reference	DR_DQ_candidate_novel_annotation
HG00235#1	HLA-DRB5	1	0	0	no_gene_sequence_annotation_not_proven_absence	1	1	assembly_or_reference	DR_DQ_candidate_novel_annotation
HG00235#2	HLA-A	1	1	1		1	1	assembly_or_reference	DR_DQ_candidate_novel_annotation
HG00235#2	HLA-B	1	1	1		1	1	assembly_or_reference	DR_DQ_candidate_novel_annotation
HG00235#2	HLA-C	1	1	1		1	1	assembly_or_reference	DR_DQ_candidate_novel_annotation
HG00235#2	HLA-DRB1	1	1	1		1	1	assembly_or_reference	DR_DQ_candidate_novel_annotation
HG00235#2	HLA-DQA1	1	1	1		1	1	assembly_or_reference	DR_DQ_candidate_novel_annotation
HG00235#2	HLA-DQB1	1	1	1		1	1	assembly_or_reference	DR_DQ_candidate_novel_annotation
HG00235#2	HLA-DPA1	1	1	1		1	1	assembly_or_reference	DR_DQ_candidate_novel_annotation
HG00235#2	HLA-DPB1	1	1	1		1	1	assembly_or_reference	DR_DQ_candidate_novel_annotation
HG00235#2	HLA-DRB3	1	0	0	no_gene_sequence_annotation_not_proven_absence	1	1	assembly_or_reference	DR_DQ_candidate_novel_annotation
HG00235#2	HLA-DRB4	1	1	1		1	1	assembly_or_reference	DR_DQ_candidate_novel_annotation
HG00235#2	HLA-DRB5	1	0	0	no_gene_sequence_annotation_not_proven_absence	1	1	assembly_or_reference	DR_DQ_candidate_novel_annotation
HG00253#1	HLA-A	1	1	1		1	1	assembly_or_reference	DR_DQ_candidate_novel_annotation
HG00253#1	HLA-B	1	1	1		1	1	assembly_or_reference	DR_DQ_candidate_novel_annotation
HG00253#1	HLA-C	1	1	1		1	1	assembly_or_reference	DR_DQ_candidate_novel_annotation
HG00253#1	HLA-DRB1	1	1	1		1	1	assembly_or_reference	DR_DQ_candidate_novel_annotation
HG00253#1	HLA-DQA1	1	1	1		1	1	assembly_or_reference	DR_DQ_candidate_novel_annotation
HG00253#1	HLA-DQB1	1	1	1		1	1	assembly_or_reference	DR_DQ_candidate_novel_annotation
HG00253#1	HLA-DPA1	1	1	1		1	1	assembly_or_reference	DR_DQ_candidate_novel_annotation
HG00253#1	HLA-DPB1	1	1	1		1	1	assembly_or_reference	DR_DQ_candidate_novel_annotation
HG00253#1	HLA-DRB3	1	1	1		1	1	assembly_or_reference	DR_DQ_candidate_novel_annotation
HG00253#1	HLA-DRB4	1	0	0	no_gene_sequence_annotation_not_proven_absence	1	1	assembly_or_reference	DR_DQ_candidate_novel_annotation
HG00253#1	HLA-DRB5	1	0	0	no_gene_sequence_annotation_not_proven_absence	1	1	assembly_or_reference	DR_DQ_candidate_novel_annotation
HG00253#2	HLA-A	1	1	1		1	1	assembly_or_reference	
HG00253#2	HLA-B	1	1	1		1	1	assembly_or_reference	
HG00253#2	HLA-C	1	1	1		1	1	assembly_or_reference	
HG00253#2	HLA-DRB1	1	1	1		1	1	assembly_or_reference	
HG00253#2	HLA-DQA1	1	1	1		1	1	assembly_or_reference	
HG00253#2	HLA-DQB1	1	1	1		1	1	assembly_or_reference	
HG00253#2	HLA-DPA1	1	1	1		1	1	assembly_or_reference	
HG00253#2	HLA-DPB1	1	1	1		1	1	assembly_or_reference	
HG00253#2	HLA-DRB3	1	0	0	no_gene_sequence_annotation_not_proven_absence	1	1	assembly_or_reference	
HG00253#2	HLA-DRB4	1	0	0	no_gene_sequence_annotation_not_proven_absence	1	1	assembly_or_reference	
HG00253#2	HLA-DRB5	1	1	1		1	1	assembly_or_reference	
HG00272#1	HLA-A	1	1	1		1	1	assembly_or_reference	
HG00272#1	HLA-B	1	1	1		1	1	assembly_or_reference	
HG00272#1	HLA-C	1	1	1		1	1	assembly_or_reference	
HG00272#1	HLA-DRB1	1	1	1		1	1	assembly_or_reference	
HG00272#1	HLA-DQA1	1	1	1		1	1	assembly_or_reference	
HG00272#1	HLA-DQB1	1	1	1		1	1	assembly_or_reference	
HG00272#1	HLA-DPA1	1	1	1		1	1	assembly_or_reference	
HG00272#1	HLA-DPB1	1	1	1		1	1	assembly_or_reference	
HG00272#1	HLA-DRB3	1	1	1		1	1	assembly_or_reference	
HG00272#1	HLA-DRB4	1	0	0	no_gene_sequence_annotation_not_proven_absence	1	1	assembly_or_reference	
HG00272#1	HLA-DRB5	1	0	0	no_gene_sequence_annotation_not_proven_absence	1	1	assembly_or_reference	
HG00272#2	HLA-A	1	1	1		1	1	assembly_or_reference	
HG00272#2	HLA-B	1	1	1		1	1	assembly_or_reference	
HG00272#2	HLA-C	1	1	1		1	1	assembly_or_reference	
HG00272#2	HLA-DRB1	1	1	1		1	1	assembly_or_reference	
HG00272#2	HLA-DQA1	1	1	1		1	1	assembly_or_reference	
HG00272#2	HLA-DQB1	1	1	1		1	1	assembly_or_reference	
HG00272#2	HLA-DPA1	1	1	1		1	1	assembly_or_reference	
HG00272#2	HLA-DPB1	1	1	1		1	1	assembly_or_reference	
HG00272#2	HLA-DRB3	1	1	1		1	1	assembly_or_reference	
HG00272#2	HLA-DRB4	1	0	0	no_gene_sequence_annotation_not_proven_absence	1	1	assembly_or_reference	
HG00272#2	HLA-DRB5	1	0	0	no_gene_sequence_annotation_not_proven_absence	1	1	assembly_or_reference	
HG00280#1	HLA-A	1	1	1		1	1	assembly_or_reference	DR_DQ_candidate_novel_annotation
HG00280#1	HLA-B	1	1	1		1	1	assembly_or_reference	DR_DQ_candidate_novel_annotation
HG00280#1	HLA-C	1	1	1		1	1	assembly_or_reference	DR_DQ_candidate_novel_annotation
HG00280#1	HLA-DRB1	1	1	1		1	1	assembly_or_reference	DR_DQ_candidate_novel_annotation
HG00280#1	HLA-DQA1	1	1	1		1	1	assembly_or_reference	DR_DQ_candidate_novel_annotation
HG00280#1	HLA-DQB1	1	1	1		1	1	assembly_or_reference	DR_DQ_candidate_novel_annotation
HG00280#1	HLA-DPA1	1	1	1		1	1	assembly_or_reference	DR_DQ_candidate_novel_annotation
HG00280#1	HLA-DPB1	1	1	1		1	1	assembly_or_reference	DR_DQ_candidate_novel_annotation
HG00280#1	HLA-DRB3	1	1	1		1	1	assembly_or_reference	DR_DQ_candidate_novel_annotation
HG00280#1	HLA-DRB4	1	0	0	no_gene_sequence_annotation_not_proven_absence	1	1	assembly_or_reference	DR_DQ_candidate_novel_annotation
HG00280#1	HLA-DRB5	1	0	0	no_gene_sequence_annotation_not_proven_absence	1	1	assembly_or_reference	DR_DQ_candidate_novel_annotation
HG00280#2	HLA-A	1	1	1		1	1	assembly_or_reference	
HG00280#2	HLA-B	1	1	1		1	1	assembly_or_reference	
HG00280#2	HLA-C	1	1	1		1	1	assembly_or_reference	
HG00280#2	HLA-DRB1	1	1	1		1	1	assembly_or_reference	
HG00280#2	HLA-DQA1	1	1	1		1	1	assembly_or_reference	
HG00280#2	HLA-DQB1	1	1	1		1	1	assembly_or_reference	
HG00280#2	HLA-DPA1	1	1	1		1	1	assembly_or_reference	
HG00280#2	HLA-DPB1	1	1	1		1	1	assembly_or_reference	
HG00280#2	HLA-DRB3	1	1	1		1	1	assembly_or_reference	
HG00280#2	HLA-DRB4	1	0	0	no_gene_sequence_annotation_not_proven_absence	1	1	assembly_or_reference	
HG00280#2	HLA-DRB5	1	0	0	no_gene_sequence_annotation_not_proven_absence	1	1	assembly_or_reference	
HG00290#1	HLA-A	1	1	1		1	1	assembly_or_reference	
HG00290#1	HLA-B	1	1	1		1	1	assembly_or_reference	
HG00290#1	HLA-C	1	1	1		1	1	assembly_or_reference	
HG00290#1	HLA-DRB1	1	1	1		1	1	assembly_or_reference	
HG00290#1	HLA-DQA1	1	1	1		1	1	assembly_or_reference	
HG00290#1	HLA-DQB1	1	1	1		1	1	assembly_or_reference	
HG00290#1	HLA-DPA1	1	1	1		1	1	assembly_or_reference	
HG00290#1	HLA-DPB1	1	1	1		1	1	assembly_or_reference	
HG00290#1	HLA-DRB3	1	0	0	no_gene_sequence_annotation_not_proven_absence	1	1	assembly_or_reference	
HG00290#1	HLA-DRB4	1	0	0	no_gene_sequence_annotation_not_proven_absence	1	1	assembly_or_reference	
HG00290#1	HLA-DRB5	1	0	0	no_gene_sequence_annotation_not_proven_absence	1	1	assembly_or_reference	
HG00290#2	HLA-A	1	1	1		1	1	assembly_or_reference	
HG00290#2	HLA-B	1	1	1		1	1	assembly_or_reference	
HG00290#2	HLA-C	1	1	1		1	1	assembly_or_reference	
HG00290#2	HLA-DRB1	1	1	1		1	1	assembly_or_reference	
HG00290#2	HLA-DQA1	1	1	1		1	1	assembly_or_reference	
HG00290#2	HLA-DQB1	1	1	1		1	1	assembly_or_reference	
HG00290#2	HLA-DPA1	1	1	1		1	1	assembly_or_reference	
HG00290#2	HLA-DPB1	1	1	1		1	1	assembly_or_reference	
HG00290#2	HLA-DRB3	1	0	0	no_gene_sequence_annotation_not_proven_absence	1	1	assembly_or_reference	
HG00290#2	HLA-DRB4	1	0	0	no_gene_sequence_annotation_not_proven_absence	1	1	assembly_or_reference	
HG00290#2	HLA-DRB5	1	0	0	no_gene_sequence_annotation_not_proven_absence	1	1	assembly_or_reference	
HG00320#1	HLA-A	1	1	1		1	1	assembly_or_reference	
HG00320#1	HLA-B	1	1	1		1	1	assembly_or_reference	
HG00320#1	HLA-C	1	1	1		1	1	assembly_or_reference	
HG00320#1	HLA-DRB1	1	1	1		1	1	assembly_or_reference	
HG00320#1	HLA-DQA1	1	1	1		1	1	assembly_or_reference	
HG00320#1	HLA-DQB1	1	1	1		1	1	assembly_or_reference	
HG00320#1	HLA-DPA1	1	1	1		1	1	assembly_or_reference	
HG00320#1	HLA-DPB1	1	1	1		1	1	assembly_or_reference	
HG00320#1	HLA-DRB3	1	0	0	no_gene_sequence_annotation_not_proven_absence	1	1	assembly_or_reference	
HG00320#1	HLA-DRB4	1	0	0	no_gene_sequence_annotation_not_proven_absence	1	1	assembly_or_reference	
HG00320#1	HLA-DRB5	1	0	0	no_gene_sequence_annotation_not_proven_absence	1	1	assembly_or_reference	
HG00320#2	HLA-A	1	1	1		1	1	assembly_or_reference	DR_DQ_candidate_novel_annotation
HG00320#2	HLA-B	1	1	1		1	1	assembly_or_reference	DR_DQ_candidate_novel_annotation
HG00320#2	HLA-C	1	1	1		1	1	assembly_or_reference	DR_DQ_candidate_novel_annotation
HG00320#2	HLA-DRB1	1	1	1		1	1	assembly_or_reference	DR_DQ_candidate_novel_annotation
HG00320#2	HLA-DQA1	1	1	1		1	1	assembly_or_reference	DR_DQ_candidate_novel_annotation
HG00320#2	HLA-DQB1	1	1	1		1	1	assembly_or_reference	DR_DQ_candidate_novel_annotation
HG00320#2	HLA-DPA1	1	1	1		1	1	assembly_or_reference	DR_DQ_candidate_novel_annotation
HG00320#2	HLA-DPB1	1	1	1		1	1	assembly_or_reference	DR_DQ_candidate_novel_annotation
HG00320#2	HLA-DRB3	1	0	0	no_gene_sequence_annotation_not_proven_absence	1	1	assembly_or_reference	DR_DQ_candidate_novel_annotation
HG00320#2	HLA-DRB4	1	0	0	no_gene_sequence_annotation_not_proven_absence	1	1	assembly_or_reference	DR_DQ_candidate_novel_annotation
HG00320#2	HLA-DRB5	1	0	0	no_gene_sequence_annotation_not_proven_absence	1	1	assembly_or_reference	DR_DQ_candidate_novel_annotation
HG00321#1	HLA-A	1	1	1		1	1	assembly_or_reference	
HG00321#1	HLA-B	1	1	1		1	1	assembly_or_reference	
HG00321#1	HLA-C	1	1	1		1	1	assembly_or_reference	
HG00321#1	HLA-DRB1	1	1	1		1	1	assembly_or_reference	
HG00321#1	HLA-DQA1	1	1	1		1	1	assembly_or_reference	
HG00321#1	HLA-DQB1	1	1	1		1	1	assembly_or_reference	
HG00321#1	HLA-DPA1	1	1	1		1	1	assembly_or_reference	
HG00321#1	HLA-DPB1	1	1	1		1	1	assembly_or_reference	
HG00321#1	HLA-DRB3	1	0	0	no_gene_sequence_annotation_not_proven_absence	1	1	assembly_or_reference	
HG00321#1	HLA-DRB4	1	0	0	no_gene_sequence_annotation_not_proven_absence	1	1	assembly_or_reference	
HG00321#1	HLA-DRB5	1	1	1		1	1	assembly_or_reference	
HG00321#2	HLA-A	1	1	1		1	1	assembly_or_reference	DR_DQ_candidate_novel_annotation;downstream_graph_clipping_loss
HG00321#2	HLA-B	1	1	1		1	1	assembly_or_reference	DR_DQ_candidate_novel_annotation;downstream_graph_clipping_loss
HG00321#2	HLA-C	1	1	1		1	1	assembly_or_reference	DR_DQ_candidate_novel_annotation;downstream_graph_clipping_loss
HG00321#2	HLA-DRB1	1	1	1		1	1	assembly_or_reference	DR_DQ_candidate_novel_annotation;downstream_graph_clipping_loss
HG00321#2	HLA-DQA1	1	1	1		1	1	assembly_or_reference	DR_DQ_candidate_novel_annotation;downstream_graph_clipping_loss
HG00321#2	HLA-DQB1	1	1	1		1	1	assembly_or_reference	DR_DQ_candidate_novel_annotation;downstream_graph_clipping_loss
HG00321#2	HLA-DPA1	1	1	1		1	1	assembly_or_reference	DR_DQ_candidate_novel_annotation;downstream_graph_clipping_loss
HG00321#2	HLA-DPB1	1	1	1		1	1	assembly_or_reference	DR_DQ_candidate_novel_annotation;downstream_graph_clipping_loss
HG00321#2	HLA-DRB3	1	0	0	no_gene_sequence_annotation_not_proven_absence	1	1	assembly_or_reference	DR_DQ_candidate_novel_annotation;downstream_graph_clipping_loss
HG00321#2	HLA-DRB4	1	0	0	no_gene_sequence_annotation_not_proven_absence	1	1	assembly_or_reference	DR_DQ_candidate_novel_annotation;downstream_graph_clipping_loss
HG00321#2	HLA-DRB5	1	0	0	no_gene_sequence_annotation_not_proven_absence	1	1	assembly_or_reference	DR_DQ_candidate_novel_annotation;downstream_graph_clipping_loss
HG00323#1	HLA-A	1	1	1		1	1	assembly_or_reference	DR_DQ_candidate_novel_annotation
HG00323#1	HLA-B	1	1	1		1	1	assembly_or_reference	DR_DQ_candidate_novel_annotation
HG00323#1	HLA-C	1	1	1		1	1	assembly_or_reference	DR_DQ_candidate_novel_annotation
HG00323#1	HLA-DRB1	1	1	1		1	1	assembly_or_reference	DR_DQ_candidate_novel_annotation
HG00323#1	HLA-DQA1	1	1	1		1	1	assembly_or_reference	DR_DQ_candidate_novel_annotation
HG00323#1	HLA-DQB1	1	1	1		1	1	assembly_or_reference	DR_DQ_candidate_novel_annotation
HG00323#1	HLA-DPA1	1	1	1		1	1	assembly_or_reference	DR_DQ_candidate_novel_annotation
HG00323#1	HLA-DPB1	1	1	1		1	1	assembly_or_reference	DR_DQ_candidate_novel_annotation
HG00323#1	HLA-DRB3	1	1	1		1	1	assembly_or_reference	DR_DQ_candidate_novel_annotation
HG00323#1	HLA-DRB4	1	0	0	no_gene_sequence_annotation_not_proven_absence	1	1	assembly_or_reference	DR_DQ_candidate_novel_annotation
HG00323#1	HLA-DRB5	1	0	0	no_gene_sequence_annotation_not_proven_absence	1	1	assembly_or_reference	DR_DQ_candidate_novel_annotation
HG00323#2	HLA-A	1	1	1		1	1	assembly_or_reference	
HG00323#2	HLA-B	1	1	1		1	1	assembly_or_reference	
HG00323#2	HLA-C	1	1	1		1	1	assembly_or_reference	
HG00323#2	HLA-DRB1	1	1	1		1	1	assembly_or_reference	
HG00323#2	HLA-DQA1	1	1	1		1	1	assembly_or_reference	
HG00323#2	HLA-DQB1	1	1	1		1	1	assembly_or_reference	
HG00323#2	HLA-DPA1	1	1	1		1	1	assembly_or_reference	
HG00323#2	HLA-DPB1	1	1	1		1	1	assembly_or_reference	
HG00323#2	HLA-DRB3	1	0	0	no_gene_sequence_annotation_not_proven_absence	1	1	assembly_or_reference	
HG00323#2	HLA-DRB4	1	0	0	no_gene_sequence_annotation_not_proven_absence	1	1	assembly_or_reference	
HG00323#2	HLA-DRB5	1	1	1		1	1	assembly_or_reference	
HG00329#1	HLA-A	1	1	1		1	1	assembly_or_reference	
HG00329#1	HLA-B	1	1	1		1	1	assembly_or_reference	
HG00329#1	HLA-C	1	1	1		1	1	assembly_or_reference	
HG00329#1	HLA-DRB1	1	1	1		1	1	assembly_or_reference	
HG00329#1	HLA-DQA1	1	1	1		1	1	assembly_or_reference	
HG00329#1	HLA-DQB1	1	1	1		1	1	assembly_or_reference	
HG00329#1	HLA-DPA1	1	1	1		1	1	assembly_or_reference	
HG00329#1	HLA-DPB1	1	1	1		1	1	assembly_or_reference	
HG00329#1	HLA-DRB3	1	1	1		1	1	assembly_or_reference	
HG00329#1	HLA-DRB4	1	0	0	no_gene_sequence_annotation_not_proven_absence	1	1	assembly_or_reference	
HG00329#1	HLA-DRB5	1	0	0	no_gene_sequence_annotation_not_proven_absence	1	1	assembly_or_reference	
HG00329#2	HLA-A	1	1	1		1	1	assembly_or_reference	
HG00329#2	HLA-B	1	1	1		1	1	assembly_or_reference	
HG00329#2	HLA-C	1	1	1		1	1	assembly_or_reference	
HG00329#2	HLA-DRB1	1	1	1		1	1	assembly_or_reference	
HG00329#2	HLA-DQA1	1	1	1		1	1	assembly_or_reference	
HG00329#2	HLA-DQB1	1	1	1		1	1	assembly_or_reference	
HG00329#2	HLA-DPA1	1	1	1		1	1	assembly_or_reference	
HG00329#2	HLA-DPB1	1	1	1		1	1	assembly_or_reference	
HG00329#2	HLA-DRB3	1	0	0	no_gene_sequence_annotation_not_proven_absence	1	1	assembly_or_reference	
HG00329#2	HLA-DRB4	1	0	0	no_gene_sequence_annotation_not_proven_absence	1	1	assembly_or_reference	
HG00329#2	HLA-DRB5	1	0	0	no_gene_sequence_annotation_not_proven_absence	1	1	assembly_or_reference	
HG00344#1	HLA-A	1	1	1		1	1	assembly_or_reference	
HG00344#1	HLA-B	1	1	1		1	1	assembly_or_reference	
HG00344#1	HLA-C	1	1	1		1	1	assembly_or_reference	
HG00344#1	HLA-DRB1	1	1	1		1	1	assembly_or_reference	
HG00344#1	HLA-DQA1	1	1	1		1	1	assembly_or_reference	
HG00344#1	HLA-DQB1	1	1	1		1	1	assembly_or_reference	
HG00344#1	HLA-DPA1	1	1	1		1	1	assembly_or_reference	
HG00344#1	HLA-DPB1	1	1	1		1	1	assembly_or_reference	
HG00344#1	HLA-DRB3	1	0	0	no_gene_sequence_annotation_not_proven_absence	1	1	assembly_or_reference	
HG00344#1	HLA-DRB4	1	0	0	no_gene_sequence_annotation_not_proven_absence	1	1	assembly_or_reference	
HG00344#1	HLA-DRB5	1	1	1		1	1	assembly_or_reference	
HG00344#2	HLA-A	1	1	1		1	1	assembly_or_reference	
HG00344#2	HLA-B	1	1	1		1	1	assembly_or_reference	
HG00344#2	HLA-C	1	1	1		1	1	assembly_or_reference	
HG00344#2	HLA-DRB1	1	1	1		1	1	assembly_or_reference	
HG00344#2	HLA-DQA1	1	1	1		1	1	assembly_or_reference	
HG00344#2	HLA-DQB1	1	1	1		1	1	assembly_or_reference	
HG00344#2	HLA-DPA1	1	1	1		1	1	assembly_or_reference	
HG00344#2	HLA-DPB1	1	1	1		1	1	assembly_or_reference	
HG00344#2	HLA-DRB3	1	0	0	no_gene_sequence_annotation_not_proven_absence	1	1	assembly_or_reference	
HG00344#2	HLA-DRB4	1	0	0	no_gene_sequence_annotation_not_proven_absence	1	1	assembly_or_reference	
HG00344#2	HLA-DRB5	1	1	1		1	1	assembly_or_reference	
HG00350#1	HLA-A	1	1	1		1	1	assembly_or_reference	
HG00350#1	HLA-B	1	1	1		1	1	assembly_or_reference	
HG00350#1	HLA-C	1	1	1		1	1	assembly_or_reference	
HG00350#1	HLA-DRB1	1	1	1		1	1	assembly_or_reference	
HG00350#1	HLA-DQA1	1	1	1		1	1	assembly_or_reference	
HG00350#1	HLA-DQB1	1	1	1		1	1	assembly_or_reference	
HG00350#1	HLA-DPA1	1	1	1		1	1	assembly_or_reference	
HG00350#1	HLA-DPB1	1	1	1		1	1	assembly_or_reference	
HG00350#1	HLA-DRB3	1	0	0	no_gene_sequence_annotation_not_proven_absence	1	1	assembly_or_reference	
HG00350#1	HLA-DRB4	1	0	0	no_gene_sequence_annotation_not_proven_absence	1	1	assembly_or_reference	
HG00350#1	HLA-DRB5	1	0	0	no_gene_sequence_annotation_not_proven_absence	1	1	assembly_or_reference	
HG00350#2	HLA-A	1	1	1		1	1	assembly_or_reference	
HG00350#2	HLA-B	1	1	1		1	1	assembly_or_reference	
HG00350#2	HLA-C	1	1	1		1	1	assembly_or_reference	
HG00350#2	HLA-DRB1	1	1	1		1	1	assembly_or_reference	
HG00350#2	HLA-DQA1	1	1	1		1	1	assembly_or_reference	
HG00350#2	HLA-DQB1	1	1	1		1	1	assembly_or_reference	
HG00350#2	HLA-DPA1	1	1	1		1	1	assembly_or_reference	
HG00350#2	HLA-DPB1	1	1	1		1	1	assembly_or_reference	
HG00350#2	HLA-DRB3	1	0	0	no_gene_sequence_annotation_not_proven_absence	1	1	assembly_or_reference	
HG00350#2	HLA-DRB4	1	1	1		1	1	assembly_or_reference	
HG00350#2	HLA-DRB5	1	0	0	no_gene_sequence_annotation_not_proven_absence	1	1	assembly_or_reference	
HG00408#1	HLA-A	1	1	1		1	1	assembly_or_reference	DR_DQ_candidate_novel_annotation
HG00408#1	HLA-B	1	1	1		1	1	assembly_or_reference	DR_DQ_candidate_novel_annotation
HG00408#1	HLA-C	1	1	1		1	1	assembly_or_reference	DR_DQ_candidate_novel_annotation
HG00408#1	HLA-DRB1	1	1	1		1	1	assembly_or_reference	DR_DQ_candidate_novel_annotation
HG00408#1	HLA-DQA1	1	1	1		1	1	assembly_or_reference	DR_DQ_candidate_novel_annotation
HG00408#1	HLA-DQB1	1	1	1		1	1	assembly_or_reference	DR_DQ_candidate_novel_annotation
HG00408#1	HLA-DPA1	1	1	1		1	1	assembly_or_reference	DR_DQ_candidate_novel_annotation
HG00408#1	HLA-DPB1	1	1	1		1	1	assembly_or_reference	DR_DQ_candidate_novel_annotation
HG00408#1	HLA-DRB3	1	1	1		1	1	assembly_or_reference	DR_DQ_candidate_novel_annotation
HG00408#1	HLA-DRB4	1	0	0	no_gene_sequence_annotation_not_proven_absence	1	1	assembly_or_reference	DR_DQ_candidate_novel_annotation
HG00408#1	HLA-DRB5	1	0	0	no_gene_sequence_annotation_not_proven_absence	1	1	assembly_or_reference	DR_DQ_candidate_novel_annotation
HG00408#2	HLA-A	1	1	1		1	1	assembly_or_reference	
HG00408#2	HLA-B	1	1	1		1	1	assembly_or_reference	
HG00408#2	HLA-C	1	1	1		1	1	assembly_or_reference	
HG00408#2	HLA-DRB1	1	1	1		1	1	assembly_or_reference	
HG00408#2	HLA-DQA1	1	1	1		1	1	assembly_or_reference	
HG00408#2	HLA-DQB1	1	1	1		1	1	assembly_or_reference	
HG00408#2	HLA-DPA1	1	1	1		1	1	assembly_or_reference	
HG00408#2	HLA-DPB1	1	1	1		1	1	assembly_or_reference	
HG00408#2	HLA-DRB3	1	0	0	no_gene_sequence_annotation_not_proven_absence	1	1	assembly_or_reference	
HG00408#2	HLA-DRB4	1	0	0	no_gene_sequence_annotation_not_proven_absence	1	1	assembly_or_reference	
HG00408#2	HLA-DRB5	1	1	1		1	1	assembly_or_reference	
HG00423#1	HLA-A	1	1	1		1	1	assembly_or_reference	DR_DQ_candidate_novel_annotation
HG00423#1	HLA-B	1	1	1		1	1	assembly_or_reference	DR_DQ_candidate_novel_annotation
HG00423#1	HLA-C	1	1	1		1	1	assembly_or_reference	DR_DQ_candidate_novel_annotation
HG00423#1	HLA-DRB1	1	1	1		1	1	assembly_or_reference	DR_DQ_candidate_novel_annotation
HG00423#1	HLA-DQA1	1	1	1		1	1	assembly_or_reference	DR_DQ_candidate_novel_annotation
HG00423#1	HLA-DQB1	1	1	1		1	1	assembly_or_reference	DR_DQ_candidate_novel_annotation
HG00423#1	HLA-DPA1	1	1	1		1	1	assembly_or_reference	DR_DQ_candidate_novel_annotation
HG00423#1	HLA-DPB1	1	1	1		1	1	assembly_or_reference	DR_DQ_candidate_novel_annotation
HG00423#1	HLA-DRB3	1	0	0	no_gene_sequence_annotation_not_proven_absence	1	1	assembly_or_reference	DR_DQ_candidate_novel_annotation
HG00423#1	HLA-DRB4	1	1	1		1	1	assembly_or_reference	DR_DQ_candidate_novel_annotation
HG00423#1	HLA-DRB5	1	0	0	no_gene_sequence_annotation_not_proven_absence	1	1	assembly_or_reference	DR_DQ_candidate_novel_annotation
HG00423#2	HLA-A	1	1	1		1	1	assembly_or_reference	
HG00423#2	HLA-B	1	1	1		1	1	assembly_or_reference	
HG00423#2	HLA-C	1	1	1		1	1	assembly_or_reference	
HG00423#2	HLA-DRB1	1	1	1		1	1	assembly_or_reference	
HG00423#2	HLA-DQA1	1	1	1		1	1	assembly_or_reference	
HG00423#2	HLA-DQB1	1	1	1		1	1	assembly_or_reference	
HG00423#2	HLA-DPA1	1	1	1		1	1	assembly_or_reference	
HG00423#2	HLA-DPB1	1	1	1		1	1	assembly_or_reference	
HG00423#2	HLA-DRB3	1	0	0	no_gene_sequence_annotation_not_proven_absence	1	1	assembly_or_reference	
HG00423#2	HLA-DRB4	1	0	0	no_gene_sequence_annotation_not_proven_absence	1	1	assembly_or_reference	
HG00423#2	HLA-DRB5	1	0	0	no_gene_sequence_annotation_not_proven_absence	1	1	assembly_or_reference	
HG00438#1	HLA-A	1	1	1		1	1	assembly_or_reference	DR_DQ_candidate_novel_annotation
HG00438#1	HLA-B	1	1	1		1	1	assembly_or_reference	DR_DQ_candidate_novel_annotation
HG00438#1	HLA-C	1	1	1		1	1	assembly_or_reference	DR_DQ_candidate_novel_annotation
HG00438#1	HLA-DRB1	1	1	1		1	1	assembly_or_reference	DR_DQ_candidate_novel_annotation
HG00438#1	HLA-DQA1	1	1	1		1	1	assembly_or_reference	DR_DQ_candidate_novel_annotation
HG00438#1	HLA-DQB1	1	1	1		1	1	assembly_or_reference	DR_DQ_candidate_novel_annotation
HG00438#1	HLA-DPA1	1	1	1		1	1	assembly_or_reference	DR_DQ_candidate_novel_annotation
HG00438#1	HLA-DPB1	1	1	1		1	1	assembly_or_reference	DR_DQ_candidate_novel_annotation
HG00438#1	HLA-DRB3	1	1	1		1	1	assembly_or_reference	DR_DQ_candidate_novel_annotation
HG00438#1	HLA-DRB4	1	0	0	no_gene_sequence_annotation_not_proven_absence	1	1	assembly_or_reference	DR_DQ_candidate_novel_annotation
HG00438#1	HLA-DRB5	1	0	0	no_gene_sequence_annotation_not_proven_absence	1	1	assembly_or_reference	DR_DQ_candidate_novel_annotation
HG00438#2	HLA-A	1	1	1		1	1	assembly_or_reference	DR_DQ_candidate_novel_annotation
HG00438#2	HLA-B	1	1	1		1	1	assembly_or_reference	DR_DQ_candidate_novel_annotation
HG00438#2	HLA-C	1	1	1		1	1	assembly_or_reference	DR_DQ_candidate_novel_annotation
HG00438#2	HLA-DRB1	1	1	1		1	1	assembly_or_reference	DR_DQ_candidate_novel_annotation
HG00438#2	HLA-DQA1	1	1	1		1	1	assembly_or_reference	DR_DQ_candidate_novel_annotation
HG00438#2	HLA-DQB1	1	1	1		1	1	assembly_or_reference	DR_DQ_candidate_novel_annotation
HG00438#2	HLA-DPA1	1	1	1		1	1	assembly_or_reference	DR_DQ_candidate_novel_annotation
HG00438#2	HLA-DPB1	1	1	1		1	1	assembly_or_reference	DR_DQ_candidate_novel_annotation
HG00438#2	HLA-DRB3	1	0	0	no_gene_sequence_annotation_not_proven_absence	1	1	assembly_or_reference	DR_DQ_candidate_novel_annotation
HG00438#2	HLA-DRB4	1	1	1		1	1	assembly_or_reference	DR_DQ_candidate_novel_annotation
HG00438#2	HLA-DRB5	1	0	0	no_gene_sequence_annotation_not_proven_absence	1	1	assembly_or_reference	DR_DQ_candidate_novel_annotation
HG005#1	HLA-A	1	1	1		1	1	assembly_or_reference	DR_DQ_candidate_novel_annotation
HG005#1	HLA-B	1	1	1		1	1	assembly_or_reference	DR_DQ_candidate_novel_annotation
HG005#1	HLA-C	1	1	1		1	1	assembly_or_reference	DR_DQ_candidate_novel_annotation
HG005#1	HLA-DRB1	1	1	1		1	1	assembly_or_reference	DR_DQ_candidate_novel_annotation
HG005#1	HLA-DQA1	1	1	1		1	1	assembly_or_reference	DR_DQ_candidate_novel_annotation
HG005#1	HLA-DQB1	1	1	1		1	1	assembly_or_reference	DR_DQ_candidate_novel_annotation
HG005#1	HLA-DPA1	1	1	1		1	1	assembly_or_reference	DR_DQ_candidate_novel_annotation
HG005#1	HLA-DPB1	1	1	1		1	1	assembly_or_reference	DR_DQ_candidate_novel_annotation
HG005#1	HLA-DRB3	1	0	0	no_gene_sequence_annotation_not_proven_absence	1	1	assembly_or_reference	DR_DQ_candidate_novel_annotation
HG005#1	HLA-DRB4	1	1	1		1	1	assembly_or_reference	DR_DQ_candidate_novel_annotation
HG005#1	HLA-DRB5	1	0	0	no_gene_sequence_annotation_not_proven_absence	1	1	assembly_or_reference	DR_DQ_candidate_novel_annotation
HG005#2	HLA-A	1	1	1		1	1	assembly_or_reference	DR_DQ_candidate_novel_annotation
HG005#2	HLA-B	1	1	1		1	1	assembly_or_reference	DR_DQ_candidate_novel_annotation
HG005#2	HLA-C	1	1	1		1	1	assembly_or_reference	DR_DQ_candidate_novel_annotation
HG005#2	HLA-DRB1	1	1	1		1	1	assembly_or_reference	DR_DQ_candidate_novel_annotation
HG005#2	HLA-DQA1	1	1	1		1	1	assembly_or_reference	DR_DQ_candidate_novel_annotation
HG005#2	HLA-DQB1	1	1	1		1	1	assembly_or_reference	DR_DQ_candidate_novel_annotation
HG005#2	HLA-DPA1	1	1	1		1	1	assembly_or_reference	DR_DQ_candidate_novel_annotation
HG005#2	HLA-DPB1	1	1	1		1	1	assembly_or_reference	DR_DQ_candidate_novel_annotation
HG005#2	HLA-DRB3	1	0	0	no_gene_sequence_annotation_not_proven_absence	1	1	assembly_or_reference	DR_DQ_candidate_novel_annotation
HG005#2	HLA-DRB4	1	1	1		1	1	assembly_or_reference	DR_DQ_candidate_novel_annotation
HG005#2	HLA-DRB5	1	0	0	no_gene_sequence_annotation_not_proven_absence	1	1	assembly_or_reference	DR_DQ_candidate_novel_annotation
HG00544#1	HLA-A	1	1	1		1	1	assembly_or_reference	DR_DQ_candidate_novel_annotation;downstream_graph_clipping_loss
HG00544#1	HLA-B	1	1	1		1	1	assembly_or_reference	DR_DQ_candidate_novel_annotation;downstream_graph_clipping_loss
HG00544#1	HLA-C	1	1	1		1	1	assembly_or_reference	DR_DQ_candidate_novel_annotation;downstream_graph_clipping_loss
HG00544#1	HLA-DRB1	1	1	1		1	1	assembly_or_reference	DR_DQ_candidate_novel_annotation;downstream_graph_clipping_loss
HG00544#1	HLA-DQA1	1	1	1		1	1	assembly_or_reference	DR_DQ_candidate_novel_annotation;downstream_graph_clipping_loss
HG00544#1	HLA-DQB1	1	1	1		1	1	assembly_or_reference	DR_DQ_candidate_novel_annotation;downstream_graph_clipping_loss
HG00544#1	HLA-DPA1	1	1	1		1	1	assembly_or_reference	DR_DQ_candidate_novel_annotation;downstream_graph_clipping_loss
HG00544#1	HLA-DPB1	1	1	1		1	1	assembly_or_reference	DR_DQ_candidate_novel_annotation;downstream_graph_clipping_loss
HG00544#1	HLA-DRB3	1	0	0	no_gene_sequence_annotation_not_proven_absence	1	1	assembly_or_reference	DR_DQ_candidate_novel_annotation;downstream_graph_clipping_loss
HG00544#1	HLA-DRB4	1	1	1		1	1	assembly_or_reference	DR_DQ_candidate_novel_annotation;downstream_graph_clipping_loss
HG00544#1	HLA-DRB5	1	0	0	no_gene_sequence_annotation_not_proven_absence	1	1	assembly_or_reference	DR_DQ_candidate_novel_annotation;downstream_graph_clipping_loss
HG00544#2	HLA-A	1	1	1		1	1	assembly_or_reference	DR_DQ_candidate_novel_annotation
HG00544#2	HLA-B	1	1	1		1	1	assembly_or_reference	DR_DQ_candidate_novel_annotation
HG00544#2	HLA-C	1	1	1		1	1	assembly_or_reference	DR_DQ_candidate_novel_annotation
HG00544#2	HLA-DRB1	1	1	1		1	1	assembly_or_reference	DR_DQ_candidate_novel_annotation
HG00544#2	HLA-DQA1	1	1	1		1	1	assembly_or_reference	DR_DQ_candidate_novel_annotation
HG00544#2	HLA-DQB1	1	1	1		1	1	assembly_or_reference	DR_DQ_candidate_novel_annotation
HG00544#2	HLA-DPA1	1	1	1		1	1	assembly_or_reference	DR_DQ_candidate_novel_annotation
HG00544#2	HLA-DPB1	1	1	1		1	1	assembly_or_reference	DR_DQ_candidate_novel_annotation
HG00544#2	HLA-DRB3	1	0	0	no_gene_sequence_annotation_not_proven_absence	1	1	assembly_or_reference	DR_DQ_candidate_novel_annotation
HG00544#2	HLA-DRB4	1	1	1		1	1	assembly_or_reference	DR_DQ_candidate_novel_annotation
HG00544#2	HLA-DRB5	1	0	0	no_gene_sequence_annotation_not_proven_absence	1	1	assembly_or_reference	DR_DQ_candidate_novel_annotation
HG00558#1	HLA-A	1	1	1		1	1	assembly_or_reference	DR_DQ_candidate_novel_annotation;downstream_graph_clipping_loss
HG00558#1	HLA-B	1	1	1		1	1	assembly_or_reference	DR_DQ_candidate_novel_annotation;downstream_graph_clipping_loss
HG00558#1	HLA-C	1	1	1		1	1	assembly_or_reference	DR_DQ_candidate_novel_annotation;downstream_graph_clipping_loss
HG00558#1	HLA-DRB1	1	1	1		1	1	assembly_or_reference	DR_DQ_candidate_novel_annotation;downstream_graph_clipping_loss
HG00558#1	HLA-DQA1	1	1	1		1	1	assembly_or_reference	DR_DQ_candidate_novel_annotation;downstream_graph_clipping_loss
HG00558#1	HLA-DQB1	1	1	1		1	1	assembly_or_reference	DR_DQ_candidate_novel_annotation;downstream_graph_clipping_loss
HG00558#1	HLA-DPA1	1	1	1		1	1	assembly_or_reference	DR_DQ_candidate_novel_annotation;downstream_graph_clipping_loss
HG00558#1	HLA-DPB1	1	1	1		1	1	assembly_or_reference	DR_DQ_candidate_novel_annotation;downstream_graph_clipping_loss
HG00558#1	HLA-DRB3	1	0	0	no_gene_sequence_annotation_not_proven_absence	1	1	assembly_or_reference	DR_DQ_candidate_novel_annotation;downstream_graph_clipping_loss
HG00558#1	HLA-DRB4	1	1	1		1	1	assembly_or_reference	DR_DQ_candidate_novel_annotation;downstream_graph_clipping_loss
HG00558#1	HLA-DRB5	1	0	0	no_gene_sequence_annotation_not_proven_absence	1	1	assembly_or_reference	DR_DQ_candidate_novel_annotation;downstream_graph_clipping_loss
HG00558#2	HLA-A	1	1	1		1	1	assembly_or_reference	
HG00558#2	HLA-B	1	1	1		1	1	assembly_or_reference	
HG00558#2	HLA-C	1	1	1		1	1	assembly_or_reference	
HG00558#2	HLA-DRB1	1	1	1		1	1	assembly_or_reference	
HG00558#2	HLA-DQA1	1	1	1		1	1	assembly_or_reference	
HG00558#2	HLA-DQB1	1	1	1		1	1	assembly_or_reference	
HG00558#2	HLA-DPA1	1	1	1		1	1	assembly_or_reference	
HG00558#2	HLA-DPB1	1	1	1		1	1	assembly_or_reference	
HG00558#2	HLA-DRB3	1	0	0	no_gene_sequence_annotation_not_proven_absence	1	1	assembly_or_reference	
HG00558#2	HLA-DRB4	1	0	0	no_gene_sequence_annotation_not_proven_absence	1	1	assembly_or_reference	
HG00558#2	HLA-DRB5	1	0	0	no_gene_sequence_annotation_not_proven_absence	1	1	assembly_or_reference	
HG00597#1	HLA-A	1	1	1		1	1	assembly_or_reference	DR_DQ_candidate_novel_annotation
HG00597#1	HLA-B	1	1	1		1	1	assembly_or_reference	DR_DQ_candidate_novel_annotation
HG00597#1	HLA-C	1	1	1		1	1	assembly_or_reference	DR_DQ_candidate_novel_annotation
HG00597#1	HLA-DRB1	1	1	1		1	1	assembly_or_reference	DR_DQ_candidate_novel_annotation
HG00597#1	HLA-DQA1	1	1	1		1	1	assembly_or_reference	DR_DQ_candidate_novel_annotation
HG00597#1	HLA-DQB1	1	1	1		1	1	assembly_or_reference	DR_DQ_candidate_novel_annotation
HG00597#1	HLA-DPA1	1	1	1		1	1	assembly_or_reference	DR_DQ_candidate_novel_annotation
HG00597#1	HLA-DPB1	1	1	1		1	1	assembly_or_reference	DR_DQ_candidate_novel_annotation
HG00597#1	HLA-DRB3	1	1	1		1	1	assembly_or_reference	DR_DQ_candidate_novel_annotation
HG00597#1	HLA-DRB4	1	0	0	no_gene_sequence_annotation_not_proven_absence	1	1	assembly_or_reference	DR_DQ_candidate_novel_annotation
HG00597#1	HLA-DRB5	1	0	0	no_gene_sequence_annotation_not_proven_absence	1	1	assembly_or_reference	DR_DQ_candidate_novel_annotation
HG00597#2	HLA-A	1	1	1		1	1	assembly_or_reference	
HG00597#2	HLA-B	1	1	1		1	1	assembly_or_reference	
HG00597#2	HLA-C	1	1	1		1	1	assembly_or_reference	
HG00597#2	HLA-DRB1	1	1	1		1	1	assembly_or_reference	
HG00597#2	HLA-DQA1	1	1	1		1	1	assembly_or_reference	
HG00597#2	HLA-DQB1	1	1	1		1	1	assembly_or_reference	
HG00597#2	HLA-DPA1	1	1	1		1	1	assembly_or_reference	
HG00597#2	HLA-DPB1	1	1	1		1	1	assembly_or_reference	
HG00597#2	HLA-DRB3	1	1	1		1	1	assembly_or_reference	
HG00597#2	HLA-DRB4	1	0	0	no_gene_sequence_annotation_not_proven_absence	1	1	assembly_or_reference	
HG00597#2	HLA-DRB5	1	0	0	no_gene_sequence_annotation_not_proven_absence	1	1	assembly_or_reference	
HG00609#1	HLA-A	1	1	1		1	1	assembly_or_reference	
HG00609#1	HLA-B	1	1	1		1	1	assembly_or_reference	
HG00609#1	HLA-C	1	1	1		1	1	assembly_or_reference	
HG00609#1	HLA-DRB1	1	1	1		1	1	assembly_or_reference	
HG00609#1	HLA-DQA1	1	1	1		1	1	assembly_or_reference	
HG00609#1	HLA-DQB1	1	1	1		1	1	assembly_or_reference	
HG00609#1	HLA-DPA1	1	1	1		1	1	assembly_or_reference	
HG00609#1	HLA-DPB1	1	1	1		1	1	assembly_or_reference	
HG00609#1	HLA-DRB3	1	0	0	no_gene_sequence_annotation_not_proven_absence	1	1	assembly_or_reference	
HG00609#1	HLA-DRB4	1	0	0	no_gene_sequence_annotation_not_proven_absence	1	1	assembly_or_reference	
HG00609#1	HLA-DRB5	1	1	1		1	1	assembly_or_reference	
HG00609#2	HLA-A	1	1	1		1	1	assembly_or_reference	DR_DQ_candidate_novel_annotation
HG00609#2	HLA-B	1	1	1		1	1	assembly_or_reference	DR_DQ_candidate_novel_annotation
HG00609#2	HLA-C	1	1	1		1	1	assembly_or_reference	DR_DQ_candidate_novel_annotation
HG00609#2	HLA-DRB1	1	1	1		1	1	assembly_or_reference	DR_DQ_candidate_novel_annotation
HG00609#2	HLA-DQA1	1	1	1		1	1	assembly_or_reference	DR_DQ_candidate_novel_annotation
HG00609#2	HLA-DQB1	1	1	1		1	1	assembly_or_reference	DR_DQ_candidate_novel_annotation
HG00609#2	HLA-DPA1	1	1	1		1	1	assembly_or_reference	DR_DQ_candidate_novel_annotation
HG00609#2	HLA-DPB1	1	1	1		1	1	assembly_or_reference	DR_DQ_candidate_novel_annotation
HG00609#2	HLA-DRB3	1	0	0	no_gene_sequence_annotation_not_proven_absence	1	1	assembly_or_reference	DR_DQ_candidate_novel_annotation
HG00609#2	HLA-DRB4	1	1	1		1	1	assembly_or_reference	DR_DQ_candidate_novel_annotation
HG00609#2	HLA-DRB5	1	0	0	no_gene_sequence_annotation_not_proven_absence	1	1	assembly_or_reference	DR_DQ_candidate_novel_annotation
HG00621#1	HLA-A	1	1	1		1	1	assembly_or_reference	DR_DQ_candidate_novel_annotation
HG00621#1	HLA-B	1	1	1		1	1	assembly_or_reference	DR_DQ_candidate_novel_annotation
HG00621#1	HLA-C	1	1	1		1	1	assembly_or_reference	DR_DQ_candidate_novel_annotation
HG00621#1	HLA-DRB1	1	1	1		1	1	assembly_or_reference	DR_DQ_candidate_novel_annotation
HG00621#1	HLA-DQA1	1	1	1		1	1	assembly_or_reference	DR_DQ_candidate_novel_annotation
HG00621#1	HLA-DQB1	1	1	1		1	1	assembly_or_reference	DR_DQ_candidate_novel_annotation
HG00621#1	HLA-DPA1	1	1	1		1	1	assembly_or_reference	DR_DQ_candidate_novel_annotation
HG00621#1	HLA-DPB1	1	1	1		1	1	assembly_or_reference	DR_DQ_candidate_novel_annotation
HG00621#1	HLA-DRB3	1	0	0	no_gene_sequence_annotation_not_proven_absence	1	1	assembly_or_reference	DR_DQ_candidate_novel_annotation
HG00621#1	HLA-DRB4	1	1	1		1	1	assembly_or_reference	DR_DQ_candidate_novel_annotation
HG00621#1	HLA-DRB5	1	0	0	no_gene_sequence_annotation_not_proven_absence	1	1	assembly_or_reference	DR_DQ_candidate_novel_annotation
HG00621#2	HLA-A	1	1	1		1	1	assembly_or_reference	downstream_graph_clipping_loss
HG00621#2	HLA-B	1	1	1		1	1	assembly_or_reference	downstream_graph_clipping_loss
HG00621#2	HLA-C	1	1	1		1	1	assembly_or_reference	downstream_graph_clipping_loss
HG00621#2	HLA-DRB1	1	1	1		1	1	assembly_or_reference	downstream_graph_clipping_loss
HG00621#2	HLA-DQA1	1	1	1		1	1	assembly_or_reference	downstream_graph_clipping_loss
HG00621#2	HLA-DQB1	1	1	1		1	1	assembly_or_reference	downstream_graph_clipping_loss
HG00621#2	HLA-DPA1	1	1	1		1	1	assembly_or_reference	downstream_graph_clipping_loss
HG00621#2	HLA-DPB1	1	1	1		1	1	assembly_or_reference	downstream_graph_clipping_loss
HG00621#2	HLA-DRB3	1	1	1		1	1	assembly_or_reference	downstream_graph_clipping_loss
HG00621#2	HLA-DRB4	1	0	0	no_gene_sequence_annotation_not_proven_absence	1	1	assembly_or_reference	downstream_graph_clipping_loss
HG00621#2	HLA-DRB5	1	0	0	no_gene_sequence_annotation_not_proven_absence	1	1	assembly_or_reference	downstream_graph_clipping_loss
HG00639#1	HLA-A	1	1	1		1	1	assembly_or_reference	DR_DQ_candidate_novel_annotation
HG00639#1	HLA-B	1	1	1		1	1	assembly_or_reference	DR_DQ_candidate_novel_annotation
HG00639#1	HLA-C	1	1	1		1	1	assembly_or_reference	DR_DQ_candidate_novel_annotation
HG00639#1	HLA-DRB1	1	1	1		1	1	assembly_or_reference	DR_DQ_candidate_novel_annotation
HG00639#1	HLA-DQA1	1	1	1		1	1	assembly_or_reference	DR_DQ_candidate_novel_annotation
HG00639#1	HLA-DQB1	1	1	1		1	1	assembly_or_reference	DR_DQ_candidate_novel_annotation
HG00639#1	HLA-DPA1	1	1	1		1	1	assembly_or_reference	DR_DQ_candidate_novel_annotation
HG00639#1	HLA-DPB1	1	1	1		1	1	assembly_or_reference	DR_DQ_candidate_novel_annotation
HG00639#1	HLA-DRB3	1	0	0	no_gene_sequence_annotation_not_proven_absence	1	1	assembly_or_reference	DR_DQ_candidate_novel_annotation
HG00639#1	HLA-DRB4	1	1	1		1	1	assembly_or_reference	DR_DQ_candidate_novel_annotation
HG00639#1	HLA-DRB5	1	0	0	no_gene_sequence_annotation_not_proven_absence	1	1	assembly_or_reference	DR_DQ_candidate_novel_annotation
HG00639#2	HLA-A	1	1	1		1	1	assembly_or_reference	DR_DQ_candidate_novel_annotation
HG00639#2	HLA-B	1	1	1		1	1	assembly_or_reference	DR_DQ_candidate_novel_annotation
HG00639#2	HLA-C	1	1	1		1	1	assembly_or_reference	DR_DQ_candidate_novel_annotation
HG00639#2	HLA-DRB1	1	1	1		1	1	assembly_or_reference	DR_DQ_candidate_novel_annotation
HG00639#2	HLA-DQA1	1	1	1		1	1	assembly_or_reference	DR_DQ_candidate_novel_annotation
HG00639#2	HLA-DQB1	1	1	1		1	1	assembly_or_reference	DR_DQ_candidate_novel_annotation
HG00639#2	HLA-DPA1	1	1	1		1	1	assembly_or_reference	DR_DQ_candidate_novel_annotation
HG00639#2	HLA-DPB1	1	1	1		1	1	assembly_or_reference	DR_DQ_candidate_novel_annotation
HG00639#2	HLA-DRB3	1	0	0	no_gene_sequence_annotation_not_proven_absence	1	1	assembly_or_reference	DR_DQ_candidate_novel_annotation
HG00639#2	HLA-DRB4	1	1	1		1	1	assembly_or_reference	DR_DQ_candidate_novel_annotation
HG00639#2	HLA-DRB5	1	0	0	no_gene_sequence_annotation_not_proven_absence	1	1	assembly_or_reference	DR_DQ_candidate_novel_annotation
HG00642#1	HLA-A	1	1	1		1	1	assembly_or_reference	
HG00642#1	HLA-B	1	1	1		1	1	assembly_or_reference	
HG00642#1	HLA-C	1	1	1		1	1	assembly_or_reference	
HG00642#1	HLA-DRB1	1	1	1		1	1	assembly_or_reference	
HG00642#1	HLA-DQA1	1	1	1		1	1	assembly_or_reference	
HG00642#1	HLA-DQB1	1	1	1		1	1	assembly_or_reference	
HG00642#1	HLA-DPA1	1	1	1		1	1	assembly_or_reference	
HG00642#1	HLA-DPB1	1	1	1		1	1	assembly_or_reference	
HG00642#1	HLA-DRB3	1	1	1		1	1	assembly_or_reference	
HG00642#1	HLA-DRB4	1	0	0	no_gene_sequence_annotation_not_proven_absence	1	1	assembly_or_reference	
HG00642#1	HLA-DRB5	1	0	0	no_gene_sequence_annotation_not_proven_absence	1	1	assembly_or_reference	
HG00642#2	HLA-A	1	1	1		1	1	assembly_or_reference	DR_DQ_candidate_novel_annotation;downstream_graph_clipping_loss
HG00642#2	HLA-B	1	1	1		1	1	assembly_or_reference	DR_DQ_candidate_novel_annotation;downstream_graph_clipping_loss
HG00642#2	HLA-C	1	1	1		1	1	assembly_or_reference	DR_DQ_candidate_novel_annotation;downstream_graph_clipping_loss
HG00642#2	HLA-DRB1	1	1	1		1	1	assembly_or_reference	DR_DQ_candidate_novel_annotation;downstream_graph_clipping_loss
HG00642#2	HLA-DQA1	1	1	1		1	1	assembly_or_reference	DR_DQ_candidate_novel_annotation;downstream_graph_clipping_loss
HG00642#2	HLA-DQB1	1	1	1		1	1	assembly_or_reference	DR_DQ_candidate_novel_annotation;downstream_graph_clipping_loss
HG00642#2	HLA-DPA1	1	1	1		1	1	assembly_or_reference	DR_DQ_candidate_novel_annotation;downstream_graph_clipping_loss
HG00642#2	HLA-DPB1	1	1	1		1	1	assembly_or_reference	DR_DQ_candidate_novel_annotation;downstream_graph_clipping_loss
HG00642#2	HLA-DRB3	1	1	1		1	1	assembly_or_reference	DR_DQ_candidate_novel_annotation;downstream_graph_clipping_loss
HG00642#2	HLA-DRB4	1	0	0	no_gene_sequence_annotation_not_proven_absence	1	1	assembly_or_reference	DR_DQ_candidate_novel_annotation;downstream_graph_clipping_loss
HG00642#2	HLA-DRB5	1	0	0	no_gene_sequence_annotation_not_proven_absence	1	1	assembly_or_reference	DR_DQ_candidate_novel_annotation;downstream_graph_clipping_loss
HG00658#1	HLA-A	1	1	1		1	1	assembly_or_reference	downstream_graph_clipping_loss
HG00658#1	HLA-B	1	1	1		1	1	assembly_or_reference	downstream_graph_clipping_loss
HG00658#1	HLA-C	1	1	1		1	1	assembly_or_reference	downstream_graph_clipping_loss
HG00658#1	HLA-DRB1	1	1	1		1	1	assembly_or_reference	downstream_graph_clipping_loss
HG00658#1	HLA-DQA1	1	1	1		1	1	assembly_or_reference	downstream_graph_clipping_loss
HG00658#1	HLA-DQB1	1	1	1		1	1	assembly_or_reference	downstream_graph_clipping_loss
HG00658#1	HLA-DPA1	1	1	1		1	1	assembly_or_reference	downstream_graph_clipping_loss
HG00658#1	HLA-DPB1	1	1	1		1	1	assembly_or_reference	downstream_graph_clipping_loss
HG00658#1	HLA-DRB3	1	0	0	no_gene_sequence_annotation_not_proven_absence	1	1	assembly_or_reference	downstream_graph_clipping_loss
HG00658#1	HLA-DRB4	1	0	0	no_gene_sequence_annotation_not_proven_absence	1	1	assembly_or_reference	downstream_graph_clipping_loss
HG00658#1	HLA-DRB5	1	0	0	no_gene_sequence_annotation_not_proven_absence	1	1	assembly_or_reference	downstream_graph_clipping_loss
HG00658#2	HLA-A	1	1	1		1	1	assembly_or_reference	DR_DQ_candidate_novel_annotation
HG00658#2	HLA-B	1	1	1		1	1	assembly_or_reference	DR_DQ_candidate_novel_annotation
HG00658#2	HLA-C	1	1	1		1	1	assembly_or_reference	DR_DQ_candidate_novel_annotation
HG00658#2	HLA-DRB1	1	1	1		1	1	assembly_or_reference	DR_DQ_candidate_novel_annotation
HG00658#2	HLA-DQA1	1	1	1		1	1	assembly_or_reference	DR_DQ_candidate_novel_annotation
HG00658#2	HLA-DQB1	1	1	1		1	1	assembly_or_reference	DR_DQ_candidate_novel_annotation
HG00658#2	HLA-DPA1	1	1	1		1	1	assembly_or_reference	DR_DQ_candidate_novel_annotation
HG00658#2	HLA-DPB1	1	1	1		1	1	assembly_or_reference	DR_DQ_candidate_novel_annotation
HG00658#2	HLA-DRB3	1	1	1		1	1	assembly_or_reference	DR_DQ_candidate_novel_annotation
HG00658#2	HLA-DRB4	1	0	0	no_gene_sequence_annotation_not_proven_absence	1	1	assembly_or_reference	DR_DQ_candidate_novel_annotation
HG00658#2	HLA-DRB5	1	0	0	no_gene_sequence_annotation_not_proven_absence	1	1	assembly_or_reference	DR_DQ_candidate_novel_annotation
HG00673#1	HLA-A	1	1	1		1	1	assembly_or_reference	DR_DQ_candidate_novel_annotation;downstream_graph_clipping_loss
HG00673#1	HLA-B	1	1	1		1	1	assembly_or_reference	DR_DQ_candidate_novel_annotation;downstream_graph_clipping_loss
HG00673#1	HLA-C	1	1	1		1	1	assembly_or_reference	DR_DQ_candidate_novel_annotation;downstream_graph_clipping_loss
HG00673#1	HLA-DRB1	1	1	1		1	1	assembly_or_reference	DR_DQ_candidate_novel_annotation;downstream_graph_clipping_loss
HG00673#1	HLA-DQA1	1	1	1		1	1	assembly_or_reference	DR_DQ_candidate_novel_annotation;downstream_graph_clipping_loss
HG00673#1	HLA-DQB1	1	1	1		1	1	assembly_or_reference	DR_DQ_candidate_novel_annotation;downstream_graph_clipping_loss
HG00673#1	HLA-DPA1	1	1	1		1	1	assembly_or_reference	DR_DQ_candidate_novel_annotation;downstream_graph_clipping_loss
HG00673#1	HLA-DPB1	1	1	1		1	1	assembly_or_reference	DR_DQ_candidate_novel_annotation;downstream_graph_clipping_loss
HG00673#1	HLA-DRB3	1	1	1		1	1	assembly_or_reference	DR_DQ_candidate_novel_annotation;downstream_graph_clipping_loss
HG00673#1	HLA-DRB4	1	0	0	no_gene_sequence_annotation_not_proven_absence	1	1	assembly_or_reference	DR_DQ_candidate_novel_annotation;downstream_graph_clipping_loss
HG00673#1	HLA-DRB5	1	0	0	no_gene_sequence_annotation_not_proven_absence	1	1	assembly_or_reference	DR_DQ_candidate_novel_annotation;downstream_graph_clipping_loss
HG00673#2	HLA-A	1	1	1		1	1	assembly_or_reference	
HG00673#2	HLA-B	1	1	1		1	1	assembly_or_reference	
HG00673#2	HLA-C	1	1	1		1	1	assembly_or_reference	
HG00673#2	HLA-DRB1	1	1	1		1	1	assembly_or_reference	
HG00673#2	HLA-DQA1	1	1	1		1	1	assembly_or_reference	
HG00673#2	HLA-DQB1	1	1	1		1	1	assembly_or_reference	
HG00673#2	HLA-DPA1	1	1	1		1	1	assembly_or_reference	
HG00673#2	HLA-DPB1	1	1	1		1	1	assembly_or_reference	
HG00673#2	HLA-DRB3	1	0	0	no_gene_sequence_annotation_not_proven_absence	1	1	assembly_or_reference	
HG00673#2	HLA-DRB4	1	0	0	no_gene_sequence_annotation_not_proven_absence	1	1	assembly_or_reference	
HG00673#2	HLA-DRB5	1	0	0	no_gene_sequence_annotation_not_proven_absence	1	1	assembly_or_reference	
HG00706#1	HLA-A	1	1	1		1	1	assembly_or_reference	DR_DQ_candidate_novel_annotation
HG00706#1	HLA-B	1	1	1		1	1	assembly_or_reference	DR_DQ_candidate_novel_annotation
HG00706#1	HLA-C	1	1	1		1	1	assembly_or_reference	DR_DQ_candidate_novel_annotation
HG00706#1	HLA-DRB1	1	1	1		1	1	assembly_or_reference	DR_DQ_candidate_novel_annotation
HG00706#1	HLA-DQA1	1	1	1		1	1	assembly_or_reference	DR_DQ_candidate_novel_annotation
HG00706#1	HLA-DQB1	1	1	1		1	1	assembly_or_reference	DR_DQ_candidate_novel_annotation
HG00706#1	HLA-DPA1	1	1	1		1	1	assembly_or_reference	DR_DQ_candidate_novel_annotation
HG00706#1	HLA-DPB1	1	1	1		1	1	assembly_or_reference	DR_DQ_candidate_novel_annotation
HG00706#1	HLA-DRB3	1	0	0	no_gene_sequence_annotation_not_proven_absence	1	1	assembly_or_reference	DR_DQ_candidate_novel_annotation
HG00706#1	HLA-DRB4	1	0	0	no_gene_sequence_annotation_not_proven_absence	1	1	assembly_or_reference	DR_DQ_candidate_novel_annotation
HG00706#1	HLA-DRB5	1	1	1		1	1	assembly_or_reference	DR_DQ_candidate_novel_annotation
HG00706#2	HLA-A	1	1	1		1	1	assembly_or_reference	DR_DQ_candidate_novel_annotation
HG00706#2	HLA-B	1	1	1		1	1	assembly_or_reference	DR_DQ_candidate_novel_annotation
HG00706#2	HLA-C	1	1	1		1	1	assembly_or_reference	DR_DQ_candidate_novel_annotation
HG00706#2	HLA-DRB1	1	1	1		1	1	assembly_or_reference	DR_DQ_candidate_novel_annotation
HG00706#2	HLA-DQA1	1	1	1		1	1	assembly_or_reference	DR_DQ_candidate_novel_annotation
HG00706#2	HLA-DQB1	1	1	1		1	1	assembly_or_reference	DR_DQ_candidate_novel_annotation
HG00706#2	HLA-DPA1	1	1	1		1	1	assembly_or_reference	DR_DQ_candidate_novel_annotation
HG00706#2	HLA-DPB1	1	1	1		1	1	assembly_or_reference	DR_DQ_candidate_novel_annotation
HG00706#2	HLA-DRB3	1	0	0	no_gene_sequence_annotation_not_proven_absence	1	1	assembly_or_reference	DR_DQ_candidate_novel_annotation
HG00706#2	HLA-DRB4	1	0	0	no_gene_sequence_annotation_not_proven_absence	1	1	assembly_or_reference	DR_DQ_candidate_novel_annotation
HG00706#2	HLA-DRB5	1	1	1		1	1	assembly_or_reference	DR_DQ_candidate_novel_annotation
HG00733#1	HLA-A	1	1	1		1	1	assembly_or_reference	
HG00733#1	HLA-B	1	1	1		1	1	assembly_or_reference	
HG00733#1	HLA-C	1	1	1		1	1	assembly_or_reference	
HG00733#1	HLA-DRB1	1	1	1		1	1	assembly_or_reference	
HG00733#1	HLA-DQA1	1	1	1		1	1	assembly_or_reference	
HG00733#1	HLA-DQB1	1	1	1		1	1	assembly_or_reference	
HG00733#1	HLA-DPA1	1	1	1		1	1	assembly_or_reference	
HG00733#1	HLA-DPB1	1	1	1		1	1	assembly_or_reference	
HG00733#1	HLA-DRB3	1	1	1		1	1	assembly_or_reference	
HG00733#1	HLA-DRB4	1	0	0	no_gene_sequence_annotation_not_proven_absence	1	1	assembly_or_reference	
HG00733#1	HLA-DRB5	1	0	0	no_gene_sequence_annotation_not_proven_absence	1	1	assembly_or_reference	
HG00733#2	HLA-A	1	1	1		1	1	assembly_or_reference	
HG00733#2	HLA-B	1	1	1		1	1	assembly_or_reference	
HG00733#2	HLA-C	1	1	1		1	1	assembly_or_reference	
HG00733#2	HLA-DRB1	1	1	1		1	1	assembly_or_reference	
HG00733#2	HLA-DQA1	1	1	1		1	1	assembly_or_reference	
HG00733#2	HLA-DQB1	1	1	1		1	1	assembly_or_reference	
HG00733#2	HLA-DPA1	1	1	1		1	1	assembly_or_reference	
HG00733#2	HLA-DPB1	1	1	1		1	1	assembly_or_reference	
HG00733#2	HLA-DRB3	1	1	1		1	1	assembly_or_reference	
HG00733#2	HLA-DRB4	1	0	0	no_gene_sequence_annotation_not_proven_absence	1	1	assembly_or_reference	
HG00733#2	HLA-DRB5	1	0	0	no_gene_sequence_annotation_not_proven_absence	1	1	assembly_or_reference	
HG00735#1	HLA-A	1	1	1		1	1	assembly_or_reference	
HG00735#1	HLA-B	1	1	1		1	1	assembly_or_reference	
HG00735#1	HLA-C	1	1	1		1	1	assembly_or_reference	
HG00735#1	HLA-DRB1	1	1	1		1	1	assembly_or_reference	
HG00735#1	HLA-DQA1	1	1	1		1	1	assembly_or_reference	
HG00735#1	HLA-DQB1	1	1	1		1	1	assembly_or_reference	
HG00735#1	HLA-DPA1	1	1	1		1	1	assembly_or_reference	
HG00735#1	HLA-DPB1	1	1	1		1	1	assembly_or_reference	
HG00735#1	HLA-DRB3	1	0	0	no_gene_sequence_annotation_not_proven_absence	1	1	assembly_or_reference	
HG00735#1	HLA-DRB4	1	0	0	no_gene_sequence_annotation_not_proven_absence	1	1	assembly_or_reference	
HG00735#1	HLA-DRB5	1	0	0	no_gene_sequence_annotation_not_proven_absence	1	1	assembly_or_reference	
HG00735#2	HLA-A	1	1	1		1	1	assembly_or_reference	DR_DQ_candidate_novel_annotation
HG00735#2	HLA-B	1	1	1		1	1	assembly_or_reference	DR_DQ_candidate_novel_annotation
HG00735#2	HLA-C	1	1	1		1	1	assembly_or_reference	DR_DQ_candidate_novel_annotation
HG00735#2	HLA-DRB1	1	1	1		1	1	assembly_or_reference	DR_DQ_candidate_novel_annotation
HG00735#2	HLA-DQA1	1	1	1		1	1	assembly_or_reference	DR_DQ_candidate_novel_annotation
HG00735#2	HLA-DQB1	1	1	1		1	1	assembly_or_reference	DR_DQ_candidate_novel_annotation
HG00735#2	HLA-DPA1	1	1	1		1	1	assembly_or_reference	DR_DQ_candidate_novel_annotation
HG00735#2	HLA-DPB1	1	1	1		1	1	assembly_or_reference	DR_DQ_candidate_novel_annotation
HG00735#2	HLA-DRB3	1	0	0	no_gene_sequence_annotation_not_proven_absence	1	1	assembly_or_reference	DR_DQ_candidate_novel_annotation
HG00735#2	HLA-DRB4	1	1	1		1	1	assembly_or_reference	DR_DQ_candidate_novel_annotation
HG00735#2	HLA-DRB5	1	0	0	no_gene_sequence_annotation_not_proven_absence	1	1	assembly_or_reference	DR_DQ_candidate_novel_annotation
HG00738#1	HLA-A	1	1	1		1	1	assembly_or_reference	
HG00738#1	HLA-B	1	1	1		1	1	assembly_or_reference	
HG00738#1	HLA-C	1	1	1		1	1	assembly_or_reference	
HG00738#1	HLA-DRB1	1	1	1		1	1	assembly_or_reference	
HG00738#1	HLA-DQA1	1	1	1		1	1	assembly_or_reference	
HG00738#1	HLA-DQB1	1	1	1		1	1	assembly_or_reference	
HG00738#1	HLA-DPA1	1	1	1		1	1	assembly_or_reference	
HG00738#1	HLA-DPB1	1	1	1		1	1	assembly_or_reference	
HG00738#1	HLA-DRB3	1	1	1		1	1	assembly_or_reference	
HG00738#1	HLA-DRB4	1	0	0	no_gene_sequence_annotation_not_proven_absence	1	1	assembly_or_reference	
HG00738#1	HLA-DRB5	1	0	0	no_gene_sequence_annotation_not_proven_absence	1	1	assembly_or_reference	
HG00738#2	HLA-A	1	1	1		1	1	assembly_or_reference	DR_DQ_candidate_novel_annotation
HG00738#2	HLA-B	1	1	1		1	1	assembly_or_reference	DR_DQ_candidate_novel_annotation
HG00738#2	HLA-C	1	1	1		1	1	assembly_or_reference	DR_DQ_candidate_novel_annotation
HG00738#2	HLA-DRB1	1	1	1		1	1	assembly_or_reference	DR_DQ_candidate_novel_annotation
HG00738#2	HLA-DQA1	1	1	1		1	1	assembly_or_reference	DR_DQ_candidate_novel_annotation
HG00738#2	HLA-DQB1	1	1	1		1	1	assembly_or_reference	DR_DQ_candidate_novel_annotation
HG00738#2	HLA-DPA1	1	1	1		1	1	assembly_or_reference	DR_DQ_candidate_novel_annotation
HG00738#2	HLA-DPB1	1	1	1		1	1	assembly_or_reference	DR_DQ_candidate_novel_annotation
HG00738#2	HLA-DRB3	1	1	1		1	1	assembly_or_reference	DR_DQ_candidate_novel_annotation
HG00738#2	HLA-DRB4	1	0	0	no_gene_sequence_annotation_not_proven_absence	1	1	assembly_or_reference	DR_DQ_candidate_novel_annotation
HG00738#2	HLA-DRB5	1	0	0	no_gene_sequence_annotation_not_proven_absence	1	1	assembly_or_reference	DR_DQ_candidate_novel_annotation
HG00741#1	HLA-A	1	1	1		1	1	assembly_or_reference	DR_DQ_candidate_novel_annotation
HG00741#1	HLA-B	1	1	1		1	1	assembly_or_reference	DR_DQ_candidate_novel_annotation
HG00741#1	HLA-C	1	1	1		1	1	assembly_or_reference	DR_DQ_candidate_novel_annotation
HG00741#1	HLA-DRB1	1	1	1		1	1	assembly_or_reference	DR_DQ_candidate_novel_annotation
HG00741#1	HLA-DQA1	1	1	1		1	1	assembly_or_reference	DR_DQ_candidate_novel_annotation
HG00741#1	HLA-DQB1	1	1	1		1	1	assembly_or_reference	DR_DQ_candidate_novel_annotation
HG00741#1	HLA-DPA1	1	1	1		1	1	assembly_or_reference	DR_DQ_candidate_novel_annotation
HG00741#1	HLA-DPB1	1	1	1		1	1	assembly_or_reference	DR_DQ_candidate_novel_annotation
HG00741#1	HLA-DRB3	1	1	1		1	1	assembly_or_reference	DR_DQ_candidate_novel_annotation
HG00741#1	HLA-DRB4	1	0	0	no_gene_sequence_annotation_not_proven_absence	1	1	assembly_or_reference	DR_DQ_candidate_novel_annotation
HG00741#1	HLA-DRB5	1	0	0	no_gene_sequence_annotation_not_proven_absence	1	1	assembly_or_reference	DR_DQ_candidate_novel_annotation
HG00741#2	HLA-A	1	1	1		1	1	assembly_or_reference	DR_DQ_candidate_novel_annotation
HG00741#2	HLA-B	1	1	1		1	1	assembly_or_reference	DR_DQ_candidate_novel_annotation
HG00741#2	HLA-C	1	1	1		1	1	assembly_or_reference	DR_DQ_candidate_novel_annotation
HG00741#2	HLA-DRB1	1	1	1		1	1	assembly_or_reference	DR_DQ_candidate_novel_annotation
HG00741#2	HLA-DQA1	1	1	1		1	1	assembly_or_reference	DR_DQ_candidate_novel_annotation
HG00741#2	HLA-DQB1	1	1	1		1	1	assembly_or_reference	DR_DQ_candidate_novel_annotation
HG00741#2	HLA-DPA1	1	1	1		1	1	assembly_or_reference	DR_DQ_candidate_novel_annotation
HG00741#2	HLA-DPB1	1	1	1		1	1	assembly_or_reference	DR_DQ_candidate_novel_annotation
HG00741#2	HLA-DRB3	1	1	1		1	1	assembly_or_reference	DR_DQ_candidate_novel_annotation
HG00741#2	HLA-DRB4	1	0	0	no_gene_sequence_annotation_not_proven_absence	1	1	assembly_or_reference	DR_DQ_candidate_novel_annotation
HG00741#2	HLA-DRB5	1	0	0	no_gene_sequence_annotation_not_proven_absence	1	1	assembly_or_reference	DR_DQ_candidate_novel_annotation
HG01071#1	HLA-A	1	1	1		1	1	assembly_or_reference	
HG01071#1	HLA-B	1	1	1		1	1	assembly_or_reference	
HG01071#1	HLA-C	1	1	1		1	1	assembly_or_reference	
HG01071#1	HLA-DRB1	1	1	1		1	1	assembly_or_reference	
HG01071#1	HLA-DQA1	1	1	1		1	1	assembly_or_reference	
HG01071#1	HLA-DQB1	1	1	1		1	1	assembly_or_reference	
HG01071#1	HLA-DPA1	1	1	1		1	1	assembly_or_reference	
HG01071#1	HLA-DPB1	1	1	1		1	1	assembly_or_reference	
HG01071#1	HLA-DRB3	1	0	0	no_gene_sequence_annotation_not_proven_absence	1	1	assembly_or_reference	
HG01071#1	HLA-DRB4	1	1	1		1	1	assembly_or_reference	
HG01071#1	HLA-DRB5	1	0	0	no_gene_sequence_annotation_not_proven_absence	1	1	assembly_or_reference	
HG01071#2	HLA-A	1	1	1		1	1	assembly_or_reference	
HG01071#2	HLA-B	1	1	1		1	1	assembly_or_reference	
HG01071#2	HLA-C	1	1	1		1	1	assembly_or_reference	
HG01071#2	HLA-DRB1	1	1	1		1	1	assembly_or_reference	
HG01071#2	HLA-DQA1	1	1	1		1	1	assembly_or_reference	
HG01071#2	HLA-DQB1	1	1	1		1	1	assembly_or_reference	
HG01071#2	HLA-DPA1	1	1	1		1	1	assembly_or_reference	
HG01071#2	HLA-DPB1	1	1	1		1	1	assembly_or_reference	
HG01071#2	HLA-DRB3	1	1	1		1	1	assembly_or_reference	
HG01071#2	HLA-DRB4	1	0	0	no_gene_sequence_annotation_not_proven_absence	1	1	assembly_or_reference	
HG01071#2	HLA-DRB5	1	0	0	no_gene_sequence_annotation_not_proven_absence	1	1	assembly_or_reference	
HG01074#1	HLA-A	1	1	1		1	1	assembly_or_reference	
HG01074#1	HLA-B	1	1	1		1	1	assembly_or_reference	
HG01074#1	HLA-C	1	1	1		1	1	assembly_or_reference	
HG01074#1	HLA-DRB1	1	1	1		1	1	assembly_or_reference	
HG01074#1	HLA-DQA1	1	1	1		1	1	assembly_or_reference	
HG01074#1	HLA-DQB1	1	1	1		1	1	assembly_or_reference	
HG01074#1	HLA-DPA1	1	1	1		1	1	assembly_or_reference	
HG01074#1	HLA-DPB1	1	1	1		1	1	assembly_or_reference	
HG01074#1	HLA-DRB3	1	0	0	no_gene_sequence_annotation_not_proven_absence	1	1	assembly_or_reference	
HG01074#1	HLA-DRB4	1	0	0	no_gene_sequence_annotation_not_proven_absence	1	1	assembly_or_reference	
HG01074#1	HLA-DRB5	1	1	1		1	1	assembly_or_reference	
HG01074#2	HLA-A	1	1	1		1	1	assembly_or_reference	
HG01074#2	HLA-B	1	1	1		1	1	assembly_or_reference	
HG01074#2	HLA-C	1	1	1		1	1	assembly_or_reference	
HG01074#2	HLA-DRB1	1	1	1		1	1	assembly_or_reference	
HG01074#2	HLA-DQA1	1	1	1		1	1	assembly_or_reference	
HG01074#2	HLA-DQB1	1	1	1		1	1	assembly_or_reference	
HG01074#2	HLA-DPA1	1	1	1		1	1	assembly_or_reference	
HG01074#2	HLA-DPB1	1	1	1		1	1	assembly_or_reference	
HG01074#2	HLA-DRB3	1	0	0	no_gene_sequence_annotation_not_proven_absence	1	1	assembly_or_reference	
HG01074#2	HLA-DRB4	1	1	1		1	1	assembly_or_reference	
HG01074#2	HLA-DRB5	1	0	0	no_gene_sequence_annotation_not_proven_absence	1	1	assembly_or_reference	
HG01081#1	HLA-A	1	1	1		1	1	assembly_or_reference	DR_DQ_candidate_novel_annotation
HG01081#1	HLA-B	1	1	1		1	1	assembly_or_reference	DR_DQ_candidate_novel_annotation
HG01081#1	HLA-C	1	1	1		1	1	assembly_or_reference	DR_DQ_candidate_novel_annotation
HG01081#1	HLA-DRB1	1	1	1		1	1	assembly_or_reference	DR_DQ_candidate_novel_annotation
HG01081#1	HLA-DQA1	1	1	1		1	1	assembly_or_reference	DR_DQ_candidate_novel_annotation
HG01081#1	HLA-DQB1	1	1	1		1	1	assembly_or_reference	DR_DQ_candidate_novel_annotation
HG01081#1	HLA-DPA1	1	1	1		1	1	assembly_or_reference	DR_DQ_candidate_novel_annotation
HG01081#1	HLA-DPB1	1	1	1		1	1	assembly_or_reference	DR_DQ_candidate_novel_annotation
HG01081#1	HLA-DRB3	1	1	1		1	1	assembly_or_reference	DR_DQ_candidate_novel_annotation
HG01081#1	HLA-DRB4	1	0	0	no_gene_sequence_annotation_not_proven_absence	1	1	assembly_or_reference	DR_DQ_candidate_novel_annotation
HG01081#1	HLA-DRB5	1	0	0	no_gene_sequence_annotation_not_proven_absence	1	1	assembly_or_reference	DR_DQ_candidate_novel_annotation
HG01081#2	HLA-A	1	1	1		1	1	assembly_or_reference	DR_DQ_candidate_novel_annotation;downstream_graph_clipping_loss
HG01081#2	HLA-B	1	1	1		1	1	assembly_or_reference	DR_DQ_candidate_novel_annotation;downstream_graph_clipping_loss
HG01081#2	HLA-C	1	1	1		1	1	assembly_or_reference	DR_DQ_candidate_novel_annotation;downstream_graph_clipping_loss
HG01081#2	HLA-DRB1	1	1	1		1	1	assembly_or_reference	DR_DQ_candidate_novel_annotation;downstream_graph_clipping_loss
HG01081#2	HLA-DQA1	1	1	1		1	1	assembly_or_reference	DR_DQ_candidate_novel_annotation;downstream_graph_clipping_loss
HG01081#2	HLA-DQB1	1	1	1		1	1	assembly_or_reference	DR_DQ_candidate_novel_annotation;downstream_graph_clipping_loss
HG01081#2	HLA-DPA1	1	1	1		1	1	assembly_or_reference	DR_DQ_candidate_novel_annotation;downstream_graph_clipping_loss
HG01081#2	HLA-DPB1	1	1	1		1	1	assembly_or_reference	DR_DQ_candidate_novel_annotation;downstream_graph_clipping_loss
HG01081#2	HLA-DRB3	1	1	1		1	1	assembly_or_reference	DR_DQ_candidate_novel_annotation;downstream_graph_clipping_loss
HG01081#2	HLA-DRB4	1	0	0	no_gene_sequence_annotation_not_proven_absence	1	1	assembly_or_reference	DR_DQ_candidate_novel_annotation;downstream_graph_clipping_loss
HG01081#2	HLA-DRB5	1	0	0	no_gene_sequence_annotation_not_proven_absence	1	1	assembly_or_reference	DR_DQ_candidate_novel_annotation;downstream_graph_clipping_loss
HG01099#1	HLA-A	1	1	1		1	1	assembly_or_reference	
HG01099#1	HLA-B	1	1	1		1	1	assembly_or_reference	
HG01099#1	HLA-C	1	1	1		1	1	assembly_or_reference	
HG01099#1	HLA-DRB1	1	1	1		1	1	assembly_or_reference	
HG01099#1	HLA-DQA1	1	1	1		1	1	assembly_or_reference	
HG01099#1	HLA-DQB1	1	1	1		1	1	assembly_or_reference	
HG01099#1	HLA-DPA1	1	1	1		1	1	assembly_or_reference	
HG01099#1	HLA-DPB1	1	1	1		1	1	assembly_or_reference	
HG01099#1	HLA-DRB3	1	0	0	no_gene_sequence_annotation_not_proven_absence	1	1	assembly_or_reference	
HG01099#1	HLA-DRB4	1	1	1		1	1	assembly_or_reference	
HG01099#1	HLA-DRB5	1	0	0	no_gene_sequence_annotation_not_proven_absence	1	1	assembly_or_reference	
HG01099#2	HLA-A	1	1	1		1	1	assembly_or_reference	
HG01099#2	HLA-B	1	1	1		1	1	assembly_or_reference	
HG01099#2	HLA-C	1	1	1		1	1	assembly_or_reference	
HG01099#2	HLA-DRB1	1	1	1		1	1	assembly_or_reference	
HG01099#2	HLA-DQA1	1	1	1		1	1	assembly_or_reference	
HG01099#2	HLA-DQB1	1	1	1		1	1	assembly_or_reference	
HG01099#2	HLA-DPA1	1	1	1		1	1	assembly_or_reference	
HG01099#2	HLA-DPB1	1	1	1		1	1	assembly_or_reference	
HG01099#2	HLA-DRB3	1	0	0	no_gene_sequence_annotation_not_proven_absence	1	1	assembly_or_reference	
HG01099#2	HLA-DRB4	1	1	1		1	1	assembly_or_reference	
HG01099#2	HLA-DRB5	1	0	0	no_gene_sequence_annotation_not_proven_absence	1	1	assembly_or_reference	
HG01106#1	HLA-A	1	1	1		1	1	assembly_or_reference	
HG01106#1	HLA-B	1	1	1		1	1	assembly_or_reference	
HG01106#1	HLA-C	1	1	1		1	1	assembly_or_reference	
HG01106#1	HLA-DRB1	1	1	1		1	1	assembly_or_reference	
HG01106#1	HLA-DQA1	1	1	1		1	1	assembly_or_reference	
HG01106#1	HLA-DQB1	1	1	1		1	1	assembly_or_reference	
HG01106#1	HLA-DPA1	1	1	1		1	1	assembly_or_reference	
HG01106#1	HLA-DPB1	1	1	1		1	1	assembly_or_reference	
HG01106#1	HLA-DRB3	1	1	1		1	1	assembly_or_reference	
HG01106#1	HLA-DRB4	1	0	0	no_gene_sequence_annotation_not_proven_absence	1	1	assembly_or_reference	
HG01106#1	HLA-DRB5	1	0	0	no_gene_sequence_annotation_not_proven_absence	1	1	assembly_or_reference	
HG01106#2	HLA-A	1	1	1		1	1	assembly_or_reference	DR_DQ_candidate_novel_annotation
HG01106#2	HLA-B	1	1	1		1	1	assembly_or_reference	DR_DQ_candidate_novel_annotation
HG01106#2	HLA-C	1	1	1		1	1	assembly_or_reference	DR_DQ_candidate_novel_annotation
HG01106#2	HLA-DRB1	1	1	1		1	1	assembly_or_reference	DR_DQ_candidate_novel_annotation
HG01106#2	HLA-DQA1	1	1	1		1	1	assembly_or_reference	DR_DQ_candidate_novel_annotation
HG01106#2	HLA-DQB1	1	1	1		1	1	assembly_or_reference	DR_DQ_candidate_novel_annotation
HG01106#2	HLA-DPA1	1	1	1		1	1	assembly_or_reference	DR_DQ_candidate_novel_annotation
HG01106#2	HLA-DPB1	1	1	1		1	1	assembly_or_reference	DR_DQ_candidate_novel_annotation
HG01106#2	HLA-DRB3	1	1	1		1	1	assembly_or_reference	DR_DQ_candidate_novel_annotation
HG01106#2	HLA-DRB4	1	0	0	no_gene_sequence_annotation_not_proven_absence	1	1	assembly_or_reference	DR_DQ_candidate_novel_annotation
HG01106#2	HLA-DRB5	1	0	0	no_gene_sequence_annotation_not_proven_absence	1	1	assembly_or_reference	DR_DQ_candidate_novel_annotation
HG01109#1	HLA-A	1	1	1		1	1	assembly_or_reference	
HG01109#1	HLA-B	1	1	1		1	1	assembly_or_reference	
HG01109#1	HLA-C	1	1	1		1	1	assembly_or_reference	
HG01109#1	HLA-DRB1	1	1	1		1	1	assembly_or_reference	
HG01109#1	HLA-DQA1	1	1	1		1	1	assembly_or_reference	
HG01109#1	HLA-DQB1	1	1	1		1	1	assembly_or_reference	
HG01109#1	HLA-DPA1	1	1	1		1	1	assembly_or_reference	
HG01109#1	HLA-DPB1	1	1	1		1	1	assembly_or_reference	
HG01109#1	HLA-DRB3	1	0	0	no_gene_sequence_annotation_not_proven_absence	1	1	assembly_or_reference	
HG01109#1	HLA-DRB4	1	0	0	no_gene_sequence_annotation_not_proven_absence	1	1	assembly_or_reference	
HG01109#1	HLA-DRB5	1	0	0	no_gene_sequence_annotation_not_proven_absence	1	1	assembly_or_reference	
HG01109#2	HLA-A	1	1	1		1	1	assembly_or_reference	
HG01109#2	HLA-B	1	1	1		1	1	assembly_or_reference	
HG01109#2	HLA-C	1	1	1		1	1	assembly_or_reference	
HG01109#2	HLA-DRB1	1	1	1		1	1	assembly_or_reference	
HG01109#2	HLA-DQA1	1	1	1		1	1	assembly_or_reference	
HG01109#2	HLA-DQB1	1	1	1		1	1	assembly_or_reference	
HG01109#2	HLA-DPA1	1	1	1		1	1	assembly_or_reference	
HG01109#2	HLA-DPB1	1	1	1		1	1	assembly_or_reference	
HG01109#2	HLA-DRB3	1	0	0	no_gene_sequence_annotation_not_proven_absence	1	1	assembly_or_reference	
HG01109#2	HLA-DRB4	1	0	0	no_gene_sequence_annotation_not_proven_absence	1	1	assembly_or_reference	
HG01109#2	HLA-DRB5	1	0	0	no_gene_sequence_annotation_not_proven_absence	1	1	assembly_or_reference	
HG01123#1	HLA-A	1	1	1		1	1	assembly_or_reference	
HG01123#1	HLA-B	1	1	1		1	1	assembly_or_reference	
HG01123#1	HLA-C	1	1	1		1	1	assembly_or_reference	
HG01123#1	HLA-DRB1	1	1	1		1	1	assembly_or_reference	
HG01123#1	HLA-DQA1	1	1	1		1	1	assembly_or_reference	
HG01123#1	HLA-DQB1	1	1	1		1	1	assembly_or_reference	
HG01123#1	HLA-DPA1	1	1	1		1	1	assembly_or_reference	
HG01123#1	HLA-DPB1	1	1	1		1	1	assembly_or_reference	
HG01123#1	HLA-DRB3	1	0	0	no_gene_sequence_annotation_not_proven_absence	1	1	assembly_or_reference	
HG01123#1	HLA-DRB4	1	1	1		1	1	assembly_or_reference	
HG01123#1	HLA-DRB5	1	0	0	no_gene_sequence_annotation_not_proven_absence	1	1	assembly_or_reference	
HG01123#2	HLA-A	1	1	1		1	1	assembly_or_reference	
HG01123#2	HLA-B	1	1	1		1	1	assembly_or_reference	
HG01123#2	HLA-C	1	1	1		1	1	assembly_or_reference	
HG01123#2	HLA-DRB1	1	1	1		1	1	assembly_or_reference	
HG01123#2	HLA-DQA1	1	1	1		1	1	assembly_or_reference	
HG01123#2	HLA-DQB1	1	1	1		1	1	assembly_or_reference	
HG01123#2	HLA-DPA1	1	1	1		1	1	assembly_or_reference	
HG01123#2	HLA-DPB1	1	1	1		1	1	assembly_or_reference	
HG01123#2	HLA-DRB3	1	1	1		1	1	assembly_or_reference	
HG01123#2	HLA-DRB4	1	0	0	no_gene_sequence_annotation_not_proven_absence	1	1	assembly_or_reference	
HG01123#2	HLA-DRB5	1	0	0	no_gene_sequence_annotation_not_proven_absence	1	1	assembly_or_reference	
HG01150#1	HLA-A	1	1	1		1	1	assembly_or_reference	DR_DQ_candidate_novel_annotation
HG01150#1	HLA-B	1	1	1		1	1	assembly_or_reference	DR_DQ_candidate_novel_annotation
HG01150#1	HLA-C	1	1	1		1	1	assembly_or_reference	DR_DQ_candidate_novel_annotation
HG01150#1	HLA-DRB1	1	1	1		1	1	assembly_or_reference	DR_DQ_candidate_novel_annotation
HG01150#1	HLA-DQA1	1	1	1		1	1	assembly_or_reference	DR_DQ_candidate_novel_annotation
HG01150#1	HLA-DQB1	1	1	1		1	1	assembly_or_reference	DR_DQ_candidate_novel_annotation
HG01150#1	HLA-DPA1	1	1	1		1	1	assembly_or_reference	DR_DQ_candidate_novel_annotation
HG01150#1	HLA-DPB1	1	1	1		1	1	assembly_or_reference	DR_DQ_candidate_novel_annotation
HG01150#1	HLA-DRB3	1	0	0	no_gene_sequence_annotation_not_proven_absence	1	1	assembly_or_reference	DR_DQ_candidate_novel_annotation
HG01150#1	HLA-DRB4	1	0	0	no_gene_sequence_annotation_not_proven_absence	1	1	assembly_or_reference	DR_DQ_candidate_novel_annotation
HG01150#1	HLA-DRB5	1	1	1		1	1	assembly_or_reference	DR_DQ_candidate_novel_annotation
HG01150#2	HLA-A	1	1	1		1	1	assembly_or_reference	DR_DQ_candidate_novel_annotation
HG01150#2	HLA-B	1	1	1		1	1	assembly_or_reference	DR_DQ_candidate_novel_annotation
HG01150#2	HLA-C	1	1	1		1	1	assembly_or_reference	DR_DQ_candidate_novel_annotation
HG01150#2	HLA-DRB1	1	1	1		1	1	assembly_or_reference	DR_DQ_candidate_novel_annotation
HG01150#2	HLA-DQA1	1	1	1		1	1	assembly_or_reference	DR_DQ_candidate_novel_annotation
HG01150#2	HLA-DQB1	1	1	1		1	1	assembly_or_reference	DR_DQ_candidate_novel_annotation
HG01150#2	HLA-DPA1	1	1	1		1	1	assembly_or_reference	DR_DQ_candidate_novel_annotation
HG01150#2	HLA-DPB1	1	1	1		1	1	assembly_or_reference	DR_DQ_candidate_novel_annotation
HG01150#2	HLA-DRB3	1	1	1		1	1	assembly_or_reference	DR_DQ_candidate_novel_annotation
HG01150#2	HLA-DRB4	1	0	0	no_gene_sequence_annotation_not_proven_absence	1	1	assembly_or_reference	DR_DQ_candidate_novel_annotation
HG01150#2	HLA-DRB5	1	0	0	no_gene_sequence_annotation_not_proven_absence	1	1	assembly_or_reference	DR_DQ_candidate_novel_annotation
HG01167#1	HLA-A	1	1	1		1	1	assembly_or_reference	DR_DQ_candidate_novel_annotation
HG01167#1	HLA-B	1	1	1		1	1	assembly_or_reference	DR_DQ_candidate_novel_annotation
HG01167#1	HLA-C	1	1	1		1	1	assembly_or_reference	DR_DQ_candidate_novel_annotation
HG01167#1	HLA-DRB1	1	1	1		1	1	assembly_or_reference	DR_DQ_candidate_novel_annotation
HG01167#1	HLA-DQA1	1	1	1		1	1	assembly_or_reference	DR_DQ_candidate_novel_annotation
HG01167#1	HLA-DQB1	1	1	1		1	1	assembly_or_reference	DR_DQ_candidate_novel_annotation
HG01167#1	HLA-DPA1	1	1	1		1	1	assembly_or_reference	DR_DQ_candidate_novel_annotation
HG01167#1	HLA-DPB1	1	1	1		1	1	assembly_or_reference	DR_DQ_candidate_novel_annotation
HG01167#1	HLA-DRB3	1	0	0	no_gene_sequence_annotation_not_proven_absence	1	1	assembly_or_reference	DR_DQ_candidate_novel_annotation
HG01167#1	HLA-DRB4	1	1	1		1	1	assembly_or_reference	DR_DQ_candidate_novel_annotation
HG01167#1	HLA-DRB5	1	0	0	no_gene_sequence_annotation_not_proven_absence	1	1	assembly_or_reference	DR_DQ_candidate_novel_annotation
HG01167#2	HLA-A	1	1	1		1	1	assembly_or_reference	
HG01167#2	HLA-B	1	1	1		1	1	assembly_or_reference	
HG01167#2	HLA-C	1	1	1		1	1	assembly_or_reference	
HG01167#2	HLA-DRB1	1	1	1		1	1	assembly_or_reference	
HG01167#2	HLA-DQA1	1	1	1		1	1	assembly_or_reference	
HG01167#2	HLA-DQB1	1	1	1		1	1	assembly_or_reference	
HG01167#2	HLA-DPA1	1	1	1		1	1	assembly_or_reference	
HG01167#2	HLA-DPB1	1	1	1		1	1	assembly_or_reference	
HG01167#2	HLA-DRB3	1	0	0	no_gene_sequence_annotation_not_proven_absence	1	1	assembly_or_reference	
HG01167#2	HLA-DRB4	1	0	0	no_gene_sequence_annotation_not_proven_absence	1	1	assembly_or_reference	
HG01167#2	HLA-DRB5	1	1	1		1	1	assembly_or_reference	
HG01175#1	HLA-A	1	1	1		1	1	assembly_or_reference	
HG01175#1	HLA-B	1	1	1		1	1	assembly_or_reference	
HG01175#1	HLA-C	1	1	1		1	1	assembly_or_reference	
HG01175#1	HLA-DRB1	1	1	1		1	1	assembly_or_reference	
HG01175#1	HLA-DQA1	1	1	1		1	1	assembly_or_reference	
HG01175#1	HLA-DQB1	1	1	1		1	1	assembly_or_reference	
HG01175#1	HLA-DPA1	1	1	1		1	1	assembly_or_reference	
HG01175#1	HLA-DPB1	1	1	1		1	1	assembly_or_reference	
HG01175#1	HLA-DRB3	1	0	0	no_gene_sequence_annotation_not_proven_absence	1	1	assembly_or_reference	
HG01175#1	HLA-DRB4	1	0	0	no_gene_sequence_annotation_not_proven_absence	1	1	assembly_or_reference	
HG01175#1	HLA-DRB5	1	1	1		1	1	assembly_or_reference	
HG01175#2	HLA-A	1	1	1		1	1	assembly_or_reference	
HG01175#2	HLA-B	1	1	1		1	1	assembly_or_reference	
HG01175#2	HLA-C	1	1	1		1	1	assembly_or_reference	
HG01175#2	HLA-DRB1	1	1	1		1	1	assembly_or_reference	
HG01175#2	HLA-DQA1	1	1	1		1	1	assembly_or_reference	
HG01175#2	HLA-DQB1	1	1	1		1	1	assembly_or_reference	
HG01175#2	HLA-DPA1	1	1	1		1	1	assembly_or_reference	
HG01175#2	HLA-DPB1	1	1	1		1	1	assembly_or_reference	
HG01175#2	HLA-DRB3	1	0	0	no_gene_sequence_annotation_not_proven_absence	1	1	assembly_or_reference	
HG01175#2	HLA-DRB4	1	0	0	no_gene_sequence_annotation_not_proven_absence	1	1	assembly_or_reference	
HG01175#2	HLA-DRB5	1	0	0	no_gene_sequence_annotation_not_proven_absence	1	1	assembly_or_reference	
HG01192#1	HLA-A	1	1	1		1	1	assembly_or_reference	
HG01192#1	HLA-B	1	1	1		1	1	assembly_or_reference	
HG01192#1	HLA-C	1	1	1		1	1	assembly_or_reference	
HG01192#1	HLA-DRB1	1	1	1		1	1	assembly_or_reference	
HG01192#1	HLA-DQA1	1	1	1		1	1	assembly_or_reference	
HG01192#1	HLA-DQB1	1	1	1		1	1	assembly_or_reference	
HG01192#1	HLA-DPA1	1	1	1		1	1	assembly_or_reference	
HG01192#1	HLA-DPB1	1	1	1		1	1	assembly_or_reference	
HG01192#1	HLA-DRB3	1	0	0	no_gene_sequence_annotation_not_proven_absence	1	1	assembly_or_reference	
HG01192#1	HLA-DRB4	1	0	0	no_gene_sequence_annotation_not_proven_absence	1	1	assembly_or_reference	
HG01192#1	HLA-DRB5	1	0	0	no_gene_sequence_annotation_not_proven_absence	1	1	assembly_or_reference	
HG01192#2	HLA-A	1	1	1		1	1	assembly_or_reference	
HG01192#2	HLA-B	1	1	1		1	1	assembly_or_reference	
HG01192#2	HLA-C	1	1	1		1	1	assembly_or_reference	
HG01192#2	HLA-DRB1	1	1	1		1	1	assembly_or_reference	
HG01192#2	HLA-DQA1	1	1	1		1	1	assembly_or_reference	
HG01192#2	HLA-DQB1	1	1	1		1	1	assembly_or_reference	
HG01192#2	HLA-DPA1	1	1	1		1	1	assembly_or_reference	
HG01192#2	HLA-DPB1	1	1	1		1	1	assembly_or_reference	
HG01192#2	HLA-DRB3	1	1	1		1	1	assembly_or_reference	
HG01192#2	HLA-DRB4	1	0	0	no_gene_sequence_annotation_not_proven_absence	1	1	assembly_or_reference	
HG01192#2	HLA-DRB5	1	0	0	no_gene_sequence_annotation_not_proven_absence	1	1	assembly_or_reference	
HG01243#1	HLA-A	1	1	1		1	1	assembly_or_reference	
HG01243#1	HLA-B	1	1	1		1	1	assembly_or_reference	
HG01243#1	HLA-C	1	1	1		1	1	assembly_or_reference	
HG01243#1	HLA-DRB1	1	1	1		1	1	assembly_or_reference	
HG01243#1	HLA-DQA1	1	1	1		1	1	assembly_or_reference	
HG01243#1	HLA-DQB1	1	1	1		1	1	assembly_or_reference	
HG01243#1	HLA-DPA1	1	1	1		1	1	assembly_or_reference	
HG01243#1	HLA-DPB1	1	1	1		1	1	assembly_or_reference	
HG01243#1	HLA-DRB3	1	1	1		1	1	assembly_or_reference	
HG01243#1	HLA-DRB4	1	0	0	no_gene_sequence_annotation_not_proven_absence	1	1	assembly_or_reference	
HG01243#1	HLA-DRB5	1	0	0	no_gene_sequence_annotation_not_proven_absence	1	1	assembly_or_reference	
HG01243#2	HLA-A	1	1	1		1	1	assembly_or_reference	downstream_graph_clipping_loss
HG01243#2	HLA-B	1	1	1		1	1	assembly_or_reference	downstream_graph_clipping_loss
HG01243#2	HLA-C	1	1	1		1	1	assembly_or_reference	downstream_graph_clipping_loss
HG01243#2	HLA-DRB1	1	1	1		1	1	assembly_or_reference	downstream_graph_clipping_loss
HG01243#2	HLA-DQA1	1	1	1		1	1	assembly_or_reference	downstream_graph_clipping_loss
HG01243#2	HLA-DQB1	1	1	1		1	1	assembly_or_reference	downstream_graph_clipping_loss
HG01243#2	HLA-DPA1	1	1	1		1	1	assembly_or_reference	downstream_graph_clipping_loss
HG01243#2	HLA-DPB1	1	1	1		1	1	assembly_or_reference	downstream_graph_clipping_loss
HG01243#2	HLA-DRB3	1	1	1		1	1	assembly_or_reference	downstream_graph_clipping_loss
HG01243#2	HLA-DRB4	1	0	0	no_gene_sequence_annotation_not_proven_absence	1	1	assembly_or_reference	downstream_graph_clipping_loss
HG01243#2	HLA-DRB5	1	0	0	no_gene_sequence_annotation_not_proven_absence	1	1	assembly_or_reference	downstream_graph_clipping_loss
HG01252#1	HLA-A	1	1	1		1	1	assembly_or_reference	DR_DQ_candidate_novel_annotation;downstream_graph_clipping_loss
HG01252#1	HLA-B	1	1	1		1	1	assembly_or_reference	DR_DQ_candidate_novel_annotation;downstream_graph_clipping_loss
HG01252#1	HLA-C	1	1	1		1	1	assembly_or_reference	DR_DQ_candidate_novel_annotation;downstream_graph_clipping_loss
HG01252#1	HLA-DRB1	1	1	1		1	1	assembly_or_reference	DR_DQ_candidate_novel_annotation;downstream_graph_clipping_loss
HG01252#1	HLA-DQA1	1	1	1		1	1	assembly_or_reference	DR_DQ_candidate_novel_annotation;downstream_graph_clipping_loss
HG01252#1	HLA-DQB1	1	1	1		1	1	assembly_or_reference	DR_DQ_candidate_novel_annotation;downstream_graph_clipping_loss
HG01252#1	HLA-DPA1	1	1	1		1	1	assembly_or_reference	DR_DQ_candidate_novel_annotation;downstream_graph_clipping_loss
HG01252#1	HLA-DPB1	1	1	1		1	1	assembly_or_reference	DR_DQ_candidate_novel_annotation;downstream_graph_clipping_loss
HG01252#1	HLA-DRB3	1	0	0	no_gene_sequence_annotation_not_proven_absence	1	1	assembly_or_reference	DR_DQ_candidate_novel_annotation;downstream_graph_clipping_loss
HG01252#1	HLA-DRB4	1	1	1		1	1	assembly_or_reference	DR_DQ_candidate_novel_annotation;downstream_graph_clipping_loss
HG01252#1	HLA-DRB5	1	0	0	no_gene_sequence_annotation_not_proven_absence	1	1	assembly_or_reference	DR_DQ_candidate_novel_annotation;downstream_graph_clipping_loss
HG01252#2	HLA-A	1	1	1		1	0	assembly_or_reference	DR_DQ_candidate_novel_annotation;downstream_graph_clipping_loss
HG01252#2	HLA-B	1	1	1		1	0	assembly_or_reference	DR_DQ_candidate_novel_annotation;downstream_graph_clipping_loss
HG01252#2	HLA-C	1	1	1		1	0	assembly_or_reference	DR_DQ_candidate_novel_annotation;downstream_graph_clipping_loss
HG01252#2	HLA-DRB1	1	1	0	no_current_exact_cds_match	1	0	assembly_or_reference	DR_DQ_candidate_novel_annotation;downstream_graph_clipping_loss
HG01252#2	HLA-DQA1	1	1	1		1	0	assembly_or_reference	DR_DQ_candidate_novel_annotation;downstream_graph_clipping_loss
HG01252#2	HLA-DQB1	1	1	1		1	0	assembly_or_reference	DR_DQ_candidate_novel_annotation;downstream_graph_clipping_loss
HG01252#2	HLA-DPA1	1	1	1		1	0	assembly_or_reference	DR_DQ_candidate_novel_annotation;downstream_graph_clipping_loss
HG01252#2	HLA-DPB1	1	1	1		1	0	assembly_or_reference	DR_DQ_candidate_novel_annotation;downstream_graph_clipping_loss
HG01252#2	HLA-DRB3	1	0	0	no_gene_sequence_annotation_not_proven_absence	1	0	assembly_or_reference	DR_DQ_candidate_novel_annotation;downstream_graph_clipping_loss
HG01252#2	HLA-DRB4	1	1	1		1	0	assembly_or_reference	DR_DQ_candidate_novel_annotation;downstream_graph_clipping_loss
HG01252#2	HLA-DRB5	1	0	0	no_gene_sequence_annotation_not_proven_absence	1	0	assembly_or_reference	DR_DQ_candidate_novel_annotation;downstream_graph_clipping_loss
HG01255#1	HLA-A	1	1	1		1	1	assembly_or_reference	
HG01255#1	HLA-B	1	1	1		1	1	assembly_or_reference	
HG01255#1	HLA-C	1	1	1		1	1	assembly_or_reference	
HG01255#1	HLA-DRB1	1	1	1		1	1	assembly_or_reference	
HG01255#1	HLA-DQA1	1	1	1		1	1	assembly_or_reference	
HG01255#1	HLA-DQB1	1	1	1		1	1	assembly_or_reference	
HG01255#1	HLA-DPA1	1	1	1		1	1	assembly_or_reference	
HG01255#1	HLA-DPB1	1	1	1		1	1	assembly_or_reference	
HG01255#1	HLA-DRB3	1	1	1		1	1	assembly_or_reference	
HG01255#1	HLA-DRB4	1	0	0	no_gene_sequence_annotation_not_proven_absence	1	1	assembly_or_reference	
HG01255#1	HLA-DRB5	1	0	0	no_gene_sequence_annotation_not_proven_absence	1	1	assembly_or_reference	
HG01255#2	HLA-A	1	1	1		1	1	assembly_or_reference	downstream_graph_clipping_loss
HG01255#2	HLA-B	1	1	1		1	1	assembly_or_reference	downstream_graph_clipping_loss
HG01255#2	HLA-C	1	1	1		1	1	assembly_or_reference	downstream_graph_clipping_loss
HG01255#2	HLA-DRB1	1	1	1		1	1	assembly_or_reference	downstream_graph_clipping_loss
HG01255#2	HLA-DQA1	1	1	1		1	1	assembly_or_reference	downstream_graph_clipping_loss
HG01255#2	HLA-DQB1	1	1	1		1	1	assembly_or_reference	downstream_graph_clipping_loss
HG01255#2	HLA-DPA1	1	1	1		1	1	assembly_or_reference	downstream_graph_clipping_loss
HG01255#2	HLA-DPB1	1	1	1		1	1	assembly_or_reference	downstream_graph_clipping_loss
HG01255#2	HLA-DRB3	1	0	0	no_gene_sequence_annotation_not_proven_absence	1	1	assembly_or_reference	downstream_graph_clipping_loss
HG01255#2	HLA-DRB4	1	0	0	no_gene_sequence_annotation_not_proven_absence	1	1	assembly_or_reference	downstream_graph_clipping_loss
HG01255#2	HLA-DRB5	1	1	1		1	1	assembly_or_reference	downstream_graph_clipping_loss
HG01258#1	HLA-A	1	1	1		1	1	assembly_or_reference	
HG01258#1	HLA-B	1	1	1		1	1	assembly_or_reference	
HG01258#1	HLA-C	1	1	1		1	1	assembly_or_reference	
HG01258#1	HLA-DRB1	1	1	1		1	1	assembly_or_reference	
HG01258#1	HLA-DQA1	1	1	1		1	1	assembly_or_reference	
HG01258#1	HLA-DQB1	1	1	1		1	1	assembly_or_reference	
HG01258#1	HLA-DPA1	1	1	1		1	1	assembly_or_reference	
HG01258#1	HLA-DPB1	1	1	1		1	1	assembly_or_reference	
HG01258#1	HLA-DRB3	1	1	1		1	1	assembly_or_reference	
HG01258#1	HLA-DRB4	1	0	0	no_gene_sequence_annotation_not_proven_absence	1	1	assembly_or_reference	
HG01258#1	HLA-DRB5	1	0	0	no_gene_sequence_annotation_not_proven_absence	1	1	assembly_or_reference	
HG01258#2	HLA-A	1	1	1		1	1	assembly_or_reference	
HG01258#2	HLA-B	1	1	1		1	1	assembly_or_reference	
HG01258#2	HLA-C	1	1	1		1	1	assembly_or_reference	
HG01258#2	HLA-DRB1	1	1	1		1	1	assembly_or_reference	
HG01258#2	HLA-DQA1	1	1	1		1	1	assembly_or_reference	
HG01258#2	HLA-DQB1	1	1	1		1	1	assembly_or_reference	
HG01258#2	HLA-DPA1	1	1	1		1	1	assembly_or_reference	
HG01258#2	HLA-DPB1	1	1	1		1	1	assembly_or_reference	
HG01258#2	HLA-DRB3	1	0	0	no_gene_sequence_annotation_not_proven_absence	1	1	assembly_or_reference	
HG01258#2	HLA-DRB4	1	0	0	no_gene_sequence_annotation_not_proven_absence	1	1	assembly_or_reference	
HG01258#2	HLA-DRB5	1	0	0	no_gene_sequence_annotation_not_proven_absence	1	1	assembly_or_reference	
HG01261#1	HLA-A	1	1	1		1	1	assembly_or_reference	
HG01261#1	HLA-B	1	1	1		1	1	assembly_or_reference	
HG01261#1	HLA-C	1	1	1		1	1	assembly_or_reference	
HG01261#1	HLA-DRB1	1	1	1		1	1	assembly_or_reference	
HG01261#1	HLA-DQA1	1	1	1		1	1	assembly_or_reference	
HG01261#1	HLA-DQB1	1	1	1		1	1	assembly_or_reference	
HG01261#1	HLA-DPA1	1	1	1		1	1	assembly_or_reference	
HG01261#1	HLA-DPB1	1	1	1		1	1	assembly_or_reference	
HG01261#1	HLA-DRB3	1	0	0	no_gene_sequence_annotation_not_proven_absence	1	1	assembly_or_reference	
HG01261#1	HLA-DRB4	1	1	1		1	1	assembly_or_reference	
HG01261#1	HLA-DRB5	1	0	0	no_gene_sequence_annotation_not_proven_absence	1	1	assembly_or_reference	
HG01261#2	HLA-A	1	1	1		1	1	assembly_or_reference	
HG01261#2	HLA-B	1	1	1		1	1	assembly_or_reference	
HG01261#2	HLA-C	1	1	1		1	1	assembly_or_reference	
HG01261#2	HLA-DRB1	1	1	1		1	1	assembly_or_reference	
HG01261#2	HLA-DQA1	1	1	1		1	1	assembly_or_reference	
HG01261#2	HLA-DQB1	1	1	1		1	1	assembly_or_reference	
HG01261#2	HLA-DPA1	1	1	1		1	1	assembly_or_reference	
HG01261#2	HLA-DPB1	1	1	1		1	1	assembly_or_reference	
HG01261#2	HLA-DRB3	1	0	0	no_gene_sequence_annotation_not_proven_absence	1	1	assembly_or_reference	
HG01261#2	HLA-DRB4	1	0	0	no_gene_sequence_annotation_not_proven_absence	1	1	assembly_or_reference	
HG01261#2	HLA-DRB5	1	0	0	no_gene_sequence_annotation_not_proven_absence	1	1	assembly_or_reference	
HG01346#1	HLA-A	1	1	1		1	1	assembly_or_reference	DR_DQ_candidate_novel_annotation
HG01346#1	HLA-B	1	1	1		1	1	assembly_or_reference	DR_DQ_candidate_novel_annotation
HG01346#1	HLA-C	1	1	1		1	1	assembly_or_reference	DR_DQ_candidate_novel_annotation
HG01346#1	HLA-DRB1	1	1	1		1	1	assembly_or_reference	DR_DQ_candidate_novel_annotation
HG01346#1	HLA-DQA1	1	1	1		1	1	assembly_or_reference	DR_DQ_candidate_novel_annotation
HG01346#1	HLA-DQB1	1	1	1		1	1	assembly_or_reference	DR_DQ_candidate_novel_annotation
HG01346#1	HLA-DPA1	1	1	1		1	1	assembly_or_reference	DR_DQ_candidate_novel_annotation
HG01346#1	HLA-DPB1	1	1	1		1	1	assembly_or_reference	DR_DQ_candidate_novel_annotation
HG01346#1	HLA-DRB3	1	1	1		1	1	assembly_or_reference	DR_DQ_candidate_novel_annotation
HG01346#1	HLA-DRB4	1	0	0	no_gene_sequence_annotation_not_proven_absence	1	1	assembly_or_reference	DR_DQ_candidate_novel_annotation
HG01346#1	HLA-DRB5	1	0	0	no_gene_sequence_annotation_not_proven_absence	1	1	assembly_or_reference	DR_DQ_candidate_novel_annotation
HG01346#2	HLA-A	1	1	1		1	1	assembly_or_reference	DR_DQ_candidate_novel_annotation
HG01346#2	HLA-B	1	1	1		1	1	assembly_or_reference	DR_DQ_candidate_novel_annotation
HG01346#2	HLA-C	1	1	1		1	1	assembly_or_reference	DR_DQ_candidate_novel_annotation
HG01346#2	HLA-DRB1	1	1	1		1	1	assembly_or_reference	DR_DQ_candidate_novel_annotation
HG01346#2	HLA-DQA1	1	1	1		1	1	assembly_or_reference	DR_DQ_candidate_novel_annotation
HG01346#2	HLA-DQB1	1	1	1		1	1	assembly_or_reference	DR_DQ_candidate_novel_annotation
HG01346#2	HLA-DPA1	1	1	1		1	1	assembly_or_reference	DR_DQ_candidate_novel_annotation
HG01346#2	HLA-DPB1	1	1	1		1	1	assembly_or_reference	DR_DQ_candidate_novel_annotation
HG01346#2	HLA-DRB3	1	1	1		1	1	assembly_or_reference	DR_DQ_candidate_novel_annotation
HG01346#2	HLA-DRB4	1	0	0	no_gene_sequence_annotation_not_proven_absence	1	1	assembly_or_reference	DR_DQ_candidate_novel_annotation
HG01346#2	HLA-DRB5	1	0	0	no_gene_sequence_annotation_not_proven_absence	1	1	assembly_or_reference	DR_DQ_candidate_novel_annotation
HG01358#1	HLA-A	1	1	1		1	0	assembly_or_reference	DR_DQ_candidate_novel_annotation;downstream_graph_clipping_loss
HG01358#1	HLA-B	1	1	1		1	0	assembly_or_reference	DR_DQ_candidate_novel_annotation;downstream_graph_clipping_loss
HG01358#1	HLA-C	1	1	1		1	0	assembly_or_reference	DR_DQ_candidate_novel_annotation;downstream_graph_clipping_loss
HG01358#1	HLA-DRB1	1	1	0	no_current_exact_cds_match	1	0	assembly_or_reference	DR_DQ_candidate_novel_annotation;downstream_graph_clipping_loss
HG01358#1	HLA-DQA1	1	1	1		1	0	assembly_or_reference	DR_DQ_candidate_novel_annotation;downstream_graph_clipping_loss
HG01358#1	HLA-DQB1	1	1	1		1	0	assembly_or_reference	DR_DQ_candidate_novel_annotation;downstream_graph_clipping_loss
HG01358#1	HLA-DPA1	1	1	1		1	0	assembly_or_reference	DR_DQ_candidate_novel_annotation;downstream_graph_clipping_loss
HG01358#1	HLA-DPB1	1	1	1		1	0	assembly_or_reference	DR_DQ_candidate_novel_annotation;downstream_graph_clipping_loss
HG01358#1	HLA-DRB3	1	0	0	no_gene_sequence_annotation_not_proven_absence	1	0	assembly_or_reference	DR_DQ_candidate_novel_annotation;downstream_graph_clipping_loss
HG01358#1	HLA-DRB4	1	1	1		1	0	assembly_or_reference	DR_DQ_candidate_novel_annotation;downstream_graph_clipping_loss
HG01358#1	HLA-DRB5	1	0	0	no_gene_sequence_annotation_not_proven_absence	1	0	assembly_or_reference	DR_DQ_candidate_novel_annotation;downstream_graph_clipping_loss
HG01358#2	HLA-A	1	1	1		1	1	assembly_or_reference	DR_DQ_candidate_novel_annotation
HG01358#2	HLA-B	1	1	1		1	1	assembly_or_reference	DR_DQ_candidate_novel_annotation
HG01358#2	HLA-C	1	1	1		1	1	assembly_or_reference	DR_DQ_candidate_novel_annotation
HG01358#2	HLA-DRB1	1	1	1		1	1	assembly_or_reference	DR_DQ_candidate_novel_annotation
HG01358#2	HLA-DQA1	1	1	1		1	1	assembly_or_reference	DR_DQ_candidate_novel_annotation
HG01358#2	HLA-DQB1	1	1	1		1	1	assembly_or_reference	DR_DQ_candidate_novel_annotation
HG01358#2	HLA-DPA1	1	1	1		1	1	assembly_or_reference	DR_DQ_candidate_novel_annotation
HG01358#2	HLA-DPB1	1	1	1		1	1	assembly_or_reference	DR_DQ_candidate_novel_annotation
HG01358#2	HLA-DRB3	1	1	1		1	1	assembly_or_reference	DR_DQ_candidate_novel_annotation
HG01358#2	HLA-DRB4	1	0	0	no_gene_sequence_annotation_not_proven_absence	1	1	assembly_or_reference	DR_DQ_candidate_novel_annotation
HG01358#2	HLA-DRB5	1	0	0	no_gene_sequence_annotation_not_proven_absence	1	1	assembly_or_reference	DR_DQ_candidate_novel_annotation
HG01361#1	HLA-A	1	1	1		1	1	assembly_or_reference	DR_DQ_candidate_novel_annotation
HG01361#1	HLA-B	1	1	1		1	1	assembly_or_reference	DR_DQ_candidate_novel_annotation
HG01361#1	HLA-C	1	1	1		1	1	assembly_or_reference	DR_DQ_candidate_novel_annotation
HG01361#1	HLA-DRB1	1	1	1		1	1	assembly_or_reference	DR_DQ_candidate_novel_annotation
HG01361#1	HLA-DQA1	1	1	1		1	1	assembly_or_reference	DR_DQ_candidate_novel_annotation
HG01361#1	HLA-DQB1	1	1	1		1	1	assembly_or_reference	DR_DQ_candidate_novel_annotation
HG01361#1	HLA-DPA1	1	1	1		1	1	assembly_or_reference	DR_DQ_candidate_novel_annotation
HG01361#1	HLA-DPB1	1	1	1		1	1	assembly_or_reference	DR_DQ_candidate_novel_annotation
HG01361#1	HLA-DRB3	1	1	1		1	1	assembly_or_reference	DR_DQ_candidate_novel_annotation
HG01361#1	HLA-DRB4	1	0	0	no_gene_sequence_annotation_not_proven_absence	1	1	assembly_or_reference	DR_DQ_candidate_novel_annotation
HG01361#1	HLA-DRB5	1	0	0	no_gene_sequence_annotation_not_proven_absence	1	1	assembly_or_reference	DR_DQ_candidate_novel_annotation
HG01361#2	HLA-A	1	1	1		1	1	assembly_or_reference	
HG01361#2	HLA-B	1	1	1		1	1	assembly_or_reference	
HG01361#2	HLA-C	1	1	1		1	1	assembly_or_reference	
HG01361#2	HLA-DRB1	1	1	1		1	1	assembly_or_reference	
HG01361#2	HLA-DQA1	1	1	1		1	1	assembly_or_reference	
HG01361#2	HLA-DQB1	1	1	1		1	1	assembly_or_reference	
HG01361#2	HLA-DPA1	1	1	1		1	1	assembly_or_reference	
HG01361#2	HLA-DPB1	1	1	1		1	1	assembly_or_reference	
HG01361#2	HLA-DRB3	1	0	0	no_gene_sequence_annotation_not_proven_absence	1	1	assembly_or_reference	
HG01361#2	HLA-DRB4	1	1	1		1	1	assembly_or_reference	
HG01361#2	HLA-DRB5	1	0	0	no_gene_sequence_annotation_not_proven_absence	1	1	assembly_or_reference	
HG01433#1	HLA-A	1	1	1		1	1	assembly_or_reference	DR_DQ_candidate_novel_annotation;downstream_graph_clipping_loss
HG01433#1	HLA-B	1	1	1		1	1	assembly_or_reference	DR_DQ_candidate_novel_annotation;downstream_graph_clipping_loss
HG01433#1	HLA-C	1	1	1		1	1	assembly_or_reference	DR_DQ_candidate_novel_annotation;downstream_graph_clipping_loss
HG01433#1	HLA-DRB1	1	1	1		1	1	assembly_or_reference	DR_DQ_candidate_novel_annotation;downstream_graph_clipping_loss
HG01433#1	HLA-DQA1	1	1	1		1	1	assembly_or_reference	DR_DQ_candidate_novel_annotation;downstream_graph_clipping_loss
HG01433#1	HLA-DQB1	1	1	1		1	1	assembly_or_reference	DR_DQ_candidate_novel_annotation;downstream_graph_clipping_loss
HG01433#1	HLA-DPA1	1	1	1		1	1	assembly_or_reference	DR_DQ_candidate_novel_annotation;downstream_graph_clipping_loss
HG01433#1	HLA-DPB1	1	1	1		1	1	assembly_or_reference	DR_DQ_candidate_novel_annotation;downstream_graph_clipping_loss
HG01433#1	HLA-DRB3	1	0	0	no_gene_sequence_annotation_not_proven_absence	1	1	assembly_or_reference	DR_DQ_candidate_novel_annotation;downstream_graph_clipping_loss
HG01433#1	HLA-DRB4	1	1	1		1	1	assembly_or_reference	DR_DQ_candidate_novel_annotation;downstream_graph_clipping_loss
HG01433#1	HLA-DRB5	1	0	0	no_gene_sequence_annotation_not_proven_absence	1	1	assembly_or_reference	DR_DQ_candidate_novel_annotation;downstream_graph_clipping_loss
HG01433#2	HLA-A	1	1	1		1	1	assembly_or_reference	
HG01433#2	HLA-B	1	1	1		1	1	assembly_or_reference	
HG01433#2	HLA-C	1	1	1		1	1	assembly_or_reference	
HG01433#2	HLA-DRB1	1	1	1		1	1	assembly_or_reference	
HG01433#2	HLA-DQA1	1	1	1		1	1	assembly_or_reference	
HG01433#2	HLA-DQB1	1	1	1		1	1	assembly_or_reference	
HG01433#2	HLA-DPA1	1	1	1		1	1	assembly_or_reference	
HG01433#2	HLA-DPB1	1	1	1		1	1	assembly_or_reference	
HG01433#2	HLA-DRB3	1	0	0	no_gene_sequence_annotation_not_proven_absence	1	1	assembly_or_reference	
HG01433#2	HLA-DRB4	1	1	1		1	1	assembly_or_reference	
HG01433#2	HLA-DRB5	1	0	0	no_gene_sequence_annotation_not_proven_absence	1	1	assembly_or_reference	
HG01496#1	HLA-A	1	1	1		1	1	assembly_or_reference	
HG01496#1	HLA-B	1	1	1		1	1	assembly_or_reference	
HG01496#1	HLA-C	1	1	1		1	1	assembly_or_reference	
HG01496#1	HLA-DRB1	1	1	1		1	1	assembly_or_reference	
HG01496#1	HLA-DQA1	1	1	1		1	1	assembly_or_reference	
HG01496#1	HLA-DQB1	1	1	1		1	1	assembly_or_reference	
HG01496#1	HLA-DPA1	1	1	1		1	1	assembly_or_reference	
HG01496#1	HLA-DPB1	1	1	1		1	1	assembly_or_reference	
HG01496#1	HLA-DRB3	1	0	0	no_gene_sequence_annotation_not_proven_absence	1	1	assembly_or_reference	
HG01496#1	HLA-DRB4	1	0	0	no_gene_sequence_annotation_not_proven_absence	1	1	assembly_or_reference	
HG01496#1	HLA-DRB5	1	0	0	no_gene_sequence_annotation_not_proven_absence	1	1	assembly_or_reference	
HG01496#2	HLA-A	1	1	1		1	1	assembly_or_reference	DR_DQ_candidate_novel_annotation;downstream_graph_clipping_loss
HG01496#2	HLA-B	1	1	1		1	1	assembly_or_reference	DR_DQ_candidate_novel_annotation;downstream_graph_clipping_loss
HG01496#2	HLA-C	1	1	1		1	1	assembly_or_reference	DR_DQ_candidate_novel_annotation;downstream_graph_clipping_loss
HG01496#2	HLA-DRB1	1	1	1		1	1	assembly_or_reference	DR_DQ_candidate_novel_annotation;downstream_graph_clipping_loss
HG01496#2	HLA-DQA1	1	1	1		1	1	assembly_or_reference	DR_DQ_candidate_novel_annotation;downstream_graph_clipping_loss
HG01496#2	HLA-DQB1	1	1	1		1	1	assembly_or_reference	DR_DQ_candidate_novel_annotation;downstream_graph_clipping_loss
HG01496#2	HLA-DPA1	1	1	1		1	1	assembly_or_reference	DR_DQ_candidate_novel_annotation;downstream_graph_clipping_loss
HG01496#2	HLA-DPB1	1	1	1		1	1	assembly_or_reference	DR_DQ_candidate_novel_annotation;downstream_graph_clipping_loss
HG01496#2	HLA-DRB3	1	0	0	no_gene_sequence_annotation_not_proven_absence	1	1	assembly_or_reference	DR_DQ_candidate_novel_annotation;downstream_graph_clipping_loss
HG01496#2	HLA-DRB4	1	1	1		1	1	assembly_or_reference	DR_DQ_candidate_novel_annotation;downstream_graph_clipping_loss
HG01496#2	HLA-DRB5	1	0	0	no_gene_sequence_annotation_not_proven_absence	1	1	assembly_or_reference	DR_DQ_candidate_novel_annotation;downstream_graph_clipping_loss
HG01530#1	HLA-A	1	1	1		1	1	assembly_or_reference	
HG01530#1	HLA-B	1	1	1		1	1	assembly_or_reference	
HG01530#1	HLA-C	1	1	1		1	1	assembly_or_reference	
HG01530#1	HLA-DRB1	1	1	1		1	1	assembly_or_reference	
HG01530#1	HLA-DQA1	1	1	1		1	1	assembly_or_reference	
HG01530#1	HLA-DQB1	1	1	1		1	1	assembly_or_reference	
HG01530#1	HLA-DPA1	1	1	1		1	1	assembly_or_reference	
HG01530#1	HLA-DPB1	1	1	1		1	1	assembly_or_reference	
HG01530#1	HLA-DRB3	1	0	0	no_gene_sequence_annotation_not_proven_absence	1	1	assembly_or_reference	
HG01530#1	HLA-DRB4	1	0	0	no_gene_sequence_annotation_not_proven_absence	1	1	assembly_or_reference	
HG01530#1	HLA-DRB5	1	0	0	no_gene_sequence_annotation_not_proven_absence	1	1	assembly_or_reference	
HG01530#2	HLA-A	1	1	1		1	1	assembly_or_reference	
HG01530#2	HLA-B	1	1	1		1	1	assembly_or_reference	
HG01530#2	HLA-C	1	1	1		1	1	assembly_or_reference	
HG01530#2	HLA-DRB1	1	1	1		1	1	assembly_or_reference	
HG01530#2	HLA-DQA1	1	1	1		1	1	assembly_or_reference	
HG01530#2	HLA-DQB1	1	1	1		1	1	assembly_or_reference	
HG01530#2	HLA-DPA1	1	1	1		1	1	assembly_or_reference	
HG01530#2	HLA-DPB1	1	1	1		1	1	assembly_or_reference	
HG01530#2	HLA-DRB3	1	0	0	no_gene_sequence_annotation_not_proven_absence	1	1	assembly_or_reference	
HG01530#2	HLA-DRB4	1	1	1		1	1	assembly_or_reference	
HG01530#2	HLA-DRB5	1	0	0	no_gene_sequence_annotation_not_proven_absence	1	1	assembly_or_reference	
HG01784#1	HLA-A	1	1	1		1	1	assembly_or_reference	DR_DQ_candidate_novel_annotation
HG01784#1	HLA-B	1	1	1		1	1	assembly_or_reference	DR_DQ_candidate_novel_annotation
HG01784#1	HLA-C	1	1	1		1	1	assembly_or_reference	DR_DQ_candidate_novel_annotation
HG01784#1	HLA-DRB1	1	1	1		1	1	assembly_or_reference	DR_DQ_candidate_novel_annotation
HG01784#1	HLA-DQA1	1	1	1		1	1	assembly_or_reference	DR_DQ_candidate_novel_annotation
HG01784#1	HLA-DQB1	1	1	1		1	1	assembly_or_reference	DR_DQ_candidate_novel_annotation
HG01784#1	HLA-DPA1	1	1	1		1	1	assembly_or_reference	DR_DQ_candidate_novel_annotation
HG01784#1	HLA-DPB1	1	1	1		1	1	assembly_or_reference	DR_DQ_candidate_novel_annotation
HG01784#1	HLA-DRB3	1	0	0	no_gene_sequence_annotation_not_proven_absence	1	1	assembly_or_reference	DR_DQ_candidate_novel_annotation
HG01784#1	HLA-DRB4	1	1	1		1	1	assembly_or_reference	DR_DQ_candidate_novel_annotation
HG01784#1	HLA-DRB5	1	0	0	no_gene_sequence_annotation_not_proven_absence	1	1	assembly_or_reference	DR_DQ_candidate_novel_annotation
HG01784#2	HLA-A	1	1	1		1	1	assembly_or_reference	DR_DQ_candidate_novel_annotation
HG01784#2	HLA-B	1	1	1		1	1	assembly_or_reference	DR_DQ_candidate_novel_annotation
HG01784#2	HLA-C	1	1	1		1	1	assembly_or_reference	DR_DQ_candidate_novel_annotation
HG01784#2	HLA-DRB1	1	1	1		1	1	assembly_or_reference	DR_DQ_candidate_novel_annotation
HG01784#2	HLA-DQA1	1	1	1		1	1	assembly_or_reference	DR_DQ_candidate_novel_annotation
HG01784#2	HLA-DQB1	1	1	1		1	1	assembly_or_reference	DR_DQ_candidate_novel_annotation
HG01784#2	HLA-DPA1	1	1	1		1	1	assembly_or_reference	DR_DQ_candidate_novel_annotation
HG01784#2	HLA-DPB1	1	1	1		1	1	assembly_or_reference	DR_DQ_candidate_novel_annotation
HG01784#2	HLA-DRB3	1	0	0	no_gene_sequence_annotation_not_proven_absence	1	1	assembly_or_reference	DR_DQ_candidate_novel_annotation
HG01784#2	HLA-DRB4	1	1	1		1	1	assembly_or_reference	DR_DQ_candidate_novel_annotation
HG01784#2	HLA-DRB5	1	0	0	no_gene_sequence_annotation_not_proven_absence	1	1	assembly_or_reference	DR_DQ_candidate_novel_annotation
HG01786#1	HLA-A	1	1	1		1	1	assembly_or_reference	DR_DQ_candidate_novel_annotation
HG01786#1	HLA-B	1	1	1		1	1	assembly_or_reference	DR_DQ_candidate_novel_annotation
HG01786#1	HLA-C	1	1	1		1	1	assembly_or_reference	DR_DQ_candidate_novel_annotation
HG01786#1	HLA-DRB1	1	1	1		1	1	assembly_or_reference	DR_DQ_candidate_novel_annotation
HG01786#1	HLA-DQA1	1	1	1		1	1	assembly_or_reference	DR_DQ_candidate_novel_annotation
HG01786#1	HLA-DQB1	1	1	1		1	1	assembly_or_reference	DR_DQ_candidate_novel_annotation
HG01786#1	HLA-DPA1	1	1	1		1	1	assembly_or_reference	DR_DQ_candidate_novel_annotation
HG01786#1	HLA-DPB1	1	1	1		1	1	assembly_or_reference	DR_DQ_candidate_novel_annotation
HG01786#1	HLA-DRB3	1	1	1		1	1	assembly_or_reference	DR_DQ_candidate_novel_annotation
HG01786#1	HLA-DRB4	1	0	0	no_gene_sequence_annotation_not_proven_absence	1	1	assembly_or_reference	DR_DQ_candidate_novel_annotation
HG01786#1	HLA-DRB5	1	0	0	no_gene_sequence_annotation_not_proven_absence	1	1	assembly_or_reference	DR_DQ_candidate_novel_annotation
HG01786#2	HLA-A	1	1	1		1	1	assembly_or_reference	DR_DQ_candidate_novel_annotation
HG01786#2	HLA-B	1	1	1		1	1	assembly_or_reference	DR_DQ_candidate_novel_annotation
HG01786#2	HLA-C	1	1	1		1	1	assembly_or_reference	DR_DQ_candidate_novel_annotation
HG01786#2	HLA-DRB1	1	1	1		1	1	assembly_or_reference	DR_DQ_candidate_novel_annotation
HG01786#2	HLA-DQA1	1	1	1		1	1	assembly_or_reference	DR_DQ_candidate_novel_annotation
HG01786#2	HLA-DQB1	1	1	1		1	1	assembly_or_reference	DR_DQ_candidate_novel_annotation
HG01786#2	HLA-DPA1	1	1	1		1	1	assembly_or_reference	DR_DQ_candidate_novel_annotation
HG01786#2	HLA-DPB1	1	1	1		1	1	assembly_or_reference	DR_DQ_candidate_novel_annotation
HG01786#2	HLA-DRB3	1	1	1		1	1	assembly_or_reference	DR_DQ_candidate_novel_annotation
HG01786#2	HLA-DRB4	1	0	0	no_gene_sequence_annotation_not_proven_absence	1	1	assembly_or_reference	DR_DQ_candidate_novel_annotation
HG01786#2	HLA-DRB5	1	0	0	no_gene_sequence_annotation_not_proven_absence	1	1	assembly_or_reference	DR_DQ_candidate_novel_annotation
HG01884#1	HLA-A	1	1	1		1	1	assembly_or_reference	DR_DQ_candidate_novel_annotation
HG01884#1	HLA-B	1	1	1		1	1	assembly_or_reference	DR_DQ_candidate_novel_annotation
HG01884#1	HLA-C	1	1	1		1	1	assembly_or_reference	DR_DQ_candidate_novel_annotation
HG01884#1	HLA-DRB1	1	1	1		1	1	assembly_or_reference	DR_DQ_candidate_novel_annotation
HG01884#1	HLA-DQA1	1	1	1		1	1	assembly_or_reference	DR_DQ_candidate_novel_annotation
HG01884#1	HLA-DQB1	1	1	1		1	1	assembly_or_reference	DR_DQ_candidate_novel_annotation
HG01884#1	HLA-DPA1	1	1	1		1	1	assembly_or_reference	DR_DQ_candidate_novel_annotation
HG01884#1	HLA-DPB1	1	1	1		1	1	assembly_or_reference	DR_DQ_candidate_novel_annotation
HG01884#1	HLA-DRB3	1	1	1		1	1	assembly_or_reference	DR_DQ_candidate_novel_annotation
HG01884#1	HLA-DRB4	1	0	0	no_gene_sequence_annotation_not_proven_absence	1	1	assembly_or_reference	DR_DQ_candidate_novel_annotation
HG01884#1	HLA-DRB5	1	0	0	no_gene_sequence_annotation_not_proven_absence	1	1	assembly_or_reference	DR_DQ_candidate_novel_annotation
HG01884#2	HLA-A	1	1	1		1	1	assembly_or_reference	DR_DQ_candidate_novel_annotation
HG01884#2	HLA-B	1	1	1		1	1	assembly_or_reference	DR_DQ_candidate_novel_annotation
HG01884#2	HLA-C	1	1	1		1	1	assembly_or_reference	DR_DQ_candidate_novel_annotation
HG01884#2	HLA-DRB1	1	1	1		1	1	assembly_or_reference	DR_DQ_candidate_novel_annotation
HG01884#2	HLA-DQA1	1	1	1		1	1	assembly_or_reference	DR_DQ_candidate_novel_annotation
HG01884#2	HLA-DQB1	1	1	1		1	1	assembly_or_reference	DR_DQ_candidate_novel_annotation
HG01884#2	HLA-DPA1	1	1	1		1	1	assembly_or_reference	DR_DQ_candidate_novel_annotation
HG01884#2	HLA-DPB1	1	1	1		1	1	assembly_or_reference	DR_DQ_candidate_novel_annotation
HG01884#2	HLA-DRB3	1	1	1		1	1	assembly_or_reference	DR_DQ_candidate_novel_annotation
HG01884#2	HLA-DRB4	1	0	0	no_gene_sequence_annotation_not_proven_absence	1	1	assembly_or_reference	DR_DQ_candidate_novel_annotation
HG01884#2	HLA-DRB5	1	0	0	no_gene_sequence_annotation_not_proven_absence	1	1	assembly_or_reference	DR_DQ_candidate_novel_annotation
HG01891#1	HLA-A	1	1	1		1	1	assembly_or_reference	
HG01891#1	HLA-B	1	1	1		1	1	assembly_or_reference	
HG01891#1	HLA-C	1	1	1		1	1	assembly_or_reference	
HG01891#1	HLA-DRB1	1	1	1		1	1	assembly_or_reference	
HG01891#1	HLA-DQA1	1	1	1		1	1	assembly_or_reference	
HG01891#1	HLA-DQB1	1	1	1		1	1	assembly_or_reference	
HG01891#1	HLA-DPA1	1	1	1		1	1	assembly_or_reference	
HG01891#1	HLA-DPB1	1	1	1		1	1	assembly_or_reference	
HG01891#1	HLA-DRB3	1	0	0	no_gene_sequence_annotation_not_proven_absence	1	1	assembly_or_reference	
HG01891#1	HLA-DRB4	1	0	0	no_gene_sequence_annotation_not_proven_absence	1	1	assembly_or_reference	
HG01891#1	HLA-DRB5	1	1	1		1	1	assembly_or_reference	
HG01891#2	HLA-A	1	1	1		1	1	assembly_or_reference	
HG01891#2	HLA-B	1	1	1		1	1	assembly_or_reference	
HG01891#2	HLA-C	1	1	1		1	1	assembly_or_reference	
HG01891#2	HLA-DRB1	1	1	1		1	1	assembly_or_reference	
HG01891#2	HLA-DQA1	1	1	1		1	1	assembly_or_reference	
HG01891#2	HLA-DQB1	1	1	1		1	1	assembly_or_reference	
HG01891#2	HLA-DPA1	1	1	1		1	1	assembly_or_reference	
HG01891#2	HLA-DPB1	1	1	1		1	1	assembly_or_reference	
HG01891#2	HLA-DRB3	1	0	0	no_gene_sequence_annotation_not_proven_absence	1	1	assembly_or_reference	
HG01891#2	HLA-DRB4	1	0	0	no_gene_sequence_annotation_not_proven_absence	1	1	assembly_or_reference	
HG01891#2	HLA-DRB5	1	0	0	no_gene_sequence_annotation_not_proven_absence	1	1	assembly_or_reference	
HG01928#1	HLA-A	1	1	1		1	1	assembly_or_reference	DR_DQ_candidate_novel_annotation
HG01928#1	HLA-B	1	1	1		1	1	assembly_or_reference	DR_DQ_candidate_novel_annotation
HG01928#1	HLA-C	1	1	1		1	1	assembly_or_reference	DR_DQ_candidate_novel_annotation
HG01928#1	HLA-DRB1	1	1	1		1	1	assembly_or_reference	DR_DQ_candidate_novel_annotation
HG01928#1	HLA-DQA1	1	1	1		1	1	assembly_or_reference	DR_DQ_candidate_novel_annotation
HG01928#1	HLA-DQB1	1	1	1		1	1	assembly_or_reference	DR_DQ_candidate_novel_annotation
HG01928#1	HLA-DPA1	1	1	1		1	1	assembly_or_reference	DR_DQ_candidate_novel_annotation
HG01928#1	HLA-DPB1	1	1	1		1	1	assembly_or_reference	DR_DQ_candidate_novel_annotation
HG01928#1	HLA-DRB3	1	0	0	no_gene_sequence_annotation_not_proven_absence	1	1	assembly_or_reference	DR_DQ_candidate_novel_annotation
HG01928#1	HLA-DRB4	1	1	1		1	1	assembly_or_reference	DR_DQ_candidate_novel_annotation
HG01928#1	HLA-DRB5	1	0	0	no_gene_sequence_annotation_not_proven_absence	1	1	assembly_or_reference	DR_DQ_candidate_novel_annotation
HG01928#2	HLA-A	1	1	1		1	1	assembly_or_reference	DR_DQ_candidate_novel_annotation
HG01928#2	HLA-B	1	1	1		1	1	assembly_or_reference	DR_DQ_candidate_novel_annotation
HG01928#2	HLA-C	1	1	1		1	1	assembly_or_reference	DR_DQ_candidate_novel_annotation
HG01928#2	HLA-DRB1	1	1	1		1	1	assembly_or_reference	DR_DQ_candidate_novel_annotation
HG01928#2	HLA-DQA1	1	1	1		1	1	assembly_or_reference	DR_DQ_candidate_novel_annotation
HG01928#2	HLA-DQB1	1	1	1		1	1	assembly_or_reference	DR_DQ_candidate_novel_annotation
HG01928#2	HLA-DPA1	1	1	1		1	1	assembly_or_reference	DR_DQ_candidate_novel_annotation
HG01928#2	HLA-DPB1	1	1	1		1	1	assembly_or_reference	DR_DQ_candidate_novel_annotation
HG01928#2	HLA-DRB3	1	0	0	no_gene_sequence_annotation_not_proven_absence	1	1	assembly_or_reference	DR_DQ_candidate_novel_annotation
HG01928#2	HLA-DRB4	1	1	1		1	1	assembly_or_reference	DR_DQ_candidate_novel_annotation
HG01928#2	HLA-DRB5	1	0	0	no_gene_sequence_annotation_not_proven_absence	1	1	assembly_or_reference	DR_DQ_candidate_novel_annotation
HG01934#1	HLA-A	1	1	1		1	1	assembly_or_reference	
HG01934#1	HLA-B	1	1	1		1	1	assembly_or_reference	
HG01934#1	HLA-C	1	1	1		1	1	assembly_or_reference	
HG01934#1	HLA-DRB1	1	1	1		1	1	assembly_or_reference	
HG01934#1	HLA-DQA1	1	1	1		1	1	assembly_or_reference	
HG01934#1	HLA-DQB1	1	1	1		1	1	assembly_or_reference	
HG01934#1	HLA-DPA1	1	1	1		1	1	assembly_or_reference	
HG01934#1	HLA-DPB1	1	1	1		1	1	assembly_or_reference	
HG01934#1	HLA-DRB3	1	0	0	no_gene_sequence_annotation_not_proven_absence	1	1	assembly_or_reference	
HG01934#1	HLA-DRB4	1	0	0	no_gene_sequence_annotation_not_proven_absence	1	1	assembly_or_reference	
HG01934#1	HLA-DRB5	1	1	1		1	1	assembly_or_reference	
HG01934#2	HLA-A	1	1	1		1	1	assembly_or_reference	DR_DQ_candidate_novel_annotation
HG01934#2	HLA-B	1	1	1		1	1	assembly_or_reference	DR_DQ_candidate_novel_annotation
HG01934#2	HLA-C	1	1	1		1	1	assembly_or_reference	DR_DQ_candidate_novel_annotation
HG01934#2	HLA-DRB1	1	1	1		1	1	assembly_or_reference	DR_DQ_candidate_novel_annotation
HG01934#2	HLA-DQA1	1	1	1		1	1	assembly_or_reference	DR_DQ_candidate_novel_annotation
HG01934#2	HLA-DQB1	1	1	1		1	1	assembly_or_reference	DR_DQ_candidate_novel_annotation
HG01934#2	HLA-DPA1	1	1	1		1	1	assembly_or_reference	DR_DQ_candidate_novel_annotation
HG01934#2	HLA-DPB1	1	1	1		1	1	assembly_or_reference	DR_DQ_candidate_novel_annotation
HG01934#2	HLA-DRB3	1	0	0	no_gene_sequence_annotation_not_proven_absence	1	1	assembly_or_reference	DR_DQ_candidate_novel_annotation
HG01934#2	HLA-DRB4	1	1	1		1	1	assembly_or_reference	DR_DQ_candidate_novel_annotation
HG01934#2	HLA-DRB5	1	0	0	no_gene_sequence_annotation_not_proven_absence	1	1	assembly_or_reference	DR_DQ_candidate_novel_annotation
HG01940#1	HLA-A	1	1	1		1	1	assembly_or_reference	DR_DQ_candidate_novel_annotation
HG01940#1	HLA-B	1	1	1		1	1	assembly_or_reference	DR_DQ_candidate_novel_annotation
HG01940#1	HLA-C	1	1	1		1	1	assembly_or_reference	DR_DQ_candidate_novel_annotation
HG01940#1	HLA-DRB1	1	1	1		1	1	assembly_or_reference	DR_DQ_candidate_novel_annotation
HG01940#1	HLA-DQA1	1	1	1		1	1	assembly_or_reference	DR_DQ_candidate_novel_annotation
HG01940#1	HLA-DQB1	1	1	1		1	1	assembly_or_reference	DR_DQ_candidate_novel_annotation
HG01940#1	HLA-DPA1	1	1	1		1	1	assembly_or_reference	DR_DQ_candidate_novel_annotation
HG01940#1	HLA-DPB1	1	1	1		1	1	assembly_or_reference	DR_DQ_candidate_novel_annotation
HG01940#1	HLA-DRB3	1	1	1		1	1	assembly_or_reference	DR_DQ_candidate_novel_annotation
HG01940#1	HLA-DRB4	1	0	0	no_gene_sequence_annotation_not_proven_absence	1	1	assembly_or_reference	DR_DQ_candidate_novel_annotation
HG01940#1	HLA-DRB5	1	0	0	no_gene_sequence_annotation_not_proven_absence	1	1	assembly_or_reference	DR_DQ_candidate_novel_annotation
HG01940#2	HLA-A	1	1	1		1	1	assembly_or_reference	DR_DQ_candidate_novel_annotation
HG01940#2	HLA-B	1	1	1		1	1	assembly_or_reference	DR_DQ_candidate_novel_annotation
HG01940#2	HLA-C	1	1	1		1	1	assembly_or_reference	DR_DQ_candidate_novel_annotation
HG01940#2	HLA-DRB1	1	1	1		1	1	assembly_or_reference	DR_DQ_candidate_novel_annotation
HG01940#2	HLA-DQA1	1	1	1		1	1	assembly_or_reference	DR_DQ_candidate_novel_annotation
HG01940#2	HLA-DQB1	1	1	1		1	1	assembly_or_reference	DR_DQ_candidate_novel_annotation
HG01940#2	HLA-DPA1	1	1	1		1	1	assembly_or_reference	DR_DQ_candidate_novel_annotation
HG01940#2	HLA-DPB1	1	1	1		1	1	assembly_or_reference	DR_DQ_candidate_novel_annotation
HG01940#2	HLA-DRB3	1	1	1		1	1	assembly_or_reference	DR_DQ_candidate_novel_annotation
HG01940#2	HLA-DRB4	1	0	0	no_gene_sequence_annotation_not_proven_absence	1	1	assembly_or_reference	DR_DQ_candidate_novel_annotation
HG01940#2	HLA-DRB5	1	0	0	no_gene_sequence_annotation_not_proven_absence	1	1	assembly_or_reference	DR_DQ_candidate_novel_annotation
HG01943#1	HLA-A	1	1	1		1	0	assembly_or_reference	DR_DQ_candidate_novel_annotation
HG01943#1	HLA-B	1	1	1		1	0	assembly_or_reference	DR_DQ_candidate_novel_annotation
HG01943#1	HLA-C	1	1	1		1	0	assembly_or_reference	DR_DQ_candidate_novel_annotation
HG01943#1	HLA-DRB1	1	1	0	no_current_exact_cds_match	1	0	assembly_or_reference	DR_DQ_candidate_novel_annotation
HG01943#1	HLA-DQA1	1	1	1		1	0	assembly_or_reference	DR_DQ_candidate_novel_annotation
HG01943#1	HLA-DQB1	1	1	1		1	0	assembly_or_reference	DR_DQ_candidate_novel_annotation
HG01943#1	HLA-DPA1	1	1	1		1	0	assembly_or_reference	DR_DQ_candidate_novel_annotation
HG01943#1	HLA-DPB1	1	1	1		1	0	assembly_or_reference	DR_DQ_candidate_novel_annotation
HG01943#1	HLA-DRB3	1	0	0	no_gene_sequence_annotation_not_proven_absence	1	0	assembly_or_reference	DR_DQ_candidate_novel_annotation
HG01943#1	HLA-DRB4	1	1	1		1	0	assembly_or_reference	DR_DQ_candidate_novel_annotation
HG01943#1	HLA-DRB5	1	0	0	no_gene_sequence_annotation_not_proven_absence	1	0	assembly_or_reference	DR_DQ_candidate_novel_annotation
HG01943#2	HLA-A	1	1	1		1	0	assembly_or_reference	DR_DQ_candidate_novel_annotation
HG01943#2	HLA-B	1	1	1		1	0	assembly_or_reference	DR_DQ_candidate_novel_annotation
HG01943#2	HLA-C	1	1	1		1	0	assembly_or_reference	DR_DQ_candidate_novel_annotation
HG01943#2	HLA-DRB1	1	1	0	no_current_exact_cds_match	1	0	assembly_or_reference	DR_DQ_candidate_novel_annotation
HG01943#2	HLA-DQA1	1	1	1		1	0	assembly_or_reference	DR_DQ_candidate_novel_annotation
HG01943#2	HLA-DQB1	1	1	1		1	0	assembly_or_reference	DR_DQ_candidate_novel_annotation
HG01943#2	HLA-DPA1	1	1	1		1	0	assembly_or_reference	DR_DQ_candidate_novel_annotation
HG01943#2	HLA-DPB1	1	1	1		1	0	assembly_or_reference	DR_DQ_candidate_novel_annotation
HG01943#2	HLA-DRB3	1	0	0	no_gene_sequence_annotation_not_proven_absence	1	0	assembly_or_reference	DR_DQ_candidate_novel_annotation
HG01943#2	HLA-DRB4	1	1	1		1	0	assembly_or_reference	DR_DQ_candidate_novel_annotation
HG01943#2	HLA-DRB5	1	0	0	no_gene_sequence_annotation_not_proven_absence	1	0	assembly_or_reference	DR_DQ_candidate_novel_annotation
HG01952#1	HLA-A	1	1	1		1	1	assembly_or_reference	DR_DQ_candidate_novel_annotation
HG01952#1	HLA-B	1	1	1		1	1	assembly_or_reference	DR_DQ_candidate_novel_annotation
HG01952#1	HLA-C	1	1	1		1	1	assembly_or_reference	DR_DQ_candidate_novel_annotation
HG01952#1	HLA-DRB1	1	1	1		1	1	assembly_or_reference	DR_DQ_candidate_novel_annotation
HG01952#1	HLA-DQA1	1	1	1		1	1	assembly_or_reference	DR_DQ_candidate_novel_annotation
HG01952#1	HLA-DQB1	1	1	1		1	1	assembly_or_reference	DR_DQ_candidate_novel_annotation
HG01952#1	HLA-DPA1	1	1	1		1	1	assembly_or_reference	DR_DQ_candidate_novel_annotation
HG01952#1	HLA-DPB1	1	1	1		1	1	assembly_or_reference	DR_DQ_candidate_novel_annotation
HG01952#1	HLA-DRB3	1	1	1		1	1	assembly_or_reference	DR_DQ_candidate_novel_annotation
HG01952#1	HLA-DRB4	1	0	0	no_gene_sequence_annotation_not_proven_absence	1	1	assembly_or_reference	DR_DQ_candidate_novel_annotation
HG01952#1	HLA-DRB5	1	0	0	no_gene_sequence_annotation_not_proven_absence	1	1	assembly_or_reference	DR_DQ_candidate_novel_annotation
HG01952#2	HLA-A	1	1	1		1	1	assembly_or_reference	DR_DQ_candidate_novel_annotation
HG01952#2	HLA-B	1	1	1		1	1	assembly_or_reference	DR_DQ_candidate_novel_annotation
HG01952#2	HLA-C	1	1	1		1	1	assembly_or_reference	DR_DQ_candidate_novel_annotation
HG01952#2	HLA-DRB1	1	1	1		1	1	assembly_or_reference	DR_DQ_candidate_novel_annotation
HG01952#2	HLA-DQA1	1	1	1		1	1	assembly_or_reference	DR_DQ_candidate_novel_annotation
HG01952#2	HLA-DQB1	1	1	1		1	1	assembly_or_reference	DR_DQ_candidate_novel_annotation
HG01952#2	HLA-DPA1	1	1	1		1	1	assembly_or_reference	DR_DQ_candidate_novel_annotation
HG01952#2	HLA-DPB1	1	1	1		1	1	assembly_or_reference	DR_DQ_candidate_novel_annotation
HG01952#2	HLA-DRB3	1	0	0	no_gene_sequence_annotation_not_proven_absence	1	1	assembly_or_reference	DR_DQ_candidate_novel_annotation
HG01952#2	HLA-DRB4	1	1	1		1	1	assembly_or_reference	DR_DQ_candidate_novel_annotation
HG01952#2	HLA-DRB5	1	0	0	no_gene_sequence_annotation_not_proven_absence	1	1	assembly_or_reference	DR_DQ_candidate_novel_annotation
HG01960#1	HLA-A	1	1	1		1	1	assembly_or_reference	DR_DQ_candidate_novel_annotation
HG01960#1	HLA-B	1	1	1		1	1	assembly_or_reference	DR_DQ_candidate_novel_annotation
HG01960#1	HLA-C	1	1	1		1	1	assembly_or_reference	DR_DQ_candidate_novel_annotation
HG01960#1	HLA-DRB1	1	1	1		1	1	assembly_or_reference	DR_DQ_candidate_novel_annotation
HG01960#1	HLA-DQA1	1	1	1		1	1	assembly_or_reference	DR_DQ_candidate_novel_annotation
HG01960#1	HLA-DQB1	1	1	1		1	1	assembly_or_reference	DR_DQ_candidate_novel_annotation
HG01960#1	HLA-DPA1	1	1	1		1	1	assembly_or_reference	DR_DQ_candidate_novel_annotation
HG01960#1	HLA-DPB1	1	1	1		1	1	assembly_or_reference	DR_DQ_candidate_novel_annotation
HG01960#1	HLA-DRB3	1	0	0	no_gene_sequence_annotation_not_proven_absence	1	1	assembly_or_reference	DR_DQ_candidate_novel_annotation
HG01960#1	HLA-DRB4	1	1	1		1	1	assembly_or_reference	DR_DQ_candidate_novel_annotation
HG01960#1	HLA-DRB5	1	0	0	no_gene_sequence_annotation_not_proven_absence	1	1	assembly_or_reference	DR_DQ_candidate_novel_annotation
HG01960#2	HLA-A	1	1	1		1	1	assembly_or_reference	DR_DQ_candidate_novel_annotation
HG01960#2	HLA-B	1	1	1		1	1	assembly_or_reference	DR_DQ_candidate_novel_annotation
HG01960#2	HLA-C	1	1	1		1	1	assembly_or_reference	DR_DQ_candidate_novel_annotation
HG01960#2	HLA-DRB1	1	1	1		1	1	assembly_or_reference	DR_DQ_candidate_novel_annotation
HG01960#2	HLA-DQA1	1	1	1		1	1	assembly_or_reference	DR_DQ_candidate_novel_annotation
HG01960#2	HLA-DQB1	1	1	1		1	1	assembly_or_reference	DR_DQ_candidate_novel_annotation
HG01960#2	HLA-DPA1	1	1	1		1	1	assembly_or_reference	DR_DQ_candidate_novel_annotation
HG01960#2	HLA-DPB1	1	1	1		1	1	assembly_or_reference	DR_DQ_candidate_novel_annotation
HG01960#2	HLA-DRB3	1	1	1		1	1	assembly_or_reference	DR_DQ_candidate_novel_annotation
HG01960#2	HLA-DRB4	1	0	0	no_gene_sequence_annotation_not_proven_absence	1	1	assembly_or_reference	DR_DQ_candidate_novel_annotation
HG01960#2	HLA-DRB5	1	0	0	no_gene_sequence_annotation_not_proven_absence	1	1	assembly_or_reference	DR_DQ_candidate_novel_annotation
HG01969#1	HLA-A	1	1	1		1	1	assembly_or_reference	DR_DQ_candidate_novel_annotation
HG01969#1	HLA-B	1	1	1		1	1	assembly_or_reference	DR_DQ_candidate_novel_annotation
HG01969#1	HLA-C	1	1	1		1	1	assembly_or_reference	DR_DQ_candidate_novel_annotation
HG01969#1	HLA-DRB1	1	1	1		1	1	assembly_or_reference	DR_DQ_candidate_novel_annotation
HG01969#1	HLA-DQA1	1	1	1		1	1	assembly_or_reference	DR_DQ_candidate_novel_annotation
HG01969#1	HLA-DQB1	1	1	1		1	1	assembly_or_reference	DR_DQ_candidate_novel_annotation
HG01969#1	HLA-DPA1	1	1	1		1	1	assembly_or_reference	DR_DQ_candidate_novel_annotation
HG01969#1	HLA-DPB1	1	1	1		1	1	assembly_or_reference	DR_DQ_candidate_novel_annotation
HG01969#1	HLA-DRB3	1	0	0	no_gene_sequence_annotation_not_proven_absence	1	1	assembly_or_reference	DR_DQ_candidate_novel_annotation
HG01969#1	HLA-DRB4	1	1	1		1	1	assembly_or_reference	DR_DQ_candidate_novel_annotation
HG01969#1	HLA-DRB5	1	0	0	no_gene_sequence_annotation_not_proven_absence	1	1	assembly_or_reference	DR_DQ_candidate_novel_annotation
HG01969#2	HLA-A	1	1	1		1	1	assembly_or_reference	
HG01969#2	HLA-B	1	1	1		1	1	assembly_or_reference	
HG01969#2	HLA-C	1	1	1		1	1	assembly_or_reference	
HG01969#2	HLA-DRB1	1	1	1		1	1	assembly_or_reference	
HG01969#2	HLA-DQA1	1	1	1		1	1	assembly_or_reference	
HG01969#2	HLA-DQB1	1	1	1		1	1	assembly_or_reference	
HG01969#2	HLA-DPA1	1	1	1		1	1	assembly_or_reference	
HG01969#2	HLA-DPB1	1	1	1		1	1	assembly_or_reference	
HG01969#2	HLA-DRB3	1	0	0	no_gene_sequence_annotation_not_proven_absence	1	1	assembly_or_reference	
HG01969#2	HLA-DRB4	1	0	0	no_gene_sequence_annotation_not_proven_absence	1	1	assembly_or_reference	
HG01969#2	HLA-DRB5	1	0	0	no_gene_sequence_annotation_not_proven_absence	1	1	assembly_or_reference	
HG01975#1	HLA-A	1	1	1		1	1	assembly_or_reference	DR_DQ_candidate_novel_annotation
HG01975#1	HLA-B	1	1	1		1	1	assembly_or_reference	DR_DQ_candidate_novel_annotation
HG01975#1	HLA-C	1	1	1		1	1	assembly_or_reference	DR_DQ_candidate_novel_annotation
HG01975#1	HLA-DRB1	1	1	1		1	1	assembly_or_reference	DR_DQ_candidate_novel_annotation
HG01975#1	HLA-DQA1	1	1	1		1	1	assembly_or_reference	DR_DQ_candidate_novel_annotation
HG01975#1	HLA-DQB1	1	1	1		1	1	assembly_or_reference	DR_DQ_candidate_novel_annotation
HG01975#1	HLA-DPA1	1	1	1		1	1	assembly_or_reference	DR_DQ_candidate_novel_annotation
HG01975#1	HLA-DPB1	1	1	1		1	1	assembly_or_reference	DR_DQ_candidate_novel_annotation
HG01975#1	HLA-DRB3	1	0	0	no_gene_sequence_annotation_not_proven_absence	1	1	assembly_or_reference	DR_DQ_candidate_novel_annotation
HG01975#1	HLA-DRB4	1	1	1		1	1	assembly_or_reference	DR_DQ_candidate_novel_annotation
HG01975#1	HLA-DRB5	1	0	0	no_gene_sequence_annotation_not_proven_absence	1	1	assembly_or_reference	DR_DQ_candidate_novel_annotation
HG01975#2	HLA-A	1	1	1		1	1	assembly_or_reference	DR_DQ_candidate_novel_annotation;downstream_graph_clipping_loss
HG01975#2	HLA-B	1	1	1		1	1	assembly_or_reference	DR_DQ_candidate_novel_annotation;downstream_graph_clipping_loss
HG01975#2	HLA-C	1	1	1		1	1	assembly_or_reference	DR_DQ_candidate_novel_annotation;downstream_graph_clipping_loss
HG01975#2	HLA-DRB1	1	1	1		1	1	assembly_or_reference	DR_DQ_candidate_novel_annotation;downstream_graph_clipping_loss
HG01975#2	HLA-DQA1	1	1	1		1	1	assembly_or_reference	DR_DQ_candidate_novel_annotation;downstream_graph_clipping_loss
HG01975#2	HLA-DQB1	1	1	1		1	1	assembly_or_reference	DR_DQ_candidate_novel_annotation;downstream_graph_clipping_loss
HG01975#2	HLA-DPA1	1	1	1		1	1	assembly_or_reference	DR_DQ_candidate_novel_annotation;downstream_graph_clipping_loss
HG01975#2	HLA-DPB1	1	1	1		1	1	assembly_or_reference	DR_DQ_candidate_novel_annotation;downstream_graph_clipping_loss
HG01975#2	HLA-DRB3	1	0	0	no_gene_sequence_annotation_not_proven_absence	1	1	assembly_or_reference	DR_DQ_candidate_novel_annotation;downstream_graph_clipping_loss
HG01975#2	HLA-DRB4	1	1	1		1	1	assembly_or_reference	DR_DQ_candidate_novel_annotation;downstream_graph_clipping_loss
HG01975#2	HLA-DRB5	1	0	0	no_gene_sequence_annotation_not_proven_absence	1	1	assembly_or_reference	DR_DQ_candidate_novel_annotation;downstream_graph_clipping_loss
HG01978#1	HLA-A	1	1	1		1	1	assembly_or_reference	
HG01978#1	HLA-B	1	1	1		1	1	assembly_or_reference	
HG01978#1	HLA-C	1	1	1		1	1	assembly_or_reference	
HG01978#1	HLA-DRB1	1	1	1		1	1	assembly_or_reference	
HG01978#1	HLA-DQA1	1	1	1		1	1	assembly_or_reference	
HG01978#1	HLA-DQB1	1	1	1		1	1	assembly_or_reference	
HG01978#1	HLA-DPA1	1	1	1		1	1	assembly_or_reference	
HG01978#1	HLA-DPB1	1	1	1		1	1	assembly_or_reference	
HG01978#1	HLA-DRB3	1	0	0	no_gene_sequence_annotation_not_proven_absence	1	1	assembly_or_reference	
HG01978#1	HLA-DRB4	1	0	0	no_gene_sequence_annotation_not_proven_absence	1	1	assembly_or_reference	
HG01978#1	HLA-DRB5	1	1	1		1	1	assembly_or_reference	
HG01978#2	HLA-A	1	1	1		1	1	assembly_or_reference	DR_DQ_candidate_novel_annotation
HG01978#2	HLA-B	1	1	1		1	1	assembly_or_reference	DR_DQ_candidate_novel_annotation
HG01978#2	HLA-C	1	1	1		1	1	assembly_or_reference	DR_DQ_candidate_novel_annotation
HG01978#2	HLA-DRB1	1	1	1		1	1	assembly_or_reference	DR_DQ_candidate_novel_annotation
HG01978#2	HLA-DQA1	1	1	1		1	1	assembly_or_reference	DR_DQ_candidate_novel_annotation
HG01978#2	HLA-DQB1	1	1	1		1	1	assembly_or_reference	DR_DQ_candidate_novel_annotation
HG01978#2	HLA-DPA1	1	1	1		1	1	assembly_or_reference	DR_DQ_candidate_novel_annotation
HG01978#2	HLA-DPB1	1	1	1		1	1	assembly_or_reference	DR_DQ_candidate_novel_annotation
HG01978#2	HLA-DRB3	1	0	0	no_gene_sequence_annotation_not_proven_absence	1	1	assembly_or_reference	DR_DQ_candidate_novel_annotation
HG01978#2	HLA-DRB4	1	1	1		1	1	assembly_or_reference	DR_DQ_candidate_novel_annotation
HG01978#2	HLA-DRB5	1	0	0	no_gene_sequence_annotation_not_proven_absence	1	1	assembly_or_reference	DR_DQ_candidate_novel_annotation
HG01981#1	HLA-A	1	1	1		1	1	assembly_or_reference	DR_DQ_candidate_novel_annotation
HG01981#1	HLA-B	1	1	1		1	1	assembly_or_reference	DR_DQ_candidate_novel_annotation
HG01981#1	HLA-C	1	1	1		1	1	assembly_or_reference	DR_DQ_candidate_novel_annotation
HG01981#1	HLA-DRB1	1	1	1		1	1	assembly_or_reference	DR_DQ_candidate_novel_annotation
HG01981#1	HLA-DQA1	1	1	1		1	1	assembly_or_reference	DR_DQ_candidate_novel_annotation
HG01981#1	HLA-DQB1	1	1	1		1	1	assembly_or_reference	DR_DQ_candidate_novel_annotation
HG01981#1	HLA-DPA1	1	1	1		1	1	assembly_or_reference	DR_DQ_candidate_novel_annotation
HG01981#1	HLA-DPB1	1	1	1		1	1	assembly_or_reference	DR_DQ_candidate_novel_annotation
HG01981#1	HLA-DRB3	1	0	0	no_gene_sequence_annotation_not_proven_absence	1	1	assembly_or_reference	DR_DQ_candidate_novel_annotation
HG01981#1	HLA-DRB4	1	1	1		1	1	assembly_or_reference	DR_DQ_candidate_novel_annotation
HG01981#1	HLA-DRB5	1	0	0	no_gene_sequence_annotation_not_proven_absence	1	1	assembly_or_reference	DR_DQ_candidate_novel_annotation
HG01981#2	HLA-A	1	1	1		1	1	assembly_or_reference	DR_DQ_candidate_novel_annotation
HG01981#2	HLA-B	1	1	1		1	1	assembly_or_reference	DR_DQ_candidate_novel_annotation
HG01981#2	HLA-C	1	1	1		1	1	assembly_or_reference	DR_DQ_candidate_novel_annotation
HG01981#2	HLA-DRB1	1	1	1		1	1	assembly_or_reference	DR_DQ_candidate_novel_annotation
HG01981#2	HLA-DQA1	1	1	1		1	1	assembly_or_reference	DR_DQ_candidate_novel_annotation
HG01981#2	HLA-DQB1	1	1	1		1	1	assembly_or_reference	DR_DQ_candidate_novel_annotation
HG01981#2	HLA-DPA1	1	1	1		1	1	assembly_or_reference	DR_DQ_candidate_novel_annotation
HG01981#2	HLA-DPB1	1	1	1		1	1	assembly_or_reference	DR_DQ_candidate_novel_annotation
HG01981#2	HLA-DRB3	1	0	0	no_gene_sequence_annotation_not_proven_absence	1	1	assembly_or_reference	DR_DQ_candidate_novel_annotation
HG01981#2	HLA-DRB4	1	1	1		1	1	assembly_or_reference	DR_DQ_candidate_novel_annotation
HG01981#2	HLA-DRB5	1	0	0	no_gene_sequence_annotation_not_proven_absence	1	1	assembly_or_reference	DR_DQ_candidate_novel_annotation
HG01993#1	HLA-A	1	1	1		1	1	assembly_or_reference	DR_DQ_candidate_novel_annotation
HG01993#1	HLA-B	1	1	1		1	1	assembly_or_reference	DR_DQ_candidate_novel_annotation
HG01993#1	HLA-C	1	1	1		1	1	assembly_or_reference	DR_DQ_candidate_novel_annotation
HG01993#1	HLA-DRB1	1	1	1		1	1	assembly_or_reference	DR_DQ_candidate_novel_annotation
HG01993#1	HLA-DQA1	1	1	1		1	1	assembly_or_reference	DR_DQ_candidate_novel_annotation
HG01993#1	HLA-DQB1	1	1	1		1	1	assembly_or_reference	DR_DQ_candidate_novel_annotation
HG01993#1	HLA-DPA1	1	1	1		1	1	assembly_or_reference	DR_DQ_candidate_novel_annotation
HG01993#1	HLA-DPB1	1	1	1		1	1	assembly_or_reference	DR_DQ_candidate_novel_annotation
HG01993#1	HLA-DRB3	1	0	0	no_gene_sequence_annotation_not_proven_absence	1	1	assembly_or_reference	DR_DQ_candidate_novel_annotation
HG01993#1	HLA-DRB4	1	0	0	no_gene_sequence_annotation_not_proven_absence	1	1	assembly_or_reference	DR_DQ_candidate_novel_annotation
HG01993#1	HLA-DRB5	1	1	1		1	1	assembly_or_reference	DR_DQ_candidate_novel_annotation
HG01993#2	HLA-A	1	1	1		1	1	assembly_or_reference	
HG01993#2	HLA-B	1	1	1		1	1	assembly_or_reference	
HG01993#2	HLA-C	1	1	1		1	1	assembly_or_reference	
HG01993#2	HLA-DRB1	1	1	1		1	1	assembly_or_reference	
HG01993#2	HLA-DQA1	1	1	1		1	1	assembly_or_reference	
HG01993#2	HLA-DQB1	1	1	1		1	1	assembly_or_reference	
HG01993#2	HLA-DPA1	1	1	1		1	1	assembly_or_reference	
HG01993#2	HLA-DPB1	1	1	1		1	1	assembly_or_reference	
HG01993#2	HLA-DRB3	1	0	0	no_gene_sequence_annotation_not_proven_absence	1	1	assembly_or_reference	
HG01993#2	HLA-DRB4	1	0	0	no_gene_sequence_annotation_not_proven_absence	1	1	assembly_or_reference	
HG01993#2	HLA-DRB5	1	0	0	no_gene_sequence_annotation_not_proven_absence	1	1	assembly_or_reference	
HG02004#1	HLA-A	1	1	1		1	1	assembly_or_reference	DR_DQ_candidate_novel_annotation
HG02004#1	HLA-B	1	1	1		1	1	assembly_or_reference	DR_DQ_candidate_novel_annotation
HG02004#1	HLA-C	1	1	1		1	1	assembly_or_reference	DR_DQ_candidate_novel_annotation
HG02004#1	HLA-DRB1	1	1	1		1	1	assembly_or_reference	DR_DQ_candidate_novel_annotation
HG02004#1	HLA-DQA1	1	1	1		1	1	assembly_or_reference	DR_DQ_candidate_novel_annotation
HG02004#1	HLA-DQB1	1	1	1		1	1	assembly_or_reference	DR_DQ_candidate_novel_annotation
HG02004#1	HLA-DPA1	1	1	1		1	1	assembly_or_reference	DR_DQ_candidate_novel_annotation
HG02004#1	HLA-DPB1	1	1	1		1	1	assembly_or_reference	DR_DQ_candidate_novel_annotation
HG02004#1	HLA-DRB3	1	0	0	no_gene_sequence_annotation_not_proven_absence	1	1	assembly_or_reference	DR_DQ_candidate_novel_annotation
HG02004#1	HLA-DRB4	1	1	1		1	1	assembly_or_reference	DR_DQ_candidate_novel_annotation
HG02004#1	HLA-DRB5	1	0	0	no_gene_sequence_annotation_not_proven_absence	1	1	assembly_or_reference	DR_DQ_candidate_novel_annotation
HG02004#2	HLA-A	1	1	1		1	1	assembly_or_reference	DR_DQ_candidate_novel_annotation
HG02004#2	HLA-B	1	1	1		1	1	assembly_or_reference	DR_DQ_candidate_novel_annotation
HG02004#2	HLA-C	1	1	1		1	1	assembly_or_reference	DR_DQ_candidate_novel_annotation
HG02004#2	HLA-DRB1	1	1	1		1	1	assembly_or_reference	DR_DQ_candidate_novel_annotation
HG02004#2	HLA-DQA1	1	1	1		1	1	assembly_or_reference	DR_DQ_candidate_novel_annotation
HG02004#2	HLA-DQB1	1	1	1		1	1	assembly_or_reference	DR_DQ_candidate_novel_annotation
HG02004#2	HLA-DPA1	1	1	1		1	1	assembly_or_reference	DR_DQ_candidate_novel_annotation
HG02004#2	HLA-DPB1	1	1	1		1	1	assembly_or_reference	DR_DQ_candidate_novel_annotation
HG02004#2	HLA-DRB3	1	0	0	no_gene_sequence_annotation_not_proven_absence	1	1	assembly_or_reference	DR_DQ_candidate_novel_annotation
HG02004#2	HLA-DRB4	1	1	1		1	1	assembly_or_reference	DR_DQ_candidate_novel_annotation
HG02004#2	HLA-DRB5	1	0	0	no_gene_sequence_annotation_not_proven_absence	1	1	assembly_or_reference	DR_DQ_candidate_novel_annotation
HG02015#1	HLA-A	1	1	1		1	1	assembly_or_reference	
HG02015#1	HLA-B	1	1	1		1	1	assembly_or_reference	
HG02015#1	HLA-C	1	1	1		1	1	assembly_or_reference	
HG02015#1	HLA-DRB1	1	1	1		1	1	assembly_or_reference	
HG02015#1	HLA-DQA1	1	1	1		1	1	assembly_or_reference	
HG02015#1	HLA-DQB1	1	1	1		1	1	assembly_or_reference	
HG02015#1	HLA-DPA1	1	1	1		1	1	assembly_or_reference	
HG02015#1	HLA-DPB1	1	1	1		1	1	assembly_or_reference	
HG02015#1	HLA-DRB3	1	0	0	no_gene_sequence_annotation_not_proven_absence	1	1	assembly_or_reference	
HG02015#1	HLA-DRB4	1	0	0	no_gene_sequence_annotation_not_proven_absence	1	1	assembly_or_reference	
HG02015#1	HLA-DRB5	1	1	1		1	1	assembly_or_reference	
HG02015#2	HLA-A	1	1	1		1	1	assembly_or_reference	DR_DQ_candidate_novel_annotation
HG02015#2	HLA-B	1	1	1		1	1	assembly_or_reference	DR_DQ_candidate_novel_annotation
HG02015#2	HLA-C	1	1	1		1	1	assembly_or_reference	DR_DQ_candidate_novel_annotation
HG02015#2	HLA-DRB1	1	1	1		1	1	assembly_or_reference	DR_DQ_candidate_novel_annotation
HG02015#2	HLA-DQA1	1	1	1		1	1	assembly_or_reference	DR_DQ_candidate_novel_annotation
HG02015#2	HLA-DQB1	1	1	1		1	1	assembly_or_reference	DR_DQ_candidate_novel_annotation
HG02015#2	HLA-DPA1	1	1	1		1	1	assembly_or_reference	DR_DQ_candidate_novel_annotation
HG02015#2	HLA-DPB1	1	1	1		1	1	assembly_or_reference	DR_DQ_candidate_novel_annotation
HG02015#2	HLA-DRB3	1	0	0	no_gene_sequence_annotation_not_proven_absence	1	1	assembly_or_reference	DR_DQ_candidate_novel_annotation
HG02015#2	HLA-DRB4	1	1	1		1	1	assembly_or_reference	DR_DQ_candidate_novel_annotation
HG02015#2	HLA-DRB5	1	0	0	no_gene_sequence_annotation_not_proven_absence	1	1	assembly_or_reference	DR_DQ_candidate_novel_annotation
HG02027#1	HLA-A	1	1	1		1	1	assembly_or_reference	DR_DQ_candidate_novel_annotation
HG02027#1	HLA-B	1	1	1		1	1	assembly_or_reference	DR_DQ_candidate_novel_annotation
HG02027#1	HLA-C	1	1	1		1	1	assembly_or_reference	DR_DQ_candidate_novel_annotation
HG02027#1	HLA-DRB1	1	1	1		1	1	assembly_or_reference	DR_DQ_candidate_novel_annotation
HG02027#1	HLA-DQA1	1	1	1		1	1	assembly_or_reference	DR_DQ_candidate_novel_annotation
HG02027#1	HLA-DQB1	1	1	1		1	1	assembly_or_reference	DR_DQ_candidate_novel_annotation
HG02027#1	HLA-DPA1	1	1	1		1	1	assembly_or_reference	DR_DQ_candidate_novel_annotation
HG02027#1	HLA-DPB1	1	1	1		1	1	assembly_or_reference	DR_DQ_candidate_novel_annotation
HG02027#1	HLA-DRB3	1	1	1		1	1	assembly_or_reference	DR_DQ_candidate_novel_annotation
HG02027#1	HLA-DRB4	1	0	0	no_gene_sequence_annotation_not_proven_absence	1	1	assembly_or_reference	DR_DQ_candidate_novel_annotation
HG02027#1	HLA-DRB5	1	0	0	no_gene_sequence_annotation_not_proven_absence	1	1	assembly_or_reference	DR_DQ_candidate_novel_annotation
HG02027#2	HLA-A	1	1	1		1	1	assembly_or_reference	DR_DQ_candidate_novel_annotation;downstream_graph_clipping_loss
HG02027#2	HLA-B	1	1	1		1	1	assembly_or_reference	DR_DQ_candidate_novel_annotation;downstream_graph_clipping_loss
HG02027#2	HLA-C	1	1	1		1	1	assembly_or_reference	DR_DQ_candidate_novel_annotation;downstream_graph_clipping_loss
HG02027#2	HLA-DRB1	1	1	1		1	1	assembly_or_reference	DR_DQ_candidate_novel_annotation;downstream_graph_clipping_loss
HG02027#2	HLA-DQA1	1	1	1		1	1	assembly_or_reference	DR_DQ_candidate_novel_annotation;downstream_graph_clipping_loss
HG02027#2	HLA-DQB1	1	1	1		1	1	assembly_or_reference	DR_DQ_candidate_novel_annotation;downstream_graph_clipping_loss
HG02027#2	HLA-DPA1	1	1	1		1	1	assembly_or_reference	DR_DQ_candidate_novel_annotation;downstream_graph_clipping_loss
HG02027#2	HLA-DPB1	1	1	1		1	1	assembly_or_reference	DR_DQ_candidate_novel_annotation;downstream_graph_clipping_loss
HG02027#2	HLA-DRB3	1	1	1		1	1	assembly_or_reference	DR_DQ_candidate_novel_annotation;downstream_graph_clipping_loss
HG02027#2	HLA-DRB4	1	0	0	no_gene_sequence_annotation_not_proven_absence	1	1	assembly_or_reference	DR_DQ_candidate_novel_annotation;downstream_graph_clipping_loss
HG02027#2	HLA-DRB5	1	0	0	no_gene_sequence_annotation_not_proven_absence	1	1	assembly_or_reference	DR_DQ_candidate_novel_annotation;downstream_graph_clipping_loss
HG02040#1	HLA-A	1	1	1		1	1	assembly_or_reference	
HG02040#1	HLA-B	1	1	1		1	1	assembly_or_reference	
HG02040#1	HLA-C	1	1	1		1	1	assembly_or_reference	
HG02040#1	HLA-DRB1	1	1	1		1	1	assembly_or_reference	
HG02040#1	HLA-DQA1	1	1	1		1	1	assembly_or_reference	
HG02040#1	HLA-DQB1	1	1	1		1	1	assembly_or_reference	
HG02040#1	HLA-DPA1	1	1	1		1	1	assembly_or_reference	
HG02040#1	HLA-DPB1	1	1	1		1	1	assembly_or_reference	
HG02040#1	HLA-DRB3	1	0	0	no_gene_sequence_annotation_not_proven_absence	1	1	assembly_or_reference	
HG02040#1	HLA-DRB4	1	0	0	no_gene_sequence_annotation_not_proven_absence	1	1	assembly_or_reference	
HG02040#1	HLA-DRB5	1	0	0	no_gene_sequence_annotation_not_proven_absence	1	1	assembly_or_reference	
HG02040#2	HLA-A	1	1	1		1	1	assembly_or_reference	DR_DQ_candidate_novel_annotation;downstream_graph_clipping_loss
HG02040#2	HLA-B	1	1	1		1	1	assembly_or_reference	DR_DQ_candidate_novel_annotation;downstream_graph_clipping_loss
HG02040#2	HLA-C	1	1	1		1	1	assembly_or_reference	DR_DQ_candidate_novel_annotation;downstream_graph_clipping_loss
HG02040#2	HLA-DRB1	1	1	1		1	1	assembly_or_reference	DR_DQ_candidate_novel_annotation;downstream_graph_clipping_loss
HG02040#2	HLA-DQA1	1	1	1		1	1	assembly_or_reference	DR_DQ_candidate_novel_annotation;downstream_graph_clipping_loss
HG02040#2	HLA-DQB1	1	1	1		1	1	assembly_or_reference	DR_DQ_candidate_novel_annotation;downstream_graph_clipping_loss
HG02040#2	HLA-DPA1	1	1	1		1	1	assembly_or_reference	DR_DQ_candidate_novel_annotation;downstream_graph_clipping_loss
HG02040#2	HLA-DPB1	1	1	1		1	1	assembly_or_reference	DR_DQ_candidate_novel_annotation;downstream_graph_clipping_loss
HG02040#2	HLA-DRB3	1	0	0	no_gene_sequence_annotation_not_proven_absence	1	1	assembly_or_reference	DR_DQ_candidate_novel_annotation;downstream_graph_clipping_loss
HG02040#2	HLA-DRB4	1	1	1		1	1	assembly_or_reference	DR_DQ_candidate_novel_annotation;downstream_graph_clipping_loss
HG02040#2	HLA-DRB5	1	0	0	no_gene_sequence_annotation_not_proven_absence	1	1	assembly_or_reference	DR_DQ_candidate_novel_annotation;downstream_graph_clipping_loss
HG02055#1	HLA-A	1	1	1		1	1	assembly_or_reference	DR_DQ_candidate_novel_annotation
HG02055#1	HLA-B	1	1	1		1	1	assembly_or_reference	DR_DQ_candidate_novel_annotation
HG02055#1	HLA-C	1	1	1		1	1	assembly_or_reference	DR_DQ_candidate_novel_annotation
HG02055#1	HLA-DRB1	1	1	1		1	1	assembly_or_reference	DR_DQ_candidate_novel_annotation
HG02055#1	HLA-DQA1	1	1	1		1	1	assembly_or_reference	DR_DQ_candidate_novel_annotation
HG02055#1	HLA-DQB1	1	1	1		1	1	assembly_or_reference	DR_DQ_candidate_novel_annotation
HG02055#1	HLA-DPA1	1	1	1		1	1	assembly_or_reference	DR_DQ_candidate_novel_annotation
HG02055#1	HLA-DPB1	1	1	1		1	1	assembly_or_reference	DR_DQ_candidate_novel_annotation
HG02055#1	HLA-DRB3	1	0	0	no_gene_sequence_annotation_not_proven_absence	1	1	assembly_or_reference	DR_DQ_candidate_novel_annotation
HG02055#1	HLA-DRB4	1	0	0	no_gene_sequence_annotation_not_proven_absence	1	1	assembly_or_reference	DR_DQ_candidate_novel_annotation
HG02055#1	HLA-DRB5	1	0	0	no_gene_sequence_annotation_not_proven_absence	1	1	assembly_or_reference	DR_DQ_candidate_novel_annotation
HG02055#2	HLA-A	1	1	1		1	1	assembly_or_reference	DR_DQ_candidate_novel_annotation
HG02055#2	HLA-B	1	1	1		1	1	assembly_or_reference	DR_DQ_candidate_novel_annotation
HG02055#2	HLA-C	1	1	1		1	1	assembly_or_reference	DR_DQ_candidate_novel_annotation
HG02055#2	HLA-DRB1	1	1	1		1	1	assembly_or_reference	DR_DQ_candidate_novel_annotation
HG02055#2	HLA-DQA1	1	1	1		1	1	assembly_or_reference	DR_DQ_candidate_novel_annotation
HG02055#2	HLA-DQB1	1	1	1		1	1	assembly_or_reference	DR_DQ_candidate_novel_annotation
HG02055#2	HLA-DPA1	1	1	1		1	1	assembly_or_reference	DR_DQ_candidate_novel_annotation
HG02055#2	HLA-DPB1	1	1	1		1	1	assembly_or_reference	DR_DQ_candidate_novel_annotation
HG02055#2	HLA-DRB3	1	1	1		1	1	assembly_or_reference	DR_DQ_candidate_novel_annotation
HG02055#2	HLA-DRB4	1	0	0	no_gene_sequence_annotation_not_proven_absence	1	1	assembly_or_reference	DR_DQ_candidate_novel_annotation
HG02055#2	HLA-DRB5	1	0	0	no_gene_sequence_annotation_not_proven_absence	1	1	assembly_or_reference	DR_DQ_candidate_novel_annotation
HG02056#1	HLA-A	1	1	1		1	1	assembly_or_reference	DR_DQ_candidate_novel_annotation
HG02056#1	HLA-B	1	1	1		1	1	assembly_or_reference	DR_DQ_candidate_novel_annotation
HG02056#1	HLA-C	1	1	1		1	1	assembly_or_reference	DR_DQ_candidate_novel_annotation
HG02056#1	HLA-DRB1	1	1	1		1	1	assembly_or_reference	DR_DQ_candidate_novel_annotation
HG02056#1	HLA-DQA1	1	1	1		1	1	assembly_or_reference	DR_DQ_candidate_novel_annotation
HG02056#1	HLA-DQB1	1	1	1		1	1	assembly_or_reference	DR_DQ_candidate_novel_annotation
HG02056#1	HLA-DPA1	1	1	1		1	1	assembly_or_reference	DR_DQ_candidate_novel_annotation
HG02056#1	HLA-DPB1	1	1	1		1	1	assembly_or_reference	DR_DQ_candidate_novel_annotation
HG02056#1	HLA-DRB3	1	1	1		1	1	assembly_or_reference	DR_DQ_candidate_novel_annotation
HG02056#1	HLA-DRB4	1	0	0	no_gene_sequence_annotation_not_proven_absence	1	1	assembly_or_reference	DR_DQ_candidate_novel_annotation
HG02056#1	HLA-DRB5	1	0	0	no_gene_sequence_annotation_not_proven_absence	1	1	assembly_or_reference	DR_DQ_candidate_novel_annotation
HG02056#2	HLA-A	1	1	1		1	1	assembly_or_reference	DR_DQ_candidate_novel_annotation
HG02056#2	HLA-B	1	1	1		1	1	assembly_or_reference	DR_DQ_candidate_novel_annotation
HG02056#2	HLA-C	1	1	1		1	1	assembly_or_reference	DR_DQ_candidate_novel_annotation
HG02056#2	HLA-DRB1	1	1	1		1	1	assembly_or_reference	DR_DQ_candidate_novel_annotation
HG02056#2	HLA-DQA1	1	1	1		1	1	assembly_or_reference	DR_DQ_candidate_novel_annotation
HG02056#2	HLA-DQB1	1	1	1		1	1	assembly_or_reference	DR_DQ_candidate_novel_annotation
HG02056#2	HLA-DPA1	1	1	1		1	1	assembly_or_reference	DR_DQ_candidate_novel_annotation
HG02056#2	HLA-DPB1	1	1	1		1	1	assembly_or_reference	DR_DQ_candidate_novel_annotation
HG02056#2	HLA-DRB3	1	1	1		1	1	assembly_or_reference	DR_DQ_candidate_novel_annotation
HG02056#2	HLA-DRB4	1	0	0	no_gene_sequence_annotation_not_proven_absence	1	1	assembly_or_reference	DR_DQ_candidate_novel_annotation
HG02056#2	HLA-DRB5	1	0	0	no_gene_sequence_annotation_not_proven_absence	1	1	assembly_or_reference	DR_DQ_candidate_novel_annotation
HG02071#1	HLA-A	1	1	1		1	1	assembly_or_reference	DR_DQ_candidate_novel_annotation;downstream_graph_clipping_loss
HG02071#1	HLA-B	1	1	1		1	1	assembly_or_reference	DR_DQ_candidate_novel_annotation;downstream_graph_clipping_loss
HG02071#1	HLA-C	1	1	1		1	1	assembly_or_reference	DR_DQ_candidate_novel_annotation;downstream_graph_clipping_loss
HG02071#1	HLA-DRB1	1	1	1		1	1	assembly_or_reference	DR_DQ_candidate_novel_annotation;downstream_graph_clipping_loss
HG02071#1	HLA-DQA1	1	1	1		1	1	assembly_or_reference	DR_DQ_candidate_novel_annotation;downstream_graph_clipping_loss
HG02071#1	HLA-DQB1	1	1	1		1	1	assembly_or_reference	DR_DQ_candidate_novel_annotation;downstream_graph_clipping_loss
HG02071#1	HLA-DPA1	1	1	1		1	1	assembly_or_reference	DR_DQ_candidate_novel_annotation;downstream_graph_clipping_loss
HG02071#1	HLA-DPB1	1	1	1		1	1	assembly_or_reference	DR_DQ_candidate_novel_annotation;downstream_graph_clipping_loss
HG02071#1	HLA-DRB3	1	1	1		1	1	assembly_or_reference	DR_DQ_candidate_novel_annotation;downstream_graph_clipping_loss
HG02071#1	HLA-DRB4	1	0	0	no_gene_sequence_annotation_not_proven_absence	1	1	assembly_or_reference	DR_DQ_candidate_novel_annotation;downstream_graph_clipping_loss
HG02071#1	HLA-DRB5	1	0	0	no_gene_sequence_annotation_not_proven_absence	1	1	assembly_or_reference	DR_DQ_candidate_novel_annotation;downstream_graph_clipping_loss
HG02071#2	HLA-A	1	1	1		1	1	assembly_or_reference	DR_DQ_candidate_novel_annotation
HG02071#2	HLA-B	1	1	1		1	1	assembly_or_reference	DR_DQ_candidate_novel_annotation
HG02071#2	HLA-C	1	1	1		1	1	assembly_or_reference	DR_DQ_candidate_novel_annotation
HG02071#2	HLA-DRB1	1	1	1		1	1	assembly_or_reference	DR_DQ_candidate_novel_annotation
HG02071#2	HLA-DQA1	1	1	1		1	1	assembly_or_reference	DR_DQ_candidate_novel_annotation
HG02071#2	HLA-DQB1	1	1	1		1	1	assembly_or_reference	DR_DQ_candidate_novel_annotation
HG02071#2	HLA-DPA1	1	1	1		1	1	assembly_or_reference	DR_DQ_candidate_novel_annotation
HG02071#2	HLA-DPB1	1	1	1		1	1	assembly_or_reference	DR_DQ_candidate_novel_annotation
HG02071#2	HLA-DRB3	1	1	1		1	1	assembly_or_reference	DR_DQ_candidate_novel_annotation
HG02071#2	HLA-DRB4	1	0	0	no_gene_sequence_annotation_not_proven_absence	1	1	assembly_or_reference	DR_DQ_candidate_novel_annotation
HG02071#2	HLA-DRB5	1	0	0	no_gene_sequence_annotation_not_proven_absence	1	1	assembly_or_reference	DR_DQ_candidate_novel_annotation
HG02074#1	HLA-A	1	1	1		1	1	assembly_or_reference	
HG02074#1	HLA-B	1	1	1		1	1	assembly_or_reference	
HG02074#1	HLA-C	1	1	1		1	1	assembly_or_reference	
HG02074#1	HLA-DRB1	1	1	1		1	1	assembly_or_reference	
HG02074#1	HLA-DQA1	1	1	1		1	1	assembly_or_reference	
HG02074#1	HLA-DQB1	1	1	1		1	1	assembly_or_reference	
HG02074#1	HLA-DPA1	1	1	1		1	1	assembly_or_reference	
HG02074#1	HLA-DPB1	1	1	1		1	1	assembly_or_reference	
HG02074#1	HLA-DRB3	1	1	1		1	1	assembly_or_reference	
HG02074#1	HLA-DRB4	1	0	0	no_gene_sequence_annotation_not_proven_absence	1	1	assembly_or_reference	
HG02074#1	HLA-DRB5	1	0	0	no_gene_sequence_annotation_not_proven_absence	1	1	assembly_or_reference	
HG02074#2	HLA-A	1	1	1		1	1	assembly_or_reference	DR_DQ_candidate_novel_annotation
HG02074#2	HLA-B	1	1	1		1	1	assembly_or_reference	DR_DQ_candidate_novel_annotation
HG02074#2	HLA-C	1	1	1		1	1	assembly_or_reference	DR_DQ_candidate_novel_annotation
HG02074#2	HLA-DRB1	1	1	1		1	1	assembly_or_reference	DR_DQ_candidate_novel_annotation
HG02074#2	HLA-DQA1	1	1	1		1	1	assembly_or_reference	DR_DQ_candidate_novel_annotation
HG02074#2	HLA-DQB1	1	1	1		1	1	assembly_or_reference	DR_DQ_candidate_novel_annotation
HG02074#2	HLA-DPA1	1	1	1		1	1	assembly_or_reference	DR_DQ_candidate_novel_annotation
HG02074#2	HLA-DPB1	1	1	1		1	1	assembly_or_reference	DR_DQ_candidate_novel_annotation
HG02074#2	HLA-DRB3	1	0	0	no_gene_sequence_annotation_not_proven_absence	1	1	assembly_or_reference	DR_DQ_candidate_novel_annotation
HG02074#2	HLA-DRB4	1	1	1		1	1	assembly_or_reference	DR_DQ_candidate_novel_annotation
HG02074#2	HLA-DRB5	1	0	0	no_gene_sequence_annotation_not_proven_absence	1	1	assembly_or_reference	DR_DQ_candidate_novel_annotation
HG02080#1	HLA-A	1	1	1		1	1	assembly_or_reference	
HG02080#1	HLA-B	1	1	1		1	1	assembly_or_reference	
HG02080#1	HLA-C	1	1	1		1	1	assembly_or_reference	
HG02080#1	HLA-DRB1	1	1	1		1	1	assembly_or_reference	
HG02080#1	HLA-DQA1	1	1	1		1	1	assembly_or_reference	
HG02080#1	HLA-DQB1	1	1	1		1	1	assembly_or_reference	
HG02080#1	HLA-DPA1	1	1	1		1	1	assembly_or_reference	
HG02080#1	HLA-DPB1	1	1	1		1	1	assembly_or_reference	
HG02080#1	HLA-DRB3	1	1	1		1	1	assembly_or_reference	
HG02080#1	HLA-DRB4	1	0	0	no_gene_sequence_annotation_not_proven_absence	1	1	assembly_or_reference	
HG02080#1	HLA-DRB5	1	0	0	no_gene_sequence_annotation_not_proven_absence	1	1	assembly_or_reference	
HG02080#2	HLA-A	1	1	1		1	0	assembly_or_reference	DR_DQ_candidate_novel_annotation
HG02080#2	HLA-B	1	1	1		1	0	assembly_or_reference	DR_DQ_candidate_novel_annotation
HG02080#2	HLA-C	1	1	1		1	0	assembly_or_reference	DR_DQ_candidate_novel_annotation
HG02080#2	HLA-DRB1	1	1	1		1	0	assembly_or_reference	DR_DQ_candidate_novel_annotation
HG02080#2	HLA-DQA1	1	1	1		1	0	assembly_or_reference	DR_DQ_candidate_novel_annotation
HG02080#2	HLA-DQB1	1	1	1		1	0	assembly_or_reference	DR_DQ_candidate_novel_annotation
HG02080#2	HLA-DPA1	1	1	1		1	0	assembly_or_reference	DR_DQ_candidate_novel_annotation
HG02080#2	HLA-DPB1	1	1	1		1	0	assembly_or_reference	DR_DQ_candidate_novel_annotation
HG02080#2	HLA-DRB3	1	0	0	no_gene_sequence_annotation_not_proven_absence	1	0	assembly_or_reference	DR_DQ_candidate_novel_annotation
HG02080#2	HLA-DRB4	1	1	0	cds_completeness_or_abnormality	1	0	assembly_or_reference	DR_DQ_candidate_novel_annotation
HG02080#2	HLA-DRB5	1	0	0	no_gene_sequence_annotation_not_proven_absence	1	0	assembly_or_reference	DR_DQ_candidate_novel_annotation
HG02083#1	HLA-A	1	1	1		1	1	assembly_or_reference	DR_DQ_candidate_novel_annotation;downstream_graph_clipping_loss
HG02083#1	HLA-B	1	1	1		1	1	assembly_or_reference	DR_DQ_candidate_novel_annotation;downstream_graph_clipping_loss
HG02083#1	HLA-C	1	1	1		1	1	assembly_or_reference	DR_DQ_candidate_novel_annotation;downstream_graph_clipping_loss
HG02083#1	HLA-DRB1	1	1	1		1	1	assembly_or_reference	DR_DQ_candidate_novel_annotation;downstream_graph_clipping_loss
HG02083#1	HLA-DQA1	1	1	1		1	1	assembly_or_reference	DR_DQ_candidate_novel_annotation;downstream_graph_clipping_loss
HG02083#1	HLA-DQB1	1	1	1		1	1	assembly_or_reference	DR_DQ_candidate_novel_annotation;downstream_graph_clipping_loss
HG02083#1	HLA-DPA1	1	1	1		1	1	assembly_or_reference	DR_DQ_candidate_novel_annotation;downstream_graph_clipping_loss
HG02083#1	HLA-DPB1	1	1	1		1	1	assembly_or_reference	DR_DQ_candidate_novel_annotation;downstream_graph_clipping_loss
HG02083#1	HLA-DRB3	1	1	1		1	1	assembly_or_reference	DR_DQ_candidate_novel_annotation;downstream_graph_clipping_loss
HG02083#1	HLA-DRB4	1	0	0	no_gene_sequence_annotation_not_proven_absence	1	1	assembly_or_reference	DR_DQ_candidate_novel_annotation;downstream_graph_clipping_loss
HG02083#1	HLA-DRB5	1	0	0	no_gene_sequence_annotation_not_proven_absence	1	1	assembly_or_reference	DR_DQ_candidate_novel_annotation;downstream_graph_clipping_loss
HG02083#2	HLA-A	1	1	1		1	1	assembly_or_reference	DR_DQ_candidate_novel_annotation
HG02083#2	HLA-B	1	1	1		1	1	assembly_or_reference	DR_DQ_candidate_novel_annotation
HG02083#2	HLA-C	1	1	1		1	1	assembly_or_reference	DR_DQ_candidate_novel_annotation
HG02083#2	HLA-DRB1	1	1	1		1	1	assembly_or_reference	DR_DQ_candidate_novel_annotation
HG02083#2	HLA-DQA1	1	1	1		1	1	assembly_or_reference	DR_DQ_candidate_novel_annotation
HG02083#2	HLA-DQB1	1	1	1		1	1	assembly_or_reference	DR_DQ_candidate_novel_annotation
HG02083#2	HLA-DPA1	1	1	1		1	1	assembly_or_reference	DR_DQ_candidate_novel_annotation
HG02083#2	HLA-DPB1	1	1	1		1	1	assembly_or_reference	DR_DQ_candidate_novel_annotation
HG02083#2	HLA-DRB3	1	0	0	no_gene_sequence_annotation_not_proven_absence	1	1	assembly_or_reference	DR_DQ_candidate_novel_annotation
HG02083#2	HLA-DRB4	1	1	1		1	1	assembly_or_reference	DR_DQ_candidate_novel_annotation
HG02083#2	HLA-DRB5	1	0	0	no_gene_sequence_annotation_not_proven_absence	1	1	assembly_or_reference	DR_DQ_candidate_novel_annotation
HG02109#1	HLA-A	1	1	1		1	1	assembly_or_reference	DR_DQ_candidate_novel_annotation
HG02109#1	HLA-B	1	1	1		1	1	assembly_or_reference	DR_DQ_candidate_novel_annotation
HG02109#1	HLA-C	1	1	1		1	1	assembly_or_reference	DR_DQ_candidate_novel_annotation
HG02109#1	HLA-DRB1	1	1	1		1	1	assembly_or_reference	DR_DQ_candidate_novel_annotation
HG02109#1	HLA-DQA1	1	1	1		1	1	assembly_or_reference	DR_DQ_candidate_novel_annotation
HG02109#1	HLA-DQB1	1	1	1		1	1	assembly_or_reference	DR_DQ_candidate_novel_annotation
HG02109#1	HLA-DPA1	1	1	1		1	1	assembly_or_reference	DR_DQ_candidate_novel_annotation
HG02109#1	HLA-DPB1	1	1	1		1	1	assembly_or_reference	DR_DQ_candidate_novel_annotation
HG02109#1	HLA-DRB3	1	1	1		1	1	assembly_or_reference	DR_DQ_candidate_novel_annotation
HG02109#1	HLA-DRB4	1	0	0	no_gene_sequence_annotation_not_proven_absence	1	1	assembly_or_reference	DR_DQ_candidate_novel_annotation
HG02109#1	HLA-DRB5	1	0	0	no_gene_sequence_annotation_not_proven_absence	1	1	assembly_or_reference	DR_DQ_candidate_novel_annotation
HG02109#2	HLA-A	1	1	1		1	1	assembly_or_reference	DR_DQ_candidate_novel_annotation
HG02109#2	HLA-B	1	1	1		1	1	assembly_or_reference	DR_DQ_candidate_novel_annotation
HG02109#2	HLA-C	1	1	1		1	1	assembly_or_reference	DR_DQ_candidate_novel_annotation
HG02109#2	HLA-DRB1	1	1	1		1	1	assembly_or_reference	DR_DQ_candidate_novel_annotation
HG02109#2	HLA-DQA1	1	1	1		1	1	assembly_or_reference	DR_DQ_candidate_novel_annotation
HG02109#2	HLA-DQB1	1	1	1		1	1	assembly_or_reference	DR_DQ_candidate_novel_annotation
HG02109#2	HLA-DPA1	1	1	1		1	1	assembly_or_reference	DR_DQ_candidate_novel_annotation
HG02109#2	HLA-DPB1	1	1	1		1	1	assembly_or_reference	DR_DQ_candidate_novel_annotation
HG02109#2	HLA-DRB3	1	0	0	no_gene_sequence_annotation_not_proven_absence	1	1	assembly_or_reference	DR_DQ_candidate_novel_annotation
HG02109#2	HLA-DRB4	1	0	0	no_gene_sequence_annotation_not_proven_absence	1	1	assembly_or_reference	DR_DQ_candidate_novel_annotation
HG02109#2	HLA-DRB5	1	0	0	no_gene_sequence_annotation_not_proven_absence	1	1	assembly_or_reference	DR_DQ_candidate_novel_annotation
HG02129#1	HLA-A	1	1	1		1	1	assembly_or_reference	downstream_graph_clipping_loss
HG02129#1	HLA-B	1	1	1		1	1	assembly_or_reference	downstream_graph_clipping_loss
HG02129#1	HLA-C	1	1	1		1	1	assembly_or_reference	downstream_graph_clipping_loss
HG02129#1	HLA-DRB1	1	1	1		1	1	assembly_or_reference	downstream_graph_clipping_loss
HG02129#1	HLA-DQA1	1	1	1		1	1	assembly_or_reference	downstream_graph_clipping_loss
HG02129#1	HLA-DQB1	1	1	1		1	1	assembly_or_reference	downstream_graph_clipping_loss
HG02129#1	HLA-DPA1	1	1	1		1	1	assembly_or_reference	downstream_graph_clipping_loss
HG02129#1	HLA-DPB1	1	1	1		1	1	assembly_or_reference	downstream_graph_clipping_loss
HG02129#1	HLA-DRB3	1	1	1		1	1	assembly_or_reference	downstream_graph_clipping_loss
HG02129#1	HLA-DRB4	1	0	0	no_gene_sequence_annotation_not_proven_absence	1	1	assembly_or_reference	downstream_graph_clipping_loss
HG02129#1	HLA-DRB5	1	0	0	no_gene_sequence_annotation_not_proven_absence	1	1	assembly_or_reference	downstream_graph_clipping_loss
HG02129#2	HLA-A	1	1	1		1	1	assembly_or_reference	DR_DQ_candidate_novel_annotation
HG02129#2	HLA-B	1	1	1		1	1	assembly_or_reference	DR_DQ_candidate_novel_annotation
HG02129#2	HLA-C	1	1	1		1	1	assembly_or_reference	DR_DQ_candidate_novel_annotation
HG02129#2	HLA-DRB1	1	1	1		1	1	assembly_or_reference	DR_DQ_candidate_novel_annotation
HG02129#2	HLA-DQA1	1	1	1		1	1	assembly_or_reference	DR_DQ_candidate_novel_annotation
HG02129#2	HLA-DQB1	1	1	1		1	1	assembly_or_reference	DR_DQ_candidate_novel_annotation
HG02129#2	HLA-DPA1	1	1	1		1	1	assembly_or_reference	DR_DQ_candidate_novel_annotation
HG02129#2	HLA-DPB1	1	1	1		1	1	assembly_or_reference	DR_DQ_candidate_novel_annotation
HG02129#2	HLA-DRB3	1	0	0	no_gene_sequence_annotation_not_proven_absence	1	1	assembly_or_reference	DR_DQ_candidate_novel_annotation
HG02129#2	HLA-DRB4	1	0	0	no_gene_sequence_annotation_not_proven_absence	1	1	assembly_or_reference	DR_DQ_candidate_novel_annotation
HG02129#2	HLA-DRB5	1	1	1		1	1	assembly_or_reference	DR_DQ_candidate_novel_annotation
HG02132#1	HLA-A	1	1	1		1	1	assembly_or_reference	DR_DQ_candidate_novel_annotation
HG02132#1	HLA-B	1	1	1		1	1	assembly_or_reference	DR_DQ_candidate_novel_annotation
HG02132#1	HLA-C	1	1	1		1	1	assembly_or_reference	DR_DQ_candidate_novel_annotation
HG02132#1	HLA-DRB1	1	1	1		1	1	assembly_or_reference	DR_DQ_candidate_novel_annotation
HG02132#1	HLA-DQA1	1	1	1		1	1	assembly_or_reference	DR_DQ_candidate_novel_annotation
HG02132#1	HLA-DQB1	1	1	1		1	1	assembly_or_reference	DR_DQ_candidate_novel_annotation
HG02132#1	HLA-DPA1	1	1	1		1	1	assembly_or_reference	DR_DQ_candidate_novel_annotation
HG02132#1	HLA-DPB1	1	1	1		1	1	assembly_or_reference	DR_DQ_candidate_novel_annotation
HG02132#1	HLA-DRB3	1	0	0	no_gene_sequence_annotation_not_proven_absence	1	1	assembly_or_reference	DR_DQ_candidate_novel_annotation
HG02132#1	HLA-DRB4	1	1	1		1	1	assembly_or_reference	DR_DQ_candidate_novel_annotation
HG02132#1	HLA-DRB5	1	0	0	no_gene_sequence_annotation_not_proven_absence	1	1	assembly_or_reference	DR_DQ_candidate_novel_annotation
HG02132#2	HLA-A	1	1	1		1	1	assembly_or_reference	DR_DQ_candidate_novel_annotation
HG02132#2	HLA-B	1	1	1		1	1	assembly_or_reference	DR_DQ_candidate_novel_annotation
HG02132#2	HLA-C	1	1	1		1	1	assembly_or_reference	DR_DQ_candidate_novel_annotation
HG02132#2	HLA-DRB1	1	1	1		1	1	assembly_or_reference	DR_DQ_candidate_novel_annotation
HG02132#2	HLA-DQA1	1	1	1		1	1	assembly_or_reference	DR_DQ_candidate_novel_annotation
HG02132#2	HLA-DQB1	1	1	1		1	1	assembly_or_reference	DR_DQ_candidate_novel_annotation
HG02132#2	HLA-DPA1	1	1	1		1	1	assembly_or_reference	DR_DQ_candidate_novel_annotation
HG02132#2	HLA-DPB1	1	1	1		1	1	assembly_or_reference	DR_DQ_candidate_novel_annotation
HG02132#2	HLA-DRB3	1	0	0	no_gene_sequence_annotation_not_proven_absence	1	1	assembly_or_reference	DR_DQ_candidate_novel_annotation
HG02132#2	HLA-DRB4	1	1	1		1	1	assembly_or_reference	DR_DQ_candidate_novel_annotation
HG02132#2	HLA-DRB5	1	0	0	no_gene_sequence_annotation_not_proven_absence	1	1	assembly_or_reference	DR_DQ_candidate_novel_annotation
HG02135#1	HLA-A	1	1	1		1	1	assembly_or_reference	DR_DQ_candidate_novel_annotation
HG02135#1	HLA-B	1	1	1		1	1	assembly_or_reference	DR_DQ_candidate_novel_annotation
HG02135#1	HLA-C	1	1	1		1	1	assembly_or_reference	DR_DQ_candidate_novel_annotation
HG02135#1	HLA-DRB1	1	1	1		1	1	assembly_or_reference	DR_DQ_candidate_novel_annotation
HG02135#1	HLA-DQA1	1	1	1		1	1	assembly_or_reference	DR_DQ_candidate_novel_annotation
HG02135#1	HLA-DQB1	1	1	1		1	1	assembly_or_reference	DR_DQ_candidate_novel_annotation
HG02135#1	HLA-DPA1	1	1	1		1	1	assembly_or_reference	DR_DQ_candidate_novel_annotation
HG02135#1	HLA-DPB1	1	1	1		1	1	assembly_or_reference	DR_DQ_candidate_novel_annotation
HG02135#1	HLA-DRB3	1	0	0	no_gene_sequence_annotation_not_proven_absence	1	1	assembly_or_reference	DR_DQ_candidate_novel_annotation
HG02135#1	HLA-DRB4	1	0	0	no_gene_sequence_annotation_not_proven_absence	1	1	assembly_or_reference	DR_DQ_candidate_novel_annotation
HG02135#1	HLA-DRB5	1	1	1		1	1	assembly_or_reference	DR_DQ_candidate_novel_annotation
HG02135#2	HLA-A	1	1	1		1	1	assembly_or_reference	
HG02135#2	HLA-B	1	1	1		1	1	assembly_or_reference	
HG02135#2	HLA-C	1	1	1		1	1	assembly_or_reference	
HG02135#2	HLA-DRB1	1	1	1		1	1	assembly_or_reference	
HG02135#2	HLA-DQA1	1	1	1		1	1	assembly_or_reference	
HG02135#2	HLA-DQB1	1	1	1		1	1	assembly_or_reference	
HG02135#2	HLA-DPA1	1	1	1		1	1	assembly_or_reference	
HG02135#2	HLA-DPB1	1	1	1		1	1	assembly_or_reference	
HG02135#2	HLA-DRB3	1	0	0	no_gene_sequence_annotation_not_proven_absence	1	1	assembly_or_reference	
HG02135#2	HLA-DRB4	1	1	1		1	1	assembly_or_reference	
HG02135#2	HLA-DRB5	1	0	0	no_gene_sequence_annotation_not_proven_absence	1	1	assembly_or_reference	
HG02145#1	HLA-A	1	1	1		1	1	assembly_or_reference	
HG02145#1	HLA-B	1	1	1		1	1	assembly_or_reference	
HG02145#1	HLA-C	1	1	1		1	1	assembly_or_reference	
HG02145#1	HLA-DRB1	1	1	1		1	1	assembly_or_reference	
HG02145#1	HLA-DQA1	1	1	1		1	1	assembly_or_reference	
HG02145#1	HLA-DQB1	1	1	1		1	1	assembly_or_reference	
HG02145#1	HLA-DPA1	1	1	1		1	1	assembly_or_reference	
HG02145#1	HLA-DPB1	1	1	1		1	1	assembly_or_reference	
HG02145#1	HLA-DRB3	1	0	0	no_gene_sequence_annotation_not_proven_absence	1	1	assembly_or_reference	
HG02145#1	HLA-DRB4	1	0	0	no_gene_sequence_annotation_not_proven_absence	1	1	assembly_or_reference	
HG02145#1	HLA-DRB5	1	1	1		1	1	assembly_or_reference	
HG02145#2	HLA-A	1	1	1		1	1	assembly_or_reference	DR_DQ_candidate_novel_annotation
HG02145#2	HLA-B	1	1	1		1	1	assembly_or_reference	DR_DQ_candidate_novel_annotation
HG02145#2	HLA-C	1	1	1		1	1	assembly_or_reference	DR_DQ_candidate_novel_annotation
HG02145#2	HLA-DRB1	1	1	1		1	1	assembly_or_reference	DR_DQ_candidate_novel_annotation
HG02145#2	HLA-DQA1	1	1	1		1	1	assembly_or_reference	DR_DQ_candidate_novel_annotation
HG02145#2	HLA-DQB1	1	1	1		1	1	assembly_or_reference	DR_DQ_candidate_novel_annotation
HG02145#2	HLA-DPA1	1	1	1		1	1	assembly_or_reference	DR_DQ_candidate_novel_annotation
HG02145#2	HLA-DPB1	1	1	1		1	1	assembly_or_reference	DR_DQ_candidate_novel_annotation
HG02145#2	HLA-DRB3	1	1	1		1	1	assembly_or_reference	DR_DQ_candidate_novel_annotation
HG02145#2	HLA-DRB4	1	0	0	no_gene_sequence_annotation_not_proven_absence	1	1	assembly_or_reference	DR_DQ_candidate_novel_annotation
HG02145#2	HLA-DRB5	1	0	0	no_gene_sequence_annotation_not_proven_absence	1	1	assembly_or_reference	DR_DQ_candidate_novel_annotation
HG02148#1	HLA-A	1	1	1		1	1	assembly_or_reference	DR_DQ_candidate_novel_annotation
HG02148#1	HLA-B	1	1	1		1	1	assembly_or_reference	DR_DQ_candidate_novel_annotation
HG02148#1	HLA-C	1	1	1		1	1	assembly_or_reference	DR_DQ_candidate_novel_annotation
HG02148#1	HLA-DRB1	1	1	1		1	1	assembly_or_reference	DR_DQ_candidate_novel_annotation
HG02148#1	HLA-DQA1	1	1	1		1	1	assembly_or_reference	DR_DQ_candidate_novel_annotation
HG02148#1	HLA-DQB1	1	1	1		1	1	assembly_or_reference	DR_DQ_candidate_novel_annotation
HG02148#1	HLA-DPA1	1	1	1		1	1	assembly_or_reference	DR_DQ_candidate_novel_annotation
HG02148#1	HLA-DPB1	1	1	1		1	1	assembly_or_reference	DR_DQ_candidate_novel_annotation
HG02148#1	HLA-DRB3	1	1	1		1	1	assembly_or_reference	DR_DQ_candidate_novel_annotation
HG02148#1	HLA-DRB4	1	0	0	no_gene_sequence_annotation_not_proven_absence	1	1	assembly_or_reference	DR_DQ_candidate_novel_annotation
HG02148#1	HLA-DRB5	1	0	0	no_gene_sequence_annotation_not_proven_absence	1	1	assembly_or_reference	DR_DQ_candidate_novel_annotation
HG02148#2	HLA-A	1	1	1		1	1	assembly_or_reference	
HG02148#2	HLA-B	1	1	1		1	1	assembly_or_reference	
HG02148#2	HLA-C	1	1	1		1	1	assembly_or_reference	
HG02148#2	HLA-DRB1	1	1	1		1	1	assembly_or_reference	
HG02148#2	HLA-DQA1	1	1	1		1	1	assembly_or_reference	
HG02148#2	HLA-DQB1	1	1	1		1	1	assembly_or_reference	
HG02148#2	HLA-DPA1	1	1	1		1	1	assembly_or_reference	
HG02148#2	HLA-DPB1	1	1	1		1	1	assembly_or_reference	
HG02148#2	HLA-DRB3	1	1	1		1	1	assembly_or_reference	
HG02148#2	HLA-DRB4	1	0	0	no_gene_sequence_annotation_not_proven_absence	1	1	assembly_or_reference	
HG02148#2	HLA-DRB5	1	0	0	no_gene_sequence_annotation_not_proven_absence	1	1	assembly_or_reference	
HG02155#1	HLA-A	1	1	1		1	1	assembly_or_reference	DR_DQ_candidate_novel_annotation;downstream_graph_clipping_loss
HG02155#1	HLA-B	1	1	1		1	1	assembly_or_reference	DR_DQ_candidate_novel_annotation;downstream_graph_clipping_loss
HG02155#1	HLA-C	1	1	1		1	1	assembly_or_reference	DR_DQ_candidate_novel_annotation;downstream_graph_clipping_loss
HG02155#1	HLA-DRB1	1	1	1		1	1	assembly_or_reference	DR_DQ_candidate_novel_annotation;downstream_graph_clipping_loss
HG02155#1	HLA-DQA1	1	1	1		1	1	assembly_or_reference	DR_DQ_candidate_novel_annotation;downstream_graph_clipping_loss
HG02155#1	HLA-DQB1	1	1	1		1	1	assembly_or_reference	DR_DQ_candidate_novel_annotation;downstream_graph_clipping_loss
HG02155#1	HLA-DPA1	1	1	1		1	1	assembly_or_reference	DR_DQ_candidate_novel_annotation;downstream_graph_clipping_loss
HG02155#1	HLA-DPB1	1	1	1		1	1	assembly_or_reference	DR_DQ_candidate_novel_annotation;downstream_graph_clipping_loss
HG02155#1	HLA-DRB3	1	0	0	no_gene_sequence_annotation_not_proven_absence	1	1	assembly_or_reference	DR_DQ_candidate_novel_annotation;downstream_graph_clipping_loss
HG02155#1	HLA-DRB4	1	0	0	no_gene_sequence_annotation_not_proven_absence	1	1	assembly_or_reference	DR_DQ_candidate_novel_annotation;downstream_graph_clipping_loss
HG02155#1	HLA-DRB5	1	1	1		1	1	assembly_or_reference	DR_DQ_candidate_novel_annotation;downstream_graph_clipping_loss
HG02155#2	HLA-A	1	1	1		1	1	assembly_or_reference	DR_DQ_candidate_novel_annotation
HG02155#2	HLA-B	1	1	1		1	1	assembly_or_reference	DR_DQ_candidate_novel_annotation
HG02155#2	HLA-C	1	1	1		1	1	assembly_or_reference	DR_DQ_candidate_novel_annotation
HG02155#2	HLA-DRB1	1	1	1		1	1	assembly_or_reference	DR_DQ_candidate_novel_annotation
HG02155#2	HLA-DQA1	1	1	1		1	1	assembly_or_reference	DR_DQ_candidate_novel_annotation
HG02155#2	HLA-DQB1	1	1	1		1	1	assembly_or_reference	DR_DQ_candidate_novel_annotation
HG02155#2	HLA-DPA1	1	1	1		1	1	assembly_or_reference	DR_DQ_candidate_novel_annotation
HG02155#2	HLA-DPB1	1	1	1		1	1	assembly_or_reference	DR_DQ_candidate_novel_annotation
HG02155#2	HLA-DRB3	1	0	0	no_gene_sequence_annotation_not_proven_absence	1	1	assembly_or_reference	DR_DQ_candidate_novel_annotation
HG02155#2	HLA-DRB4	1	0	0	no_gene_sequence_annotation_not_proven_absence	1	1	assembly_or_reference	DR_DQ_candidate_novel_annotation
HG02155#2	HLA-DRB5	1	1	1		1	1	assembly_or_reference	DR_DQ_candidate_novel_annotation
HG02165#1	HLA-A	1	1	1		1	1	assembly_or_reference	
HG02165#1	HLA-B	1	1	1		1	1	assembly_or_reference	
HG02165#1	HLA-C	1	1	1		1	1	assembly_or_reference	
HG02165#1	HLA-DRB1	1	1	1		1	1	assembly_or_reference	
HG02165#1	HLA-DQA1	1	1	1		1	1	assembly_or_reference	
HG02165#1	HLA-DQB1	1	1	1		1	1	assembly_or_reference	
HG02165#1	HLA-DPA1	1	1	1		1	1	assembly_or_reference	
HG02165#1	HLA-DPB1	1	1	1		1	1	assembly_or_reference	
HG02165#1	HLA-DRB3	1	1	1		1	1	assembly_or_reference	
HG02165#1	HLA-DRB4	1	0	0	no_gene_sequence_annotation_not_proven_absence	1	1	assembly_or_reference	
HG02165#1	HLA-DRB5	1	0	0	no_gene_sequence_annotation_not_proven_absence	1	1	assembly_or_reference	
HG02165#2	HLA-A	1	1	1		1	1	assembly_or_reference	
HG02165#2	HLA-B	1	1	1		1	1	assembly_or_reference	
HG02165#2	HLA-C	1	1	1		1	1	assembly_or_reference	
HG02165#2	HLA-DRB1	1	1	1		1	1	assembly_or_reference	
HG02165#2	HLA-DQA1	1	1	1		1	1	assembly_or_reference	
HG02165#2	HLA-DQB1	1	1	1		1	1	assembly_or_reference	
HG02165#2	HLA-DPA1	1	1	1		1	1	assembly_or_reference	
HG02165#2	HLA-DPB1	1	1	1		1	1	assembly_or_reference	
HG02165#2	HLA-DRB3	1	1	1		1	1	assembly_or_reference	
HG02165#2	HLA-DRB4	1	0	0	no_gene_sequence_annotation_not_proven_absence	1	1	assembly_or_reference	
HG02165#2	HLA-DRB5	1	0	0	no_gene_sequence_annotation_not_proven_absence	1	1	assembly_or_reference	
HG02178#1	HLA-A	1	1	1		1	1	assembly_or_reference	DR_DQ_candidate_novel_annotation
HG02178#1	HLA-B	1	1	1		1	1	assembly_or_reference	DR_DQ_candidate_novel_annotation
HG02178#1	HLA-C	1	1	1		1	1	assembly_or_reference	DR_DQ_candidate_novel_annotation
HG02178#1	HLA-DRB1	1	1	1		1	1	assembly_or_reference	DR_DQ_candidate_novel_annotation
HG02178#1	HLA-DQA1	1	1	1		1	1	assembly_or_reference	DR_DQ_candidate_novel_annotation
HG02178#1	HLA-DQB1	1	1	1		1	1	assembly_or_reference	DR_DQ_candidate_novel_annotation
HG02178#1	HLA-DPA1	1	1	1		1	1	assembly_or_reference	DR_DQ_candidate_novel_annotation
HG02178#1	HLA-DPB1	1	1	1		1	1	assembly_or_reference	DR_DQ_candidate_novel_annotation
HG02178#1	HLA-DRB3	1	0	0	no_gene_sequence_annotation_not_proven_absence	1	1	assembly_or_reference	DR_DQ_candidate_novel_annotation
HG02178#1	HLA-DRB4	1	1	1		1	1	assembly_or_reference	DR_DQ_candidate_novel_annotation
HG02178#1	HLA-DRB5	1	0	0	no_gene_sequence_annotation_not_proven_absence	1	1	assembly_or_reference	DR_DQ_candidate_novel_annotation
HG02178#2	HLA-A	1	1	1		1	0	assembly_or_reference	DR_DQ_candidate_novel_annotation
HG02178#2	HLA-B	1	1	1		1	0	assembly_or_reference	DR_DQ_candidate_novel_annotation
HG02178#2	HLA-C	1	1	1		1	0	assembly_or_reference	DR_DQ_candidate_novel_annotation
HG02178#2	HLA-DRB1	1	1	1		1	0	assembly_or_reference	DR_DQ_candidate_novel_annotation
HG02178#2	HLA-DQA1	1	1	1		1	0	assembly_or_reference	DR_DQ_candidate_novel_annotation
HG02178#2	HLA-DQB1	1	1	1		1	0	assembly_or_reference	DR_DQ_candidate_novel_annotation
HG02178#2	HLA-DPA1	1	1	1		1	0	assembly_or_reference	DR_DQ_candidate_novel_annotation
HG02178#2	HLA-DPB1	1	1	1		1	0	assembly_or_reference	DR_DQ_candidate_novel_annotation
HG02178#2	HLA-DRB3	1	0	0	no_gene_sequence_annotation_not_proven_absence	1	0	assembly_or_reference	DR_DQ_candidate_novel_annotation
HG02178#2	HLA-DRB4	1	0	0	no_gene_sequence_annotation_not_proven_absence	1	0	assembly_or_reference	DR_DQ_candidate_novel_annotation
HG02178#2	HLA-DRB5	1	1	0	cds_completeness_or_abnormality	1	0	assembly_or_reference	DR_DQ_candidate_novel_annotation
HG02257#1	HLA-A	1	1	1		1	1	assembly_or_reference	DR_DQ_candidate_novel_annotation
HG02257#1	HLA-B	1	1	1		1	1	assembly_or_reference	DR_DQ_candidate_novel_annotation
HG02257#1	HLA-C	1	1	1		1	1	assembly_or_reference	DR_DQ_candidate_novel_annotation
HG02257#1	HLA-DRB1	1	1	1		1	1	assembly_or_reference	DR_DQ_candidate_novel_annotation
HG02257#1	HLA-DQA1	1	1	1		1	1	assembly_or_reference	DR_DQ_candidate_novel_annotation
HG02257#1	HLA-DQB1	1	1	1		1	1	assembly_or_reference	DR_DQ_candidate_novel_annotation
HG02257#1	HLA-DPA1	1	1	1		1	1	assembly_or_reference	DR_DQ_candidate_novel_annotation
HG02257#1	HLA-DPB1	1	1	1		1	1	assembly_or_reference	DR_DQ_candidate_novel_annotation
HG02257#1	HLA-DRB3	1	1	1		1	1	assembly_or_reference	DR_DQ_candidate_novel_annotation
HG02257#1	HLA-DRB4	1	0	0	no_gene_sequence_annotation_not_proven_absence	1	1	assembly_or_reference	DR_DQ_candidate_novel_annotation
HG02257#1	HLA-DRB5	1	0	0	no_gene_sequence_annotation_not_proven_absence	1	1	assembly_or_reference	DR_DQ_candidate_novel_annotation
HG02257#2	HLA-A	1	1	1		1	1	assembly_or_reference	DR_DQ_candidate_novel_annotation
HG02257#2	HLA-B	1	1	1		1	1	assembly_or_reference	DR_DQ_candidate_novel_annotation
HG02257#2	HLA-C	1	1	1		1	1	assembly_or_reference	DR_DQ_candidate_novel_annotation
HG02257#2	HLA-DRB1	1	1	1		1	1	assembly_or_reference	DR_DQ_candidate_novel_annotation
HG02257#2	HLA-DQA1	1	1	1		1	1	assembly_or_reference	DR_DQ_candidate_novel_annotation
HG02257#2	HLA-DQB1	1	1	1		1	1	assembly_or_reference	DR_DQ_candidate_novel_annotation
HG02257#2	HLA-DPA1	1	1	1		1	1	assembly_or_reference	DR_DQ_candidate_novel_annotation
HG02257#2	HLA-DPB1	1	1	1		1	1	assembly_or_reference	DR_DQ_candidate_novel_annotation
HG02257#2	HLA-DRB3	1	0	0	no_gene_sequence_annotation_not_proven_absence	1	1	assembly_or_reference	DR_DQ_candidate_novel_annotation
HG02257#2	HLA-DRB4	1	0	0	no_gene_sequence_annotation_not_proven_absence	1	1	assembly_or_reference	DR_DQ_candidate_novel_annotation
HG02257#2	HLA-DRB5	1	0	0	no_gene_sequence_annotation_not_proven_absence	1	1	assembly_or_reference	DR_DQ_candidate_novel_annotation
HG02258#1	HLA-A	1	1	1		1	1	assembly_or_reference	
HG02258#1	HLA-B	1	1	1		1	1	assembly_or_reference	
HG02258#1	HLA-C	1	1	1		1	1	assembly_or_reference	
HG02258#1	HLA-DRB1	1	1	1		1	1	assembly_or_reference	
HG02258#1	HLA-DQA1	1	1	1		1	1	assembly_or_reference	
HG02258#1	HLA-DQB1	1	1	1		1	1	assembly_or_reference	
HG02258#1	HLA-DPA1	1	1	1		1	1	assembly_or_reference	
HG02258#1	HLA-DPB1	1	1	1		1	1	assembly_or_reference	
HG02258#1	HLA-DRB3	1	0	0	no_gene_sequence_annotation_not_proven_absence	1	1	assembly_or_reference	
HG02258#1	HLA-DRB4	1	0	0	no_gene_sequence_annotation_not_proven_absence	1	1	assembly_or_reference	
HG02258#1	HLA-DRB5	1	1	1		1	1	assembly_or_reference	
HG02258#2	HLA-A	1	1	1		1	1	assembly_or_reference	DR_DQ_candidate_novel_annotation
HG02258#2	HLA-B	1	1	1		1	1	assembly_or_reference	DR_DQ_candidate_novel_annotation
HG02258#2	HLA-C	1	1	1		1	1	assembly_or_reference	DR_DQ_candidate_novel_annotation
HG02258#2	HLA-DRB1	1	1	1		1	1	assembly_or_reference	DR_DQ_candidate_novel_annotation
HG02258#2	HLA-DQA1	1	1	1		1	1	assembly_or_reference	DR_DQ_candidate_novel_annotation
HG02258#2	HLA-DQB1	1	1	1		1	1	assembly_or_reference	DR_DQ_candidate_novel_annotation
HG02258#2	HLA-DPA1	1	1	1		1	1	assembly_or_reference	DR_DQ_candidate_novel_annotation
HG02258#2	HLA-DPB1	1	1	1		1	1	assembly_or_reference	DR_DQ_candidate_novel_annotation
HG02258#2	HLA-DRB3	1	0	0	no_gene_sequence_annotation_not_proven_absence	1	1	assembly_or_reference	DR_DQ_candidate_novel_annotation
HG02258#2	HLA-DRB4	1	0	0	no_gene_sequence_annotation_not_proven_absence	1	1	assembly_or_reference	DR_DQ_candidate_novel_annotation
HG02258#2	HLA-DRB5	1	1	1		1	1	assembly_or_reference	DR_DQ_candidate_novel_annotation
HG02273#1	HLA-A	1	1	1		1	1	assembly_or_reference	DR_DQ_candidate_novel_annotation
HG02273#1	HLA-B	1	1	1		1	1	assembly_or_reference	DR_DQ_candidate_novel_annotation
HG02273#1	HLA-C	1	1	1		1	1	assembly_or_reference	DR_DQ_candidate_novel_annotation
HG02273#1	HLA-DRB1	1	1	1		1	1	assembly_or_reference	DR_DQ_candidate_novel_annotation
HG02273#1	HLA-DQA1	1	1	1		1	1	assembly_or_reference	DR_DQ_candidate_novel_annotation
HG02273#1	HLA-DQB1	1	1	1		1	1	assembly_or_reference	DR_DQ_candidate_novel_annotation
HG02273#1	HLA-DPA1	1	1	1		1	1	assembly_or_reference	DR_DQ_candidate_novel_annotation
HG02273#1	HLA-DPB1	1	1	1		1	1	assembly_or_reference	DR_DQ_candidate_novel_annotation
HG02273#1	HLA-DRB3	1	0	0	no_gene_sequence_annotation_not_proven_absence	1	1	assembly_or_reference	DR_DQ_candidate_novel_annotation
HG02273#1	HLA-DRB4	1	1	1		1	1	assembly_or_reference	DR_DQ_candidate_novel_annotation
HG02273#1	HLA-DRB5	1	0	0	no_gene_sequence_annotation_not_proven_absence	1	1	assembly_or_reference	DR_DQ_candidate_novel_annotation
HG02273#2	HLA-A	1	1	1		1	1	assembly_or_reference	DR_DQ_candidate_novel_annotation
HG02273#2	HLA-B	1	1	1		1	1	assembly_or_reference	DR_DQ_candidate_novel_annotation
HG02273#2	HLA-C	1	1	1		1	1	assembly_or_reference	DR_DQ_candidate_novel_annotation
HG02273#2	HLA-DRB1	1	1	1		1	1	assembly_or_reference	DR_DQ_candidate_novel_annotation
HG02273#2	HLA-DQA1	1	1	1		1	1	assembly_or_reference	DR_DQ_candidate_novel_annotation
HG02273#2	HLA-DQB1	1	1	1		1	1	assembly_or_reference	DR_DQ_candidate_novel_annotation
HG02273#2	HLA-DPA1	1	1	1		1	1	assembly_or_reference	DR_DQ_candidate_novel_annotation
HG02273#2	HLA-DPB1	1	1	1		1	1	assembly_or_reference	DR_DQ_candidate_novel_annotation
HG02273#2	HLA-DRB3	1	1	1		1	1	assembly_or_reference	DR_DQ_candidate_novel_annotation
HG02273#2	HLA-DRB4	1	0	0	no_gene_sequence_annotation_not_proven_absence	1	1	assembly_or_reference	DR_DQ_candidate_novel_annotation
HG02273#2	HLA-DRB5	1	0	0	no_gene_sequence_annotation_not_proven_absence	1	1	assembly_or_reference	DR_DQ_candidate_novel_annotation
HG02280#1	HLA-A	1	1	1		1	1	assembly_or_reference	DR_DQ_candidate_novel_annotation
HG02280#1	HLA-B	1	1	1		1	1	assembly_or_reference	DR_DQ_candidate_novel_annotation
HG02280#1	HLA-C	1	1	1		1	1	assembly_or_reference	DR_DQ_candidate_novel_annotation
HG02280#1	HLA-DRB1	1	1	1		1	1	assembly_or_reference	DR_DQ_candidate_novel_annotation
HG02280#1	HLA-DQA1	1	1	1		1	1	assembly_or_reference	DR_DQ_candidate_novel_annotation
HG02280#1	HLA-DQB1	1	1	1		1	1	assembly_or_reference	DR_DQ_candidate_novel_annotation
HG02280#1	HLA-DPA1	1	1	1		1	1	assembly_or_reference	DR_DQ_candidate_novel_annotation
HG02280#1	HLA-DPB1	1	1	1		1	1	assembly_or_reference	DR_DQ_candidate_novel_annotation
HG02280#1	HLA-DRB3	1	1	1		1	1	assembly_or_reference	DR_DQ_candidate_novel_annotation
HG02280#1	HLA-DRB4	1	0	0	no_gene_sequence_annotation_not_proven_absence	1	1	assembly_or_reference	DR_DQ_candidate_novel_annotation
HG02280#1	HLA-DRB5	1	0	0	no_gene_sequence_annotation_not_proven_absence	1	1	assembly_or_reference	DR_DQ_candidate_novel_annotation
HG02280#2	HLA-A	1	1	1		1	1	assembly_or_reference	
HG02280#2	HLA-B	1	1	1		1	1	assembly_or_reference	
HG02280#2	HLA-C	1	1	1		1	1	assembly_or_reference	
HG02280#2	HLA-DRB1	1	1	1		1	1	assembly_or_reference	
HG02280#2	HLA-DQA1	1	1	1		1	1	assembly_or_reference	
HG02280#2	HLA-DQB1	1	1	1		1	1	assembly_or_reference	
HG02280#2	HLA-DPA1	1	1	1		1	1	assembly_or_reference	
HG02280#2	HLA-DPB1	1	1	1		1	1	assembly_or_reference	
HG02280#2	HLA-DRB3	1	0	0	no_gene_sequence_annotation_not_proven_absence	1	1	assembly_or_reference	
HG02280#2	HLA-DRB4	1	0	0	no_gene_sequence_annotation_not_proven_absence	1	1	assembly_or_reference	
HG02280#2	HLA-DRB5	1	0	0	no_gene_sequence_annotation_not_proven_absence	1	1	assembly_or_reference	
HG02293#1	HLA-A	1	1	1		1	1	assembly_or_reference	DR_DQ_candidate_novel_annotation;downstream_graph_clipping_loss
HG02293#1	HLA-B	1	1	1		1	1	assembly_or_reference	DR_DQ_candidate_novel_annotation;downstream_graph_clipping_loss
HG02293#1	HLA-C	1	1	1		1	1	assembly_or_reference	DR_DQ_candidate_novel_annotation;downstream_graph_clipping_loss
HG02293#1	HLA-DRB1	1	1	1		1	1	assembly_or_reference	DR_DQ_candidate_novel_annotation;downstream_graph_clipping_loss
HG02293#1	HLA-DQA1	1	1	1		1	1	assembly_or_reference	DR_DQ_candidate_novel_annotation;downstream_graph_clipping_loss
HG02293#1	HLA-DQB1	1	1	1		1	1	assembly_or_reference	DR_DQ_candidate_novel_annotation;downstream_graph_clipping_loss
HG02293#1	HLA-DPA1	1	1	1		1	1	assembly_or_reference	DR_DQ_candidate_novel_annotation;downstream_graph_clipping_loss
HG02293#1	HLA-DPB1	1	1	1		1	1	assembly_or_reference	DR_DQ_candidate_novel_annotation;downstream_graph_clipping_loss
HG02293#1	HLA-DRB3	1	0	0	no_gene_sequence_annotation_not_proven_absence	1	1	assembly_or_reference	DR_DQ_candidate_novel_annotation;downstream_graph_clipping_loss
HG02293#1	HLA-DRB4	1	1	1		1	1	assembly_or_reference	DR_DQ_candidate_novel_annotation;downstream_graph_clipping_loss
HG02293#1	HLA-DRB5	1	0	0	no_gene_sequence_annotation_not_proven_absence	1	1	assembly_or_reference	DR_DQ_candidate_novel_annotation;downstream_graph_clipping_loss
HG02293#2	HLA-A	1	1	1		1	1	assembly_or_reference	DR_DQ_candidate_novel_annotation
HG02293#2	HLA-B	1	1	1		1	1	assembly_or_reference	DR_DQ_candidate_novel_annotation
HG02293#2	HLA-C	1	1	1		1	1	assembly_or_reference	DR_DQ_candidate_novel_annotation
HG02293#2	HLA-DRB1	1	1	1		1	1	assembly_or_reference	DR_DQ_candidate_novel_annotation
HG02293#2	HLA-DQA1	1	1	1		1	1	assembly_or_reference	DR_DQ_candidate_novel_annotation
HG02293#2	HLA-DQB1	1	1	1		1	1	assembly_or_reference	DR_DQ_candidate_novel_annotation
HG02293#2	HLA-DPA1	1	1	1		1	1	assembly_or_reference	DR_DQ_candidate_novel_annotation
HG02293#2	HLA-DPB1	1	1	1		1	1	assembly_or_reference	DR_DQ_candidate_novel_annotation
HG02293#2	HLA-DRB3	1	0	0	no_gene_sequence_annotation_not_proven_absence	1	1	assembly_or_reference	DR_DQ_candidate_novel_annotation
HG02293#2	HLA-DRB4	1	1	1		1	1	assembly_or_reference	DR_DQ_candidate_novel_annotation
HG02293#2	HLA-DRB5	1	0	0	no_gene_sequence_annotation_not_proven_absence	1	1	assembly_or_reference	DR_DQ_candidate_novel_annotation
HG02300#1	HLA-A	1	1	1		1	1	assembly_or_reference	DR_DQ_candidate_novel_annotation
HG02300#1	HLA-B	1	1	1		1	1	assembly_or_reference	DR_DQ_candidate_novel_annotation
HG02300#1	HLA-C	1	1	1		1	1	assembly_or_reference	DR_DQ_candidate_novel_annotation
HG02300#1	HLA-DRB1	1	1	1		1	1	assembly_or_reference	DR_DQ_candidate_novel_annotation
HG02300#1	HLA-DQA1	1	1	1		1	1	assembly_or_reference	DR_DQ_candidate_novel_annotation
HG02300#1	HLA-DQB1	1	1	1		1	1	assembly_or_reference	DR_DQ_candidate_novel_annotation
HG02300#1	HLA-DPA1	1	1	1		1	1	assembly_or_reference	DR_DQ_candidate_novel_annotation
HG02300#1	HLA-DPB1	1	1	1		1	1	assembly_or_reference	DR_DQ_candidate_novel_annotation
HG02300#1	HLA-DRB3	1	0	0	no_gene_sequence_annotation_not_proven_absence	1	1	assembly_or_reference	DR_DQ_candidate_novel_annotation
HG02300#1	HLA-DRB4	1	1	1		1	1	assembly_or_reference	DR_DQ_candidate_novel_annotation
HG02300#1	HLA-DRB5	1	0	0	no_gene_sequence_annotation_not_proven_absence	1	1	assembly_or_reference	DR_DQ_candidate_novel_annotation
HG02300#2	HLA-A	1	1	1		1	1	assembly_or_reference	DR_DQ_candidate_novel_annotation
HG02300#2	HLA-B	1	1	1		1	1	assembly_or_reference	DR_DQ_candidate_novel_annotation
HG02300#2	HLA-C	1	1	1		1	1	assembly_or_reference	DR_DQ_candidate_novel_annotation
HG02300#2	HLA-DRB1	1	1	1		1	1	assembly_or_reference	DR_DQ_candidate_novel_annotation
HG02300#2	HLA-DQA1	1	1	1		1	1	assembly_or_reference	DR_DQ_candidate_novel_annotation
HG02300#2	HLA-DQB1	1	1	1		1	1	assembly_or_reference	DR_DQ_candidate_novel_annotation
HG02300#2	HLA-DPA1	1	1	1		1	1	assembly_or_reference	DR_DQ_candidate_novel_annotation
HG02300#2	HLA-DPB1	1	1	1		1	1	assembly_or_reference	DR_DQ_candidate_novel_annotation
HG02300#2	HLA-DRB3	1	0	0	no_gene_sequence_annotation_not_proven_absence	1	1	assembly_or_reference	DR_DQ_candidate_novel_annotation
HG02300#2	HLA-DRB4	1	1	1		1	1	assembly_or_reference	DR_DQ_candidate_novel_annotation
HG02300#2	HLA-DRB5	1	0	0	no_gene_sequence_annotation_not_proven_absence	1	1	assembly_or_reference	DR_DQ_candidate_novel_annotation
HG02391#1	HLA-A	1	1	1		1	1	assembly_or_reference	downstream_graph_clipping_loss
HG02391#1	HLA-B	1	1	1		1	1	assembly_or_reference	downstream_graph_clipping_loss
HG02391#1	HLA-C	1	1	1		1	1	assembly_or_reference	downstream_graph_clipping_loss
HG02391#1	HLA-DRB1	1	1	1		1	1	assembly_or_reference	downstream_graph_clipping_loss
HG02391#1	HLA-DQA1	1	1	1		1	1	assembly_or_reference	downstream_graph_clipping_loss
HG02391#1	HLA-DQB1	1	1	1		1	1	assembly_or_reference	downstream_graph_clipping_loss
HG02391#1	HLA-DPA1	1	1	1		1	1	assembly_or_reference	downstream_graph_clipping_loss
HG02391#1	HLA-DPB1	1	1	1		1	1	assembly_or_reference	downstream_graph_clipping_loss
HG02391#1	HLA-DRB3	1	0	0	no_gene_sequence_annotation_not_proven_absence	1	1	assembly_or_reference	downstream_graph_clipping_loss
HG02391#1	HLA-DRB4	1	0	0	no_gene_sequence_annotation_not_proven_absence	1	1	assembly_or_reference	downstream_graph_clipping_loss
HG02391#1	HLA-DRB5	1	1	1		1	1	assembly_or_reference	downstream_graph_clipping_loss
HG02391#2	HLA-A	1	1	1		1	1	assembly_or_reference	downstream_graph_clipping_loss
HG02391#2	HLA-B	1	1	1		1	1	assembly_or_reference	downstream_graph_clipping_loss
HG02391#2	HLA-C	1	1	1		1	1	assembly_or_reference	downstream_graph_clipping_loss
HG02391#2	HLA-DRB1	1	1	1		1	1	assembly_or_reference	downstream_graph_clipping_loss
HG02391#2	HLA-DQA1	1	1	1		1	1	assembly_or_reference	downstream_graph_clipping_loss
HG02391#2	HLA-DQB1	1	1	1		1	1	assembly_or_reference	downstream_graph_clipping_loss
HG02391#2	HLA-DPA1	1	1	1		1	1	assembly_or_reference	downstream_graph_clipping_loss
HG02391#2	HLA-DPB1	1	1	1		1	1	assembly_or_reference	downstream_graph_clipping_loss
HG02391#2	HLA-DRB3	1	0	0	no_gene_sequence_annotation_not_proven_absence	1	1	assembly_or_reference	downstream_graph_clipping_loss
HG02391#2	HLA-DRB4	1	0	0	no_gene_sequence_annotation_not_proven_absence	1	1	assembly_or_reference	downstream_graph_clipping_loss
HG02391#2	HLA-DRB5	1	1	1		1	1	assembly_or_reference	downstream_graph_clipping_loss
HG02392#1	HLA-A	1	1	1		1	0	assembly_or_reference	DR_DQ_candidate_novel_annotation
HG02392#1	HLA-B	1	1	1		1	0	assembly_or_reference	DR_DQ_candidate_novel_annotation
HG02392#1	HLA-C	1	1	1		1	0	assembly_or_reference	DR_DQ_candidate_novel_annotation
HG02392#1	HLA-DRB1	1	1	1		1	0	assembly_or_reference	DR_DQ_candidate_novel_annotation
HG02392#1	HLA-DQA1	1	1	1		1	0	assembly_or_reference	DR_DQ_candidate_novel_annotation
HG02392#1	HLA-DQB1	1	1	1		1	0	assembly_or_reference	DR_DQ_candidate_novel_annotation
HG02392#1	HLA-DPA1	1	1	1		1	0	assembly_or_reference	DR_DQ_candidate_novel_annotation
HG02392#1	HLA-DPB1	1	1	1		1	0	assembly_or_reference	DR_DQ_candidate_novel_annotation
HG02392#1	HLA-DRB3	1	0	0	no_gene_sequence_annotation_not_proven_absence	1	0	assembly_or_reference	DR_DQ_candidate_novel_annotation
HG02392#1	HLA-DRB4	1	0	0	no_gene_sequence_annotation_not_proven_absence	1	0	assembly_or_reference	DR_DQ_candidate_novel_annotation
HG02392#1	HLA-DRB5	1	1	0	cds_completeness_or_abnormality	1	0	assembly_or_reference	DR_DQ_candidate_novel_annotation
HG02392#2	HLA-A	1	1	1		1	1	assembly_or_reference	DR_DQ_candidate_novel_annotation;downstream_graph_clipping_loss
HG02392#2	HLA-B	1	1	1		1	1	assembly_or_reference	DR_DQ_candidate_novel_annotation;downstream_graph_clipping_loss
HG02392#2	HLA-C	1	1	1		1	1	assembly_or_reference	DR_DQ_candidate_novel_annotation;downstream_graph_clipping_loss
HG02392#2	HLA-DRB1	1	1	1		1	1	assembly_or_reference	DR_DQ_candidate_novel_annotation;downstream_graph_clipping_loss
HG02392#2	HLA-DQA1	1	1	1		1	1	assembly_or_reference	DR_DQ_candidate_novel_annotation;downstream_graph_clipping_loss
HG02392#2	HLA-DQB1	1	1	1		1	1	assembly_or_reference	DR_DQ_candidate_novel_annotation;downstream_graph_clipping_loss
HG02392#2	HLA-DPA1	1	1	1		1	1	assembly_or_reference	DR_DQ_candidate_novel_annotation;downstream_graph_clipping_loss
HG02392#2	HLA-DPB1	1	1	1		1	1	assembly_or_reference	DR_DQ_candidate_novel_annotation;downstream_graph_clipping_loss
HG02392#2	HLA-DRB3	1	0	0	no_gene_sequence_annotation_not_proven_absence	1	1	assembly_or_reference	DR_DQ_candidate_novel_annotation;downstream_graph_clipping_loss
HG02392#2	HLA-DRB4	1	0	0	no_gene_sequence_annotation_not_proven_absence	1	1	assembly_or_reference	DR_DQ_candidate_novel_annotation;downstream_graph_clipping_loss
HG02392#2	HLA-DRB5	1	1	1		1	1	assembly_or_reference	DR_DQ_candidate_novel_annotation;downstream_graph_clipping_loss
HG02451#1	HLA-A	1	1	1		1	1	assembly_or_reference	DR_DQ_candidate_novel_annotation
HG02451#1	HLA-B	1	1	1		1	1	assembly_or_reference	DR_DQ_candidate_novel_annotation
HG02451#1	HLA-C	1	1	1		1	1	assembly_or_reference	DR_DQ_candidate_novel_annotation
HG02451#1	HLA-DRB1	1	1	1		1	1	assembly_or_reference	DR_DQ_candidate_novel_annotation
HG02451#1	HLA-DQA1	1	1	1		1	1	assembly_or_reference	DR_DQ_candidate_novel_annotation
HG02451#1	HLA-DQB1	1	1	1		1	1	assembly_or_reference	DR_DQ_candidate_novel_annotation
HG02451#1	HLA-DPA1	1	1	1		1	1	assembly_or_reference	DR_DQ_candidate_novel_annotation
HG02451#1	HLA-DPB1	1	1	1		1	1	assembly_or_reference	DR_DQ_candidate_novel_annotation
HG02451#1	HLA-DRB3	1	1	1		1	1	assembly_or_reference	DR_DQ_candidate_novel_annotation
HG02451#1	HLA-DRB4	1	0	0	no_gene_sequence_annotation_not_proven_absence	1	1	assembly_or_reference	DR_DQ_candidate_novel_annotation
HG02451#1	HLA-DRB5	1	0	0	no_gene_sequence_annotation_not_proven_absence	1	1	assembly_or_reference	DR_DQ_candidate_novel_annotation
HG02451#2	HLA-A	1	1	1		1	1	assembly_or_reference	
HG02451#2	HLA-B	1	1	1		1	1	assembly_or_reference	
HG02451#2	HLA-C	1	1	1		1	1	assembly_or_reference	
HG02451#2	HLA-DRB1	1	1	1		1	1	assembly_or_reference	
HG02451#2	HLA-DQA1	1	1	1		1	1	assembly_or_reference	
HG02451#2	HLA-DQB1	1	1	1		1	1	assembly_or_reference	
HG02451#2	HLA-DPA1	1	1	1		1	1	assembly_or_reference	
HG02451#2	HLA-DPB1	1	1	1		1	1	assembly_or_reference	
HG02451#2	HLA-DRB3	1	0	0	no_gene_sequence_annotation_not_proven_absence	1	1	assembly_or_reference	
HG02451#2	HLA-DRB4	1	0	0	no_gene_sequence_annotation_not_proven_absence	1	1	assembly_or_reference	
HG02451#2	HLA-DRB5	1	1	1		1	1	assembly_or_reference	
HG02486#1	HLA-A	1	1	1		1	1	assembly_or_reference	
HG02486#1	HLA-B	1	1	1		1	1	assembly_or_reference	
HG02486#1	HLA-C	1	1	1		1	1	assembly_or_reference	
HG02486#1	HLA-DRB1	1	1	1		1	1	assembly_or_reference	
HG02486#1	HLA-DQA1	1	1	1		1	1	assembly_or_reference	
HG02486#1	HLA-DQB1	1	1	1		1	1	assembly_or_reference	
HG02486#1	HLA-DPA1	1	1	1		1	1	assembly_or_reference	
HG02486#1	HLA-DPB1	1	1	1		1	1	assembly_or_reference	
HG02486#1	HLA-DRB3	1	0	0	no_gene_sequence_annotation_not_proven_absence	1	1	assembly_or_reference	
HG02486#1	HLA-DRB4	1	0	0	no_gene_sequence_annotation_not_proven_absence	1	1	assembly_or_reference	
HG02486#1	HLA-DRB5	1	1	1		1	1	assembly_or_reference	
HG02486#2	HLA-A	1	1	1		1	1	assembly_or_reference	DR_DQ_candidate_novel_annotation
HG02486#2	HLA-B	1	1	1		1	1	assembly_or_reference	DR_DQ_candidate_novel_annotation
HG02486#2	HLA-C	1	1	1		1	1	assembly_or_reference	DR_DQ_candidate_novel_annotation
HG02486#2	HLA-DRB1	1	1	1		1	1	assembly_or_reference	DR_DQ_candidate_novel_annotation
HG02486#2	HLA-DQA1	1	1	1		1	1	assembly_or_reference	DR_DQ_candidate_novel_annotation
HG02486#2	HLA-DQB1	1	1	1		1	1	assembly_or_reference	DR_DQ_candidate_novel_annotation
HG02486#2	HLA-DPA1	1	1	1		1	1	assembly_or_reference	DR_DQ_candidate_novel_annotation
HG02486#2	HLA-DPB1	1	1	1		1	1	assembly_or_reference	DR_DQ_candidate_novel_annotation
HG02486#2	HLA-DRB3	1	1	1		1	1	assembly_or_reference	DR_DQ_candidate_novel_annotation
HG02486#2	HLA-DRB4	1	0	0	no_gene_sequence_annotation_not_proven_absence	1	1	assembly_or_reference	DR_DQ_candidate_novel_annotation
HG02486#2	HLA-DRB5	1	0	0	no_gene_sequence_annotation_not_proven_absence	1	1	assembly_or_reference	DR_DQ_candidate_novel_annotation
HG02514#1	HLA-A	1	1	1		1	1	assembly_or_reference	DR_DQ_candidate_novel_annotation
HG02514#1	HLA-B	1	1	1		1	1	assembly_or_reference	DR_DQ_candidate_novel_annotation
HG02514#1	HLA-C	1	1	1		1	1	assembly_or_reference	DR_DQ_candidate_novel_annotation
HG02514#1	HLA-DRB1	1	1	1		1	1	assembly_or_reference	DR_DQ_candidate_novel_annotation
HG02514#1	HLA-DQA1	1	1	1		1	1	assembly_or_reference	DR_DQ_candidate_novel_annotation
HG02514#1	HLA-DQB1	1	1	1		1	1	assembly_or_reference	DR_DQ_candidate_novel_annotation
HG02514#1	HLA-DPA1	1	1	1		1	1	assembly_or_reference	DR_DQ_candidate_novel_annotation
HG02514#1	HLA-DPB1	1	1	1		1	1	assembly_or_reference	DR_DQ_candidate_novel_annotation
HG02514#1	HLA-DRB3	1	0	0	no_gene_sequence_annotation_not_proven_absence	1	1	assembly_or_reference	DR_DQ_candidate_novel_annotation
HG02514#1	HLA-DRB4	1	1	1		1	1	assembly_or_reference	DR_DQ_candidate_novel_annotation
HG02514#1	HLA-DRB5	1	0	0	no_gene_sequence_annotation_not_proven_absence	1	1	assembly_or_reference	DR_DQ_candidate_novel_annotation
HG02514#2	HLA-A	1	1	1		1	1	assembly_or_reference	DR_DQ_candidate_novel_annotation
HG02514#2	HLA-B	1	1	1		1	1	assembly_or_reference	DR_DQ_candidate_novel_annotation
HG02514#2	HLA-C	1	1	1		1	1	assembly_or_reference	DR_DQ_candidate_novel_annotation
HG02514#2	HLA-DRB1	1	1	1		1	1	assembly_or_reference	DR_DQ_candidate_novel_annotation
HG02514#2	HLA-DQA1	1	1	1		1	1	assembly_or_reference	DR_DQ_candidate_novel_annotation
HG02514#2	HLA-DQB1	1	1	1		1	1	assembly_or_reference	DR_DQ_candidate_novel_annotation
HG02514#2	HLA-DPA1	1	1	1		1	1	assembly_or_reference	DR_DQ_candidate_novel_annotation
HG02514#2	HLA-DPB1	1	1	1		1	1	assembly_or_reference	DR_DQ_candidate_novel_annotation
HG02514#2	HLA-DRB3	1	1	1		1	1	assembly_or_reference	DR_DQ_candidate_novel_annotation
HG02514#2	HLA-DRB4	1	0	0	no_gene_sequence_annotation_not_proven_absence	1	1	assembly_or_reference	DR_DQ_candidate_novel_annotation
HG02514#2	HLA-DRB5	1	0	0	no_gene_sequence_annotation_not_proven_absence	1	1	assembly_or_reference	DR_DQ_candidate_novel_annotation
HG02523#1	HLA-A	1	1	1		1	1	assembly_or_reference	downstream_graph_clipping_loss
HG02523#1	HLA-B	1	1	1		1	1	assembly_or_reference	downstream_graph_clipping_loss
HG02523#1	HLA-C	1	1	1		1	1	assembly_or_reference	downstream_graph_clipping_loss
HG02523#1	HLA-DRB1	1	1	1		1	1	assembly_or_reference	downstream_graph_clipping_loss
HG02523#1	HLA-DQA1	1	1	1		1	1	assembly_or_reference	downstream_graph_clipping_loss
HG02523#1	HLA-DQB1	1	1	1		1	1	assembly_or_reference	downstream_graph_clipping_loss
HG02523#1	HLA-DPA1	1	1	1		1	1	assembly_or_reference	downstream_graph_clipping_loss
HG02523#1	HLA-DPB1	1	1	1		1	1	assembly_or_reference	downstream_graph_clipping_loss
HG02523#1	HLA-DRB3	1	0	0	no_gene_sequence_annotation_not_proven_absence	1	1	assembly_or_reference	downstream_graph_clipping_loss
HG02523#1	HLA-DRB4	1	0	0	no_gene_sequence_annotation_not_proven_absence	1	1	assembly_or_reference	downstream_graph_clipping_loss
HG02523#1	HLA-DRB5	1	0	0	no_gene_sequence_annotation_not_proven_absence	1	1	assembly_or_reference	downstream_graph_clipping_loss
HG02523#2	HLA-A	1	1	1		1	1	assembly_or_reference	DR_DQ_candidate_novel_annotation;downstream_graph_clipping_loss
HG02523#2	HLA-B	1	1	1		1	1	assembly_or_reference	DR_DQ_candidate_novel_annotation;downstream_graph_clipping_loss
HG02523#2	HLA-C	1	1	1		1	1	assembly_or_reference	DR_DQ_candidate_novel_annotation;downstream_graph_clipping_loss
HG02523#2	HLA-DRB1	1	1	1		1	1	assembly_or_reference	DR_DQ_candidate_novel_annotation;downstream_graph_clipping_loss
HG02523#2	HLA-DQA1	1	1	1		1	1	assembly_or_reference	DR_DQ_candidate_novel_annotation;downstream_graph_clipping_loss
HG02523#2	HLA-DQB1	1	1	1		1	1	assembly_or_reference	DR_DQ_candidate_novel_annotation;downstream_graph_clipping_loss
HG02523#2	HLA-DPA1	1	1	1		1	1	assembly_or_reference	DR_DQ_candidate_novel_annotation;downstream_graph_clipping_loss
HG02523#2	HLA-DPB1	1	1	1		1	1	assembly_or_reference	DR_DQ_candidate_novel_annotation;downstream_graph_clipping_loss
HG02523#2	HLA-DRB3	1	0	0	no_gene_sequence_annotation_not_proven_absence	1	1	assembly_or_reference	DR_DQ_candidate_novel_annotation;downstream_graph_clipping_loss
HG02523#2	HLA-DRB4	1	1	1		1	1	assembly_or_reference	DR_DQ_candidate_novel_annotation;downstream_graph_clipping_loss
HG02523#2	HLA-DRB5	1	0	0	no_gene_sequence_annotation_not_proven_absence	1	1	assembly_or_reference	DR_DQ_candidate_novel_annotation;downstream_graph_clipping_loss
HG02559#1	HLA-A	1	1	1		1	1	assembly_or_reference	DR_DQ_candidate_novel_annotation
HG02559#1	HLA-B	1	1	1		1	1	assembly_or_reference	DR_DQ_candidate_novel_annotation
HG02559#1	HLA-C	1	1	1		1	1	assembly_or_reference	DR_DQ_candidate_novel_annotation
HG02559#1	HLA-DRB1	1	1	1		1	1	assembly_or_reference	DR_DQ_candidate_novel_annotation
HG02559#1	HLA-DQA1	1	1	1		1	1	assembly_or_reference	DR_DQ_candidate_novel_annotation
HG02559#1	HLA-DQB1	1	1	1		1	1	assembly_or_reference	DR_DQ_candidate_novel_annotation
HG02559#1	HLA-DPA1	1	1	1		1	1	assembly_or_reference	DR_DQ_candidate_novel_annotation
HG02559#1	HLA-DPB1	1	1	1		1	1	assembly_or_reference	DR_DQ_candidate_novel_annotation
HG02559#1	HLA-DRB3	1	0	0	no_gene_sequence_annotation_not_proven_absence	1	1	assembly_or_reference	DR_DQ_candidate_novel_annotation
HG02559#1	HLA-DRB4	1	1	1		1	1	assembly_or_reference	DR_DQ_candidate_novel_annotation
HG02559#1	HLA-DRB5	1	0	0	no_gene_sequence_annotation_not_proven_absence	1	1	assembly_or_reference	DR_DQ_candidate_novel_annotation
HG02559#2	HLA-A	1	1	1		1	1	assembly_or_reference	DR_DQ_candidate_novel_annotation
HG02559#2	HLA-B	1	1	1		1	1	assembly_or_reference	DR_DQ_candidate_novel_annotation
HG02559#2	HLA-C	1	1	1		1	1	assembly_or_reference	DR_DQ_candidate_novel_annotation
HG02559#2	HLA-DRB1	1	1	1		1	1	assembly_or_reference	DR_DQ_candidate_novel_annotation
HG02559#2	HLA-DQA1	1	1	1		1	1	assembly_or_reference	DR_DQ_candidate_novel_annotation
HG02559#2	HLA-DQB1	1	1	1		1	1	assembly_or_reference	DR_DQ_candidate_novel_annotation
HG02559#2	HLA-DPA1	1	1	1		1	1	assembly_or_reference	DR_DQ_candidate_novel_annotation
HG02559#2	HLA-DPB1	1	1	1		1	1	assembly_or_reference	DR_DQ_candidate_novel_annotation
HG02559#2	HLA-DRB3	1	1	1		1	1	assembly_or_reference	DR_DQ_candidate_novel_annotation
HG02559#2	HLA-DRB4	1	0	0	no_gene_sequence_annotation_not_proven_absence	1	1	assembly_or_reference	DR_DQ_candidate_novel_annotation
HG02559#2	HLA-DRB5	1	0	0	no_gene_sequence_annotation_not_proven_absence	1	1	assembly_or_reference	DR_DQ_candidate_novel_annotation
HG02572#1	HLA-A	1	1	1		1	1	assembly_or_reference	DR_DQ_candidate_novel_annotation
HG02572#1	HLA-B	1	1	1		1	1	assembly_or_reference	DR_DQ_candidate_novel_annotation
HG02572#1	HLA-C	1	1	1		1	1	assembly_or_reference	DR_DQ_candidate_novel_annotation
HG02572#1	HLA-DRB1	1	1	1		1	1	assembly_or_reference	DR_DQ_candidate_novel_annotation
HG02572#1	HLA-DQA1	1	1	1		1	1	assembly_or_reference	DR_DQ_candidate_novel_annotation
HG02572#1	HLA-DQB1	1	1	1		1	1	assembly_or_reference	DR_DQ_candidate_novel_annotation
HG02572#1	HLA-DPA1	1	1	1		1	1	assembly_or_reference	DR_DQ_candidate_novel_annotation
HG02572#1	HLA-DPB1	1	1	1		1	1	assembly_or_reference	DR_DQ_candidate_novel_annotation
HG02572#1	HLA-DRB3	1	1	1		1	1	assembly_or_reference	DR_DQ_candidate_novel_annotation
HG02572#1	HLA-DRB4	1	0	0	no_gene_sequence_annotation_not_proven_absence	1	1	assembly_or_reference	DR_DQ_candidate_novel_annotation
HG02572#1	HLA-DRB5	1	0	0	no_gene_sequence_annotation_not_proven_absence	1	1	assembly_or_reference	DR_DQ_candidate_novel_annotation
HG02572#2	HLA-A	1	1	1		1	1	assembly_or_reference	DR_DQ_candidate_novel_annotation;downstream_graph_clipping_loss
HG02572#2	HLA-B	1	1	1		1	1	assembly_or_reference	DR_DQ_candidate_novel_annotation;downstream_graph_clipping_loss
HG02572#2	HLA-C	1	1	1		1	1	assembly_or_reference	DR_DQ_candidate_novel_annotation;downstream_graph_clipping_loss
HG02572#2	HLA-DRB1	1	1	1		1	1	assembly_or_reference	DR_DQ_candidate_novel_annotation;downstream_graph_clipping_loss
HG02572#2	HLA-DQA1	1	1	1		1	1	assembly_or_reference	DR_DQ_candidate_novel_annotation;downstream_graph_clipping_loss
HG02572#2	HLA-DQB1	1	1	1		1	1	assembly_or_reference	DR_DQ_candidate_novel_annotation;downstream_graph_clipping_loss
HG02572#2	HLA-DPA1	1	1	1		1	1	assembly_or_reference	DR_DQ_candidate_novel_annotation;downstream_graph_clipping_loss
HG02572#2	HLA-DPB1	1	1	1		1	1	assembly_or_reference	DR_DQ_candidate_novel_annotation;downstream_graph_clipping_loss
HG02572#2	HLA-DRB3	1	1	1		1	1	assembly_or_reference	DR_DQ_candidate_novel_annotation;downstream_graph_clipping_loss
HG02572#2	HLA-DRB4	1	0	0	no_gene_sequence_annotation_not_proven_absence	1	1	assembly_or_reference	DR_DQ_candidate_novel_annotation;downstream_graph_clipping_loss
HG02572#2	HLA-DRB5	1	0	0	no_gene_sequence_annotation_not_proven_absence	1	1	assembly_or_reference	DR_DQ_candidate_novel_annotation;downstream_graph_clipping_loss
HG02583#1	HLA-A	1	1	1		1	1	assembly_or_reference	DR_DQ_candidate_novel_annotation
HG02583#1	HLA-B	1	1	1		1	1	assembly_or_reference	DR_DQ_candidate_novel_annotation
HG02583#1	HLA-C	1	1	1		1	1	assembly_or_reference	DR_DQ_candidate_novel_annotation
HG02583#1	HLA-DRB1	1	1	1		1	1	assembly_or_reference	DR_DQ_candidate_novel_annotation
HG02583#1	HLA-DQA1	1	1	1		1	1	assembly_or_reference	DR_DQ_candidate_novel_annotation
HG02583#1	HLA-DQB1	1	1	1		1	1	assembly_or_reference	DR_DQ_candidate_novel_annotation
HG02583#1	HLA-DPA1	1	1	1		1	1	assembly_or_reference	DR_DQ_candidate_novel_annotation
HG02583#1	HLA-DPB1	1	1	1		1	1	assembly_or_reference	DR_DQ_candidate_novel_annotation
HG02583#1	HLA-DRB3	1	0	0	no_gene_sequence_annotation_not_proven_absence	1	1	assembly_or_reference	DR_DQ_candidate_novel_annotation
HG02583#1	HLA-DRB4	1	0	0	no_gene_sequence_annotation_not_proven_absence	1	1	assembly_or_reference	DR_DQ_candidate_novel_annotation
HG02583#1	HLA-DRB5	1	0	0	no_gene_sequence_annotation_not_proven_absence	1	1	assembly_or_reference	DR_DQ_candidate_novel_annotation
HG02583#2	HLA-A	1	1	1		1	1	assembly_or_reference	
HG02583#2	HLA-B	1	1	1		1	1	assembly_or_reference	
HG02583#2	HLA-C	1	1	1		1	1	assembly_or_reference	
HG02583#2	HLA-DRB1	1	1	1		1	1	assembly_or_reference	
HG02583#2	HLA-DQA1	1	1	1		1	1	assembly_or_reference	
HG02583#2	HLA-DQB1	1	1	1		1	1	assembly_or_reference	
HG02583#2	HLA-DPA1	1	1	1		1	1	assembly_or_reference	
HG02583#2	HLA-DPB1	1	1	1		1	1	assembly_or_reference	
HG02583#2	HLA-DRB3	1	0	0	no_gene_sequence_annotation_not_proven_absence	1	1	assembly_or_reference	
HG02583#2	HLA-DRB4	1	0	0	no_gene_sequence_annotation_not_proven_absence	1	1	assembly_or_reference	
HG02583#2	HLA-DRB5	1	0	0	no_gene_sequence_annotation_not_proven_absence	1	1	assembly_or_reference	
HG02602#1	HLA-A	1	1	1		1	0	assembly_or_reference	
HG02602#1	HLA-B	1	1	1		1	0	assembly_or_reference	
HG02602#1	HLA-C	1	1	1		1	0	assembly_or_reference	
HG02602#1	HLA-DRB1	1	1	1		1	0	assembly_or_reference	
HG02602#1	HLA-DQA1	1	1	1		1	0	assembly_or_reference	
HG02602#1	HLA-DQB1	1	1	1		1	0	assembly_or_reference	
HG02602#1	HLA-DPA1	1	1	1		1	0	assembly_or_reference	
HG02602#1	HLA-DPB1	1	1	1		1	0	assembly_or_reference	
HG02602#1	HLA-DRB3	1	0	0	no_gene_sequence_annotation_not_proven_absence	1	0	assembly_or_reference	
HG02602#1	HLA-DRB4	1	1	0	cds_completeness_or_abnormality	1	0	assembly_or_reference	
HG02602#1	HLA-DRB5	1	0	0	no_gene_sequence_annotation_not_proven_absence	1	0	assembly_or_reference	
HG02602#2	HLA-A	1	1	1		1	1	assembly_or_reference	DR_DQ_candidate_novel_annotation;downstream_graph_clipping_loss
HG02602#2	HLA-B	1	1	1		1	1	assembly_or_reference	DR_DQ_candidate_novel_annotation;downstream_graph_clipping_loss
HG02602#2	HLA-C	1	1	1		1	1	assembly_or_reference	DR_DQ_candidate_novel_annotation;downstream_graph_clipping_loss
HG02602#2	HLA-DRB1	1	1	1		1	1	assembly_or_reference	DR_DQ_candidate_novel_annotation;downstream_graph_clipping_loss
HG02602#2	HLA-DQA1	1	1	1		1	1	assembly_or_reference	DR_DQ_candidate_novel_annotation;downstream_graph_clipping_loss
HG02602#2	HLA-DQB1	1	1	1		1	1	assembly_or_reference	DR_DQ_candidate_novel_annotation;downstream_graph_clipping_loss
HG02602#2	HLA-DPA1	1	1	1		1	1	assembly_or_reference	DR_DQ_candidate_novel_annotation;downstream_graph_clipping_loss
HG02602#2	HLA-DPB1	1	1	1		1	1	assembly_or_reference	DR_DQ_candidate_novel_annotation;downstream_graph_clipping_loss
HG02602#2	HLA-DRB3	1	1	1		1	1	assembly_or_reference	DR_DQ_candidate_novel_annotation;downstream_graph_clipping_loss
HG02602#2	HLA-DRB4	1	0	0	no_gene_sequence_annotation_not_proven_absence	1	1	assembly_or_reference	DR_DQ_candidate_novel_annotation;downstream_graph_clipping_loss
HG02602#2	HLA-DRB5	1	0	0	no_gene_sequence_annotation_not_proven_absence	1	1	assembly_or_reference	DR_DQ_candidate_novel_annotation;downstream_graph_clipping_loss
HG02615#1	HLA-A	1	1	1		1	1	assembly_or_reference	DR_DQ_candidate_novel_annotation
HG02615#1	HLA-B	1	1	1		1	1	assembly_or_reference	DR_DQ_candidate_novel_annotation
HG02615#1	HLA-C	1	1	1		1	1	assembly_or_reference	DR_DQ_candidate_novel_annotation
HG02615#1	HLA-DRB1	1	1	1		1	1	assembly_or_reference	DR_DQ_candidate_novel_annotation
HG02615#1	HLA-DQA1	1	1	1		1	1	assembly_or_reference	DR_DQ_candidate_novel_annotation
HG02615#1	HLA-DQB1	1	1	1		1	1	assembly_or_reference	DR_DQ_candidate_novel_annotation
HG02615#1	HLA-DPA1	1	1	1		1	1	assembly_or_reference	DR_DQ_candidate_novel_annotation
HG02615#1	HLA-DPB1	1	1	1		1	1	assembly_or_reference	DR_DQ_candidate_novel_annotation
HG02615#1	HLA-DRB3	1	1	1		1	1	assembly_or_reference	DR_DQ_candidate_novel_annotation
HG02615#1	HLA-DRB4	1	0	0	no_gene_sequence_annotation_not_proven_absence	1	1	assembly_or_reference	DR_DQ_candidate_novel_annotation
HG02615#1	HLA-DRB5	1	0	0	no_gene_sequence_annotation_not_proven_absence	1	1	assembly_or_reference	DR_DQ_candidate_novel_annotation
HG02615#2	HLA-A	1	1	1		1	1	assembly_or_reference	DR_DQ_candidate_novel_annotation
HG02615#2	HLA-B	1	1	1		1	1	assembly_or_reference	DR_DQ_candidate_novel_annotation
HG02615#2	HLA-C	1	1	1		1	1	assembly_or_reference	DR_DQ_candidate_novel_annotation
HG02615#2	HLA-DRB1	1	1	1		1	1	assembly_or_reference	DR_DQ_candidate_novel_annotation
HG02615#2	HLA-DQA1	1	1	1		1	1	assembly_or_reference	DR_DQ_candidate_novel_annotation
HG02615#2	HLA-DQB1	1	1	1		1	1	assembly_or_reference	DR_DQ_candidate_novel_annotation
HG02615#2	HLA-DPA1	1	1	1		1	1	assembly_or_reference	DR_DQ_candidate_novel_annotation
HG02615#2	HLA-DPB1	1	1	1		1	1	assembly_or_reference	DR_DQ_candidate_novel_annotation
HG02615#2	HLA-DRB3	1	1	1		1	1	assembly_or_reference	DR_DQ_candidate_novel_annotation
HG02615#2	HLA-DRB4	1	0	0	no_gene_sequence_annotation_not_proven_absence	1	1	assembly_or_reference	DR_DQ_candidate_novel_annotation
HG02615#2	HLA-DRB5	1	0	0	no_gene_sequence_annotation_not_proven_absence	1	1	assembly_or_reference	DR_DQ_candidate_novel_annotation
HG02622#1	HLA-A	1	1	1		1	1	assembly_or_reference	DR_DQ_candidate_novel_annotation;downstream_graph_clipping_loss
HG02622#1	HLA-B	1	1	1		1	1	assembly_or_reference	DR_DQ_candidate_novel_annotation;downstream_graph_clipping_loss
HG02622#1	HLA-C	1	1	1		1	1	assembly_or_reference	DR_DQ_candidate_novel_annotation;downstream_graph_clipping_loss
HG02622#1	HLA-DRB1	1	1	1		1	1	assembly_or_reference	DR_DQ_candidate_novel_annotation;downstream_graph_clipping_loss
HG02622#1	HLA-DQA1	1	1	1		1	1	assembly_or_reference	DR_DQ_candidate_novel_annotation;downstream_graph_clipping_loss
HG02622#1	HLA-DQB1	1	1	1		1	1	assembly_or_reference	DR_DQ_candidate_novel_annotation;downstream_graph_clipping_loss
HG02622#1	HLA-DPA1	1	1	1		1	1	assembly_or_reference	DR_DQ_candidate_novel_annotation;downstream_graph_clipping_loss
HG02622#1	HLA-DPB1	1	1	1		1	1	assembly_or_reference	DR_DQ_candidate_novel_annotation;downstream_graph_clipping_loss
HG02622#1	HLA-DRB3	1	0	0	no_gene_sequence_annotation_not_proven_absence	1	1	assembly_or_reference	DR_DQ_candidate_novel_annotation;downstream_graph_clipping_loss
HG02622#1	HLA-DRB4	1	1	1		1	1	assembly_or_reference	DR_DQ_candidate_novel_annotation;downstream_graph_clipping_loss
HG02622#1	HLA-DRB5	1	0	0	no_gene_sequence_annotation_not_proven_absence	1	1	assembly_or_reference	DR_DQ_candidate_novel_annotation;downstream_graph_clipping_loss
HG02622#2	HLA-A	1	1	1		1	1	assembly_or_reference	DR_DQ_candidate_novel_annotation;downstream_graph_clipping_loss
HG02622#2	HLA-B	1	1	1		1	1	assembly_or_reference	DR_DQ_candidate_novel_annotation;downstream_graph_clipping_loss
HG02622#2	HLA-C	1	1	1		1	1	assembly_or_reference	DR_DQ_candidate_novel_annotation;downstream_graph_clipping_loss
HG02622#2	HLA-DRB1	1	1	1		1	1	assembly_or_reference	DR_DQ_candidate_novel_annotation;downstream_graph_clipping_loss
HG02622#2	HLA-DQA1	1	1	1		1	1	assembly_or_reference	DR_DQ_candidate_novel_annotation;downstream_graph_clipping_loss
HG02622#2	HLA-DQB1	1	1	1		1	1	assembly_or_reference	DR_DQ_candidate_novel_annotation;downstream_graph_clipping_loss
HG02622#2	HLA-DPA1	1	1	1		1	1	assembly_or_reference	DR_DQ_candidate_novel_annotation;downstream_graph_clipping_loss
HG02622#2	HLA-DPB1	1	1	1		1	1	assembly_or_reference	DR_DQ_candidate_novel_annotation;downstream_graph_clipping_loss
HG02622#2	HLA-DRB3	1	0	0	no_gene_sequence_annotation_not_proven_absence	1	1	assembly_or_reference	DR_DQ_candidate_novel_annotation;downstream_graph_clipping_loss
HG02622#2	HLA-DRB4	1	1	1		1	1	assembly_or_reference	DR_DQ_candidate_novel_annotation;downstream_graph_clipping_loss
HG02622#2	HLA-DRB5	1	0	0	no_gene_sequence_annotation_not_proven_absence	1	1	assembly_or_reference	DR_DQ_candidate_novel_annotation;downstream_graph_clipping_loss
HG02630#1	HLA-A	1	1	1		1	1	assembly_or_reference	
HG02630#1	HLA-B	1	1	1		1	1	assembly_or_reference	
HG02630#1	HLA-C	1	1	1		1	1	assembly_or_reference	
HG02630#1	HLA-DRB1	1	1	1		1	1	assembly_or_reference	
HG02630#1	HLA-DQA1	1	1	1		1	1	assembly_or_reference	
HG02630#1	HLA-DQB1	1	1	1		1	1	assembly_or_reference	
HG02630#1	HLA-DPA1	1	1	1		1	1	assembly_or_reference	
HG02630#1	HLA-DPB1	1	1	1		1	1	assembly_or_reference	
HG02630#1	HLA-DRB3	1	0	0	no_gene_sequence_annotation_not_proven_absence	1	1	assembly_or_reference	
HG02630#1	HLA-DRB4	1	1	1		1	1	assembly_or_reference	
HG02630#1	HLA-DRB5	1	0	0	no_gene_sequence_annotation_not_proven_absence	1	1	assembly_or_reference	
HG02630#2	HLA-A	1	1	1		1	1	assembly_or_reference	DR_DQ_candidate_novel_annotation
HG02630#2	HLA-B	1	1	1		1	1	assembly_or_reference	DR_DQ_candidate_novel_annotation
HG02630#2	HLA-C	1	1	1		1	1	assembly_or_reference	DR_DQ_candidate_novel_annotation
HG02630#2	HLA-DRB1	1	1	1		1	1	assembly_or_reference	DR_DQ_candidate_novel_annotation
HG02630#2	HLA-DQA1	1	1	1		1	1	assembly_or_reference	DR_DQ_candidate_novel_annotation
HG02630#2	HLA-DQB1	1	1	1		1	1	assembly_or_reference	DR_DQ_candidate_novel_annotation
HG02630#2	HLA-DPA1	1	1	1		1	1	assembly_or_reference	DR_DQ_candidate_novel_annotation
HG02630#2	HLA-DPB1	1	1	1		1	1	assembly_or_reference	DR_DQ_candidate_novel_annotation
HG02630#2	HLA-DRB3	1	0	0	no_gene_sequence_annotation_not_proven_absence	1	1	assembly_or_reference	DR_DQ_candidate_novel_annotation
HG02630#2	HLA-DRB4	1	1	1		1	1	assembly_or_reference	DR_DQ_candidate_novel_annotation
HG02630#2	HLA-DRB5	1	0	0	no_gene_sequence_annotation_not_proven_absence	1	1	assembly_or_reference	DR_DQ_candidate_novel_annotation
HG02647#1	HLA-A	1	1	1		1	1	assembly_or_reference	DR_DQ_candidate_novel_annotation
HG02647#1	HLA-B	1	1	1		1	1	assembly_or_reference	DR_DQ_candidate_novel_annotation
HG02647#1	HLA-C	1	1	1		1	1	assembly_or_reference	DR_DQ_candidate_novel_annotation
HG02647#1	HLA-DRB1	1	1	1		1	1	assembly_or_reference	DR_DQ_candidate_novel_annotation
HG02647#1	HLA-DQA1	1	1	1		1	1	assembly_or_reference	DR_DQ_candidate_novel_annotation
HG02647#1	HLA-DQB1	1	1	1		1	1	assembly_or_reference	DR_DQ_candidate_novel_annotation
HG02647#1	HLA-DPA1	1	1	1		1	1	assembly_or_reference	DR_DQ_candidate_novel_annotation
HG02647#1	HLA-DPB1	1	1	1		1	1	assembly_or_reference	DR_DQ_candidate_novel_annotation
HG02647#1	HLA-DRB3	1	1	1		1	1	assembly_or_reference	DR_DQ_candidate_novel_annotation
HG02647#1	HLA-DRB4	1	0	0	no_gene_sequence_annotation_not_proven_absence	1	1	assembly_or_reference	DR_DQ_candidate_novel_annotation
HG02647#1	HLA-DRB5	1	0	0	no_gene_sequence_annotation_not_proven_absence	1	1	assembly_or_reference	DR_DQ_candidate_novel_annotation
HG02647#2	HLA-A	1	1	1		1	1	assembly_or_reference	
HG02647#2	HLA-B	1	1	1		1	1	assembly_or_reference	
HG02647#2	HLA-C	1	1	1		1	1	assembly_or_reference	
HG02647#2	HLA-DRB1	1	1	1		1	1	assembly_or_reference	
HG02647#2	HLA-DQA1	1	1	1		1	1	assembly_or_reference	
HG02647#2	HLA-DQB1	1	1	1		1	1	assembly_or_reference	
HG02647#2	HLA-DPA1	1	1	1		1	1	assembly_or_reference	
HG02647#2	HLA-DPB1	1	1	1		1	1	assembly_or_reference	
HG02647#2	HLA-DRB3	1	0	0	no_gene_sequence_annotation_not_proven_absence	1	1	assembly_or_reference	
HG02647#2	HLA-DRB4	1	1	1		1	1	assembly_or_reference	
HG02647#2	HLA-DRB5	1	0	0	no_gene_sequence_annotation_not_proven_absence	1	1	assembly_or_reference	
HG02668#1	HLA-A	1	1	1		1	1	assembly_or_reference	DR_DQ_candidate_novel_annotation
HG02668#1	HLA-B	1	1	1		1	1	assembly_or_reference	DR_DQ_candidate_novel_annotation
HG02668#1	HLA-C	1	1	1		1	1	assembly_or_reference	DR_DQ_candidate_novel_annotation
HG02668#1	HLA-DRB1	1	1	1		1	1	assembly_or_reference	DR_DQ_candidate_novel_annotation
HG02668#1	HLA-DQA1	1	1	1		1	1	assembly_or_reference	DR_DQ_candidate_novel_annotation
HG02668#1	HLA-DQB1	1	1	1		1	1	assembly_or_reference	DR_DQ_candidate_novel_annotation
HG02668#1	HLA-DPA1	1	1	1		1	1	assembly_or_reference	DR_DQ_candidate_novel_annotation
HG02668#1	HLA-DPB1	1	1	1		1	1	assembly_or_reference	DR_DQ_candidate_novel_annotation
HG02668#1	HLA-DRB3	1	1	1		1	1	assembly_or_reference	DR_DQ_candidate_novel_annotation
HG02668#1	HLA-DRB4	1	0	0	no_gene_sequence_annotation_not_proven_absence	1	1	assembly_or_reference	DR_DQ_candidate_novel_annotation
HG02668#1	HLA-DRB5	1	0	0	no_gene_sequence_annotation_not_proven_absence	1	1	assembly_or_reference	DR_DQ_candidate_novel_annotation
HG02668#2	HLA-A	1	1	1		1	1	assembly_or_reference	DR_DQ_candidate_novel_annotation
HG02668#2	HLA-B	1	1	1		1	1	assembly_or_reference	DR_DQ_candidate_novel_annotation
HG02668#2	HLA-C	1	1	1		1	1	assembly_or_reference	DR_DQ_candidate_novel_annotation
HG02668#2	HLA-DRB1	1	1	1		1	1	assembly_or_reference	DR_DQ_candidate_novel_annotation
HG02668#2	HLA-DQA1	1	1	1		1	1	assembly_or_reference	DR_DQ_candidate_novel_annotation
HG02668#2	HLA-DQB1	1	1	1		1	1	assembly_or_reference	DR_DQ_candidate_novel_annotation
HG02668#2	HLA-DPA1	1	1	1		1	1	assembly_or_reference	DR_DQ_candidate_novel_annotation
HG02668#2	HLA-DPB1	1	1	1		1	1	assembly_or_reference	DR_DQ_candidate_novel_annotation
HG02668#2	HLA-DRB3	1	1	1		1	1	assembly_or_reference	DR_DQ_candidate_novel_annotation
HG02668#2	HLA-DRB4	1	0	0	no_gene_sequence_annotation_not_proven_absence	1	1	assembly_or_reference	DR_DQ_candidate_novel_annotation
HG02668#2	HLA-DRB5	1	0	0	no_gene_sequence_annotation_not_proven_absence	1	1	assembly_or_reference	DR_DQ_candidate_novel_annotation
HG02698#1	HLA-A	1	1	1		1	1	assembly_or_reference	
HG02698#1	HLA-B	1	1	1		1	1	assembly_or_reference	
HG02698#1	HLA-C	1	1	1		1	1	assembly_or_reference	
HG02698#1	HLA-DRB1	1	1	1		1	1	assembly_or_reference	
HG02698#1	HLA-DQA1	1	1	1		1	1	assembly_or_reference	
HG02698#1	HLA-DQB1	1	1	1		1	1	assembly_or_reference	
HG02698#1	HLA-DPA1	1	1	1		1	1	assembly_or_reference	
HG02698#1	HLA-DPB1	1	1	1		1	1	assembly_or_reference	
HG02698#1	HLA-DRB3	1	0	0	no_gene_sequence_annotation_not_proven_absence	1	1	assembly_or_reference	
HG02698#1	HLA-DRB4	1	0	0	no_gene_sequence_annotation_not_proven_absence	1	1	assembly_or_reference	
HG02698#1	HLA-DRB5	1	1	1		1	1	assembly_or_reference	
HG02698#2	HLA-A	1	1	1		1	0	assembly_or_reference	DR_DQ_candidate_novel_annotation
HG02698#2	HLA-B	1	1	1		1	0	assembly_or_reference	DR_DQ_candidate_novel_annotation
HG02698#2	HLA-C	1	1	1		1	0	assembly_or_reference	DR_DQ_candidate_novel_annotation
HG02698#2	HLA-DRB1	1	1	1		1	0	assembly_or_reference	DR_DQ_candidate_novel_annotation
HG02698#2	HLA-DQA1	1	1	1		1	0	assembly_or_reference	DR_DQ_candidate_novel_annotation
HG02698#2	HLA-DQB1	1	1	1		1	0	assembly_or_reference	DR_DQ_candidate_novel_annotation
HG02698#2	HLA-DPA1	1	1	1		1	0	assembly_or_reference	DR_DQ_candidate_novel_annotation
HG02698#2	HLA-DPB1	1	1	0	no_current_exact_cds_match	1	0	assembly_or_reference	DR_DQ_candidate_novel_annotation
HG02698#2	HLA-DRB3	1	1	1		1	0	assembly_or_reference	DR_DQ_candidate_novel_annotation
HG02698#2	HLA-DRB4	1	0	0	no_gene_sequence_annotation_not_proven_absence	1	0	assembly_or_reference	DR_DQ_candidate_novel_annotation
HG02698#2	HLA-DRB5	1	0	0	no_gene_sequence_annotation_not_proven_absence	1	0	assembly_or_reference	DR_DQ_candidate_novel_annotation
HG02717#1	HLA-A	1	1	1		1	1	assembly_or_reference	DR_DQ_candidate_novel_annotation
HG02717#1	HLA-B	1	1	1		1	1	assembly_or_reference	DR_DQ_candidate_novel_annotation
HG02717#1	HLA-C	1	1	1		1	1	assembly_or_reference	DR_DQ_candidate_novel_annotation
HG02717#1	HLA-DRB1	1	1	1		1	1	assembly_or_reference	DR_DQ_candidate_novel_annotation
HG02717#1	HLA-DQA1	1	1	1		1	1	assembly_or_reference	DR_DQ_candidate_novel_annotation
HG02717#1	HLA-DQB1	1	1	1		1	1	assembly_or_reference	DR_DQ_candidate_novel_annotation
HG02717#1	HLA-DPA1	1	1	1		1	1	assembly_or_reference	DR_DQ_candidate_novel_annotation
HG02717#1	HLA-DPB1	1	1	1		1	1	assembly_or_reference	DR_DQ_candidate_novel_annotation
HG02717#1	HLA-DRB3	1	1	1		1	1	assembly_or_reference	DR_DQ_candidate_novel_annotation
HG02717#1	HLA-DRB4	1	0	0	no_gene_sequence_annotation_not_proven_absence	1	1	assembly_or_reference	DR_DQ_candidate_novel_annotation
HG02717#1	HLA-DRB5	1	0	0	no_gene_sequence_annotation_not_proven_absence	1	1	assembly_or_reference	DR_DQ_candidate_novel_annotation
HG02717#2	HLA-A	1	1	1		1	1	assembly_or_reference	DR_DQ_candidate_novel_annotation
HG02717#2	HLA-B	1	1	1		1	1	assembly_or_reference	DR_DQ_candidate_novel_annotation
HG02717#2	HLA-C	1	1	1		1	1	assembly_or_reference	DR_DQ_candidate_novel_annotation
HG02717#2	HLA-DRB1	1	1	1		1	1	assembly_or_reference	DR_DQ_candidate_novel_annotation
HG02717#2	HLA-DQA1	1	1	1		1	1	assembly_or_reference	DR_DQ_candidate_novel_annotation
HG02717#2	HLA-DQB1	1	1	1		1	1	assembly_or_reference	DR_DQ_candidate_novel_annotation
HG02717#2	HLA-DPA1	1	1	1		1	1	assembly_or_reference	DR_DQ_candidate_novel_annotation
HG02717#2	HLA-DPB1	1	1	1		1	1	assembly_or_reference	DR_DQ_candidate_novel_annotation
HG02717#2	HLA-DRB3	1	0	0	no_gene_sequence_annotation_not_proven_absence	1	1	assembly_or_reference	DR_DQ_candidate_novel_annotation
HG02717#2	HLA-DRB4	1	1	1		1	1	assembly_or_reference	DR_DQ_candidate_novel_annotation
HG02717#2	HLA-DRB5	1	0	0	no_gene_sequence_annotation_not_proven_absence	1	1	assembly_or_reference	DR_DQ_candidate_novel_annotation
HG02723#1	HLA-A	1	1	1		1	1	assembly_or_reference	DR_DQ_candidate_novel_annotation
HG02723#1	HLA-B	1	1	1		1	1	assembly_or_reference	DR_DQ_candidate_novel_annotation
HG02723#1	HLA-C	1	1	1		1	1	assembly_or_reference	DR_DQ_candidate_novel_annotation
HG02723#1	HLA-DRB1	1	1	1		1	1	assembly_or_reference	DR_DQ_candidate_novel_annotation
HG02723#1	HLA-DQA1	1	1	1		1	1	assembly_or_reference	DR_DQ_candidate_novel_annotation
HG02723#1	HLA-DQB1	1	1	1		1	1	assembly_or_reference	DR_DQ_candidate_novel_annotation
HG02723#1	HLA-DPA1	1	1	1		1	1	assembly_or_reference	DR_DQ_candidate_novel_annotation
HG02723#1	HLA-DPB1	1	1	1		1	1	assembly_or_reference	DR_DQ_candidate_novel_annotation
HG02723#1	HLA-DRB3	1	1	1		1	1	assembly_or_reference	DR_DQ_candidate_novel_annotation
HG02723#1	HLA-DRB4	1	0	0	no_gene_sequence_annotation_not_proven_absence	1	1	assembly_or_reference	DR_DQ_candidate_novel_annotation
HG02723#1	HLA-DRB5	1	0	0	no_gene_sequence_annotation_not_proven_absence	1	1	assembly_or_reference	DR_DQ_candidate_novel_annotation
HG02723#2	HLA-A	1	1	1		1	1	assembly_or_reference	DR_DQ_candidate_novel_annotation;downstream_graph_clipping_loss
HG02723#2	HLA-B	1	1	1		1	1	assembly_or_reference	DR_DQ_candidate_novel_annotation;downstream_graph_clipping_loss
HG02723#2	HLA-C	1	1	1		1	1	assembly_or_reference	DR_DQ_candidate_novel_annotation;downstream_graph_clipping_loss
HG02723#2	HLA-DRB1	1	1	1		1	1	assembly_or_reference	DR_DQ_candidate_novel_annotation;downstream_graph_clipping_loss
HG02723#2	HLA-DQA1	1	1	1		1	1	assembly_or_reference	DR_DQ_candidate_novel_annotation;downstream_graph_clipping_loss
HG02723#2	HLA-DQB1	1	1	1		1	1	assembly_or_reference	DR_DQ_candidate_novel_annotation;downstream_graph_clipping_loss
HG02723#2	HLA-DPA1	1	1	1		1	1	assembly_or_reference	DR_DQ_candidate_novel_annotation;downstream_graph_clipping_loss
HG02723#2	HLA-DPB1	1	1	1		1	1	assembly_or_reference	DR_DQ_candidate_novel_annotation;downstream_graph_clipping_loss
HG02723#2	HLA-DRB3	1	0	0	no_gene_sequence_annotation_not_proven_absence	1	1	assembly_or_reference	DR_DQ_candidate_novel_annotation;downstream_graph_clipping_loss
HG02723#2	HLA-DRB4	1	1	1		1	1	assembly_or_reference	DR_DQ_candidate_novel_annotation;downstream_graph_clipping_loss
HG02723#2	HLA-DRB5	1	0	0	no_gene_sequence_annotation_not_proven_absence	1	1	assembly_or_reference	DR_DQ_candidate_novel_annotation;downstream_graph_clipping_loss
HG02735#1	HLA-A	1	1	1		1	1	assembly_or_reference	DR_DQ_candidate_novel_annotation
HG02735#1	HLA-B	1	1	1		1	1	assembly_or_reference	DR_DQ_candidate_novel_annotation
HG02735#1	HLA-C	1	1	1		1	1	assembly_or_reference	DR_DQ_candidate_novel_annotation
HG02735#1	HLA-DRB1	1	1	1		1	1	assembly_or_reference	DR_DQ_candidate_novel_annotation
HG02735#1	HLA-DQA1	1	1	1		1	1	assembly_or_reference	DR_DQ_candidate_novel_annotation
HG02735#1	HLA-DQB1	1	1	1		1	1	assembly_or_reference	DR_DQ_candidate_novel_annotation
HG02735#1	HLA-DPA1	1	1	1		1	1	assembly_or_reference	DR_DQ_candidate_novel_annotation
HG02735#1	HLA-DPB1	1	1	1		1	1	assembly_or_reference	DR_DQ_candidate_novel_annotation
HG02735#1	HLA-DRB3	1	0	0	no_gene_sequence_annotation_not_proven_absence	1	1	assembly_or_reference	DR_DQ_candidate_novel_annotation
HG02735#1	HLA-DRB4	1	1	1		1	1	assembly_or_reference	DR_DQ_candidate_novel_annotation
HG02735#1	HLA-DRB5	1	0	0	no_gene_sequence_annotation_not_proven_absence	1	1	assembly_or_reference	DR_DQ_candidate_novel_annotation
HG02735#2	HLA-A	1	1	1		1	1	assembly_or_reference	
HG02735#2	HLA-B	1	1	1		1	1	assembly_or_reference	
HG02735#2	HLA-C	1	1	1		1	1	assembly_or_reference	
HG02735#2	HLA-DRB1	1	1	1		1	1	assembly_or_reference	
HG02735#2	HLA-DQA1	1	1	1		1	1	assembly_or_reference	
HG02735#2	HLA-DQB1	1	1	1		1	1	assembly_or_reference	
HG02735#2	HLA-DPA1	1	1	1		1	1	assembly_or_reference	
HG02735#2	HLA-DPB1	1	1	1		1	1	assembly_or_reference	
HG02735#2	HLA-DRB3	1	1	1		1	1	assembly_or_reference	
HG02735#2	HLA-DRB4	1	0	0	no_gene_sequence_annotation_not_proven_absence	1	1	assembly_or_reference	
HG02735#2	HLA-DRB5	1	0	0	no_gene_sequence_annotation_not_proven_absence	1	1	assembly_or_reference	
HG02738#1	HLA-A	1	1	1		1	1	assembly_or_reference	
HG02738#1	HLA-B	1	1	1		1	1	assembly_or_reference	
HG02738#1	HLA-C	1	1	1		1	1	assembly_or_reference	
HG02738#1	HLA-DRB1	1	1	1		1	1	assembly_or_reference	
HG02738#1	HLA-DQA1	1	1	1		1	1	assembly_or_reference	
HG02738#1	HLA-DQB1	1	1	1		1	1	assembly_or_reference	
HG02738#1	HLA-DPA1	1	1	1		1	1	assembly_or_reference	
HG02738#1	HLA-DPB1	1	1	1		1	1	assembly_or_reference	
HG02738#1	HLA-DRB3	1	1	1		1	1	assembly_or_reference	
HG02738#1	HLA-DRB4	1	0	0	no_gene_sequence_annotation_not_proven_absence	1	1	assembly_or_reference	
HG02738#1	HLA-DRB5	1	0	0	no_gene_sequence_annotation_not_proven_absence	1	1	assembly_or_reference	
HG02738#2	HLA-A	1	1	1		1	1	assembly_or_reference	
HG02738#2	HLA-B	1	1	1		1	1	assembly_or_reference	
HG02738#2	HLA-C	1	1	1		1	1	assembly_or_reference	
HG02738#2	HLA-DRB1	1	1	1		1	1	assembly_or_reference	
HG02738#2	HLA-DQA1	1	1	1		1	1	assembly_or_reference	
HG02738#2	HLA-DQB1	1	1	1		1	1	assembly_or_reference	
HG02738#2	HLA-DPA1	1	1	1		1	1	assembly_or_reference	
HG02738#2	HLA-DPB1	1	1	1		1	1	assembly_or_reference	
HG02738#2	HLA-DRB3	1	1	1		1	1	assembly_or_reference	
HG02738#2	HLA-DRB4	1	0	0	no_gene_sequence_annotation_not_proven_absence	1	1	assembly_or_reference	
HG02738#2	HLA-DRB5	1	0	0	no_gene_sequence_annotation_not_proven_absence	1	1	assembly_or_reference	
HG02809#1	HLA-A	1	1	1		1	1	assembly_or_reference	DR_DQ_candidate_novel_annotation
HG02809#1	HLA-B	1	1	1		1	1	assembly_or_reference	DR_DQ_candidate_novel_annotation
HG02809#1	HLA-C	1	1	1		1	1	assembly_or_reference	DR_DQ_candidate_novel_annotation
HG02809#1	HLA-DRB1	1	1	1		1	1	assembly_or_reference	DR_DQ_candidate_novel_annotation
HG02809#1	HLA-DQA1	1	1	1		1	1	assembly_or_reference	DR_DQ_candidate_novel_annotation
HG02809#1	HLA-DQB1	1	1	1		1	1	assembly_or_reference	DR_DQ_candidate_novel_annotation
HG02809#1	HLA-DPA1	1	1	1		1	1	assembly_or_reference	DR_DQ_candidate_novel_annotation
HG02809#1	HLA-DPB1	1	1	1		1	1	assembly_or_reference	DR_DQ_candidate_novel_annotation
HG02809#1	HLA-DRB3	1	1	1		1	1	assembly_or_reference	DR_DQ_candidate_novel_annotation
HG02809#1	HLA-DRB4	1	0	0	no_gene_sequence_annotation_not_proven_absence	1	1	assembly_or_reference	DR_DQ_candidate_novel_annotation
HG02809#1	HLA-DRB5	1	0	0	no_gene_sequence_annotation_not_proven_absence	1	1	assembly_or_reference	DR_DQ_candidate_novel_annotation
HG02809#2	HLA-A	1	1	1		1	1	assembly_or_reference	DR_DQ_candidate_novel_annotation
HG02809#2	HLA-B	1	1	1		1	1	assembly_or_reference	DR_DQ_candidate_novel_annotation
HG02809#2	HLA-C	1	1	1		1	1	assembly_or_reference	DR_DQ_candidate_novel_annotation
HG02809#2	HLA-DRB1	1	1	1		1	1	assembly_or_reference	DR_DQ_candidate_novel_annotation
HG02809#2	HLA-DQA1	1	1	1		1	1	assembly_or_reference	DR_DQ_candidate_novel_annotation
HG02809#2	HLA-DQB1	1	1	1		1	1	assembly_or_reference	DR_DQ_candidate_novel_annotation
HG02809#2	HLA-DPA1	1	1	1		1	1	assembly_or_reference	DR_DQ_candidate_novel_annotation
HG02809#2	HLA-DPB1	1	1	1		1	1	assembly_or_reference	DR_DQ_candidate_novel_annotation
HG02809#2	HLA-DRB3	1	0	0	no_gene_sequence_annotation_not_proven_absence	1	1	assembly_or_reference	DR_DQ_candidate_novel_annotation
HG02809#2	HLA-DRB4	1	1	1		1	1	assembly_or_reference	DR_DQ_candidate_novel_annotation
HG02809#2	HLA-DRB5	1	0	0	no_gene_sequence_annotation_not_proven_absence	1	1	assembly_or_reference	DR_DQ_candidate_novel_annotation
HG02818#1	HLA-A	1	1	1		1	1	assembly_or_reference	DR_DQ_candidate_novel_annotation
HG02818#1	HLA-B	1	1	1		1	1	assembly_or_reference	DR_DQ_candidate_novel_annotation
HG02818#1	HLA-C	1	1	1		1	1	assembly_or_reference	DR_DQ_candidate_novel_annotation
HG02818#1	HLA-DRB1	1	1	1		1	1	assembly_or_reference	DR_DQ_candidate_novel_annotation
HG02818#1	HLA-DQA1	1	1	1		1	1	assembly_or_reference	DR_DQ_candidate_novel_annotation
HG02818#1	HLA-DQB1	1	1	1		1	1	assembly_or_reference	DR_DQ_candidate_novel_annotation
HG02818#1	HLA-DPA1	1	1	1		1	1	assembly_or_reference	DR_DQ_candidate_novel_annotation
HG02818#1	HLA-DPB1	1	1	1		1	1	assembly_or_reference	DR_DQ_candidate_novel_annotation
HG02818#1	HLA-DRB3	1	1	1		1	1	assembly_or_reference	DR_DQ_candidate_novel_annotation
HG02818#1	HLA-DRB4	1	0	0	no_gene_sequence_annotation_not_proven_absence	1	1	assembly_or_reference	DR_DQ_candidate_novel_annotation
HG02818#1	HLA-DRB5	1	0	0	no_gene_sequence_annotation_not_proven_absence	1	1	assembly_or_reference	DR_DQ_candidate_novel_annotation
HG02818#2	HLA-A	1	1	1		1	0	assembly_or_reference	DR_DQ_candidate_novel_annotation
HG02818#2	HLA-B	1	1	1		1	0	assembly_or_reference	DR_DQ_candidate_novel_annotation
HG02818#2	HLA-C	1	1	1		1	0	assembly_or_reference	DR_DQ_candidate_novel_annotation
HG02818#2	HLA-DRB1	1	1	1		1	0	assembly_or_reference	DR_DQ_candidate_novel_annotation
HG02818#2	HLA-DQA1	1	1	1		1	0	assembly_or_reference	DR_DQ_candidate_novel_annotation
HG02818#2	HLA-DQB1	1	1	1		1	0	assembly_or_reference	DR_DQ_candidate_novel_annotation
HG02818#2	HLA-DPA1	1	1	0	cds_completeness_or_abnormality	1	0	assembly_or_reference	DR_DQ_candidate_novel_annotation
HG02818#2	HLA-DPB1	1	1	1		1	0	assembly_or_reference	DR_DQ_candidate_novel_annotation
HG02818#2	HLA-DRB3	1	1	1		1	0	assembly_or_reference	DR_DQ_candidate_novel_annotation
HG02818#2	HLA-DRB4	1	0	0	no_gene_sequence_annotation_not_proven_absence	1	0	assembly_or_reference	DR_DQ_candidate_novel_annotation
HG02818#2	HLA-DRB5	1	0	0	no_gene_sequence_annotation_not_proven_absence	1	0	assembly_or_reference	DR_DQ_candidate_novel_annotation
HG02841#1	HLA-A	1	1	1		1	1	assembly_or_reference	DR_DQ_candidate_novel_annotation
HG02841#1	HLA-B	1	1	1		1	1	assembly_or_reference	DR_DQ_candidate_novel_annotation
HG02841#1	HLA-C	1	1	1		1	1	assembly_or_reference	DR_DQ_candidate_novel_annotation
HG02841#1	HLA-DRB1	1	1	1		1	1	assembly_or_reference	DR_DQ_candidate_novel_annotation
HG02841#1	HLA-DQA1	1	1	1		1	1	assembly_or_reference	DR_DQ_candidate_novel_annotation
HG02841#1	HLA-DQB1	1	1	1		1	1	assembly_or_reference	DR_DQ_candidate_novel_annotation
HG02841#1	HLA-DPA1	1	1	1		1	1	assembly_or_reference	DR_DQ_candidate_novel_annotation
HG02841#1	HLA-DPB1	1	1	1		1	1	assembly_or_reference	DR_DQ_candidate_novel_annotation
HG02841#1	HLA-DRB3	1	1	1		1	1	assembly_or_reference	DR_DQ_candidate_novel_annotation
HG02841#1	HLA-DRB4	1	0	0	no_gene_sequence_annotation_not_proven_absence	1	1	assembly_or_reference	DR_DQ_candidate_novel_annotation
HG02841#1	HLA-DRB5	1	0	0	no_gene_sequence_annotation_not_proven_absence	1	1	assembly_or_reference	DR_DQ_candidate_novel_annotation
HG02841#2	HLA-A	1	1	1		1	1	assembly_or_reference	DR_DQ_candidate_novel_annotation;downstream_graph_clipping_loss
HG02841#2	HLA-B	1	1	1		1	1	assembly_or_reference	DR_DQ_candidate_novel_annotation;downstream_graph_clipping_loss
HG02841#2	HLA-C	1	1	1		1	1	assembly_or_reference	DR_DQ_candidate_novel_annotation;downstream_graph_clipping_loss
HG02841#2	HLA-DRB1	1	1	1		1	1	assembly_or_reference	DR_DQ_candidate_novel_annotation;downstream_graph_clipping_loss
HG02841#2	HLA-DQA1	1	1	1		1	1	assembly_or_reference	DR_DQ_candidate_novel_annotation;downstream_graph_clipping_loss
HG02841#2	HLA-DQB1	1	1	1		1	1	assembly_or_reference	DR_DQ_candidate_novel_annotation;downstream_graph_clipping_loss
HG02841#2	HLA-DPA1	1	1	1		1	1	assembly_or_reference	DR_DQ_candidate_novel_annotation;downstream_graph_clipping_loss
HG02841#2	HLA-DPB1	1	1	1		1	1	assembly_or_reference	DR_DQ_candidate_novel_annotation;downstream_graph_clipping_loss
HG02841#2	HLA-DRB3	1	0	0	no_gene_sequence_annotation_not_proven_absence	1	1	assembly_or_reference	DR_DQ_candidate_novel_annotation;downstream_graph_clipping_loss
HG02841#2	HLA-DRB4	1	1	1		1	1	assembly_or_reference	DR_DQ_candidate_novel_annotation;downstream_graph_clipping_loss
HG02841#2	HLA-DRB5	1	0	0	no_gene_sequence_annotation_not_proven_absence	1	1	assembly_or_reference	DR_DQ_candidate_novel_annotation;downstream_graph_clipping_loss
HG02886#1	HLA-A	1	1	1		1	1	assembly_or_reference	DR_DQ_candidate_novel_annotation;downstream_graph_clipping_loss
HG02886#1	HLA-B	1	1	1		1	1	assembly_or_reference	DR_DQ_candidate_novel_annotation;downstream_graph_clipping_loss
HG02886#1	HLA-C	1	1	1		1	1	assembly_or_reference	DR_DQ_candidate_novel_annotation;downstream_graph_clipping_loss
HG02886#1	HLA-DRB1	1	1	1		1	1	assembly_or_reference	DR_DQ_candidate_novel_annotation;downstream_graph_clipping_loss
HG02886#1	HLA-DQA1	1	1	1		1	1	assembly_or_reference	DR_DQ_candidate_novel_annotation;downstream_graph_clipping_loss
HG02886#1	HLA-DQB1	1	1	1		1	1	assembly_or_reference	DR_DQ_candidate_novel_annotation;downstream_graph_clipping_loss
HG02886#1	HLA-DPA1	1	1	1		1	1	assembly_or_reference	DR_DQ_candidate_novel_annotation;downstream_graph_clipping_loss
HG02886#1	HLA-DPB1	1	1	1		1	1	assembly_or_reference	DR_DQ_candidate_novel_annotation;downstream_graph_clipping_loss
HG02886#1	HLA-DRB3	1	1	1		1	1	assembly_or_reference	DR_DQ_candidate_novel_annotation;downstream_graph_clipping_loss
HG02886#1	HLA-DRB4	1	0	0	no_gene_sequence_annotation_not_proven_absence	1	1	assembly_or_reference	DR_DQ_candidate_novel_annotation;downstream_graph_clipping_loss
HG02886#1	HLA-DRB5	1	0	0	no_gene_sequence_annotation_not_proven_absence	1	1	assembly_or_reference	DR_DQ_candidate_novel_annotation;downstream_graph_clipping_loss
HG02886#2	HLA-A	1	1	1		1	1	assembly_or_reference	DR_DQ_candidate_novel_annotation;downstream_graph_clipping_loss
HG02886#2	HLA-B	1	1	1		1	1	assembly_or_reference	DR_DQ_candidate_novel_annotation;downstream_graph_clipping_loss
HG02886#2	HLA-C	1	1	1		1	1	assembly_or_reference	DR_DQ_candidate_novel_annotation;downstream_graph_clipping_loss
HG02886#2	HLA-DRB1	1	1	1		1	1	assembly_or_reference	DR_DQ_candidate_novel_annotation;downstream_graph_clipping_loss
HG02886#2	HLA-DQA1	1	1	1		1	1	assembly_or_reference	DR_DQ_candidate_novel_annotation;downstream_graph_clipping_loss
HG02886#2	HLA-DQB1	1	1	1		1	1	assembly_or_reference	DR_DQ_candidate_novel_annotation;downstream_graph_clipping_loss
HG02886#2	HLA-DPA1	1	1	1		1	1	assembly_or_reference	DR_DQ_candidate_novel_annotation;downstream_graph_clipping_loss
HG02886#2	HLA-DPB1	1	1	1		1	1	assembly_or_reference	DR_DQ_candidate_novel_annotation;downstream_graph_clipping_loss
HG02886#2	HLA-DRB3	1	0	0	no_gene_sequence_annotation_not_proven_absence	1	1	assembly_or_reference	DR_DQ_candidate_novel_annotation;downstream_graph_clipping_loss
HG02886#2	HLA-DRB4	1	1	1		1	1	assembly_or_reference	DR_DQ_candidate_novel_annotation;downstream_graph_clipping_loss
HG02886#2	HLA-DRB5	1	0	0	no_gene_sequence_annotation_not_proven_absence	1	1	assembly_or_reference	DR_DQ_candidate_novel_annotation;downstream_graph_clipping_loss
HG02922#1	HLA-A	1	1	1		1	1	assembly_or_reference	
HG02922#1	HLA-B	1	1	1		1	1	assembly_or_reference	
HG02922#1	HLA-C	1	1	1		1	1	assembly_or_reference	
HG02922#1	HLA-DRB1	1	1	1		1	1	assembly_or_reference	
HG02922#1	HLA-DQA1	1	1	1		1	1	assembly_or_reference	
HG02922#1	HLA-DQB1	1	1	1		1	1	assembly_or_reference	
HG02922#1	HLA-DPA1	1	1	1		1	1	assembly_or_reference	
HG02922#1	HLA-DPB1	1	1	1		1	1	assembly_or_reference	
HG02922#1	HLA-DRB3	1	1	1		1	1	assembly_or_reference	
HG02922#1	HLA-DRB4	1	0	0	no_gene_sequence_annotation_not_proven_absence	1	1	assembly_or_reference	
HG02922#1	HLA-DRB5	1	0	0	no_gene_sequence_annotation_not_proven_absence	1	1	assembly_or_reference	
HG02922#2	HLA-A	1	1	1		1	1	assembly_or_reference	
HG02922#2	HLA-B	1	1	1		1	1	assembly_or_reference	
HG02922#2	HLA-C	1	1	1		1	1	assembly_or_reference	
HG02922#2	HLA-DRB1	1	1	1		1	1	assembly_or_reference	
HG02922#2	HLA-DQA1	1	1	1		1	1	assembly_or_reference	
HG02922#2	HLA-DQB1	1	1	1		1	1	assembly_or_reference	
HG02922#2	HLA-DPA1	1	1	1		1	1	assembly_or_reference	
HG02922#2	HLA-DPB1	1	1	1		1	1	assembly_or_reference	
HG02922#2	HLA-DRB3	1	0	0	no_gene_sequence_annotation_not_proven_absence	1	1	assembly_or_reference	
HG02922#2	HLA-DRB4	1	0	0	no_gene_sequence_annotation_not_proven_absence	1	1	assembly_or_reference	
HG02922#2	HLA-DRB5	1	0	0	no_gene_sequence_annotation_not_proven_absence	1	1	assembly_or_reference	
HG02965#1	HLA-A	1	1	1		1	1	assembly_or_reference	DR_DQ_candidate_novel_annotation
HG02965#1	HLA-B	1	1	1		1	1	assembly_or_reference	DR_DQ_candidate_novel_annotation
HG02965#1	HLA-C	1	1	1		1	1	assembly_or_reference	DR_DQ_candidate_novel_annotation
HG02965#1	HLA-DRB1	1	1	1		1	1	assembly_or_reference	DR_DQ_candidate_novel_annotation
HG02965#1	HLA-DQA1	1	1	1		1	1	assembly_or_reference	DR_DQ_candidate_novel_annotation
HG02965#1	HLA-DQB1	1	1	1		1	1	assembly_or_reference	DR_DQ_candidate_novel_annotation
HG02965#1	HLA-DPA1	1	1	1		1	1	assembly_or_reference	DR_DQ_candidate_novel_annotation
HG02965#1	HLA-DPB1	1	1	1		1	1	assembly_or_reference	DR_DQ_candidate_novel_annotation
HG02965#1	HLA-DRB3	1	1	1		1	1	assembly_or_reference	DR_DQ_candidate_novel_annotation
HG02965#1	HLA-DRB4	1	0	0	no_gene_sequence_annotation_not_proven_absence	1	1	assembly_or_reference	DR_DQ_candidate_novel_annotation
HG02965#1	HLA-DRB5	1	0	0	no_gene_sequence_annotation_not_proven_absence	1	1	assembly_or_reference	DR_DQ_candidate_novel_annotation
HG02965#2	HLA-A	1	1	1		1	1	assembly_or_reference	
HG02965#2	HLA-B	1	1	1		1	1	assembly_or_reference	
HG02965#2	HLA-C	1	1	1		1	1	assembly_or_reference	
HG02965#2	HLA-DRB1	1	1	1		1	1	assembly_or_reference	
HG02965#2	HLA-DQA1	1	1	1		1	1	assembly_or_reference	
HG02965#2	HLA-DQB1	1	1	1		1	1	assembly_or_reference	
HG02965#2	HLA-DPA1	1	1	1		1	1	assembly_or_reference	
HG02965#2	HLA-DPB1	1	1	1		1	1	assembly_or_reference	
HG02965#2	HLA-DRB3	1	0	0	no_gene_sequence_annotation_not_proven_absence	1	1	assembly_or_reference	
HG02965#2	HLA-DRB4	1	0	0	no_gene_sequence_annotation_not_proven_absence	1	1	assembly_or_reference	
HG02965#2	HLA-DRB5	1	0	0	no_gene_sequence_annotation_not_proven_absence	1	1	assembly_or_reference	
HG02976#1	HLA-A	1	1	1		1	1	assembly_or_reference	
HG02976#1	HLA-B	1	1	1		1	1	assembly_or_reference	
HG02976#1	HLA-C	1	1	1		1	1	assembly_or_reference	
HG02976#1	HLA-DRB1	1	1	1		1	1	assembly_or_reference	
HG02976#1	HLA-DQA1	1	1	1		1	1	assembly_or_reference	
HG02976#1	HLA-DQB1	1	1	1		1	1	assembly_or_reference	
HG02976#1	HLA-DPA1	1	1	1		1	1	assembly_or_reference	
HG02976#1	HLA-DPB1	1	1	1		1	1	assembly_or_reference	
HG02976#1	HLA-DRB3	1	0	0	no_gene_sequence_annotation_not_proven_absence	1	1	assembly_or_reference	
HG02976#1	HLA-DRB4	1	0	0	no_gene_sequence_annotation_not_proven_absence	1	1	assembly_or_reference	
HG02976#1	HLA-DRB5	1	1	1		1	1	assembly_or_reference	
HG02976#2	HLA-A	1	1	1		1	0	assembly_or_reference	DR_DQ_candidate_novel_annotation
HG02976#2	HLA-B	1	1	1		1	0	assembly_or_reference	DR_DQ_candidate_novel_annotation
HG02976#2	HLA-C	1	1	1		1	0	assembly_or_reference	DR_DQ_candidate_novel_annotation
HG02976#2	HLA-DRB1	1	1	0	no_current_exact_cds_match	1	0	assembly_or_reference	DR_DQ_candidate_novel_annotation
HG02976#2	HLA-DQA1	1	1	1		1	0	assembly_or_reference	DR_DQ_candidate_novel_annotation
HG02976#2	HLA-DQB1	1	1	1		1	0	assembly_or_reference	DR_DQ_candidate_novel_annotation
HG02976#2	HLA-DPA1	1	1	1		1	0	assembly_or_reference	DR_DQ_candidate_novel_annotation
HG02976#2	HLA-DPB1	1	1	1		1	0	assembly_or_reference	DR_DQ_candidate_novel_annotation
HG02976#2	HLA-DRB3	1	1	1		1	0	assembly_or_reference	DR_DQ_candidate_novel_annotation
HG02976#2	HLA-DRB4	1	0	0	no_gene_sequence_annotation_not_proven_absence	1	0	assembly_or_reference	DR_DQ_candidate_novel_annotation
HG02976#2	HLA-DRB5	1	0	0	no_gene_sequence_annotation_not_proven_absence	1	0	assembly_or_reference	DR_DQ_candidate_novel_annotation
HG02984#1	HLA-A	1	1	1		1	1	assembly_or_reference	DR_DQ_candidate_novel_annotation
HG02984#1	HLA-B	1	1	1		1	1	assembly_or_reference	DR_DQ_candidate_novel_annotation
HG02984#1	HLA-C	1	1	1		1	1	assembly_or_reference	DR_DQ_candidate_novel_annotation
HG02984#1	HLA-DRB1	1	1	1		1	1	assembly_or_reference	DR_DQ_candidate_novel_annotation
HG02984#1	HLA-DQA1	1	1	1		1	1	assembly_or_reference	DR_DQ_candidate_novel_annotation
HG02984#1	HLA-DQB1	1	1	1		1	1	assembly_or_reference	DR_DQ_candidate_novel_annotation
HG02984#1	HLA-DPA1	1	1	1		1	1	assembly_or_reference	DR_DQ_candidate_novel_annotation
HG02984#1	HLA-DPB1	1	1	1		1	1	assembly_or_reference	DR_DQ_candidate_novel_annotation
HG02984#1	HLA-DRB3	1	1	1		1	1	assembly_or_reference	DR_DQ_candidate_novel_annotation
HG02984#1	HLA-DRB4	1	0	0	no_gene_sequence_annotation_not_proven_absence	1	1	assembly_or_reference	DR_DQ_candidate_novel_annotation
HG02984#1	HLA-DRB5	1	0	0	no_gene_sequence_annotation_not_proven_absence	1	1	assembly_or_reference	DR_DQ_candidate_novel_annotation
HG02984#2	HLA-A	1	1	1		1	1	assembly_or_reference	DR_DQ_candidate_novel_annotation
HG02984#2	HLA-B	1	1	1		1	1	assembly_or_reference	DR_DQ_candidate_novel_annotation
HG02984#2	HLA-C	1	1	1		1	1	assembly_or_reference	DR_DQ_candidate_novel_annotation
HG02984#2	HLA-DRB1	1	1	1		1	1	assembly_or_reference	DR_DQ_candidate_novel_annotation
HG02984#2	HLA-DQA1	1	1	1		1	1	assembly_or_reference	DR_DQ_candidate_novel_annotation
HG02984#2	HLA-DQB1	1	1	1		1	1	assembly_or_reference	DR_DQ_candidate_novel_annotation
HG02984#2	HLA-DPA1	1	1	1		1	1	assembly_or_reference	DR_DQ_candidate_novel_annotation
HG02984#2	HLA-DPB1	1	1	1		1	1	assembly_or_reference	DR_DQ_candidate_novel_annotation
HG02984#2	HLA-DRB3	1	0	0	no_gene_sequence_annotation_not_proven_absence	1	1	assembly_or_reference	DR_DQ_candidate_novel_annotation
HG02984#2	HLA-DRB4	1	0	0	no_gene_sequence_annotation_not_proven_absence	1	1	assembly_or_reference	DR_DQ_candidate_novel_annotation
HG02984#2	HLA-DRB5	1	0	0	no_gene_sequence_annotation_not_proven_absence	1	1	assembly_or_reference	DR_DQ_candidate_novel_annotation
HG03017#1	HLA-A	1	1	1		1	1	assembly_or_reference	DR_DQ_candidate_novel_annotation
HG03017#1	HLA-B	1	1	1		1	1	assembly_or_reference	DR_DQ_candidate_novel_annotation
HG03017#1	HLA-C	1	1	1		1	1	assembly_or_reference	DR_DQ_candidate_novel_annotation
HG03017#1	HLA-DRB1	1	1	1		1	1	assembly_or_reference	DR_DQ_candidate_novel_annotation
HG03017#1	HLA-DQA1	1	1	1		1	1	assembly_or_reference	DR_DQ_candidate_novel_annotation
HG03017#1	HLA-DQB1	1	1	1		1	1	assembly_or_reference	DR_DQ_candidate_novel_annotation
HG03017#1	HLA-DPA1	1	1	1		1	1	assembly_or_reference	DR_DQ_candidate_novel_annotation
HG03017#1	HLA-DPB1	1	1	1		1	1	assembly_or_reference	DR_DQ_candidate_novel_annotation
HG03017#1	HLA-DRB3	1	0	0	no_gene_sequence_annotation_not_proven_absence	1	1	assembly_or_reference	DR_DQ_candidate_novel_annotation
HG03017#1	HLA-DRB4	1	0	0	no_gene_sequence_annotation_not_proven_absence	1	1	assembly_or_reference	DR_DQ_candidate_novel_annotation
HG03017#1	HLA-DRB5	1	0	0	no_gene_sequence_annotation_not_proven_absence	1	1	assembly_or_reference	DR_DQ_candidate_novel_annotation
HG03017#2	HLA-A	1	1	1		1	1	assembly_or_reference	
HG03017#2	HLA-B	1	1	1		1	1	assembly_or_reference	
HG03017#2	HLA-C	1	1	1		1	1	assembly_or_reference	
HG03017#2	HLA-DRB1	1	1	1		1	1	assembly_or_reference	
HG03017#2	HLA-DQA1	1	1	1		1	1	assembly_or_reference	
HG03017#2	HLA-DQB1	1	1	1		1	1	assembly_or_reference	
HG03017#2	HLA-DPA1	1	1	1		1	1	assembly_or_reference	
HG03017#2	HLA-DPB1	1	1	1		1	1	assembly_or_reference	
HG03017#2	HLA-DRB3	1	0	0	no_gene_sequence_annotation_not_proven_absence	1	1	assembly_or_reference	
HG03017#2	HLA-DRB4	1	0	0	no_gene_sequence_annotation_not_proven_absence	1	1	assembly_or_reference	
HG03017#2	HLA-DRB5	1	1	1		1	1	assembly_or_reference	
HG03041#1	HLA-A	1	1	1		1	1	assembly_or_reference	
HG03041#1	HLA-B	1	1	1		1	1	assembly_or_reference	
HG03041#1	HLA-C	1	1	1		1	1	assembly_or_reference	
HG03041#1	HLA-DRB1	1	1	1		1	1	assembly_or_reference	
HG03041#1	HLA-DQA1	1	1	1		1	1	assembly_or_reference	
HG03041#1	HLA-DQB1	1	1	1		1	1	assembly_or_reference	
HG03041#1	HLA-DPA1	1	1	1		1	1	assembly_or_reference	
HG03041#1	HLA-DPB1	1	1	1		1	1	assembly_or_reference	
HG03041#1	HLA-DRB3	1	0	0	no_gene_sequence_annotation_not_proven_absence	1	1	assembly_or_reference	
HG03041#1	HLA-DRB4	1	0	0	no_gene_sequence_annotation_not_proven_absence	1	1	assembly_or_reference	
HG03041#1	HLA-DRB5	1	0	0	no_gene_sequence_annotation_not_proven_absence	1	1	assembly_or_reference	
HG03041#2	HLA-A	1	1	1		1	1	assembly_or_reference	
HG03041#2	HLA-B	1	1	1		1	1	assembly_or_reference	
HG03041#2	HLA-C	1	1	1		1	1	assembly_or_reference	
HG03041#2	HLA-DRB1	1	1	1		1	1	assembly_or_reference	
HG03041#2	HLA-DQA1	1	1	1		1	1	assembly_or_reference	
HG03041#2	HLA-DQB1	1	1	1		1	1	assembly_or_reference	
HG03041#2	HLA-DPA1	1	1	1		1	1	assembly_or_reference	
HG03041#2	HLA-DPB1	1	1	1		1	1	assembly_or_reference	
HG03041#2	HLA-DRB3	1	0	0	no_gene_sequence_annotation_not_proven_absence	1	1	assembly_or_reference	
HG03041#2	HLA-DRB4	1	0	0	no_gene_sequence_annotation_not_proven_absence	1	1	assembly_or_reference	
HG03041#2	HLA-DRB5	1	1	1		1	1	assembly_or_reference	
HG03050#1	HLA-A	1	1	1		1	1	assembly_or_reference	DR_DQ_candidate_novel_annotation
HG03050#1	HLA-B	1	1	1		1	1	assembly_or_reference	DR_DQ_candidate_novel_annotation
HG03050#1	HLA-C	1	1	1		1	1	assembly_or_reference	DR_DQ_candidate_novel_annotation
HG03050#1	HLA-DRB1	1	1	1		1	1	assembly_or_reference	DR_DQ_candidate_novel_annotation
HG03050#1	HLA-DQA1	1	1	1		1	1	assembly_or_reference	DR_DQ_candidate_novel_annotation
HG03050#1	HLA-DQB1	1	1	1		1	1	assembly_or_reference	DR_DQ_candidate_novel_annotation
HG03050#1	HLA-DPA1	1	1	1		1	1	assembly_or_reference	DR_DQ_candidate_novel_annotation
HG03050#1	HLA-DPB1	1	1	1		1	1	assembly_or_reference	DR_DQ_candidate_novel_annotation
HG03050#1	HLA-DRB3	1	0	0	no_gene_sequence_annotation_not_proven_absence	1	1	assembly_or_reference	DR_DQ_candidate_novel_annotation
HG03050#1	HLA-DRB4	1	1	1		1	1	assembly_or_reference	DR_DQ_candidate_novel_annotation
HG03050#1	HLA-DRB5	1	0	0	no_gene_sequence_annotation_not_proven_absence	1	1	assembly_or_reference	DR_DQ_candidate_novel_annotation
HG03050#2	HLA-A	1	1	1		1	1	assembly_or_reference	DR_DQ_candidate_novel_annotation
HG03050#2	HLA-B	1	1	1		1	1	assembly_or_reference	DR_DQ_candidate_novel_annotation
HG03050#2	HLA-C	1	1	1		1	1	assembly_or_reference	DR_DQ_candidate_novel_annotation
HG03050#2	HLA-DRB1	1	1	1		1	1	assembly_or_reference	DR_DQ_candidate_novel_annotation
HG03050#2	HLA-DQA1	1	1	1		1	1	assembly_or_reference	DR_DQ_candidate_novel_annotation
HG03050#2	HLA-DQB1	1	1	1		1	1	assembly_or_reference	DR_DQ_candidate_novel_annotation
HG03050#2	HLA-DPA1	1	1	1		1	1	assembly_or_reference	DR_DQ_candidate_novel_annotation
HG03050#2	HLA-DPB1	1	1	1		1	1	assembly_or_reference	DR_DQ_candidate_novel_annotation
HG03050#2	HLA-DRB3	1	1	1		1	1	assembly_or_reference	DR_DQ_candidate_novel_annotation
HG03050#2	HLA-DRB4	1	0	0	no_gene_sequence_annotation_not_proven_absence	1	1	assembly_or_reference	DR_DQ_candidate_novel_annotation
HG03050#2	HLA-DRB5	1	0	0	no_gene_sequence_annotation_not_proven_absence	1	1	assembly_or_reference	DR_DQ_candidate_novel_annotation
HG03098#1	HLA-A	1	1	1		1	1	assembly_or_reference	DR_DQ_candidate_novel_annotation
HG03098#1	HLA-B	1	1	1		1	1	assembly_or_reference	DR_DQ_candidate_novel_annotation
HG03098#1	HLA-C	1	1	1		1	1	assembly_or_reference	DR_DQ_candidate_novel_annotation
HG03098#1	HLA-DRB1	1	1	1		1	1	assembly_or_reference	DR_DQ_candidate_novel_annotation
HG03098#1	HLA-DQA1	1	1	1		1	1	assembly_or_reference	DR_DQ_candidate_novel_annotation
HG03098#1	HLA-DQB1	1	1	1		1	1	assembly_or_reference	DR_DQ_candidate_novel_annotation
HG03098#1	HLA-DPA1	1	1	1		1	1	assembly_or_reference	DR_DQ_candidate_novel_annotation
HG03098#1	HLA-DPB1	1	1	1		1	1	assembly_or_reference	DR_DQ_candidate_novel_annotation
HG03098#1	HLA-DRB3	1	0	0	no_gene_sequence_annotation_not_proven_absence	1	1	assembly_or_reference	DR_DQ_candidate_novel_annotation
HG03098#1	HLA-DRB4	1	1	1		1	1	assembly_or_reference	DR_DQ_candidate_novel_annotation
HG03098#1	HLA-DRB5	1	0	0	no_gene_sequence_annotation_not_proven_absence	1	1	assembly_or_reference	DR_DQ_candidate_novel_annotation
HG03098#2	HLA-A	1	1	1		1	1	assembly_or_reference	DR_DQ_candidate_novel_annotation
HG03098#2	HLA-B	1	1	1		1	1	assembly_or_reference	DR_DQ_candidate_novel_annotation
HG03098#2	HLA-C	1	1	1		1	1	assembly_or_reference	DR_DQ_candidate_novel_annotation
HG03098#2	HLA-DRB1	1	1	1		1	1	assembly_or_reference	DR_DQ_candidate_novel_annotation
HG03098#2	HLA-DQA1	1	1	1		1	1	assembly_or_reference	DR_DQ_candidate_novel_annotation
HG03098#2	HLA-DQB1	1	1	1		1	1	assembly_or_reference	DR_DQ_candidate_novel_annotation
HG03098#2	HLA-DPA1	1	1	1		1	1	assembly_or_reference	DR_DQ_candidate_novel_annotation
HG03098#2	HLA-DPB1	1	1	1		1	1	assembly_or_reference	DR_DQ_candidate_novel_annotation
HG03098#2	HLA-DRB3	1	0	0	no_gene_sequence_annotation_not_proven_absence	1	1	assembly_or_reference	DR_DQ_candidate_novel_annotation
HG03098#2	HLA-DRB4	1	1	1		1	1	assembly_or_reference	DR_DQ_candidate_novel_annotation
HG03098#2	HLA-DRB5	1	0	0	no_gene_sequence_annotation_not_proven_absence	1	1	assembly_or_reference	DR_DQ_candidate_novel_annotation
HG03130#1	HLA-A	1	1	1		1	1	assembly_or_reference	
HG03130#1	HLA-B	1	1	1		1	1	assembly_or_reference	
HG03130#1	HLA-C	1	1	1		1	1	assembly_or_reference	
HG03130#1	HLA-DRB1	1	1	1		1	1	assembly_or_reference	
HG03130#1	HLA-DQA1	1	1	1		1	1	assembly_or_reference	
HG03130#1	HLA-DQB1	1	1	1		1	1	assembly_or_reference	
HG03130#1	HLA-DPA1	1	1	1		1	1	assembly_or_reference	
HG03130#1	HLA-DPB1	1	1	1		1	1	assembly_or_reference	
HG03130#1	HLA-DRB3	1	0	0	no_gene_sequence_annotation_not_proven_absence	1	1	assembly_or_reference	
HG03130#1	HLA-DRB4	1	0	0	no_gene_sequence_annotation_not_proven_absence	1	1	assembly_or_reference	
HG03130#1	HLA-DRB5	1	0	0	no_gene_sequence_annotation_not_proven_absence	1	1	assembly_or_reference	
HG03130#2	HLA-A	1	1	1		1	1	assembly_or_reference	DR_DQ_candidate_novel_annotation
HG03130#2	HLA-B	1	1	1		1	1	assembly_or_reference	DR_DQ_candidate_novel_annotation
HG03130#2	HLA-C	1	1	1		1	1	assembly_or_reference	DR_DQ_candidate_novel_annotation
HG03130#2	HLA-DRB1	1	1	1		1	1	assembly_or_reference	DR_DQ_candidate_novel_annotation
HG03130#2	HLA-DQA1	1	1	1		1	1	assembly_or_reference	DR_DQ_candidate_novel_annotation
HG03130#2	HLA-DQB1	1	1	1		1	1	assembly_or_reference	DR_DQ_candidate_novel_annotation
HG03130#2	HLA-DPA1	1	1	1		1	1	assembly_or_reference	DR_DQ_candidate_novel_annotation
HG03130#2	HLA-DPB1	1	1	1		1	1	assembly_or_reference	DR_DQ_candidate_novel_annotation
HG03130#2	HLA-DRB3	1	1	1		1	1	assembly_or_reference	DR_DQ_candidate_novel_annotation
HG03130#2	HLA-DRB4	1	0	0	no_gene_sequence_annotation_not_proven_absence	1	1	assembly_or_reference	DR_DQ_candidate_novel_annotation
HG03130#2	HLA-DRB5	1	0	0	no_gene_sequence_annotation_not_proven_absence	1	1	assembly_or_reference	DR_DQ_candidate_novel_annotation
HG03139#1	HLA-A	1	1	1		1	1	assembly_or_reference	
HG03139#1	HLA-B	1	1	1		1	1	assembly_or_reference	
HG03139#1	HLA-C	1	1	1		1	1	assembly_or_reference	
HG03139#1	HLA-DRB1	1	1	1		1	1	assembly_or_reference	
HG03139#1	HLA-DQA1	1	1	1		1	1	assembly_or_reference	
HG03139#1	HLA-DQB1	1	1	1		1	1	assembly_or_reference	
HG03139#1	HLA-DPA1	1	1	1		1	1	assembly_or_reference	
HG03139#1	HLA-DPB1	1	1	1		1	1	assembly_or_reference	
HG03139#1	HLA-DRB3	1	0	0	no_gene_sequence_annotation_not_proven_absence	1	1	assembly_or_reference	
HG03139#1	HLA-DRB4	1	0	0	no_gene_sequence_annotation_not_proven_absence	1	1	assembly_or_reference	
HG03139#1	HLA-DRB5	1	0	0	no_gene_sequence_annotation_not_proven_absence	1	1	assembly_or_reference	
HG03139#2	HLA-A	1	1	1		1	1	assembly_or_reference	downstream_graph_clipping_loss
HG03139#2	HLA-B	1	1	1		1	1	assembly_or_reference	downstream_graph_clipping_loss
HG03139#2	HLA-C	1	1	1		1	1	assembly_or_reference	downstream_graph_clipping_loss
HG03139#2	HLA-DRB1	1	1	1		1	1	assembly_or_reference	downstream_graph_clipping_loss
HG03139#2	HLA-DQA1	1	1	1		1	1	assembly_or_reference	downstream_graph_clipping_loss
HG03139#2	HLA-DQB1	1	1	1		1	1	assembly_or_reference	downstream_graph_clipping_loss
HG03139#2	HLA-DPA1	1	1	1		1	1	assembly_or_reference	downstream_graph_clipping_loss
HG03139#2	HLA-DPB1	1	1	1		1	1	assembly_or_reference	downstream_graph_clipping_loss
HG03139#2	HLA-DRB3	1	0	0	no_gene_sequence_annotation_not_proven_absence	1	1	assembly_or_reference	downstream_graph_clipping_loss
HG03139#2	HLA-DRB4	1	0	0	no_gene_sequence_annotation_not_proven_absence	1	1	assembly_or_reference	downstream_graph_clipping_loss
HG03139#2	HLA-DRB5	1	0	0	no_gene_sequence_annotation_not_proven_absence	1	1	assembly_or_reference	downstream_graph_clipping_loss
HG03195#1	HLA-A	1	1	1		1	1	assembly_or_reference	
HG03195#1	HLA-B	1	1	1		1	1	assembly_or_reference	
HG03195#1	HLA-C	1	1	1		1	1	assembly_or_reference	
HG03195#1	HLA-DRB1	1	1	1		1	1	assembly_or_reference	
HG03195#1	HLA-DQA1	1	1	1		1	1	assembly_or_reference	
HG03195#1	HLA-DQB1	1	1	1		1	1	assembly_or_reference	
HG03195#1	HLA-DPA1	1	1	1		1	1	assembly_or_reference	
HG03195#1	HLA-DPB1	1	1	1		1	1	assembly_or_reference	
HG03195#1	HLA-DRB3	1	0	0	no_gene_sequence_annotation_not_proven_absence	1	1	assembly_or_reference	
HG03195#1	HLA-DRB4	1	0	0	no_gene_sequence_annotation_not_proven_absence	1	1	assembly_or_reference	
HG03195#1	HLA-DRB5	1	0	0	no_gene_sequence_annotation_not_proven_absence	1	1	assembly_or_reference	
HG03195#2	HLA-A	1	1	1		1	1	assembly_or_reference	
HG03195#2	HLA-B	1	1	1		1	1	assembly_or_reference	
HG03195#2	HLA-C	1	1	1		1	1	assembly_or_reference	
HG03195#2	HLA-DRB1	1	1	1		1	1	assembly_or_reference	
HG03195#2	HLA-DQA1	1	1	1		1	1	assembly_or_reference	
HG03195#2	HLA-DQB1	1	1	1		1	1	assembly_or_reference	
HG03195#2	HLA-DPA1	1	1	1		1	1	assembly_or_reference	
HG03195#2	HLA-DPB1	1	1	1		1	1	assembly_or_reference	
HG03195#2	HLA-DRB3	1	0	0	no_gene_sequence_annotation_not_proven_absence	1	1	assembly_or_reference	
HG03195#2	HLA-DRB4	1	0	0	no_gene_sequence_annotation_not_proven_absence	1	1	assembly_or_reference	
HG03195#2	HLA-DRB5	1	1	1		1	1	assembly_or_reference	
HG03209#1	HLA-A	1	1	1		1	1	assembly_or_reference	DR_DQ_candidate_novel_annotation
HG03209#1	HLA-B	1	1	1		1	1	assembly_or_reference	DR_DQ_candidate_novel_annotation
HG03209#1	HLA-C	1	1	1		1	1	assembly_or_reference	DR_DQ_candidate_novel_annotation
HG03209#1	HLA-DRB1	1	1	1		1	1	assembly_or_reference	DR_DQ_candidate_novel_annotation
HG03209#1	HLA-DQA1	1	1	1		1	1	assembly_or_reference	DR_DQ_candidate_novel_annotation
HG03209#1	HLA-DQB1	1	1	1		1	1	assembly_or_reference	DR_DQ_candidate_novel_annotation
HG03209#1	HLA-DPA1	1	1	1		1	1	assembly_or_reference	DR_DQ_candidate_novel_annotation
HG03209#1	HLA-DPB1	1	1	1		1	1	assembly_or_reference	DR_DQ_candidate_novel_annotation
HG03209#1	HLA-DRB3	1	0	0	no_gene_sequence_annotation_not_proven_absence	1	1	assembly_or_reference	DR_DQ_candidate_novel_annotation
HG03209#1	HLA-DRB4	1	1	1		1	1	assembly_or_reference	DR_DQ_candidate_novel_annotation
HG03209#1	HLA-DRB5	1	0	0	no_gene_sequence_annotation_not_proven_absence	1	1	assembly_or_reference	DR_DQ_candidate_novel_annotation
HG03209#2	HLA-A	1	1	1		1	0	assembly_or_reference	DR_DQ_candidate_novel_annotation
HG03209#2	HLA-B	1	1	1		1	0	assembly_or_reference	DR_DQ_candidate_novel_annotation
HG03209#2	HLA-C	1	1	1		1	0	assembly_or_reference	DR_DQ_candidate_novel_annotation
HG03209#2	HLA-DRB1	1	1	1		1	0	assembly_or_reference	DR_DQ_candidate_novel_annotation
HG03209#2	HLA-DQA1	1	1	1		1	0	assembly_or_reference	DR_DQ_candidate_novel_annotation
HG03209#2	HLA-DQB1	1	1	1		1	0	assembly_or_reference	DR_DQ_candidate_novel_annotation
HG03209#2	HLA-DPA1	1	1	0	cds_completeness_or_abnormality	1	0	assembly_or_reference	DR_DQ_candidate_novel_annotation
HG03209#2	HLA-DPB1	1	1	1		1	0	assembly_or_reference	DR_DQ_candidate_novel_annotation
HG03209#2	HLA-DRB3	1	0	0	no_gene_sequence_annotation_not_proven_absence	1	0	assembly_or_reference	DR_DQ_candidate_novel_annotation
HG03209#2	HLA-DRB4	1	0	0	no_gene_sequence_annotation_not_proven_absence	1	0	assembly_or_reference	DR_DQ_candidate_novel_annotation
HG03209#2	HLA-DRB5	1	0	0	no_gene_sequence_annotation_not_proven_absence	1	0	assembly_or_reference	DR_DQ_candidate_novel_annotation
HG03225#1	HLA-A	1	1	1		1	1	assembly_or_reference	DR_DQ_candidate_novel_annotation
HG03225#1	HLA-B	1	1	1		1	1	assembly_or_reference	DR_DQ_candidate_novel_annotation
HG03225#1	HLA-C	1	1	1		1	1	assembly_or_reference	DR_DQ_candidate_novel_annotation
HG03225#1	HLA-DRB1	1	1	1		1	1	assembly_or_reference	DR_DQ_candidate_novel_annotation
HG03225#1	HLA-DQA1	1	1	1		1	1	assembly_or_reference	DR_DQ_candidate_novel_annotation
HG03225#1	HLA-DQB1	1	1	1		1	1	assembly_or_reference	DR_DQ_candidate_novel_annotation
HG03225#1	HLA-DPA1	1	1	1		1	1	assembly_or_reference	DR_DQ_candidate_novel_annotation
HG03225#1	HLA-DPB1	1	1	1		1	1	assembly_or_reference	DR_DQ_candidate_novel_annotation
HG03225#1	HLA-DRB3	1	1	1		1	1	assembly_or_reference	DR_DQ_candidate_novel_annotation
HG03225#1	HLA-DRB4	1	0	0	no_gene_sequence_annotation_not_proven_absence	1	1	assembly_or_reference	DR_DQ_candidate_novel_annotation
HG03225#1	HLA-DRB5	1	0	0	no_gene_sequence_annotation_not_proven_absence	1	1	assembly_or_reference	DR_DQ_candidate_novel_annotation
HG03225#2	HLA-A	1	1	1		1	1	assembly_or_reference	DR_DQ_candidate_novel_annotation
HG03225#2	HLA-B	1	1	1		1	1	assembly_or_reference	DR_DQ_candidate_novel_annotation
HG03225#2	HLA-C	1	1	1		1	1	assembly_or_reference	DR_DQ_candidate_novel_annotation
HG03225#2	HLA-DRB1	1	1	1		1	1	assembly_or_reference	DR_DQ_candidate_novel_annotation
HG03225#2	HLA-DQA1	1	1	1		1	1	assembly_or_reference	DR_DQ_candidate_novel_annotation
HG03225#2	HLA-DQB1	1	1	1		1	1	assembly_or_reference	DR_DQ_candidate_novel_annotation
HG03225#2	HLA-DPA1	1	1	1		1	1	assembly_or_reference	DR_DQ_candidate_novel_annotation
HG03225#2	HLA-DPB1	1	1	1		1	1	assembly_or_reference	DR_DQ_candidate_novel_annotation
HG03225#2	HLA-DRB3	1	0	0	no_gene_sequence_annotation_not_proven_absence	1	1	assembly_or_reference	DR_DQ_candidate_novel_annotation
HG03225#2	HLA-DRB4	1	0	0	no_gene_sequence_annotation_not_proven_absence	1	1	assembly_or_reference	DR_DQ_candidate_novel_annotation
HG03225#2	HLA-DRB5	1	0	0	no_gene_sequence_annotation_not_proven_absence	1	1	assembly_or_reference	DR_DQ_candidate_novel_annotation
HG03239#1	HLA-A	1	1	1		1	1	assembly_or_reference	DR_DQ_candidate_novel_annotation
HG03239#1	HLA-B	1	1	1		1	1	assembly_or_reference	DR_DQ_candidate_novel_annotation
HG03239#1	HLA-C	1	1	1		1	1	assembly_or_reference	DR_DQ_candidate_novel_annotation
HG03239#1	HLA-DRB1	1	1	1		1	1	assembly_or_reference	DR_DQ_candidate_novel_annotation
HG03239#1	HLA-DQA1	1	1	1		1	1	assembly_or_reference	DR_DQ_candidate_novel_annotation
HG03239#1	HLA-DQB1	1	1	1		1	1	assembly_or_reference	DR_DQ_candidate_novel_annotation
HG03239#1	HLA-DPA1	1	1	1		1	1	assembly_or_reference	DR_DQ_candidate_novel_annotation
HG03239#1	HLA-DPB1	1	1	1		1	1	assembly_or_reference	DR_DQ_candidate_novel_annotation
HG03239#1	HLA-DRB3	1	0	0	no_gene_sequence_annotation_not_proven_absence	1	1	assembly_or_reference	DR_DQ_candidate_novel_annotation
HG03239#1	HLA-DRB4	1	1	1		1	1	assembly_or_reference	DR_DQ_candidate_novel_annotation
HG03239#1	HLA-DRB5	1	0	0	no_gene_sequence_annotation_not_proven_absence	1	1	assembly_or_reference	DR_DQ_candidate_novel_annotation
HG03239#2	HLA-A	1	1	1		1	1	assembly_or_reference	DR_DQ_candidate_novel_annotation
HG03239#2	HLA-B	1	1	1		1	1	assembly_or_reference	DR_DQ_candidate_novel_annotation
HG03239#2	HLA-C	1	1	1		1	1	assembly_or_reference	DR_DQ_candidate_novel_annotation
HG03239#2	HLA-DRB1	1	1	1		1	1	assembly_or_reference	DR_DQ_candidate_novel_annotation
HG03239#2	HLA-DQA1	1	1	1		1	1	assembly_or_reference	DR_DQ_candidate_novel_annotation
HG03239#2	HLA-DQB1	1	1	1		1	1	assembly_or_reference	DR_DQ_candidate_novel_annotation
HG03239#2	HLA-DPA1	1	1	1		1	1	assembly_or_reference	DR_DQ_candidate_novel_annotation
HG03239#2	HLA-DPB1	1	1	1		1	1	assembly_or_reference	DR_DQ_candidate_novel_annotation
HG03239#2	HLA-DRB3	1	0	0	no_gene_sequence_annotation_not_proven_absence	1	1	assembly_or_reference	DR_DQ_candidate_novel_annotation
HG03239#2	HLA-DRB4	1	1	1		1	1	assembly_or_reference	DR_DQ_candidate_novel_annotation
HG03239#2	HLA-DRB5	1	0	0	no_gene_sequence_annotation_not_proven_absence	1	1	assembly_or_reference	DR_DQ_candidate_novel_annotation
HG03270#1	HLA-A	1	1	1		1	1	assembly_or_reference	DR_DQ_candidate_novel_annotation
HG03270#1	HLA-B	1	1	1		1	1	assembly_or_reference	DR_DQ_candidate_novel_annotation
HG03270#1	HLA-C	1	1	1		1	1	assembly_or_reference	DR_DQ_candidate_novel_annotation
HG03270#1	HLA-DRB1	1	1	1		1	1	assembly_or_reference	DR_DQ_candidate_novel_annotation
HG03270#1	HLA-DQA1	1	1	1		1	1	assembly_or_reference	DR_DQ_candidate_novel_annotation
HG03270#1	HLA-DQB1	1	1	1		1	1	assembly_or_reference	DR_DQ_candidate_novel_annotation
HG03270#1	HLA-DPA1	1	1	1		1	1	assembly_or_reference	DR_DQ_candidate_novel_annotation
HG03270#1	HLA-DPB1	1	1	1		1	1	assembly_or_reference	DR_DQ_candidate_novel_annotation
HG03270#1	HLA-DRB3	1	0	0	no_gene_sequence_annotation_not_proven_absence	1	1	assembly_or_reference	DR_DQ_candidate_novel_annotation
HG03270#1	HLA-DRB4	1	0	0	no_gene_sequence_annotation_not_proven_absence	1	1	assembly_or_reference	DR_DQ_candidate_novel_annotation
HG03270#1	HLA-DRB5	1	1	1		1	1	assembly_or_reference	DR_DQ_candidate_novel_annotation
HG03270#2	HLA-A	1	1	1		1	1	assembly_or_reference	DR_DQ_candidate_novel_annotation
HG03270#2	HLA-B	1	1	1		1	1	assembly_or_reference	DR_DQ_candidate_novel_annotation
HG03270#2	HLA-C	1	1	1		1	1	assembly_or_reference	DR_DQ_candidate_novel_annotation
HG03270#2	HLA-DRB1	1	1	1		1	1	assembly_or_reference	DR_DQ_candidate_novel_annotation
HG03270#2	HLA-DQA1	1	1	1		1	1	assembly_or_reference	DR_DQ_candidate_novel_annotation
HG03270#2	HLA-DQB1	1	1	1		1	1	assembly_or_reference	DR_DQ_candidate_novel_annotation
HG03270#2	HLA-DPA1	1	1	1		1	1	assembly_or_reference	DR_DQ_candidate_novel_annotation
HG03270#2	HLA-DPB1	1	1	1		1	1	assembly_or_reference	DR_DQ_candidate_novel_annotation
HG03270#2	HLA-DRB3	1	1	1		1	1	assembly_or_reference	DR_DQ_candidate_novel_annotation
HG03270#2	HLA-DRB4	1	0	0	no_gene_sequence_annotation_not_proven_absence	1	1	assembly_or_reference	DR_DQ_candidate_novel_annotation
HG03270#2	HLA-DRB5	1	0	0	no_gene_sequence_annotation_not_proven_absence	1	1	assembly_or_reference	DR_DQ_candidate_novel_annotation
HG03369#1	HLA-A	1	1	1		1	1	assembly_or_reference	DR_DQ_candidate_novel_annotation
HG03369#1	HLA-B	1	1	1		1	1	assembly_or_reference	DR_DQ_candidate_novel_annotation
HG03369#1	HLA-C	1	1	1		1	1	assembly_or_reference	DR_DQ_candidate_novel_annotation
HG03369#1	HLA-DRB1	1	1	1		1	1	assembly_or_reference	DR_DQ_candidate_novel_annotation
HG03369#1	HLA-DQA1	1	1	1		1	1	assembly_or_reference	DR_DQ_candidate_novel_annotation
HG03369#1	HLA-DQB1	1	1	1		1	1	assembly_or_reference	DR_DQ_candidate_novel_annotation
HG03369#1	HLA-DPA1	1	1	1		1	1	assembly_or_reference	DR_DQ_candidate_novel_annotation
HG03369#1	HLA-DPB1	1	1	1		1	1	assembly_or_reference	DR_DQ_candidate_novel_annotation
HG03369#1	HLA-DRB3	1	1	1		1	1	assembly_or_reference	DR_DQ_candidate_novel_annotation
HG03369#1	HLA-DRB4	1	0	0	no_gene_sequence_annotation_not_proven_absence	1	1	assembly_or_reference	DR_DQ_candidate_novel_annotation
HG03369#1	HLA-DRB5	1	0	0	no_gene_sequence_annotation_not_proven_absence	1	1	assembly_or_reference	DR_DQ_candidate_novel_annotation
HG03369#2	HLA-A	1	1	1		1	1	assembly_or_reference	DR_DQ_candidate_novel_annotation
HG03369#2	HLA-B	1	1	1		1	1	assembly_or_reference	DR_DQ_candidate_novel_annotation
HG03369#2	HLA-C	1	1	1		1	1	assembly_or_reference	DR_DQ_candidate_novel_annotation
HG03369#2	HLA-DRB1	1	1	1		1	1	assembly_or_reference	DR_DQ_candidate_novel_annotation
HG03369#2	HLA-DQA1	1	1	1		1	1	assembly_or_reference	DR_DQ_candidate_novel_annotation
HG03369#2	HLA-DQB1	1	1	1		1	1	assembly_or_reference	DR_DQ_candidate_novel_annotation
HG03369#2	HLA-DPA1	1	1	1		1	1	assembly_or_reference	DR_DQ_candidate_novel_annotation
HG03369#2	HLA-DPB1	1	1	1		1	1	assembly_or_reference	DR_DQ_candidate_novel_annotation
HG03369#2	HLA-DRB3	1	1	1		1	1	assembly_or_reference	DR_DQ_candidate_novel_annotation
HG03369#2	HLA-DRB4	1	0	0	no_gene_sequence_annotation_not_proven_absence	1	1	assembly_or_reference	DR_DQ_candidate_novel_annotation
HG03369#2	HLA-DRB5	1	0	0	no_gene_sequence_annotation_not_proven_absence	1	1	assembly_or_reference	DR_DQ_candidate_novel_annotation
HG03453#1	HLA-A	1	1	1		1	1	assembly_or_reference	DR_DQ_candidate_novel_annotation
HG03453#1	HLA-B	1	1	1		1	1	assembly_or_reference	DR_DQ_candidate_novel_annotation
HG03453#1	HLA-C	1	1	1		1	1	assembly_or_reference	DR_DQ_candidate_novel_annotation
HG03453#1	HLA-DRB1	1	1	1		1	1	assembly_or_reference	DR_DQ_candidate_novel_annotation
HG03453#1	HLA-DQA1	1	1	1		1	1	assembly_or_reference	DR_DQ_candidate_novel_annotation
HG03453#1	HLA-DQB1	1	1	1		1	1	assembly_or_reference	DR_DQ_candidate_novel_annotation
HG03453#1	HLA-DPA1	1	1	1		1	1	assembly_or_reference	DR_DQ_candidate_novel_annotation
HG03453#1	HLA-DPB1	1	1	1		1	1	assembly_or_reference	DR_DQ_candidate_novel_annotation
HG03453#1	HLA-DRB3	1	0	0	no_gene_sequence_annotation_not_proven_absence	1	1	assembly_or_reference	DR_DQ_candidate_novel_annotation
HG03453#1	HLA-DRB4	1	1	1		1	1	assembly_or_reference	DR_DQ_candidate_novel_annotation
HG03453#1	HLA-DRB5	1	0	0	no_gene_sequence_annotation_not_proven_absence	1	1	assembly_or_reference	DR_DQ_candidate_novel_annotation
HG03453#2	HLA-A	1	1	1		1	1	assembly_or_reference	DR_DQ_candidate_novel_annotation
HG03453#2	HLA-B	1	1	1		1	1	assembly_or_reference	DR_DQ_candidate_novel_annotation
HG03453#2	HLA-C	1	1	1		1	1	assembly_or_reference	DR_DQ_candidate_novel_annotation
HG03453#2	HLA-DRB1	1	1	1		1	1	assembly_or_reference	DR_DQ_candidate_novel_annotation
HG03453#2	HLA-DQA1	1	1	1		1	1	assembly_or_reference	DR_DQ_candidate_novel_annotation
HG03453#2	HLA-DQB1	1	1	1		1	1	assembly_or_reference	DR_DQ_candidate_novel_annotation
HG03453#2	HLA-DPA1	1	1	1		1	1	assembly_or_reference	DR_DQ_candidate_novel_annotation
HG03453#2	HLA-DPB1	1	1	1		1	1	assembly_or_reference	DR_DQ_candidate_novel_annotation
HG03453#2	HLA-DRB3	1	1	1		1	1	assembly_or_reference	DR_DQ_candidate_novel_annotation
HG03453#2	HLA-DRB4	1	0	0	no_gene_sequence_annotation_not_proven_absence	1	1	assembly_or_reference	DR_DQ_candidate_novel_annotation
HG03453#2	HLA-DRB5	1	0	0	no_gene_sequence_annotation_not_proven_absence	1	1	assembly_or_reference	DR_DQ_candidate_novel_annotation
HG03470#1	HLA-A	1	1	1		1	1	assembly_or_reference	DR_DQ_candidate_novel_annotation
HG03470#1	HLA-B	1	1	1		1	1	assembly_or_reference	DR_DQ_candidate_novel_annotation
HG03470#1	HLA-C	1	1	1		1	1	assembly_or_reference	DR_DQ_candidate_novel_annotation
HG03470#1	HLA-DRB1	1	1	1		1	1	assembly_or_reference	DR_DQ_candidate_novel_annotation
HG03470#1	HLA-DQA1	1	1	1		1	1	assembly_or_reference	DR_DQ_candidate_novel_annotation
HG03470#1	HLA-DQB1	1	1	1		1	1	assembly_or_reference	DR_DQ_candidate_novel_annotation
HG03470#1	HLA-DPA1	1	1	1		1	1	assembly_or_reference	DR_DQ_candidate_novel_annotation
HG03470#1	HLA-DPB1	1	1	1		1	1	assembly_or_reference	DR_DQ_candidate_novel_annotation
HG03470#1	HLA-DRB3	1	0	0	no_gene_sequence_annotation_not_proven_absence	1	1	assembly_or_reference	DR_DQ_candidate_novel_annotation
HG03470#1	HLA-DRB4	1	1	1		1	1	assembly_or_reference	DR_DQ_candidate_novel_annotation
HG03470#1	HLA-DRB5	1	0	0	no_gene_sequence_annotation_not_proven_absence	1	1	assembly_or_reference	DR_DQ_candidate_novel_annotation
HG03470#2	HLA-A	1	1	1		1	1	assembly_or_reference	DR_DQ_candidate_novel_annotation
HG03470#2	HLA-B	1	1	1		1	1	assembly_or_reference	DR_DQ_candidate_novel_annotation
HG03470#2	HLA-C	1	1	1		1	1	assembly_or_reference	DR_DQ_candidate_novel_annotation
HG03470#2	HLA-DRB1	1	1	1		1	1	assembly_or_reference	DR_DQ_candidate_novel_annotation
HG03470#2	HLA-DQA1	1	1	1		1	1	assembly_or_reference	DR_DQ_candidate_novel_annotation
HG03470#2	HLA-DQB1	1	1	1		1	1	assembly_or_reference	DR_DQ_candidate_novel_annotation
HG03470#2	HLA-DPA1	1	1	1		1	1	assembly_or_reference	DR_DQ_candidate_novel_annotation
HG03470#2	HLA-DPB1	1	1	1		1	1	assembly_or_reference	DR_DQ_candidate_novel_annotation
HG03470#2	HLA-DRB3	1	0	0	no_gene_sequence_annotation_not_proven_absence	1	1	assembly_or_reference	DR_DQ_candidate_novel_annotation
HG03470#2	HLA-DRB4	1	0	0	no_gene_sequence_annotation_not_proven_absence	1	1	assembly_or_reference	DR_DQ_candidate_novel_annotation
HG03470#2	HLA-DRB5	1	0	0	no_gene_sequence_annotation_not_proven_absence	1	1	assembly_or_reference	DR_DQ_candidate_novel_annotation
HG03471#1	HLA-A	1	1	1		1	1	assembly_or_reference	DR_DQ_candidate_novel_annotation
HG03471#1	HLA-B	1	1	1		1	1	assembly_or_reference	DR_DQ_candidate_novel_annotation
HG03471#1	HLA-C	1	1	1		1	1	assembly_or_reference	DR_DQ_candidate_novel_annotation
HG03471#1	HLA-DRB1	1	1	1		1	1	assembly_or_reference	DR_DQ_candidate_novel_annotation
HG03471#1	HLA-DQA1	1	1	1		1	1	assembly_or_reference	DR_DQ_candidate_novel_annotation
HG03471#1	HLA-DQB1	1	1	1		1	1	assembly_or_reference	DR_DQ_candidate_novel_annotation
HG03471#1	HLA-DPA1	1	1	1		1	1	assembly_or_reference	DR_DQ_candidate_novel_annotation
HG03471#1	HLA-DPB1	1	1	1		1	1	assembly_or_reference	DR_DQ_candidate_novel_annotation
HG03471#1	HLA-DRB3	1	0	0	no_gene_sequence_annotation_not_proven_absence	1	1	assembly_or_reference	DR_DQ_candidate_novel_annotation
HG03471#1	HLA-DRB4	1	1	1		1	1	assembly_or_reference	DR_DQ_candidate_novel_annotation
HG03471#1	HLA-DRB5	1	0	0	no_gene_sequence_annotation_not_proven_absence	1	1	assembly_or_reference	DR_DQ_candidate_novel_annotation
HG03471#2	HLA-A	1	1	1		1	1	assembly_or_reference	DR_DQ_candidate_novel_annotation;downstream_graph_clipping_loss
HG03471#2	HLA-B	1	1	1		1	1	assembly_or_reference	DR_DQ_candidate_novel_annotation;downstream_graph_clipping_loss
HG03471#2	HLA-C	1	1	1		1	1	assembly_or_reference	DR_DQ_candidate_novel_annotation;downstream_graph_clipping_loss
HG03471#2	HLA-DRB1	1	1	1		1	1	assembly_or_reference	DR_DQ_candidate_novel_annotation;downstream_graph_clipping_loss
HG03471#2	HLA-DQA1	1	1	1		1	1	assembly_or_reference	DR_DQ_candidate_novel_annotation;downstream_graph_clipping_loss
HG03471#2	HLA-DQB1	1	1	1		1	1	assembly_or_reference	DR_DQ_candidate_novel_annotation;downstream_graph_clipping_loss
HG03471#2	HLA-DPA1	1	1	1		1	1	assembly_or_reference	DR_DQ_candidate_novel_annotation;downstream_graph_clipping_loss
HG03471#2	HLA-DPB1	1	1	1		1	1	assembly_or_reference	DR_DQ_candidate_novel_annotation;downstream_graph_clipping_loss
HG03471#2	HLA-DRB3	1	1	1		1	1	assembly_or_reference	DR_DQ_candidate_novel_annotation;downstream_graph_clipping_loss
HG03471#2	HLA-DRB4	1	0	0	no_gene_sequence_annotation_not_proven_absence	1	1	assembly_or_reference	DR_DQ_candidate_novel_annotation;downstream_graph_clipping_loss
HG03471#2	HLA-DRB5	1	0	0	no_gene_sequence_annotation_not_proven_absence	1	1	assembly_or_reference	DR_DQ_candidate_novel_annotation;downstream_graph_clipping_loss
HG03486#1	HLA-A	1	1	1		1	1	assembly_or_reference	DR_DQ_candidate_novel_annotation;downstream_graph_clipping_loss
HG03486#1	HLA-B	1	1	1		1	1	assembly_or_reference	DR_DQ_candidate_novel_annotation;downstream_graph_clipping_loss
HG03486#1	HLA-C	1	1	1		1	1	assembly_or_reference	DR_DQ_candidate_novel_annotation;downstream_graph_clipping_loss
HG03486#1	HLA-DRB1	1	1	1		1	1	assembly_or_reference	DR_DQ_candidate_novel_annotation;downstream_graph_clipping_loss
HG03486#1	HLA-DQA1	1	1	1		1	1	assembly_or_reference	DR_DQ_candidate_novel_annotation;downstream_graph_clipping_loss
HG03486#1	HLA-DQB1	1	1	1		1	1	assembly_or_reference	DR_DQ_candidate_novel_annotation;downstream_graph_clipping_loss
HG03486#1	HLA-DPA1	1	1	1		1	1	assembly_or_reference	DR_DQ_candidate_novel_annotation;downstream_graph_clipping_loss
HG03486#1	HLA-DPB1	1	1	1		1	1	assembly_or_reference	DR_DQ_candidate_novel_annotation;downstream_graph_clipping_loss
HG03486#1	HLA-DRB3	1	1	1		1	1	assembly_or_reference	DR_DQ_candidate_novel_annotation;downstream_graph_clipping_loss
HG03486#1	HLA-DRB4	1	0	0	no_gene_sequence_annotation_not_proven_absence	1	1	assembly_or_reference	DR_DQ_candidate_novel_annotation;downstream_graph_clipping_loss
HG03486#1	HLA-DRB5	1	0	0	no_gene_sequence_annotation_not_proven_absence	1	1	assembly_or_reference	DR_DQ_candidate_novel_annotation;downstream_graph_clipping_loss
HG03486#2	HLA-A	1	1	1		1	1	assembly_or_reference	
HG03486#2	HLA-B	1	1	1		1	1	assembly_or_reference	
HG03486#2	HLA-C	1	1	1		1	1	assembly_or_reference	
HG03486#2	HLA-DRB1	1	1	1		1	1	assembly_or_reference	
HG03486#2	HLA-DQA1	1	1	1		1	1	assembly_or_reference	
HG03486#2	HLA-DQB1	1	1	1		1	1	assembly_or_reference	
HG03486#2	HLA-DPA1	1	1	1		1	1	assembly_or_reference	
HG03486#2	HLA-DPB1	1	1	1		1	1	assembly_or_reference	
HG03486#2	HLA-DRB3	1	1	1		1	1	assembly_or_reference	
HG03486#2	HLA-DRB4	1	0	0	no_gene_sequence_annotation_not_proven_absence	1	1	assembly_or_reference	
HG03486#2	HLA-DRB5	1	0	0	no_gene_sequence_annotation_not_proven_absence	1	1	assembly_or_reference	
HG03516#1	HLA-A	1	1	1		1	1	assembly_or_reference	DR_DQ_candidate_novel_annotation
HG03516#1	HLA-B	1	1	1		1	1	assembly_or_reference	DR_DQ_candidate_novel_annotation
HG03516#1	HLA-C	1	1	1		1	1	assembly_or_reference	DR_DQ_candidate_novel_annotation
HG03516#1	HLA-DRB1	1	1	1		1	1	assembly_or_reference	DR_DQ_candidate_novel_annotation
HG03516#1	HLA-DQA1	1	1	1		1	1	assembly_or_reference	DR_DQ_candidate_novel_annotation
HG03516#1	HLA-DQB1	1	1	1		1	1	assembly_or_reference	DR_DQ_candidate_novel_annotation
HG03516#1	HLA-DPA1	1	1	1		1	1	assembly_or_reference	DR_DQ_candidate_novel_annotation
HG03516#1	HLA-DPB1	1	1	1		1	1	assembly_or_reference	DR_DQ_candidate_novel_annotation
HG03516#1	HLA-DRB3	1	1	1		1	1	assembly_or_reference	DR_DQ_candidate_novel_annotation
HG03516#1	HLA-DRB4	1	0	0	no_gene_sequence_annotation_not_proven_absence	1	1	assembly_or_reference	DR_DQ_candidate_novel_annotation
HG03516#1	HLA-DRB5	1	0	0	no_gene_sequence_annotation_not_proven_absence	1	1	assembly_or_reference	DR_DQ_candidate_novel_annotation
HG03516#2	HLA-A	1	1	1		1	0	assembly_or_reference	DR_DQ_candidate_novel_annotation
HG03516#2	HLA-B	1	1	1		1	0	assembly_or_reference	DR_DQ_candidate_novel_annotation
HG03516#2	HLA-C	1	1	1		1	0	assembly_or_reference	DR_DQ_candidate_novel_annotation
HG03516#2	HLA-DRB1	1	1	1		1	0	assembly_or_reference	DR_DQ_candidate_novel_annotation
HG03516#2	HLA-DQA1	1	1	1		1	0	assembly_or_reference	DR_DQ_candidate_novel_annotation
HG03516#2	HLA-DQB1	1	1	1		1	0	assembly_or_reference	DR_DQ_candidate_novel_annotation
HG03516#2	HLA-DPA1	1	1	0	cds_completeness_or_abnormality;no_current_exact_cds_match	1	0	assembly_or_reference	DR_DQ_candidate_novel_annotation
HG03516#2	HLA-DPB1	1	1	1		1	0	assembly_or_reference	DR_DQ_candidate_novel_annotation
HG03516#2	HLA-DRB3	1	1	1		1	0	assembly_or_reference	DR_DQ_candidate_novel_annotation
HG03516#2	HLA-DRB4	1	0	0	no_gene_sequence_annotation_not_proven_absence	1	0	assembly_or_reference	DR_DQ_candidate_novel_annotation
HG03516#2	HLA-DRB5	1	0	0	no_gene_sequence_annotation_not_proven_absence	1	0	assembly_or_reference	DR_DQ_candidate_novel_annotation
HG03521#1	HLA-A	1	1	1		1	1	assembly_or_reference	DR_DQ_candidate_novel_annotation
HG03521#1	HLA-B	1	1	1		1	1	assembly_or_reference	DR_DQ_candidate_novel_annotation
HG03521#1	HLA-C	1	1	1		1	1	assembly_or_reference	DR_DQ_candidate_novel_annotation
HG03521#1	HLA-DRB1	1	1	1		1	1	assembly_or_reference	DR_DQ_candidate_novel_annotation
HG03521#1	HLA-DQA1	1	1	1		1	1	assembly_or_reference	DR_DQ_candidate_novel_annotation
HG03521#1	HLA-DQB1	1	1	1		1	1	assembly_or_reference	DR_DQ_candidate_novel_annotation
HG03521#1	HLA-DPA1	1	1	1		1	1	assembly_or_reference	DR_DQ_candidate_novel_annotation
HG03521#1	HLA-DPB1	1	1	1		1	1	assembly_or_reference	DR_DQ_candidate_novel_annotation
HG03521#1	HLA-DRB3	1	1	1		1	1	assembly_or_reference	DR_DQ_candidate_novel_annotation
HG03521#1	HLA-DRB4	1	0	0	no_gene_sequence_annotation_not_proven_absence	1	1	assembly_or_reference	DR_DQ_candidate_novel_annotation
HG03521#1	HLA-DRB5	1	0	0	no_gene_sequence_annotation_not_proven_absence	1	1	assembly_or_reference	DR_DQ_candidate_novel_annotation
HG03521#2	HLA-A	1	1	1		1	1	assembly_or_reference	DR_DQ_candidate_novel_annotation
HG03521#2	HLA-B	1	1	1		1	1	assembly_or_reference	DR_DQ_candidate_novel_annotation
HG03521#2	HLA-C	1	1	1		1	1	assembly_or_reference	DR_DQ_candidate_novel_annotation
HG03521#2	HLA-DRB1	1	1	1		1	1	assembly_or_reference	DR_DQ_candidate_novel_annotation
HG03521#2	HLA-DQA1	1	1	1		1	1	assembly_or_reference	DR_DQ_candidate_novel_annotation
HG03521#2	HLA-DQB1	1	1	1		1	1	assembly_or_reference	DR_DQ_candidate_novel_annotation
HG03521#2	HLA-DPA1	1	1	1		1	1	assembly_or_reference	DR_DQ_candidate_novel_annotation
HG03521#2	HLA-DPB1	1	1	1		1	1	assembly_or_reference	DR_DQ_candidate_novel_annotation
HG03521#2	HLA-DRB3	1	1	1		1	1	assembly_or_reference	DR_DQ_candidate_novel_annotation
HG03521#2	HLA-DRB4	1	0	0	no_gene_sequence_annotation_not_proven_absence	1	1	assembly_or_reference	DR_DQ_candidate_novel_annotation
HG03521#2	HLA-DRB5	1	0	0	no_gene_sequence_annotation_not_proven_absence	1	1	assembly_or_reference	DR_DQ_candidate_novel_annotation
HG03540#1	HLA-A	1	1	1		1	1	assembly_or_reference	
HG03540#1	HLA-B	1	1	1		1	1	assembly_or_reference	
HG03540#1	HLA-C	1	1	1		1	1	assembly_or_reference	
HG03540#1	HLA-DRB1	1	1	1		1	1	assembly_or_reference	
HG03540#1	HLA-DQA1	1	1	1		1	1	assembly_or_reference	
HG03540#1	HLA-DQB1	1	1	1		1	1	assembly_or_reference	
HG03540#1	HLA-DPA1	1	1	1		1	1	assembly_or_reference	
HG03540#1	HLA-DPB1	1	1	1		1	1	assembly_or_reference	
HG03540#1	HLA-DRB3	1	0	0	no_gene_sequence_annotation_not_proven_absence	1	1	assembly_or_reference	
HG03540#1	HLA-DRB4	1	0	0	no_gene_sequence_annotation_not_proven_absence	1	1	assembly_or_reference	
HG03540#1	HLA-DRB5	1	0	0	no_gene_sequence_annotation_not_proven_absence	1	1	assembly_or_reference	
HG03540#2	HLA-A	1	1	1		1	1	assembly_or_reference	downstream_graph_clipping_loss
HG03540#2	HLA-B	1	1	1		1	1	assembly_or_reference	downstream_graph_clipping_loss
HG03540#2	HLA-C	1	1	1		1	1	assembly_or_reference	downstream_graph_clipping_loss
HG03540#2	HLA-DRB1	1	1	1		1	1	assembly_or_reference	downstream_graph_clipping_loss
HG03540#2	HLA-DQA1	1	1	1		1	1	assembly_or_reference	downstream_graph_clipping_loss
HG03540#2	HLA-DQB1	1	1	1		1	1	assembly_or_reference	downstream_graph_clipping_loss
HG03540#2	HLA-DPA1	1	1	1		1	1	assembly_or_reference	downstream_graph_clipping_loss
HG03540#2	HLA-DPB1	1	1	1		1	1	assembly_or_reference	downstream_graph_clipping_loss
HG03540#2	HLA-DRB3	1	0	0	no_gene_sequence_annotation_not_proven_absence	1	1	assembly_or_reference	downstream_graph_clipping_loss
HG03540#2	HLA-DRB4	1	0	0	no_gene_sequence_annotation_not_proven_absence	1	1	assembly_or_reference	downstream_graph_clipping_loss
HG03540#2	HLA-DRB5	1	0	0	no_gene_sequence_annotation_not_proven_absence	1	1	assembly_or_reference	downstream_graph_clipping_loss
HG03579#1	HLA-A	1	1	1		1	1	assembly_or_reference	DR_DQ_candidate_novel_annotation
HG03579#1	HLA-B	1	1	1		1	1	assembly_or_reference	DR_DQ_candidate_novel_annotation
HG03579#1	HLA-C	1	1	1		1	1	assembly_or_reference	DR_DQ_candidate_novel_annotation
HG03579#1	HLA-DRB1	1	1	1		1	1	assembly_or_reference	DR_DQ_candidate_novel_annotation
HG03579#1	HLA-DQA1	1	1	1		1	1	assembly_or_reference	DR_DQ_candidate_novel_annotation
HG03579#1	HLA-DQB1	1	1	1		1	1	assembly_or_reference	DR_DQ_candidate_novel_annotation
HG03579#1	HLA-DPA1	1	1	1		1	1	assembly_or_reference	DR_DQ_candidate_novel_annotation
HG03579#1	HLA-DPB1	1	1	1		1	1	assembly_or_reference	DR_DQ_candidate_novel_annotation
HG03579#1	HLA-DRB3	1	1	1		1	1	assembly_or_reference	DR_DQ_candidate_novel_annotation
HG03579#1	HLA-DRB4	1	0	0	no_gene_sequence_annotation_not_proven_absence	1	1	assembly_or_reference	DR_DQ_candidate_novel_annotation
HG03579#1	HLA-DRB5	1	0	0	no_gene_sequence_annotation_not_proven_absence	1	1	assembly_or_reference	DR_DQ_candidate_novel_annotation
HG03579#2	HLA-A	1	1	1		1	1	assembly_or_reference	DR_DQ_candidate_novel_annotation
HG03579#2	HLA-B	1	1	1		1	1	assembly_or_reference	DR_DQ_candidate_novel_annotation
HG03579#2	HLA-C	1	1	1		1	1	assembly_or_reference	DR_DQ_candidate_novel_annotation
HG03579#2	HLA-DRB1	1	1	1		1	1	assembly_or_reference	DR_DQ_candidate_novel_annotation
HG03579#2	HLA-DQA1	1	1	1		1	1	assembly_or_reference	DR_DQ_candidate_novel_annotation
HG03579#2	HLA-DQB1	1	1	1		1	1	assembly_or_reference	DR_DQ_candidate_novel_annotation
HG03579#2	HLA-DPA1	1	1	1		1	1	assembly_or_reference	DR_DQ_candidate_novel_annotation
HG03579#2	HLA-DPB1	1	1	1		1	1	assembly_or_reference	DR_DQ_candidate_novel_annotation
HG03579#2	HLA-DRB3	1	1	1		1	1	assembly_or_reference	DR_DQ_candidate_novel_annotation
HG03579#2	HLA-DRB4	1	0	0	no_gene_sequence_annotation_not_proven_absence	1	1	assembly_or_reference	DR_DQ_candidate_novel_annotation
HG03579#2	HLA-DRB5	1	0	0	no_gene_sequence_annotation_not_proven_absence	1	1	assembly_or_reference	DR_DQ_candidate_novel_annotation
HG03583#1	HLA-A	1	1	1		1	1	assembly_or_reference	DR_DQ_candidate_novel_annotation;downstream_graph_clipping_loss
HG03583#1	HLA-B	1	1	1		1	1	assembly_or_reference	DR_DQ_candidate_novel_annotation;downstream_graph_clipping_loss
HG03583#1	HLA-C	1	1	1		1	1	assembly_or_reference	DR_DQ_candidate_novel_annotation;downstream_graph_clipping_loss
HG03583#1	HLA-DRB1	1	1	1		1	1	assembly_or_reference	DR_DQ_candidate_novel_annotation;downstream_graph_clipping_loss
HG03583#1	HLA-DQA1	1	1	1		1	1	assembly_or_reference	DR_DQ_candidate_novel_annotation;downstream_graph_clipping_loss
HG03583#1	HLA-DQB1	1	1	1		1	1	assembly_or_reference	DR_DQ_candidate_novel_annotation;downstream_graph_clipping_loss
HG03583#1	HLA-DPA1	1	1	1		1	1	assembly_or_reference	DR_DQ_candidate_novel_annotation;downstream_graph_clipping_loss
HG03583#1	HLA-DPB1	1	1	1		1	1	assembly_or_reference	DR_DQ_candidate_novel_annotation;downstream_graph_clipping_loss
HG03583#1	HLA-DRB3	1	0	0	no_gene_sequence_annotation_not_proven_absence	1	1	assembly_or_reference	DR_DQ_candidate_novel_annotation;downstream_graph_clipping_loss
HG03583#1	HLA-DRB4	1	1	1		1	1	assembly_or_reference	DR_DQ_candidate_novel_annotation;downstream_graph_clipping_loss
HG03583#1	HLA-DRB5	1	0	0	no_gene_sequence_annotation_not_proven_absence	1	1	assembly_or_reference	DR_DQ_candidate_novel_annotation;downstream_graph_clipping_loss
HG03583#2	HLA-A	1	1	1		1	1	assembly_or_reference	
HG03583#2	HLA-B	1	1	1		1	1	assembly_or_reference	
HG03583#2	HLA-C	1	1	1		1	1	assembly_or_reference	
HG03583#2	HLA-DRB1	1	1	1		1	1	assembly_or_reference	
HG03583#2	HLA-DQA1	1	1	1		1	1	assembly_or_reference	
HG03583#2	HLA-DQB1	1	1	1		1	1	assembly_or_reference	
HG03583#2	HLA-DPA1	1	1	1		1	1	assembly_or_reference	
HG03583#2	HLA-DPB1	1	1	1		1	1	assembly_or_reference	
HG03583#2	HLA-DRB3	1	0	0	no_gene_sequence_annotation_not_proven_absence	1	1	assembly_or_reference	
HG03583#2	HLA-DRB4	1	0	0	no_gene_sequence_annotation_not_proven_absence	1	1	assembly_or_reference	
HG03583#2	HLA-DRB5	1	0	0	no_gene_sequence_annotation_not_proven_absence	1	1	assembly_or_reference	
HG03654#1	HLA-A	1	1	1		1	1	assembly_or_reference	DR_DQ_candidate_novel_annotation
HG03654#1	HLA-B	1	1	1		1	1	assembly_or_reference	DR_DQ_candidate_novel_annotation
HG03654#1	HLA-C	1	1	1		1	1	assembly_or_reference	DR_DQ_candidate_novel_annotation
HG03654#1	HLA-DRB1	1	1	1		1	1	assembly_or_reference	DR_DQ_candidate_novel_annotation
HG03654#1	HLA-DQA1	1	1	1		1	1	assembly_or_reference	DR_DQ_candidate_novel_annotation
HG03654#1	HLA-DQB1	1	1	1		1	1	assembly_or_reference	DR_DQ_candidate_novel_annotation
HG03654#1	HLA-DPA1	1	1	1		1	1	assembly_or_reference	DR_DQ_candidate_novel_annotation
HG03654#1	HLA-DPB1	1	1	1		1	1	assembly_or_reference	DR_DQ_candidate_novel_annotation
HG03654#1	HLA-DRB3	1	1	1		1	1	assembly_or_reference	DR_DQ_candidate_novel_annotation
HG03654#1	HLA-DRB4	1	0	0	no_gene_sequence_annotation_not_proven_absence	1	1	assembly_or_reference	DR_DQ_candidate_novel_annotation
HG03654#1	HLA-DRB5	1	0	0	no_gene_sequence_annotation_not_proven_absence	1	1	assembly_or_reference	DR_DQ_candidate_novel_annotation
HG03654#2	HLA-A	1	1	1		1	1	assembly_or_reference	
HG03654#2	HLA-B	1	1	1		1	1	assembly_or_reference	
HG03654#2	HLA-C	1	1	1		1	1	assembly_or_reference	
HG03654#2	HLA-DRB1	1	1	1		1	1	assembly_or_reference	
HG03654#2	HLA-DQA1	1	1	1		1	1	assembly_or_reference	
HG03654#2	HLA-DQB1	1	1	1		1	1	assembly_or_reference	
HG03654#2	HLA-DPA1	1	1	1		1	1	assembly_or_reference	
HG03654#2	HLA-DPB1	1	1	1		1	1	assembly_or_reference	
HG03654#2	HLA-DRB3	1	1	1		1	1	assembly_or_reference	
HG03654#2	HLA-DRB4	1	0	0	no_gene_sequence_annotation_not_proven_absence	1	1	assembly_or_reference	
HG03654#2	HLA-DRB5	1	0	0	no_gene_sequence_annotation_not_proven_absence	1	1	assembly_or_reference	
HG03669#1	HLA-A	1	1	1		1	1	assembly_or_reference	DR_DQ_candidate_novel_annotation
HG03669#1	HLA-B	1	1	1		1	1	assembly_or_reference	DR_DQ_candidate_novel_annotation
HG03669#1	HLA-C	1	1	1		1	1	assembly_or_reference	DR_DQ_candidate_novel_annotation
HG03669#1	HLA-DRB1	1	1	1		1	1	assembly_or_reference	DR_DQ_candidate_novel_annotation
HG03669#1	HLA-DQA1	1	1	1		1	1	assembly_or_reference	DR_DQ_candidate_novel_annotation
HG03669#1	HLA-DQB1	1	1	1		1	1	assembly_or_reference	DR_DQ_candidate_novel_annotation
HG03669#1	HLA-DPA1	1	1	1		1	1	assembly_or_reference	DR_DQ_candidate_novel_annotation
HG03669#1	HLA-DPB1	1	1	1		1	1	assembly_or_reference	DR_DQ_candidate_novel_annotation
HG03669#1	HLA-DRB3	1	0	0	no_gene_sequence_annotation_not_proven_absence	1	1	assembly_or_reference	DR_DQ_candidate_novel_annotation
HG03669#1	HLA-DRB4	1	0	0	no_gene_sequence_annotation_not_proven_absence	1	1	assembly_or_reference	DR_DQ_candidate_novel_annotation
HG03669#1	HLA-DRB5	1	1	1		1	1	assembly_or_reference	DR_DQ_candidate_novel_annotation
HG03669#2	HLA-A	1	1	1		1	1	assembly_or_reference	DR_DQ_candidate_novel_annotation
HG03669#2	HLA-B	1	1	1		1	1	assembly_or_reference	DR_DQ_candidate_novel_annotation
HG03669#2	HLA-C	1	1	1		1	1	assembly_or_reference	DR_DQ_candidate_novel_annotation
HG03669#2	HLA-DRB1	1	1	1		1	1	assembly_or_reference	DR_DQ_candidate_novel_annotation
HG03669#2	HLA-DQA1	1	1	1		1	1	assembly_or_reference	DR_DQ_candidate_novel_annotation
HG03669#2	HLA-DQB1	1	1	1		1	1	assembly_or_reference	DR_DQ_candidate_novel_annotation
HG03669#2	HLA-DPA1	1	1	1		1	1	assembly_or_reference	DR_DQ_candidate_novel_annotation
HG03669#2	HLA-DPB1	1	1	1		1	1	assembly_or_reference	DR_DQ_candidate_novel_annotation
HG03669#2	HLA-DRB3	1	0	0	no_gene_sequence_annotation_not_proven_absence	1	1	assembly_or_reference	DR_DQ_candidate_novel_annotation
HG03669#2	HLA-DRB4	1	1	1		1	1	assembly_or_reference	DR_DQ_candidate_novel_annotation
HG03669#2	HLA-DRB5	1	0	0	no_gene_sequence_annotation_not_proven_absence	1	1	assembly_or_reference	DR_DQ_candidate_novel_annotation
HG03688#1	HLA-A	1	1	1		1	1	assembly_or_reference	DR_DQ_candidate_novel_annotation
HG03688#1	HLA-B	1	1	1		1	1	assembly_or_reference	DR_DQ_candidate_novel_annotation
HG03688#1	HLA-C	1	1	1		1	1	assembly_or_reference	DR_DQ_candidate_novel_annotation
HG03688#1	HLA-DRB1	1	1	1		1	1	assembly_or_reference	DR_DQ_candidate_novel_annotation
HG03688#1	HLA-DQA1	1	1	1		1	1	assembly_or_reference	DR_DQ_candidate_novel_annotation
HG03688#1	HLA-DQB1	1	1	1		1	1	assembly_or_reference	DR_DQ_candidate_novel_annotation
HG03688#1	HLA-DPA1	1	1	1		1	1	assembly_or_reference	DR_DQ_candidate_novel_annotation
HG03688#1	HLA-DPB1	1	1	1		1	1	assembly_or_reference	DR_DQ_candidate_novel_annotation
HG03688#1	HLA-DRB3	1	0	0	no_gene_sequence_annotation_not_proven_absence	1	1	assembly_or_reference	DR_DQ_candidate_novel_annotation
HG03688#1	HLA-DRB4	1	1	1		1	1	assembly_or_reference	DR_DQ_candidate_novel_annotation
HG03688#1	HLA-DRB5	1	0	0	no_gene_sequence_annotation_not_proven_absence	1	1	assembly_or_reference	DR_DQ_candidate_novel_annotation
HG03688#2	HLA-A	1	1	1		1	1	assembly_or_reference	
HG03688#2	HLA-B	1	1	1		1	1	assembly_or_reference	
HG03688#2	HLA-C	1	1	1		1	1	assembly_or_reference	
HG03688#2	HLA-DRB1	1	1	1		1	1	assembly_or_reference	
HG03688#2	HLA-DQA1	1	1	1		1	1	assembly_or_reference	
HG03688#2	HLA-DQB1	1	1	1		1	1	assembly_or_reference	
HG03688#2	HLA-DPA1	1	1	1		1	1	assembly_or_reference	
HG03688#2	HLA-DPB1	1	1	1		1	1	assembly_or_reference	
HG03688#2	HLA-DRB3	1	0	0	no_gene_sequence_annotation_not_proven_absence	1	1	assembly_or_reference	
HG03688#2	HLA-DRB4	1	0	0	no_gene_sequence_annotation_not_proven_absence	1	1	assembly_or_reference	
HG03688#2	HLA-DRB5	1	1	1		1	1	assembly_or_reference	
HG03704#1	HLA-A	1	1	1		1	1	assembly_or_reference	DR_DQ_candidate_novel_annotation
HG03704#1	HLA-B	1	1	1		1	1	assembly_or_reference	DR_DQ_candidate_novel_annotation
HG03704#1	HLA-C	1	1	1		1	1	assembly_or_reference	DR_DQ_candidate_novel_annotation
HG03704#1	HLA-DRB1	1	1	1		1	1	assembly_or_reference	DR_DQ_candidate_novel_annotation
HG03704#1	HLA-DQA1	1	1	1		1	1	assembly_or_reference	DR_DQ_candidate_novel_annotation
HG03704#1	HLA-DQB1	1	1	1		1	1	assembly_or_reference	DR_DQ_candidate_novel_annotation
HG03704#1	HLA-DPA1	1	1	1		1	1	assembly_or_reference	DR_DQ_candidate_novel_annotation
HG03704#1	HLA-DPB1	1	1	1		1	1	assembly_or_reference	DR_DQ_candidate_novel_annotation
HG03704#1	HLA-DRB3	1	1	1		1	1	assembly_or_reference	DR_DQ_candidate_novel_annotation
HG03704#1	HLA-DRB4	1	0	0	no_gene_sequence_annotation_not_proven_absence	1	1	assembly_or_reference	DR_DQ_candidate_novel_annotation
HG03704#1	HLA-DRB5	1	0	0	no_gene_sequence_annotation_not_proven_absence	1	1	assembly_or_reference	DR_DQ_candidate_novel_annotation
HG03704#2	HLA-A	1	1	1		1	0	assembly_or_reference	
HG03704#2	HLA-B	1	1	1		1	0	assembly_or_reference	
HG03704#2	HLA-C	1	1	1		1	0	assembly_or_reference	
HG03704#2	HLA-DRB1	1	1	1		1	0	assembly_or_reference	
HG03704#2	HLA-DQA1	1	1	1		1	0	assembly_or_reference	
HG03704#2	HLA-DQB1	1	1	1		1	0	assembly_or_reference	
HG03704#2	HLA-DPA1	1	1	1		1	0	assembly_or_reference	
HG03704#2	HLA-DPB1	1	1	1		1	0	assembly_or_reference	
HG03704#2	HLA-DRB3	1	0	0	no_gene_sequence_annotation_not_proven_absence	1	0	assembly_or_reference	
HG03704#2	HLA-DRB4	1	1	0	cds_completeness_or_abnormality	1	0	assembly_or_reference	
HG03704#2	HLA-DRB5	1	0	0	no_gene_sequence_annotation_not_proven_absence	1	0	assembly_or_reference	
HG03710#1	HLA-A	1	1	1		1	1	assembly_or_reference	DR_DQ_candidate_novel_annotation
HG03710#1	HLA-B	1	1	1		1	1	assembly_or_reference	DR_DQ_candidate_novel_annotation
HG03710#1	HLA-C	1	1	1		1	1	assembly_or_reference	DR_DQ_candidate_novel_annotation
HG03710#1	HLA-DRB1	1	1	1		1	1	assembly_or_reference	DR_DQ_candidate_novel_annotation
HG03710#1	HLA-DQA1	1	1	1		1	1	assembly_or_reference	DR_DQ_candidate_novel_annotation
HG03710#1	HLA-DQB1	1	1	1		1	1	assembly_or_reference	DR_DQ_candidate_novel_annotation
HG03710#1	HLA-DPA1	1	1	1		1	1	assembly_or_reference	DR_DQ_candidate_novel_annotation
HG03710#1	HLA-DPB1	1	1	1		1	1	assembly_or_reference	DR_DQ_candidate_novel_annotation
HG03710#1	HLA-DRB3	1	0	0	no_gene_sequence_annotation_not_proven_absence	1	1	assembly_or_reference	DR_DQ_candidate_novel_annotation
HG03710#1	HLA-DRB4	1	1	1		1	1	assembly_or_reference	DR_DQ_candidate_novel_annotation
HG03710#1	HLA-DRB5	1	0	0	no_gene_sequence_annotation_not_proven_absence	1	1	assembly_or_reference	DR_DQ_candidate_novel_annotation
HG03710#2	HLA-A	1	1	1		1	1	assembly_or_reference	DR_DQ_candidate_novel_annotation
HG03710#2	HLA-B	1	1	1		1	1	assembly_or_reference	DR_DQ_candidate_novel_annotation
HG03710#2	HLA-C	1	1	1		1	1	assembly_or_reference	DR_DQ_candidate_novel_annotation
HG03710#2	HLA-DRB1	1	1	1		1	1	assembly_or_reference	DR_DQ_candidate_novel_annotation
HG03710#2	HLA-DQA1	1	1	1		1	1	assembly_or_reference	DR_DQ_candidate_novel_annotation
HG03710#2	HLA-DQB1	1	1	1		1	1	assembly_or_reference	DR_DQ_candidate_novel_annotation
HG03710#2	HLA-DPA1	1	1	1		1	1	assembly_or_reference	DR_DQ_candidate_novel_annotation
HG03710#2	HLA-DPB1	1	1	1		1	1	assembly_or_reference	DR_DQ_candidate_novel_annotation
HG03710#2	HLA-DRB3	1	1	1		1	1	assembly_or_reference	DR_DQ_candidate_novel_annotation
HG03710#2	HLA-DRB4	1	0	0	no_gene_sequence_annotation_not_proven_absence	1	1	assembly_or_reference	DR_DQ_candidate_novel_annotation
HG03710#2	HLA-DRB5	1	0	0	no_gene_sequence_annotation_not_proven_absence	1	1	assembly_or_reference	DR_DQ_candidate_novel_annotation
HG03742#1	HLA-A	1	1	1		1	1	assembly_or_reference	DR_DQ_candidate_novel_annotation
HG03742#1	HLA-B	1	1	1		1	1	assembly_or_reference	DR_DQ_candidate_novel_annotation
HG03742#1	HLA-C	1	1	1		1	1	assembly_or_reference	DR_DQ_candidate_novel_annotation
HG03742#1	HLA-DRB1	1	1	1		1	1	assembly_or_reference	DR_DQ_candidate_novel_annotation
HG03742#1	HLA-DQA1	1	1	1		1	1	assembly_or_reference	DR_DQ_candidate_novel_annotation
HG03742#1	HLA-DQB1	1	1	1		1	1	assembly_or_reference	DR_DQ_candidate_novel_annotation
HG03742#1	HLA-DPA1	1	1	1		1	1	assembly_or_reference	DR_DQ_candidate_novel_annotation
HG03742#1	HLA-DPB1	1	1	1		1	1	assembly_or_reference	DR_DQ_candidate_novel_annotation
HG03742#1	HLA-DRB3	1	0	0	no_gene_sequence_annotation_not_proven_absence	1	1	assembly_or_reference	DR_DQ_candidate_novel_annotation
HG03742#1	HLA-DRB4	1	1	1		1	1	assembly_or_reference	DR_DQ_candidate_novel_annotation
HG03742#1	HLA-DRB5	1	0	0	no_gene_sequence_annotation_not_proven_absence	1	1	assembly_or_reference	DR_DQ_candidate_novel_annotation
HG03742#2	HLA-A	1	1	1		1	1	assembly_or_reference	
HG03742#2	HLA-B	1	1	1		1	1	assembly_or_reference	
HG03742#2	HLA-C	1	1	1		1	1	assembly_or_reference	
HG03742#2	HLA-DRB1	1	1	1		1	1	assembly_or_reference	
HG03742#2	HLA-DQA1	1	1	1		1	1	assembly_or_reference	
HG03742#2	HLA-DQB1	1	1	1		1	1	assembly_or_reference	
HG03742#2	HLA-DPA1	1	1	1		1	1	assembly_or_reference	
HG03742#2	HLA-DPB1	1	1	1		1	1	assembly_or_reference	
HG03742#2	HLA-DRB3	1	0	0	no_gene_sequence_annotation_not_proven_absence	1	1	assembly_or_reference	
HG03742#2	HLA-DRB4	1	0	0	no_gene_sequence_annotation_not_proven_absence	1	1	assembly_or_reference	
HG03742#2	HLA-DRB5	1	0	0	no_gene_sequence_annotation_not_proven_absence	1	1	assembly_or_reference	
HG03784#1	HLA-A	1	1	1		1	1	assembly_or_reference	
HG03784#1	HLA-B	1	1	1		1	1	assembly_or_reference	
HG03784#1	HLA-C	1	1	1		1	1	assembly_or_reference	
HG03784#1	HLA-DRB1	1	1	1		1	1	assembly_or_reference	
HG03784#1	HLA-DQA1	1	1	1		1	1	assembly_or_reference	
HG03784#1	HLA-DQB1	1	1	1		1	1	assembly_or_reference	
HG03784#1	HLA-DPA1	1	1	1		1	1	assembly_or_reference	
HG03784#1	HLA-DPB1	1	1	1		1	1	assembly_or_reference	
HG03784#1	HLA-DRB3	1	1	1		1	1	assembly_or_reference	
HG03784#1	HLA-DRB4	1	0	0	no_gene_sequence_annotation_not_proven_absence	1	1	assembly_or_reference	
HG03784#1	HLA-DRB5	1	0	0	no_gene_sequence_annotation_not_proven_absence	1	1	assembly_or_reference	
HG03784#2	HLA-A	1	1	1		1	1	assembly_or_reference	DR_DQ_candidate_novel_annotation
HG03784#2	HLA-B	1	1	1		1	1	assembly_or_reference	DR_DQ_candidate_novel_annotation
HG03784#2	HLA-C	1	1	1		1	1	assembly_or_reference	DR_DQ_candidate_novel_annotation
HG03784#2	HLA-DRB1	1	1	1		1	1	assembly_or_reference	DR_DQ_candidate_novel_annotation
HG03784#2	HLA-DQA1	1	1	1		1	1	assembly_or_reference	DR_DQ_candidate_novel_annotation
HG03784#2	HLA-DQB1	1	1	1		1	1	assembly_or_reference	DR_DQ_candidate_novel_annotation
HG03784#2	HLA-DPA1	1	1	1		1	1	assembly_or_reference	DR_DQ_candidate_novel_annotation
HG03784#2	HLA-DPB1	1	1	1		1	1	assembly_or_reference	DR_DQ_candidate_novel_annotation
HG03784#2	HLA-DRB3	1	1	1		1	1	assembly_or_reference	DR_DQ_candidate_novel_annotation
HG03784#2	HLA-DRB4	1	0	0	no_gene_sequence_annotation_not_proven_absence	1	1	assembly_or_reference	DR_DQ_candidate_novel_annotation
HG03784#2	HLA-DRB5	1	0	0	no_gene_sequence_annotation_not_proven_absence	1	1	assembly_or_reference	DR_DQ_candidate_novel_annotation
HG03804#1	HLA-A	1	1	1		1	1	assembly_or_reference	
HG03804#1	HLA-B	1	1	1		1	1	assembly_or_reference	
HG03804#1	HLA-C	1	1	1		1	1	assembly_or_reference	
HG03804#1	HLA-DRB1	1	1	1		1	1	assembly_or_reference	
HG03804#1	HLA-DQA1	1	1	1		1	1	assembly_or_reference	
HG03804#1	HLA-DQB1	1	1	1		1	1	assembly_or_reference	
HG03804#1	HLA-DPA1	1	1	1		1	1	assembly_or_reference	
HG03804#1	HLA-DPB1	1	1	1		1	1	assembly_or_reference	
HG03804#1	HLA-DRB3	1	0	0	no_gene_sequence_annotation_not_proven_absence	1	1	assembly_or_reference	
HG03804#1	HLA-DRB4	1	0	0	no_gene_sequence_annotation_not_proven_absence	1	1	assembly_or_reference	
HG03804#1	HLA-DRB5	1	1	1		1	1	assembly_or_reference	
HG03804#2	HLA-A	1	1	1		1	1	assembly_or_reference	DR_DQ_candidate_novel_annotation
HG03804#2	HLA-B	1	1	1		1	1	assembly_or_reference	DR_DQ_candidate_novel_annotation
HG03804#2	HLA-C	1	1	1		1	1	assembly_or_reference	DR_DQ_candidate_novel_annotation
HG03804#2	HLA-DRB1	1	1	1		1	1	assembly_or_reference	DR_DQ_candidate_novel_annotation
HG03804#2	HLA-DQA1	1	1	1		1	1	assembly_or_reference	DR_DQ_candidate_novel_annotation
HG03804#2	HLA-DQB1	1	1	1		1	1	assembly_or_reference	DR_DQ_candidate_novel_annotation
HG03804#2	HLA-DPA1	1	1	1		1	1	assembly_or_reference	DR_DQ_candidate_novel_annotation
HG03804#2	HLA-DPB1	1	1	1		1	1	assembly_or_reference	DR_DQ_candidate_novel_annotation
HG03804#2	HLA-DRB3	1	0	0	no_gene_sequence_annotation_not_proven_absence	1	1	assembly_or_reference	DR_DQ_candidate_novel_annotation
HG03804#2	HLA-DRB4	1	0	0	no_gene_sequence_annotation_not_proven_absence	1	1	assembly_or_reference	DR_DQ_candidate_novel_annotation
HG03804#2	HLA-DRB5	1	1	1		1	1	assembly_or_reference	DR_DQ_candidate_novel_annotation
HG03816#1	HLA-A	1	1	1		1	1	assembly_or_reference	DR_DQ_candidate_novel_annotation
HG03816#1	HLA-B	1	1	1		1	1	assembly_or_reference	DR_DQ_candidate_novel_annotation
HG03816#1	HLA-C	1	1	1		1	1	assembly_or_reference	DR_DQ_candidate_novel_annotation
HG03816#1	HLA-DRB1	1	1	1		1	1	assembly_or_reference	DR_DQ_candidate_novel_annotation
HG03816#1	HLA-DQA1	1	1	1		1	1	assembly_or_reference	DR_DQ_candidate_novel_annotation
HG03816#1	HLA-DQB1	1	1	1		1	1	assembly_or_reference	DR_DQ_candidate_novel_annotation
HG03816#1	HLA-DPA1	1	1	1		1	1	assembly_or_reference	DR_DQ_candidate_novel_annotation
HG03816#1	HLA-DPB1	1	1	1		1	1	assembly_or_reference	DR_DQ_candidate_novel_annotation
HG03816#1	HLA-DRB3	1	0	0	no_gene_sequence_annotation_not_proven_absence	1	1	assembly_or_reference	DR_DQ_candidate_novel_annotation
HG03816#1	HLA-DRB4	1	1	1		1	1	assembly_or_reference	DR_DQ_candidate_novel_annotation
HG03816#1	HLA-DRB5	1	0	0	no_gene_sequence_annotation_not_proven_absence	1	1	assembly_or_reference	DR_DQ_candidate_novel_annotation
HG03816#2	HLA-A	1	1	1		1	1	assembly_or_reference	
HG03816#2	HLA-B	1	1	1		1	1	assembly_or_reference	
HG03816#2	HLA-C	1	1	1		1	1	assembly_or_reference	
HG03816#2	HLA-DRB1	1	1	1		1	1	assembly_or_reference	
HG03816#2	HLA-DQA1	1	1	1		1	1	assembly_or_reference	
HG03816#2	HLA-DQB1	1	1	1		1	1	assembly_or_reference	
HG03816#2	HLA-DPA1	1	1	1		1	1	assembly_or_reference	
HG03816#2	HLA-DPB1	1	1	1		1	1	assembly_or_reference	
HG03816#2	HLA-DRB3	1	0	0	no_gene_sequence_annotation_not_proven_absence	1	1	assembly_or_reference	
HG03816#2	HLA-DRB4	1	0	0	no_gene_sequence_annotation_not_proven_absence	1	1	assembly_or_reference	
HG03816#2	HLA-DRB5	1	0	0	no_gene_sequence_annotation_not_proven_absence	1	1	assembly_or_reference	
HG03831#1	HLA-A	1	1	1		1	1	assembly_or_reference	DR_DQ_candidate_novel_annotation
HG03831#1	HLA-B	1	1	1		1	1	assembly_or_reference	DR_DQ_candidate_novel_annotation
HG03831#1	HLA-C	1	1	1		1	1	assembly_or_reference	DR_DQ_candidate_novel_annotation
HG03831#1	HLA-DRB1	1	1	1		1	1	assembly_or_reference	DR_DQ_candidate_novel_annotation
HG03831#1	HLA-DQA1	1	1	1		1	1	assembly_or_reference	DR_DQ_candidate_novel_annotation
HG03831#1	HLA-DQB1	1	1	1		1	1	assembly_or_reference	DR_DQ_candidate_novel_annotation
HG03831#1	HLA-DPA1	1	1	1		1	1	assembly_or_reference	DR_DQ_candidate_novel_annotation
HG03831#1	HLA-DPB1	1	1	1		1	1	assembly_or_reference	DR_DQ_candidate_novel_annotation
HG03831#1	HLA-DRB3	1	0	0	no_gene_sequence_annotation_not_proven_absence	1	1	assembly_or_reference	DR_DQ_candidate_novel_annotation
HG03831#1	HLA-DRB4	1	0	0	no_gene_sequence_annotation_not_proven_absence	1	1	assembly_or_reference	DR_DQ_candidate_novel_annotation
HG03831#1	HLA-DRB5	1	1	1		1	1	assembly_or_reference	DR_DQ_candidate_novel_annotation
HG03831#2	HLA-A	1	1	1		1	1	assembly_or_reference	DR_DQ_candidate_novel_annotation
HG03831#2	HLA-B	1	1	1		1	1	assembly_or_reference	DR_DQ_candidate_novel_annotation
HG03831#2	HLA-C	1	1	1		1	1	assembly_or_reference	DR_DQ_candidate_novel_annotation
HG03831#2	HLA-DRB1	1	1	1		1	1	assembly_or_reference	DR_DQ_candidate_novel_annotation
HG03831#2	HLA-DQA1	1	1	1		1	1	assembly_or_reference	DR_DQ_candidate_novel_annotation
HG03831#2	HLA-DQB1	1	1	1		1	1	assembly_or_reference	DR_DQ_candidate_novel_annotation
HG03831#2	HLA-DPA1	1	1	1		1	1	assembly_or_reference	DR_DQ_candidate_novel_annotation
HG03831#2	HLA-DPB1	1	1	1		1	1	assembly_or_reference	DR_DQ_candidate_novel_annotation
HG03831#2	HLA-DRB3	1	0	0	no_gene_sequence_annotation_not_proven_absence	1	1	assembly_or_reference	DR_DQ_candidate_novel_annotation
HG03831#2	HLA-DRB4	1	0	0	no_gene_sequence_annotation_not_proven_absence	1	1	assembly_or_reference	DR_DQ_candidate_novel_annotation
HG03831#2	HLA-DRB5	1	1	1		1	1	assembly_or_reference	DR_DQ_candidate_novel_annotation
HG03834#1	HLA-A	1	1	1		1	1	assembly_or_reference	
HG03834#1	HLA-B	1	1	1		1	1	assembly_or_reference	
HG03834#1	HLA-C	1	1	1		1	1	assembly_or_reference	
HG03834#1	HLA-DRB1	1	1	1		1	1	assembly_or_reference	
HG03834#1	HLA-DQA1	1	1	1		1	1	assembly_or_reference	
HG03834#1	HLA-DQB1	1	1	1		1	1	assembly_or_reference	
HG03834#1	HLA-DPA1	1	1	1		1	1	assembly_or_reference	
HG03834#1	HLA-DPB1	1	1	1		1	1	assembly_or_reference	
HG03834#1	HLA-DRB3	1	0	0	no_gene_sequence_annotation_not_proven_absence	1	1	assembly_or_reference	
HG03834#1	HLA-DRB4	1	1	1		1	1	assembly_or_reference	
HG03834#1	HLA-DRB5	1	0	0	no_gene_sequence_annotation_not_proven_absence	1	1	assembly_or_reference	
HG03834#2	HLA-A	1	1	1		1	1	assembly_or_reference	
HG03834#2	HLA-B	1	1	1		1	1	assembly_or_reference	
HG03834#2	HLA-C	1	1	1		1	1	assembly_or_reference	
HG03834#2	HLA-DRB1	1	1	1		1	1	assembly_or_reference	
HG03834#2	HLA-DQA1	1	1	1		1	1	assembly_or_reference	
HG03834#2	HLA-DQB1	1	1	1		1	1	assembly_or_reference	
HG03834#2	HLA-DPA1	1	1	1		1	1	assembly_or_reference	
HG03834#2	HLA-DPB1	1	1	1		1	1	assembly_or_reference	
HG03834#2	HLA-DRB3	1	0	0	no_gene_sequence_annotation_not_proven_absence	1	1	assembly_or_reference	
HG03834#2	HLA-DRB4	1	0	0	no_gene_sequence_annotation_not_proven_absence	1	1	assembly_or_reference	
HG03834#2	HLA-DRB5	1	0	0	no_gene_sequence_annotation_not_proven_absence	1	1	assembly_or_reference	
HG03874#1	HLA-A	1	1	1		1	1	assembly_or_reference	DR_DQ_candidate_novel_annotation
HG03874#1	HLA-B	1	1	1		1	1	assembly_or_reference	DR_DQ_candidate_novel_annotation
HG03874#1	HLA-C	1	1	1		1	1	assembly_or_reference	DR_DQ_candidate_novel_annotation
HG03874#1	HLA-DRB1	1	1	1		1	1	assembly_or_reference	DR_DQ_candidate_novel_annotation
HG03874#1	HLA-DQA1	1	1	1		1	1	assembly_or_reference	DR_DQ_candidate_novel_annotation
HG03874#1	HLA-DQB1	1	1	1		1	1	assembly_or_reference	DR_DQ_candidate_novel_annotation
HG03874#1	HLA-DPA1	1	1	1		1	1	assembly_or_reference	DR_DQ_candidate_novel_annotation
HG03874#1	HLA-DPB1	1	1	1		1	1	assembly_or_reference	DR_DQ_candidate_novel_annotation
HG03874#1	HLA-DRB3	1	1	1		1	1	assembly_or_reference	DR_DQ_candidate_novel_annotation
HG03874#1	HLA-DRB4	1	0	0	no_gene_sequence_annotation_not_proven_absence	1	1	assembly_or_reference	DR_DQ_candidate_novel_annotation
HG03874#1	HLA-DRB5	1	0	0	no_gene_sequence_annotation_not_proven_absence	1	1	assembly_or_reference	DR_DQ_candidate_novel_annotation
HG03874#2	HLA-A	1	1	1		1	0	assembly_or_reference	DR_DQ_candidate_novel_annotation
HG03874#2	HLA-B	1	1	1		1	0	assembly_or_reference	DR_DQ_candidate_novel_annotation
HG03874#2	HLA-C	1	1	1		1	0	assembly_or_reference	DR_DQ_candidate_novel_annotation
HG03874#2	HLA-DRB1	1	1	1		1	0	assembly_or_reference	DR_DQ_candidate_novel_annotation
HG03874#2	HLA-DQA1	1	1	1		1	0	assembly_or_reference	DR_DQ_candidate_novel_annotation
HG03874#2	HLA-DQB1	1	1	1		1	0	assembly_or_reference	DR_DQ_candidate_novel_annotation
HG03874#2	HLA-DPA1	1	1	1		1	0	assembly_or_reference	DR_DQ_candidate_novel_annotation
HG03874#2	HLA-DPB1	1	1	1		1	0	assembly_or_reference	DR_DQ_candidate_novel_annotation
HG03874#2	HLA-DRB3	1	0	0	no_gene_sequence_annotation_not_proven_absence	1	0	assembly_or_reference	DR_DQ_candidate_novel_annotation
HG03874#2	HLA-DRB4	1	1	0	cds_completeness_or_abnormality	1	0	assembly_or_reference	DR_DQ_candidate_novel_annotation
HG03874#2	HLA-DRB5	1	0	0	no_gene_sequence_annotation_not_proven_absence	1	0	assembly_or_reference	DR_DQ_candidate_novel_annotation
HG03927#1	HLA-A	1	1	1		1	1	assembly_or_reference	DR_DQ_candidate_novel_annotation
HG03927#1	HLA-B	1	1	1		1	1	assembly_or_reference	DR_DQ_candidate_novel_annotation
HG03927#1	HLA-C	1	1	1		1	1	assembly_or_reference	DR_DQ_candidate_novel_annotation
HG03927#1	HLA-DRB1	1	1	1		1	1	assembly_or_reference	DR_DQ_candidate_novel_annotation
HG03927#1	HLA-DQA1	1	1	1		1	1	assembly_or_reference	DR_DQ_candidate_novel_annotation
HG03927#1	HLA-DQB1	1	1	1		1	1	assembly_or_reference	DR_DQ_candidate_novel_annotation
HG03927#1	HLA-DPA1	1	1	1		1	1	assembly_or_reference	DR_DQ_candidate_novel_annotation
HG03927#1	HLA-DPB1	1	1	1		1	1	assembly_or_reference	DR_DQ_candidate_novel_annotation
HG03927#1	HLA-DRB3	1	1	1		1	1	assembly_or_reference	DR_DQ_candidate_novel_annotation
HG03927#1	HLA-DRB4	1	0	0	no_gene_sequence_annotation_not_proven_absence	1	1	assembly_or_reference	DR_DQ_candidate_novel_annotation
HG03927#1	HLA-DRB5	1	0	0	no_gene_sequence_annotation_not_proven_absence	1	1	assembly_or_reference	DR_DQ_candidate_novel_annotation
HG03927#2	HLA-A	1	1	1		1	0	assembly_or_reference	DR_DQ_candidate_novel_annotation
HG03927#2	HLA-B	1	1	1		1	0	assembly_or_reference	DR_DQ_candidate_novel_annotation
HG03927#2	HLA-C	1	1	1		1	0	assembly_or_reference	DR_DQ_candidate_novel_annotation
HG03927#2	HLA-DRB1	1	1	1		1	0	assembly_or_reference	DR_DQ_candidate_novel_annotation
HG03927#2	HLA-DQA1	1	1	1		1	0	assembly_or_reference	DR_DQ_candidate_novel_annotation
HG03927#2	HLA-DQB1	1	1	1		1	0	assembly_or_reference	DR_DQ_candidate_novel_annotation
HG03927#2	HLA-DPA1	1	1	1		1	0	assembly_or_reference	DR_DQ_candidate_novel_annotation
HG03927#2	HLA-DPB1	1	1	1		1	0	assembly_or_reference	DR_DQ_candidate_novel_annotation
HG03927#2	HLA-DRB3	1	0	0	no_gene_sequence_annotation_not_proven_absence	1	0	assembly_or_reference	DR_DQ_candidate_novel_annotation
HG03927#2	HLA-DRB4	1	1	0	cds_completeness_or_abnormality	1	0	assembly_or_reference	DR_DQ_candidate_novel_annotation
HG03927#2	HLA-DRB5	1	0	0	no_gene_sequence_annotation_not_proven_absence	1	0	assembly_or_reference	DR_DQ_candidate_novel_annotation
HG03942#1	HLA-A	1	1	1		1	1	assembly_or_reference	
HG03942#1	HLA-B	1	1	1		1	1	assembly_or_reference	
HG03942#1	HLA-C	1	1	1		1	1	assembly_or_reference	
HG03942#1	HLA-DRB1	1	1	1		1	1	assembly_or_reference	
HG03942#1	HLA-DQA1	1	1	1		1	1	assembly_or_reference	
HG03942#1	HLA-DQB1	1	1	1		1	1	assembly_or_reference	
HG03942#1	HLA-DPA1	1	1	1		1	1	assembly_or_reference	
HG03942#1	HLA-DPB1	1	1	1		1	1	assembly_or_reference	
HG03942#1	HLA-DRB3	1	0	0	no_gene_sequence_annotation_not_proven_absence	1	1	assembly_or_reference	
HG03942#1	HLA-DRB4	1	0	0	no_gene_sequence_annotation_not_proven_absence	1	1	assembly_or_reference	
HG03942#1	HLA-DRB5	1	1	1		1	1	assembly_or_reference	
HG03942#2	HLA-A	1	1	1		1	1	assembly_or_reference	
HG03942#2	HLA-B	1	1	1		1	1	assembly_or_reference	
HG03942#2	HLA-C	1	1	1		1	1	assembly_or_reference	
HG03942#2	HLA-DRB1	1	1	1		1	1	assembly_or_reference	
HG03942#2	HLA-DQA1	1	1	1		1	1	assembly_or_reference	
HG03942#2	HLA-DQB1	1	1	1		1	1	assembly_or_reference	
HG03942#2	HLA-DPA1	1	1	1		1	1	assembly_or_reference	
HG03942#2	HLA-DPB1	1	1	1		1	1	assembly_or_reference	
HG03942#2	HLA-DRB3	1	0	0	no_gene_sequence_annotation_not_proven_absence	1	1	assembly_or_reference	
HG03942#2	HLA-DRB4	1	0	0	no_gene_sequence_annotation_not_proven_absence	1	1	assembly_or_reference	
HG03942#2	HLA-DRB5	1	1	1		1	1	assembly_or_reference	
HG04115#1	HLA-A	1	1	1		1	1	assembly_or_reference	
HG04115#1	HLA-B	1	1	1		1	1	assembly_or_reference	
HG04115#1	HLA-C	1	1	1		1	1	assembly_or_reference	
HG04115#1	HLA-DRB1	1	1	1		1	1	assembly_or_reference	
HG04115#1	HLA-DQA1	1	1	1		1	1	assembly_or_reference	
HG04115#1	HLA-DQB1	1	1	1		1	1	assembly_or_reference	
HG04115#1	HLA-DPA1	1	1	1		1	1	assembly_or_reference	
HG04115#1	HLA-DPB1	1	1	1		1	1	assembly_or_reference	
HG04115#1	HLA-DRB3	1	0	0	no_gene_sequence_annotation_not_proven_absence	1	1	assembly_or_reference	
HG04115#1	HLA-DRB4	1	0	0	no_gene_sequence_annotation_not_proven_absence	1	1	assembly_or_reference	
HG04115#1	HLA-DRB5	1	0	0	no_gene_sequence_annotation_not_proven_absence	1	1	assembly_or_reference	
HG04115#2	HLA-A	1	1	1		1	0	assembly_or_reference	DR_DQ_candidate_novel_annotation;downstream_graph_clipping_loss
HG04115#2	HLA-B	1	1	1		1	0	assembly_or_reference	DR_DQ_candidate_novel_annotation;downstream_graph_clipping_loss
HG04115#2	HLA-C	1	1	1		1	0	assembly_or_reference	DR_DQ_candidate_novel_annotation;downstream_graph_clipping_loss
HG04115#2	HLA-DRB1	1	1	1		1	0	assembly_or_reference	DR_DQ_candidate_novel_annotation;downstream_graph_clipping_loss
HG04115#2	HLA-DQA1	1	1	1		1	0	assembly_or_reference	DR_DQ_candidate_novel_annotation;downstream_graph_clipping_loss
HG04115#2	HLA-DQB1	1	1	1		1	0	assembly_or_reference	DR_DQ_candidate_novel_annotation;downstream_graph_clipping_loss
HG04115#2	HLA-DPA1	1	1	1		1	0	assembly_or_reference	DR_DQ_candidate_novel_annotation;downstream_graph_clipping_loss
HG04115#2	HLA-DPB1	1	1	1		1	0	assembly_or_reference	DR_DQ_candidate_novel_annotation;downstream_graph_clipping_loss
HG04115#2	HLA-DRB3	1	0	0	no_gene_sequence_annotation_not_proven_absence	1	0	assembly_or_reference	DR_DQ_candidate_novel_annotation;downstream_graph_clipping_loss
HG04115#2	HLA-DRB4	1	1	0	cds_completeness_or_abnormality	1	0	assembly_or_reference	DR_DQ_candidate_novel_annotation;downstream_graph_clipping_loss
HG04115#2	HLA-DRB5	1	0	0	no_gene_sequence_annotation_not_proven_absence	1	0	assembly_or_reference	DR_DQ_candidate_novel_annotation;downstream_graph_clipping_loss
HG04157#1	HLA-A	1	1	1		1	1	assembly_or_reference	DR_DQ_candidate_novel_annotation
HG04157#1	HLA-B	1	1	1		1	1	assembly_or_reference	DR_DQ_candidate_novel_annotation
HG04157#1	HLA-C	1	1	1		1	1	assembly_or_reference	DR_DQ_candidate_novel_annotation
HG04157#1	HLA-DRB1	1	1	1		1	1	assembly_or_reference	DR_DQ_candidate_novel_annotation
HG04157#1	HLA-DQA1	1	1	1		1	1	assembly_or_reference	DR_DQ_candidate_novel_annotation
HG04157#1	HLA-DQB1	1	1	1		1	1	assembly_or_reference	DR_DQ_candidate_novel_annotation
HG04157#1	HLA-DPA1	1	1	1		1	1	assembly_or_reference	DR_DQ_candidate_novel_annotation
HG04157#1	HLA-DPB1	1	1	1		1	1	assembly_or_reference	DR_DQ_candidate_novel_annotation
HG04157#1	HLA-DRB3	1	0	0	no_gene_sequence_annotation_not_proven_absence	1	1	assembly_or_reference	DR_DQ_candidate_novel_annotation
HG04157#1	HLA-DRB4	1	1	1		1	1	assembly_or_reference	DR_DQ_candidate_novel_annotation
HG04157#1	HLA-DRB5	1	0	0	no_gene_sequence_annotation_not_proven_absence	1	1	assembly_or_reference	DR_DQ_candidate_novel_annotation
HG04157#2	HLA-A	1	1	1		1	1	assembly_or_reference	DR_DQ_candidate_novel_annotation
HG04157#2	HLA-B	1	1	1		1	1	assembly_or_reference	DR_DQ_candidate_novel_annotation
HG04157#2	HLA-C	1	1	1		1	1	assembly_or_reference	DR_DQ_candidate_novel_annotation
HG04157#2	HLA-DRB1	1	1	1		1	1	assembly_or_reference	DR_DQ_candidate_novel_annotation
HG04157#2	HLA-DQA1	1	1	1		1	1	assembly_or_reference	DR_DQ_candidate_novel_annotation
HG04157#2	HLA-DQB1	1	1	1		1	1	assembly_or_reference	DR_DQ_candidate_novel_annotation
HG04157#2	HLA-DPA1	1	1	1		1	1	assembly_or_reference	DR_DQ_candidate_novel_annotation
HG04157#2	HLA-DPB1	1	1	1		1	1	assembly_or_reference	DR_DQ_candidate_novel_annotation
HG04157#2	HLA-DRB3	1	0	0	no_gene_sequence_annotation_not_proven_absence	1	1	assembly_or_reference	DR_DQ_candidate_novel_annotation
HG04157#2	HLA-DRB4	1	0	0	no_gene_sequence_annotation_not_proven_absence	1	1	assembly_or_reference	DR_DQ_candidate_novel_annotation
HG04157#2	HLA-DRB5	1	1	1		1	1	assembly_or_reference	DR_DQ_candidate_novel_annotation
HG04160#1	HLA-A	1	1	1		1	1	assembly_or_reference	
HG04160#1	HLA-B	1	1	1		1	1	assembly_or_reference	
HG04160#1	HLA-C	1	1	1		1	1	assembly_or_reference	
HG04160#1	HLA-DRB1	1	1	1		1	1	assembly_or_reference	
HG04160#1	HLA-DQA1	1	1	1		1	1	assembly_or_reference	
HG04160#1	HLA-DQB1	1	1	1		1	1	assembly_or_reference	
HG04160#1	HLA-DPA1	1	1	1		1	1	assembly_or_reference	
HG04160#1	HLA-DPB1	1	1	1		1	1	assembly_or_reference	
HG04160#1	HLA-DRB3	1	0	0	no_gene_sequence_annotation_not_proven_absence	1	1	assembly_or_reference	
HG04160#1	HLA-DRB4	1	0	0	no_gene_sequence_annotation_not_proven_absence	1	1	assembly_or_reference	
HG04160#1	HLA-DRB5	1	0	0	no_gene_sequence_annotation_not_proven_absence	1	1	assembly_or_reference	
HG04160#2	HLA-A	1	1	1		1	1	assembly_or_reference	DR_DQ_candidate_novel_annotation
HG04160#2	HLA-B	1	1	1		1	1	assembly_or_reference	DR_DQ_candidate_novel_annotation
HG04160#2	HLA-C	1	1	1		1	1	assembly_or_reference	DR_DQ_candidate_novel_annotation
HG04160#2	HLA-DRB1	1	1	1		1	1	assembly_or_reference	DR_DQ_candidate_novel_annotation
HG04160#2	HLA-DQA1	1	1	1		1	1	assembly_or_reference	DR_DQ_candidate_novel_annotation
HG04160#2	HLA-DQB1	1	1	1		1	1	assembly_or_reference	DR_DQ_candidate_novel_annotation
HG04160#2	HLA-DPA1	1	1	1		1	1	assembly_or_reference	DR_DQ_candidate_novel_annotation
HG04160#2	HLA-DPB1	1	1	1		1	1	assembly_or_reference	DR_DQ_candidate_novel_annotation
HG04160#2	HLA-DRB3	1	0	0	no_gene_sequence_annotation_not_proven_absence	1	1	assembly_or_reference	DR_DQ_candidate_novel_annotation
HG04160#2	HLA-DRB4	1	0	0	no_gene_sequence_annotation_not_proven_absence	1	1	assembly_or_reference	DR_DQ_candidate_novel_annotation
HG04160#2	HLA-DRB5	1	1	1		1	1	assembly_or_reference	DR_DQ_candidate_novel_annotation
HG04184#1	HLA-A	1	1	1		1	0	assembly_or_reference	
HG04184#1	HLA-B	1	1	1		1	0	assembly_or_reference	
HG04184#1	HLA-C	1	1	1		1	0	assembly_or_reference	
HG04184#1	HLA-DRB1	1	1	1		1	0	assembly_or_reference	
HG04184#1	HLA-DQA1	1	1	1		1	0	assembly_or_reference	
HG04184#1	HLA-DQB1	1	1	1		1	0	assembly_or_reference	
HG04184#1	HLA-DPA1	1	1	1		1	0	assembly_or_reference	
HG04184#1	HLA-DPB1	1	1	1		1	0	assembly_or_reference	
HG04184#1	HLA-DRB3	1	0	0	no_gene_sequence_annotation_not_proven_absence	1	0	assembly_or_reference	
HG04184#1	HLA-DRB4	1	1	0	cds_completeness_or_abnormality	1	0	assembly_or_reference	
HG04184#1	HLA-DRB5	1	0	0	no_gene_sequence_annotation_not_proven_absence	1	0	assembly_or_reference	
HG04184#2	HLA-A	1	1	1		1	1	assembly_or_reference	DR_DQ_candidate_novel_annotation
HG04184#2	HLA-B	1	1	1		1	1	assembly_or_reference	DR_DQ_candidate_novel_annotation
HG04184#2	HLA-C	1	1	1		1	1	assembly_or_reference	DR_DQ_candidate_novel_annotation
HG04184#2	HLA-DRB1	1	1	1		1	1	assembly_or_reference	DR_DQ_candidate_novel_annotation
HG04184#2	HLA-DQA1	1	1	1		1	1	assembly_or_reference	DR_DQ_candidate_novel_annotation
HG04184#2	HLA-DQB1	1	1	1		1	1	assembly_or_reference	DR_DQ_candidate_novel_annotation
HG04184#2	HLA-DPA1	1	1	1		1	1	assembly_or_reference	DR_DQ_candidate_novel_annotation
HG04184#2	HLA-DPB1	1	1	1		1	1	assembly_or_reference	DR_DQ_candidate_novel_annotation
HG04184#2	HLA-DRB3	1	0	0	no_gene_sequence_annotation_not_proven_absence	1	1	assembly_or_reference	DR_DQ_candidate_novel_annotation
HG04184#2	HLA-DRB4	1	1	1		1	1	assembly_or_reference	DR_DQ_candidate_novel_annotation
HG04184#2	HLA-DRB5	1	0	0	no_gene_sequence_annotation_not_proven_absence	1	1	assembly_or_reference	DR_DQ_candidate_novel_annotation
HG04187#1	HLA-A	1	1	1		1	1	assembly_or_reference	
HG04187#1	HLA-B	1	1	1		1	1	assembly_or_reference	
HG04187#1	HLA-C	1	1	1		1	1	assembly_or_reference	
HG04187#1	HLA-DRB1	1	1	1		1	1	assembly_or_reference	
HG04187#1	HLA-DQA1	1	1	1		1	1	assembly_or_reference	
HG04187#1	HLA-DQB1	1	1	1		1	1	assembly_or_reference	
HG04187#1	HLA-DPA1	1	1	1		1	1	assembly_or_reference	
HG04187#1	HLA-DPB1	1	1	1		1	1	assembly_or_reference	
HG04187#1	HLA-DRB3	1	1	1		1	1	assembly_or_reference	
HG04187#1	HLA-DRB4	1	0	0	no_gene_sequence_annotation_not_proven_absence	1	1	assembly_or_reference	
HG04187#1	HLA-DRB5	1	0	0	no_gene_sequence_annotation_not_proven_absence	1	1	assembly_or_reference	
HG04187#2	HLA-A	1	1	1		1	1	assembly_or_reference	DR_DQ_candidate_novel_annotation
HG04187#2	HLA-B	1	1	1		1	1	assembly_or_reference	DR_DQ_candidate_novel_annotation
HG04187#2	HLA-C	1	1	1		1	1	assembly_or_reference	DR_DQ_candidate_novel_annotation
HG04187#2	HLA-DRB1	1	1	1		1	1	assembly_or_reference	DR_DQ_candidate_novel_annotation
HG04187#2	HLA-DQA1	1	1	1		1	1	assembly_or_reference	DR_DQ_candidate_novel_annotation
HG04187#2	HLA-DQB1	1	1	1		1	1	assembly_or_reference	DR_DQ_candidate_novel_annotation
HG04187#2	HLA-DPA1	1	1	1		1	1	assembly_or_reference	DR_DQ_candidate_novel_annotation
HG04187#2	HLA-DPB1	1	1	1		1	1	assembly_or_reference	DR_DQ_candidate_novel_annotation
HG04187#2	HLA-DRB3	1	1	1		1	1	assembly_or_reference	DR_DQ_candidate_novel_annotation
HG04187#2	HLA-DRB4	1	0	0	no_gene_sequence_annotation_not_proven_absence	1	1	assembly_or_reference	DR_DQ_candidate_novel_annotation
HG04187#2	HLA-DRB5	1	0	0	no_gene_sequence_annotation_not_proven_absence	1	1	assembly_or_reference	DR_DQ_candidate_novel_annotation
HG04199#1	HLA-A	1	1	1		1	1	assembly_or_reference	DR_DQ_candidate_novel_annotation
HG04199#1	HLA-B	1	1	1		1	1	assembly_or_reference	DR_DQ_candidate_novel_annotation
HG04199#1	HLA-C	1	1	1		1	1	assembly_or_reference	DR_DQ_candidate_novel_annotation
HG04199#1	HLA-DRB1	1	1	1		1	1	assembly_or_reference	DR_DQ_candidate_novel_annotation
HG04199#1	HLA-DQA1	1	1	1		1	1	assembly_or_reference	DR_DQ_candidate_novel_annotation
HG04199#1	HLA-DQB1	1	1	1		1	1	assembly_or_reference	DR_DQ_candidate_novel_annotation
HG04199#1	HLA-DPA1	1	1	1		1	1	assembly_or_reference	DR_DQ_candidate_novel_annotation
HG04199#1	HLA-DPB1	1	1	1		1	1	assembly_or_reference	DR_DQ_candidate_novel_annotation
HG04199#1	HLA-DRB3	1	0	0	no_gene_sequence_annotation_not_proven_absence	1	1	assembly_or_reference	DR_DQ_candidate_novel_annotation
HG04199#1	HLA-DRB4	1	1	1		1	1	assembly_or_reference	DR_DQ_candidate_novel_annotation
HG04199#1	HLA-DRB5	1	0	0	no_gene_sequence_annotation_not_proven_absence	1	1	assembly_or_reference	DR_DQ_candidate_novel_annotation
HG04199#2	HLA-A	1	1	1		1	1	assembly_or_reference	DR_DQ_candidate_novel_annotation
HG04199#2	HLA-B	1	1	1		1	1	assembly_or_reference	DR_DQ_candidate_novel_annotation
HG04199#2	HLA-C	1	1	1		1	1	assembly_or_reference	DR_DQ_candidate_novel_annotation
HG04199#2	HLA-DRB1	1	1	1		1	1	assembly_or_reference	DR_DQ_candidate_novel_annotation
HG04199#2	HLA-DQA1	1	1	1		1	1	assembly_or_reference	DR_DQ_candidate_novel_annotation
HG04199#2	HLA-DQB1	1	1	1		1	1	assembly_or_reference	DR_DQ_candidate_novel_annotation
HG04199#2	HLA-DPA1	1	1	1		1	1	assembly_or_reference	DR_DQ_candidate_novel_annotation
HG04199#2	HLA-DPB1	1	1	1		1	1	assembly_or_reference	DR_DQ_candidate_novel_annotation
HG04199#2	HLA-DRB3	1	0	0	no_gene_sequence_annotation_not_proven_absence	1	1	assembly_or_reference	DR_DQ_candidate_novel_annotation
HG04199#2	HLA-DRB4	1	0	0	no_gene_sequence_annotation_not_proven_absence	1	1	assembly_or_reference	DR_DQ_candidate_novel_annotation
HG04199#2	HLA-DRB5	1	0	0	no_gene_sequence_annotation_not_proven_absence	1	1	assembly_or_reference	DR_DQ_candidate_novel_annotation
HG04204#1	HLA-A	1	1	1		1	1	assembly_or_reference	DR_DQ_candidate_novel_annotation
HG04204#1	HLA-B	1	1	1		1	1	assembly_or_reference	DR_DQ_candidate_novel_annotation
HG04204#1	HLA-C	1	1	1		1	1	assembly_or_reference	DR_DQ_candidate_novel_annotation
HG04204#1	HLA-DRB1	1	1	1		1	1	assembly_or_reference	DR_DQ_candidate_novel_annotation
HG04204#1	HLA-DQA1	1	1	1		1	1	assembly_or_reference	DR_DQ_candidate_novel_annotation
HG04204#1	HLA-DQB1	1	1	1		1	1	assembly_or_reference	DR_DQ_candidate_novel_annotation
HG04204#1	HLA-DPA1	1	1	1		1	1	assembly_or_reference	DR_DQ_candidate_novel_annotation
HG04204#1	HLA-DPB1	1	1	1		1	1	assembly_or_reference	DR_DQ_candidate_novel_annotation
HG04204#1	HLA-DRB3	1	0	0	no_gene_sequence_annotation_not_proven_absence	1	1	assembly_or_reference	DR_DQ_candidate_novel_annotation
HG04204#1	HLA-DRB4	1	0	0	no_gene_sequence_annotation_not_proven_absence	1	1	assembly_or_reference	DR_DQ_candidate_novel_annotation
HG04204#1	HLA-DRB5	1	1	1		1	1	assembly_or_reference	DR_DQ_candidate_novel_annotation
HG04204#2	HLA-A	1	1	1		1	1	assembly_or_reference	DR_DQ_candidate_novel_annotation
HG04204#2	HLA-B	1	1	1		1	1	assembly_or_reference	DR_DQ_candidate_novel_annotation
HG04204#2	HLA-C	1	1	1		1	1	assembly_or_reference	DR_DQ_candidate_novel_annotation
HG04204#2	HLA-DRB1	1	1	1		1	1	assembly_or_reference	DR_DQ_candidate_novel_annotation
HG04204#2	HLA-DQA1	1	1	1		1	1	assembly_or_reference	DR_DQ_candidate_novel_annotation
HG04204#2	HLA-DQB1	1	1	1		1	1	assembly_or_reference	DR_DQ_candidate_novel_annotation
HG04204#2	HLA-DPA1	1	1	1		1	1	assembly_or_reference	DR_DQ_candidate_novel_annotation
HG04204#2	HLA-DPB1	1	1	1		1	1	assembly_or_reference	DR_DQ_candidate_novel_annotation
HG04204#2	HLA-DRB3	1	0	0	no_gene_sequence_annotation_not_proven_absence	1	1	assembly_or_reference	DR_DQ_candidate_novel_annotation
HG04204#2	HLA-DRB4	1	1	1		1	1	assembly_or_reference	DR_DQ_candidate_novel_annotation
HG04204#2	HLA-DRB5	1	0	0	no_gene_sequence_annotation_not_proven_absence	1	1	assembly_or_reference	DR_DQ_candidate_novel_annotation
HG04228#1	HLA-A	1	1	1		1	1	assembly_or_reference	
HG04228#1	HLA-B	1	1	1		1	1	assembly_or_reference	
HG04228#1	HLA-C	1	1	1		1	1	assembly_or_reference	
HG04228#1	HLA-DRB1	1	1	1		1	1	assembly_or_reference	
HG04228#1	HLA-DQA1	1	1	1		1	1	assembly_or_reference	
HG04228#1	HLA-DQB1	1	1	1		1	1	assembly_or_reference	
HG04228#1	HLA-DPA1	1	1	1		1	1	assembly_or_reference	
HG04228#1	HLA-DPB1	1	1	1		1	1	assembly_or_reference	
HG04228#1	HLA-DRB3	1	0	0	no_gene_sequence_annotation_not_proven_absence	1	1	assembly_or_reference	
HG04228#1	HLA-DRB4	1	0	0	no_gene_sequence_annotation_not_proven_absence	1	1	assembly_or_reference	
HG04228#1	HLA-DRB5	1	1	1		1	1	assembly_or_reference	
HG04228#2	HLA-A	1	1	1		1	1	assembly_or_reference	DR_DQ_candidate_novel_annotation
HG04228#2	HLA-B	1	1	1		1	1	assembly_or_reference	DR_DQ_candidate_novel_annotation
HG04228#2	HLA-C	1	1	1		1	1	assembly_or_reference	DR_DQ_candidate_novel_annotation
HG04228#2	HLA-DRB1	1	1	1		1	1	assembly_or_reference	DR_DQ_candidate_novel_annotation
HG04228#2	HLA-DQA1	1	1	1		1	1	assembly_or_reference	DR_DQ_candidate_novel_annotation
HG04228#2	HLA-DQB1	1	1	1		1	1	assembly_or_reference	DR_DQ_candidate_novel_annotation
HG04228#2	HLA-DPA1	1	1	1		1	1	assembly_or_reference	DR_DQ_candidate_novel_annotation
HG04228#2	HLA-DPB1	1	1	1		1	1	assembly_or_reference	DR_DQ_candidate_novel_annotation
HG04228#2	HLA-DRB3	1	0	0	no_gene_sequence_annotation_not_proven_absence	1	1	assembly_or_reference	DR_DQ_candidate_novel_annotation
HG04228#2	HLA-DRB4	1	0	0	no_gene_sequence_annotation_not_proven_absence	1	1	assembly_or_reference	DR_DQ_candidate_novel_annotation
HG04228#2	HLA-DRB5	1	1	1		1	1	assembly_or_reference	DR_DQ_candidate_novel_annotation
HG06807#1	HLA-A	1	1	1		1	1	assembly_or_reference	DR_DQ_candidate_novel_annotation
HG06807#1	HLA-B	1	1	1		1	1	assembly_or_reference	DR_DQ_candidate_novel_annotation
HG06807#1	HLA-C	1	1	1		1	1	assembly_or_reference	DR_DQ_candidate_novel_annotation
HG06807#1	HLA-DRB1	1	1	1		1	1	assembly_or_reference	DR_DQ_candidate_novel_annotation
HG06807#1	HLA-DQA1	1	1	1		1	1	assembly_or_reference	DR_DQ_candidate_novel_annotation
HG06807#1	HLA-DQB1	1	1	1		1	1	assembly_or_reference	DR_DQ_candidate_novel_annotation
HG06807#1	HLA-DPA1	1	1	1		1	1	assembly_or_reference	DR_DQ_candidate_novel_annotation
HG06807#1	HLA-DPB1	1	1	1		1	1	assembly_or_reference	DR_DQ_candidate_novel_annotation
HG06807#1	HLA-DRB3	1	0	0	no_gene_sequence_annotation_not_proven_absence	1	1	assembly_or_reference	DR_DQ_candidate_novel_annotation
HG06807#1	HLA-DRB4	1	0	0	no_gene_sequence_annotation_not_proven_absence	1	1	assembly_or_reference	DR_DQ_candidate_novel_annotation
HG06807#1	HLA-DRB5	1	1	1		1	1	assembly_or_reference	DR_DQ_candidate_novel_annotation
HG06807#2	HLA-A	1	1	1		1	1	assembly_or_reference	
HG06807#2	HLA-B	1	1	1		1	1	assembly_or_reference	
HG06807#2	HLA-C	1	1	1		1	1	assembly_or_reference	
HG06807#2	HLA-DRB1	1	1	1		1	1	assembly_or_reference	
HG06807#2	HLA-DQA1	1	1	1		1	1	assembly_or_reference	
HG06807#2	HLA-DQB1	1	1	1		1	1	assembly_or_reference	
HG06807#2	HLA-DPA1	1	1	1		1	1	assembly_or_reference	
HG06807#2	HLA-DPB1	1	1	1		1	1	assembly_or_reference	
HG06807#2	HLA-DRB3	1	0	0	no_gene_sequence_annotation_not_proven_absence	1	1	assembly_or_reference	
HG06807#2	HLA-DRB4	1	0	0	no_gene_sequence_annotation_not_proven_absence	1	1	assembly_or_reference	
HG06807#2	HLA-DRB5	1	1	1		1	1	assembly_or_reference	
HIFI032007D#1	HLA-A	1	1	1		0	0	clipped_graph_paths	upstream_clipped_graph_source;DR_DQ_candidate_novel_annotation
HIFI032007D#1	HLA-B	1	1	1		0	0	clipped_graph_paths	upstream_clipped_graph_source;DR_DQ_candidate_novel_annotation
HIFI032007D#1	HLA-C	1	1	1		0	0	clipped_graph_paths	upstream_clipped_graph_source;DR_DQ_candidate_novel_annotation
HIFI032007D#1	HLA-DRB1	1	1	1		0	0	clipped_graph_paths	upstream_clipped_graph_source;DR_DQ_candidate_novel_annotation
HIFI032007D#1	HLA-DQA1	1	1	1		0	0	clipped_graph_paths	upstream_clipped_graph_source;DR_DQ_candidate_novel_annotation
HIFI032007D#1	HLA-DQB1	1	1	1		0	0	clipped_graph_paths	upstream_clipped_graph_source;DR_DQ_candidate_novel_annotation
HIFI032007D#1	HLA-DPA1	1	1	1		0	0	clipped_graph_paths	upstream_clipped_graph_source;DR_DQ_candidate_novel_annotation
HIFI032007D#1	HLA-DPB1	1	1	1		0	0	clipped_graph_paths	upstream_clipped_graph_source;DR_DQ_candidate_novel_annotation
HIFI032007D#1	HLA-DRB3	1	1	1		0	0	clipped_graph_paths	upstream_clipped_graph_source;DR_DQ_candidate_novel_annotation
HIFI032007D#1	HLA-DRB4	1	0	0	no_gene_sequence_annotation_not_proven_absence	0	0	clipped_graph_paths	upstream_clipped_graph_source;DR_DQ_candidate_novel_annotation
HIFI032007D#1	HLA-DRB5	1	0	0	no_gene_sequence_annotation_not_proven_absence	0	0	clipped_graph_paths	upstream_clipped_graph_source;DR_DQ_candidate_novel_annotation
HIFI032007D#2	HLA-A	1	1	0	no_current_exact_cds_match	0	0	clipped_graph_paths	upstream_clipped_graph_source;DR_DQ_candidate_novel_annotation
HIFI032007D#2	HLA-B	1	1	1		0	0	clipped_graph_paths	upstream_clipped_graph_source;DR_DQ_candidate_novel_annotation
HIFI032007D#2	HLA-C	1	1	1		0	0	clipped_graph_paths	upstream_clipped_graph_source;DR_DQ_candidate_novel_annotation
HIFI032007D#2	HLA-DRB1	1	1	1		0	0	clipped_graph_paths	upstream_clipped_graph_source;DR_DQ_candidate_novel_annotation
HIFI032007D#2	HLA-DQA1	1	1	1		0	0	clipped_graph_paths	upstream_clipped_graph_source;DR_DQ_candidate_novel_annotation
HIFI032007D#2	HLA-DQB1	1	1	1		0	0	clipped_graph_paths	upstream_clipped_graph_source;DR_DQ_candidate_novel_annotation
HIFI032007D#2	HLA-DPA1	1	1	1		0	0	clipped_graph_paths	upstream_clipped_graph_source;DR_DQ_candidate_novel_annotation
HIFI032007D#2	HLA-DPB1	1	1	1		0	0	clipped_graph_paths	upstream_clipped_graph_source;DR_DQ_candidate_novel_annotation
HIFI032007D#2	HLA-DRB3	1	1	1		0	0	clipped_graph_paths	upstream_clipped_graph_source;DR_DQ_candidate_novel_annotation
HIFI032007D#2	HLA-DRB4	1	0	0	no_gene_sequence_annotation_not_proven_absence	0	0	clipped_graph_paths	upstream_clipped_graph_source;DR_DQ_candidate_novel_annotation
HIFI032007D#2	HLA-DRB5	1	0	0	no_gene_sequence_annotation_not_proven_absence	0	0	clipped_graph_paths	upstream_clipped_graph_source;DR_DQ_candidate_novel_annotation
HIFI032018D#1	HLA-A	1	1	1		0	0	clipped_graph_paths	upstream_clipped_graph_source;DR_DQ_candidate_novel_annotation
HIFI032018D#1	HLA-B	1	1	0	no_current_exact_cds_match	0	0	clipped_graph_paths	upstream_clipped_graph_source;DR_DQ_candidate_novel_annotation
HIFI032018D#1	HLA-C	1	1	1		0	0	clipped_graph_paths	upstream_clipped_graph_source;DR_DQ_candidate_novel_annotation
HIFI032018D#1	HLA-DRB1	1	1	1		0	0	clipped_graph_paths	upstream_clipped_graph_source;DR_DQ_candidate_novel_annotation
HIFI032018D#1	HLA-DQA1	1	1	0	no_current_exact_cds_match	0	0	clipped_graph_paths	upstream_clipped_graph_source;DR_DQ_candidate_novel_annotation
HIFI032018D#1	HLA-DQB1	1	1	1		0	0	clipped_graph_paths	upstream_clipped_graph_source;DR_DQ_candidate_novel_annotation
HIFI032018D#1	HLA-DPA1	1	1	1		0	0	clipped_graph_paths	upstream_clipped_graph_source;DR_DQ_candidate_novel_annotation
HIFI032018D#1	HLA-DPB1	1	1	1		0	0	clipped_graph_paths	upstream_clipped_graph_source;DR_DQ_candidate_novel_annotation
HIFI032018D#1	HLA-DRB3	1	1	1		0	0	clipped_graph_paths	upstream_clipped_graph_source;DR_DQ_candidate_novel_annotation
HIFI032018D#1	HLA-DRB4	1	0	0	no_gene_sequence_annotation_not_proven_absence	0	0	clipped_graph_paths	upstream_clipped_graph_source;DR_DQ_candidate_novel_annotation
HIFI032018D#1	HLA-DRB5	1	0	0	no_gene_sequence_annotation_not_proven_absence	0	0	clipped_graph_paths	upstream_clipped_graph_source;DR_DQ_candidate_novel_annotation
HIFI032018D#2	HLA-A	1	1	1		0	0	clipped_graph_paths	upstream_clipped_graph_source;DR_DQ_candidate_novel_annotation
HIFI032018D#2	HLA-B	1	1	1		0	0	clipped_graph_paths	upstream_clipped_graph_source;DR_DQ_candidate_novel_annotation
HIFI032018D#2	HLA-C	1	1	1		0	0	clipped_graph_paths	upstream_clipped_graph_source;DR_DQ_candidate_novel_annotation
HIFI032018D#2	HLA-DRB1	1	1	1		0	0	clipped_graph_paths	upstream_clipped_graph_source;DR_DQ_candidate_novel_annotation
HIFI032018D#2	HLA-DQA1	1	1	1		0	0	clipped_graph_paths	upstream_clipped_graph_source;DR_DQ_candidate_novel_annotation
HIFI032018D#2	HLA-DQB1	1	1	1		0	0	clipped_graph_paths	upstream_clipped_graph_source;DR_DQ_candidate_novel_annotation
HIFI032018D#2	HLA-DPA1	1	1	1		0	0	clipped_graph_paths	upstream_clipped_graph_source;DR_DQ_candidate_novel_annotation
HIFI032018D#2	HLA-DPB1	1	1	1		0	0	clipped_graph_paths	upstream_clipped_graph_source;DR_DQ_candidate_novel_annotation
HIFI032018D#2	HLA-DRB3	1	0	0	no_gene_sequence_annotation_not_proven_absence	0	0	clipped_graph_paths	upstream_clipped_graph_source;DR_DQ_candidate_novel_annotation
HIFI032018D#2	HLA-DRB4	1	1	0	cds_completeness_or_abnormality;no_current_exact_cds_match	0	0	clipped_graph_paths	upstream_clipped_graph_source;DR_DQ_candidate_novel_annotation
HIFI032018D#2	HLA-DRB5	1	0	0	no_gene_sequence_annotation_not_proven_absence	0	0	clipped_graph_paths	upstream_clipped_graph_source;DR_DQ_candidate_novel_annotation
HIFI032069D#1	HLA-A	1	1	1		0	0	clipped_graph_paths	upstream_clipped_graph_source;DR_DQ_candidate_novel_annotation
HIFI032069D#1	HLA-B	1	1	1		0	0	clipped_graph_paths	upstream_clipped_graph_source;DR_DQ_candidate_novel_annotation
HIFI032069D#1	HLA-C	1	1	1		0	0	clipped_graph_paths	upstream_clipped_graph_source;DR_DQ_candidate_novel_annotation
HIFI032069D#1	HLA-DRB1	1	1	1		0	0	clipped_graph_paths	upstream_clipped_graph_source;DR_DQ_candidate_novel_annotation
HIFI032069D#1	HLA-DQA1	1	1	1		0	0	clipped_graph_paths	upstream_clipped_graph_source;DR_DQ_candidate_novel_annotation
HIFI032069D#1	HLA-DQB1	1	1	1		0	0	clipped_graph_paths	upstream_clipped_graph_source;DR_DQ_candidate_novel_annotation
HIFI032069D#1	HLA-DPA1	1	1	1		0	0	clipped_graph_paths	upstream_clipped_graph_source;DR_DQ_candidate_novel_annotation
HIFI032069D#1	HLA-DPB1	1	1	1		0	0	clipped_graph_paths	upstream_clipped_graph_source;DR_DQ_candidate_novel_annotation
HIFI032069D#1	HLA-DRB3	1	1	1		0	0	clipped_graph_paths	upstream_clipped_graph_source;DR_DQ_candidate_novel_annotation
HIFI032069D#1	HLA-DRB4	1	0	0	no_gene_sequence_annotation_not_proven_absence	0	0	clipped_graph_paths	upstream_clipped_graph_source;DR_DQ_candidate_novel_annotation
HIFI032069D#1	HLA-DRB5	1	0	0	no_gene_sequence_annotation_not_proven_absence	0	0	clipped_graph_paths	upstream_clipped_graph_source;DR_DQ_candidate_novel_annotation
HIFI032069D#2	HLA-A	1	1	1		0	0	clipped_graph_paths	upstream_clipped_graph_source;DR_DQ_candidate_novel_annotation;downstream_graph_clipping_loss
HIFI032069D#2	HLA-B	1	1	1		0	0	clipped_graph_paths	upstream_clipped_graph_source;DR_DQ_candidate_novel_annotation;downstream_graph_clipping_loss
HIFI032069D#2	HLA-C	1	1	1		0	0	clipped_graph_paths	upstream_clipped_graph_source;DR_DQ_candidate_novel_annotation;downstream_graph_clipping_loss
HIFI032069D#2	HLA-DRB1	1	1	1		0	0	clipped_graph_paths	upstream_clipped_graph_source;DR_DQ_candidate_novel_annotation;downstream_graph_clipping_loss
HIFI032069D#2	HLA-DQA1	1	1	1		0	0	clipped_graph_paths	upstream_clipped_graph_source;DR_DQ_candidate_novel_annotation;downstream_graph_clipping_loss
HIFI032069D#2	HLA-DQB1	1	1	1		0	0	clipped_graph_paths	upstream_clipped_graph_source;DR_DQ_candidate_novel_annotation;downstream_graph_clipping_loss
HIFI032069D#2	HLA-DPA1	1	1	1		0	0	clipped_graph_paths	upstream_clipped_graph_source;DR_DQ_candidate_novel_annotation;downstream_graph_clipping_loss
HIFI032069D#2	HLA-DPB1	1	1	1		0	0	clipped_graph_paths	upstream_clipped_graph_source;DR_DQ_candidate_novel_annotation;downstream_graph_clipping_loss
HIFI032069D#2	HLA-DRB3	1	0	0	no_gene_sequence_annotation_not_proven_absence	0	0	clipped_graph_paths	upstream_clipped_graph_source;DR_DQ_candidate_novel_annotation;downstream_graph_clipping_loss
HIFI032069D#2	HLA-DRB4	1	0	0	no_gene_sequence_annotation_not_proven_absence	0	0	clipped_graph_paths	upstream_clipped_graph_source;DR_DQ_candidate_novel_annotation;downstream_graph_clipping_loss
HIFI032069D#2	HLA-DRB5	1	1	1		0	0	clipped_graph_paths	upstream_clipped_graph_source;DR_DQ_candidate_novel_annotation;downstream_graph_clipping_loss
HIFI032097D#1	HLA-A	1	1	1		0	0	clipped_graph_paths	upstream_clipped_graph_source;DR_DQ_candidate_novel_annotation;downstream_graph_clipping_loss
HIFI032097D#1	HLA-B	1	1	1		0	0	clipped_graph_paths	upstream_clipped_graph_source;DR_DQ_candidate_novel_annotation;downstream_graph_clipping_loss
HIFI032097D#1	HLA-C	1	1	1		0	0	clipped_graph_paths	upstream_clipped_graph_source;DR_DQ_candidate_novel_annotation;downstream_graph_clipping_loss
HIFI032097D#1	HLA-DRB1	1	1	1		0	0	clipped_graph_paths	upstream_clipped_graph_source;DR_DQ_candidate_novel_annotation;downstream_graph_clipping_loss
HIFI032097D#1	HLA-DQA1	1	1	1		0	0	clipped_graph_paths	upstream_clipped_graph_source;DR_DQ_candidate_novel_annotation;downstream_graph_clipping_loss
HIFI032097D#1	HLA-DQB1	1	1	1		0	0	clipped_graph_paths	upstream_clipped_graph_source;DR_DQ_candidate_novel_annotation;downstream_graph_clipping_loss
HIFI032097D#1	HLA-DPA1	1	1	1		0	0	clipped_graph_paths	upstream_clipped_graph_source;DR_DQ_candidate_novel_annotation;downstream_graph_clipping_loss
HIFI032097D#1	HLA-DPB1	1	1	1		0	0	clipped_graph_paths	upstream_clipped_graph_source;DR_DQ_candidate_novel_annotation;downstream_graph_clipping_loss
HIFI032097D#1	HLA-DRB3	1	1	1		0	0	clipped_graph_paths	upstream_clipped_graph_source;DR_DQ_candidate_novel_annotation;downstream_graph_clipping_loss
HIFI032097D#1	HLA-DRB4	1	0	0	no_gene_sequence_annotation_not_proven_absence	0	0	clipped_graph_paths	upstream_clipped_graph_source;DR_DQ_candidate_novel_annotation;downstream_graph_clipping_loss
HIFI032097D#1	HLA-DRB5	1	0	0	no_gene_sequence_annotation_not_proven_absence	0	0	clipped_graph_paths	upstream_clipped_graph_source;DR_DQ_candidate_novel_annotation;downstream_graph_clipping_loss
HIFI032097D#2	HLA-A	1	1	0	no_current_exact_cds_match	0	0	clipped_graph_paths	upstream_clipped_graph_source;DR_DQ_candidate_novel_annotation;downstream_graph_clipping_loss
HIFI032097D#2	HLA-B	1	1	1		0	0	clipped_graph_paths	upstream_clipped_graph_source;DR_DQ_candidate_novel_annotation;downstream_graph_clipping_loss
HIFI032097D#2	HLA-C	1	1	1		0	0	clipped_graph_paths	upstream_clipped_graph_source;DR_DQ_candidate_novel_annotation;downstream_graph_clipping_loss
HIFI032097D#2	HLA-DRB1	1	1	1		0	0	clipped_graph_paths	upstream_clipped_graph_source;DR_DQ_candidate_novel_annotation;downstream_graph_clipping_loss
HIFI032097D#2	HLA-DQA1	1	1	1		0	0	clipped_graph_paths	upstream_clipped_graph_source;DR_DQ_candidate_novel_annotation;downstream_graph_clipping_loss
HIFI032097D#2	HLA-DQB1	1	1	1		0	0	clipped_graph_paths	upstream_clipped_graph_source;DR_DQ_candidate_novel_annotation;downstream_graph_clipping_loss
HIFI032097D#2	HLA-DPA1	1	1	1		0	0	clipped_graph_paths	upstream_clipped_graph_source;DR_DQ_candidate_novel_annotation;downstream_graph_clipping_loss
HIFI032097D#2	HLA-DPB1	1	1	1		0	0	clipped_graph_paths	upstream_clipped_graph_source;DR_DQ_candidate_novel_annotation;downstream_graph_clipping_loss
HIFI032097D#2	HLA-DRB3	1	0	0	no_gene_sequence_annotation_not_proven_absence	0	0	clipped_graph_paths	upstream_clipped_graph_source;DR_DQ_candidate_novel_annotation;downstream_graph_clipping_loss
HIFI032097D#2	HLA-DRB4	1	0	0	no_gene_sequence_annotation_not_proven_absence	0	0	clipped_graph_paths	upstream_clipped_graph_source;DR_DQ_candidate_novel_annotation;downstream_graph_clipping_loss
HIFI032097D#2	HLA-DRB5	1	1	1		0	0	clipped_graph_paths	upstream_clipped_graph_source;DR_DQ_candidate_novel_annotation;downstream_graph_clipping_loss
HIFI032103D#1	HLA-A	1	1	1		0	0	clipped_graph_paths	upstream_clipped_graph_source;DR_DQ_candidate_novel_annotation;downstream_graph_clipping_loss
HIFI032103D#1	HLA-B	1	1	1		0	0	clipped_graph_paths	upstream_clipped_graph_source;DR_DQ_candidate_novel_annotation;downstream_graph_clipping_loss
HIFI032103D#1	HLA-C	1	1	1		0	0	clipped_graph_paths	upstream_clipped_graph_source;DR_DQ_candidate_novel_annotation;downstream_graph_clipping_loss
HIFI032103D#1	HLA-DRB1	1	1	0	no_current_exact_cds_match	0	0	clipped_graph_paths	upstream_clipped_graph_source;DR_DQ_candidate_novel_annotation;downstream_graph_clipping_loss
HIFI032103D#1	HLA-DQA1	1	1	1		0	0	clipped_graph_paths	upstream_clipped_graph_source;DR_DQ_candidate_novel_annotation;downstream_graph_clipping_loss
HIFI032103D#1	HLA-DQB1	1	1	1		0	0	clipped_graph_paths	upstream_clipped_graph_source;DR_DQ_candidate_novel_annotation;downstream_graph_clipping_loss
HIFI032103D#1	HLA-DPA1	1	1	1		0	0	clipped_graph_paths	upstream_clipped_graph_source;DR_DQ_candidate_novel_annotation;downstream_graph_clipping_loss
HIFI032103D#1	HLA-DPB1	1	1	1		0	0	clipped_graph_paths	upstream_clipped_graph_source;DR_DQ_candidate_novel_annotation;downstream_graph_clipping_loss
HIFI032103D#1	HLA-DRB3	1	0	0	no_gene_sequence_annotation_not_proven_absence	0	0	clipped_graph_paths	upstream_clipped_graph_source;DR_DQ_candidate_novel_annotation;downstream_graph_clipping_loss
HIFI032103D#1	HLA-DRB4	1	0	0	no_gene_sequence_annotation_not_proven_absence	0	0	clipped_graph_paths	upstream_clipped_graph_source;DR_DQ_candidate_novel_annotation;downstream_graph_clipping_loss
HIFI032103D#1	HLA-DRB5	1	0	0	no_gene_sequence_annotation_not_proven_absence	0	0	clipped_graph_paths	upstream_clipped_graph_source;DR_DQ_candidate_novel_annotation;downstream_graph_clipping_loss
HIFI032103D#2	HLA-A	1	1	1		0	0	clipped_graph_paths	upstream_clipped_graph_source;DR_DQ_candidate_novel_annotation
HIFI032103D#2	HLA-B	1	1	1		0	0	clipped_graph_paths	upstream_clipped_graph_source;DR_DQ_candidate_novel_annotation
HIFI032103D#2	HLA-C	1	1	1		0	0	clipped_graph_paths	upstream_clipped_graph_source;DR_DQ_candidate_novel_annotation
HIFI032103D#2	HLA-DRB1	1	1	1		0	0	clipped_graph_paths	upstream_clipped_graph_source;DR_DQ_candidate_novel_annotation
HIFI032103D#2	HLA-DQA1	1	1	1		0	0	clipped_graph_paths	upstream_clipped_graph_source;DR_DQ_candidate_novel_annotation
HIFI032103D#2	HLA-DQB1	1	1	1		0	0	clipped_graph_paths	upstream_clipped_graph_source;DR_DQ_candidate_novel_annotation
HIFI032103D#2	HLA-DPA1	1	1	1		0	0	clipped_graph_paths	upstream_clipped_graph_source;DR_DQ_candidate_novel_annotation
HIFI032103D#2	HLA-DPB1	1	1	1		0	0	clipped_graph_paths	upstream_clipped_graph_source;DR_DQ_candidate_novel_annotation
HIFI032103D#2	HLA-DRB3	1	0	0	no_gene_sequence_annotation_not_proven_absence	0	0	clipped_graph_paths	upstream_clipped_graph_source;DR_DQ_candidate_novel_annotation
HIFI032103D#2	HLA-DRB4	1	1	1		0	0	clipped_graph_paths	upstream_clipped_graph_source;DR_DQ_candidate_novel_annotation
HIFI032103D#2	HLA-DRB5	1	0	0	no_gene_sequence_annotation_not_proven_absence	0	0	clipped_graph_paths	upstream_clipped_graph_source;DR_DQ_candidate_novel_annotation
HIFI032161D#1	HLA-A	1	1	1		0	0	clipped_graph_paths	upstream_clipped_graph_source;DR_DQ_core_missing_or_multiple_annotations;DR_DQ_candidate_novel_annotation;downstream_graph_clipping_loss
HIFI032161D#1	HLA-B	1	1	1		0	0	clipped_graph_paths	upstream_clipped_graph_source;DR_DQ_core_missing_or_multiple_annotations;DR_DQ_candidate_novel_annotation;downstream_graph_clipping_loss
HIFI032161D#1	HLA-C	1	1	1		0	0	clipped_graph_paths	upstream_clipped_graph_source;DR_DQ_core_missing_or_multiple_annotations;DR_DQ_candidate_novel_annotation;downstream_graph_clipping_loss
HIFI032161D#1	HLA-DRB1	1	1	1		0	0	clipped_graph_paths	upstream_clipped_graph_source;DR_DQ_core_missing_or_multiple_annotations;DR_DQ_candidate_novel_annotation;downstream_graph_clipping_loss
HIFI032161D#1	HLA-DQA1	1	1	1		0	0	clipped_graph_paths	upstream_clipped_graph_source;DR_DQ_core_missing_or_multiple_annotations;DR_DQ_candidate_novel_annotation;downstream_graph_clipping_loss
HIFI032161D#1	HLA-DQB1	1	0	0	no_gene_sequence_annotation_not_proven_absence	0	0	clipped_graph_paths	upstream_clipped_graph_source;DR_DQ_core_missing_or_multiple_annotations;DR_DQ_candidate_novel_annotation;downstream_graph_clipping_loss
HIFI032161D#1	HLA-DPA1	1	1	1		0	0	clipped_graph_paths	upstream_clipped_graph_source;DR_DQ_core_missing_or_multiple_annotations;DR_DQ_candidate_novel_annotation;downstream_graph_clipping_loss
HIFI032161D#1	HLA-DPB1	1	1	1		0	0	clipped_graph_paths	upstream_clipped_graph_source;DR_DQ_core_missing_or_multiple_annotations;DR_DQ_candidate_novel_annotation;downstream_graph_clipping_loss
HIFI032161D#1	HLA-DRB3	1	1	1		0	0	clipped_graph_paths	upstream_clipped_graph_source;DR_DQ_core_missing_or_multiple_annotations;DR_DQ_candidate_novel_annotation;downstream_graph_clipping_loss
HIFI032161D#1	HLA-DRB4	1	0	0	no_gene_sequence_annotation_not_proven_absence	0	0	clipped_graph_paths	upstream_clipped_graph_source;DR_DQ_core_missing_or_multiple_annotations;DR_DQ_candidate_novel_annotation;downstream_graph_clipping_loss
HIFI032161D#1	HLA-DRB5	1	0	0	no_gene_sequence_annotation_not_proven_absence	0	0	clipped_graph_paths	upstream_clipped_graph_source;DR_DQ_core_missing_or_multiple_annotations;DR_DQ_candidate_novel_annotation;downstream_graph_clipping_loss
HIFI032161D#2	HLA-A	1	1	1		0	0	clipped_graph_paths	upstream_clipped_graph_source;DR_DQ_candidate_novel_annotation;downstream_graph_clipping_loss
HIFI032161D#2	HLA-B	1	1	1		0	0	clipped_graph_paths	upstream_clipped_graph_source;DR_DQ_candidate_novel_annotation;downstream_graph_clipping_loss
HIFI032161D#2	HLA-C	1	1	1		0	0	clipped_graph_paths	upstream_clipped_graph_source;DR_DQ_candidate_novel_annotation;downstream_graph_clipping_loss
HIFI032161D#2	HLA-DRB1	1	1	1		0	0	clipped_graph_paths	upstream_clipped_graph_source;DR_DQ_candidate_novel_annotation;downstream_graph_clipping_loss
HIFI032161D#2	HLA-DQA1	1	1	1		0	0	clipped_graph_paths	upstream_clipped_graph_source;DR_DQ_candidate_novel_annotation;downstream_graph_clipping_loss
HIFI032161D#2	HLA-DQB1	1	1	1		0	0	clipped_graph_paths	upstream_clipped_graph_source;DR_DQ_candidate_novel_annotation;downstream_graph_clipping_loss
HIFI032161D#2	HLA-DPA1	1	1	1		0	0	clipped_graph_paths	upstream_clipped_graph_source;DR_DQ_candidate_novel_annotation;downstream_graph_clipping_loss
HIFI032161D#2	HLA-DPB1	1	1	1		0	0	clipped_graph_paths	upstream_clipped_graph_source;DR_DQ_candidate_novel_annotation;downstream_graph_clipping_loss
HIFI032161D#2	HLA-DRB3	1	1	1		0	0	clipped_graph_paths	upstream_clipped_graph_source;DR_DQ_candidate_novel_annotation;downstream_graph_clipping_loss
HIFI032161D#2	HLA-DRB4	1	0	0	no_gene_sequence_annotation_not_proven_absence	0	0	clipped_graph_paths	upstream_clipped_graph_source;DR_DQ_candidate_novel_annotation;downstream_graph_clipping_loss
HIFI032161D#2	HLA-DRB5	1	0	0	no_gene_sequence_annotation_not_proven_absence	0	0	clipped_graph_paths	upstream_clipped_graph_source;DR_DQ_candidate_novel_annotation;downstream_graph_clipping_loss
HIFI032164D#1	HLA-A	1	1	1		0	0	clipped_graph_paths	upstream_clipped_graph_source;downstream_graph_clipping_loss
HIFI032164D#1	HLA-B	1	1	1		0	0	clipped_graph_paths	upstream_clipped_graph_source;downstream_graph_clipping_loss
HIFI032164D#1	HLA-C	1	1	1		0	0	clipped_graph_paths	upstream_clipped_graph_source;downstream_graph_clipping_loss
HIFI032164D#1	HLA-DRB1	1	1	1		0	0	clipped_graph_paths	upstream_clipped_graph_source;downstream_graph_clipping_loss
HIFI032164D#1	HLA-DQA1	1	1	1		0	0	clipped_graph_paths	upstream_clipped_graph_source;downstream_graph_clipping_loss
HIFI032164D#1	HLA-DQB1	1	1	1		0	0	clipped_graph_paths	upstream_clipped_graph_source;downstream_graph_clipping_loss
HIFI032164D#1	HLA-DPA1	1	1	1		0	0	clipped_graph_paths	upstream_clipped_graph_source;downstream_graph_clipping_loss
HIFI032164D#1	HLA-DPB1	1	1	1		0	0	clipped_graph_paths	upstream_clipped_graph_source;downstream_graph_clipping_loss
HIFI032164D#1	HLA-DRB3	1	0	0	no_gene_sequence_annotation_not_proven_absence	0	0	clipped_graph_paths	upstream_clipped_graph_source;downstream_graph_clipping_loss
HIFI032164D#1	HLA-DRB4	1	0	0	no_gene_sequence_annotation_not_proven_absence	0	0	clipped_graph_paths	upstream_clipped_graph_source;downstream_graph_clipping_loss
HIFI032164D#1	HLA-DRB5	1	0	0	no_gene_sequence_annotation_not_proven_absence	0	0	clipped_graph_paths	upstream_clipped_graph_source;downstream_graph_clipping_loss
HIFI032164D#2	HLA-A	1	1	1		0	0	clipped_graph_paths	upstream_clipped_graph_source;DR_DQ_candidate_novel_annotation;downstream_graph_clipping_loss
HIFI032164D#2	HLA-B	1	1	1		0	0	clipped_graph_paths	upstream_clipped_graph_source;DR_DQ_candidate_novel_annotation;downstream_graph_clipping_loss
HIFI032164D#2	HLA-C	1	1	1		0	0	clipped_graph_paths	upstream_clipped_graph_source;DR_DQ_candidate_novel_annotation;downstream_graph_clipping_loss
HIFI032164D#2	HLA-DRB1	1	1	1		0	0	clipped_graph_paths	upstream_clipped_graph_source;DR_DQ_candidate_novel_annotation;downstream_graph_clipping_loss
HIFI032164D#2	HLA-DQA1	1	1	1		0	0	clipped_graph_paths	upstream_clipped_graph_source;DR_DQ_candidate_novel_annotation;downstream_graph_clipping_loss
HIFI032164D#2	HLA-DQB1	1	1	1		0	0	clipped_graph_paths	upstream_clipped_graph_source;DR_DQ_candidate_novel_annotation;downstream_graph_clipping_loss
HIFI032164D#2	HLA-DPA1	1	1	1		0	0	clipped_graph_paths	upstream_clipped_graph_source;DR_DQ_candidate_novel_annotation;downstream_graph_clipping_loss
HIFI032164D#2	HLA-DPB1	1	1	1		0	0	clipped_graph_paths	upstream_clipped_graph_source;DR_DQ_candidate_novel_annotation;downstream_graph_clipping_loss
HIFI032164D#2	HLA-DRB3	1	1	1		0	0	clipped_graph_paths	upstream_clipped_graph_source;DR_DQ_candidate_novel_annotation;downstream_graph_clipping_loss
HIFI032164D#2	HLA-DRB4	1	0	0	no_gene_sequence_annotation_not_proven_absence	0	0	clipped_graph_paths	upstream_clipped_graph_source;DR_DQ_candidate_novel_annotation;downstream_graph_clipping_loss
HIFI032164D#2	HLA-DRB5	1	0	0	no_gene_sequence_annotation_not_proven_absence	0	0	clipped_graph_paths	upstream_clipped_graph_source;DR_DQ_candidate_novel_annotation;downstream_graph_clipping_loss
HIFI032167D#1	HLA-A	1	1	1		0	0	clipped_graph_paths	upstream_clipped_graph_source;DR_DQ_candidate_novel_annotation;downstream_graph_clipping_loss
HIFI032167D#1	HLA-B	1	1	1		0	0	clipped_graph_paths	upstream_clipped_graph_source;DR_DQ_candidate_novel_annotation;downstream_graph_clipping_loss
HIFI032167D#1	HLA-C	1	1	1		0	0	clipped_graph_paths	upstream_clipped_graph_source;DR_DQ_candidate_novel_annotation;downstream_graph_clipping_loss
HIFI032167D#1	HLA-DRB1	1	1	1		0	0	clipped_graph_paths	upstream_clipped_graph_source;DR_DQ_candidate_novel_annotation;downstream_graph_clipping_loss
HIFI032167D#1	HLA-DQA1	1	1	1		0	0	clipped_graph_paths	upstream_clipped_graph_source;DR_DQ_candidate_novel_annotation;downstream_graph_clipping_loss
HIFI032167D#1	HLA-DQB1	1	1	1		0	0	clipped_graph_paths	upstream_clipped_graph_source;DR_DQ_candidate_novel_annotation;downstream_graph_clipping_loss
HIFI032167D#1	HLA-DPA1	1	1	1		0	0	clipped_graph_paths	upstream_clipped_graph_source;DR_DQ_candidate_novel_annotation;downstream_graph_clipping_loss
HIFI032167D#1	HLA-DPB1	1	1	1		0	0	clipped_graph_paths	upstream_clipped_graph_source;DR_DQ_candidate_novel_annotation;downstream_graph_clipping_loss
HIFI032167D#1	HLA-DRB3	1	1	1		0	0	clipped_graph_paths	upstream_clipped_graph_source;DR_DQ_candidate_novel_annotation;downstream_graph_clipping_loss
HIFI032167D#1	HLA-DRB4	1	0	0	no_gene_sequence_annotation_not_proven_absence	0	0	clipped_graph_paths	upstream_clipped_graph_source;DR_DQ_candidate_novel_annotation;downstream_graph_clipping_loss
HIFI032167D#1	HLA-DRB5	1	0	0	no_gene_sequence_annotation_not_proven_absence	0	0	clipped_graph_paths	upstream_clipped_graph_source;DR_DQ_candidate_novel_annotation;downstream_graph_clipping_loss
HIFI032167D#2	HLA-A	1	1	1		0	0	clipped_graph_paths	upstream_clipped_graph_source;DR_DQ_candidate_novel_annotation;downstream_graph_clipping_loss
HIFI032167D#2	HLA-B	1	1	1		0	0	clipped_graph_paths	upstream_clipped_graph_source;DR_DQ_candidate_novel_annotation;downstream_graph_clipping_loss
HIFI032167D#2	HLA-C	1	1	1		0	0	clipped_graph_paths	upstream_clipped_graph_source;DR_DQ_candidate_novel_annotation;downstream_graph_clipping_loss
HIFI032167D#2	HLA-DRB1	1	1	1		0	0	clipped_graph_paths	upstream_clipped_graph_source;DR_DQ_candidate_novel_annotation;downstream_graph_clipping_loss
HIFI032167D#2	HLA-DQA1	1	1	1		0	0	clipped_graph_paths	upstream_clipped_graph_source;DR_DQ_candidate_novel_annotation;downstream_graph_clipping_loss
HIFI032167D#2	HLA-DQB1	1	1	1		0	0	clipped_graph_paths	upstream_clipped_graph_source;DR_DQ_candidate_novel_annotation;downstream_graph_clipping_loss
HIFI032167D#2	HLA-DPA1	1	1	1		0	0	clipped_graph_paths	upstream_clipped_graph_source;DR_DQ_candidate_novel_annotation;downstream_graph_clipping_loss
HIFI032167D#2	HLA-DPB1	1	1	1		0	0	clipped_graph_paths	upstream_clipped_graph_source;DR_DQ_candidate_novel_annotation;downstream_graph_clipping_loss
HIFI032167D#2	HLA-DRB3	1	1	1		0	0	clipped_graph_paths	upstream_clipped_graph_source;DR_DQ_candidate_novel_annotation;downstream_graph_clipping_loss
HIFI032167D#2	HLA-DRB4	1	0	0	no_gene_sequence_annotation_not_proven_absence	0	0	clipped_graph_paths	upstream_clipped_graph_source;DR_DQ_candidate_novel_annotation;downstream_graph_clipping_loss
HIFI032167D#2	HLA-DRB5	1	0	0	no_gene_sequence_annotation_not_proven_absence	0	0	clipped_graph_paths	upstream_clipped_graph_source;DR_DQ_candidate_novel_annotation;downstream_graph_clipping_loss
HIFI032182D#1	HLA-A	1	1	1		0	0	clipped_graph_paths	upstream_clipped_graph_source;DR_DQ_candidate_novel_annotation;downstream_graph_clipping_loss
HIFI032182D#1	HLA-B	1	1	1		0	0	clipped_graph_paths	upstream_clipped_graph_source;DR_DQ_candidate_novel_annotation;downstream_graph_clipping_loss
HIFI032182D#1	HLA-C	1	1	1		0	0	clipped_graph_paths	upstream_clipped_graph_source;DR_DQ_candidate_novel_annotation;downstream_graph_clipping_loss
HIFI032182D#1	HLA-DRB1	1	1	0	no_current_exact_cds_match	0	0	clipped_graph_paths	upstream_clipped_graph_source;DR_DQ_candidate_novel_annotation;downstream_graph_clipping_loss
HIFI032182D#1	HLA-DQA1	1	1	1		0	0	clipped_graph_paths	upstream_clipped_graph_source;DR_DQ_candidate_novel_annotation;downstream_graph_clipping_loss
HIFI032182D#1	HLA-DQB1	1	1	1		0	0	clipped_graph_paths	upstream_clipped_graph_source;DR_DQ_candidate_novel_annotation;downstream_graph_clipping_loss
HIFI032182D#1	HLA-DPA1	1	1	1		0	0	clipped_graph_paths	upstream_clipped_graph_source;DR_DQ_candidate_novel_annotation;downstream_graph_clipping_loss
HIFI032182D#1	HLA-DPB1	1	1	1		0	0	clipped_graph_paths	upstream_clipped_graph_source;DR_DQ_candidate_novel_annotation;downstream_graph_clipping_loss
HIFI032182D#1	HLA-DRB3	1	0	0	no_gene_sequence_annotation_not_proven_absence	0	0	clipped_graph_paths	upstream_clipped_graph_source;DR_DQ_candidate_novel_annotation;downstream_graph_clipping_loss
HIFI032182D#1	HLA-DRB4	1	0	0	no_gene_sequence_annotation_not_proven_absence	0	0	clipped_graph_paths	upstream_clipped_graph_source;DR_DQ_candidate_novel_annotation;downstream_graph_clipping_loss
HIFI032182D#1	HLA-DRB5	1	1	1		0	0	clipped_graph_paths	upstream_clipped_graph_source;DR_DQ_candidate_novel_annotation;downstream_graph_clipping_loss
HIFI032182D#2	HLA-A	1	1	1		0	0	clipped_graph_paths	upstream_clipped_graph_source
HIFI032182D#2	HLA-B	1	1	1		0	0	clipped_graph_paths	upstream_clipped_graph_source
HIFI032182D#2	HLA-C	1	1	1		0	0	clipped_graph_paths	upstream_clipped_graph_source
HIFI032182D#2	HLA-DRB1	1	1	1		0	0	clipped_graph_paths	upstream_clipped_graph_source
HIFI032182D#2	HLA-DQA1	1	1	1		0	0	clipped_graph_paths	upstream_clipped_graph_source
HIFI032182D#2	HLA-DQB1	1	1	1		0	0	clipped_graph_paths	upstream_clipped_graph_source
HIFI032182D#2	HLA-DPA1	1	1	1		0	0	clipped_graph_paths	upstream_clipped_graph_source
HIFI032182D#2	HLA-DPB1	1	1	1		0	0	clipped_graph_paths	upstream_clipped_graph_source
HIFI032182D#2	HLA-DRB3	1	0	0	no_gene_sequence_annotation_not_proven_absence	0	0	clipped_graph_paths	upstream_clipped_graph_source
HIFI032182D#2	HLA-DRB4	1	0	0	no_gene_sequence_annotation_not_proven_absence	0	0	clipped_graph_paths	upstream_clipped_graph_source
HIFI032182D#2	HLA-DRB5	1	1	1		0	0	clipped_graph_paths	upstream_clipped_graph_source
HIFI032289D#1	HLA-A	1	1	1		0	0	clipped_graph_paths	upstream_clipped_graph_source;DR_DQ_candidate_novel_annotation
HIFI032289D#1	HLA-B	1	1	1		0	0	clipped_graph_paths	upstream_clipped_graph_source;DR_DQ_candidate_novel_annotation
HIFI032289D#1	HLA-C	1	1	1		0	0	clipped_graph_paths	upstream_clipped_graph_source;DR_DQ_candidate_novel_annotation
HIFI032289D#1	HLA-DRB1	1	1	1		0	0	clipped_graph_paths	upstream_clipped_graph_source;DR_DQ_candidate_novel_annotation
HIFI032289D#1	HLA-DQA1	1	1	1		0	0	clipped_graph_paths	upstream_clipped_graph_source;DR_DQ_candidate_novel_annotation
HIFI032289D#1	HLA-DQB1	1	1	1		0	0	clipped_graph_paths	upstream_clipped_graph_source;DR_DQ_candidate_novel_annotation
HIFI032289D#1	HLA-DPA1	1	1	1		0	0	clipped_graph_paths	upstream_clipped_graph_source;DR_DQ_candidate_novel_annotation
HIFI032289D#1	HLA-DPB1	1	1	1		0	0	clipped_graph_paths	upstream_clipped_graph_source;DR_DQ_candidate_novel_annotation
HIFI032289D#1	HLA-DRB3	1	0	0	no_gene_sequence_annotation_not_proven_absence	0	0	clipped_graph_paths	upstream_clipped_graph_source;DR_DQ_candidate_novel_annotation
HIFI032289D#1	HLA-DRB4	1	1	1		0	0	clipped_graph_paths	upstream_clipped_graph_source;DR_DQ_candidate_novel_annotation
HIFI032289D#1	HLA-DRB5	1	0	0	no_gene_sequence_annotation_not_proven_absence	0	0	clipped_graph_paths	upstream_clipped_graph_source;DR_DQ_candidate_novel_annotation
HIFI032289D#2	HLA-A	1	1	1		0	0	clipped_graph_paths	upstream_clipped_graph_source;DR_DQ_candidate_novel_annotation;downstream_graph_clipping_loss
HIFI032289D#2	HLA-B	1	1	1		0	0	clipped_graph_paths	upstream_clipped_graph_source;DR_DQ_candidate_novel_annotation;downstream_graph_clipping_loss
HIFI032289D#2	HLA-C	1	1	1		0	0	clipped_graph_paths	upstream_clipped_graph_source;DR_DQ_candidate_novel_annotation;downstream_graph_clipping_loss
HIFI032289D#2	HLA-DRB1	1	1	1		0	0	clipped_graph_paths	upstream_clipped_graph_source;DR_DQ_candidate_novel_annotation;downstream_graph_clipping_loss
HIFI032289D#2	HLA-DQA1	1	1	1		0	0	clipped_graph_paths	upstream_clipped_graph_source;DR_DQ_candidate_novel_annotation;downstream_graph_clipping_loss
HIFI032289D#2	HLA-DQB1	1	1	1		0	0	clipped_graph_paths	upstream_clipped_graph_source;DR_DQ_candidate_novel_annotation;downstream_graph_clipping_loss
HIFI032289D#2	HLA-DPA1	1	1	1		0	0	clipped_graph_paths	upstream_clipped_graph_source;DR_DQ_candidate_novel_annotation;downstream_graph_clipping_loss
HIFI032289D#2	HLA-DPB1	1	1	1		0	0	clipped_graph_paths	upstream_clipped_graph_source;DR_DQ_candidate_novel_annotation;downstream_graph_clipping_loss
HIFI032289D#2	HLA-DRB3	1	0	0	no_gene_sequence_annotation_not_proven_absence	0	0	clipped_graph_paths	upstream_clipped_graph_source;DR_DQ_candidate_novel_annotation;downstream_graph_clipping_loss
HIFI032289D#2	HLA-DRB4	1	1	1		0	0	clipped_graph_paths	upstream_clipped_graph_source;DR_DQ_candidate_novel_annotation;downstream_graph_clipping_loss
HIFI032289D#2	HLA-DRB5	1	0	0	no_gene_sequence_annotation_not_proven_absence	0	0	clipped_graph_paths	upstream_clipped_graph_source;DR_DQ_candidate_novel_annotation;downstream_graph_clipping_loss
HIFI032292D#1	HLA-A	1	1	1		0	0	clipped_graph_paths	upstream_clipped_graph_source;DR_DQ_candidate_novel_annotation;downstream_graph_clipping_loss
HIFI032292D#1	HLA-B	1	1	1		0	0	clipped_graph_paths	upstream_clipped_graph_source;DR_DQ_candidate_novel_annotation;downstream_graph_clipping_loss
HIFI032292D#1	HLA-C	1	1	1		0	0	clipped_graph_paths	upstream_clipped_graph_source;DR_DQ_candidate_novel_annotation;downstream_graph_clipping_loss
HIFI032292D#1	HLA-DRB1	1	1	1		0	0	clipped_graph_paths	upstream_clipped_graph_source;DR_DQ_candidate_novel_annotation;downstream_graph_clipping_loss
HIFI032292D#1	HLA-DQA1	1	1	1		0	0	clipped_graph_paths	upstream_clipped_graph_source;DR_DQ_candidate_novel_annotation;downstream_graph_clipping_loss
HIFI032292D#1	HLA-DQB1	1	1	1		0	0	clipped_graph_paths	upstream_clipped_graph_source;DR_DQ_candidate_novel_annotation;downstream_graph_clipping_loss
HIFI032292D#1	HLA-DPA1	1	1	1		0	0	clipped_graph_paths	upstream_clipped_graph_source;DR_DQ_candidate_novel_annotation;downstream_graph_clipping_loss
HIFI032292D#1	HLA-DPB1	1	1	1		0	0	clipped_graph_paths	upstream_clipped_graph_source;DR_DQ_candidate_novel_annotation;downstream_graph_clipping_loss
HIFI032292D#1	HLA-DRB3	1	1	1		0	0	clipped_graph_paths	upstream_clipped_graph_source;DR_DQ_candidate_novel_annotation;downstream_graph_clipping_loss
HIFI032292D#1	HLA-DRB4	1	0	0	no_gene_sequence_annotation_not_proven_absence	0	0	clipped_graph_paths	upstream_clipped_graph_source;DR_DQ_candidate_novel_annotation;downstream_graph_clipping_loss
HIFI032292D#1	HLA-DRB5	1	0	0	no_gene_sequence_annotation_not_proven_absence	0	0	clipped_graph_paths	upstream_clipped_graph_source;DR_DQ_candidate_novel_annotation;downstream_graph_clipping_loss
HIFI032292D#2	HLA-A	1	1	1		0	0	clipped_graph_paths	upstream_clipped_graph_source;DR_DQ_candidate_novel_annotation
HIFI032292D#2	HLA-B	1	1	1		0	0	clipped_graph_paths	upstream_clipped_graph_source;DR_DQ_candidate_novel_annotation
HIFI032292D#2	HLA-C	1	1	1		0	0	clipped_graph_paths	upstream_clipped_graph_source;DR_DQ_candidate_novel_annotation
HIFI032292D#2	HLA-DRB1	1	1	1		0	0	clipped_graph_paths	upstream_clipped_graph_source;DR_DQ_candidate_novel_annotation
HIFI032292D#2	HLA-DQA1	1	1	1		0	0	clipped_graph_paths	upstream_clipped_graph_source;DR_DQ_candidate_novel_annotation
HIFI032292D#2	HLA-DQB1	1	1	1		0	0	clipped_graph_paths	upstream_clipped_graph_source;DR_DQ_candidate_novel_annotation
HIFI032292D#2	HLA-DPA1	1	1	1		0	0	clipped_graph_paths	upstream_clipped_graph_source;DR_DQ_candidate_novel_annotation
HIFI032292D#2	HLA-DPB1	1	1	1		0	0	clipped_graph_paths	upstream_clipped_graph_source;DR_DQ_candidate_novel_annotation
HIFI032292D#2	HLA-DRB3	1	1	1		0	0	clipped_graph_paths	upstream_clipped_graph_source;DR_DQ_candidate_novel_annotation
HIFI032292D#2	HLA-DRB4	1	0	0	no_gene_sequence_annotation_not_proven_absence	0	0	clipped_graph_paths	upstream_clipped_graph_source;DR_DQ_candidate_novel_annotation
HIFI032292D#2	HLA-DRB5	1	0	0	no_gene_sequence_annotation_not_proven_absence	0	0	clipped_graph_paths	upstream_clipped_graph_source;DR_DQ_candidate_novel_annotation
HIFI032302D#1	HLA-A	1	1	1		0	0	clipped_graph_paths	upstream_clipped_graph_source;DR_DQ_candidate_novel_annotation;downstream_graph_clipping_loss
HIFI032302D#1	HLA-B	1	1	1		0	0	clipped_graph_paths	upstream_clipped_graph_source;DR_DQ_candidate_novel_annotation;downstream_graph_clipping_loss
HIFI032302D#1	HLA-C	1	1	1		0	0	clipped_graph_paths	upstream_clipped_graph_source;DR_DQ_candidate_novel_annotation;downstream_graph_clipping_loss
HIFI032302D#1	HLA-DRB1	1	1	0	no_current_exact_cds_match	0	0	clipped_graph_paths	upstream_clipped_graph_source;DR_DQ_candidate_novel_annotation;downstream_graph_clipping_loss
HIFI032302D#1	HLA-DQA1	1	1	1		0	0	clipped_graph_paths	upstream_clipped_graph_source;DR_DQ_candidate_novel_annotation;downstream_graph_clipping_loss
HIFI032302D#1	HLA-DQB1	1	1	1		0	0	clipped_graph_paths	upstream_clipped_graph_source;DR_DQ_candidate_novel_annotation;downstream_graph_clipping_loss
HIFI032302D#1	HLA-DPA1	1	1	1		0	0	clipped_graph_paths	upstream_clipped_graph_source;DR_DQ_candidate_novel_annotation;downstream_graph_clipping_loss
HIFI032302D#1	HLA-DPB1	1	1	1		0	0	clipped_graph_paths	upstream_clipped_graph_source;DR_DQ_candidate_novel_annotation;downstream_graph_clipping_loss
HIFI032302D#1	HLA-DRB3	1	0	0	no_gene_sequence_annotation_not_proven_absence	0	0	clipped_graph_paths	upstream_clipped_graph_source;DR_DQ_candidate_novel_annotation;downstream_graph_clipping_loss
HIFI032302D#1	HLA-DRB4	1	0	0	no_gene_sequence_annotation_not_proven_absence	0	0	clipped_graph_paths	upstream_clipped_graph_source;DR_DQ_candidate_novel_annotation;downstream_graph_clipping_loss
HIFI032302D#1	HLA-DRB5	1	0	0	no_gene_sequence_annotation_not_proven_absence	0	0	clipped_graph_paths	upstream_clipped_graph_source;DR_DQ_candidate_novel_annotation;downstream_graph_clipping_loss
HIFI032302D#2	HLA-A	1	1	0	no_current_exact_cds_match	0	0	clipped_graph_paths	upstream_clipped_graph_source;downstream_graph_clipping_loss
HIFI032302D#2	HLA-B	1	1	1		0	0	clipped_graph_paths	upstream_clipped_graph_source;downstream_graph_clipping_loss
HIFI032302D#2	HLA-C	1	1	1		0	0	clipped_graph_paths	upstream_clipped_graph_source;downstream_graph_clipping_loss
HIFI032302D#2	HLA-DRB1	1	1	1		0	0	clipped_graph_paths	upstream_clipped_graph_source;downstream_graph_clipping_loss
HIFI032302D#2	HLA-DQA1	1	1	1		0	0	clipped_graph_paths	upstream_clipped_graph_source;downstream_graph_clipping_loss
HIFI032302D#2	HLA-DQB1	1	1	1		0	0	clipped_graph_paths	upstream_clipped_graph_source;downstream_graph_clipping_loss
HIFI032302D#2	HLA-DPA1	1	1	1		0	0	clipped_graph_paths	upstream_clipped_graph_source;downstream_graph_clipping_loss
HIFI032302D#2	HLA-DPB1	1	1	1		0	0	clipped_graph_paths	upstream_clipped_graph_source;downstream_graph_clipping_loss
HIFI032302D#2	HLA-DRB3	1	1	1		0	0	clipped_graph_paths	upstream_clipped_graph_source;downstream_graph_clipping_loss
HIFI032302D#2	HLA-DRB4	1	0	0	no_gene_sequence_annotation_not_proven_absence	0	0	clipped_graph_paths	upstream_clipped_graph_source;downstream_graph_clipping_loss
HIFI032302D#2	HLA-DRB5	1	0	0	no_gene_sequence_annotation_not_proven_absence	0	0	clipped_graph_paths	upstream_clipped_graph_source;downstream_graph_clipping_loss
HIFI032306D#1	HLA-A	1	1	1		0	0	clipped_graph_paths	upstream_clipped_graph_source;downstream_graph_clipping_loss
HIFI032306D#1	HLA-B	1	1	1		0	0	clipped_graph_paths	upstream_clipped_graph_source;downstream_graph_clipping_loss
HIFI032306D#1	HLA-C	1	1	1		0	0	clipped_graph_paths	upstream_clipped_graph_source;downstream_graph_clipping_loss
HIFI032306D#1	HLA-DRB1	1	1	1		0	0	clipped_graph_paths	upstream_clipped_graph_source;downstream_graph_clipping_loss
HIFI032306D#1	HLA-DQA1	1	1	1		0	0	clipped_graph_paths	upstream_clipped_graph_source;downstream_graph_clipping_loss
HIFI032306D#1	HLA-DQB1	1	1	1		0	0	clipped_graph_paths	upstream_clipped_graph_source;downstream_graph_clipping_loss
HIFI032306D#1	HLA-DPA1	1	1	1		0	0	clipped_graph_paths	upstream_clipped_graph_source;downstream_graph_clipping_loss
HIFI032306D#1	HLA-DPB1	1	1	1		0	0	clipped_graph_paths	upstream_clipped_graph_source;downstream_graph_clipping_loss
HIFI032306D#1	HLA-DRB3	1	0	0	no_gene_sequence_annotation_not_proven_absence	0	0	clipped_graph_paths	upstream_clipped_graph_source;downstream_graph_clipping_loss
HIFI032306D#1	HLA-DRB4	1	0	0	no_gene_sequence_annotation_not_proven_absence	0	0	clipped_graph_paths	upstream_clipped_graph_source;downstream_graph_clipping_loss
HIFI032306D#1	HLA-DRB5	1	1	0	no_current_exact_cds_match	0	0	clipped_graph_paths	upstream_clipped_graph_source;downstream_graph_clipping_loss
HIFI032306D#2	HLA-A	1	1	1		0	0	clipped_graph_paths	upstream_clipped_graph_source;DR_DQ_candidate_novel_annotation
HIFI032306D#2	HLA-B	1	1	1		0	0	clipped_graph_paths	upstream_clipped_graph_source;DR_DQ_candidate_novel_annotation
HIFI032306D#2	HLA-C	1	1	1		0	0	clipped_graph_paths	upstream_clipped_graph_source;DR_DQ_candidate_novel_annotation
HIFI032306D#2	HLA-DRB1	1	1	1		0	0	clipped_graph_paths	upstream_clipped_graph_source;DR_DQ_candidate_novel_annotation
HIFI032306D#2	HLA-DQA1	1	1	1		0	0	clipped_graph_paths	upstream_clipped_graph_source;DR_DQ_candidate_novel_annotation
HIFI032306D#2	HLA-DQB1	1	1	1		0	0	clipped_graph_paths	upstream_clipped_graph_source;DR_DQ_candidate_novel_annotation
HIFI032306D#2	HLA-DPA1	1	1	1		0	0	clipped_graph_paths	upstream_clipped_graph_source;DR_DQ_candidate_novel_annotation
HIFI032306D#2	HLA-DPB1	1	1	1		0	0	clipped_graph_paths	upstream_clipped_graph_source;DR_DQ_candidate_novel_annotation
HIFI032306D#2	HLA-DRB3	1	0	0	no_gene_sequence_annotation_not_proven_absence	0	0	clipped_graph_paths	upstream_clipped_graph_source;DR_DQ_candidate_novel_annotation
HIFI032306D#2	HLA-DRB4	1	1	1		0	0	clipped_graph_paths	upstream_clipped_graph_source;DR_DQ_candidate_novel_annotation
HIFI032306D#2	HLA-DRB5	1	0	0	no_gene_sequence_annotation_not_proven_absence	0	0	clipped_graph_paths	upstream_clipped_graph_source;DR_DQ_candidate_novel_annotation
HIFI032335D#1	HLA-A	1	1	1		0	0	clipped_graph_paths	upstream_clipped_graph_source
HIFI032335D#1	HLA-B	1	1	1		0	0	clipped_graph_paths	upstream_clipped_graph_source
HIFI032335D#1	HLA-C	1	1	1		0	0	clipped_graph_paths	upstream_clipped_graph_source
HIFI032335D#1	HLA-DRB1	1	1	1		0	0	clipped_graph_paths	upstream_clipped_graph_source
HIFI032335D#1	HLA-DQA1	1	1	1		0	0	clipped_graph_paths	upstream_clipped_graph_source
HIFI032335D#1	HLA-DQB1	1	1	1		0	0	clipped_graph_paths	upstream_clipped_graph_source
HIFI032335D#1	HLA-DPA1	1	1	1		0	0	clipped_graph_paths	upstream_clipped_graph_source
HIFI032335D#1	HLA-DPB1	1	1	1		0	0	clipped_graph_paths	upstream_clipped_graph_source
HIFI032335D#1	HLA-DRB3	1	0	0	no_gene_sequence_annotation_not_proven_absence	0	0	clipped_graph_paths	upstream_clipped_graph_source
HIFI032335D#1	HLA-DRB4	1	1	1		0	0	clipped_graph_paths	upstream_clipped_graph_source
HIFI032335D#1	HLA-DRB5	1	0	0	no_gene_sequence_annotation_not_proven_absence	0	0	clipped_graph_paths	upstream_clipped_graph_source
HIFI032335D#2	HLA-A	1	0	0	no_gene_sequence_annotation_not_proven_absence	0	0	clipped_graph_paths	upstream_clipped_graph_source;DR_DQ_candidate_novel_annotation
HIFI032335D#2	HLA-B	1	1	1		0	0	clipped_graph_paths	upstream_clipped_graph_source;DR_DQ_candidate_novel_annotation
HIFI032335D#2	HLA-C	1	1	1		0	0	clipped_graph_paths	upstream_clipped_graph_source;DR_DQ_candidate_novel_annotation
HIFI032335D#2	HLA-DRB1	1	1	0	no_current_exact_cds_match	0	0	clipped_graph_paths	upstream_clipped_graph_source;DR_DQ_candidate_novel_annotation
HIFI032335D#2	HLA-DQA1	1	1	1		0	0	clipped_graph_paths	upstream_clipped_graph_source;DR_DQ_candidate_novel_annotation
HIFI032335D#2	HLA-DQB1	1	1	1		0	0	clipped_graph_paths	upstream_clipped_graph_source;DR_DQ_candidate_novel_annotation
HIFI032335D#2	HLA-DPA1	1	1	1		0	0	clipped_graph_paths	upstream_clipped_graph_source;DR_DQ_candidate_novel_annotation
HIFI032335D#2	HLA-DPB1	1	1	1		0	0	clipped_graph_paths	upstream_clipped_graph_source;DR_DQ_candidate_novel_annotation
HIFI032335D#2	HLA-DRB3	1	1	1		0	0	clipped_graph_paths	upstream_clipped_graph_source;DR_DQ_candidate_novel_annotation
HIFI032335D#2	HLA-DRB4	1	0	0	no_gene_sequence_annotation_not_proven_absence	0	0	clipped_graph_paths	upstream_clipped_graph_source;DR_DQ_candidate_novel_annotation
HIFI032335D#2	HLA-DRB5	1	0	0	no_gene_sequence_annotation_not_proven_absence	0	0	clipped_graph_paths	upstream_clipped_graph_source;DR_DQ_candidate_novel_annotation
HIFI032349D#1	HLA-A	1	1	1		0	0	clipped_graph_paths	upstream_clipped_graph_source;DR_DQ_candidate_novel_annotation
HIFI032349D#1	HLA-B	1	1	1		0	0	clipped_graph_paths	upstream_clipped_graph_source;DR_DQ_candidate_novel_annotation
HIFI032349D#1	HLA-C	1	1	1		0	0	clipped_graph_paths	upstream_clipped_graph_source;DR_DQ_candidate_novel_annotation
HIFI032349D#1	HLA-DRB1	1	1	1		0	0	clipped_graph_paths	upstream_clipped_graph_source;DR_DQ_candidate_novel_annotation
HIFI032349D#1	HLA-DQA1	1	1	1		0	0	clipped_graph_paths	upstream_clipped_graph_source;DR_DQ_candidate_novel_annotation
HIFI032349D#1	HLA-DQB1	1	1	1		0	0	clipped_graph_paths	upstream_clipped_graph_source;DR_DQ_candidate_novel_annotation
HIFI032349D#1	HLA-DPA1	1	1	1		0	0	clipped_graph_paths	upstream_clipped_graph_source;DR_DQ_candidate_novel_annotation
HIFI032349D#1	HLA-DPB1	1	1	1		0	0	clipped_graph_paths	upstream_clipped_graph_source;DR_DQ_candidate_novel_annotation
HIFI032349D#1	HLA-DRB3	1	0	0	no_gene_sequence_annotation_not_proven_absence	0	0	clipped_graph_paths	upstream_clipped_graph_source;DR_DQ_candidate_novel_annotation
HIFI032349D#1	HLA-DRB4	1	1	1		0	0	clipped_graph_paths	upstream_clipped_graph_source;DR_DQ_candidate_novel_annotation
HIFI032349D#1	HLA-DRB5	1	0	0	no_gene_sequence_annotation_not_proven_absence	0	0	clipped_graph_paths	upstream_clipped_graph_source;DR_DQ_candidate_novel_annotation
HIFI032349D#2	HLA-A	1	1	1		0	0	clipped_graph_paths	upstream_clipped_graph_source;DR_DQ_candidate_novel_annotation;downstream_graph_clipping_loss
HIFI032349D#2	HLA-B	1	1	1		0	0	clipped_graph_paths	upstream_clipped_graph_source;DR_DQ_candidate_novel_annotation;downstream_graph_clipping_loss
HIFI032349D#2	HLA-C	1	1	1		0	0	clipped_graph_paths	upstream_clipped_graph_source;DR_DQ_candidate_novel_annotation;downstream_graph_clipping_loss
HIFI032349D#2	HLA-DRB1	1	1	1		0	0	clipped_graph_paths	upstream_clipped_graph_source;DR_DQ_candidate_novel_annotation;downstream_graph_clipping_loss
HIFI032349D#2	HLA-DQA1	1	1	1		0	0	clipped_graph_paths	upstream_clipped_graph_source;DR_DQ_candidate_novel_annotation;downstream_graph_clipping_loss
HIFI032349D#2	HLA-DQB1	1	1	1		0	0	clipped_graph_paths	upstream_clipped_graph_source;DR_DQ_candidate_novel_annotation;downstream_graph_clipping_loss
HIFI032349D#2	HLA-DPA1	1	1	1		0	0	clipped_graph_paths	upstream_clipped_graph_source;DR_DQ_candidate_novel_annotation;downstream_graph_clipping_loss
HIFI032349D#2	HLA-DPB1	1	1	1		0	0	clipped_graph_paths	upstream_clipped_graph_source;DR_DQ_candidate_novel_annotation;downstream_graph_clipping_loss
HIFI032349D#2	HLA-DRB3	1	1	1		0	0	clipped_graph_paths	upstream_clipped_graph_source;DR_DQ_candidate_novel_annotation;downstream_graph_clipping_loss
HIFI032349D#2	HLA-DRB4	1	0	0	no_gene_sequence_annotation_not_proven_absence	0	0	clipped_graph_paths	upstream_clipped_graph_source;DR_DQ_candidate_novel_annotation;downstream_graph_clipping_loss
HIFI032349D#2	HLA-DRB5	1	0	0	no_gene_sequence_annotation_not_proven_absence	0	0	clipped_graph_paths	upstream_clipped_graph_source;DR_DQ_candidate_novel_annotation;downstream_graph_clipping_loss
HIFI032373D#1	HLA-A	1	1	1		0	0	clipped_graph_paths	upstream_clipped_graph_source;downstream_graph_clipping_loss
HIFI032373D#1	HLA-B	1	1	1		0	0	clipped_graph_paths	upstream_clipped_graph_source;downstream_graph_clipping_loss
HIFI032373D#1	HLA-C	1	1	1		0	0	clipped_graph_paths	upstream_clipped_graph_source;downstream_graph_clipping_loss
HIFI032373D#1	HLA-DRB1	1	1	1		0	0	clipped_graph_paths	upstream_clipped_graph_source;downstream_graph_clipping_loss
HIFI032373D#1	HLA-DQA1	1	1	1		0	0	clipped_graph_paths	upstream_clipped_graph_source;downstream_graph_clipping_loss
HIFI032373D#1	HLA-DQB1	1	1	1		0	0	clipped_graph_paths	upstream_clipped_graph_source;downstream_graph_clipping_loss
HIFI032373D#1	HLA-DPA1	1	1	1		0	0	clipped_graph_paths	upstream_clipped_graph_source;downstream_graph_clipping_loss
HIFI032373D#1	HLA-DPB1	1	1	1		0	0	clipped_graph_paths	upstream_clipped_graph_source;downstream_graph_clipping_loss
HIFI032373D#1	HLA-DRB3	1	1	1		0	0	clipped_graph_paths	upstream_clipped_graph_source;downstream_graph_clipping_loss
HIFI032373D#1	HLA-DRB4	1	0	0	no_gene_sequence_annotation_not_proven_absence	0	0	clipped_graph_paths	upstream_clipped_graph_source;downstream_graph_clipping_loss
HIFI032373D#1	HLA-DRB5	1	0	0	no_gene_sequence_annotation_not_proven_absence	0	0	clipped_graph_paths	upstream_clipped_graph_source;downstream_graph_clipping_loss
HIFI032373D#2	HLA-A	1	1	1		0	0	clipped_graph_paths	upstream_clipped_graph_source;DR_DQ_candidate_novel_annotation
HIFI032373D#2	HLA-B	1	1	1		0	0	clipped_graph_paths	upstream_clipped_graph_source;DR_DQ_candidate_novel_annotation
HIFI032373D#2	HLA-C	1	1	1		0	0	clipped_graph_paths	upstream_clipped_graph_source;DR_DQ_candidate_novel_annotation
HIFI032373D#2	HLA-DRB1	1	1	1		0	0	clipped_graph_paths	upstream_clipped_graph_source;DR_DQ_candidate_novel_annotation
HIFI032373D#2	HLA-DQA1	1	1	1		0	0	clipped_graph_paths	upstream_clipped_graph_source;DR_DQ_candidate_novel_annotation
HIFI032373D#2	HLA-DQB1	1	1	1		0	0	clipped_graph_paths	upstream_clipped_graph_source;DR_DQ_candidate_novel_annotation
HIFI032373D#2	HLA-DPA1	1	1	1		0	0	clipped_graph_paths	upstream_clipped_graph_source;DR_DQ_candidate_novel_annotation
HIFI032373D#2	HLA-DPB1	1	1	1		0	0	clipped_graph_paths	upstream_clipped_graph_source;DR_DQ_candidate_novel_annotation
HIFI032373D#2	HLA-DRB3	1	0	0	no_gene_sequence_annotation_not_proven_absence	0	0	clipped_graph_paths	upstream_clipped_graph_source;DR_DQ_candidate_novel_annotation
HIFI032373D#2	HLA-DRB4	1	0	0	no_gene_sequence_annotation_not_proven_absence	0	0	clipped_graph_paths	upstream_clipped_graph_source;DR_DQ_candidate_novel_annotation
HIFI032373D#2	HLA-DRB5	1	1	1		0	0	clipped_graph_paths	upstream_clipped_graph_source;DR_DQ_candidate_novel_annotation
HIFI032420D#1	HLA-A	1	1	1		0	0	clipped_graph_paths	upstream_clipped_graph_source;DR_DQ_candidate_novel_annotation;downstream_graph_clipping_loss
HIFI032420D#1	HLA-B	1	1	1		0	0	clipped_graph_paths	upstream_clipped_graph_source;DR_DQ_candidate_novel_annotation;downstream_graph_clipping_loss
HIFI032420D#1	HLA-C	1	1	1		0	0	clipped_graph_paths	upstream_clipped_graph_source;DR_DQ_candidate_novel_annotation;downstream_graph_clipping_loss
HIFI032420D#1	HLA-DRB1	1	1	1		0	0	clipped_graph_paths	upstream_clipped_graph_source;DR_DQ_candidate_novel_annotation;downstream_graph_clipping_loss
HIFI032420D#1	HLA-DQA1	1	1	1		0	0	clipped_graph_paths	upstream_clipped_graph_source;DR_DQ_candidate_novel_annotation;downstream_graph_clipping_loss
HIFI032420D#1	HLA-DQB1	1	1	1		0	0	clipped_graph_paths	upstream_clipped_graph_source;DR_DQ_candidate_novel_annotation;downstream_graph_clipping_loss
HIFI032420D#1	HLA-DPA1	1	1	1		0	0	clipped_graph_paths	upstream_clipped_graph_source;DR_DQ_candidate_novel_annotation;downstream_graph_clipping_loss
HIFI032420D#1	HLA-DPB1	1	1	1		0	0	clipped_graph_paths	upstream_clipped_graph_source;DR_DQ_candidate_novel_annotation;downstream_graph_clipping_loss
HIFI032420D#1	HLA-DRB3	1	0	0	no_gene_sequence_annotation_not_proven_absence	0	0	clipped_graph_paths	upstream_clipped_graph_source;DR_DQ_candidate_novel_annotation;downstream_graph_clipping_loss
HIFI032420D#1	HLA-DRB4	1	1	1		0	0	clipped_graph_paths	upstream_clipped_graph_source;DR_DQ_candidate_novel_annotation;downstream_graph_clipping_loss
HIFI032420D#1	HLA-DRB5	1	0	0	no_gene_sequence_annotation_not_proven_absence	0	0	clipped_graph_paths	upstream_clipped_graph_source;DR_DQ_candidate_novel_annotation;downstream_graph_clipping_loss
HIFI032420D#2	HLA-A	1	1	1		0	0	clipped_graph_paths	upstream_clipped_graph_source;DR_DQ_candidate_novel_annotation
HIFI032420D#2	HLA-B	1	1	1		0	0	clipped_graph_paths	upstream_clipped_graph_source;DR_DQ_candidate_novel_annotation
HIFI032420D#2	HLA-C	1	1	1		0	0	clipped_graph_paths	upstream_clipped_graph_source;DR_DQ_candidate_novel_annotation
HIFI032420D#2	HLA-DRB1	1	1	1		0	0	clipped_graph_paths	upstream_clipped_graph_source;DR_DQ_candidate_novel_annotation
HIFI032420D#2	HLA-DQA1	1	1	1		0	0	clipped_graph_paths	upstream_clipped_graph_source;DR_DQ_candidate_novel_annotation
HIFI032420D#2	HLA-DQB1	1	1	1		0	0	clipped_graph_paths	upstream_clipped_graph_source;DR_DQ_candidate_novel_annotation
HIFI032420D#2	HLA-DPA1	1	1	1		0	0	clipped_graph_paths	upstream_clipped_graph_source;DR_DQ_candidate_novel_annotation
HIFI032420D#2	HLA-DPB1	1	1	1		0	0	clipped_graph_paths	upstream_clipped_graph_source;DR_DQ_candidate_novel_annotation
HIFI032420D#2	HLA-DRB3	1	0	0	no_gene_sequence_annotation_not_proven_absence	0	0	clipped_graph_paths	upstream_clipped_graph_source;DR_DQ_candidate_novel_annotation
HIFI032420D#2	HLA-DRB4	1	1	0	cds_completeness_or_abnormality	0	0	clipped_graph_paths	upstream_clipped_graph_source;DR_DQ_candidate_novel_annotation
HIFI032420D#2	HLA-DRB5	1	0	0	no_gene_sequence_annotation_not_proven_absence	0	0	clipped_graph_paths	upstream_clipped_graph_source;DR_DQ_candidate_novel_annotation
HIFI032422D#1	HLA-A	1	1	0	cds_completeness_or_abnormality;no_current_exact_cds_match	0	0	clipped_graph_paths	upstream_clipped_graph_source;DR_DQ_candidate_novel_annotation;downstream_graph_clipping_loss
HIFI032422D#1	HLA-B	1	1	1		0	0	clipped_graph_paths	upstream_clipped_graph_source;DR_DQ_candidate_novel_annotation;downstream_graph_clipping_loss
HIFI032422D#1	HLA-C	1	1	1		0	0	clipped_graph_paths	upstream_clipped_graph_source;DR_DQ_candidate_novel_annotation;downstream_graph_clipping_loss
HIFI032422D#1	HLA-DRB1	1	1	1		0	0	clipped_graph_paths	upstream_clipped_graph_source;DR_DQ_candidate_novel_annotation;downstream_graph_clipping_loss
HIFI032422D#1	HLA-DQA1	1	1	1		0	0	clipped_graph_paths	upstream_clipped_graph_source;DR_DQ_candidate_novel_annotation;downstream_graph_clipping_loss
HIFI032422D#1	HLA-DQB1	1	1	1		0	0	clipped_graph_paths	upstream_clipped_graph_source;DR_DQ_candidate_novel_annotation;downstream_graph_clipping_loss
HIFI032422D#1	HLA-DPA1	1	1	1		0	0	clipped_graph_paths	upstream_clipped_graph_source;DR_DQ_candidate_novel_annotation;downstream_graph_clipping_loss
HIFI032422D#1	HLA-DPB1	1	1	1		0	0	clipped_graph_paths	upstream_clipped_graph_source;DR_DQ_candidate_novel_annotation;downstream_graph_clipping_loss
HIFI032422D#1	HLA-DRB3	1	1	1		0	0	clipped_graph_paths	upstream_clipped_graph_source;DR_DQ_candidate_novel_annotation;downstream_graph_clipping_loss
HIFI032422D#1	HLA-DRB4	1	0	0	no_gene_sequence_annotation_not_proven_absence	0	0	clipped_graph_paths	upstream_clipped_graph_source;DR_DQ_candidate_novel_annotation;downstream_graph_clipping_loss
HIFI032422D#1	HLA-DRB5	1	0	0	no_gene_sequence_annotation_not_proven_absence	0	0	clipped_graph_paths	upstream_clipped_graph_source;DR_DQ_candidate_novel_annotation;downstream_graph_clipping_loss
HIFI032422D#2	HLA-A	1	1	1		0	0	clipped_graph_paths	upstream_clipped_graph_source;DR_DQ_candidate_novel_annotation;downstream_graph_clipping_loss
HIFI032422D#2	HLA-B	1	1	1		0	0	clipped_graph_paths	upstream_clipped_graph_source;DR_DQ_candidate_novel_annotation;downstream_graph_clipping_loss
HIFI032422D#2	HLA-C	1	1	1		0	0	clipped_graph_paths	upstream_clipped_graph_source;DR_DQ_candidate_novel_annotation;downstream_graph_clipping_loss
HIFI032422D#2	HLA-DRB1	1	1	1		0	0	clipped_graph_paths	upstream_clipped_graph_source;DR_DQ_candidate_novel_annotation;downstream_graph_clipping_loss
HIFI032422D#2	HLA-DQA1	1	1	1		0	0	clipped_graph_paths	upstream_clipped_graph_source;DR_DQ_candidate_novel_annotation;downstream_graph_clipping_loss
HIFI032422D#2	HLA-DQB1	1	1	1		0	0	clipped_graph_paths	upstream_clipped_graph_source;DR_DQ_candidate_novel_annotation;downstream_graph_clipping_loss
HIFI032422D#2	HLA-DPA1	1	1	1		0	0	clipped_graph_paths	upstream_clipped_graph_source;DR_DQ_candidate_novel_annotation;downstream_graph_clipping_loss
HIFI032422D#2	HLA-DPB1	1	1	1		0	0	clipped_graph_paths	upstream_clipped_graph_source;DR_DQ_candidate_novel_annotation;downstream_graph_clipping_loss
HIFI032422D#2	HLA-DRB3	1	1	1		0	0	clipped_graph_paths	upstream_clipped_graph_source;DR_DQ_candidate_novel_annotation;downstream_graph_clipping_loss
HIFI032422D#2	HLA-DRB4	1	0	0	no_gene_sequence_annotation_not_proven_absence	0	0	clipped_graph_paths	upstream_clipped_graph_source;DR_DQ_candidate_novel_annotation;downstream_graph_clipping_loss
HIFI032422D#2	HLA-DRB5	1	0	0	no_gene_sequence_annotation_not_proven_absence	0	0	clipped_graph_paths	upstream_clipped_graph_source;DR_DQ_candidate_novel_annotation;downstream_graph_clipping_loss
HIFI032429D#1	HLA-A	1	1	1		0	0	clipped_graph_paths	upstream_clipped_graph_source;DR_DQ_candidate_novel_annotation;downstream_graph_clipping_loss
HIFI032429D#1	HLA-B	1	1	1		0	0	clipped_graph_paths	upstream_clipped_graph_source;DR_DQ_candidate_novel_annotation;downstream_graph_clipping_loss
HIFI032429D#1	HLA-C	1	1	1		0	0	clipped_graph_paths	upstream_clipped_graph_source;DR_DQ_candidate_novel_annotation;downstream_graph_clipping_loss
HIFI032429D#1	HLA-DRB1	1	1	0	no_current_exact_cds_match	0	0	clipped_graph_paths	upstream_clipped_graph_source;DR_DQ_candidate_novel_annotation;downstream_graph_clipping_loss
HIFI032429D#1	HLA-DQA1	1	1	1		0	0	clipped_graph_paths	upstream_clipped_graph_source;DR_DQ_candidate_novel_annotation;downstream_graph_clipping_loss
HIFI032429D#1	HLA-DQB1	1	1	1		0	0	clipped_graph_paths	upstream_clipped_graph_source;DR_DQ_candidate_novel_annotation;downstream_graph_clipping_loss
HIFI032429D#1	HLA-DPA1	1	1	1		0	0	clipped_graph_paths	upstream_clipped_graph_source;DR_DQ_candidate_novel_annotation;downstream_graph_clipping_loss
HIFI032429D#1	HLA-DPB1	1	1	1		0	0	clipped_graph_paths	upstream_clipped_graph_source;DR_DQ_candidate_novel_annotation;downstream_graph_clipping_loss
HIFI032429D#1	HLA-DRB3	1	0	0	no_gene_sequence_annotation_not_proven_absence	0	0	clipped_graph_paths	upstream_clipped_graph_source;DR_DQ_candidate_novel_annotation;downstream_graph_clipping_loss
HIFI032429D#1	HLA-DRB4	1	0	0	no_gene_sequence_annotation_not_proven_absence	0	0	clipped_graph_paths	upstream_clipped_graph_source;DR_DQ_candidate_novel_annotation;downstream_graph_clipping_loss
HIFI032429D#1	HLA-DRB5	1	1	1		0	0	clipped_graph_paths	upstream_clipped_graph_source;DR_DQ_candidate_novel_annotation;downstream_graph_clipping_loss
HIFI032429D#2	HLA-A	1	1	1		0	0	clipped_graph_paths	upstream_clipped_graph_source;DR_DQ_candidate_novel_annotation;downstream_graph_clipping_loss
HIFI032429D#2	HLA-B	1	1	1		0	0	clipped_graph_paths	upstream_clipped_graph_source;DR_DQ_candidate_novel_annotation;downstream_graph_clipping_loss
HIFI032429D#2	HLA-C	1	1	1		0	0	clipped_graph_paths	upstream_clipped_graph_source;DR_DQ_candidate_novel_annotation;downstream_graph_clipping_loss
HIFI032429D#2	HLA-DRB1	1	1	1		0	0	clipped_graph_paths	upstream_clipped_graph_source;DR_DQ_candidate_novel_annotation;downstream_graph_clipping_loss
HIFI032429D#2	HLA-DQA1	1	1	1		0	0	clipped_graph_paths	upstream_clipped_graph_source;DR_DQ_candidate_novel_annotation;downstream_graph_clipping_loss
HIFI032429D#2	HLA-DQB1	1	1	1		0	0	clipped_graph_paths	upstream_clipped_graph_source;DR_DQ_candidate_novel_annotation;downstream_graph_clipping_loss
HIFI032429D#2	HLA-DPA1	1	1	1		0	0	clipped_graph_paths	upstream_clipped_graph_source;DR_DQ_candidate_novel_annotation;downstream_graph_clipping_loss
HIFI032429D#2	HLA-DPB1	1	1	1		0	0	clipped_graph_paths	upstream_clipped_graph_source;DR_DQ_candidate_novel_annotation;downstream_graph_clipping_loss
HIFI032429D#2	HLA-DRB3	1	1	1		0	0	clipped_graph_paths	upstream_clipped_graph_source;DR_DQ_candidate_novel_annotation;downstream_graph_clipping_loss
HIFI032429D#2	HLA-DRB4	1	0	0	no_gene_sequence_annotation_not_proven_absence	0	0	clipped_graph_paths	upstream_clipped_graph_source;DR_DQ_candidate_novel_annotation;downstream_graph_clipping_loss
HIFI032429D#2	HLA-DRB5	1	0	0	no_gene_sequence_annotation_not_proven_absence	0	0	clipped_graph_paths	upstream_clipped_graph_source;DR_DQ_candidate_novel_annotation;downstream_graph_clipping_loss
HIFI032440D#1	HLA-A	1	1	1		0	0	clipped_graph_paths	upstream_clipped_graph_source;DR_DQ_candidate_novel_annotation;downstream_graph_clipping_loss
HIFI032440D#1	HLA-B	1	1	1		0	0	clipped_graph_paths	upstream_clipped_graph_source;DR_DQ_candidate_novel_annotation;downstream_graph_clipping_loss
HIFI032440D#1	HLA-C	1	1	1		0	0	clipped_graph_paths	upstream_clipped_graph_source;DR_DQ_candidate_novel_annotation;downstream_graph_clipping_loss
HIFI032440D#1	HLA-DRB1	1	1	1		0	0	clipped_graph_paths	upstream_clipped_graph_source;DR_DQ_candidate_novel_annotation;downstream_graph_clipping_loss
HIFI032440D#1	HLA-DQA1	1	1	1		0	0	clipped_graph_paths	upstream_clipped_graph_source;DR_DQ_candidate_novel_annotation;downstream_graph_clipping_loss
HIFI032440D#1	HLA-DQB1	1	1	1		0	0	clipped_graph_paths	upstream_clipped_graph_source;DR_DQ_candidate_novel_annotation;downstream_graph_clipping_loss
HIFI032440D#1	HLA-DPA1	1	1	1		0	0	clipped_graph_paths	upstream_clipped_graph_source;DR_DQ_candidate_novel_annotation;downstream_graph_clipping_loss
HIFI032440D#1	HLA-DPB1	1	1	1		0	0	clipped_graph_paths	upstream_clipped_graph_source;DR_DQ_candidate_novel_annotation;downstream_graph_clipping_loss
HIFI032440D#1	HLA-DRB3	1	1	1		0	0	clipped_graph_paths	upstream_clipped_graph_source;DR_DQ_candidate_novel_annotation;downstream_graph_clipping_loss
HIFI032440D#1	HLA-DRB4	1	0	0	no_gene_sequence_annotation_not_proven_absence	0	0	clipped_graph_paths	upstream_clipped_graph_source;DR_DQ_candidate_novel_annotation;downstream_graph_clipping_loss
HIFI032440D#1	HLA-DRB5	1	0	0	no_gene_sequence_annotation_not_proven_absence	0	0	clipped_graph_paths	upstream_clipped_graph_source;DR_DQ_candidate_novel_annotation;downstream_graph_clipping_loss
HIFI032440D#2	HLA-A	1	1	0	cds_completeness_or_abnormality;no_current_exact_cds_match	0	0	clipped_graph_paths	upstream_clipped_graph_source;DR_DQ_candidate_novel_annotation
HIFI032440D#2	HLA-B	1	1	1		0	0	clipped_graph_paths	upstream_clipped_graph_source;DR_DQ_candidate_novel_annotation
HIFI032440D#2	HLA-C	1	1	1		0	0	clipped_graph_paths	upstream_clipped_graph_source;DR_DQ_candidate_novel_annotation
HIFI032440D#2	HLA-DRB1	1	1	1		0	0	clipped_graph_paths	upstream_clipped_graph_source;DR_DQ_candidate_novel_annotation
HIFI032440D#2	HLA-DQA1	1	1	1		0	0	clipped_graph_paths	upstream_clipped_graph_source;DR_DQ_candidate_novel_annotation
HIFI032440D#2	HLA-DQB1	1	1	1		0	0	clipped_graph_paths	upstream_clipped_graph_source;DR_DQ_candidate_novel_annotation
HIFI032440D#2	HLA-DPA1	1	1	1		0	0	clipped_graph_paths	upstream_clipped_graph_source;DR_DQ_candidate_novel_annotation
HIFI032440D#2	HLA-DPB1	1	1	1		0	0	clipped_graph_paths	upstream_clipped_graph_source;DR_DQ_candidate_novel_annotation
HIFI032440D#2	HLA-DRB3	1	0	0	no_gene_sequence_annotation_not_proven_absence	0	0	clipped_graph_paths	upstream_clipped_graph_source;DR_DQ_candidate_novel_annotation
HIFI032440D#2	HLA-DRB4	1	0	0	no_gene_sequence_annotation_not_proven_absence	0	0	clipped_graph_paths	upstream_clipped_graph_source;DR_DQ_candidate_novel_annotation
HIFI032440D#2	HLA-DRB5	1	0	0	no_gene_sequence_annotation_not_proven_absence	0	0	clipped_graph_paths	upstream_clipped_graph_source;DR_DQ_candidate_novel_annotation
HIFI032450D#1	HLA-A	1	1	1		0	0	clipped_graph_paths	upstream_clipped_graph_source;DR_DQ_candidate_novel_annotation
HIFI032450D#1	HLA-B	1	1	1		0	0	clipped_graph_paths	upstream_clipped_graph_source;DR_DQ_candidate_novel_annotation
HIFI032450D#1	HLA-C	1	1	1		0	0	clipped_graph_paths	upstream_clipped_graph_source;DR_DQ_candidate_novel_annotation
HIFI032450D#1	HLA-DRB1	1	1	1		0	0	clipped_graph_paths	upstream_clipped_graph_source;DR_DQ_candidate_novel_annotation
HIFI032450D#1	HLA-DQA1	1	1	1		0	0	clipped_graph_paths	upstream_clipped_graph_source;DR_DQ_candidate_novel_annotation
HIFI032450D#1	HLA-DQB1	1	1	1		0	0	clipped_graph_paths	upstream_clipped_graph_source;DR_DQ_candidate_novel_annotation
HIFI032450D#1	HLA-DPA1	1	1	1		0	0	clipped_graph_paths	upstream_clipped_graph_source;DR_DQ_candidate_novel_annotation
HIFI032450D#1	HLA-DPB1	1	1	1		0	0	clipped_graph_paths	upstream_clipped_graph_source;DR_DQ_candidate_novel_annotation
HIFI032450D#1	HLA-DRB3	1	1	1		0	0	clipped_graph_paths	upstream_clipped_graph_source;DR_DQ_candidate_novel_annotation
HIFI032450D#1	HLA-DRB4	1	0	0	no_gene_sequence_annotation_not_proven_absence	0	0	clipped_graph_paths	upstream_clipped_graph_source;DR_DQ_candidate_novel_annotation
HIFI032450D#1	HLA-DRB5	1	0	0	no_gene_sequence_annotation_not_proven_absence	0	0	clipped_graph_paths	upstream_clipped_graph_source;DR_DQ_candidate_novel_annotation
HIFI032450D#2	HLA-A	1	1	1		0	0	clipped_graph_paths	upstream_clipped_graph_source;absent_from_existing_DRA_DMA_span;DR_DQ_candidate_novel_annotation;downstream_graph_clipping_loss
HIFI032450D#2	HLA-B	1	1	1		0	0	clipped_graph_paths	upstream_clipped_graph_source;absent_from_existing_DRA_DMA_span;DR_DQ_candidate_novel_annotation;downstream_graph_clipping_loss
HIFI032450D#2	HLA-C	1	1	1		0	0	clipped_graph_paths	upstream_clipped_graph_source;absent_from_existing_DRA_DMA_span;DR_DQ_candidate_novel_annotation;downstream_graph_clipping_loss
HIFI032450D#2	HLA-DRB1	1	1	0	no_current_exact_cds_match	0	0	clipped_graph_paths	upstream_clipped_graph_source;absent_from_existing_DRA_DMA_span;DR_DQ_candidate_novel_annotation;downstream_graph_clipping_loss
HIFI032450D#2	HLA-DQA1	1	1	0	missing_feature_in_common_method_comparison	0	0	clipped_graph_paths	upstream_clipped_graph_source;absent_from_existing_DRA_DMA_span;DR_DQ_candidate_novel_annotation;downstream_graph_clipping_loss
HIFI032450D#2	HLA-DQB1	1	1	0	missing_feature_in_common_method_comparison	0	0	clipped_graph_paths	upstream_clipped_graph_source;absent_from_existing_DRA_DMA_span;DR_DQ_candidate_novel_annotation;downstream_graph_clipping_loss
HIFI032450D#2	HLA-DPA1	1	1	0	missing_feature_in_common_method_comparison	0	0	clipped_graph_paths	upstream_clipped_graph_source;absent_from_existing_DRA_DMA_span;DR_DQ_candidate_novel_annotation;downstream_graph_clipping_loss
HIFI032450D#2	HLA-DPB1	1	1	0	missing_feature_in_common_method_comparison	0	0	clipped_graph_paths	upstream_clipped_graph_source;absent_from_existing_DRA_DMA_span;DR_DQ_candidate_novel_annotation;downstream_graph_clipping_loss
HIFI032450D#2	HLA-DRB3	1	0	0	no_gene_sequence_annotation_not_proven_absence	0	0	clipped_graph_paths	upstream_clipped_graph_source;absent_from_existing_DRA_DMA_span;DR_DQ_candidate_novel_annotation;downstream_graph_clipping_loss
HIFI032450D#2	HLA-DRB4	1	0	0	no_gene_sequence_annotation_not_proven_absence	0	0	clipped_graph_paths	upstream_clipped_graph_source;absent_from_existing_DRA_DMA_span;DR_DQ_candidate_novel_annotation;downstream_graph_clipping_loss
HIFI032450D#2	HLA-DRB5	1	1	0	missing_feature_in_common_method_comparison	0	0	clipped_graph_paths	upstream_clipped_graph_source;absent_from_existing_DRA_DMA_span;DR_DQ_candidate_novel_annotation;downstream_graph_clipping_loss
HIFI032453D#1	HLA-A	1	1	1		0	0	clipped_graph_paths	upstream_clipped_graph_source;downstream_graph_clipping_loss
HIFI032453D#1	HLA-B	1	1	1		0	0	clipped_graph_paths	upstream_clipped_graph_source;downstream_graph_clipping_loss
HIFI032453D#1	HLA-C	1	1	1		0	0	clipped_graph_paths	upstream_clipped_graph_source;downstream_graph_clipping_loss
HIFI032453D#1	HLA-DRB1	1	1	1		0	0	clipped_graph_paths	upstream_clipped_graph_source;downstream_graph_clipping_loss
HIFI032453D#1	HLA-DQA1	1	1	1		0	0	clipped_graph_paths	upstream_clipped_graph_source;downstream_graph_clipping_loss
HIFI032453D#1	HLA-DQB1	1	1	1		0	0	clipped_graph_paths	upstream_clipped_graph_source;downstream_graph_clipping_loss
HIFI032453D#1	HLA-DPA1	1	1	1		0	0	clipped_graph_paths	upstream_clipped_graph_source;downstream_graph_clipping_loss
HIFI032453D#1	HLA-DPB1	1	1	1		0	0	clipped_graph_paths	upstream_clipped_graph_source;downstream_graph_clipping_loss
HIFI032453D#1	HLA-DRB3	1	1	1		0	0	clipped_graph_paths	upstream_clipped_graph_source;downstream_graph_clipping_loss
HIFI032453D#1	HLA-DRB4	1	0	0	no_gene_sequence_annotation_not_proven_absence	0	0	clipped_graph_paths	upstream_clipped_graph_source;downstream_graph_clipping_loss
HIFI032453D#1	HLA-DRB5	1	0	0	no_gene_sequence_annotation_not_proven_absence	0	0	clipped_graph_paths	upstream_clipped_graph_source;downstream_graph_clipping_loss
HIFI032453D#2	HLA-A	1	1	0	cds_completeness_or_abnormality;no_current_exact_cds_match	0	0	clipped_graph_paths	upstream_clipped_graph_source;DR_DQ_candidate_novel_annotation;downstream_graph_clipping_loss
HIFI032453D#2	HLA-B	1	1	1		0	0	clipped_graph_paths	upstream_clipped_graph_source;DR_DQ_candidate_novel_annotation;downstream_graph_clipping_loss
HIFI032453D#2	HLA-C	1	1	1		0	0	clipped_graph_paths	upstream_clipped_graph_source;DR_DQ_candidate_novel_annotation;downstream_graph_clipping_loss
HIFI032453D#2	HLA-DRB1	1	1	1		0	0	clipped_graph_paths	upstream_clipped_graph_source;DR_DQ_candidate_novel_annotation;downstream_graph_clipping_loss
HIFI032453D#2	HLA-DQA1	1	1	1		0	0	clipped_graph_paths	upstream_clipped_graph_source;DR_DQ_candidate_novel_annotation;downstream_graph_clipping_loss
HIFI032453D#2	HLA-DQB1	1	1	1		0	0	clipped_graph_paths	upstream_clipped_graph_source;DR_DQ_candidate_novel_annotation;downstream_graph_clipping_loss
HIFI032453D#2	HLA-DPA1	1	1	1		0	0	clipped_graph_paths	upstream_clipped_graph_source;DR_DQ_candidate_novel_annotation;downstream_graph_clipping_loss
HIFI032453D#2	HLA-DPB1	1	1	1		0	0	clipped_graph_paths	upstream_clipped_graph_source;DR_DQ_candidate_novel_annotation;downstream_graph_clipping_loss
HIFI032453D#2	HLA-DRB3	1	1	1		0	0	clipped_graph_paths	upstream_clipped_graph_source;DR_DQ_candidate_novel_annotation;downstream_graph_clipping_loss
HIFI032453D#2	HLA-DRB4	1	0	0	no_gene_sequence_annotation_not_proven_absence	0	0	clipped_graph_paths	upstream_clipped_graph_source;DR_DQ_candidate_novel_annotation;downstream_graph_clipping_loss
HIFI032453D#2	HLA-DRB5	1	0	0	no_gene_sequence_annotation_not_proven_absence	0	0	clipped_graph_paths	upstream_clipped_graph_source;DR_DQ_candidate_novel_annotation;downstream_graph_clipping_loss
HIFI032454D#1	HLA-A	1	1	1		0	0	clipped_graph_paths	upstream_clipped_graph_source;DR_DQ_candidate_novel_annotation;downstream_graph_clipping_loss
HIFI032454D#1	HLA-B	1	1	1		0	0	clipped_graph_paths	upstream_clipped_graph_source;DR_DQ_candidate_novel_annotation;downstream_graph_clipping_loss
HIFI032454D#1	HLA-C	1	1	0	no_current_exact_cds_match	0	0	clipped_graph_paths	upstream_clipped_graph_source;DR_DQ_candidate_novel_annotation;downstream_graph_clipping_loss
HIFI032454D#1	HLA-DRB1	1	1	0	no_current_exact_cds_match	0	0	clipped_graph_paths	upstream_clipped_graph_source;DR_DQ_candidate_novel_annotation;downstream_graph_clipping_loss
HIFI032454D#1	HLA-DQA1	1	1	1		0	0	clipped_graph_paths	upstream_clipped_graph_source;DR_DQ_candidate_novel_annotation;downstream_graph_clipping_loss
HIFI032454D#1	HLA-DQB1	1	1	1		0	0	clipped_graph_paths	upstream_clipped_graph_source;DR_DQ_candidate_novel_annotation;downstream_graph_clipping_loss
HIFI032454D#1	HLA-DPA1	1	1	1		0	0	clipped_graph_paths	upstream_clipped_graph_source;DR_DQ_candidate_novel_annotation;downstream_graph_clipping_loss
HIFI032454D#1	HLA-DPB1	1	1	1		0	0	clipped_graph_paths	upstream_clipped_graph_source;DR_DQ_candidate_novel_annotation;downstream_graph_clipping_loss
HIFI032454D#1	HLA-DRB3	1	1	1		0	0	clipped_graph_paths	upstream_clipped_graph_source;DR_DQ_candidate_novel_annotation;downstream_graph_clipping_loss
HIFI032454D#1	HLA-DRB4	1	0	0	no_gene_sequence_annotation_not_proven_absence	0	0	clipped_graph_paths	upstream_clipped_graph_source;DR_DQ_candidate_novel_annotation;downstream_graph_clipping_loss
HIFI032454D#1	HLA-DRB5	1	0	0	no_gene_sequence_annotation_not_proven_absence	0	0	clipped_graph_paths	upstream_clipped_graph_source;DR_DQ_candidate_novel_annotation;downstream_graph_clipping_loss
HIFI032454D#2	HLA-A	1	1	1		0	0	clipped_graph_paths	upstream_clipped_graph_source
HIFI032454D#2	HLA-B	1	1	1		0	0	clipped_graph_paths	upstream_clipped_graph_source
HIFI032454D#2	HLA-C	1	1	1		0	0	clipped_graph_paths	upstream_clipped_graph_source
HIFI032454D#2	HLA-DRB1	1	1	1		0	0	clipped_graph_paths	upstream_clipped_graph_source
HIFI032454D#2	HLA-DQA1	1	1	1		0	0	clipped_graph_paths	upstream_clipped_graph_source
HIFI032454D#2	HLA-DQB1	1	1	1		0	0	clipped_graph_paths	upstream_clipped_graph_source
HIFI032454D#2	HLA-DPA1	1	1	1		0	0	clipped_graph_paths	upstream_clipped_graph_source
HIFI032454D#2	HLA-DPB1	1	1	1		0	0	clipped_graph_paths	upstream_clipped_graph_source
HIFI032454D#2	HLA-DRB3	1	1	1		0	0	clipped_graph_paths	upstream_clipped_graph_source
HIFI032454D#2	HLA-DRB4	1	0	0	no_gene_sequence_annotation_not_proven_absence	0	0	clipped_graph_paths	upstream_clipped_graph_source
HIFI032454D#2	HLA-DRB5	1	0	0	no_gene_sequence_annotation_not_proven_absence	0	0	clipped_graph_paths	upstream_clipped_graph_source
HIFI032462D#1	HLA-A	1	1	1		0	0	clipped_graph_paths	upstream_clipped_graph_source;DR_DQ_candidate_novel_annotation;downstream_graph_clipping_loss
HIFI032462D#1	HLA-B	1	1	1		0	0	clipped_graph_paths	upstream_clipped_graph_source;DR_DQ_candidate_novel_annotation;downstream_graph_clipping_loss
HIFI032462D#1	HLA-C	1	1	1		0	0	clipped_graph_paths	upstream_clipped_graph_source;DR_DQ_candidate_novel_annotation;downstream_graph_clipping_loss
HIFI032462D#1	HLA-DRB1	1	1	1		0	0	clipped_graph_paths	upstream_clipped_graph_source;DR_DQ_candidate_novel_annotation;downstream_graph_clipping_loss
HIFI032462D#1	HLA-DQA1	1	1	1		0	0	clipped_graph_paths	upstream_clipped_graph_source;DR_DQ_candidate_novel_annotation;downstream_graph_clipping_loss
HIFI032462D#1	HLA-DQB1	1	1	1		0	0	clipped_graph_paths	upstream_clipped_graph_source;DR_DQ_candidate_novel_annotation;downstream_graph_clipping_loss
HIFI032462D#1	HLA-DPA1	1	1	1		0	0	clipped_graph_paths	upstream_clipped_graph_source;DR_DQ_candidate_novel_annotation;downstream_graph_clipping_loss
HIFI032462D#1	HLA-DPB1	1	1	1		0	0	clipped_graph_paths	upstream_clipped_graph_source;DR_DQ_candidate_novel_annotation;downstream_graph_clipping_loss
HIFI032462D#1	HLA-DRB3	1	0	0	no_gene_sequence_annotation_not_proven_absence	0	0	clipped_graph_paths	upstream_clipped_graph_source;DR_DQ_candidate_novel_annotation;downstream_graph_clipping_loss
HIFI032462D#1	HLA-DRB4	1	1	1		0	0	clipped_graph_paths	upstream_clipped_graph_source;DR_DQ_candidate_novel_annotation;downstream_graph_clipping_loss
HIFI032462D#1	HLA-DRB5	1	0	0	no_gene_sequence_annotation_not_proven_absence	0	0	clipped_graph_paths	upstream_clipped_graph_source;DR_DQ_candidate_novel_annotation;downstream_graph_clipping_loss
HIFI032462D#2	HLA-A	1	1	1		0	0	clipped_graph_paths	upstream_clipped_graph_source;DR_DQ_candidate_novel_annotation;downstream_graph_clipping_loss
HIFI032462D#2	HLA-B	1	1	1		0	0	clipped_graph_paths	upstream_clipped_graph_source;DR_DQ_candidate_novel_annotation;downstream_graph_clipping_loss
HIFI032462D#2	HLA-C	1	1	1		0	0	clipped_graph_paths	upstream_clipped_graph_source;DR_DQ_candidate_novel_annotation;downstream_graph_clipping_loss
HIFI032462D#2	HLA-DRB1	1	1	0	no_current_exact_cds_match	0	0	clipped_graph_paths	upstream_clipped_graph_source;DR_DQ_candidate_novel_annotation;downstream_graph_clipping_loss
HIFI032462D#2	HLA-DQA1	1	1	1		0	0	clipped_graph_paths	upstream_clipped_graph_source;DR_DQ_candidate_novel_annotation;downstream_graph_clipping_loss
HIFI032462D#2	HLA-DQB1	1	1	1		0	0	clipped_graph_paths	upstream_clipped_graph_source;DR_DQ_candidate_novel_annotation;downstream_graph_clipping_loss
HIFI032462D#2	HLA-DPA1	1	1	1		0	0	clipped_graph_paths	upstream_clipped_graph_source;DR_DQ_candidate_novel_annotation;downstream_graph_clipping_loss
HIFI032462D#2	HLA-DPB1	1	1	1		0	0	clipped_graph_paths	upstream_clipped_graph_source;DR_DQ_candidate_novel_annotation;downstream_graph_clipping_loss
HIFI032462D#2	HLA-DRB3	1	1	1		0	0	clipped_graph_paths	upstream_clipped_graph_source;DR_DQ_candidate_novel_annotation;downstream_graph_clipping_loss
HIFI032462D#2	HLA-DRB4	1	0	0	no_gene_sequence_annotation_not_proven_absence	0	0	clipped_graph_paths	upstream_clipped_graph_source;DR_DQ_candidate_novel_annotation;downstream_graph_clipping_loss
HIFI032462D#2	HLA-DRB5	1	0	0	no_gene_sequence_annotation_not_proven_absence	0	0	clipped_graph_paths	upstream_clipped_graph_source;DR_DQ_candidate_novel_annotation;downstream_graph_clipping_loss
HIFI032473D#1	HLA-A	1	1	1		0	0	clipped_graph_paths	upstream_clipped_graph_source;DR_DQ_candidate_novel_annotation;downstream_graph_clipping_loss
HIFI032473D#1	HLA-B	1	1	1		0	0	clipped_graph_paths	upstream_clipped_graph_source;DR_DQ_candidate_novel_annotation;downstream_graph_clipping_loss
HIFI032473D#1	HLA-C	1	1	1		0	0	clipped_graph_paths	upstream_clipped_graph_source;DR_DQ_candidate_novel_annotation;downstream_graph_clipping_loss
HIFI032473D#1	HLA-DRB1	1	1	1		0	0	clipped_graph_paths	upstream_clipped_graph_source;DR_DQ_candidate_novel_annotation;downstream_graph_clipping_loss
HIFI032473D#1	HLA-DQA1	1	1	1		0	0	clipped_graph_paths	upstream_clipped_graph_source;DR_DQ_candidate_novel_annotation;downstream_graph_clipping_loss
HIFI032473D#1	HLA-DQB1	1	1	0	no_current_exact_cds_match	0	0	clipped_graph_paths	upstream_clipped_graph_source;DR_DQ_candidate_novel_annotation;downstream_graph_clipping_loss
HIFI032473D#1	HLA-DPA1	1	1	1		0	0	clipped_graph_paths	upstream_clipped_graph_source;DR_DQ_candidate_novel_annotation;downstream_graph_clipping_loss
HIFI032473D#1	HLA-DPB1	1	1	1		0	0	clipped_graph_paths	upstream_clipped_graph_source;DR_DQ_candidate_novel_annotation;downstream_graph_clipping_loss
HIFI032473D#1	HLA-DRB3	1	0	0	no_gene_sequence_annotation_not_proven_absence	0	0	clipped_graph_paths	upstream_clipped_graph_source;DR_DQ_candidate_novel_annotation;downstream_graph_clipping_loss
HIFI032473D#1	HLA-DRB4	1	1	1		0	0	clipped_graph_paths	upstream_clipped_graph_source;DR_DQ_candidate_novel_annotation;downstream_graph_clipping_loss
HIFI032473D#1	HLA-DRB5	1	0	0	no_gene_sequence_annotation_not_proven_absence	0	0	clipped_graph_paths	upstream_clipped_graph_source;DR_DQ_candidate_novel_annotation;downstream_graph_clipping_loss
HIFI032473D#2	HLA-A	1	1	1		0	0	clipped_graph_paths	upstream_clipped_graph_source;DR_DQ_candidate_novel_annotation;downstream_graph_clipping_loss
HIFI032473D#2	HLA-B	1	1	1		0	0	clipped_graph_paths	upstream_clipped_graph_source;DR_DQ_candidate_novel_annotation;downstream_graph_clipping_loss
HIFI032473D#2	HLA-C	1	1	1		0	0	clipped_graph_paths	upstream_clipped_graph_source;DR_DQ_candidate_novel_annotation;downstream_graph_clipping_loss
HIFI032473D#2	HLA-DRB1	1	1	0	no_current_exact_cds_match	0	0	clipped_graph_paths	upstream_clipped_graph_source;DR_DQ_candidate_novel_annotation;downstream_graph_clipping_loss
HIFI032473D#2	HLA-DQA1	1	1	1		0	0	clipped_graph_paths	upstream_clipped_graph_source;DR_DQ_candidate_novel_annotation;downstream_graph_clipping_loss
HIFI032473D#2	HLA-DQB1	1	1	1		0	0	clipped_graph_paths	upstream_clipped_graph_source;DR_DQ_candidate_novel_annotation;downstream_graph_clipping_loss
HIFI032473D#2	HLA-DPA1	1	1	1		0	0	clipped_graph_paths	upstream_clipped_graph_source;DR_DQ_candidate_novel_annotation;downstream_graph_clipping_loss
HIFI032473D#2	HLA-DPB1	1	1	1		0	0	clipped_graph_paths	upstream_clipped_graph_source;DR_DQ_candidate_novel_annotation;downstream_graph_clipping_loss
HIFI032473D#2	HLA-DRB3	1	0	0	no_gene_sequence_annotation_not_proven_absence	0	0	clipped_graph_paths	upstream_clipped_graph_source;DR_DQ_candidate_novel_annotation;downstream_graph_clipping_loss
HIFI032473D#2	HLA-DRB4	1	0	0	no_gene_sequence_annotation_not_proven_absence	0	0	clipped_graph_paths	upstream_clipped_graph_source;DR_DQ_candidate_novel_annotation;downstream_graph_clipping_loss
HIFI032473D#2	HLA-DRB5	1	1	0	no_current_exact_cds_match	0	0	clipped_graph_paths	upstream_clipped_graph_source;DR_DQ_candidate_novel_annotation;downstream_graph_clipping_loss
HIFI032487D#1	HLA-A	1	1	0	no_current_exact_cds_match	0	0	clipped_graph_paths	upstream_clipped_graph_source;DR_DQ_candidate_novel_annotation;downstream_graph_clipping_loss
HIFI032487D#1	HLA-B	1	1	1		0	0	clipped_graph_paths	upstream_clipped_graph_source;DR_DQ_candidate_novel_annotation;downstream_graph_clipping_loss
HIFI032487D#1	HLA-C	1	1	1		0	0	clipped_graph_paths	upstream_clipped_graph_source;DR_DQ_candidate_novel_annotation;downstream_graph_clipping_loss
HIFI032487D#1	HLA-DRB1	1	1	1		0	0	clipped_graph_paths	upstream_clipped_graph_source;DR_DQ_candidate_novel_annotation;downstream_graph_clipping_loss
HIFI032487D#1	HLA-DQA1	1	1	1		0	0	clipped_graph_paths	upstream_clipped_graph_source;DR_DQ_candidate_novel_annotation;downstream_graph_clipping_loss
HIFI032487D#1	HLA-DQB1	1	1	1		0	0	clipped_graph_paths	upstream_clipped_graph_source;DR_DQ_candidate_novel_annotation;downstream_graph_clipping_loss
HIFI032487D#1	HLA-DPA1	1	1	1		0	0	clipped_graph_paths	upstream_clipped_graph_source;DR_DQ_candidate_novel_annotation;downstream_graph_clipping_loss
HIFI032487D#1	HLA-DPB1	1	1	1		0	0	clipped_graph_paths	upstream_clipped_graph_source;DR_DQ_candidate_novel_annotation;downstream_graph_clipping_loss
HIFI032487D#1	HLA-DRB3	1	1	1		0	0	clipped_graph_paths	upstream_clipped_graph_source;DR_DQ_candidate_novel_annotation;downstream_graph_clipping_loss
HIFI032487D#1	HLA-DRB4	1	0	0	no_gene_sequence_annotation_not_proven_absence	0	0	clipped_graph_paths	upstream_clipped_graph_source;DR_DQ_candidate_novel_annotation;downstream_graph_clipping_loss
HIFI032487D#1	HLA-DRB5	1	0	0	no_gene_sequence_annotation_not_proven_absence	0	0	clipped_graph_paths	upstream_clipped_graph_source;DR_DQ_candidate_novel_annotation;downstream_graph_clipping_loss
HIFI032487D#2	HLA-A	1	1	1		0	0	clipped_graph_paths	upstream_clipped_graph_source;DR_DQ_candidate_novel_annotation
HIFI032487D#2	HLA-B	1	1	1		0	0	clipped_graph_paths	upstream_clipped_graph_source;DR_DQ_candidate_novel_annotation
HIFI032487D#2	HLA-C	1	1	1		0	0	clipped_graph_paths	upstream_clipped_graph_source;DR_DQ_candidate_novel_annotation
HIFI032487D#2	HLA-DRB1	1	1	1		0	0	clipped_graph_paths	upstream_clipped_graph_source;DR_DQ_candidate_novel_annotation
HIFI032487D#2	HLA-DQA1	1	1	1		0	0	clipped_graph_paths	upstream_clipped_graph_source;DR_DQ_candidate_novel_annotation
HIFI032487D#2	HLA-DQB1	1	1	1		0	0	clipped_graph_paths	upstream_clipped_graph_source;DR_DQ_candidate_novel_annotation
HIFI032487D#2	HLA-DPA1	1	1	1		0	0	clipped_graph_paths	upstream_clipped_graph_source;DR_DQ_candidate_novel_annotation
HIFI032487D#2	HLA-DPB1	1	1	1		0	0	clipped_graph_paths	upstream_clipped_graph_source;DR_DQ_candidate_novel_annotation
HIFI032487D#2	HLA-DRB3	1	0	0	no_gene_sequence_annotation_not_proven_absence	0	0	clipped_graph_paths	upstream_clipped_graph_source;DR_DQ_candidate_novel_annotation
HIFI032487D#2	HLA-DRB4	1	0	0	no_gene_sequence_annotation_not_proven_absence	0	0	clipped_graph_paths	upstream_clipped_graph_source;DR_DQ_candidate_novel_annotation
HIFI032487D#2	HLA-DRB5	1	0	0	no_gene_sequence_annotation_not_proven_absence	0	0	clipped_graph_paths	upstream_clipped_graph_source;DR_DQ_candidate_novel_annotation
HIFI032501D#1	HLA-A	1	1	1		0	0	clipped_graph_paths	upstream_clipped_graph_source;DR_DQ_candidate_novel_annotation
HIFI032501D#1	HLA-B	1	1	1		0	0	clipped_graph_paths	upstream_clipped_graph_source;DR_DQ_candidate_novel_annotation
HIFI032501D#1	HLA-C	1	1	1		0	0	clipped_graph_paths	upstream_clipped_graph_source;DR_DQ_candidate_novel_annotation
HIFI032501D#1	HLA-DRB1	1	1	1		0	0	clipped_graph_paths	upstream_clipped_graph_source;DR_DQ_candidate_novel_annotation
HIFI032501D#1	HLA-DQA1	1	1	1		0	0	clipped_graph_paths	upstream_clipped_graph_source;DR_DQ_candidate_novel_annotation
HIFI032501D#1	HLA-DQB1	1	1	0	cds_completeness_or_abnormality;no_current_exact_cds_match	0	0	clipped_graph_paths	upstream_clipped_graph_source;DR_DQ_candidate_novel_annotation
HIFI032501D#1	HLA-DPA1	1	1	1		0	0	clipped_graph_paths	upstream_clipped_graph_source;DR_DQ_candidate_novel_annotation
HIFI032501D#1	HLA-DPB1	1	1	1		0	0	clipped_graph_paths	upstream_clipped_graph_source;DR_DQ_candidate_novel_annotation
HIFI032501D#1	HLA-DRB3	1	0	0	no_gene_sequence_annotation_not_proven_absence	0	0	clipped_graph_paths	upstream_clipped_graph_source;DR_DQ_candidate_novel_annotation
HIFI032501D#1	HLA-DRB4	1	1	0	cds_completeness_or_abnormality;no_current_exact_cds_match	0	0	clipped_graph_paths	upstream_clipped_graph_source;DR_DQ_candidate_novel_annotation
HIFI032501D#1	HLA-DRB5	1	0	0	no_gene_sequence_annotation_not_proven_absence	0	0	clipped_graph_paths	upstream_clipped_graph_source;DR_DQ_candidate_novel_annotation
HIFI032501D#2	HLA-A	1	1	1		0	0	clipped_graph_paths	upstream_clipped_graph_source;DR_DQ_candidate_novel_annotation;downstream_graph_clipping_loss
HIFI032501D#2	HLA-B	1	1	1		0	0	clipped_graph_paths	upstream_clipped_graph_source;DR_DQ_candidate_novel_annotation;downstream_graph_clipping_loss
HIFI032501D#2	HLA-C	1	1	1		0	0	clipped_graph_paths	upstream_clipped_graph_source;DR_DQ_candidate_novel_annotation;downstream_graph_clipping_loss
HIFI032501D#2	HLA-DRB1	1	1	1		0	0	clipped_graph_paths	upstream_clipped_graph_source;DR_DQ_candidate_novel_annotation;downstream_graph_clipping_loss
HIFI032501D#2	HLA-DQA1	1	1	1		0	0	clipped_graph_paths	upstream_clipped_graph_source;DR_DQ_candidate_novel_annotation;downstream_graph_clipping_loss
HIFI032501D#2	HLA-DQB1	1	1	1		0	0	clipped_graph_paths	upstream_clipped_graph_source;DR_DQ_candidate_novel_annotation;downstream_graph_clipping_loss
HIFI032501D#2	HLA-DPA1	1	1	1		0	0	clipped_graph_paths	upstream_clipped_graph_source;DR_DQ_candidate_novel_annotation;downstream_graph_clipping_loss
HIFI032501D#2	HLA-DPB1	1	1	1		0	0	clipped_graph_paths	upstream_clipped_graph_source;DR_DQ_candidate_novel_annotation;downstream_graph_clipping_loss
HIFI032501D#2	HLA-DRB3	1	1	1		0	0	clipped_graph_paths	upstream_clipped_graph_source;DR_DQ_candidate_novel_annotation;downstream_graph_clipping_loss
HIFI032501D#2	HLA-DRB4	1	0	0	no_gene_sequence_annotation_not_proven_absence	0	0	clipped_graph_paths	upstream_clipped_graph_source;DR_DQ_candidate_novel_annotation;downstream_graph_clipping_loss
HIFI032501D#2	HLA-DRB5	1	0	0	no_gene_sequence_annotation_not_proven_absence	0	0	clipped_graph_paths	upstream_clipped_graph_source;DR_DQ_candidate_novel_annotation;downstream_graph_clipping_loss
HIFI032510D#1	HLA-A	1	1	1		0	0	clipped_graph_paths	upstream_clipped_graph_source
HIFI032510D#1	HLA-B	1	1	1		0	0	clipped_graph_paths	upstream_clipped_graph_source
HIFI032510D#1	HLA-C	1	1	1		0	0	clipped_graph_paths	upstream_clipped_graph_source
HIFI032510D#1	HLA-DRB1	1	1	1		0	0	clipped_graph_paths	upstream_clipped_graph_source
HIFI032510D#1	HLA-DQA1	1	1	1		0	0	clipped_graph_paths	upstream_clipped_graph_source
HIFI032510D#1	HLA-DQB1	1	1	1		0	0	clipped_graph_paths	upstream_clipped_graph_source
HIFI032510D#1	HLA-DPA1	1	1	1		0	0	clipped_graph_paths	upstream_clipped_graph_source
HIFI032510D#1	HLA-DPB1	1	1	1		0	0	clipped_graph_paths	upstream_clipped_graph_source
HIFI032510D#1	HLA-DRB3	1	0	0	no_gene_sequence_annotation_not_proven_absence	0	0	clipped_graph_paths	upstream_clipped_graph_source
HIFI032510D#1	HLA-DRB4	1	0	0	no_gene_sequence_annotation_not_proven_absence	0	0	clipped_graph_paths	upstream_clipped_graph_source
HIFI032510D#1	HLA-DRB5	1	1	1		0	0	clipped_graph_paths	upstream_clipped_graph_source
HIFI032510D#2	HLA-A	1	1	1		0	0	clipped_graph_paths	upstream_clipped_graph_source;DR_DQ_candidate_novel_annotation;downstream_graph_clipping_loss
HIFI032510D#2	HLA-B	1	1	1		0	0	clipped_graph_paths	upstream_clipped_graph_source;DR_DQ_candidate_novel_annotation;downstream_graph_clipping_loss
HIFI032510D#2	HLA-C	1	1	1		0	0	clipped_graph_paths	upstream_clipped_graph_source;DR_DQ_candidate_novel_annotation;downstream_graph_clipping_loss
HIFI032510D#2	HLA-DRB1	1	1	1		0	0	clipped_graph_paths	upstream_clipped_graph_source;DR_DQ_candidate_novel_annotation;downstream_graph_clipping_loss
HIFI032510D#2	HLA-DQA1	1	1	1		0	0	clipped_graph_paths	upstream_clipped_graph_source;DR_DQ_candidate_novel_annotation;downstream_graph_clipping_loss
HIFI032510D#2	HLA-DQB1	1	1	1		0	0	clipped_graph_paths	upstream_clipped_graph_source;DR_DQ_candidate_novel_annotation;downstream_graph_clipping_loss
HIFI032510D#2	HLA-DPA1	1	1	1		0	0	clipped_graph_paths	upstream_clipped_graph_source;DR_DQ_candidate_novel_annotation;downstream_graph_clipping_loss
HIFI032510D#2	HLA-DPB1	1	1	1		0	0	clipped_graph_paths	upstream_clipped_graph_source;DR_DQ_candidate_novel_annotation;downstream_graph_clipping_loss
HIFI032510D#2	HLA-DRB3	1	1	1		0	0	clipped_graph_paths	upstream_clipped_graph_source;DR_DQ_candidate_novel_annotation;downstream_graph_clipping_loss
HIFI032510D#2	HLA-DRB4	1	0	0	no_gene_sequence_annotation_not_proven_absence	0	0	clipped_graph_paths	upstream_clipped_graph_source;DR_DQ_candidate_novel_annotation;downstream_graph_clipping_loss
HIFI032510D#2	HLA-DRB5	1	0	0	no_gene_sequence_annotation_not_proven_absence	0	0	clipped_graph_paths	upstream_clipped_graph_source;DR_DQ_candidate_novel_annotation;downstream_graph_clipping_loss
HIFI032513D#1	HLA-A	1	1	1		0	0	clipped_graph_paths	upstream_clipped_graph_source;DR_DQ_candidate_novel_annotation
HIFI032513D#1	HLA-B	1	1	1		0	0	clipped_graph_paths	upstream_clipped_graph_source;DR_DQ_candidate_novel_annotation
HIFI032513D#1	HLA-C	1	1	1		0	0	clipped_graph_paths	upstream_clipped_graph_source;DR_DQ_candidate_novel_annotation
HIFI032513D#1	HLA-DRB1	1	1	1		0	0	clipped_graph_paths	upstream_clipped_graph_source;DR_DQ_candidate_novel_annotation
HIFI032513D#1	HLA-DQA1	1	1	1		0	0	clipped_graph_paths	upstream_clipped_graph_source;DR_DQ_candidate_novel_annotation
HIFI032513D#1	HLA-DQB1	1	1	1		0	0	clipped_graph_paths	upstream_clipped_graph_source;DR_DQ_candidate_novel_annotation
HIFI032513D#1	HLA-DPA1	1	1	1		0	0	clipped_graph_paths	upstream_clipped_graph_source;DR_DQ_candidate_novel_annotation
HIFI032513D#1	HLA-DPB1	1	1	1		0	0	clipped_graph_paths	upstream_clipped_graph_source;DR_DQ_candidate_novel_annotation
HIFI032513D#1	HLA-DRB3	1	0	0	no_gene_sequence_annotation_not_proven_absence	0	0	clipped_graph_paths	upstream_clipped_graph_source;DR_DQ_candidate_novel_annotation
HIFI032513D#1	HLA-DRB4	1	1	1		0	0	clipped_graph_paths	upstream_clipped_graph_source;DR_DQ_candidate_novel_annotation
HIFI032513D#1	HLA-DRB5	1	0	0	no_gene_sequence_annotation_not_proven_absence	0	0	clipped_graph_paths	upstream_clipped_graph_source;DR_DQ_candidate_novel_annotation
HIFI032513D#2	HLA-A	1	1	1		0	0	clipped_graph_paths	upstream_clipped_graph_source;DR_DQ_candidate_novel_annotation;downstream_graph_clipping_loss
HIFI032513D#2	HLA-B	1	1	1		0	0	clipped_graph_paths	upstream_clipped_graph_source;DR_DQ_candidate_novel_annotation;downstream_graph_clipping_loss
HIFI032513D#2	HLA-C	1	1	1		0	0	clipped_graph_paths	upstream_clipped_graph_source;DR_DQ_candidate_novel_annotation;downstream_graph_clipping_loss
HIFI032513D#2	HLA-DRB1	1	1	1		0	0	clipped_graph_paths	upstream_clipped_graph_source;DR_DQ_candidate_novel_annotation;downstream_graph_clipping_loss
HIFI032513D#2	HLA-DQA1	1	1	1		0	0	clipped_graph_paths	upstream_clipped_graph_source;DR_DQ_candidate_novel_annotation;downstream_graph_clipping_loss
HIFI032513D#2	HLA-DQB1	1	1	1		0	0	clipped_graph_paths	upstream_clipped_graph_source;DR_DQ_candidate_novel_annotation;downstream_graph_clipping_loss
HIFI032513D#2	HLA-DPA1	1	1	1		0	0	clipped_graph_paths	upstream_clipped_graph_source;DR_DQ_candidate_novel_annotation;downstream_graph_clipping_loss
HIFI032513D#2	HLA-DPB1	1	1	1		0	0	clipped_graph_paths	upstream_clipped_graph_source;DR_DQ_candidate_novel_annotation;downstream_graph_clipping_loss
HIFI032513D#2	HLA-DRB3	1	0	0	no_gene_sequence_annotation_not_proven_absence	0	0	clipped_graph_paths	upstream_clipped_graph_source;DR_DQ_candidate_novel_annotation;downstream_graph_clipping_loss
HIFI032513D#2	HLA-DRB4	1	0	0	no_gene_sequence_annotation_not_proven_absence	0	0	clipped_graph_paths	upstream_clipped_graph_source;DR_DQ_candidate_novel_annotation;downstream_graph_clipping_loss
HIFI032513D#2	HLA-DRB5	1	1	0	no_current_exact_cds_match	0	0	clipped_graph_paths	upstream_clipped_graph_source;DR_DQ_candidate_novel_annotation;downstream_graph_clipping_loss
HIFI032529D#1	HLA-A	1	1	1		0	0	clipped_graph_paths	upstream_clipped_graph_source;DR_DQ_candidate_novel_annotation;downstream_graph_clipping_loss
HIFI032529D#1	HLA-B	1	1	1		0	0	clipped_graph_paths	upstream_clipped_graph_source;DR_DQ_candidate_novel_annotation;downstream_graph_clipping_loss
HIFI032529D#1	HLA-C	1	1	1		0	0	clipped_graph_paths	upstream_clipped_graph_source;DR_DQ_candidate_novel_annotation;downstream_graph_clipping_loss
HIFI032529D#1	HLA-DRB1	1	1	1		0	0	clipped_graph_paths	upstream_clipped_graph_source;DR_DQ_candidate_novel_annotation;downstream_graph_clipping_loss
HIFI032529D#1	HLA-DQA1	1	1	1		0	0	clipped_graph_paths	upstream_clipped_graph_source;DR_DQ_candidate_novel_annotation;downstream_graph_clipping_loss
HIFI032529D#1	HLA-DQB1	1	1	1		0	0	clipped_graph_paths	upstream_clipped_graph_source;DR_DQ_candidate_novel_annotation;downstream_graph_clipping_loss
HIFI032529D#1	HLA-DPA1	1	1	1		0	0	clipped_graph_paths	upstream_clipped_graph_source;DR_DQ_candidate_novel_annotation;downstream_graph_clipping_loss
HIFI032529D#1	HLA-DPB1	1	1	1		0	0	clipped_graph_paths	upstream_clipped_graph_source;DR_DQ_candidate_novel_annotation;downstream_graph_clipping_loss
HIFI032529D#1	HLA-DRB3	1	0	0	no_gene_sequence_annotation_not_proven_absence	0	0	clipped_graph_paths	upstream_clipped_graph_source;DR_DQ_candidate_novel_annotation;downstream_graph_clipping_loss
HIFI032529D#1	HLA-DRB4	1	0	0	no_gene_sequence_annotation_not_proven_absence	0	0	clipped_graph_paths	upstream_clipped_graph_source;DR_DQ_candidate_novel_annotation;downstream_graph_clipping_loss
HIFI032529D#1	HLA-DRB5	1	1	1		0	0	clipped_graph_paths	upstream_clipped_graph_source;DR_DQ_candidate_novel_annotation;downstream_graph_clipping_loss
HIFI032529D#2	HLA-A	1	1	1		0	0	clipped_graph_paths	upstream_clipped_graph_source;DR_DQ_candidate_novel_annotation
HIFI032529D#2	HLA-B	1	1	1		0	0	clipped_graph_paths	upstream_clipped_graph_source;DR_DQ_candidate_novel_annotation
HIFI032529D#2	HLA-C	1	1	1		0	0	clipped_graph_paths	upstream_clipped_graph_source;DR_DQ_candidate_novel_annotation
HIFI032529D#2	HLA-DRB1	1	1	1		0	0	clipped_graph_paths	upstream_clipped_graph_source;DR_DQ_candidate_novel_annotation
HIFI032529D#2	HLA-DQA1	1	1	1		0	0	clipped_graph_paths	upstream_clipped_graph_source;DR_DQ_candidate_novel_annotation
HIFI032529D#2	HLA-DQB1	1	1	1		0	0	clipped_graph_paths	upstream_clipped_graph_source;DR_DQ_candidate_novel_annotation
HIFI032529D#2	HLA-DPA1	1	1	1		0	0	clipped_graph_paths	upstream_clipped_graph_source;DR_DQ_candidate_novel_annotation
HIFI032529D#2	HLA-DPB1	1	1	1		0	0	clipped_graph_paths	upstream_clipped_graph_source;DR_DQ_candidate_novel_annotation
HIFI032529D#2	HLA-DRB3	1	0	0	no_gene_sequence_annotation_not_proven_absence	0	0	clipped_graph_paths	upstream_clipped_graph_source;DR_DQ_candidate_novel_annotation
HIFI032529D#2	HLA-DRB4	1	0	0	no_gene_sequence_annotation_not_proven_absence	0	0	clipped_graph_paths	upstream_clipped_graph_source;DR_DQ_candidate_novel_annotation
HIFI032529D#2	HLA-DRB5	1	1	1		0	0	clipped_graph_paths	upstream_clipped_graph_source;DR_DQ_candidate_novel_annotation
HIFI032566D#1	HLA-A	1	1	1		0	0	clipped_graph_paths	upstream_clipped_graph_source;downstream_graph_clipping_loss
HIFI032566D#1	HLA-B	1	1	1		0	0	clipped_graph_paths	upstream_clipped_graph_source;downstream_graph_clipping_loss
HIFI032566D#1	HLA-C	1	1	1		0	0	clipped_graph_paths	upstream_clipped_graph_source;downstream_graph_clipping_loss
HIFI032566D#1	HLA-DRB1	1	1	1		0	0	clipped_graph_paths	upstream_clipped_graph_source;downstream_graph_clipping_loss
HIFI032566D#1	HLA-DQA1	1	1	1		0	0	clipped_graph_paths	upstream_clipped_graph_source;downstream_graph_clipping_loss
HIFI032566D#1	HLA-DQB1	1	1	1		0	0	clipped_graph_paths	upstream_clipped_graph_source;downstream_graph_clipping_loss
HIFI032566D#1	HLA-DPA1	1	1	1		0	0	clipped_graph_paths	upstream_clipped_graph_source;downstream_graph_clipping_loss
HIFI032566D#1	HLA-DPB1	1	1	1		0	0	clipped_graph_paths	upstream_clipped_graph_source;downstream_graph_clipping_loss
HIFI032566D#1	HLA-DRB3	1	1	1		0	0	clipped_graph_paths	upstream_clipped_graph_source;downstream_graph_clipping_loss
HIFI032566D#1	HLA-DRB4	1	0	0	no_gene_sequence_annotation_not_proven_absence	0	0	clipped_graph_paths	upstream_clipped_graph_source;downstream_graph_clipping_loss
HIFI032566D#1	HLA-DRB5	1	0	0	no_gene_sequence_annotation_not_proven_absence	0	0	clipped_graph_paths	upstream_clipped_graph_source;downstream_graph_clipping_loss
HIFI032566D#2	HLA-A	1	1	1		0	0	clipped_graph_paths	upstream_clipped_graph_source;DR_DQ_candidate_novel_annotation;downstream_graph_clipping_loss
HIFI032566D#2	HLA-B	1	1	1		0	0	clipped_graph_paths	upstream_clipped_graph_source;DR_DQ_candidate_novel_annotation;downstream_graph_clipping_loss
HIFI032566D#2	HLA-C	1	1	1		0	0	clipped_graph_paths	upstream_clipped_graph_source;DR_DQ_candidate_novel_annotation;downstream_graph_clipping_loss
HIFI032566D#2	HLA-DRB1	1	1	1		0	0	clipped_graph_paths	upstream_clipped_graph_source;DR_DQ_candidate_novel_annotation;downstream_graph_clipping_loss
HIFI032566D#2	HLA-DQA1	1	1	1		0	0	clipped_graph_paths	upstream_clipped_graph_source;DR_DQ_candidate_novel_annotation;downstream_graph_clipping_loss
HIFI032566D#2	HLA-DQB1	1	1	1		0	0	clipped_graph_paths	upstream_clipped_graph_source;DR_DQ_candidate_novel_annotation;downstream_graph_clipping_loss
HIFI032566D#2	HLA-DPA1	1	1	1		0	0	clipped_graph_paths	upstream_clipped_graph_source;DR_DQ_candidate_novel_annotation;downstream_graph_clipping_loss
HIFI032566D#2	HLA-DPB1	1	1	1		0	0	clipped_graph_paths	upstream_clipped_graph_source;DR_DQ_candidate_novel_annotation;downstream_graph_clipping_loss
HIFI032566D#2	HLA-DRB3	1	1	1		0	0	clipped_graph_paths	upstream_clipped_graph_source;DR_DQ_candidate_novel_annotation;downstream_graph_clipping_loss
HIFI032566D#2	HLA-DRB4	1	0	0	no_gene_sequence_annotation_not_proven_absence	0	0	clipped_graph_paths	upstream_clipped_graph_source;DR_DQ_candidate_novel_annotation;downstream_graph_clipping_loss
HIFI032566D#2	HLA-DRB5	1	0	0	no_gene_sequence_annotation_not_proven_absence	0	0	clipped_graph_paths	upstream_clipped_graph_source;DR_DQ_candidate_novel_annotation;downstream_graph_clipping_loss
HIFI032567D#1	HLA-A	1	1	1		0	0	clipped_graph_paths	upstream_clipped_graph_source;DR_DQ_candidate_novel_annotation;downstream_graph_clipping_loss
HIFI032567D#1	HLA-B	1	1	1		0	0	clipped_graph_paths	upstream_clipped_graph_source;DR_DQ_candidate_novel_annotation;downstream_graph_clipping_loss
HIFI032567D#1	HLA-C	1	1	1		0	0	clipped_graph_paths	upstream_clipped_graph_source;DR_DQ_candidate_novel_annotation;downstream_graph_clipping_loss
HIFI032567D#1	HLA-DRB1	1	1	0	no_current_exact_cds_match	0	0	clipped_graph_paths	upstream_clipped_graph_source;DR_DQ_candidate_novel_annotation;downstream_graph_clipping_loss
HIFI032567D#1	HLA-DQA1	1	1	1		0	0	clipped_graph_paths	upstream_clipped_graph_source;DR_DQ_candidate_novel_annotation;downstream_graph_clipping_loss
HIFI032567D#1	HLA-DQB1	1	1	1		0	0	clipped_graph_paths	upstream_clipped_graph_source;DR_DQ_candidate_novel_annotation;downstream_graph_clipping_loss
HIFI032567D#1	HLA-DPA1	1	1	1		0	0	clipped_graph_paths	upstream_clipped_graph_source;DR_DQ_candidate_novel_annotation;downstream_graph_clipping_loss
HIFI032567D#1	HLA-DPB1	1	1	1		0	0	clipped_graph_paths	upstream_clipped_graph_source;DR_DQ_candidate_novel_annotation;downstream_graph_clipping_loss
HIFI032567D#1	HLA-DRB3	1	1	1		0	0	clipped_graph_paths	upstream_clipped_graph_source;DR_DQ_candidate_novel_annotation;downstream_graph_clipping_loss
HIFI032567D#1	HLA-DRB4	1	0	0	no_gene_sequence_annotation_not_proven_absence	0	0	clipped_graph_paths	upstream_clipped_graph_source;DR_DQ_candidate_novel_annotation;downstream_graph_clipping_loss
HIFI032567D#1	HLA-DRB5	1	0	0	no_gene_sequence_annotation_not_proven_absence	0	0	clipped_graph_paths	upstream_clipped_graph_source;DR_DQ_candidate_novel_annotation;downstream_graph_clipping_loss
HIFI032567D#2	HLA-A	1	1	1		0	0	clipped_graph_paths	upstream_clipped_graph_source
HIFI032567D#2	HLA-B	1	1	1		0	0	clipped_graph_paths	upstream_clipped_graph_source
HIFI032567D#2	HLA-C	1	1	1		0	0	clipped_graph_paths	upstream_clipped_graph_source
HIFI032567D#2	HLA-DRB1	1	1	1		0	0	clipped_graph_paths	upstream_clipped_graph_source
HIFI032567D#2	HLA-DQA1	1	1	1		0	0	clipped_graph_paths	upstream_clipped_graph_source
HIFI032567D#2	HLA-DQB1	1	1	1		0	0	clipped_graph_paths	upstream_clipped_graph_source
HIFI032567D#2	HLA-DPA1	1	1	1		0	0	clipped_graph_paths	upstream_clipped_graph_source
HIFI032567D#2	HLA-DPB1	1	1	1		0	0	clipped_graph_paths	upstream_clipped_graph_source
HIFI032567D#2	HLA-DRB3	1	0	0	no_gene_sequence_annotation_not_proven_absence	0	0	clipped_graph_paths	upstream_clipped_graph_source
HIFI032567D#2	HLA-DRB4	1	1	0	cds_completeness_or_abnormality;no_current_exact_cds_match	0	0	clipped_graph_paths	upstream_clipped_graph_source
HIFI032567D#2	HLA-DRB5	1	0	0	no_gene_sequence_annotation_not_proven_absence	0	0	clipped_graph_paths	upstream_clipped_graph_source
HIFI032585D#1	HLA-A	1	1	1		0	0	clipped_graph_paths	upstream_clipped_graph_source;DR_DQ_candidate_novel_annotation
HIFI032585D#1	HLA-B	1	1	1		0	0	clipped_graph_paths	upstream_clipped_graph_source;DR_DQ_candidate_novel_annotation
HIFI032585D#1	HLA-C	1	1	1		0	0	clipped_graph_paths	upstream_clipped_graph_source;DR_DQ_candidate_novel_annotation
HIFI032585D#1	HLA-DRB1	1	1	1		0	0	clipped_graph_paths	upstream_clipped_graph_source;DR_DQ_candidate_novel_annotation
HIFI032585D#1	HLA-DQA1	1	1	1		0	0	clipped_graph_paths	upstream_clipped_graph_source;DR_DQ_candidate_novel_annotation
HIFI032585D#1	HLA-DQB1	1	1	1		0	0	clipped_graph_paths	upstream_clipped_graph_source;DR_DQ_candidate_novel_annotation
HIFI032585D#1	HLA-DPA1	1	1	1		0	0	clipped_graph_paths	upstream_clipped_graph_source;DR_DQ_candidate_novel_annotation
HIFI032585D#1	HLA-DPB1	1	1	1		0	0	clipped_graph_paths	upstream_clipped_graph_source;DR_DQ_candidate_novel_annotation
HIFI032585D#1	HLA-DRB3	1	1	1		0	0	clipped_graph_paths	upstream_clipped_graph_source;DR_DQ_candidate_novel_annotation
HIFI032585D#1	HLA-DRB4	1	0	0	no_gene_sequence_annotation_not_proven_absence	0	0	clipped_graph_paths	upstream_clipped_graph_source;DR_DQ_candidate_novel_annotation
HIFI032585D#1	HLA-DRB5	1	0	0	no_gene_sequence_annotation_not_proven_absence	0	0	clipped_graph_paths	upstream_clipped_graph_source;DR_DQ_candidate_novel_annotation
HIFI032585D#2	HLA-A	1	1	1		0	0	clipped_graph_paths	upstream_clipped_graph_source;downstream_graph_clipping_loss
HIFI032585D#2	HLA-B	1	1	1		0	0	clipped_graph_paths	upstream_clipped_graph_source;downstream_graph_clipping_loss
HIFI032585D#2	HLA-C	1	1	1		0	0	clipped_graph_paths	upstream_clipped_graph_source;downstream_graph_clipping_loss
HIFI032585D#2	HLA-DRB1	1	1	1		0	0	clipped_graph_paths	upstream_clipped_graph_source;downstream_graph_clipping_loss
HIFI032585D#2	HLA-DQA1	1	1	1		0	0	clipped_graph_paths	upstream_clipped_graph_source;downstream_graph_clipping_loss
HIFI032585D#2	HLA-DQB1	1	1	1		0	0	clipped_graph_paths	upstream_clipped_graph_source;downstream_graph_clipping_loss
HIFI032585D#2	HLA-DPA1	1	1	1		0	0	clipped_graph_paths	upstream_clipped_graph_source;downstream_graph_clipping_loss
HIFI032585D#2	HLA-DPB1	1	1	1		0	0	clipped_graph_paths	upstream_clipped_graph_source;downstream_graph_clipping_loss
HIFI032585D#2	HLA-DRB3	1	0	0	no_gene_sequence_annotation_not_proven_absence	0	0	clipped_graph_paths	upstream_clipped_graph_source;downstream_graph_clipping_loss
HIFI032585D#2	HLA-DRB4	1	0	0	no_gene_sequence_annotation_not_proven_absence	0	0	clipped_graph_paths	upstream_clipped_graph_source;downstream_graph_clipping_loss
HIFI032585D#2	HLA-DRB5	1	1	0	no_current_exact_cds_match	0	0	clipped_graph_paths	upstream_clipped_graph_source;downstream_graph_clipping_loss
HIFI032586D#1	HLA-A	1	1	1		0	0	clipped_graph_paths	upstream_clipped_graph_source;DR_DQ_candidate_novel_annotation;downstream_graph_clipping_loss
HIFI032586D#1	HLA-B	1	1	1		0	0	clipped_graph_paths	upstream_clipped_graph_source;DR_DQ_candidate_novel_annotation;downstream_graph_clipping_loss
HIFI032586D#1	HLA-C	1	1	1		0	0	clipped_graph_paths	upstream_clipped_graph_source;DR_DQ_candidate_novel_annotation;downstream_graph_clipping_loss
HIFI032586D#1	HLA-DRB1	1	1	1		0	0	clipped_graph_paths	upstream_clipped_graph_source;DR_DQ_candidate_novel_annotation;downstream_graph_clipping_loss
HIFI032586D#1	HLA-DQA1	1	1	1		0	0	clipped_graph_paths	upstream_clipped_graph_source;DR_DQ_candidate_novel_annotation;downstream_graph_clipping_loss
HIFI032586D#1	HLA-DQB1	1	1	1		0	0	clipped_graph_paths	upstream_clipped_graph_source;DR_DQ_candidate_novel_annotation;downstream_graph_clipping_loss
HIFI032586D#1	HLA-DPA1	1	1	1		0	0	clipped_graph_paths	upstream_clipped_graph_source;DR_DQ_candidate_novel_annotation;downstream_graph_clipping_loss
HIFI032586D#1	HLA-DPB1	1	1	1		0	0	clipped_graph_paths	upstream_clipped_graph_source;DR_DQ_candidate_novel_annotation;downstream_graph_clipping_loss
HIFI032586D#1	HLA-DRB3	1	0	0	no_gene_sequence_annotation_not_proven_absence	0	0	clipped_graph_paths	upstream_clipped_graph_source;DR_DQ_candidate_novel_annotation;downstream_graph_clipping_loss
HIFI032586D#1	HLA-DRB4	1	1	1		0	0	clipped_graph_paths	upstream_clipped_graph_source;DR_DQ_candidate_novel_annotation;downstream_graph_clipping_loss
HIFI032586D#1	HLA-DRB5	1	0	0	no_gene_sequence_annotation_not_proven_absence	0	0	clipped_graph_paths	upstream_clipped_graph_source;DR_DQ_candidate_novel_annotation;downstream_graph_clipping_loss
HIFI032586D#2	HLA-A	1	1	1		0	0	clipped_graph_paths	upstream_clipped_graph_source
HIFI032586D#2	HLA-B	1	1	1		0	0	clipped_graph_paths	upstream_clipped_graph_source
HIFI032586D#2	HLA-C	1	1	1		0	0	clipped_graph_paths	upstream_clipped_graph_source
HIFI032586D#2	HLA-DRB1	1	1	1		0	0	clipped_graph_paths	upstream_clipped_graph_source
HIFI032586D#2	HLA-DQA1	1	1	1		0	0	clipped_graph_paths	upstream_clipped_graph_source
HIFI032586D#2	HLA-DQB1	1	1	1		0	0	clipped_graph_paths	upstream_clipped_graph_source
HIFI032586D#2	HLA-DPA1	1	1	1		0	0	clipped_graph_paths	upstream_clipped_graph_source
HIFI032586D#2	HLA-DPB1	1	1	1		0	0	clipped_graph_paths	upstream_clipped_graph_source
HIFI032586D#2	HLA-DRB3	1	0	0	no_gene_sequence_annotation_not_proven_absence	0	0	clipped_graph_paths	upstream_clipped_graph_source
HIFI032586D#2	HLA-DRB4	1	0	0	no_gene_sequence_annotation_not_proven_absence	0	0	clipped_graph_paths	upstream_clipped_graph_source
HIFI032586D#2	HLA-DRB5	1	0	0	no_gene_sequence_annotation_not_proven_absence	0	0	clipped_graph_paths	upstream_clipped_graph_source
HIFI032591D#1	HLA-A	1	1	1		0	0	clipped_graph_paths	upstream_clipped_graph_source;DR_DQ_candidate_novel_annotation
HIFI032591D#1	HLA-B	1	1	1		0	0	clipped_graph_paths	upstream_clipped_graph_source;DR_DQ_candidate_novel_annotation
HIFI032591D#1	HLA-C	1	1	1		0	0	clipped_graph_paths	upstream_clipped_graph_source;DR_DQ_candidate_novel_annotation
HIFI032591D#1	HLA-DRB1	1	1	1		0	0	clipped_graph_paths	upstream_clipped_graph_source;DR_DQ_candidate_novel_annotation
HIFI032591D#1	HLA-DQA1	1	1	1		0	0	clipped_graph_paths	upstream_clipped_graph_source;DR_DQ_candidate_novel_annotation
HIFI032591D#1	HLA-DQB1	1	1	1		0	0	clipped_graph_paths	upstream_clipped_graph_source;DR_DQ_candidate_novel_annotation
HIFI032591D#1	HLA-DPA1	1	1	1		0	0	clipped_graph_paths	upstream_clipped_graph_source;DR_DQ_candidate_novel_annotation
HIFI032591D#1	HLA-DPB1	1	1	1		0	0	clipped_graph_paths	upstream_clipped_graph_source;DR_DQ_candidate_novel_annotation
HIFI032591D#1	HLA-DRB3	1	0	0	no_gene_sequence_annotation_not_proven_absence	0	0	clipped_graph_paths	upstream_clipped_graph_source;DR_DQ_candidate_novel_annotation
HIFI032591D#1	HLA-DRB4	1	1	1		0	0	clipped_graph_paths	upstream_clipped_graph_source;DR_DQ_candidate_novel_annotation
HIFI032591D#1	HLA-DRB5	1	0	0	no_gene_sequence_annotation_not_proven_absence	0	0	clipped_graph_paths	upstream_clipped_graph_source;DR_DQ_candidate_novel_annotation
HIFI032591D#2	HLA-A	1	1	1		0	0	clipped_graph_paths	upstream_clipped_graph_source;DR_DQ_candidate_novel_annotation
HIFI032591D#2	HLA-B	1	1	1		0	0	clipped_graph_paths	upstream_clipped_graph_source;DR_DQ_candidate_novel_annotation
HIFI032591D#2	HLA-C	1	1	1		0	0	clipped_graph_paths	upstream_clipped_graph_source;DR_DQ_candidate_novel_annotation
HIFI032591D#2	HLA-DRB1	1	1	1		0	0	clipped_graph_paths	upstream_clipped_graph_source;DR_DQ_candidate_novel_annotation
HIFI032591D#2	HLA-DQA1	1	1	1		0	0	clipped_graph_paths	upstream_clipped_graph_source;DR_DQ_candidate_novel_annotation
HIFI032591D#2	HLA-DQB1	1	1	1		0	0	clipped_graph_paths	upstream_clipped_graph_source;DR_DQ_candidate_novel_annotation
HIFI032591D#2	HLA-DPA1	1	1	1		0	0	clipped_graph_paths	upstream_clipped_graph_source;DR_DQ_candidate_novel_annotation
HIFI032591D#2	HLA-DPB1	1	1	1		0	0	clipped_graph_paths	upstream_clipped_graph_source;DR_DQ_candidate_novel_annotation
HIFI032591D#2	HLA-DRB3	1	0	0	no_gene_sequence_annotation_not_proven_absence	0	0	clipped_graph_paths	upstream_clipped_graph_source;DR_DQ_candidate_novel_annotation
HIFI032591D#2	HLA-DRB4	1	0	0	no_gene_sequence_annotation_not_proven_absence	0	0	clipped_graph_paths	upstream_clipped_graph_source;DR_DQ_candidate_novel_annotation
HIFI032591D#2	HLA-DRB5	1	0	0	no_gene_sequence_annotation_not_proven_absence	0	0	clipped_graph_paths	upstream_clipped_graph_source;DR_DQ_candidate_novel_annotation
HIFI032604D#1	HLA-A	1	1	1		0	0	clipped_graph_paths	upstream_clipped_graph_source;DR_DQ_candidate_novel_annotation;downstream_graph_clipping_loss
HIFI032604D#1	HLA-B	1	1	1		0	0	clipped_graph_paths	upstream_clipped_graph_source;DR_DQ_candidate_novel_annotation;downstream_graph_clipping_loss
HIFI032604D#1	HLA-C	1	1	1		0	0	clipped_graph_paths	upstream_clipped_graph_source;DR_DQ_candidate_novel_annotation;downstream_graph_clipping_loss
HIFI032604D#1	HLA-DRB1	1	1	1		0	0	clipped_graph_paths	upstream_clipped_graph_source;DR_DQ_candidate_novel_annotation;downstream_graph_clipping_loss
HIFI032604D#1	HLA-DQA1	1	1	1		0	0	clipped_graph_paths	upstream_clipped_graph_source;DR_DQ_candidate_novel_annotation;downstream_graph_clipping_loss
HIFI032604D#1	HLA-DQB1	1	1	1		0	0	clipped_graph_paths	upstream_clipped_graph_source;DR_DQ_candidate_novel_annotation;downstream_graph_clipping_loss
HIFI032604D#1	HLA-DPA1	1	1	1		0	0	clipped_graph_paths	upstream_clipped_graph_source;DR_DQ_candidate_novel_annotation;downstream_graph_clipping_loss
HIFI032604D#1	HLA-DPB1	1	1	1		0	0	clipped_graph_paths	upstream_clipped_graph_source;DR_DQ_candidate_novel_annotation;downstream_graph_clipping_loss
HIFI032604D#1	HLA-DRB3	1	0	0	no_gene_sequence_annotation_not_proven_absence	0	0	clipped_graph_paths	upstream_clipped_graph_source;DR_DQ_candidate_novel_annotation;downstream_graph_clipping_loss
HIFI032604D#1	HLA-DRB4	1	1	1		0	0	clipped_graph_paths	upstream_clipped_graph_source;DR_DQ_candidate_novel_annotation;downstream_graph_clipping_loss
HIFI032604D#1	HLA-DRB5	1	0	0	no_gene_sequence_annotation_not_proven_absence	0	0	clipped_graph_paths	upstream_clipped_graph_source;DR_DQ_candidate_novel_annotation;downstream_graph_clipping_loss
HIFI032604D#2	HLA-A	1	1	1		0	0	clipped_graph_paths	upstream_clipped_graph_source;DR_DQ_candidate_novel_annotation;downstream_graph_clipping_loss
HIFI032604D#2	HLA-B	1	1	1		0	0	clipped_graph_paths	upstream_clipped_graph_source;DR_DQ_candidate_novel_annotation;downstream_graph_clipping_loss
HIFI032604D#2	HLA-C	1	1	1		0	0	clipped_graph_paths	upstream_clipped_graph_source;DR_DQ_candidate_novel_annotation;downstream_graph_clipping_loss
HIFI032604D#2	HLA-DRB1	1	1	0	no_current_exact_cds_match	0	0	clipped_graph_paths	upstream_clipped_graph_source;DR_DQ_candidate_novel_annotation;downstream_graph_clipping_loss
HIFI032604D#2	HLA-DQA1	1	1	1		0	0	clipped_graph_paths	upstream_clipped_graph_source;DR_DQ_candidate_novel_annotation;downstream_graph_clipping_loss
HIFI032604D#2	HLA-DQB1	1	1	1		0	0	clipped_graph_paths	upstream_clipped_graph_source;DR_DQ_candidate_novel_annotation;downstream_graph_clipping_loss
HIFI032604D#2	HLA-DPA1	1	1	1		0	0	clipped_graph_paths	upstream_clipped_graph_source;DR_DQ_candidate_novel_annotation;downstream_graph_clipping_loss
HIFI032604D#2	HLA-DPB1	1	1	1		0	0	clipped_graph_paths	upstream_clipped_graph_source;DR_DQ_candidate_novel_annotation;downstream_graph_clipping_loss
HIFI032604D#2	HLA-DRB3	1	1	0	cds_completeness_or_abnormality;no_current_exact_cds_match	0	0	clipped_graph_paths	upstream_clipped_graph_source;DR_DQ_candidate_novel_annotation;downstream_graph_clipping_loss
HIFI032604D#2	HLA-DRB4	1	0	0	no_gene_sequence_annotation_not_proven_absence	0	0	clipped_graph_paths	upstream_clipped_graph_source;DR_DQ_candidate_novel_annotation;downstream_graph_clipping_loss
HIFI032604D#2	HLA-DRB5	1	0	0	no_gene_sequence_annotation_not_proven_absence	0	0	clipped_graph_paths	upstream_clipped_graph_source;DR_DQ_candidate_novel_annotation;downstream_graph_clipping_loss
HIFI032607D#1	HLA-A	1	1	1		0	0	clipped_graph_paths	upstream_clipped_graph_source;DR_DQ_candidate_novel_annotation
HIFI032607D#1	HLA-B	1	1	1		0	0	clipped_graph_paths	upstream_clipped_graph_source;DR_DQ_candidate_novel_annotation
HIFI032607D#1	HLA-C	1	1	1		0	0	clipped_graph_paths	upstream_clipped_graph_source;DR_DQ_candidate_novel_annotation
HIFI032607D#1	HLA-DRB1	1	1	1		0	0	clipped_graph_paths	upstream_clipped_graph_source;DR_DQ_candidate_novel_annotation
HIFI032607D#1	HLA-DQA1	1	1	1		0	0	clipped_graph_paths	upstream_clipped_graph_source;DR_DQ_candidate_novel_annotation
HIFI032607D#1	HLA-DQB1	1	1	1		0	0	clipped_graph_paths	upstream_clipped_graph_source;DR_DQ_candidate_novel_annotation
HIFI032607D#1	HLA-DPA1	1	1	1		0	0	clipped_graph_paths	upstream_clipped_graph_source;DR_DQ_candidate_novel_annotation
HIFI032607D#1	HLA-DPB1	1	1	1		0	0	clipped_graph_paths	upstream_clipped_graph_source;DR_DQ_candidate_novel_annotation
HIFI032607D#1	HLA-DRB3	1	0	0	no_gene_sequence_annotation_not_proven_absence	0	0	clipped_graph_paths	upstream_clipped_graph_source;DR_DQ_candidate_novel_annotation
HIFI032607D#1	HLA-DRB4	1	1	1		0	0	clipped_graph_paths	upstream_clipped_graph_source;DR_DQ_candidate_novel_annotation
HIFI032607D#1	HLA-DRB5	1	0	0	no_gene_sequence_annotation_not_proven_absence	0	0	clipped_graph_paths	upstream_clipped_graph_source;DR_DQ_candidate_novel_annotation
HIFI032607D#2	HLA-A	1	1	1		0	0	clipped_graph_paths	upstream_clipped_graph_source;DR_DQ_candidate_novel_annotation;downstream_graph_clipping_loss
HIFI032607D#2	HLA-B	1	1	1		0	0	clipped_graph_paths	upstream_clipped_graph_source;DR_DQ_candidate_novel_annotation;downstream_graph_clipping_loss
HIFI032607D#2	HLA-C	1	1	1		0	0	clipped_graph_paths	upstream_clipped_graph_source;DR_DQ_candidate_novel_annotation;downstream_graph_clipping_loss
HIFI032607D#2	HLA-DRB1	1	1	0	no_current_exact_cds_match	0	0	clipped_graph_paths	upstream_clipped_graph_source;DR_DQ_candidate_novel_annotation;downstream_graph_clipping_loss
HIFI032607D#2	HLA-DQA1	1	1	1		0	0	clipped_graph_paths	upstream_clipped_graph_source;DR_DQ_candidate_novel_annotation;downstream_graph_clipping_loss
HIFI032607D#2	HLA-DQB1	1	1	1		0	0	clipped_graph_paths	upstream_clipped_graph_source;DR_DQ_candidate_novel_annotation;downstream_graph_clipping_loss
HIFI032607D#2	HLA-DPA1	1	1	1		0	0	clipped_graph_paths	upstream_clipped_graph_source;DR_DQ_candidate_novel_annotation;downstream_graph_clipping_loss
HIFI032607D#2	HLA-DPB1	1	1	1		0	0	clipped_graph_paths	upstream_clipped_graph_source;DR_DQ_candidate_novel_annotation;downstream_graph_clipping_loss
HIFI032607D#2	HLA-DRB3	1	1	1		0	0	clipped_graph_paths	upstream_clipped_graph_source;DR_DQ_candidate_novel_annotation;downstream_graph_clipping_loss
HIFI032607D#2	HLA-DRB4	1	0	0	no_gene_sequence_annotation_not_proven_absence	0	0	clipped_graph_paths	upstream_clipped_graph_source;DR_DQ_candidate_novel_annotation;downstream_graph_clipping_loss
HIFI032607D#2	HLA-DRB5	1	0	0	no_gene_sequence_annotation_not_proven_absence	0	0	clipped_graph_paths	upstream_clipped_graph_source;DR_DQ_candidate_novel_annotation;downstream_graph_clipping_loss
HIFI032662D#1	HLA-A	1	1	1		0	0	clipped_graph_paths	upstream_clipped_graph_source;DR_DQ_candidate_novel_annotation;downstream_graph_clipping_loss
HIFI032662D#1	HLA-B	1	1	1		0	0	clipped_graph_paths	upstream_clipped_graph_source;DR_DQ_candidate_novel_annotation;downstream_graph_clipping_loss
HIFI032662D#1	HLA-C	1	1	1		0	0	clipped_graph_paths	upstream_clipped_graph_source;DR_DQ_candidate_novel_annotation;downstream_graph_clipping_loss
HIFI032662D#1	HLA-DRB1	1	1	1		0	0	clipped_graph_paths	upstream_clipped_graph_source;DR_DQ_candidate_novel_annotation;downstream_graph_clipping_loss
HIFI032662D#1	HLA-DQA1	1	1	1		0	0	clipped_graph_paths	upstream_clipped_graph_source;DR_DQ_candidate_novel_annotation;downstream_graph_clipping_loss
HIFI032662D#1	HLA-DQB1	1	1	1		0	0	clipped_graph_paths	upstream_clipped_graph_source;DR_DQ_candidate_novel_annotation;downstream_graph_clipping_loss
HIFI032662D#1	HLA-DPA1	1	1	1		0	0	clipped_graph_paths	upstream_clipped_graph_source;DR_DQ_candidate_novel_annotation;downstream_graph_clipping_loss
HIFI032662D#1	HLA-DPB1	1	1	1		0	0	clipped_graph_paths	upstream_clipped_graph_source;DR_DQ_candidate_novel_annotation;downstream_graph_clipping_loss
HIFI032662D#1	HLA-DRB3	1	1	1		0	0	clipped_graph_paths	upstream_clipped_graph_source;DR_DQ_candidate_novel_annotation;downstream_graph_clipping_loss
HIFI032662D#1	HLA-DRB4	1	0	0	no_gene_sequence_annotation_not_proven_absence	0	0	clipped_graph_paths	upstream_clipped_graph_source;DR_DQ_candidate_novel_annotation;downstream_graph_clipping_loss
HIFI032662D#1	HLA-DRB5	1	0	0	no_gene_sequence_annotation_not_proven_absence	0	0	clipped_graph_paths	upstream_clipped_graph_source;DR_DQ_candidate_novel_annotation;downstream_graph_clipping_loss
HIFI032662D#2	HLA-A	1	1	1		0	0	clipped_graph_paths	upstream_clipped_graph_source;DR_DQ_candidate_novel_annotation;downstream_graph_clipping_loss
HIFI032662D#2	HLA-B	1	1	1		0	0	clipped_graph_paths	upstream_clipped_graph_source;DR_DQ_candidate_novel_annotation;downstream_graph_clipping_loss
HIFI032662D#2	HLA-C	1	1	1		0	0	clipped_graph_paths	upstream_clipped_graph_source;DR_DQ_candidate_novel_annotation;downstream_graph_clipping_loss
HIFI032662D#2	HLA-DRB1	1	1	1		0	0	clipped_graph_paths	upstream_clipped_graph_source;DR_DQ_candidate_novel_annotation;downstream_graph_clipping_loss
HIFI032662D#2	HLA-DQA1	1	1	1		0	0	clipped_graph_paths	upstream_clipped_graph_source;DR_DQ_candidate_novel_annotation;downstream_graph_clipping_loss
HIFI032662D#2	HLA-DQB1	1	1	1		0	0	clipped_graph_paths	upstream_clipped_graph_source;DR_DQ_candidate_novel_annotation;downstream_graph_clipping_loss
HIFI032662D#2	HLA-DPA1	1	1	1		0	0	clipped_graph_paths	upstream_clipped_graph_source;DR_DQ_candidate_novel_annotation;downstream_graph_clipping_loss
HIFI032662D#2	HLA-DPB1	1	1	1		0	0	clipped_graph_paths	upstream_clipped_graph_source;DR_DQ_candidate_novel_annotation;downstream_graph_clipping_loss
HIFI032662D#2	HLA-DRB3	1	0	0	no_gene_sequence_annotation_not_proven_absence	0	0	clipped_graph_paths	upstream_clipped_graph_source;DR_DQ_candidate_novel_annotation;downstream_graph_clipping_loss
HIFI032662D#2	HLA-DRB4	1	0	0	no_gene_sequence_annotation_not_proven_absence	0	0	clipped_graph_paths	upstream_clipped_graph_source;DR_DQ_candidate_novel_annotation;downstream_graph_clipping_loss
HIFI032662D#2	HLA-DRB5	1	0	0	no_gene_sequence_annotation_not_proven_absence	0	0	clipped_graph_paths	upstream_clipped_graph_source;DR_DQ_candidate_novel_annotation;downstream_graph_clipping_loss
HIFI032668D#1	HLA-A	1	1	1		0	0	clipped_graph_paths	upstream_clipped_graph_source;DR_DQ_candidate_novel_annotation;downstream_graph_clipping_loss
HIFI032668D#1	HLA-B	1	1	1		0	0	clipped_graph_paths	upstream_clipped_graph_source;DR_DQ_candidate_novel_annotation;downstream_graph_clipping_loss
HIFI032668D#1	HLA-C	1	1	1		0	0	clipped_graph_paths	upstream_clipped_graph_source;DR_DQ_candidate_novel_annotation;downstream_graph_clipping_loss
HIFI032668D#1	HLA-DRB1	1	1	1		0	0	clipped_graph_paths	upstream_clipped_graph_source;DR_DQ_candidate_novel_annotation;downstream_graph_clipping_loss
HIFI032668D#1	HLA-DQA1	1	1	1		0	0	clipped_graph_paths	upstream_clipped_graph_source;DR_DQ_candidate_novel_annotation;downstream_graph_clipping_loss
HIFI032668D#1	HLA-DQB1	1	1	1		0	0	clipped_graph_paths	upstream_clipped_graph_source;DR_DQ_candidate_novel_annotation;downstream_graph_clipping_loss
HIFI032668D#1	HLA-DPA1	1	1	1		0	0	clipped_graph_paths	upstream_clipped_graph_source;DR_DQ_candidate_novel_annotation;downstream_graph_clipping_loss
HIFI032668D#1	HLA-DPB1	1	1	1		0	0	clipped_graph_paths	upstream_clipped_graph_source;DR_DQ_candidate_novel_annotation;downstream_graph_clipping_loss
HIFI032668D#1	HLA-DRB3	1	0	0	no_gene_sequence_annotation_not_proven_absence	0	0	clipped_graph_paths	upstream_clipped_graph_source;DR_DQ_candidate_novel_annotation;downstream_graph_clipping_loss
HIFI032668D#1	HLA-DRB4	1	1	1		0	0	clipped_graph_paths	upstream_clipped_graph_source;DR_DQ_candidate_novel_annotation;downstream_graph_clipping_loss
HIFI032668D#1	HLA-DRB5	1	0	0	no_gene_sequence_annotation_not_proven_absence	0	0	clipped_graph_paths	upstream_clipped_graph_source;DR_DQ_candidate_novel_annotation;downstream_graph_clipping_loss
HIFI032668D#2	HLA-A	1	1	1		0	0	clipped_graph_paths	upstream_clipped_graph_source;downstream_graph_clipping_loss
HIFI032668D#2	HLA-B	1	1	1		0	0	clipped_graph_paths	upstream_clipped_graph_source;downstream_graph_clipping_loss
HIFI032668D#2	HLA-C	1	1	1		0	0	clipped_graph_paths	upstream_clipped_graph_source;downstream_graph_clipping_loss
HIFI032668D#2	HLA-DRB1	1	1	1		0	0	clipped_graph_paths	upstream_clipped_graph_source;downstream_graph_clipping_loss
HIFI032668D#2	HLA-DQA1	1	1	1		0	0	clipped_graph_paths	upstream_clipped_graph_source;downstream_graph_clipping_loss
HIFI032668D#2	HLA-DQB1	1	1	1		0	0	clipped_graph_paths	upstream_clipped_graph_source;downstream_graph_clipping_loss
HIFI032668D#2	HLA-DPA1	1	1	1		0	0	clipped_graph_paths	upstream_clipped_graph_source;downstream_graph_clipping_loss
HIFI032668D#2	HLA-DPB1	1	1	1		0	0	clipped_graph_paths	upstream_clipped_graph_source;downstream_graph_clipping_loss
HIFI032668D#2	HLA-DRB3	1	0	0	no_gene_sequence_annotation_not_proven_absence	0	0	clipped_graph_paths	upstream_clipped_graph_source;downstream_graph_clipping_loss
HIFI032668D#2	HLA-DRB4	1	0	0	no_gene_sequence_annotation_not_proven_absence	0	0	clipped_graph_paths	upstream_clipped_graph_source;downstream_graph_clipping_loss
HIFI032668D#2	HLA-DRB5	1	1	1		0	0	clipped_graph_paths	upstream_clipped_graph_source;downstream_graph_clipping_loss
HIFI032682D#1	HLA-A	1	1	1		0	0	clipped_graph_paths	upstream_clipped_graph_source;DR_DQ_candidate_novel_annotation;downstream_graph_clipping_loss
HIFI032682D#1	HLA-B	1	1	1		0	0	clipped_graph_paths	upstream_clipped_graph_source;DR_DQ_candidate_novel_annotation;downstream_graph_clipping_loss
HIFI032682D#1	HLA-C	1	1	1		0	0	clipped_graph_paths	upstream_clipped_graph_source;DR_DQ_candidate_novel_annotation;downstream_graph_clipping_loss
HIFI032682D#1	HLA-DRB1	1	1	1		0	0	clipped_graph_paths	upstream_clipped_graph_source;DR_DQ_candidate_novel_annotation;downstream_graph_clipping_loss
HIFI032682D#1	HLA-DQA1	1	1	1		0	0	clipped_graph_paths	upstream_clipped_graph_source;DR_DQ_candidate_novel_annotation;downstream_graph_clipping_loss
HIFI032682D#1	HLA-DQB1	1	1	1		0	0	clipped_graph_paths	upstream_clipped_graph_source;DR_DQ_candidate_novel_annotation;downstream_graph_clipping_loss
HIFI032682D#1	HLA-DPA1	1	1	1		0	0	clipped_graph_paths	upstream_clipped_graph_source;DR_DQ_candidate_novel_annotation;downstream_graph_clipping_loss
HIFI032682D#1	HLA-DPB1	1	1	1		0	0	clipped_graph_paths	upstream_clipped_graph_source;DR_DQ_candidate_novel_annotation;downstream_graph_clipping_loss
HIFI032682D#1	HLA-DRB3	1	1	1		0	0	clipped_graph_paths	upstream_clipped_graph_source;DR_DQ_candidate_novel_annotation;downstream_graph_clipping_loss
HIFI032682D#1	HLA-DRB4	1	0	0	no_gene_sequence_annotation_not_proven_absence	0	0	clipped_graph_paths	upstream_clipped_graph_source;DR_DQ_candidate_novel_annotation;downstream_graph_clipping_loss
HIFI032682D#1	HLA-DRB5	1	0	0	no_gene_sequence_annotation_not_proven_absence	0	0	clipped_graph_paths	upstream_clipped_graph_source;DR_DQ_candidate_novel_annotation;downstream_graph_clipping_loss
HIFI032682D#2	HLA-A	1	1	1		0	0	clipped_graph_paths	upstream_clipped_graph_source;downstream_graph_clipping_loss
HIFI032682D#2	HLA-B	1	1	1		0	0	clipped_graph_paths	upstream_clipped_graph_source;downstream_graph_clipping_loss
HIFI032682D#2	HLA-C	1	1	1		0	0	clipped_graph_paths	upstream_clipped_graph_source;downstream_graph_clipping_loss
HIFI032682D#2	HLA-DRB1	1	1	1		0	0	clipped_graph_paths	upstream_clipped_graph_source;downstream_graph_clipping_loss
HIFI032682D#2	HLA-DQA1	1	1	1		0	0	clipped_graph_paths	upstream_clipped_graph_source;downstream_graph_clipping_loss
HIFI032682D#2	HLA-DQB1	1	1	1		0	0	clipped_graph_paths	upstream_clipped_graph_source;downstream_graph_clipping_loss
HIFI032682D#2	HLA-DPA1	1	1	1		0	0	clipped_graph_paths	upstream_clipped_graph_source;downstream_graph_clipping_loss
HIFI032682D#2	HLA-DPB1	1	1	1		0	0	clipped_graph_paths	upstream_clipped_graph_source;downstream_graph_clipping_loss
HIFI032682D#2	HLA-DRB3	1	1	1		0	0	clipped_graph_paths	upstream_clipped_graph_source;downstream_graph_clipping_loss
HIFI032682D#2	HLA-DRB4	1	0	0	no_gene_sequence_annotation_not_proven_absence	0	0	clipped_graph_paths	upstream_clipped_graph_source;downstream_graph_clipping_loss
HIFI032682D#2	HLA-DRB5	1	0	0	no_gene_sequence_annotation_not_proven_absence	0	0	clipped_graph_paths	upstream_clipped_graph_source;downstream_graph_clipping_loss
HIFI032685D#1	HLA-A	1	1	1		0	0	clipped_graph_paths	upstream_clipped_graph_source;DR_DQ_candidate_novel_annotation
HIFI032685D#1	HLA-B	1	1	1		0	0	clipped_graph_paths	upstream_clipped_graph_source;DR_DQ_candidate_novel_annotation
HIFI032685D#1	HLA-C	1	1	1		0	0	clipped_graph_paths	upstream_clipped_graph_source;DR_DQ_candidate_novel_annotation
HIFI032685D#1	HLA-DRB1	1	1	1		0	0	clipped_graph_paths	upstream_clipped_graph_source;DR_DQ_candidate_novel_annotation
HIFI032685D#1	HLA-DQA1	1	1	1		0	0	clipped_graph_paths	upstream_clipped_graph_source;DR_DQ_candidate_novel_annotation
HIFI032685D#1	HLA-DQB1	1	1	1		0	0	clipped_graph_paths	upstream_clipped_graph_source;DR_DQ_candidate_novel_annotation
HIFI032685D#1	HLA-DPA1	1	1	1		0	0	clipped_graph_paths	upstream_clipped_graph_source;DR_DQ_candidate_novel_annotation
HIFI032685D#1	HLA-DPB1	1	1	1		0	0	clipped_graph_paths	upstream_clipped_graph_source;DR_DQ_candidate_novel_annotation
HIFI032685D#1	HLA-DRB3	1	1	1		0	0	clipped_graph_paths	upstream_clipped_graph_source;DR_DQ_candidate_novel_annotation
HIFI032685D#1	HLA-DRB4	1	0	0	no_gene_sequence_annotation_not_proven_absence	0	0	clipped_graph_paths	upstream_clipped_graph_source;DR_DQ_candidate_novel_annotation
HIFI032685D#1	HLA-DRB5	1	0	0	no_gene_sequence_annotation_not_proven_absence	0	0	clipped_graph_paths	upstream_clipped_graph_source;DR_DQ_candidate_novel_annotation
HIFI032685D#2	HLA-A	1	1	0	cds_completeness_or_abnormality;no_current_exact_cds_match	0	0	clipped_graph_paths	upstream_clipped_graph_source;DR_DQ_candidate_novel_annotation
HIFI032685D#2	HLA-B	1	1	1		0	0	clipped_graph_paths	upstream_clipped_graph_source;DR_DQ_candidate_novel_annotation
HIFI032685D#2	HLA-C	1	1	1		0	0	clipped_graph_paths	upstream_clipped_graph_source;DR_DQ_candidate_novel_annotation
HIFI032685D#2	HLA-DRB1	1	1	1		0	0	clipped_graph_paths	upstream_clipped_graph_source;DR_DQ_candidate_novel_annotation
HIFI032685D#2	HLA-DQA1	1	1	1		0	0	clipped_graph_paths	upstream_clipped_graph_source;DR_DQ_candidate_novel_annotation
HIFI032685D#2	HLA-DQB1	1	1	1		0	0	clipped_graph_paths	upstream_clipped_graph_source;DR_DQ_candidate_novel_annotation
HIFI032685D#2	HLA-DPA1	1	1	1		0	0	clipped_graph_paths	upstream_clipped_graph_source;DR_DQ_candidate_novel_annotation
HIFI032685D#2	HLA-DPB1	1	1	1		0	0	clipped_graph_paths	upstream_clipped_graph_source;DR_DQ_candidate_novel_annotation
HIFI032685D#2	HLA-DRB3	1	0	0	no_gene_sequence_annotation_not_proven_absence	0	0	clipped_graph_paths	upstream_clipped_graph_source;DR_DQ_candidate_novel_annotation
HIFI032685D#2	HLA-DRB4	1	0	0	no_gene_sequence_annotation_not_proven_absence	0	0	clipped_graph_paths	upstream_clipped_graph_source;DR_DQ_candidate_novel_annotation
HIFI032685D#2	HLA-DRB5	1	0	0	no_gene_sequence_annotation_not_proven_absence	0	0	clipped_graph_paths	upstream_clipped_graph_source;DR_DQ_candidate_novel_annotation
HIFI032692D#1	HLA-A	1	1	1		0	0	clipped_graph_paths	upstream_clipped_graph_source;DR_DQ_candidate_novel_annotation
HIFI032692D#1	HLA-B	1	1	1		0	0	clipped_graph_paths	upstream_clipped_graph_source;DR_DQ_candidate_novel_annotation
HIFI032692D#1	HLA-C	1	1	1		0	0	clipped_graph_paths	upstream_clipped_graph_source;DR_DQ_candidate_novel_annotation
HIFI032692D#1	HLA-DRB1	1	1	0	no_current_exact_cds_match	0	0	clipped_graph_paths	upstream_clipped_graph_source;DR_DQ_candidate_novel_annotation
HIFI032692D#1	HLA-DQA1	1	1	1		0	0	clipped_graph_paths	upstream_clipped_graph_source;DR_DQ_candidate_novel_annotation
HIFI032692D#1	HLA-DQB1	1	1	1		0	0	clipped_graph_paths	upstream_clipped_graph_source;DR_DQ_candidate_novel_annotation
HIFI032692D#1	HLA-DPA1	1	1	1		0	0	clipped_graph_paths	upstream_clipped_graph_source;DR_DQ_candidate_novel_annotation
HIFI032692D#1	HLA-DPB1	1	1	1		0	0	clipped_graph_paths	upstream_clipped_graph_source;DR_DQ_candidate_novel_annotation
HIFI032692D#1	HLA-DRB3	1	1	1		0	0	clipped_graph_paths	upstream_clipped_graph_source;DR_DQ_candidate_novel_annotation
HIFI032692D#1	HLA-DRB4	1	0	0	no_gene_sequence_annotation_not_proven_absence	0	0	clipped_graph_paths	upstream_clipped_graph_source;DR_DQ_candidate_novel_annotation
HIFI032692D#1	HLA-DRB5	1	0	0	no_gene_sequence_annotation_not_proven_absence	0	0	clipped_graph_paths	upstream_clipped_graph_source;DR_DQ_candidate_novel_annotation
HIFI032692D#2	HLA-A	1	1	1		0	0	clipped_graph_paths	upstream_clipped_graph_source;DR_DQ_candidate_novel_annotation
HIFI032692D#2	HLA-B	1	1	1		0	0	clipped_graph_paths	upstream_clipped_graph_source;DR_DQ_candidate_novel_annotation
HIFI032692D#2	HLA-C	1	1	1		0	0	clipped_graph_paths	upstream_clipped_graph_source;DR_DQ_candidate_novel_annotation
HIFI032692D#2	HLA-DRB1	1	1	1		0	0	clipped_graph_paths	upstream_clipped_graph_source;DR_DQ_candidate_novel_annotation
HIFI032692D#2	HLA-DQA1	1	1	1		0	0	clipped_graph_paths	upstream_clipped_graph_source;DR_DQ_candidate_novel_annotation
HIFI032692D#2	HLA-DQB1	1	1	1		0	0	clipped_graph_paths	upstream_clipped_graph_source;DR_DQ_candidate_novel_annotation
HIFI032692D#2	HLA-DPA1	1	1	1		0	0	clipped_graph_paths	upstream_clipped_graph_source;DR_DQ_candidate_novel_annotation
HIFI032692D#2	HLA-DPB1	1	1	1		0	0	clipped_graph_paths	upstream_clipped_graph_source;DR_DQ_candidate_novel_annotation
HIFI032692D#2	HLA-DRB3	1	0	0	no_gene_sequence_annotation_not_proven_absence	0	0	clipped_graph_paths	upstream_clipped_graph_source;DR_DQ_candidate_novel_annotation
HIFI032692D#2	HLA-DRB4	1	1	0	cds_completeness_or_abnormality;no_current_exact_cds_match	0	0	clipped_graph_paths	upstream_clipped_graph_source;DR_DQ_candidate_novel_annotation
HIFI032692D#2	HLA-DRB5	1	0	0	no_gene_sequence_annotation_not_proven_absence	0	0	clipped_graph_paths	upstream_clipped_graph_source;DR_DQ_candidate_novel_annotation
HIFI032693D#1	HLA-A	1	1	0	no_current_exact_cds_match	0	0	clipped_graph_paths	upstream_clipped_graph_source;DR_DQ_candidate_novel_annotation;downstream_graph_clipping_loss
HIFI032693D#1	HLA-B	1	1	1		0	0	clipped_graph_paths	upstream_clipped_graph_source;DR_DQ_candidate_novel_annotation;downstream_graph_clipping_loss
HIFI032693D#1	HLA-C	1	1	1		0	0	clipped_graph_paths	upstream_clipped_graph_source;DR_DQ_candidate_novel_annotation;downstream_graph_clipping_loss
HIFI032693D#1	HLA-DRB1	1	1	1		0	0	clipped_graph_paths	upstream_clipped_graph_source;DR_DQ_candidate_novel_annotation;downstream_graph_clipping_loss
HIFI032693D#1	HLA-DQA1	1	1	1		0	0	clipped_graph_paths	upstream_clipped_graph_source;DR_DQ_candidate_novel_annotation;downstream_graph_clipping_loss
HIFI032693D#1	HLA-DQB1	1	1	1		0	0	clipped_graph_paths	upstream_clipped_graph_source;DR_DQ_candidate_novel_annotation;downstream_graph_clipping_loss
HIFI032693D#1	HLA-DPA1	1	1	1		0	0	clipped_graph_paths	upstream_clipped_graph_source;DR_DQ_candidate_novel_annotation;downstream_graph_clipping_loss
HIFI032693D#1	HLA-DPB1	1	1	1		0	0	clipped_graph_paths	upstream_clipped_graph_source;DR_DQ_candidate_novel_annotation;downstream_graph_clipping_loss
HIFI032693D#1	HLA-DRB3	1	1	1		0	0	clipped_graph_paths	upstream_clipped_graph_source;DR_DQ_candidate_novel_annotation;downstream_graph_clipping_loss
HIFI032693D#1	HLA-DRB4	1	0	0	no_gene_sequence_annotation_not_proven_absence	0	0	clipped_graph_paths	upstream_clipped_graph_source;DR_DQ_candidate_novel_annotation;downstream_graph_clipping_loss
HIFI032693D#1	HLA-DRB5	1	0	0	no_gene_sequence_annotation_not_proven_absence	0	0	clipped_graph_paths	upstream_clipped_graph_source;DR_DQ_candidate_novel_annotation;downstream_graph_clipping_loss
HIFI032693D#2	HLA-A	1	1	1		0	0	clipped_graph_paths	upstream_clipped_graph_source;DR_DQ_candidate_novel_annotation;downstream_graph_clipping_loss
HIFI032693D#2	HLA-B	1	1	1		0	0	clipped_graph_paths	upstream_clipped_graph_source;DR_DQ_candidate_novel_annotation;downstream_graph_clipping_loss
HIFI032693D#2	HLA-C	1	1	1		0	0	clipped_graph_paths	upstream_clipped_graph_source;DR_DQ_candidate_novel_annotation;downstream_graph_clipping_loss
HIFI032693D#2	HLA-DRB1	1	1	1		0	0	clipped_graph_paths	upstream_clipped_graph_source;DR_DQ_candidate_novel_annotation;downstream_graph_clipping_loss
HIFI032693D#2	HLA-DQA1	1	1	1		0	0	clipped_graph_paths	upstream_clipped_graph_source;DR_DQ_candidate_novel_annotation;downstream_graph_clipping_loss
HIFI032693D#2	HLA-DQB1	1	1	1		0	0	clipped_graph_paths	upstream_clipped_graph_source;DR_DQ_candidate_novel_annotation;downstream_graph_clipping_loss
HIFI032693D#2	HLA-DPA1	1	1	1		0	0	clipped_graph_paths	upstream_clipped_graph_source;DR_DQ_candidate_novel_annotation;downstream_graph_clipping_loss
HIFI032693D#2	HLA-DPB1	1	1	1		0	0	clipped_graph_paths	upstream_clipped_graph_source;DR_DQ_candidate_novel_annotation;downstream_graph_clipping_loss
HIFI032693D#2	HLA-DRB3	1	1	1		0	0	clipped_graph_paths	upstream_clipped_graph_source;DR_DQ_candidate_novel_annotation;downstream_graph_clipping_loss
HIFI032693D#2	HLA-DRB4	1	0	0	no_gene_sequence_annotation_not_proven_absence	0	0	clipped_graph_paths	upstream_clipped_graph_source;DR_DQ_candidate_novel_annotation;downstream_graph_clipping_loss
HIFI032693D#2	HLA-DRB5	1	0	0	no_gene_sequence_annotation_not_proven_absence	0	0	clipped_graph_paths	upstream_clipped_graph_source;DR_DQ_candidate_novel_annotation;downstream_graph_clipping_loss
HIFI032698D#1	HLA-A	1	1	1		0	0	clipped_graph_paths	upstream_clipped_graph_source;DR_DQ_candidate_novel_annotation;downstream_graph_clipping_loss
HIFI032698D#1	HLA-B	1	1	1		0	0	clipped_graph_paths	upstream_clipped_graph_source;DR_DQ_candidate_novel_annotation;downstream_graph_clipping_loss
HIFI032698D#1	HLA-C	1	1	1		0	0	clipped_graph_paths	upstream_clipped_graph_source;DR_DQ_candidate_novel_annotation;downstream_graph_clipping_loss
HIFI032698D#1	HLA-DRB1	1	1	1		0	0	clipped_graph_paths	upstream_clipped_graph_source;DR_DQ_candidate_novel_annotation;downstream_graph_clipping_loss
HIFI032698D#1	HLA-DQA1	1	1	1		0	0	clipped_graph_paths	upstream_clipped_graph_source;DR_DQ_candidate_novel_annotation;downstream_graph_clipping_loss
HIFI032698D#1	HLA-DQB1	1	1	1		0	0	clipped_graph_paths	upstream_clipped_graph_source;DR_DQ_candidate_novel_annotation;downstream_graph_clipping_loss
HIFI032698D#1	HLA-DPA1	1	1	1		0	0	clipped_graph_paths	upstream_clipped_graph_source;DR_DQ_candidate_novel_annotation;downstream_graph_clipping_loss
HIFI032698D#1	HLA-DPB1	1	1	1		0	0	clipped_graph_paths	upstream_clipped_graph_source;DR_DQ_candidate_novel_annotation;downstream_graph_clipping_loss
HIFI032698D#1	HLA-DRB3	1	1	1		0	0	clipped_graph_paths	upstream_clipped_graph_source;DR_DQ_candidate_novel_annotation;downstream_graph_clipping_loss
HIFI032698D#1	HLA-DRB4	1	0	0	no_gene_sequence_annotation_not_proven_absence	0	0	clipped_graph_paths	upstream_clipped_graph_source;DR_DQ_candidate_novel_annotation;downstream_graph_clipping_loss
HIFI032698D#1	HLA-DRB5	1	0	0	no_gene_sequence_annotation_not_proven_absence	0	0	clipped_graph_paths	upstream_clipped_graph_source;DR_DQ_candidate_novel_annotation;downstream_graph_clipping_loss
HIFI032698D#2	HLA-A	1	1	1		0	0	clipped_graph_paths	upstream_clipped_graph_source;DR_DQ_candidate_novel_annotation;downstream_graph_clipping_loss
HIFI032698D#2	HLA-B	1	1	1		0	0	clipped_graph_paths	upstream_clipped_graph_source;DR_DQ_candidate_novel_annotation;downstream_graph_clipping_loss
HIFI032698D#2	HLA-C	1	1	1		0	0	clipped_graph_paths	upstream_clipped_graph_source;DR_DQ_candidate_novel_annotation;downstream_graph_clipping_loss
HIFI032698D#2	HLA-DRB1	1	1	1		0	0	clipped_graph_paths	upstream_clipped_graph_source;DR_DQ_candidate_novel_annotation;downstream_graph_clipping_loss
HIFI032698D#2	HLA-DQA1	1	1	1		0	0	clipped_graph_paths	upstream_clipped_graph_source;DR_DQ_candidate_novel_annotation;downstream_graph_clipping_loss
HIFI032698D#2	HLA-DQB1	1	1	1		0	0	clipped_graph_paths	upstream_clipped_graph_source;DR_DQ_candidate_novel_annotation;downstream_graph_clipping_loss
HIFI032698D#2	HLA-DPA1	1	1	1		0	0	clipped_graph_paths	upstream_clipped_graph_source;DR_DQ_candidate_novel_annotation;downstream_graph_clipping_loss
HIFI032698D#2	HLA-DPB1	1	1	1		0	0	clipped_graph_paths	upstream_clipped_graph_source;DR_DQ_candidate_novel_annotation;downstream_graph_clipping_loss
HIFI032698D#2	HLA-DRB3	1	1	1		0	0	clipped_graph_paths	upstream_clipped_graph_source;DR_DQ_candidate_novel_annotation;downstream_graph_clipping_loss
HIFI032698D#2	HLA-DRB4	1	0	0	no_gene_sequence_annotation_not_proven_absence	0	0	clipped_graph_paths	upstream_clipped_graph_source;DR_DQ_candidate_novel_annotation;downstream_graph_clipping_loss
HIFI032698D#2	HLA-DRB5	1	0	0	no_gene_sequence_annotation_not_proven_absence	0	0	clipped_graph_paths	upstream_clipped_graph_source;DR_DQ_candidate_novel_annotation;downstream_graph_clipping_loss
HIFI032706D#1	HLA-A	1	1	1		0	0	clipped_graph_paths	upstream_clipped_graph_source;downstream_graph_clipping_loss
HIFI032706D#1	HLA-B	1	1	1		0	0	clipped_graph_paths	upstream_clipped_graph_source;downstream_graph_clipping_loss
HIFI032706D#1	HLA-C	1	1	1		0	0	clipped_graph_paths	upstream_clipped_graph_source;downstream_graph_clipping_loss
HIFI032706D#1	HLA-DRB1	1	1	1		0	0	clipped_graph_paths	upstream_clipped_graph_source;downstream_graph_clipping_loss
HIFI032706D#1	HLA-DQA1	1	1	1		0	0	clipped_graph_paths	upstream_clipped_graph_source;downstream_graph_clipping_loss
HIFI032706D#1	HLA-DQB1	1	1	1		0	0	clipped_graph_paths	upstream_clipped_graph_source;downstream_graph_clipping_loss
HIFI032706D#1	HLA-DPA1	1	1	1		0	0	clipped_graph_paths	upstream_clipped_graph_source;downstream_graph_clipping_loss
HIFI032706D#1	HLA-DPB1	1	1	1		0	0	clipped_graph_paths	upstream_clipped_graph_source;downstream_graph_clipping_loss
HIFI032706D#1	HLA-DRB3	1	0	0	no_gene_sequence_annotation_not_proven_absence	0	0	clipped_graph_paths	upstream_clipped_graph_source;downstream_graph_clipping_loss
HIFI032706D#1	HLA-DRB4	1	0	0	no_gene_sequence_annotation_not_proven_absence	0	0	clipped_graph_paths	upstream_clipped_graph_source;downstream_graph_clipping_loss
HIFI032706D#1	HLA-DRB5	1	0	0	no_gene_sequence_annotation_not_proven_absence	0	0	clipped_graph_paths	upstream_clipped_graph_source;downstream_graph_clipping_loss
HIFI032706D#2	HLA-A	1	1	1		0	0	clipped_graph_paths	upstream_clipped_graph_source;DR_DQ_candidate_novel_annotation;downstream_graph_clipping_loss
HIFI032706D#2	HLA-B	1	1	1		0	0	clipped_graph_paths	upstream_clipped_graph_source;DR_DQ_candidate_novel_annotation;downstream_graph_clipping_loss
HIFI032706D#2	HLA-C	1	1	1		0	0	clipped_graph_paths	upstream_clipped_graph_source;DR_DQ_candidate_novel_annotation;downstream_graph_clipping_loss
HIFI032706D#2	HLA-DRB1	1	1	1		0	0	clipped_graph_paths	upstream_clipped_graph_source;DR_DQ_candidate_novel_annotation;downstream_graph_clipping_loss
HIFI032706D#2	HLA-DQA1	1	1	1		0	0	clipped_graph_paths	upstream_clipped_graph_source;DR_DQ_candidate_novel_annotation;downstream_graph_clipping_loss
HIFI032706D#2	HLA-DQB1	1	1	1		0	0	clipped_graph_paths	upstream_clipped_graph_source;DR_DQ_candidate_novel_annotation;downstream_graph_clipping_loss
HIFI032706D#2	HLA-DPA1	1	1	1		0	0	clipped_graph_paths	upstream_clipped_graph_source;DR_DQ_candidate_novel_annotation;downstream_graph_clipping_loss
HIFI032706D#2	HLA-DPB1	1	1	1		0	0	clipped_graph_paths	upstream_clipped_graph_source;DR_DQ_candidate_novel_annotation;downstream_graph_clipping_loss
HIFI032706D#2	HLA-DRB3	1	0	0	no_gene_sequence_annotation_not_proven_absence	0	0	clipped_graph_paths	upstream_clipped_graph_source;DR_DQ_candidate_novel_annotation;downstream_graph_clipping_loss
HIFI032706D#2	HLA-DRB4	1	0	0	no_gene_sequence_annotation_not_proven_absence	0	0	clipped_graph_paths	upstream_clipped_graph_source;DR_DQ_candidate_novel_annotation;downstream_graph_clipping_loss
HIFI032706D#2	HLA-DRB5	1	0	0	no_gene_sequence_annotation_not_proven_absence	0	0	clipped_graph_paths	upstream_clipped_graph_source;DR_DQ_candidate_novel_annotation;downstream_graph_clipping_loss
HIFI032711D#1	HLA-A	1	1	1		0	0	clipped_graph_paths	upstream_clipped_graph_source;DR_DQ_candidate_novel_annotation;downstream_graph_clipping_loss
HIFI032711D#1	HLA-B	1	1	1		0	0	clipped_graph_paths	upstream_clipped_graph_source;DR_DQ_candidate_novel_annotation;downstream_graph_clipping_loss
HIFI032711D#1	HLA-C	1	1	1		0	0	clipped_graph_paths	upstream_clipped_graph_source;DR_DQ_candidate_novel_annotation;downstream_graph_clipping_loss
HIFI032711D#1	HLA-DRB1	1	1	1		0	0	clipped_graph_paths	upstream_clipped_graph_source;DR_DQ_candidate_novel_annotation;downstream_graph_clipping_loss
HIFI032711D#1	HLA-DQA1	1	1	1		0	0	clipped_graph_paths	upstream_clipped_graph_source;DR_DQ_candidate_novel_annotation;downstream_graph_clipping_loss
HIFI032711D#1	HLA-DQB1	1	1	1		0	0	clipped_graph_paths	upstream_clipped_graph_source;DR_DQ_candidate_novel_annotation;downstream_graph_clipping_loss
HIFI032711D#1	HLA-DPA1	1	1	1		0	0	clipped_graph_paths	upstream_clipped_graph_source;DR_DQ_candidate_novel_annotation;downstream_graph_clipping_loss
HIFI032711D#1	HLA-DPB1	1	1	1		0	0	clipped_graph_paths	upstream_clipped_graph_source;DR_DQ_candidate_novel_annotation;downstream_graph_clipping_loss
HIFI032711D#1	HLA-DRB3	1	1	1		0	0	clipped_graph_paths	upstream_clipped_graph_source;DR_DQ_candidate_novel_annotation;downstream_graph_clipping_loss
HIFI032711D#1	HLA-DRB4	1	0	0	no_gene_sequence_annotation_not_proven_absence	0	0	clipped_graph_paths	upstream_clipped_graph_source;DR_DQ_candidate_novel_annotation;downstream_graph_clipping_loss
HIFI032711D#1	HLA-DRB5	1	0	0	no_gene_sequence_annotation_not_proven_absence	0	0	clipped_graph_paths	upstream_clipped_graph_source;DR_DQ_candidate_novel_annotation;downstream_graph_clipping_loss
HIFI032711D#2	HLA-A	1	1	1		0	0	clipped_graph_paths	upstream_clipped_graph_source;DR_DQ_candidate_novel_annotation;downstream_graph_clipping_loss
HIFI032711D#2	HLA-B	1	1	1		0	0	clipped_graph_paths	upstream_clipped_graph_source;DR_DQ_candidate_novel_annotation;downstream_graph_clipping_loss
HIFI032711D#2	HLA-C	1	1	1		0	0	clipped_graph_paths	upstream_clipped_graph_source;DR_DQ_candidate_novel_annotation;downstream_graph_clipping_loss
HIFI032711D#2	HLA-DRB1	1	1	1		0	0	clipped_graph_paths	upstream_clipped_graph_source;DR_DQ_candidate_novel_annotation;downstream_graph_clipping_loss
HIFI032711D#2	HLA-DQA1	1	1	1		0	0	clipped_graph_paths	upstream_clipped_graph_source;DR_DQ_candidate_novel_annotation;downstream_graph_clipping_loss
HIFI032711D#2	HLA-DQB1	1	1	1		0	0	clipped_graph_paths	upstream_clipped_graph_source;DR_DQ_candidate_novel_annotation;downstream_graph_clipping_loss
HIFI032711D#2	HLA-DPA1	1	1	1		0	0	clipped_graph_paths	upstream_clipped_graph_source;DR_DQ_candidate_novel_annotation;downstream_graph_clipping_loss
HIFI032711D#2	HLA-DPB1	1	1	1		0	0	clipped_graph_paths	upstream_clipped_graph_source;DR_DQ_candidate_novel_annotation;downstream_graph_clipping_loss
HIFI032711D#2	HLA-DRB3	1	1	1		0	0	clipped_graph_paths	upstream_clipped_graph_source;DR_DQ_candidate_novel_annotation;downstream_graph_clipping_loss
HIFI032711D#2	HLA-DRB4	1	0	0	no_gene_sequence_annotation_not_proven_absence	0	0	clipped_graph_paths	upstream_clipped_graph_source;DR_DQ_candidate_novel_annotation;downstream_graph_clipping_loss
HIFI032711D#2	HLA-DRB5	1	0	0	no_gene_sequence_annotation_not_proven_absence	0	0	clipped_graph_paths	upstream_clipped_graph_source;DR_DQ_candidate_novel_annotation;downstream_graph_clipping_loss
HIFI032731D#1	HLA-A	1	1	1		0	0	clipped_graph_paths	upstream_clipped_graph_source;DR_DQ_candidate_novel_annotation;downstream_graph_clipping_loss
HIFI032731D#1	HLA-B	1	1	1		0	0	clipped_graph_paths	upstream_clipped_graph_source;DR_DQ_candidate_novel_annotation;downstream_graph_clipping_loss
HIFI032731D#1	HLA-C	1	1	1		0	0	clipped_graph_paths	upstream_clipped_graph_source;DR_DQ_candidate_novel_annotation;downstream_graph_clipping_loss
HIFI032731D#1	HLA-DRB1	1	1	1		0	0	clipped_graph_paths	upstream_clipped_graph_source;DR_DQ_candidate_novel_annotation;downstream_graph_clipping_loss
HIFI032731D#1	HLA-DQA1	1	1	1		0	0	clipped_graph_paths	upstream_clipped_graph_source;DR_DQ_candidate_novel_annotation;downstream_graph_clipping_loss
HIFI032731D#1	HLA-DQB1	1	1	1		0	0	clipped_graph_paths	upstream_clipped_graph_source;DR_DQ_candidate_novel_annotation;downstream_graph_clipping_loss
HIFI032731D#1	HLA-DPA1	1	1	1		0	0	clipped_graph_paths	upstream_clipped_graph_source;DR_DQ_candidate_novel_annotation;downstream_graph_clipping_loss
HIFI032731D#1	HLA-DPB1	1	1	1		0	0	clipped_graph_paths	upstream_clipped_graph_source;DR_DQ_candidate_novel_annotation;downstream_graph_clipping_loss
HIFI032731D#1	HLA-DRB3	1	0	0	no_gene_sequence_annotation_not_proven_absence	0	0	clipped_graph_paths	upstream_clipped_graph_source;DR_DQ_candidate_novel_annotation;downstream_graph_clipping_loss
HIFI032731D#1	HLA-DRB4	1	0	0	no_gene_sequence_annotation_not_proven_absence	0	0	clipped_graph_paths	upstream_clipped_graph_source;DR_DQ_candidate_novel_annotation;downstream_graph_clipping_loss
HIFI032731D#1	HLA-DRB5	1	1	1		0	0	clipped_graph_paths	upstream_clipped_graph_source;DR_DQ_candidate_novel_annotation;downstream_graph_clipping_loss
HIFI032731D#2	HLA-A	1	1	1		0	0	clipped_graph_paths	upstream_clipped_graph_source;DR_DQ_core_missing_or_multiple_annotations;DR_DQ_candidate_novel_annotation
HIFI032731D#2	HLA-B	1	1	1		0	0	clipped_graph_paths	upstream_clipped_graph_source;DR_DQ_core_missing_or_multiple_annotations;DR_DQ_candidate_novel_annotation
HIFI032731D#2	HLA-C	1	1	1		0	0	clipped_graph_paths	upstream_clipped_graph_source;DR_DQ_core_missing_or_multiple_annotations;DR_DQ_candidate_novel_annotation
HIFI032731D#2	HLA-DRB1	1	1	1		0	0	clipped_graph_paths	upstream_clipped_graph_source;DR_DQ_core_missing_or_multiple_annotations;DR_DQ_candidate_novel_annotation
HIFI032731D#2	HLA-DQA1	1	0	0	no_gene_sequence_annotation_not_proven_absence	0	0	clipped_graph_paths	upstream_clipped_graph_source;DR_DQ_core_missing_or_multiple_annotations;DR_DQ_candidate_novel_annotation
HIFI032731D#2	HLA-DQB1	1	1	1		0	0	clipped_graph_paths	upstream_clipped_graph_source;DR_DQ_core_missing_or_multiple_annotations;DR_DQ_candidate_novel_annotation
HIFI032731D#2	HLA-DPA1	1	1	1		0	0	clipped_graph_paths	upstream_clipped_graph_source;DR_DQ_core_missing_or_multiple_annotations;DR_DQ_candidate_novel_annotation
HIFI032731D#2	HLA-DPB1	1	1	1		0	0	clipped_graph_paths	upstream_clipped_graph_source;DR_DQ_core_missing_or_multiple_annotations;DR_DQ_candidate_novel_annotation
HIFI032731D#2	HLA-DRB3	1	1	1		0	0	clipped_graph_paths	upstream_clipped_graph_source;DR_DQ_core_missing_or_multiple_annotations;DR_DQ_candidate_novel_annotation
HIFI032731D#2	HLA-DRB4	1	0	0	no_gene_sequence_annotation_not_proven_absence	0	0	clipped_graph_paths	upstream_clipped_graph_source;DR_DQ_core_missing_or_multiple_annotations;DR_DQ_candidate_novel_annotation
HIFI032731D#2	HLA-DRB5	1	0	0	no_gene_sequence_annotation_not_proven_absence	0	0	clipped_graph_paths	upstream_clipped_graph_source;DR_DQ_core_missing_or_multiple_annotations;DR_DQ_candidate_novel_annotation
KOREF1#1	HLA-A	1	1	1		0	0	clipped_graph_paths	upstream_clipped_graph_source;DR_DQ_candidate_novel_annotation
KOREF1#1	HLA-B	1	1	1		0	0	clipped_graph_paths	upstream_clipped_graph_source;DR_DQ_candidate_novel_annotation
KOREF1#1	HLA-C	1	1	1		0	0	clipped_graph_paths	upstream_clipped_graph_source;DR_DQ_candidate_novel_annotation
KOREF1#1	HLA-DRB1	1	1	1		0	0	clipped_graph_paths	upstream_clipped_graph_source;DR_DQ_candidate_novel_annotation
KOREF1#1	HLA-DQA1	1	1	1		0	0	clipped_graph_paths	upstream_clipped_graph_source;DR_DQ_candidate_novel_annotation
KOREF1#1	HLA-DQB1	1	1	1		0	0	clipped_graph_paths	upstream_clipped_graph_source;DR_DQ_candidate_novel_annotation
KOREF1#1	HLA-DPA1	1	1	1		0	0	clipped_graph_paths	upstream_clipped_graph_source;DR_DQ_candidate_novel_annotation
KOREF1#1	HLA-DPB1	1	1	1		0	0	clipped_graph_paths	upstream_clipped_graph_source;DR_DQ_candidate_novel_annotation
KOREF1#1	HLA-DRB3	1	0	0	no_gene_sequence_annotation_not_proven_absence	0	0	clipped_graph_paths	upstream_clipped_graph_source;DR_DQ_candidate_novel_annotation
KOREF1#1	HLA-DRB4	1	1	1		0	0	clipped_graph_paths	upstream_clipped_graph_source;DR_DQ_candidate_novel_annotation
KOREF1#1	HLA-DRB5	1	0	0	no_gene_sequence_annotation_not_proven_absence	0	0	clipped_graph_paths	upstream_clipped_graph_source;DR_DQ_candidate_novel_annotation
KOREF1#2	HLA-A	1	1	1		0	0	clipped_graph_paths	upstream_clipped_graph_source;DR_DQ_candidate_novel_annotation
KOREF1#2	HLA-B	1	1	1		0	0	clipped_graph_paths	upstream_clipped_graph_source;DR_DQ_candidate_novel_annotation
KOREF1#2	HLA-C	1	1	1		0	0	clipped_graph_paths	upstream_clipped_graph_source;DR_DQ_candidate_novel_annotation
KOREF1#2	HLA-DRB1	1	1	1		0	0	clipped_graph_paths	upstream_clipped_graph_source;DR_DQ_candidate_novel_annotation
KOREF1#2	HLA-DQA1	1	1	1		0	0	clipped_graph_paths	upstream_clipped_graph_source;DR_DQ_candidate_novel_annotation
KOREF1#2	HLA-DQB1	1	1	1		0	0	clipped_graph_paths	upstream_clipped_graph_source;DR_DQ_candidate_novel_annotation
KOREF1#2	HLA-DPA1	1	1	1		0	0	clipped_graph_paths	upstream_clipped_graph_source;DR_DQ_candidate_novel_annotation
KOREF1#2	HLA-DPB1	1	1	0	no_current_exact_cds_match	0	0	clipped_graph_paths	upstream_clipped_graph_source;DR_DQ_candidate_novel_annotation
KOREF1#2	HLA-DRB3	1	1	1		0	0	clipped_graph_paths	upstream_clipped_graph_source;DR_DQ_candidate_novel_annotation
KOREF1#2	HLA-DRB4	1	0	0	no_gene_sequence_annotation_not_proven_absence	0	0	clipped_graph_paths	upstream_clipped_graph_source;DR_DQ_candidate_novel_annotation
KOREF1#2	HLA-DRB5	1	0	0	no_gene_sequence_annotation_not_proven_absence	0	0	clipped_graph_paths	upstream_clipped_graph_source;DR_DQ_candidate_novel_annotation
KOREF2#1	HLA-A	1	1	1		0	0	clipped_graph_paths	upstream_clipped_graph_source;downstream_graph_clipping_loss
KOREF2#1	HLA-B	1	1	1		0	0	clipped_graph_paths	upstream_clipped_graph_source;downstream_graph_clipping_loss
KOREF2#1	HLA-C	1	1	1		0	0	clipped_graph_paths	upstream_clipped_graph_source;downstream_graph_clipping_loss
KOREF2#1	HLA-DRB1	1	1	1		0	0	clipped_graph_paths	upstream_clipped_graph_source;downstream_graph_clipping_loss
KOREF2#1	HLA-DQA1	1	1	1		0	0	clipped_graph_paths	upstream_clipped_graph_source;downstream_graph_clipping_loss
KOREF2#1	HLA-DQB1	1	1	1		0	0	clipped_graph_paths	upstream_clipped_graph_source;downstream_graph_clipping_loss
KOREF2#1	HLA-DPA1	1	1	1		0	0	clipped_graph_paths	upstream_clipped_graph_source;downstream_graph_clipping_loss
KOREF2#1	HLA-DPB1	1	1	1		0	0	clipped_graph_paths	upstream_clipped_graph_source;downstream_graph_clipping_loss
KOREF2#1	HLA-DRB3	1	1	1		0	0	clipped_graph_paths	upstream_clipped_graph_source;downstream_graph_clipping_loss
KOREF2#1	HLA-DRB4	1	0	0	no_gene_sequence_annotation_not_proven_absence	0	0	clipped_graph_paths	upstream_clipped_graph_source;downstream_graph_clipping_loss
KOREF2#1	HLA-DRB5	1	0	0	no_gene_sequence_annotation_not_proven_absence	0	0	clipped_graph_paths	upstream_clipped_graph_source;downstream_graph_clipping_loss
KOREF2#2	HLA-A	1	1	1		0	0	clipped_graph_paths	upstream_clipped_graph_source;DR_DQ_candidate_novel_annotation
KOREF2#2	HLA-B	1	1	1		0	0	clipped_graph_paths	upstream_clipped_graph_source;DR_DQ_candidate_novel_annotation
KOREF2#2	HLA-C	1	1	1		0	0	clipped_graph_paths	upstream_clipped_graph_source;DR_DQ_candidate_novel_annotation
KOREF2#2	HLA-DRB1	1	1	1		0	0	clipped_graph_paths	upstream_clipped_graph_source;DR_DQ_candidate_novel_annotation
KOREF2#2	HLA-DQA1	1	1	1		0	0	clipped_graph_paths	upstream_clipped_graph_source;DR_DQ_candidate_novel_annotation
KOREF2#2	HLA-DQB1	1	1	1		0	0	clipped_graph_paths	upstream_clipped_graph_source;DR_DQ_candidate_novel_annotation
KOREF2#2	HLA-DPA1	1	1	1		0	0	clipped_graph_paths	upstream_clipped_graph_source;DR_DQ_candidate_novel_annotation
KOREF2#2	HLA-DPB1	1	1	1		0	0	clipped_graph_paths	upstream_clipped_graph_source;DR_DQ_candidate_novel_annotation
KOREF2#2	HLA-DRB3	1	1	1		0	0	clipped_graph_paths	upstream_clipped_graph_source;DR_DQ_candidate_novel_annotation
KOREF2#2	HLA-DRB4	1	0	0	no_gene_sequence_annotation_not_proven_absence	0	0	clipped_graph_paths	upstream_clipped_graph_source;DR_DQ_candidate_novel_annotation
KOREF2#2	HLA-DRB5	1	0	0	no_gene_sequence_annotation_not_proven_absence	0	0	clipped_graph_paths	upstream_clipped_graph_source;DR_DQ_candidate_novel_annotation
KPanRef-071#1	HLA-A	1	1	0	no_current_exact_cds_match	0	0	clipped_graph_paths	upstream_clipped_graph_source;downstream_graph_clipping_loss
KPanRef-071#1	HLA-B	1	1	1		0	0	clipped_graph_paths	upstream_clipped_graph_source;downstream_graph_clipping_loss
KPanRef-071#1	HLA-C	1	1	1		0	0	clipped_graph_paths	upstream_clipped_graph_source;downstream_graph_clipping_loss
KPanRef-071#1	HLA-DRB1	1	1	1		0	0	clipped_graph_paths	upstream_clipped_graph_source;downstream_graph_clipping_loss
KPanRef-071#1	HLA-DQA1	1	1	1		0	0	clipped_graph_paths	upstream_clipped_graph_source;downstream_graph_clipping_loss
KPanRef-071#1	HLA-DQB1	1	1	1		0	0	clipped_graph_paths	upstream_clipped_graph_source;downstream_graph_clipping_loss
KPanRef-071#1	HLA-DPA1	1	1	1		0	0	clipped_graph_paths	upstream_clipped_graph_source;downstream_graph_clipping_loss
KPanRef-071#1	HLA-DPB1	1	1	1		0	0	clipped_graph_paths	upstream_clipped_graph_source;downstream_graph_clipping_loss
KPanRef-071#1	HLA-DRB3	1	0	0	no_gene_sequence_annotation_not_proven_absence	0	0	clipped_graph_paths	upstream_clipped_graph_source;downstream_graph_clipping_loss
KPanRef-071#1	HLA-DRB4	1	0	0	no_gene_sequence_annotation_not_proven_absence	0	0	clipped_graph_paths	upstream_clipped_graph_source;downstream_graph_clipping_loss
KPanRef-071#1	HLA-DRB5	1	0	0	no_gene_sequence_annotation_not_proven_absence	0	0	clipped_graph_paths	upstream_clipped_graph_source;downstream_graph_clipping_loss
KPanRef-071#2	HLA-A	1	1	1		0	0	clipped_graph_paths	upstream_clipped_graph_source;DR_DQ_candidate_novel_annotation
KPanRef-071#2	HLA-B	1	1	1		0	0	clipped_graph_paths	upstream_clipped_graph_source;DR_DQ_candidate_novel_annotation
KPanRef-071#2	HLA-C	1	1	1		0	0	clipped_graph_paths	upstream_clipped_graph_source;DR_DQ_candidate_novel_annotation
KPanRef-071#2	HLA-DRB1	1	1	1		0	0	clipped_graph_paths	upstream_clipped_graph_source;DR_DQ_candidate_novel_annotation
KPanRef-071#2	HLA-DQA1	1	1	1		0	0	clipped_graph_paths	upstream_clipped_graph_source;DR_DQ_candidate_novel_annotation
KPanRef-071#2	HLA-DQB1	1	1	1		0	0	clipped_graph_paths	upstream_clipped_graph_source;DR_DQ_candidate_novel_annotation
KPanRef-071#2	HLA-DPA1	1	1	1		0	0	clipped_graph_paths	upstream_clipped_graph_source;DR_DQ_candidate_novel_annotation
KPanRef-071#2	HLA-DPB1	1	1	1		0	0	clipped_graph_paths	upstream_clipped_graph_source;DR_DQ_candidate_novel_annotation
KPanRef-071#2	HLA-DRB3	1	0	0	no_gene_sequence_annotation_not_proven_absence	0	0	clipped_graph_paths	upstream_clipped_graph_source;DR_DQ_candidate_novel_annotation
KPanRef-071#2	HLA-DRB4	1	0	0	no_gene_sequence_annotation_not_proven_absence	0	0	clipped_graph_paths	upstream_clipped_graph_source;DR_DQ_candidate_novel_annotation
KPanRef-071#2	HLA-DRB5	1	1	1		0	0	clipped_graph_paths	upstream_clipped_graph_source;DR_DQ_candidate_novel_annotation
KPanRef-072#1	HLA-A	1	1	1		0	0	clipped_graph_paths	upstream_clipped_graph_source;DR_DQ_candidate_novel_annotation
KPanRef-072#1	HLA-B	1	1	1		0	0	clipped_graph_paths	upstream_clipped_graph_source;DR_DQ_candidate_novel_annotation
KPanRef-072#1	HLA-C	1	1	1		0	0	clipped_graph_paths	upstream_clipped_graph_source;DR_DQ_candidate_novel_annotation
KPanRef-072#1	HLA-DRB1	1	1	1		0	0	clipped_graph_paths	upstream_clipped_graph_source;DR_DQ_candidate_novel_annotation
KPanRef-072#1	HLA-DQA1	1	1	1		0	0	clipped_graph_paths	upstream_clipped_graph_source;DR_DQ_candidate_novel_annotation
KPanRef-072#1	HLA-DQB1	1	1	1		0	0	clipped_graph_paths	upstream_clipped_graph_source;DR_DQ_candidate_novel_annotation
KPanRef-072#1	HLA-DPA1	1	1	1		0	0	clipped_graph_paths	upstream_clipped_graph_source;DR_DQ_candidate_novel_annotation
KPanRef-072#1	HLA-DPB1	1	1	1		0	0	clipped_graph_paths	upstream_clipped_graph_source;DR_DQ_candidate_novel_annotation
KPanRef-072#1	HLA-DRB3	1	0	0	no_gene_sequence_annotation_not_proven_absence	0	0	clipped_graph_paths	upstream_clipped_graph_source;DR_DQ_candidate_novel_annotation
KPanRef-072#1	HLA-DRB4	1	1	1		0	0	clipped_graph_paths	upstream_clipped_graph_source;DR_DQ_candidate_novel_annotation
KPanRef-072#1	HLA-DRB5	1	0	0	no_gene_sequence_annotation_not_proven_absence	0	0	clipped_graph_paths	upstream_clipped_graph_source;DR_DQ_candidate_novel_annotation
KPanRef-072#2	HLA-A	1	1	1		0	0	clipped_graph_paths	upstream_clipped_graph_source;DR_DQ_candidate_novel_annotation
KPanRef-072#2	HLA-B	1	1	1		0	0	clipped_graph_paths	upstream_clipped_graph_source;DR_DQ_candidate_novel_annotation
KPanRef-072#2	HLA-C	1	1	1		0	0	clipped_graph_paths	upstream_clipped_graph_source;DR_DQ_candidate_novel_annotation
KPanRef-072#2	HLA-DRB1	1	1	1		0	0	clipped_graph_paths	upstream_clipped_graph_source;DR_DQ_candidate_novel_annotation
KPanRef-072#2	HLA-DQA1	1	1	1		0	0	clipped_graph_paths	upstream_clipped_graph_source;DR_DQ_candidate_novel_annotation
KPanRef-072#2	HLA-DQB1	1	1	1		0	0	clipped_graph_paths	upstream_clipped_graph_source;DR_DQ_candidate_novel_annotation
KPanRef-072#2	HLA-DPA1	1	1	1		0	0	clipped_graph_paths	upstream_clipped_graph_source;DR_DQ_candidate_novel_annotation
KPanRef-072#2	HLA-DPB1	1	1	1		0	0	clipped_graph_paths	upstream_clipped_graph_source;DR_DQ_candidate_novel_annotation
KPanRef-072#2	HLA-DRB3	1	0	0	no_gene_sequence_annotation_not_proven_absence	0	0	clipped_graph_paths	upstream_clipped_graph_source;DR_DQ_candidate_novel_annotation
KPanRef-072#2	HLA-DRB4	1	1	1		0	0	clipped_graph_paths	upstream_clipped_graph_source;DR_DQ_candidate_novel_annotation
KPanRef-072#2	HLA-DRB5	1	0	0	no_gene_sequence_annotation_not_proven_absence	0	0	clipped_graph_paths	upstream_clipped_graph_source;DR_DQ_candidate_novel_annotation
KPanRef-073#1	HLA-A	1	1	1		0	0	clipped_graph_paths	upstream_clipped_graph_source
KPanRef-073#1	HLA-B	1	1	1		0	0	clipped_graph_paths	upstream_clipped_graph_source
KPanRef-073#1	HLA-C	1	1	1		0	0	clipped_graph_paths	upstream_clipped_graph_source
KPanRef-073#1	HLA-DRB1	1	1	1		0	0	clipped_graph_paths	upstream_clipped_graph_source
KPanRef-073#1	HLA-DQA1	1	1	1		0	0	clipped_graph_paths	upstream_clipped_graph_source
KPanRef-073#1	HLA-DQB1	1	1	1		0	0	clipped_graph_paths	upstream_clipped_graph_source
KPanRef-073#1	HLA-DPA1	1	1	0	no_current_exact_cds_match	0	0	clipped_graph_paths	upstream_clipped_graph_source
KPanRef-073#1	HLA-DPB1	1	1	1		0	0	clipped_graph_paths	upstream_clipped_graph_source
KPanRef-073#1	HLA-DRB3	1	0	0	no_gene_sequence_annotation_not_proven_absence	0	0	clipped_graph_paths	upstream_clipped_graph_source
KPanRef-073#1	HLA-DRB4	1	0	0	no_gene_sequence_annotation_not_proven_absence	0	0	clipped_graph_paths	upstream_clipped_graph_source
KPanRef-073#1	HLA-DRB5	1	0	0	no_gene_sequence_annotation_not_proven_absence	0	0	clipped_graph_paths	upstream_clipped_graph_source
KPanRef-073#2	HLA-A	1	1	1		0	0	clipped_graph_paths	upstream_clipped_graph_source;DR_DQ_candidate_novel_annotation
KPanRef-073#2	HLA-B	1	1	1		0	0	clipped_graph_paths	upstream_clipped_graph_source;DR_DQ_candidate_novel_annotation
KPanRef-073#2	HLA-C	1	1	1		0	0	clipped_graph_paths	upstream_clipped_graph_source;DR_DQ_candidate_novel_annotation
KPanRef-073#2	HLA-DRB1	1	1	1		0	0	clipped_graph_paths	upstream_clipped_graph_source;DR_DQ_candidate_novel_annotation
KPanRef-073#2	HLA-DQA1	1	1	1		0	0	clipped_graph_paths	upstream_clipped_graph_source;DR_DQ_candidate_novel_annotation
KPanRef-073#2	HLA-DQB1	1	1	1		0	0	clipped_graph_paths	upstream_clipped_graph_source;DR_DQ_candidate_novel_annotation
KPanRef-073#2	HLA-DPA1	1	1	1		0	0	clipped_graph_paths	upstream_clipped_graph_source;DR_DQ_candidate_novel_annotation
KPanRef-073#2	HLA-DPB1	1	1	1		0	0	clipped_graph_paths	upstream_clipped_graph_source;DR_DQ_candidate_novel_annotation
KPanRef-073#2	HLA-DRB3	1	1	1		0	0	clipped_graph_paths	upstream_clipped_graph_source;DR_DQ_candidate_novel_annotation
KPanRef-073#2	HLA-DRB4	1	0	0	no_gene_sequence_annotation_not_proven_absence	0	0	clipped_graph_paths	upstream_clipped_graph_source;DR_DQ_candidate_novel_annotation
KPanRef-073#2	HLA-DRB5	1	0	0	no_gene_sequence_annotation_not_proven_absence	0	0	clipped_graph_paths	upstream_clipped_graph_source;DR_DQ_candidate_novel_annotation
KPanRef-074#1	HLA-A	1	1	1		0	0	clipped_graph_paths	upstream_clipped_graph_source;DR_DQ_candidate_novel_annotation
KPanRef-074#1	HLA-B	1	1	1		0	0	clipped_graph_paths	upstream_clipped_graph_source;DR_DQ_candidate_novel_annotation
KPanRef-074#1	HLA-C	1	1	1		0	0	clipped_graph_paths	upstream_clipped_graph_source;DR_DQ_candidate_novel_annotation
KPanRef-074#1	HLA-DRB1	1	1	0	no_current_exact_cds_match	0	0	clipped_graph_paths	upstream_clipped_graph_source;DR_DQ_candidate_novel_annotation
KPanRef-074#1	HLA-DQA1	1	1	0	no_current_exact_cds_match	0	0	clipped_graph_paths	upstream_clipped_graph_source;DR_DQ_candidate_novel_annotation
KPanRef-074#1	HLA-DQB1	1	1	1		0	0	clipped_graph_paths	upstream_clipped_graph_source;DR_DQ_candidate_novel_annotation
KPanRef-074#1	HLA-DPA1	1	1	1		0	0	clipped_graph_paths	upstream_clipped_graph_source;DR_DQ_candidate_novel_annotation
KPanRef-074#1	HLA-DPB1	1	1	1		0	0	clipped_graph_paths	upstream_clipped_graph_source;DR_DQ_candidate_novel_annotation
KPanRef-074#1	HLA-DRB3	1	1	1		0	0	clipped_graph_paths	upstream_clipped_graph_source;DR_DQ_candidate_novel_annotation
KPanRef-074#1	HLA-DRB4	1	0	0	no_gene_sequence_annotation_not_proven_absence	0	0	clipped_graph_paths	upstream_clipped_graph_source;DR_DQ_candidate_novel_annotation
KPanRef-074#1	HLA-DRB5	1	0	0	no_gene_sequence_annotation_not_proven_absence	0	0	clipped_graph_paths	upstream_clipped_graph_source;DR_DQ_candidate_novel_annotation
KPanRef-074#2	HLA-A	1	1	1		0	0	clipped_graph_paths	upstream_clipped_graph_source;DR_DQ_candidate_novel_annotation
KPanRef-074#2	HLA-B	1	1	1		0	0	clipped_graph_paths	upstream_clipped_graph_source;DR_DQ_candidate_novel_annotation
KPanRef-074#2	HLA-C	1	1	1		0	0	clipped_graph_paths	upstream_clipped_graph_source;DR_DQ_candidate_novel_annotation
KPanRef-074#2	HLA-DRB1	1	1	1		0	0	clipped_graph_paths	upstream_clipped_graph_source;DR_DQ_candidate_novel_annotation
KPanRef-074#2	HLA-DQA1	1	1	1		0	0	clipped_graph_paths	upstream_clipped_graph_source;DR_DQ_candidate_novel_annotation
KPanRef-074#2	HLA-DQB1	1	1	1		0	0	clipped_graph_paths	upstream_clipped_graph_source;DR_DQ_candidate_novel_annotation
KPanRef-074#2	HLA-DPA1	1	1	1		0	0	clipped_graph_paths	upstream_clipped_graph_source;DR_DQ_candidate_novel_annotation
KPanRef-074#2	HLA-DPB1	1	1	1		0	0	clipped_graph_paths	upstream_clipped_graph_source;DR_DQ_candidate_novel_annotation
KPanRef-074#2	HLA-DRB3	1	0	0	no_gene_sequence_annotation_not_proven_absence	0	0	clipped_graph_paths	upstream_clipped_graph_source;DR_DQ_candidate_novel_annotation
KPanRef-074#2	HLA-DRB4	1	1	1		0	0	clipped_graph_paths	upstream_clipped_graph_source;DR_DQ_candidate_novel_annotation
KPanRef-074#2	HLA-DRB5	1	0	0	no_gene_sequence_annotation_not_proven_absence	0	0	clipped_graph_paths	upstream_clipped_graph_source;DR_DQ_candidate_novel_annotation
KPanRef-075#1	HLA-A	1	1	1		0	0	clipped_graph_paths	upstream_clipped_graph_source;DR_DQ_candidate_novel_annotation;downstream_graph_clipping_loss
KPanRef-075#1	HLA-B	1	1	1		0	0	clipped_graph_paths	upstream_clipped_graph_source;DR_DQ_candidate_novel_annotation;downstream_graph_clipping_loss
KPanRef-075#1	HLA-C	1	1	1		0	0	clipped_graph_paths	upstream_clipped_graph_source;DR_DQ_candidate_novel_annotation;downstream_graph_clipping_loss
KPanRef-075#1	HLA-DRB1	1	1	1		0	0	clipped_graph_paths	upstream_clipped_graph_source;DR_DQ_candidate_novel_annotation;downstream_graph_clipping_loss
KPanRef-075#1	HLA-DQA1	1	1	1		0	0	clipped_graph_paths	upstream_clipped_graph_source;DR_DQ_candidate_novel_annotation;downstream_graph_clipping_loss
KPanRef-075#1	HLA-DQB1	1	1	1		0	0	clipped_graph_paths	upstream_clipped_graph_source;DR_DQ_candidate_novel_annotation;downstream_graph_clipping_loss
KPanRef-075#1	HLA-DPA1	1	1	1		0	0	clipped_graph_paths	upstream_clipped_graph_source;DR_DQ_candidate_novel_annotation;downstream_graph_clipping_loss
KPanRef-075#1	HLA-DPB1	1	1	1		0	0	clipped_graph_paths	upstream_clipped_graph_source;DR_DQ_candidate_novel_annotation;downstream_graph_clipping_loss
KPanRef-075#1	HLA-DRB3	1	0	0	no_gene_sequence_annotation_not_proven_absence	0	0	clipped_graph_paths	upstream_clipped_graph_source;DR_DQ_candidate_novel_annotation;downstream_graph_clipping_loss
KPanRef-075#1	HLA-DRB4	1	0	0	no_gene_sequence_annotation_not_proven_absence	0	0	clipped_graph_paths	upstream_clipped_graph_source;DR_DQ_candidate_novel_annotation;downstream_graph_clipping_loss
KPanRef-075#1	HLA-DRB5	1	1	1		0	0	clipped_graph_paths	upstream_clipped_graph_source;DR_DQ_candidate_novel_annotation;downstream_graph_clipping_loss
KPanRef-075#2	HLA-A	1	1	1		0	0	clipped_graph_paths	upstream_clipped_graph_source;DR_DQ_candidate_novel_annotation
KPanRef-075#2	HLA-B	1	1	1		0	0	clipped_graph_paths	upstream_clipped_graph_source;DR_DQ_candidate_novel_annotation
KPanRef-075#2	HLA-C	1	1	1		0	0	clipped_graph_paths	upstream_clipped_graph_source;DR_DQ_candidate_novel_annotation
KPanRef-075#2	HLA-DRB1	1	1	1		0	0	clipped_graph_paths	upstream_clipped_graph_source;DR_DQ_candidate_novel_annotation
KPanRef-075#2	HLA-DQA1	1	1	1		0	0	clipped_graph_paths	upstream_clipped_graph_source;DR_DQ_candidate_novel_annotation
KPanRef-075#2	HLA-DQB1	1	1	1		0	0	clipped_graph_paths	upstream_clipped_graph_source;DR_DQ_candidate_novel_annotation
KPanRef-075#2	HLA-DPA1	1	1	1		0	0	clipped_graph_paths	upstream_clipped_graph_source;DR_DQ_candidate_novel_annotation
KPanRef-075#2	HLA-DPB1	1	1	1		0	0	clipped_graph_paths	upstream_clipped_graph_source;DR_DQ_candidate_novel_annotation
KPanRef-075#2	HLA-DRB3	1	0	0	no_gene_sequence_annotation_not_proven_absence	0	0	clipped_graph_paths	upstream_clipped_graph_source;DR_DQ_candidate_novel_annotation
KPanRef-075#2	HLA-DRB4	1	0	0	no_gene_sequence_annotation_not_proven_absence	0	0	clipped_graph_paths	upstream_clipped_graph_source;DR_DQ_candidate_novel_annotation
KPanRef-075#2	HLA-DRB5	1	0	0	no_gene_sequence_annotation_not_proven_absence	0	0	clipped_graph_paths	upstream_clipped_graph_source;DR_DQ_candidate_novel_annotation
KPanRef-076#1	HLA-A	1	1	1		0	0	clipped_graph_paths	upstream_clipped_graph_source;DR_DQ_candidate_novel_annotation;downstream_graph_clipping_loss
KPanRef-076#1	HLA-B	1	1	1		0	0	clipped_graph_paths	upstream_clipped_graph_source;DR_DQ_candidate_novel_annotation;downstream_graph_clipping_loss
KPanRef-076#1	HLA-C	1	1	1		0	0	clipped_graph_paths	upstream_clipped_graph_source;DR_DQ_candidate_novel_annotation;downstream_graph_clipping_loss
KPanRef-076#1	HLA-DRB1	1	1	1		0	0	clipped_graph_paths	upstream_clipped_graph_source;DR_DQ_candidate_novel_annotation;downstream_graph_clipping_loss
KPanRef-076#1	HLA-DQA1	1	1	1		0	0	clipped_graph_paths	upstream_clipped_graph_source;DR_DQ_candidate_novel_annotation;downstream_graph_clipping_loss
KPanRef-076#1	HLA-DQB1	1	1	1		0	0	clipped_graph_paths	upstream_clipped_graph_source;DR_DQ_candidate_novel_annotation;downstream_graph_clipping_loss
KPanRef-076#1	HLA-DPA1	1	1	1		0	0	clipped_graph_paths	upstream_clipped_graph_source;DR_DQ_candidate_novel_annotation;downstream_graph_clipping_loss
KPanRef-076#1	HLA-DPB1	1	1	1		0	0	clipped_graph_paths	upstream_clipped_graph_source;DR_DQ_candidate_novel_annotation;downstream_graph_clipping_loss
KPanRef-076#1	HLA-DRB3	1	0	0	no_gene_sequence_annotation_not_proven_absence	0	0	clipped_graph_paths	upstream_clipped_graph_source;DR_DQ_candidate_novel_annotation;downstream_graph_clipping_loss
KPanRef-076#1	HLA-DRB4	1	0	0	no_gene_sequence_annotation_not_proven_absence	0	0	clipped_graph_paths	upstream_clipped_graph_source;DR_DQ_candidate_novel_annotation;downstream_graph_clipping_loss
KPanRef-076#1	HLA-DRB5	1	1	1		0	0	clipped_graph_paths	upstream_clipped_graph_source;DR_DQ_candidate_novel_annotation;downstream_graph_clipping_loss
KPanRef-076#2	HLA-A	1	1	1		0	0	clipped_graph_paths	upstream_clipped_graph_source;DR_DQ_candidate_novel_annotation
KPanRef-076#2	HLA-B	1	1	1		0	0	clipped_graph_paths	upstream_clipped_graph_source;DR_DQ_candidate_novel_annotation
KPanRef-076#2	HLA-C	1	1	1		0	0	clipped_graph_paths	upstream_clipped_graph_source;DR_DQ_candidate_novel_annotation
KPanRef-076#2	HLA-DRB1	1	1	1		0	0	clipped_graph_paths	upstream_clipped_graph_source;DR_DQ_candidate_novel_annotation
KPanRef-076#2	HLA-DQA1	1	1	1		0	0	clipped_graph_paths	upstream_clipped_graph_source;DR_DQ_candidate_novel_annotation
KPanRef-076#2	HLA-DQB1	1	1	1		0	0	clipped_graph_paths	upstream_clipped_graph_source;DR_DQ_candidate_novel_annotation
KPanRef-076#2	HLA-DPA1	1	1	1		0	0	clipped_graph_paths	upstream_clipped_graph_source;DR_DQ_candidate_novel_annotation
KPanRef-076#2	HLA-DPB1	1	1	1		0	0	clipped_graph_paths	upstream_clipped_graph_source;DR_DQ_candidate_novel_annotation
KPanRef-076#2	HLA-DRB3	1	0	0	no_gene_sequence_annotation_not_proven_absence	0	0	clipped_graph_paths	upstream_clipped_graph_source;DR_DQ_candidate_novel_annotation
KPanRef-076#2	HLA-DRB4	1	1	1		0	0	clipped_graph_paths	upstream_clipped_graph_source;DR_DQ_candidate_novel_annotation
KPanRef-076#2	HLA-DRB5	1	0	0	no_gene_sequence_annotation_not_proven_absence	0	0	clipped_graph_paths	upstream_clipped_graph_source;DR_DQ_candidate_novel_annotation
KPanRef-076-M#1	HLA-A	1	1	1		0	0	clipped_graph_paths	upstream_clipped_graph_source;DR_DQ_core_missing_or_multiple_annotations;downstream_graph_clipping_loss
KPanRef-076-M#1	HLA-B	1	1	1		0	0	clipped_graph_paths	upstream_clipped_graph_source;DR_DQ_core_missing_or_multiple_annotations;downstream_graph_clipping_loss
KPanRef-076-M#1	HLA-C	1	1	1		0	0	clipped_graph_paths	upstream_clipped_graph_source;DR_DQ_core_missing_or_multiple_annotations;downstream_graph_clipping_loss
KPanRef-076-M#1	HLA-DRB1	1	1	1		0	0	clipped_graph_paths	upstream_clipped_graph_source;DR_DQ_core_missing_or_multiple_annotations;downstream_graph_clipping_loss
KPanRef-076-M#1	HLA-DQA1	1	1	1		0	0	clipped_graph_paths	upstream_clipped_graph_source;DR_DQ_core_missing_or_multiple_annotations;downstream_graph_clipping_loss
KPanRef-076-M#1	HLA-DQB1	1	0	0	no_gene_sequence_annotation_not_proven_absence	0	0	clipped_graph_paths	upstream_clipped_graph_source;DR_DQ_core_missing_or_multiple_annotations;downstream_graph_clipping_loss
KPanRef-076-M#1	HLA-DPA1	1	1	1		0	0	clipped_graph_paths	upstream_clipped_graph_source;DR_DQ_core_missing_or_multiple_annotations;downstream_graph_clipping_loss
KPanRef-076-M#1	HLA-DPB1	1	1	1		0	0	clipped_graph_paths	upstream_clipped_graph_source;DR_DQ_core_missing_or_multiple_annotations;downstream_graph_clipping_loss
KPanRef-076-M#1	HLA-DRB3	1	0	0	no_gene_sequence_annotation_not_proven_absence	0	0	clipped_graph_paths	upstream_clipped_graph_source;DR_DQ_core_missing_or_multiple_annotations;downstream_graph_clipping_loss
KPanRef-076-M#1	HLA-DRB4	1	1	1		0	0	clipped_graph_paths	upstream_clipped_graph_source;DR_DQ_core_missing_or_multiple_annotations;downstream_graph_clipping_loss
KPanRef-076-M#1	HLA-DRB5	1	0	0	no_gene_sequence_annotation_not_proven_absence	0	0	clipped_graph_paths	upstream_clipped_graph_source;DR_DQ_core_missing_or_multiple_annotations;downstream_graph_clipping_loss
KPanRef-076-M#2	HLA-A	1	1	1		0	0	clipped_graph_paths	upstream_clipped_graph_source;DR_DQ_candidate_novel_annotation;downstream_graph_clipping_loss
KPanRef-076-M#2	HLA-B	1	1	1		0	0	clipped_graph_paths	upstream_clipped_graph_source;DR_DQ_candidate_novel_annotation;downstream_graph_clipping_loss
KPanRef-076-M#2	HLA-C	1	1	1		0	0	clipped_graph_paths	upstream_clipped_graph_source;DR_DQ_candidate_novel_annotation;downstream_graph_clipping_loss
KPanRef-076-M#2	HLA-DRB1	1	1	1		0	0	clipped_graph_paths	upstream_clipped_graph_source;DR_DQ_candidate_novel_annotation;downstream_graph_clipping_loss
KPanRef-076-M#2	HLA-DQA1	1	1	1		0	0	clipped_graph_paths	upstream_clipped_graph_source;DR_DQ_candidate_novel_annotation;downstream_graph_clipping_loss
KPanRef-076-M#2	HLA-DQB1	1	1	1		0	0	clipped_graph_paths	upstream_clipped_graph_source;DR_DQ_candidate_novel_annotation;downstream_graph_clipping_loss
KPanRef-076-M#2	HLA-DPA1	1	1	1		0	0	clipped_graph_paths	upstream_clipped_graph_source;DR_DQ_candidate_novel_annotation;downstream_graph_clipping_loss
KPanRef-076-M#2	HLA-DPB1	1	1	1		0	0	clipped_graph_paths	upstream_clipped_graph_source;DR_DQ_candidate_novel_annotation;downstream_graph_clipping_loss
KPanRef-076-M#2	HLA-DRB3	1	0	0	no_gene_sequence_annotation_not_proven_absence	0	0	clipped_graph_paths	upstream_clipped_graph_source;DR_DQ_candidate_novel_annotation;downstream_graph_clipping_loss
KPanRef-076-M#2	HLA-DRB4	1	1	1		0	0	clipped_graph_paths	upstream_clipped_graph_source;DR_DQ_candidate_novel_annotation;downstream_graph_clipping_loss
KPanRef-076-M#2	HLA-DRB5	1	0	0	no_gene_sequence_annotation_not_proven_absence	0	0	clipped_graph_paths	upstream_clipped_graph_source;DR_DQ_candidate_novel_annotation;downstream_graph_clipping_loss
KPanRef-076-P#1	HLA-A	1	1	1		0	0	clipped_graph_paths	upstream_clipped_graph_source;DR_DQ_candidate_novel_annotation
KPanRef-076-P#1	HLA-B	1	1	1		0	0	clipped_graph_paths	upstream_clipped_graph_source;DR_DQ_candidate_novel_annotation
KPanRef-076-P#1	HLA-C	1	1	1		0	0	clipped_graph_paths	upstream_clipped_graph_source;DR_DQ_candidate_novel_annotation
KPanRef-076-P#1	HLA-DRB1	1	1	0	no_current_exact_cds_match	0	0	clipped_graph_paths	upstream_clipped_graph_source;DR_DQ_candidate_novel_annotation
KPanRef-076-P#1	HLA-DQA1	1	1	1		0	0	clipped_graph_paths	upstream_clipped_graph_source;DR_DQ_candidate_novel_annotation
KPanRef-076-P#1	HLA-DQB1	1	1	1		0	0	clipped_graph_paths	upstream_clipped_graph_source;DR_DQ_candidate_novel_annotation
KPanRef-076-P#1	HLA-DPA1	1	1	1		0	0	clipped_graph_paths	upstream_clipped_graph_source;DR_DQ_candidate_novel_annotation
KPanRef-076-P#1	HLA-DPB1	1	1	1		0	0	clipped_graph_paths	upstream_clipped_graph_source;DR_DQ_candidate_novel_annotation
KPanRef-076-P#1	HLA-DRB3	1	0	0	no_gene_sequence_annotation_not_proven_absence	0	0	clipped_graph_paths	upstream_clipped_graph_source;DR_DQ_candidate_novel_annotation
KPanRef-076-P#1	HLA-DRB4	1	0	0	no_gene_sequence_annotation_not_proven_absence	0	0	clipped_graph_paths	upstream_clipped_graph_source;DR_DQ_candidate_novel_annotation
KPanRef-076-P#1	HLA-DRB5	1	0	0	no_gene_sequence_annotation_not_proven_absence	0	0	clipped_graph_paths	upstream_clipped_graph_source;DR_DQ_candidate_novel_annotation
KPanRef-076-P#2	HLA-A	1	1	1		0	0	clipped_graph_paths	upstream_clipped_graph_source;DR_DQ_candidate_novel_annotation;downstream_graph_clipping_loss
KPanRef-076-P#2	HLA-B	1	1	1		0	0	clipped_graph_paths	upstream_clipped_graph_source;DR_DQ_candidate_novel_annotation;downstream_graph_clipping_loss
KPanRef-076-P#2	HLA-C	1	1	1		0	0	clipped_graph_paths	upstream_clipped_graph_source;DR_DQ_candidate_novel_annotation;downstream_graph_clipping_loss
KPanRef-076-P#2	HLA-DRB1	1	1	1		0	0	clipped_graph_paths	upstream_clipped_graph_source;DR_DQ_candidate_novel_annotation;downstream_graph_clipping_loss
KPanRef-076-P#2	HLA-DQA1	1	1	1		0	0	clipped_graph_paths	upstream_clipped_graph_source;DR_DQ_candidate_novel_annotation;downstream_graph_clipping_loss
KPanRef-076-P#2	HLA-DQB1	1	1	1		0	0	clipped_graph_paths	upstream_clipped_graph_source;DR_DQ_candidate_novel_annotation;downstream_graph_clipping_loss
KPanRef-076-P#2	HLA-DPA1	1	1	1		0	0	clipped_graph_paths	upstream_clipped_graph_source;DR_DQ_candidate_novel_annotation;downstream_graph_clipping_loss
KPanRef-076-P#2	HLA-DPB1	1	1	1		0	0	clipped_graph_paths	upstream_clipped_graph_source;DR_DQ_candidate_novel_annotation;downstream_graph_clipping_loss
KPanRef-076-P#2	HLA-DRB3	1	0	0	no_gene_sequence_annotation_not_proven_absence	0	0	clipped_graph_paths	upstream_clipped_graph_source;DR_DQ_candidate_novel_annotation;downstream_graph_clipping_loss
KPanRef-076-P#2	HLA-DRB4	1	0	0	no_gene_sequence_annotation_not_proven_absence	0	0	clipped_graph_paths	upstream_clipped_graph_source;DR_DQ_candidate_novel_annotation;downstream_graph_clipping_loss
KPanRef-076-P#2	HLA-DRB5	1	1	1		0	0	clipped_graph_paths	upstream_clipped_graph_source;DR_DQ_candidate_novel_annotation;downstream_graph_clipping_loss
KPanRef-077#1	HLA-A	1	1	1		0	0	clipped_graph_paths	upstream_clipped_graph_source;DR_DQ_candidate_novel_annotation
KPanRef-077#1	HLA-B	1	1	1		0	0	clipped_graph_paths	upstream_clipped_graph_source;DR_DQ_candidate_novel_annotation
KPanRef-077#1	HLA-C	1	1	1		0	0	clipped_graph_paths	upstream_clipped_graph_source;DR_DQ_candidate_novel_annotation
KPanRef-077#1	HLA-DRB1	1	1	1		0	0	clipped_graph_paths	upstream_clipped_graph_source;DR_DQ_candidate_novel_annotation
KPanRef-077#1	HLA-DQA1	1	1	1		0	0	clipped_graph_paths	upstream_clipped_graph_source;DR_DQ_candidate_novel_annotation
KPanRef-077#1	HLA-DQB1	1	1	1		0	0	clipped_graph_paths	upstream_clipped_graph_source;DR_DQ_candidate_novel_annotation
KPanRef-077#1	HLA-DPA1	1	1	1		0	0	clipped_graph_paths	upstream_clipped_graph_source;DR_DQ_candidate_novel_annotation
KPanRef-077#1	HLA-DPB1	1	1	1		0	0	clipped_graph_paths	upstream_clipped_graph_source;DR_DQ_candidate_novel_annotation
KPanRef-077#1	HLA-DRB3	1	0	0	no_gene_sequence_annotation_not_proven_absence	0	0	clipped_graph_paths	upstream_clipped_graph_source;DR_DQ_candidate_novel_annotation
KPanRef-077#1	HLA-DRB4	1	1	1		0	0	clipped_graph_paths	upstream_clipped_graph_source;DR_DQ_candidate_novel_annotation
KPanRef-077#1	HLA-DRB5	1	0	0	no_gene_sequence_annotation_not_proven_absence	0	0	clipped_graph_paths	upstream_clipped_graph_source;DR_DQ_candidate_novel_annotation
KPanRef-077#2	HLA-A	1	1	1		0	0	clipped_graph_paths	upstream_clipped_graph_source;DR_DQ_candidate_novel_annotation
KPanRef-077#2	HLA-B	1	1	1		0	0	clipped_graph_paths	upstream_clipped_graph_source;DR_DQ_candidate_novel_annotation
KPanRef-077#2	HLA-C	1	1	1		0	0	clipped_graph_paths	upstream_clipped_graph_source;DR_DQ_candidate_novel_annotation
KPanRef-077#2	HLA-DRB1	1	1	0	no_current_exact_cds_match	0	0	clipped_graph_paths	upstream_clipped_graph_source;DR_DQ_candidate_novel_annotation
KPanRef-077#2	HLA-DQA1	1	1	1		0	0	clipped_graph_paths	upstream_clipped_graph_source;DR_DQ_candidate_novel_annotation
KPanRef-077#2	HLA-DQB1	1	1	1		0	0	clipped_graph_paths	upstream_clipped_graph_source;DR_DQ_candidate_novel_annotation
KPanRef-077#2	HLA-DPA1	1	1	1		0	0	clipped_graph_paths	upstream_clipped_graph_source;DR_DQ_candidate_novel_annotation
KPanRef-077#2	HLA-DPB1	1	1	1		0	0	clipped_graph_paths	upstream_clipped_graph_source;DR_DQ_candidate_novel_annotation
KPanRef-077#2	HLA-DRB3	1	0	0	no_gene_sequence_annotation_not_proven_absence	0	0	clipped_graph_paths	upstream_clipped_graph_source;DR_DQ_candidate_novel_annotation
KPanRef-077#2	HLA-DRB4	1	0	0	no_gene_sequence_annotation_not_proven_absence	0	0	clipped_graph_paths	upstream_clipped_graph_source;DR_DQ_candidate_novel_annotation
KPanRef-077#2	HLA-DRB5	1	0	0	no_gene_sequence_annotation_not_proven_absence	0	0	clipped_graph_paths	upstream_clipped_graph_source;DR_DQ_candidate_novel_annotation
KPanRef-078#1	HLA-A	1	1	1		0	0	clipped_graph_paths	upstream_clipped_graph_source;DR_DQ_candidate_novel_annotation;downstream_graph_clipping_loss
KPanRef-078#1	HLA-B	1	1	1		0	0	clipped_graph_paths	upstream_clipped_graph_source;DR_DQ_candidate_novel_annotation;downstream_graph_clipping_loss
KPanRef-078#1	HLA-C	1	1	1		0	0	clipped_graph_paths	upstream_clipped_graph_source;DR_DQ_candidate_novel_annotation;downstream_graph_clipping_loss
KPanRef-078#1	HLA-DRB1	1	1	1		0	0	clipped_graph_paths	upstream_clipped_graph_source;DR_DQ_candidate_novel_annotation;downstream_graph_clipping_loss
KPanRef-078#1	HLA-DQA1	1	1	1		0	0	clipped_graph_paths	upstream_clipped_graph_source;DR_DQ_candidate_novel_annotation;downstream_graph_clipping_loss
KPanRef-078#1	HLA-DQB1	1	1	1		0	0	clipped_graph_paths	upstream_clipped_graph_source;DR_DQ_candidate_novel_annotation;downstream_graph_clipping_loss
KPanRef-078#1	HLA-DPA1	1	1	1		0	0	clipped_graph_paths	upstream_clipped_graph_source;DR_DQ_candidate_novel_annotation;downstream_graph_clipping_loss
KPanRef-078#1	HLA-DPB1	1	1	1		0	0	clipped_graph_paths	upstream_clipped_graph_source;DR_DQ_candidate_novel_annotation;downstream_graph_clipping_loss
KPanRef-078#1	HLA-DRB3	1	1	1		0	0	clipped_graph_paths	upstream_clipped_graph_source;DR_DQ_candidate_novel_annotation;downstream_graph_clipping_loss
KPanRef-078#1	HLA-DRB4	1	0	0	no_gene_sequence_annotation_not_proven_absence	0	0	clipped_graph_paths	upstream_clipped_graph_source;DR_DQ_candidate_novel_annotation;downstream_graph_clipping_loss
KPanRef-078#1	HLA-DRB5	1	0	0	no_gene_sequence_annotation_not_proven_absence	0	0	clipped_graph_paths	upstream_clipped_graph_source;DR_DQ_candidate_novel_annotation;downstream_graph_clipping_loss
KPanRef-078#2	HLA-A	1	1	1		0	0	clipped_graph_paths	upstream_clipped_graph_source
KPanRef-078#2	HLA-B	1	1	1		0	0	clipped_graph_paths	upstream_clipped_graph_source
KPanRef-078#2	HLA-C	1	1	1		0	0	clipped_graph_paths	upstream_clipped_graph_source
KPanRef-078#2	HLA-DRB1	1	1	1		0	0	clipped_graph_paths	upstream_clipped_graph_source
KPanRef-078#2	HLA-DQA1	1	1	1		0	0	clipped_graph_paths	upstream_clipped_graph_source
KPanRef-078#2	HLA-DQB1	1	1	1		0	0	clipped_graph_paths	upstream_clipped_graph_source
KPanRef-078#2	HLA-DPA1	1	1	1		0	0	clipped_graph_paths	upstream_clipped_graph_source
KPanRef-078#2	HLA-DPB1	1	1	1		0	0	clipped_graph_paths	upstream_clipped_graph_source
KPanRef-078#2	HLA-DRB3	1	1	1		0	0	clipped_graph_paths	upstream_clipped_graph_source
KPanRef-078#2	HLA-DRB4	1	0	0	no_gene_sequence_annotation_not_proven_absence	0	0	clipped_graph_paths	upstream_clipped_graph_source
KPanRef-078#2	HLA-DRB5	1	0	0	no_gene_sequence_annotation_not_proven_absence	0	0	clipped_graph_paths	upstream_clipped_graph_source
KPanRef-079#1	HLA-A	1	1	1		0	0	clipped_graph_paths	upstream_clipped_graph_source;DR_DQ_candidate_novel_annotation
KPanRef-079#1	HLA-B	1	1	1		0	0	clipped_graph_paths	upstream_clipped_graph_source;DR_DQ_candidate_novel_annotation
KPanRef-079#1	HLA-C	1	1	1		0	0	clipped_graph_paths	upstream_clipped_graph_source;DR_DQ_candidate_novel_annotation
KPanRef-079#1	HLA-DRB1	1	1	1		0	0	clipped_graph_paths	upstream_clipped_graph_source;DR_DQ_candidate_novel_annotation
KPanRef-079#1	HLA-DQA1	1	1	1		0	0	clipped_graph_paths	upstream_clipped_graph_source;DR_DQ_candidate_novel_annotation
KPanRef-079#1	HLA-DQB1	1	1	1		0	0	clipped_graph_paths	upstream_clipped_graph_source;DR_DQ_candidate_novel_annotation
KPanRef-079#1	HLA-DPA1	1	1	1		0	0	clipped_graph_paths	upstream_clipped_graph_source;DR_DQ_candidate_novel_annotation
KPanRef-079#1	HLA-DPB1	1	1	1		0	0	clipped_graph_paths	upstream_clipped_graph_source;DR_DQ_candidate_novel_annotation
KPanRef-079#1	HLA-DRB3	1	0	0	no_gene_sequence_annotation_not_proven_absence	0	0	clipped_graph_paths	upstream_clipped_graph_source;DR_DQ_candidate_novel_annotation
KPanRef-079#1	HLA-DRB4	1	1	1		0	0	clipped_graph_paths	upstream_clipped_graph_source;DR_DQ_candidate_novel_annotation
KPanRef-079#1	HLA-DRB5	1	0	0	no_gene_sequence_annotation_not_proven_absence	0	0	clipped_graph_paths	upstream_clipped_graph_source;DR_DQ_candidate_novel_annotation
KPanRef-079#2	HLA-A	1	1	0	cds_completeness_or_abnormality;no_current_exact_cds_match	0	0	clipped_graph_paths	upstream_clipped_graph_source;DR_DQ_candidate_novel_annotation;downstream_graph_clipping_loss
KPanRef-079#2	HLA-B	1	1	1		0	0	clipped_graph_paths	upstream_clipped_graph_source;DR_DQ_candidate_novel_annotation;downstream_graph_clipping_loss
KPanRef-079#2	HLA-C	1	1	1		0	0	clipped_graph_paths	upstream_clipped_graph_source;DR_DQ_candidate_novel_annotation;downstream_graph_clipping_loss
KPanRef-079#2	HLA-DRB1	1	1	0	no_current_exact_cds_match	0	0	clipped_graph_paths	upstream_clipped_graph_source;DR_DQ_candidate_novel_annotation;downstream_graph_clipping_loss
KPanRef-079#2	HLA-DQA1	1	1	1		0	0	clipped_graph_paths	upstream_clipped_graph_source;DR_DQ_candidate_novel_annotation;downstream_graph_clipping_loss
KPanRef-079#2	HLA-DQB1	1	1	1		0	0	clipped_graph_paths	upstream_clipped_graph_source;DR_DQ_candidate_novel_annotation;downstream_graph_clipping_loss
KPanRef-079#2	HLA-DPA1	1	1	1		0	0	clipped_graph_paths	upstream_clipped_graph_source;DR_DQ_candidate_novel_annotation;downstream_graph_clipping_loss
KPanRef-079#2	HLA-DPB1	1	1	1		0	0	clipped_graph_paths	upstream_clipped_graph_source;DR_DQ_candidate_novel_annotation;downstream_graph_clipping_loss
KPanRef-079#2	HLA-DRB3	1	1	1		0	0	clipped_graph_paths	upstream_clipped_graph_source;DR_DQ_candidate_novel_annotation;downstream_graph_clipping_loss
KPanRef-079#2	HLA-DRB4	1	0	0	no_gene_sequence_annotation_not_proven_absence	0	0	clipped_graph_paths	upstream_clipped_graph_source;DR_DQ_candidate_novel_annotation;downstream_graph_clipping_loss
KPanRef-079#2	HLA-DRB5	1	0	0	no_gene_sequence_annotation_not_proven_absence	0	0	clipped_graph_paths	upstream_clipped_graph_source;DR_DQ_candidate_novel_annotation;downstream_graph_clipping_loss
KPanRef-080#1	HLA-A	1	1	1		0	0	clipped_graph_paths	upstream_clipped_graph_source;DR_DQ_candidate_novel_annotation
KPanRef-080#1	HLA-B	1	1	1		0	0	clipped_graph_paths	upstream_clipped_graph_source;DR_DQ_candidate_novel_annotation
KPanRef-080#1	HLA-C	1	1	1		0	0	clipped_graph_paths	upstream_clipped_graph_source;DR_DQ_candidate_novel_annotation
KPanRef-080#1	HLA-DRB1	1	1	1		0	0	clipped_graph_paths	upstream_clipped_graph_source;DR_DQ_candidate_novel_annotation
KPanRef-080#1	HLA-DQA1	1	1	1		0	0	clipped_graph_paths	upstream_clipped_graph_source;DR_DQ_candidate_novel_annotation
KPanRef-080#1	HLA-DQB1	1	1	1		0	0	clipped_graph_paths	upstream_clipped_graph_source;DR_DQ_candidate_novel_annotation
KPanRef-080#1	HLA-DPA1	1	1	1		0	0	clipped_graph_paths	upstream_clipped_graph_source;DR_DQ_candidate_novel_annotation
KPanRef-080#1	HLA-DPB1	1	1	1		0	0	clipped_graph_paths	upstream_clipped_graph_source;DR_DQ_candidate_novel_annotation
KPanRef-080#1	HLA-DRB3	1	0	0	no_gene_sequence_annotation_not_proven_absence	0	0	clipped_graph_paths	upstream_clipped_graph_source;DR_DQ_candidate_novel_annotation
KPanRef-080#1	HLA-DRB4	1	1	1		0	0	clipped_graph_paths	upstream_clipped_graph_source;DR_DQ_candidate_novel_annotation
KPanRef-080#1	HLA-DRB5	1	0	0	no_gene_sequence_annotation_not_proven_absence	0	0	clipped_graph_paths	upstream_clipped_graph_source;DR_DQ_candidate_novel_annotation
KPanRef-080#2	HLA-A	1	1	1		0	0	clipped_graph_paths	upstream_clipped_graph_source;DR_DQ_candidate_novel_annotation
KPanRef-080#2	HLA-B	1	1	1		0	0	clipped_graph_paths	upstream_clipped_graph_source;DR_DQ_candidate_novel_annotation
KPanRef-080#2	HLA-C	1	1	1		0	0	clipped_graph_paths	upstream_clipped_graph_source;DR_DQ_candidate_novel_annotation
KPanRef-080#2	HLA-DRB1	1	1	1		0	0	clipped_graph_paths	upstream_clipped_graph_source;DR_DQ_candidate_novel_annotation
KPanRef-080#2	HLA-DQA1	1	1	1		0	0	clipped_graph_paths	upstream_clipped_graph_source;DR_DQ_candidate_novel_annotation
KPanRef-080#2	HLA-DQB1	1	1	1		0	0	clipped_graph_paths	upstream_clipped_graph_source;DR_DQ_candidate_novel_annotation
KPanRef-080#2	HLA-DPA1	1	1	1		0	0	clipped_graph_paths	upstream_clipped_graph_source;DR_DQ_candidate_novel_annotation
KPanRef-080#2	HLA-DPB1	1	1	1		0	0	clipped_graph_paths	upstream_clipped_graph_source;DR_DQ_candidate_novel_annotation
KPanRef-080#2	HLA-DRB3	1	0	0	no_gene_sequence_annotation_not_proven_absence	0	0	clipped_graph_paths	upstream_clipped_graph_source;DR_DQ_candidate_novel_annotation
KPanRef-080#2	HLA-DRB4	1	1	1		0	0	clipped_graph_paths	upstream_clipped_graph_source;DR_DQ_candidate_novel_annotation
KPanRef-080#2	HLA-DRB5	1	0	0	no_gene_sequence_annotation_not_proven_absence	0	0	clipped_graph_paths	upstream_clipped_graph_source;DR_DQ_candidate_novel_annotation
NA18505#1	HLA-A	1	1	1		1	1	assembly_or_reference	DR_DQ_candidate_novel_annotation
NA18505#1	HLA-B	1	1	1		1	1	assembly_or_reference	DR_DQ_candidate_novel_annotation
NA18505#1	HLA-C	1	1	1		1	1	assembly_or_reference	DR_DQ_candidate_novel_annotation
NA18505#1	HLA-DRB1	1	1	1		1	1	assembly_or_reference	DR_DQ_candidate_novel_annotation
NA18505#1	HLA-DQA1	1	1	1		1	1	assembly_or_reference	DR_DQ_candidate_novel_annotation
NA18505#1	HLA-DQB1	1	1	1		1	1	assembly_or_reference	DR_DQ_candidate_novel_annotation
NA18505#1	HLA-DPA1	1	1	1		1	1	assembly_or_reference	DR_DQ_candidate_novel_annotation
NA18505#1	HLA-DPB1	1	1	1		1	1	assembly_or_reference	DR_DQ_candidate_novel_annotation
NA18505#1	HLA-DRB3	1	1	1		1	1	assembly_or_reference	DR_DQ_candidate_novel_annotation
NA18505#1	HLA-DRB4	1	0	0	no_gene_sequence_annotation_not_proven_absence	1	1	assembly_or_reference	DR_DQ_candidate_novel_annotation
NA18505#1	HLA-DRB5	1	0	0	no_gene_sequence_annotation_not_proven_absence	1	1	assembly_or_reference	DR_DQ_candidate_novel_annotation
NA18505#2	HLA-A	1	1	1		1	1	assembly_or_reference	
NA18505#2	HLA-B	1	1	1		1	1	assembly_or_reference	
NA18505#2	HLA-C	1	1	1		1	1	assembly_or_reference	
NA18505#2	HLA-DRB1	1	1	1		1	1	assembly_or_reference	
NA18505#2	HLA-DQA1	1	1	1		1	1	assembly_or_reference	
NA18505#2	HLA-DQB1	1	1	1		1	1	assembly_or_reference	
NA18505#2	HLA-DPA1	1	1	1		1	1	assembly_or_reference	
NA18505#2	HLA-DPB1	1	1	1		1	1	assembly_or_reference	
NA18505#2	HLA-DRB3	1	0	0	no_gene_sequence_annotation_not_proven_absence	1	1	assembly_or_reference	
NA18505#2	HLA-DRB4	1	0	0	no_gene_sequence_annotation_not_proven_absence	1	1	assembly_or_reference	
NA18505#2	HLA-DRB5	1	1	1		1	1	assembly_or_reference	
NA18508#1	HLA-A	1	1	1		1	1	assembly_or_reference	DR_DQ_candidate_novel_annotation
NA18508#1	HLA-B	1	1	1		1	1	assembly_or_reference	DR_DQ_candidate_novel_annotation
NA18508#1	HLA-C	1	1	1		1	1	assembly_or_reference	DR_DQ_candidate_novel_annotation
NA18508#1	HLA-DRB1	1	1	1		1	1	assembly_or_reference	DR_DQ_candidate_novel_annotation
NA18508#1	HLA-DQA1	1	1	1		1	1	assembly_or_reference	DR_DQ_candidate_novel_annotation
NA18508#1	HLA-DQB1	1	1	1		1	1	assembly_or_reference	DR_DQ_candidate_novel_annotation
NA18508#1	HLA-DPA1	1	1	1		1	1	assembly_or_reference	DR_DQ_candidate_novel_annotation
NA18508#1	HLA-DPB1	1	1	1		1	1	assembly_or_reference	DR_DQ_candidate_novel_annotation
NA18508#1	HLA-DRB3	1	1	1		1	1	assembly_or_reference	DR_DQ_candidate_novel_annotation
NA18508#1	HLA-DRB4	1	0	0	no_gene_sequence_annotation_not_proven_absence	1	1	assembly_or_reference	DR_DQ_candidate_novel_annotation
NA18508#1	HLA-DRB5	1	0	0	no_gene_sequence_annotation_not_proven_absence	1	1	assembly_or_reference	DR_DQ_candidate_novel_annotation
NA18508#2	HLA-A	1	1	1		1	1	assembly_or_reference	DR_DQ_candidate_novel_annotation
NA18508#2	HLA-B	1	1	1		1	1	assembly_or_reference	DR_DQ_candidate_novel_annotation
NA18508#2	HLA-C	1	1	1		1	1	assembly_or_reference	DR_DQ_candidate_novel_annotation
NA18508#2	HLA-DRB1	1	1	1		1	1	assembly_or_reference	DR_DQ_candidate_novel_annotation
NA18508#2	HLA-DQA1	1	1	1		1	1	assembly_or_reference	DR_DQ_candidate_novel_annotation
NA18508#2	HLA-DQB1	1	1	1		1	1	assembly_or_reference	DR_DQ_candidate_novel_annotation
NA18508#2	HLA-DPA1	1	1	1		1	1	assembly_or_reference	DR_DQ_candidate_novel_annotation
NA18508#2	HLA-DPB1	1	1	1		1	1	assembly_or_reference	DR_DQ_candidate_novel_annotation
NA18508#2	HLA-DRB3	1	1	1		1	1	assembly_or_reference	DR_DQ_candidate_novel_annotation
NA18508#2	HLA-DRB4	1	0	0	no_gene_sequence_annotation_not_proven_absence	1	1	assembly_or_reference	DR_DQ_candidate_novel_annotation
NA18508#2	HLA-DRB5	1	0	0	no_gene_sequence_annotation_not_proven_absence	1	1	assembly_or_reference	DR_DQ_candidate_novel_annotation
NA18522#1	HLA-A	1	1	1		1	1	assembly_or_reference	
NA18522#1	HLA-B	1	1	1		1	1	assembly_or_reference	
NA18522#1	HLA-C	1	1	1		1	1	assembly_or_reference	
NA18522#1	HLA-DRB1	1	1	1		1	1	assembly_or_reference	
NA18522#1	HLA-DQA1	1	1	1		1	1	assembly_or_reference	
NA18522#1	HLA-DQB1	1	1	1		1	1	assembly_or_reference	
NA18522#1	HLA-DPA1	1	1	1		1	1	assembly_or_reference	
NA18522#1	HLA-DPB1	1	1	1		1	1	assembly_or_reference	
NA18522#1	HLA-DRB3	1	1	1		1	1	assembly_or_reference	
NA18522#1	HLA-DRB4	1	0	0	no_gene_sequence_annotation_not_proven_absence	1	1	assembly_or_reference	
NA18522#1	HLA-DRB5	1	0	0	no_gene_sequence_annotation_not_proven_absence	1	1	assembly_or_reference	
NA18522#2	HLA-A	1	1	1		1	1	assembly_or_reference	DR_DQ_candidate_novel_annotation
NA18522#2	HLA-B	1	1	1		1	1	assembly_or_reference	DR_DQ_candidate_novel_annotation
NA18522#2	HLA-C	1	1	1		1	1	assembly_or_reference	DR_DQ_candidate_novel_annotation
NA18522#2	HLA-DRB1	1	1	1		1	1	assembly_or_reference	DR_DQ_candidate_novel_annotation
NA18522#2	HLA-DQA1	1	1	1		1	1	assembly_or_reference	DR_DQ_candidate_novel_annotation
NA18522#2	HLA-DQB1	1	1	1		1	1	assembly_or_reference	DR_DQ_candidate_novel_annotation
NA18522#2	HLA-DPA1	1	1	1		1	1	assembly_or_reference	DR_DQ_candidate_novel_annotation
NA18522#2	HLA-DPB1	1	1	1		1	1	assembly_or_reference	DR_DQ_candidate_novel_annotation
NA18522#2	HLA-DRB3	1	1	1		1	1	assembly_or_reference	DR_DQ_candidate_novel_annotation
NA18522#2	HLA-DRB4	1	0	0	no_gene_sequence_annotation_not_proven_absence	1	1	assembly_or_reference	DR_DQ_candidate_novel_annotation
NA18522#2	HLA-DRB5	1	0	0	no_gene_sequence_annotation_not_proven_absence	1	1	assembly_or_reference	DR_DQ_candidate_novel_annotation
NA18565#1	HLA-A	1	1	1		1	1	assembly_or_reference	DR_DQ_candidate_novel_annotation
NA18565#1	HLA-B	1	1	1		1	1	assembly_or_reference	DR_DQ_candidate_novel_annotation
NA18565#1	HLA-C	1	1	1		1	1	assembly_or_reference	DR_DQ_candidate_novel_annotation
NA18565#1	HLA-DRB1	1	1	1		1	1	assembly_or_reference	DR_DQ_candidate_novel_annotation
NA18565#1	HLA-DQA1	1	1	1		1	1	assembly_or_reference	DR_DQ_candidate_novel_annotation
NA18565#1	HLA-DQB1	1	1	1		1	1	assembly_or_reference	DR_DQ_candidate_novel_annotation
NA18565#1	HLA-DPA1	1	1	1		1	1	assembly_or_reference	DR_DQ_candidate_novel_annotation
NA18565#1	HLA-DPB1	1	1	1		1	1	assembly_or_reference	DR_DQ_candidate_novel_annotation
NA18565#1	HLA-DRB3	1	0	0	no_gene_sequence_annotation_not_proven_absence	1	1	assembly_or_reference	DR_DQ_candidate_novel_annotation
NA18565#1	HLA-DRB4	1	1	1		1	1	assembly_or_reference	DR_DQ_candidate_novel_annotation
NA18565#1	HLA-DRB5	1	0	0	no_gene_sequence_annotation_not_proven_absence	1	1	assembly_or_reference	DR_DQ_candidate_novel_annotation
NA18565#2	HLA-A	1	1	1		1	1	assembly_or_reference	DR_DQ_candidate_novel_annotation
NA18565#2	HLA-B	1	1	1		1	1	assembly_or_reference	DR_DQ_candidate_novel_annotation
NA18565#2	HLA-C	1	1	1		1	1	assembly_or_reference	DR_DQ_candidate_novel_annotation
NA18565#2	HLA-DRB1	1	1	1		1	1	assembly_or_reference	DR_DQ_candidate_novel_annotation
NA18565#2	HLA-DQA1	1	1	1		1	1	assembly_or_reference	DR_DQ_candidate_novel_annotation
NA18565#2	HLA-DQB1	1	1	1		1	1	assembly_or_reference	DR_DQ_candidate_novel_annotation
NA18565#2	HLA-DPA1	1	1	1		1	1	assembly_or_reference	DR_DQ_candidate_novel_annotation
NA18565#2	HLA-DPB1	1	1	1		1	1	assembly_or_reference	DR_DQ_candidate_novel_annotation
NA18565#2	HLA-DRB3	1	1	1		1	1	assembly_or_reference	DR_DQ_candidate_novel_annotation
NA18565#2	HLA-DRB4	1	0	0	no_gene_sequence_annotation_not_proven_absence	1	1	assembly_or_reference	DR_DQ_candidate_novel_annotation
NA18565#2	HLA-DRB5	1	0	0	no_gene_sequence_annotation_not_proven_absence	1	1	assembly_or_reference	DR_DQ_candidate_novel_annotation
NA18570#1	HLA-A	1	1	1		1	1	assembly_or_reference	DR_DQ_candidate_novel_annotation
NA18570#1	HLA-B	1	1	1		1	1	assembly_or_reference	DR_DQ_candidate_novel_annotation
NA18570#1	HLA-C	1	1	1		1	1	assembly_or_reference	DR_DQ_candidate_novel_annotation
NA18570#1	HLA-DRB1	1	1	1		1	1	assembly_or_reference	DR_DQ_candidate_novel_annotation
NA18570#1	HLA-DQA1	1	1	1		1	1	assembly_or_reference	DR_DQ_candidate_novel_annotation
NA18570#1	HLA-DQB1	1	1	1		1	1	assembly_or_reference	DR_DQ_candidate_novel_annotation
NA18570#1	HLA-DPA1	1	1	1		1	1	assembly_or_reference	DR_DQ_candidate_novel_annotation
NA18570#1	HLA-DPB1	1	1	1		1	1	assembly_or_reference	DR_DQ_candidate_novel_annotation
NA18570#1	HLA-DRB3	1	1	1		1	1	assembly_or_reference	DR_DQ_candidate_novel_annotation
NA18570#1	HLA-DRB4	1	0	0	no_gene_sequence_annotation_not_proven_absence	1	1	assembly_or_reference	DR_DQ_candidate_novel_annotation
NA18570#1	HLA-DRB5	1	0	0	no_gene_sequence_annotation_not_proven_absence	1	1	assembly_or_reference	DR_DQ_candidate_novel_annotation
NA18570#2	HLA-A	1	1	1		1	1	assembly_or_reference	DR_DQ_candidate_novel_annotation;downstream_graph_clipping_loss
NA18570#2	HLA-B	1	1	1		1	1	assembly_or_reference	DR_DQ_candidate_novel_annotation;downstream_graph_clipping_loss
NA18570#2	HLA-C	1	1	1		1	1	assembly_or_reference	DR_DQ_candidate_novel_annotation;downstream_graph_clipping_loss
NA18570#2	HLA-DRB1	1	1	1		1	1	assembly_or_reference	DR_DQ_candidate_novel_annotation;downstream_graph_clipping_loss
NA18570#2	HLA-DQA1	1	1	1		1	1	assembly_or_reference	DR_DQ_candidate_novel_annotation;downstream_graph_clipping_loss
NA18570#2	HLA-DQB1	1	1	1		1	1	assembly_or_reference	DR_DQ_candidate_novel_annotation;downstream_graph_clipping_loss
NA18570#2	HLA-DPA1	1	1	1		1	1	assembly_or_reference	DR_DQ_candidate_novel_annotation;downstream_graph_clipping_loss
NA18570#2	HLA-DPB1	1	1	1		1	1	assembly_or_reference	DR_DQ_candidate_novel_annotation;downstream_graph_clipping_loss
NA18570#2	HLA-DRB3	1	0	0	no_gene_sequence_annotation_not_proven_absence	1	1	assembly_or_reference	DR_DQ_candidate_novel_annotation;downstream_graph_clipping_loss
NA18570#2	HLA-DRB4	1	1	1		1	1	assembly_or_reference	DR_DQ_candidate_novel_annotation;downstream_graph_clipping_loss
NA18570#2	HLA-DRB5	1	0	0	no_gene_sequence_annotation_not_proven_absence	1	1	assembly_or_reference	DR_DQ_candidate_novel_annotation;downstream_graph_clipping_loss
NA18608#1	HLA-A	1	1	1		1	1	assembly_or_reference	DR_DQ_candidate_novel_annotation
NA18608#1	HLA-B	1	1	1		1	1	assembly_or_reference	DR_DQ_candidate_novel_annotation
NA18608#1	HLA-C	1	1	1		1	1	assembly_or_reference	DR_DQ_candidate_novel_annotation
NA18608#1	HLA-DRB1	1	1	1		1	1	assembly_or_reference	DR_DQ_candidate_novel_annotation
NA18608#1	HLA-DQA1	1	1	1		1	1	assembly_or_reference	DR_DQ_candidate_novel_annotation
NA18608#1	HLA-DQB1	1	1	1		1	1	assembly_or_reference	DR_DQ_candidate_novel_annotation
NA18608#1	HLA-DPA1	1	1	1		1	1	assembly_or_reference	DR_DQ_candidate_novel_annotation
NA18608#1	HLA-DPB1	1	1	1		1	1	assembly_or_reference	DR_DQ_candidate_novel_annotation
NA18608#1	HLA-DRB3	1	1	1		1	1	assembly_or_reference	DR_DQ_candidate_novel_annotation
NA18608#1	HLA-DRB4	1	0	0	no_gene_sequence_annotation_not_proven_absence	1	1	assembly_or_reference	DR_DQ_candidate_novel_annotation
NA18608#1	HLA-DRB5	1	0	0	no_gene_sequence_annotation_not_proven_absence	1	1	assembly_or_reference	DR_DQ_candidate_novel_annotation
NA18608#2	HLA-A	1	1	1		1	1	assembly_or_reference	DR_DQ_candidate_novel_annotation
NA18608#2	HLA-B	1	1	1		1	1	assembly_or_reference	DR_DQ_candidate_novel_annotation
NA18608#2	HLA-C	1	1	1		1	1	assembly_or_reference	DR_DQ_candidate_novel_annotation
NA18608#2	HLA-DRB1	1	1	1		1	1	assembly_or_reference	DR_DQ_candidate_novel_annotation
NA18608#2	HLA-DQA1	1	1	1		1	1	assembly_or_reference	DR_DQ_candidate_novel_annotation
NA18608#2	HLA-DQB1	1	1	1		1	1	assembly_or_reference	DR_DQ_candidate_novel_annotation
NA18608#2	HLA-DPA1	1	1	1		1	1	assembly_or_reference	DR_DQ_candidate_novel_annotation
NA18608#2	HLA-DPB1	1	1	1		1	1	assembly_or_reference	DR_DQ_candidate_novel_annotation
NA18608#2	HLA-DRB3	1	1	1		1	1	assembly_or_reference	DR_DQ_candidate_novel_annotation
NA18608#2	HLA-DRB4	1	0	0	no_gene_sequence_annotation_not_proven_absence	1	1	assembly_or_reference	DR_DQ_candidate_novel_annotation
NA18608#2	HLA-DRB5	1	0	0	no_gene_sequence_annotation_not_proven_absence	1	1	assembly_or_reference	DR_DQ_candidate_novel_annotation
NA18620#1	HLA-A	1	1	1		1	1	assembly_or_reference	DR_DQ_candidate_novel_annotation
NA18620#1	HLA-B	1	1	1		1	1	assembly_or_reference	DR_DQ_candidate_novel_annotation
NA18620#1	HLA-C	1	1	1		1	1	assembly_or_reference	DR_DQ_candidate_novel_annotation
NA18620#1	HLA-DRB1	1	1	1		1	1	assembly_or_reference	DR_DQ_candidate_novel_annotation
NA18620#1	HLA-DQA1	1	1	1		1	1	assembly_or_reference	DR_DQ_candidate_novel_annotation
NA18620#1	HLA-DQB1	1	1	1		1	1	assembly_or_reference	DR_DQ_candidate_novel_annotation
NA18620#1	HLA-DPA1	1	1	1		1	1	assembly_or_reference	DR_DQ_candidate_novel_annotation
NA18620#1	HLA-DPB1	1	1	1		1	1	assembly_or_reference	DR_DQ_candidate_novel_annotation
NA18620#1	HLA-DRB3	1	1	1		1	1	assembly_or_reference	DR_DQ_candidate_novel_annotation
NA18620#1	HLA-DRB4	1	0	0	no_gene_sequence_annotation_not_proven_absence	1	1	assembly_or_reference	DR_DQ_candidate_novel_annotation
NA18620#1	HLA-DRB5	1	0	0	no_gene_sequence_annotation_not_proven_absence	1	1	assembly_or_reference	DR_DQ_candidate_novel_annotation
NA18620#2	HLA-A	1	1	1		1	0	assembly_or_reference	DR_DQ_candidate_novel_annotation
NA18620#2	HLA-B	1	1	1		1	0	assembly_or_reference	DR_DQ_candidate_novel_annotation
NA18620#2	HLA-C	1	1	0	no_current_exact_cds_match	1	0	assembly_or_reference	DR_DQ_candidate_novel_annotation
NA18620#2	HLA-DRB1	1	1	1		1	0	assembly_or_reference	DR_DQ_candidate_novel_annotation
NA18620#2	HLA-DQA1	1	1	1		1	0	assembly_or_reference	DR_DQ_candidate_novel_annotation
NA18620#2	HLA-DQB1	1	1	1		1	0	assembly_or_reference	DR_DQ_candidate_novel_annotation
NA18620#2	HLA-DPA1	1	1	1		1	0	assembly_or_reference	DR_DQ_candidate_novel_annotation
NA18620#2	HLA-DPB1	1	1	1		1	0	assembly_or_reference	DR_DQ_candidate_novel_annotation
NA18620#2	HLA-DRB3	1	1	1		1	0	assembly_or_reference	DR_DQ_candidate_novel_annotation
NA18620#2	HLA-DRB4	1	0	0	no_gene_sequence_annotation_not_proven_absence	1	0	assembly_or_reference	DR_DQ_candidate_novel_annotation
NA18620#2	HLA-DRB5	1	0	0	no_gene_sequence_annotation_not_proven_absence	1	0	assembly_or_reference	DR_DQ_candidate_novel_annotation
NA18747#1	HLA-A	1	1	1		1	1	assembly_or_reference	DR_DQ_candidate_novel_annotation
NA18747#1	HLA-B	1	1	1		1	1	assembly_or_reference	DR_DQ_candidate_novel_annotation
NA18747#1	HLA-C	1	1	1		1	1	assembly_or_reference	DR_DQ_candidate_novel_annotation
NA18747#1	HLA-DRB1	1	1	1		1	1	assembly_or_reference	DR_DQ_candidate_novel_annotation
NA18747#1	HLA-DQA1	1	1	1		1	1	assembly_or_reference	DR_DQ_candidate_novel_annotation
NA18747#1	HLA-DQB1	1	1	1		1	1	assembly_or_reference	DR_DQ_candidate_novel_annotation
NA18747#1	HLA-DPA1	1	1	1		1	1	assembly_or_reference	DR_DQ_candidate_novel_annotation
NA18747#1	HLA-DPB1	1	1	1		1	1	assembly_or_reference	DR_DQ_candidate_novel_annotation
NA18747#1	HLA-DRB3	1	1	1		1	1	assembly_or_reference	DR_DQ_candidate_novel_annotation
NA18747#1	HLA-DRB4	1	0	0	no_gene_sequence_annotation_not_proven_absence	1	1	assembly_or_reference	DR_DQ_candidate_novel_annotation
NA18747#1	HLA-DRB5	1	0	0	no_gene_sequence_annotation_not_proven_absence	1	1	assembly_or_reference	DR_DQ_candidate_novel_annotation
NA18747#2	HLA-A	1	1	1		1	1	assembly_or_reference	
NA18747#2	HLA-B	1	1	1		1	1	assembly_or_reference	
NA18747#2	HLA-C	1	1	1		1	1	assembly_or_reference	
NA18747#2	HLA-DRB1	1	1	1		1	1	assembly_or_reference	
NA18747#2	HLA-DQA1	1	1	1		1	1	assembly_or_reference	
NA18747#2	HLA-DQB1	1	1	1		1	1	assembly_or_reference	
NA18747#2	HLA-DPA1	1	1	1		1	1	assembly_or_reference	
NA18747#2	HLA-DPB1	1	1	1		1	1	assembly_or_reference	
NA18747#2	HLA-DRB3	1	0	0	no_gene_sequence_annotation_not_proven_absence	1	1	assembly_or_reference	
NA18747#2	HLA-DRB4	1	0	0	no_gene_sequence_annotation_not_proven_absence	1	1	assembly_or_reference	
NA18747#2	HLA-DRB5	1	1	1		1	1	assembly_or_reference	
NA18879#1	HLA-A	1	1	1		1	1	assembly_or_reference	DR_DQ_candidate_novel_annotation
NA18879#1	HLA-B	1	1	1		1	1	assembly_or_reference	DR_DQ_candidate_novel_annotation
NA18879#1	HLA-C	1	1	1		1	1	assembly_or_reference	DR_DQ_candidate_novel_annotation
NA18879#1	HLA-DRB1	1	1	1		1	1	assembly_or_reference	DR_DQ_candidate_novel_annotation
NA18879#1	HLA-DQA1	1	1	1		1	1	assembly_or_reference	DR_DQ_candidate_novel_annotation
NA18879#1	HLA-DQB1	1	1	1		1	1	assembly_or_reference	DR_DQ_candidate_novel_annotation
NA18879#1	HLA-DPA1	1	1	1		1	1	assembly_or_reference	DR_DQ_candidate_novel_annotation
NA18879#1	HLA-DPB1	1	1	1		1	1	assembly_or_reference	DR_DQ_candidate_novel_annotation
NA18879#1	HLA-DRB3	1	1	1		1	1	assembly_or_reference	DR_DQ_candidate_novel_annotation
NA18879#1	HLA-DRB4	1	0	0	no_gene_sequence_annotation_not_proven_absence	1	1	assembly_or_reference	DR_DQ_candidate_novel_annotation
NA18879#1	HLA-DRB5	1	0	0	no_gene_sequence_annotation_not_proven_absence	1	1	assembly_or_reference	DR_DQ_candidate_novel_annotation
NA18879#2	HLA-A	1	1	1		1	1	assembly_or_reference	DR_DQ_candidate_novel_annotation
NA18879#2	HLA-B	1	1	1		1	1	assembly_or_reference	DR_DQ_candidate_novel_annotation
NA18879#2	HLA-C	1	1	1		1	1	assembly_or_reference	DR_DQ_candidate_novel_annotation
NA18879#2	HLA-DRB1	1	1	1		1	1	assembly_or_reference	DR_DQ_candidate_novel_annotation
NA18879#2	HLA-DQA1	1	1	1		1	1	assembly_or_reference	DR_DQ_candidate_novel_annotation
NA18879#2	HLA-DQB1	1	1	1		1	1	assembly_or_reference	DR_DQ_candidate_novel_annotation
NA18879#2	HLA-DPA1	1	1	1		1	1	assembly_or_reference	DR_DQ_candidate_novel_annotation
NA18879#2	HLA-DPB1	1	1	1		1	1	assembly_or_reference	DR_DQ_candidate_novel_annotation
NA18879#2	HLA-DRB3	1	1	1		1	1	assembly_or_reference	DR_DQ_candidate_novel_annotation
NA18879#2	HLA-DRB4	1	0	0	no_gene_sequence_annotation_not_proven_absence	1	1	assembly_or_reference	DR_DQ_candidate_novel_annotation
NA18879#2	HLA-DRB5	1	0	0	no_gene_sequence_annotation_not_proven_absence	1	1	assembly_or_reference	DR_DQ_candidate_novel_annotation
NA18906#1	HLA-A	1	1	1		1	1	assembly_or_reference	DR_DQ_candidate_novel_annotation
NA18906#1	HLA-B	1	1	1		1	1	assembly_or_reference	DR_DQ_candidate_novel_annotation
NA18906#1	HLA-C	1	1	1		1	1	assembly_or_reference	DR_DQ_candidate_novel_annotation
NA18906#1	HLA-DRB1	1	1	1		1	1	assembly_or_reference	DR_DQ_candidate_novel_annotation
NA18906#1	HLA-DQA1	1	1	1		1	1	assembly_or_reference	DR_DQ_candidate_novel_annotation
NA18906#1	HLA-DQB1	1	1	1		1	1	assembly_or_reference	DR_DQ_candidate_novel_annotation
NA18906#1	HLA-DPA1	1	1	1		1	1	assembly_or_reference	DR_DQ_candidate_novel_annotation
NA18906#1	HLA-DPB1	1	1	1		1	1	assembly_or_reference	DR_DQ_candidate_novel_annotation
NA18906#1	HLA-DRB3	1	1	1		1	1	assembly_or_reference	DR_DQ_candidate_novel_annotation
NA18906#1	HLA-DRB4	1	0	0	no_gene_sequence_annotation_not_proven_absence	1	1	assembly_or_reference	DR_DQ_candidate_novel_annotation
NA18906#1	HLA-DRB5	1	0	0	no_gene_sequence_annotation_not_proven_absence	1	1	assembly_or_reference	DR_DQ_candidate_novel_annotation
NA18906#2	HLA-A	1	1	1		1	1	assembly_or_reference	DR_DQ_candidate_novel_annotation
NA18906#2	HLA-B	1	1	1		1	1	assembly_or_reference	DR_DQ_candidate_novel_annotation
NA18906#2	HLA-C	1	1	1		1	1	assembly_or_reference	DR_DQ_candidate_novel_annotation
NA18906#2	HLA-DRB1	1	1	1		1	1	assembly_or_reference	DR_DQ_candidate_novel_annotation
NA18906#2	HLA-DQA1	1	1	1		1	1	assembly_or_reference	DR_DQ_candidate_novel_annotation
NA18906#2	HLA-DQB1	1	1	1		1	1	assembly_or_reference	DR_DQ_candidate_novel_annotation
NA18906#2	HLA-DPA1	1	1	1		1	1	assembly_or_reference	DR_DQ_candidate_novel_annotation
NA18906#2	HLA-DPB1	1	1	1		1	1	assembly_or_reference	DR_DQ_candidate_novel_annotation
NA18906#2	HLA-DRB3	1	1	1		1	1	assembly_or_reference	DR_DQ_candidate_novel_annotation
NA18906#2	HLA-DRB4	1	0	0	no_gene_sequence_annotation_not_proven_absence	1	1	assembly_or_reference	DR_DQ_candidate_novel_annotation
NA18906#2	HLA-DRB5	1	0	0	no_gene_sequence_annotation_not_proven_absence	1	1	assembly_or_reference	DR_DQ_candidate_novel_annotation
NA18940#1	HLA-A	1	1	1		1	1	assembly_or_reference	cross_cohort_duplicate_donor;DR_DQ_candidate_novel_annotation
NA18940#1	HLA-B	1	1	1		1	1	assembly_or_reference	cross_cohort_duplicate_donor;DR_DQ_candidate_novel_annotation
NA18940#1	HLA-C	1	1	1		1	1	assembly_or_reference	cross_cohort_duplicate_donor;DR_DQ_candidate_novel_annotation
NA18940#1	HLA-DRB1	1	1	1		1	1	assembly_or_reference	cross_cohort_duplicate_donor;DR_DQ_candidate_novel_annotation
NA18940#1	HLA-DQA1	1	1	1		1	1	assembly_or_reference	cross_cohort_duplicate_donor;DR_DQ_candidate_novel_annotation
NA18940#1	HLA-DQB1	1	1	1		1	1	assembly_or_reference	cross_cohort_duplicate_donor;DR_DQ_candidate_novel_annotation
NA18940#1	HLA-DPA1	1	1	1		1	1	assembly_or_reference	cross_cohort_duplicate_donor;DR_DQ_candidate_novel_annotation
NA18940#1	HLA-DPB1	1	1	1		1	1	assembly_or_reference	cross_cohort_duplicate_donor;DR_DQ_candidate_novel_annotation
NA18940#1	HLA-DRB3	1	0	0	no_gene_sequence_annotation_not_proven_absence	1	1	assembly_or_reference	cross_cohort_duplicate_donor;DR_DQ_candidate_novel_annotation
NA18940#1	HLA-DRB4	1	0	0	no_gene_sequence_annotation_not_proven_absence	1	1	assembly_or_reference	cross_cohort_duplicate_donor;DR_DQ_candidate_novel_annotation
NA18940#1	HLA-DRB5	1	1	1		1	1	assembly_or_reference	cross_cohort_duplicate_donor;DR_DQ_candidate_novel_annotation
NA18940#2	HLA-A	1	1	1		1	1	assembly_or_reference	cross_cohort_duplicate_donor;DR_DQ_candidate_novel_annotation
NA18940#2	HLA-B	1	1	1		1	1	assembly_or_reference	cross_cohort_duplicate_donor;DR_DQ_candidate_novel_annotation
NA18940#2	HLA-C	1	1	1		1	1	assembly_or_reference	cross_cohort_duplicate_donor;DR_DQ_candidate_novel_annotation
NA18940#2	HLA-DRB1	1	1	1		1	1	assembly_or_reference	cross_cohort_duplicate_donor;DR_DQ_candidate_novel_annotation
NA18940#2	HLA-DQA1	1	1	1		1	1	assembly_or_reference	cross_cohort_duplicate_donor;DR_DQ_candidate_novel_annotation
NA18940#2	HLA-DQB1	1	1	1		1	1	assembly_or_reference	cross_cohort_duplicate_donor;DR_DQ_candidate_novel_annotation
NA18940#2	HLA-DPA1	1	1	1		1	1	assembly_or_reference	cross_cohort_duplicate_donor;DR_DQ_candidate_novel_annotation
NA18940#2	HLA-DPB1	1	1	1		1	1	assembly_or_reference	cross_cohort_duplicate_donor;DR_DQ_candidate_novel_annotation
NA18940#2	HLA-DRB3	1	0	0	no_gene_sequence_annotation_not_proven_absence	1	1	assembly_or_reference	cross_cohort_duplicate_donor;DR_DQ_candidate_novel_annotation
NA18940#2	HLA-DRB4	1	0	0	no_gene_sequence_annotation_not_proven_absence	1	1	assembly_or_reference	cross_cohort_duplicate_donor;DR_DQ_candidate_novel_annotation
NA18940#2	HLA-DRB5	1	0	0	no_gene_sequence_annotation_not_proven_absence	1	1	assembly_or_reference	cross_cohort_duplicate_donor;DR_DQ_candidate_novel_annotation
NA18940.JaSaPaGe#1	HLA-A	0	1	0	reference_or_duplicate_source	0	0	assembly_or_reference	cross_cohort_duplicate_donor;DR_DQ_candidate_novel_annotation;downstream_graph_clipping_loss
NA18940.JaSaPaGe#1	HLA-B	0	1	0	reference_or_duplicate_source	0	0	assembly_or_reference	cross_cohort_duplicate_donor;DR_DQ_candidate_novel_annotation;downstream_graph_clipping_loss
NA18940.JaSaPaGe#1	HLA-C	0	1	0	reference_or_duplicate_source	0	0	assembly_or_reference	cross_cohort_duplicate_donor;DR_DQ_candidate_novel_annotation;downstream_graph_clipping_loss
NA18940.JaSaPaGe#1	HLA-DRB1	0	1	0	reference_or_duplicate_source	0	0	assembly_or_reference	cross_cohort_duplicate_donor;DR_DQ_candidate_novel_annotation;downstream_graph_clipping_loss
NA18940.JaSaPaGe#1	HLA-DQA1	0	1	0	reference_or_duplicate_source	0	0	assembly_or_reference	cross_cohort_duplicate_donor;DR_DQ_candidate_novel_annotation;downstream_graph_clipping_loss
NA18940.JaSaPaGe#1	HLA-DQB1	0	1	0	reference_or_duplicate_source	0	0	assembly_or_reference	cross_cohort_duplicate_donor;DR_DQ_candidate_novel_annotation;downstream_graph_clipping_loss
NA18940.JaSaPaGe#1	HLA-DPA1	0	1	0	reference_or_duplicate_source	0	0	assembly_or_reference	cross_cohort_duplicate_donor;DR_DQ_candidate_novel_annotation;downstream_graph_clipping_loss
NA18940.JaSaPaGe#1	HLA-DPB1	0	1	0	reference_or_duplicate_source	0	0	assembly_or_reference	cross_cohort_duplicate_donor;DR_DQ_candidate_novel_annotation;downstream_graph_clipping_loss
NA18940.JaSaPaGe#1	HLA-DRB3	0	0	0	reference_or_duplicate_source;no_gene_sequence_annotation_not_proven_absence	0	0	assembly_or_reference	cross_cohort_duplicate_donor;DR_DQ_candidate_novel_annotation;downstream_graph_clipping_loss
NA18940.JaSaPaGe#1	HLA-DRB4	0	0	0	reference_or_duplicate_source;no_gene_sequence_annotation_not_proven_absence	0	0	assembly_or_reference	cross_cohort_duplicate_donor;DR_DQ_candidate_novel_annotation;downstream_graph_clipping_loss
NA18940.JaSaPaGe#1	HLA-DRB5	0	1	0	reference_or_duplicate_source	0	0	assembly_or_reference	cross_cohort_duplicate_donor;DR_DQ_candidate_novel_annotation;downstream_graph_clipping_loss
NA18940.JaSaPaGe#2	HLA-A	0	1	0	reference_or_duplicate_source	0	0	assembly_or_reference	cross_cohort_duplicate_donor;DR_DQ_candidate_novel_annotation
NA18940.JaSaPaGe#2	HLA-B	0	1	0	reference_or_duplicate_source	0	0	assembly_or_reference	cross_cohort_duplicate_donor;DR_DQ_candidate_novel_annotation
NA18940.JaSaPaGe#2	HLA-C	0	1	0	reference_or_duplicate_source	0	0	assembly_or_reference	cross_cohort_duplicate_donor;DR_DQ_candidate_novel_annotation
NA18940.JaSaPaGe#2	HLA-DRB1	0	1	0	reference_or_duplicate_source	0	0	assembly_or_reference	cross_cohort_duplicate_donor;DR_DQ_candidate_novel_annotation
NA18940.JaSaPaGe#2	HLA-DQA1	0	1	0	reference_or_duplicate_source	0	0	assembly_or_reference	cross_cohort_duplicate_donor;DR_DQ_candidate_novel_annotation
NA18940.JaSaPaGe#2	HLA-DQB1	0	1	0	reference_or_duplicate_source	0	0	assembly_or_reference	cross_cohort_duplicate_donor;DR_DQ_candidate_novel_annotation
NA18940.JaSaPaGe#2	HLA-DPA1	0	1	0	reference_or_duplicate_source	0	0	assembly_or_reference	cross_cohort_duplicate_donor;DR_DQ_candidate_novel_annotation
NA18940.JaSaPaGe#2	HLA-DPB1	0	1	0	reference_or_duplicate_source	0	0	assembly_or_reference	cross_cohort_duplicate_donor;DR_DQ_candidate_novel_annotation
NA18940.JaSaPaGe#2	HLA-DRB3	0	0	0	reference_or_duplicate_source;no_gene_sequence_annotation_not_proven_absence	0	0	assembly_or_reference	cross_cohort_duplicate_donor;DR_DQ_candidate_novel_annotation
NA18940.JaSaPaGe#2	HLA-DRB4	0	0	0	reference_or_duplicate_source;no_gene_sequence_annotation_not_proven_absence	0	0	assembly_or_reference	cross_cohort_duplicate_donor;DR_DQ_candidate_novel_annotation
NA18940.JaSaPaGe#2	HLA-DRB5	0	0	0	reference_or_duplicate_source;no_gene_sequence_annotation_not_proven_absence	0	0	assembly_or_reference	cross_cohort_duplicate_donor;DR_DQ_candidate_novel_annotation
NA18943#1	HLA-A	1	1	1		1	1	assembly_or_reference	cross_cohort_duplicate_donor
NA18943#1	HLA-B	1	1	1		1	1	assembly_or_reference	cross_cohort_duplicate_donor
NA18943#1	HLA-C	1	1	1		1	1	assembly_or_reference	cross_cohort_duplicate_donor
NA18943#1	HLA-DRB1	1	1	1		1	1	assembly_or_reference	cross_cohort_duplicate_donor
NA18943#1	HLA-DQA1	1	1	1		1	1	assembly_or_reference	cross_cohort_duplicate_donor
NA18943#1	HLA-DQB1	1	1	1		1	1	assembly_or_reference	cross_cohort_duplicate_donor
NA18943#1	HLA-DPA1	1	1	1		1	1	assembly_or_reference	cross_cohort_duplicate_donor
NA18943#1	HLA-DPB1	1	1	1		1	1	assembly_or_reference	cross_cohort_duplicate_donor
NA18943#1	HLA-DRB3	1	0	0	no_gene_sequence_annotation_not_proven_absence	1	1	assembly_or_reference	cross_cohort_duplicate_donor
NA18943#1	HLA-DRB4	1	0	0	no_gene_sequence_annotation_not_proven_absence	1	1	assembly_or_reference	cross_cohort_duplicate_donor
NA18943#1	HLA-DRB5	1	0	0	no_gene_sequence_annotation_not_proven_absence	1	1	assembly_or_reference	cross_cohort_duplicate_donor
NA18943#2	HLA-A	1	1	1		1	1	assembly_or_reference	cross_cohort_duplicate_donor
NA18943#2	HLA-B	1	1	1		1	1	assembly_or_reference	cross_cohort_duplicate_donor
NA18943#2	HLA-C	1	1	1		1	1	assembly_or_reference	cross_cohort_duplicate_donor
NA18943#2	HLA-DRB1	1	1	1		1	1	assembly_or_reference	cross_cohort_duplicate_donor
NA18943#2	HLA-DQA1	1	1	1		1	1	assembly_or_reference	cross_cohort_duplicate_donor
NA18943#2	HLA-DQB1	1	1	1		1	1	assembly_or_reference	cross_cohort_duplicate_donor
NA18943#2	HLA-DPA1	1	1	1		1	1	assembly_or_reference	cross_cohort_duplicate_donor
NA18943#2	HLA-DPB1	1	1	1		1	1	assembly_or_reference	cross_cohort_duplicate_donor
NA18943#2	HLA-DRB3	1	0	0	no_gene_sequence_annotation_not_proven_absence	1	1	assembly_or_reference	cross_cohort_duplicate_donor
NA18943#2	HLA-DRB4	1	0	0	no_gene_sequence_annotation_not_proven_absence	1	1	assembly_or_reference	cross_cohort_duplicate_donor
NA18943#2	HLA-DRB5	1	0	0	no_gene_sequence_annotation_not_proven_absence	1	1	assembly_or_reference	cross_cohort_duplicate_donor
NA18943.JaSaPaGe#1	HLA-A	0	1	0	reference_or_duplicate_source	0	0	assembly_or_reference	cross_cohort_duplicate_donor
NA18943.JaSaPaGe#1	HLA-B	0	1	0	reference_or_duplicate_source	0	0	assembly_or_reference	cross_cohort_duplicate_donor
NA18943.JaSaPaGe#1	HLA-C	0	1	0	reference_or_duplicate_source	0	0	assembly_or_reference	cross_cohort_duplicate_donor
NA18943.JaSaPaGe#1	HLA-DRB1	0	1	0	reference_or_duplicate_source	0	0	assembly_or_reference	cross_cohort_duplicate_donor
NA18943.JaSaPaGe#1	HLA-DQA1	0	1	0	reference_or_duplicate_source	0	0	assembly_or_reference	cross_cohort_duplicate_donor
NA18943.JaSaPaGe#1	HLA-DQB1	0	1	0	reference_or_duplicate_source	0	0	assembly_or_reference	cross_cohort_duplicate_donor
NA18943.JaSaPaGe#1	HLA-DPA1	0	1	0	reference_or_duplicate_source	0	0	assembly_or_reference	cross_cohort_duplicate_donor
NA18943.JaSaPaGe#1	HLA-DPB1	0	1	0	reference_or_duplicate_source	0	0	assembly_or_reference	cross_cohort_duplicate_donor
NA18943.JaSaPaGe#1	HLA-DRB3	0	0	0	reference_or_duplicate_source;no_gene_sequence_annotation_not_proven_absence	0	0	assembly_or_reference	cross_cohort_duplicate_donor
NA18943.JaSaPaGe#1	HLA-DRB4	0	0	0	reference_or_duplicate_source;no_gene_sequence_annotation_not_proven_absence	0	0	assembly_or_reference	cross_cohort_duplicate_donor
NA18943.JaSaPaGe#1	HLA-DRB5	0	0	0	reference_or_duplicate_source;no_gene_sequence_annotation_not_proven_absence	0	0	assembly_or_reference	cross_cohort_duplicate_donor
NA18943.JaSaPaGe#2	HLA-A	0	1	0	reference_or_duplicate_source	0	0	assembly_or_reference	cross_cohort_duplicate_donor
NA18943.JaSaPaGe#2	HLA-B	0	1	0	reference_or_duplicate_source	0	0	assembly_or_reference	cross_cohort_duplicate_donor
NA18943.JaSaPaGe#2	HLA-C	0	1	0	reference_or_duplicate_source	0	0	assembly_or_reference	cross_cohort_duplicate_donor
NA18943.JaSaPaGe#2	HLA-DRB1	0	1	0	reference_or_duplicate_source	0	0	assembly_or_reference	cross_cohort_duplicate_donor
NA18943.JaSaPaGe#2	HLA-DQA1	0	1	0	reference_or_duplicate_source	0	0	assembly_or_reference	cross_cohort_duplicate_donor
NA18943.JaSaPaGe#2	HLA-DQB1	0	1	0	reference_or_duplicate_source	0	0	assembly_or_reference	cross_cohort_duplicate_donor
NA18943.JaSaPaGe#2	HLA-DPA1	0	1	0	reference_or_duplicate_source	0	0	assembly_or_reference	cross_cohort_duplicate_donor
NA18943.JaSaPaGe#2	HLA-DPB1	0	1	0	reference_or_duplicate_source	0	0	assembly_or_reference	cross_cohort_duplicate_donor
NA18943.JaSaPaGe#2	HLA-DRB3	0	0	0	reference_or_duplicate_source;no_gene_sequence_annotation_not_proven_absence	0	0	assembly_or_reference	cross_cohort_duplicate_donor
NA18943.JaSaPaGe#2	HLA-DRB4	0	0	0	reference_or_duplicate_source;no_gene_sequence_annotation_not_proven_absence	0	0	assembly_or_reference	cross_cohort_duplicate_donor
NA18943.JaSaPaGe#2	HLA-DRB5	0	0	0	reference_or_duplicate_source;no_gene_sequence_annotation_not_proven_absence	0	0	assembly_or_reference	cross_cohort_duplicate_donor
NA18944#1	HLA-A	1	1	1		1	1	assembly_or_reference	downstream_graph_clipping_loss
NA18944#1	HLA-B	1	1	1		1	1	assembly_or_reference	downstream_graph_clipping_loss
NA18944#1	HLA-C	1	1	1		1	1	assembly_or_reference	downstream_graph_clipping_loss
NA18944#1	HLA-DRB1	1	1	1		1	1	assembly_or_reference	downstream_graph_clipping_loss
NA18944#1	HLA-DQA1	1	1	1		1	1	assembly_or_reference	downstream_graph_clipping_loss
NA18944#1	HLA-DQB1	1	1	1		1	1	assembly_or_reference	downstream_graph_clipping_loss
NA18944#1	HLA-DPA1	1	1	1		1	1	assembly_or_reference	downstream_graph_clipping_loss
NA18944#1	HLA-DPB1	1	1	1		1	1	assembly_or_reference	downstream_graph_clipping_loss
NA18944#1	HLA-DRB3	1	1	1		1	1	assembly_or_reference	downstream_graph_clipping_loss
NA18944#1	HLA-DRB4	1	0	0	no_gene_sequence_annotation_not_proven_absence	1	1	assembly_or_reference	downstream_graph_clipping_loss
NA18944#1	HLA-DRB5	1	0	0	no_gene_sequence_annotation_not_proven_absence	1	1	assembly_or_reference	downstream_graph_clipping_loss
NA18944#2	HLA-A	1	1	1		1	1	assembly_or_reference	DR_DQ_candidate_novel_annotation;downstream_graph_clipping_loss
NA18944#2	HLA-B	1	1	1		1	1	assembly_or_reference	DR_DQ_candidate_novel_annotation;downstream_graph_clipping_loss
NA18944#2	HLA-C	1	1	1		1	1	assembly_or_reference	DR_DQ_candidate_novel_annotation;downstream_graph_clipping_loss
NA18944#2	HLA-DRB1	1	1	1		1	1	assembly_or_reference	DR_DQ_candidate_novel_annotation;downstream_graph_clipping_loss
NA18944#2	HLA-DQA1	1	1	1		1	1	assembly_or_reference	DR_DQ_candidate_novel_annotation;downstream_graph_clipping_loss
NA18944#2	HLA-DQB1	1	1	1		1	1	assembly_or_reference	DR_DQ_candidate_novel_annotation;downstream_graph_clipping_loss
NA18944#2	HLA-DPA1	1	1	1		1	1	assembly_or_reference	DR_DQ_candidate_novel_annotation;downstream_graph_clipping_loss
NA18944#2	HLA-DPB1	1	1	1		1	1	assembly_or_reference	DR_DQ_candidate_novel_annotation;downstream_graph_clipping_loss
NA18944#2	HLA-DRB3	1	0	0	no_gene_sequence_annotation_not_proven_absence	1	1	assembly_or_reference	DR_DQ_candidate_novel_annotation;downstream_graph_clipping_loss
NA18944#2	HLA-DRB4	1	0	0	no_gene_sequence_annotation_not_proven_absence	1	1	assembly_or_reference	DR_DQ_candidate_novel_annotation;downstream_graph_clipping_loss
NA18944#2	HLA-DRB5	1	0	0	no_gene_sequence_annotation_not_proven_absence	1	1	assembly_or_reference	DR_DQ_candidate_novel_annotation;downstream_graph_clipping_loss
NA18945#1	HLA-A	1	1	1		1	1	assembly_or_reference	cross_cohort_duplicate_donor;DR_DQ_candidate_novel_annotation
NA18945#1	HLA-B	1	1	1		1	1	assembly_or_reference	cross_cohort_duplicate_donor;DR_DQ_candidate_novel_annotation
NA18945#1	HLA-C	1	1	1		1	1	assembly_or_reference	cross_cohort_duplicate_donor;DR_DQ_candidate_novel_annotation
NA18945#1	HLA-DRB1	1	1	1		1	1	assembly_or_reference	cross_cohort_duplicate_donor;DR_DQ_candidate_novel_annotation
NA18945#1	HLA-DQA1	1	1	1		1	1	assembly_or_reference	cross_cohort_duplicate_donor;DR_DQ_candidate_novel_annotation
NA18945#1	HLA-DQB1	1	1	1		1	1	assembly_or_reference	cross_cohort_duplicate_donor;DR_DQ_candidate_novel_annotation
NA18945#1	HLA-DPA1	1	1	1		1	1	assembly_or_reference	cross_cohort_duplicate_donor;DR_DQ_candidate_novel_annotation
NA18945#1	HLA-DPB1	1	1	1		1	1	assembly_or_reference	cross_cohort_duplicate_donor;DR_DQ_candidate_novel_annotation
NA18945#1	HLA-DRB3	1	1	1		1	1	assembly_or_reference	cross_cohort_duplicate_donor;DR_DQ_candidate_novel_annotation
NA18945#1	HLA-DRB4	1	0	0	no_gene_sequence_annotation_not_proven_absence	1	1	assembly_or_reference	cross_cohort_duplicate_donor;DR_DQ_candidate_novel_annotation
NA18945#1	HLA-DRB5	1	0	0	no_gene_sequence_annotation_not_proven_absence	1	1	assembly_or_reference	cross_cohort_duplicate_donor;DR_DQ_candidate_novel_annotation
NA18945#2	HLA-A	1	1	1		1	1	assembly_or_reference	cross_cohort_duplicate_donor;DR_DQ_candidate_novel_annotation;downstream_graph_clipping_loss
NA18945#2	HLA-B	1	1	1		1	1	assembly_or_reference	cross_cohort_duplicate_donor;DR_DQ_candidate_novel_annotation;downstream_graph_clipping_loss
NA18945#2	HLA-C	1	1	1		1	1	assembly_or_reference	cross_cohort_duplicate_donor;DR_DQ_candidate_novel_annotation;downstream_graph_clipping_loss
NA18945#2	HLA-DRB1	1	1	1		1	1	assembly_or_reference	cross_cohort_duplicate_donor;DR_DQ_candidate_novel_annotation;downstream_graph_clipping_loss
NA18945#2	HLA-DQA1	1	1	1		1	1	assembly_or_reference	cross_cohort_duplicate_donor;DR_DQ_candidate_novel_annotation;downstream_graph_clipping_loss
NA18945#2	HLA-DQB1	1	1	1		1	1	assembly_or_reference	cross_cohort_duplicate_donor;DR_DQ_candidate_novel_annotation;downstream_graph_clipping_loss
NA18945#2	HLA-DPA1	1	1	1		1	1	assembly_or_reference	cross_cohort_duplicate_donor;DR_DQ_candidate_novel_annotation;downstream_graph_clipping_loss
NA18945#2	HLA-DPB1	1	1	1		1	1	assembly_or_reference	cross_cohort_duplicate_donor;DR_DQ_candidate_novel_annotation;downstream_graph_clipping_loss
NA18945#2	HLA-DRB3	1	0	0	no_gene_sequence_annotation_not_proven_absence	1	1	assembly_or_reference	cross_cohort_duplicate_donor;DR_DQ_candidate_novel_annotation;downstream_graph_clipping_loss
NA18945#2	HLA-DRB4	1	1	1		1	1	assembly_or_reference	cross_cohort_duplicate_donor;DR_DQ_candidate_novel_annotation;downstream_graph_clipping_loss
NA18945#2	HLA-DRB5	1	0	0	no_gene_sequence_annotation_not_proven_absence	1	1	assembly_or_reference	cross_cohort_duplicate_donor;DR_DQ_candidate_novel_annotation;downstream_graph_clipping_loss
NA18945.JaSaPaGe#1	HLA-A	0	1	0	reference_or_duplicate_source	0	0	assembly_or_reference	cross_cohort_duplicate_donor;DR_DQ_candidate_novel_annotation;downstream_graph_clipping_loss
NA18945.JaSaPaGe#1	HLA-B	0	1	0	reference_or_duplicate_source	0	0	assembly_or_reference	cross_cohort_duplicate_donor;DR_DQ_candidate_novel_annotation;downstream_graph_clipping_loss
NA18945.JaSaPaGe#1	HLA-C	0	1	0	reference_or_duplicate_source	0	0	assembly_or_reference	cross_cohort_duplicate_donor;DR_DQ_candidate_novel_annotation;downstream_graph_clipping_loss
NA18945.JaSaPaGe#1	HLA-DRB1	0	1	0	reference_or_duplicate_source	0	0	assembly_or_reference	cross_cohort_duplicate_donor;DR_DQ_candidate_novel_annotation;downstream_graph_clipping_loss
NA18945.JaSaPaGe#1	HLA-DQA1	0	1	0	reference_or_duplicate_source	0	0	assembly_or_reference	cross_cohort_duplicate_donor;DR_DQ_candidate_novel_annotation;downstream_graph_clipping_loss
NA18945.JaSaPaGe#1	HLA-DQB1	0	1	0	reference_or_duplicate_source	0	0	assembly_or_reference	cross_cohort_duplicate_donor;DR_DQ_candidate_novel_annotation;downstream_graph_clipping_loss
NA18945.JaSaPaGe#1	HLA-DPA1	0	1	0	reference_or_duplicate_source	0	0	assembly_or_reference	cross_cohort_duplicate_donor;DR_DQ_candidate_novel_annotation;downstream_graph_clipping_loss
NA18945.JaSaPaGe#1	HLA-DPB1	0	1	0	reference_or_duplicate_source	0	0	assembly_or_reference	cross_cohort_duplicate_donor;DR_DQ_candidate_novel_annotation;downstream_graph_clipping_loss
NA18945.JaSaPaGe#1	HLA-DRB3	0	0	0	reference_or_duplicate_source;no_gene_sequence_annotation_not_proven_absence	0	0	assembly_or_reference	cross_cohort_duplicate_donor;DR_DQ_candidate_novel_annotation;downstream_graph_clipping_loss
NA18945.JaSaPaGe#1	HLA-DRB4	0	1	0	reference_or_duplicate_source	0	0	assembly_or_reference	cross_cohort_duplicate_donor;DR_DQ_candidate_novel_annotation;downstream_graph_clipping_loss
NA18945.JaSaPaGe#1	HLA-DRB5	0	0	0	reference_or_duplicate_source;no_gene_sequence_annotation_not_proven_absence	0	0	assembly_or_reference	cross_cohort_duplicate_donor;DR_DQ_candidate_novel_annotation;downstream_graph_clipping_loss
NA18945.JaSaPaGe#2	HLA-A	0	1	0	reference_or_duplicate_source	0	0	assembly_or_reference	cross_cohort_duplicate_donor;DR_DQ_candidate_novel_annotation
NA18945.JaSaPaGe#2	HLA-B	0	1	0	reference_or_duplicate_source	0	0	assembly_or_reference	cross_cohort_duplicate_donor;DR_DQ_candidate_novel_annotation
NA18945.JaSaPaGe#2	HLA-C	0	1	0	reference_or_duplicate_source	0	0	assembly_or_reference	cross_cohort_duplicate_donor;DR_DQ_candidate_novel_annotation
NA18945.JaSaPaGe#2	HLA-DRB1	0	1	0	reference_or_duplicate_source	0	0	assembly_or_reference	cross_cohort_duplicate_donor;DR_DQ_candidate_novel_annotation
NA18945.JaSaPaGe#2	HLA-DQA1	0	1	0	reference_or_duplicate_source	0	0	assembly_or_reference	cross_cohort_duplicate_donor;DR_DQ_candidate_novel_annotation
NA18945.JaSaPaGe#2	HLA-DQB1	0	1	0	reference_or_duplicate_source	0	0	assembly_or_reference	cross_cohort_duplicate_donor;DR_DQ_candidate_novel_annotation
NA18945.JaSaPaGe#2	HLA-DPA1	0	1	0	reference_or_duplicate_source	0	0	assembly_or_reference	cross_cohort_duplicate_donor;DR_DQ_candidate_novel_annotation
NA18945.JaSaPaGe#2	HLA-DPB1	0	1	0	reference_or_duplicate_source	0	0	assembly_or_reference	cross_cohort_duplicate_donor;DR_DQ_candidate_novel_annotation
NA18945.JaSaPaGe#2	HLA-DRB3	0	1	0	reference_or_duplicate_source	0	0	assembly_or_reference	cross_cohort_duplicate_donor;DR_DQ_candidate_novel_annotation
NA18945.JaSaPaGe#2	HLA-DRB4	0	0	0	reference_or_duplicate_source;no_gene_sequence_annotation_not_proven_absence	0	0	assembly_or_reference	cross_cohort_duplicate_donor;DR_DQ_candidate_novel_annotation
NA18945.JaSaPaGe#2	HLA-DRB5	0	0	0	reference_or_duplicate_source;no_gene_sequence_annotation_not_proven_absence	0	0	assembly_or_reference	cross_cohort_duplicate_donor;DR_DQ_candidate_novel_annotation
NA18948#1	HLA-A	1	1	1		1	1	assembly_or_reference	
NA18948#1	HLA-B	1	1	1		1	1	assembly_or_reference	
NA18948#1	HLA-C	1	1	1		1	1	assembly_or_reference	
NA18948#1	HLA-DRB1	1	1	1		1	1	assembly_or_reference	
NA18948#1	HLA-DQA1	1	1	1		1	1	assembly_or_reference	
NA18948#1	HLA-DQB1	1	1	1		1	1	assembly_or_reference	
NA18948#1	HLA-DPA1	1	1	1		1	1	assembly_or_reference	
NA18948#1	HLA-DPB1	1	1	1		1	1	assembly_or_reference	
NA18948#1	HLA-DRB3	1	0	0	no_gene_sequence_annotation_not_proven_absence	1	1	assembly_or_reference	
NA18948#1	HLA-DRB4	1	1	1		1	1	assembly_or_reference	
NA18948#1	HLA-DRB5	1	0	0	no_gene_sequence_annotation_not_proven_absence	1	1	assembly_or_reference	
NA18948#2	HLA-A	1	1	1		1	1	assembly_or_reference	
NA18948#2	HLA-B	1	1	1		1	1	assembly_or_reference	
NA18948#2	HLA-C	1	1	1		1	1	assembly_or_reference	
NA18948#2	HLA-DRB1	1	1	1		1	1	assembly_or_reference	
NA18948#2	HLA-DQA1	1	1	1		1	1	assembly_or_reference	
NA18948#2	HLA-DQB1	1	1	1		1	1	assembly_or_reference	
NA18948#2	HLA-DPA1	1	1	1		1	1	assembly_or_reference	
NA18948#2	HLA-DPB1	1	1	1		1	1	assembly_or_reference	
NA18948#2	HLA-DRB3	1	0	0	no_gene_sequence_annotation_not_proven_absence	1	1	assembly_or_reference	
NA18948#2	HLA-DRB4	1	0	0	no_gene_sequence_annotation_not_proven_absence	1	1	assembly_or_reference	
NA18948#2	HLA-DRB5	1	0	0	no_gene_sequence_annotation_not_proven_absence	1	1	assembly_or_reference	
NA18952#1	HLA-A	1	1	1		1	1	assembly_or_reference	cross_cohort_duplicate_donor;DR_DQ_candidate_novel_annotation
NA18952#1	HLA-B	1	1	1		1	1	assembly_or_reference	cross_cohort_duplicate_donor;DR_DQ_candidate_novel_annotation
NA18952#1	HLA-C	1	1	1		1	1	assembly_or_reference	cross_cohort_duplicate_donor;DR_DQ_candidate_novel_annotation
NA18952#1	HLA-DRB1	1	1	1		1	1	assembly_or_reference	cross_cohort_duplicate_donor;DR_DQ_candidate_novel_annotation
NA18952#1	HLA-DQA1	1	1	1		1	1	assembly_or_reference	cross_cohort_duplicate_donor;DR_DQ_candidate_novel_annotation
NA18952#1	HLA-DQB1	1	1	1		1	1	assembly_or_reference	cross_cohort_duplicate_donor;DR_DQ_candidate_novel_annotation
NA18952#1	HLA-DPA1	1	1	1		1	1	assembly_or_reference	cross_cohort_duplicate_donor;DR_DQ_candidate_novel_annotation
NA18952#1	HLA-DPB1	1	1	1		1	1	assembly_or_reference	cross_cohort_duplicate_donor;DR_DQ_candidate_novel_annotation
NA18952#1	HLA-DRB3	1	1	1		1	1	assembly_or_reference	cross_cohort_duplicate_donor;DR_DQ_candidate_novel_annotation
NA18952#1	HLA-DRB4	1	0	0	no_gene_sequence_annotation_not_proven_absence	1	1	assembly_or_reference	cross_cohort_duplicate_donor;DR_DQ_candidate_novel_annotation
NA18952#1	HLA-DRB5	1	0	0	no_gene_sequence_annotation_not_proven_absence	1	1	assembly_or_reference	cross_cohort_duplicate_donor;DR_DQ_candidate_novel_annotation
NA18952#2	HLA-A	1	1	1		1	1	assembly_or_reference	cross_cohort_duplicate_donor;DR_DQ_candidate_novel_annotation
NA18952#2	HLA-B	1	1	1		1	1	assembly_or_reference	cross_cohort_duplicate_donor;DR_DQ_candidate_novel_annotation
NA18952#2	HLA-C	1	1	1		1	1	assembly_or_reference	cross_cohort_duplicate_donor;DR_DQ_candidate_novel_annotation
NA18952#2	HLA-DRB1	1	1	1		1	1	assembly_or_reference	cross_cohort_duplicate_donor;DR_DQ_candidate_novel_annotation
NA18952#2	HLA-DQA1	1	1	1		1	1	assembly_or_reference	cross_cohort_duplicate_donor;DR_DQ_candidate_novel_annotation
NA18952#2	HLA-DQB1	1	1	1		1	1	assembly_or_reference	cross_cohort_duplicate_donor;DR_DQ_candidate_novel_annotation
NA18952#2	HLA-DPA1	1	1	1		1	1	assembly_or_reference	cross_cohort_duplicate_donor;DR_DQ_candidate_novel_annotation
NA18952#2	HLA-DPB1	1	1	1		1	1	assembly_or_reference	cross_cohort_duplicate_donor;DR_DQ_candidate_novel_annotation
NA18952#2	HLA-DRB3	1	0	0	no_gene_sequence_annotation_not_proven_absence	1	1	assembly_or_reference	cross_cohort_duplicate_donor;DR_DQ_candidate_novel_annotation
NA18952#2	HLA-DRB4	1	1	1		1	1	assembly_or_reference	cross_cohort_duplicate_donor;DR_DQ_candidate_novel_annotation
NA18952#2	HLA-DRB5	1	0	0	no_gene_sequence_annotation_not_proven_absence	1	1	assembly_or_reference	cross_cohort_duplicate_donor;DR_DQ_candidate_novel_annotation
NA18952.JaSaPaGe#1	HLA-A	0	1	0	reference_or_duplicate_source	0	0	assembly_or_reference	cross_cohort_duplicate_donor;previously_reported_duplicated_haplotype;DR_DQ_candidate_novel_annotation;downstream_graph_clipping_loss
NA18952.JaSaPaGe#1	HLA-B	0	1	0	reference_or_duplicate_source	0	0	assembly_or_reference	cross_cohort_duplicate_donor;previously_reported_duplicated_haplotype;DR_DQ_candidate_novel_annotation;downstream_graph_clipping_loss
NA18952.JaSaPaGe#1	HLA-C	0	1	0	reference_or_duplicate_source	0	0	assembly_or_reference	cross_cohort_duplicate_donor;previously_reported_duplicated_haplotype;DR_DQ_candidate_novel_annotation;downstream_graph_clipping_loss
NA18952.JaSaPaGe#1	HLA-DRB1	0	1	0	reference_or_duplicate_source	0	0	assembly_or_reference	cross_cohort_duplicate_donor;previously_reported_duplicated_haplotype;DR_DQ_candidate_novel_annotation;downstream_graph_clipping_loss
NA18952.JaSaPaGe#1	HLA-DQA1	0	1	0	reference_or_duplicate_source	0	0	assembly_or_reference	cross_cohort_duplicate_donor;previously_reported_duplicated_haplotype;DR_DQ_candidate_novel_annotation;downstream_graph_clipping_loss
NA18952.JaSaPaGe#1	HLA-DQB1	0	1	0	reference_or_duplicate_source	0	0	assembly_or_reference	cross_cohort_duplicate_donor;previously_reported_duplicated_haplotype;DR_DQ_candidate_novel_annotation;downstream_graph_clipping_loss
NA18952.JaSaPaGe#1	HLA-DPA1	0	1	0	reference_or_duplicate_source	0	0	assembly_or_reference	cross_cohort_duplicate_donor;previously_reported_duplicated_haplotype;DR_DQ_candidate_novel_annotation;downstream_graph_clipping_loss
NA18952.JaSaPaGe#1	HLA-DPB1	0	1	0	reference_or_duplicate_source	0	0	assembly_or_reference	cross_cohort_duplicate_donor;previously_reported_duplicated_haplotype;DR_DQ_candidate_novel_annotation;downstream_graph_clipping_loss
NA18952.JaSaPaGe#1	HLA-DRB3	0	0	0	reference_or_duplicate_source;no_gene_sequence_annotation_not_proven_absence	0	0	assembly_or_reference	cross_cohort_duplicate_donor;previously_reported_duplicated_haplotype;DR_DQ_candidate_novel_annotation;downstream_graph_clipping_loss
NA18952.JaSaPaGe#1	HLA-DRB4	0	1	0	reference_or_duplicate_source	0	0	assembly_or_reference	cross_cohort_duplicate_donor;previously_reported_duplicated_haplotype;DR_DQ_candidate_novel_annotation;downstream_graph_clipping_loss
NA18952.JaSaPaGe#1	HLA-DRB5	0	0	0	reference_or_duplicate_source;no_gene_sequence_annotation_not_proven_absence	0	0	assembly_or_reference	cross_cohort_duplicate_donor;previously_reported_duplicated_haplotype;DR_DQ_candidate_novel_annotation;downstream_graph_clipping_loss
NA18952.JaSaPaGe#2	HLA-A	0	1	0	reference_or_duplicate_source	0	0	assembly_or_reference	cross_cohort_duplicate_donor;previously_reported_duplicated_haplotype;DR_DQ_candidate_novel_annotation
NA18952.JaSaPaGe#2	HLA-B	0	1	0	reference_or_duplicate_source	0	0	assembly_or_reference	cross_cohort_duplicate_donor;previously_reported_duplicated_haplotype;DR_DQ_candidate_novel_annotation
NA18952.JaSaPaGe#2	HLA-C	0	1	0	reference_or_duplicate_source	0	0	assembly_or_reference	cross_cohort_duplicate_donor;previously_reported_duplicated_haplotype;DR_DQ_candidate_novel_annotation
NA18952.JaSaPaGe#2	HLA-DRB1	0	1	0	reference_or_duplicate_source	0	0	assembly_or_reference	cross_cohort_duplicate_donor;previously_reported_duplicated_haplotype;DR_DQ_candidate_novel_annotation
NA18952.JaSaPaGe#2	HLA-DQA1	0	1	0	reference_or_duplicate_source	0	0	assembly_or_reference	cross_cohort_duplicate_donor;previously_reported_duplicated_haplotype;DR_DQ_candidate_novel_annotation
NA18952.JaSaPaGe#2	HLA-DQB1	0	1	0	reference_or_duplicate_source	0	0	assembly_or_reference	cross_cohort_duplicate_donor;previously_reported_duplicated_haplotype;DR_DQ_candidate_novel_annotation
NA18952.JaSaPaGe#2	HLA-DPA1	0	1	0	reference_or_duplicate_source	0	0	assembly_or_reference	cross_cohort_duplicate_donor;previously_reported_duplicated_haplotype;DR_DQ_candidate_novel_annotation
NA18952.JaSaPaGe#2	HLA-DPB1	0	1	0	reference_or_duplicate_source	0	0	assembly_or_reference	cross_cohort_duplicate_donor;previously_reported_duplicated_haplotype;DR_DQ_candidate_novel_annotation
NA18952.JaSaPaGe#2	HLA-DRB3	0	0	0	reference_or_duplicate_source;no_gene_sequence_annotation_not_proven_absence	0	0	assembly_or_reference	cross_cohort_duplicate_donor;previously_reported_duplicated_haplotype;DR_DQ_candidate_novel_annotation
NA18952.JaSaPaGe#2	HLA-DRB4	0	1	0	reference_or_duplicate_source	0	0	assembly_or_reference	cross_cohort_duplicate_donor;previously_reported_duplicated_haplotype;DR_DQ_candidate_novel_annotation
NA18952.JaSaPaGe#2	HLA-DRB5	0	0	0	reference_or_duplicate_source;no_gene_sequence_annotation_not_proven_absence	0	0	assembly_or_reference	cross_cohort_duplicate_donor;previously_reported_duplicated_haplotype;DR_DQ_candidate_novel_annotation
NA18959#1	HLA-A	1	1	1		1	1	assembly_or_reference	DR_DQ_candidate_novel_annotation
NA18959#1	HLA-B	1	1	1		1	1	assembly_or_reference	DR_DQ_candidate_novel_annotation
NA18959#1	HLA-C	1	1	1		1	1	assembly_or_reference	DR_DQ_candidate_novel_annotation
NA18959#1	HLA-DRB1	1	1	1		1	1	assembly_or_reference	DR_DQ_candidate_novel_annotation
NA18959#1	HLA-DQA1	1	1	1		1	1	assembly_or_reference	DR_DQ_candidate_novel_annotation
NA18959#1	HLA-DQB1	1	1	1		1	1	assembly_or_reference	DR_DQ_candidate_novel_annotation
NA18959#1	HLA-DPA1	1	1	1		1	1	assembly_or_reference	DR_DQ_candidate_novel_annotation
NA18959#1	HLA-DPB1	1	1	1		1	1	assembly_or_reference	DR_DQ_candidate_novel_annotation
NA18959#1	HLA-DRB3	1	0	0	no_gene_sequence_annotation_not_proven_absence	1	1	assembly_or_reference	DR_DQ_candidate_novel_annotation
NA18959#1	HLA-DRB4	1	0	0	no_gene_sequence_annotation_not_proven_absence	1	1	assembly_or_reference	DR_DQ_candidate_novel_annotation
NA18959#1	HLA-DRB5	1	1	1		1	1	assembly_or_reference	DR_DQ_candidate_novel_annotation
NA18959#2	HLA-A	1	1	1		1	1	assembly_or_reference	
NA18959#2	HLA-B	1	1	1		1	1	assembly_or_reference	
NA18959#2	HLA-C	1	1	1		1	1	assembly_or_reference	
NA18959#2	HLA-DRB1	1	1	1		1	1	assembly_or_reference	
NA18959#2	HLA-DQA1	1	1	1		1	1	assembly_or_reference	
NA18959#2	HLA-DQB1	1	1	1		1	1	assembly_or_reference	
NA18959#2	HLA-DPA1	1	1	1		1	1	assembly_or_reference	
NA18959#2	HLA-DPB1	1	1	1		1	1	assembly_or_reference	
NA18959#2	HLA-DRB3	1	0	0	no_gene_sequence_annotation_not_proven_absence	1	1	assembly_or_reference	
NA18959#2	HLA-DRB4	1	0	0	no_gene_sequence_annotation_not_proven_absence	1	1	assembly_or_reference	
NA18959#2	HLA-DRB5	1	1	1		1	1	assembly_or_reference	
NA18960#1	HLA-A	1	1	1		1	1	assembly_or_reference	DR_DQ_candidate_novel_annotation
NA18960#1	HLA-B	1	1	1		1	1	assembly_or_reference	DR_DQ_candidate_novel_annotation
NA18960#1	HLA-C	1	1	1		1	1	assembly_or_reference	DR_DQ_candidate_novel_annotation
NA18960#1	HLA-DRB1	1	1	1		1	1	assembly_or_reference	DR_DQ_candidate_novel_annotation
NA18960#1	HLA-DQA1	1	1	1		1	1	assembly_or_reference	DR_DQ_candidate_novel_annotation
NA18960#1	HLA-DQB1	1	1	1		1	1	assembly_or_reference	DR_DQ_candidate_novel_annotation
NA18960#1	HLA-DPA1	1	1	1		1	1	assembly_or_reference	DR_DQ_candidate_novel_annotation
NA18960#1	HLA-DPB1	1	1	1		1	1	assembly_or_reference	DR_DQ_candidate_novel_annotation
NA18960#1	HLA-DRB3	1	0	0	no_gene_sequence_annotation_not_proven_absence	1	1	assembly_or_reference	DR_DQ_candidate_novel_annotation
NA18960#1	HLA-DRB4	1	1	1		1	1	assembly_or_reference	DR_DQ_candidate_novel_annotation
NA18960#1	HLA-DRB5	1	0	0	no_gene_sequence_annotation_not_proven_absence	1	1	assembly_or_reference	DR_DQ_candidate_novel_annotation
NA18960#2	HLA-A	1	1	1		1	1	assembly_or_reference	DR_DQ_candidate_novel_annotation;downstream_graph_clipping_loss
NA18960#2	HLA-B	1	1	1		1	1	assembly_or_reference	DR_DQ_candidate_novel_annotation;downstream_graph_clipping_loss
NA18960#2	HLA-C	1	1	1		1	1	assembly_or_reference	DR_DQ_candidate_novel_annotation;downstream_graph_clipping_loss
NA18960#2	HLA-DRB1	1	1	1		1	1	assembly_or_reference	DR_DQ_candidate_novel_annotation;downstream_graph_clipping_loss
NA18960#2	HLA-DQA1	1	1	1		1	1	assembly_or_reference	DR_DQ_candidate_novel_annotation;downstream_graph_clipping_loss
NA18960#2	HLA-DQB1	1	1	1		1	1	assembly_or_reference	DR_DQ_candidate_novel_annotation;downstream_graph_clipping_loss
NA18960#2	HLA-DPA1	1	1	1		1	1	assembly_or_reference	DR_DQ_candidate_novel_annotation;downstream_graph_clipping_loss
NA18960#2	HLA-DPB1	1	1	1		1	1	assembly_or_reference	DR_DQ_candidate_novel_annotation;downstream_graph_clipping_loss
NA18960#2	HLA-DRB3	1	0	0	no_gene_sequence_annotation_not_proven_absence	1	1	assembly_or_reference	DR_DQ_candidate_novel_annotation;downstream_graph_clipping_loss
NA18960#2	HLA-DRB4	1	1	1		1	1	assembly_or_reference	DR_DQ_candidate_novel_annotation;downstream_graph_clipping_loss
NA18960#2	HLA-DRB5	1	0	0	no_gene_sequence_annotation_not_proven_absence	1	1	assembly_or_reference	DR_DQ_candidate_novel_annotation;downstream_graph_clipping_loss
NA18967#1	HLA-A	1	1	1		1	1	assembly_or_reference	DR_DQ_candidate_novel_annotation
NA18967#1	HLA-B	1	1	1		1	1	assembly_or_reference	DR_DQ_candidate_novel_annotation
NA18967#1	HLA-C	1	1	1		1	1	assembly_or_reference	DR_DQ_candidate_novel_annotation
NA18967#1	HLA-DRB1	1	1	1		1	1	assembly_or_reference	DR_DQ_candidate_novel_annotation
NA18967#1	HLA-DQA1	1	1	1		1	1	assembly_or_reference	DR_DQ_candidate_novel_annotation
NA18967#1	HLA-DQB1	1	1	1		1	1	assembly_or_reference	DR_DQ_candidate_novel_annotation
NA18967#1	HLA-DPA1	1	1	1		1	1	assembly_or_reference	DR_DQ_candidate_novel_annotation
NA18967#1	HLA-DPB1	1	1	1		1	1	assembly_or_reference	DR_DQ_candidate_novel_annotation
NA18967#1	HLA-DRB3	1	1	1		1	1	assembly_or_reference	DR_DQ_candidate_novel_annotation
NA18967#1	HLA-DRB4	1	0	0	no_gene_sequence_annotation_not_proven_absence	1	1	assembly_or_reference	DR_DQ_candidate_novel_annotation
NA18967#1	HLA-DRB5	1	0	0	no_gene_sequence_annotation_not_proven_absence	1	1	assembly_or_reference	DR_DQ_candidate_novel_annotation
NA18967#2	HLA-A	1	1	1		1	1	assembly_or_reference	DR_DQ_candidate_novel_annotation;downstream_graph_clipping_loss
NA18967#2	HLA-B	1	1	1		1	1	assembly_or_reference	DR_DQ_candidate_novel_annotation;downstream_graph_clipping_loss
NA18967#2	HLA-C	1	1	1		1	1	assembly_or_reference	DR_DQ_candidate_novel_annotation;downstream_graph_clipping_loss
NA18967#2	HLA-DRB1	1	1	1		1	1	assembly_or_reference	DR_DQ_candidate_novel_annotation;downstream_graph_clipping_loss
NA18967#2	HLA-DQA1	1	1	1		1	1	assembly_or_reference	DR_DQ_candidate_novel_annotation;downstream_graph_clipping_loss
NA18967#2	HLA-DQB1	1	1	1		1	1	assembly_or_reference	DR_DQ_candidate_novel_annotation;downstream_graph_clipping_loss
NA18967#2	HLA-DPA1	1	1	1		1	1	assembly_or_reference	DR_DQ_candidate_novel_annotation;downstream_graph_clipping_loss
NA18967#2	HLA-DPB1	1	1	1		1	1	assembly_or_reference	DR_DQ_candidate_novel_annotation;downstream_graph_clipping_loss
NA18967#2	HLA-DRB3	1	0	0	no_gene_sequence_annotation_not_proven_absence	1	1	assembly_or_reference	DR_DQ_candidate_novel_annotation;downstream_graph_clipping_loss
NA18967#2	HLA-DRB4	1	1	1		1	1	assembly_or_reference	DR_DQ_candidate_novel_annotation;downstream_graph_clipping_loss
NA18967#2	HLA-DRB5	1	0	0	no_gene_sequence_annotation_not_proven_absence	1	1	assembly_or_reference	DR_DQ_candidate_novel_annotation;downstream_graph_clipping_loss
NA18970#1	HLA-A	1	1	1		1	1	assembly_or_reference	cross_cohort_duplicate_donor;DR_DQ_candidate_novel_annotation
NA18970#1	HLA-B	1	1	1		1	1	assembly_or_reference	cross_cohort_duplicate_donor;DR_DQ_candidate_novel_annotation
NA18970#1	HLA-C	1	1	1		1	1	assembly_or_reference	cross_cohort_duplicate_donor;DR_DQ_candidate_novel_annotation
NA18970#1	HLA-DRB1	1	1	1		1	1	assembly_or_reference	cross_cohort_duplicate_donor;DR_DQ_candidate_novel_annotation
NA18970#1	HLA-DQA1	1	1	1		1	1	assembly_or_reference	cross_cohort_duplicate_donor;DR_DQ_candidate_novel_annotation
NA18970#1	HLA-DQB1	1	1	1		1	1	assembly_or_reference	cross_cohort_duplicate_donor;DR_DQ_candidate_novel_annotation
NA18970#1	HLA-DPA1	1	1	1		1	1	assembly_or_reference	cross_cohort_duplicate_donor;DR_DQ_candidate_novel_annotation
NA18970#1	HLA-DPB1	1	1	1		1	1	assembly_or_reference	cross_cohort_duplicate_donor;DR_DQ_candidate_novel_annotation
NA18970#1	HLA-DRB3	1	1	1		1	1	assembly_or_reference	cross_cohort_duplicate_donor;DR_DQ_candidate_novel_annotation
NA18970#1	HLA-DRB4	1	0	0	no_gene_sequence_annotation_not_proven_absence	1	1	assembly_or_reference	cross_cohort_duplicate_donor;DR_DQ_candidate_novel_annotation
NA18970#1	HLA-DRB5	1	0	0	no_gene_sequence_annotation_not_proven_absence	1	1	assembly_or_reference	cross_cohort_duplicate_donor;DR_DQ_candidate_novel_annotation
NA18970#2	HLA-A	1	1	1		1	0	assembly_or_reference	cross_cohort_duplicate_donor;DR_DQ_candidate_novel_annotation
NA18970#2	HLA-B	1	1	1		1	0	assembly_or_reference	cross_cohort_duplicate_donor;DR_DQ_candidate_novel_annotation
NA18970#2	HLA-C	1	1	1		1	0	assembly_or_reference	cross_cohort_duplicate_donor;DR_DQ_candidate_novel_annotation
NA18970#2	HLA-DRB1	1	1	1		1	0	assembly_or_reference	cross_cohort_duplicate_donor;DR_DQ_candidate_novel_annotation
NA18970#2	HLA-DQA1	1	1	1		1	0	assembly_or_reference	cross_cohort_duplicate_donor;DR_DQ_candidate_novel_annotation
NA18970#2	HLA-DQB1	1	1	0	cds_completeness_or_abnormality	1	0	assembly_or_reference	cross_cohort_duplicate_donor;DR_DQ_candidate_novel_annotation
NA18970#2	HLA-DPA1	1	1	1		1	0	assembly_or_reference	cross_cohort_duplicate_donor;DR_DQ_candidate_novel_annotation
NA18970#2	HLA-DPB1	1	1	1		1	0	assembly_or_reference	cross_cohort_duplicate_donor;DR_DQ_candidate_novel_annotation
NA18970#2	HLA-DRB3	1	0	0	no_gene_sequence_annotation_not_proven_absence	1	0	assembly_or_reference	cross_cohort_duplicate_donor;DR_DQ_candidate_novel_annotation
NA18970#2	HLA-DRB4	1	1	1		1	0	assembly_or_reference	cross_cohort_duplicate_donor;DR_DQ_candidate_novel_annotation
NA18970#2	HLA-DRB5	1	0	0	no_gene_sequence_annotation_not_proven_absence	1	0	assembly_or_reference	cross_cohort_duplicate_donor;DR_DQ_candidate_novel_annotation
NA18970.JaSaPaGe#1	HLA-A	0	1	0	reference_or_duplicate_source	0	0	assembly_or_reference	cross_cohort_duplicate_donor;DR_DQ_candidate_novel_annotation
NA18970.JaSaPaGe#1	HLA-B	0	1	0	reference_or_duplicate_source	0	0	assembly_or_reference	cross_cohort_duplicate_donor;DR_DQ_candidate_novel_annotation
NA18970.JaSaPaGe#1	HLA-C	0	1	0	reference_or_duplicate_source	0	0	assembly_or_reference	cross_cohort_duplicate_donor;DR_DQ_candidate_novel_annotation
NA18970.JaSaPaGe#1	HLA-DRB1	0	1	0	reference_or_duplicate_source	0	0	assembly_or_reference	cross_cohort_duplicate_donor;DR_DQ_candidate_novel_annotation
NA18970.JaSaPaGe#1	HLA-DQA1	0	1	0	reference_or_duplicate_source	0	0	assembly_or_reference	cross_cohort_duplicate_donor;DR_DQ_candidate_novel_annotation
NA18970.JaSaPaGe#1	HLA-DQB1	0	1	0	reference_or_duplicate_source	0	0	assembly_or_reference	cross_cohort_duplicate_donor;DR_DQ_candidate_novel_annotation
NA18970.JaSaPaGe#1	HLA-DPA1	0	1	0	reference_or_duplicate_source	0	0	assembly_or_reference	cross_cohort_duplicate_donor;DR_DQ_candidate_novel_annotation
NA18970.JaSaPaGe#1	HLA-DPB1	0	1	0	reference_or_duplicate_source	0	0	assembly_or_reference	cross_cohort_duplicate_donor;DR_DQ_candidate_novel_annotation
NA18970.JaSaPaGe#1	HLA-DRB3	0	1	0	reference_or_duplicate_source	0	0	assembly_or_reference	cross_cohort_duplicate_donor;DR_DQ_candidate_novel_annotation
NA18970.JaSaPaGe#1	HLA-DRB4	0	0	0	reference_or_duplicate_source;no_gene_sequence_annotation_not_proven_absence	0	0	assembly_or_reference	cross_cohort_duplicate_donor;DR_DQ_candidate_novel_annotation
NA18970.JaSaPaGe#1	HLA-DRB5	0	0	0	reference_or_duplicate_source;no_gene_sequence_annotation_not_proven_absence	0	0	assembly_or_reference	cross_cohort_duplicate_donor;DR_DQ_candidate_novel_annotation
NA18970.JaSaPaGe#2	HLA-A	0	1	0	reference_or_duplicate_source	0	0	assembly_or_reference	cross_cohort_duplicate_donor;DR_DQ_candidate_novel_annotation
NA18970.JaSaPaGe#2	HLA-B	0	1	0	reference_or_duplicate_source	0	0	assembly_or_reference	cross_cohort_duplicate_donor;DR_DQ_candidate_novel_annotation
NA18970.JaSaPaGe#2	HLA-C	0	1	0	reference_or_duplicate_source	0	0	assembly_or_reference	cross_cohort_duplicate_donor;DR_DQ_candidate_novel_annotation
NA18970.JaSaPaGe#2	HLA-DRB1	0	1	0	reference_or_duplicate_source	0	0	assembly_or_reference	cross_cohort_duplicate_donor;DR_DQ_candidate_novel_annotation
NA18970.JaSaPaGe#2	HLA-DQA1	0	1	0	reference_or_duplicate_source	0	0	assembly_or_reference	cross_cohort_duplicate_donor;DR_DQ_candidate_novel_annotation
NA18970.JaSaPaGe#2	HLA-DQB1	0	1	0	reference_or_duplicate_source;cds_completeness_or_abnormality	0	0	assembly_or_reference	cross_cohort_duplicate_donor;DR_DQ_candidate_novel_annotation
NA18970.JaSaPaGe#2	HLA-DPA1	0	1	0	reference_or_duplicate_source	0	0	assembly_or_reference	cross_cohort_duplicate_donor;DR_DQ_candidate_novel_annotation
NA18970.JaSaPaGe#2	HLA-DPB1	0	1	0	reference_or_duplicate_source	0	0	assembly_or_reference	cross_cohort_duplicate_donor;DR_DQ_candidate_novel_annotation
NA18970.JaSaPaGe#2	HLA-DRB3	0	0	0	reference_or_duplicate_source;no_gene_sequence_annotation_not_proven_absence	0	0	assembly_or_reference	cross_cohort_duplicate_donor;DR_DQ_candidate_novel_annotation
NA18970.JaSaPaGe#2	HLA-DRB4	0	1	0	reference_or_duplicate_source	0	0	assembly_or_reference	cross_cohort_duplicate_donor;DR_DQ_candidate_novel_annotation
NA18970.JaSaPaGe#2	HLA-DRB5	0	0	0	reference_or_duplicate_source;no_gene_sequence_annotation_not_proven_absence	0	0	assembly_or_reference	cross_cohort_duplicate_donor;DR_DQ_candidate_novel_annotation
NA18971#1	HLA-A	1	1	1		1	1	assembly_or_reference	DR_DQ_candidate_novel_annotation;downstream_graph_clipping_loss
NA18971#1	HLA-B	1	1	1		1	1	assembly_or_reference	DR_DQ_candidate_novel_annotation;downstream_graph_clipping_loss
NA18971#1	HLA-C	1	1	1		1	1	assembly_or_reference	DR_DQ_candidate_novel_annotation;downstream_graph_clipping_loss
NA18971#1	HLA-DRB1	1	1	1		1	1	assembly_or_reference	DR_DQ_candidate_novel_annotation;downstream_graph_clipping_loss
NA18971#1	HLA-DQA1	1	1	1		1	1	assembly_or_reference	DR_DQ_candidate_novel_annotation;downstream_graph_clipping_loss
NA18971#1	HLA-DQB1	1	1	1		1	1	assembly_or_reference	DR_DQ_candidate_novel_annotation;downstream_graph_clipping_loss
NA18971#1	HLA-DPA1	1	1	1		1	1	assembly_or_reference	DR_DQ_candidate_novel_annotation;downstream_graph_clipping_loss
NA18971#1	HLA-DPB1	1	1	1		1	1	assembly_or_reference	DR_DQ_candidate_novel_annotation;downstream_graph_clipping_loss
NA18971#1	HLA-DRB3	1	0	0	no_gene_sequence_annotation_not_proven_absence	1	1	assembly_or_reference	DR_DQ_candidate_novel_annotation;downstream_graph_clipping_loss
NA18971#1	HLA-DRB4	1	1	1		1	1	assembly_or_reference	DR_DQ_candidate_novel_annotation;downstream_graph_clipping_loss
NA18971#1	HLA-DRB5	1	0	0	no_gene_sequence_annotation_not_proven_absence	1	1	assembly_or_reference	DR_DQ_candidate_novel_annotation;downstream_graph_clipping_loss
NA18971#2	HLA-A	1	1	1		1	1	assembly_or_reference	DR_DQ_candidate_novel_annotation;downstream_graph_clipping_loss
NA18971#2	HLA-B	1	1	1		1	1	assembly_or_reference	DR_DQ_candidate_novel_annotation;downstream_graph_clipping_loss
NA18971#2	HLA-C	1	1	1		1	1	assembly_or_reference	DR_DQ_candidate_novel_annotation;downstream_graph_clipping_loss
NA18971#2	HLA-DRB1	1	1	1		1	1	assembly_or_reference	DR_DQ_candidate_novel_annotation;downstream_graph_clipping_loss
NA18971#2	HLA-DQA1	1	1	1		1	1	assembly_or_reference	DR_DQ_candidate_novel_annotation;downstream_graph_clipping_loss
NA18971#2	HLA-DQB1	1	1	1		1	1	assembly_or_reference	DR_DQ_candidate_novel_annotation;downstream_graph_clipping_loss
NA18971#2	HLA-DPA1	1	1	1		1	1	assembly_or_reference	DR_DQ_candidate_novel_annotation;downstream_graph_clipping_loss
NA18971#2	HLA-DPB1	1	1	1		1	1	assembly_or_reference	DR_DQ_candidate_novel_annotation;downstream_graph_clipping_loss
NA18971#2	HLA-DRB3	1	1	1		1	1	assembly_or_reference	DR_DQ_candidate_novel_annotation;downstream_graph_clipping_loss
NA18971#2	HLA-DRB4	1	0	0	no_gene_sequence_annotation_not_proven_absence	1	1	assembly_or_reference	DR_DQ_candidate_novel_annotation;downstream_graph_clipping_loss
NA18971#2	HLA-DRB5	1	0	0	no_gene_sequence_annotation_not_proven_absence	1	1	assembly_or_reference	DR_DQ_candidate_novel_annotation;downstream_graph_clipping_loss
NA18974#1	HLA-A	1	1	1		1	1	assembly_or_reference	DR_DQ_candidate_novel_annotation;downstream_graph_clipping_loss
NA18974#1	HLA-B	1	1	1		1	1	assembly_or_reference	DR_DQ_candidate_novel_annotation;downstream_graph_clipping_loss
NA18974#1	HLA-C	1	1	1		1	1	assembly_or_reference	DR_DQ_candidate_novel_annotation;downstream_graph_clipping_loss
NA18974#1	HLA-DRB1	1	1	1		1	1	assembly_or_reference	DR_DQ_candidate_novel_annotation;downstream_graph_clipping_loss
NA18974#1	HLA-DQA1	1	1	1		1	1	assembly_or_reference	DR_DQ_candidate_novel_annotation;downstream_graph_clipping_loss
NA18974#1	HLA-DQB1	1	1	1		1	1	assembly_or_reference	DR_DQ_candidate_novel_annotation;downstream_graph_clipping_loss
NA18974#1	HLA-DPA1	1	1	1		1	1	assembly_or_reference	DR_DQ_candidate_novel_annotation;downstream_graph_clipping_loss
NA18974#1	HLA-DPB1	1	1	1		1	1	assembly_or_reference	DR_DQ_candidate_novel_annotation;downstream_graph_clipping_loss
NA18974#1	HLA-DRB3	1	0	0	no_gene_sequence_annotation_not_proven_absence	1	1	assembly_or_reference	DR_DQ_candidate_novel_annotation;downstream_graph_clipping_loss
NA18974#1	HLA-DRB4	1	1	1		1	1	assembly_or_reference	DR_DQ_candidate_novel_annotation;downstream_graph_clipping_loss
NA18974#1	HLA-DRB5	1	0	0	no_gene_sequence_annotation_not_proven_absence	1	1	assembly_or_reference	DR_DQ_candidate_novel_annotation;downstream_graph_clipping_loss
NA18974#2	HLA-A	1	1	1		1	1	assembly_or_reference	downstream_graph_clipping_loss
NA18974#2	HLA-B	1	1	1		1	1	assembly_or_reference	downstream_graph_clipping_loss
NA18974#2	HLA-C	1	1	1		1	1	assembly_or_reference	downstream_graph_clipping_loss
NA18974#2	HLA-DRB1	1	1	1		1	1	assembly_or_reference	downstream_graph_clipping_loss
NA18974#2	HLA-DQA1	1	1	1		1	1	assembly_or_reference	downstream_graph_clipping_loss
NA18974#2	HLA-DQB1	1	1	1		1	1	assembly_or_reference	downstream_graph_clipping_loss
NA18974#2	HLA-DPA1	1	1	1		1	1	assembly_or_reference	downstream_graph_clipping_loss
NA18974#2	HLA-DPB1	1	1	1		1	1	assembly_or_reference	downstream_graph_clipping_loss
NA18974#2	HLA-DRB3	1	0	0	no_gene_sequence_annotation_not_proven_absence	1	1	assembly_or_reference	downstream_graph_clipping_loss
NA18974#2	HLA-DRB4	1	0	0	no_gene_sequence_annotation_not_proven_absence	1	1	assembly_or_reference	downstream_graph_clipping_loss
NA18974#2	HLA-DRB5	1	1	1		1	1	assembly_or_reference	downstream_graph_clipping_loss
NA18976#1	HLA-A	1	1	1		1	1	assembly_or_reference	DR_DQ_candidate_novel_annotation
NA18976#1	HLA-B	1	1	1		1	1	assembly_or_reference	DR_DQ_candidate_novel_annotation
NA18976#1	HLA-C	1	1	1		1	1	assembly_or_reference	DR_DQ_candidate_novel_annotation
NA18976#1	HLA-DRB1	1	1	1		1	1	assembly_or_reference	DR_DQ_candidate_novel_annotation
NA18976#1	HLA-DQA1	1	1	1		1	1	assembly_or_reference	DR_DQ_candidate_novel_annotation
NA18976#1	HLA-DQB1	1	1	1		1	1	assembly_or_reference	DR_DQ_candidate_novel_annotation
NA18976#1	HLA-DPA1	1	1	1		1	1	assembly_or_reference	DR_DQ_candidate_novel_annotation
NA18976#1	HLA-DPB1	1	1	1		1	1	assembly_or_reference	DR_DQ_candidate_novel_annotation
NA18976#1	HLA-DRB3	1	1	1		1	1	assembly_or_reference	DR_DQ_candidate_novel_annotation
NA18976#1	HLA-DRB4	1	0	0	no_gene_sequence_annotation_not_proven_absence	1	1	assembly_or_reference	DR_DQ_candidate_novel_annotation
NA18976#1	HLA-DRB5	1	0	0	no_gene_sequence_annotation_not_proven_absence	1	1	assembly_or_reference	DR_DQ_candidate_novel_annotation
NA18976#2	HLA-A	1	1	1		1	1	assembly_or_reference	DR_DQ_candidate_novel_annotation
NA18976#2	HLA-B	1	1	1		1	1	assembly_or_reference	DR_DQ_candidate_novel_annotation
NA18976#2	HLA-C	1	1	1		1	1	assembly_or_reference	DR_DQ_candidate_novel_annotation
NA18976#2	HLA-DRB1	1	1	1		1	1	assembly_or_reference	DR_DQ_candidate_novel_annotation
NA18976#2	HLA-DQA1	1	1	1		1	1	assembly_or_reference	DR_DQ_candidate_novel_annotation
NA18976#2	HLA-DQB1	1	1	1		1	1	assembly_or_reference	DR_DQ_candidate_novel_annotation
NA18976#2	HLA-DPA1	1	1	1		1	1	assembly_or_reference	DR_DQ_candidate_novel_annotation
NA18976#2	HLA-DPB1	1	1	1		1	1	assembly_or_reference	DR_DQ_candidate_novel_annotation
NA18976#2	HLA-DRB3	1	1	1		1	1	assembly_or_reference	DR_DQ_candidate_novel_annotation
NA18976#2	HLA-DRB4	1	0	0	no_gene_sequence_annotation_not_proven_absence	1	1	assembly_or_reference	DR_DQ_candidate_novel_annotation
NA18976#2	HLA-DRB5	1	0	0	no_gene_sequence_annotation_not_proven_absence	1	1	assembly_or_reference	DR_DQ_candidate_novel_annotation
NA18982#1	HLA-A	1	1	1		1	1	assembly_or_reference	DR_DQ_candidate_novel_annotation
NA18982#1	HLA-B	1	1	1		1	1	assembly_or_reference	DR_DQ_candidate_novel_annotation
NA18982#1	HLA-C	1	1	1		1	1	assembly_or_reference	DR_DQ_candidate_novel_annotation
NA18982#1	HLA-DRB1	1	1	1		1	1	assembly_or_reference	DR_DQ_candidate_novel_annotation
NA18982#1	HLA-DQA1	1	1	1		1	1	assembly_or_reference	DR_DQ_candidate_novel_annotation
NA18982#1	HLA-DQB1	1	1	1		1	1	assembly_or_reference	DR_DQ_candidate_novel_annotation
NA18982#1	HLA-DPA1	1	1	1		1	1	assembly_or_reference	DR_DQ_candidate_novel_annotation
NA18982#1	HLA-DPB1	1	1	1		1	1	assembly_or_reference	DR_DQ_candidate_novel_annotation
NA18982#1	HLA-DRB3	1	0	0	no_gene_sequence_annotation_not_proven_absence	1	1	assembly_or_reference	DR_DQ_candidate_novel_annotation
NA18982#1	HLA-DRB4	1	0	0	no_gene_sequence_annotation_not_proven_absence	1	1	assembly_or_reference	DR_DQ_candidate_novel_annotation
NA18982#1	HLA-DRB5	1	1	1		1	1	assembly_or_reference	DR_DQ_candidate_novel_annotation
NA18982#2	HLA-A	1	1	1		1	1	assembly_or_reference	
NA18982#2	HLA-B	1	1	1		1	1	assembly_or_reference	
NA18982#2	HLA-C	1	1	1		1	1	assembly_or_reference	
NA18982#2	HLA-DRB1	1	1	1		1	1	assembly_or_reference	
NA18982#2	HLA-DQA1	1	1	1		1	1	assembly_or_reference	
NA18982#2	HLA-DQB1	1	1	1		1	1	assembly_or_reference	
NA18982#2	HLA-DPA1	1	1	1		1	1	assembly_or_reference	
NA18982#2	HLA-DPB1	1	1	1		1	1	assembly_or_reference	
NA18982#2	HLA-DRB3	1	0	0	no_gene_sequence_annotation_not_proven_absence	1	1	assembly_or_reference	
NA18982#2	HLA-DRB4	1	0	0	no_gene_sequence_annotation_not_proven_absence	1	1	assembly_or_reference	
NA18982#2	HLA-DRB5	1	1	1		1	1	assembly_or_reference	
NA18983#1	HLA-A	1	1	1		1	1	assembly_or_reference	DR_DQ_candidate_novel_annotation
NA18983#1	HLA-B	1	1	1		1	1	assembly_or_reference	DR_DQ_candidate_novel_annotation
NA18983#1	HLA-C	1	1	1		1	1	assembly_or_reference	DR_DQ_candidate_novel_annotation
NA18983#1	HLA-DRB1	1	1	1		1	1	assembly_or_reference	DR_DQ_candidate_novel_annotation
NA18983#1	HLA-DQA1	1	1	1		1	1	assembly_or_reference	DR_DQ_candidate_novel_annotation
NA18983#1	HLA-DQB1	1	1	1		1	1	assembly_or_reference	DR_DQ_candidate_novel_annotation
NA18983#1	HLA-DPA1	1	1	1		1	1	assembly_or_reference	DR_DQ_candidate_novel_annotation
NA18983#1	HLA-DPB1	1	1	1		1	1	assembly_or_reference	DR_DQ_candidate_novel_annotation
NA18983#1	HLA-DRB3	1	1	1		1	1	assembly_or_reference	DR_DQ_candidate_novel_annotation
NA18983#1	HLA-DRB4	1	0	0	no_gene_sequence_annotation_not_proven_absence	1	1	assembly_or_reference	DR_DQ_candidate_novel_annotation
NA18983#1	HLA-DRB5	1	0	0	no_gene_sequence_annotation_not_proven_absence	1	1	assembly_or_reference	DR_DQ_candidate_novel_annotation
NA18983#2	HLA-A	1	1	1		1	1	assembly_or_reference	DR_DQ_candidate_novel_annotation;downstream_graph_clipping_loss
NA18983#2	HLA-B	1	1	1		1	1	assembly_or_reference	DR_DQ_candidate_novel_annotation;downstream_graph_clipping_loss
NA18983#2	HLA-C	1	1	1		1	1	assembly_or_reference	DR_DQ_candidate_novel_annotation;downstream_graph_clipping_loss
NA18983#2	HLA-DRB1	1	1	1		1	1	assembly_or_reference	DR_DQ_candidate_novel_annotation;downstream_graph_clipping_loss
NA18983#2	HLA-DQA1	1	1	1		1	1	assembly_or_reference	DR_DQ_candidate_novel_annotation;downstream_graph_clipping_loss
NA18983#2	HLA-DQB1	1	1	1		1	1	assembly_or_reference	DR_DQ_candidate_novel_annotation;downstream_graph_clipping_loss
NA18983#2	HLA-DPA1	1	1	1		1	1	assembly_or_reference	DR_DQ_candidate_novel_annotation;downstream_graph_clipping_loss
NA18983#2	HLA-DPB1	1	1	1		1	1	assembly_or_reference	DR_DQ_candidate_novel_annotation;downstream_graph_clipping_loss
NA18983#2	HLA-DRB3	1	0	0	no_gene_sequence_annotation_not_proven_absence	1	1	assembly_or_reference	DR_DQ_candidate_novel_annotation;downstream_graph_clipping_loss
NA18983#2	HLA-DRB4	1	1	1		1	1	assembly_or_reference	DR_DQ_candidate_novel_annotation;downstream_graph_clipping_loss
NA18983#2	HLA-DRB5	1	0	0	no_gene_sequence_annotation_not_proven_absence	1	1	assembly_or_reference	DR_DQ_candidate_novel_annotation;downstream_graph_clipping_loss
NA18990#1	HLA-A	1	1	1		1	1	assembly_or_reference	
NA18990#1	HLA-B	1	1	1		1	1	assembly_or_reference	
NA18990#1	HLA-C	1	1	1		1	1	assembly_or_reference	
NA18990#1	HLA-DRB1	1	1	1		1	1	assembly_or_reference	
NA18990#1	HLA-DQA1	1	1	1		1	1	assembly_or_reference	
NA18990#1	HLA-DQB1	1	1	1		1	1	assembly_or_reference	
NA18990#1	HLA-DPA1	1	1	1		1	1	assembly_or_reference	
NA18990#1	HLA-DPB1	1	1	1		1	1	assembly_or_reference	
NA18990#1	HLA-DRB3	1	1	1		1	1	assembly_or_reference	
NA18990#1	HLA-DRB4	1	0	0	no_gene_sequence_annotation_not_proven_absence	1	1	assembly_or_reference	
NA18990#1	HLA-DRB5	1	0	0	no_gene_sequence_annotation_not_proven_absence	1	1	assembly_or_reference	
NA18990#2	HLA-A	1	1	1		1	1	assembly_or_reference	DR_DQ_candidate_novel_annotation
NA18990#2	HLA-B	1	1	1		1	1	assembly_or_reference	DR_DQ_candidate_novel_annotation
NA18990#2	HLA-C	1	1	1		1	1	assembly_or_reference	DR_DQ_candidate_novel_annotation
NA18990#2	HLA-DRB1	1	1	1		1	1	assembly_or_reference	DR_DQ_candidate_novel_annotation
NA18990#2	HLA-DQA1	1	1	1		1	1	assembly_or_reference	DR_DQ_candidate_novel_annotation
NA18990#2	HLA-DQB1	1	1	1		1	1	assembly_or_reference	DR_DQ_candidate_novel_annotation
NA18990#2	HLA-DPA1	1	1	1		1	1	assembly_or_reference	DR_DQ_candidate_novel_annotation
NA18990#2	HLA-DPB1	1	1	1		1	1	assembly_or_reference	DR_DQ_candidate_novel_annotation
NA18990#2	HLA-DRB3	1	0	0	no_gene_sequence_annotation_not_proven_absence	1	1	assembly_or_reference	DR_DQ_candidate_novel_annotation
NA18990#2	HLA-DRB4	1	1	1		1	1	assembly_or_reference	DR_DQ_candidate_novel_annotation
NA18990#2	HLA-DRB5	1	0	0	no_gene_sequence_annotation_not_proven_absence	1	1	assembly_or_reference	DR_DQ_candidate_novel_annotation
NA19007#1	HLA-A	1	1	1		1	1	assembly_or_reference	DR_DQ_candidate_novel_annotation
NA19007#1	HLA-B	1	1	1		1	1	assembly_or_reference	DR_DQ_candidate_novel_annotation
NA19007#1	HLA-C	1	1	1		1	1	assembly_or_reference	DR_DQ_candidate_novel_annotation
NA19007#1	HLA-DRB1	1	1	1		1	1	assembly_or_reference	DR_DQ_candidate_novel_annotation
NA19007#1	HLA-DQA1	1	1	1		1	1	assembly_or_reference	DR_DQ_candidate_novel_annotation
NA19007#1	HLA-DQB1	1	1	1		1	1	assembly_or_reference	DR_DQ_candidate_novel_annotation
NA19007#1	HLA-DPA1	1	1	1		1	1	assembly_or_reference	DR_DQ_candidate_novel_annotation
NA19007#1	HLA-DPB1	1	1	1		1	1	assembly_or_reference	DR_DQ_candidate_novel_annotation
NA19007#1	HLA-DRB3	1	0	0	no_gene_sequence_annotation_not_proven_absence	1	1	assembly_or_reference	DR_DQ_candidate_novel_annotation
NA19007#1	HLA-DRB4	1	1	1		1	1	assembly_or_reference	DR_DQ_candidate_novel_annotation
NA19007#1	HLA-DRB5	1	0	0	no_gene_sequence_annotation_not_proven_absence	1	1	assembly_or_reference	DR_DQ_candidate_novel_annotation
NA19007#2	HLA-A	1	1	1		1	1	assembly_or_reference	
NA19007#2	HLA-B	1	1	1		1	1	assembly_or_reference	
NA19007#2	HLA-C	1	1	1		1	1	assembly_or_reference	
NA19007#2	HLA-DRB1	1	1	1		1	1	assembly_or_reference	
NA19007#2	HLA-DQA1	1	1	1		1	1	assembly_or_reference	
NA19007#2	HLA-DQB1	1	1	1		1	1	assembly_or_reference	
NA19007#2	HLA-DPA1	1	1	1		1	1	assembly_or_reference	
NA19007#2	HLA-DPB1	1	1	1		1	1	assembly_or_reference	
NA19007#2	HLA-DRB3	1	0	0	no_gene_sequence_annotation_not_proven_absence	1	1	assembly_or_reference	
NA19007#2	HLA-DRB4	1	0	0	no_gene_sequence_annotation_not_proven_absence	1	1	assembly_or_reference	
NA19007#2	HLA-DRB5	1	0	0	no_gene_sequence_annotation_not_proven_absence	1	1	assembly_or_reference	
NA19036#1	HLA-A	1	1	1		1	1	assembly_or_reference	
NA19036#1	HLA-B	1	1	1		1	1	assembly_or_reference	
NA19036#1	HLA-C	1	1	1		1	1	assembly_or_reference	
NA19036#1	HLA-DRB1	1	1	1		1	1	assembly_or_reference	
NA19036#1	HLA-DQA1	1	1	1		1	1	assembly_or_reference	
NA19036#1	HLA-DQB1	1	1	1		1	1	assembly_or_reference	
NA19036#1	HLA-DPA1	1	1	1		1	1	assembly_or_reference	
NA19036#1	HLA-DPB1	1	1	1		1	1	assembly_or_reference	
NA19036#1	HLA-DRB3	1	1	1		1	1	assembly_or_reference	
NA19036#1	HLA-DRB4	1	0	0	no_gene_sequence_annotation_not_proven_absence	1	1	assembly_or_reference	
NA19036#1	HLA-DRB5	1	0	0	no_gene_sequence_annotation_not_proven_absence	1	1	assembly_or_reference	
NA19036#2	HLA-A	1	1	1		1	1	assembly_or_reference	DR_DQ_candidate_novel_annotation
NA19036#2	HLA-B	1	1	1		1	1	assembly_or_reference	DR_DQ_candidate_novel_annotation
NA19036#2	HLA-C	1	1	1		1	1	assembly_or_reference	DR_DQ_candidate_novel_annotation
NA19036#2	HLA-DRB1	1	1	1		1	1	assembly_or_reference	DR_DQ_candidate_novel_annotation
NA19036#2	HLA-DQA1	1	1	1		1	1	assembly_or_reference	DR_DQ_candidate_novel_annotation
NA19036#2	HLA-DQB1	1	1	1		1	1	assembly_or_reference	DR_DQ_candidate_novel_annotation
NA19036#2	HLA-DPA1	1	1	1		1	1	assembly_or_reference	DR_DQ_candidate_novel_annotation
NA19036#2	HLA-DPB1	1	1	1		1	1	assembly_or_reference	DR_DQ_candidate_novel_annotation
NA19036#2	HLA-DRB3	1	1	1		1	1	assembly_or_reference	DR_DQ_candidate_novel_annotation
NA19036#2	HLA-DRB4	1	0	0	no_gene_sequence_annotation_not_proven_absence	1	1	assembly_or_reference	DR_DQ_candidate_novel_annotation
NA19036#2	HLA-DRB5	1	0	0	no_gene_sequence_annotation_not_proven_absence	1	1	assembly_or_reference	DR_DQ_candidate_novel_annotation
NA19043#1	HLA-A	1	1	1		1	1	assembly_or_reference	
NA19043#1	HLA-B	1	1	1		1	1	assembly_or_reference	
NA19043#1	HLA-C	1	1	1		1	1	assembly_or_reference	
NA19043#1	HLA-DRB1	1	1	1		1	1	assembly_or_reference	
NA19043#1	HLA-DQA1	1	1	1		1	1	assembly_or_reference	
NA19043#1	HLA-DQB1	1	1	1		1	1	assembly_or_reference	
NA19043#1	HLA-DPA1	1	1	1		1	1	assembly_or_reference	
NA19043#1	HLA-DPB1	1	1	1		1	1	assembly_or_reference	
NA19043#1	HLA-DRB3	1	1	1		1	1	assembly_or_reference	
NA19043#1	HLA-DRB4	1	0	0	no_gene_sequence_annotation_not_proven_absence	1	1	assembly_or_reference	
NA19043#1	HLA-DRB5	1	0	0	no_gene_sequence_annotation_not_proven_absence	1	1	assembly_or_reference	
NA19043#2	HLA-A	1	1	1		1	1	assembly_or_reference	
NA19043#2	HLA-B	1	1	1		1	1	assembly_or_reference	
NA19043#2	HLA-C	1	1	1		1	1	assembly_or_reference	
NA19043#2	HLA-DRB1	1	1	1		1	1	assembly_or_reference	
NA19043#2	HLA-DQA1	1	1	1		1	1	assembly_or_reference	
NA19043#2	HLA-DQB1	1	1	1		1	1	assembly_or_reference	
NA19043#2	HLA-DPA1	1	1	1		1	1	assembly_or_reference	
NA19043#2	HLA-DPB1	1	1	1		1	1	assembly_or_reference	
NA19043#2	HLA-DRB3	1	1	1		1	1	assembly_or_reference	
NA19043#2	HLA-DRB4	1	0	0	no_gene_sequence_annotation_not_proven_absence	1	1	assembly_or_reference	
NA19043#2	HLA-DRB5	1	0	0	no_gene_sequence_annotation_not_proven_absence	1	1	assembly_or_reference	
NA19066#1	HLA-A	1	1	1		1	1	assembly_or_reference	DR_DQ_candidate_novel_annotation
NA19066#1	HLA-B	1	1	1		1	1	assembly_or_reference	DR_DQ_candidate_novel_annotation
NA19066#1	HLA-C	1	1	1		1	1	assembly_or_reference	DR_DQ_candidate_novel_annotation
NA19066#1	HLA-DRB1	1	1	1		1	1	assembly_or_reference	DR_DQ_candidate_novel_annotation
NA19066#1	HLA-DQA1	1	1	1		1	1	assembly_or_reference	DR_DQ_candidate_novel_annotation
NA19066#1	HLA-DQB1	1	1	1		1	1	assembly_or_reference	DR_DQ_candidate_novel_annotation
NA19066#1	HLA-DPA1	1	1	1		1	1	assembly_or_reference	DR_DQ_candidate_novel_annotation
NA19066#1	HLA-DPB1	1	1	1		1	1	assembly_or_reference	DR_DQ_candidate_novel_annotation
NA19066#1	HLA-DRB3	1	0	0	no_gene_sequence_annotation_not_proven_absence	1	1	assembly_or_reference	DR_DQ_candidate_novel_annotation
NA19066#1	HLA-DRB4	1	0	0	no_gene_sequence_annotation_not_proven_absence	1	1	assembly_or_reference	DR_DQ_candidate_novel_annotation
NA19066#1	HLA-DRB5	1	1	1		1	1	assembly_or_reference	DR_DQ_candidate_novel_annotation
NA19066#2	HLA-A	1	1	1		1	1	assembly_or_reference	
NA19066#2	HLA-B	1	1	1		1	1	assembly_or_reference	
NA19066#2	HLA-C	1	1	1		1	1	assembly_or_reference	
NA19066#2	HLA-DRB1	1	1	1		1	1	assembly_or_reference	
NA19066#2	HLA-DQA1	1	1	1		1	1	assembly_or_reference	
NA19066#2	HLA-DQB1	1	1	1		1	1	assembly_or_reference	
NA19066#2	HLA-DPA1	1	1	1		1	1	assembly_or_reference	
NA19066#2	HLA-DPB1	1	1	1		1	1	assembly_or_reference	
NA19066#2	HLA-DRB3	1	0	0	no_gene_sequence_annotation_not_proven_absence	1	1	assembly_or_reference	
NA19066#2	HLA-DRB4	1	1	1		1	1	assembly_or_reference	
NA19066#2	HLA-DRB5	1	0	0	no_gene_sequence_annotation_not_proven_absence	1	1	assembly_or_reference	
NA19079#1	HLA-A	1	1	1		1	1	assembly_or_reference	DR_DQ_candidate_novel_annotation;downstream_graph_clipping_loss
NA19079#1	HLA-B	1	1	1		1	1	assembly_or_reference	DR_DQ_candidate_novel_annotation;downstream_graph_clipping_loss
NA19079#1	HLA-C	1	1	1		1	1	assembly_or_reference	DR_DQ_candidate_novel_annotation;downstream_graph_clipping_loss
NA19079#1	HLA-DRB1	1	1	1		1	1	assembly_or_reference	DR_DQ_candidate_novel_annotation;downstream_graph_clipping_loss
NA19079#1	HLA-DQA1	1	1	1		1	1	assembly_or_reference	DR_DQ_candidate_novel_annotation;downstream_graph_clipping_loss
NA19079#1	HLA-DQB1	1	1	1		1	1	assembly_or_reference	DR_DQ_candidate_novel_annotation;downstream_graph_clipping_loss
NA19079#1	HLA-DPA1	1	1	1		1	1	assembly_or_reference	DR_DQ_candidate_novel_annotation;downstream_graph_clipping_loss
NA19079#1	HLA-DPB1	1	1	1		1	1	assembly_or_reference	DR_DQ_candidate_novel_annotation;downstream_graph_clipping_loss
NA19079#1	HLA-DRB3	1	0	0	no_gene_sequence_annotation_not_proven_absence	1	1	assembly_or_reference	DR_DQ_candidate_novel_annotation;downstream_graph_clipping_loss
NA19079#1	HLA-DRB4	1	1	1		1	1	assembly_or_reference	DR_DQ_candidate_novel_annotation;downstream_graph_clipping_loss
NA19079#1	HLA-DRB5	1	0	0	no_gene_sequence_annotation_not_proven_absence	1	1	assembly_or_reference	DR_DQ_candidate_novel_annotation;downstream_graph_clipping_loss
NA19079#2	HLA-A	1	1	1		1	1	assembly_or_reference	DR_DQ_candidate_novel_annotation
NA19079#2	HLA-B	1	1	1		1	1	assembly_or_reference	DR_DQ_candidate_novel_annotation
NA19079#2	HLA-C	1	1	1		1	1	assembly_or_reference	DR_DQ_candidate_novel_annotation
NA19079#2	HLA-DRB1	1	1	1		1	1	assembly_or_reference	DR_DQ_candidate_novel_annotation
NA19079#2	HLA-DQA1	1	1	1		1	1	assembly_or_reference	DR_DQ_candidate_novel_annotation
NA19079#2	HLA-DQB1	1	1	1		1	1	assembly_or_reference	DR_DQ_candidate_novel_annotation
NA19079#2	HLA-DPA1	1	1	1		1	1	assembly_or_reference	DR_DQ_candidate_novel_annotation
NA19079#2	HLA-DPB1	1	1	1		1	1	assembly_or_reference	DR_DQ_candidate_novel_annotation
NA19079#2	HLA-DRB3	1	1	1		1	1	assembly_or_reference	DR_DQ_candidate_novel_annotation
NA19079#2	HLA-DRB4	1	0	0	no_gene_sequence_annotation_not_proven_absence	1	1	assembly_or_reference	DR_DQ_candidate_novel_annotation
NA19079#2	HLA-DRB5	1	0	0	no_gene_sequence_annotation_not_proven_absence	1	1	assembly_or_reference	DR_DQ_candidate_novel_annotation
NA19087#1	HLA-A	1	1	1		1	1	assembly_or_reference	DR_DQ_candidate_novel_annotation
NA19087#1	HLA-B	1	1	1		1	1	assembly_or_reference	DR_DQ_candidate_novel_annotation
NA19087#1	HLA-C	1	1	1		1	1	assembly_or_reference	DR_DQ_candidate_novel_annotation
NA19087#1	HLA-DRB1	1	1	1		1	1	assembly_or_reference	DR_DQ_candidate_novel_annotation
NA19087#1	HLA-DQA1	1	1	1		1	1	assembly_or_reference	DR_DQ_candidate_novel_annotation
NA19087#1	HLA-DQB1	1	1	1		1	1	assembly_or_reference	DR_DQ_candidate_novel_annotation
NA19087#1	HLA-DPA1	1	1	1		1	1	assembly_or_reference	DR_DQ_candidate_novel_annotation
NA19087#1	HLA-DPB1	1	1	1		1	1	assembly_or_reference	DR_DQ_candidate_novel_annotation
NA19087#1	HLA-DRB3	1	0	0	no_gene_sequence_annotation_not_proven_absence	1	1	assembly_or_reference	DR_DQ_candidate_novel_annotation
NA19087#1	HLA-DRB4	1	1	1		1	1	assembly_or_reference	DR_DQ_candidate_novel_annotation
NA19087#1	HLA-DRB5	1	0	0	no_gene_sequence_annotation_not_proven_absence	1	1	assembly_or_reference	DR_DQ_candidate_novel_annotation
NA19087#2	HLA-A	1	1	1		1	1	assembly_or_reference	DR_DQ_candidate_novel_annotation
NA19087#2	HLA-B	1	1	1		1	1	assembly_or_reference	DR_DQ_candidate_novel_annotation
NA19087#2	HLA-C	1	1	1		1	1	assembly_or_reference	DR_DQ_candidate_novel_annotation
NA19087#2	HLA-DRB1	1	1	1		1	1	assembly_or_reference	DR_DQ_candidate_novel_annotation
NA19087#2	HLA-DQA1	1	1	1		1	1	assembly_or_reference	DR_DQ_candidate_novel_annotation
NA19087#2	HLA-DQB1	1	1	1		1	1	assembly_or_reference	DR_DQ_candidate_novel_annotation
NA19087#2	HLA-DPA1	1	1	1		1	1	assembly_or_reference	DR_DQ_candidate_novel_annotation
NA19087#2	HLA-DPB1	1	1	1		1	1	assembly_or_reference	DR_DQ_candidate_novel_annotation
NA19087#2	HLA-DRB3	1	1	1		1	1	assembly_or_reference	DR_DQ_candidate_novel_annotation
NA19087#2	HLA-DRB4	1	0	0	no_gene_sequence_annotation_not_proven_absence	1	1	assembly_or_reference	DR_DQ_candidate_novel_annotation
NA19087#2	HLA-DRB5	1	0	0	no_gene_sequence_annotation_not_proven_absence	1	1	assembly_or_reference	DR_DQ_candidate_novel_annotation
NA19088#1	HLA-A	1	1	1		1	1	assembly_or_reference	DR_DQ_candidate_novel_annotation
NA19088#1	HLA-B	1	1	1		1	1	assembly_or_reference	DR_DQ_candidate_novel_annotation
NA19088#1	HLA-C	1	1	1		1	1	assembly_or_reference	DR_DQ_candidate_novel_annotation
NA19088#1	HLA-DRB1	1	1	1		1	1	assembly_or_reference	DR_DQ_candidate_novel_annotation
NA19088#1	HLA-DQA1	1	1	1		1	1	assembly_or_reference	DR_DQ_candidate_novel_annotation
NA19088#1	HLA-DQB1	1	1	1		1	1	assembly_or_reference	DR_DQ_candidate_novel_annotation
NA19088#1	HLA-DPA1	1	1	1		1	1	assembly_or_reference	DR_DQ_candidate_novel_annotation
NA19088#1	HLA-DPB1	1	1	1		1	1	assembly_or_reference	DR_DQ_candidate_novel_annotation
NA19088#1	HLA-DRB3	1	1	1		1	1	assembly_or_reference	DR_DQ_candidate_novel_annotation
NA19088#1	HLA-DRB4	1	0	0	no_gene_sequence_annotation_not_proven_absence	1	1	assembly_or_reference	DR_DQ_candidate_novel_annotation
NA19088#1	HLA-DRB5	1	0	0	no_gene_sequence_annotation_not_proven_absence	1	1	assembly_or_reference	DR_DQ_candidate_novel_annotation
NA19088#2	HLA-A	1	1	1		1	1	assembly_or_reference	DR_DQ_candidate_novel_annotation;downstream_graph_clipping_loss
NA19088#2	HLA-B	1	1	1		1	1	assembly_or_reference	DR_DQ_candidate_novel_annotation;downstream_graph_clipping_loss
NA19088#2	HLA-C	1	1	1		1	1	assembly_or_reference	DR_DQ_candidate_novel_annotation;downstream_graph_clipping_loss
NA19088#2	HLA-DRB1	1	1	1		1	1	assembly_or_reference	DR_DQ_candidate_novel_annotation;downstream_graph_clipping_loss
NA19088#2	HLA-DQA1	1	1	1		1	1	assembly_or_reference	DR_DQ_candidate_novel_annotation;downstream_graph_clipping_loss
NA19088#2	HLA-DQB1	1	1	1		1	1	assembly_or_reference	DR_DQ_candidate_novel_annotation;downstream_graph_clipping_loss
NA19088#2	HLA-DPA1	1	1	1		1	1	assembly_or_reference	DR_DQ_candidate_novel_annotation;downstream_graph_clipping_loss
NA19088#2	HLA-DPB1	1	1	1		1	1	assembly_or_reference	DR_DQ_candidate_novel_annotation;downstream_graph_clipping_loss
NA19088#2	HLA-DRB3	1	0	0	no_gene_sequence_annotation_not_proven_absence	1	1	assembly_or_reference	DR_DQ_candidate_novel_annotation;downstream_graph_clipping_loss
NA19088#2	HLA-DRB4	1	1	1		1	1	assembly_or_reference	DR_DQ_candidate_novel_annotation;downstream_graph_clipping_loss
NA19088#2	HLA-DRB5	1	0	0	no_gene_sequence_annotation_not_proven_absence	1	1	assembly_or_reference	DR_DQ_candidate_novel_annotation;downstream_graph_clipping_loss
NA19159#1	HLA-A	1	1	1		1	0	assembly_or_reference	DR_DQ_candidate_novel_annotation
NA19159#1	HLA-B	1	1	1		1	0	assembly_or_reference	DR_DQ_candidate_novel_annotation
NA19159#1	HLA-C	1	1	1		1	0	assembly_or_reference	DR_DQ_candidate_novel_annotation
NA19159#1	HLA-DRB1	1	1	0	no_current_exact_cds_match	1	0	assembly_or_reference	DR_DQ_candidate_novel_annotation
NA19159#1	HLA-DQA1	1	1	1		1	0	assembly_or_reference	DR_DQ_candidate_novel_annotation
NA19159#1	HLA-DQB1	1	1	1		1	0	assembly_or_reference	DR_DQ_candidate_novel_annotation
NA19159#1	HLA-DPA1	1	1	1		1	0	assembly_or_reference	DR_DQ_candidate_novel_annotation
NA19159#1	HLA-DPB1	1	1	1		1	0	assembly_or_reference	DR_DQ_candidate_novel_annotation
NA19159#1	HLA-DRB3	1	1	1		1	0	assembly_or_reference	DR_DQ_candidate_novel_annotation
NA19159#1	HLA-DRB4	1	0	0	no_gene_sequence_annotation_not_proven_absence	1	0	assembly_or_reference	DR_DQ_candidate_novel_annotation
NA19159#1	HLA-DRB5	1	0	0	no_gene_sequence_annotation_not_proven_absence	1	0	assembly_or_reference	DR_DQ_candidate_novel_annotation
NA19159#2	HLA-A	1	1	1		1	1	assembly_or_reference	DR_DQ_candidate_novel_annotation
NA19159#2	HLA-B	1	1	1		1	1	assembly_or_reference	DR_DQ_candidate_novel_annotation
NA19159#2	HLA-C	1	1	1		1	1	assembly_or_reference	DR_DQ_candidate_novel_annotation
NA19159#2	HLA-DRB1	1	1	1		1	1	assembly_or_reference	DR_DQ_candidate_novel_annotation
NA19159#2	HLA-DQA1	1	1	1		1	1	assembly_or_reference	DR_DQ_candidate_novel_annotation
NA19159#2	HLA-DQB1	1	1	1		1	1	assembly_or_reference	DR_DQ_candidate_novel_annotation
NA19159#2	HLA-DPA1	1	1	1		1	1	assembly_or_reference	DR_DQ_candidate_novel_annotation
NA19159#2	HLA-DPB1	1	1	1		1	1	assembly_or_reference	DR_DQ_candidate_novel_annotation
NA19159#2	HLA-DRB3	1	0	0	no_gene_sequence_annotation_not_proven_absence	1	1	assembly_or_reference	DR_DQ_candidate_novel_annotation
NA19159#2	HLA-DRB4	1	1	1		1	1	assembly_or_reference	DR_DQ_candidate_novel_annotation
NA19159#2	HLA-DRB5	1	0	0	no_gene_sequence_annotation_not_proven_absence	1	1	assembly_or_reference	DR_DQ_candidate_novel_annotation
NA19185#1	HLA-A	1	1	1		1	1	assembly_or_reference	DR_DQ_candidate_novel_annotation
NA19185#1	HLA-B	1	1	1		1	1	assembly_or_reference	DR_DQ_candidate_novel_annotation
NA19185#1	HLA-C	1	1	1		1	1	assembly_or_reference	DR_DQ_candidate_novel_annotation
NA19185#1	HLA-DRB1	1	1	1		1	1	assembly_or_reference	DR_DQ_candidate_novel_annotation
NA19185#1	HLA-DQA1	1	1	1		1	1	assembly_or_reference	DR_DQ_candidate_novel_annotation
NA19185#1	HLA-DQB1	1	1	1		1	1	assembly_or_reference	DR_DQ_candidate_novel_annotation
NA19185#1	HLA-DPA1	1	1	1		1	1	assembly_or_reference	DR_DQ_candidate_novel_annotation
NA19185#1	HLA-DPB1	1	1	1		1	1	assembly_or_reference	DR_DQ_candidate_novel_annotation
NA19185#1	HLA-DRB3	1	1	1		1	1	assembly_or_reference	DR_DQ_candidate_novel_annotation
NA19185#1	HLA-DRB4	1	0	0	no_gene_sequence_annotation_not_proven_absence	1	1	assembly_or_reference	DR_DQ_candidate_novel_annotation
NA19185#1	HLA-DRB5	1	0	0	no_gene_sequence_annotation_not_proven_absence	1	1	assembly_or_reference	DR_DQ_candidate_novel_annotation
NA19185#2	HLA-A	1	1	1		1	1	assembly_or_reference	DR_DQ_candidate_novel_annotation
NA19185#2	HLA-B	1	1	1		1	1	assembly_or_reference	DR_DQ_candidate_novel_annotation
NA19185#2	HLA-C	1	1	1		1	1	assembly_or_reference	DR_DQ_candidate_novel_annotation
NA19185#2	HLA-DRB1	1	1	1		1	1	assembly_or_reference	DR_DQ_candidate_novel_annotation
NA19185#2	HLA-DQA1	1	1	1		1	1	assembly_or_reference	DR_DQ_candidate_novel_annotation
NA19185#2	HLA-DQB1	1	1	1		1	1	assembly_or_reference	DR_DQ_candidate_novel_annotation
NA19185#2	HLA-DPA1	1	1	1		1	1	assembly_or_reference	DR_DQ_candidate_novel_annotation
NA19185#2	HLA-DPB1	1	1	1		1	1	assembly_or_reference	DR_DQ_candidate_novel_annotation
NA19185#2	HLA-DRB3	1	1	1		1	1	assembly_or_reference	DR_DQ_candidate_novel_annotation
NA19185#2	HLA-DRB4	1	0	0	no_gene_sequence_annotation_not_proven_absence	1	1	assembly_or_reference	DR_DQ_candidate_novel_annotation
NA19185#2	HLA-DRB5	1	0	0	no_gene_sequence_annotation_not_proven_absence	1	1	assembly_or_reference	DR_DQ_candidate_novel_annotation
NA19240#1	HLA-A	1	1	1		1	1	assembly_or_reference	DR_DQ_candidate_novel_annotation
NA19240#1	HLA-B	1	1	1		1	1	assembly_or_reference	DR_DQ_candidate_novel_annotation
NA19240#1	HLA-C	1	1	1		1	1	assembly_or_reference	DR_DQ_candidate_novel_annotation
NA19240#1	HLA-DRB1	1	1	1		1	1	assembly_or_reference	DR_DQ_candidate_novel_annotation
NA19240#1	HLA-DQA1	1	1	1		1	1	assembly_or_reference	DR_DQ_candidate_novel_annotation
NA19240#1	HLA-DQB1	1	1	1		1	1	assembly_or_reference	DR_DQ_candidate_novel_annotation
NA19240#1	HLA-DPA1	1	1	1		1	1	assembly_or_reference	DR_DQ_candidate_novel_annotation
NA19240#1	HLA-DPB1	1	1	1		1	1	assembly_or_reference	DR_DQ_candidate_novel_annotation
NA19240#1	HLA-DRB3	1	1	1		1	1	assembly_or_reference	DR_DQ_candidate_novel_annotation
NA19240#1	HLA-DRB4	1	0	0	no_gene_sequence_annotation_not_proven_absence	1	1	assembly_or_reference	DR_DQ_candidate_novel_annotation
NA19240#1	HLA-DRB5	1	0	0	no_gene_sequence_annotation_not_proven_absence	1	1	assembly_or_reference	DR_DQ_candidate_novel_annotation
NA19240#2	HLA-A	1	1	1		1	1	assembly_or_reference	DR_DQ_candidate_novel_annotation
NA19240#2	HLA-B	1	1	1		1	1	assembly_or_reference	DR_DQ_candidate_novel_annotation
NA19240#2	HLA-C	1	1	1		1	1	assembly_or_reference	DR_DQ_candidate_novel_annotation
NA19240#2	HLA-DRB1	1	1	1		1	1	assembly_or_reference	DR_DQ_candidate_novel_annotation
NA19240#2	HLA-DQA1	1	1	1		1	1	assembly_or_reference	DR_DQ_candidate_novel_annotation
NA19240#2	HLA-DQB1	1	1	1		1	1	assembly_or_reference	DR_DQ_candidate_novel_annotation
NA19240#2	HLA-DPA1	1	1	1		1	1	assembly_or_reference	DR_DQ_candidate_novel_annotation
NA19240#2	HLA-DPB1	1	1	1		1	1	assembly_or_reference	DR_DQ_candidate_novel_annotation
NA19240#2	HLA-DRB3	1	0	0	no_gene_sequence_annotation_not_proven_absence	1	1	assembly_or_reference	DR_DQ_candidate_novel_annotation
NA19240#2	HLA-DRB4	1	0	0	no_gene_sequence_annotation_not_proven_absence	1	1	assembly_or_reference	DR_DQ_candidate_novel_annotation
NA19240#2	HLA-DRB5	1	1	1		1	1	assembly_or_reference	DR_DQ_candidate_novel_annotation
NA19338#1	HLA-A	1	1	1		1	1	assembly_or_reference	DR_DQ_candidate_novel_annotation
NA19338#1	HLA-B	1	1	1		1	1	assembly_or_reference	DR_DQ_candidate_novel_annotation
NA19338#1	HLA-C	1	1	1		1	1	assembly_or_reference	DR_DQ_candidate_novel_annotation
NA19338#1	HLA-DRB1	1	1	1		1	1	assembly_or_reference	DR_DQ_candidate_novel_annotation
NA19338#1	HLA-DQA1	1	1	1		1	1	assembly_or_reference	DR_DQ_candidate_novel_annotation
NA19338#1	HLA-DQB1	1	1	1		1	1	assembly_or_reference	DR_DQ_candidate_novel_annotation
NA19338#1	HLA-DPA1	1	1	1		1	1	assembly_or_reference	DR_DQ_candidate_novel_annotation
NA19338#1	HLA-DPB1	1	1	1		1	1	assembly_or_reference	DR_DQ_candidate_novel_annotation
NA19338#1	HLA-DRB3	1	1	1		1	1	assembly_or_reference	DR_DQ_candidate_novel_annotation
NA19338#1	HLA-DRB4	1	0	0	no_gene_sequence_annotation_not_proven_absence	1	1	assembly_or_reference	DR_DQ_candidate_novel_annotation
NA19338#1	HLA-DRB5	1	0	0	no_gene_sequence_annotation_not_proven_absence	1	1	assembly_or_reference	DR_DQ_candidate_novel_annotation
NA19338#2	HLA-A	1	1	1		1	1	assembly_or_reference	
NA19338#2	HLA-B	1	1	1		1	1	assembly_or_reference	
NA19338#2	HLA-C	1	1	1		1	1	assembly_or_reference	
NA19338#2	HLA-DRB1	1	1	1		1	1	assembly_or_reference	
NA19338#2	HLA-DQA1	1	1	1		1	1	assembly_or_reference	
NA19338#2	HLA-DQB1	1	1	1		1	1	assembly_or_reference	
NA19338#2	HLA-DPA1	1	1	1		1	1	assembly_or_reference	
NA19338#2	HLA-DPB1	1	1	1		1	1	assembly_or_reference	
NA19338#2	HLA-DRB3	1	0	0	no_gene_sequence_annotation_not_proven_absence	1	1	assembly_or_reference	
NA19338#2	HLA-DRB4	1	0	0	no_gene_sequence_annotation_not_proven_absence	1	1	assembly_or_reference	
NA19338#2	HLA-DRB5	1	1	1		1	1	assembly_or_reference	
NA19391#1	HLA-A	1	1	1		1	1	assembly_or_reference	DR_DQ_candidate_novel_annotation
NA19391#1	HLA-B	1	1	1		1	1	assembly_or_reference	DR_DQ_candidate_novel_annotation
NA19391#1	HLA-C	1	1	1		1	1	assembly_or_reference	DR_DQ_candidate_novel_annotation
NA19391#1	HLA-DRB1	1	1	1		1	1	assembly_or_reference	DR_DQ_candidate_novel_annotation
NA19391#1	HLA-DQA1	1	1	1		1	1	assembly_or_reference	DR_DQ_candidate_novel_annotation
NA19391#1	HLA-DQB1	1	1	1		1	1	assembly_or_reference	DR_DQ_candidate_novel_annotation
NA19391#1	HLA-DPA1	1	1	1		1	1	assembly_or_reference	DR_DQ_candidate_novel_annotation
NA19391#1	HLA-DPB1	1	1	1		1	1	assembly_or_reference	DR_DQ_candidate_novel_annotation
NA19391#1	HLA-DRB3	1	1	1		1	1	assembly_or_reference	DR_DQ_candidate_novel_annotation
NA19391#1	HLA-DRB4	1	0	0	no_gene_sequence_annotation_not_proven_absence	1	1	assembly_or_reference	DR_DQ_candidate_novel_annotation
NA19391#1	HLA-DRB5	1	0	0	no_gene_sequence_annotation_not_proven_absence	1	1	assembly_or_reference	DR_DQ_candidate_novel_annotation
NA19391#2	HLA-A	1	1	1		1	1	assembly_or_reference	DR_DQ_candidate_novel_annotation
NA19391#2	HLA-B	1	1	1		1	1	assembly_or_reference	DR_DQ_candidate_novel_annotation
NA19391#2	HLA-C	1	1	1		1	1	assembly_or_reference	DR_DQ_candidate_novel_annotation
NA19391#2	HLA-DRB1	1	1	1		1	1	assembly_or_reference	DR_DQ_candidate_novel_annotation
NA19391#2	HLA-DQA1	1	1	1		1	1	assembly_or_reference	DR_DQ_candidate_novel_annotation
NA19391#2	HLA-DQB1	1	1	1		1	1	assembly_or_reference	DR_DQ_candidate_novel_annotation
NA19391#2	HLA-DPA1	1	1	1		1	1	assembly_or_reference	DR_DQ_candidate_novel_annotation
NA19391#2	HLA-DPB1	1	1	1		1	1	assembly_or_reference	DR_DQ_candidate_novel_annotation
NA19391#2	HLA-DRB3	1	1	1		1	1	assembly_or_reference	DR_DQ_candidate_novel_annotation
NA19391#2	HLA-DRB4	1	0	0	no_gene_sequence_annotation_not_proven_absence	1	1	assembly_or_reference	DR_DQ_candidate_novel_annotation
NA19391#2	HLA-DRB5	1	0	0	no_gene_sequence_annotation_not_proven_absence	1	1	assembly_or_reference	DR_DQ_candidate_novel_annotation
NA19443#1	HLA-A	1	1	1		1	1	assembly_or_reference	
NA19443#1	HLA-B	1	1	1		1	1	assembly_or_reference	
NA19443#1	HLA-C	1	1	1		1	1	assembly_or_reference	
NA19443#1	HLA-DRB1	1	1	1		1	1	assembly_or_reference	
NA19443#1	HLA-DQA1	1	1	1		1	1	assembly_or_reference	
NA19443#1	HLA-DQB1	1	1	1		1	1	assembly_or_reference	
NA19443#1	HLA-DPA1	1	1	1		1	1	assembly_or_reference	
NA19443#1	HLA-DPB1	1	1	1		1	1	assembly_or_reference	
NA19443#1	HLA-DRB3	1	1	1		1	1	assembly_or_reference	
NA19443#1	HLA-DRB4	1	0	0	no_gene_sequence_annotation_not_proven_absence	1	1	assembly_or_reference	
NA19443#1	HLA-DRB5	1	0	0	no_gene_sequence_annotation_not_proven_absence	1	1	assembly_or_reference	
NA19443#2	HLA-A	1	1	1		1	1	assembly_or_reference	DR_DQ_candidate_novel_annotation
NA19443#2	HLA-B	1	1	1		1	1	assembly_or_reference	DR_DQ_candidate_novel_annotation
NA19443#2	HLA-C	1	1	1		1	1	assembly_or_reference	DR_DQ_candidate_novel_annotation
NA19443#2	HLA-DRB1	1	1	1		1	1	assembly_or_reference	DR_DQ_candidate_novel_annotation
NA19443#2	HLA-DQA1	1	1	1		1	1	assembly_or_reference	DR_DQ_candidate_novel_annotation
NA19443#2	HLA-DQB1	1	1	1		1	1	assembly_or_reference	DR_DQ_candidate_novel_annotation
NA19443#2	HLA-DPA1	1	1	1		1	1	assembly_or_reference	DR_DQ_candidate_novel_annotation
NA19443#2	HLA-DPB1	1	1	1		1	1	assembly_or_reference	DR_DQ_candidate_novel_annotation
NA19443#2	HLA-DRB3	1	0	0	no_gene_sequence_annotation_not_proven_absence	1	1	assembly_or_reference	DR_DQ_candidate_novel_annotation
NA19443#2	HLA-DRB4	1	0	0	no_gene_sequence_annotation_not_proven_absence	1	1	assembly_or_reference	DR_DQ_candidate_novel_annotation
NA19443#2	HLA-DRB5	1	0	0	no_gene_sequence_annotation_not_proven_absence	1	1	assembly_or_reference	DR_DQ_candidate_novel_annotation
NA19468#1	HLA-A	1	1	1		1	1	assembly_or_reference	DR_DQ_candidate_novel_annotation
NA19468#1	HLA-B	1	1	1		1	1	assembly_or_reference	DR_DQ_candidate_novel_annotation
NA19468#1	HLA-C	1	1	1		1	1	assembly_or_reference	DR_DQ_candidate_novel_annotation
NA19468#1	HLA-DRB1	1	1	1		1	1	assembly_or_reference	DR_DQ_candidate_novel_annotation
NA19468#1	HLA-DQA1	1	1	1		1	1	assembly_or_reference	DR_DQ_candidate_novel_annotation
NA19468#1	HLA-DQB1	1	1	1		1	1	assembly_or_reference	DR_DQ_candidate_novel_annotation
NA19468#1	HLA-DPA1	1	1	1		1	1	assembly_or_reference	DR_DQ_candidate_novel_annotation
NA19468#1	HLA-DPB1	1	1	1		1	1	assembly_or_reference	DR_DQ_candidate_novel_annotation
NA19468#1	HLA-DRB3	1	0	0	no_gene_sequence_annotation_not_proven_absence	1	1	assembly_or_reference	DR_DQ_candidate_novel_annotation
NA19468#1	HLA-DRB4	1	0	0	no_gene_sequence_annotation_not_proven_absence	1	1	assembly_or_reference	DR_DQ_candidate_novel_annotation
NA19468#1	HLA-DRB5	1	0	0	no_gene_sequence_annotation_not_proven_absence	1	1	assembly_or_reference	DR_DQ_candidate_novel_annotation
NA19468#2	HLA-A	1	1	1		1	1	assembly_or_reference	DR_DQ_candidate_novel_annotation
NA19468#2	HLA-B	1	1	1		1	1	assembly_or_reference	DR_DQ_candidate_novel_annotation
NA19468#2	HLA-C	1	1	1		1	1	assembly_or_reference	DR_DQ_candidate_novel_annotation
NA19468#2	HLA-DRB1	1	1	1		1	1	assembly_or_reference	DR_DQ_candidate_novel_annotation
NA19468#2	HLA-DQA1	1	1	1		1	1	assembly_or_reference	DR_DQ_candidate_novel_annotation
NA19468#2	HLA-DQB1	1	1	1		1	1	assembly_or_reference	DR_DQ_candidate_novel_annotation
NA19468#2	HLA-DPA1	1	1	1		1	1	assembly_or_reference	DR_DQ_candidate_novel_annotation
NA19468#2	HLA-DPB1	1	1	1		1	1	assembly_or_reference	DR_DQ_candidate_novel_annotation
NA19468#2	HLA-DRB3	1	1	1		1	1	assembly_or_reference	DR_DQ_candidate_novel_annotation
NA19468#2	HLA-DRB4	1	0	0	no_gene_sequence_annotation_not_proven_absence	1	1	assembly_or_reference	DR_DQ_candidate_novel_annotation
NA19468#2	HLA-DRB5	1	0	0	no_gene_sequence_annotation_not_proven_absence	1	1	assembly_or_reference	DR_DQ_candidate_novel_annotation
NA19682#1	HLA-A	1	1	1		1	1	assembly_or_reference	DR_DQ_candidate_novel_annotation
NA19682#1	HLA-B	1	1	1		1	1	assembly_or_reference	DR_DQ_candidate_novel_annotation
NA19682#1	HLA-C	1	1	1		1	1	assembly_or_reference	DR_DQ_candidate_novel_annotation
NA19682#1	HLA-DRB1	1	1	1		1	1	assembly_or_reference	DR_DQ_candidate_novel_annotation
NA19682#1	HLA-DQA1	1	1	1		1	1	assembly_or_reference	DR_DQ_candidate_novel_annotation
NA19682#1	HLA-DQB1	1	1	1		1	1	assembly_or_reference	DR_DQ_candidate_novel_annotation
NA19682#1	HLA-DPA1	1	1	1		1	1	assembly_or_reference	DR_DQ_candidate_novel_annotation
NA19682#1	HLA-DPB1	1	1	1		1	1	assembly_or_reference	DR_DQ_candidate_novel_annotation
NA19682#1	HLA-DRB3	1	1	1		1	1	assembly_or_reference	DR_DQ_candidate_novel_annotation
NA19682#1	HLA-DRB4	1	0	0	no_gene_sequence_annotation_not_proven_absence	1	1	assembly_or_reference	DR_DQ_candidate_novel_annotation
NA19682#1	HLA-DRB5	1	0	0	no_gene_sequence_annotation_not_proven_absence	1	1	assembly_or_reference	DR_DQ_candidate_novel_annotation
NA19682#2	HLA-A	1	1	1		1	1	assembly_or_reference	
NA19682#2	HLA-B	1	1	1		1	1	assembly_or_reference	
NA19682#2	HLA-C	1	1	1		1	1	assembly_or_reference	
NA19682#2	HLA-DRB1	1	1	1		1	1	assembly_or_reference	
NA19682#2	HLA-DQA1	1	1	1		1	1	assembly_or_reference	
NA19682#2	HLA-DQB1	1	1	1		1	1	assembly_or_reference	
NA19682#2	HLA-DPA1	1	1	1		1	1	assembly_or_reference	
NA19682#2	HLA-DPB1	1	1	1		1	1	assembly_or_reference	
NA19682#2	HLA-DRB3	1	1	1		1	1	assembly_or_reference	
NA19682#2	HLA-DRB4	1	0	0	no_gene_sequence_annotation_not_proven_absence	1	1	assembly_or_reference	
NA19682#2	HLA-DRB5	1	0	0	no_gene_sequence_annotation_not_proven_absence	1	1	assembly_or_reference	
NA19700#1	HLA-A	1	1	1		1	1	assembly_or_reference	DR_DQ_candidate_novel_annotation;downstream_graph_clipping_loss
NA19700#1	HLA-B	1	1	1		1	1	assembly_or_reference	DR_DQ_candidate_novel_annotation;downstream_graph_clipping_loss
NA19700#1	HLA-C	1	1	1		1	1	assembly_or_reference	DR_DQ_candidate_novel_annotation;downstream_graph_clipping_loss
NA19700#1	HLA-DRB1	1	1	1		1	1	assembly_or_reference	DR_DQ_candidate_novel_annotation;downstream_graph_clipping_loss
NA19700#1	HLA-DQA1	1	1	1		1	1	assembly_or_reference	DR_DQ_candidate_novel_annotation;downstream_graph_clipping_loss
NA19700#1	HLA-DQB1	1	1	1		1	1	assembly_or_reference	DR_DQ_candidate_novel_annotation;downstream_graph_clipping_loss
NA19700#1	HLA-DPA1	1	1	1		1	1	assembly_or_reference	DR_DQ_candidate_novel_annotation;downstream_graph_clipping_loss
NA19700#1	HLA-DPB1	1	1	1		1	1	assembly_or_reference	DR_DQ_candidate_novel_annotation;downstream_graph_clipping_loss
NA19700#1	HLA-DRB3	1	1	1		1	1	assembly_or_reference	DR_DQ_candidate_novel_annotation;downstream_graph_clipping_loss
NA19700#1	HLA-DRB4	1	0	0	no_gene_sequence_annotation_not_proven_absence	1	1	assembly_or_reference	DR_DQ_candidate_novel_annotation;downstream_graph_clipping_loss
NA19700#1	HLA-DRB5	1	0	0	no_gene_sequence_annotation_not_proven_absence	1	1	assembly_or_reference	DR_DQ_candidate_novel_annotation;downstream_graph_clipping_loss
NA19700#2	HLA-A	1	1	1		1	1	assembly_or_reference	DR_DQ_candidate_novel_annotation
NA19700#2	HLA-B	1	1	1		1	1	assembly_or_reference	DR_DQ_candidate_novel_annotation
NA19700#2	HLA-C	1	1	1		1	1	assembly_or_reference	DR_DQ_candidate_novel_annotation
NA19700#2	HLA-DRB1	1	1	1		1	1	assembly_or_reference	DR_DQ_candidate_novel_annotation
NA19700#2	HLA-DQA1	1	1	1		1	1	assembly_or_reference	DR_DQ_candidate_novel_annotation
NA19700#2	HLA-DQB1	1	1	1		1	1	assembly_or_reference	DR_DQ_candidate_novel_annotation
NA19700#2	HLA-DPA1	1	1	1		1	1	assembly_or_reference	DR_DQ_candidate_novel_annotation
NA19700#2	HLA-DPB1	1	1	1		1	1	assembly_or_reference	DR_DQ_candidate_novel_annotation
NA19700#2	HLA-DRB3	1	0	0	no_gene_sequence_annotation_not_proven_absence	1	1	assembly_or_reference	DR_DQ_candidate_novel_annotation
NA19700#2	HLA-DRB4	1	1	1		1	1	assembly_or_reference	DR_DQ_candidate_novel_annotation
NA19700#2	HLA-DRB5	1	0	0	no_gene_sequence_annotation_not_proven_absence	1	1	assembly_or_reference	DR_DQ_candidate_novel_annotation
NA19776#1	HLA-A	1	1	1		1	1	assembly_or_reference	DR_DQ_candidate_novel_annotation
NA19776#1	HLA-B	1	1	1		1	1	assembly_or_reference	DR_DQ_candidate_novel_annotation
NA19776#1	HLA-C	1	1	1		1	1	assembly_or_reference	DR_DQ_candidate_novel_annotation
NA19776#1	HLA-DRB1	1	1	1		1	1	assembly_or_reference	DR_DQ_candidate_novel_annotation
NA19776#1	HLA-DQA1	1	1	1		1	1	assembly_or_reference	DR_DQ_candidate_novel_annotation
NA19776#1	HLA-DQB1	1	1	1		1	1	assembly_or_reference	DR_DQ_candidate_novel_annotation
NA19776#1	HLA-DPA1	1	1	1		1	1	assembly_or_reference	DR_DQ_candidate_novel_annotation
NA19776#1	HLA-DPB1	1	1	1		1	1	assembly_or_reference	DR_DQ_candidate_novel_annotation
NA19776#1	HLA-DRB3	1	0	0	no_gene_sequence_annotation_not_proven_absence	1	1	assembly_or_reference	DR_DQ_candidate_novel_annotation
NA19776#1	HLA-DRB4	1	1	1		1	1	assembly_or_reference	DR_DQ_candidate_novel_annotation
NA19776#1	HLA-DRB5	1	0	0	no_gene_sequence_annotation_not_proven_absence	1	1	assembly_or_reference	DR_DQ_candidate_novel_annotation
NA19776#2	HLA-A	1	1	1		1	1	assembly_or_reference	DR_DQ_candidate_novel_annotation
NA19776#2	HLA-B	1	1	1		1	1	assembly_or_reference	DR_DQ_candidate_novel_annotation
NA19776#2	HLA-C	1	1	1		1	1	assembly_or_reference	DR_DQ_candidate_novel_annotation
NA19776#2	HLA-DRB1	1	1	1		1	1	assembly_or_reference	DR_DQ_candidate_novel_annotation
NA19776#2	HLA-DQA1	1	1	1		1	1	assembly_or_reference	DR_DQ_candidate_novel_annotation
NA19776#2	HLA-DQB1	1	1	1		1	1	assembly_or_reference	DR_DQ_candidate_novel_annotation
NA19776#2	HLA-DPA1	1	1	1		1	1	assembly_or_reference	DR_DQ_candidate_novel_annotation
NA19776#2	HLA-DPB1	1	1	1		1	1	assembly_or_reference	DR_DQ_candidate_novel_annotation
NA19776#2	HLA-DRB3	1	1	1		1	1	assembly_or_reference	DR_DQ_candidate_novel_annotation
NA19776#2	HLA-DRB4	1	0	0	no_gene_sequence_annotation_not_proven_absence	1	1	assembly_or_reference	DR_DQ_candidate_novel_annotation
NA19776#2	HLA-DRB5	1	0	0	no_gene_sequence_annotation_not_proven_absence	1	1	assembly_or_reference	DR_DQ_candidate_novel_annotation
NA19835#1	HLA-A	1	1	1		1	1	assembly_or_reference	DR_DQ_candidate_novel_annotation
NA19835#1	HLA-B	1	1	1		1	1	assembly_or_reference	DR_DQ_candidate_novel_annotation
NA19835#1	HLA-C	1	1	1		1	1	assembly_or_reference	DR_DQ_candidate_novel_annotation
NA19835#1	HLA-DRB1	1	1	1		1	1	assembly_or_reference	DR_DQ_candidate_novel_annotation
NA19835#1	HLA-DQA1	1	1	1		1	1	assembly_or_reference	DR_DQ_candidate_novel_annotation
NA19835#1	HLA-DQB1	1	1	1		1	1	assembly_or_reference	DR_DQ_candidate_novel_annotation
NA19835#1	HLA-DPA1	1	1	1		1	1	assembly_or_reference	DR_DQ_candidate_novel_annotation
NA19835#1	HLA-DPB1	1	1	1		1	1	assembly_or_reference	DR_DQ_candidate_novel_annotation
NA19835#1	HLA-DRB3	1	0	0	no_gene_sequence_annotation_not_proven_absence	1	1	assembly_or_reference	DR_DQ_candidate_novel_annotation
NA19835#1	HLA-DRB4	1	0	0	no_gene_sequence_annotation_not_proven_absence	1	1	assembly_or_reference	DR_DQ_candidate_novel_annotation
NA19835#1	HLA-DRB5	1	0	0	no_gene_sequence_annotation_not_proven_absence	1	1	assembly_or_reference	DR_DQ_candidate_novel_annotation
NA19835#2	HLA-A	1	1	1		1	1	assembly_or_reference	DR_DQ_candidate_novel_annotation
NA19835#2	HLA-B	1	1	1		1	1	assembly_or_reference	DR_DQ_candidate_novel_annotation
NA19835#2	HLA-C	1	1	1		1	1	assembly_or_reference	DR_DQ_candidate_novel_annotation
NA19835#2	HLA-DRB1	1	1	1		1	1	assembly_or_reference	DR_DQ_candidate_novel_annotation
NA19835#2	HLA-DQA1	1	1	1		1	1	assembly_or_reference	DR_DQ_candidate_novel_annotation
NA19835#2	HLA-DQB1	1	1	1		1	1	assembly_or_reference	DR_DQ_candidate_novel_annotation
NA19835#2	HLA-DPA1	1	1	1		1	1	assembly_or_reference	DR_DQ_candidate_novel_annotation
NA19835#2	HLA-DPB1	1	1	1		1	1	assembly_or_reference	DR_DQ_candidate_novel_annotation
NA19835#2	HLA-DRB3	1	1	1		1	1	assembly_or_reference	DR_DQ_candidate_novel_annotation
NA19835#2	HLA-DRB4	1	0	0	no_gene_sequence_annotation_not_proven_absence	1	1	assembly_or_reference	DR_DQ_candidate_novel_annotation
NA19835#2	HLA-DRB5	1	0	0	no_gene_sequence_annotation_not_proven_absence	1	1	assembly_or_reference	DR_DQ_candidate_novel_annotation
NA19909#1	HLA-A	1	1	1		1	1	assembly_or_reference	DR_DQ_candidate_novel_annotation
NA19909#1	HLA-B	1	1	1		1	1	assembly_or_reference	DR_DQ_candidate_novel_annotation
NA19909#1	HLA-C	1	1	1		1	1	assembly_or_reference	DR_DQ_candidate_novel_annotation
NA19909#1	HLA-DRB1	1	1	1		1	1	assembly_or_reference	DR_DQ_candidate_novel_annotation
NA19909#1	HLA-DQA1	1	1	1		1	1	assembly_or_reference	DR_DQ_candidate_novel_annotation
NA19909#1	HLA-DQB1	1	1	1		1	1	assembly_or_reference	DR_DQ_candidate_novel_annotation
NA19909#1	HLA-DPA1	1	1	1		1	1	assembly_or_reference	DR_DQ_candidate_novel_annotation
NA19909#1	HLA-DPB1	1	1	1		1	1	assembly_or_reference	DR_DQ_candidate_novel_annotation
NA19909#1	HLA-DRB3	1	1	1		1	1	assembly_or_reference	DR_DQ_candidate_novel_annotation
NA19909#1	HLA-DRB4	1	0	0	no_gene_sequence_annotation_not_proven_absence	1	1	assembly_or_reference	DR_DQ_candidate_novel_annotation
NA19909#1	HLA-DRB5	1	0	0	no_gene_sequence_annotation_not_proven_absence	1	1	assembly_or_reference	DR_DQ_candidate_novel_annotation
NA19909#2	HLA-A	1	1	1		1	1	assembly_or_reference	DR_DQ_candidate_novel_annotation
NA19909#2	HLA-B	1	1	1		1	1	assembly_or_reference	DR_DQ_candidate_novel_annotation
NA19909#2	HLA-C	1	1	1		1	1	assembly_or_reference	DR_DQ_candidate_novel_annotation
NA19909#2	HLA-DRB1	1	1	1		1	1	assembly_or_reference	DR_DQ_candidate_novel_annotation
NA19909#2	HLA-DQA1	1	1	1		1	1	assembly_or_reference	DR_DQ_candidate_novel_annotation
NA19909#2	HLA-DQB1	1	1	1		1	1	assembly_or_reference	DR_DQ_candidate_novel_annotation
NA19909#2	HLA-DPA1	1	1	1		1	1	assembly_or_reference	DR_DQ_candidate_novel_annotation
NA19909#2	HLA-DPB1	1	1	1		1	1	assembly_or_reference	DR_DQ_candidate_novel_annotation
NA19909#2	HLA-DRB3	1	1	1		1	1	assembly_or_reference	DR_DQ_candidate_novel_annotation
NA19909#2	HLA-DRB4	1	0	0	no_gene_sequence_annotation_not_proven_absence	1	1	assembly_or_reference	DR_DQ_candidate_novel_annotation
NA19909#2	HLA-DRB5	1	0	0	no_gene_sequence_annotation_not_proven_absence	1	1	assembly_or_reference	DR_DQ_candidate_novel_annotation
NA20129#1	HLA-A	1	1	1		0	0	assembly_or_reference	DR_DQ_candidate_novel_annotation
NA20129#1	HLA-B	1	1	1		0	0	assembly_or_reference	DR_DQ_candidate_novel_annotation
NA20129#1	HLA-C	1	1	1		0	0	assembly_or_reference	DR_DQ_candidate_novel_annotation
NA20129#1	HLA-DRB1	1	1	1		0	0	assembly_or_reference	DR_DQ_candidate_novel_annotation
NA20129#1	HLA-DQA1	1	1	1		0	0	assembly_or_reference	DR_DQ_candidate_novel_annotation
NA20129#1	HLA-DQB1	1	1	1		0	0	assembly_or_reference	DR_DQ_candidate_novel_annotation
NA20129#1	HLA-DPA1	1	1	1		0	0	assembly_or_reference	DR_DQ_candidate_novel_annotation
NA20129#1	HLA-DPB1	1	1	1		0	0	assembly_or_reference	DR_DQ_candidate_novel_annotation
NA20129#1	HLA-DRB3	1	1	1		0	0	assembly_or_reference	DR_DQ_candidate_novel_annotation
NA20129#1	HLA-DRB4	1	0	0	no_gene_sequence_annotation_not_proven_absence	0	0	assembly_or_reference	DR_DQ_candidate_novel_annotation
NA20129#1	HLA-DRB5	1	0	0	no_gene_sequence_annotation_not_proven_absence	0	0	assembly_or_reference	DR_DQ_candidate_novel_annotation
NA20129#2	HLA-A	1	1	1		1	1	assembly_or_reference	DR_DQ_candidate_novel_annotation
NA20129#2	HLA-B	1	1	1		1	1	assembly_or_reference	DR_DQ_candidate_novel_annotation
NA20129#2	HLA-C	1	1	1		1	1	assembly_or_reference	DR_DQ_candidate_novel_annotation
NA20129#2	HLA-DRB1	1	1	1		1	1	assembly_or_reference	DR_DQ_candidate_novel_annotation
NA20129#2	HLA-DQA1	1	1	1		1	1	assembly_or_reference	DR_DQ_candidate_novel_annotation
NA20129#2	HLA-DQB1	1	1	1		1	1	assembly_or_reference	DR_DQ_candidate_novel_annotation
NA20129#2	HLA-DPA1	1	1	1		1	1	assembly_or_reference	DR_DQ_candidate_novel_annotation
NA20129#2	HLA-DPB1	1	1	1		1	1	assembly_or_reference	DR_DQ_candidate_novel_annotation
NA20129#2	HLA-DRB3	1	1	1		1	1	assembly_or_reference	DR_DQ_candidate_novel_annotation
NA20129#2	HLA-DRB4	1	0	0	no_gene_sequence_annotation_not_proven_absence	1	1	assembly_or_reference	DR_DQ_candidate_novel_annotation
NA20129#2	HLA-DRB5	1	0	0	no_gene_sequence_annotation_not_proven_absence	1	1	assembly_or_reference	DR_DQ_candidate_novel_annotation
NA20282#1	HLA-A	1	1	1		1	1	assembly_or_reference	DR_DQ_candidate_novel_annotation
NA20282#1	HLA-B	1	1	1		1	1	assembly_or_reference	DR_DQ_candidate_novel_annotation
NA20282#1	HLA-C	1	1	1		1	1	assembly_or_reference	DR_DQ_candidate_novel_annotation
NA20282#1	HLA-DRB1	1	1	1		1	1	assembly_or_reference	DR_DQ_candidate_novel_annotation
NA20282#1	HLA-DQA1	1	1	1		1	1	assembly_or_reference	DR_DQ_candidate_novel_annotation
NA20282#1	HLA-DQB1	1	1	1		1	1	assembly_or_reference	DR_DQ_candidate_novel_annotation
NA20282#1	HLA-DPA1	1	1	1		1	1	assembly_or_reference	DR_DQ_candidate_novel_annotation
NA20282#1	HLA-DPB1	1	1	1		1	1	assembly_or_reference	DR_DQ_candidate_novel_annotation
NA20282#1	HLA-DRB3	1	0	0	no_gene_sequence_annotation_not_proven_absence	1	1	assembly_or_reference	DR_DQ_candidate_novel_annotation
NA20282#1	HLA-DRB4	1	0	0	no_gene_sequence_annotation_not_proven_absence	1	1	assembly_or_reference	DR_DQ_candidate_novel_annotation
NA20282#1	HLA-DRB5	1	0	0	no_gene_sequence_annotation_not_proven_absence	1	1	assembly_or_reference	DR_DQ_candidate_novel_annotation
NA20282#2	HLA-A	1	1	1		1	1	assembly_or_reference	DR_DQ_candidate_novel_annotation
NA20282#2	HLA-B	1	1	1		1	1	assembly_or_reference	DR_DQ_candidate_novel_annotation
NA20282#2	HLA-C	1	1	1		1	1	assembly_or_reference	DR_DQ_candidate_novel_annotation
NA20282#2	HLA-DRB1	1	1	1		1	1	assembly_or_reference	DR_DQ_candidate_novel_annotation
NA20282#2	HLA-DQA1	1	1	1		1	1	assembly_or_reference	DR_DQ_candidate_novel_annotation
NA20282#2	HLA-DQB1	1	1	1		1	1	assembly_or_reference	DR_DQ_candidate_novel_annotation
NA20282#2	HLA-DPA1	1	1	1		1	1	assembly_or_reference	DR_DQ_candidate_novel_annotation
NA20282#2	HLA-DPB1	1	1	1		1	1	assembly_or_reference	DR_DQ_candidate_novel_annotation
NA20282#2	HLA-DRB3	1	1	1		1	1	assembly_or_reference	DR_DQ_candidate_novel_annotation
NA20282#2	HLA-DRB4	1	0	0	no_gene_sequence_annotation_not_proven_absence	1	1	assembly_or_reference	DR_DQ_candidate_novel_annotation
NA20282#2	HLA-DRB5	1	0	0	no_gene_sequence_annotation_not_proven_absence	1	1	assembly_or_reference	DR_DQ_candidate_novel_annotation
NA20346#1	HLA-A	1	1	1		1	1	assembly_or_reference	DR_DQ_candidate_novel_annotation
NA20346#1	HLA-B	1	1	1		1	1	assembly_or_reference	DR_DQ_candidate_novel_annotation
NA20346#1	HLA-C	1	1	1		1	1	assembly_or_reference	DR_DQ_candidate_novel_annotation
NA20346#1	HLA-DRB1	1	1	1		1	1	assembly_or_reference	DR_DQ_candidate_novel_annotation
NA20346#1	HLA-DQA1	1	1	1		1	1	assembly_or_reference	DR_DQ_candidate_novel_annotation
NA20346#1	HLA-DQB1	1	1	1		1	1	assembly_or_reference	DR_DQ_candidate_novel_annotation
NA20346#1	HLA-DPA1	1	1	1		1	1	assembly_or_reference	DR_DQ_candidate_novel_annotation
NA20346#1	HLA-DPB1	1	1	1		1	1	assembly_or_reference	DR_DQ_candidate_novel_annotation
NA20346#1	HLA-DRB3	1	1	1		1	1	assembly_or_reference	DR_DQ_candidate_novel_annotation
NA20346#1	HLA-DRB4	1	0	0	no_gene_sequence_annotation_not_proven_absence	1	1	assembly_or_reference	DR_DQ_candidate_novel_annotation
NA20346#1	HLA-DRB5	1	0	0	no_gene_sequence_annotation_not_proven_absence	1	1	assembly_or_reference	DR_DQ_candidate_novel_annotation
NA20346#2	HLA-A	1	1	1		1	0	assembly_or_reference	DR_DQ_candidate_novel_annotation
NA20346#2	HLA-B	1	1	1		1	0	assembly_or_reference	DR_DQ_candidate_novel_annotation
NA20346#2	HLA-C	1	1	1		1	0	assembly_or_reference	DR_DQ_candidate_novel_annotation
NA20346#2	HLA-DRB1	1	1	1		1	0	assembly_or_reference	DR_DQ_candidate_novel_annotation
NA20346#2	HLA-DQA1	1	1	1		1	0	assembly_or_reference	DR_DQ_candidate_novel_annotation
NA20346#2	HLA-DQB1	1	1	1		1	0	assembly_or_reference	DR_DQ_candidate_novel_annotation
NA20346#2	HLA-DPA1	1	1	0	no_current_exact_cds_match	1	0	assembly_or_reference	DR_DQ_candidate_novel_annotation
NA20346#2	HLA-DPB1	1	1	1		1	0	assembly_or_reference	DR_DQ_candidate_novel_annotation
NA20346#2	HLA-DRB3	1	1	1		1	0	assembly_or_reference	DR_DQ_candidate_novel_annotation
NA20346#2	HLA-DRB4	1	0	0	no_gene_sequence_annotation_not_proven_absence	1	0	assembly_or_reference	DR_DQ_candidate_novel_annotation
NA20346#2	HLA-DRB5	1	0	0	no_gene_sequence_annotation_not_proven_absence	1	0	assembly_or_reference	DR_DQ_candidate_novel_annotation
NA20503#1	HLA-A	1	1	1		1	1	assembly_or_reference	
NA20503#1	HLA-B	1	1	1		1	1	assembly_or_reference	
NA20503#1	HLA-C	1	1	1		1	1	assembly_or_reference	
NA20503#1	HLA-DRB1	1	1	1		1	1	assembly_or_reference	
NA20503#1	HLA-DQA1	1	1	1		1	1	assembly_or_reference	
NA20503#1	HLA-DQB1	1	1	1		1	1	assembly_or_reference	
NA20503#1	HLA-DPA1	1	1	1		1	1	assembly_or_reference	
NA20503#1	HLA-DPB1	1	1	1		1	1	assembly_or_reference	
NA20503#1	HLA-DRB3	1	0	0	no_gene_sequence_annotation_not_proven_absence	1	1	assembly_or_reference	
NA20503#1	HLA-DRB4	1	0	0	no_gene_sequence_annotation_not_proven_absence	1	1	assembly_or_reference	
NA20503#1	HLA-DRB5	1	0	0	no_gene_sequence_annotation_not_proven_absence	1	1	assembly_or_reference	
NA20503#2	HLA-A	1	1	1		1	1	assembly_or_reference	
NA20503#2	HLA-B	1	1	1		1	1	assembly_or_reference	
NA20503#2	HLA-C	1	1	1		1	1	assembly_or_reference	
NA20503#2	HLA-DRB1	1	1	1		1	1	assembly_or_reference	
NA20503#2	HLA-DQA1	1	1	1		1	1	assembly_or_reference	
NA20503#2	HLA-DQB1	1	1	1		1	1	assembly_or_reference	
NA20503#2	HLA-DPA1	1	1	1		1	1	assembly_or_reference	
NA20503#2	HLA-DPB1	1	1	1		1	1	assembly_or_reference	
NA20503#2	HLA-DRB3	1	1	1		1	1	assembly_or_reference	
NA20503#2	HLA-DRB4	1	0	0	no_gene_sequence_annotation_not_proven_absence	1	1	assembly_or_reference	
NA20503#2	HLA-DRB5	1	0	0	no_gene_sequence_annotation_not_proven_absence	1	1	assembly_or_reference	
NA20752#1	HLA-A	1	1	1		1	1	assembly_or_reference	
NA20752#1	HLA-B	1	1	1		1	1	assembly_or_reference	
NA20752#1	HLA-C	1	1	1		1	1	assembly_or_reference	
NA20752#1	HLA-DRB1	1	1	1		1	1	assembly_or_reference	
NA20752#1	HLA-DQA1	1	1	1		1	1	assembly_or_reference	
NA20752#1	HLA-DQB1	1	1	1		1	1	assembly_or_reference	
NA20752#1	HLA-DPA1	1	1	1		1	1	assembly_or_reference	
NA20752#1	HLA-DPB1	1	1	1		1	1	assembly_or_reference	
NA20752#1	HLA-DRB3	1	0	0	no_gene_sequence_annotation_not_proven_absence	1	1	assembly_or_reference	
NA20752#1	HLA-DRB4	1	0	0	no_gene_sequence_annotation_not_proven_absence	1	1	assembly_or_reference	
NA20752#1	HLA-DRB5	1	0	0	no_gene_sequence_annotation_not_proven_absence	1	1	assembly_or_reference	
NA20752#2	HLA-A	1	1	1		1	1	assembly_or_reference	
NA20752#2	HLA-B	1	1	1		1	1	assembly_or_reference	
NA20752#2	HLA-C	1	1	1		1	1	assembly_or_reference	
NA20752#2	HLA-DRB1	1	1	1		1	1	assembly_or_reference	
NA20752#2	HLA-DQA1	1	1	1		1	1	assembly_or_reference	
NA20752#2	HLA-DQB1	1	1	1		1	1	assembly_or_reference	
NA20752#2	HLA-DPA1	1	1	1		1	1	assembly_or_reference	
NA20752#2	HLA-DPB1	1	1	1		1	1	assembly_or_reference	
NA20752#2	HLA-DRB3	1	0	0	no_gene_sequence_annotation_not_proven_absence	1	1	assembly_or_reference	
NA20752#2	HLA-DRB4	1	1	1		1	1	assembly_or_reference	
NA20752#2	HLA-DRB5	1	0	0	no_gene_sequence_annotation_not_proven_absence	1	1	assembly_or_reference	
NA20762#1	HLA-A	1	1	1		1	1	assembly_or_reference	
NA20762#1	HLA-B	1	1	1		1	1	assembly_or_reference	
NA20762#1	HLA-C	1	1	1		1	1	assembly_or_reference	
NA20762#1	HLA-DRB1	1	1	1		1	1	assembly_or_reference	
NA20762#1	HLA-DQA1	1	1	1		1	1	assembly_or_reference	
NA20762#1	HLA-DQB1	1	1	1		1	1	assembly_or_reference	
NA20762#1	HLA-DPA1	1	1	1		1	1	assembly_or_reference	
NA20762#1	HLA-DPB1	1	1	1		1	1	assembly_or_reference	
NA20762#1	HLA-DRB3	1	0	0	no_gene_sequence_annotation_not_proven_absence	1	1	assembly_or_reference	
NA20762#1	HLA-DRB4	1	0	0	no_gene_sequence_annotation_not_proven_absence	1	1	assembly_or_reference	
NA20762#1	HLA-DRB5	1	0	0	no_gene_sequence_annotation_not_proven_absence	1	1	assembly_or_reference	
NA20762#2	HLA-A	1	1	1		1	1	assembly_or_reference	DR_DQ_candidate_novel_annotation
NA20762#2	HLA-B	1	1	1		1	1	assembly_or_reference	DR_DQ_candidate_novel_annotation
NA20762#2	HLA-C	1	1	1		1	1	assembly_or_reference	DR_DQ_candidate_novel_annotation
NA20762#2	HLA-DRB1	1	1	1		1	1	assembly_or_reference	DR_DQ_candidate_novel_annotation
NA20762#2	HLA-DQA1	1	1	1		1	1	assembly_or_reference	DR_DQ_candidate_novel_annotation
NA20762#2	HLA-DQB1	1	1	1		1	1	assembly_or_reference	DR_DQ_candidate_novel_annotation
NA20762#2	HLA-DPA1	1	1	1		1	1	assembly_or_reference	DR_DQ_candidate_novel_annotation
NA20762#2	HLA-DPB1	1	1	1		1	1	assembly_or_reference	DR_DQ_candidate_novel_annotation
NA20762#2	HLA-DRB3	1	1	1		1	1	assembly_or_reference	DR_DQ_candidate_novel_annotation
NA20762#2	HLA-DRB4	1	0	0	no_gene_sequence_annotation_not_proven_absence	1	1	assembly_or_reference	DR_DQ_candidate_novel_annotation
NA20762#2	HLA-DRB5	1	0	0	no_gene_sequence_annotation_not_proven_absence	1	1	assembly_or_reference	DR_DQ_candidate_novel_annotation
NA20799#1	HLA-A	1	1	1		1	1	assembly_or_reference	DR_DQ_candidate_novel_annotation
NA20799#1	HLA-B	1	1	1		1	1	assembly_or_reference	DR_DQ_candidate_novel_annotation
NA20799#1	HLA-C	1	1	1		1	1	assembly_or_reference	DR_DQ_candidate_novel_annotation
NA20799#1	HLA-DRB1	1	1	1		1	1	assembly_or_reference	DR_DQ_candidate_novel_annotation
NA20799#1	HLA-DQA1	1	1	1		1	1	assembly_or_reference	DR_DQ_candidate_novel_annotation
NA20799#1	HLA-DQB1	1	1	1		1	1	assembly_or_reference	DR_DQ_candidate_novel_annotation
NA20799#1	HLA-DPA1	1	1	1		1	1	assembly_or_reference	DR_DQ_candidate_novel_annotation
NA20799#1	HLA-DPB1	1	1	1		1	1	assembly_or_reference	DR_DQ_candidate_novel_annotation
NA20799#1	HLA-DRB3	1	1	1		1	1	assembly_or_reference	DR_DQ_candidate_novel_annotation
NA20799#1	HLA-DRB4	1	0	0	no_gene_sequence_annotation_not_proven_absence	1	1	assembly_or_reference	DR_DQ_candidate_novel_annotation
NA20799#1	HLA-DRB5	1	0	0	no_gene_sequence_annotation_not_proven_absence	1	1	assembly_or_reference	DR_DQ_candidate_novel_annotation
NA20799#2	HLA-A	1	1	1		1	1	assembly_or_reference	downstream_graph_clipping_loss
NA20799#2	HLA-B	1	1	1		1	1	assembly_or_reference	downstream_graph_clipping_loss
NA20799#2	HLA-C	1	1	1		1	1	assembly_or_reference	downstream_graph_clipping_loss
NA20799#2	HLA-DRB1	1	1	1		1	1	assembly_or_reference	downstream_graph_clipping_loss
NA20799#2	HLA-DQA1	1	1	1		1	1	assembly_or_reference	downstream_graph_clipping_loss
NA20799#2	HLA-DQB1	1	1	1		1	1	assembly_or_reference	downstream_graph_clipping_loss
NA20799#2	HLA-DPA1	1	1	1		1	1	assembly_or_reference	downstream_graph_clipping_loss
NA20799#2	HLA-DPB1	1	1	1		1	1	assembly_or_reference	downstream_graph_clipping_loss
NA20799#2	HLA-DRB3	1	0	0	no_gene_sequence_annotation_not_proven_absence	1	1	assembly_or_reference	downstream_graph_clipping_loss
NA20799#2	HLA-DRB4	1	0	0	no_gene_sequence_annotation_not_proven_absence	1	1	assembly_or_reference	downstream_graph_clipping_loss
NA20799#2	HLA-DRB5	1	0	0	no_gene_sequence_annotation_not_proven_absence	1	1	assembly_or_reference	downstream_graph_clipping_loss
NA20805#1	HLA-A	1	1	1		1	1	assembly_or_reference	
NA20805#1	HLA-B	1	1	1		1	1	assembly_or_reference	
NA20805#1	HLA-C	1	1	1		1	1	assembly_or_reference	
NA20805#1	HLA-DRB1	1	1	1		1	1	assembly_or_reference	
NA20805#1	HLA-DQA1	1	1	1		1	1	assembly_or_reference	
NA20805#1	HLA-DQB1	1	1	1		1	1	assembly_or_reference	
NA20805#1	HLA-DPA1	1	1	1		1	1	assembly_or_reference	
NA20805#1	HLA-DPB1	1	1	1		1	1	assembly_or_reference	
NA20805#1	HLA-DRB3	1	1	1		1	1	assembly_or_reference	
NA20805#1	HLA-DRB4	1	0	0	no_gene_sequence_annotation_not_proven_absence	1	1	assembly_or_reference	
NA20805#1	HLA-DRB5	1	0	0	no_gene_sequence_annotation_not_proven_absence	1	1	assembly_or_reference	
NA20805#2	HLA-A	1	1	1		1	1	assembly_or_reference	
NA20805#2	HLA-B	1	1	1		1	1	assembly_or_reference	
NA20805#2	HLA-C	1	1	1		1	1	assembly_or_reference	
NA20805#2	HLA-DRB1	1	1	1		1	1	assembly_or_reference	
NA20805#2	HLA-DQA1	1	1	1		1	1	assembly_or_reference	
NA20805#2	HLA-DQB1	1	1	1		1	1	assembly_or_reference	
NA20805#2	HLA-DPA1	1	1	1		1	1	assembly_or_reference	
NA20805#2	HLA-DPB1	1	1	1		1	1	assembly_or_reference	
NA20805#2	HLA-DRB3	1	1	1		1	1	assembly_or_reference	
NA20805#2	HLA-DRB4	1	0	0	no_gene_sequence_annotation_not_proven_absence	1	1	assembly_or_reference	
NA20805#2	HLA-DRB5	1	0	0	no_gene_sequence_annotation_not_proven_absence	1	1	assembly_or_reference	
NA20806#1	HLA-A	1	1	1		1	1	assembly_or_reference	
NA20806#1	HLA-B	1	1	1		1	1	assembly_or_reference	
NA20806#1	HLA-C	1	1	1		1	1	assembly_or_reference	
NA20806#1	HLA-DRB1	1	1	1		1	1	assembly_or_reference	
NA20806#1	HLA-DQA1	1	1	1		1	1	assembly_or_reference	
NA20806#1	HLA-DQB1	1	1	1		1	1	assembly_or_reference	
NA20806#1	HLA-DPA1	1	1	1		1	1	assembly_or_reference	
NA20806#1	HLA-DPB1	1	1	1		1	1	assembly_or_reference	
NA20806#1	HLA-DRB3	1	0	0	no_gene_sequence_annotation_not_proven_absence	1	1	assembly_or_reference	
NA20806#1	HLA-DRB4	1	0	0	no_gene_sequence_annotation_not_proven_absence	1	1	assembly_or_reference	
NA20806#1	HLA-DRB5	1	1	1		1	1	assembly_or_reference	
NA20806#2	HLA-A	1	1	1		1	1	assembly_or_reference	
NA20806#2	HLA-B	1	1	1		1	1	assembly_or_reference	
NA20806#2	HLA-C	1	1	1		1	1	assembly_or_reference	
NA20806#2	HLA-DRB1	1	1	1		1	1	assembly_or_reference	
NA20806#2	HLA-DQA1	1	1	1		1	1	assembly_or_reference	
NA20806#2	HLA-DQB1	1	1	1		1	1	assembly_or_reference	
NA20806#2	HLA-DPA1	1	1	1		1	1	assembly_or_reference	
NA20806#2	HLA-DPB1	1	1	1		1	1	assembly_or_reference	
NA20806#2	HLA-DRB3	1	0	0	no_gene_sequence_annotation_not_proven_absence	1	1	assembly_or_reference	
NA20806#2	HLA-DRB4	1	0	0	no_gene_sequence_annotation_not_proven_absence	1	1	assembly_or_reference	
NA20806#2	HLA-DRB5	1	1	1		1	1	assembly_or_reference	
NA20809#1	HLA-A	1	1	1		1	1	assembly_or_reference	
NA20809#1	HLA-B	1	1	1		1	1	assembly_or_reference	
NA20809#1	HLA-C	1	1	1		1	1	assembly_or_reference	
NA20809#1	HLA-DRB1	1	1	1		1	1	assembly_or_reference	
NA20809#1	HLA-DQA1	1	1	1		1	1	assembly_or_reference	
NA20809#1	HLA-DQB1	1	1	1		1	1	assembly_or_reference	
NA20809#1	HLA-DPA1	1	1	1		1	1	assembly_or_reference	
NA20809#1	HLA-DPB1	1	1	1		1	1	assembly_or_reference	
NA20809#1	HLA-DRB3	1	0	0	no_gene_sequence_annotation_not_proven_absence	1	1	assembly_or_reference	
NA20809#1	HLA-DRB4	1	1	1		1	1	assembly_or_reference	
NA20809#1	HLA-DRB5	1	0	0	no_gene_sequence_annotation_not_proven_absence	1	1	assembly_or_reference	
NA20809#2	HLA-A	1	1	1		1	1	assembly_or_reference	
NA20809#2	HLA-B	1	1	1		1	1	assembly_or_reference	
NA20809#2	HLA-C	1	1	1		1	1	assembly_or_reference	
NA20809#2	HLA-DRB1	1	1	1		1	1	assembly_or_reference	
NA20809#2	HLA-DQA1	1	1	1		1	1	assembly_or_reference	
NA20809#2	HLA-DQB1	1	1	1		1	1	assembly_or_reference	
NA20809#2	HLA-DPA1	1	1	1		1	1	assembly_or_reference	
NA20809#2	HLA-DPB1	1	1	1		1	1	assembly_or_reference	
NA20809#2	HLA-DRB3	1	0	0	no_gene_sequence_annotation_not_proven_absence	1	1	assembly_or_reference	
NA20809#2	HLA-DRB4	1	0	0	no_gene_sequence_annotation_not_proven_absence	1	1	assembly_or_reference	
NA20809#2	HLA-DRB5	1	0	0	no_gene_sequence_annotation_not_proven_absence	1	1	assembly_or_reference	
NA20827#1	HLA-A	1	1	1		1	1	assembly_or_reference	
NA20827#1	HLA-B	1	1	1		1	1	assembly_or_reference	
NA20827#1	HLA-C	1	1	1		1	1	assembly_or_reference	
NA20827#1	HLA-DRB1	1	1	1		1	1	assembly_or_reference	
NA20827#1	HLA-DQA1	1	1	1		1	1	assembly_or_reference	
NA20827#1	HLA-DQB1	1	1	1		1	1	assembly_or_reference	
NA20827#1	HLA-DPA1	1	1	1		1	1	assembly_or_reference	
NA20827#1	HLA-DPB1	1	1	1		1	1	assembly_or_reference	
NA20827#1	HLA-DRB3	1	0	0	no_gene_sequence_annotation_not_proven_absence	1	1	assembly_or_reference	
NA20827#1	HLA-DRB4	1	1	1		1	1	assembly_or_reference	
NA20827#1	HLA-DRB5	1	0	0	no_gene_sequence_annotation_not_proven_absence	1	1	assembly_or_reference	
NA20827#2	HLA-A	1	1	1		1	1	assembly_or_reference	
NA20827#2	HLA-B	1	1	1		1	1	assembly_or_reference	
NA20827#2	HLA-C	1	1	1		1	1	assembly_or_reference	
NA20827#2	HLA-DRB1	1	1	1		1	1	assembly_or_reference	
NA20827#2	HLA-DQA1	1	1	1		1	1	assembly_or_reference	
NA20827#2	HLA-DQB1	1	1	1		1	1	assembly_or_reference	
NA20827#2	HLA-DPA1	1	1	1		1	1	assembly_or_reference	
NA20827#2	HLA-DPB1	1	1	1		1	1	assembly_or_reference	
NA20827#2	HLA-DRB3	1	0	0	no_gene_sequence_annotation_not_proven_absence	1	1	assembly_or_reference	
NA20827#2	HLA-DRB4	1	1	1		1	1	assembly_or_reference	
NA20827#2	HLA-DRB5	1	0	0	no_gene_sequence_annotation_not_proven_absence	1	1	assembly_or_reference	
NA20850#1	HLA-A	1	1	1		1	0	assembly_or_reference	
NA20850#1	HLA-B	1	1	1		1	0	assembly_or_reference	
NA20850#1	HLA-C	1	1	1		1	0	assembly_or_reference	
NA20850#1	HLA-DRB1	1	1	1		1	0	assembly_or_reference	
NA20850#1	HLA-DQA1	1	1	1		1	0	assembly_or_reference	
NA20850#1	HLA-DQB1	1	1	1		1	0	assembly_or_reference	
NA20850#1	HLA-DPA1	1	1	1		1	0	assembly_or_reference	
NA20850#1	HLA-DPB1	1	1	1		1	0	assembly_or_reference	
NA20850#1	HLA-DRB3	1	0	0	no_gene_sequence_annotation_not_proven_absence	1	0	assembly_or_reference	
NA20850#1	HLA-DRB4	1	1	0	cds_completeness_or_abnormality	1	0	assembly_or_reference	
NA20850#1	HLA-DRB5	1	0	0	no_gene_sequence_annotation_not_proven_absence	1	0	assembly_or_reference	
NA20850#2	HLA-A	1	1	1		1	1	assembly_or_reference	DR_DQ_candidate_novel_annotation
NA20850#2	HLA-B	1	1	1		1	1	assembly_or_reference	DR_DQ_candidate_novel_annotation
NA20850#2	HLA-C	1	1	1		1	1	assembly_or_reference	DR_DQ_candidate_novel_annotation
NA20850#2	HLA-DRB1	1	1	1		1	1	assembly_or_reference	DR_DQ_candidate_novel_annotation
NA20850#2	HLA-DQA1	1	1	1		1	1	assembly_or_reference	DR_DQ_candidate_novel_annotation
NA20850#2	HLA-DQB1	1	1	1		1	1	assembly_or_reference	DR_DQ_candidate_novel_annotation
NA20850#2	HLA-DPA1	1	1	1		1	1	assembly_or_reference	DR_DQ_candidate_novel_annotation
NA20850#2	HLA-DPB1	1	1	1		1	1	assembly_or_reference	DR_DQ_candidate_novel_annotation
NA20850#2	HLA-DRB3	1	0	0	no_gene_sequence_annotation_not_proven_absence	1	1	assembly_or_reference	DR_DQ_candidate_novel_annotation
NA20850#2	HLA-DRB4	1	0	0	no_gene_sequence_annotation_not_proven_absence	1	1	assembly_or_reference	DR_DQ_candidate_novel_annotation
NA20850#2	HLA-DRB5	1	1	1		1	1	assembly_or_reference	DR_DQ_candidate_novel_annotation
NA20870#1	HLA-A	1	1	1		1	1	assembly_or_reference	
NA20870#1	HLA-B	1	1	1		1	1	assembly_or_reference	
NA20870#1	HLA-C	1	1	1		1	1	assembly_or_reference	
NA20870#1	HLA-DRB1	1	1	1		1	1	assembly_or_reference	
NA20870#1	HLA-DQA1	1	1	1		1	1	assembly_or_reference	
NA20870#1	HLA-DQB1	1	1	1		1	1	assembly_or_reference	
NA20870#1	HLA-DPA1	1	1	1		1	1	assembly_or_reference	
NA20870#1	HLA-DPB1	1	1	1		1	1	assembly_or_reference	
NA20870#1	HLA-DRB3	1	1	1		1	1	assembly_or_reference	
NA20870#1	HLA-DRB4	1	0	0	no_gene_sequence_annotation_not_proven_absence	1	1	assembly_or_reference	
NA20870#1	HLA-DRB5	1	0	0	no_gene_sequence_annotation_not_proven_absence	1	1	assembly_or_reference	
NA20870#2	HLA-A	1	1	1		1	1	assembly_or_reference	
NA20870#2	HLA-B	1	1	1		1	1	assembly_or_reference	
NA20870#2	HLA-C	1	1	1		1	1	assembly_or_reference	
NA20870#2	HLA-DRB1	1	1	1		1	1	assembly_or_reference	
NA20870#2	HLA-DQA1	1	1	1		1	1	assembly_or_reference	
NA20870#2	HLA-DQB1	1	1	1		1	1	assembly_or_reference	
NA20870#2	HLA-DPA1	1	1	1		1	1	assembly_or_reference	
NA20870#2	HLA-DPB1	1	1	1		1	1	assembly_or_reference	
NA20870#2	HLA-DRB3	1	0	0	no_gene_sequence_annotation_not_proven_absence	1	1	assembly_or_reference	
NA20870#2	HLA-DRB4	1	0	0	no_gene_sequence_annotation_not_proven_absence	1	1	assembly_or_reference	
NA20870#2	HLA-DRB5	1	1	1		1	1	assembly_or_reference	
NA20905#1	HLA-A	1	1	1		1	1	assembly_or_reference	DR_DQ_candidate_novel_annotation
NA20905#1	HLA-B	1	1	1		1	1	assembly_or_reference	DR_DQ_candidate_novel_annotation
NA20905#1	HLA-C	1	1	1		1	1	assembly_or_reference	DR_DQ_candidate_novel_annotation
NA20905#1	HLA-DRB1	1	1	1		1	1	assembly_or_reference	DR_DQ_candidate_novel_annotation
NA20905#1	HLA-DQA1	1	1	1		1	1	assembly_or_reference	DR_DQ_candidate_novel_annotation
NA20905#1	HLA-DQB1	1	1	1		1	1	assembly_or_reference	DR_DQ_candidate_novel_annotation
NA20905#1	HLA-DPA1	1	1	1		1	1	assembly_or_reference	DR_DQ_candidate_novel_annotation
NA20905#1	HLA-DPB1	1	1	1		1	1	assembly_or_reference	DR_DQ_candidate_novel_annotation
NA20905#1	HLA-DRB3	1	1	1		1	1	assembly_or_reference	DR_DQ_candidate_novel_annotation
NA20905#1	HLA-DRB4	1	0	0	no_gene_sequence_annotation_not_proven_absence	1	1	assembly_or_reference	DR_DQ_candidate_novel_annotation
NA20905#1	HLA-DRB5	1	0	0	no_gene_sequence_annotation_not_proven_absence	1	1	assembly_or_reference	DR_DQ_candidate_novel_annotation
NA20905#2	HLA-A	1	1	1		1	1	assembly_or_reference	DR_DQ_candidate_novel_annotation
NA20905#2	HLA-B	1	1	1		1	1	assembly_or_reference	DR_DQ_candidate_novel_annotation
NA20905#2	HLA-C	1	1	1		1	1	assembly_or_reference	DR_DQ_candidate_novel_annotation
NA20905#2	HLA-DRB1	1	1	1		1	1	assembly_or_reference	DR_DQ_candidate_novel_annotation
NA20905#2	HLA-DQA1	1	1	1		1	1	assembly_or_reference	DR_DQ_candidate_novel_annotation
NA20905#2	HLA-DQB1	1	1	1		1	1	assembly_or_reference	DR_DQ_candidate_novel_annotation
NA20905#2	HLA-DPA1	1	1	1		1	1	assembly_or_reference	DR_DQ_candidate_novel_annotation
NA20905#2	HLA-DPB1	1	1	1		1	1	assembly_or_reference	DR_DQ_candidate_novel_annotation
NA20905#2	HLA-DRB3	1	0	0	no_gene_sequence_annotation_not_proven_absence	1	1	assembly_or_reference	DR_DQ_candidate_novel_annotation
NA20905#2	HLA-DRB4	1	0	0	no_gene_sequence_annotation_not_proven_absence	1	1	assembly_or_reference	DR_DQ_candidate_novel_annotation
NA20905#2	HLA-DRB5	1	1	1		1	1	assembly_or_reference	DR_DQ_candidate_novel_annotation
NA21093#1	HLA-A	1	1	1		1	0	assembly_or_reference	downstream_graph_clipping_loss
NA21093#1	HLA-B	1	1	1		1	0	assembly_or_reference	downstream_graph_clipping_loss
NA21093#1	HLA-C	1	1	1		1	0	assembly_or_reference	downstream_graph_clipping_loss
NA21093#1	HLA-DRB1	1	1	1		1	0	assembly_or_reference	downstream_graph_clipping_loss
NA21093#1	HLA-DQA1	1	1	1		1	0	assembly_or_reference	downstream_graph_clipping_loss
NA21093#1	HLA-DQB1	1	1	1		1	0	assembly_or_reference	downstream_graph_clipping_loss
NA21093#1	HLA-DPA1	1	1	1		1	0	assembly_or_reference	downstream_graph_clipping_loss
NA21093#1	HLA-DPB1	1	1	1		1	0	assembly_or_reference	downstream_graph_clipping_loss
NA21093#1	HLA-DRB3	1	0	0	no_gene_sequence_annotation_not_proven_absence	1	0	assembly_or_reference	downstream_graph_clipping_loss
NA21093#1	HLA-DRB4	1	1	0	cds_completeness_or_abnormality	1	0	assembly_or_reference	downstream_graph_clipping_loss
NA21093#1	HLA-DRB5	1	0	0	no_gene_sequence_annotation_not_proven_absence	1	0	assembly_or_reference	downstream_graph_clipping_loss
NA21093#2	HLA-A	1	1	1		1	1	assembly_or_reference	
NA21093#2	HLA-B	1	1	1		1	1	assembly_or_reference	
NA21093#2	HLA-C	1	1	1		1	1	assembly_or_reference	
NA21093#2	HLA-DRB1	1	1	1		1	1	assembly_or_reference	
NA21093#2	HLA-DQA1	1	1	1		1	1	assembly_or_reference	
NA21093#2	HLA-DQB1	1	1	1		1	1	assembly_or_reference	
NA21093#2	HLA-DPA1	1	1	1		1	1	assembly_or_reference	
NA21093#2	HLA-DPB1	1	1	1		1	1	assembly_or_reference	
NA21093#2	HLA-DRB3	1	0	0	no_gene_sequence_annotation_not_proven_absence	1	1	assembly_or_reference	
NA21093#2	HLA-DRB4	1	0	0	no_gene_sequence_annotation_not_proven_absence	1	1	assembly_or_reference	
NA21093#2	HLA-DRB5	1	0	0	no_gene_sequence_annotation_not_proven_absence	1	1	assembly_or_reference	
NA21102#1	HLA-A	1	1	1		1	1	assembly_or_reference	
NA21102#1	HLA-B	1	1	1		1	1	assembly_or_reference	
NA21102#1	HLA-C	1	1	1		1	1	assembly_or_reference	
NA21102#1	HLA-DRB1	1	1	1		1	1	assembly_or_reference	
NA21102#1	HLA-DQA1	1	1	1		1	1	assembly_or_reference	
NA21102#1	HLA-DQB1	1	1	1		1	1	assembly_or_reference	
NA21102#1	HLA-DPA1	1	1	1		1	1	assembly_or_reference	
NA21102#1	HLA-DPB1	1	1	1		1	1	assembly_or_reference	
NA21102#1	HLA-DRB3	1	0	0	no_gene_sequence_annotation_not_proven_absence	1	1	assembly_or_reference	
NA21102#1	HLA-DRB4	1	0	0	no_gene_sequence_annotation_not_proven_absence	1	1	assembly_or_reference	
NA21102#1	HLA-DRB5	1	0	0	no_gene_sequence_annotation_not_proven_absence	1	1	assembly_or_reference	
NA21102#2	HLA-A	1	1	1		1	1	assembly_or_reference	
NA21102#2	HLA-B	1	1	1		1	1	assembly_or_reference	
NA21102#2	HLA-C	1	1	1		1	1	assembly_or_reference	
NA21102#2	HLA-DRB1	1	1	1		1	1	assembly_or_reference	
NA21102#2	HLA-DQA1	1	1	1		1	1	assembly_or_reference	
NA21102#2	HLA-DQB1	1	1	1		1	1	assembly_or_reference	
NA21102#2	HLA-DPA1	1	1	1		1	1	assembly_or_reference	
NA21102#2	HLA-DPB1	1	1	1		1	1	assembly_or_reference	
NA21102#2	HLA-DRB3	1	1	1		1	1	assembly_or_reference	
NA21102#2	HLA-DRB4	1	0	0	no_gene_sequence_annotation_not_proven_absence	1	1	assembly_or_reference	
NA21102#2	HLA-DRB5	1	0	0	no_gene_sequence_annotation_not_proven_absence	1	1	assembly_or_reference	
NA21106#1	HLA-A	1	1	1		1	1	assembly_or_reference	
NA21106#1	HLA-B	1	1	1		1	1	assembly_or_reference	
NA21106#1	HLA-C	1	1	1		1	1	assembly_or_reference	
NA21106#1	HLA-DRB1	1	1	1		1	1	assembly_or_reference	
NA21106#1	HLA-DQA1	1	1	1		1	1	assembly_or_reference	
NA21106#1	HLA-DQB1	1	1	1		1	1	assembly_or_reference	
NA21106#1	HLA-DPA1	1	1	1		1	1	assembly_or_reference	
NA21106#1	HLA-DPB1	1	1	1		1	1	assembly_or_reference	
NA21106#1	HLA-DRB3	1	0	0	no_gene_sequence_annotation_not_proven_absence	1	1	assembly_or_reference	
NA21106#1	HLA-DRB4	1	0	0	no_gene_sequence_annotation_not_proven_absence	1	1	assembly_or_reference	
NA21106#1	HLA-DRB5	1	1	1		1	1	assembly_or_reference	
NA21106#2	HLA-A	1	1	1		1	1	assembly_or_reference	DR_DQ_candidate_novel_annotation
NA21106#2	HLA-B	1	1	1		1	1	assembly_or_reference	DR_DQ_candidate_novel_annotation
NA21106#2	HLA-C	1	1	1		1	1	assembly_or_reference	DR_DQ_candidate_novel_annotation
NA21106#2	HLA-DRB1	1	1	1		1	1	assembly_or_reference	DR_DQ_candidate_novel_annotation
NA21106#2	HLA-DQA1	1	1	1		1	1	assembly_or_reference	DR_DQ_candidate_novel_annotation
NA21106#2	HLA-DQB1	1	1	1		1	1	assembly_or_reference	DR_DQ_candidate_novel_annotation
NA21106#2	HLA-DPA1	1	1	1		1	1	assembly_or_reference	DR_DQ_candidate_novel_annotation
NA21106#2	HLA-DPB1	1	1	1		1	1	assembly_or_reference	DR_DQ_candidate_novel_annotation
NA21106#2	HLA-DRB3	1	0	0	no_gene_sequence_annotation_not_proven_absence	1	1	assembly_or_reference	DR_DQ_candidate_novel_annotation
NA21106#2	HLA-DRB4	1	0	0	no_gene_sequence_annotation_not_proven_absence	1	1	assembly_or_reference	DR_DQ_candidate_novel_annotation
NA21106#2	HLA-DRB5	1	1	1		1	1	assembly_or_reference	DR_DQ_candidate_novel_annotation
NA21110#1	HLA-A	1	1	1		1	1	assembly_or_reference	DR_DQ_candidate_novel_annotation
NA21110#1	HLA-B	1	1	1		1	1	assembly_or_reference	DR_DQ_candidate_novel_annotation
NA21110#1	HLA-C	1	1	1		1	1	assembly_or_reference	DR_DQ_candidate_novel_annotation
NA21110#1	HLA-DRB1	1	1	1		1	1	assembly_or_reference	DR_DQ_candidate_novel_annotation
NA21110#1	HLA-DQA1	1	1	1		1	1	assembly_or_reference	DR_DQ_candidate_novel_annotation
NA21110#1	HLA-DQB1	1	1	1		1	1	assembly_or_reference	DR_DQ_candidate_novel_annotation
NA21110#1	HLA-DPA1	1	1	1		1	1	assembly_or_reference	DR_DQ_candidate_novel_annotation
NA21110#1	HLA-DPB1	1	1	1		1	1	assembly_or_reference	DR_DQ_candidate_novel_annotation
NA21110#1	HLA-DRB3	1	1	1		1	1	assembly_or_reference	DR_DQ_candidate_novel_annotation
NA21110#1	HLA-DRB4	1	0	0	no_gene_sequence_annotation_not_proven_absence	1	1	assembly_or_reference	DR_DQ_candidate_novel_annotation
NA21110#1	HLA-DRB5	1	0	0	no_gene_sequence_annotation_not_proven_absence	1	1	assembly_or_reference	DR_DQ_candidate_novel_annotation
NA21110#2	HLA-A	1	1	1		1	1	assembly_or_reference	DR_DQ_candidate_novel_annotation
NA21110#2	HLA-B	1	1	1		1	1	assembly_or_reference	DR_DQ_candidate_novel_annotation
NA21110#2	HLA-C	1	1	1		1	1	assembly_or_reference	DR_DQ_candidate_novel_annotation
NA21110#2	HLA-DRB1	1	1	1		1	1	assembly_or_reference	DR_DQ_candidate_novel_annotation
NA21110#2	HLA-DQA1	1	1	1		1	1	assembly_or_reference	DR_DQ_candidate_novel_annotation
NA21110#2	HLA-DQB1	1	1	1		1	1	assembly_or_reference	DR_DQ_candidate_novel_annotation
NA21110#2	HLA-DPA1	1	1	1		1	1	assembly_or_reference	DR_DQ_candidate_novel_annotation
NA21110#2	HLA-DPB1	1	1	1		1	1	assembly_or_reference	DR_DQ_candidate_novel_annotation
NA21110#2	HLA-DRB3	1	0	0	no_gene_sequence_annotation_not_proven_absence	1	1	assembly_or_reference	DR_DQ_candidate_novel_annotation
NA21110#2	HLA-DRB4	1	0	0	no_gene_sequence_annotation_not_proven_absence	1	1	assembly_or_reference	DR_DQ_candidate_novel_annotation
NA21110#2	HLA-DRB5	1	1	1		1	1	assembly_or_reference	DR_DQ_candidate_novel_annotation
NA21144#1	HLA-A	1	1	1		1	0	assembly_or_reference	
NA21144#1	HLA-B	1	1	1		1	0	assembly_or_reference	
NA21144#1	HLA-C	1	1	1		1	0	assembly_or_reference	
NA21144#1	HLA-DRB1	1	1	1		1	0	assembly_or_reference	
NA21144#1	HLA-DQA1	1	1	1		1	0	assembly_or_reference	
NA21144#1	HLA-DQB1	1	1	1		1	0	assembly_or_reference	
NA21144#1	HLA-DPA1	1	1	1		1	0	assembly_or_reference	
NA21144#1	HLA-DPB1	1	1	1		1	0	assembly_or_reference	
NA21144#1	HLA-DRB3	1	0	0	no_gene_sequence_annotation_not_proven_absence	1	0	assembly_or_reference	
NA21144#1	HLA-DRB4	1	1	0	cds_completeness_or_abnormality	1	0	assembly_or_reference	
NA21144#1	HLA-DRB5	1	0	0	no_gene_sequence_annotation_not_proven_absence	1	0	assembly_or_reference	
NA21144#2	HLA-A	1	1	1		1	1	assembly_or_reference	
NA21144#2	HLA-B	1	1	1		1	1	assembly_or_reference	
NA21144#2	HLA-C	1	1	1		1	1	assembly_or_reference	
NA21144#2	HLA-DRB1	1	1	1		1	1	assembly_or_reference	
NA21144#2	HLA-DQA1	1	1	1		1	1	assembly_or_reference	
NA21144#2	HLA-DQB1	1	1	1		1	1	assembly_or_reference	
NA21144#2	HLA-DPA1	1	1	1		1	1	assembly_or_reference	
NA21144#2	HLA-DPB1	1	1	1		1	1	assembly_or_reference	
NA21144#2	HLA-DRB3	1	1	1		1	1	assembly_or_reference	
NA21144#2	HLA-DRB4	1	0	0	no_gene_sequence_annotation_not_proven_absence	1	1	assembly_or_reference	
NA21144#2	HLA-DRB5	1	0	0	no_gene_sequence_annotation_not_proven_absence	1	1	assembly_or_reference	
NA21309#1	HLA-A	1	1	1		1	1	assembly_or_reference	
NA21309#1	HLA-B	1	1	1		1	1	assembly_or_reference	
NA21309#1	HLA-C	1	1	1		1	1	assembly_or_reference	
NA21309#1	HLA-DRB1	1	1	1		1	1	assembly_or_reference	
NA21309#1	HLA-DQA1	1	1	1		1	1	assembly_or_reference	
NA21309#1	HLA-DQB1	1	1	1		1	1	assembly_or_reference	
NA21309#1	HLA-DPA1	1	1	1		1	1	assembly_or_reference	
NA21309#1	HLA-DPB1	1	1	1		1	1	assembly_or_reference	
NA21309#1	HLA-DRB3	1	0	0	no_gene_sequence_annotation_not_proven_absence	1	1	assembly_or_reference	
NA21309#1	HLA-DRB4	1	0	0	no_gene_sequence_annotation_not_proven_absence	1	1	assembly_or_reference	
NA21309#1	HLA-DRB5	1	1	1		1	1	assembly_or_reference	
NA21309#2	HLA-A	1	1	1		1	1	assembly_or_reference	DR_DQ_candidate_novel_annotation
NA21309#2	HLA-B	1	1	1		1	1	assembly_or_reference	DR_DQ_candidate_novel_annotation
NA21309#2	HLA-C	1	1	1		1	1	assembly_or_reference	DR_DQ_candidate_novel_annotation
NA21309#2	HLA-DRB1	1	1	1		1	1	assembly_or_reference	DR_DQ_candidate_novel_annotation
NA21309#2	HLA-DQA1	1	1	1		1	1	assembly_or_reference	DR_DQ_candidate_novel_annotation
NA21309#2	HLA-DQB1	1	1	1		1	1	assembly_or_reference	DR_DQ_candidate_novel_annotation
NA21309#2	HLA-DPA1	1	1	1		1	1	assembly_or_reference	DR_DQ_candidate_novel_annotation
NA21309#2	HLA-DPB1	1	1	1		1	1	assembly_or_reference	DR_DQ_candidate_novel_annotation
NA21309#2	HLA-DRB3	1	1	1		1	1	assembly_or_reference	DR_DQ_candidate_novel_annotation
NA21309#2	HLA-DRB4	1	0	0	no_gene_sequence_annotation_not_proven_absence	1	1	assembly_or_reference	DR_DQ_candidate_novel_annotation
NA21309#2	HLA-DRB5	1	0	0	no_gene_sequence_annotation_not_proven_absence	1	1	assembly_or_reference	DR_DQ_candidate_novel_annotation
RY01#1	HLA-A	1	1	1		0	0	clipped_graph_paths	upstream_clipped_graph_source;DR_DQ_candidate_novel_annotation;downstream_graph_clipping_loss
RY01#1	HLA-B	1	1	1		0	0	clipped_graph_paths	upstream_clipped_graph_source;DR_DQ_candidate_novel_annotation;downstream_graph_clipping_loss
RY01#1	HLA-C	1	1	1		0	0	clipped_graph_paths	upstream_clipped_graph_source;DR_DQ_candidate_novel_annotation;downstream_graph_clipping_loss
RY01#1	HLA-DRB1	1	1	0	no_current_exact_cds_match	0	0	clipped_graph_paths	upstream_clipped_graph_source;DR_DQ_candidate_novel_annotation;downstream_graph_clipping_loss
RY01#1	HLA-DQA1	1	1	1		0	0	clipped_graph_paths	upstream_clipped_graph_source;DR_DQ_candidate_novel_annotation;downstream_graph_clipping_loss
RY01#1	HLA-DQB1	1	1	1		0	0	clipped_graph_paths	upstream_clipped_graph_source;DR_DQ_candidate_novel_annotation;downstream_graph_clipping_loss
RY01#1	HLA-DPA1	1	1	1		0	0	clipped_graph_paths	upstream_clipped_graph_source;DR_DQ_candidate_novel_annotation;downstream_graph_clipping_loss
RY01#1	HLA-DPB1	1	1	1		0	0	clipped_graph_paths	upstream_clipped_graph_source;DR_DQ_candidate_novel_annotation;downstream_graph_clipping_loss
RY01#1	HLA-DRB3	1	1	1		0	0	clipped_graph_paths	upstream_clipped_graph_source;DR_DQ_candidate_novel_annotation;downstream_graph_clipping_loss
RY01#1	HLA-DRB4	1	0	0	no_gene_sequence_annotation_not_proven_absence	0	0	clipped_graph_paths	upstream_clipped_graph_source;DR_DQ_candidate_novel_annotation;downstream_graph_clipping_loss
RY01#1	HLA-DRB5	1	0	0	no_gene_sequence_annotation_not_proven_absence	0	0	clipped_graph_paths	upstream_clipped_graph_source;DR_DQ_candidate_novel_annotation;downstream_graph_clipping_loss
RY01#2	HLA-A	1	1	1		0	0	clipped_graph_paths	upstream_clipped_graph_source;DR_DQ_candidate_novel_annotation;downstream_graph_clipping_loss
RY01#2	HLA-B	1	1	1		0	0	clipped_graph_paths	upstream_clipped_graph_source;DR_DQ_candidate_novel_annotation;downstream_graph_clipping_loss
RY01#2	HLA-C	1	1	1		0	0	clipped_graph_paths	upstream_clipped_graph_source;DR_DQ_candidate_novel_annotation;downstream_graph_clipping_loss
RY01#2	HLA-DRB1	1	1	1		0	0	clipped_graph_paths	upstream_clipped_graph_source;DR_DQ_candidate_novel_annotation;downstream_graph_clipping_loss
RY01#2	HLA-DQA1	1	1	1		0	0	clipped_graph_paths	upstream_clipped_graph_source;DR_DQ_candidate_novel_annotation;downstream_graph_clipping_loss
RY01#2	HLA-DQB1	1	1	1		0	0	clipped_graph_paths	upstream_clipped_graph_source;DR_DQ_candidate_novel_annotation;downstream_graph_clipping_loss
RY01#2	HLA-DPA1	1	1	1		0	0	clipped_graph_paths	upstream_clipped_graph_source;DR_DQ_candidate_novel_annotation;downstream_graph_clipping_loss
RY01#2	HLA-DPB1	1	1	1		0	0	clipped_graph_paths	upstream_clipped_graph_source;DR_DQ_candidate_novel_annotation;downstream_graph_clipping_loss
RY01#2	HLA-DRB3	1	0	0	no_gene_sequence_annotation_not_proven_absence	0	0	clipped_graph_paths	upstream_clipped_graph_source;DR_DQ_candidate_novel_annotation;downstream_graph_clipping_loss
RY01#2	HLA-DRB4	1	1	1		0	0	clipped_graph_paths	upstream_clipped_graph_source;DR_DQ_candidate_novel_annotation;downstream_graph_clipping_loss
RY01#2	HLA-DRB5	1	0	0	no_gene_sequence_annotation_not_proven_absence	0	0	clipped_graph_paths	upstream_clipped_graph_source;DR_DQ_candidate_novel_annotation;downstream_graph_clipping_loss
RY02#1	HLA-A	1	1	1		0	0	clipped_graph_paths	upstream_clipped_graph_source;downstream_graph_clipping_loss
RY02#1	HLA-B	1	1	1		0	0	clipped_graph_paths	upstream_clipped_graph_source;downstream_graph_clipping_loss
RY02#1	HLA-C	1	1	1		0	0	clipped_graph_paths	upstream_clipped_graph_source;downstream_graph_clipping_loss
RY02#1	HLA-DRB1	1	1	1		0	0	clipped_graph_paths	upstream_clipped_graph_source;downstream_graph_clipping_loss
RY02#1	HLA-DQA1	1	1	1		0	0	clipped_graph_paths	upstream_clipped_graph_source;downstream_graph_clipping_loss
RY02#1	HLA-DQB1	1	1	1		0	0	clipped_graph_paths	upstream_clipped_graph_source;downstream_graph_clipping_loss
RY02#1	HLA-DPA1	1	1	1		0	0	clipped_graph_paths	upstream_clipped_graph_source;downstream_graph_clipping_loss
RY02#1	HLA-DPB1	1	1	1		0	0	clipped_graph_paths	upstream_clipped_graph_source;downstream_graph_clipping_loss
RY02#1	HLA-DRB3	1	0	0	no_gene_sequence_annotation_not_proven_absence	0	0	clipped_graph_paths	upstream_clipped_graph_source;downstream_graph_clipping_loss
RY02#1	HLA-DRB4	1	0	0	no_gene_sequence_annotation_not_proven_absence	0	0	clipped_graph_paths	upstream_clipped_graph_source;downstream_graph_clipping_loss
RY02#1	HLA-DRB5	1	0	0	no_gene_sequence_annotation_not_proven_absence	0	0	clipped_graph_paths	upstream_clipped_graph_source;downstream_graph_clipping_loss
RY02#2	HLA-A	1	1	1		0	0	clipped_graph_paths	upstream_clipped_graph_source;DR_DQ_candidate_novel_annotation;downstream_graph_clipping_loss
RY02#2	HLA-B	1	1	1		0	0	clipped_graph_paths	upstream_clipped_graph_source;DR_DQ_candidate_novel_annotation;downstream_graph_clipping_loss
RY02#2	HLA-C	1	1	1		0	0	clipped_graph_paths	upstream_clipped_graph_source;DR_DQ_candidate_novel_annotation;downstream_graph_clipping_loss
RY02#2	HLA-DRB1	1	1	1		0	0	clipped_graph_paths	upstream_clipped_graph_source;DR_DQ_candidate_novel_annotation;downstream_graph_clipping_loss
RY02#2	HLA-DQA1	1	1	1		0	0	clipped_graph_paths	upstream_clipped_graph_source;DR_DQ_candidate_novel_annotation;downstream_graph_clipping_loss
RY02#2	HLA-DQB1	1	1	1		0	0	clipped_graph_paths	upstream_clipped_graph_source;DR_DQ_candidate_novel_annotation;downstream_graph_clipping_loss
RY02#2	HLA-DPA1	1	1	1		0	0	clipped_graph_paths	upstream_clipped_graph_source;DR_DQ_candidate_novel_annotation;downstream_graph_clipping_loss
RY02#2	HLA-DPB1	1	1	1		0	0	clipped_graph_paths	upstream_clipped_graph_source;DR_DQ_candidate_novel_annotation;downstream_graph_clipping_loss
RY02#2	HLA-DRB3	1	0	0	no_gene_sequence_annotation_not_proven_absence	0	0	clipped_graph_paths	upstream_clipped_graph_source;DR_DQ_candidate_novel_annotation;downstream_graph_clipping_loss
RY02#2	HLA-DRB4	1	0	0	no_gene_sequence_annotation_not_proven_absence	0	0	clipped_graph_paths	upstream_clipped_graph_source;DR_DQ_candidate_novel_annotation;downstream_graph_clipping_loss
RY02#2	HLA-DRB5	1	1	1		0	0	clipped_graph_paths	upstream_clipped_graph_source;DR_DQ_candidate_novel_annotation;downstream_graph_clipping_loss
RY03#1	HLA-A	1	1	1		0	0	clipped_graph_paths	upstream_clipped_graph_source;DR_DQ_candidate_novel_annotation;downstream_graph_clipping_loss
RY03#1	HLA-B	1	1	1		0	0	clipped_graph_paths	upstream_clipped_graph_source;DR_DQ_candidate_novel_annotation;downstream_graph_clipping_loss
RY03#1	HLA-C	1	1	1		0	0	clipped_graph_paths	upstream_clipped_graph_source;DR_DQ_candidate_novel_annotation;downstream_graph_clipping_loss
RY03#1	HLA-DRB1	1	1	1		0	0	clipped_graph_paths	upstream_clipped_graph_source;DR_DQ_candidate_novel_annotation;downstream_graph_clipping_loss
RY03#1	HLA-DQA1	1	1	1		0	0	clipped_graph_paths	upstream_clipped_graph_source;DR_DQ_candidate_novel_annotation;downstream_graph_clipping_loss
RY03#1	HLA-DQB1	1	1	0	no_current_exact_cds_match	0	0	clipped_graph_paths	upstream_clipped_graph_source;DR_DQ_candidate_novel_annotation;downstream_graph_clipping_loss
RY03#1	HLA-DPA1	1	1	1		0	0	clipped_graph_paths	upstream_clipped_graph_source;DR_DQ_candidate_novel_annotation;downstream_graph_clipping_loss
RY03#1	HLA-DPB1	1	1	1		0	0	clipped_graph_paths	upstream_clipped_graph_source;DR_DQ_candidate_novel_annotation;downstream_graph_clipping_loss
RY03#1	HLA-DRB3	1	0	0	no_gene_sequence_annotation_not_proven_absence	0	0	clipped_graph_paths	upstream_clipped_graph_source;DR_DQ_candidate_novel_annotation;downstream_graph_clipping_loss
RY03#1	HLA-DRB4	1	1	1		0	0	clipped_graph_paths	upstream_clipped_graph_source;DR_DQ_candidate_novel_annotation;downstream_graph_clipping_loss
RY03#1	HLA-DRB5	1	0	0	no_gene_sequence_annotation_not_proven_absence	0	0	clipped_graph_paths	upstream_clipped_graph_source;DR_DQ_candidate_novel_annotation;downstream_graph_clipping_loss
RY03#2	HLA-A	1	1	0	no_current_exact_cds_match	0	0	clipped_graph_paths	upstream_clipped_graph_source;DR_DQ_candidate_novel_annotation;downstream_graph_clipping_loss
RY03#2	HLA-B	1	1	1		0	0	clipped_graph_paths	upstream_clipped_graph_source;DR_DQ_candidate_novel_annotation;downstream_graph_clipping_loss
RY03#2	HLA-C	1	1	1		0	0	clipped_graph_paths	upstream_clipped_graph_source;DR_DQ_candidate_novel_annotation;downstream_graph_clipping_loss
RY03#2	HLA-DRB1	1	1	1		0	0	clipped_graph_paths	upstream_clipped_graph_source;DR_DQ_candidate_novel_annotation;downstream_graph_clipping_loss
RY03#2	HLA-DQA1	1	1	1		0	0	clipped_graph_paths	upstream_clipped_graph_source;DR_DQ_candidate_novel_annotation;downstream_graph_clipping_loss
RY03#2	HLA-DQB1	1	1	1		0	0	clipped_graph_paths	upstream_clipped_graph_source;DR_DQ_candidate_novel_annotation;downstream_graph_clipping_loss
RY03#2	HLA-DPA1	1	1	1		0	0	clipped_graph_paths	upstream_clipped_graph_source;DR_DQ_candidate_novel_annotation;downstream_graph_clipping_loss
RY03#2	HLA-DPB1	1	1	1		0	0	clipped_graph_paths	upstream_clipped_graph_source;DR_DQ_candidate_novel_annotation;downstream_graph_clipping_loss
RY03#2	HLA-DRB3	1	1	1		0	0	clipped_graph_paths	upstream_clipped_graph_source;DR_DQ_candidate_novel_annotation;downstream_graph_clipping_loss
RY03#2	HLA-DRB4	1	0	0	no_gene_sequence_annotation_not_proven_absence	0	0	clipped_graph_paths	upstream_clipped_graph_source;DR_DQ_candidate_novel_annotation;downstream_graph_clipping_loss
RY03#2	HLA-DRB5	1	0	0	no_gene_sequence_annotation_not_proven_absence	0	0	clipped_graph_paths	upstream_clipped_graph_source;DR_DQ_candidate_novel_annotation;downstream_graph_clipping_loss
RY04#1	HLA-A	1	1	1		0	0	clipped_graph_paths	upstream_clipped_graph_source;DR_DQ_candidate_novel_annotation
RY04#1	HLA-B	1	1	1		0	0	clipped_graph_paths	upstream_clipped_graph_source;DR_DQ_candidate_novel_annotation
RY04#1	HLA-C	1	1	1		0	0	clipped_graph_paths	upstream_clipped_graph_source;DR_DQ_candidate_novel_annotation
RY04#1	HLA-DRB1	1	1	1		0	0	clipped_graph_paths	upstream_clipped_graph_source;DR_DQ_candidate_novel_annotation
RY04#1	HLA-DQA1	1	1	1		0	0	clipped_graph_paths	upstream_clipped_graph_source;DR_DQ_candidate_novel_annotation
RY04#1	HLA-DQB1	1	1	1		0	0	clipped_graph_paths	upstream_clipped_graph_source;DR_DQ_candidate_novel_annotation
RY04#1	HLA-DPA1	1	1	1		0	0	clipped_graph_paths	upstream_clipped_graph_source;DR_DQ_candidate_novel_annotation
RY04#1	HLA-DPB1	1	1	1		0	0	clipped_graph_paths	upstream_clipped_graph_source;DR_DQ_candidate_novel_annotation
RY04#1	HLA-DRB3	1	1	1		0	0	clipped_graph_paths	upstream_clipped_graph_source;DR_DQ_candidate_novel_annotation
RY04#1	HLA-DRB4	1	0	0	no_gene_sequence_annotation_not_proven_absence	0	0	clipped_graph_paths	upstream_clipped_graph_source;DR_DQ_candidate_novel_annotation
RY04#1	HLA-DRB5	1	0	0	no_gene_sequence_annotation_not_proven_absence	0	0	clipped_graph_paths	upstream_clipped_graph_source;DR_DQ_candidate_novel_annotation
RY04#2	HLA-A	1	1	1		0	0	clipped_graph_paths	upstream_clipped_graph_source;DR_DQ_candidate_novel_annotation
RY04#2	HLA-B	1	1	1		0	0	clipped_graph_paths	upstream_clipped_graph_source;DR_DQ_candidate_novel_annotation
RY04#2	HLA-C	1	1	1		0	0	clipped_graph_paths	upstream_clipped_graph_source;DR_DQ_candidate_novel_annotation
RY04#2	HLA-DRB1	1	1	1		0	0	clipped_graph_paths	upstream_clipped_graph_source;DR_DQ_candidate_novel_annotation
RY04#2	HLA-DQA1	1	1	1		0	0	clipped_graph_paths	upstream_clipped_graph_source;DR_DQ_candidate_novel_annotation
RY04#2	HLA-DQB1	1	1	1		0	0	clipped_graph_paths	upstream_clipped_graph_source;DR_DQ_candidate_novel_annotation
RY04#2	HLA-DPA1	1	1	1		0	0	clipped_graph_paths	upstream_clipped_graph_source;DR_DQ_candidate_novel_annotation
RY04#2	HLA-DPB1	1	1	1		0	0	clipped_graph_paths	upstream_clipped_graph_source;DR_DQ_candidate_novel_annotation
RY04#2	HLA-DRB3	1	1	1		0	0	clipped_graph_paths	upstream_clipped_graph_source;DR_DQ_candidate_novel_annotation
RY04#2	HLA-DRB4	1	0	0	no_gene_sequence_annotation_not_proven_absence	0	0	clipped_graph_paths	upstream_clipped_graph_source;DR_DQ_candidate_novel_annotation
RY04#2	HLA-DRB5	1	0	0	no_gene_sequence_annotation_not_proven_absence	0	0	clipped_graph_paths	upstream_clipped_graph_source;DR_DQ_candidate_novel_annotation
RY05#1	HLA-A	1	1	1		0	0	clipped_graph_paths	upstream_clipped_graph_source;DR_DQ_candidate_novel_annotation
RY05#1	HLA-B	1	1	1		0	0	clipped_graph_paths	upstream_clipped_graph_source;DR_DQ_candidate_novel_annotation
RY05#1	HLA-C	1	1	1		0	0	clipped_graph_paths	upstream_clipped_graph_source;DR_DQ_candidate_novel_annotation
RY05#1	HLA-DRB1	1	1	1		0	0	clipped_graph_paths	upstream_clipped_graph_source;DR_DQ_candidate_novel_annotation
RY05#1	HLA-DQA1	1	1	1		0	0	clipped_graph_paths	upstream_clipped_graph_source;DR_DQ_candidate_novel_annotation
RY05#1	HLA-DQB1	1	1	1		0	0	clipped_graph_paths	upstream_clipped_graph_source;DR_DQ_candidate_novel_annotation
RY05#1	HLA-DPA1	1	1	1		0	0	clipped_graph_paths	upstream_clipped_graph_source;DR_DQ_candidate_novel_annotation
RY05#1	HLA-DPB1	1	1	1		0	0	clipped_graph_paths	upstream_clipped_graph_source;DR_DQ_candidate_novel_annotation
RY05#1	HLA-DRB3	1	1	1		0	0	clipped_graph_paths	upstream_clipped_graph_source;DR_DQ_candidate_novel_annotation
RY05#1	HLA-DRB4	1	0	0	no_gene_sequence_annotation_not_proven_absence	0	0	clipped_graph_paths	upstream_clipped_graph_source;DR_DQ_candidate_novel_annotation
RY05#1	HLA-DRB5	1	0	0	no_gene_sequence_annotation_not_proven_absence	0	0	clipped_graph_paths	upstream_clipped_graph_source;DR_DQ_candidate_novel_annotation
RY05#2	HLA-A	1	1	1		0	0	clipped_graph_paths	upstream_clipped_graph_source
RY05#2	HLA-B	1	1	1		0	0	clipped_graph_paths	upstream_clipped_graph_source
RY05#2	HLA-C	1	1	1		0	0	clipped_graph_paths	upstream_clipped_graph_source
RY05#2	HLA-DRB1	1	1	1		0	0	clipped_graph_paths	upstream_clipped_graph_source
RY05#2	HLA-DQA1	1	1	1		0	0	clipped_graph_paths	upstream_clipped_graph_source
RY05#2	HLA-DQB1	1	1	1		0	0	clipped_graph_paths	upstream_clipped_graph_source
RY05#2	HLA-DPA1	1	1	1		0	0	clipped_graph_paths	upstream_clipped_graph_source
RY05#2	HLA-DPB1	1	1	1		0	0	clipped_graph_paths	upstream_clipped_graph_source
RY05#2	HLA-DRB3	1	0	0	no_gene_sequence_annotation_not_proven_absence	0	0	clipped_graph_paths	upstream_clipped_graph_source
RY05#2	HLA-DRB4	1	0	0	no_gene_sequence_annotation_not_proven_absence	0	0	clipped_graph_paths	upstream_clipped_graph_source
RY05#2	HLA-DRB5	1	0	0	no_gene_sequence_annotation_not_proven_absence	0	0	clipped_graph_paths	upstream_clipped_graph_source
RY06#1	HLA-A	1	1	1		0	0	clipped_graph_paths	upstream_clipped_graph_source;DR_DQ_candidate_novel_annotation
RY06#1	HLA-B	1	1	1		0	0	clipped_graph_paths	upstream_clipped_graph_source;DR_DQ_candidate_novel_annotation
RY06#1	HLA-C	1	1	1		0	0	clipped_graph_paths	upstream_clipped_graph_source;DR_DQ_candidate_novel_annotation
RY06#1	HLA-DRB1	1	1	0	no_current_exact_cds_match	0	0	clipped_graph_paths	upstream_clipped_graph_source;DR_DQ_candidate_novel_annotation
RY06#1	HLA-DQA1	1	1	1		0	0	clipped_graph_paths	upstream_clipped_graph_source;DR_DQ_candidate_novel_annotation
RY06#1	HLA-DQB1	1	1	1		0	0	clipped_graph_paths	upstream_clipped_graph_source;DR_DQ_candidate_novel_annotation
RY06#1	HLA-DPA1	1	1	1		0	0	clipped_graph_paths	upstream_clipped_graph_source;DR_DQ_candidate_novel_annotation
RY06#1	HLA-DPB1	1	1	1		0	0	clipped_graph_paths	upstream_clipped_graph_source;DR_DQ_candidate_novel_annotation
RY06#1	HLA-DRB3	1	1	1		0	0	clipped_graph_paths	upstream_clipped_graph_source;DR_DQ_candidate_novel_annotation
RY06#1	HLA-DRB4	1	0	0	no_gene_sequence_annotation_not_proven_absence	0	0	clipped_graph_paths	upstream_clipped_graph_source;DR_DQ_candidate_novel_annotation
RY06#1	HLA-DRB5	1	0	0	no_gene_sequence_annotation_not_proven_absence	0	0	clipped_graph_paths	upstream_clipped_graph_source;DR_DQ_candidate_novel_annotation
RY06#2	HLA-A	1	1	1		0	0	clipped_graph_paths	upstream_clipped_graph_source;DR_DQ_candidate_novel_annotation;downstream_graph_clipping_loss
RY06#2	HLA-B	1	1	1		0	0	clipped_graph_paths	upstream_clipped_graph_source;DR_DQ_candidate_novel_annotation;downstream_graph_clipping_loss
RY06#2	HLA-C	1	1	1		0	0	clipped_graph_paths	upstream_clipped_graph_source;DR_DQ_candidate_novel_annotation;downstream_graph_clipping_loss
RY06#2	HLA-DRB1	1	1	1		0	0	clipped_graph_paths	upstream_clipped_graph_source;DR_DQ_candidate_novel_annotation;downstream_graph_clipping_loss
RY06#2	HLA-DQA1	1	1	1		0	0	clipped_graph_paths	upstream_clipped_graph_source;DR_DQ_candidate_novel_annotation;downstream_graph_clipping_loss
RY06#2	HLA-DQB1	1	1	1		0	0	clipped_graph_paths	upstream_clipped_graph_source;DR_DQ_candidate_novel_annotation;downstream_graph_clipping_loss
RY06#2	HLA-DPA1	1	1	1		0	0	clipped_graph_paths	upstream_clipped_graph_source;DR_DQ_candidate_novel_annotation;downstream_graph_clipping_loss
RY06#2	HLA-DPB1	1	1	1		0	0	clipped_graph_paths	upstream_clipped_graph_source;DR_DQ_candidate_novel_annotation;downstream_graph_clipping_loss
RY06#2	HLA-DRB3	1	0	0	no_gene_sequence_annotation_not_proven_absence	0	0	clipped_graph_paths	upstream_clipped_graph_source;DR_DQ_candidate_novel_annotation;downstream_graph_clipping_loss
RY06#2	HLA-DRB4	1	0	0	no_gene_sequence_annotation_not_proven_absence	0	0	clipped_graph_paths	upstream_clipped_graph_source;DR_DQ_candidate_novel_annotation;downstream_graph_clipping_loss
RY06#2	HLA-DRB5	1	1	1		0	0	clipped_graph_paths	upstream_clipped_graph_source;DR_DQ_candidate_novel_annotation;downstream_graph_clipping_loss
RY07#1	HLA-A	1	1	1		0	0	clipped_graph_paths	upstream_clipped_graph_source;DR_DQ_candidate_novel_annotation
RY07#1	HLA-B	1	1	1		0	0	clipped_graph_paths	upstream_clipped_graph_source;DR_DQ_candidate_novel_annotation
RY07#1	HLA-C	1	1	1		0	0	clipped_graph_paths	upstream_clipped_graph_source;DR_DQ_candidate_novel_annotation
RY07#1	HLA-DRB1	1	1	0	no_current_exact_cds_match	0	0	clipped_graph_paths	upstream_clipped_graph_source;DR_DQ_candidate_novel_annotation
RY07#1	HLA-DQA1	1	1	1		0	0	clipped_graph_paths	upstream_clipped_graph_source;DR_DQ_candidate_novel_annotation
RY07#1	HLA-DQB1	1	1	1		0	0	clipped_graph_paths	upstream_clipped_graph_source;DR_DQ_candidate_novel_annotation
RY07#1	HLA-DPA1	1	1	1		0	0	clipped_graph_paths	upstream_clipped_graph_source;DR_DQ_candidate_novel_annotation
RY07#1	HLA-DPB1	1	1	1		0	0	clipped_graph_paths	upstream_clipped_graph_source;DR_DQ_candidate_novel_annotation
RY07#1	HLA-DRB3	1	0	0	no_gene_sequence_annotation_not_proven_absence	0	0	clipped_graph_paths	upstream_clipped_graph_source;DR_DQ_candidate_novel_annotation
RY07#1	HLA-DRB4	1	0	0	no_gene_sequence_annotation_not_proven_absence	0	0	clipped_graph_paths	upstream_clipped_graph_source;DR_DQ_candidate_novel_annotation
RY07#1	HLA-DRB5	1	0	0	no_gene_sequence_annotation_not_proven_absence	0	0	clipped_graph_paths	upstream_clipped_graph_source;DR_DQ_candidate_novel_annotation
RY07#2	HLA-A	1	1	1		0	0	clipped_graph_paths	upstream_clipped_graph_source;downstream_graph_clipping_loss
RY07#2	HLA-B	1	1	1		0	0	clipped_graph_paths	upstream_clipped_graph_source;downstream_graph_clipping_loss
RY07#2	HLA-C	1	1	1		0	0	clipped_graph_paths	upstream_clipped_graph_source;downstream_graph_clipping_loss
RY07#2	HLA-DRB1	1	1	1		0	0	clipped_graph_paths	upstream_clipped_graph_source;downstream_graph_clipping_loss
RY07#2	HLA-DQA1	1	1	1		0	0	clipped_graph_paths	upstream_clipped_graph_source;downstream_graph_clipping_loss
RY07#2	HLA-DQB1	1	1	1		0	0	clipped_graph_paths	upstream_clipped_graph_source;downstream_graph_clipping_loss
RY07#2	HLA-DPA1	1	1	1		0	0	clipped_graph_paths	upstream_clipped_graph_source;downstream_graph_clipping_loss
RY07#2	HLA-DPB1	1	1	1		0	0	clipped_graph_paths	upstream_clipped_graph_source;downstream_graph_clipping_loss
RY07#2	HLA-DRB3	1	0	0	no_gene_sequence_annotation_not_proven_absence	0	0	clipped_graph_paths	upstream_clipped_graph_source;downstream_graph_clipping_loss
RY07#2	HLA-DRB4	1	1	1		0	0	clipped_graph_paths	upstream_clipped_graph_source;downstream_graph_clipping_loss
RY07#2	HLA-DRB5	1	0	0	no_gene_sequence_annotation_not_proven_absence	0	0	clipped_graph_paths	upstream_clipped_graph_source;downstream_graph_clipping_loss
RY08#1	HLA-A	1	1	1		0	0	clipped_graph_paths	upstream_clipped_graph_source;downstream_graph_clipping_loss
RY08#1	HLA-B	1	1	1		0	0	clipped_graph_paths	upstream_clipped_graph_source;downstream_graph_clipping_loss
RY08#1	HLA-C	1	1	1		0	0	clipped_graph_paths	upstream_clipped_graph_source;downstream_graph_clipping_loss
RY08#1	HLA-DRB1	1	1	1		0	0	clipped_graph_paths	upstream_clipped_graph_source;downstream_graph_clipping_loss
RY08#1	HLA-DQA1	1	1	1		0	0	clipped_graph_paths	upstream_clipped_graph_source;downstream_graph_clipping_loss
RY08#1	HLA-DQB1	1	1	1		0	0	clipped_graph_paths	upstream_clipped_graph_source;downstream_graph_clipping_loss
RY08#1	HLA-DPA1	1	1	1		0	0	clipped_graph_paths	upstream_clipped_graph_source;downstream_graph_clipping_loss
RY08#1	HLA-DPB1	1	1	1		0	0	clipped_graph_paths	upstream_clipped_graph_source;downstream_graph_clipping_loss
RY08#1	HLA-DRB3	1	0	0	no_gene_sequence_annotation_not_proven_absence	0	0	clipped_graph_paths	upstream_clipped_graph_source;downstream_graph_clipping_loss
RY08#1	HLA-DRB4	1	0	0	no_gene_sequence_annotation_not_proven_absence	0	0	clipped_graph_paths	upstream_clipped_graph_source;downstream_graph_clipping_loss
RY08#1	HLA-DRB5	1	1	0	no_current_exact_cds_match	0	0	clipped_graph_paths	upstream_clipped_graph_source;downstream_graph_clipping_loss
RY08#2	HLA-A	1	1	1		0	0	clipped_graph_paths	upstream_clipped_graph_source;DR_DQ_candidate_novel_annotation
RY08#2	HLA-B	1	1	1		0	0	clipped_graph_paths	upstream_clipped_graph_source;DR_DQ_candidate_novel_annotation
RY08#2	HLA-C	1	1	1		0	0	clipped_graph_paths	upstream_clipped_graph_source;DR_DQ_candidate_novel_annotation
RY08#2	HLA-DRB1	1	1	1		0	0	clipped_graph_paths	upstream_clipped_graph_source;DR_DQ_candidate_novel_annotation
RY08#2	HLA-DQA1	1	1	1		0	0	clipped_graph_paths	upstream_clipped_graph_source;DR_DQ_candidate_novel_annotation
RY08#2	HLA-DQB1	1	1	1		0	0	clipped_graph_paths	upstream_clipped_graph_source;DR_DQ_candidate_novel_annotation
RY08#2	HLA-DPA1	1	1	1		0	0	clipped_graph_paths	upstream_clipped_graph_source;DR_DQ_candidate_novel_annotation
RY08#2	HLA-DPB1	1	1	1		0	0	clipped_graph_paths	upstream_clipped_graph_source;DR_DQ_candidate_novel_annotation
RY08#2	HLA-DRB3	1	0	0	no_gene_sequence_annotation_not_proven_absence	0	0	clipped_graph_paths	upstream_clipped_graph_source;DR_DQ_candidate_novel_annotation
RY08#2	HLA-DRB4	1	1	0	no_current_exact_cds_match	0	0	clipped_graph_paths	upstream_clipped_graph_source;DR_DQ_candidate_novel_annotation
RY08#2	HLA-DRB5	1	0	0	no_gene_sequence_annotation_not_proven_absence	0	0	clipped_graph_paths	upstream_clipped_graph_source;DR_DQ_candidate_novel_annotation
RY09#1	HLA-A	1	1	1		0	0	clipped_graph_paths	upstream_clipped_graph_source;DR_DQ_candidate_novel_annotation;downstream_graph_clipping_loss
RY09#1	HLA-B	1	1	1		0	0	clipped_graph_paths	upstream_clipped_graph_source;DR_DQ_candidate_novel_annotation;downstream_graph_clipping_loss
RY09#1	HLA-C	1	1	1		0	0	clipped_graph_paths	upstream_clipped_graph_source;DR_DQ_candidate_novel_annotation;downstream_graph_clipping_loss
RY09#1	HLA-DRB1	1	1	1		0	0	clipped_graph_paths	upstream_clipped_graph_source;DR_DQ_candidate_novel_annotation;downstream_graph_clipping_loss
RY09#1	HLA-DQA1	1	1	1		0	0	clipped_graph_paths	upstream_clipped_graph_source;DR_DQ_candidate_novel_annotation;downstream_graph_clipping_loss
RY09#1	HLA-DQB1	1	1	1		0	0	clipped_graph_paths	upstream_clipped_graph_source;DR_DQ_candidate_novel_annotation;downstream_graph_clipping_loss
RY09#1	HLA-DPA1	1	1	1		0	0	clipped_graph_paths	upstream_clipped_graph_source;DR_DQ_candidate_novel_annotation;downstream_graph_clipping_loss
RY09#1	HLA-DPB1	1	1	1		0	0	clipped_graph_paths	upstream_clipped_graph_source;DR_DQ_candidate_novel_annotation;downstream_graph_clipping_loss
RY09#1	HLA-DRB3	1	0	0	no_gene_sequence_annotation_not_proven_absence	0	0	clipped_graph_paths	upstream_clipped_graph_source;DR_DQ_candidate_novel_annotation;downstream_graph_clipping_loss
RY09#1	HLA-DRB4	1	1	1		0	0	clipped_graph_paths	upstream_clipped_graph_source;DR_DQ_candidate_novel_annotation;downstream_graph_clipping_loss
RY09#1	HLA-DRB5	1	0	0	no_gene_sequence_annotation_not_proven_absence	0	0	clipped_graph_paths	upstream_clipped_graph_source;DR_DQ_candidate_novel_annotation;downstream_graph_clipping_loss
RY09#2	HLA-A	1	1	1		0	0	clipped_graph_paths	upstream_clipped_graph_source;DR_DQ_candidate_novel_annotation;downstream_graph_clipping_loss
RY09#2	HLA-B	1	1	1		0	0	clipped_graph_paths	upstream_clipped_graph_source;DR_DQ_candidate_novel_annotation;downstream_graph_clipping_loss
RY09#2	HLA-C	1	1	1		0	0	clipped_graph_paths	upstream_clipped_graph_source;DR_DQ_candidate_novel_annotation;downstream_graph_clipping_loss
RY09#2	HLA-DRB1	1	1	1		0	0	clipped_graph_paths	upstream_clipped_graph_source;DR_DQ_candidate_novel_annotation;downstream_graph_clipping_loss
RY09#2	HLA-DQA1	1	1	1		0	0	clipped_graph_paths	upstream_clipped_graph_source;DR_DQ_candidate_novel_annotation;downstream_graph_clipping_loss
RY09#2	HLA-DQB1	1	1	1		0	0	clipped_graph_paths	upstream_clipped_graph_source;DR_DQ_candidate_novel_annotation;downstream_graph_clipping_loss
RY09#2	HLA-DPA1	1	1	1		0	0	clipped_graph_paths	upstream_clipped_graph_source;DR_DQ_candidate_novel_annotation;downstream_graph_clipping_loss
RY09#2	HLA-DPB1	1	1	1		0	0	clipped_graph_paths	upstream_clipped_graph_source;DR_DQ_candidate_novel_annotation;downstream_graph_clipping_loss
RY09#2	HLA-DRB3	1	0	0	no_gene_sequence_annotation_not_proven_absence	0	0	clipped_graph_paths	upstream_clipped_graph_source;DR_DQ_candidate_novel_annotation;downstream_graph_clipping_loss
RY09#2	HLA-DRB4	1	1	1		0	0	clipped_graph_paths	upstream_clipped_graph_source;DR_DQ_candidate_novel_annotation;downstream_graph_clipping_loss
RY09#2	HLA-DRB5	1	0	0	no_gene_sequence_annotation_not_proven_absence	0	0	clipped_graph_paths	upstream_clipped_graph_source;DR_DQ_candidate_novel_annotation;downstream_graph_clipping_loss
RY10#1	HLA-A	1	1	1		0	0	clipped_graph_paths	upstream_clipped_graph_source;downstream_graph_clipping_loss
RY10#1	HLA-B	1	1	1		0	0	clipped_graph_paths	upstream_clipped_graph_source;downstream_graph_clipping_loss
RY10#1	HLA-C	1	1	1		0	0	clipped_graph_paths	upstream_clipped_graph_source;downstream_graph_clipping_loss
RY10#1	HLA-DRB1	1	1	1		0	0	clipped_graph_paths	upstream_clipped_graph_source;downstream_graph_clipping_loss
RY10#1	HLA-DQA1	1	1	1		0	0	clipped_graph_paths	upstream_clipped_graph_source;downstream_graph_clipping_loss
RY10#1	HLA-DQB1	1	1	1		0	0	clipped_graph_paths	upstream_clipped_graph_source;downstream_graph_clipping_loss
RY10#1	HLA-DPA1	1	1	1		0	0	clipped_graph_paths	upstream_clipped_graph_source;downstream_graph_clipping_loss
RY10#1	HLA-DPB1	1	1	1		0	0	clipped_graph_paths	upstream_clipped_graph_source;downstream_graph_clipping_loss
RY10#1	HLA-DRB3	1	0	0	no_gene_sequence_annotation_not_proven_absence	0	0	clipped_graph_paths	upstream_clipped_graph_source;downstream_graph_clipping_loss
RY10#1	HLA-DRB4	1	0	0	no_gene_sequence_annotation_not_proven_absence	0	0	clipped_graph_paths	upstream_clipped_graph_source;downstream_graph_clipping_loss
RY10#1	HLA-DRB5	1	1	1		0	0	clipped_graph_paths	upstream_clipped_graph_source;downstream_graph_clipping_loss
RY10#2	HLA-A	1	1	1		0	0	clipped_graph_paths	upstream_clipped_graph_source;DR_DQ_candidate_novel_annotation;downstream_graph_clipping_loss
RY10#2	HLA-B	1	1	1		0	0	clipped_graph_paths	upstream_clipped_graph_source;DR_DQ_candidate_novel_annotation;downstream_graph_clipping_loss
RY10#2	HLA-C	1	1	1		0	0	clipped_graph_paths	upstream_clipped_graph_source;DR_DQ_candidate_novel_annotation;downstream_graph_clipping_loss
RY10#2	HLA-DRB1	1	1	1		0	0	clipped_graph_paths	upstream_clipped_graph_source;DR_DQ_candidate_novel_annotation;downstream_graph_clipping_loss
RY10#2	HLA-DQA1	1	1	1		0	0	clipped_graph_paths	upstream_clipped_graph_source;DR_DQ_candidate_novel_annotation;downstream_graph_clipping_loss
RY10#2	HLA-DQB1	1	1	1		0	0	clipped_graph_paths	upstream_clipped_graph_source;DR_DQ_candidate_novel_annotation;downstream_graph_clipping_loss
RY10#2	HLA-DPA1	1	1	1		0	0	clipped_graph_paths	upstream_clipped_graph_source;DR_DQ_candidate_novel_annotation;downstream_graph_clipping_loss
RY10#2	HLA-DPB1	1	1	1		0	0	clipped_graph_paths	upstream_clipped_graph_source;DR_DQ_candidate_novel_annotation;downstream_graph_clipping_loss
RY10#2	HLA-DRB3	1	0	0	no_gene_sequence_annotation_not_proven_absence	0	0	clipped_graph_paths	upstream_clipped_graph_source;DR_DQ_candidate_novel_annotation;downstream_graph_clipping_loss
RY10#2	HLA-DRB4	1	1	1		0	0	clipped_graph_paths	upstream_clipped_graph_source;DR_DQ_candidate_novel_annotation;downstream_graph_clipping_loss
RY10#2	HLA-DRB5	1	0	0	no_gene_sequence_annotation_not_proven_absence	0	0	clipped_graph_paths	upstream_clipped_graph_source;DR_DQ_candidate_novel_annotation;downstream_graph_clipping_loss
RY11#1	HLA-A	1	1	0	cds_completeness_or_abnormality;no_current_exact_cds_match	0	0	clipped_graph_paths	upstream_clipped_graph_source;DR_DQ_candidate_novel_annotation
RY11#1	HLA-B	1	1	1		0	0	clipped_graph_paths	upstream_clipped_graph_source;DR_DQ_candidate_novel_annotation
RY11#1	HLA-C	1	1	1		0	0	clipped_graph_paths	upstream_clipped_graph_source;DR_DQ_candidate_novel_annotation
RY11#1	HLA-DRB1	1	1	1		0	0	clipped_graph_paths	upstream_clipped_graph_source;DR_DQ_candidate_novel_annotation
RY11#1	HLA-DQA1	1	1	1		0	0	clipped_graph_paths	upstream_clipped_graph_source;DR_DQ_candidate_novel_annotation
RY11#1	HLA-DQB1	1	1	1		0	0	clipped_graph_paths	upstream_clipped_graph_source;DR_DQ_candidate_novel_annotation
RY11#1	HLA-DPA1	1	1	1		0	0	clipped_graph_paths	upstream_clipped_graph_source;DR_DQ_candidate_novel_annotation
RY11#1	HLA-DPB1	1	1	1		0	0	clipped_graph_paths	upstream_clipped_graph_source;DR_DQ_candidate_novel_annotation
RY11#1	HLA-DRB3	1	0	0	no_gene_sequence_annotation_not_proven_absence	0	0	clipped_graph_paths	upstream_clipped_graph_source;DR_DQ_candidate_novel_annotation
RY11#1	HLA-DRB4	1	1	1		0	0	clipped_graph_paths	upstream_clipped_graph_source;DR_DQ_candidate_novel_annotation
RY11#1	HLA-DRB5	1	0	0	no_gene_sequence_annotation_not_proven_absence	0	0	clipped_graph_paths	upstream_clipped_graph_source;DR_DQ_candidate_novel_annotation
RY11#2	HLA-A	1	1	1		0	0	clipped_graph_paths	upstream_clipped_graph_source;DR_DQ_candidate_novel_annotation;downstream_graph_clipping_loss
RY11#2	HLA-B	1	1	1		0	0	clipped_graph_paths	upstream_clipped_graph_source;DR_DQ_candidate_novel_annotation;downstream_graph_clipping_loss
RY11#2	HLA-C	1	1	1		0	0	clipped_graph_paths	upstream_clipped_graph_source;DR_DQ_candidate_novel_annotation;downstream_graph_clipping_loss
RY11#2	HLA-DRB1	1	1	1		0	0	clipped_graph_paths	upstream_clipped_graph_source;DR_DQ_candidate_novel_annotation;downstream_graph_clipping_loss
RY11#2	HLA-DQA1	1	1	1		0	0	clipped_graph_paths	upstream_clipped_graph_source;DR_DQ_candidate_novel_annotation;downstream_graph_clipping_loss
RY11#2	HLA-DQB1	1	1	1		0	0	clipped_graph_paths	upstream_clipped_graph_source;DR_DQ_candidate_novel_annotation;downstream_graph_clipping_loss
RY11#2	HLA-DPA1	1	1	1		0	0	clipped_graph_paths	upstream_clipped_graph_source;DR_DQ_candidate_novel_annotation;downstream_graph_clipping_loss
RY11#2	HLA-DPB1	1	1	1		0	0	clipped_graph_paths	upstream_clipped_graph_source;DR_DQ_candidate_novel_annotation;downstream_graph_clipping_loss
RY11#2	HLA-DRB3	1	0	0	no_gene_sequence_annotation_not_proven_absence	0	0	clipped_graph_paths	upstream_clipped_graph_source;DR_DQ_candidate_novel_annotation;downstream_graph_clipping_loss
RY11#2	HLA-DRB4	1	1	1		0	0	clipped_graph_paths	upstream_clipped_graph_source;DR_DQ_candidate_novel_annotation;downstream_graph_clipping_loss
RY11#2	HLA-DRB5	1	0	0	no_gene_sequence_annotation_not_proven_absence	0	0	clipped_graph_paths	upstream_clipped_graph_source;DR_DQ_candidate_novel_annotation;downstream_graph_clipping_loss
apr-f#1	HLA-A	1	1	1		1	1	assembly_or_reference	DR_DQ_candidate_novel_annotation
apr-f#1	HLA-B	1	1	1		1	1	assembly_or_reference	DR_DQ_candidate_novel_annotation
apr-f#1	HLA-C	1	1	1		1	1	assembly_or_reference	DR_DQ_candidate_novel_annotation
apr-f#1	HLA-DRB1	1	1	1		1	1	assembly_or_reference	DR_DQ_candidate_novel_annotation
apr-f#1	HLA-DQA1	1	1	1		1	1	assembly_or_reference	DR_DQ_candidate_novel_annotation
apr-f#1	HLA-DQB1	1	1	1		1	1	assembly_or_reference	DR_DQ_candidate_novel_annotation
apr-f#1	HLA-DPA1	1	1	1		1	1	assembly_or_reference	DR_DQ_candidate_novel_annotation
apr-f#1	HLA-DPB1	1	1	1		1	1	assembly_or_reference	DR_DQ_candidate_novel_annotation
apr-f#1	HLA-DRB3	1	0	0	no_gene_sequence_annotation_not_proven_absence	1	1	assembly_or_reference	DR_DQ_candidate_novel_annotation
apr-f#1	HLA-DRB4	1	0	0	no_gene_sequence_annotation_not_proven_absence	1	1	assembly_or_reference	DR_DQ_candidate_novel_annotation
apr-f#1	HLA-DRB5	1	1	1		1	1	assembly_or_reference	DR_DQ_candidate_novel_annotation
apr-f#2	HLA-A	1	1	1		1	1	assembly_or_reference	DR_DQ_candidate_novel_annotation
apr-f#2	HLA-B	1	1	1		1	1	assembly_or_reference	DR_DQ_candidate_novel_annotation
apr-f#2	HLA-C	1	1	1		1	1	assembly_or_reference	DR_DQ_candidate_novel_annotation
apr-f#2	HLA-DRB1	1	1	1		1	1	assembly_or_reference	DR_DQ_candidate_novel_annotation
apr-f#2	HLA-DQA1	1	1	1		1	1	assembly_or_reference	DR_DQ_candidate_novel_annotation
apr-f#2	HLA-DQB1	1	1	1		1	1	assembly_or_reference	DR_DQ_candidate_novel_annotation
apr-f#2	HLA-DPA1	1	1	1		1	1	assembly_or_reference	DR_DQ_candidate_novel_annotation
apr-f#2	HLA-DPB1	1	1	1		1	1	assembly_or_reference	DR_DQ_candidate_novel_annotation
apr-f#2	HLA-DRB3	1	0	0	no_gene_sequence_annotation_not_proven_absence	1	1	assembly_or_reference	DR_DQ_candidate_novel_annotation
apr-f#2	HLA-DRB4	1	0	0	no_gene_sequence_annotation_not_proven_absence	1	1	assembly_or_reference	DR_DQ_candidate_novel_annotation
apr-f#2	HLA-DRB5	1	1	1		1	1	assembly_or_reference	DR_DQ_candidate_novel_annotation
apr-m#1	HLA-A	1	1	1		1	1	assembly_or_reference	DR_DQ_candidate_novel_annotation
apr-m#1	HLA-B	1	1	1		1	1	assembly_or_reference	DR_DQ_candidate_novel_annotation
apr-m#1	HLA-C	1	1	1		1	1	assembly_or_reference	DR_DQ_candidate_novel_annotation
apr-m#1	HLA-DRB1	1	1	1		1	1	assembly_or_reference	DR_DQ_candidate_novel_annotation
apr-m#1	HLA-DQA1	1	1	1		1	1	assembly_or_reference	DR_DQ_candidate_novel_annotation
apr-m#1	HLA-DQB1	1	1	1		1	1	assembly_or_reference	DR_DQ_candidate_novel_annotation
apr-m#1	HLA-DPA1	1	1	1		1	1	assembly_or_reference	DR_DQ_candidate_novel_annotation
apr-m#1	HLA-DPB1	1	1	1		1	1	assembly_or_reference	DR_DQ_candidate_novel_annotation
apr-m#1	HLA-DRB3	1	1	1		1	1	assembly_or_reference	DR_DQ_candidate_novel_annotation
apr-m#1	HLA-DRB4	1	0	0	no_gene_sequence_annotation_not_proven_absence	1	1	assembly_or_reference	DR_DQ_candidate_novel_annotation
apr-m#1	HLA-DRB5	1	0	0	no_gene_sequence_annotation_not_proven_absence	1	1	assembly_or_reference	DR_DQ_candidate_novel_annotation
apr-m#2	HLA-A	1	1	1		1	1	assembly_or_reference	DR_DQ_candidate_novel_annotation
apr-m#2	HLA-B	1	1	1		1	1	assembly_or_reference	DR_DQ_candidate_novel_annotation
apr-m#2	HLA-C	1	1	1		1	1	assembly_or_reference	DR_DQ_candidate_novel_annotation
apr-m#2	HLA-DRB1	1	1	1		1	1	assembly_or_reference	DR_DQ_candidate_novel_annotation
apr-m#2	HLA-DQA1	1	1	1		1	1	assembly_or_reference	DR_DQ_candidate_novel_annotation
apr-m#2	HLA-DQB1	1	1	1		1	1	assembly_or_reference	DR_DQ_candidate_novel_annotation
apr-m#2	HLA-DPA1	1	1	1		1	1	assembly_or_reference	DR_DQ_candidate_novel_annotation
apr-m#2	HLA-DPB1	1	1	1		1	1	assembly_or_reference	DR_DQ_candidate_novel_annotation
apr-m#2	HLA-DRB3	1	1	1		1	1	assembly_or_reference	DR_DQ_candidate_novel_annotation
apr-m#2	HLA-DRB4	1	0	0	no_gene_sequence_annotation_not_proven_absence	1	1	assembly_or_reference	DR_DQ_candidate_novel_annotation
apr-m#2	HLA-DRB5	1	0	0	no_gene_sequence_annotation_not_proven_absence	1	1	assembly_or_reference	DR_DQ_candidate_novel_annotation
apr-s#1	HLA-A	1	1	1		1	1	assembly_or_reference	DR_DQ_candidate_novel_annotation
apr-s#1	HLA-B	1	1	1		1	1	assembly_or_reference	DR_DQ_candidate_novel_annotation
apr-s#1	HLA-C	1	1	1		1	1	assembly_or_reference	DR_DQ_candidate_novel_annotation
apr-s#1	HLA-DRB1	1	1	1		1	1	assembly_or_reference	DR_DQ_candidate_novel_annotation
apr-s#1	HLA-DQA1	1	1	1		1	1	assembly_or_reference	DR_DQ_candidate_novel_annotation
apr-s#1	HLA-DQB1	1	1	1		1	1	assembly_or_reference	DR_DQ_candidate_novel_annotation
apr-s#1	HLA-DPA1	1	1	1		1	1	assembly_or_reference	DR_DQ_candidate_novel_annotation
apr-s#1	HLA-DPB1	1	1	1		1	1	assembly_or_reference	DR_DQ_candidate_novel_annotation
apr-s#1	HLA-DRB3	1	1	1		1	1	assembly_or_reference	DR_DQ_candidate_novel_annotation
apr-s#1	HLA-DRB4	1	0	0	no_gene_sequence_annotation_not_proven_absence	1	1	assembly_or_reference	DR_DQ_candidate_novel_annotation
apr-s#1	HLA-DRB5	1	0	0	no_gene_sequence_annotation_not_proven_absence	1	1	assembly_or_reference	DR_DQ_candidate_novel_annotation
apr-s#2	HLA-A	1	1	1		1	1	assembly_or_reference	DR_DQ_candidate_novel_annotation;downstream_graph_clipping_loss
apr-s#2	HLA-B	1	1	1		1	1	assembly_or_reference	DR_DQ_candidate_novel_annotation;downstream_graph_clipping_loss
apr-s#2	HLA-C	1	1	1		1	1	assembly_or_reference	DR_DQ_candidate_novel_annotation;downstream_graph_clipping_loss
apr-s#2	HLA-DRB1	1	1	1		1	1	assembly_or_reference	DR_DQ_candidate_novel_annotation;downstream_graph_clipping_loss
apr-s#2	HLA-DQA1	1	1	1		1	1	assembly_or_reference	DR_DQ_candidate_novel_annotation;downstream_graph_clipping_loss
apr-s#2	HLA-DQB1	1	1	1		1	1	assembly_or_reference	DR_DQ_candidate_novel_annotation;downstream_graph_clipping_loss
apr-s#2	HLA-DPA1	1	1	1		1	1	assembly_or_reference	DR_DQ_candidate_novel_annotation;downstream_graph_clipping_loss
apr-s#2	HLA-DPB1	1	1	1		1	1	assembly_or_reference	DR_DQ_candidate_novel_annotation;downstream_graph_clipping_loss
apr-s#2	HLA-DRB3	1	0	0	no_gene_sequence_annotation_not_proven_absence	1	1	assembly_or_reference	DR_DQ_candidate_novel_annotation;downstream_graph_clipping_loss
apr-s#2	HLA-DRB4	1	0	0	no_gene_sequence_annotation_not_proven_absence	1	1	assembly_or_reference	DR_DQ_candidate_novel_annotation;downstream_graph_clipping_loss
apr-s#2	HLA-DRB5	1	1	1		1	1	assembly_or_reference	DR_DQ_candidate_novel_annotation;downstream_graph_clipping_loss
apr001#1	HLA-A	1	1	1		1	0	assembly_or_reference	DR_DQ_candidate_novel_annotation
apr001#1	HLA-B	1	1	1		1	0	assembly_or_reference	DR_DQ_candidate_novel_annotation
apr001#1	HLA-C	1	1	1		1	0	assembly_or_reference	DR_DQ_candidate_novel_annotation
apr001#1	HLA-DRB1	1	1	0	no_current_exact_cds_match	1	0	assembly_or_reference	DR_DQ_candidate_novel_annotation
apr001#1	HLA-DQA1	1	1	1		1	0	assembly_or_reference	DR_DQ_candidate_novel_annotation
apr001#1	HLA-DQB1	1	1	1		1	0	assembly_or_reference	DR_DQ_candidate_novel_annotation
apr001#1	HLA-DPA1	1	1	1		1	0	assembly_or_reference	DR_DQ_candidate_novel_annotation
apr001#1	HLA-DPB1	1	1	1		1	0	assembly_or_reference	DR_DQ_candidate_novel_annotation
apr001#1	HLA-DRB3	1	0	0	no_gene_sequence_annotation_not_proven_absence	1	0	assembly_or_reference	DR_DQ_candidate_novel_annotation
apr001#1	HLA-DRB4	1	0	0	no_gene_sequence_annotation_not_proven_absence	1	0	assembly_or_reference	DR_DQ_candidate_novel_annotation
apr001#1	HLA-DRB5	1	1	1		1	0	assembly_or_reference	DR_DQ_candidate_novel_annotation
apr001#2	HLA-A	1	1	1		1	1	assembly_or_reference	
apr001#2	HLA-B	1	1	1		1	1	assembly_or_reference	
apr001#2	HLA-C	1	1	1		1	1	assembly_or_reference	
apr001#2	HLA-DRB1	1	1	1		1	1	assembly_or_reference	
apr001#2	HLA-DQA1	1	1	1		1	1	assembly_or_reference	
apr001#2	HLA-DQB1	1	1	1		1	1	assembly_or_reference	
apr001#2	HLA-DPA1	1	1	1		1	1	assembly_or_reference	
apr001#2	HLA-DPB1	1	1	1		1	1	assembly_or_reference	
apr001#2	HLA-DRB3	1	1	1		1	1	assembly_or_reference	
apr001#2	HLA-DRB4	1	0	0	no_gene_sequence_annotation_not_proven_absence	1	1	assembly_or_reference	
apr001#2	HLA-DRB5	1	0	0	no_gene_sequence_annotation_not_proven_absence	1	1	assembly_or_reference	
apr002#1	HLA-A	1	1	1		1	0	assembly_or_reference	DR_DQ_candidate_novel_annotation
apr002#1	HLA-B	1	1	1		1	0	assembly_or_reference	DR_DQ_candidate_novel_annotation
apr002#1	HLA-C	1	1	1		1	0	assembly_or_reference	DR_DQ_candidate_novel_annotation
apr002#1	HLA-DRB1	1	1	1		1	0	assembly_or_reference	DR_DQ_candidate_novel_annotation
apr002#1	HLA-DQA1	1	1	1		1	0	assembly_or_reference	DR_DQ_candidate_novel_annotation
apr002#1	HLA-DQB1	1	1	0	no_current_exact_cds_match	1	0	assembly_or_reference	DR_DQ_candidate_novel_annotation
apr002#1	HLA-DPA1	1	1	1		1	0	assembly_or_reference	DR_DQ_candidate_novel_annotation
apr002#1	HLA-DPB1	1	1	1		1	0	assembly_or_reference	DR_DQ_candidate_novel_annotation
apr002#1	HLA-DRB3	1	0	0	no_gene_sequence_annotation_not_proven_absence	1	0	assembly_or_reference	DR_DQ_candidate_novel_annotation
apr002#1	HLA-DRB4	1	1	1		1	0	assembly_or_reference	DR_DQ_candidate_novel_annotation
apr002#1	HLA-DRB5	1	0	0	no_gene_sequence_annotation_not_proven_absence	1	0	assembly_or_reference	DR_DQ_candidate_novel_annotation
apr002#2	HLA-A	1	1	1		1	1	assembly_or_reference	DR_DQ_candidate_novel_annotation;downstream_graph_clipping_loss
apr002#2	HLA-B	1	1	1		1	1	assembly_or_reference	DR_DQ_candidate_novel_annotation;downstream_graph_clipping_loss
apr002#2	HLA-C	1	1	1		1	1	assembly_or_reference	DR_DQ_candidate_novel_annotation;downstream_graph_clipping_loss
apr002#2	HLA-DRB1	1	1	1		1	1	assembly_or_reference	DR_DQ_candidate_novel_annotation;downstream_graph_clipping_loss
apr002#2	HLA-DQA1	1	1	1		1	1	assembly_or_reference	DR_DQ_candidate_novel_annotation;downstream_graph_clipping_loss
apr002#2	HLA-DQB1	1	1	1		1	1	assembly_or_reference	DR_DQ_candidate_novel_annotation;downstream_graph_clipping_loss
apr002#2	HLA-DPA1	1	1	1		1	1	assembly_or_reference	DR_DQ_candidate_novel_annotation;downstream_graph_clipping_loss
apr002#2	HLA-DPB1	1	1	1		1	1	assembly_or_reference	DR_DQ_candidate_novel_annotation;downstream_graph_clipping_loss
apr002#2	HLA-DRB3	1	0	0	no_gene_sequence_annotation_not_proven_absence	1	1	assembly_or_reference	DR_DQ_candidate_novel_annotation;downstream_graph_clipping_loss
apr002#2	HLA-DRB4	1	0	0	no_gene_sequence_annotation_not_proven_absence	1	1	assembly_or_reference	DR_DQ_candidate_novel_annotation;downstream_graph_clipping_loss
apr002#2	HLA-DRB5	1	0	0	no_gene_sequence_annotation_not_proven_absence	1	1	assembly_or_reference	DR_DQ_candidate_novel_annotation;downstream_graph_clipping_loss
apr003#1	HLA-A	1	1	0	cds_completeness_or_abnormality;no_current_exact_cds_match	1	0	assembly_or_reference	DR_DQ_candidate_novel_annotation
apr003#1	HLA-B	1	1	1		1	0	assembly_or_reference	DR_DQ_candidate_novel_annotation
apr003#1	HLA-C	1	1	1		1	0	assembly_or_reference	DR_DQ_candidate_novel_annotation
apr003#1	HLA-DRB1	1	1	1		1	0	assembly_or_reference	DR_DQ_candidate_novel_annotation
apr003#1	HLA-DQA1	1	1	1		1	0	assembly_or_reference	DR_DQ_candidate_novel_annotation
apr003#1	HLA-DQB1	1	1	1		1	0	assembly_or_reference	DR_DQ_candidate_novel_annotation
apr003#1	HLA-DPA1	1	1	1		1	0	assembly_or_reference	DR_DQ_candidate_novel_annotation
apr003#1	HLA-DPB1	1	1	1		1	0	assembly_or_reference	DR_DQ_candidate_novel_annotation
apr003#1	HLA-DRB3	1	0	0	no_gene_sequence_annotation_not_proven_absence	1	0	assembly_or_reference	DR_DQ_candidate_novel_annotation
apr003#1	HLA-DRB4	1	1	1		1	0	assembly_or_reference	DR_DQ_candidate_novel_annotation
apr003#1	HLA-DRB5	1	0	0	no_gene_sequence_annotation_not_proven_absence	1	0	assembly_or_reference	DR_DQ_candidate_novel_annotation
apr003#2	HLA-A	1	1	1		1	1	assembly_or_reference	DR_DQ_candidate_novel_annotation
apr003#2	HLA-B	1	1	1		1	1	assembly_or_reference	DR_DQ_candidate_novel_annotation
apr003#2	HLA-C	1	1	1		1	1	assembly_or_reference	DR_DQ_candidate_novel_annotation
apr003#2	HLA-DRB1	1	1	1		1	1	assembly_or_reference	DR_DQ_candidate_novel_annotation
apr003#2	HLA-DQA1	1	1	1		1	1	assembly_or_reference	DR_DQ_candidate_novel_annotation
apr003#2	HLA-DQB1	1	1	1		1	1	assembly_or_reference	DR_DQ_candidate_novel_annotation
apr003#2	HLA-DPA1	1	1	1		1	1	assembly_or_reference	DR_DQ_candidate_novel_annotation
apr003#2	HLA-DPB1	1	1	1		1	1	assembly_or_reference	DR_DQ_candidate_novel_annotation
apr003#2	HLA-DRB3	1	0	0	no_gene_sequence_annotation_not_proven_absence	1	1	assembly_or_reference	DR_DQ_candidate_novel_annotation
apr003#2	HLA-DRB4	1	0	0	no_gene_sequence_annotation_not_proven_absence	1	1	assembly_or_reference	DR_DQ_candidate_novel_annotation
apr003#2	HLA-DRB5	1	1	1		1	1	assembly_or_reference	DR_DQ_candidate_novel_annotation
apr004#1	HLA-A	1	1	1		1	1	assembly_or_reference	
apr004#1	HLA-B	1	1	1		1	1	assembly_or_reference	
apr004#1	HLA-C	1	1	1		1	1	assembly_or_reference	
apr004#1	HLA-DRB1	1	1	1		1	1	assembly_or_reference	
apr004#1	HLA-DQA1	1	1	1		1	1	assembly_or_reference	
apr004#1	HLA-DQB1	1	1	1		1	1	assembly_or_reference	
apr004#1	HLA-DPA1	1	1	1		1	1	assembly_or_reference	
apr004#1	HLA-DPB1	1	1	1		1	1	assembly_or_reference	
apr004#1	HLA-DRB3	1	0	0	no_gene_sequence_annotation_not_proven_absence	1	1	assembly_or_reference	
apr004#1	HLA-DRB4	1	0	0	no_gene_sequence_annotation_not_proven_absence	1	1	assembly_or_reference	
apr004#1	HLA-DRB5	1	1	1		1	1	assembly_or_reference	
apr004#2	HLA-A	1	1	1		1	1	assembly_or_reference	downstream_graph_clipping_loss
apr004#2	HLA-B	1	1	1		1	1	assembly_or_reference	downstream_graph_clipping_loss
apr004#2	HLA-C	1	1	1		1	1	assembly_or_reference	downstream_graph_clipping_loss
apr004#2	HLA-DRB1	1	1	1		1	1	assembly_or_reference	downstream_graph_clipping_loss
apr004#2	HLA-DQA1	1	1	1		1	1	assembly_or_reference	downstream_graph_clipping_loss
apr004#2	HLA-DQB1	1	1	1		1	1	assembly_or_reference	downstream_graph_clipping_loss
apr004#2	HLA-DPA1	1	1	1		1	1	assembly_or_reference	downstream_graph_clipping_loss
apr004#2	HLA-DPB1	1	1	1		1	1	assembly_or_reference	downstream_graph_clipping_loss
apr004#2	HLA-DRB3	1	1	1		1	1	assembly_or_reference	downstream_graph_clipping_loss
apr004#2	HLA-DRB4	1	0	0	no_gene_sequence_annotation_not_proven_absence	1	1	assembly_or_reference	downstream_graph_clipping_loss
apr004#2	HLA-DRB5	1	0	0	no_gene_sequence_annotation_not_proven_absence	1	1	assembly_or_reference	downstream_graph_clipping_loss
apr005#1	HLA-A	1	1	1		1	1	assembly_or_reference	downstream_graph_clipping_loss
apr005#1	HLA-B	1	1	1		1	1	assembly_or_reference	downstream_graph_clipping_loss
apr005#1	HLA-C	1	1	1		1	1	assembly_or_reference	downstream_graph_clipping_loss
apr005#1	HLA-DRB1	1	1	1		1	1	assembly_or_reference	downstream_graph_clipping_loss
apr005#1	HLA-DQA1	1	1	1		1	1	assembly_or_reference	downstream_graph_clipping_loss
apr005#1	HLA-DQB1	1	1	1		1	1	assembly_or_reference	downstream_graph_clipping_loss
apr005#1	HLA-DPA1	1	1	1		1	1	assembly_or_reference	downstream_graph_clipping_loss
apr005#1	HLA-DPB1	1	1	1		1	1	assembly_or_reference	downstream_graph_clipping_loss
apr005#1	HLA-DRB3	1	1	1		1	1	assembly_or_reference	downstream_graph_clipping_loss
apr005#1	HLA-DRB4	1	0	0	no_gene_sequence_annotation_not_proven_absence	1	1	assembly_or_reference	downstream_graph_clipping_loss
apr005#1	HLA-DRB5	1	0	0	no_gene_sequence_annotation_not_proven_absence	1	1	assembly_or_reference	downstream_graph_clipping_loss
apr005#2	HLA-A	1	1	1		1	1	assembly_or_reference	downstream_graph_clipping_loss
apr005#2	HLA-B	1	1	1		1	1	assembly_or_reference	downstream_graph_clipping_loss
apr005#2	HLA-C	1	1	1		1	1	assembly_or_reference	downstream_graph_clipping_loss
apr005#2	HLA-DRB1	1	1	1		1	1	assembly_or_reference	downstream_graph_clipping_loss
apr005#2	HLA-DQA1	1	1	1		1	1	assembly_or_reference	downstream_graph_clipping_loss
apr005#2	HLA-DQB1	1	1	1		1	1	assembly_or_reference	downstream_graph_clipping_loss
apr005#2	HLA-DPA1	1	1	1		1	1	assembly_or_reference	downstream_graph_clipping_loss
apr005#2	HLA-DPB1	1	1	1		1	1	assembly_or_reference	downstream_graph_clipping_loss
apr005#2	HLA-DRB3	1	1	1		1	1	assembly_or_reference	downstream_graph_clipping_loss
apr005#2	HLA-DRB4	1	0	0	no_gene_sequence_annotation_not_proven_absence	1	1	assembly_or_reference	downstream_graph_clipping_loss
apr005#2	HLA-DRB5	1	0	0	no_gene_sequence_annotation_not_proven_absence	1	1	assembly_or_reference	downstream_graph_clipping_loss
apr006#1	HLA-A	1	1	1		1	0	assembly_or_reference	DR_DQ_candidate_novel_annotation
apr006#1	HLA-B	1	1	1		1	0	assembly_or_reference	DR_DQ_candidate_novel_annotation
apr006#1	HLA-C	1	1	1		1	0	assembly_or_reference	DR_DQ_candidate_novel_annotation
apr006#1	HLA-DRB1	1	1	0	no_current_exact_cds_match	1	0	assembly_or_reference	DR_DQ_candidate_novel_annotation
apr006#1	HLA-DQA1	1	1	1		1	0	assembly_or_reference	DR_DQ_candidate_novel_annotation
apr006#1	HLA-DQB1	1	1	1		1	0	assembly_or_reference	DR_DQ_candidate_novel_annotation
apr006#1	HLA-DPA1	1	1	1		1	0	assembly_or_reference	DR_DQ_candidate_novel_annotation
apr006#1	HLA-DPB1	1	1	1		1	0	assembly_or_reference	DR_DQ_candidate_novel_annotation
apr006#1	HLA-DRB3	1	1	1		1	0	assembly_or_reference	DR_DQ_candidate_novel_annotation
apr006#1	HLA-DRB4	1	0	0	no_gene_sequence_annotation_not_proven_absence	1	0	assembly_or_reference	DR_DQ_candidate_novel_annotation
apr006#1	HLA-DRB5	1	0	0	no_gene_sequence_annotation_not_proven_absence	1	0	assembly_or_reference	DR_DQ_candidate_novel_annotation
apr006#2	HLA-A	1	1	1		1	1	assembly_or_reference	DR_DQ_candidate_novel_annotation;downstream_graph_clipping_loss
apr006#2	HLA-B	1	1	1		1	1	assembly_or_reference	DR_DQ_candidate_novel_annotation;downstream_graph_clipping_loss
apr006#2	HLA-C	1	1	1		1	1	assembly_or_reference	DR_DQ_candidate_novel_annotation;downstream_graph_clipping_loss
apr006#2	HLA-DRB1	1	1	1		1	1	assembly_or_reference	DR_DQ_candidate_novel_annotation;downstream_graph_clipping_loss
apr006#2	HLA-DQA1	1	1	1		1	1	assembly_or_reference	DR_DQ_candidate_novel_annotation;downstream_graph_clipping_loss
apr006#2	HLA-DQB1	1	1	1		1	1	assembly_or_reference	DR_DQ_candidate_novel_annotation;downstream_graph_clipping_loss
apr006#2	HLA-DPA1	1	1	1		1	1	assembly_or_reference	DR_DQ_candidate_novel_annotation;downstream_graph_clipping_loss
apr006#2	HLA-DPB1	1	1	1		1	1	assembly_or_reference	DR_DQ_candidate_novel_annotation;downstream_graph_clipping_loss
apr006#2	HLA-DRB3	1	0	0	no_gene_sequence_annotation_not_proven_absence	1	1	assembly_or_reference	DR_DQ_candidate_novel_annotation;downstream_graph_clipping_loss
apr006#2	HLA-DRB4	1	0	0	no_gene_sequence_annotation_not_proven_absence	1	1	assembly_or_reference	DR_DQ_candidate_novel_annotation;downstream_graph_clipping_loss
apr006#2	HLA-DRB5	1	1	1		1	1	assembly_or_reference	DR_DQ_candidate_novel_annotation;downstream_graph_clipping_loss
apr007#1	HLA-A	1	1	1		1	1	assembly_or_reference	downstream_graph_clipping_loss
apr007#1	HLA-B	1	1	1		1	1	assembly_or_reference	downstream_graph_clipping_loss
apr007#1	HLA-C	1	1	1		1	1	assembly_or_reference	downstream_graph_clipping_loss
apr007#1	HLA-DRB1	1	1	1		1	1	assembly_or_reference	downstream_graph_clipping_loss
apr007#1	HLA-DQA1	1	1	1		1	1	assembly_or_reference	downstream_graph_clipping_loss
apr007#1	HLA-DQB1	1	1	1		1	1	assembly_or_reference	downstream_graph_clipping_loss
apr007#1	HLA-DPA1	1	1	1		1	1	assembly_or_reference	downstream_graph_clipping_loss
apr007#1	HLA-DPB1	1	1	1		1	1	assembly_or_reference	downstream_graph_clipping_loss
apr007#1	HLA-DRB3	1	0	0	no_gene_sequence_annotation_not_proven_absence	1	1	assembly_or_reference	downstream_graph_clipping_loss
apr007#1	HLA-DRB4	1	0	0	no_gene_sequence_annotation_not_proven_absence	1	1	assembly_or_reference	downstream_graph_clipping_loss
apr007#1	HLA-DRB5	1	1	1		1	1	assembly_or_reference	downstream_graph_clipping_loss
apr007#2	HLA-A	1	1	1		1	1	assembly_or_reference	downstream_graph_clipping_loss
apr007#2	HLA-B	1	1	1		1	1	assembly_or_reference	downstream_graph_clipping_loss
apr007#2	HLA-C	1	1	1		1	1	assembly_or_reference	downstream_graph_clipping_loss
apr007#2	HLA-DRB1	1	1	1		1	1	assembly_or_reference	downstream_graph_clipping_loss
apr007#2	HLA-DQA1	1	1	1		1	1	assembly_or_reference	downstream_graph_clipping_loss
apr007#2	HLA-DQB1	1	1	1		1	1	assembly_or_reference	downstream_graph_clipping_loss
apr007#2	HLA-DPA1	1	1	1		1	1	assembly_or_reference	downstream_graph_clipping_loss
apr007#2	HLA-DPB1	1	1	1		1	1	assembly_or_reference	downstream_graph_clipping_loss
apr007#2	HLA-DRB3	1	0	0	no_gene_sequence_annotation_not_proven_absence	1	1	assembly_or_reference	downstream_graph_clipping_loss
apr007#2	HLA-DRB4	1	0	0	no_gene_sequence_annotation_not_proven_absence	1	1	assembly_or_reference	downstream_graph_clipping_loss
apr007#2	HLA-DRB5	1	1	1		1	1	assembly_or_reference	downstream_graph_clipping_loss
apr008#1	HLA-A	1	1	1		1	1	assembly_or_reference	DR_DQ_candidate_novel_annotation;downstream_graph_clipping_loss
apr008#1	HLA-B	1	1	1		1	1	assembly_or_reference	DR_DQ_candidate_novel_annotation;downstream_graph_clipping_loss
apr008#1	HLA-C	1	1	1		1	1	assembly_or_reference	DR_DQ_candidate_novel_annotation;downstream_graph_clipping_loss
apr008#1	HLA-DRB1	1	1	1		1	1	assembly_or_reference	DR_DQ_candidate_novel_annotation;downstream_graph_clipping_loss
apr008#1	HLA-DQA1	1	1	1		1	1	assembly_or_reference	DR_DQ_candidate_novel_annotation;downstream_graph_clipping_loss
apr008#1	HLA-DQB1	1	1	1		1	1	assembly_or_reference	DR_DQ_candidate_novel_annotation;downstream_graph_clipping_loss
apr008#1	HLA-DPA1	1	1	1		1	1	assembly_or_reference	DR_DQ_candidate_novel_annotation;downstream_graph_clipping_loss
apr008#1	HLA-DPB1	1	1	1		1	1	assembly_or_reference	DR_DQ_candidate_novel_annotation;downstream_graph_clipping_loss
apr008#1	HLA-DRB3	1	0	0	no_gene_sequence_annotation_not_proven_absence	1	1	assembly_or_reference	DR_DQ_candidate_novel_annotation;downstream_graph_clipping_loss
apr008#1	HLA-DRB4	1	0	0	no_gene_sequence_annotation_not_proven_absence	1	1	assembly_or_reference	DR_DQ_candidate_novel_annotation;downstream_graph_clipping_loss
apr008#1	HLA-DRB5	1	0	0	no_gene_sequence_annotation_not_proven_absence	1	1	assembly_or_reference	DR_DQ_candidate_novel_annotation;downstream_graph_clipping_loss
apr008#2	HLA-A	1	1	1		1	1	assembly_or_reference	
apr008#2	HLA-B	1	1	1		1	1	assembly_or_reference	
apr008#2	HLA-C	1	1	1		1	1	assembly_or_reference	
apr008#2	HLA-DRB1	1	1	1		1	1	assembly_or_reference	
apr008#2	HLA-DQA1	1	1	1		1	1	assembly_or_reference	
apr008#2	HLA-DQB1	1	1	1		1	1	assembly_or_reference	
apr008#2	HLA-DPA1	1	1	1		1	1	assembly_or_reference	
apr008#2	HLA-DPB1	1	1	1		1	1	assembly_or_reference	
apr008#2	HLA-DRB3	1	1	1		1	1	assembly_or_reference	
apr008#2	HLA-DRB4	1	0	0	no_gene_sequence_annotation_not_proven_absence	1	1	assembly_or_reference	
apr008#2	HLA-DRB5	1	0	0	no_gene_sequence_annotation_not_proven_absence	1	1	assembly_or_reference	
apr009#1	HLA-A	1	1	1		1	1	assembly_or_reference	
apr009#1	HLA-B	1	1	1		1	1	assembly_or_reference	
apr009#1	HLA-C	1	1	1		1	1	assembly_or_reference	
apr009#1	HLA-DRB1	1	1	1		1	1	assembly_or_reference	
apr009#1	HLA-DQA1	1	1	1		1	1	assembly_or_reference	
apr009#1	HLA-DQB1	1	1	1		1	1	assembly_or_reference	
apr009#1	HLA-DPA1	1	1	1		1	1	assembly_or_reference	
apr009#1	HLA-DPB1	1	1	1		1	1	assembly_or_reference	
apr009#1	HLA-DRB3	1	0	0	no_gene_sequence_annotation_not_proven_absence	1	1	assembly_or_reference	
apr009#1	HLA-DRB4	1	1	1		1	1	assembly_or_reference	
apr009#1	HLA-DRB5	1	0	0	no_gene_sequence_annotation_not_proven_absence	1	1	assembly_or_reference	
apr009#2	HLA-A	1	1	1		1	0	assembly_or_reference	DR_DQ_candidate_novel_annotation;downstream_graph_clipping_loss
apr009#2	HLA-B	1	1	1		1	0	assembly_or_reference	DR_DQ_candidate_novel_annotation;downstream_graph_clipping_loss
apr009#2	HLA-C	1	1	1		1	0	assembly_or_reference	DR_DQ_candidate_novel_annotation;downstream_graph_clipping_loss
apr009#2	HLA-DRB1	1	1	1		1	0	assembly_or_reference	DR_DQ_candidate_novel_annotation;downstream_graph_clipping_loss
apr009#2	HLA-DQA1	1	1	1		1	0	assembly_or_reference	DR_DQ_candidate_novel_annotation;downstream_graph_clipping_loss
apr009#2	HLA-DQB1	1	1	1		1	0	assembly_or_reference	DR_DQ_candidate_novel_annotation;downstream_graph_clipping_loss
apr009#2	HLA-DPA1	1	1	1		1	0	assembly_or_reference	DR_DQ_candidate_novel_annotation;downstream_graph_clipping_loss
apr009#2	HLA-DPB1	1	1	1		1	0	assembly_or_reference	DR_DQ_candidate_novel_annotation;downstream_graph_clipping_loss
apr009#2	HLA-DRB3	1	0	0	no_gene_sequence_annotation_not_proven_absence	1	0	assembly_or_reference	DR_DQ_candidate_novel_annotation;downstream_graph_clipping_loss
apr009#2	HLA-DRB4	1	0	0	no_gene_sequence_annotation_not_proven_absence	1	0	assembly_or_reference	DR_DQ_candidate_novel_annotation;downstream_graph_clipping_loss
apr009#2	HLA-DRB5	1	1	0	no_current_exact_cds_match	1	0	assembly_or_reference	DR_DQ_candidate_novel_annotation;downstream_graph_clipping_loss
apr010#1	HLA-A	1	1	1		1	0	assembly_or_reference	
apr010#1	HLA-B	1	1	1		1	0	assembly_or_reference	
apr010#1	HLA-C	1	1	1		1	0	assembly_or_reference	
apr010#1	HLA-DRB1	1	1	1		1	0	assembly_or_reference	
apr010#1	HLA-DQA1	1	1	1		1	0	assembly_or_reference	
apr010#1	HLA-DQB1	1	1	1		1	0	assembly_or_reference	
apr010#1	HLA-DPA1	1	1	1		1	0	assembly_or_reference	
apr010#1	HLA-DPB1	1	1	1		1	0	assembly_or_reference	
apr010#1	HLA-DRB3	1	0	0	no_gene_sequence_annotation_not_proven_absence	1	0	assembly_or_reference	
apr010#1	HLA-DRB4	1	1	0	no_current_exact_cds_match	1	0	assembly_or_reference	
apr010#1	HLA-DRB5	1	0	0	no_gene_sequence_annotation_not_proven_absence	1	0	assembly_or_reference	
apr010#2	HLA-A	1	1	1		1	1	assembly_or_reference	
apr010#2	HLA-B	1	1	1		1	1	assembly_or_reference	
apr010#2	HLA-C	1	1	1		1	1	assembly_or_reference	
apr010#2	HLA-DRB1	1	1	1		1	1	assembly_or_reference	
apr010#2	HLA-DQA1	1	1	1		1	1	assembly_or_reference	
apr010#2	HLA-DQB1	1	1	1		1	1	assembly_or_reference	
apr010#2	HLA-DPA1	1	1	1		1	1	assembly_or_reference	
apr010#2	HLA-DPB1	1	1	1		1	1	assembly_or_reference	
apr010#2	HLA-DRB3	1	0	0	no_gene_sequence_annotation_not_proven_absence	1	1	assembly_or_reference	
apr010#2	HLA-DRB4	1	0	0	no_gene_sequence_annotation_not_proven_absence	1	1	assembly_or_reference	
apr010#2	HLA-DRB5	1	1	1		1	1	assembly_or_reference	
apr011#1	HLA-A	1	1	1		1	0	assembly_or_reference	DR_DQ_candidate_novel_annotation
apr011#1	HLA-B	1	1	1		1	0	assembly_or_reference	DR_DQ_candidate_novel_annotation
apr011#1	HLA-C	1	1	0	no_current_exact_cds_match	1	0	assembly_or_reference	DR_DQ_candidate_novel_annotation
apr011#1	HLA-DRB1	1	1	1		1	0	assembly_or_reference	DR_DQ_candidate_novel_annotation
apr011#1	HLA-DQA1	1	1	1		1	0	assembly_or_reference	DR_DQ_candidate_novel_annotation
apr011#1	HLA-DQB1	1	1	1		1	0	assembly_or_reference	DR_DQ_candidate_novel_annotation
apr011#1	HLA-DPA1	1	1	1		1	0	assembly_or_reference	DR_DQ_candidate_novel_annotation
apr011#1	HLA-DPB1	1	1	1		1	0	assembly_or_reference	DR_DQ_candidate_novel_annotation
apr011#1	HLA-DRB3	1	1	1		1	0	assembly_or_reference	DR_DQ_candidate_novel_annotation
apr011#1	HLA-DRB4	1	0	0	no_gene_sequence_annotation_not_proven_absence	1	0	assembly_or_reference	DR_DQ_candidate_novel_annotation
apr011#1	HLA-DRB5	1	0	0	no_gene_sequence_annotation_not_proven_absence	1	0	assembly_or_reference	DR_DQ_candidate_novel_annotation
apr011#2	HLA-A	1	1	1		1	1	assembly_or_reference	downstream_graph_clipping_loss
apr011#2	HLA-B	1	1	1		1	1	assembly_or_reference	downstream_graph_clipping_loss
apr011#2	HLA-C	1	1	1		1	1	assembly_or_reference	downstream_graph_clipping_loss
apr011#2	HLA-DRB1	1	1	1		1	1	assembly_or_reference	downstream_graph_clipping_loss
apr011#2	HLA-DQA1	1	1	1		1	1	assembly_or_reference	downstream_graph_clipping_loss
apr011#2	HLA-DQB1	1	1	1		1	1	assembly_or_reference	downstream_graph_clipping_loss
apr011#2	HLA-DPA1	1	1	1		1	1	assembly_or_reference	downstream_graph_clipping_loss
apr011#2	HLA-DPB1	1	1	1		1	1	assembly_or_reference	downstream_graph_clipping_loss
apr011#2	HLA-DRB3	1	1	1		1	1	assembly_or_reference	downstream_graph_clipping_loss
apr011#2	HLA-DRB4	1	0	0	no_gene_sequence_annotation_not_proven_absence	1	1	assembly_or_reference	downstream_graph_clipping_loss
apr011#2	HLA-DRB5	1	0	0	no_gene_sequence_annotation_not_proven_absence	1	1	assembly_or_reference	downstream_graph_clipping_loss
apr012#1	HLA-A	1	1	1		1	1	assembly_or_reference	
apr012#1	HLA-B	1	1	1		1	1	assembly_or_reference	
apr012#1	HLA-C	1	1	1		1	1	assembly_or_reference	
apr012#1	HLA-DRB1	1	1	1		1	1	assembly_or_reference	
apr012#1	HLA-DQA1	1	1	1		1	1	assembly_or_reference	
apr012#1	HLA-DQB1	1	1	1		1	1	assembly_or_reference	
apr012#1	HLA-DPA1	1	1	1		1	1	assembly_or_reference	
apr012#1	HLA-DPB1	1	1	1		1	1	assembly_or_reference	
apr012#1	HLA-DRB3	1	1	1		1	1	assembly_or_reference	
apr012#1	HLA-DRB4	1	0	0	no_gene_sequence_annotation_not_proven_absence	1	1	assembly_or_reference	
apr012#1	HLA-DRB5	1	0	0	no_gene_sequence_annotation_not_proven_absence	1	1	assembly_or_reference	
apr012#2	HLA-A	1	1	1		1	1	assembly_or_reference	downstream_graph_clipping_loss
apr012#2	HLA-B	1	1	1		1	1	assembly_or_reference	downstream_graph_clipping_loss
apr012#2	HLA-C	1	1	1		1	1	assembly_or_reference	downstream_graph_clipping_loss
apr012#2	HLA-DRB1	1	1	1		1	1	assembly_or_reference	downstream_graph_clipping_loss
apr012#2	HLA-DQA1	1	1	1		1	1	assembly_or_reference	downstream_graph_clipping_loss
apr012#2	HLA-DQB1	1	1	1		1	1	assembly_or_reference	downstream_graph_clipping_loss
apr012#2	HLA-DPA1	1	1	1		1	1	assembly_or_reference	downstream_graph_clipping_loss
apr012#2	HLA-DPB1	1	1	1		1	1	assembly_or_reference	downstream_graph_clipping_loss
apr012#2	HLA-DRB3	1	1	1		1	1	assembly_or_reference	downstream_graph_clipping_loss
apr012#2	HLA-DRB4	1	0	0	no_gene_sequence_annotation_not_proven_absence	1	1	assembly_or_reference	downstream_graph_clipping_loss
apr012#2	HLA-DRB5	1	0	0	no_gene_sequence_annotation_not_proven_absence	1	1	assembly_or_reference	downstream_graph_clipping_loss
apr013#1	HLA-A	1	1	1		1	1	assembly_or_reference	DR_DQ_candidate_novel_annotation;downstream_graph_clipping_loss
apr013#1	HLA-B	1	1	1		1	1	assembly_or_reference	DR_DQ_candidate_novel_annotation;downstream_graph_clipping_loss
apr013#1	HLA-C	1	1	1		1	1	assembly_or_reference	DR_DQ_candidate_novel_annotation;downstream_graph_clipping_loss
apr013#1	HLA-DRB1	1	1	1		1	1	assembly_or_reference	DR_DQ_candidate_novel_annotation;downstream_graph_clipping_loss
apr013#1	HLA-DQA1	1	1	1		1	1	assembly_or_reference	DR_DQ_candidate_novel_annotation;downstream_graph_clipping_loss
apr013#1	HLA-DQB1	1	1	1		1	1	assembly_or_reference	DR_DQ_candidate_novel_annotation;downstream_graph_clipping_loss
apr013#1	HLA-DPA1	1	1	1		1	1	assembly_or_reference	DR_DQ_candidate_novel_annotation;downstream_graph_clipping_loss
apr013#1	HLA-DPB1	1	1	1		1	1	assembly_or_reference	DR_DQ_candidate_novel_annotation;downstream_graph_clipping_loss
apr013#1	HLA-DRB3	1	0	0	no_gene_sequence_annotation_not_proven_absence	1	1	assembly_or_reference	DR_DQ_candidate_novel_annotation;downstream_graph_clipping_loss
apr013#1	HLA-DRB4	1	0	0	no_gene_sequence_annotation_not_proven_absence	1	1	assembly_or_reference	DR_DQ_candidate_novel_annotation;downstream_graph_clipping_loss
apr013#1	HLA-DRB5	1	1	1		1	1	assembly_or_reference	DR_DQ_candidate_novel_annotation;downstream_graph_clipping_loss
apr013#2	HLA-A	1	1	1		1	1	assembly_or_reference	DR_DQ_candidate_novel_annotation;downstream_graph_clipping_loss
apr013#2	HLA-B	1	1	1		1	1	assembly_or_reference	DR_DQ_candidate_novel_annotation;downstream_graph_clipping_loss
apr013#2	HLA-C	1	1	1		1	1	assembly_or_reference	DR_DQ_candidate_novel_annotation;downstream_graph_clipping_loss
apr013#2	HLA-DRB1	1	1	1		1	1	assembly_or_reference	DR_DQ_candidate_novel_annotation;downstream_graph_clipping_loss
apr013#2	HLA-DQA1	1	1	1		1	1	assembly_or_reference	DR_DQ_candidate_novel_annotation;downstream_graph_clipping_loss
apr013#2	HLA-DQB1	1	1	1		1	1	assembly_or_reference	DR_DQ_candidate_novel_annotation;downstream_graph_clipping_loss
apr013#2	HLA-DPA1	1	1	1		1	1	assembly_or_reference	DR_DQ_candidate_novel_annotation;downstream_graph_clipping_loss
apr013#2	HLA-DPB1	1	1	1		1	1	assembly_or_reference	DR_DQ_candidate_novel_annotation;downstream_graph_clipping_loss
apr013#2	HLA-DRB3	1	0	0	no_gene_sequence_annotation_not_proven_absence	1	1	assembly_or_reference	DR_DQ_candidate_novel_annotation;downstream_graph_clipping_loss
apr013#2	HLA-DRB4	1	0	0	no_gene_sequence_annotation_not_proven_absence	1	1	assembly_or_reference	DR_DQ_candidate_novel_annotation;downstream_graph_clipping_loss
apr013#2	HLA-DRB5	1	1	1		1	1	assembly_or_reference	DR_DQ_candidate_novel_annotation;downstream_graph_clipping_loss
apr014#1	HLA-A	1	1	1		1	1	assembly_or_reference	
apr014#1	HLA-B	1	1	1		1	1	assembly_or_reference	
apr014#1	HLA-C	1	1	1		1	1	assembly_or_reference	
apr014#1	HLA-DRB1	1	1	1		1	1	assembly_or_reference	
apr014#1	HLA-DQA1	1	1	1		1	1	assembly_or_reference	
apr014#1	HLA-DQB1	1	1	1		1	1	assembly_or_reference	
apr014#1	HLA-DPA1	1	1	1		1	1	assembly_or_reference	
apr014#1	HLA-DPB1	1	1	1		1	1	assembly_or_reference	
apr014#1	HLA-DRB3	1	1	1		1	1	assembly_or_reference	
apr014#1	HLA-DRB4	1	0	0	no_gene_sequence_annotation_not_proven_absence	1	1	assembly_or_reference	
apr014#1	HLA-DRB5	1	0	0	no_gene_sequence_annotation_not_proven_absence	1	1	assembly_or_reference	
apr014#2	HLA-A	1	1	1		1	1	assembly_or_reference	DR_DQ_candidate_novel_annotation;downstream_graph_clipping_loss
apr014#2	HLA-B	1	1	1		1	1	assembly_or_reference	DR_DQ_candidate_novel_annotation;downstream_graph_clipping_loss
apr014#2	HLA-C	1	1	1		1	1	assembly_or_reference	DR_DQ_candidate_novel_annotation;downstream_graph_clipping_loss
apr014#2	HLA-DRB1	1	1	1		1	1	assembly_or_reference	DR_DQ_candidate_novel_annotation;downstream_graph_clipping_loss
apr014#2	HLA-DQA1	1	1	1		1	1	assembly_or_reference	DR_DQ_candidate_novel_annotation;downstream_graph_clipping_loss
apr014#2	HLA-DQB1	1	1	1		1	1	assembly_or_reference	DR_DQ_candidate_novel_annotation;downstream_graph_clipping_loss
apr014#2	HLA-DPA1	1	1	1		1	1	assembly_or_reference	DR_DQ_candidate_novel_annotation;downstream_graph_clipping_loss
apr014#2	HLA-DPB1	1	1	1		1	1	assembly_or_reference	DR_DQ_candidate_novel_annotation;downstream_graph_clipping_loss
apr014#2	HLA-DRB3	1	1	1		1	1	assembly_or_reference	DR_DQ_candidate_novel_annotation;downstream_graph_clipping_loss
apr014#2	HLA-DRB4	1	0	0	no_gene_sequence_annotation_not_proven_absence	1	1	assembly_or_reference	DR_DQ_candidate_novel_annotation;downstream_graph_clipping_loss
apr014#2	HLA-DRB5	1	0	0	no_gene_sequence_annotation_not_proven_absence	1	1	assembly_or_reference	DR_DQ_candidate_novel_annotation;downstream_graph_clipping_loss
apr015#1	HLA-A	1	1	1		1	1	assembly_or_reference	
apr015#1	HLA-B	1	1	1		1	1	assembly_or_reference	
apr015#1	HLA-C	1	1	1		1	1	assembly_or_reference	
apr015#1	HLA-DRB1	1	1	1		1	1	assembly_or_reference	
apr015#1	HLA-DQA1	1	1	1		1	1	assembly_or_reference	
apr015#1	HLA-DQB1	1	1	1		1	1	assembly_or_reference	
apr015#1	HLA-DPA1	1	1	1		1	1	assembly_or_reference	
apr015#1	HLA-DPB1	1	1	1		1	1	assembly_or_reference	
apr015#1	HLA-DRB3	1	1	1		1	1	assembly_or_reference	
apr015#1	HLA-DRB4	1	0	0	no_gene_sequence_annotation_not_proven_absence	1	1	assembly_or_reference	
apr015#1	HLA-DRB5	1	0	0	no_gene_sequence_annotation_not_proven_absence	1	1	assembly_or_reference	
apr015#2	HLA-A	1	1	1		1	0	assembly_or_reference	downstream_graph_clipping_loss
apr015#2	HLA-B	1	1	1		1	0	assembly_or_reference	downstream_graph_clipping_loss
apr015#2	HLA-C	1	1	1		1	0	assembly_or_reference	downstream_graph_clipping_loss
apr015#2	HLA-DRB1	1	1	1		1	0	assembly_or_reference	downstream_graph_clipping_loss
apr015#2	HLA-DQA1	1	1	1		1	0	assembly_or_reference	downstream_graph_clipping_loss
apr015#2	HLA-DQB1	1	1	1		1	0	assembly_or_reference	downstream_graph_clipping_loss
apr015#2	HLA-DPA1	1	1	1		1	0	assembly_or_reference	downstream_graph_clipping_loss
apr015#2	HLA-DPB1	1	1	0	no_current_exact_cds_match	1	0	assembly_or_reference	downstream_graph_clipping_loss
apr015#2	HLA-DRB3	1	1	1		1	0	assembly_or_reference	downstream_graph_clipping_loss
apr015#2	HLA-DRB4	1	0	0	no_gene_sequence_annotation_not_proven_absence	1	0	assembly_or_reference	downstream_graph_clipping_loss
apr015#2	HLA-DRB5	1	0	0	no_gene_sequence_annotation_not_proven_absence	1	0	assembly_or_reference	downstream_graph_clipping_loss
apr016#1	HLA-A	1	1	1		1	1	assembly_or_reference	DR_DQ_candidate_novel_annotation;downstream_graph_clipping_loss
apr016#1	HLA-B	1	1	1		1	1	assembly_or_reference	DR_DQ_candidate_novel_annotation;downstream_graph_clipping_loss
apr016#1	HLA-C	1	1	1		1	1	assembly_or_reference	DR_DQ_candidate_novel_annotation;downstream_graph_clipping_loss
apr016#1	HLA-DRB1	1	1	1		1	1	assembly_or_reference	DR_DQ_candidate_novel_annotation;downstream_graph_clipping_loss
apr016#1	HLA-DQA1	1	1	1		1	1	assembly_or_reference	DR_DQ_candidate_novel_annotation;downstream_graph_clipping_loss
apr016#1	HLA-DQB1	1	1	1		1	1	assembly_or_reference	DR_DQ_candidate_novel_annotation;downstream_graph_clipping_loss
apr016#1	HLA-DPA1	1	1	1		1	1	assembly_or_reference	DR_DQ_candidate_novel_annotation;downstream_graph_clipping_loss
apr016#1	HLA-DPB1	1	1	1		1	1	assembly_or_reference	DR_DQ_candidate_novel_annotation;downstream_graph_clipping_loss
apr016#1	HLA-DRB3	1	0	0	no_gene_sequence_annotation_not_proven_absence	1	1	assembly_or_reference	DR_DQ_candidate_novel_annotation;downstream_graph_clipping_loss
apr016#1	HLA-DRB4	1	0	0	no_gene_sequence_annotation_not_proven_absence	1	1	assembly_or_reference	DR_DQ_candidate_novel_annotation;downstream_graph_clipping_loss
apr016#1	HLA-DRB5	1	1	1		1	1	assembly_or_reference	DR_DQ_candidate_novel_annotation;downstream_graph_clipping_loss
apr016#2	HLA-A	1	1	1		1	1	assembly_or_reference	DR_DQ_candidate_novel_annotation;downstream_graph_clipping_loss
apr016#2	HLA-B	1	1	1		1	1	assembly_or_reference	DR_DQ_candidate_novel_annotation;downstream_graph_clipping_loss
apr016#2	HLA-C	1	1	1		1	1	assembly_or_reference	DR_DQ_candidate_novel_annotation;downstream_graph_clipping_loss
apr016#2	HLA-DRB1	1	1	1		1	1	assembly_or_reference	DR_DQ_candidate_novel_annotation;downstream_graph_clipping_loss
apr016#2	HLA-DQA1	1	1	1		1	1	assembly_or_reference	DR_DQ_candidate_novel_annotation;downstream_graph_clipping_loss
apr016#2	HLA-DQB1	1	1	1		1	1	assembly_or_reference	DR_DQ_candidate_novel_annotation;downstream_graph_clipping_loss
apr016#2	HLA-DPA1	1	1	1		1	1	assembly_or_reference	DR_DQ_candidate_novel_annotation;downstream_graph_clipping_loss
apr016#2	HLA-DPB1	1	1	1		1	1	assembly_or_reference	DR_DQ_candidate_novel_annotation;downstream_graph_clipping_loss
apr016#2	HLA-DRB3	1	1	1		1	1	assembly_or_reference	DR_DQ_candidate_novel_annotation;downstream_graph_clipping_loss
apr016#2	HLA-DRB4	1	0	0	no_gene_sequence_annotation_not_proven_absence	1	1	assembly_or_reference	DR_DQ_candidate_novel_annotation;downstream_graph_clipping_loss
apr016#2	HLA-DRB5	1	0	0	no_gene_sequence_annotation_not_proven_absence	1	1	assembly_or_reference	DR_DQ_candidate_novel_annotation;downstream_graph_clipping_loss
apr018#1	HLA-A	1	1	1		1	1	assembly_or_reference	
apr018#1	HLA-B	1	1	1		1	1	assembly_or_reference	
apr018#1	HLA-C	1	1	1		1	1	assembly_or_reference	
apr018#1	HLA-DRB1	1	1	1		1	1	assembly_or_reference	
apr018#1	HLA-DQA1	1	1	1		1	1	assembly_or_reference	
apr018#1	HLA-DQB1	1	1	1		1	1	assembly_or_reference	
apr018#1	HLA-DPA1	1	1	1		1	1	assembly_or_reference	
apr018#1	HLA-DPB1	1	1	1		1	1	assembly_or_reference	
apr018#1	HLA-DRB3	1	0	0	no_gene_sequence_annotation_not_proven_absence	1	1	assembly_or_reference	
apr018#1	HLA-DRB4	1	0	0	no_gene_sequence_annotation_not_proven_absence	1	1	assembly_or_reference	
apr018#1	HLA-DRB5	1	0	0	no_gene_sequence_annotation_not_proven_absence	1	1	assembly_or_reference	
apr018#2	HLA-A	1	1	1		1	1	assembly_or_reference	DR_DQ_candidate_novel_annotation
apr018#2	HLA-B	1	1	1		1	1	assembly_or_reference	DR_DQ_candidate_novel_annotation
apr018#2	HLA-C	1	1	1		1	1	assembly_or_reference	DR_DQ_candidate_novel_annotation
apr018#2	HLA-DRB1	1	1	1		1	1	assembly_or_reference	DR_DQ_candidate_novel_annotation
apr018#2	HLA-DQA1	1	1	1		1	1	assembly_or_reference	DR_DQ_candidate_novel_annotation
apr018#2	HLA-DQB1	1	1	1		1	1	assembly_or_reference	DR_DQ_candidate_novel_annotation
apr018#2	HLA-DPA1	1	1	1		1	1	assembly_or_reference	DR_DQ_candidate_novel_annotation
apr018#2	HLA-DPB1	1	1	1		1	1	assembly_or_reference	DR_DQ_candidate_novel_annotation
apr018#2	HLA-DRB3	1	0	0	no_gene_sequence_annotation_not_proven_absence	1	1	assembly_or_reference	DR_DQ_candidate_novel_annotation
apr018#2	HLA-DRB4	1	0	0	no_gene_sequence_annotation_not_proven_absence	1	1	assembly_or_reference	DR_DQ_candidate_novel_annotation
apr018#2	HLA-DRB5	1	0	0	no_gene_sequence_annotation_not_proven_absence	1	1	assembly_or_reference	DR_DQ_candidate_novel_annotation
apr019#1	HLA-A	1	1	1		1	1	assembly_or_reference	DR_DQ_candidate_novel_annotation;downstream_graph_clipping_loss
apr019#1	HLA-B	1	1	1		1	1	assembly_or_reference	DR_DQ_candidate_novel_annotation;downstream_graph_clipping_loss
apr019#1	HLA-C	1	1	1		1	1	assembly_or_reference	DR_DQ_candidate_novel_annotation;downstream_graph_clipping_loss
apr019#1	HLA-DRB1	1	1	1		1	1	assembly_or_reference	DR_DQ_candidate_novel_annotation;downstream_graph_clipping_loss
apr019#1	HLA-DQA1	1	1	1		1	1	assembly_or_reference	DR_DQ_candidate_novel_annotation;downstream_graph_clipping_loss
apr019#1	HLA-DQB1	1	1	1		1	1	assembly_or_reference	DR_DQ_candidate_novel_annotation;downstream_graph_clipping_loss
apr019#1	HLA-DPA1	1	1	1		1	1	assembly_or_reference	DR_DQ_candidate_novel_annotation;downstream_graph_clipping_loss
apr019#1	HLA-DPB1	1	1	1		1	1	assembly_or_reference	DR_DQ_candidate_novel_annotation;downstream_graph_clipping_loss
apr019#1	HLA-DRB3	1	0	0	no_gene_sequence_annotation_not_proven_absence	1	1	assembly_or_reference	DR_DQ_candidate_novel_annotation;downstream_graph_clipping_loss
apr019#1	HLA-DRB4	1	1	1		1	1	assembly_or_reference	DR_DQ_candidate_novel_annotation;downstream_graph_clipping_loss
apr019#1	HLA-DRB5	1	0	0	no_gene_sequence_annotation_not_proven_absence	1	1	assembly_or_reference	DR_DQ_candidate_novel_annotation;downstream_graph_clipping_loss
apr019#2	HLA-A	1	1	1		1	1	assembly_or_reference	DR_DQ_candidate_novel_annotation
apr019#2	HLA-B	1	1	1		1	1	assembly_or_reference	DR_DQ_candidate_novel_annotation
apr019#2	HLA-C	1	1	1		1	1	assembly_or_reference	DR_DQ_candidate_novel_annotation
apr019#2	HLA-DRB1	1	1	1		1	1	assembly_or_reference	DR_DQ_candidate_novel_annotation
apr019#2	HLA-DQA1	1	1	1		1	1	assembly_or_reference	DR_DQ_candidate_novel_annotation
apr019#2	HLA-DQB1	1	1	1		1	1	assembly_or_reference	DR_DQ_candidate_novel_annotation
apr019#2	HLA-DPA1	1	1	1		1	1	assembly_or_reference	DR_DQ_candidate_novel_annotation
apr019#2	HLA-DPB1	1	1	1		1	1	assembly_or_reference	DR_DQ_candidate_novel_annotation
apr019#2	HLA-DRB3	1	0	0	no_gene_sequence_annotation_not_proven_absence	1	1	assembly_or_reference	DR_DQ_candidate_novel_annotation
apr019#2	HLA-DRB4	1	0	0	no_gene_sequence_annotation_not_proven_absence	1	1	assembly_or_reference	DR_DQ_candidate_novel_annotation
apr019#2	HLA-DRB5	1	0	0	no_gene_sequence_annotation_not_proven_absence	1	1	assembly_or_reference	DR_DQ_candidate_novel_annotation
apr020#1	HLA-A	1	1	1		1	1	assembly_or_reference	DR_DQ_candidate_novel_annotation
apr020#1	HLA-B	1	1	1		1	1	assembly_or_reference	DR_DQ_candidate_novel_annotation
apr020#1	HLA-C	1	1	1		1	1	assembly_or_reference	DR_DQ_candidate_novel_annotation
apr020#1	HLA-DRB1	1	1	1		1	1	assembly_or_reference	DR_DQ_candidate_novel_annotation
apr020#1	HLA-DQA1	1	1	1		1	1	assembly_or_reference	DR_DQ_candidate_novel_annotation
apr020#1	HLA-DQB1	1	1	1		1	1	assembly_or_reference	DR_DQ_candidate_novel_annotation
apr020#1	HLA-DPA1	1	1	1		1	1	assembly_or_reference	DR_DQ_candidate_novel_annotation
apr020#1	HLA-DPB1	1	1	1		1	1	assembly_or_reference	DR_DQ_candidate_novel_annotation
apr020#1	HLA-DRB3	1	0	0	no_gene_sequence_annotation_not_proven_absence	1	1	assembly_or_reference	DR_DQ_candidate_novel_annotation
apr020#1	HLA-DRB4	1	0	0	no_gene_sequence_annotation_not_proven_absence	1	1	assembly_or_reference	DR_DQ_candidate_novel_annotation
apr020#1	HLA-DRB5	1	1	1		1	1	assembly_or_reference	DR_DQ_candidate_novel_annotation
apr020#2	HLA-A	1	1	1		1	1	assembly_or_reference	DR_DQ_candidate_novel_annotation
apr020#2	HLA-B	1	1	1		1	1	assembly_or_reference	DR_DQ_candidate_novel_annotation
apr020#2	HLA-C	1	1	1		1	1	assembly_or_reference	DR_DQ_candidate_novel_annotation
apr020#2	HLA-DRB1	1	1	1		1	1	assembly_or_reference	DR_DQ_candidate_novel_annotation
apr020#2	HLA-DQA1	1	1	1		1	1	assembly_or_reference	DR_DQ_candidate_novel_annotation
apr020#2	HLA-DQB1	1	1	1		1	1	assembly_or_reference	DR_DQ_candidate_novel_annotation
apr020#2	HLA-DPA1	1	1	1		1	1	assembly_or_reference	DR_DQ_candidate_novel_annotation
apr020#2	HLA-DPB1	1	1	1		1	1	assembly_or_reference	DR_DQ_candidate_novel_annotation
apr020#2	HLA-DRB3	1	1	1		1	1	assembly_or_reference	DR_DQ_candidate_novel_annotation
apr020#2	HLA-DRB4	1	0	0	no_gene_sequence_annotation_not_proven_absence	1	1	assembly_or_reference	DR_DQ_candidate_novel_annotation
apr020#2	HLA-DRB5	1	0	0	no_gene_sequence_annotation_not_proven_absence	1	1	assembly_or_reference	DR_DQ_candidate_novel_annotation
apr021#1	HLA-A	1	1	1		1	1	assembly_or_reference	DR_DQ_candidate_novel_annotation;downstream_graph_clipping_loss
apr021#1	HLA-B	1	1	1		1	1	assembly_or_reference	DR_DQ_candidate_novel_annotation;downstream_graph_clipping_loss
apr021#1	HLA-C	1	1	1		1	1	assembly_or_reference	DR_DQ_candidate_novel_annotation;downstream_graph_clipping_loss
apr021#1	HLA-DRB1	1	1	1		1	1	assembly_or_reference	DR_DQ_candidate_novel_annotation;downstream_graph_clipping_loss
apr021#1	HLA-DQA1	1	1	1		1	1	assembly_or_reference	DR_DQ_candidate_novel_annotation;downstream_graph_clipping_loss
apr021#1	HLA-DQB1	1	1	1		1	1	assembly_or_reference	DR_DQ_candidate_novel_annotation;downstream_graph_clipping_loss
apr021#1	HLA-DPA1	1	1	1		1	1	assembly_or_reference	DR_DQ_candidate_novel_annotation;downstream_graph_clipping_loss
apr021#1	HLA-DPB1	1	1	1		1	1	assembly_or_reference	DR_DQ_candidate_novel_annotation;downstream_graph_clipping_loss
apr021#1	HLA-DRB3	1	1	1		1	1	assembly_or_reference	DR_DQ_candidate_novel_annotation;downstream_graph_clipping_loss
apr021#1	HLA-DRB4	1	0	0	no_gene_sequence_annotation_not_proven_absence	1	1	assembly_or_reference	DR_DQ_candidate_novel_annotation;downstream_graph_clipping_loss
apr021#1	HLA-DRB5	1	0	0	no_gene_sequence_annotation_not_proven_absence	1	1	assembly_or_reference	DR_DQ_candidate_novel_annotation;downstream_graph_clipping_loss
apr021#2	HLA-A	1	1	1		1	1	assembly_or_reference	downstream_graph_clipping_loss
apr021#2	HLA-B	1	1	1		1	1	assembly_or_reference	downstream_graph_clipping_loss
apr021#2	HLA-C	1	1	1		1	1	assembly_or_reference	downstream_graph_clipping_loss
apr021#2	HLA-DRB1	1	1	1		1	1	assembly_or_reference	downstream_graph_clipping_loss
apr021#2	HLA-DQA1	1	1	1		1	1	assembly_or_reference	downstream_graph_clipping_loss
apr021#2	HLA-DQB1	1	1	1		1	1	assembly_or_reference	downstream_graph_clipping_loss
apr021#2	HLA-DPA1	1	1	1		1	1	assembly_or_reference	downstream_graph_clipping_loss
apr021#2	HLA-DPB1	1	1	1		1	1	assembly_or_reference	downstream_graph_clipping_loss
apr021#2	HLA-DRB3	1	1	1		1	1	assembly_or_reference	downstream_graph_clipping_loss
apr021#2	HLA-DRB4	1	0	0	no_gene_sequence_annotation_not_proven_absence	1	1	assembly_or_reference	downstream_graph_clipping_loss
apr021#2	HLA-DRB5	1	0	0	no_gene_sequence_annotation_not_proven_absence	1	1	assembly_or_reference	downstream_graph_clipping_loss
apr022#1	HLA-A	1	1	1		1	1	assembly_or_reference	DR_DQ_candidate_novel_annotation;downstream_graph_clipping_loss
apr022#1	HLA-B	1	1	1		1	1	assembly_or_reference	DR_DQ_candidate_novel_annotation;downstream_graph_clipping_loss
apr022#1	HLA-C	1	1	1		1	1	assembly_or_reference	DR_DQ_candidate_novel_annotation;downstream_graph_clipping_loss
apr022#1	HLA-DRB1	1	1	1		1	1	assembly_or_reference	DR_DQ_candidate_novel_annotation;downstream_graph_clipping_loss
apr022#1	HLA-DQA1	1	1	1		1	1	assembly_or_reference	DR_DQ_candidate_novel_annotation;downstream_graph_clipping_loss
apr022#1	HLA-DQB1	1	1	1		1	1	assembly_or_reference	DR_DQ_candidate_novel_annotation;downstream_graph_clipping_loss
apr022#1	HLA-DPA1	1	1	1		1	1	assembly_or_reference	DR_DQ_candidate_novel_annotation;downstream_graph_clipping_loss
apr022#1	HLA-DPB1	1	1	1		1	1	assembly_or_reference	DR_DQ_candidate_novel_annotation;downstream_graph_clipping_loss
apr022#1	HLA-DRB3	1	0	0	no_gene_sequence_annotation_not_proven_absence	1	1	assembly_or_reference	DR_DQ_candidate_novel_annotation;downstream_graph_clipping_loss
apr022#1	HLA-DRB4	1	0	0	no_gene_sequence_annotation_not_proven_absence	1	1	assembly_or_reference	DR_DQ_candidate_novel_annotation;downstream_graph_clipping_loss
apr022#1	HLA-DRB5	1	1	1		1	1	assembly_or_reference	DR_DQ_candidate_novel_annotation;downstream_graph_clipping_loss
apr022#2	HLA-A	1	1	1		1	1	assembly_or_reference	downstream_graph_clipping_loss
apr022#2	HLA-B	1	1	1		1	1	assembly_or_reference	downstream_graph_clipping_loss
apr022#2	HLA-C	1	1	1		1	1	assembly_or_reference	downstream_graph_clipping_loss
apr022#2	HLA-DRB1	1	1	1		1	1	assembly_or_reference	downstream_graph_clipping_loss
apr022#2	HLA-DQA1	1	1	1		1	1	assembly_or_reference	downstream_graph_clipping_loss
apr022#2	HLA-DQB1	1	1	1		1	1	assembly_or_reference	downstream_graph_clipping_loss
apr022#2	HLA-DPA1	1	1	1		1	1	assembly_or_reference	downstream_graph_clipping_loss
apr022#2	HLA-DPB1	1	1	1		1	1	assembly_or_reference	downstream_graph_clipping_loss
apr022#2	HLA-DRB3	1	1	1		1	1	assembly_or_reference	downstream_graph_clipping_loss
apr022#2	HLA-DRB4	1	0	0	no_gene_sequence_annotation_not_proven_absence	1	1	assembly_or_reference	downstream_graph_clipping_loss
apr022#2	HLA-DRB5	1	0	0	no_gene_sequence_annotation_not_proven_absence	1	1	assembly_or_reference	downstream_graph_clipping_loss
apr023#1	HLA-A	1	1	1		1	1	assembly_or_reference	DR_DQ_candidate_novel_annotation
apr023#1	HLA-B	1	1	1		1	1	assembly_or_reference	DR_DQ_candidate_novel_annotation
apr023#1	HLA-C	1	1	1		1	1	assembly_or_reference	DR_DQ_candidate_novel_annotation
apr023#1	HLA-DRB1	1	1	1		1	1	assembly_or_reference	DR_DQ_candidate_novel_annotation
apr023#1	HLA-DQA1	1	1	1		1	1	assembly_or_reference	DR_DQ_candidate_novel_annotation
apr023#1	HLA-DQB1	1	1	1		1	1	assembly_or_reference	DR_DQ_candidate_novel_annotation
apr023#1	HLA-DPA1	1	1	1		1	1	assembly_or_reference	DR_DQ_candidate_novel_annotation
apr023#1	HLA-DPB1	1	1	1		1	1	assembly_or_reference	DR_DQ_candidate_novel_annotation
apr023#1	HLA-DRB3	1	0	0	no_gene_sequence_annotation_not_proven_absence	1	1	assembly_or_reference	DR_DQ_candidate_novel_annotation
apr023#1	HLA-DRB4	1	0	0	no_gene_sequence_annotation_not_proven_absence	1	1	assembly_or_reference	DR_DQ_candidate_novel_annotation
apr023#1	HLA-DRB5	1	1	1		1	1	assembly_or_reference	DR_DQ_candidate_novel_annotation
apr023#2	HLA-A	1	1	1		1	1	assembly_or_reference	DR_DQ_candidate_novel_annotation
apr023#2	HLA-B	1	1	1		1	1	assembly_or_reference	DR_DQ_candidate_novel_annotation
apr023#2	HLA-C	1	1	1		1	1	assembly_or_reference	DR_DQ_candidate_novel_annotation
apr023#2	HLA-DRB1	1	1	1		1	1	assembly_or_reference	DR_DQ_candidate_novel_annotation
apr023#2	HLA-DQA1	1	1	1		1	1	assembly_or_reference	DR_DQ_candidate_novel_annotation
apr023#2	HLA-DQB1	1	1	1		1	1	assembly_or_reference	DR_DQ_candidate_novel_annotation
apr023#2	HLA-DPA1	1	1	1		1	1	assembly_or_reference	DR_DQ_candidate_novel_annotation
apr023#2	HLA-DPB1	1	1	1		1	1	assembly_or_reference	DR_DQ_candidate_novel_annotation
apr023#2	HLA-DRB3	1	0	0	no_gene_sequence_annotation_not_proven_absence	1	1	assembly_or_reference	DR_DQ_candidate_novel_annotation
apr023#2	HLA-DRB4	1	0	0	no_gene_sequence_annotation_not_proven_absence	1	1	assembly_or_reference	DR_DQ_candidate_novel_annotation
apr023#2	HLA-DRB5	1	0	0	no_gene_sequence_annotation_not_proven_absence	1	1	assembly_or_reference	DR_DQ_candidate_novel_annotation
apr024#1	HLA-A	1	1	1		1	1	assembly_or_reference	downstream_graph_clipping_loss
apr024#1	HLA-B	1	1	1		1	1	assembly_or_reference	downstream_graph_clipping_loss
apr024#1	HLA-C	1	1	1		1	1	assembly_or_reference	downstream_graph_clipping_loss
apr024#1	HLA-DRB1	1	1	1		1	1	assembly_or_reference	downstream_graph_clipping_loss
apr024#1	HLA-DQA1	1	1	1		1	1	assembly_or_reference	downstream_graph_clipping_loss
apr024#1	HLA-DQB1	1	1	1		1	1	assembly_or_reference	downstream_graph_clipping_loss
apr024#1	HLA-DPA1	1	1	1		1	1	assembly_or_reference	downstream_graph_clipping_loss
apr024#1	HLA-DPB1	1	1	1		1	1	assembly_or_reference	downstream_graph_clipping_loss
apr024#1	HLA-DRB3	1	0	0	no_gene_sequence_annotation_not_proven_absence	1	1	assembly_or_reference	downstream_graph_clipping_loss
apr024#1	HLA-DRB4	1	0	0	no_gene_sequence_annotation_not_proven_absence	1	1	assembly_or_reference	downstream_graph_clipping_loss
apr024#1	HLA-DRB5	1	1	1		1	1	assembly_or_reference	downstream_graph_clipping_loss
apr024#2	HLA-A	1	1	1		1	1	assembly_or_reference	
apr024#2	HLA-B	1	1	1		1	1	assembly_or_reference	
apr024#2	HLA-C	1	1	1		1	1	assembly_or_reference	
apr024#2	HLA-DRB1	1	1	1		1	1	assembly_or_reference	
apr024#2	HLA-DQA1	1	1	1		1	1	assembly_or_reference	
apr024#2	HLA-DQB1	1	1	1		1	1	assembly_or_reference	
apr024#2	HLA-DPA1	1	1	1		1	1	assembly_or_reference	
apr024#2	HLA-DPB1	1	1	1		1	1	assembly_or_reference	
apr024#2	HLA-DRB3	1	0	0	no_gene_sequence_annotation_not_proven_absence	1	1	assembly_or_reference	
apr024#2	HLA-DRB4	1	0	0	no_gene_sequence_annotation_not_proven_absence	1	1	assembly_or_reference	
apr024#2	HLA-DRB5	1	1	1		1	1	assembly_or_reference	
apr025#1	HLA-A	1	1	1		1	1	assembly_or_reference	downstream_graph_clipping_loss
apr025#1	HLA-B	1	1	1		1	1	assembly_or_reference	downstream_graph_clipping_loss
apr025#1	HLA-C	1	1	1		1	1	assembly_or_reference	downstream_graph_clipping_loss
apr025#1	HLA-DRB1	1	1	1		1	1	assembly_or_reference	downstream_graph_clipping_loss
apr025#1	HLA-DQA1	1	1	1		1	1	assembly_or_reference	downstream_graph_clipping_loss
apr025#1	HLA-DQB1	1	1	1		1	1	assembly_or_reference	downstream_graph_clipping_loss
apr025#1	HLA-DPA1	1	1	1		1	1	assembly_or_reference	downstream_graph_clipping_loss
apr025#1	HLA-DPB1	1	1	1		1	1	assembly_or_reference	downstream_graph_clipping_loss
apr025#1	HLA-DRB3	1	0	0	no_gene_sequence_annotation_not_proven_absence	1	1	assembly_or_reference	downstream_graph_clipping_loss
apr025#1	HLA-DRB4	1	0	0	no_gene_sequence_annotation_not_proven_absence	1	1	assembly_or_reference	downstream_graph_clipping_loss
apr025#1	HLA-DRB5	1	0	0	no_gene_sequence_annotation_not_proven_absence	1	1	assembly_or_reference	downstream_graph_clipping_loss
apr025#2	HLA-A	1	1	1		1	1	assembly_or_reference	DR_DQ_candidate_novel_annotation
apr025#2	HLA-B	1	1	1		1	1	assembly_or_reference	DR_DQ_candidate_novel_annotation
apr025#2	HLA-C	1	1	1		1	1	assembly_or_reference	DR_DQ_candidate_novel_annotation
apr025#2	HLA-DRB1	1	1	1		1	1	assembly_or_reference	DR_DQ_candidate_novel_annotation
apr025#2	HLA-DQA1	1	1	1		1	1	assembly_or_reference	DR_DQ_candidate_novel_annotation
apr025#2	HLA-DQB1	1	1	1		1	1	assembly_or_reference	DR_DQ_candidate_novel_annotation
apr025#2	HLA-DPA1	1	1	1		1	1	assembly_or_reference	DR_DQ_candidate_novel_annotation
apr025#2	HLA-DPB1	1	1	1		1	1	assembly_or_reference	DR_DQ_candidate_novel_annotation
apr025#2	HLA-DRB3	1	0	0	no_gene_sequence_annotation_not_proven_absence	1	1	assembly_or_reference	DR_DQ_candidate_novel_annotation
apr025#2	HLA-DRB4	1	1	1		1	1	assembly_or_reference	DR_DQ_candidate_novel_annotation
apr025#2	HLA-DRB5	1	0	0	no_gene_sequence_annotation_not_proven_absence	1	1	assembly_or_reference	DR_DQ_candidate_novel_annotation
apr026#1	HLA-A	1	1	1		1	1	assembly_or_reference	
apr026#1	HLA-B	1	1	1		1	1	assembly_or_reference	
apr026#1	HLA-C	1	1	1		1	1	assembly_or_reference	
apr026#1	HLA-DRB1	1	1	1		1	1	assembly_or_reference	
apr026#1	HLA-DQA1	1	1	1		1	1	assembly_or_reference	
apr026#1	HLA-DQB1	1	1	1		1	1	assembly_or_reference	
apr026#1	HLA-DPA1	1	1	1		1	1	assembly_or_reference	
apr026#1	HLA-DPB1	1	1	1		1	1	assembly_or_reference	
apr026#1	HLA-DRB3	1	0	0	no_gene_sequence_annotation_not_proven_absence	1	1	assembly_or_reference	
apr026#1	HLA-DRB4	1	1	1		1	1	assembly_or_reference	
apr026#1	HLA-DRB5	1	0	0	no_gene_sequence_annotation_not_proven_absence	1	1	assembly_or_reference	
apr026#2	HLA-A	1	1	1		1	1	assembly_or_reference	DR_DQ_candidate_novel_annotation
apr026#2	HLA-B	1	1	1		1	1	assembly_or_reference	DR_DQ_candidate_novel_annotation
apr026#2	HLA-C	1	1	1		1	1	assembly_or_reference	DR_DQ_candidate_novel_annotation
apr026#2	HLA-DRB1	1	1	1		1	1	assembly_or_reference	DR_DQ_candidate_novel_annotation
apr026#2	HLA-DQA1	1	1	1		1	1	assembly_or_reference	DR_DQ_candidate_novel_annotation
apr026#2	HLA-DQB1	1	1	1		1	1	assembly_or_reference	DR_DQ_candidate_novel_annotation
apr026#2	HLA-DPA1	1	1	1		1	1	assembly_or_reference	DR_DQ_candidate_novel_annotation
apr026#2	HLA-DPB1	1	1	1		1	1	assembly_or_reference	DR_DQ_candidate_novel_annotation
apr026#2	HLA-DRB3	1	0	0	no_gene_sequence_annotation_not_proven_absence	1	1	assembly_or_reference	DR_DQ_candidate_novel_annotation
apr026#2	HLA-DRB4	1	1	1		1	1	assembly_or_reference	DR_DQ_candidate_novel_annotation
apr026#2	HLA-DRB5	1	0	0	no_gene_sequence_annotation_not_proven_absence	1	1	assembly_or_reference	DR_DQ_candidate_novel_annotation
apr027#1	HLA-A	1	1	1		1	0	assembly_or_reference	DR_DQ_core_missing_or_multiple_annotations
apr027#1	HLA-B	1	1	1		1	0	assembly_or_reference	DR_DQ_core_missing_or_multiple_annotations
apr027#1	HLA-C	1	1	1		1	0	assembly_or_reference	DR_DQ_core_missing_or_multiple_annotations
apr027#1	HLA-DRB1	1	1	1		1	0	assembly_or_reference	DR_DQ_core_missing_or_multiple_annotations
apr027#1	HLA-DQA1	1	1	1		1	0	assembly_or_reference	DR_DQ_core_missing_or_multiple_annotations
apr027#1	HLA-DQB1	1	0	0	no_gene_sequence_annotation_not_proven_absence	1	0	assembly_or_reference	DR_DQ_core_missing_or_multiple_annotations
apr027#1	HLA-DPA1	1	1	1		1	0	assembly_or_reference	DR_DQ_core_missing_or_multiple_annotations
apr027#1	HLA-DPB1	1	1	1		1	0	assembly_or_reference	DR_DQ_core_missing_or_multiple_annotations
apr027#1	HLA-DRB3	1	0	0	no_gene_sequence_annotation_not_proven_absence	1	0	assembly_or_reference	DR_DQ_core_missing_or_multiple_annotations
apr027#1	HLA-DRB4	1	1	1		1	0	assembly_or_reference	DR_DQ_core_missing_or_multiple_annotations
apr027#1	HLA-DRB5	1	0	0	no_gene_sequence_annotation_not_proven_absence	1	0	assembly_or_reference	DR_DQ_core_missing_or_multiple_annotations
apr027#2	HLA-A	1	1	1		1	1	assembly_or_reference	DR_DQ_candidate_novel_annotation;downstream_graph_clipping_loss
apr027#2	HLA-B	1	1	1		1	1	assembly_or_reference	DR_DQ_candidate_novel_annotation;downstream_graph_clipping_loss
apr027#2	HLA-C	1	1	1		1	1	assembly_or_reference	DR_DQ_candidate_novel_annotation;downstream_graph_clipping_loss
apr027#2	HLA-DRB1	1	1	1		1	1	assembly_or_reference	DR_DQ_candidate_novel_annotation;downstream_graph_clipping_loss
apr027#2	HLA-DQA1	1	1	1		1	1	assembly_or_reference	DR_DQ_candidate_novel_annotation;downstream_graph_clipping_loss
apr027#2	HLA-DQB1	1	1	1		1	1	assembly_or_reference	DR_DQ_candidate_novel_annotation;downstream_graph_clipping_loss
apr027#2	HLA-DPA1	1	1	1		1	1	assembly_or_reference	DR_DQ_candidate_novel_annotation;downstream_graph_clipping_loss
apr027#2	HLA-DPB1	1	1	1		1	1	assembly_or_reference	DR_DQ_candidate_novel_annotation;downstream_graph_clipping_loss
apr027#2	HLA-DRB3	1	0	0	no_gene_sequence_annotation_not_proven_absence	1	1	assembly_or_reference	DR_DQ_candidate_novel_annotation;downstream_graph_clipping_loss
apr027#2	HLA-DRB4	1	0	0	no_gene_sequence_annotation_not_proven_absence	1	1	assembly_or_reference	DR_DQ_candidate_novel_annotation;downstream_graph_clipping_loss
apr027#2	HLA-DRB5	1	0	0	no_gene_sequence_annotation_not_proven_absence	1	1	assembly_or_reference	DR_DQ_candidate_novel_annotation;downstream_graph_clipping_loss
apr029#1	HLA-A	1	1	1		1	1	assembly_or_reference	
apr029#1	HLA-B	1	1	1		1	1	assembly_or_reference	
apr029#1	HLA-C	1	1	1		1	1	assembly_or_reference	
apr029#1	HLA-DRB1	1	1	1		1	1	assembly_or_reference	
apr029#1	HLA-DQA1	1	1	1		1	1	assembly_or_reference	
apr029#1	HLA-DQB1	1	1	1		1	1	assembly_or_reference	
apr029#1	HLA-DPA1	1	1	1		1	1	assembly_or_reference	
apr029#1	HLA-DPB1	1	1	1		1	1	assembly_or_reference	
apr029#1	HLA-DRB3	1	0	0	no_gene_sequence_annotation_not_proven_absence	1	1	assembly_or_reference	
apr029#1	HLA-DRB4	1	1	1		1	1	assembly_or_reference	
apr029#1	HLA-DRB5	1	0	0	no_gene_sequence_annotation_not_proven_absence	1	1	assembly_or_reference	
apr029#2	HLA-A	1	1	1		1	1	assembly_or_reference	
apr029#2	HLA-B	1	1	1		1	1	assembly_or_reference	
apr029#2	HLA-C	1	1	1		1	1	assembly_or_reference	
apr029#2	HLA-DRB1	1	1	1		1	1	assembly_or_reference	
apr029#2	HLA-DQA1	1	1	1		1	1	assembly_or_reference	
apr029#2	HLA-DQB1	1	1	1		1	1	assembly_or_reference	
apr029#2	HLA-DPA1	1	1	1		1	1	assembly_or_reference	
apr029#2	HLA-DPB1	1	1	1		1	1	assembly_or_reference	
apr029#2	HLA-DRB3	1	1	1		1	1	assembly_or_reference	
apr029#2	HLA-DRB4	1	0	0	no_gene_sequence_annotation_not_proven_absence	1	1	assembly_or_reference	
apr029#2	HLA-DRB5	1	0	0	no_gene_sequence_annotation_not_proven_absence	1	1	assembly_or_reference	
apr030#1	HLA-A	1	1	1		1	1	assembly_or_reference	DR_DQ_candidate_novel_annotation
apr030#1	HLA-B	1	1	1		1	1	assembly_or_reference	DR_DQ_candidate_novel_annotation
apr030#1	HLA-C	1	1	1		1	1	assembly_or_reference	DR_DQ_candidate_novel_annotation
apr030#1	HLA-DRB1	1	1	1		1	1	assembly_or_reference	DR_DQ_candidate_novel_annotation
apr030#1	HLA-DQA1	1	1	1		1	1	assembly_or_reference	DR_DQ_candidate_novel_annotation
apr030#1	HLA-DQB1	1	1	1		1	1	assembly_or_reference	DR_DQ_candidate_novel_annotation
apr030#1	HLA-DPA1	1	1	1		1	1	assembly_or_reference	DR_DQ_candidate_novel_annotation
apr030#1	HLA-DPB1	1	1	1		1	1	assembly_or_reference	DR_DQ_candidate_novel_annotation
apr030#1	HLA-DRB3	1	1	1		1	1	assembly_or_reference	DR_DQ_candidate_novel_annotation
apr030#1	HLA-DRB4	1	0	0	no_gene_sequence_annotation_not_proven_absence	1	1	assembly_or_reference	DR_DQ_candidate_novel_annotation
apr030#1	HLA-DRB5	1	0	0	no_gene_sequence_annotation_not_proven_absence	1	1	assembly_or_reference	DR_DQ_candidate_novel_annotation
apr030#2	HLA-A	1	1	1		1	1	assembly_or_reference	DR_DQ_candidate_novel_annotation
apr030#2	HLA-B	1	1	1		1	1	assembly_or_reference	DR_DQ_candidate_novel_annotation
apr030#2	HLA-C	1	1	1		1	1	assembly_or_reference	DR_DQ_candidate_novel_annotation
apr030#2	HLA-DRB1	1	1	1		1	1	assembly_or_reference	DR_DQ_candidate_novel_annotation
apr030#2	HLA-DQA1	1	1	1		1	1	assembly_or_reference	DR_DQ_candidate_novel_annotation
apr030#2	HLA-DQB1	1	1	1		1	1	assembly_or_reference	DR_DQ_candidate_novel_annotation
apr030#2	HLA-DPA1	1	1	1		1	1	assembly_or_reference	DR_DQ_candidate_novel_annotation
apr030#2	HLA-DPB1	1	1	1		1	1	assembly_or_reference	DR_DQ_candidate_novel_annotation
apr030#2	HLA-DRB3	1	0	0	no_gene_sequence_annotation_not_proven_absence	1	1	assembly_or_reference	DR_DQ_candidate_novel_annotation
apr030#2	HLA-DRB4	1	0	0	no_gene_sequence_annotation_not_proven_absence	1	1	assembly_or_reference	DR_DQ_candidate_novel_annotation
apr030#2	HLA-DRB5	1	0	0	no_gene_sequence_annotation_not_proven_absence	1	1	assembly_or_reference	DR_DQ_candidate_novel_annotation
apr031#1	HLA-A	1	1	1		1	1	assembly_or_reference	DR_DQ_candidate_novel_annotation;downstream_graph_clipping_loss
apr031#1	HLA-B	1	1	1		1	1	assembly_or_reference	DR_DQ_candidate_novel_annotation;downstream_graph_clipping_loss
apr031#1	HLA-C	1	1	1		1	1	assembly_or_reference	DR_DQ_candidate_novel_annotation;downstream_graph_clipping_loss
apr031#1	HLA-DRB1	1	1	1		1	1	assembly_or_reference	DR_DQ_candidate_novel_annotation;downstream_graph_clipping_loss
apr031#1	HLA-DQA1	1	1	1		1	1	assembly_or_reference	DR_DQ_candidate_novel_annotation;downstream_graph_clipping_loss
apr031#1	HLA-DQB1	1	1	1		1	1	assembly_or_reference	DR_DQ_candidate_novel_annotation;downstream_graph_clipping_loss
apr031#1	HLA-DPA1	1	1	1		1	1	assembly_or_reference	DR_DQ_candidate_novel_annotation;downstream_graph_clipping_loss
apr031#1	HLA-DPB1	1	1	1		1	1	assembly_or_reference	DR_DQ_candidate_novel_annotation;downstream_graph_clipping_loss
apr031#1	HLA-DRB3	1	0	0	no_gene_sequence_annotation_not_proven_absence	1	1	assembly_or_reference	DR_DQ_candidate_novel_annotation;downstream_graph_clipping_loss
apr031#1	HLA-DRB4	1	0	0	no_gene_sequence_annotation_not_proven_absence	1	1	assembly_or_reference	DR_DQ_candidate_novel_annotation;downstream_graph_clipping_loss
apr031#1	HLA-DRB5	1	0	0	no_gene_sequence_annotation_not_proven_absence	1	1	assembly_or_reference	DR_DQ_candidate_novel_annotation;downstream_graph_clipping_loss
apr031#2	HLA-A	1	1	1		1	1	assembly_or_reference	
apr031#2	HLA-B	1	1	1		1	1	assembly_or_reference	
apr031#2	HLA-C	1	1	1		1	1	assembly_or_reference	
apr031#2	HLA-DRB1	1	1	1		1	1	assembly_or_reference	
apr031#2	HLA-DQA1	1	1	1		1	1	assembly_or_reference	
apr031#2	HLA-DQB1	1	1	1		1	1	assembly_or_reference	
apr031#2	HLA-DPA1	1	1	1		1	1	assembly_or_reference	
apr031#2	HLA-DPB1	1	1	1		1	1	assembly_or_reference	
apr031#2	HLA-DRB3	1	0	0	no_gene_sequence_annotation_not_proven_absence	1	1	assembly_or_reference	
apr031#2	HLA-DRB4	1	0	0	no_gene_sequence_annotation_not_proven_absence	1	1	assembly_or_reference	
apr031#2	HLA-DRB5	1	1	1		1	1	assembly_or_reference	
apr032#1	HLA-A	1	1	1		1	1	assembly_or_reference	
apr032#1	HLA-B	1	1	1		1	1	assembly_or_reference	
apr032#1	HLA-C	1	1	1		1	1	assembly_or_reference	
apr032#1	HLA-DRB1	1	1	1		1	1	assembly_or_reference	
apr032#1	HLA-DQA1	1	1	1		1	1	assembly_or_reference	
apr032#1	HLA-DQB1	1	1	1		1	1	assembly_or_reference	
apr032#1	HLA-DPA1	1	1	1		1	1	assembly_or_reference	
apr032#1	HLA-DPB1	1	1	1		1	1	assembly_or_reference	
apr032#1	HLA-DRB3	1	0	0	no_gene_sequence_annotation_not_proven_absence	1	1	assembly_or_reference	
apr032#1	HLA-DRB4	1	1	1		1	1	assembly_or_reference	
apr032#1	HLA-DRB5	1	0	0	no_gene_sequence_annotation_not_proven_absence	1	1	assembly_or_reference	
apr032#2	HLA-A	1	1	1		1	1	assembly_or_reference	DR_DQ_candidate_novel_annotation
apr032#2	HLA-B	1	1	1		1	1	assembly_or_reference	DR_DQ_candidate_novel_annotation
apr032#2	HLA-C	1	1	1		1	1	assembly_or_reference	DR_DQ_candidate_novel_annotation
apr032#2	HLA-DRB1	1	1	1		1	1	assembly_or_reference	DR_DQ_candidate_novel_annotation
apr032#2	HLA-DQA1	1	1	1		1	1	assembly_or_reference	DR_DQ_candidate_novel_annotation
apr032#2	HLA-DQB1	1	1	1		1	1	assembly_or_reference	DR_DQ_candidate_novel_annotation
apr032#2	HLA-DPA1	1	1	1		1	1	assembly_or_reference	DR_DQ_candidate_novel_annotation
apr032#2	HLA-DPB1	1	1	1		1	1	assembly_or_reference	DR_DQ_candidate_novel_annotation
apr032#2	HLA-DRB3	1	0	0	no_gene_sequence_annotation_not_proven_absence	1	1	assembly_or_reference	DR_DQ_candidate_novel_annotation
apr032#2	HLA-DRB4	1	1	1		1	1	assembly_or_reference	DR_DQ_candidate_novel_annotation
apr032#2	HLA-DRB5	1	0	0	no_gene_sequence_annotation_not_proven_absence	1	1	assembly_or_reference	DR_DQ_candidate_novel_annotation
apr033#1	HLA-A	1	1	1		1	1	assembly_or_reference	downstream_graph_clipping_loss
apr033#1	HLA-B	1	1	1		1	1	assembly_or_reference	downstream_graph_clipping_loss
apr033#1	HLA-C	1	1	1		1	1	assembly_or_reference	downstream_graph_clipping_loss
apr033#1	HLA-DRB1	1	1	1		1	1	assembly_or_reference	downstream_graph_clipping_loss
apr033#1	HLA-DQA1	1	1	1		1	1	assembly_or_reference	downstream_graph_clipping_loss
apr033#1	HLA-DQB1	1	1	1		1	1	assembly_or_reference	downstream_graph_clipping_loss
apr033#1	HLA-DPA1	1	1	1		1	1	assembly_or_reference	downstream_graph_clipping_loss
apr033#1	HLA-DPB1	1	1	1		1	1	assembly_or_reference	downstream_graph_clipping_loss
apr033#1	HLA-DRB3	1	1	1		1	1	assembly_or_reference	downstream_graph_clipping_loss
apr033#1	HLA-DRB4	1	0	0	no_gene_sequence_annotation_not_proven_absence	1	1	assembly_or_reference	downstream_graph_clipping_loss
apr033#1	HLA-DRB5	1	0	0	no_gene_sequence_annotation_not_proven_absence	1	1	assembly_or_reference	downstream_graph_clipping_loss
apr033#2	HLA-A	1	1	1		1	1	assembly_or_reference	
apr033#2	HLA-B	1	1	1		1	1	assembly_or_reference	
apr033#2	HLA-C	1	1	1		1	1	assembly_or_reference	
apr033#2	HLA-DRB1	1	1	1		1	1	assembly_or_reference	
apr033#2	HLA-DQA1	1	1	1		1	1	assembly_or_reference	
apr033#2	HLA-DQB1	1	1	1		1	1	assembly_or_reference	
apr033#2	HLA-DPA1	1	1	1		1	1	assembly_or_reference	
apr033#2	HLA-DPB1	1	1	1		1	1	assembly_or_reference	
apr033#2	HLA-DRB3	1	0	0	no_gene_sequence_annotation_not_proven_absence	1	1	assembly_or_reference	
apr033#2	HLA-DRB4	1	0	0	no_gene_sequence_annotation_not_proven_absence	1	1	assembly_or_reference	
apr033#2	HLA-DRB5	1	0	0	no_gene_sequence_annotation_not_proven_absence	1	1	assembly_or_reference	
apr034#1	HLA-A	1	1	1		1	0	assembly_or_reference	DR_DQ_candidate_novel_annotation
apr034#1	HLA-B	1	1	1		1	0	assembly_or_reference	DR_DQ_candidate_novel_annotation
apr034#1	HLA-C	1	1	1		1	0	assembly_or_reference	DR_DQ_candidate_novel_annotation
apr034#1	HLA-DRB1	1	1	0	no_current_exact_cds_match	1	0	assembly_or_reference	DR_DQ_candidate_novel_annotation
apr034#1	HLA-DQA1	1	1	1		1	0	assembly_or_reference	DR_DQ_candidate_novel_annotation
apr034#1	HLA-DQB1	1	1	1		1	0	assembly_or_reference	DR_DQ_candidate_novel_annotation
apr034#1	HLA-DPA1	1	1	1		1	0	assembly_or_reference	DR_DQ_candidate_novel_annotation
apr034#1	HLA-DPB1	1	1	1		1	0	assembly_or_reference	DR_DQ_candidate_novel_annotation
apr034#1	HLA-DRB3	1	0	0	no_gene_sequence_annotation_not_proven_absence	1	0	assembly_or_reference	DR_DQ_candidate_novel_annotation
apr034#1	HLA-DRB4	1	0	0	no_gene_sequence_annotation_not_proven_absence	1	0	assembly_or_reference	DR_DQ_candidate_novel_annotation
apr034#1	HLA-DRB5	1	0	0	no_gene_sequence_annotation_not_proven_absence	1	0	assembly_or_reference	DR_DQ_candidate_novel_annotation
apr034#2	HLA-A	1	1	1		1	1	assembly_or_reference	DR_DQ_candidate_novel_annotation
apr034#2	HLA-B	1	1	1		1	1	assembly_or_reference	DR_DQ_candidate_novel_annotation
apr034#2	HLA-C	1	1	1		1	1	assembly_or_reference	DR_DQ_candidate_novel_annotation
apr034#2	HLA-DRB1	1	1	1		1	1	assembly_or_reference	DR_DQ_candidate_novel_annotation
apr034#2	HLA-DQA1	1	1	1		1	1	assembly_or_reference	DR_DQ_candidate_novel_annotation
apr034#2	HLA-DQB1	1	1	1		1	1	assembly_or_reference	DR_DQ_candidate_novel_annotation
apr034#2	HLA-DPA1	1	1	1		1	1	assembly_or_reference	DR_DQ_candidate_novel_annotation
apr034#2	HLA-DPB1	1	1	1		1	1	assembly_or_reference	DR_DQ_candidate_novel_annotation
apr034#2	HLA-DRB3	1	1	1		1	1	assembly_or_reference	DR_DQ_candidate_novel_annotation
apr034#2	HLA-DRB4	1	0	0	no_gene_sequence_annotation_not_proven_absence	1	1	assembly_or_reference	DR_DQ_candidate_novel_annotation
apr034#2	HLA-DRB5	1	0	0	no_gene_sequence_annotation_not_proven_absence	1	1	assembly_or_reference	DR_DQ_candidate_novel_annotation
apr035#1	HLA-A	1	1	1		1	1	assembly_or_reference	DR_DQ_candidate_novel_annotation;downstream_graph_clipping_loss
apr035#1	HLA-B	1	1	1		1	1	assembly_or_reference	DR_DQ_candidate_novel_annotation;downstream_graph_clipping_loss
apr035#1	HLA-C	1	1	1		1	1	assembly_or_reference	DR_DQ_candidate_novel_annotation;downstream_graph_clipping_loss
apr035#1	HLA-DRB1	1	1	1		1	1	assembly_or_reference	DR_DQ_candidate_novel_annotation;downstream_graph_clipping_loss
apr035#1	HLA-DQA1	1	1	1		1	1	assembly_or_reference	DR_DQ_candidate_novel_annotation;downstream_graph_clipping_loss
apr035#1	HLA-DQB1	1	1	1		1	1	assembly_or_reference	DR_DQ_candidate_novel_annotation;downstream_graph_clipping_loss
apr035#1	HLA-DPA1	1	1	1		1	1	assembly_or_reference	DR_DQ_candidate_novel_annotation;downstream_graph_clipping_loss
apr035#1	HLA-DPB1	1	1	1		1	1	assembly_or_reference	DR_DQ_candidate_novel_annotation;downstream_graph_clipping_loss
apr035#1	HLA-DRB3	1	1	1		1	1	assembly_or_reference	DR_DQ_candidate_novel_annotation;downstream_graph_clipping_loss
apr035#1	HLA-DRB4	1	0	0	no_gene_sequence_annotation_not_proven_absence	1	1	assembly_or_reference	DR_DQ_candidate_novel_annotation;downstream_graph_clipping_loss
apr035#1	HLA-DRB5	1	0	0	no_gene_sequence_annotation_not_proven_absence	1	1	assembly_or_reference	DR_DQ_candidate_novel_annotation;downstream_graph_clipping_loss
apr035#2	HLA-A	1	1	1		1	1	assembly_or_reference	DR_DQ_candidate_novel_annotation;downstream_graph_clipping_loss
apr035#2	HLA-B	1	1	1		1	1	assembly_or_reference	DR_DQ_candidate_novel_annotation;downstream_graph_clipping_loss
apr035#2	HLA-C	1	1	1		1	1	assembly_or_reference	DR_DQ_candidate_novel_annotation;downstream_graph_clipping_loss
apr035#2	HLA-DRB1	1	1	1		1	1	assembly_or_reference	DR_DQ_candidate_novel_annotation;downstream_graph_clipping_loss
apr035#2	HLA-DQA1	1	1	1		1	1	assembly_or_reference	DR_DQ_candidate_novel_annotation;downstream_graph_clipping_loss
apr035#2	HLA-DQB1	1	1	1		1	1	assembly_or_reference	DR_DQ_candidate_novel_annotation;downstream_graph_clipping_loss
apr035#2	HLA-DPA1	1	1	1		1	1	assembly_or_reference	DR_DQ_candidate_novel_annotation;downstream_graph_clipping_loss
apr035#2	HLA-DPB1	1	1	1		1	1	assembly_or_reference	DR_DQ_candidate_novel_annotation;downstream_graph_clipping_loss
apr035#2	HLA-DRB3	1	1	1		1	1	assembly_or_reference	DR_DQ_candidate_novel_annotation;downstream_graph_clipping_loss
apr035#2	HLA-DRB4	1	0	0	no_gene_sequence_annotation_not_proven_absence	1	1	assembly_or_reference	DR_DQ_candidate_novel_annotation;downstream_graph_clipping_loss
apr035#2	HLA-DRB5	1	0	0	no_gene_sequence_annotation_not_proven_absence	1	1	assembly_or_reference	DR_DQ_candidate_novel_annotation;downstream_graph_clipping_loss
apr036#1	HLA-A	1	1	1		1	1	assembly_or_reference	DR_DQ_candidate_novel_annotation;downstream_graph_clipping_loss
apr036#1	HLA-B	1	1	1		1	1	assembly_or_reference	DR_DQ_candidate_novel_annotation;downstream_graph_clipping_loss
apr036#1	HLA-C	1	1	1		1	1	assembly_or_reference	DR_DQ_candidate_novel_annotation;downstream_graph_clipping_loss
apr036#1	HLA-DRB1	1	1	1		1	1	assembly_or_reference	DR_DQ_candidate_novel_annotation;downstream_graph_clipping_loss
apr036#1	HLA-DQA1	1	1	1		1	1	assembly_or_reference	DR_DQ_candidate_novel_annotation;downstream_graph_clipping_loss
apr036#1	HLA-DQB1	1	1	1		1	1	assembly_or_reference	DR_DQ_candidate_novel_annotation;downstream_graph_clipping_loss
apr036#1	HLA-DPA1	1	1	1		1	1	assembly_or_reference	DR_DQ_candidate_novel_annotation;downstream_graph_clipping_loss
apr036#1	HLA-DPB1	1	1	1		1	1	assembly_or_reference	DR_DQ_candidate_novel_annotation;downstream_graph_clipping_loss
apr036#1	HLA-DRB3	1	1	1		1	1	assembly_or_reference	DR_DQ_candidate_novel_annotation;downstream_graph_clipping_loss
apr036#1	HLA-DRB4	1	0	0	no_gene_sequence_annotation_not_proven_absence	1	1	assembly_or_reference	DR_DQ_candidate_novel_annotation;downstream_graph_clipping_loss
apr036#1	HLA-DRB5	1	0	0	no_gene_sequence_annotation_not_proven_absence	1	1	assembly_or_reference	DR_DQ_candidate_novel_annotation;downstream_graph_clipping_loss
apr036#2	HLA-A	1	1	1		1	1	assembly_or_reference	DR_DQ_candidate_novel_annotation
apr036#2	HLA-B	1	1	1		1	1	assembly_or_reference	DR_DQ_candidate_novel_annotation
apr036#2	HLA-C	1	1	1		1	1	assembly_or_reference	DR_DQ_candidate_novel_annotation
apr036#2	HLA-DRB1	1	1	1		1	1	assembly_or_reference	DR_DQ_candidate_novel_annotation
apr036#2	HLA-DQA1	1	1	1		1	1	assembly_or_reference	DR_DQ_candidate_novel_annotation
apr036#2	HLA-DQB1	1	1	1		1	1	assembly_or_reference	DR_DQ_candidate_novel_annotation
apr036#2	HLA-DPA1	1	1	1		1	1	assembly_or_reference	DR_DQ_candidate_novel_annotation
apr036#2	HLA-DPB1	1	1	1		1	1	assembly_or_reference	DR_DQ_candidate_novel_annotation
apr036#2	HLA-DRB3	1	1	1		1	1	assembly_or_reference	DR_DQ_candidate_novel_annotation
apr036#2	HLA-DRB4	1	0	0	no_gene_sequence_annotation_not_proven_absence	1	1	assembly_or_reference	DR_DQ_candidate_novel_annotation
apr036#2	HLA-DRB5	1	0	0	no_gene_sequence_annotation_not_proven_absence	1	1	assembly_or_reference	DR_DQ_candidate_novel_annotation
apr037#1	HLA-A	1	1	1		1	1	assembly_or_reference	DR_DQ_candidate_novel_annotation
apr037#1	HLA-B	1	1	1		1	1	assembly_or_reference	DR_DQ_candidate_novel_annotation
apr037#1	HLA-C	1	1	1		1	1	assembly_or_reference	DR_DQ_candidate_novel_annotation
apr037#1	HLA-DRB1	1	1	1		1	1	assembly_or_reference	DR_DQ_candidate_novel_annotation
apr037#1	HLA-DQA1	1	1	1		1	1	assembly_or_reference	DR_DQ_candidate_novel_annotation
apr037#1	HLA-DQB1	1	1	1		1	1	assembly_or_reference	DR_DQ_candidate_novel_annotation
apr037#1	HLA-DPA1	1	1	1		1	1	assembly_or_reference	DR_DQ_candidate_novel_annotation
apr037#1	HLA-DPB1	1	1	1		1	1	assembly_or_reference	DR_DQ_candidate_novel_annotation
apr037#1	HLA-DRB3	1	0	0	no_gene_sequence_annotation_not_proven_absence	1	1	assembly_or_reference	DR_DQ_candidate_novel_annotation
apr037#1	HLA-DRB4	1	0	0	no_gene_sequence_annotation_not_proven_absence	1	1	assembly_or_reference	DR_DQ_candidate_novel_annotation
apr037#1	HLA-DRB5	1	0	0	no_gene_sequence_annotation_not_proven_absence	1	1	assembly_or_reference	DR_DQ_candidate_novel_annotation
apr037#2	HLA-A	1	1	1		1	1	assembly_or_reference	DR_DQ_candidate_novel_annotation;downstream_graph_clipping_loss
apr037#2	HLA-B	1	1	1		1	1	assembly_or_reference	DR_DQ_candidate_novel_annotation;downstream_graph_clipping_loss
apr037#2	HLA-C	1	1	1		1	1	assembly_or_reference	DR_DQ_candidate_novel_annotation;downstream_graph_clipping_loss
apr037#2	HLA-DRB1	1	1	1		1	1	assembly_or_reference	DR_DQ_candidate_novel_annotation;downstream_graph_clipping_loss
apr037#2	HLA-DQA1	1	1	1		1	1	assembly_or_reference	DR_DQ_candidate_novel_annotation;downstream_graph_clipping_loss
apr037#2	HLA-DQB1	1	1	1		1	1	assembly_or_reference	DR_DQ_candidate_novel_annotation;downstream_graph_clipping_loss
apr037#2	HLA-DPA1	1	1	1		1	1	assembly_or_reference	DR_DQ_candidate_novel_annotation;downstream_graph_clipping_loss
apr037#2	HLA-DPB1	1	1	1		1	1	assembly_or_reference	DR_DQ_candidate_novel_annotation;downstream_graph_clipping_loss
apr037#2	HLA-DRB3	1	0	0	no_gene_sequence_annotation_not_proven_absence	1	1	assembly_or_reference	DR_DQ_candidate_novel_annotation;downstream_graph_clipping_loss
apr037#2	HLA-DRB4	1	0	0	no_gene_sequence_annotation_not_proven_absence	1	1	assembly_or_reference	DR_DQ_candidate_novel_annotation;downstream_graph_clipping_loss
apr037#2	HLA-DRB5	1	1	1		1	1	assembly_or_reference	DR_DQ_candidate_novel_annotation;downstream_graph_clipping_loss
apr038#1	HLA-A	1	1	1		1	0	assembly_or_reference	DR_DQ_candidate_novel_annotation
apr038#1	HLA-B	1	1	1		1	0	assembly_or_reference	DR_DQ_candidate_novel_annotation
apr038#1	HLA-C	1	1	1		1	0	assembly_or_reference	DR_DQ_candidate_novel_annotation
apr038#1	HLA-DRB1	1	1	0	no_current_exact_cds_match	1	0	assembly_or_reference	DR_DQ_candidate_novel_annotation
apr038#1	HLA-DQA1	1	1	1		1	0	assembly_or_reference	DR_DQ_candidate_novel_annotation
apr038#1	HLA-DQB1	1	1	1		1	0	assembly_or_reference	DR_DQ_candidate_novel_annotation
apr038#1	HLA-DPA1	1	1	0	no_current_exact_cds_match	1	0	assembly_or_reference	DR_DQ_candidate_novel_annotation
apr038#1	HLA-DPB1	1	1	1		1	0	assembly_or_reference	DR_DQ_candidate_novel_annotation
apr038#1	HLA-DRB3	1	0	0	no_gene_sequence_annotation_not_proven_absence	1	0	assembly_or_reference	DR_DQ_candidate_novel_annotation
apr038#1	HLA-DRB4	1	0	0	no_gene_sequence_annotation_not_proven_absence	1	0	assembly_or_reference	DR_DQ_candidate_novel_annotation
apr038#1	HLA-DRB5	1	0	0	no_gene_sequence_annotation_not_proven_absence	1	0	assembly_or_reference	DR_DQ_candidate_novel_annotation
apr038#2	HLA-A	1	1	1		1	1	assembly_or_reference	DR_DQ_candidate_novel_annotation;downstream_graph_clipping_loss
apr038#2	HLA-B	1	1	1		1	1	assembly_or_reference	DR_DQ_candidate_novel_annotation;downstream_graph_clipping_loss
apr038#2	HLA-C	1	1	1		1	1	assembly_or_reference	DR_DQ_candidate_novel_annotation;downstream_graph_clipping_loss
apr038#2	HLA-DRB1	1	1	1		1	1	assembly_or_reference	DR_DQ_candidate_novel_annotation;downstream_graph_clipping_loss
apr038#2	HLA-DQA1	1	1	1		1	1	assembly_or_reference	DR_DQ_candidate_novel_annotation;downstream_graph_clipping_loss
apr038#2	HLA-DQB1	1	1	1		1	1	assembly_or_reference	DR_DQ_candidate_novel_annotation;downstream_graph_clipping_loss
apr038#2	HLA-DPA1	1	1	1		1	1	assembly_or_reference	DR_DQ_candidate_novel_annotation;downstream_graph_clipping_loss
apr038#2	HLA-DPB1	1	1	1		1	1	assembly_or_reference	DR_DQ_candidate_novel_annotation;downstream_graph_clipping_loss
apr038#2	HLA-DRB3	1	1	1		1	1	assembly_or_reference	DR_DQ_candidate_novel_annotation;downstream_graph_clipping_loss
apr038#2	HLA-DRB4	1	0	0	no_gene_sequence_annotation_not_proven_absence	1	1	assembly_or_reference	DR_DQ_candidate_novel_annotation;downstream_graph_clipping_loss
apr038#2	HLA-DRB5	1	0	0	no_gene_sequence_annotation_not_proven_absence	1	1	assembly_or_reference	DR_DQ_candidate_novel_annotation;downstream_graph_clipping_loss
apr039#1	HLA-A	1	1	1		1	1	assembly_or_reference	DR_DQ_candidate_novel_annotation
apr039#1	HLA-B	1	1	1		1	1	assembly_or_reference	DR_DQ_candidate_novel_annotation
apr039#1	HLA-C	1	1	1		1	1	assembly_or_reference	DR_DQ_candidate_novel_annotation
apr039#1	HLA-DRB1	1	1	1		1	1	assembly_or_reference	DR_DQ_candidate_novel_annotation
apr039#1	HLA-DQA1	1	1	1		1	1	assembly_or_reference	DR_DQ_candidate_novel_annotation
apr039#1	HLA-DQB1	1	1	1		1	1	assembly_or_reference	DR_DQ_candidate_novel_annotation
apr039#1	HLA-DPA1	1	1	1		1	1	assembly_or_reference	DR_DQ_candidate_novel_annotation
apr039#1	HLA-DPB1	1	1	1		1	1	assembly_or_reference	DR_DQ_candidate_novel_annotation
apr039#1	HLA-DRB3	1	0	0	no_gene_sequence_annotation_not_proven_absence	1	1	assembly_or_reference	DR_DQ_candidate_novel_annotation
apr039#1	HLA-DRB4	1	0	0	no_gene_sequence_annotation_not_proven_absence	1	1	assembly_or_reference	DR_DQ_candidate_novel_annotation
apr039#1	HLA-DRB5	1	1	1		1	1	assembly_or_reference	DR_DQ_candidate_novel_annotation
apr039#2	HLA-A	1	1	1		1	1	assembly_or_reference	
apr039#2	HLA-B	1	1	1		1	1	assembly_or_reference	
apr039#2	HLA-C	1	1	1		1	1	assembly_or_reference	
apr039#2	HLA-DRB1	1	1	1		1	1	assembly_or_reference	
apr039#2	HLA-DQA1	1	1	1		1	1	assembly_or_reference	
apr039#2	HLA-DQB1	1	1	1		1	1	assembly_or_reference	
apr039#2	HLA-DPA1	1	1	1		1	1	assembly_or_reference	
apr039#2	HLA-DPB1	1	1	1		1	1	assembly_or_reference	
apr039#2	HLA-DRB3	1	0	0	no_gene_sequence_annotation_not_proven_absence	1	1	assembly_or_reference	
apr039#2	HLA-DRB4	1	0	0	no_gene_sequence_annotation_not_proven_absence	1	1	assembly_or_reference	
apr039#2	HLA-DRB5	1	0	0	no_gene_sequence_annotation_not_proven_absence	1	1	assembly_or_reference	
apr040#1	HLA-A	1	1	1		1	1	assembly_or_reference	downstream_graph_clipping_loss
apr040#1	HLA-B	1	1	1		1	1	assembly_or_reference	downstream_graph_clipping_loss
apr040#1	HLA-C	1	1	1		1	1	assembly_or_reference	downstream_graph_clipping_loss
apr040#1	HLA-DRB1	1	1	1		1	1	assembly_or_reference	downstream_graph_clipping_loss
apr040#1	HLA-DQA1	1	1	1		1	1	assembly_or_reference	downstream_graph_clipping_loss
apr040#1	HLA-DQB1	1	1	1		1	1	assembly_or_reference	downstream_graph_clipping_loss
apr040#1	HLA-DPA1	1	1	1		1	1	assembly_or_reference	downstream_graph_clipping_loss
apr040#1	HLA-DPB1	1	1	1		1	1	assembly_or_reference	downstream_graph_clipping_loss
apr040#1	HLA-DRB3	1	0	0	no_gene_sequence_annotation_not_proven_absence	1	1	assembly_or_reference	downstream_graph_clipping_loss
apr040#1	HLA-DRB4	1	0	0	no_gene_sequence_annotation_not_proven_absence	1	1	assembly_or_reference	downstream_graph_clipping_loss
apr040#1	HLA-DRB5	1	1	1		1	1	assembly_or_reference	downstream_graph_clipping_loss
apr040#2	HLA-A	1	1	1		1	1	assembly_or_reference	DR_DQ_candidate_novel_annotation;downstream_graph_clipping_loss
apr040#2	HLA-B	1	1	1		1	1	assembly_or_reference	DR_DQ_candidate_novel_annotation;downstream_graph_clipping_loss
apr040#2	HLA-C	1	1	1		1	1	assembly_or_reference	DR_DQ_candidate_novel_annotation;downstream_graph_clipping_loss
apr040#2	HLA-DRB1	1	1	1		1	1	assembly_or_reference	DR_DQ_candidate_novel_annotation;downstream_graph_clipping_loss
apr040#2	HLA-DQA1	1	1	1		1	1	assembly_or_reference	DR_DQ_candidate_novel_annotation;downstream_graph_clipping_loss
apr040#2	HLA-DQB1	1	1	1		1	1	assembly_or_reference	DR_DQ_candidate_novel_annotation;downstream_graph_clipping_loss
apr040#2	HLA-DPA1	1	1	1		1	1	assembly_or_reference	DR_DQ_candidate_novel_annotation;downstream_graph_clipping_loss
apr040#2	HLA-DPB1	1	1	1		1	1	assembly_or_reference	DR_DQ_candidate_novel_annotation;downstream_graph_clipping_loss
apr040#2	HLA-DRB3	1	0	0	no_gene_sequence_annotation_not_proven_absence	1	1	assembly_or_reference	DR_DQ_candidate_novel_annotation;downstream_graph_clipping_loss
apr040#2	HLA-DRB4	1	0	0	no_gene_sequence_annotation_not_proven_absence	1	1	assembly_or_reference	DR_DQ_candidate_novel_annotation;downstream_graph_clipping_loss
apr040#2	HLA-DRB5	1	1	1		1	1	assembly_or_reference	DR_DQ_candidate_novel_annotation;downstream_graph_clipping_loss
apr041#1	HLA-A	1	1	1		1	1	assembly_or_reference	DR_DQ_candidate_novel_annotation;downstream_graph_clipping_loss
apr041#1	HLA-B	1	1	1		1	1	assembly_or_reference	DR_DQ_candidate_novel_annotation;downstream_graph_clipping_loss
apr041#1	HLA-C	1	1	1		1	1	assembly_or_reference	DR_DQ_candidate_novel_annotation;downstream_graph_clipping_loss
apr041#1	HLA-DRB1	1	1	1		1	1	assembly_or_reference	DR_DQ_candidate_novel_annotation;downstream_graph_clipping_loss
apr041#1	HLA-DQA1	1	1	1		1	1	assembly_or_reference	DR_DQ_candidate_novel_annotation;downstream_graph_clipping_loss
apr041#1	HLA-DQB1	1	1	1		1	1	assembly_or_reference	DR_DQ_candidate_novel_annotation;downstream_graph_clipping_loss
apr041#1	HLA-DPA1	1	1	1		1	1	assembly_or_reference	DR_DQ_candidate_novel_annotation;downstream_graph_clipping_loss
apr041#1	HLA-DPB1	1	1	1		1	1	assembly_or_reference	DR_DQ_candidate_novel_annotation;downstream_graph_clipping_loss
apr041#1	HLA-DRB3	1	1	1		1	1	assembly_or_reference	DR_DQ_candidate_novel_annotation;downstream_graph_clipping_loss
apr041#1	HLA-DRB4	1	0	0	no_gene_sequence_annotation_not_proven_absence	1	1	assembly_or_reference	DR_DQ_candidate_novel_annotation;downstream_graph_clipping_loss
apr041#1	HLA-DRB5	1	0	0	no_gene_sequence_annotation_not_proven_absence	1	1	assembly_or_reference	DR_DQ_candidate_novel_annotation;downstream_graph_clipping_loss
apr041#2	HLA-A	1	1	1		1	1	assembly_or_reference	
apr041#2	HLA-B	1	1	1		1	1	assembly_or_reference	
apr041#2	HLA-C	1	1	1		1	1	assembly_or_reference	
apr041#2	HLA-DRB1	1	1	1		1	1	assembly_or_reference	
apr041#2	HLA-DQA1	1	1	1		1	1	assembly_or_reference	
apr041#2	HLA-DQB1	1	1	1		1	1	assembly_or_reference	
apr041#2	HLA-DPA1	1	1	1		1	1	assembly_or_reference	
apr041#2	HLA-DPB1	1	1	1		1	1	assembly_or_reference	
apr041#2	HLA-DRB3	1	0	0	no_gene_sequence_annotation_not_proven_absence	1	1	assembly_or_reference	
apr041#2	HLA-DRB4	1	0	0	no_gene_sequence_annotation_not_proven_absence	1	1	assembly_or_reference	
apr041#2	HLA-DRB5	1	1	1		1	1	assembly_or_reference	
apr042#1	HLA-A	1	1	1		1	1	assembly_or_reference	
apr042#1	HLA-B	1	1	1		1	1	assembly_or_reference	
apr042#1	HLA-C	1	1	1		1	1	assembly_or_reference	
apr042#1	HLA-DRB1	1	1	1		1	1	assembly_or_reference	
apr042#1	HLA-DQA1	1	1	1		1	1	assembly_or_reference	
apr042#1	HLA-DQB1	1	1	1		1	1	assembly_or_reference	
apr042#1	HLA-DPA1	1	1	1		1	1	assembly_or_reference	
apr042#1	HLA-DPB1	1	1	1		1	1	assembly_or_reference	
apr042#1	HLA-DRB3	1	1	1		1	1	assembly_or_reference	
apr042#1	HLA-DRB4	1	0	0	no_gene_sequence_annotation_not_proven_absence	1	1	assembly_or_reference	
apr042#1	HLA-DRB5	1	0	0	no_gene_sequence_annotation_not_proven_absence	1	1	assembly_or_reference	
apr042#2	HLA-A	1	1	1		1	1	assembly_or_reference	DR_DQ_candidate_novel_annotation
apr042#2	HLA-B	1	1	1		1	1	assembly_or_reference	DR_DQ_candidate_novel_annotation
apr042#2	HLA-C	1	1	1		1	1	assembly_or_reference	DR_DQ_candidate_novel_annotation
apr042#2	HLA-DRB1	1	1	1		1	1	assembly_or_reference	DR_DQ_candidate_novel_annotation
apr042#2	HLA-DQA1	1	1	1		1	1	assembly_or_reference	DR_DQ_candidate_novel_annotation
apr042#2	HLA-DQB1	1	1	1		1	1	assembly_or_reference	DR_DQ_candidate_novel_annotation
apr042#2	HLA-DPA1	1	1	1		1	1	assembly_or_reference	DR_DQ_candidate_novel_annotation
apr042#2	HLA-DPB1	1	1	1		1	1	assembly_or_reference	DR_DQ_candidate_novel_annotation
apr042#2	HLA-DRB3	1	1	1		1	1	assembly_or_reference	DR_DQ_candidate_novel_annotation
apr042#2	HLA-DRB4	1	0	0	no_gene_sequence_annotation_not_proven_absence	1	1	assembly_or_reference	DR_DQ_candidate_novel_annotation
apr042#2	HLA-DRB5	1	0	0	no_gene_sequence_annotation_not_proven_absence	1	1	assembly_or_reference	DR_DQ_candidate_novel_annotation
apr043#1	HLA-A	1	1	1		1	1	assembly_or_reference	DR_DQ_candidate_novel_annotation;downstream_graph_clipping_loss
apr043#1	HLA-B	1	1	1		1	1	assembly_or_reference	DR_DQ_candidate_novel_annotation;downstream_graph_clipping_loss
apr043#1	HLA-C	1	1	1		1	1	assembly_or_reference	DR_DQ_candidate_novel_annotation;downstream_graph_clipping_loss
apr043#1	HLA-DRB1	1	1	1		1	1	assembly_or_reference	DR_DQ_candidate_novel_annotation;downstream_graph_clipping_loss
apr043#1	HLA-DQA1	1	1	1		1	1	assembly_or_reference	DR_DQ_candidate_novel_annotation;downstream_graph_clipping_loss
apr043#1	HLA-DQB1	1	1	1		1	1	assembly_or_reference	DR_DQ_candidate_novel_annotation;downstream_graph_clipping_loss
apr043#1	HLA-DPA1	1	1	1		1	1	assembly_or_reference	DR_DQ_candidate_novel_annotation;downstream_graph_clipping_loss
apr043#1	HLA-DPB1	1	1	1		1	1	assembly_or_reference	DR_DQ_candidate_novel_annotation;downstream_graph_clipping_loss
apr043#1	HLA-DRB3	1	1	1		1	1	assembly_or_reference	DR_DQ_candidate_novel_annotation;downstream_graph_clipping_loss
apr043#1	HLA-DRB4	1	0	0	no_gene_sequence_annotation_not_proven_absence	1	1	assembly_or_reference	DR_DQ_candidate_novel_annotation;downstream_graph_clipping_loss
apr043#1	HLA-DRB5	1	0	0	no_gene_sequence_annotation_not_proven_absence	1	1	assembly_or_reference	DR_DQ_candidate_novel_annotation;downstream_graph_clipping_loss
apr043#2	HLA-A	1	1	1		1	1	assembly_or_reference	DR_DQ_candidate_novel_annotation
apr043#2	HLA-B	1	1	1		1	1	assembly_or_reference	DR_DQ_candidate_novel_annotation
apr043#2	HLA-C	1	1	1		1	1	assembly_or_reference	DR_DQ_candidate_novel_annotation
apr043#2	HLA-DRB1	1	1	1		1	1	assembly_or_reference	DR_DQ_candidate_novel_annotation
apr043#2	HLA-DQA1	1	1	1		1	1	assembly_or_reference	DR_DQ_candidate_novel_annotation
apr043#2	HLA-DQB1	1	1	1		1	1	assembly_or_reference	DR_DQ_candidate_novel_annotation
apr043#2	HLA-DPA1	1	1	1		1	1	assembly_or_reference	DR_DQ_candidate_novel_annotation
apr043#2	HLA-DPB1	1	1	1		1	1	assembly_or_reference	DR_DQ_candidate_novel_annotation
apr043#2	HLA-DRB3	1	0	0	no_gene_sequence_annotation_not_proven_absence	1	1	assembly_or_reference	DR_DQ_candidate_novel_annotation
apr043#2	HLA-DRB4	1	1	1		1	1	assembly_or_reference	DR_DQ_candidate_novel_annotation
apr043#2	HLA-DRB5	1	0	0	no_gene_sequence_annotation_not_proven_absence	1	1	assembly_or_reference	DR_DQ_candidate_novel_annotation
apr044#1	HLA-A	1	1	1		1	1	assembly_or_reference	DR_DQ_candidate_novel_annotation
apr044#1	HLA-B	1	1	1		1	1	assembly_or_reference	DR_DQ_candidate_novel_annotation
apr044#1	HLA-C	1	1	1		1	1	assembly_or_reference	DR_DQ_candidate_novel_annotation
apr044#1	HLA-DRB1	1	1	1		1	1	assembly_or_reference	DR_DQ_candidate_novel_annotation
apr044#1	HLA-DQA1	1	1	1		1	1	assembly_or_reference	DR_DQ_candidate_novel_annotation
apr044#1	HLA-DQB1	1	1	1		1	1	assembly_or_reference	DR_DQ_candidate_novel_annotation
apr044#1	HLA-DPA1	1	1	1		1	1	assembly_or_reference	DR_DQ_candidate_novel_annotation
apr044#1	HLA-DPB1	1	1	1		1	1	assembly_or_reference	DR_DQ_candidate_novel_annotation
apr044#1	HLA-DRB3	1	0	0	no_gene_sequence_annotation_not_proven_absence	1	1	assembly_or_reference	DR_DQ_candidate_novel_annotation
apr044#1	HLA-DRB4	1	0	0	no_gene_sequence_annotation_not_proven_absence	1	1	assembly_or_reference	DR_DQ_candidate_novel_annotation
apr044#1	HLA-DRB5	1	1	1		1	1	assembly_or_reference	DR_DQ_candidate_novel_annotation
apr044#2	HLA-A	1	1	1		1	1	assembly_or_reference	DR_DQ_candidate_novel_annotation
apr044#2	HLA-B	1	1	1		1	1	assembly_or_reference	DR_DQ_candidate_novel_annotation
apr044#2	HLA-C	1	1	1		1	1	assembly_or_reference	DR_DQ_candidate_novel_annotation
apr044#2	HLA-DRB1	1	1	1		1	1	assembly_or_reference	DR_DQ_candidate_novel_annotation
apr044#2	HLA-DQA1	1	1	1		1	1	assembly_or_reference	DR_DQ_candidate_novel_annotation
apr044#2	HLA-DQB1	1	1	1		1	1	assembly_or_reference	DR_DQ_candidate_novel_annotation
apr044#2	HLA-DPA1	1	1	1		1	1	assembly_or_reference	DR_DQ_candidate_novel_annotation
apr044#2	HLA-DPB1	1	1	1		1	1	assembly_or_reference	DR_DQ_candidate_novel_annotation
apr044#2	HLA-DRB3	1	1	1		1	1	assembly_or_reference	DR_DQ_candidate_novel_annotation
apr044#2	HLA-DRB4	1	0	0	no_gene_sequence_annotation_not_proven_absence	1	1	assembly_or_reference	DR_DQ_candidate_novel_annotation
apr044#2	HLA-DRB5	1	0	0	no_gene_sequence_annotation_not_proven_absence	1	1	assembly_or_reference	DR_DQ_candidate_novel_annotation
apr045#1	HLA-A	1	1	1		1	1	assembly_or_reference	DR_DQ_candidate_novel_annotation
apr045#1	HLA-B	1	1	1		1	1	assembly_or_reference	DR_DQ_candidate_novel_annotation
apr045#1	HLA-C	1	1	1		1	1	assembly_or_reference	DR_DQ_candidate_novel_annotation
apr045#1	HLA-DRB1	1	1	1		1	1	assembly_or_reference	DR_DQ_candidate_novel_annotation
apr045#1	HLA-DQA1	1	1	1		1	1	assembly_or_reference	DR_DQ_candidate_novel_annotation
apr045#1	HLA-DQB1	1	1	1		1	1	assembly_or_reference	DR_DQ_candidate_novel_annotation
apr045#1	HLA-DPA1	1	1	1		1	1	assembly_or_reference	DR_DQ_candidate_novel_annotation
apr045#1	HLA-DPB1	1	1	1		1	1	assembly_or_reference	DR_DQ_candidate_novel_annotation
apr045#1	HLA-DRB3	1	1	1		1	1	assembly_or_reference	DR_DQ_candidate_novel_annotation
apr045#1	HLA-DRB4	1	0	0	no_gene_sequence_annotation_not_proven_absence	1	1	assembly_or_reference	DR_DQ_candidate_novel_annotation
apr045#1	HLA-DRB5	1	0	0	no_gene_sequence_annotation_not_proven_absence	1	1	assembly_or_reference	DR_DQ_candidate_novel_annotation
apr045#2	HLA-A	1	1	1		1	1	assembly_or_reference	DR_DQ_candidate_novel_annotation
apr045#2	HLA-B	1	1	1		1	1	assembly_or_reference	DR_DQ_candidate_novel_annotation
apr045#2	HLA-C	1	1	1		1	1	assembly_or_reference	DR_DQ_candidate_novel_annotation
apr045#2	HLA-DRB1	1	1	1		1	1	assembly_or_reference	DR_DQ_candidate_novel_annotation
apr045#2	HLA-DQA1	1	1	1		1	1	assembly_or_reference	DR_DQ_candidate_novel_annotation
apr045#2	HLA-DQB1	1	1	1		1	1	assembly_or_reference	DR_DQ_candidate_novel_annotation
apr045#2	HLA-DPA1	1	1	1		1	1	assembly_or_reference	DR_DQ_candidate_novel_annotation
apr045#2	HLA-DPB1	1	1	1		1	1	assembly_or_reference	DR_DQ_candidate_novel_annotation
apr045#2	HLA-DRB3	1	0	0	no_gene_sequence_annotation_not_proven_absence	1	1	assembly_or_reference	DR_DQ_candidate_novel_annotation
apr045#2	HLA-DRB4	1	1	1		1	1	assembly_or_reference	DR_DQ_candidate_novel_annotation
apr045#2	HLA-DRB5	1	0	0	no_gene_sequence_annotation_not_proven_absence	1	1	assembly_or_reference	DR_DQ_candidate_novel_annotation
apr046#1	HLA-A	1	1	1		1	1	assembly_or_reference	DR_DQ_candidate_novel_annotation
apr046#1	HLA-B	1	1	1		1	1	assembly_or_reference	DR_DQ_candidate_novel_annotation
apr046#1	HLA-C	1	1	1		1	1	assembly_or_reference	DR_DQ_candidate_novel_annotation
apr046#1	HLA-DRB1	1	1	1		1	1	assembly_or_reference	DR_DQ_candidate_novel_annotation
apr046#1	HLA-DQA1	1	1	1		1	1	assembly_or_reference	DR_DQ_candidate_novel_annotation
apr046#1	HLA-DQB1	1	1	1		1	1	assembly_or_reference	DR_DQ_candidate_novel_annotation
apr046#1	HLA-DPA1	1	1	1		1	1	assembly_or_reference	DR_DQ_candidate_novel_annotation
apr046#1	HLA-DPB1	1	1	1		1	1	assembly_or_reference	DR_DQ_candidate_novel_annotation
apr046#1	HLA-DRB3	1	1	1		1	1	assembly_or_reference	DR_DQ_candidate_novel_annotation
apr046#1	HLA-DRB4	1	0	0	no_gene_sequence_annotation_not_proven_absence	1	1	assembly_or_reference	DR_DQ_candidate_novel_annotation
apr046#1	HLA-DRB5	1	0	0	no_gene_sequence_annotation_not_proven_absence	1	1	assembly_or_reference	DR_DQ_candidate_novel_annotation
apr046#2	HLA-A	1	1	1		1	1	assembly_or_reference	DR_DQ_candidate_novel_annotation
apr046#2	HLA-B	1	1	1		1	1	assembly_or_reference	DR_DQ_candidate_novel_annotation
apr046#2	HLA-C	1	1	1		1	1	assembly_or_reference	DR_DQ_candidate_novel_annotation
apr046#2	HLA-DRB1	1	1	1		1	1	assembly_or_reference	DR_DQ_candidate_novel_annotation
apr046#2	HLA-DQA1	1	1	1		1	1	assembly_or_reference	DR_DQ_candidate_novel_annotation
apr046#2	HLA-DQB1	1	1	1		1	1	assembly_or_reference	DR_DQ_candidate_novel_annotation
apr046#2	HLA-DPA1	1	1	1		1	1	assembly_or_reference	DR_DQ_candidate_novel_annotation
apr046#2	HLA-DPB1	1	1	1		1	1	assembly_or_reference	DR_DQ_candidate_novel_annotation
apr046#2	HLA-DRB3	1	1	1		1	1	assembly_or_reference	DR_DQ_candidate_novel_annotation
apr046#2	HLA-DRB4	1	0	0	no_gene_sequence_annotation_not_proven_absence	1	1	assembly_or_reference	DR_DQ_candidate_novel_annotation
apr046#2	HLA-DRB5	1	0	0	no_gene_sequence_annotation_not_proven_absence	1	1	assembly_or_reference	DR_DQ_candidate_novel_annotation
apr047#1	HLA-A	1	1	1		1	1	assembly_or_reference	DR_DQ_candidate_novel_annotation;downstream_graph_clipping_loss
apr047#1	HLA-B	1	1	1		1	1	assembly_or_reference	DR_DQ_candidate_novel_annotation;downstream_graph_clipping_loss
apr047#1	HLA-C	1	1	1		1	1	assembly_or_reference	DR_DQ_candidate_novel_annotation;downstream_graph_clipping_loss
apr047#1	HLA-DRB1	1	1	1		1	1	assembly_or_reference	DR_DQ_candidate_novel_annotation;downstream_graph_clipping_loss
apr047#1	HLA-DQA1	1	1	1		1	1	assembly_or_reference	DR_DQ_candidate_novel_annotation;downstream_graph_clipping_loss
apr047#1	HLA-DQB1	1	1	1		1	1	assembly_or_reference	DR_DQ_candidate_novel_annotation;downstream_graph_clipping_loss
apr047#1	HLA-DPA1	1	1	1		1	1	assembly_or_reference	DR_DQ_candidate_novel_annotation;downstream_graph_clipping_loss
apr047#1	HLA-DPB1	1	1	1		1	1	assembly_or_reference	DR_DQ_candidate_novel_annotation;downstream_graph_clipping_loss
apr047#1	HLA-DRB3	1	0	0	no_gene_sequence_annotation_not_proven_absence	1	1	assembly_or_reference	DR_DQ_candidate_novel_annotation;downstream_graph_clipping_loss
apr047#1	HLA-DRB4	1	1	1		1	1	assembly_or_reference	DR_DQ_candidate_novel_annotation;downstream_graph_clipping_loss
apr047#1	HLA-DRB5	1	0	0	no_gene_sequence_annotation_not_proven_absence	1	1	assembly_or_reference	DR_DQ_candidate_novel_annotation;downstream_graph_clipping_loss
apr047#2	HLA-A	1	1	1		1	1	assembly_or_reference	DR_DQ_candidate_novel_annotation
apr047#2	HLA-B	1	1	1		1	1	assembly_or_reference	DR_DQ_candidate_novel_annotation
apr047#2	HLA-C	1	1	1		1	1	assembly_or_reference	DR_DQ_candidate_novel_annotation
apr047#2	HLA-DRB1	1	1	1		1	1	assembly_or_reference	DR_DQ_candidate_novel_annotation
apr047#2	HLA-DQA1	1	1	1		1	1	assembly_or_reference	DR_DQ_candidate_novel_annotation
apr047#2	HLA-DQB1	1	1	1		1	1	assembly_or_reference	DR_DQ_candidate_novel_annotation
apr047#2	HLA-DPA1	1	1	1		1	1	assembly_or_reference	DR_DQ_candidate_novel_annotation
apr047#2	HLA-DPB1	1	1	1		1	1	assembly_or_reference	DR_DQ_candidate_novel_annotation
apr047#2	HLA-DRB3	1	0	0	no_gene_sequence_annotation_not_proven_absence	1	1	assembly_or_reference	DR_DQ_candidate_novel_annotation
apr047#2	HLA-DRB4	1	0	0	no_gene_sequence_annotation_not_proven_absence	1	1	assembly_or_reference	DR_DQ_candidate_novel_annotation
apr047#2	HLA-DRB5	1	1	1		1	1	assembly_or_reference	DR_DQ_candidate_novel_annotation
apr048#1	HLA-A	1	1	1		1	1	assembly_or_reference	DR_DQ_candidate_novel_annotation
apr048#1	HLA-B	1	1	1		1	1	assembly_or_reference	DR_DQ_candidate_novel_annotation
apr048#1	HLA-C	1	1	1		1	1	assembly_or_reference	DR_DQ_candidate_novel_annotation
apr048#1	HLA-DRB1	1	1	1		1	1	assembly_or_reference	DR_DQ_candidate_novel_annotation
apr048#1	HLA-DQA1	1	1	1		1	1	assembly_or_reference	DR_DQ_candidate_novel_annotation
apr048#1	HLA-DQB1	1	1	1		1	1	assembly_or_reference	DR_DQ_candidate_novel_annotation
apr048#1	HLA-DPA1	1	1	1		1	1	assembly_or_reference	DR_DQ_candidate_novel_annotation
apr048#1	HLA-DPB1	1	1	1		1	1	assembly_or_reference	DR_DQ_candidate_novel_annotation
apr048#1	HLA-DRB3	1	0	0	no_gene_sequence_annotation_not_proven_absence	1	1	assembly_or_reference	DR_DQ_candidate_novel_annotation
apr048#1	HLA-DRB4	1	0	0	no_gene_sequence_annotation_not_proven_absence	1	1	assembly_or_reference	DR_DQ_candidate_novel_annotation
apr048#1	HLA-DRB5	1	1	1		1	1	assembly_or_reference	DR_DQ_candidate_novel_annotation
apr048#2	HLA-A	1	1	1		1	1	assembly_or_reference	DR_DQ_candidate_novel_annotation
apr048#2	HLA-B	1	1	1		1	1	assembly_or_reference	DR_DQ_candidate_novel_annotation
apr048#2	HLA-C	1	1	1		1	1	assembly_or_reference	DR_DQ_candidate_novel_annotation
apr048#2	HLA-DRB1	1	1	1		1	1	assembly_or_reference	DR_DQ_candidate_novel_annotation
apr048#2	HLA-DQA1	1	1	1		1	1	assembly_or_reference	DR_DQ_candidate_novel_annotation
apr048#2	HLA-DQB1	1	1	1		1	1	assembly_or_reference	DR_DQ_candidate_novel_annotation
apr048#2	HLA-DPA1	1	1	1		1	1	assembly_or_reference	DR_DQ_candidate_novel_annotation
apr048#2	HLA-DPB1	1	1	1		1	1	assembly_or_reference	DR_DQ_candidate_novel_annotation
apr048#2	HLA-DRB3	1	0	0	no_gene_sequence_annotation_not_proven_absence	1	1	assembly_or_reference	DR_DQ_candidate_novel_annotation
apr048#2	HLA-DRB4	1	0	0	no_gene_sequence_annotation_not_proven_absence	1	1	assembly_or_reference	DR_DQ_candidate_novel_annotation
apr048#2	HLA-DRB5	1	1	1		1	1	assembly_or_reference	DR_DQ_candidate_novel_annotation
apr049#1	HLA-A	1	1	1		1	1	assembly_or_reference	DR_DQ_candidate_novel_annotation
apr049#1	HLA-B	1	1	1		1	1	assembly_or_reference	DR_DQ_candidate_novel_annotation
apr049#1	HLA-C	1	1	1		1	1	assembly_or_reference	DR_DQ_candidate_novel_annotation
apr049#1	HLA-DRB1	1	1	1		1	1	assembly_or_reference	DR_DQ_candidate_novel_annotation
apr049#1	HLA-DQA1	1	1	1		1	1	assembly_or_reference	DR_DQ_candidate_novel_annotation
apr049#1	HLA-DQB1	1	1	1		1	1	assembly_or_reference	DR_DQ_candidate_novel_annotation
apr049#1	HLA-DPA1	1	1	1		1	1	assembly_or_reference	DR_DQ_candidate_novel_annotation
apr049#1	HLA-DPB1	1	1	1		1	1	assembly_or_reference	DR_DQ_candidate_novel_annotation
apr049#1	HLA-DRB3	1	0	0	no_gene_sequence_annotation_not_proven_absence	1	1	assembly_or_reference	DR_DQ_candidate_novel_annotation
apr049#1	HLA-DRB4	1	0	0	no_gene_sequence_annotation_not_proven_absence	1	1	assembly_or_reference	DR_DQ_candidate_novel_annotation
apr049#1	HLA-DRB5	1	1	1		1	1	assembly_or_reference	DR_DQ_candidate_novel_annotation
apr049#2	HLA-A	1	1	1		1	1	assembly_or_reference	DR_DQ_candidate_novel_annotation;downstream_graph_clipping_loss
apr049#2	HLA-B	1	1	1		1	1	assembly_or_reference	DR_DQ_candidate_novel_annotation;downstream_graph_clipping_loss
apr049#2	HLA-C	1	1	1		1	1	assembly_or_reference	DR_DQ_candidate_novel_annotation;downstream_graph_clipping_loss
apr049#2	HLA-DRB1	1	1	1		1	1	assembly_or_reference	DR_DQ_candidate_novel_annotation;downstream_graph_clipping_loss
apr049#2	HLA-DQA1	1	1	1		1	1	assembly_or_reference	DR_DQ_candidate_novel_annotation;downstream_graph_clipping_loss
apr049#2	HLA-DQB1	1	1	1		1	1	assembly_or_reference	DR_DQ_candidate_novel_annotation;downstream_graph_clipping_loss
apr049#2	HLA-DPA1	1	1	1		1	1	assembly_or_reference	DR_DQ_candidate_novel_annotation;downstream_graph_clipping_loss
apr049#2	HLA-DPB1	1	1	1		1	1	assembly_or_reference	DR_DQ_candidate_novel_annotation;downstream_graph_clipping_loss
apr049#2	HLA-DRB3	1	0	0	no_gene_sequence_annotation_not_proven_absence	1	1	assembly_or_reference	DR_DQ_candidate_novel_annotation;downstream_graph_clipping_loss
apr049#2	HLA-DRB4	1	0	0	no_gene_sequence_annotation_not_proven_absence	1	1	assembly_or_reference	DR_DQ_candidate_novel_annotation;downstream_graph_clipping_loss
apr049#2	HLA-DRB5	1	1	1		1	1	assembly_or_reference	DR_DQ_candidate_novel_annotation;downstream_graph_clipping_loss
apr050#1	HLA-A	1	1	1		1	1	assembly_or_reference	DR_DQ_candidate_novel_annotation
apr050#1	HLA-B	1	1	1		1	1	assembly_or_reference	DR_DQ_candidate_novel_annotation
apr050#1	HLA-C	1	1	1		1	1	assembly_or_reference	DR_DQ_candidate_novel_annotation
apr050#1	HLA-DRB1	1	1	1		1	1	assembly_or_reference	DR_DQ_candidate_novel_annotation
apr050#1	HLA-DQA1	1	1	1		1	1	assembly_or_reference	DR_DQ_candidate_novel_annotation
apr050#1	HLA-DQB1	1	1	1		1	1	assembly_or_reference	DR_DQ_candidate_novel_annotation
apr050#1	HLA-DPA1	1	1	1		1	1	assembly_or_reference	DR_DQ_candidate_novel_annotation
apr050#1	HLA-DPB1	1	1	1		1	1	assembly_or_reference	DR_DQ_candidate_novel_annotation
apr050#1	HLA-DRB3	1	0	0	no_gene_sequence_annotation_not_proven_absence	1	1	assembly_or_reference	DR_DQ_candidate_novel_annotation
apr050#1	HLA-DRB4	1	1	1		1	1	assembly_or_reference	DR_DQ_candidate_novel_annotation
apr050#1	HLA-DRB5	1	0	0	no_gene_sequence_annotation_not_proven_absence	1	1	assembly_or_reference	DR_DQ_candidate_novel_annotation
apr050#2	HLA-A	1	1	1		1	1	assembly_or_reference	
apr050#2	HLA-B	1	1	1		1	1	assembly_or_reference	
apr050#2	HLA-C	1	1	1		1	1	assembly_or_reference	
apr050#2	HLA-DRB1	1	1	1		1	1	assembly_or_reference	
apr050#2	HLA-DQA1	1	1	1		1	1	assembly_or_reference	
apr050#2	HLA-DQB1	1	1	1		1	1	assembly_or_reference	
apr050#2	HLA-DPA1	1	1	1		1	1	assembly_or_reference	
apr050#2	HLA-DPB1	1	1	1		1	1	assembly_or_reference	
apr050#2	HLA-DRB3	1	1	1		1	1	assembly_or_reference	
apr050#2	HLA-DRB4	1	0	0	no_gene_sequence_annotation_not_proven_absence	1	1	assembly_or_reference	
apr050#2	HLA-DRB5	1	0	0	no_gene_sequence_annotation_not_proven_absence	1	1	assembly_or_reference	
apr051#1	HLA-A	1	1	1		1	1	assembly_or_reference	downstream_graph_clipping_loss
apr051#1	HLA-B	1	1	1		1	1	assembly_or_reference	downstream_graph_clipping_loss
apr051#1	HLA-C	1	1	1		1	1	assembly_or_reference	downstream_graph_clipping_loss
apr051#1	HLA-DRB1	1	1	1		1	1	assembly_or_reference	downstream_graph_clipping_loss
apr051#1	HLA-DQA1	1	1	1		1	1	assembly_or_reference	downstream_graph_clipping_loss
apr051#1	HLA-DQB1	1	1	1		1	1	assembly_or_reference	downstream_graph_clipping_loss
apr051#1	HLA-DPA1	1	1	1		1	1	assembly_or_reference	downstream_graph_clipping_loss
apr051#1	HLA-DPB1	1	1	1		1	1	assembly_or_reference	downstream_graph_clipping_loss
apr051#1	HLA-DRB3	1	0	0	no_gene_sequence_annotation_not_proven_absence	1	1	assembly_or_reference	downstream_graph_clipping_loss
apr051#1	HLA-DRB4	1	0	0	no_gene_sequence_annotation_not_proven_absence	1	1	assembly_or_reference	downstream_graph_clipping_loss
apr051#1	HLA-DRB5	1	1	1		1	1	assembly_or_reference	downstream_graph_clipping_loss
apr051#2	HLA-A	1	1	1		1	1	assembly_or_reference	DR_DQ_candidate_novel_annotation;downstream_graph_clipping_loss
apr051#2	HLA-B	1	1	1		1	1	assembly_or_reference	DR_DQ_candidate_novel_annotation;downstream_graph_clipping_loss
apr051#2	HLA-C	1	1	1		1	1	assembly_or_reference	DR_DQ_candidate_novel_annotation;downstream_graph_clipping_loss
apr051#2	HLA-DRB1	1	1	1		1	1	assembly_or_reference	DR_DQ_candidate_novel_annotation;downstream_graph_clipping_loss
apr051#2	HLA-DQA1	1	1	1		1	1	assembly_or_reference	DR_DQ_candidate_novel_annotation;downstream_graph_clipping_loss
apr051#2	HLA-DQB1	1	1	1		1	1	assembly_or_reference	DR_DQ_candidate_novel_annotation;downstream_graph_clipping_loss
apr051#2	HLA-DPA1	1	1	1		1	1	assembly_or_reference	DR_DQ_candidate_novel_annotation;downstream_graph_clipping_loss
apr051#2	HLA-DPB1	1	1	1		1	1	assembly_or_reference	DR_DQ_candidate_novel_annotation;downstream_graph_clipping_loss
apr051#2	HLA-DRB3	1	1	1		1	1	assembly_or_reference	DR_DQ_candidate_novel_annotation;downstream_graph_clipping_loss
apr051#2	HLA-DRB4	1	0	0	no_gene_sequence_annotation_not_proven_absence	1	1	assembly_or_reference	DR_DQ_candidate_novel_annotation;downstream_graph_clipping_loss
apr051#2	HLA-DRB5	1	0	0	no_gene_sequence_annotation_not_proven_absence	1	1	assembly_or_reference	DR_DQ_candidate_novel_annotation;downstream_graph_clipping_loss
apr52#1	HLA-A	1	1	1		1	0	assembly_or_reference	downstream_graph_clipping_loss
apr52#1	HLA-B	1	1	1		1	0	assembly_or_reference	downstream_graph_clipping_loss
apr52#1	HLA-C	1	1	1		1	0	assembly_or_reference	downstream_graph_clipping_loss
apr52#1	HLA-DRB1	1	1	1		1	0	assembly_or_reference	downstream_graph_clipping_loss
apr52#1	HLA-DQA1	1	1	1		1	0	assembly_or_reference	downstream_graph_clipping_loss
apr52#1	HLA-DQB1	1	1	1		1	0	assembly_or_reference	downstream_graph_clipping_loss
apr52#1	HLA-DPA1	1	1	1		1	0	assembly_or_reference	downstream_graph_clipping_loss
apr52#1	HLA-DPB1	1	1	1		1	0	assembly_or_reference	downstream_graph_clipping_loss
apr52#1	HLA-DRB3	1	0	0	no_gene_sequence_annotation_not_proven_absence	1	0	assembly_or_reference	downstream_graph_clipping_loss
apr52#1	HLA-DRB4	1	1	0	cds_completeness_or_abnormality	1	0	assembly_or_reference	downstream_graph_clipping_loss
apr52#1	HLA-DRB5	1	0	0	no_gene_sequence_annotation_not_proven_absence	1	0	assembly_or_reference	downstream_graph_clipping_loss
apr52#2	HLA-A	1	1	1		1	1	assembly_or_reference	DR_DQ_candidate_novel_annotation;downstream_graph_clipping_loss
apr52#2	HLA-B	1	1	1		1	1	assembly_or_reference	DR_DQ_candidate_novel_annotation;downstream_graph_clipping_loss
apr52#2	HLA-C	1	1	1		1	1	assembly_or_reference	DR_DQ_candidate_novel_annotation;downstream_graph_clipping_loss
apr52#2	HLA-DRB1	1	1	1		1	1	assembly_or_reference	DR_DQ_candidate_novel_annotation;downstream_graph_clipping_loss
apr52#2	HLA-DQA1	1	1	1		1	1	assembly_or_reference	DR_DQ_candidate_novel_annotation;downstream_graph_clipping_loss
apr52#2	HLA-DQB1	1	1	1		1	1	assembly_or_reference	DR_DQ_candidate_novel_annotation;downstream_graph_clipping_loss
apr52#2	HLA-DPA1	1	1	1		1	1	assembly_or_reference	DR_DQ_candidate_novel_annotation;downstream_graph_clipping_loss
apr52#2	HLA-DPB1	1	1	1		1	1	assembly_or_reference	DR_DQ_candidate_novel_annotation;downstream_graph_clipping_loss
apr52#2	HLA-DRB3	1	0	0	no_gene_sequence_annotation_not_proven_absence	1	1	assembly_or_reference	DR_DQ_candidate_novel_annotation;downstream_graph_clipping_loss
apr52#2	HLA-DRB4	1	1	1		1	1	assembly_or_reference	DR_DQ_candidate_novel_annotation;downstream_graph_clipping_loss
apr52#2	HLA-DRB5	1	0	0	no_gene_sequence_annotation_not_proven_absence	1	1	assembly_or_reference	DR_DQ_candidate_novel_annotation;downstream_graph_clipping_loss
chm13#0	HLA-A	0	1	0	reference_or_duplicate_source	0	0	assembly_or_reference	reference_not_independent_donor
chm13#0	HLA-B	0	1	0	reference_or_duplicate_source	0	0	assembly_or_reference	reference_not_independent_donor
chm13#0	HLA-C	0	1	0	reference_or_duplicate_source	0	0	assembly_or_reference	reference_not_independent_donor
chm13#0	HLA-DRB1	0	1	0	reference_or_duplicate_source	0	0	assembly_or_reference	reference_not_independent_donor
chm13#0	HLA-DQA1	0	1	0	reference_or_duplicate_source	0	0	assembly_or_reference	reference_not_independent_donor
chm13#0	HLA-DQB1	0	1	0	reference_or_duplicate_source	0	0	assembly_or_reference	reference_not_independent_donor
chm13#0	HLA-DPA1	0	1	0	reference_or_duplicate_source	0	0	assembly_or_reference	reference_not_independent_donor
chm13#0	HLA-DPB1	0	1	0	reference_or_duplicate_source	0	0	assembly_or_reference	reference_not_independent_donor
chm13#0	HLA-DRB3	0	1	0	reference_or_duplicate_source	0	0	assembly_or_reference	reference_not_independent_donor
chm13#0	HLA-DRB4	0	0	0	reference_or_duplicate_source;no_gene_sequence_annotation_not_proven_absence	0	0	assembly_or_reference	reference_not_independent_donor
chm13#0	HLA-DRB5	0	0	0	reference_or_duplicate_source;no_gene_sequence_annotation_not_proven_absence	0	0	assembly_or_reference	reference_not_independent_donor
hg002#1	HLA-A	1	1	1		1	1	assembly_or_reference	DR_DQ_candidate_novel_annotation
hg002#1	HLA-B	1	1	1		1	1	assembly_or_reference	DR_DQ_candidate_novel_annotation
hg002#1	HLA-C	1	1	1		1	1	assembly_or_reference	DR_DQ_candidate_novel_annotation
hg002#1	HLA-DRB1	1	1	1		1	1	assembly_or_reference	DR_DQ_candidate_novel_annotation
hg002#1	HLA-DQA1	1	1	1		1	1	assembly_or_reference	DR_DQ_candidate_novel_annotation
hg002#1	HLA-DQB1	1	1	1		1	1	assembly_or_reference	DR_DQ_candidate_novel_annotation
hg002#1	HLA-DPA1	1	1	1		1	1	assembly_or_reference	DR_DQ_candidate_novel_annotation
hg002#1	HLA-DPB1	1	1	1		1	1	assembly_or_reference	DR_DQ_candidate_novel_annotation
hg002#1	HLA-DRB3	1	0	0	no_gene_sequence_annotation_not_proven_absence	1	1	assembly_or_reference	DR_DQ_candidate_novel_annotation
hg002#1	HLA-DRB4	1	1	1		1	1	assembly_or_reference	DR_DQ_candidate_novel_annotation
hg002#1	HLA-DRB5	1	0	0	no_gene_sequence_annotation_not_proven_absence	1	1	assembly_or_reference	DR_DQ_candidate_novel_annotation
hg002#2	HLA-A	1	1	1		1	1	assembly_or_reference	
hg002#2	HLA-B	1	1	1		1	1	assembly_or_reference	
hg002#2	HLA-C	1	1	1		1	1	assembly_or_reference	
hg002#2	HLA-DRB1	1	1	1		1	1	assembly_or_reference	
hg002#2	HLA-DQA1	1	1	1		1	1	assembly_or_reference	
hg002#2	HLA-DQB1	1	1	1		1	1	assembly_or_reference	
hg002#2	HLA-DPA1	1	1	1		1	1	assembly_or_reference	
hg002#2	HLA-DPB1	1	1	1		1	1	assembly_or_reference	
hg002#2	HLA-DRB3	1	0	0	no_gene_sequence_annotation_not_proven_absence	1	1	assembly_or_reference	
hg002#2	HLA-DRB4	1	0	0	no_gene_sequence_annotation_not_proven_absence	1	1	assembly_or_reference	
hg002#2	HLA-DRB5	1	0	0	no_gene_sequence_annotation_not_proven_absence	1	1	assembly_or_reference	
ksa001#1	HLA-A	1	1	1		1	1	assembly_or_reference	DR_DQ_candidate_novel_annotation
ksa001#1	HLA-B	1	1	1		1	1	assembly_or_reference	DR_DQ_candidate_novel_annotation
ksa001#1	HLA-C	1	1	1		1	1	assembly_or_reference	DR_DQ_candidate_novel_annotation
ksa001#1	HLA-DRB1	1	1	1		1	1	assembly_or_reference	DR_DQ_candidate_novel_annotation
ksa001#1	HLA-DQA1	1	1	1		1	1	assembly_or_reference	DR_DQ_candidate_novel_annotation
ksa001#1	HLA-DQB1	1	1	1		1	1	assembly_or_reference	DR_DQ_candidate_novel_annotation
ksa001#1	HLA-DPA1	1	1	1		1	1	assembly_or_reference	DR_DQ_candidate_novel_annotation
ksa001#1	HLA-DPB1	1	1	1		1	1	assembly_or_reference	DR_DQ_candidate_novel_annotation
ksa001#1	HLA-DRB3	1	0	0	no_gene_sequence_annotation_not_proven_absence	1	1	assembly_or_reference	DR_DQ_candidate_novel_annotation
ksa001#1	HLA-DRB4	1	1	1		1	1	assembly_or_reference	DR_DQ_candidate_novel_annotation
ksa001#1	HLA-DRB5	1	0	0	no_gene_sequence_annotation_not_proven_absence	1	1	assembly_or_reference	DR_DQ_candidate_novel_annotation
ksa001#2	HLA-A	1	1	1		1	1	assembly_or_reference	DR_DQ_candidate_novel_annotation;downstream_graph_clipping_loss
ksa001#2	HLA-B	1	1	1		1	1	assembly_or_reference	DR_DQ_candidate_novel_annotation;downstream_graph_clipping_loss
ksa001#2	HLA-C	1	1	1		1	1	assembly_or_reference	DR_DQ_candidate_novel_annotation;downstream_graph_clipping_loss
ksa001#2	HLA-DRB1	1	1	1		1	1	assembly_or_reference	DR_DQ_candidate_novel_annotation;downstream_graph_clipping_loss
ksa001#2	HLA-DQA1	1	1	1		1	1	assembly_or_reference	DR_DQ_candidate_novel_annotation;downstream_graph_clipping_loss
ksa001#2	HLA-DQB1	1	1	1		1	1	assembly_or_reference	DR_DQ_candidate_novel_annotation;downstream_graph_clipping_loss
ksa001#2	HLA-DPA1	1	1	1		1	1	assembly_or_reference	DR_DQ_candidate_novel_annotation;downstream_graph_clipping_loss
ksa001#2	HLA-DPB1	1	1	1		1	1	assembly_or_reference	DR_DQ_candidate_novel_annotation;downstream_graph_clipping_loss
ksa001#2	HLA-DRB3	1	1	1		1	1	assembly_or_reference	DR_DQ_candidate_novel_annotation;downstream_graph_clipping_loss
ksa001#2	HLA-DRB4	1	0	0	no_gene_sequence_annotation_not_proven_absence	1	1	assembly_or_reference	DR_DQ_candidate_novel_annotation;downstream_graph_clipping_loss
ksa001#2	HLA-DRB5	1	0	0	no_gene_sequence_annotation_not_proven_absence	1	1	assembly_or_reference	DR_DQ_candidate_novel_annotation;downstream_graph_clipping_loss
ksa002#1	HLA-A	1	1	1		0	0	assembly_or_reference	DR_DQ_candidate_novel_annotation
ksa002#1	HLA-B	1	1	1		0	0	assembly_or_reference	DR_DQ_candidate_novel_annotation
ksa002#1	HLA-C	1	1	1		0	0	assembly_or_reference	DR_DQ_candidate_novel_annotation
ksa002#1	HLA-DRB1	1	1	1		0	0	assembly_or_reference	DR_DQ_candidate_novel_annotation
ksa002#1	HLA-DQA1	1	1	1		0	0	assembly_or_reference	DR_DQ_candidate_novel_annotation
ksa002#1	HLA-DQB1	1	1	1		0	0	assembly_or_reference	DR_DQ_candidate_novel_annotation
ksa002#1	HLA-DPA1	1	1	1		0	0	assembly_or_reference	DR_DQ_candidate_novel_annotation
ksa002#1	HLA-DPB1	1	1	1		0	0	assembly_or_reference	DR_DQ_candidate_novel_annotation
ksa002#1	HLA-DRB3	1	0	0	no_gene_sequence_annotation_not_proven_absence	0	0	assembly_or_reference	DR_DQ_candidate_novel_annotation
ksa002#1	HLA-DRB4	1	0	0	no_gene_sequence_annotation_not_proven_absence	0	0	assembly_or_reference	DR_DQ_candidate_novel_annotation
ksa002#1	HLA-DRB5	1	0	0	no_gene_sequence_annotation_not_proven_absence	0	0	assembly_or_reference	DR_DQ_candidate_novel_annotation
ksa002#2	HLA-A	1	1	1		1	1	assembly_or_reference	
ksa002#2	HLA-B	1	1	1		1	1	assembly_or_reference	
ksa002#2	HLA-C	1	1	1		1	1	assembly_or_reference	
ksa002#2	HLA-DRB1	1	1	1		1	1	assembly_or_reference	
ksa002#2	HLA-DQA1	1	1	1		1	1	assembly_or_reference	
ksa002#2	HLA-DQB1	1	1	1		1	1	assembly_or_reference	
ksa002#2	HLA-DPA1	1	1	1		1	1	assembly_or_reference	
ksa002#2	HLA-DPB1	1	1	1		1	1	assembly_or_reference	
ksa002#2	HLA-DRB3	1	1	1		1	1	assembly_or_reference	
ksa002#2	HLA-DRB4	1	0	0	no_gene_sequence_annotation_not_proven_absence	1	1	assembly_or_reference	
ksa002#2	HLA-DRB5	1	0	0	no_gene_sequence_annotation_not_proven_absence	1	1	assembly_or_reference	
ksa003#1	HLA-A	1	1	1		1	1	assembly_or_reference	DR_DQ_candidate_novel_annotation;downstream_graph_clipping_loss
ksa003#1	HLA-B	1	1	1		1	1	assembly_or_reference	DR_DQ_candidate_novel_annotation;downstream_graph_clipping_loss
ksa003#1	HLA-C	1	1	1		1	1	assembly_or_reference	DR_DQ_candidate_novel_annotation;downstream_graph_clipping_loss
ksa003#1	HLA-DRB1	1	1	1		1	1	assembly_or_reference	DR_DQ_candidate_novel_annotation;downstream_graph_clipping_loss
ksa003#1	HLA-DQA1	1	1	1		1	1	assembly_or_reference	DR_DQ_candidate_novel_annotation;downstream_graph_clipping_loss
ksa003#1	HLA-DQB1	1	1	1		1	1	assembly_or_reference	DR_DQ_candidate_novel_annotation;downstream_graph_clipping_loss
ksa003#1	HLA-DPA1	1	1	1		1	1	assembly_or_reference	DR_DQ_candidate_novel_annotation;downstream_graph_clipping_loss
ksa003#1	HLA-DPB1	1	1	1		1	1	assembly_or_reference	DR_DQ_candidate_novel_annotation;downstream_graph_clipping_loss
ksa003#1	HLA-DRB3	1	0	0	no_gene_sequence_annotation_not_proven_absence	1	1	assembly_or_reference	DR_DQ_candidate_novel_annotation;downstream_graph_clipping_loss
ksa003#1	HLA-DRB4	1	1	1		1	1	assembly_or_reference	DR_DQ_candidate_novel_annotation;downstream_graph_clipping_loss
ksa003#1	HLA-DRB5	1	0	0	no_gene_sequence_annotation_not_proven_absence	1	1	assembly_or_reference	DR_DQ_candidate_novel_annotation;downstream_graph_clipping_loss
ksa003#2	HLA-A	1	1	1		1	1	assembly_or_reference	DR_DQ_candidate_novel_annotation;downstream_graph_clipping_loss
ksa003#2	HLA-B	1	1	1		1	1	assembly_or_reference	DR_DQ_candidate_novel_annotation;downstream_graph_clipping_loss
ksa003#2	HLA-C	1	1	1		1	1	assembly_or_reference	DR_DQ_candidate_novel_annotation;downstream_graph_clipping_loss
ksa003#2	HLA-DRB1	1	1	1		1	1	assembly_or_reference	DR_DQ_candidate_novel_annotation;downstream_graph_clipping_loss
ksa003#2	HLA-DQA1	1	1	1		1	1	assembly_or_reference	DR_DQ_candidate_novel_annotation;downstream_graph_clipping_loss
ksa003#2	HLA-DQB1	1	1	1		1	1	assembly_or_reference	DR_DQ_candidate_novel_annotation;downstream_graph_clipping_loss
ksa003#2	HLA-DPA1	1	1	1		1	1	assembly_or_reference	DR_DQ_candidate_novel_annotation;downstream_graph_clipping_loss
ksa003#2	HLA-DPB1	1	1	1		1	1	assembly_or_reference	DR_DQ_candidate_novel_annotation;downstream_graph_clipping_loss
ksa003#2	HLA-DRB3	1	0	0	no_gene_sequence_annotation_not_proven_absence	1	1	assembly_or_reference	DR_DQ_candidate_novel_annotation;downstream_graph_clipping_loss
ksa003#2	HLA-DRB4	1	1	1		1	1	assembly_or_reference	DR_DQ_candidate_novel_annotation;downstream_graph_clipping_loss
ksa003#2	HLA-DRB5	1	0	0	no_gene_sequence_annotation_not_proven_absence	1	1	assembly_or_reference	DR_DQ_candidate_novel_annotation;downstream_graph_clipping_loss
ksa004#1	HLA-A	1	1	0	cds_completeness_or_abnormality;no_current_exact_cds_match	0	0	assembly_or_reference	DR_DQ_candidate_novel_annotation;downstream_graph_clipping_loss
ksa004#1	HLA-B	1	1	1		0	0	assembly_or_reference	DR_DQ_candidate_novel_annotation;downstream_graph_clipping_loss
ksa004#1	HLA-C	1	1	1		0	0	assembly_or_reference	DR_DQ_candidate_novel_annotation;downstream_graph_clipping_loss
ksa004#1	HLA-DRB1	1	1	1		0	0	assembly_or_reference	DR_DQ_candidate_novel_annotation;downstream_graph_clipping_loss
ksa004#1	HLA-DQA1	1	1	1		0	0	assembly_or_reference	DR_DQ_candidate_novel_annotation;downstream_graph_clipping_loss
ksa004#1	HLA-DQB1	1	1	1		0	0	assembly_or_reference	DR_DQ_candidate_novel_annotation;downstream_graph_clipping_loss
ksa004#1	HLA-DPA1	1	1	1		0	0	assembly_or_reference	DR_DQ_candidate_novel_annotation;downstream_graph_clipping_loss
ksa004#1	HLA-DPB1	1	1	1		0	0	assembly_or_reference	DR_DQ_candidate_novel_annotation;downstream_graph_clipping_loss
ksa004#1	HLA-DRB3	1	1	1		0	0	assembly_or_reference	DR_DQ_candidate_novel_annotation;downstream_graph_clipping_loss
ksa004#1	HLA-DRB4	1	0	0	no_gene_sequence_annotation_not_proven_absence	0	0	assembly_or_reference	DR_DQ_candidate_novel_annotation;downstream_graph_clipping_loss
ksa004#1	HLA-DRB5	1	0	0	no_gene_sequence_annotation_not_proven_absence	0	0	assembly_or_reference	DR_DQ_candidate_novel_annotation;downstream_graph_clipping_loss
ksa004#2	HLA-A	1	1	1		0	0	assembly_or_reference	DR_DQ_candidate_novel_annotation;downstream_graph_clipping_loss
ksa004#2	HLA-B	1	1	1		0	0	assembly_or_reference	DR_DQ_candidate_novel_annotation;downstream_graph_clipping_loss
ksa004#2	HLA-C	1	1	1		0	0	assembly_or_reference	DR_DQ_candidate_novel_annotation;downstream_graph_clipping_loss
ksa004#2	HLA-DRB1	1	1	1		0	0	assembly_or_reference	DR_DQ_candidate_novel_annotation;downstream_graph_clipping_loss
ksa004#2	HLA-DQA1	1	1	1		0	0	assembly_or_reference	DR_DQ_candidate_novel_annotation;downstream_graph_clipping_loss
ksa004#2	HLA-DQB1	1	1	1		0	0	assembly_or_reference	DR_DQ_candidate_novel_annotation;downstream_graph_clipping_loss
ksa004#2	HLA-DPA1	1	1	1		0	0	assembly_or_reference	DR_DQ_candidate_novel_annotation;downstream_graph_clipping_loss
ksa004#2	HLA-DPB1	1	1	1		0	0	assembly_or_reference	DR_DQ_candidate_novel_annotation;downstream_graph_clipping_loss
ksa004#2	HLA-DRB3	1	1	1		0	0	assembly_or_reference	DR_DQ_candidate_novel_annotation;downstream_graph_clipping_loss
ksa004#2	HLA-DRB4	1	0	0	no_gene_sequence_annotation_not_proven_absence	0	0	assembly_or_reference	DR_DQ_candidate_novel_annotation;downstream_graph_clipping_loss
ksa004#2	HLA-DRB5	1	0	0	no_gene_sequence_annotation_not_proven_absence	0	0	assembly_or_reference	DR_DQ_candidate_novel_annotation;downstream_graph_clipping_loss
ksa005#1	HLA-A	1	1	1		1	1	assembly_or_reference	
ksa005#1	HLA-B	1	1	1		1	1	assembly_or_reference	
ksa005#1	HLA-C	1	1	1		1	1	assembly_or_reference	
ksa005#1	HLA-DRB1	1	1	1		1	1	assembly_or_reference	
ksa005#1	HLA-DQA1	1	1	1		1	1	assembly_or_reference	
ksa005#1	HLA-DQB1	1	1	1		1	1	assembly_or_reference	
ksa005#1	HLA-DPA1	1	1	1		1	1	assembly_or_reference	
ksa005#1	HLA-DPB1	1	1	1		1	1	assembly_or_reference	
ksa005#1	HLA-DRB3	1	1	1		1	1	assembly_or_reference	
ksa005#1	HLA-DRB4	1	0	0	no_gene_sequence_annotation_not_proven_absence	1	1	assembly_or_reference	
ksa005#1	HLA-DRB5	1	0	0	no_gene_sequence_annotation_not_proven_absence	1	1	assembly_or_reference	
ksa005#2	HLA-A	1	1	1		1	1	assembly_or_reference	DR_DQ_candidate_novel_annotation
ksa005#2	HLA-B	1	1	1		1	1	assembly_or_reference	DR_DQ_candidate_novel_annotation
ksa005#2	HLA-C	1	1	1		1	1	assembly_or_reference	DR_DQ_candidate_novel_annotation
ksa005#2	HLA-DRB1	1	1	1		1	1	assembly_or_reference	DR_DQ_candidate_novel_annotation
ksa005#2	HLA-DQA1	1	1	1		1	1	assembly_or_reference	DR_DQ_candidate_novel_annotation
ksa005#2	HLA-DQB1	1	1	1		1	1	assembly_or_reference	DR_DQ_candidate_novel_annotation
ksa005#2	HLA-DPA1	1	1	1		1	1	assembly_or_reference	DR_DQ_candidate_novel_annotation
ksa005#2	HLA-DPB1	1	1	1		1	1	assembly_or_reference	DR_DQ_candidate_novel_annotation
ksa005#2	HLA-DRB3	1	0	0	no_gene_sequence_annotation_not_proven_absence	1	1	assembly_or_reference	DR_DQ_candidate_novel_annotation
ksa005#2	HLA-DRB4	1	1	1		1	1	assembly_or_reference	DR_DQ_candidate_novel_annotation
ksa005#2	HLA-DRB5	1	0	0	no_gene_sequence_annotation_not_proven_absence	1	1	assembly_or_reference	DR_DQ_candidate_novel_annotation
ksa006#1	HLA-A	1	1	1		1	1	assembly_or_reference	downstream_graph_clipping_loss
ksa006#1	HLA-B	1	1	1		1	1	assembly_or_reference	downstream_graph_clipping_loss
ksa006#1	HLA-C	1	1	1		1	1	assembly_or_reference	downstream_graph_clipping_loss
ksa006#1	HLA-DRB1	1	1	1		1	1	assembly_or_reference	downstream_graph_clipping_loss
ksa006#1	HLA-DQA1	1	1	1		1	1	assembly_or_reference	downstream_graph_clipping_loss
ksa006#1	HLA-DQB1	1	1	1		1	1	assembly_or_reference	downstream_graph_clipping_loss
ksa006#1	HLA-DPA1	1	1	1		1	1	assembly_or_reference	downstream_graph_clipping_loss
ksa006#1	HLA-DPB1	1	1	1		1	1	assembly_or_reference	downstream_graph_clipping_loss
ksa006#1	HLA-DRB3	1	0	0	no_gene_sequence_annotation_not_proven_absence	1	1	assembly_or_reference	downstream_graph_clipping_loss
ksa006#1	HLA-DRB4	1	1	1		1	1	assembly_or_reference	downstream_graph_clipping_loss
ksa006#1	HLA-DRB5	1	0	0	no_gene_sequence_annotation_not_proven_absence	1	1	assembly_or_reference	downstream_graph_clipping_loss
ksa006#2	HLA-A	1	1	1		0	0	assembly_or_reference	DR_DQ_candidate_novel_annotation;downstream_graph_clipping_loss
ksa006#2	HLA-B	1	1	1		0	0	assembly_or_reference	DR_DQ_candidate_novel_annotation;downstream_graph_clipping_loss
ksa006#2	HLA-C	1	1	1		0	0	assembly_or_reference	DR_DQ_candidate_novel_annotation;downstream_graph_clipping_loss
ksa006#2	HLA-DRB1	1	1	1		0	0	assembly_or_reference	DR_DQ_candidate_novel_annotation;downstream_graph_clipping_loss
ksa006#2	HLA-DQA1	1	1	1		0	0	assembly_or_reference	DR_DQ_candidate_novel_annotation;downstream_graph_clipping_loss
ksa006#2	HLA-DQB1	1	1	1		0	0	assembly_or_reference	DR_DQ_candidate_novel_annotation;downstream_graph_clipping_loss
ksa006#2	HLA-DPA1	1	1	1		0	0	assembly_or_reference	DR_DQ_candidate_novel_annotation;downstream_graph_clipping_loss
ksa006#2	HLA-DPB1	1	1	1		0	0	assembly_or_reference	DR_DQ_candidate_novel_annotation;downstream_graph_clipping_loss
ksa006#2	HLA-DRB3	1	0	0	no_gene_sequence_annotation_not_proven_absence	0	0	assembly_or_reference	DR_DQ_candidate_novel_annotation;downstream_graph_clipping_loss
ksa006#2	HLA-DRB4	1	1	1		0	0	assembly_or_reference	DR_DQ_candidate_novel_annotation;downstream_graph_clipping_loss
ksa006#2	HLA-DRB5	1	0	0	no_gene_sequence_annotation_not_proven_absence	0	0	assembly_or_reference	DR_DQ_candidate_novel_annotation;downstream_graph_clipping_loss
ksa007#1	HLA-A	1	1	1		1	1	assembly_or_reference	DR_DQ_candidate_novel_annotation
ksa007#1	HLA-B	1	1	1		1	1	assembly_or_reference	DR_DQ_candidate_novel_annotation
ksa007#1	HLA-C	1	1	1		1	1	assembly_or_reference	DR_DQ_candidate_novel_annotation
ksa007#1	HLA-DRB1	1	1	1		1	1	assembly_or_reference	DR_DQ_candidate_novel_annotation
ksa007#1	HLA-DQA1	1	1	1		1	1	assembly_or_reference	DR_DQ_candidate_novel_annotation
ksa007#1	HLA-DQB1	1	1	1		1	1	assembly_or_reference	DR_DQ_candidate_novel_annotation
ksa007#1	HLA-DPA1	1	1	1		1	1	assembly_or_reference	DR_DQ_candidate_novel_annotation
ksa007#1	HLA-DPB1	1	1	1		1	1	assembly_or_reference	DR_DQ_candidate_novel_annotation
ksa007#1	HLA-DRB3	1	1	1		1	1	assembly_or_reference	DR_DQ_candidate_novel_annotation
ksa007#1	HLA-DRB4	1	0	0	no_gene_sequence_annotation_not_proven_absence	1	1	assembly_or_reference	DR_DQ_candidate_novel_annotation
ksa007#1	HLA-DRB5	1	0	0	no_gene_sequence_annotation_not_proven_absence	1	1	assembly_or_reference	DR_DQ_candidate_novel_annotation
ksa007#2	HLA-A	1	1	1		1	1	assembly_or_reference	DR_DQ_candidate_novel_annotation
ksa007#2	HLA-B	1	1	1		1	1	assembly_or_reference	DR_DQ_candidate_novel_annotation
ksa007#2	HLA-C	1	1	1		1	1	assembly_or_reference	DR_DQ_candidate_novel_annotation
ksa007#2	HLA-DRB1	1	1	1		1	1	assembly_or_reference	DR_DQ_candidate_novel_annotation
ksa007#2	HLA-DQA1	1	1	1		1	1	assembly_or_reference	DR_DQ_candidate_novel_annotation
ksa007#2	HLA-DQB1	1	1	1		1	1	assembly_or_reference	DR_DQ_candidate_novel_annotation
ksa007#2	HLA-DPA1	1	1	1		1	1	assembly_or_reference	DR_DQ_candidate_novel_annotation
ksa007#2	HLA-DPB1	1	1	1		1	1	assembly_or_reference	DR_DQ_candidate_novel_annotation
ksa007#2	HLA-DRB3	1	0	0	no_gene_sequence_annotation_not_proven_absence	1	1	assembly_or_reference	DR_DQ_candidate_novel_annotation
ksa007#2	HLA-DRB4	1	0	0	no_gene_sequence_annotation_not_proven_absence	1	1	assembly_or_reference	DR_DQ_candidate_novel_annotation
ksa007#2	HLA-DRB5	1	1	1		1	1	assembly_or_reference	DR_DQ_candidate_novel_annotation
ksa008#1	HLA-A	1	1	1		1	1	assembly_or_reference	
ksa008#1	HLA-B	1	1	1		1	1	assembly_or_reference	
ksa008#1	HLA-C	1	1	1		1	1	assembly_or_reference	
ksa008#1	HLA-DRB1	1	1	1		1	1	assembly_or_reference	
ksa008#1	HLA-DQA1	1	1	1		1	1	assembly_or_reference	
ksa008#1	HLA-DQB1	1	1	1		1	1	assembly_or_reference	
ksa008#1	HLA-DPA1	1	1	1		1	1	assembly_or_reference	
ksa008#1	HLA-DPB1	1	1	1		1	1	assembly_or_reference	
ksa008#1	HLA-DRB3	1	0	0	no_gene_sequence_annotation_not_proven_absence	1	1	assembly_or_reference	
ksa008#1	HLA-DRB4	1	1	1		1	1	assembly_or_reference	
ksa008#1	HLA-DRB5	1	0	0	no_gene_sequence_annotation_not_proven_absence	1	1	assembly_or_reference	
ksa008#2	HLA-A	1	1	1		1	1	assembly_or_reference	DR_DQ_candidate_novel_annotation;downstream_graph_clipping_loss
ksa008#2	HLA-B	1	1	1		1	1	assembly_or_reference	DR_DQ_candidate_novel_annotation;downstream_graph_clipping_loss
ksa008#2	HLA-C	1	1	1		1	1	assembly_or_reference	DR_DQ_candidate_novel_annotation;downstream_graph_clipping_loss
ksa008#2	HLA-DRB1	1	1	1		1	1	assembly_or_reference	DR_DQ_candidate_novel_annotation;downstream_graph_clipping_loss
ksa008#2	HLA-DQA1	1	1	1		1	1	assembly_or_reference	DR_DQ_candidate_novel_annotation;downstream_graph_clipping_loss
ksa008#2	HLA-DQB1	1	1	1		1	1	assembly_or_reference	DR_DQ_candidate_novel_annotation;downstream_graph_clipping_loss
ksa008#2	HLA-DPA1	1	1	1		1	1	assembly_or_reference	DR_DQ_candidate_novel_annotation;downstream_graph_clipping_loss
ksa008#2	HLA-DPB1	1	1	1		1	1	assembly_or_reference	DR_DQ_candidate_novel_annotation;downstream_graph_clipping_loss
ksa008#2	HLA-DRB3	1	1	1		1	1	assembly_or_reference	DR_DQ_candidate_novel_annotation;downstream_graph_clipping_loss
ksa008#2	HLA-DRB4	1	0	0	no_gene_sequence_annotation_not_proven_absence	1	1	assembly_or_reference	DR_DQ_candidate_novel_annotation;downstream_graph_clipping_loss
ksa008#2	HLA-DRB5	1	0	0	no_gene_sequence_annotation_not_proven_absence	1	1	assembly_or_reference	DR_DQ_candidate_novel_annotation;downstream_graph_clipping_loss
ksa009#1	HLA-A	1	1	1		0	0	assembly_or_reference	DR_DQ_candidate_novel_annotation;downstream_graph_clipping_loss
ksa009#1	HLA-B	1	1	1		0	0	assembly_or_reference	DR_DQ_candidate_novel_annotation;downstream_graph_clipping_loss
ksa009#1	HLA-C	1	1	1		0	0	assembly_or_reference	DR_DQ_candidate_novel_annotation;downstream_graph_clipping_loss
ksa009#1	HLA-DRB1	1	1	1		0	0	assembly_or_reference	DR_DQ_candidate_novel_annotation;downstream_graph_clipping_loss
ksa009#1	HLA-DQA1	1	1	1		0	0	assembly_or_reference	DR_DQ_candidate_novel_annotation;downstream_graph_clipping_loss
ksa009#1	HLA-DQB1	1	1	1		0	0	assembly_or_reference	DR_DQ_candidate_novel_annotation;downstream_graph_clipping_loss
ksa009#1	HLA-DPA1	1	1	1		0	0	assembly_or_reference	DR_DQ_candidate_novel_annotation;downstream_graph_clipping_loss
ksa009#1	HLA-DPB1	1	1	1		0	0	assembly_or_reference	DR_DQ_candidate_novel_annotation;downstream_graph_clipping_loss
ksa009#1	HLA-DRB3	1	0	0	no_gene_sequence_annotation_not_proven_absence	0	0	assembly_or_reference	DR_DQ_candidate_novel_annotation;downstream_graph_clipping_loss
ksa009#1	HLA-DRB4	1	1	1		0	0	assembly_or_reference	DR_DQ_candidate_novel_annotation;downstream_graph_clipping_loss
ksa009#1	HLA-DRB5	1	0	0	no_gene_sequence_annotation_not_proven_absence	0	0	assembly_or_reference	DR_DQ_candidate_novel_annotation;downstream_graph_clipping_loss
ksa009#2	HLA-A	1	1	1		0	0	assembly_or_reference	DR_DQ_candidate_novel_annotation;downstream_graph_clipping_loss
ksa009#2	HLA-B	1	1	1		0	0	assembly_or_reference	DR_DQ_candidate_novel_annotation;downstream_graph_clipping_loss
ksa009#2	HLA-C	1	1	1		0	0	assembly_or_reference	DR_DQ_candidate_novel_annotation;downstream_graph_clipping_loss
ksa009#2	HLA-DRB1	1	1	1		0	0	assembly_or_reference	DR_DQ_candidate_novel_annotation;downstream_graph_clipping_loss
ksa009#2	HLA-DQA1	1	1	1		0	0	assembly_or_reference	DR_DQ_candidate_novel_annotation;downstream_graph_clipping_loss
ksa009#2	HLA-DQB1	1	1	1		0	0	assembly_or_reference	DR_DQ_candidate_novel_annotation;downstream_graph_clipping_loss
ksa009#2	HLA-DPA1	1	1	1		0	0	assembly_or_reference	DR_DQ_candidate_novel_annotation;downstream_graph_clipping_loss
ksa009#2	HLA-DPB1	1	1	1		0	0	assembly_or_reference	DR_DQ_candidate_novel_annotation;downstream_graph_clipping_loss
ksa009#2	HLA-DRB3	1	1	1		0	0	assembly_or_reference	DR_DQ_candidate_novel_annotation;downstream_graph_clipping_loss
ksa009#2	HLA-DRB4	1	0	0	no_gene_sequence_annotation_not_proven_absence	0	0	assembly_or_reference	DR_DQ_candidate_novel_annotation;downstream_graph_clipping_loss
ksa009#2	HLA-DRB5	1	0	0	no_gene_sequence_annotation_not_proven_absence	0	0	assembly_or_reference	DR_DQ_candidate_novel_annotation;downstream_graph_clipping_loss
