entry	hap_id	prototype	family	contig	start0	end0	strand	query_length	query_coverage	identity	mapq	eligible
GRCh38_0	GRCh38#0	WHR1	WHR1	GRCh38#0#chr6:28410701-33580488	3560474	3570746	+	10272	1.0	1.0	60	1
GRCh38_0	GRCh38#0	CYP21A1P	CYP21	GRCh38#0#chr6:28410701-33580488	3594935	3598209	+	3274	1.0	1.0	60	1
GRCh38_0	GRCh38#0	CYP21A1P	CYP21	GRCh38#0#chr6:28410701-33580488	3627669	3630944	+	3274	1.0	0.9780688394760889	0	1
GRCh38_0	GRCh38#0	CYP21A2	CYP21	GRCh38#0#chr6:28410701-33580488	3627714	3630944	+	3230	1.0	1.0	60	1
GRCh38_0	GRCh38#0	CYP21A2	CYP21	GRCh38#0#chr6:28410701-33580488	3594985	3598209	+	3230	0.9984520123839009	0.9780389730900093	0	1
GRCh38_0	GRCh38#0	TNXA	TNX	GRCh38#0#chr6:28410701-33580488	3597719	3602323	-	4604	1.0	1.0	60	1
GRCh38_0	GRCh38#0	TNXA	TNX	GRCh38#0#chr6:28410701-33580488	3630454	3635177	-	4604	1.0	0.9701524132091448	0	1
GRCh38_0	GRCh38#0	TNXB	TNX	GRCh38#0#chr6:28410701-33580488	3630452	3698638	-	68186	1.0	1.0	60	1
GRCh38_0	GRCh38#0	WHR1B	WHR1	GRCh38#0#chr6:28410701-33580488	3602569	3603087	+	518	1.0	1.0	60	1
GRCh38_0	GRCh38#0	WHR1B	WHR1	GRCh38#0#chr6:28410701-33580488	3569831	3570349	+	518	1.0	0.9942084942084942	0	1
HG00097_1	HG00097#1	WHR1	WHR1	HG00097#1#JBIRDD010000044.1:28461910-33634610	3563987	3574259	+	10272	1.0	1.0	60	1
HG00097_1	HG00097#1	CYP21A1P	CYP21	HG00097#1#JBIRDD010000044.1:28461910-33634610	3598448	3601722	+	3274	1.0	1.0	60	1
HG00097_1	HG00097#1	CYP21A1P	CYP21	HG00097#1#JBIRDD010000044.1:28461910-33634610	3631182	3634457	+	3274	1.0	0.9780688394760889	0	1
HG00097_1	HG00097#1	CYP21A2	CYP21	HG00097#1#JBIRDD010000044.1:28461910-33634610	3631227	3634457	+	3230	1.0	0.9996904024767802	60	1
HG00097_1	HG00097#1	CYP21A2	CYP21	HG00097#1#JBIRDD010000044.1:28461910-33634610	3598498	3601722	+	3230	0.9984520123839009	0.9780389730900093	0	1
HG00097_1	HG00097#1	TNXA	TNX	HG00097#1#JBIRDD010000044.1:28461910-33634610	3601232	3605836	-	4604	1.0	1.0	60	1
HG00097_1	HG00097#1	TNXA	TNX	HG00097#1#JBIRDD010000044.1:28461910-33634610	3633967	3638690	-	4604	1.0	0.970787468247248	0	1
HG00097_1	HG00097#1	TNXB	TNX	HG00097#1#JBIRDD010000044.1:28461910-33634610	3633965	3702158	-	68186	1.0	0.9998240314397161	60	1
HG00097_1	HG00097#1	WHR1B	WHR1	HG00097#1#JBIRDD010000044.1:28461910-33634610	3606082	3606600	+	518	1.0	1.0	60	1
HG00097_1	HG00097#1	WHR1B	WHR1	HG00097#1#JBIRDD010000044.1:28461910-33634610	3573344	3573862	+	518	1.0	0.9942084942084942	0	1
HG00097_2	HG00097#2	WHR1	WHR1	HG00097#2#JBIRDE010000007.1:28438526-33548333	3508803	3519075	+	10272	1.0	1.0	60	1
HG00097_2	HG00097#2	CYP21A1P	CYP21	HG00097#2#JBIRDE010000007.1:28438526-33548333	3543264	3546538	+	3274	1.0	0.9996945632254124	60	1
HG00097_2	HG00097#2	CYP21A1P	CYP21	HG00097#2#JBIRDE010000007.1:28438526-33548333	3575998	3579273	+	3274	1.0	0.9780688394760889	0	1
HG00097_2	HG00097#2	CYP21A2	CYP21	HG00097#2#JBIRDE010000007.1:28438526-33548333	3576043	3579273	+	3230	1.0	0.9996904024767802	60	1
HG00097_2	HG00097#2	CYP21A2	CYP21	HG00097#2#JBIRDE010000007.1:28438526-33548333	3543314	3546538	+	3230	0.9984520123839009	0.9783482833281781	0	1
HG00097_2	HG00097#2	TNXA	TNX	HG00097#2#JBIRDE010000007.1:28438526-33548333	3546048	3550652	-	4604	1.0	1.0	60	1
HG00097_2	HG00097#2	TNXA	TNX	HG00097#2#JBIRDE010000007.1:28438526-33548333	3578783	3583506	-	4604	1.0	0.9701524132091448	0	1
HG00097_2	HG00097#2	TNXB	TNX	HG00097#2#JBIRDE010000007.1:28438526-33548333	3578781	3646970	-	68186	1.0	0.9997947033463355	60	1
HG00097_2	HG00097#2	WHR1B	WHR1	HG00097#2#JBIRDE010000007.1:28438526-33548333	3550898	3551416	+	518	1.0	1.0	60	1
HG00097_2	HG00097#2	WHR1B	WHR1	HG00097#2#JBIRDE010000007.1:28438526-33548333	3518160	3518678	+	518	1.0	0.9942084942084942	0	1
HG00099_1	HG00099#1	WHR1	WHR1	HG00099#1#JBHDWO010000057.1:28378111-33500321	3544822	3555094	+	10272	1.0	0.9990265745157209	60	1
HG00099_1	HG00099#1	CYP21A1P	CYP21	HG00099#1#JBHDWO010000057.1:28378111-33500321	3579283	3582557	+	3274	1.0	0.9978619425778864	60	1
HG00099_1	HG00099#1	CYP21A1P	CYP21	HG00099#1#JBHDWO010000057.1:28378111-33500321	3612018	3615290	+	3274	1.0	0.977155041120926	0	1
HG00099_1	HG00099#1	CYP21A2	CYP21	HG00099#1#JBHDWO010000057.1:28378111-33500321	3612063	3615290	+	3230	1.0	0.9956656346749226	60	1
HG00099_1	HG00099#1	CYP21A2	CYP21	HG00099#1#JBHDWO010000057.1:28378111-33500321	3579333	3582557	+	3230	0.9984520123839009	0.9783482833281781	0	1
HG00099_1	HG00099#1	TNXA	TNX	HG00099#1#JBHDWO010000057.1:28378111-33500321	3582067	3586671	-	4604	1.0	0.9978279756733276	60	1
HG00099_1	HG00099#1	TNXA	TNX	HG00099#1#JBHDWO010000057.1:28378111-33500321	3614800	3619523	-	4604	1.0	0.9690939881456393	0	1
HG00099_1	HG00099#1	TNXB	TNX	HG00099#1#JBHDWO010000057.1:28378111-33500321	3614798	3682976	-	68186	1.0	0.998665786965765	60	1
HG00099_1	HG00099#1	WHR1B	WHR1	HG00099#1#JBHDWO010000057.1:28378111-33500321	3586917	3587435	+	518	1.0	0.9980694980694981	60	1
HG00099_1	HG00099#1	WHR1B	WHR1	HG00099#1#JBHDWO010000057.1:28378111-33500321	3554179	3554697	+	518	1.0	0.9922779922779923	0	1
HG00099_2	HG00099#2	WHR1	WHR1	HG00099#2#CM087361.1:28397166-33493833	3553094	3563366	+	10272	1.0	0.9999026479750779	60	1
HG00099_2	HG00099#2	CYP21A1P	CYP21	HG00099#2#CM087361.1:28397166-33493833	3581184	3584459	+	3274	1.0	0.976545842217484	60	1
HG00099_2	HG00099#2	CYP21A2	CYP21	HG00099#2#CM087361.1:28397166-33493833	3581229	3584459	+	3230	1.0	0.9984520123839009	60	1
HG00099_2	HG00099#2	TNXA	TNX	HG00099#2#CM087361.1:28397166-33493833	3583969	3588692	-	4604	1.0	0.9699407281964437	60	1
HG00099_2	HG00099#2	TNXB	TNX	HG00099#2#CM087361.1:28397166-33493833	3583967	3652167	-	68186	1.0	0.9991643331525165	60	1
HG00099_2	HG00099#2	WHR1B	WHR1	HG00099#2#CM087361.1:28397166-33493833	3562451	3562969	+	518	1.0	0.9942084942084942	60	1
HG00126_1	HG00126#1	WHR1	WHR1	HG00126#1#CM090112.1:28356760-33437962	3498958	3509232	+	10272	1.0	0.9993186684835507	60	1
HG00126_1	HG00126#1	CYP21A1P	CYP21	HG00126#1#CM090112.1:28356760-33437962	3533420	3536694	+	3274	1.0	0.998167379352474	60	1
HG00126_1	HG00126#1	CYP21A1P	CYP21	HG00126#1#CM090112.1:28356760-33437962	3566155	3569426	+	3274	1.0	0.9780621572212066	0	1
HG00126_1	HG00126#1	CYP21A2	CYP21	HG00126#1#CM090112.1:28356760-33437962	3566200	3569426	+	3230	1.0	0.9962848297213622	60	1
HG00126_1	HG00126#1	CYP21A2	CYP21	HG00126#1#CM090112.1:28356760-33437962	3533470	3536694	+	3230	0.9984520123839009	0.9780389730900093	0	1
HG00126_1	HG00126#1	TNXA	TNX	HG00126#1#CM090112.1:28356760-33437962	3536204	3540808	-	4604	1.0	0.9980451781059948	60	1
HG00126_1	HG00126#1	TNXA	TNX	HG00126#1#CM090112.1:28356760-33437962	3568936	3573659	-	4604	1.0	0.9688823031329382	0	1
HG00126_1	HG00126#1	TNXB	TNX	HG00126#1#CM090112.1:28356760-33437962	3568934	3637116	-	68186	1.0	0.998533982290506	60	1
HG00126_1	HG00126#1	WHR1B	WHR1	HG00126#1#CM090112.1:28356760-33437962	3541054	3541572	+	518	1.0	0.9980694980694981	60	1
HG00126_1	HG00126#1	WHR1B	WHR1	HG00126#1#CM090112.1:28356760-33437962	3508317	3508835	+	518	1.0	0.9942084942084942	0	1
HG00126_2	HG00126#2	WHR1	WHR1	HG00126#2#CM090124.1:28373995-33623206	3553597	3563859	+	10272	1.0	0.9980529595015576	60	1
HG00126_2	HG00126#2	CYP21A1P	CYP21	HG00126#2#CM090124.1:28373995-33623206	3588049	3591323	+	3274	1.0	0.9969456322541234	60	1
HG00126_2	HG00126#2	CYP21A1P	CYP21	HG00126#2#CM090124.1:28373995-33623206	3614417	3617692	+	3274	1.0	0.976850441669205	0	1
HG00126_2	HG00126#2	CYP21A2	CYP21	HG00126#2#CM090124.1:28373995-33623206	3614462	3617692	+	3230	1.0	0.9978328173374613	60	1
HG00126_2	HG00126#2	CYP21A2	CYP21	HG00126#2#CM090124.1:28373995-33623206	3588099	3591323	+	3230	0.9984520123839009	0.9786575935663471	0	1
HG00126_2	HG00126#2	TNXA	TNX	HG00126#2#CM090124.1:28373995-33623206	3590833	3595437	-	4604	1.0	0.9960903562119896	27	1
HG00126_2	HG00126#2	TNXA	TNX	HG00126#2#CM090124.1:28373995-33623206	3617202	3621925	-	4604	1.0	0.9699407281964437	0	1
HG00126_2	HG00126#2	TNXB	TNX	HG00126#2#CM090124.1:28373995-33623206	3617200	3685401	-	68186	1.0	0.9992229650480882	60	1
HG00126_2	HG00126#2	WHR1B	WHR1	HG00126#2#CM090124.1:28373995-33623206	3595683	3596201	+	518	1.0	0.9961389961389961	60	1
HG00126_2	HG00126#2	WHR1B	WHR1	HG00126#2#CM090124.1:28373995-33623206	3562947	3563462	+	518	1.0	0.9884169884169884	0	1
HG00128_1	HG00128#1	WHR1	WHR1	HG00128#1#CM090080.1:28391628-33572064	3552336	3562607	+	10272	1.0	0.9992212596125767	60	1
HG00128_1	HG00128#1	CYP21A1P	CYP21	HG00128#1#CM090080.1:28391628-33572064	3586798	3590072	+	3274	1.0	0.9975565058032987	37	1
HG00128_1	HG00128#1	CYP21A1P	CYP21	HG00128#1#CM090080.1:28391628-33572064	3613167	3616441	+	3274	1.0	0.9960293219303604	0	1
HG00128_1	HG00128#1	CYP21A1P	CYP21	HG00128#1#CM090080.1:28391628-33572064	3639534	3642809	+	3274	1.0	0.9786780383795309	0	1
HG00128_1	HG00128#1	CYP21A2	CYP21	HG00128#1#CM090080.1:28391628-33572064	3639579	3642809	+	3230	1.0	0.9962848297213622	60	1
HG00128_1	HG00128#1	CYP21A2	CYP21	HG00128#1#CM090080.1:28391628-33572064	3613217	3616441	+	3230	0.9984520123839009	0.9802041447571914	0	1
HG00128_1	HG00128#1	CYP21A2	CYP21	HG00128#1#CM090080.1:28391628-33572064	3586848	3590072	+	3230	0.9984520123839009	0.9774203526136716	0	1
HG00128_1	HG00128#1	TNXA	TNX	HG00128#1#CM090080.1:28391628-33572064	3589582	3594186	-	4604	1.0	0.9960903562119896	18	1
HG00128_1	HG00128#1	TNXA	TNX	HG00128#1#CM090080.1:28391628-33572064	3615951	3620555	-	4604	1.0	0.9954387489139879	0	1
HG00128_1	HG00128#1	TNXA	TNX	HG00128#1#CM090080.1:28391628-33572064	3642319	3647042	-	4604	1.0	0.9699407281964437	0	1
HG00128_1	HG00128#1	TNXB	TNX	HG00128#1#CM090080.1:28391628-33572064	3642317	3710506	-	68186	1.0	0.9992961670430218	60	1
HG00128_1	HG00128#1	WHR1B	WHR1	HG00128#1#CM090080.1:28391628-33572064	3620801	3621319	+	518	1.0	0.9980694980694981	0	1
HG00128_1	HG00128#1	WHR1B	WHR1	HG00128#1#CM090080.1:28391628-33572064	3594432	3594950	+	518	1.0	0.9980694980694981	0	1
HG00128_1	HG00128#1	WHR1B	WHR1	HG00128#1#CM090080.1:28391628-33572064	3561692	3562210	+	518	1.0	0.9942084942084942	0	1
HG00128_2	HG00128#2	WHR1	WHR1	HG00128#2#CM090096.1:28379634-33499179	3536596	3546859	+	10272	1.0	0.9981504915798696	60	1
HG00128_2	HG00128#2	CYP21A1P	CYP21	HG00128#2#CM090096.1:28379634-33499179	3571048	3574322	+	3274	1.0	0.998167379352474	60	1
HG00128_2	HG00128#2	CYP21A1P	CYP21	HG00128#2#CM090096.1:28379634-33499179	3603783	3607055	+	3274	1.0	0.9777642400243679	0	1
HG00128_2	HG00128#2	CYP21A2	CYP21	HG00128#2#CM090096.1:28379634-33499179	3603828	3607055	+	3230	1.0	0.9962848297213622	60	1
HG00128_2	HG00128#2	CYP21A2	CYP21	HG00128#2#CM090096.1:28379634-33499179	3571098	3574322	+	3230	0.9984520123839009	0.9780389730900093	0	1
HG00128_2	HG00128#2	TNXA	TNX	HG00128#2#CM090096.1:28379634-33499179	3573832	3578436	-	4604	1.0	0.998262380538662	60	1
HG00128_2	HG00128#2	TNXA	TNX	HG00128#2#CM090096.1:28379634-33499179	3606565	3611288	-	4604	1.0	0.9695173581710415	0	1
HG00128_2	HG00128#2	TNXB	TNX	HG00128#2#CM090096.1:28379634-33499179	3606563	3674737	-	68186	1.0	0.9988562714449104	60	1
HG00128_2	HG00128#2	WHR1B	WHR1	HG00128#2#CM090096.1:28379634-33499179	3578682	3579200	+	518	1.0	0.9980694980694981	60	1
HG00128_2	HG00128#2	WHR1B	WHR1	HG00128#2#CM090096.1:28379634-33499179	3545944	3546462	+	518	1.0	0.9942084942084942	0	1
HG00133_1	HG00133#1	WHR1	WHR1	HG00133#1#CM090050.1:28455191-33589633	3556786	3567050	+	10272	1.0	0.9981504915798696	60	1
HG00133_1	HG00133#1	CYP21A1P	CYP21	HG00133#1#CM090050.1:28455191-33589633	3591239	3594513	+	3274	1.0	0.9966401954795358	60	1
HG00133_1	HG00133#1	CYP21A1P	CYP21	HG00133#1#CM090050.1:28455191-33589633	3617605	3620880	+	3274	1.0	0.977459640572647	0	1
HG00133_1	HG00133#1	CYP21A2	CYP21	HG00133#1#CM090050.1:28455191-33589633	3617650	3620880	+	3230	1.0	0.9975232198142415	60	1
HG00133_1	HG00133#1	CYP21A2	CYP21	HG00133#1#CM090050.1:28455191-33589633	3591289	3594513	+	3230	0.9984520123839009	0.9789669038045159	0	1
HG00133_1	HG00133#1	TNXA	TNX	HG00133#1#CM090050.1:28455191-33589633	3594023	3598627	-	4604	1.0	0.9960903562119896	45	1
HG00133_1	HG00133#1	TNXA	TNX	HG00133#1#CM090050.1:28455191-33589633	3620390	3625113	-	4604	1.0	0.9693056731583404	0	1
HG00133_1	HG00133#1	TNXB	TNX	HG00133#1#CM090050.1:28455191-33589633	3620388	3688577	-	68186	1.0	0.9989735769377401	60	1
HG00133_1	HG00133#1	WHR1B	WHR1	HG00133#1#CM090050.1:28455191-33589633	3598873	3599391	+	518	1.0	0.9961389961389961	60	1
HG00133_1	HG00133#1	WHR1B	WHR1	HG00133#1#CM090050.1:28455191-33589633	3566138	3566653	+	518	1.0	0.9884169884169884	0	1
HG00133_2	HG00133#2	WHR1	WHR1	HG00133#2#CM090065.1:28391702-33637176	3552810	3563083	+	10272	1.0	0.9989293361884368	60	1
HG00133_2	HG00133#2	CYP21A1P	CYP21	HG00133#2#CM090065.1:28391702-33637176	3587272	3590546	+	3274	1.0	0.998167379352474	60	1
HG00133_2	HG00133#2	CYP21A1P	CYP21	HG00133#2#CM090065.1:28391702-33637176	3620007	3623278	+	3274	1.0	0.9780621572212066	0	1
HG00133_2	HG00133#2	CYP21A2	CYP21	HG00133#2#CM090065.1:28391702-33637176	3620052	3623278	+	3230	1.0	0.9962848297213622	60	1
HG00133_2	HG00133#2	CYP21A2	CYP21	HG00133#2#CM090065.1:28391702-33637176	3587322	3590546	+	3230	0.9984520123839009	0.9780389730900093	0	1
HG00133_2	HG00133#2	TNXA	TNX	HG00133#2#CM090065.1:28391702-33637176	3590056	3594660	-	4604	1.0	0.9980451781059948	60	1
HG00133_2	HG00133#2	TNXA	TNX	HG00133#2#CM090065.1:28391702-33637176	3622788	3627511	-	4604	1.0	0.9688823031329382	0	1
HG00133_2	HG00133#2	TNXB	TNX	HG00133#2#CM090065.1:28391702-33637176	3622786	3690958	-	68186	1.0	0.9987243401759531	60	1
HG00133_2	HG00133#2	WHR1B	WHR1	HG00133#2#CM090065.1:28391702-33637176	3594906	3595424	+	518	1.0	0.9980694980694981	60	1
HG00133_2	HG00133#2	WHR1B	WHR1	HG00133#2#CM090065.1:28391702-33637176	3562168	3562686	+	518	1.0	0.9942084942084942	0	1
HG00140_1	HG00140#1	WHR1	WHR1	HG00140#1#CM087111.1:28362821-33594371	3623101	3633373	+	10272	1.0	0.9995132398753894	60	1
HG00140_1	HG00140#1	CYP21A1P	CYP21	HG00140#1#CM087111.1:28362821-33594371	3657560	3660834	+	3274	1.0	0.9774527726995734	0	1
HG00140_1	HG00140#1	CYP21A1P	CYP21	HG00140#1#CM087111.1:28362821-33594371	3690294	3693568	+	3274	1.0	0.9774527726995734	0	1
HG00140_1	HG00140#1	CYP21A2	CYP21	HG00140#1#CM087111.1:28362821-33594371	3690339	3693568	+	3230	1.0	0.9981424148606811	0	1
HG00140_1	HG00140#1	CYP21A2	CYP21	HG00140#1#CM087111.1:28362821-33594371	3657605	3660834	+	3230	1.0	0.9981424148606811	0	1
HG00140_1	HG00140#1	TNXA	TNX	HG00140#1#CM087111.1:28362821-33594371	3660344	3664947	-	4604	1.0	0.9967419635099913	28	1
HG00140_1	HG00140#1	TNXA	TNX	HG00140#1#CM087111.1:28362821-33594371	3693078	3697801	-	4604	1.0	0.970575783234547	0	1
HG00140_1	HG00140#1	TNXB	TNX	HG00140#1#CM087111.1:28362821-33594371	3693076	3761270	-	68186	1.0	0.9993841642228739	60	1
HG00140_1	HG00140#1	WHR1B	WHR1	HG00140#1#CM087111.1:28362821-33594371	3665193	3665711	+	518	1.0	0.9980694980694981	34	1
HG00140_1	HG00140#1	WHR1B	WHR1	HG00140#1#CM087111.1:28362821-33594371	3632458	3632976	+	518	1.0	0.9961389961389961	0	1
HG00140_2	HG00140#2	WHR1	WHR1	HG00140#2#CM087137.1:28381998-33511941	3552009	3562279	+	10272	1.0	0.9994158878504673	60	1
HG00140_2	HG00140#2	CYP21A1P	CYP21	HG00140#2#CM087137.1:28381998-33511941	3586470	3589744	+	3274	1.0	0.9972510690287111	60	1
HG00140_2	HG00140#2	CYP21A1P	CYP21	HG00140#2#CM087137.1:28381998-33511941	3612837	3616112	+	3274	1.0	0.978982637831252	0	1
HG00140_2	HG00140#2	CYP21A2	CYP21	HG00140#2#CM087137.1:28381998-33511941	3612882	3616112	+	3230	1.0	0.9962848297213622	60	1
HG00140_2	HG00140#2	CYP21A2	CYP21	HG00140#2#CM087137.1:28381998-33511941	3586520	3589744	+	3230	0.9984520123839009	0.9777296628518404	0	1
HG00140_2	HG00140#2	TNXA	TNX	HG00140#2#CM087137.1:28381998-33511941	3589254	3593858	-	4604	1.0	0.9967419635099913	4	1
HG00140_2	HG00140#2	TNXA	TNX	HG00140#2#CM087137.1:28381998-33511941	3615622	3620346	-	4604	1.0	0.9714225232853514	0	1
HG00140_2	HG00140#2	TNXB	TNX	HG00140#2#CM087137.1:28381998-33511941	3615620	3683776	-	68186	1.0	0.9981673972642906	60	1
HG00140_2	HG00140#2	WHR1B	WHR1	HG00140#2#CM087137.1:28381998-33511941	3594104	3594622	+	518	1.0	0.9980694980694981	60	1
HG00140_2	HG00140#2	WHR1B	WHR1	HG00140#2#CM087137.1:28381998-33511941	3561364	3561882	+	518	1.0	0.9942084942084942	0	1
HG00146_1	HG00146#1	WHR1	WHR1	HG00146#1#CM090015.1:28391294-33489055	3553118	3563390	+	10272	1.0	0.9999026479750779	60	1
HG00146_1	HG00146#1	CYP21A1P	CYP21	HG00146#1#CM090015.1:28391294-33489055	3581208	3584483	+	3274	1.0	0.976545842217484	60	1
HG00146_1	HG00146#1	CYP21A2	CYP21	HG00146#1#CM090015.1:28391294-33489055	3581253	3584483	+	3230	1.0	0.9984520123839009	60	1
HG00146_1	HG00146#1	TNXA	TNX	HG00146#1#CM090015.1:28391294-33489055	3583993	3588716	-	4604	1.0	0.9699407281964437	60	1
HG00146_1	HG00146#1	TNXB	TNX	HG00146#1#CM090015.1:28391294-33489055	3583991	3652189	-	68186	1.0	0.9991936311522278	60	1
HG00146_1	HG00146#1	WHR1B	WHR1	HG00146#1#CM090015.1:28391294-33489055	3562475	3562993	+	518	1.0	0.9942084942084942	60	1
HG00146_2	HG00146#2	WHR1	WHR1	HG00146#2#JBHIKP010000006.1:28398454-33526840	3553178	3563450	+	10272	1.0	0.9987346700408799	60	1
HG00146_2	HG00146#2	CYP21A1P	CYP21	HG00146#2#JBHIKP010000006.1:28398454-33526840	3587639	3590912	+	3274	1.0	0.9923640806353085	60	1
HG00146_2	HG00146#2	CYP21A2	CYP21	HG00146#2#JBHIKP010000006.1:28398454-33526840	3587689	3590912	+	3230	0.9984520123839009	0.9845297029702971	60	1
HG00146_2	HG00146#2	TNXA	TNX	HG00146#2#JBHIKP010000006.1:28398454-33526840	3590422	3595145	-	4604	1.0	0.9686706181202371	60	1
HG00146_2	HG00146#2	TNXB	TNX	HG00146#2#JBHIKP010000006.1:28398454-33526840	3590420	3658606	-	68186	1.0	0.9988710339569526	60	1
HG00146_2	HG00146#2	WHR1B	WHR1	HG00146#2#JBHIKP010000006.1:28398454-33526840	3562535	3563053	+	518	1.0	0.9922779922779923	60	1
HG00232_1	HG00232#1	WHR1	WHR1	HG00232#1#JBHIKM010000014.1:28302939-33474178	3562598	3572870	+	10272	1.0	1.0	60	1
HG00232_1	HG00232#1	CYP21A1P	CYP21	HG00232#1#JBHIKM010000014.1:28302939-33474178	3597059	3600333	+	3274	1.0	1.0	60	1
HG00232_1	HG00232#1	CYP21A1P	CYP21	HG00232#1#JBHIKM010000014.1:28302939-33474178	3629793	3633068	+	3274	1.0	0.9783734389278099	0	1
HG00232_1	HG00232#1	CYP21A2	CYP21	HG00232#1#JBHIKM010000014.1:28302939-33474178	3629838	3633068	+	3230	1.0	0.9996904024767802	60	1
HG00232_1	HG00232#1	CYP21A2	CYP21	HG00232#1#JBHIKM010000014.1:28302939-33474178	3597109	3600333	+	3230	0.9984520123839009	0.9780389730900093	0	1
HG00232_1	HG00232#1	TNXA	TNX	HG00232#1#JBHIKM010000014.1:28302939-33474178	3599843	3604447	-	4604	1.0	1.0	60	1
HG00232_1	HG00232#1	TNXA	TNX	HG00232#1#JBHIKM010000014.1:28302939-33474178	3632578	3637301	-	4604	1.0	0.9701524132091448	0	1
HG00232_1	HG00232#1	TNXB	TNX	HG00232#1#JBHIKM010000014.1:28302939-33474178	3632576	3700761	-	68186	1.0	0.9999706684656674	60	1
HG00232_1	HG00232#1	WHR1B	WHR1	HG00232#1#JBHIKM010000014.1:28302939-33474178	3604693	3605211	+	518	1.0	1.0	60	1
HG00232_1	HG00232#1	WHR1B	WHR1	HG00232#1#JBHIKM010000014.1:28302939-33474178	3571955	3572473	+	518	1.0	0.9942084942084942	0	1
HG00232_2	HG00232#2	WHR1	WHR1	HG00232#2#JBHIKN010000040.1:28366410-33541603	3559433	3569706	+	10272	1.0	0.9992212596125767	60	1
HG00232_2	HG00232#2	CYP21A1P	CYP21	HG00232#2#JBHIKN010000040.1:28366410-33541603	3593896	3597170	+	3274	1.0	0.9966401954795358	0	1
HG00232_2	HG00232#2	CYP21A1P	CYP21	HG00232#2#JBHIKN010000040.1:28366410-33541603	3626635	3629909	+	3274	1.0	0.9966401954795358	0	1
HG00232_2	HG00232#2	CYP21A1P	CYP21	HG00232#2#JBHIKN010000040.1:28366410-33541603	3659371	3662646	+	3274	1.0	0.977155041120926	0	1
HG00232_2	HG00232#2	CYP21A2	CYP21	HG00232#2#JBHIKN010000040.1:28366410-33541603	3659416	3662646	+	3230	1.0	0.9984520123839009	60	1
HG00232_2	HG00232#2	CYP21A2	CYP21	HG00232#2#JBHIKN010000040.1:28366410-33541603	3593946	3597170	+	3230	0.9984520123839009	0.9777296628518404	0	1
HG00232_2	HG00232#2	CYP21A2	CYP21	HG00232#2#JBHIKN010000040.1:28366410-33541603	3626685	3629909	+	3230	0.9984520123839009	0.9777296628518404	0	1
HG00232_2	HG00232#2	TNXA	TNX	HG00232#2#JBHIKN010000040.1:28366410-33541603	3596680	3601284	-	4604	1.0	0.9978279756733276	0	1
HG00232_2	HG00232#2	TNXA	TNX	HG00232#2#JBHIKN010000040.1:28366410-33541603	3629419	3634023	-	4604	1.0	0.9978279756733276	0	1
HG00232_2	HG00232#2	TNXA	TNX	HG00232#2#JBHIKN010000040.1:28366410-33541603	3662156	3666879	-	4604	1.0	0.9701524132091448	0	1
HG00232_2	HG00232#2	TNXB	TNX	HG00232#2#JBHIKN010000040.1:28366410-33541603	3662154	3730340	-	68186	1.0	0.999530736743313	60	1
HG00232_2	HG00232#2	WHR1B	WHR1	HG00232#2#JBHIKN010000040.1:28366410-33541603	3634269	3634787	+	518	1.0	0.9980694980694981	0	1
HG00232_2	HG00232#2	WHR1B	WHR1	HG00232#2#JBHIKN010000040.1:28366410-33541603	3601530	3602048	+	518	1.0	0.9980694980694981	0	1
HG00232_2	HG00232#2	WHR1B	WHR1	HG00232#2#JBHIKN010000040.1:28366410-33541603	3568791	3569309	+	518	1.0	0.9961389961389961	0	1
HG00235_1	HG00235#1	WHR1	WHR1	HG00235#1#JBIRED010000015.1:28430445-33672471	3549429	3559701	+	10272	1.0	0.9992212596125767	60	1
HG00235_1	HG00235#1	CYP21A1P	CYP21	HG00235#1#JBIRED010000015.1:28430445-33672471	3583890	3587164	+	3274	1.0	0.998167379352474	60	1
HG00235_1	HG00235#1	CYP21A1P	CYP21	HG00235#1#JBIRED010000015.1:28430445-33672471	3616625	3619897	+	3274	1.0	0.976850441669205	0	1
HG00235_1	HG00235#1	CYP21A2	CYP21	HG00235#1#JBIRED010000015.1:28430445-33672471	3616670	3619897	+	3230	1.0	0.996594427244582	60	1
HG00235_1	HG00235#1	CYP21A2	CYP21	HG00235#1#JBIRED010000015.1:28430445-33672471	3583940	3587164	+	3230	0.9984520123839009	0.9780389730900093	0	1
HG00235_1	HG00235#1	TNXA	TNX	HG00235#1#JBIRED010000015.1:28430445-33672471	3586674	3591278	-	4604	1.0	0.9980451781059948	60	1
HG00235_1	HG00235#1	TNXA	TNX	HG00235#1#JBIRED010000015.1:28430445-33672471	3619407	3624130	-	4604	1.0	0.9693056731583404	0	1
HG00235_1	HG00235#1	TNXB	TNX	HG00235#1#JBIRED010000015.1:28430445-33672471	3619405	3687584	-	68186	1.0	0.9986512043865179	60	1
HG00235_1	HG00235#1	WHR1B	WHR1	HG00235#1#JBIRED010000015.1:28430445-33672471	3591524	3592042	+	518	1.0	0.9980694980694981	60	1
HG00235_1	HG00235#1	WHR1B	WHR1	HG00235#1#JBIRED010000015.1:28430445-33672471	3558786	3559304	+	518	1.0	0.9942084942084942	0	1
HG00235_2	HG00235#2	WHR1	WHR1	HG00235#2#JBIREE010000012.1:28440799-33687305	3552966	3563237	+	10272	1.0	0.9992211838006231	60	1
HG00235_2	HG00235#2	CYP21A1P	CYP21	HG00235#2#JBIREE010000012.1:28440799-33687305	3587426	3590700	+	3274	1.0	0.998167379352474	60	1
HG00235_2	HG00235#2	CYP21A1P	CYP21	HG00235#2#JBIREE010000012.1:28440799-33687305	3620161	3623433	+	3274	1.0	0.977459640572647	0	1
HG00235_2	HG00235#2	CYP21A2	CYP21	HG00235#2#JBIREE010000012.1:28440799-33687305	3620206	3623433	+	3230	1.0	0.9959752321981424	60	1
HG00235_2	HG00235#2	CYP21A2	CYP21	HG00235#2#JBIREE010000012.1:28440799-33687305	3587476	3590700	+	3230	0.9984520123839009	0.9780389730900093	0	1
HG00235_2	HG00235#2	TNXA	TNX	HG00235#2#JBIREE010000012.1:28440799-33687305	3590210	3594814	-	4604	1.0	0.9980451781059948	60	1
HG00235_2	HG00235#2	TNXA	TNX	HG00235#2#JBIREE010000012.1:28440799-33687305	3622943	3627666	-	4604	1.0	0.9688823031329382	0	1
HG00235_2	HG00235#2	TNXB	TNX	HG00235#2#JBIREE010000012.1:28440799-33687305	3622941	3691120	-	68186	1.0	0.998768400680312	60	1
HG00235_2	HG00235#2	WHR1B	WHR1	HG00235#2#JBIREE010000012.1:28440799-33687305	3595060	3595578	+	518	1.0	0.9980694980694981	60	1
HG00235_2	HG00235#2	WHR1B	WHR1	HG00235#2#JBIREE010000012.1:28440799-33687305	3562322	3562840	+	518	1.0	0.9942084942084942	0	1
HG00253_1	HG00253#1	WHR1	WHR1	HG00253#1#CM094460.1:28362997-33511495	3554970	3565233	+	10272	1.0	0.9980529595015576	60	1
HG00253_1	HG00253#1	CYP21A1P	CYP21	HG00253#1#CM094460.1:28362997-33511495	3589423	3592697	+	3274	1.0	0.9969456322541234	60	1
HG00253_1	HG00253#1	CYP21A1P	CYP21	HG00253#1#CM094460.1:28362997-33511495	3615791	3619066	+	3274	1.0	0.976850441669205	0	1
HG00253_1	HG00253#1	CYP21A2	CYP21	HG00253#1#CM094460.1:28362997-33511495	3615836	3619066	+	3230	1.0	0.9978328173374613	60	1
HG00253_1	HG00253#1	CYP21A2	CYP21	HG00253#1#CM094460.1:28362997-33511495	3589473	3592697	+	3230	0.9984520123839009	0.9786575935663471	0	1
HG00253_1	HG00253#1	TNXA	TNX	HG00253#1#CM094460.1:28362997-33511495	3592207	3596811	-	4604	1.0	0.9963075586446568	33	1
HG00253_1	HG00253#1	TNXA	TNX	HG00253#1#CM094460.1:28362997-33511495	3618576	3623299	-	4604	1.0	0.9699407281964437	0	1
HG00253_1	HG00253#1	TNXB	TNX	HG00253#1#CM094460.1:28362997-33511495	3618574	3686774	-	68186	1.0	0.9992229536557832	60	1
HG00253_1	HG00253#1	WHR1B	WHR1	HG00253#1#CM094460.1:28362997-33511495	3597057	3597575	+	518	1.0	0.9961389961389961	60	1
HG00253_1	HG00253#1	WHR1B	WHR1	HG00253#1#CM094460.1:28362997-33511495	3564321	3564836	+	518	1.0	0.9884169884169884	0	1
HG00253_2	HG00253#2	WHR1	WHR1	HG00253#2#CM094482.1:28362559-33525998	3554289	3564561	+	10272	1.0	1.0	60	1
HG00253_2	HG00253#2	CYP21A1P	CYP21	HG00253#2#CM094482.1:28362559-33525998	3588750	3592024	+	3274	1.0	1.0	60	1
HG00253_2	HG00253#2	CYP21A1P	CYP21	HG00253#2#CM094482.1:28362559-33525998	3621484	3624759	+	3274	1.0	0.9780688394760889	0	1
HG00253_2	HG00253#2	CYP21A2	CYP21	HG00253#2#CM094482.1:28362559-33525998	3621529	3624759	+	3230	1.0	0.9996904024767802	60	1
HG00253_2	HG00253#2	CYP21A2	CYP21	HG00253#2#CM094482.1:28362559-33525998	3588800	3592024	+	3230	0.9984520123839009	0.9780389730900093	0	1
HG00253_2	HG00253#2	TNXA	TNX	HG00253#2#CM094482.1:28362559-33525998	3591534	3596138	-	4604	1.0	1.0	60	1
HG00253_2	HG00253#2	TNXA	TNX	HG00253#2#CM094482.1:28362559-33525998	3624269	3628992	-	4604	1.0	0.9701524132091448	0	1
HG00253_2	HG00253#2	TNXB	TNX	HG00253#2#CM094482.1:28362559-33525998	3624267	3692448	-	68186	1.0	0.9999266711641686	60	1
HG00253_2	HG00253#2	WHR1B	WHR1	HG00253#2#CM094482.1:28362559-33525998	3596384	3596902	+	518	1.0	1.0	60	1
HG00253_2	HG00253#2	WHR1B	WHR1	HG00253#2#CM094482.1:28362559-33525998	3563646	3564164	+	518	1.0	0.9942084942084942	0	1
HG00272_1	HG00272#1	WHR1	WHR1	HG00272#1#CM094189.1:28268096-33422158	3550160	3560422	+	10272	1.0	0.9981503115264797	60	1
HG00272_1	HG00272#1	CYP21A1P	CYP21	HG00272#1#CM094189.1:28268096-33422158	3584612	3587886	+	3274	1.0	0.9969456322541234	60	1
HG00272_1	HG00272#1	CYP21A1P	CYP21	HG00272#1#CM094189.1:28268096-33422158	3617347	3620621	+	3274	1.0	0.9780621572212066	0	1
HG00272_1	HG00272#1	CYP21A2	CYP21	HG00272#1#CM094189.1:28268096-33422158	3617392	3620621	+	3230	1.0	0.9978328173374613	60	1
HG00272_1	HG00272#1	CYP21A2	CYP21	HG00272#1#CM094189.1:28268096-33422158	3584662	3587886	+	3230	0.9984520123839009	0.9786575935663471	0	1
HG00272_1	HG00272#1	TNXA	TNX	HG00272#1#CM094189.1:28268096-33422158	3587396	3592000	-	4604	1.0	0.9958731537793223	50	1
HG00272_1	HG00272#1	TNXA	TNX	HG00272#1#CM094189.1:28268096-33422158	3620131	3624854	-	4604	1.0	0.9688823031329382	0	1
HG00272_1	HG00272#1	TNXB	TNX	HG00272#1#CM094189.1:28268096-33422158	3620129	3688306	-	68186	1.0	0.9987976186984956	60	1
HG00272_1	HG00272#1	WHR1B	WHR1	HG00272#1#CM094189.1:28268096-33422158	3592246	3592764	+	518	1.0	0.9961389961389961	60	1
HG00272_1	HG00272#1	WHR1B	WHR1	HG00272#1#CM094189.1:28268096-33422158	3559510	3560025	+	518	1.0	0.9884169884169884	0	1
HG00272_2	HG00272#2	WHR1	WHR1	HG00272#2#CM094216.1:28400431-33497055	3553064	3563336	+	10272	1.0	0.9999026479750779	60	1
HG00272_2	HG00272#2	CYP21A1P	CYP21	HG00272#2#CM094216.1:28400431-33497055	3581154	3584429	+	3274	1.0	0.976545842217484	60	1
HG00272_2	HG00272#2	CYP21A2	CYP21	HG00272#2#CM094216.1:28400431-33497055	3581199	3584429	+	3230	1.0	0.9984520123839009	60	1
HG00272_2	HG00272#2	TNXA	TNX	HG00272#2#CM094216.1:28400431-33497055	3583939	3588662	-	4604	1.0	0.9699407281964437	60	1
HG00272_2	HG00272#2	TNXB	TNX	HG00272#2#CM094216.1:28400431-33497055	3583937	3652138	-	68186	1.0	0.9991496847969505	60	1
HG00272_2	HG00272#2	WHR1B	WHR1	HG00272#2#CM094216.1:28400431-33497055	3562421	3562939	+	518	1.0	0.9942084942084942	60	1
HG00280_1	HG00280#1	WHR1	WHR1	HG00280#1#CM087149.1:28404965-33542525	3553113	3563386	+	10272	1.0	0.9989293361884368	60	1
HG00280_1	HG00280#1	CYP21A1P	CYP21	HG00280#1#CM087149.1:28404965-33542525	3587575	3590849	+	3274	1.0	0.998167379352474	60	1
HG00280_1	HG00280#1	CYP21A1P	CYP21	HG00280#1#CM087149.1:28404965-33542525	3620310	3623584	+	3274	1.0	0.9795856185252895	0	1
HG00280_1	HG00280#1	CYP21A2	CYP21	HG00280#1#CM087149.1:28404965-33542525	3620355	3623584	+	3230	1.0	0.996594427244582	60	1
HG00280_1	HG00280#1	CYP21A2	CYP21	HG00280#1#CM087149.1:28404965-33542525	3587625	3590849	+	3230	0.9984520123839009	0.9780389730900093	0	1
HG00280_1	HG00280#1	TNXA	TNX	HG00280#1#CM087149.1:28404965-33542525	3590359	3594963	-	4604	1.0	0.9980451781059948	60	1
HG00280_1	HG00280#1	TNXA	TNX	HG00280#1#CM087149.1:28404965-33542525	3623094	3627817	-	4604	1.0	0.9686706181202371	0	1
HG00280_1	HG00280#1	TNXB	TNX	HG00280#1#CM087149.1:28404965-33542525	3623092	3691266	-	68186	1.0	0.9986804293003343	60	1
HG00280_1	HG00280#1	WHR1B	WHR1	HG00280#1#CM087149.1:28404965-33542525	3595209	3595727	+	518	1.0	0.9980694980694981	60	1
HG00280_1	HG00280#1	WHR1B	WHR1	HG00280#1#CM087149.1:28404965-33542525	3562471	3562989	+	518	1.0	0.9942084942084942	0	1
HG00280_2	HG00280#2	WHR1	WHR1	HG00280#2#CM087160.1:28390542-33496389	3562308	3572580	+	10272	1.0	0.9999026479750779	60	1
HG00280_2	HG00280#2	CYP21A1P	CYP21	HG00280#2#CM087160.1:28390542-33496389	3590398	3593673	+	3274	1.0	0.976545842217484	60	1
HG00280_2	HG00280#2	CYP21A2	CYP21	HG00280#2#CM087160.1:28390542-33496389	3590443	3593673	+	3230	1.0	0.9984520123839009	60	1
HG00280_2	HG00280#2	TNXA	TNX	HG00280#2#CM087160.1:28390542-33496389	3593183	3597906	-	4604	1.0	0.9699407281964437	60	1
HG00280_2	HG00280#2	TNXB	TNX	HG00280#2#CM087160.1:28390542-33496389	3593181	3661373	-	68186	1.0	0.9992375590158646	60	1
HG00280_2	HG00280#2	WHR1B	WHR1	HG00280#2#CM087160.1:28390542-33496389	3571665	3572183	+	518	1.0	0.9942084942084942	60	1
HG00290_1	HG00290#1	WHR1	WHR1	HG00290#1#CM089982.1:28384478-33524366	3563957	3574229	+	10272	1.0	0.9991239170641487	60	1
HG00290_1	HG00290#1	CYP21A1P	CYP21	HG00290#1#CM089982.1:28384478-33524366	3598415	3601690	+	3274	1.0	0.977155041120926	60	1
HG00290_1	HG00290#1	CYP21A2	CYP21	HG00290#1#CM089982.1:28384478-33524366	3598460	3601690	+	3230	1.0	0.9975232198142415	60	1
HG00290_1	HG00290#1	TNXA	TNX	HG00290#1#CM089982.1:28384478-33524366	3601200	3605923	-	4604	1.0	0.970575783234547	60	1
HG00290_1	HG00290#1	TNXB	TNX	HG00290#1#CM089982.1:28384478-33524366	3601198	3669400	-	68186	1.0	0.9992522871217453	60	1
HG00290_1	HG00290#1	WHR1B	WHR1	HG00290#1#CM089982.1:28384478-33524366	3573314	3573832	+	518	1.0	0.9942084942084942	60	1
HG00290_2	HG00290#2	WHR1	WHR1	HG00290#2#CM090006.1:28396532-33558743	3554268	3564540	+	10272	1.0	0.9995132398753894	60	1
HG00290_2	HG00290#2	CYP21A1P	CYP21	HG00290#2#CM090006.1:28396532-33558743	3588730	3592004	+	3274	1.0	0.9966401954795358	60	1
HG00290_2	HG00290#2	CYP21A1P	CYP21	HG00290#2#CM090006.1:28396532-33558743	3621466	3624741	+	3274	1.0	0.977459640572647	0	1
HG00290_2	HG00290#2	CYP21A2	CYP21	HG00290#2#CM090006.1:28396532-33558743	3621511	3624741	+	3230	1.0	0.9975232198142415	60	1
HG00290_2	HG00290#2	CYP21A2	CYP21	HG00290#2#CM090006.1:28396532-33558743	3588780	3592004	+	3230	0.9984520123839009	0.9777296628518404	0	1
HG00290_2	HG00290#2	TNXA	TNX	HG00290#2#CM090006.1:28396532-33558743	3591514	3596118	-	4604	1.0	0.9976107732406603	47	1
HG00290_2	HG00290#2	TNXA	TNX	HG00290#2#CM090006.1:28396532-33558743	3624251	3628974	-	4604	1.0	0.970575783234547	0	1
HG00290_2	HG00290#2	TNXB	TNX	HG00290#2#CM090006.1:28396532-33558743	3624249	3692443	-	68186	1.0	0.9992815670635153	60	1
HG00290_2	HG00290#2	WHR1B	WHR1	HG00290#2#CM090006.1:28396532-33558743	3596364	3596882	+	518	1.0	0.9980694980694981	34	1
HG00290_2	HG00290#2	WHR1B	WHR1	HG00290#2#CM090006.1:28396532-33558743	3563625	3564143	+	518	1.0	0.9961389961389961	0	1
HG00320_1	HG00320#1	WHR1	WHR1	HG00320#1#CM089951.1:28434922-33547606	3624508	3634780	+	10272	1.0	0.9991239170641487	60	1
HG00320_1	HG00320#1	CYP21A1P	CYP21	HG00320#1#CM089951.1:28434922-33547606	3658966	3662238	+	3274	1.0	0.977459640572647	60	1
HG00320_1	HG00320#1	CYP21A2	CYP21	HG00320#1#CM089951.1:28434922-33547606	3659011	3662238	+	3230	1.0	0.9959752321981424	60	1
HG00320_1	HG00320#1	TNXA	TNX	HG00320#1#CM089951.1:28434922-33547606	3661748	3666471	-	4604	1.0	0.9688823031329382	60	1
HG00320_1	HG00320#1	TNXB	TNX	HG00320#1#CM089951.1:28434922-33547606	3661746	3729933	-	68186	1.0	0.9986219635553341	60	1
HG00320_1	HG00320#1	WHR1B	WHR1	HG00320#1#CM089951.1:28434922-33547606	3633865	3634383	+	518	1.0	0.9942084942084942	60	1
HG00320_2	HG00320#2	WHR1	WHR1	HG00320#2#CM089965.1:28395668-33476154	3566328	3576601	+	10272	1.0	0.9994159447094325	60	1
HG00320_2	HG00320#2	CYP21A1P	CYP21	HG00320#2#CM089965.1:28395668-33476154	3600789	3604063	+	3274	1.0	0.9987782529016493	60	1
HG00320_2	HG00320#2	CYP21A1P	CYP21	HG00320#2#CM089965.1:28395668-33476154	3627155	3630430	+	3274	1.0	0.977459640572647	0	1
HG00320_2	HG00320#2	CYP21A2	CYP21	HG00320#2#CM089965.1:28395668-33476154	3627205	3630430	+	3230	0.9984520123839009	0.9990697674418605	60	1
HG00320_2	HG00320#2	CYP21A2	CYP21	HG00320#2#CM089965.1:28395668-33476154	3600839	3604063	+	3230	0.9984520123839009	0.9774203526136716	0	1
HG00320_2	HG00320#2	TNXA	TNX	HG00320#2#CM089965.1:28395668-33476154	3603573	3608177	-	4604	1.0	0.9978279756733276	60	1
HG00320_2	HG00320#2	TNXA	TNX	HG00320#2#CM089965.1:28395668-33476154	3629940	3634663	-	4604	1.0	0.9701524132091448	0	1
HG00320_2	HG00320#2	TNXB	TNX	HG00320#2#CM089965.1:28395668-33476154	3629938	3698131	-	68186	1.0	0.9992668836691007	60	1
HG00320_2	HG00320#2	WHR1B	WHR1	HG00320#2#CM089965.1:28395668-33476154	3608423	3608941	+	518	1.0	0.9961389961389961	43	1
HG00320_2	HG00320#2	WHR1B	WHR1	HG00320#2#CM089965.1:28395668-33476154	3575686	3576204	+	518	1.0	0.9942084942084942	0	1
HG00321_1	HG00321#1	WHR1	WHR1	HG00321#1#CM089541.1:28422537-33579208	3555897	3566170	+	10272	1.0	0.9994159447094325	60	1
HG00321_1	HG00321#1	CYP21A1P	CYP21	HG00321#1#CM089541.1:28422537-33579208	3590358	3593632	+	3274	1.0	0.9987782529016493	60	1
HG00321_1	HG00321#1	CYP21A1P	CYP21	HG00321#1#CM089541.1:28422537-33579208	3616724	3619999	+	3274	1.0	0.977459640572647	0	1
HG00321_1	HG00321#1	CYP21A2	CYP21	HG00321#1#CM089541.1:28422537-33579208	3616774	3619999	+	3230	0.9984520123839009	0.9990697674418605	60	1
HG00321_1	HG00321#1	CYP21A2	CYP21	HG00321#1#CM089541.1:28422537-33579208	3590408	3593632	+	3230	0.9984520123839009	0.9774203526136716	0	1
HG00321_1	HG00321#1	TNXA	TNX	HG00321#1#CM089541.1:28422537-33579208	3593142	3597746	-	4604	1.0	0.9980451781059948	60	1
HG00321_1	HG00321#1	TNXA	TNX	HG00321#1#CM089541.1:28422537-33579208	3619509	3624232	-	4604	1.0	0.9701524132091448	0	1
HG00321_1	HG00321#1	TNXB	TNX	HG00321#1#CM089541.1:28422537-33579208	3619507	3687700	-	68186	1.0	0.9992668836691007	60	1
HG00321_1	HG00321#1	WHR1B	WHR1	HG00321#1#CM089541.1:28422537-33579208	3597992	3598510	+	518	1.0	0.9961389961389961	43	1
HG00321_1	HG00321#1	WHR1B	WHR1	HG00321#1#CM089541.1:28422537-33579208	3565255	3565773	+	518	1.0	0.9942084942084942	0	1
HG00321_2	HG00321#2	WHR1	WHR1	HG00321#2#CM089572.1:28378789-33420293	3553400	3563672	+	10272	1.0	0.9991239170641487	60	1
HG00321_2	HG00321#2	CYP21A1P	CYP21	HG00321#2#CM089572.1:28378789-33420293	3587858	3591130	+	3274	1.0	0.977459640572647	60	1
HG00321_2	HG00321#2	CYP21A2	CYP21	HG00321#2#CM089572.1:28378789-33420293	3587903	3591130	+	3230	1.0	0.9959752321981424	60	1
HG00321_2	HG00321#2	TNXA	TNX	HG00321#2#CM089572.1:28378789-33420293	3590640	3595363	-	4604	1.0	0.9688823031329382	60	1
HG00321_2	HG00321#2	TNXB	TNX	HG00321#2#CM089572.1:28378789-33420293	3590638	3658824	-	68186	1.0	0.9986512637072655	60	1
HG00321_2	HG00321#2	WHR1B	WHR1	HG00321#2#CM089572.1:28378789-33420293	3562757	3563275	+	518	1.0	0.9942084942084942	60	1
HG00323_1	HG00323#1	WHR1	WHR1	HG00323#1#CM087306.1:28385818-33469846	3505533	3515804	+	10272	1.0	0.9989292319672929	60	1
HG00323_1	HG00323#1	CYP21A1P	CYP21	HG00323#1#CM087306.1:28385818-33469846	3539995	3543269	+	3274	1.0	0.9984728161270617	60	1
HG00323_1	HG00323#1	CYP21A1P	CYP21	HG00323#1#CM087306.1:28385818-33469846	3566362	3569636	+	3274	1.0	0.9768433881779403	0	1
HG00323_1	HG00323#1	CYP21A2	CYP21	HG00323#1#CM087306.1:28385818-33469846	3566407	3569636	+	3230	1.0	0.9981424148606811	60	1
HG00323_1	HG00323#1	CYP21A2	CYP21	HG00323#1#CM087306.1:28385818-33469846	3540045	3543269	+	3230	0.9984520123839009	0.9777296628518404	0	1
HG00323_1	HG00323#1	TNXA	TNX	HG00323#1#CM087306.1:28385818-33469846	3542779	3547383	-	4604	1.0	0.9963075586446568	19	1
HG00323_1	HG00323#1	TNXA	TNX	HG00323#1#CM087306.1:28385818-33469846	3569146	3573869	-	4604	1.0	0.9703640982218459	0	1
HG00323_1	HG00323#1	TNXB	TNX	HG00323#1#CM087306.1:28385818-33469846	3569144	3637336	-	68186	1.0	0.9993988181644892	60	1
HG00323_1	HG00323#1	WHR1B	WHR1	HG00323#1#CM087306.1:28385818-33469846	3547629	3548147	+	518	1.0	0.9980694980694981	60	1
HG00323_1	HG00323#1	WHR1B	WHR1	HG00323#1#CM087306.1:28385818-33469846	3514889	3515407	+	518	1.0	0.9922779922779923	0	1
HG00323_2	HG00323#2	WHR1	WHR1	HG00323#2#CM087331.1:28400279-33501006	3498159	3508432	+	10272	1.0	0.9994159447094325	60	1
HG00323_2	HG00323#2	CYP21A1P	CYP21	HG00323#2#CM087331.1:28400279-33501006	3532620	3535894	+	3274	1.0	0.9987782529016493	60	1
HG00323_2	HG00323#2	CYP21A1P	CYP21	HG00323#2#CM087331.1:28400279-33501006	3558986	3562261	+	3274	1.0	0.977459640572647	0	1
HG00323_2	HG00323#2	CYP21A2	CYP21	HG00323#2#CM087331.1:28400279-33501006	3559036	3562261	+	3230	0.9984520123839009	0.9990697674418605	60	1
HG00323_2	HG00323#2	CYP21A2	CYP21	HG00323#2#CM087331.1:28400279-33501006	3532670	3535894	+	3230	0.9984520123839009	0.9774203526136716	0	1
HG00323_2	HG00323#2	TNXA	TNX	HG00323#2#CM087331.1:28400279-33501006	3535404	3540008	-	4604	1.0	0.9980451781059948	60	1
HG00323_2	HG00323#2	TNXA	TNX	HG00323#2#CM087331.1:28400279-33501006	3561771	3566494	-	4604	1.0	0.9703640982218459	0	1
HG00323_2	HG00323#2	TNXB	TNX	HG00323#2#CM087331.1:28400279-33501006	3561769	3629961	-	68186	1.0	0.9991349607800014	60	1
HG00323_2	HG00323#2	WHR1B	WHR1	HG00323#2#CM087331.1:28400279-33501006	3540254	3540772	+	518	1.0	0.9961389961389961	43	1
HG00323_2	HG00323#2	WHR1B	WHR1	HG00323#2#CM087331.1:28400279-33501006	3507517	3508035	+	518	1.0	0.9942084942084942	0	1
HG00329_1	HG00329#1	WHR1	WHR1	HG00329#1#CM094227.1:28398918-33572031	3563901	3574165	+	10272	1.0	0.9980529595015576	60	1
HG00329_1	HG00329#1	CYP21A1P	CYP21	HG00329#1#CM094227.1:28398918-33572031	3624726	3628000	+	3274	1.0	0.9969456322541234	6	1
HG00329_1	HG00329#1	CYP21A1P	CYP21	HG00329#1#CM094227.1:28398918-33572031	3598355	3601629	+	3274	1.0	0.9966401954795358	0	1
HG00329_1	HG00329#1	CYP21A1P	CYP21	HG00329#1#CM094227.1:28398918-33572031	3657480	3660755	+	3274	1.0	0.9780688394760889	0	1
HG00329_1	HG00329#1	CYP21A2	CYP21	HG00329#1#CM094227.1:28398918-33572031	3657525	3660755	+	3230	1.0	0.9975232198142415	60	1
HG00329_1	HG00329#1	CYP21A2	CYP21	HG00329#1#CM094227.1:28398918-33572031	3598405	3601629	+	3230	0.9984520123839009	0.9789669038045159	0	1
HG00329_1	HG00329#1	CYP21A2	CYP21	HG00329#1#CM094227.1:28398918-33572031	3624776	3628000	+	3230	0.9984520123839009	0.9786575935663471	0	1
HG00329_1	HG00329#1	TNXA	TNX	HG00329#1#CM094227.1:28398918-33572031	3601139	3605743	-	4604	1.0	0.9967419635099913	0	1
HG00329_1	HG00329#1	TNXA	TNX	HG00329#1#CM094227.1:28398918-33572031	3627510	3632114	-	4604	1.0	0.9967419635099913	0	1
HG00329_1	HG00329#1	TNXA	TNX	HG00329#1#CM094227.1:28398918-33572031	3660265	3664988	-	4604	1.0	0.9693056731583404	0	1
HG00329_1	HG00329#1	TNXB	TNX	HG00329#1#CM094227.1:28398918-33572031	3660263	3728516	-	68186	1.0	0.9979052529809861	60	1
HG00329_1	HG00329#1	WHR1B	WHR1	HG00329#1#CM094227.1:28398918-33572031	3632360	3632878	+	518	1.0	0.9961389961389961	0	1
HG00329_1	HG00329#1	WHR1B	WHR1	HG00329#1#CM094227.1:28398918-33572031	3605989	3606507	+	518	1.0	0.9961389961389961	0	1
HG00329_1	HG00329#1	WHR1B	WHR1	HG00329#1#CM094227.1:28398918-33572031	3573253	3573768	+	518	1.0	0.9884169884169884	0	1
HG00329_2	HG00329#2	WHR1	WHR1	HG00329#2#JBIRDQ010000006.1:28383055-33548759	3557706	3567978	+	10272	1.0	0.9991239170641487	60	1
HG00329_2	HG00329#2	CYP21A1P	CYP21	HG00329#2#JBIRDQ010000006.1:28383055-33548759	3592167	3595441	+	3274	1.0	0.998167379352474	60	1
HG00329_2	HG00329#2	CYP21A1P	CYP21	HG00329#2#JBIRDQ010000006.1:28383055-33548759	3624902	3628173	+	3274	1.0	0.9780621572212066	0	1
HG00329_2	HG00329#2	CYP21A2	CYP21	HG00329#2#JBIRDQ010000006.1:28383055-33548759	3624947	3628173	+	3230	1.0	0.9962848297213622	60	1
HG00329_2	HG00329#2	CYP21A2	CYP21	HG00329#2#JBIRDQ010000006.1:28383055-33548759	3592217	3595441	+	3230	0.9984520123839009	0.9780389730900093	0	1
HG00329_2	HG00329#2	TNXA	TNX	HG00329#2#JBIRDQ010000006.1:28383055-33548759	3594951	3599555	-	4604	1.0	0.9986967854039965	60	1
HG00329_2	HG00329#2	TNXA	TNX	HG00329#2#JBIRDQ010000006.1:28383055-33548759	3627683	3632406	-	4604	1.0	0.9690939881456393	0	1
HG00329_2	HG00329#2	TNXB	TNX	HG00329#2#JBIRDQ010000006.1:28383055-33548759	3627681	3695877	-	68186	1.0	0.9986074056700578	60	1
HG00329_2	HG00329#2	WHR1B	WHR1	HG00329#2#JBIRDQ010000006.1:28383055-33548759	3599801	3600319	+	518	1.0	0.9980694980694981	60	1
HG00329_2	HG00329#2	WHR1B	WHR1	HG00329#2#JBIRDQ010000006.1:28383055-33548759	3567063	3567581	+	518	1.0	0.9942084942084942	0	1
HG00344_1	HG00344#1	WHR1	WHR1	HG00344#1#JBIREN010000005.1:28404553-33569861	3558088	3568360	+	10272	1.0	1.0	60	1
HG00344_1	HG00344#1	CYP21A1P	CYP21	HG00344#1#JBIREN010000005.1:28404553-33569861	3592549	3595823	+	3274	1.0	1.0	60	1
HG00344_1	HG00344#1	CYP21A1P	CYP21	HG00344#1#JBIREN010000005.1:28404553-33569861	3625283	3628558	+	3274	1.0	0.9780688394760889	0	1
HG00344_1	HG00344#1	CYP21A2	CYP21	HG00344#1#JBIREN010000005.1:28404553-33569861	3625328	3628558	+	3230	1.0	0.9996904024767802	60	1
HG00344_1	HG00344#1	CYP21A2	CYP21	HG00344#1#JBIREN010000005.1:28404553-33569861	3592599	3595823	+	3230	0.9984520123839009	0.9780389730900093	0	1
HG00344_1	HG00344#1	TNXA	TNX	HG00344#1#JBIREN010000005.1:28404553-33569861	3595333	3599937	-	4604	1.0	1.0	60	1
HG00344_1	HG00344#1	TNXA	TNX	HG00344#1#JBIREN010000005.1:28404553-33569861	3628068	3632791	-	4604	1.0	0.9701524132091448	0	1
HG00344_1	HG00344#1	TNXB	TNX	HG00344#1#JBIREN010000005.1:28404553-33569861	3628066	3696255	-	68186	1.0	0.9999266754656108	60	1
HG00344_1	HG00344#1	WHR1B	WHR1	HG00344#1#JBIREN010000005.1:28404553-33569861	3600183	3600701	+	518	1.0	1.0	60	1
HG00344_1	HG00344#1	WHR1B	WHR1	HG00344#1#JBIREN010000005.1:28404553-33569861	3567445	3567963	+	518	1.0	0.9942084942084942	0	1
HG00344_2	HG00344#2	WHR1	WHR1	HG00344#2#JBIREO010000046.1:28507887-33680519	3564009	3574281	+	10272	1.0	1.0	60	1
HG00344_2	HG00344#2	CYP21A1P	CYP21	HG00344#2#JBIREO010000046.1:28507887-33680519	3598470	3601744	+	3274	1.0	1.0	60	1
HG00344_2	HG00344#2	CYP21A1P	CYP21	HG00344#2#JBIREO010000046.1:28507887-33680519	3631204	3634479	+	3274	1.0	0.9780688394760889	0	1
HG00344_2	HG00344#2	CYP21A2	CYP21	HG00344#2#JBIREO010000046.1:28507887-33680519	3631249	3634479	+	3230	1.0	0.9996904024767802	60	1
HG00344_2	HG00344#2	CYP21A2	CYP21	HG00344#2#JBIREO010000046.1:28507887-33680519	3598520	3601744	+	3230	0.9984520123839009	0.9780389730900093	0	1
HG00344_2	HG00344#2	TNXA	TNX	HG00344#2#JBIREO010000046.1:28507887-33680519	3601254	3605858	-	4604	1.0	1.0	60	1
HG00344_2	HG00344#2	TNXA	TNX	HG00344#2#JBIREO010000046.1:28507887-33680519	3633989	3638712	-	4604	1.0	0.970787468247248	0	1
HG00344_2	HG00344#2	TNXB	TNX	HG00344#2#JBIREO010000046.1:28507887-33680519	3633987	3702176	-	68186	1.0	0.9998826807449772	60	1
HG00344_2	HG00344#2	WHR1B	WHR1	HG00344#2#JBIREO010000046.1:28507887-33680519	3606104	3606622	+	518	1.0	1.0	60	1
HG00344_2	HG00344#2	WHR1B	WHR1	HG00344#2#JBIREO010000046.1:28507887-33680519	3573366	3573884	+	518	1.0	0.9942084942084942	0	1
HG00350_1	HG00350#1	WHR1	WHR1	HG00350#1#JBIREL010000054.1:28392042-33553743	3553813	3564085	+	10272	1.0	0.9991239170641487	60	1
HG00350_1	HG00350#1	CYP21A1P	CYP21	HG00350#1#JBIREL010000054.1:28392042-33553743	3588274	3591548	+	3274	1.0	0.998167379352474	60	1
HG00350_1	HG00350#1	CYP21A1P	CYP21	HG00350#1#JBIREL010000054.1:28392042-33553743	3621009	3624280	+	3274	1.0	0.9780621572212066	0	1
HG00350_1	HG00350#1	CYP21A2	CYP21	HG00350#1#JBIREL010000054.1:28392042-33553743	3621054	3624280	+	3230	1.0	0.9962848297213622	60	1
HG00350_1	HG00350#1	CYP21A2	CYP21	HG00350#1#JBIREL010000054.1:28392042-33553743	3588324	3591548	+	3230	0.9984520123839009	0.9780389730900093	0	1
HG00350_1	HG00350#1	TNXA	TNX	HG00350#1#JBIREL010000054.1:28392042-33553743	3591058	3595662	-	4604	1.0	0.9986967854039965	60	1
HG00350_1	HG00350#1	TNXA	TNX	HG00350#1#JBIREL010000054.1:28392042-33553743	3623790	3628513	-	4604	1.0	0.9690939881456393	0	1
HG00350_1	HG00350#1	TNXB	TNX	HG00350#1#JBIREL010000054.1:28392042-33553743	3623788	3691978	-	68186	1.0	0.9986659434418659	60	1
HG00350_1	HG00350#1	WHR1B	WHR1	HG00350#1#JBIREL010000054.1:28392042-33553743	3595908	3596426	+	518	1.0	0.9980694980694981	60	1
HG00350_1	HG00350#1	WHR1B	WHR1	HG00350#1#JBIREL010000054.1:28392042-33553743	3563170	3563688	+	518	1.0	0.9942084942084942	0	1
HG00350_2	HG00350#2	WHR1	WHR1	HG00350#2#JBIREM010000045.1:28412158-33655472	3551884	3562156	+	10272	1.0	0.9991239170641487	60	1
HG00350_2	HG00350#2	CYP21A1P	CYP21	HG00350#2#JBIREM010000045.1:28412158-33655472	3586345	3589619	+	3274	1.0	0.998167379352474	60	1
HG00350_2	HG00350#2	CYP21A1P	CYP21	HG00350#2#JBIREM010000045.1:28412158-33655472	3619080	3622351	+	3274	1.0	0.9780621572212066	0	1
HG00350_2	HG00350#2	CYP21A2	CYP21	HG00350#2#JBIREM010000045.1:28412158-33655472	3619125	3622351	+	3230	1.0	0.9959752321981424	60	1
HG00350_2	HG00350#2	CYP21A2	CYP21	HG00350#2#JBIREM010000045.1:28412158-33655472	3586395	3589619	+	3230	0.9984520123839009	0.9780389730900093	0	1
HG00350_2	HG00350#2	TNXA	TNX	HG00350#2#JBIREM010000045.1:28412158-33655472	3589129	3593733	-	4604	1.0	0.9980451781059948	60	1
HG00350_2	HG00350#2	TNXA	TNX	HG00350#2#JBIREM010000045.1:28412158-33655472	3621861	3626584	-	4604	1.0	0.9686706181202371	0	1
HG00350_2	HG00350#2	TNXB	TNX	HG00350#2#JBIREM010000045.1:28412158-33655472	3621859	3690053	-	68186	1.0	0.9987245832905751	60	1
HG00350_2	HG00350#2	WHR1B	WHR1	HG00350#2#JBIREM010000045.1:28412158-33655472	3593979	3594497	+	518	1.0	0.9980694980694981	60	1
HG00350_2	HG00350#2	WHR1B	WHR1	HG00350#2#JBIREM010000045.1:28412158-33655472	3561241	3561759	+	518	1.0	0.9942084942084942	0	1
HG00408_1	HG00408#1	WHR1	WHR1	HG00408#1#CM085956.1:28367209-33537812	3557966	3568237	+	10272	1.0	0.9989292319672929	60	1
HG00408_1	HG00408#1	CYP21A1P	CYP21	HG00408#1#CM085956.1:28367209-33537812	3592426	3595700	+	3274	1.0	0.9987782529016493	0	1
HG00408_1	HG00408#1	CYP21A1P	CYP21	HG00408#1#CM085956.1:28367209-33537812	3625164	3628438	+	3274	1.0	0.9987782529016493	0	1
HG00408_1	HG00408#1	CYP21A1P	CYP21	HG00408#1#CM085956.1:28367209-33537812	3651531	3654805	+	3274	1.0	0.9768433881779403	0	1
HG00408_1	HG00408#1	CYP21A2	CYP21	HG00408#1#CM085956.1:28367209-33537812	3651576	3654805	+	3230	1.0	0.9981424148606811	60	1
HG00408_1	HG00408#1	CYP21A2	CYP21	HG00408#1#CM085956.1:28367209-33537812	3592476	3595700	+	3230	0.9984520123839009	0.9780389730900093	0	1
HG00408_1	HG00408#1	CYP21A2	CYP21	HG00408#1#CM085956.1:28367209-33537812	3625214	3628438	+	3230	0.9984520123839009	0.9780389730900093	0	1
HG00408_1	HG00408#1	TNXA	TNX	HG00408#1#CM085956.1:28367209-33537812	3627948	3632552	-	4604	1.0	0.9963075586446568	4	1
HG00408_1	HG00408#1	TNXA	TNX	HG00408#1#CM085956.1:28367209-33537812	3595210	3599814	-	4604	1.0	0.9960903562119896	0	1
HG00408_1	HG00408#1	TNXA	TNX	HG00408#1#CM085956.1:28367209-33537812	3654315	3659038	-	4604	1.0	0.9699407281964437	0	1
HG00408_1	HG00408#1	TNXB	TNX	HG00408#1#CM085956.1:28367209-33537812	3654313	3722500	-	68186	1.0	0.9993548292496958	60	1
HG00408_1	HG00408#1	WHR1B	WHR1	HG00408#1#CM085956.1:28367209-33537812	3632798	3633316	+	518	1.0	0.9980694980694981	0	1
HG00408_1	HG00408#1	WHR1B	WHR1	HG00408#1#CM085956.1:28367209-33537812	3600060	3600578	+	518	1.0	0.9980694980694981	0	1
HG00408_1	HG00408#1	WHR1B	WHR1	HG00408#1#CM085956.1:28367209-33537812	3567322	3567840	+	518	1.0	0.9922779922779923	0	1
HG00408_2	HG00408#2	WHR1	WHR1	HG00408#2#CM085969.1:28371022-33519581	3546936	3557209	+	10272	1.0	0.999902657451572	60	1
HG00408_2	HG00408#2	CYP21A1P	CYP21	HG00408#2#CM085969.1:28371022-33519581	3581398	3584672	+	3274	1.0	0.9972519083969466	60	1
HG00408_2	HG00408#2	CYP21A1P	CYP21	HG00408#2#CM085969.1:28371022-33519581	3607760	3611034	+	3274	1.0	0.9771480804387569	0	1
HG00408_2	HG00408#2	CYP21A2	CYP21	HG00408#2#CM085969.1:28371022-33519581	3607805	3611034	+	3230	1.0	0.9981424148606811	60	1
HG00408_2	HG00408#2	CYP21A2	CYP21	HG00408#2#CM085969.1:28371022-33519581	3581443	3584672	+	3230	1.0	0.9768447051559124	0	1
HG00408_2	HG00408#2	TNXA	TNX	HG00408#2#CM085969.1:28371022-33519581	3584181	3588786	-	4604	1.0	0.9969598262757872	54	1
HG00408_2	HG00408#2	TNXA	TNX	HG00408#2#CM085969.1:28371022-33519581	3610544	3615267	-	4604	1.0	0.9697290431837426	0	1
HG00408_2	HG00408#2	TNXB	TNX	HG00408#2#CM085969.1:28371022-33519581	3610542	3678733	-	68186	1.0	0.9988125256553099	60	1
HG00408_2	HG00408#2	WHR1B	WHR1	HG00408#2#CM085969.1:28371022-33519581	3589032	3589550	+	518	1.0	0.9961389961389961	43	1
HG00408_2	HG00408#2	WHR1B	WHR1	HG00408#2#CM085969.1:28371022-33519581	3556294	3556812	+	518	1.0	0.9942084942084942	0	1
HG00423_1	HG00423#1	WHR1	WHR1	HG00423#1#CM089400.1:28362185-33602188	3551713	3561985	+	10272	1.0	0.9999026479750779	60	1
HG00423_1	HG00423#1	CYP21A1P	CYP21	HG00423#1#CM089400.1:28362185-33602188	3586173	3589446	+	3274	1.0	0.9978619425778864	60	1
HG00423_1	HG00423#1	CYP21A1P	CYP21	HG00423#1#CM089400.1:28362185-33602188	3612534	3615808	+	3274	1.0	0.9771480804387569	0	1
HG00423_1	HG00423#1	CYP21A2	CYP21	HG00423#1#CM089400.1:28362185-33602188	3612579	3615808	+	3230	1.0	0.9981424148606811	60	1
HG00423_1	HG00423#1	CYP21A2	CYP21	HG00423#1#CM089400.1:28362185-33602188	3586218	3589446	+	3230	1.0	0.9774552192711551	0	1
HG00423_1	HG00423#1	TNXA	TNX	HG00423#1#CM089400.1:28362185-33602188	3588956	3593560	-	4604	1.0	0.9978279756733276	60	1
HG00423_1	HG00423#1	TNXA	TNX	HG00423#1#CM089400.1:28362185-33602188	3615318	3620041	-	4604	1.0	0.9693056731583404	0	1
HG00423_1	HG00423#1	TNXB	TNX	HG00423#1#CM089400.1:28362185-33602188	3615316	3683525	-	68186	1.0	0.998607589370777	60	1
HG00423_1	HG00423#1	WHR1B	WHR1	HG00423#1#CM089400.1:28362185-33602188	3593806	3594324	+	518	1.0	0.9961389961389961	43	1
HG00423_1	HG00423#1	WHR1B	WHR1	HG00423#1#CM089400.1:28362185-33602188	3561070	3561588	+	518	1.0	0.9942084942084942	0	1
HG00423_2	HG00423#2	WHR1	WHR1	HG00423#2#CM089416.1:28353255-33428495	3555610	3565883	+	10272	1.0	0.9989293361884368	60	1
HG00423_2	HG00423#2	CYP21A1P	CYP21	HG00423#2#CM089416.1:28353255-33428495	3590072	3593346	+	3274	1.0	0.998167379352474	60	1
HG00423_2	HG00423#2	CYP21A1P	CYP21	HG00423#2#CM089416.1:28353255-33428495	3622807	3626082	+	3274	1.0	0.977459640572647	0	1
HG00423_2	HG00423#2	CYP21A2	CYP21	HG00423#2#CM089416.1:28353255-33428495	3622852	3626082	+	3230	1.0	0.9972136222910216	60	1
HG00423_2	HG00423#2	CYP21A2	CYP21	HG00423#2#CM089416.1:28353255-33428495	3590122	3593346	+	3230	0.9984520123839009	0.9780389730900093	0	1
HG00423_2	HG00423#2	TNXA	TNX	HG00423#2#CM089416.1:28353255-33428495	3592856	3597460	-	4604	1.0	0.9984795829713293	60	1
HG00423_2	HG00423#2	TNXA	TNX	HG00423#2#CM089416.1:28353255-33428495	3625592	3630315	-	4604	1.0	0.970575783234547	0	1
HG00423_2	HG00423#2	TNXB	TNX	HG00423#2#CM089416.1:28353255-33428495	3625590	3693784	-	68186	1.0	0.9993841642228739	60	1
HG00423_2	HG00423#2	WHR1B	WHR1	HG00423#2#CM089416.1:28353255-33428495	3597706	3598224	+	518	1.0	0.9980694980694981	60	1
HG00423_2	HG00423#2	WHR1B	WHR1	HG00423#2#CM089416.1:28353255-33428495	3564968	3565486	+	518	1.0	0.9942084942084942	0	1
HG00438_1	HG00438#1	WHR1	WHR1	HG00438#1#CM089172.1:28419975-33475943	3503119	3513391	+	10272	1.0	0.9999026479750779	60	1
HG00438_1	HG00438#1	CYP21A1P	CYP21	HG00438#1#CM089172.1:28419975-33475943	3537576	3540850	+	3274	1.0	0.9771480804387569	60	1
HG00438_1	HG00438#1	CYP21A2	CYP21	HG00438#1#CM089172.1:28419975-33475943	3537621	3540850	+	3230	1.0	0.9981424148606811	60	1
HG00438_1	HG00438#1	TNXA	TNX	HG00438#1#CM089172.1:28419975-33475943	3540360	3545083	-	4604	1.0	0.9695173581710415	60	1
HG00438_1	HG00438#1	TNXB	TNX	HG00438#1#CM089172.1:28419975-33475943	3540358	3608567	-	68186	1.0	0.9986662171867442	60	1
HG00438_1	HG00438#1	WHR1B	WHR1	HG00438#1#CM089172.1:28419975-33475943	3512476	3512994	+	518	1.0	0.9942084942084942	60	1
HG00438_2	HG00438#2	WHR1	WHR1	HG00438#2#CM089191.1:28355071-33575312	3544654	3554926	+	10272	1.0	1.0	60	1
HG00438_2	HG00438#2	CYP21A1P	CYP21	HG00438#2#CM089191.1:28355071-33575312	3579108	3582382	+	3274	1.0	0.9771480804387569	60	1
HG00438_2	HG00438#2	CYP21A2	CYP21	HG00438#2#CM089191.1:28355071-33575312	3579153	3582382	+	3230	1.0	0.9981424148606811	60	1
HG00438_2	HG00438#2	TNXA	TNX	HG00438#2#CM089191.1:28355071-33575312	3581892	3586615	-	4604	1.0	0.9688823031329382	60	1
HG00438_2	HG00438#2	TNXB	TNX	HG00438#2#CM089191.1:28355071-33575312	3581890	3650048	-	68186	1.0	0.9982259105037827	60	1
HG00438_2	HG00438#2	WHR1B	WHR1	HG00438#2#CM089191.1:28355071-33575312	3554011	3554529	+	518	1.0	0.9942084942084942	60	1
HG00544_1	HG00544#1	WHR1	WHR1	HG00544#1#CM089373.1:28382951-33635750	3564737	3575010	+	10272	1.0	0.9998053149031442	60	1
HG00544_1	HG00544#1	CYP21A1P	CYP21	HG00544#1#CM089373.1:28382951-33635750	3599198	3602471	+	3274	1.0	0.9978619425778864	44	1
HG00544_1	HG00544#1	CYP21A1P	CYP21	HG00544#1#CM089373.1:28382951-33635750	3625562	3628835	+	3274	1.0	0.9960293219303604	0	1
HG00544_1	HG00544#1	CYP21A2	CYP21	HG00544#1#CM089373.1:28382951-33635750	3625607	3628835	+	3230	1.0	0.9793082149474984	60	1
HG00544_1	HG00544#1	CYP21A2	CYP21	HG00544#1#CM089373.1:28382951-33635750	3599243	3602471	+	3230	1.0	0.9774552192711551	0	1
HG00544_1	HG00544#1	TNXA	TNX	HG00544#1#CM089373.1:28382951-33635750	3601981	3606585	-	4604	1.0	0.9978279756733276	60	1
HG00544_1	HG00544#1	TNXA	TNX	HG00544#1#CM089373.1:28382951-33635750	3628345	3633068	-	4604	1.0	0.9695173581710415	0	1
HG00544_1	HG00544#1	TNXB	TNX	HG00544#1#CM089373.1:28382951-33635750	3628343	3696548	-	68186	1.0	0.9987101124254284	60	1
HG00544_1	HG00544#1	WHR1B	WHR1	HG00544#1#CM089373.1:28382951-33635750	3606831	3607349	+	518	1.0	0.9961389961389961	43	1
HG00544_1	HG00544#1	WHR1B	WHR1	HG00544#1#CM089373.1:28382951-33635750	3574095	3574613	+	518	1.0	0.9942084942084942	0	1
HG00544_2	HG00544#2	WHR1	WHR1	HG00544#2#CM089387.1:28377663-33617357	3551687	3561960	+	10272	1.0	0.9998053149031442	60	1
HG00544_2	HG00544#2	CYP21A1P	CYP21	HG00544#2#CM089387.1:28377663-33617357	3586148	3589421	+	3274	1.0	0.9978619425778864	60	1
HG00544_2	HG00544#2	CYP21A1P	CYP21	HG00544#2#CM089387.1:28377663-33617357	3612509	3615783	+	3274	1.0	0.9771480804387569	0	1
HG00544_2	HG00544#2	CYP21A2	CYP21	HG00544#2#CM089387.1:28377663-33617357	3612554	3615783	+	3230	1.0	0.9981424148606811	60	1
HG00544_2	HG00544#2	CYP21A2	CYP21	HG00544#2#CM089387.1:28377663-33617357	3586193	3589421	+	3230	1.0	0.9774552192711551	0	1
HG00544_2	HG00544#2	TNXA	TNX	HG00544#2#CM089387.1:28377663-33617357	3588931	3593535	-	4604	1.0	0.9978279756733276	60	1
HG00544_2	HG00544#2	TNXA	TNX	HG00544#2#CM089387.1:28377663-33617357	3615293	3620016	-	4604	1.0	0.9693056731583404	0	1
HG00544_2	HG00544#2	TNXB	TNX	HG00544#2#CM089387.1:28377663-33617357	3615291	3683488	-	68186	1.0	0.9988125778787657	60	1
HG00544_2	HG00544#2	WHR1B	WHR1	HG00544#2#CM089387.1:28377663-33617357	3593781	3594299	+	518	1.0	0.9961389961389961	43	1
HG00544_2	HG00544#2	WHR1B	WHR1	HG00544#2#CM089387.1:28377663-33617357	3561045	3561563	+	518	1.0	0.9942084942084942	0	1
HG00558_1	HG00558#1	WHR1	WHR1	HG00558#1#CM088495.1:28611632-33843761	3545168	3555440	+	10272	1.0	0.9999026479750779	60	1
HG00558_1	HG00558#1	CYP21A1P	CYP21	HG00558#1#CM088495.1:28611632-33843761	3579625	3582898	+	3274	1.0	0.9972510690287111	60	1
HG00558_1	HG00558#1	CYP21A1P	CYP21	HG00558#1#CM088495.1:28611632-33843761	3605986	3609260	+	3274	1.0	0.9771480804387569	0	1
HG00558_1	HG00558#1	CYP21A2	CYP21	HG00558#1#CM088495.1:28611632-33843761	3606031	3609260	+	3230	1.0	0.9981424148606811	60	1
HG00558_1	HG00558#1	CYP21A2	CYP21	HG00558#1#CM088495.1:28611632-33843761	3579670	3582898	+	3230	1.0	0.9780728844966028	0	1
HG00558_1	HG00558#1	TNXA	TNX	HG00558#1#CM088495.1:28611632-33843761	3582408	3587012	-	4604	1.0	0.9971763683753258	59	1
HG00558_1	HG00558#1	TNXA	TNX	HG00558#1#CM088495.1:28611632-33843761	3608770	3613493	-	4604	1.0	0.9697290431837426	0	1
HG00558_1	HG00558#1	TNXB	TNX	HG00558#1#CM088495.1:28611632-33843761	3608768	3676957	-	68186	1.0	0.9989737123755627	60	1
HG00558_1	HG00558#1	WHR1B	WHR1	HG00558#1#CM088495.1:28611632-33843761	3587258	3587776	+	518	1.0	0.9961389961389961	43	1
HG00558_1	HG00558#1	WHR1B	WHR1	HG00558#1#CM088495.1:28611632-33843761	3554525	3555043	+	518	1.0	0.9942084942084942	0	1
HG00558_2	HG00558#2	WHR1	WHR1	HG00558#2#CM088524.1:28472433-33604465	3542267	3552531	+	10272	1.0	0.9980531490314416	60	1
HG00558_2	HG00558#2	CYP21A1P	CYP21	HG00558#2#CM088524.1:28472433-33604465	3576721	3579995	+	3274	1.0	0.9966401954795358	60	1
HG00558_2	HG00558#2	CYP21A1P	CYP21	HG00558#2#CM088524.1:28472433-33604465	3603087	3606362	+	3274	1.0	0.9777642400243679	0	1
HG00558_2	HG00558#2	CYP21A2	CYP21	HG00558#2#CM088524.1:28472433-33604465	3603132	3606362	+	3230	1.0	0.9978328173374613	60	1
HG00558_2	HG00558#2	CYP21A2	CYP21	HG00558#2#CM088524.1:28472433-33604465	3576771	3579995	+	3230	0.9984520123839009	0.9783482833281781	0	1
HG00558_2	HG00558#2	TNXA	TNX	HG00558#2#CM088524.1:28472433-33604465	3579505	3584109	-	4604	1.0	0.9960903562119896	34	1
HG00558_2	HG00558#2	TNXA	TNX	HG00558#2#CM088524.1:28472433-33604465	3605872	3610595	-	4604	1.0	0.9697290431837426	0	1
HG00558_2	HG00558#2	TNXB	TNX	HG00558#2#CM088524.1:28472433-33604465	3605870	3674055	-	68186	1.0	0.9989588832189571	60	1
HG00558_2	HG00558#2	WHR1B	WHR1	HG00558#2#CM088524.1:28472433-33604465	3584355	3584873	+	518	1.0	0.9961389961389961	60	1
HG00558_2	HG00558#2	WHR1B	WHR1	HG00558#2#CM088524.1:28472433-33604465	3551619	3552134	+	518	1.0	0.9884169884169884	0	1
HG00597_1	HG00597#1	WHR1	WHR1	HG00597#1#JBHDUU010000003.1:28248152-33413616	3558010	3568281	+	10272	1.0	0.9989292319672929	60	1
HG00597_1	HG00597#1	CYP21A1P	CYP21	HG00597#1#JBHDUU010000003.1:28248152-33413616	3592470	3595744	+	3274	1.0	0.9987782529016493	0	1
HG00597_1	HG00597#1	CYP21A1P	CYP21	HG00597#1#JBHDUU010000003.1:28248152-33413616	3625208	3628482	+	3274	1.0	0.9987782529016493	0	1
HG00597_1	HG00597#1	CYP21A1P	CYP21	HG00597#1#JBHDUU010000003.1:28248152-33413616	3651575	3654849	+	3274	1.0	0.9768433881779403	0	1
HG00597_1	HG00597#1	CYP21A2	CYP21	HG00597#1#JBHDUU010000003.1:28248152-33413616	3651620	3654849	+	3230	1.0	0.9981424148606811	60	1
HG00597_1	HG00597#1	CYP21A2	CYP21	HG00597#1#JBHDUU010000003.1:28248152-33413616	3592520	3595744	+	3230	0.9984520123839009	0.9780389730900093	0	1
HG00597_1	HG00597#1	CYP21A2	CYP21	HG00597#1#JBHDUU010000003.1:28248152-33413616	3625258	3628482	+	3230	0.9984520123839009	0.9780389730900093	0	1
HG00597_1	HG00597#1	TNXA	TNX	HG00597#1#JBHDUU010000003.1:28248152-33413616	3627992	3632596	-	4604	1.0	0.9963075586446568	4	1
HG00597_1	HG00597#1	TNXA	TNX	HG00597#1#JBHDUU010000003.1:28248152-33413616	3595254	3599858	-	4604	1.0	0.9960903562119896	0	1
HG00597_1	HG00597#1	TNXA	TNX	HG00597#1#JBHDUU010000003.1:28248152-33413616	3654359	3659082	-	4604	1.0	0.9697290431837426	0	1
HG00597_1	HG00597#1	TNXB	TNX	HG00597#1#JBHDUU010000003.1:28248152-33413616	3654357	3722544	-	68186	1.0	0.9993694922212936	60	1
HG00597_1	HG00597#1	WHR1B	WHR1	HG00597#1#JBHDUU010000003.1:28248152-33413616	3600104	3600622	+	518	1.0	0.9980694980694981	0	1
HG00597_1	HG00597#1	WHR1B	WHR1	HG00597#1#JBHDUU010000003.1:28248152-33413616	3632842	3633360	+	518	1.0	0.9980694980694981	0	1
HG00597_1	HG00597#1	WHR1B	WHR1	HG00597#1#JBHDUU010000003.1:28248152-33413616	3567366	3567884	+	518	1.0	0.9922779922779923	0	1
HG00597_2	HG00597#2	WHR1	WHR1	HG00597#2#CM085784.1:28381176-33466863	3508783	3519055	+	10272	1.0	0.9991239170641487	60	1
HG00597_2	HG00597#2	CYP21A1P	CYP21	HG00597#2#CM085784.1:28381176-33466863	3543244	3546518	+	3274	1.0	0.9978619425778864	60	1
HG00597_2	HG00597#2	CYP21A1P	CYP21	HG00597#2#CM085784.1:28381176-33466863	3575979	3579254	+	3274	1.0	0.977155041120926	0	1
HG00597_2	HG00597#2	CYP21A2	CYP21	HG00597#2#CM085784.1:28381176-33466863	3576024	3579254	+	3230	1.0	0.9975232198142415	60	1
HG00597_2	HG00597#2	CYP21A2	CYP21	HG00597#2#CM085784.1:28381176-33466863	3543294	3546518	+	3230	0.9984520123839009	0.9777296628518404	0	1
HG00597_2	HG00597#2	TNXA	TNX	HG00597#2#CM085784.1:28381176-33466863	3546028	3550632	-	4604	1.0	0.9980451781059948	57	1
HG00597_2	HG00597#2	TNXA	TNX	HG00597#2#CM085784.1:28381176-33466863	3578764	3583487	-	4604	1.0	0.970575783234547	0	1
HG00597_2	HG00597#2	TNXB	TNX	HG00597#2#CM085784.1:28381176-33466863	3578762	3646963	-	68186	1.0	0.9992815986628938	60	1
HG00597_2	HG00597#2	WHR1B	WHR1	HG00597#2#CM085784.1:28381176-33466863	3550878	3551396	+	518	1.0	0.9961389961389961	43	1
HG00597_2	HG00597#2	WHR1B	WHR1	HG00597#2#CM085784.1:28381176-33466863	3518140	3518658	+	518	1.0	0.9942084942084942	0	1
HG005_1	HG005#1	WHR1	WHR1	HG005#1#CM099986.1:28343337-33540760	3505592	3515865	+	10272	1.0	0.999902657451572	60	1
HG005_1	HG005#1	CYP21A1P	CYP21	HG005#1#CM099986.1:28343337-33540760	3540053	3543327	+	3274	1.0	1.0	60	1
HG005_1	HG005#1	CYP21A1P	CYP21	HG005#1#CM099986.1:28343337-33540760	3572787	3576062	+	3274	1.0	0.9780688394760889	0	1
HG005_1	HG005#1	CYP21A2	CYP21	HG005#1#CM099986.1:28343337-33540760	3572832	3576062	+	3230	1.0	0.9996904024767802	60	1
HG005_1	HG005#1	CYP21A2	CYP21	HG005#1#CM099986.1:28343337-33540760	3540103	3543327	+	3230	0.9984520123839009	0.9780389730900093	0	1
HG005_1	HG005#1	TNXA	TNX	HG005#1#CM099986.1:28343337-33540760	3542837	3547441	-	4604	1.0	0.9995655951346655	60	1
HG005_1	HG005#1	TNXA	TNX	HG005#1#CM099986.1:28343337-33540760	3575572	3580295	-	4604	1.0	0.9703640982218459	0	1
HG005_1	HG005#1	TNXB	TNX	HG005#1#CM099986.1:28343337-33540760	3575570	3643764	-	68186	1.0	0.9997360510301342	60	1
HG005_1	HG005#1	WHR1B	WHR1	HG005#1#CM099986.1:28343337-33540760	3547687	3548205	+	518	1.0	1.0	60	1
HG005_1	HG005#1	WHR1B	WHR1	HG005#1#CM099986.1:28343337-33540760	3514950	3515468	+	518	1.0	0.9942084942084942	0	1
HG005_2	HG005#2	WHR1	WHR1	HG005#2#CM099975.1:28427209-33625676	3504982	3515254	+	10272	1.0	0.9991239170641487	60	1
HG005_2	HG005#2	CYP21A1P	CYP21	HG005#2#CM099975.1:28427209-33625676	3539443	3542717	+	3274	1.0	0.998167379352474	60	1
HG005_2	HG005#2	CYP21A1P	CYP21	HG005#2#CM099975.1:28427209-33625676	3572178	3575450	+	3274	1.0	0.977459640572647	0	1
HG005_2	HG005#2	CYP21A2	CYP21	HG005#2#CM099975.1:28427209-33625676	3572223	3575450	+	3230	1.0	0.9959752321981424	60	1
HG005_2	HG005#2	CYP21A2	CYP21	HG005#2#CM099975.1:28427209-33625676	3539493	3542717	+	3230	0.9984520123839009	0.9780389730900093	0	1
HG005_2	HG005#2	TNXA	TNX	HG005#2#CM099975.1:28427209-33625676	3542227	3546831	-	4604	1.0	0.9980451781059948	60	1
HG005_2	HG005#2	TNXA	TNX	HG005#2#CM099975.1:28427209-33625676	3574960	3579683	-	4604	1.0	0.9688823031329382	0	1
HG005_2	HG005#2	TNXB	TNX	HG005#2#CM099975.1:28427209-33625676	3574958	3643137	-	68186	1.0	0.9988856304985337	60	1
HG005_2	HG005#2	WHR1B	WHR1	HG005#2#CM099975.1:28427209-33625676	3547077	3547595	+	518	1.0	0.9980694980694981	60	1
HG005_2	HG005#2	WHR1B	WHR1	HG005#2#CM099975.1:28427209-33625676	3514339	3514857	+	518	1.0	0.9942084942084942	0	1
HG00609_1	HG00609#1	WHR1	WHR1	HG00609#1#CM086351.1:28557002-33710805	3553425	3563698	+	10272	1.0	0.999902657451572	60	1
HG00609_1	HG00609#1	CYP21A1P	CYP21	HG00609#1#CM086351.1:28557002-33710805	3587887	3591161	+	3274	1.0	0.9972519083969466	60	1
HG00609_1	HG00609#1	CYP21A1P	CYP21	HG00609#1#CM086351.1:28557002-33710805	3614249	3617523	+	3274	1.0	0.9768433881779403	0	1
HG00609_1	HG00609#1	CYP21A2	CYP21	HG00609#1#CM086351.1:28557002-33710805	3614294	3617523	+	3230	1.0	0.9978328173374613	60	1
HG00609_1	HG00609#1	CYP21A2	CYP21	HG00609#1#CM086351.1:28557002-33710805	3587932	3591161	+	3230	1.0	0.9768447051559124	0	1
HG00609_1	HG00609#1	TNXA	TNX	HG00609#1#CM086351.1:28557002-33710805	3590670	3595275	-	4604	1.0	0.9969598262757872	60	1
HG00609_1	HG00609#1	TNXA	TNX	HG00609#1#CM086351.1:28557002-33710805	3617033	3621756	-	4604	1.0	0.9695173581710415	0	1
HG00609_1	HG00609#1	TNXB	TNX	HG00609#1#CM086351.1:28557002-33710805	3617031	3685222	-	68186	1.0	0.998797865478215	60	1
HG00609_1	HG00609#1	WHR1B	WHR1	HG00609#1#CM086351.1:28557002-33710805	3595521	3596039	+	518	1.0	0.9961389961389961	43	1
HG00609_1	HG00609#1	WHR1B	WHR1	HG00609#1#CM086351.1:28557002-33710805	3562783	3563301	+	518	1.0	0.9942084942084942	0	1
HG00609_2	HG00609#2	WHR1	WHR1	HG00609#2#CM086361.1:28373908-33563607	3497376	3507649	+	10272	1.0	0.9989293361884368	60	1
HG00609_2	HG00609#2	CYP21A1P	CYP21	HG00609#2#CM086361.1:28373908-33563607	3531838	3535112	+	3274	1.0	0.998167379352474	60	1
HG00609_2	HG00609#2	CYP21A1P	CYP21	HG00609#2#CM086361.1:28373908-33563607	3564573	3567844	+	3274	1.0	0.97775746496039	0	1
HG00609_2	HG00609#2	CYP21A2	CYP21	HG00609#2#CM086361.1:28373908-33563607	3564618	3567844	+	3230	1.0	0.996594427244582	60	1
HG00609_2	HG00609#2	CYP21A2	CYP21	HG00609#2#CM086361.1:28373908-33563607	3531888	3535112	+	3230	0.9984520123839009	0.9780389730900093	0	1
HG00609_2	HG00609#2	TNXA	TNX	HG00609#2#CM086361.1:28373908-33563607	3534622	3539226	-	4604	1.0	0.998262380538662	60	1
HG00609_2	HG00609#2	TNXA	TNX	HG00609#2#CM086361.1:28373908-33563607	3567354	3572077	-	4604	1.0	0.9690939881456393	0	1
HG00609_2	HG00609#2	TNXB	TNX	HG00609#2#CM086361.1:28373908-33563607	3567352	3635540	-	68186	1.0	0.998739187802375	60	1
HG00609_2	HG00609#2	WHR1B	WHR1	HG00609#2#CM086361.1:28373908-33563607	3539472	3539990	+	518	1.0	0.9980694980694981	60	1
HG00609_2	HG00609#2	WHR1B	WHR1	HG00609#2#CM086361.1:28373908-33563607	3506734	3507252	+	518	1.0	0.9942084942084942	0	1
HG00621_1	HG00621#1	WHR1	WHR1	HG00621#1#CM087851.1:28412809-33652212	3552512	3562783	+	10272	1.0	0.9989292319672929	60	1
HG00621_1	HG00621#1	CYP21A1P	CYP21	HG00621#1#CM087851.1:28412809-33652212	3586972	3590246	+	3274	1.0	0.9987782529016493	60	1
HG00621_1	HG00621#1	CYP21A1P	CYP21	HG00621#1#CM087851.1:28412809-33652212	3613339	3616613	+	3274	1.0	0.9780621572212066	0	1
HG00621_1	HG00621#1	CYP21A2	CYP21	HG00621#1#CM087851.1:28412809-33652212	3613384	3616613	+	3230	1.0	0.9981424148606811	60	1
HG00621_1	HG00621#1	CYP21A2	CYP21	HG00621#1#CM087851.1:28412809-33652212	3587022	3590246	+	3230	0.9984520123839009	0.9780389730900093	0	1
HG00621_1	HG00621#1	TNXA	TNX	HG00621#1#CM087851.1:28412809-33652212	3589756	3594360	-	4604	1.0	0.9960903562119896	46	1
HG00621_1	HG00621#1	TNXA	TNX	HG00621#1#CM087851.1:28412809-33652212	3616123	3620846	-	4604	1.0	0.9693056731583404	0	1
HG00621_1	HG00621#1	TNXB	TNX	HG00621#1#CM087851.1:28412809-33652212	3616121	3684309	-	68186	1.0	0.9988710670615488	60	1
HG00621_1	HG00621#1	WHR1B	WHR1	HG00621#1#CM087851.1:28412809-33652212	3594606	3595124	+	518	1.0	0.9961389961389961	60	1
HG00621_1	HG00621#1	WHR1B	WHR1	HG00621#1#CM087851.1:28412809-33652212	3561868	3562386	+	518	1.0	0.9922779922779923	0	1
HG00621_2	HG00621#2	WHR1	WHR1	HG00621#2#CM087865.1:28365619-33503852	3561736	3572005	+	10272	1.0	0.998831889418865	60	1
HG00621_2	HG00621#2	CYP21A1P	CYP21	HG00621#2#CM087865.1:28365619-33503852	3596194	3599468	+	3274	1.0	0.998167379352474	60	1
HG00621_2	HG00621#2	CYP21A1P	CYP21	HG00621#2#CM087865.1:28365619-33503852	3628929	3632201	+	3274	1.0	0.977459640572647	0	1
HG00621_2	HG00621#2	CYP21A2	CYP21	HG00621#2#CM087865.1:28365619-33503852	3628974	3632201	+	3230	1.0	0.9959752321981424	60	1
HG00621_2	HG00621#2	CYP21A2	CYP21	HG00621#2#CM087865.1:28365619-33503852	3596244	3599468	+	3230	0.9984520123839009	0.9780389730900093	0	1
HG00621_2	HG00621#2	TNXA	TNX	HG00621#2#CM087865.1:28365619-33503852	3598978	3603582	-	4604	1.0	0.998262380538662	60	1
HG00621_2	HG00621#2	TNXA	TNX	HG00621#2#CM087865.1:28365619-33503852	3631711	3636434	-	4604	1.0	0.9688823031329382	0	1
HG00621_2	HG00621#2	TNXB	TNX	HG00621#2#CM087865.1:28365619-33503852	3631709	3699888	-	68186	1.0	0.998870984296418	60	1
HG00621_2	HG00621#2	WHR1B	WHR1	HG00621#2#CM087865.1:28365619-33503852	3603828	3604346	+	518	1.0	0.9980694980694981	60	1
HG00621_2	HG00621#2	WHR1B	WHR1	HG00621#2#CM087865.1:28365619-33503852	3571090	3571608	+	518	1.0	0.9942084942084942	0	1
HG00639_1	HG00639#1	WHR1	WHR1	HG00639#1#CM088540.1:28385584-33628081	3549504	3559776	+	10272	1.0	0.9991239170641487	60	1
HG00639_1	HG00639#1	CYP21A1P	CYP21	HG00639#1#CM088540.1:28385584-33628081	3583965	3587239	+	3274	1.0	0.998167379352474	60	1
HG00639_1	HG00639#1	CYP21A1P	CYP21	HG00639#1#CM088540.1:28385584-33628081	3616700	3619971	+	3274	1.0	0.9780621572212066	0	1
HG00639_1	HG00639#1	CYP21A2	CYP21	HG00639#1#CM088540.1:28385584-33628081	3616745	3619971	+	3230	1.0	0.9962848297213622	60	1
HG00639_1	HG00639#1	CYP21A2	CYP21	HG00639#1#CM088540.1:28385584-33628081	3584015	3587239	+	3230	0.9984520123839009	0.9780389730900093	0	1
HG00639_1	HG00639#1	TNXA	TNX	HG00639#1#CM088540.1:28385584-33628081	3586749	3591353	-	4604	1.0	0.9980451781059948	60	1
HG00639_1	HG00639#1	TNXA	TNX	HG00639#1#CM088540.1:28385584-33628081	3619481	3624204	-	4604	1.0	0.9688823031329382	0	1
HG00639_1	HG00639#1	TNXB	TNX	HG00639#1#CM088540.1:28385584-33628081	3619479	3687653	-	68186	1.0	0.9985632183908046	60	1
HG00639_1	HG00639#1	WHR1B	WHR1	HG00639#1#CM088540.1:28385584-33628081	3591599	3592117	+	518	1.0	0.9980694980694981	60	1
HG00639_1	HG00639#1	WHR1B	WHR1	HG00639#1#CM088540.1:28385584-33628081	3558861	3559379	+	518	1.0	0.9942084942084942	0	1
HG00639_2	HG00639#2	WHR1	WHR1	HG00639#2#CM088555.1:28389308-33644836	3563495	3573767	+	10272	1.0	0.9991239170641487	60	1
HG00639_2	HG00639#2	CYP21A1P	CYP21	HG00639#2#CM088555.1:28389308-33644836	3597956	3601230	+	3274	1.0	0.998167379352474	60	1
HG00639_2	HG00639#2	CYP21A1P	CYP21	HG00639#2#CM088555.1:28389308-33644836	3630691	3633963	+	3274	1.0	0.977155041120926	0	1
HG00639_2	HG00639#2	CYP21A2	CYP21	HG00639#2#CM088555.1:28389308-33644836	3630736	3633963	+	3230	1.0	0.9969040247678018	60	1
HG00639_2	HG00639#2	CYP21A2	CYP21	HG00639#2#CM088555.1:28389308-33644836	3598006	3601230	+	3230	0.9984520123839009	0.9780389730900093	0	1
HG00639_2	HG00639#2	TNXA	TNX	HG00639#2#CM088555.1:28389308-33644836	3600740	3605344	-	4604	1.0	0.998262380538662	60	1
HG00639_2	HG00639#2	TNXA	TNX	HG00639#2#CM088555.1:28389308-33644836	3633473	3638196	-	4604	1.0	0.9690939881456393	0	1
HG00639_2	HG00639#2	TNXB	TNX	HG00639#2#CM088555.1:28389308-33644836	3633471	3701646	-	68186	1.0	0.9987683465051832	60	1
HG00639_2	HG00639#2	WHR1B	WHR1	HG00639#2#CM088555.1:28389308-33644836	3605590	3606108	+	518	1.0	0.9980694980694981	60	1
HG00639_2	HG00639#2	WHR1B	WHR1	HG00639#2#CM088555.1:28389308-33644836	3572852	3573370	+	518	1.0	0.9942084942084942	0	1
HG00642_1	HG00642#1	WHR1	WHR1	HG00642#1#JBHDST010000009.1:28352295-33459982	3560115	3570388	+	10272	1.0	0.9995132872578604	60	1
HG00642_1	HG00642#1	CYP21A1P	CYP21	HG00642#1#JBHDST010000009.1:28352295-33459982	3594575	3597850	+	3274	1.0	0.977459640572647	60	1
HG00642_1	HG00642#1	CYP21A2	CYP21	HG00642#1#JBHDST010000009.1:28352295-33459982	3594620	3597850	+	3230	1.0	0.9981424148606811	60	1
HG00642_1	HG00642#1	TNXA	TNX	HG00642#1#JBHDST010000009.1:28352295-33459982	3597360	3602083	-	4604	1.0	0.9699407281964437	60	1
HG00642_1	HG00642#1	TNXB	TNX	HG00642#1#JBHDST010000009.1:28352295-33459982	3597358	3665509	-	68186	1.0	0.9991494229274517	60	1
HG00642_1	HG00642#1	WHR1B	WHR1	HG00642#1#JBHDST010000009.1:28352295-33459982	3569473	3569991	+	518	1.0	0.9961389961389961	60	1
HG00642_2	HG00642#2	WHR1	WHR1	HG00642#2#CM086622.1:28408489-33506502	3504637	3514899	+	10272	1.0	0.9980529595015576	60	1
HG00642_2	HG00642#2	CYP21A1P	CYP21	HG00642#2#CM086622.1:28408489-33506502	3539089	3542363	+	3274	1.0	0.9966401954795358	60	1
HG00642_2	HG00642#2	CYP21A1P	CYP21	HG00642#2#CM086622.1:28408489-33506502	3565457	3568732	+	3274	1.0	0.976850441669205	0	1
HG00642_2	HG00642#2	CYP21A2	CYP21	HG00642#2#CM086622.1:28408489-33506502	3565502	3568732	+	3230	1.0	0.9981424148606811	60	1
HG00642_2	HG00642#2	CYP21A2	CYP21	HG00642#2#CM086622.1:28408489-33506502	3539139	3542363	+	3230	0.9984520123839009	0.9789669038045159	0	1
HG00642_2	HG00642#2	TNXA	TNX	HG00642#2#CM086622.1:28408489-33506502	3541873	3546477	-	4604	1.0	0.9963075586446568	23	1
HG00642_2	HG00642#2	TNXA	TNX	HG00642#2#CM086622.1:28408489-33506502	3568242	3572965	-	4604	1.0	0.9703640982218459	0	1
HG00642_2	HG00642#2	TNXB	TNX	HG00642#2#CM086622.1:28408489-33506502	3568240	3636425	-	68186	1.0	0.9991935483870967	60	1
HG00642_2	HG00642#2	WHR1B	WHR1	HG00642#2#CM086622.1:28408489-33506502	3546723	3547241	+	518	1.0	0.9961389961389961	60	1
HG00642_2	HG00642#2	WHR1B	WHR1	HG00642#2#CM086622.1:28408489-33506502	3513987	3514502	+	518	1.0	0.9884169884169884	0	1
HG00658_1	HG00658#1	WHR1	WHR1	HG00658#1#CM088776.1:28382214-33455895	3554050	3564322	+	10272	1.0	0.9990265745157209	60	1
HG00658_1	HG00658#1	CYP21A1P	CYP21	HG00658#1#CM088776.1:28382214-33455895	3588511	3591785	+	3274	1.0	0.998167379352474	60	1
HG00658_1	HG00658#1	CYP21A1P	CYP21	HG00658#1#CM088776.1:28382214-33455895	3621246	3624521	+	3274	1.0	0.977459640572647	0	1
HG00658_1	HG00658#1	CYP21A2	CYP21	HG00658#1#CM088776.1:28382214-33455895	3621291	3624521	+	3230	1.0	0.9972136222910216	60	1
HG00658_1	HG00658#1	CYP21A2	CYP21	HG00658#1#CM088776.1:28382214-33455895	3588561	3591785	+	3230	0.9984520123839009	0.9780389730900093	0	1
HG00658_1	HG00658#1	TNXA	TNX	HG00658#1#CM088776.1:28382214-33455895	3591295	3595899	-	4604	1.0	0.9984795829713293	60	1
HG00658_1	HG00658#1	TNXA	TNX	HG00658#1#CM088776.1:28382214-33455895	3624031	3628754	-	4604	1.0	0.970575783234547	0	1
HG00658_1	HG00658#1	TNXB	TNX	HG00658#1#CM088776.1:28382214-33455895	3624029	3692219	-	68186	1.0	0.9994427825678925	60	1
HG00658_1	HG00658#1	WHR1B	WHR1	HG00658#1#CM088776.1:28382214-33455895	3596145	3596663	+	518	1.0	0.9980694980694981	60	1
HG00658_1	HG00658#1	WHR1B	WHR1	HG00658#1#CM088776.1:28382214-33455895	3563407	3563925	+	518	1.0	0.9942084942084942	0	1
HG00658_2	HG00658#2	WHR1	WHR1	HG00658#2#CM088798.1:28345511-33527662	3552428	3562691	+	10272	1.0	0.9981503115264797	60	1
HG00658_2	HG00658#2	CYP21A1P	CYP21	HG00658#2#CM088798.1:28345511-33527662	3613252	3616526	+	3274	1.0	0.9969456322541234	13	1
HG00658_2	HG00658#2	CYP21A1P	CYP21	HG00658#2#CM088798.1:28345511-33527662	3586881	3590155	+	3274	1.0	0.996334758704948	0	1
HG00658_2	HG00658#2	CYP21A1P	CYP21	HG00658#2#CM088798.1:28345511-33527662	3645987	3649262	+	3274	1.0	0.9780688394760889	0	1
HG00658_2	HG00658#2	CYP21A2	CYP21	HG00658#2#CM088798.1:28345511-33527662	3646032	3649262	+	3230	1.0	0.9969040247678018	60	1
HG00658_2	HG00658#2	CYP21A2	CYP21	HG00658#2#CM088798.1:28345511-33527662	3586931	3590155	+	3230	0.9984520123839009	0.9786575935663471	0	1
HG00658_2	HG00658#2	CYP21A2	CYP21	HG00658#2#CM088798.1:28345511-33527662	3613302	3616526	+	3230	0.9984520123839009	0.9786575935663471	0	1
HG00658_2	HG00658#2	TNXA	TNX	HG00658#2#CM088798.1:28345511-33527662	3616036	3620640	-	4604	1.0	0.9969591659426585	4	1
HG00658_2	HG00658#2	TNXA	TNX	HG00658#2#CM088798.1:28345511-33527662	3589665	3594269	-	4604	1.0	0.9967419635099913	0	1
HG00658_2	HG00658#2	TNXA	TNX	HG00658#2#CM088798.1:28345511-33527662	3648772	3653495	-	4604	1.0	0.9686706181202371	0	1
HG00658_2	HG00658#2	TNXB	TNX	HG00658#2#CM088798.1:28345511-33527662	3648770	3717027	-	68186	1.0	0.9979052529809861	60	1
HG00658_2	HG00658#2	WHR1B	WHR1	HG00658#2#CM088798.1:28345511-33527662	3594515	3595033	+	518	1.0	0.9961389961389961	0	1
HG00658_2	HG00658#2	WHR1B	WHR1	HG00658#2#CM088798.1:28345511-33527662	3620886	3621404	+	518	1.0	0.9961389961389961	0	1
HG00658_2	HG00658#2	WHR1B	WHR1	HG00658#2#CM088798.1:28345511-33527662	3561779	3562294	+	518	1.0	0.9884169884169884	0	1
HG00673_1	HG00673#1	WHR1	WHR1	HG00673#1#CM089145.1:28380395-33412996	3456266	3466538	+	10272	1.0	0.9999026479750779	60	1
HG00673_1	HG00673#1	CYP21A1P	CYP21	HG00673#1#CM089145.1:28380395-33412996	3490727	3494001	+	3274	1.0	0.9996945632254124	60	1
HG00673_1	HG00673#1	CYP21A1P	CYP21	HG00673#1#CM089145.1:28380395-33412996	3523461	3526736	+	3274	1.0	0.9780688394760889	0	1
HG00673_1	HG00673#1	CYP21A2	CYP21	HG00673#1#CM089145.1:28380395-33412996	3523506	3526736	+	3230	1.0	0.9996904024767802	60	1
HG00673_1	HG00673#1	CYP21A2	CYP21	HG00673#1#CM089145.1:28380395-33412996	3490777	3494001	+	3230	0.9984520123839009	0.9783482833281781	0	1
HG00673_1	HG00673#1	TNXA	TNX	HG00673#1#CM089145.1:28380395-33412996	3493511	3498115	-	4604	1.0	0.9997827975673328	60	1
HG00673_1	HG00673#1	TNXA	TNX	HG00673#1#CM089145.1:28380395-33412996	3526246	3530969	-	4604	1.0	0.970575783234547	0	1
HG00673_1	HG00673#1	TNXB	TNX	HG00673#1#CM089145.1:28380395-33412996	3526244	3594448	-	68186	1.0	0.999252320007037	60	1
HG00673_1	HG00673#1	WHR1B	WHR1	HG00673#1#CM089145.1:28380395-33412996	3498361	3498879	+	518	1.0	1.0	60	1
HG00673_1	HG00673#1	WHR1B	WHR1	HG00673#1#CM089145.1:28380395-33412996	3465623	3466141	+	518	1.0	0.9942084942084942	0	1
HG00673_2	HG00673#2	WHR1	WHR1	HG00673#2#CM089157.1:28378967-33442230	3549256	3559528	+	10272	1.0	0.9987346700408799	60	1
HG00673_2	HG00673#2	CYP21A1P	CYP21	HG00673#2#CM089157.1:28378967-33442230	3583716	3586990	+	3274	1.0	0.9984728161270617	60	1
HG00673_2	HG00673#2	CYP21A1P	CYP21	HG00673#2#CM089157.1:28378967-33442230	3610084	3613359	+	3274	1.0	0.977459640572647	0	1
HG00673_2	HG00673#2	CYP21A2	CYP21	HG00673#2#CM089157.1:28378967-33442230	3610129	3613359	+	3230	1.0	0.9990712074303405	60	1
HG00673_2	HG00673#2	CYP21A2	CYP21	HG00673#2#CM089157.1:28378967-33442230	3583766	3586990	+	3230	0.9984520123839009	0.9777296628518404	0	1
HG00673_2	HG00673#2	TNXA	TNX	HG00673#2#CM089157.1:28378967-33442230	3586500	3591104	-	4604	1.0	0.9960903562119896	18	1
HG00673_2	HG00673#2	TNXA	TNX	HG00673#2#CM089157.1:28378967-33442230	3612869	3617592	-	4604	1.0	0.9701524132091448	0	1
HG00673_2	HG00673#2	TNXB	TNX	HG00673#2#CM089157.1:28378967-33442230	3612867	3681057	-	68186	1.0	0.9997067233668158	60	1
HG00673_2	HG00673#2	WHR1B	WHR1	HG00673#2#CM089157.1:28378967-33442230	3591350	3591868	+	518	1.0	0.9980694980694981	60	1
HG00673_2	HG00673#2	WHR1B	WHR1	HG00673#2#CM089157.1:28378967-33442230	3558613	3559131	+	518	1.0	0.9942084942084942	0	1
HG00706_1	HG00706#1	WHR1	WHR1	HG00706#1#CM100016.1:28396497-33554012	3555517	3565788	+	10272	1.0	0.9992211838006231	60	1
HG00706_1	HG00706#1	CYP21A1P	CYP21	HG00706#1#CM100016.1:28396497-33554012	3589975	3593249	+	3274	1.0	0.9771480804387569	0	1
HG00706_1	HG00706#1	CYP21A1P	CYP21	HG00706#1#CM100016.1:28396497-33554012	3616463	3619737	+	3274	1.0	0.9771480804387569	0	1
HG00706_1	HG00706#1	CYP21A2	CYP21	HG00706#1#CM100016.1:28396497-33554012	3590020	3593249	+	3230	1.0	0.9981424148606811	0	1
HG00706_1	HG00706#1	CYP21A2	CYP21	HG00706#1#CM100016.1:28396497-33554012	3616508	3619737	+	3230	1.0	0.9981424148606811	0	1
HG00706_1	HG00706#1	TNXA	TNX	HG00706#1#CM100016.1:28396497-33554012	3592759	3597482	-	4604	1.0	0.9703640982218459	6	1
HG00706_1	HG00706#1	TNXA	TNX	HG00706#1#CM100016.1:28396497-33554012	3619247	3623970	-	4604	1.0	0.9701524132091448	0	1
HG00706_1	HG00706#1	TNXB	TNX	HG00706#1#CM100016.1:28396497-33554012	3619245	3687407	-	68186	1.0	0.998885646838023	60	1
HG00706_1	HG00706#1	WHR1B	WHR1	HG00706#1#CM100016.1:28396497-33554012	3597728	3598246	+	518	1.0	0.9980694980694981	60	1
HG00706_1	HG00706#1	WHR1B	WHR1	HG00706#1#CM100016.1:28396497-33554012	3564873	3565391	+	518	1.0	0.9942084942084942	0	1
HG00706_2	HG00706#2	WHR1	WHR1	HG00706#2#CM100060.1:28411727-33571906	3553179	3563451	+	10272	1.0	0.9990265745157209	60	1
HG00706_2	HG00706#2	CYP21A1P	CYP21	HG00706#2#CM100060.1:28411727-33571906	3587640	3590914	+	3274	1.0	0.9978619425778864	60	1
HG00706_2	HG00706#2	CYP21A1P	CYP21	HG00706#2#CM100060.1:28411727-33571906	3620375	3623650	+	3274	1.0	0.977459640572647	0	1
HG00706_2	HG00706#2	CYP21A2	CYP21	HG00706#2#CM100060.1:28411727-33571906	3620420	3623650	+	3230	1.0	0.9972136222910216	60	1
HG00706_2	HG00706#2	CYP21A2	CYP21	HG00706#2#CM100060.1:28411727-33571906	3587690	3590914	+	3230	0.9984520123839009	0.9777296628518404	0	1
HG00706_2	HG00706#2	TNXA	TNX	HG00706#2#CM100060.1:28411727-33571906	3590424	3595028	-	4604	1.0	0.9984795829713293	60	1
HG00706_2	HG00706#2	TNXA	TNX	HG00706#2#CM100060.1:28411727-33571906	3623160	3627883	-	4604	1.0	0.970575783234547	0	1
HG00706_2	HG00706#2	TNXB	TNX	HG00706#2#CM100060.1:28411727-33571906	3623158	3691349	-	68186	1.0	0.9994281273369796	60	1
HG00706_2	HG00706#2	WHR1B	WHR1	HG00706#2#CM100060.1:28411727-33571906	3595274	3595792	+	518	1.0	0.9980694980694981	60	1
HG00706_2	HG00706#2	WHR1B	WHR1	HG00706#2#CM100060.1:28411727-33571906	3562536	3563054	+	518	1.0	0.9942084942084942	0	1
HG00733_1	HG00733#1	WHR1	WHR1	HG00733#1#JAHEPQ020000004.1:28448883-33531506	3505520	3515793	+	10272	1.0	0.9990266692622153	60	1
HG00733_1	HG00733#1	CYP21A1P	CYP21	HG00733#1#JAHEPQ020000004.1:28448883-33531506	3539982	3543256	+	3274	1.0	0.998167379352474	60	1
HG00733_1	HG00733#1	CYP21A1P	CYP21	HG00733#1#JAHEPQ020000004.1:28448883-33531506	3572717	3575989	+	3274	1.0	0.9777642400243679	0	1
HG00733_1	HG00733#1	CYP21A2	CYP21	HG00733#1#JAHEPQ020000004.1:28448883-33531506	3572762	3575989	+	3230	1.0	0.9962848297213622	60	1
HG00733_1	HG00733#1	CYP21A2	CYP21	HG00733#1#JAHEPQ020000004.1:28448883-33531506	3540032	3543256	+	3230	0.9984520123839009	0.9780389730900093	0	1
HG00733_1	HG00733#1	TNXA	TNX	HG00733#1#JAHEPQ020000004.1:28448883-33531506	3542766	3547370	-	4604	1.0	0.9980451781059948	60	1
HG00733_1	HG00733#1	TNXA	TNX	HG00733#1#JAHEPQ020000004.1:28448883-33531506	3575499	3580222	-	4604	1.0	0.9690939881456393	0	1
HG00733_1	HG00733#1	TNXB	TNX	HG00733#1#JAHEPQ020000004.1:28448883-33531506	3575497	3643682	-	68186	1.0	0.9986951677222613	60	1
HG00733_1	HG00733#1	WHR1B	WHR1	HG00733#1#JAHEPQ020000004.1:28448883-33531506	3547616	3548134	+	518	1.0	0.9980694980694981	60	1
HG00733_1	HG00733#1	WHR1B	WHR1	HG00733#1#JAHEPQ020000004.1:28448883-33531506	3514878	3515396	+	518	1.0	0.9942084942084942	0	1
HG00733_2	HG00733#2	WHR1	WHR1	HG00733#2#JAHEPP020000013.1:28389728-33496160	3560094	3570366	+	10272	1.0	0.9996105919003115	60	1
HG00733_2	HG00733#2	CYP21A1P	CYP21	HG00733#2#JAHEPP020000013.1:28389728-33496160	3594553	3597828	+	3274	1.0	0.977459640572647	60	1
HG00733_2	HG00733#2	CYP21A2	CYP21	HG00733#2#JAHEPP020000013.1:28389728-33496160	3594598	3597828	+	3230	1.0	0.9981424148606811	60	1
HG00733_2	HG00733#2	TNXA	TNX	HG00733#2#JAHEPP020000013.1:28389728-33496160	3597338	3602061	-	4604	1.0	0.9699407281964437	60	1
HG00733_2	HG00733#2	TNXB	TNX	HG00733#2#JAHEPP020000013.1:28389728-33496160	3597336	3665487	-	68186	1.0	0.9991494229274517	60	1
HG00733_2	HG00733#2	WHR1B	WHR1	HG00733#2#JAHEPP020000013.1:28389728-33496160	3569451	3569969	+	518	1.0	0.9961389961389961	60	1
HG00735_1	HG00735#1	WHR1	WHR1	HG00735#1#CM087879.1:28400157-33626272	3624398	3634671	+	10272	1.0	0.9998053149031442	60	1
HG00735_1	HG00735#1	CYP21A1P	CYP21	HG00735#1#CM087879.1:28400157-33626272	3658860	3662133	+	3274	1.0	0.9975565058032987	60	1
HG00735_1	HG00735#1	CYP21A1P	CYP21	HG00735#1#CM087879.1:28400157-33626272	3685221	3688495	+	3274	1.0	0.9771480804387569	0	1
HG00735_1	HG00735#1	CYP21A2	CYP21	HG00735#1#CM087879.1:28400157-33626272	3685266	3688495	+	3230	1.0	0.9981424148606811	60	1
HG00735_1	HG00735#1	CYP21A2	CYP21	HG00735#1#CM087879.1:28400157-33626272	3658905	3662133	+	3230	1.0	0.9777640518838789	0	1
HG00735_1	HG00735#1	TNXA	TNX	HG00735#1#CM087879.1:28400157-33626272	3661643	3666247	-	4604	1.0	0.9976107732406603	53	1
HG00735_1	HG00735#1	TNXA	TNX	HG00735#1#CM087879.1:28400157-33626272	3688005	3692728	-	4604	1.0	0.9703640982218459	0	1
HG00735_1	HG00735#1	TNXB	TNX	HG00735#1#CM087879.1:28400157-33626272	3688003	3756202	-	68186	1.0	0.9991643454038998	60	1
HG00735_1	HG00735#1	WHR1B	WHR1	HG00735#1#CM087879.1:28400157-33626272	3666493	3667011	+	518	1.0	0.9961389961389961	43	1
HG00735_1	HG00735#1	WHR1B	WHR1	HG00735#1#CM087879.1:28400157-33626272	3633756	3634274	+	518	1.0	0.9942084942084942	0	1
HG00735_2	HG00735#2	WHR1	WHR1	HG00735#2#CM087888.1:28407279-33712571	3619549	3629811	+	10272	1.0	0.9980529595015576	60	1
HG00735_2	HG00735#2	CYP21A1P	CYP21	HG00735#2#CM087888.1:28407279-33712571	3654001	3657275	+	3274	1.0	0.9969456322541234	60	1
HG00735_2	HG00735#2	CYP21A1P	CYP21	HG00735#2#CM087888.1:28407279-33712571	3680369	3683644	+	3274	1.0	0.976850441669205	0	1
HG00735_2	HG00735#2	CYP21A2	CYP21	HG00735#2#CM087888.1:28407279-33712571	3680414	3683644	+	3230	1.0	0.9981424148606811	60	1
HG00735_2	HG00735#2	CYP21A2	CYP21	HG00735#2#CM087888.1:28407279-33712571	3654051	3657275	+	3230	0.9984520123839009	0.9786575935663471	0	1
HG00735_2	HG00735#2	TNXA	TNX	HG00735#2#CM087888.1:28407279-33712571	3656785	3661389	-	4604	1.0	0.9960903562119896	27	1
HG00735_2	HG00735#2	TNXA	TNX	HG00735#2#CM087888.1:28407279-33712571	3683154	3687877	-	4604	1.0	0.9699407281964437	0	1
HG00735_2	HG00735#2	TNXB	TNX	HG00735#2#CM087888.1:28407279-33712571	3683152	3751337	-	68186	1.0	0.9993401372514517	60	1
HG00735_2	HG00735#2	WHR1B	WHR1	HG00735#2#CM087888.1:28407279-33712571	3661635	3662153	+	518	1.0	0.9961389961389961	60	1
HG00735_2	HG00735#2	WHR1B	WHR1	HG00735#2#CM087888.1:28407279-33712571	3628899	3629414	+	518	1.0	0.9884169884169884	0	1
HG00738_1	HG00738#1	WHR1	WHR1	HG00738#1#CM086647.1:28420303-33517291	3553126	3563398	+	10272	1.0	0.9999026479750779	60	1
HG00738_1	HG00738#1	CYP21A1P	CYP21	HG00738#1#CM086647.1:28420303-33517291	3581216	3584491	+	3274	1.0	0.976545842217484	60	1
HG00738_1	HG00738#1	CYP21A2	CYP21	HG00738#1#CM086647.1:28420303-33517291	3581261	3584491	+	3230	1.0	0.9984520123839009	60	1
HG00738_1	HG00738#1	TNXA	TNX	HG00738#1#CM086647.1:28420303-33517291	3584001	3588724	-	4604	1.0	0.9699407281964437	60	1
HG00738_1	HG00738#1	TNXB	TNX	HG00738#1#CM086647.1:28420303-33517291	3583999	3652200	-	68186	1.0	0.9991496847969505	60	1
HG00738_1	HG00738#1	WHR1B	WHR1	HG00738#1#CM086647.1:28420303-33517291	3562483	3563001	+	518	1.0	0.9942084942084942	60	1
HG00738_2	HG00738#2	WHR1	WHR1	HG00738#2#CM086684.1:28399019-33553590	3551292	3561554	+	10272	1.0	0.9981503115264797	60	1
HG00738_2	HG00738#2	CYP21A1P	CYP21	HG00738#2#CM086684.1:28399019-33553590	3585744	3589018	+	3274	1.0	0.9969456322541234	60	1
HG00738_2	HG00738#2	CYP21A1P	CYP21	HG00738#2#CM086684.1:28399019-33553590	3618479	3621753	+	3274	1.0	0.9780621572212066	0	1
HG00738_2	HG00738#2	CYP21A2	CYP21	HG00738#2#CM086684.1:28399019-33553590	3618524	3621753	+	3230	1.0	0.9978328173374613	60	1
HG00738_2	HG00738#2	CYP21A2	CYP21	HG00738#2#CM086684.1:28399019-33553590	3585794	3589018	+	3230	0.9984520123839009	0.9786575935663471	0	1
HG00738_2	HG00738#2	TNXA	TNX	HG00738#2#CM086684.1:28399019-33553590	3588528	3593132	-	4604	1.0	0.9958731537793223	50	1
HG00738_2	HG00738#2	TNXA	TNX	HG00738#2#CM086684.1:28399019-33553590	3621263	3625986	-	4604	1.0	0.9688823031329382	0	1
HG00738_2	HG00738#2	TNXB	TNX	HG00738#2#CM086684.1:28399019-33553590	3621261	3689438	-	68186	1.0	0.9987976186984956	60	1
HG00738_2	HG00738#2	WHR1B	WHR1	HG00738#2#CM086684.1:28399019-33553590	3593378	3593896	+	518	1.0	0.9961389961389961	60	1
HG00738_2	HG00738#2	WHR1B	WHR1	HG00738#2#CM086684.1:28399019-33553590	3560642	3561157	+	518	1.0	0.9884169884169884	0	1
HG00741_1	HG00741#1	WHR1	WHR1	HG00741#1#CM087899.1:28395234-33528259	3561953	3572226	+	10272	1.0	0.9993186021610045	60	1
HG00741_1	HG00741#1	CYP21A1P	CYP21	HG00741#1#CM087899.1:28395234-33528259	3596414	3599688	+	3274	1.0	0.9987782529016493	60	1
HG00741_1	HG00741#1	CYP21A1P	CYP21	HG00741#1#CM087899.1:28395234-33528259	3622782	3626057	+	3274	1.0	0.977155041120926	0	1
HG00741_1	HG00741#1	CYP21A2	CYP21	HG00741#1#CM087899.1:28395234-33528259	3622832	3626057	+	3230	0.9984520123839009	0.9987596899224807	60	1
HG00741_1	HG00741#1	CYP21A2	CYP21	HG00741#1#CM087899.1:28395234-33528259	3596464	3599688	+	3230	0.9984520123839009	0.9774203526136716	0	1
HG00741_1	HG00741#1	TNXA	TNX	HG00741#1#CM087899.1:28395234-33528259	3599198	3603802	-	4604	1.0	0.9976107732406603	58	1
HG00741_1	HG00741#1	TNXA	TNX	HG00741#1#CM087899.1:28395234-33528259	3625567	3630290	-	4604	1.0	0.9701524132091448	0	1
HG00741_1	HG00741#1	TNXB	TNX	HG00741#1#CM087899.1:28395234-33528259	3625565	3693771	-	68186	1.0	0.9989299168853252	60	1
HG00741_1	HG00741#1	WHR1B	WHR1	HG00741#1#CM087899.1:28395234-33528259	3604048	3604566	+	518	1.0	0.9961389961389961	43	1
HG00741_1	HG00741#1	WHR1B	WHR1	HG00741#1#CM087899.1:28395234-33528259	3571311	3571829	+	518	1.0	0.9942084942084942	0	1
HG00741_2	HG00741#2	WHR1	WHR1	HG00741#2#CM087911.1:28428150-33619756	3617898	3628162	+	10272	1.0	0.9981504915798696	60	1
HG00741_2	HG00741#2	CYP21A1P	CYP21	HG00741#2#CM087911.1:28428150-33619756	3652351	3655625	+	3274	1.0	0.9966401954795358	60	1
HG00741_2	HG00741#2	CYP21A1P	CYP21	HG00741#2#CM087911.1:28428150-33619756	3678717	3681992	+	3274	1.0	0.977459640572647	0	1
HG00741_2	HG00741#2	CYP21A2	CYP21	HG00741#2#CM087911.1:28428150-33619756	3678762	3681992	+	3230	1.0	0.9975232198142415	60	1
HG00741_2	HG00741#2	CYP21A2	CYP21	HG00741#2#CM087911.1:28428150-33619756	3652401	3655625	+	3230	0.9984520123839009	0.9789669038045159	0	1
HG00741_2	HG00741#2	TNXA	TNX	HG00741#2#CM087911.1:28428150-33619756	3655135	3659739	-	4604	1.0	0.9960903562119896	39	1
HG00741_2	HG00741#2	TNXA	TNX	HG00741#2#CM087911.1:28428150-33619756	3681502	3686225	-	4604	1.0	0.9695173581710415	0	1
HG00741_2	HG00741#2	TNXB	TNX	HG00741#2#CM087911.1:28428150-33619756	3681500	3749690	-	68186	1.0	0.9989442660449567	60	1
HG00741_2	HG00741#2	WHR1B	WHR1	HG00741#2#CM087911.1:28428150-33619756	3659985	3660503	+	518	1.0	0.9961389961389961	60	1
HG00741_2	HG00741#2	WHR1B	WHR1	HG00741#2#CM087911.1:28428150-33619756	3627250	3627765	+	518	1.0	0.9884169884169884	0	1
HG01071_1	HG01071#1	WHR1	WHR1	HG01071#1#CM089116.1:28400399-33605490	3508189	3518453	+	10272	1.0	0.9981504915798696	60	1
HG01071_1	HG01071#1	CYP21A1P	CYP21	HG01071#1#CM089116.1:28400399-33605490	3542642	3545916	+	3274	1.0	0.9969456322541234	60	1
HG01071_1	HG01071#1	CYP21A1P	CYP21	HG01071#1#CM089116.1:28400399-33605490	3569007	3572282	+	3274	1.0	0.9777642400243679	0	1
HG01071_1	HG01071#1	CYP21A2	CYP21	HG01071#1#CM089116.1:28400399-33605490	3569052	3572282	+	3230	1.0	0.9972136222910216	60	1
HG01071_1	HG01071#1	CYP21A2	CYP21	HG01071#1#CM089116.1:28400399-33605490	3542692	3545916	+	3230	0.9984520123839009	0.9786575935663471	0	1
HG01071_1	HG01071#1	TNXA	TNX	HG01071#1#CM089116.1:28400399-33605490	3545426	3550030	-	4604	1.0	0.996524761077324	54	1
HG01071_1	HG01071#1	TNXA	TNX	HG01071#1#CM089116.1:28400399-33605490	3571792	3576515	-	4604	1.0	0.9693056731583404	0	1
HG01071_1	HG01071#1	TNXB	TNX	HG01071#1#CM089116.1:28400399-33605490	3571790	3639976	-	68186	1.0	0.9989149082804228	60	1
HG01071_1	HG01071#1	WHR1B	WHR1	HG01071#1#CM089116.1:28400399-33605490	3550276	3550794	+	518	1.0	0.9961389961389961	60	1
HG01071_1	HG01071#1	WHR1B	WHR1	HG01071#1#CM089116.1:28400399-33605490	3517541	3518056	+	518	1.0	0.9884169884169884	0	1
HG01071_2	HG01071#2	WHR1	WHR1	HG01071#2#JAHBCE020000004.1:28353469-33512869	3561228	3571502	+	10272	1.0	0.9991240023359937	60	1
HG01071_2	HG01071#2	CYP21A1P	CYP21	HG01071#2#JAHBCE020000004.1:28353469-33512869	3595689	3598963	+	3274	1.0	0.9960293219303604	60	1
HG01071_2	HG01071#2	CYP21A1P	CYP21	HG01071#2#JAHBCE020000004.1:28353469-33512869	3648423	3651698	+	3274	1.0	0.9777642400243679	0	1
HG01071_2	HG01071#2	CYP21A1P	CYP21	HG01071#2#JAHBCE020000004.1:28353469-33512869	3622057	3625332	+	3274	1.0	0.976850441669205	0	1
HG01071_2	HG01071#2	CYP21A2	CYP21	HG01071#2#JAHBCE020000004.1:28353469-33512869	3622102	3625332	+	3230	1.0	0.9981424148606811	24	1
HG01071_2	HG01071#2	CYP21A2	CYP21	HG01071#2#JAHBCE020000004.1:28353469-33512869	3648468	3651698	+	3230	1.0	0.9969040247678018	0	1
HG01071_2	HG01071#2	CYP21A2	CYP21	HG01071#2#JAHBCE020000004.1:28353469-33512869	3595739	3598963	+	3230	0.9984520123839009	0.9780389730900093	0	1
HG01071_2	HG01071#2	TNXA	TNX	HG01071#2#JAHBCE020000004.1:28353469-33512869	3598473	3603077	-	4604	1.0	0.9980451781059948	45	1
HG01071_2	HG01071#2	TNXA	TNX	HG01071#2#JAHBCE020000004.1:28353469-33512869	3624842	3629445	-	4604	1.0	0.9960903562119896	0	1
HG01071_2	HG01071#2	TNXA	TNX	HG01071#2#JAHBCE020000004.1:28353469-33512869	3651208	3655931	-	4604	1.0	0.9688823031329382	0	1
HG01071_2	HG01071#2	TNXB	TNX	HG01071#2#JAHBCE020000004.1:28353469-33512869	3651206	3719382	-	68186	1.0	0.9988269106692474	60	1
HG01071_2	HG01071#2	WHR1B	WHR1	HG01071#2#JAHBCE020000004.1:28353469-33512869	3570587	3571105	+	518	1.0	1.0	29	1
HG01071_2	HG01071#2	WHR1B	WHR1	HG01071#2#JAHBCE020000004.1:28353469-33512869	3603323	3603841	+	518	1.0	0.9980694980694981	0	1
HG01071_2	HG01071#2	WHR1B	WHR1	HG01071#2#JAHBCE020000004.1:28353469-33512869	3629691	3630209	+	518	1.0	0.9961389961389961	0	1
HG01074_1	HG01074#1	WHR1	WHR1	HG01074#1#CM088786.1:28385433-33531927	3538005	3548279	+	10272	1.0	0.9991240023359937	60	1
HG01074_1	HG01074#1	CYP21A1P	CYP21	HG01074#1#CM088786.1:28385433-33531927	3572466	3575740	+	3274	1.0	0.9957238851557727	60	1
HG01074_1	HG01074#1	CYP21A1P	CYP21	HG01074#1#CM088786.1:28385433-33531927	3605200	3608475	+	3274	1.0	0.9780688394760889	0	1
HG01074_1	HG01074#1	CYP21A2	CYP21	HG01074#1#CM088786.1:28385433-33531927	3605245	3608475	+	3230	1.0	0.9996904024767802	60	1
HG01074_1	HG01074#1	CYP21A2	CYP21	HG01074#1#CM088786.1:28385433-33531927	3572516	3575740	+	3230	0.9984520123839009	0.9777296628518404	0	1
HG01074_1	HG01074#1	TNXA	TNX	HG01074#1#CM088786.1:28385433-33531927	3575250	3579854	-	4604	1.0	0.9986967854039965	60	1
HG01074_1	HG01074#1	TNXA	TNX	HG01074#1#CM088786.1:28385433-33531927	3607985	3612708	-	4604	1.0	0.9701524132091448	0	1
HG01074_1	HG01074#1	TNXB	TNX	HG01074#1#CM088786.1:28385433-33531927	3607983	3676168	-	68186	1.0	0.9999853342328338	60	1
HG01074_1	HG01074#1	WHR1B	WHR1	HG01074#1#CM088786.1:28385433-33531927	3547364	3547882	+	518	1.0	1.0	0	1
HG01074_1	HG01074#1	WHR1B	WHR1	HG01074#1#CM088786.1:28385433-33531927	3580100	3580618	+	518	1.0	1.0	0	1
HG01074_2	HG01074#2	WHR1	WHR1	HG01074#2#CM088812.1:28367163-33616085	3553327	3563589	+	10272	1.0	0.9980529595015576	60	1
HG01074_2	HG01074#2	CYP21A1P	CYP21	HG01074#2#CM088812.1:28367163-33616085	3587779	3591053	+	3274	1.0	0.9969456322541234	60	1
HG01074_2	HG01074#2	CYP21A1P	CYP21	HG01074#2#CM088812.1:28367163-33616085	3614147	3617422	+	3274	1.0	0.976850441669205	0	1
HG01074_2	HG01074#2	CYP21A2	CYP21	HG01074#2#CM088812.1:28367163-33616085	3614192	3617422	+	3230	1.0	0.9978328173374613	60	1
HG01074_2	HG01074#2	CYP21A2	CYP21	HG01074#2#CM088812.1:28367163-33616085	3587829	3591053	+	3230	0.9984520123839009	0.9786575935663471	0	1
HG01074_2	HG01074#2	TNXA	TNX	HG01074#2#CM088812.1:28367163-33616085	3590563	3595167	-	4604	1.0	0.9960903562119896	27	1
HG01074_2	HG01074#2	TNXA	TNX	HG01074#2#CM088812.1:28367163-33616085	3616932	3621655	-	4604	1.0	0.9699407281964437	0	1
HG01074_2	HG01074#2	TNXB	TNX	HG01074#2#CM088812.1:28367163-33616085	3616930	3685134	-	68186	1.0	0.9991350495513985	60	1
HG01074_2	HG01074#2	WHR1B	WHR1	HG01074#2#CM088812.1:28367163-33616085	3595413	3595931	+	518	1.0	0.9961389961389961	60	1
HG01074_2	HG01074#2	WHR1B	WHR1	HG01074#2#CM088812.1:28367163-33616085	3562677	3563192	+	518	1.0	0.9884169884169884	0	1
HG01081_1	HG01081#1	WHR1	WHR1	HG01081#1#CM088567.1:28461361-33570671	3500089	3510361	+	10272	1.0	0.9991239170641487	60	1
HG01081_1	HG01081#1	CYP21A1P	CYP21	HG01081#1#CM088567.1:28461361-33570671	3534550	3537824	+	3274	1.0	0.9987782529016493	13	1
HG01081_1	HG01081#1	CYP21A1P	CYP21	HG01081#1#CM088567.1:28461361-33570671	3567288	3570562	+	3274	1.0	0.998167379352474	0	1
HG01081_1	HG01081#1	CYP21A1P	CYP21	HG01081#1#CM088567.1:28461361-33570671	3600023	3603294	+	3274	1.0	0.9783668494820231	0	1
HG01081_1	HG01081#1	CYP21A2	CYP21	HG01081#1#CM088567.1:28461361-33570671	3600068	3603294	+	3230	1.0	0.9959752321981424	60	1
HG01081_1	HG01081#1	CYP21A2	CYP21	HG01081#1#CM088567.1:28461361-33570671	3567338	3570562	+	3230	0.9984520123839009	0.9780389730900093	0	1
HG01081_1	HG01081#1	CYP21A2	CYP21	HG01081#1#CM088567.1:28461361-33570671	3534600	3537824	+	3230	0.9984520123839009	0.9774203526136716	0	1
HG01081_1	HG01081#1	TNXA	TNX	HG01081#1#CM088567.1:28461361-33570671	3537334	3541938	-	4604	1.0	0.9980451781059948	0	1
HG01081_1	HG01081#1	TNXA	TNX	HG01081#1#CM088567.1:28461361-33570671	3570072	3574676	-	4604	1.0	0.9980451781059948	0	1
HG01081_1	HG01081#1	TNXA	TNX	HG01081#1#CM088567.1:28461361-33570671	3602804	3607527	-	4604	1.0	0.9688823031329382	0	1
HG01081_1	HG01081#1	TNXB	TNX	HG01081#1#CM088567.1:28461361-33570671	3602802	3670994	-	68186	1.0	0.9991788735905218	60	1
HG01081_1	HG01081#1	WHR1B	WHR1	HG01081#1#CM088567.1:28461361-33570671	3542184	3542702	+	518	1.0	0.9980694980694981	0	1
HG01081_1	HG01081#1	WHR1B	WHR1	HG01081#1#CM088567.1:28461361-33570671	3574922	3575440	+	518	1.0	0.9980694980694981	0	1
HG01081_1	HG01081#1	WHR1B	WHR1	HG01081#1#CM088567.1:28461361-33570671	3509446	3509964	+	518	1.0	0.9942084942084942	0	1
HG01081_2	HG01081#2	WHR1	WHR1	HG01081#2#CM088583.1:28313947-33411923	3504615	3514877	+	10272	1.0	0.9980529595015576	60	1
HG01081_2	HG01081#2	CYP21A1P	CYP21	HG01081#2#CM088583.1:28313947-33411923	3539067	3542341	+	3274	1.0	0.9966401954795358	60	1
HG01081_2	HG01081#2	CYP21A1P	CYP21	HG01081#2#CM088583.1:28313947-33411923	3565435	3568710	+	3274	1.0	0.976850441669205	0	1
HG01081_2	HG01081#2	CYP21A2	CYP21	HG01081#2#CM088583.1:28313947-33411923	3565480	3568710	+	3230	1.0	0.9981424148606811	60	1
HG01081_2	HG01081#2	CYP21A2	CYP21	HG01081#2#CM088583.1:28313947-33411923	3539117	3542341	+	3230	0.9984520123839009	0.9789669038045159	0	1
HG01081_2	HG01081#2	TNXA	TNX	HG01081#2#CM088583.1:28313947-33411923	3541851	3546455	-	4604	1.0	0.9963075586446568	33	1
HG01081_2	HG01081#2	TNXA	TNX	HG01081#2#CM088583.1:28313947-33411923	3568220	3572943	-	4604	1.0	0.9699407281964437	0	1
HG01081_2	HG01081#2	TNXB	TNX	HG01081#2#CM088583.1:28313947-33411923	3568218	3636403	-	68186	1.0	0.9992228739002933	60	1
HG01081_2	HG01081#2	WHR1B	WHR1	HG01081#2#CM088583.1:28313947-33411923	3546701	3547219	+	518	1.0	0.9961389961389961	60	1
HG01081_2	HG01081#2	WHR1B	WHR1	HG01081#2#CM088583.1:28313947-33411923	3513965	3514480	+	518	1.0	0.9884169884169884	0	1
HG01099_1	HG01099#1	WHR1	WHR1	HG01099#1#CM086260.1:28473499-33727222	3558144	3568408	+	10272	1.0	0.9981504915798696	60	1
HG01099_1	HG01099#1	CYP21A1P	CYP21	HG01099#1#CM086260.1:28473499-33727222	3592597	3595871	+	3274	1.0	0.9969456322541234	60	1
HG01099_1	HG01099#1	CYP21A1P	CYP21	HG01099#1#CM086260.1:28473499-33727222	3618962	3622237	+	3274	1.0	0.9777642400243679	0	1
HG01099_1	HG01099#1	CYP21A2	CYP21	HG01099#1#CM086260.1:28473499-33727222	3619007	3622237	+	3230	1.0	0.9972136222910216	60	1
HG01099_1	HG01099#1	CYP21A2	CYP21	HG01099#1#CM086260.1:28473499-33727222	3592647	3595871	+	3230	0.9984520123839009	0.9786575935663471	0	1
HG01099_1	HG01099#1	TNXA	TNX	HG01099#1#CM086260.1:28473499-33727222	3595381	3599985	-	4604	1.0	0.9963075586446568	49	1
HG01099_1	HG01099#1	TNXA	TNX	HG01099#1#CM086260.1:28473499-33727222	3621747	3626470	-	4604	1.0	0.9693056731583404	0	1
HG01099_1	HG01099#1	TNXB	TNX	HG01099#1#CM086260.1:28473499-33727222	3621745	3689931	-	68186	1.0	0.9989149082804228	60	1
HG01099_1	HG01099#1	WHR1B	WHR1	HG01099#1#CM086260.1:28473499-33727222	3600231	3600749	+	518	1.0	0.9961389961389961	60	1
HG01099_1	HG01099#1	WHR1B	WHR1	HG01099#1#CM086260.1:28473499-33727222	3567496	3568011	+	518	1.0	0.9884169884169884	0	1
HG01099_2	HG01099#2	WHR1	WHR1	HG01099#2#CM086271.1:28372897-33623240	3553631	3563893	+	10272	1.0	0.9980529595015576	60	1
HG01099_2	HG01099#2	CYP21A1P	CYP21	HG01099#2#CM086271.1:28372897-33623240	3588083	3591357	+	3274	1.0	0.9969456322541234	60	1
HG01099_2	HG01099#2	CYP21A1P	CYP21	HG01099#2#CM086271.1:28372897-33623240	3614451	3617726	+	3274	1.0	0.976850441669205	0	1
HG01099_2	HG01099#2	CYP21A2	CYP21	HG01099#2#CM086271.1:28372897-33623240	3614496	3617726	+	3230	1.0	0.9978328173374613	60	1
HG01099_2	HG01099#2	CYP21A2	CYP21	HG01099#2#CM086271.1:28372897-33623240	3588133	3591357	+	3230	0.9984520123839009	0.9786575935663471	0	1
HG01099_2	HG01099#2	TNXA	TNX	HG01099#2#CM086271.1:28372897-33623240	3590867	3595471	-	4604	1.0	0.9963075586446568	33	1
HG01099_2	HG01099#2	TNXA	TNX	HG01099#2#CM086271.1:28372897-33623240	3617236	3621959	-	4604	1.0	0.9699407281964437	0	1
HG01099_2	HG01099#2	TNXB	TNX	HG01099#2#CM086271.1:28372897-33623240	3617234	3685439	-	68186	1.0	0.9991350495513985	60	1
HG01099_2	HG01099#2	WHR1B	WHR1	HG01099#2#CM086271.1:28372897-33623240	3595717	3596235	+	518	1.0	0.9961389961389961	60	1
HG01099_2	HG01099#2	WHR1B	WHR1	HG01099#2#CM086271.1:28372897-33623240	3562981	3563496	+	518	1.0	0.9884169884169884	0	1
HG01106_1	HG01106#1	WHR1	WHR1	HG01106#1#CM087952.1:28365981-33527455	3614816	3625089	+	10272	1.0	0.9995132872578604	60	1
HG01106_1	HG01106#1	CYP21A1P	CYP21	HG01106#1#CM087952.1:28365981-33527455	3649276	3652551	+	3274	1.0	0.977459640572647	60	1
HG01106_1	HG01106#1	CYP21A2	CYP21	HG01106#1#CM087952.1:28365981-33527455	3649321	3652551	+	3230	1.0	0.9981424148606811	60	1
HG01106_1	HG01106#1	TNXA	TNX	HG01106#1#CM087952.1:28365981-33527455	3652061	3656784	-	4604	1.0	0.9699407281964437	60	1
HG01106_1	HG01106#1	TNXB	TNX	HG01106#1#CM087952.1:28365981-33527455	3652059	3720214	-	68186	1.0	0.9992080834152136	60	1
HG01106_1	HG01106#1	WHR1B	WHR1	HG01106#1#CM087952.1:28365981-33527455	3624174	3624692	+	518	1.0	0.9961389961389961	60	1
HG01106_2	HG01106#2	WHR1	WHR1	HG01106#2#CM087965.1:28447447-33606093	3611955	3622228	+	10272	1.0	0.9995132872578604	60	1
HG01106_2	HG01106#2	CYP21A1P	CYP21	HG01106#2#CM087965.1:28447447-33606093	3646415	3649690	+	3274	1.0	0.977459640572647	60	1
HG01106_2	HG01106#2	CYP21A2	CYP21	HG01106#2#CM087965.1:28447447-33606093	3646460	3649690	+	3230	1.0	0.9981424148606811	60	1
HG01106_2	HG01106#2	TNXA	TNX	HG01106#2#CM087965.1:28447447-33606093	3649200	3653923	-	4604	1.0	0.9699407281964437	60	1
HG01106_2	HG01106#2	TNXB	TNX	HG01106#2#CM087965.1:28447447-33606093	3649198	3717353	-	68186	1.0	0.9991934182932731	60	1
HG01106_2	HG01106#2	WHR1B	WHR1	HG01106#2#CM087965.1:28447447-33606093	3621313	3621831	+	518	1.0	0.9961389961389961	60	1
HG01109_1	HG01109#1	WHR1	WHR1	HG01109#1#CM092087.1:28385979-33527092	3618991	3629263	+	10272	1.0	0.9991239170641487	60	1
HG01109_1	HG01109#1	CYP21A1P	CYP21	HG01109#1#CM092087.1:28385979-33527092	3653452	3656726	+	3274	1.0	0.998167379352474	60	1
HG01109_1	HG01109#1	CYP21A1P	CYP21	HG01109#1#CM092087.1:28385979-33527092	3686187	3689459	+	3274	1.0	0.977459640572647	0	1
HG01109_1	HG01109#1	CYP21A2	CYP21	HG01109#1#CM092087.1:28385979-33527092	3686232	3689459	+	3230	1.0	0.9959752321981424	60	1
HG01109_1	HG01109#1	CYP21A2	CYP21	HG01109#1#CM092087.1:28385979-33527092	3653502	3656726	+	3230	0.9984520123839009	0.9780389730900093	0	1
HG01109_1	HG01109#1	TNXA	TNX	HG01109#1#CM092087.1:28385979-33527092	3656236	3660840	-	4604	1.0	0.9980451781059948	60	1
HG01109_1	HG01109#1	TNXA	TNX	HG01109#1#CM092087.1:28385979-33527092	3688969	3693692	-	4604	1.0	0.9688823031329382	0	1
HG01109_1	HG01109#1	TNXB	TNX	HG01109#1#CM092087.1:28385979-33527092	3688967	3757145	-	68186	1.0	0.9988269794721407	60	1
HG01109_1	HG01109#1	WHR1B	WHR1	HG01109#1#CM092087.1:28385979-33527092	3661086	3661604	+	518	1.0	0.9980694980694981	60	1
HG01109_1	HG01109#1	WHR1B	WHR1	HG01109#1#CM092087.1:28385979-33527092	3628348	3628866	+	518	1.0	0.9942084942084942	0	1
HG01109_2	HG01109#2	WHR1	WHR1	HG01109#2#CM092075.1:28375676-33512099	3553646	3563908	+	10272	1.0	0.9980529595015576	60	1
HG01109_2	HG01109#2	CYP21A1P	CYP21	HG01109#2#CM092075.1:28375676-33512099	3588098	3591372	+	3274	1.0	0.9969456322541234	60	1
HG01109_2	HG01109#2	CYP21A1P	CYP21	HG01109#2#CM092075.1:28375676-33512099	3614466	3617741	+	3274	1.0	0.976850441669205	0	1
HG01109_2	HG01109#2	CYP21A2	CYP21	HG01109#2#CM092075.1:28375676-33512099	3614511	3617741	+	3230	1.0	0.9978328173374613	60	1
HG01109_2	HG01109#2	CYP21A2	CYP21	HG01109#2#CM092075.1:28375676-33512099	3588148	3591372	+	3230	0.9984520123839009	0.9786575935663471	0	1
HG01109_2	HG01109#2	TNXA	TNX	HG01109#2#CM092075.1:28375676-33512099	3590882	3595486	-	4604	1.0	0.9963075586446568	33	1
HG01109_2	HG01109#2	TNXA	TNX	HG01109#2#CM092075.1:28375676-33512099	3617251	3621974	-	4604	1.0	0.9699407281964437	0	1
HG01109_2	HG01109#2	TNXB	TNX	HG01109#2#CM092075.1:28375676-33512099	3617249	3685444	-	68186	1.0	0.9990617349107915	60	1
HG01109_2	HG01109#2	WHR1B	WHR1	HG01109#2#CM092075.1:28375676-33512099	3595732	3596250	+	518	1.0	0.9961389961389961	60	1
HG01109_2	HG01109#2	WHR1B	WHR1	HG01109#2#CM092075.1:28375676-33512099	3562996	3563511	+	518	1.0	0.9884169884169884	0	1
HG01123_1	HG01123#1	WHR1	WHR1	HG01123#1#CM089083.1:28404843-33659990	3554392	3564664	+	10272	1.0	0.9993185358255452	60	1
HG01123_1	HG01123#1	CYP21A1P	CYP21	HG01123#1#CM089083.1:28404843-33659990	3588854	3592128	+	3274	1.0	0.9966401954795358	60	1
HG01123_1	HG01123#1	CYP21A1P	CYP21	HG01123#1#CM089083.1:28404843-33659990	3621589	3624863	+	3274	1.0	0.9795856185252895	0	1
HG01123_1	HG01123#1	CYP21A2	CYP21	HG01123#1#CM089083.1:28404843-33659990	3621634	3624863	+	3230	1.0	0.996594427244582	60	1
HG01123_1	HG01123#1	CYP21A2	CYP21	HG01123#1#CM089083.1:28404843-33659990	3588904	3592128	+	3230	0.9984520123839009	0.9777296628518404	0	1
HG01123_1	HG01123#1	TNXA	TNX	HG01123#1#CM089083.1:28404843-33659990	3591638	3596242	-	4604	1.0	0.9978279756733276	60	1
HG01123_1	HG01123#1	TNXA	TNX	HG01123#1#CM089083.1:28404843-33659990	3624373	3629096	-	4604	1.0	0.968458933107536	0	1
HG01123_1	HG01123#1	TNXB	TNX	HG01123#1#CM089083.1:28404843-33659990	3624371	3692549	-	68186	1.0	0.9986072015012901	60	1
HG01123_1	HG01123#1	WHR1B	WHR1	HG01123#1#CM089083.1:28404843-33659990	3596488	3597006	+	518	1.0	0.9980694980694981	34	1
HG01123_1	HG01123#1	WHR1B	WHR1	HG01123#1#CM089083.1:28404843-33659990	3563749	3564267	+	518	1.0	0.9961389961389961	0	1
HG01123_2	HG01123#2	WHR1	WHR1	HG01123#2#CM089098.1:28415807-33563460	3543398	3553671	+	10272	1.0	0.9994159447094325	60	1
HG01123_2	HG01123#2	CYP21A1P	CYP21	HG01123#2#CM089098.1:28415807-33563460	3577859	3581133	+	3274	1.0	0.998167379352474	60	1
HG01123_2	HG01123#2	CYP21A1P	CYP21	HG01123#2#CM089098.1:28415807-33563460	3610594	3613868	+	3274	1.0	0.9780621572212066	0	1
HG01123_2	HG01123#2	CYP21A2	CYP21	HG01123#2#CM089098.1:28415807-33563460	3610639	3613868	+	3230	1.0	0.9978328173374613	60	1
HG01123_2	HG01123#2	CYP21A2	CYP21	HG01123#2#CM089098.1:28415807-33563460	3577909	3581133	+	3230	0.9984520123839009	0.9780389730900093	0	1
HG01123_2	HG01123#2	TNXA	TNX	HG01123#2#CM089098.1:28415807-33563460	3580643	3585247	-	4604	1.0	0.9958731537793223	50	1
HG01123_2	HG01123#2	TNXA	TNX	HG01123#2#CM089098.1:28415807-33563460	3613378	3618101	-	4604	1.0	0.9688823031329382	0	1
HG01123_2	HG01123#2	TNXB	TNX	HG01123#2#CM089098.1:28415807-33563460	3613376	3681552	-	68186	1.0	0.9987829555118919	60	1
HG01123_2	HG01123#2	WHR1B	WHR1	HG01123#2#CM089098.1:28415807-33563460	3585493	3586011	+	518	1.0	0.9961389961389961	38	1
HG01123_2	HG01123#2	WHR1B	WHR1	HG01123#2#CM089098.1:28415807-33563460	3552756	3553274	+	518	1.0	0.9942084942084942	0	1
HG01150_1	HG01150#1	WHR1	WHR1	HG01150#1#CM088598.1:28377562-33536105	3548758	3559030	+	10272	1.0	0.9991239170641487	60	1
HG01150_1	HG01150#1	CYP21A1P	CYP21	HG01150#1#CM088598.1:28377562-33536105	3583219	3586493	+	3274	1.0	0.9978619425778864	60	1
HG01150_1	HG01150#1	CYP21A1P	CYP21	HG01150#1#CM088598.1:28377562-33536105	3615954	3619226	+	3274	1.0	0.977155041120926	0	1
HG01150_1	HG01150#1	CYP21A2	CYP21	HG01150#1#CM088598.1:28377562-33536105	3615999	3619226	+	3230	1.0	0.9969040247678018	60	1
HG01150_1	HG01150#1	CYP21A2	CYP21	HG01150#1#CM088598.1:28377562-33536105	3583269	3586493	+	3230	0.9984520123839009	0.9777296628518404	0	1
HG01150_1	HG01150#1	TNXA	TNX	HG01150#1#CM088598.1:28377562-33536105	3586003	3590607	-	4604	1.0	0.9980451781059948	60	1
HG01150_1	HG01150#1	TNXA	TNX	HG01150#1#CM088598.1:28377562-33536105	3618736	3623459	-	4604	1.0	0.9690939881456393	0	1
HG01150_1	HG01150#1	TNXB	TNX	HG01150#1#CM088598.1:28377562-33536105	3618734	3686907	-	68186	1.0	0.9986217817136824	60	1
HG01150_1	HG01150#1	WHR1B	WHR1	HG01150#1#CM088598.1:28377562-33536105	3590853	3591371	+	518	1.0	0.9980694980694981	60	1
HG01150_1	HG01150#1	WHR1B	WHR1	HG01150#1#CM088598.1:28377562-33536105	3558115	3558633	+	518	1.0	0.9942084942084942	0	1
HG01150_2	HG01150#2	WHR1	WHR1	HG01150#2#CM088614.1:28600391-33807062	3622058	3632330	+	10272	1.0	0.9991239170641487	60	1
HG01150_2	HG01150#2	CYP21A1P	CYP21	HG01150#2#CM088614.1:28600391-33807062	3656519	3659793	+	3274	1.0	0.998167379352474	60	1
HG01150_2	HG01150#2	CYP21A1P	CYP21	HG01150#2#CM088614.1:28600391-33807062	3689254	3692526	+	3274	1.0	0.977459640572647	0	1
HG01150_2	HG01150#2	CYP21A2	CYP21	HG01150#2#CM088614.1:28600391-33807062	3689299	3692526	+	3230	1.0	0.9959752321981424	60	1
HG01150_2	HG01150#2	CYP21A2	CYP21	HG01150#2#CM088614.1:28600391-33807062	3656569	3659793	+	3230	0.9984520123839009	0.9780389730900093	0	1
HG01150_2	HG01150#2	TNXA	TNX	HG01150#2#CM088614.1:28600391-33807062	3659303	3663907	-	4604	1.0	0.998262380538662	60	1
HG01150_2	HG01150#2	TNXA	TNX	HG01150#2#CM088614.1:28600391-33807062	3692036	3696759	-	4604	1.0	0.9693056731583404	0	1
HG01150_2	HG01150#2	TNXB	TNX	HG01150#2#CM088614.1:28600391-33807062	3692034	3760216	-	68186	1.0	0.9985779836688021	60	1
HG01150_2	HG01150#2	WHR1B	WHR1	HG01150#2#CM088614.1:28600391-33807062	3664153	3664671	+	518	1.0	0.9980694980694981	60	1
HG01150_2	HG01150#2	WHR1B	WHR1	HG01150#2#CM088614.1:28600391-33807062	3631415	3631933	+	518	1.0	0.9942084942084942	0	1
HG01167_1	HG01167#1	WHR1	WHR1	HG01167#1#CM094528.1:28408993-33550950	3455615	3465887	+	10272	1.0	0.9998052959501558	60	1
HG01167_1	HG01167#1	CYP21A1P	CYP21	HG01167#1#CM094528.1:28408993-33550950	3490075	3493348	+	3274	1.0	0.9978619425778864	60	1
HG01167_1	HG01167#1	CYP21A1P	CYP21	HG01167#1#CM094528.1:28408993-33550950	3516436	3519710	+	3274	1.0	0.9783668494820231	0	1
HG01167_1	HG01167#1	CYP21A2	CYP21	HG01167#1#CM094528.1:28408993-33550950	3516481	3519710	+	3230	1.0	0.9969040247678018	60	1
HG01167_1	HG01167#1	CYP21A2	CYP21	HG01167#1#CM094528.1:28408993-33550950	3490120	3493348	+	3230	1.0	0.9774552192711551	0	1
HG01167_1	HG01167#1	TNXA	TNX	HG01167#1#CM094528.1:28408993-33550950	3492858	3497462	-	4604	1.0	0.998262380538662	60	1
HG01167_1	HG01167#1	TNXA	TNX	HG01167#1#CM094528.1:28408993-33550950	3519220	3523943	-	4604	1.0	0.9699407281964437	0	1
HG01167_1	HG01167#1	TNXB	TNX	HG01167#1#CM094528.1:28408993-33550950	3519218	3587414	-	68186	1.0	0.9988125778787657	60	1
HG01167_1	HG01167#1	WHR1B	WHR1	HG01167#1#CM094528.1:28408993-33550950	3497708	3498226	+	518	1.0	0.9961389961389961	43	1
HG01167_1	HG01167#1	WHR1B	WHR1	HG01167#1#CM094528.1:28408993-33550950	3464972	3465490	+	518	1.0	0.9942084942084942	0	1
HG01167_2	HG01167#2	WHR1	WHR1	HG01167#2#CM094543.1:28383235-33548638	3563172	3573436	+	10272	1.0	0.9981504915798696	60	1
HG01167_2	HG01167#2	CYP21A1P	CYP21	HG01167#2#CM094543.1:28383235-33548638	3597625	3600899	+	3274	1.0	0.9969456322541234	60	1
HG01167_2	HG01167#2	CYP21A1P	CYP21	HG01167#2#CM094543.1:28383235-33548638	3623991	3627266	+	3274	1.0	0.9777642400243679	0	1
HG01167_2	HG01167#2	CYP21A2	CYP21	HG01167#2#CM094543.1:28383235-33548638	3624036	3627266	+	3230	1.0	0.9972136222910216	60	1
HG01167_2	HG01167#2	CYP21A2	CYP21	HG01167#2#CM094543.1:28383235-33548638	3597675	3600899	+	3230	0.9984520123839009	0.9786575935663471	0	1
HG01167_2	HG01167#2	TNXA	TNX	HG01167#2#CM094543.1:28383235-33548638	3600409	3605013	-	4604	1.0	0.9963075586446568	49	1
HG01167_2	HG01167#2	TNXA	TNX	HG01167#2#CM094543.1:28383235-33548638	3626776	3631499	-	4604	1.0	0.9693056731583404	0	1
HG01167_2	HG01167#2	TNXB	TNX	HG01167#2#CM094543.1:28383235-33548638	3626774	3694957	-	68186	1.0	0.9988416082583067	60	1
HG01167_2	HG01167#2	WHR1B	WHR1	HG01167#2#CM094543.1:28383235-33548638	3605259	3605777	+	518	1.0	0.9961389961389961	60	1
HG01167_2	HG01167#2	WHR1B	WHR1	HG01167#2#CM094543.1:28383235-33548638	3572524	3573039	+	518	1.0	0.9884169884169884	0	1
HG01175_1	HG01175#1	WHR1	WHR1	HG01175#1#CM087925.1:28388857-33560219	3562251	3572523	+	10272	1.0	1.0	60	1
HG01175_1	HG01175#1	CYP21A1P	CYP21	HG01175#1#CM087925.1:28388857-33560219	3596712	3599986	+	3274	1.0	1.0	60	1
HG01175_1	HG01175#1	CYP21A1P	CYP21	HG01175#1#CM087925.1:28388857-33560219	3629446	3632721	+	3274	1.0	0.9780688394760889	0	1
HG01175_1	HG01175#1	CYP21A2	CYP21	HG01175#1#CM087925.1:28388857-33560219	3629491	3632721	+	3230	1.0	0.9996904024767802	60	1
HG01175_1	HG01175#1	CYP21A2	CYP21	HG01175#1#CM087925.1:28388857-33560219	3596762	3599986	+	3230	0.9984520123839009	0.9780389730900093	0	1
HG01175_1	HG01175#1	TNXA	TNX	HG01175#1#CM087925.1:28388857-33560219	3599496	3604100	-	4604	1.0	1.0	60	1
HG01175_1	HG01175#1	TNXA	TNX	HG01175#1#CM087925.1:28388857-33560219	3632231	3636954	-	4604	1.0	0.9701524132091448	0	1
HG01175_1	HG01175#1	TNXB	TNX	HG01175#1#CM087925.1:28388857-33560219	3632229	3700414	-	68186	1.0	0.9999853342328338	60	1
HG01175_1	HG01175#1	WHR1B	WHR1	HG01175#1#CM087925.1:28388857-33560219	3604346	3604864	+	518	1.0	1.0	60	1
HG01175_1	HG01175#1	WHR1B	WHR1	HG01175#1#CM087925.1:28388857-33560219	3571608	3572126	+	518	1.0	0.9942084942084942	0	1
HG01175_2	HG01175#2	WHR1	WHR1	HG01175#2#CM087940.1:28426263-33594671	3566926	3577190	+	10272	1.0	0.9981504915798696	60	1
HG01175_2	HG01175#2	CYP21A1P	CYP21	HG01175#2#CM087940.1:28426263-33594671	3601379	3604653	+	3274	1.0	0.9966401954795358	60	1
HG01175_2	HG01175#2	CYP21A1P	CYP21	HG01175#2#CM087940.1:28426263-33594671	3627745	3631020	+	3274	1.0	0.977459640572647	0	1
HG01175_2	HG01175#2	CYP21A2	CYP21	HG01175#2#CM087940.1:28426263-33594671	3627790	3631020	+	3230	1.0	0.9975232198142415	60	1
HG01175_2	HG01175#2	CYP21A2	CYP21	HG01175#2#CM087940.1:28426263-33594671	3601429	3604653	+	3230	0.9984520123839009	0.9789669038045159	0	1
HG01175_2	HG01175#2	TNXA	TNX	HG01175#2#CM087940.1:28426263-33594671	3604163	3608767	-	4604	1.0	0.9958731537793223	40	1
HG01175_2	HG01175#2	TNXA	TNX	HG01175#2#CM087940.1:28426263-33594671	3630530	3635253	-	4604	1.0	0.9693056731583404	0	1
HG01175_2	HG01175#2	TNXB	TNX	HG01175#2#CM087940.1:28426263-33594671	3630528	3698718	-	68186	1.0	0.9989442660449567	60	1
HG01175_2	HG01175#2	WHR1B	WHR1	HG01175#2#CM087940.1:28426263-33594671	3609013	3609531	+	518	1.0	0.9961389961389961	60	1
HG01175_2	HG01175#2	WHR1B	WHR1	HG01175#2#CM087940.1:28426263-33594671	3576278	3576793	+	518	1.0	0.9884169884169884	0	1
HG01192_1	HG01192#1	WHR1	WHR1	HG01192#1#JBHDVI010000008.1:28423245-33497113	3553305	3563577	+	10272	1.0	0.9991239170641487	60	1
HG01192_1	HG01192#1	CYP21A1P	CYP21	HG01192#1#JBHDVI010000008.1:28423245-33497113	3587766	3591040	+	3274	1.0	0.9978619425778864	60	1
HG01192_1	HG01192#1	CYP21A1P	CYP21	HG01192#1#JBHDVI010000008.1:28423245-33497113	3620501	3623773	+	3274	1.0	0.976850441669205	0	1
HG01192_1	HG01192#1	CYP21A2	CYP21	HG01192#1#JBHDVI010000008.1:28423245-33497113	3620546	3623773	+	3230	1.0	0.996594427244582	60	1
HG01192_1	HG01192#1	CYP21A2	CYP21	HG01192#1#JBHDVI010000008.1:28423245-33497113	3587816	3591040	+	3230	0.9984520123839009	0.9777296628518404	0	1
HG01192_1	HG01192#1	TNXA	TNX	HG01192#1#JBHDVI010000008.1:28423245-33497113	3590550	3595154	-	4604	1.0	0.9980451781059948	60	1
HG01192_1	HG01192#1	TNXA	TNX	HG01192#1#JBHDVI010000008.1:28423245-33497113	3623283	3628006	-	4604	1.0	0.9693056731583404	0	1
HG01192_1	HG01192#1	TNXB	TNX	HG01192#1#JBHDVI010000008.1:28423245-33497113	3623281	3691458	-	68186	1.0	0.9986804873400091	60	1
HG01192_1	HG01192#1	WHR1B	WHR1	HG01192#1#JBHDVI010000008.1:28423245-33497113	3595400	3595918	+	518	1.0	0.9980694980694981	60	1
HG01192_1	HG01192#1	WHR1B	WHR1	HG01192#1#JBHDVI010000008.1:28423245-33497113	3562662	3563180	+	518	1.0	0.9942084942084942	0	1
HG01192_2	HG01192#2	WHR1	WHR1	HG01192#2#JBHDVJ010000035.1:28425182-33556403	3560312	3570584	+	10272	1.0	0.9998052959501558	60	1
HG01192_2	HG01192#2	CYP21A1P	CYP21	HG01192#2#JBHDVJ010000035.1:28425182-33556403	3594772	3598045	+	3274	1.0	0.9978619425778864	60	1
HG01192_2	HG01192#2	CYP21A1P	CYP21	HG01192#2#JBHDVJ010000035.1:28425182-33556403	3621133	3624407	+	3274	1.0	0.9783668494820231	0	1
HG01192_2	HG01192#2	CYP21A2	CYP21	HG01192#2#JBHDVJ010000035.1:28425182-33556403	3621178	3624407	+	3230	1.0	0.9969040247678018	60	1
HG01192_2	HG01192#2	CYP21A2	CYP21	HG01192#2#JBHDVJ010000035.1:28425182-33556403	3594817	3598045	+	3230	1.0	0.9774552192711551	0	1
HG01192_2	HG01192#2	TNXA	TNX	HG01192#2#JBHDVJ010000035.1:28425182-33556403	3597555	3602159	-	4604	1.0	0.998262380538662	60	1
HG01192_2	HG01192#2	TNXA	TNX	HG01192#2#JBHDVJ010000035.1:28425182-33556403	3623917	3628640	-	4604	1.0	0.9699407281964437	0	1
HG01192_2	HG01192#2	TNXB	TNX	HG01192#2#JBHDVJ010000035.1:28425182-33556403	3623915	3692111	-	68186	1.0	0.9988125778787657	60	1
HG01192_2	HG01192#2	WHR1B	WHR1	HG01192#2#JBHDVJ010000035.1:28425182-33556403	3602405	3602923	+	518	1.0	0.9961389961389961	43	1
HG01192_2	HG01192#2	WHR1B	WHR1	HG01192#2#JBHDVJ010000035.1:28425182-33556403	3569669	3570187	+	518	1.0	0.9942084942084942	0	1
HG01243_1	HG01243#1	WHR1	WHR1	HG01243#1#JAHEOY020000051.1:28395858-33529902	3554682	3564953	+	10272	1.0	0.9995132398753894	60	1
HG01243_1	HG01243#1	CYP21A1P	CYP21	HG01243#1#JAHEOY020000051.1:28395858-33529902	3589144	3592418	+	3274	1.0	0.9975565058032987	60	1
HG01243_1	HG01243#1	CYP21A1P	CYP21	HG01243#1#JAHEOY020000051.1:28395858-33529902	3615511	3618786	+	3274	1.0	0.978982637831252	0	1
HG01243_1	HG01243#1	CYP21A2	CYP21	HG01243#1#JAHEOY020000051.1:28395858-33529902	3615556	3618786	+	3230	1.0	0.9962848297213622	60	1
HG01243_1	HG01243#1	CYP21A2	CYP21	HG01243#1#JAHEOY020000051.1:28395858-33529902	3589194	3592418	+	3230	0.9984520123839009	0.9774203526136716	0	1
HG01243_1	HG01243#1	TNXA	TNX	HG01243#1#JAHEOY020000051.1:28395858-33529902	3591928	3596532	-	4604	1.0	0.996524761077324	5	1
HG01243_1	HG01243#1	TNXA	TNX	HG01243#1#JAHEOY020000051.1:28395858-33529902	3618296	3623020	-	4604	1.0	0.9712108382726503	0	1
HG01243_1	HG01243#1	TNXB	TNX	HG01243#1#JAHEOY020000051.1:28395858-33529902	3618294	3686473	-	68186	1.0	0.998724302765477	60	1
HG01243_1	HG01243#1	WHR1B	WHR1	HG01243#1#JAHEOY020000051.1:28395858-33529902	3596778	3597296	+	518	1.0	0.9980694980694981	60	1
HG01243_1	HG01243#1	WHR1B	WHR1	HG01243#1#JAHEOY020000051.1:28395858-33529902	3564038	3564556	+	518	1.0	0.9942084942084942	0	1
HG01243_2	HG01243#2	WHR1	WHR1	HG01243#2#JAHEOX020000061.1:28429017-33652180	3619653	3629915	+	10272	1.0	0.9981503115264797	60	1
HG01243_2	HG01243#2	CYP21A1P	CYP21	HG01243#2#JAHEOX020000061.1:28429017-33652180	3654105	3657379	+	3274	1.0	0.9966401954795358	60	1
HG01243_2	HG01243#2	CYP21A1P	CYP21	HG01243#2#JAHEOX020000061.1:28429017-33652180	3686840	3690114	+	3274	1.0	0.9780621572212066	0	1
HG01243_2	HG01243#2	CYP21A2	CYP21	HG01243#2#JAHEOX020000061.1:28429017-33652180	3686885	3690114	+	3230	1.0	0.9978328173374613	60	1
HG01243_2	HG01243#2	CYP21A2	CYP21	HG01243#2#JAHEOX020000061.1:28429017-33652180	3654155	3657379	+	3230	0.9984520123839009	0.9789669038045159	0	1
HG01243_2	HG01243#2	TNXA	TNX	HG01243#2#JAHEOX020000061.1:28429017-33652180	3656889	3661493	-	4604	1.0	0.9958731537793223	50	1
HG01243_2	HG01243#2	TNXA	TNX	HG01243#2#JAHEOX020000061.1:28429017-33652180	3689624	3694347	-	4604	1.0	0.9688823031329382	0	1
HG01243_2	HG01243#2	TNXB	TNX	HG01243#2#JAHEOX020000061.1:28429017-33652180	3689622	3757799	-	68186	1.0	0.9987976186984956	60	1
HG01243_2	HG01243#2	WHR1B	WHR1	HG01243#2#JAHEOX020000061.1:28429017-33652180	3661739	3662257	+	518	1.0	0.9961389961389961	60	1
HG01243_2	HG01243#2	WHR1B	WHR1	HG01243#2#JAHEOX020000061.1:28429017-33652180	3629003	3629518	+	518	1.0	0.9884169884169884	0	1
HG01252_1	HG01252#1	WHR1	WHR1	HG01252#1#CM088824.1:28394713-33593325	3506201	3516473	+	10272	1.0	0.9991239170641487	60	1
HG01252_1	HG01252#1	CYP21A1P	CYP21	HG01252#1#CM088824.1:28394713-33593325	3540662	3543936	+	3274	1.0	0.998167379352474	60	1
HG01252_1	HG01252#1	CYP21A1P	CYP21	HG01252#1#CM088824.1:28394713-33593325	3573397	3576669	+	3274	1.0	0.977459640572647	0	1
HG01252_1	HG01252#1	CYP21A2	CYP21	HG01252#1#CM088824.1:28394713-33593325	3573442	3576669	+	3230	1.0	0.9959752321981424	60	1
HG01252_1	HG01252#1	CYP21A2	CYP21	HG01252#1#CM088824.1:28394713-33593325	3540712	3543936	+	3230	0.9984520123839009	0.9780389730900093	0	1
HG01252_1	HG01252#1	TNXA	TNX	HG01252#1#CM088824.1:28394713-33593325	3543446	3548050	-	4604	1.0	0.998262380538662	60	1
HG01252_1	HG01252#1	TNXA	TNX	HG01252#1#CM088824.1:28394713-33593325	3576179	3580902	-	4604	1.0	0.9693056731583404	0	1
HG01252_1	HG01252#1	TNXB	TNX	HG01252#1#CM088824.1:28394713-33593325	3576177	3644361	-	68186	1.0	0.9986952059815276	60	1
HG01252_1	HG01252#1	WHR1B	WHR1	HG01252#1#CM088824.1:28394713-33593325	3548296	3548814	+	518	1.0	0.9980694980694981	60	1
HG01252_1	HG01252#1	WHR1B	WHR1	HG01252#1#CM088824.1:28394713-33593325	3515558	3516076	+	518	1.0	0.9942084942084942	0	1
HG01252_2	HG01252#2	WHR1	WHR1	HG01252#2#CM088855.1:28339611-33537772	3505945	3516217	+	10272	1.0	0.9991239170641487	60	1
HG01252_2	HG01252#2	CYP21A1P	CYP21	HG01252#2#CM088855.1:28339611-33537772	3540406	3543680	+	3274	1.0	0.998167379352474	60	1
HG01252_2	HG01252#2	CYP21A1P	CYP21	HG01252#2#CM088855.1:28339611-33537772	3573141	3576415	+	3274	1.0	0.9774527726995734	0	1
HG01252_2	HG01252#2	CYP21A2	CYP21	HG01252#2#CM088855.1:28339611-33537772	3573186	3576415	+	3230	1.0	0.9975232198142415	60	1
HG01252_2	HG01252#2	CYP21A2	CYP21	HG01252#2#CM088855.1:28339611-33537772	3540456	3543680	+	3230	0.9984520123839009	0.9780389730900093	0	1
HG01252_2	HG01252#2	TNXA	TNX	HG01252#2#CM088855.1:28339611-33537772	3543190	3547794	-	4604	1.0	0.998262380538662	60	1
HG01252_2	HG01252#2	TNXA	TNX	HG01252#2#CM088855.1:28339611-33537772	3575925	3580648	-	4604	1.0	0.970575783234547	0	1
HG01252_2	HG01252#2	TNXB	TNX	HG01252#2#CM088855.1:28339611-33537772	3575923	3644122	-	68186	1.0	0.9991790060108489	60	1
HG01252_2	HG01252#2	WHR1B	WHR1	HG01252#2#CM088855.1:28339611-33537772	3548040	3548558	+	518	1.0	0.9980694980694981	60	1
HG01252_2	HG01252#2	WHR1B	WHR1	HG01252#2#CM088855.1:28339611-33537772	3515302	3515820	+	518	1.0	0.9942084942084942	0	1
HG01255_1	HG01255#1	WHR1	WHR1	HG01255#1#CM086707.1:28387912-33538917	3553259	3563531	+	10272	1.0	0.9999026479750779	60	1
HG01255_1	HG01255#1	CYP21A1P	CYP21	HG01255#1#CM086707.1:28387912-33538917	3587720	3590993	+	3274	1.0	0.9975565058032987	60	1
HG01255_1	HG01255#1	CYP21A1P	CYP21	HG01255#1#CM086707.1:28387912-33538917	3614081	3617355	+	3274	1.0	0.9771480804387569	0	1
HG01255_1	HG01255#1	CYP21A2	CYP21	HG01255#1#CM086707.1:28387912-33538917	3614126	3617355	+	3230	1.0	0.9981424148606811	60	1
HG01255_1	HG01255#1	CYP21A2	CYP21	HG01255#1#CM086707.1:28387912-33538917	3587765	3590993	+	3230	1.0	0.9777640518838789	0	1
HG01255_1	HG01255#1	TNXA	TNX	HG01255#1#CM086707.1:28387912-33538917	3590503	3595107	-	4604	1.0	0.9976107732406603	53	1
HG01255_1	HG01255#1	TNXA	TNX	HG01255#1#CM086707.1:28387912-33538917	3616865	3621588	-	4604	1.0	0.9703640982218459	0	1
HG01255_1	HG01255#1	TNXB	TNX	HG01255#1#CM086707.1:28387912-33538917	3616863	3685063	-	68186	1.0	0.9991496972629048	60	1
HG01255_1	HG01255#1	WHR1B	WHR1	HG01255#1#CM086707.1:28387912-33538917	3595353	3595871	+	518	1.0	0.9961389961389961	43	1
HG01255_1	HG01255#1	WHR1B	WHR1	HG01255#1#CM086707.1:28387912-33538917	3562616	3563134	+	518	1.0	0.9942084942084942	0	1
HG01255_2	HG01255#2	WHR1	WHR1	HG01255#2#CM086721.1:28434597-33610529	3552771	3563043	+	10272	1.0	0.9991239170641487	60	1
HG01255_2	HG01255#2	CYP21A1P	CYP21	HG01255#2#CM086721.1:28434597-33610529	3587232	3590506	+	3274	1.0	0.998167379352474	60	1
HG01255_2	HG01255#2	CYP21A1P	CYP21	HG01255#2#CM086721.1:28434597-33610529	3619970	3623242	+	3274	1.0	0.9777642400243679	0	1
HG01255_2	HG01255#2	CYP21A2	CYP21	HG01255#2#CM086721.1:28434597-33610529	3620015	3623242	+	3230	1.0	0.9962848297213622	60	1
HG01255_2	HG01255#2	CYP21A2	CYP21	HG01255#2#CM086721.1:28434597-33610529	3587282	3590506	+	3230	0.9984520123839009	0.9780389730900093	0	1
HG01255_2	HG01255#2	TNXA	TNX	HG01255#2#CM086721.1:28434597-33610529	3590016	3594620	-	4604	1.0	0.9978279756733276	60	1
HG01255_2	HG01255#2	TNXA	TNX	HG01255#2#CM086721.1:28434597-33610529	3622752	3627475	-	4604	1.0	0.9688823031329382	0	1
HG01255_2	HG01255#2	TNXB	TNX	HG01255#2#CM086721.1:28434597-33610529	3622750	3690932	-	68186	1.0	0.9989442815249266	60	1
HG01255_2	HG01255#2	WHR1B	WHR1	HG01255#2#CM086721.1:28434597-33610529	3594866	3595384	+	518	1.0	0.9980694980694981	60	1
HG01255_2	HG01255#2	WHR1B	WHR1	HG01255#2#CM086721.1:28434597-33610529	3562128	3562646	+	518	1.0	0.9942084942084942	0	1
HG01258_1	HG01258#1	WHR1	WHR1	HG01258#1#CM088113.1:28436863-33569447	3555930	3566203	+	10272	1.0	0.9994159447094325	60	1
HG01258_1	HG01258#1	CYP21A1P	CYP21	HG01258#1#CM088113.1:28436863-33569447	3590391	3593665	+	3274	1.0	0.9987782529016493	60	1
HG01258_1	HG01258#1	CYP21A1P	CYP21	HG01258#1#CM088113.1:28436863-33569447	3616757	3620032	+	3274	1.0	0.977459640572647	0	1
HG01258_1	HG01258#1	CYP21A2	CYP21	HG01258#1#CM088113.1:28436863-33569447	3616807	3620032	+	3230	0.9984520123839009	0.9990697674418605	60	1
HG01258_1	HG01258#1	CYP21A2	CYP21	HG01258#1#CM088113.1:28436863-33569447	3590441	3593665	+	3230	0.9984520123839009	0.9774203526136716	0	1
HG01258_1	HG01258#1	TNXA	TNX	HG01258#1#CM088113.1:28436863-33569447	3593175	3597779	-	4604	1.0	0.9980451781059948	60	1
HG01258_1	HG01258#1	TNXA	TNX	HG01258#1#CM088113.1:28436863-33569447	3619542	3624265	-	4604	1.0	0.9701524132091448	0	1
HG01258_1	HG01258#1	TNXB	TNX	HG01258#1#CM088113.1:28436863-33569447	3619540	3687729	-	68186	1.0	0.9993254934162292	60	1
HG01258_1	HG01258#1	WHR1B	WHR1	HG01258#1#CM088113.1:28436863-33569447	3598025	3598543	+	518	1.0	0.9961389961389961	43	1
HG01258_1	HG01258#1	WHR1B	WHR1	HG01258#1#CM088113.1:28436863-33569447	3565288	3565806	+	518	1.0	0.9942084942084942	0	1
HG01258_2	HG01258#2	WHR1	WHR1	HG01258#2#JAGYYU020000010.1:28495340-33647216	3562260	3572524	+	10272	1.0	0.9980531490314416	60	1
HG01258_2	HG01258#2	CYP21A1P	CYP21	HG01258#2#JAGYYU020000010.1:28495340-33647216	3596713	3599987	+	3274	1.0	0.9966401954795358	60	1
HG01258_2	HG01258#2	CYP21A1P	CYP21	HG01258#2#JAGYYU020000010.1:28495340-33647216	3623079	3626354	+	3274	1.0	0.9777642400243679	0	1
HG01258_2	HG01258#2	CYP21A2	CYP21	HG01258#2#JAGYYU020000010.1:28495340-33647216	3623124	3626354	+	3230	1.0	0.9978328173374613	60	1
HG01258_2	HG01258#2	CYP21A2	CYP21	HG01258#2#JAGYYU020000010.1:28495340-33647216	3596763	3599987	+	3230	0.9984520123839009	0.9783482833281781	0	1
HG01258_2	HG01258#2	TNXA	TNX	HG01258#2#JAGYYU020000010.1:28495340-33647216	3599497	3604101	-	4604	1.0	0.9960903562119896	49	1
HG01258_2	HG01258#2	TNXA	TNX	HG01258#2#JAGYYU020000010.1:28495340-33647216	3625864	3630587	-	4604	1.0	0.9690939881456393	0	1
HG01258_2	HG01258#2	TNXB	TNX	HG01258#2#JAGYYU020000010.1:28495340-33647216	3625862	3694047	-	68186	1.0	0.9989588832189571	60	1
HG01258_2	HG01258#2	WHR1B	WHR1	HG01258#2#JAGYYU020000010.1:28495340-33647216	3604347	3604865	+	518	1.0	0.9961389961389961	60	1
HG01258_2	HG01258#2	WHR1B	WHR1	HG01258#2#JAGYYU020000010.1:28495340-33647216	3571612	3572127	+	518	1.0	0.9884169884169884	0	1
HG01261_1	HG01261#1	WHR1	WHR1	HG01261#1#JBHDVG010000007.1:28479273-33732193	3559213	3569486	+	10272	1.0	0.9990266692622153	60	1
HG01261_1	HG01261#1	CYP21A1P	CYP21	HG01261#1#JBHDVG010000007.1:28479273-33732193	3593675	3596949	+	3274	1.0	0.9978619425778864	60	1
HG01261_1	HG01261#1	CYP21A1P	CYP21	HG01261#1#JBHDVG010000007.1:28479273-33732193	3626410	3629682	+	3274	1.0	0.9777642400243679	0	1
HG01261_1	HG01261#1	CYP21A2	CYP21	HG01261#1#JBHDVG010000007.1:28479273-33732193	3626455	3629682	+	3230	1.0	0.9956656346749226	60	1
HG01261_1	HG01261#1	CYP21A2	CYP21	HG01261#1#JBHDVG010000007.1:28479273-33732193	3593725	3596949	+	3230	0.9984520123839009	0.9783482833281781	0	1
HG01261_1	HG01261#1	TNXA	TNX	HG01261#1#JBHDVG010000007.1:28479273-33732193	3596459	3601063	-	4604	1.0	0.998262380538662	60	1
HG01261_1	HG01261#1	TNXA	TNX	HG01261#1#JBHDVG010000007.1:28479273-33732193	3629192	3633915	-	4604	1.0	0.9688823031329382	0	1
HG01261_1	HG01261#1	TNXB	TNX	HG01261#1#JBHDVG010000007.1:28479273-33732193	3629190	3697376	-	68186	1.0	0.9987831339432325	60	1
HG01261_1	HG01261#1	WHR1B	WHR1	HG01261#1#JBHDVG010000007.1:28479273-33732193	3601309	3601827	+	518	1.0	0.9980694980694981	60	1
HG01261_1	HG01261#1	WHR1B	WHR1	HG01261#1#JBHDVG010000007.1:28479273-33732193	3568571	3569089	+	518	1.0	0.9942084942084942	0	1
HG01261_2	HG01261#2	WHR1	WHR1	HG01261#2#JBHDVH010000044.1:28397284-33514117	3563740	3574013	+	10272	1.0	0.9990266692622153	60	1
HG01261_2	HG01261#2	CYP21A1P	CYP21	HG01261#2#JBHDVH010000044.1:28397284-33514117	3630940	3634214	+	3274	1.0	0.998167379352474	0	1
HG01261_2	HG01261#2	CYP21A1P	CYP21	HG01261#2#JBHDVH010000044.1:28397284-33514117	3598202	3601476	+	3274	1.0	0.998167379352474	0	1
HG01261_2	HG01261#2	CYP21A1P	CYP21	HG01261#2#JBHDVH010000044.1:28397284-33514117	3663675	3666947	+	3274	1.0	0.977459640572647	0	1
HG01261_2	HG01261#2	CYP21A2	CYP21	HG01261#2#JBHDVH010000044.1:28397284-33514117	3663720	3666947	+	3230	1.0	0.9959752321981424	60	1
HG01261_2	HG01261#2	CYP21A2	CYP21	HG01261#2#JBHDVH010000044.1:28397284-33514117	3598252	3601476	+	3230	0.9984520123839009	0.9780389730900093	0	1
HG01261_2	HG01261#2	CYP21A2	CYP21	HG01261#2#JBHDVH010000044.1:28397284-33514117	3630990	3634214	+	3230	0.9984520123839009	0.9780389730900093	0	1
HG01261_2	HG01261#2	TNXA	TNX	HG01261#2#JBHDVH010000044.1:28397284-33514117	3633724	3638328	-	4604	1.0	0.9980451781059948	0	1
HG01261_2	HG01261#2	TNXA	TNX	HG01261#2#JBHDVH010000044.1:28397284-33514117	3600986	3605590	-	4604	1.0	0.9980451781059948	0	1
HG01261_2	HG01261#2	TNXA	TNX	HG01261#2#JBHDVH010000044.1:28397284-33514117	3666457	3671180	-	4604	1.0	0.9688823031329382	0	1
HG01261_2	HG01261#2	TNXB	TNX	HG01261#2#JBHDVH010000044.1:28397284-33514117	3666455	3734625	-	68186	1.0	0.9987683284457478	60	1
HG01261_2	HG01261#2	WHR1B	WHR1	HG01261#2#JBHDVH010000044.1:28397284-33514117	3605836	3606354	+	518	1.0	0.9980694980694981	0	1
HG01261_2	HG01261#2	WHR1B	WHR1	HG01261#2#JBHDVH010000044.1:28397284-33514117	3638574	3639092	+	518	1.0	0.9980694980694981	0	1
HG01261_2	HG01261#2	WHR1B	WHR1	HG01261#2#JBHDVH010000044.1:28397284-33514117	3573098	3573616	+	518	1.0	0.9942084942084942	0	1
HG01346_1	HG01346#1	WHR1	WHR1	HG01346#1#CM086588.1:28433990-33540363	3503980	3514253	+	10272	1.0	0.9990266692622153	60	1
HG01346_1	HG01346#1	CYP21A1P	CYP21	HG01346#1#CM086588.1:28433990-33540363	3538442	3541716	+	3274	1.0	0.998167379352474	60	1
HG01346_1	HG01346#1	CYP21A1P	CYP21	HG01346#1#CM086588.1:28433990-33540363	3571177	3574449	+	3274	1.0	0.977459640572647	0	1
HG01346_1	HG01346#1	CYP21A2	CYP21	HG01346#1#CM086588.1:28433990-33540363	3571222	3574449	+	3230	1.0	0.9959752321981424	60	1
HG01346_1	HG01346#1	CYP21A2	CYP21	HG01346#1#CM086588.1:28433990-33540363	3538492	3541716	+	3230	0.9984520123839009	0.9780389730900093	0	1
HG01346_1	HG01346#1	TNXA	TNX	HG01346#1#CM086588.1:28433990-33540363	3541226	3545830	-	4604	1.0	0.998262380538662	60	1
HG01346_1	HG01346#1	TNXA	TNX	HG01346#1#CM086588.1:28433990-33540363	3573959	3578682	-	4604	1.0	0.9693056731583404	0	1
HG01346_1	HG01346#1	TNXB	TNX	HG01346#1#CM086588.1:28433990-33540363	3573957	3642145	-	68186	1.0	0.9985926642624681	60	1
HG01346_1	HG01346#1	WHR1B	WHR1	HG01346#1#CM086588.1:28433990-33540363	3546076	3546594	+	518	1.0	0.9980694980694981	60	1
HG01346_1	HG01346#1	WHR1B	WHR1	HG01346#1#CM086588.1:28433990-33540363	3513338	3513856	+	518	1.0	0.9942084942084942	0	1
HG01346_2	HG01346#2	WHR1	WHR1	HG01346#2#JBHDSS010000002.1:28289708-33434702	3560188	3570460	+	10272	1.0	0.9991239170641487	60	1
HG01346_2	HG01346#2	CYP21A1P	CYP21	HG01346#2#JBHDSS010000002.1:28289708-33434702	3594649	3597923	+	3274	1.0	0.998167379352474	60	1
HG01346_2	HG01346#2	CYP21A1P	CYP21	HG01346#2#JBHDSS010000002.1:28289708-33434702	3627384	3630656	+	3274	1.0	0.9777642400243679	0	1
HG01346_2	HG01346#2	CYP21A2	CYP21	HG01346#2#JBHDSS010000002.1:28289708-33434702	3627429	3630656	+	3230	1.0	0.9962848297213622	60	1
HG01346_2	HG01346#2	CYP21A2	CYP21	HG01346#2#JBHDSS010000002.1:28289708-33434702	3594699	3597923	+	3230	0.9984520123839009	0.9780389730900093	0	1
HG01346_2	HG01346#2	TNXA	TNX	HG01346#2#JBHDSS010000002.1:28289708-33434702	3597433	3602037	-	4604	1.0	0.9980451781059948	60	1
HG01346_2	HG01346#2	TNXA	TNX	HG01346#2#JBHDSS010000002.1:28289708-33434702	3630166	3634889	-	4604	1.0	0.9686706181202371	0	1
HG01346_2	HG01346#2	TNXB	TNX	HG01346#2#JBHDSS010000002.1:28289708-33434702	3630164	3698359	-	68186	1.0	0.998827134249146	60	1
HG01346_2	HG01346#2	WHR1B	WHR1	HG01346#2#JBHDSS010000002.1:28289708-33434702	3602283	3602801	+	518	1.0	0.9980694980694981	60	1
HG01346_2	HG01346#2	WHR1B	WHR1	HG01346#2#JBHDSS010000002.1:28289708-33434702	3569545	3570063	+	518	1.0	0.9942084942084942	0	1
HG01358_1	HG01358#1	WHR1	WHR1	HG01358#1#CM089055.1:28447322-33645210	3505962	3516234	+	10272	1.0	0.9991239170641487	60	1
HG01358_1	HG01358#1	CYP21A1P	CYP21	HG01358#1#CM089055.1:28447322-33645210	3540423	3543697	+	3274	1.0	0.998167379352474	60	1
HG01358_1	HG01358#1	CYP21A1P	CYP21	HG01358#1#CM089055.1:28447322-33645210	3573158	3576430	+	3274	1.0	0.977459640572647	0	1
HG01358_1	HG01358#1	CYP21A2	CYP21	HG01358#1#CM089055.1:28447322-33645210	3573203	3576430	+	3230	1.0	0.9959752321981424	60	1
HG01358_1	HG01358#1	CYP21A2	CYP21	HG01358#1#CM089055.1:28447322-33645210	3540473	3543697	+	3230	0.9984520123839009	0.9780389730900093	0	1
HG01358_1	HG01358#1	TNXA	TNX	HG01358#1#CM089055.1:28447322-33645210	3543207	3547811	-	4604	1.0	0.998262380538662	60	1
HG01358_1	HG01358#1	TNXA	TNX	HG01358#1#CM089055.1:28447322-33645210	3575940	3580663	-	4604	1.0	0.9693056731583404	0	1
HG01358_1	HG01358#1	TNXB	TNX	HG01358#1#CM089055.1:28447322-33645210	3575938	3644121	-	68186	1.0	0.9987098476740606	60	1
HG01358_1	HG01358#1	WHR1B	WHR1	HG01358#1#CM089055.1:28447322-33645210	3548057	3548575	+	518	1.0	0.9980694980694981	60	1
HG01358_1	HG01358#1	WHR1B	WHR1	HG01358#1#CM089055.1:28447322-33645210	3515319	3515837	+	518	1.0	0.9942084942084942	0	1
HG01358_2	HG01358#2	WHR1	WHR1	HG01358#2#CM089068.1:28448274-33504819	3477932	3488198	+	10272	1.0	0.998540003893323	60	1
HG01358_2	HG01358#2	CYP21A1P	CYP21	HG01358#2#CM089068.1:28448274-33504819	3512387	3515661	+	3274	1.0	0.9975565058032987	60	1
HG01358_2	HG01358#2	CYP21A1P	CYP21	HG01358#2#CM089068.1:28448274-33504819	3538754	3542026	+	3274	1.0	0.9759366433140421	0	1
HG01358_2	HG01358#2	CYP21A2	CYP21	HG01358#2#CM089068.1:28448274-33504819	3538799	3542026	+	3230	1.0	0.9975232198142415	60	1
HG01358_2	HG01358#2	CYP21A2	CYP21	HG01358#2#CM089068.1:28448274-33504819	3512437	3515661	+	3230	0.9984520123839009	0.9786575935663471	0	1
HG01358_2	HG01358#2	TNXA	TNX	HG01358#2#CM089068.1:28448274-33504819	3515171	3519775	-	4604	1.0	0.9973935708079931	48	1
HG01358_2	HG01358#2	TNXA	TNX	HG01358#2#CM089068.1:28448274-33504819	3541536	3546259	-	4604	1.0	0.9703640982218459	0	1
HG01358_2	HG01358#2	TNXB	TNX	HG01358#2#CM089068.1:28448274-33504819	3541534	3609699	-	68186	1.0	0.9992228055254128	60	1
HG01358_2	HG01358#2	WHR1B	WHR1	HG01358#2#CM089068.1:28448274-33504819	3520021	3520539	+	518	1.0	0.9980694980694981	60	1
HG01358_2	HG01358#2	WHR1B	WHR1	HG01358#2#CM089068.1:28448274-33504819	3487283	3487801	+	518	1.0	0.9942084942084942	0	1
HG01361_1	HG01361#1	WHR1	WHR1	HG01361#1#CM089024.1:28417386-33535858	3545059	3555330	+	10272	1.0	0.9988317757009346	60	1
HG01361_1	HG01361#1	CYP21A1P	CYP21	HG01361#1#CM089024.1:28417386-33535858	3579519	3582793	+	3274	1.0	0.9987782529016493	60	1
HG01361_1	HG01361#1	CYP21A1P	CYP21	HG01361#1#CM089024.1:28417386-33535858	3605886	3609161	+	3274	1.0	0.9780688394760889	0	1
HG01361_1	HG01361#1	CYP21A2	CYP21	HG01361#1#CM089024.1:28417386-33535858	3605931	3609161	+	3230	1.0	0.9981424148606811	60	1
HG01361_1	HG01361#1	CYP21A2	CYP21	HG01361#1#CM089024.1:28417386-33535858	3579569	3582793	+	3230	0.9984520123839009	0.9780389730900093	0	1
HG01361_1	HG01361#1	TNXA	TNX	HG01361#1#CM089024.1:28417386-33535858	3582303	3586907	-	4604	1.0	0.9967419635099913	32	1
HG01361_1	HG01361#1	TNXA	TNX	HG01361#1#CM089024.1:28417386-33535858	3608671	3613394	-	4604	1.0	0.9703640982218459	0	1
HG01361_1	HG01361#1	TNXB	TNX	HG01361#1#CM089024.1:28417386-33535858	3608669	3676868	-	68186	1.0	0.9993255626420351	60	1
HG01361_1	HG01361#1	WHR1B	WHR1	HG01361#1#CM089024.1:28417386-33535858	3587153	3587671	+	518	1.0	0.9980694980694981	60	1
HG01361_1	HG01361#1	WHR1B	WHR1	HG01361#1#CM089024.1:28417386-33535858	3554415	3554933	+	518	1.0	0.9922779922779923	0	1
HG01361_2	HG01361#2	WHR1	WHR1	HG01361#2#CM089040.1:28439662-33687433	3552256	3562518	+	10272	1.0	0.9980529595015576	60	1
HG01361_2	HG01361#2	CYP21A1P	CYP21	HG01361#2#CM089040.1:28439662-33687433	3586708	3589982	+	3274	1.0	0.9966401954795358	60	1
HG01361_2	HG01361#2	CYP21A1P	CYP21	HG01361#2#CM089040.1:28439662-33687433	3613076	3616351	+	3274	1.0	0.976850441669205	0	1
HG01361_2	HG01361#2	CYP21A2	CYP21	HG01361#2#CM089040.1:28439662-33687433	3613121	3616351	+	3230	1.0	0.9978328173374613	60	1
HG01361_2	HG01361#2	CYP21A2	CYP21	HG01361#2#CM089040.1:28439662-33687433	3586758	3589982	+	3230	0.9984520123839009	0.9783482833281781	0	1
HG01361_2	HG01361#2	TNXA	TNX	HG01361#2#CM089040.1:28439662-33687433	3589492	3594096	-	4604	1.0	0.9960903562119896	27	1
HG01361_2	HG01361#2	TNXA	TNX	HG01361#2#CM089040.1:28439662-33687433	3615861	3620584	-	4604	1.0	0.9699407281964437	0	1
HG01361_2	HG01361#2	TNXB	TNX	HG01361#2#CM089040.1:28439662-33687433	3615859	3684064	-	68186	1.0	0.9991497097284935	60	1
HG01361_2	HG01361#2	WHR1B	WHR1	HG01361#2#CM089040.1:28439662-33687433	3594342	3594860	+	518	1.0	0.9961389961389961	60	1
HG01361_2	HG01361#2	WHR1B	WHR1	HG01361#2#CM089040.1:28439662-33687433	3561606	3562121	+	518	1.0	0.9884169884169884	0	1
HG01433_1	HG01433#1	WHR1	WHR1	HG01433#1#CM086483.1:28472310-33714767	3549949	3560222	+	10272	1.0	0.9990266692622153	60	1
HG01433_1	HG01433#1	CYP21A1P	CYP21	HG01433#1#CM086483.1:28472310-33714767	3584411	3587685	+	3274	1.0	0.998167379352474	60	1
HG01433_1	HG01433#1	CYP21A1P	CYP21	HG01433#1#CM086483.1:28472310-33714767	3617146	3620418	+	3274	1.0	0.976850441669205	0	1
HG01433_1	HG01433#1	CYP21A2	CYP21	HG01433#1#CM086483.1:28472310-33714767	3617191	3620418	+	3230	1.0	0.996594427244582	60	1
HG01433_1	HG01433#1	CYP21A2	CYP21	HG01433#1#CM086483.1:28472310-33714767	3584461	3587685	+	3230	0.9984520123839009	0.9780389730900093	0	1
HG01433_1	HG01433#1	TNXA	TNX	HG01433#1#CM086483.1:28472310-33714767	3587195	3591799	-	4604	1.0	0.9980451781059948	60	1
HG01433_1	HG01433#1	TNXA	TNX	HG01433#1#CM086483.1:28472310-33714767	3619928	3624651	-	4604	1.0	0.9695173581710415	0	1
HG01433_1	HG01433#1	TNXB	TNX	HG01433#1#CM086483.1:28472310-33714767	3619926	3688107	-	68186	1.0	0.9985926023661873	60	1
HG01433_1	HG01433#1	WHR1B	WHR1	HG01433#1#CM086483.1:28472310-33714767	3592045	3592563	+	518	1.0	0.9980694980694981	60	1
HG01433_1	HG01433#1	WHR1B	WHR1	HG01433#1#CM086483.1:28472310-33714767	3559307	3559825	+	518	1.0	0.9942084942084942	0	1
HG01433_2	HG01433#2	WHR1	WHR1	HG01433#2#CM086511.1:28432606-33680115	3551846	3562110	+	10272	1.0	0.9981504915798696	60	1
HG01433_2	HG01433#2	CYP21A1P	CYP21	HG01433#2#CM086511.1:28432606-33680115	3586299	3589573	+	3274	1.0	0.9969456322541234	60	1
HG01433_2	HG01433#2	CYP21A1P	CYP21	HG01433#2#CM086511.1:28432606-33680115	3612664	3615939	+	3274	1.0	0.9777642400243679	0	1
HG01433_2	HG01433#2	CYP21A2	CYP21	HG01433#2#CM086511.1:28432606-33680115	3612709	3615939	+	3230	1.0	0.9972136222910216	60	1
HG01433_2	HG01433#2	CYP21A2	CYP21	HG01433#2#CM086511.1:28432606-33680115	3586349	3589573	+	3230	0.9984520123839009	0.9786575935663471	0	1
HG01433_2	HG01433#2	TNXA	TNX	HG01433#2#CM086511.1:28432606-33680115	3589083	3593687	-	4604	1.0	0.9960903562119896	44	1
HG01433_2	HG01433#2	TNXA	TNX	HG01433#2#CM086511.1:28432606-33680115	3615449	3620172	-	4604	1.0	0.9693056731583404	0	1
HG01433_2	HG01433#2	TNXB	TNX	HG01433#2#CM086511.1:28432606-33680115	3615447	3683633	-	68186	1.0	0.9989149082804228	60	1
HG01433_2	HG01433#2	WHR1B	WHR1	HG01433#2#CM086511.1:28432606-33680115	3593933	3594451	+	518	1.0	0.9961389961389961	60	1
HG01433_2	HG01433#2	WHR1B	WHR1	HG01433#2#CM086511.1:28432606-33680115	3561198	3561713	+	518	1.0	0.9884169884169884	0	1
HG01496_1	HG01496#1	WHR1	WHR1	HG01496#1#CM086373.1:28374305-33527298	3552543	3562815	+	10272	1.0	0.9998052959501558	60	1
HG01496_1	HG01496#1	CYP21A1P	CYP21	HG01496#1#CM086373.1:28374305-33527298	3587004	3590277	+	3274	1.0	0.9975565058032987	60	1
HG01496_1	HG01496#1	CYP21A1P	CYP21	HG01496#1#CM086373.1:28374305-33527298	3613365	3616639	+	3274	1.0	0.9768433881779403	0	1
HG01496_1	HG01496#1	CYP21A2	CYP21	HG01496#1#CM086373.1:28374305-33527298	3613410	3616639	+	3230	1.0	0.9978328173374613	60	1
HG01496_1	HG01496#1	CYP21A2	CYP21	HG01496#1#CM086373.1:28374305-33527298	3587049	3590277	+	3230	1.0	0.9777640518838789	0	1
HG01496_1	HG01496#1	TNXA	TNX	HG01496#1#CM086373.1:28374305-33527298	3589787	3594391	-	4604	1.0	0.9976107732406603	53	1
HG01496_1	HG01496#1	TNXA	TNX	HG01496#1#CM086373.1:28374305-33527298	3616149	3620872	-	4604	1.0	0.9703640982218459	0	1
HG01496_1	HG01496#1	TNXB	TNX	HG01496#1#CM086373.1:28374305-33527298	3616147	3684341	-	68186	1.0	0.9991203506868596	60	1
HG01496_1	HG01496#1	WHR1B	WHR1	HG01496#1#CM086373.1:28374305-33527298	3594637	3595155	+	518	1.0	0.9961389961389961	43	1
HG01496_1	HG01496#1	WHR1B	WHR1	HG01496#1#CM086373.1:28374305-33527298	3561900	3562418	+	518	1.0	0.9942084942084942	0	1
HG01496_2	HG01496#2	WHR1	WHR1	HG01496#2#CM086388.1:28388376-33615208	3501627	3511899	+	10272	1.0	0.9991239170641487	60	1
HG01496_2	HG01496#2	CYP21A1P	CYP21	HG01496#2#CM086388.1:28388376-33615208	3568826	3572100	+	3274	1.0	0.998167379352474	0	1
HG01496_2	HG01496#2	CYP21A1P	CYP21	HG01496#2#CM086388.1:28388376-33615208	3536088	3539362	+	3274	1.0	0.998167379352474	0	1
HG01496_2	HG01496#2	CYP21A1P	CYP21	HG01496#2#CM086388.1:28388376-33615208	3601561	3604833	+	3274	1.0	0.977459640572647	0	1
HG01496_2	HG01496#2	CYP21A2	CYP21	HG01496#2#CM086388.1:28388376-33615208	3601606	3604833	+	3230	1.0	0.9959752321981424	60	1
HG01496_2	HG01496#2	CYP21A2	CYP21	HG01496#2#CM086388.1:28388376-33615208	3568876	3572100	+	3230	0.9984520123839009	0.9780389730900093	0	1
HG01496_2	HG01496#2	CYP21A2	CYP21	HG01496#2#CM086388.1:28388376-33615208	3536138	3539362	+	3230	0.9984520123839009	0.9780389730900093	0	1
HG01496_2	HG01496#2	TNXA	TNX	HG01496#2#CM086388.1:28388376-33615208	3538872	3543476	-	4604	1.0	0.9980451781059948	0	1
HG01496_2	HG01496#2	TNXA	TNX	HG01496#2#CM086388.1:28388376-33615208	3571610	3576214	-	4604	1.0	0.9980451781059948	0	1
HG01496_2	HG01496#2	TNXA	TNX	HG01496#2#CM086388.1:28388376-33615208	3604343	3609066	-	4604	1.0	0.9688823031329382	0	1
HG01496_2	HG01496#2	TNXB	TNX	HG01496#2#CM086388.1:28388376-33615208	3604341	3672515	-	68186	1.0	0.9987097530936602	60	1
HG01496_2	HG01496#2	WHR1B	WHR1	HG01496#2#CM086388.1:28388376-33615208	3576460	3576978	+	518	1.0	0.9980694980694981	0	1
HG01496_2	HG01496#2	WHR1B	WHR1	HG01496#2#CM086388.1:28388376-33615208	3543722	3544240	+	518	1.0	0.9980694980694981	0	1
HG01496_2	HG01496#2	WHR1B	WHR1	HG01496#2#CM086388.1:28388376-33615208	3510984	3511502	+	518	1.0	0.9942084942084942	0	1
HG01530_1	HG01530#1	WHR1	WHR1	HG01530#1#CM087536.1:28292231-33446470	3552622	3562894	+	10272	1.0	0.9998052959501558	60	1
HG01530_1	HG01530#1	CYP21A1P	CYP21	HG01530#1#CM087536.1:28292231-33446470	3587083	3590356	+	3274	1.0	0.9975565058032987	60	1
HG01530_1	HG01530#1	CYP21A1P	CYP21	HG01530#1#CM087536.1:28292231-33446470	3613444	3616718	+	3274	1.0	0.9768433881779403	0	1
HG01530_1	HG01530#1	CYP21A2	CYP21	HG01530#1#CM087536.1:28292231-33446470	3613489	3616718	+	3230	1.0	0.9978328173374613	60	1
HG01530_1	HG01530#1	CYP21A2	CYP21	HG01530#1#CM087536.1:28292231-33446470	3587128	3590356	+	3230	1.0	0.9777640518838789	0	1
HG01530_1	HG01530#1	TNXA	TNX	HG01530#1#CM087536.1:28292231-33446470	3589866	3594470	-	4604	1.0	0.9976107732406603	53	1
HG01530_1	HG01530#1	TNXA	TNX	HG01530#1#CM087536.1:28292231-33446470	3616228	3620951	-	4604	1.0	0.9703640982218459	0	1
HG01530_1	HG01530#1	TNXB	TNX	HG01530#1#CM087536.1:28292231-33446470	3616226	3684421	-	68186	1.0	0.9990910423691541	60	1
HG01530_1	HG01530#1	WHR1B	WHR1	HG01530#1#CM087536.1:28292231-33446470	3594716	3595234	+	518	1.0	0.9961389961389961	43	1
HG01530_1	HG01530#1	WHR1B	WHR1	HG01530#1#CM087536.1:28292231-33446470	3561979	3562497	+	518	1.0	0.9942084942084942	0	1
HG01530_2	HG01530#2	WHR1	WHR1	HG01530#2#CM087560.1:28372601-33566242	3497864	3508128	+	10272	1.0	0.9981504915798696	60	1
HG01530_2	HG01530#2	CYP21A1P	CYP21	HG01530#2#CM087560.1:28372601-33566242	3532317	3535591	+	3274	1.0	0.9969456322541234	60	1
HG01530_2	HG01530#2	CYP21A1P	CYP21	HG01530#2#CM087560.1:28372601-33566242	3558682	3561957	+	3274	1.0	0.9777642400243679	0	1
HG01530_2	HG01530#2	CYP21A2	CYP21	HG01530#2#CM087560.1:28372601-33566242	3558727	3561957	+	3230	1.0	0.9972136222910216	60	1
HG01530_2	HG01530#2	CYP21A2	CYP21	HG01530#2#CM087560.1:28372601-33566242	3532367	3535591	+	3230	0.9984520123839009	0.9786575935663471	0	1
HG01530_2	HG01530#2	TNXA	TNX	HG01530#2#CM087560.1:28372601-33566242	3535101	3539705	-	4604	1.0	0.9963075586446568	49	1
HG01530_2	HG01530#2	TNXA	TNX	HG01530#2#CM087560.1:28372601-33566242	3561467	3566190	-	4604	1.0	0.9693056731583404	0	1
HG01530_2	HG01530#2	TNXB	TNX	HG01530#2#CM087560.1:28372601-33566242	3561465	3629651	-	68186	1.0	0.9989149082804228	60	1
HG01530_2	HG01530#2	WHR1B	WHR1	HG01530#2#CM087560.1:28372601-33566242	3539951	3540469	+	518	1.0	0.9961389961389961	60	1
HG01530_2	HG01530#2	WHR1B	WHR1	HG01530#2#CM087560.1:28372601-33566242	3507216	3507731	+	518	1.0	0.9884169884169884	0	1
HG01784_1	HG01784#1	WHR1	WHR1	HG01784#1#CM087570.1:28443802-33693813	3554282	3564555	+	10272	1.0	0.9990266692622153	60	1
HG01784_1	HG01784#1	CYP21A1P	CYP21	HG01784#1#CM087570.1:28443802-33693813	3588744	3592018	+	3274	1.0	0.998167379352474	60	1
HG01784_1	HG01784#1	CYP21A1P	CYP21	HG01784#1#CM087570.1:28443802-33693813	3621479	3624750	+	3274	1.0	0.9780621572212066	0	1
HG01784_1	HG01784#1	CYP21A2	CYP21	HG01784#1#CM087570.1:28443802-33693813	3621524	3624750	+	3230	1.0	0.9962848297213622	60	1
HG01784_1	HG01784#1	CYP21A2	CYP21	HG01784#1#CM087570.1:28443802-33693813	3588794	3592018	+	3230	0.9984520123839009	0.9780389730900093	0	1
HG01784_1	HG01784#1	TNXA	TNX	HG01784#1#CM087570.1:28443802-33693813	3591528	3596132	-	4604	1.0	0.9984795829713293	60	1
HG01784_1	HG01784#1	TNXA	TNX	HG01784#1#CM087570.1:28443802-33693813	3624260	3628983	-	4604	1.0	0.9688823031329382	0	1
HG01784_1	HG01784#1	TNXB	TNX	HG01784#1#CM087570.1:28443802-33693813	3624258	3692431	-	68186	1.0	0.9987390029325514	60	1
HG01784_1	HG01784#1	WHR1B	WHR1	HG01784#1#CM087570.1:28443802-33693813	3596378	3596896	+	518	1.0	0.9980694980694981	60	1
HG01784_1	HG01784#1	WHR1B	WHR1	HG01784#1#CM087570.1:28443802-33693813	3563640	3564158	+	518	1.0	0.9942084942084942	0	1
HG01784_2	HG01784#2	WHR1	WHR1	HG01784#2#CM087597.1:28389780-33578100	3502039	3512303	+	10272	1.0	0.9981504915798696	60	1
HG01784_2	HG01784#2	CYP21A1P	CYP21	HG01784#2#CM087597.1:28389780-33578100	3536492	3539766	+	3274	1.0	0.9969456322541234	60	1
HG01784_2	HG01784#2	CYP21A1P	CYP21	HG01784#2#CM087597.1:28389780-33578100	3562857	3566132	+	3274	1.0	0.977459640572647	0	1
HG01784_2	HG01784#2	CYP21A2	CYP21	HG01784#2#CM087597.1:28389780-33578100	3562902	3566132	+	3230	1.0	0.9975232198142415	60	1
HG01784_2	HG01784#2	CYP21A2	CYP21	HG01784#2#CM087597.1:28389780-33578100	3536542	3539766	+	3230	0.9984520123839009	0.9786575935663471	0	1
HG01784_2	HG01784#2	TNXA	TNX	HG01784#2#CM087597.1:28389780-33578100	3539276	3543880	-	4604	1.0	0.9963075586446568	49	1
HG01784_2	HG01784#2	TNXA	TNX	HG01784#2#CM087597.1:28389780-33578100	3565642	3570365	-	4604	1.0	0.9693056731583404	0	1
HG01784_2	HG01784#2	TNXB	TNX	HG01784#2#CM087597.1:28389780-33578100	3565640	3633827	-	68186	1.0	0.9988855978181178	60	1
HG01784_2	HG01784#2	WHR1B	WHR1	HG01784#2#CM087597.1:28389780-33578100	3544126	3544644	+	518	1.0	0.9961389961389961	60	1
HG01784_2	HG01784#2	WHR1B	WHR1	HG01784#2#CM087597.1:28389780-33578100	3511391	3511906	+	518	1.0	0.9884169884169884	0	1
HG01786_1	HG01786#1	WHR1	WHR1	HG01786#1#CM089504.1:28430581-33555976	3549143	3559405	+	10272	1.0	0.9981503115264797	60	1
HG01786_1	HG01786#1	CYP21A1P	CYP21	HG01786#1#CM089504.1:28430581-33555976	3583595	3586869	+	3274	1.0	0.9969456322541234	60	1
HG01786_1	HG01786#1	CYP21A1P	CYP21	HG01786#1#CM089504.1:28430581-33555976	3616330	3619604	+	3274	1.0	0.9780621572212066	0	1
HG01786_1	HG01786#1	CYP21A2	CYP21	HG01786#1#CM089504.1:28430581-33555976	3616375	3619604	+	3230	1.0	0.9978328173374613	60	1
HG01786_1	HG01786#1	CYP21A2	CYP21	HG01786#1#CM089504.1:28430581-33555976	3583645	3586869	+	3230	0.9984520123839009	0.9786575935663471	0	1
HG01786_1	HG01786#1	TNXA	TNX	HG01786#1#CM089504.1:28430581-33555976	3586379	3590983	-	4604	1.0	0.9958731537793223	50	1
HG01786_1	HG01786#1	TNXA	TNX	HG01786#1#CM089504.1:28430581-33555976	3619114	3623837	-	4604	1.0	0.9688823031329382	0	1
HG01786_1	HG01786#1	TNXB	TNX	HG01786#1#CM089504.1:28430581-33555976	3619112	3687297	-	68186	1.0	0.9989149241913252	60	1
HG01786_1	HG01786#1	WHR1B	WHR1	HG01786#1#CM089504.1:28430581-33555976	3591229	3591747	+	518	1.0	0.9961389961389961	60	1
HG01786_1	HG01786#1	WHR1B	WHR1	HG01786#1#CM089504.1:28430581-33555976	3558493	3559008	+	518	1.0	0.9884169884169884	0	1
HG01786_2	HG01786#2	WHR1	WHR1	HG01786#2#JBHIIX010000001.1:28291277-33427374	3559439	3569711	+	10272	1.0	0.9993186021610045	60	1
HG01786_2	HG01786#2	CYP21A1P	CYP21	HG01786#2#JBHIIX010000001.1:28291277-33427374	3593900	3597173	+	3274	1.0	0.996334758704948	60	1
HG01786_2	HG01786#2	CYP21A1P	CYP21	HG01786#2#JBHIIX010000001.1:28291277-33427374	3620266	3623540	+	3274	1.0	0.9774527726995734	0	1
HG01786_2	HG01786#2	CYP21A2	CYP21	HG01786#2#JBHIIX010000001.1:28291277-33427374	3620311	3623540	+	3230	1.0	0.9987616099071207	60	1
HG01786_2	HG01786#2	CYP21A2	CYP21	HG01786#2#JBHIIX010000001.1:28291277-33427374	3593950	3597173	+	3230	0.9984520123839009	0.979269801980198	0	1
HG01786_2	HG01786#2	TNXA	TNX	HG01786#2#JBHIIX010000001.1:28291277-33427374	3596683	3601287	-	4604	1.0	0.9973935708079931	60	1
HG01786_2	HG01786#2	TNXA	TNX	HG01786#2#JBHIIX010000001.1:28291277-33427374	3623050	3627773	-	4604	1.0	0.9690939881456393	0	1
HG01786_2	HG01786#2	TNXB	TNX	HG01786#2#JBHIIX010000001.1:28291277-33427374	3623048	3691223	-	68186	1.0	0.999281440638198	60	1
HG01786_2	HG01786#2	WHR1B	WHR1	HG01786#2#JBHIIX010000001.1:28291277-33427374	3601533	3602051	+	518	1.0	0.9980694980694981	34	1
HG01786_2	HG01786#2	WHR1B	WHR1	HG01786#2#JBHIIX010000001.1:28291277-33427374	3568796	3569314	+	518	1.0	0.9961389961389961	0	1
HG01884_1	HG01884#1	WHR1	WHR1	HG01884#1#JBHDSB010000050.1:28364997-33565662	3624984	3635252	+	10272	1.0	0.999123831775701	60	1
HG01884_1	HG01884#1	CYP21A1P	CYP21	HG01884#1#JBHDSB010000050.1:28364997-33565662	3659441	3662714	+	3274	1.0	0.996334758704948	60	1
HG01884_1	HG01884#1	CYP21A1P	CYP21	HG01884#1#JBHDSB010000050.1:28364997-33565662	3685807	3689082	+	3274	1.0	0.977155041120926	0	1
HG01884_1	HG01884#1	CYP21A2	CYP21	HG01884#1#JBHDSB010000050.1:28364997-33565662	3685852	3689082	+	3230	1.0	0.9975232198142415	60	1
HG01884_1	HG01884#1	CYP21A2	CYP21	HG01884#1#JBHDSB010000050.1:28364997-33565662	3659491	3662714	+	3230	0.9984520123839009	0.979269801980198	0	1
HG01884_1	HG01884#1	TNXA	TNX	HG01884#1#JBHDSB010000050.1:28364997-33565662	3662224	3666828	-	4604	1.0	0.9978279756733276	60	1
HG01884_1	HG01884#1	TNXA	TNX	HG01884#1#JBHDSB010000050.1:28364997-33565662	3688592	3693315	-	4604	1.0	0.9699407281964437	0	1
HG01884_1	HG01884#1	TNXB	TNX	HG01884#1#JBHDSB010000050.1:28364997-33565662	3688590	3756776	-	68186	1.0	0.999032300631937	60	1
HG01884_1	HG01884#1	WHR1B	WHR1	HG01884#1#JBHDSB010000050.1:28364997-33565662	3667074	3667592	+	518	1.0	0.9980694980694981	34	1
HG01884_1	HG01884#1	WHR1B	WHR1	HG01884#1#JBHDSB010000050.1:28364997-33565662	3634337	3634855	+	518	1.0	0.9961389961389961	0	1
HG01884_2	HG01884#2	WHR1	WHR1	HG01884#2#CM086422.1:28486017-33727367	3620273	3630544	+	10272	1.0	0.9993185358255452	60	1
HG01884_2	HG01884#2	CYP21A1P	CYP21	HG01884#2#CM086422.1:28486017-33727367	3654734	3658008	+	3274	1.0	0.998167379352474	19	1
HG01884_2	HG01884#2	CYP21A1P	CYP21	HG01884#2#CM086422.1:28486017-33727367	3681105	3684379	+	3274	1.0	0.9972510690287111	0	1
HG01884_2	HG01884#2	CYP21A1P	CYP21	HG01884#2#CM086422.1:28486017-33727367	3707472	3710747	+	3274	1.0	0.978982637831252	0	1
HG01884_2	HG01884#2	CYP21A2	CYP21	HG01884#2#CM086422.1:28486017-33727367	3707517	3710747	+	3230	1.0	0.9962848297213622	60	1
HG01884_2	HG01884#2	CYP21A2	CYP21	HG01884#2#CM086422.1:28486017-33727367	3654784	3658008	+	3230	0.9984520123839009	0.9780389730900093	0	1
HG01884_2	HG01884#2	CYP21A2	CYP21	HG01884#2#CM086422.1:28486017-33727367	3681155	3684379	+	3230	0.9984520123839009	0.9777296628518404	0	1
HG01884_2	HG01884#2	TNXA	TNX	HG01884#2#CM086422.1:28486017-33727367	3683889	3688493	-	4604	1.0	0.996524761077324	1	1
HG01884_2	HG01884#2	TNXA	TNX	HG01884#2#CM086422.1:28486017-33727367	3710257	3714981	-	4604	1.0	0.9714225232853514	0	1
HG01884_2	HG01884#2	TNXA	TNX	HG01884#2#CM086422.1:28486017-33727367	3657518	3662122	-	4604	1.0	0.9960903562119896	0	1
HG01884_2	HG01884#2	TNXB	TNX	HG01884#2#CM086422.1:28486017-33727367	3710255	3778401	-	68186	1.0	0.9982990952946524	60	1
HG01884_2	HG01884#2	WHR1B	WHR1	HG01884#2#CM086422.1:28486017-33727367	3688739	3689257	+	518	1.0	0.9980694980694981	0	1
HG01884_2	HG01884#2	WHR1B	WHR1	HG01884#2#CM086422.1:28486017-33727367	3662368	3662886	+	518	1.0	0.9980694980694981	0	1
HG01884_2	HG01884#2	WHR1B	WHR1	HG01884#2#CM086422.1:28486017-33727367	3629629	3630147	+	518	1.0	0.9980694980694981	0	1
HG01891_1	HG01891#1	WHR1	WHR1	HG01891#1#JAGYVO020000076.1:2900811-8125517	3621624	3631896	+	10272	1.0	0.9996105919003115	60	1
HG01891_1	HG01891#1	CYP21A1P	CYP21	HG01891#1#JAGYVO020000076.1:2900811-8125517	3656086	3659360	+	3274	1.0	0.9969456322541234	60	1
HG01891_1	HG01891#1	CYP21A1P	CYP21	HG01891#1#JAGYVO020000076.1:2900811-8125517	3682453	3685728	+	3274	1.0	0.977459640572647	0	1
HG01891_1	HG01891#1	CYP21A2	CYP21	HG01891#1#JAGYVO020000076.1:2900811-8125517	3682498	3685728	+	3230	1.0	0.9978328173374613	60	1
HG01891_1	HG01891#1	CYP21A2	CYP21	HG01891#1#JAGYVO020000076.1:2900811-8125517	3656136	3659360	+	3230	0.9984520123839009	0.9780389730900093	0	1
HG01891_1	HG01891#1	TNXA	TNX	HG01891#1#JAGYVO020000076.1:2900811-8125517	3658870	3663474	-	4604	1.0	0.9976107732406603	47	1
HG01891_1	HG01891#1	TNXA	TNX	HG01891#1#JAGYVO020000076.1:2900811-8125517	3685238	3689961	-	4604	1.0	0.970575783234547	0	1
HG01891_1	HG01891#1	TNXB	TNX	HG01891#1#JAGYVO020000076.1:2900811-8125517	3685236	3753436	-	68186	1.0	0.9992082924040054	60	1
HG01891_1	HG01891#1	WHR1B	WHR1	HG01891#1#JAGYVO020000076.1:2900811-8125517	3663720	3664238	+	518	1.0	0.9980694980694981	34	1
HG01891_1	HG01891#1	WHR1B	WHR1	HG01891#1#JAGYVO020000076.1:2900811-8125517	3630981	3631499	+	518	1.0	0.9961389961389961	0	1
HG01891_2	HG01891#2	WHR1	WHR1	HG01891#2#JAGYVN020000007.1:1681129-6883010	3619377	3629639	+	10272	1.0	0.9980529595015576	60	1
HG01891_2	HG01891#2	CYP21A1P	CYP21	HG01891#2#JAGYVN020000007.1:1681129-6883010	3653829	3657103	+	3274	1.0	0.9969456322541234	60	1
HG01891_2	HG01891#2	CYP21A1P	CYP21	HG01891#2#JAGYVN020000007.1:1681129-6883010	3680197	3683472	+	3274	1.0	0.977459640572647	0	1
HG01891_2	HG01891#2	CYP21A2	CYP21	HG01891#2#JAGYVN020000007.1:1681129-6883010	3680242	3683472	+	3230	1.0	0.9975232198142415	60	1
HG01891_2	HG01891#2	CYP21A2	CYP21	HG01891#2#JAGYVN020000007.1:1681129-6883010	3653879	3657103	+	3230	0.9984520123839009	0.9786575935663471	0	1
HG01891_2	HG01891#2	TNXA	TNX	HG01891#2#JAGYVN020000007.1:1681129-6883010	3656613	3661217	-	4604	1.0	0.9960903562119896	17	1
HG01891_2	HG01891#2	TNXA	TNX	HG01891#2#JAGYVN020000007.1:1681129-6883010	3682982	3687705	-	4604	1.0	0.9703640982218459	0	1
HG01891_2	HG01891#2	TNXB	TNX	HG01891#2#JAGYVN020000007.1:1681129-6883010	3682980	3751161	-	68186	1.0	0.9992668191682796	60	1
HG01891_2	HG01891#2	WHR1B	WHR1	HG01891#2#JAGYVN020000007.1:1681129-6883010	3661463	3661981	+	518	1.0	0.9961389961389961	60	1
HG01891_2	HG01891#2	WHR1B	WHR1	HG01891#2#JAGYVN020000007.1:1681129-6883010	3628727	3629242	+	518	1.0	0.9884169884169884	0	1
HG01928_1	HG01928#1	WHR1	WHR1	HG01928#1#CM088988.1:28420054-33667363	3554832	3565104	+	10272	1.0	0.9991239170641487	60	1
HG01928_1	HG01928#1	CYP21A1P	CYP21	HG01928#1#CM088988.1:28420054-33667363	3589293	3592567	+	3274	1.0	0.998167379352474	60	1
HG01928_1	HG01928#1	CYP21A1P	CYP21	HG01928#1#CM088988.1:28420054-33667363	3622028	3625299	+	3274	1.0	0.97775746496039	0	1
HG01928_1	HG01928#1	CYP21A2	CYP21	HG01928#1#CM088988.1:28420054-33667363	3622073	3625299	+	3230	1.0	0.9956656346749226	60	1
HG01928_1	HG01928#1	CYP21A2	CYP21	HG01928#1#CM088988.1:28420054-33667363	3589343	3592567	+	3230	0.9984520123839009	0.9780389730900093	0	1
HG01928_1	HG01928#1	TNXA	TNX	HG01928#1#CM088988.1:28420054-33667363	3592077	3596681	-	4604	1.0	0.998262380538662	60	1
HG01928_1	HG01928#1	TNXA	TNX	HG01928#1#CM088988.1:28420054-33667363	3624809	3629532	-	4604	1.0	0.9693056731583404	0	1
HG01928_1	HG01928#1	TNXB	TNX	HG01928#1#CM088988.1:28420054-33667363	3624807	3692982	-	68186	1.0	0.9986951103291547	60	1
HG01928_1	HG01928#1	WHR1B	WHR1	HG01928#1#CM088988.1:28420054-33667363	3596927	3597445	+	518	1.0	0.9980694980694981	60	1
HG01928_1	HG01928#1	WHR1B	WHR1	HG01928#1#CM088988.1:28420054-33667363	3564189	3564707	+	518	1.0	0.9942084942084942	0	1
HG01928_2	HG01928#2	WHR1	WHR1	HG01928#2#CM089004.1:28358676-33609094	3554943	3565215	+	10272	1.0	0.9991239170641487	60	1
HG01928_2	HG01928#2	CYP21A1P	CYP21	HG01928#2#CM089004.1:28358676-33609094	3589404	3592678	+	3274	1.0	0.998167379352474	60	1
HG01928_2	HG01928#2	CYP21A1P	CYP21	HG01928#2#CM089004.1:28358676-33609094	3622259	3625530	+	3274	1.0	0.97775746496039	0	1
HG01928_2	HG01928#2	CYP21A2	CYP21	HG01928#2#CM089004.1:28358676-33609094	3622304	3625530	+	3230	1.0	0.9956656346749226	60	1
HG01928_2	HG01928#2	CYP21A2	CYP21	HG01928#2#CM089004.1:28358676-33609094	3589454	3592678	+	3230	0.9984520123839009	0.9780389730900093	0	1
HG01928_2	HG01928#2	TNXA	TNX	HG01928#2#CM089004.1:28358676-33609094	3592188	3596912	-	4604	1.0	0.9718458933107536	60	1
HG01928_2	HG01928#2	TNXA	TNX	HG01928#2#CM089004.1:28358676-33609094	3625040	3629763	-	4604	1.0	0.9693056731583404	0	1
HG01928_2	HG01928#2	TNXB	TNX	HG01928#2#CM089004.1:28358676-33609094	3625038	3693217	-	68186	1.0	0.9987684187376292	60	1
HG01928_2	HG01928#2	WHR1B	WHR1	HG01928#2#CM089004.1:28358676-33609094	3597158	3597676	+	518	1.0	0.9980694980694981	60	1
HG01928_2	HG01928#2	WHR1B	WHR1	HG01928#2#CM089004.1:28358676-33609094	3564300	3564818	+	518	1.0	0.9942084942084942	0	1
HG01934_1	HG01934#1	WHR1	WHR1	HG01934#1#CM088840.1:28381638-33543037	3553869	3564142	+	10272	1.0	0.9990266692622153	60	1
HG01934_1	HG01934#1	CYP21A1P	CYP21	HG01934#1#CM088840.1:28381638-33543037	3588331	3591605	+	3274	1.0	0.998167379352474	60	1
HG01934_1	HG01934#1	CYP21A1P	CYP21	HG01934#1#CM088840.1:28381638-33543037	3621066	3624338	+	3274	1.0	0.9777642400243679	0	1
HG01934_1	HG01934#1	CYP21A2	CYP21	HG01934#1#CM088840.1:28381638-33543037	3621111	3624338	+	3230	1.0	0.9962848297213622	60	1
HG01934_1	HG01934#1	CYP21A2	CYP21	HG01934#1#CM088840.1:28381638-33543037	3588381	3591605	+	3230	0.9984520123839009	0.9780389730900093	0	1
HG01934_1	HG01934#1	TNXA	TNX	HG01934#1#CM088840.1:28381638-33543037	3591115	3595719	-	4604	1.0	0.9980451781059948	60	1
HG01934_1	HG01934#1	TNXA	TNX	HG01934#1#CM088840.1:28381638-33543037	3623848	3628571	-	4604	1.0	0.9688823031329382	0	1
HG01934_1	HG01934#1	TNXB	TNX	HG01934#1#CM088840.1:28381638-33543037	3623846	3692027	-	68186	1.0	0.9988563049853373	60	1
HG01934_1	HG01934#1	WHR1B	WHR1	HG01934#1#CM088840.1:28381638-33543037	3595965	3596483	+	518	1.0	0.9980694980694981	60	1
HG01934_1	HG01934#1	WHR1B	WHR1	HG01934#1#CM088840.1:28381638-33543037	3563227	3563745	+	518	1.0	0.9942084942084942	0	1
HG01934_2	HG01934#2	WHR1	WHR1	HG01934#2#CM088881.1:28393788-33621610	3547164	3557436	+	10272	1.0	0.9995132398753894	60	1
HG01934_2	HG01934#2	CYP21A1P	CYP21	HG01934#2#CM088881.1:28393788-33621610	3575258	3578532	+	3274	1.0	0.9969456322541234	60	1
HG01934_2	HG01934#2	CYP21A1P	CYP21	HG01934#2#CM088881.1:28393788-33621610	3601625	3604900	+	3274	1.0	0.977459640572647	0	1
HG01934_2	HG01934#2	CYP21A2	CYP21	HG01934#2#CM088881.1:28393788-33621610	3601670	3604900	+	3230	1.0	0.9972136222910216	60	1
HG01934_2	HG01934#2	CYP21A2	CYP21	HG01934#2#CM088881.1:28393788-33621610	3575308	3578532	+	3230	0.9984520123839009	0.9768017321373338	0	1
HG01934_2	HG01934#2	TNXA	TNX	HG01934#2#CM088881.1:28393788-33621610	3578042	3582646	-	4604	1.0	0.9978279756733276	60	1
HG01934_2	HG01934#2	TNXA	TNX	HG01934#2#CM088881.1:28393788-33621610	3604410	3609133	-	4604	1.0	0.9701524132091448	0	1
HG01934_2	HG01934#2	TNXB	TNX	HG01934#2#CM088881.1:28393788-33621610	3604408	3672597	-	68186	1.0	0.9993841371321319	60	1
HG01934_2	HG01934#2	WHR1B	WHR1	HG01934#2#CM088881.1:28393788-33621610	3582892	3583410	+	518	1.0	0.9980694980694981	34	1
HG01934_2	HG01934#2	WHR1B	WHR1	HG01934#2#CM088881.1:28393788-33621610	3556521	3557039	+	518	1.0	0.9961389961389961	0	1
HG01940_1	HG01940#1	WHR1	WHR1	HG01940#1#CM088633.1:28416533-33550847	3544916	3555188	+	10272	1.0	0.9995132398753894	60	1
HG01940_1	HG01940#1	CYP21A1P	CYP21	HG01940#1#CM088633.1:28416533-33550847	3573010	3576284	+	3274	1.0	0.9969456322541234	60	1
HG01940_1	HG01940#1	CYP21A1P	CYP21	HG01940#1#CM088633.1:28416533-33550847	3599377	3602652	+	3274	1.0	0.977155041120926	0	1
HG01940_1	HG01940#1	CYP21A2	CYP21	HG01940#1#CM088633.1:28416533-33550847	3599422	3602652	+	3230	1.0	0.9975232198142415	60	1
HG01940_1	HG01940#1	CYP21A2	CYP21	HG01940#1#CM088633.1:28416533-33550847	3573060	3576284	+	3230	0.9984520123839009	0.9768017321373338	0	1
HG01940_1	HG01940#1	TNXA	TNX	HG01940#1#CM088633.1:28416533-33550847	3575794	3580398	-	4604	1.0	0.9978279756733276	60	1
HG01940_1	HG01940#1	TNXA	TNX	HG01940#1#CM088633.1:28416533-33550847	3602162	3606885	-	4604	1.0	0.9701524132091448	0	1
HG01940_1	HG01940#1	TNXB	TNX	HG01940#1#CM088633.1:28416533-33550847	3602160	3670352	-	68186	1.0	0.9993548387096775	60	1
HG01940_1	HG01940#1	WHR1B	WHR1	HG01940#1#CM088633.1:28416533-33550847	3580644	3581162	+	518	1.0	0.9980694980694981	34	1
HG01940_1	HG01940#1	WHR1B	WHR1	HG01940#1#CM088633.1:28416533-33550847	3554273	3554791	+	518	1.0	0.9961389961389961	0	1
HG01940_2	HG01940#2	WHR1	WHR1	HG01940#2#JBHIHL010000009.1:28391811-33519262	3554376	3564648	+	10272	1.0	0.9995132398753894	60	1
HG01940_2	HG01940#2	CYP21A1P	CYP21	HG01940#2#JBHIHL010000009.1:28391811-33519262	3582470	3585744	+	3274	1.0	0.9969456322541234	60	1
HG01940_2	HG01940#2	CYP21A1P	CYP21	HG01940#2#JBHIHL010000009.1:28391811-33519262	3608837	3612112	+	3274	1.0	0.977155041120926	0	1
HG01940_2	HG01940#2	CYP21A2	CYP21	HG01940#2#JBHIHL010000009.1:28391811-33519262	3608882	3612112	+	3230	1.0	0.9975232198142415	60	1
HG01940_2	HG01940#2	CYP21A2	CYP21	HG01940#2#JBHIHL010000009.1:28391811-33519262	3582520	3585744	+	3230	0.9984520123839009	0.9768017321373338	0	1
HG01940_2	HG01940#2	TNXA	TNX	HG01940#2#JBHIHL010000009.1:28391811-33519262	3585254	3589858	-	4604	1.0	0.9978279756733276	60	1
HG01940_2	HG01940#2	TNXA	TNX	HG01940#2#JBHIHL010000009.1:28391811-33519262	3611622	3616345	-	4604	1.0	0.9701524132091448	0	1
HG01940_2	HG01940#2	TNXB	TNX	HG01940#2#JBHIHL010000009.1:28391811-33519262	3611620	3679820	-	68186	1.0	0.9992376260849167	60	1
HG01940_2	HG01940#2	WHR1B	WHR1	HG01940#2#JBHIHL010000009.1:28391811-33519262	3590104	3590622	+	518	1.0	0.9980694980694981	34	1
HG01940_2	HG01940#2	WHR1B	WHR1	HG01940#2#JBHIHL010000009.1:28391811-33519262	3563733	3564251	+	518	1.0	0.9961389961389961	0	1
HG01943_1	HG01943#1	WHR1	WHR1	HG01943#1#JBHIIK010000008.1:28388608-33634739	3553582	3563854	+	10272	1.0	0.9991239170641487	60	1
HG01943_1	HG01943#1	CYP21A1P	CYP21	HG01943#1#JBHIIK010000008.1:28388608-33634739	3588043	3591317	+	3274	1.0	0.998167379352474	60	1
HG01943_1	HG01943#1	CYP21A1P	CYP21	HG01943#1#JBHIIK010000008.1:28388608-33634739	3620778	3624050	+	3274	1.0	0.977459640572647	0	1
HG01943_1	HG01943#1	CYP21A2	CYP21	HG01943#1#JBHIIK010000008.1:28388608-33634739	3620823	3624050	+	3230	1.0	0.9959752321981424	60	1
HG01943_1	HG01943#1	CYP21A2	CYP21	HG01943#1#JBHIIK010000008.1:28388608-33634739	3588093	3591317	+	3230	0.9984520123839009	0.9780389730900093	0	1
HG01943_1	HG01943#1	TNXA	TNX	HG01943#1#JBHIIK010000008.1:28388608-33634739	3590827	3595431	-	4604	1.0	0.998262380538662	60	1
HG01943_1	HG01943#1	TNXA	TNX	HG01943#1#JBHIIK010000008.1:28388608-33634739	3623560	3628283	-	4604	1.0	0.9693056731583404	0	1
HG01943_1	HG01943#1	TNXB	TNX	HG01943#1#JBHIIK010000008.1:28388608-33634739	3623558	3691741	-	68186	1.0	0.9987098476740606	60	1
HG01943_1	HG01943#1	WHR1B	WHR1	HG01943#1#JBHIIK010000008.1:28388608-33634739	3595677	3596195	+	518	1.0	0.9980694980694981	60	1
HG01943_1	HG01943#1	WHR1B	WHR1	HG01943#1#JBHIIK010000008.1:28388608-33634739	3562939	3563457	+	518	1.0	0.9942084942084942	0	1
HG01943_2	HG01943#2	WHR1	WHR1	HG01943#2#JBHIIL010000059.1:28384336-33527821	3454707	3464978	+	10272	1.0	0.998831889418865	60	1
HG01943_2	HG01943#2	CYP21A1P	CYP21	HG01943#2#JBHIIL010000059.1:28384336-33527821	3489167	3492441	+	3274	1.0	0.9987782529016493	60	1
HG01943_2	HG01943#2	CYP21A1P	CYP21	HG01943#2#JBHIIL010000059.1:28384336-33527821	3515534	3518808	+	3274	1.0	0.9765386959171237	0	1
HG01943_2	HG01943#2	CYP21A2	CYP21	HG01943#2#JBHIIL010000059.1:28384336-33527821	3515579	3518808	+	3230	1.0	0.9978328173374613	60	1
HG01943_2	HG01943#2	CYP21A2	CYP21	HG01943#2#JBHIIL010000059.1:28384336-33527821	3489217	3492441	+	3230	0.9984520123839009	0.9780389730900093	0	1
HG01943_2	HG01943#2	TNXA	TNX	HG01943#2#JBHIIL010000059.1:28384336-33527821	3491951	3496555	-	4604	1.0	0.9963075586446568	19	1
HG01943_2	HG01943#2	TNXA	TNX	HG01943#2#JBHIIL010000059.1:28384336-33527821	3518318	3523041	-	4604	1.0	0.9703640982218459	0	1
HG01943_2	HG01943#2	TNXB	TNX	HG01943#2#JBHIIL010000059.1:28384336-33527821	3518316	3586520	-	68186	1.0	0.9992669803990558	60	1
HG01943_2	HG01943#2	WHR1B	WHR1	HG01943#2#JBHIIL010000059.1:28384336-33527821	3496801	3497319	+	518	1.0	0.9980694980694981	60	1
HG01943_2	HG01943#2	WHR1B	WHR1	HG01943#2#JBHIIL010000059.1:28384336-33527821	3464063	3464581	+	518	1.0	0.9922779922779923	0	1
HG01952_1	HG01952#1	WHR1	WHR1	HG01952#1#JAHAME020000003.1:28509779-33725990	3625037	3635309	+	10272	1.0	0.9995132398753894	60	1
HG01952_1	HG01952#1	CYP21A1P	CYP21	HG01952#1#JAHAME020000003.1:28509779-33725990	3653131	3656405	+	3274	1.0	0.9969456322541234	60	1
HG01952_1	HG01952#1	CYP21A1P	CYP21	HG01952#1#JAHAME020000003.1:28509779-33725990	3679493	3682767	+	3274	1.0	0.9780621572212066	0	1
HG01952_1	HG01952#1	CYP21A2	CYP21	HG01952#1#JAHAME020000003.1:28509779-33725990	3679538	3682767	+	3230	1.0	0.9972136222910216	60	1
HG01952_1	HG01952#1	CYP21A2	CYP21	HG01952#1#JAHAME020000003.1:28509779-33725990	3653181	3656405	+	3230	0.9984520123839009	0.9768017321373338	0	1
HG01952_1	HG01952#1	TNXA	TNX	HG01952#1#JAHAME020000003.1:28509779-33725990	3655915	3660519	-	4604	1.0	0.9978279756733276	60	1
HG01952_1	HG01952#1	TNXA	TNX	HG01952#1#JAHAME020000003.1:28509779-33725990	3682277	3687000	-	4604	1.0	0.9697290431837426	0	1
HG01952_1	HG01952#1	TNXB	TNX	HG01952#1#JAHAME020000003.1:28509779-33725990	3682275	3750467	-	68186	1.0	0.998885810206565	60	1
HG01952_1	HG01952#1	WHR1B	WHR1	HG01952#1#JAHAME020000003.1:28509779-33725990	3660765	3661283	+	518	1.0	0.9961389961389961	0	1
HG01952_1	HG01952#1	WHR1B	WHR1	HG01952#1#JAHAME020000003.1:28509779-33725990	3634394	3634912	+	518	1.0	0.9961389961389961	0	1
HG01952_2	HG01952#2	WHR1	WHR1	HG01952#2#CM087999.1:28438146-33670995	3546769	3557035	+	10272	1.0	0.9985397196261683	60	1
HG01952_2	HG01952#2	CYP21A1P	CYP21	HG01952#2#CM087999.1:28438146-33670995	3581224	3584497	+	3274	1.0	0.9975565058032987	60	1
HG01952_2	HG01952#2	CYP21A1P	CYP21	HG01952#2#CM087999.1:28438146-33670995	3607590	3610864	+	3274	1.0	0.9771480804387569	0	1
HG01952_2	HG01952#2	CYP21A2	CYP21	HG01952#2#CM087999.1:28438146-33670995	3607635	3610864	+	3230	1.0	0.9972136222910216	60	1
HG01952_2	HG01952#2	CYP21A2	CYP21	HG01952#2#CM087999.1:28438146-33670995	3581274	3584497	+	3230	0.9984520123839009	0.9768017321373338	0	1
HG01952_2	HG01952#2	TNXA	TNX	HG01952#2#CM087999.1:28438146-33670995	3584007	3588611	-	4604	1.0	0.9958731537793223	54	1
HG01952_2	HG01952#2	TNXA	TNX	HG01952#2#CM087999.1:28438146-33670995	3610374	3615098	-	4604	1.0	0.9686706181202371	0	1
HG01952_2	HG01952#2	TNXB	TNX	HG01952#2#CM087999.1:28438146-33670995	3610372	3678541	-	68186	1.0	0.9983578434966204	60	1
HG01952_2	HG01952#2	WHR1B	WHR1	HG01952#2#CM087999.1:28438146-33670995	3588857	3589375	+	518	1.0	0.9942084942084942	0	1
HG01952_2	HG01952#2	WHR1B	WHR1	HG01952#2#CM087999.1:28438146-33670995	3556120	3556638	+	518	1.0	0.9942084942084942	0	1
HG01960_1	HG01960#1	WHR1	WHR1	HG01960#1#JBHIHM010000013.1:28299727-33553963	3559855	3570117	+	10272	1.0	0.9980529595015576	60	1
HG01960_1	HG01960#1	CYP21A1P	CYP21	HG01960#1#JBHIHM010000013.1:28299727-33553963	3594307	3597581	+	3274	1.0	0.9969456322541234	60	1
HG01960_1	HG01960#1	CYP21A1P	CYP21	HG01960#1#JBHIHM010000013.1:28299727-33553963	3620675	3623950	+	3274	1.0	0.977155041120926	0	1
HG01960_1	HG01960#1	CYP21A2	CYP21	HG01960#1#JBHIHM010000013.1:28299727-33553963	3620720	3623950	+	3230	1.0	0.9981424148606811	60	1
HG01960_1	HG01960#1	CYP21A2	CYP21	HG01960#1#JBHIHM010000013.1:28299727-33553963	3594357	3597581	+	3230	0.9984520123839009	0.9786575935663471	0	1
HG01960_1	HG01960#1	TNXA	TNX	HG01960#1#JBHIHM010000013.1:28299727-33553963	3597091	3601695	-	4604	1.0	0.9960903562119896	22	1
HG01960_1	HG01960#1	TNXA	TNX	HG01960#1#JBHIHM010000013.1:28299727-33553963	3623460	3628183	-	4604	1.0	0.9701524132091448	0	1
HG01960_1	HG01960#1	TNXB	TNX	HG01960#1#JBHIHM010000013.1:28299727-33553963	3623458	3691639	-	68186	1.0	0.9993254736348173	60	1
HG01960_1	HG01960#1	WHR1B	WHR1	HG01960#1#JBHIHM010000013.1:28299727-33553963	3601941	3602459	+	518	1.0	0.9961389961389961	60	1
HG01960_1	HG01960#1	WHR1B	WHR1	HG01960#1#JBHIHM010000013.1:28299727-33553963	3569205	3569720	+	518	1.0	0.9884169884169884	0	1
HG01960_2	HG01960#2	WHR1	WHR1	HG01960#2#JBHIHN010000011.1:28515170-33644789	3552594	3562857	+	10272	1.0	0.9982476635514018	60	1
HG01960_2	HG01960#2	CYP21A1P	CYP21	HG01960#2#JBHIHN010000011.1:28515170-33644789	3587047	3590321	+	3274	1.0	0.9966401954795358	60	1
HG01960_2	HG01960#2	CYP21A1P	CYP21	HG01960#2#JBHIHN010000011.1:28515170-33644789	3613414	3616689	+	3274	1.0	0.9786780383795309	0	1
HG01960_2	HG01960#2	CYP21A2	CYP21	HG01960#2#JBHIHN010000011.1:28515170-33644789	3613459	3616689	+	3230	1.0	0.9975232198142415	60	1
HG01960_2	HG01960#2	CYP21A2	CYP21	HG01960#2#JBHIHN010000011.1:28515170-33644789	3587097	3590321	+	3230	0.9984520123839009	0.9783482833281781	0	1
HG01960_2	HG01960#2	TNXA	TNX	HG01960#2#JBHIHN010000011.1:28515170-33644789	3589831	3594435	-	4604	1.0	0.9963075586446568	23	1
HG01960_2	HG01960#2	TNXA	TNX	HG01960#2#JBHIHN010000011.1:28515170-33644789	3616199	3620922	-	4604	1.0	0.9703640982218459	0	1
HG01960_2	HG01960#2	TNXB	TNX	HG01960#2#JBHIHN010000011.1:28515170-33644789	3616197	3684388	-	68186	1.0	0.9995014443450592	60	1
HG01960_2	HG01960#2	WHR1B	WHR1	HG01960#2#JBHIHN010000011.1:28515170-33644789	3594681	3595199	+	518	1.0	0.9961389961389961	60	1
HG01960_2	HG01960#2	WHR1B	WHR1	HG01960#2#JBHIHN010000011.1:28515170-33644789	3561945	3562460	+	518	1.0	0.9884169884169884	0	1
HG01969_1	HG01969#1	WHR1	WHR1	HG01969#1#CM088687.1:28438493-33684979	3550845	3561107	+	10272	1.0	0.9980529595015576	60	1
HG01969_1	HG01969#1	CYP21A1P	CYP21	HG01969#1#CM088687.1:28438493-33684979	3585297	3588571	+	3274	1.0	0.9969456322541234	60	1
HG01969_1	HG01969#1	CYP21A1P	CYP21	HG01969#1#CM088687.1:28438493-33684979	3611665	3614940	+	3274	1.0	0.976850441669205	0	1
HG01969_1	HG01969#1	CYP21A2	CYP21	HG01969#1#CM088687.1:28438493-33684979	3611710	3614940	+	3230	1.0	0.9978328173374613	60	1
HG01969_1	HG01969#1	CYP21A2	CYP21	HG01969#1#CM088687.1:28438493-33684979	3585347	3588571	+	3230	0.9984520123839009	0.9786575935663471	0	1
HG01969_1	HG01969#1	TNXA	TNX	HG01969#1#CM088687.1:28438493-33684979	3588081	3592685	-	4604	1.0	0.9963075586446568	32	1
HG01969_1	HG01969#1	TNXA	TNX	HG01969#1#CM088687.1:28438493-33684979	3614450	3619173	-	4604	1.0	0.9699407281964437	0	1
HG01969_1	HG01969#1	TNXB	TNX	HG01969#1#CM088687.1:28438493-33684979	3614448	3682653	-	68186	1.0	0.9991497097284935	60	1
HG01969_1	HG01969#1	WHR1B	WHR1	HG01969#1#CM088687.1:28438493-33684979	3592931	3593449	+	518	1.0	0.9961389961389961	60	1
HG01969_1	HG01969#1	WHR1B	WHR1	HG01969#1#CM088687.1:28438493-33684979	3560195	3560710	+	518	1.0	0.9884169884169884	0	1
HG01969_2	HG01969#2	WHR1	WHR1	HG01969#2#CM088699.1:28424697-33581502	3555126	3565398	+	10272	1.0	0.9998052959501558	60	1
HG01969_2	HG01969#2	CYP21A1P	CYP21	HG01969#2#CM088699.1:28424697-33581502	3589587	3592860	+	3274	1.0	0.9975565058032987	60	1
HG01969_2	HG01969#2	CYP21A1P	CYP21	HG01969#2#CM088699.1:28424697-33581502	3615948	3619222	+	3274	1.0	0.9768433881779403	0	1
HG01969_2	HG01969#2	CYP21A2	CYP21	HG01969#2#CM088699.1:28424697-33581502	3615993	3619222	+	3230	1.0	0.9978328173374613	60	1
HG01969_2	HG01969#2	CYP21A2	CYP21	HG01969#2#CM088699.1:28424697-33581502	3589632	3592860	+	3230	1.0	0.9777640518838789	0	1
HG01969_2	HG01969#2	TNXA	TNX	HG01969#2#CM088699.1:28424697-33581502	3592370	3596974	-	4604	1.0	0.9976107732406603	53	1
HG01969_2	HG01969#2	TNXA	TNX	HG01969#2#CM088699.1:28424697-33581502	3618732	3623455	-	4604	1.0	0.9703640982218459	0	1
HG01969_2	HG01969#2	TNXB	TNX	HG01969#2#CM088699.1:28424697-33581502	3618730	3686929	-	68186	1.0	0.9991643454038998	60	1
HG01969_2	HG01969#2	WHR1B	WHR1	HG01969#2#CM088699.1:28424697-33581502	3597220	3597738	+	518	1.0	0.9961389961389961	43	1
HG01969_2	HG01969#2	WHR1B	WHR1	HG01969#2#CM088699.1:28424697-33581502	3564483	3565001	+	518	1.0	0.9942084942084942	0	1
HG01975_1	HG01975#1	WHR1	WHR1	HG01975#1#JBJUVS010000062.1:28446168-33791199	3620554	3630826	+	10272	1.0	0.9991239170641487	60	1
HG01975_1	HG01975#1	CYP21A1P	CYP21	HG01975#1#JBJUVS010000062.1:28446168-33791199	3687753	3691027	+	3274	1.0	0.998167379352474	0	1
HG01975_1	HG01975#1	CYP21A1P	CYP21	HG01975#1#JBJUVS010000062.1:28446168-33791199	3655015	3658289	+	3274	1.0	0.998167379352474	0	1
HG01975_1	HG01975#1	CYP21A1P	CYP21	HG01975#1#JBJUVS010000062.1:28446168-33791199	3720488	3723760	+	3274	1.0	0.9780688394760889	0	1
HG01975_1	HG01975#1	CYP21A2	CYP21	HG01975#1#JBJUVS010000062.1:28446168-33791199	3720533	3723760	+	3230	1.0	0.9953560371517027	60	1
HG01975_1	HG01975#1	CYP21A2	CYP21	HG01975#1#JBJUVS010000062.1:28446168-33791199	3687803	3691027	+	3230	0.9984520123839009	0.9780389730900093	0	1
HG01975_1	HG01975#1	CYP21A2	CYP21	HG01975#1#JBJUVS010000062.1:28446168-33791199	3655065	3658289	+	3230	0.9984520123839009	0.9780389730900093	0	1
HG01975_1	HG01975#1	TNXA	TNX	HG01975#1#JBJUVS010000062.1:28446168-33791199	3690537	3695141	-	4604	1.0	0.9980451781059948	0	1
HG01975_1	HG01975#1	TNXA	TNX	HG01975#1#JBJUVS010000062.1:28446168-33791199	3657799	3662403	-	4604	1.0	0.9980451781059948	0	1
HG01975_1	HG01975#1	TNXA	TNX	HG01975#1#JBJUVS010000062.1:28446168-33791199	3723270	3727993	-	4604	1.0	0.9688823031329382	0	1
HG01975_1	HG01975#1	TNXB	TNX	HG01975#1#JBJUVS010000062.1:28446168-33791199	3723268	3791442	-	68186	1.0	0.9988269794721407	60	1
HG01975_1	HG01975#1	WHR1B	WHR1	HG01975#1#JBJUVS010000062.1:28446168-33791199	3695387	3695905	+	518	1.0	0.9980694980694981	0	1
HG01975_1	HG01975#1	WHR1B	WHR1	HG01975#1#JBJUVS010000062.1:28446168-33791199	3662649	3663167	+	518	1.0	0.9980694980694981	0	1
HG01975_1	HG01975#1	WHR1B	WHR1	HG01975#1#JBJUVS010000062.1:28446168-33791199	3629911	3630429	+	518	1.0	0.9942084942084942	0	1
HG01975_2	HG01975#2	WHR1	WHR1	HG01975#2#CM099812.1:28391516-33619784	3547046	3557318	+	10272	1.0	0.9995132398753894	60	1
HG01975_2	HG01975#2	CYP21A1P	CYP21	HG01975#2#CM099812.1:28391516-33619784	3575140	3578414	+	3274	1.0	0.9969456322541234	60	1
HG01975_2	HG01975#2	CYP21A1P	CYP21	HG01975#2#CM099812.1:28391516-33619784	3601507	3604782	+	3274	1.0	0.977155041120926	0	1
HG01975_2	HG01975#2	CYP21A2	CYP21	HG01975#2#CM099812.1:28391516-33619784	3601552	3604782	+	3230	1.0	0.9975232198142415	60	1
HG01975_2	HG01975#2	CYP21A2	CYP21	HG01975#2#CM099812.1:28391516-33619784	3575190	3578414	+	3230	0.9984520123839009	0.9768017321373338	0	1
HG01975_2	HG01975#2	TNXA	TNX	HG01975#2#CM099812.1:28391516-33619784	3577924	3582528	-	4604	1.0	0.9978279756733276	60	1
HG01975_2	HG01975#2	TNXA	TNX	HG01975#2#CM099812.1:28391516-33619784	3604292	3609015	-	4604	1.0	0.9701524132091448	0	1
HG01975_2	HG01975#2	TNXB	TNX	HG01975#2#CM099812.1:28391516-33619784	3604290	3672491	-	68186	1.0	0.9992229764400592	60	1
HG01975_2	HG01975#2	WHR1B	WHR1	HG01975#2#CM099812.1:28391516-33619784	3582774	3583292	+	518	1.0	0.9980694980694981	34	1
HG01975_2	HG01975#2	WHR1B	WHR1	HG01975#2#CM099812.1:28391516-33619784	3556403	3556921	+	518	1.0	0.9961389961389961	0	1
HG01978_1	HG01978#1	WHR1	WHR1	HG01978#1#CM089247.1:28385214-33602216	3619729	3630001	+	10272	1.0	0.9998052959501558	60	1
HG01978_1	HG01978#1	CYP21A1P	CYP21	HG01978#1#CM089247.1:28385214-33602216	3654189	3657462	+	3274	1.0	0.9978619425778864	60	1
HG01978_1	HG01978#1	CYP21A1P	CYP21	HG01978#1#CM089247.1:28385214-33602216	3680550	3683824	+	3274	1.0	0.9780621572212066	0	1
HG01978_1	HG01978#1	CYP21A2	CYP21	HG01978#1#CM089247.1:28385214-33602216	3680595	3683824	+	3230	1.0	0.9972136222910216	60	1
HG01978_1	HG01978#1	CYP21A2	CYP21	HG01978#1#CM089247.1:28385214-33602216	3654234	3657462	+	3230	1.0	0.9774552192711551	0	1
HG01978_1	HG01978#1	TNXA	TNX	HG01978#1#CM089247.1:28385214-33602216	3656972	3661576	-	4604	1.0	0.998262380538662	60	1
HG01978_1	HG01978#1	TNXA	TNX	HG01978#1#CM089247.1:28385214-33602216	3683334	3688057	-	4604	1.0	0.9695173581710415	0	1
HG01978_1	HG01978#1	TNXB	TNX	HG01978#1#CM089247.1:28385214-33602216	3683332	3751520	-	68186	1.0	0.9989297286202296	60	1
HG01978_1	HG01978#1	WHR1B	WHR1	HG01978#1#CM089247.1:28385214-33602216	3661822	3662340	+	518	1.0	0.9961389961389961	43	1
HG01978_1	HG01978#1	WHR1B	WHR1	HG01978#1#CM089247.1:28385214-33602216	3629086	3629604	+	518	1.0	0.9942084942084942	0	1
HG01978_2	HG01978#2	WHR1	WHR1	HG01978#2#CM089273.1:28354032-33630223	3549466	3559738	+	10272	1.0	0.9991239170641487	60	1
HG01978_2	HG01978#2	CYP21A1P	CYP21	HG01978#2#CM089273.1:28354032-33630223	3616618	3619892	+	3274	1.0	0.998167379352474	60	1
HG01978_2	HG01978#2	CYP21A1P	CYP21	HG01978#2#CM089273.1:28354032-33630223	3584073	3587154	+	3274	0.9410507025045816	0.9980525803310614	0	1
HG01978_2	HG01978#2	CYP21A1P	CYP21	HG01978#2#CM089273.1:28354032-33630223	3649353	3652625	+	3274	1.0	0.977459640572647	0	1
HG01978_2	HG01978#2	CYP21A2	CYP21	HG01978#2#CM089273.1:28354032-33630223	3649398	3652625	+	3230	1.0	0.9959752321981424	60	1
HG01978_2	HG01978#2	CYP21A2	CYP21	HG01978#2#CM089273.1:28354032-33630223	3616668	3619892	+	3230	0.9984520123839009	0.9780389730900093	0	1
HG01978_2	HG01978#2	CYP21A2	CYP21	HG01978#2#CM089273.1:28354032-33630223	3584073	3587154	+	3230	0.9541795665634675	0.9773462783171522	0	1
HG01978_2	HG01978#2	TNXA	TNX	HG01978#2#CM089273.1:28354032-33630223	3586664	3591268	-	4604	1.0	0.9980451781059948	0	1
HG01978_2	HG01978#2	TNXA	TNX	HG01978#2#CM089273.1:28354032-33630223	3619402	3624006	-	4604	1.0	0.9980451781059948	0	1
HG01978_2	HG01978#2	TNXA	TNX	HG01978#2#CM089273.1:28354032-33630223	3652135	3656858	-	4604	1.0	0.9688823031329382	0	1
HG01978_2	HG01978#2	TNXB	TNX	HG01978#2#CM089273.1:28354032-33630223	3652133	3720303	-	68186	1.0	0.9987536656891496	60	1
HG01978_2	HG01978#2	WHR1B	WHR1	HG01978#2#CM089273.1:28354032-33630223	3624252	3624770	+	518	1.0	0.9980694980694981	0	1
HG01978_2	HG01978#2	WHR1B	WHR1	HG01978#2#CM089273.1:28354032-33630223	3591514	3592032	+	518	1.0	0.9980694980694981	0	1
HG01978_2	HG01978#2	WHR1B	WHR1	HG01978#2#CM089273.1:28354032-33630223	3558823	3559341	+	518	1.0	0.9942084942084942	0	1
HG01981_1	HG01981#1	WHR1	WHR1	HG01981#1#JBHDRV010000009.1:28410315-33655950	3552965	3563237	+	10272	1.0	0.9992212596125767	60	1
HG01981_1	HG01981#1	CYP21A1P	CYP21	HG01981#1#JBHDRV010000009.1:28410315-33655950	3587426	3590700	+	3274	1.0	0.998167379352474	60	1
HG01981_1	HG01981#1	CYP21A1P	CYP21	HG01981#1#JBHDRV010000009.1:28410315-33655950	3620161	3623433	+	3274	1.0	0.976850441669205	0	1
HG01981_1	HG01981#1	CYP21A2	CYP21	HG01981#1#JBHDRV010000009.1:28410315-33655950	3620206	3623433	+	3230	1.0	0.996594427244582	60	1
HG01981_1	HG01981#1	CYP21A2	CYP21	HG01981#1#JBHDRV010000009.1:28410315-33655950	3587476	3590700	+	3230	0.9984520123839009	0.9780389730900093	0	1
HG01981_1	HG01981#1	TNXA	TNX	HG01981#1#JBHDRV010000009.1:28410315-33655950	3590210	3594814	-	4604	1.0	0.9980451781059948	60	1
HG01981_1	HG01981#1	TNXA	TNX	HG01981#1#JBHDRV010000009.1:28410315-33655950	3622943	3627666	-	4604	1.0	0.9693056731583404	0	1
HG01981_1	HG01981#1	TNXB	TNX	HG01981#1#JBHDRV010000009.1:28410315-33655950	3622941	3691119	-	68186	1.0	0.9986365435646323	60	1
HG01981_1	HG01981#1	WHR1B	WHR1	HG01981#1#JBHDRV010000009.1:28410315-33655950	3595060	3595578	+	518	1.0	0.9980694980694981	60	1
HG01981_1	HG01981#1	WHR1B	WHR1	HG01981#1#JBHDRV010000009.1:28410315-33655950	3562322	3562840	+	518	1.0	0.9942084942084942	0	1
HG01981_2	HG01981#2	WHR1	WHR1	HG01981#2#JBHDRW010000010.1:28410780-33681446	3545408	3555680	+	10272	1.0	0.9991239170641487	60	1
HG01981_2	HG01981#2	CYP21A1P	CYP21	HG01981#2#JBHDRW010000010.1:28410780-33681446	3579869	3583143	+	3274	1.0	0.998167379352474	0	1
HG01981_2	HG01981#2	CYP21A1P	CYP21	HG01981#2#JBHDRW010000010.1:28410780-33681446	3612607	3615881	+	3274	1.0	0.998167379352474	0	1
HG01981_2	HG01981#2	CYP21A1P	CYP21	HG01981#2#JBHDRW010000010.1:28410780-33681446	3645342	3648614	+	3274	1.0	0.977459640572647	0	1
HG01981_2	HG01981#2	CYP21A2	CYP21	HG01981#2#JBHDRW010000010.1:28410780-33681446	3645387	3648614	+	3230	1.0	0.9959752321981424	60	1
HG01981_2	HG01981#2	CYP21A2	CYP21	HG01981#2#JBHDRW010000010.1:28410780-33681446	3612657	3615881	+	3230	0.9984520123839009	0.9780389730900093	0	1
HG01981_2	HG01981#2	CYP21A2	CYP21	HG01981#2#JBHDRW010000010.1:28410780-33681446	3579919	3583143	+	3230	0.9984520123839009	0.9780389730900093	0	1
HG01981_2	HG01981#2	TNXA	TNX	HG01981#2#JBHDRW010000010.1:28410780-33681446	3582653	3587257	-	4604	1.0	0.9980451781059948	0	1
HG01981_2	HG01981#2	TNXA	TNX	HG01981#2#JBHDRW010000010.1:28410780-33681446	3615391	3619995	-	4604	1.0	0.9980451781059948	0	1
HG01981_2	HG01981#2	TNXA	TNX	HG01981#2#JBHDRW010000010.1:28410780-33681446	3648124	3652847	-	4604	1.0	0.9688823031329382	0	1
HG01981_2	HG01981#2	TNXB	TNX	HG01981#2#JBHDRW010000010.1:28410780-33681446	3648122	3716292	-	68186	1.0	0.9986218019206803	60	1
HG01981_2	HG01981#2	WHR1B	WHR1	HG01981#2#JBHDRW010000010.1:28410780-33681446	3587503	3588021	+	518	1.0	0.9980694980694981	0	1
HG01981_2	HG01981#2	WHR1B	WHR1	HG01981#2#JBHDRW010000010.1:28410780-33681446	3620241	3620759	+	518	1.0	0.9980694980694981	0	1
HG01981_2	HG01981#2	WHR1B	WHR1	HG01981#2#JBHDRW010000010.1:28410780-33681446	3554765	3555283	+	518	1.0	0.9942084942084942	0	1
HG01993_1	HG01993#1	WHR1	WHR1	HG01993#1#JBHDSL010000047.1:28406826-33615858	3611774	3622047	+	10272	1.0	0.9993186021610045	60	1
HG01993_1	HG01993#1	CYP21A1P	CYP21	HG01993#1#JBHDSL010000047.1:28406826-33615858	3646235	3649509	+	3274	1.0	0.9984728161270617	60	1
HG01993_1	HG01993#1	CYP21A1P	CYP21	HG01993#1#JBHDSL010000047.1:28406826-33615858	3672601	3675876	+	3274	1.0	0.977155041120926	0	1
HG01993_1	HG01993#1	CYP21A2	CYP21	HG01993#1#JBHDSL010000047.1:28406826-33615858	3672651	3675876	+	3230	0.9984520123839009	0.9984496124031008	60	1
HG01993_1	HG01993#1	CYP21A2	CYP21	HG01993#1#JBHDSL010000047.1:28406826-33615858	3646285	3649509	+	3230	0.9984520123839009	0.9777296628518404	0	1
HG01993_1	HG01993#1	TNXA	TNX	HG01993#1#JBHDSL010000047.1:28406826-33615858	3649019	3653623	-	4604	1.0	0.9980451781059948	60	1
HG01993_1	HG01993#1	TNXA	TNX	HG01993#1#JBHDSL010000047.1:28406826-33615858	3675386	3680109	-	4604	1.0	0.9701524132091448	0	1
HG01993_1	HG01993#1	TNXB	TNX	HG01993#1#JBHDSL010000047.1:28406826-33615858	3675384	3743577	-	68186	1.0	0.9991496349294784	60	1
HG01993_1	HG01993#1	WHR1B	WHR1	HG01993#1#JBHDSL010000047.1:28406826-33615858	3653869	3654387	+	518	1.0	0.9961389961389961	43	1
HG01993_1	HG01993#1	WHR1B	WHR1	HG01993#1#JBHDSL010000047.1:28406826-33615858	3621132	3621650	+	518	1.0	0.9942084942084942	0	1
HG01993_2	HG01993#2	WHR1	WHR1	HG01993#2#JBHDSM010000062.1:28431770-33594269	3560904	3571176	+	10272	1.0	0.9999026479750779	60	1
HG01993_2	HG01993#2	CYP21A1P	CYP21	HG01993#2#JBHDSM010000062.1:28431770-33594269	3595365	3598638	+	3274	1.0	0.9975565058032987	60	1
HG01993_2	HG01993#2	CYP21A1P	CYP21	HG01993#2#JBHDSM010000062.1:28431770-33594269	3621726	3625000	+	3274	1.0	0.9771480804387569	0	1
HG01993_2	HG01993#2	CYP21A2	CYP21	HG01993#2#JBHDSM010000062.1:28431770-33594269	3621771	3625000	+	3230	1.0	0.9981424148606811	60	1
HG01993_2	HG01993#2	CYP21A2	CYP21	HG01993#2#JBHDSM010000062.1:28431770-33594269	3595410	3598638	+	3230	1.0	0.9777640518838789	0	1
HG01993_2	HG01993#2	TNXA	TNX	HG01993#2#JBHDSM010000062.1:28431770-33594269	3598148	3602752	-	4604	1.0	0.9976107732406603	53	1
HG01993_2	HG01993#2	TNXA	TNX	HG01993#2#JBHDSM010000062.1:28431770-33594269	3624510	3629233	-	4604	1.0	0.9703640982218459	0	1
HG01993_2	HG01993#2	TNXB	TNX	HG01993#2#JBHDSM010000062.1:28431770-33594269	3624508	3692707	-	68186	1.0	0.9991643454038998	60	1
HG01993_2	HG01993#2	WHR1B	WHR1	HG01993#2#JBHDSM010000062.1:28431770-33594269	3602998	3603516	+	518	1.0	0.9961389961389961	43	1
HG01993_2	HG01993#2	WHR1B	WHR1	HG01993#2#JBHDSM010000062.1:28431770-33594269	3570261	3570779	+	518	1.0	0.9942084942084942	0	1
HG02004_1	HG02004#1	WHR1	WHR1	HG02004#1#JBHDRT010000003.1:28425702-33656904	3549735	3560007	+	10272	1.0	0.9994158878504673	60	1
HG02004_1	HG02004#1	CYP21A1P	CYP21	HG02004#1#JBHDRT010000003.1:28425702-33656904	3577829	3581103	+	3274	1.0	0.9969456322541234	60	1
HG02004_1	HG02004#1	CYP21A1P	CYP21	HG02004#1#JBHDRT010000003.1:28425702-33656904	3604196	3607471	+	3274	1.0	0.977155041120926	0	1
HG02004_1	HG02004#1	CYP21A2	CYP21	HG02004#1#JBHDRT010000003.1:28425702-33656904	3604241	3607471	+	3230	1.0	0.9975232198142415	60	1
HG02004_1	HG02004#1	CYP21A2	CYP21	HG02004#1#JBHDRT010000003.1:28425702-33656904	3577879	3581103	+	3230	0.9984520123839009	0.9768017321373338	0	1
HG02004_1	HG02004#1	TNXA	TNX	HG02004#1#JBHDRT010000003.1:28425702-33656904	3580613	3585217	-	4604	1.0	0.9978279756733276	60	1
HG02004_1	HG02004#1	TNXA	TNX	HG02004#1#JBHDRT010000003.1:28425702-33656904	3606981	3611704	-	4604	1.0	0.9701524132091448	0	1
HG02004_1	HG02004#1	TNXB	TNX	HG02004#1#JBHDRT010000003.1:28425702-33656904	3606979	3675175	-	68186	1.0	0.9993108908568412	60	1
HG02004_1	HG02004#1	WHR1B	WHR1	HG02004#1#JBHDRT010000003.1:28425702-33656904	3585463	3585981	+	518	1.0	0.9980694980694981	60	1
HG02004_1	HG02004#1	WHR1B	WHR1	HG02004#1#JBHDRT010000003.1:28425702-33656904	3559092	3559610	+	518	1.0	0.9942084942084942	0	1
HG02004_2	HG02004#2	WHR1	WHR1	HG02004#2#JBHDRU010000054.1:28359862-33635123	3548027	3558299	+	10272	1.0	0.9991239170641487	60	1
HG02004_2	HG02004#2	CYP21A1P	CYP21	HG02004#2#JBHDRU010000054.1:28359862-33635123	3582488	3585762	+	3274	1.0	0.998167379352474	0	1
HG02004_2	HG02004#2	CYP21A1P	CYP21	HG02004#2#JBHDRU010000054.1:28359862-33635123	3615226	3618500	+	3274	1.0	0.998167379352474	0	1
HG02004_2	HG02004#2	CYP21A1P	CYP21	HG02004#2#JBHDRU010000054.1:28359862-33635123	3647961	3651233	+	3274	1.0	0.977459640572647	0	1
HG02004_2	HG02004#2	CYP21A2	CYP21	HG02004#2#JBHDRU010000054.1:28359862-33635123	3648006	3651233	+	3230	1.0	0.9959752321981424	60	1
HG02004_2	HG02004#2	CYP21A2	CYP21	HG02004#2#JBHDRU010000054.1:28359862-33635123	3615276	3618500	+	3230	0.9984520123839009	0.9780389730900093	0	1
HG02004_2	HG02004#2	CYP21A2	CYP21	HG02004#2#JBHDRU010000054.1:28359862-33635123	3582538	3585762	+	3230	0.9984520123839009	0.9780389730900093	0	1
HG02004_2	HG02004#2	TNXA	TNX	HG02004#2#JBHDRU010000054.1:28359862-33635123	3618010	3622614	-	4604	1.0	0.998262380538662	4	1
HG02004_2	HG02004#2	TNXA	TNX	HG02004#2#JBHDRU010000054.1:28359862-33635123	3585272	3589876	-	4604	1.0	0.9980451781059948	0	1
HG02004_2	HG02004#2	TNXA	TNX	HG02004#2#JBHDRU010000054.1:28359862-33635123	3650743	3655466	-	4604	1.0	0.9688823031329382	0	1
HG02004_2	HG02004#2	TNXB	TNX	HG02004#2#JBHDRU010000054.1:28359862-33635123	3650741	3718907	-	68186	1.0	0.9988269106692474	60	1
HG02004_2	HG02004#2	WHR1B	WHR1	HG02004#2#JBHDRU010000054.1:28359862-33635123	3622860	3623378	+	518	1.0	0.9980694980694981	0	1
HG02004_2	HG02004#2	WHR1B	WHR1	HG02004#2#JBHDRU010000054.1:28359862-33635123	3590122	3590640	+	518	1.0	0.9980694980694981	0	1
HG02004_2	HG02004#2	WHR1B	WHR1	HG02004#2#JBHDRU010000054.1:28359862-33635123	3557384	3557902	+	518	1.0	0.9942084942084942	0	1
HG02015_1	HG02015#1	WHR1	WHR1	HG02015#1#CM085893.1:28402846-33586394	3554005	3564276	+	10272	1.0	0.9987345468704371	60	1
HG02015_1	HG02015#1	CYP21A1P	CYP21	HG02015#1#CM085893.1:28402846-33586394	3614835	3618109	+	3274	1.0	0.998167379352474	0	1
HG02015_1	HG02015#1	CYP21A1P	CYP21	HG02015#1#CM085893.1:28402846-33586394	3588465	3591739	+	3274	1.0	0.998167379352474	0	1
HG02015_1	HG02015#1	CYP21A1P	CYP21	HG02015#1#CM085893.1:28402846-33586394	3641202	3644476	+	3274	1.0	0.9768433881779403	0	1
HG02015_1	HG02015#1	CYP21A2	CYP21	HG02015#1#CM085893.1:28402846-33586394	3641247	3644476	+	3230	1.0	0.9981424148606811	60	1
HG02015_1	HG02015#1	CYP21A2	CYP21	HG02015#1#CM085893.1:28402846-33586394	3614885	3618109	+	3230	0.9984520123839009	0.9786575935663471	0	1
HG02015_1	HG02015#1	CYP21A2	CYP21	HG02015#1#CM085893.1:28402846-33586394	3588515	3591739	+	3230	0.9984520123839009	0.9786575935663471	0	1
HG02015_1	HG02015#1	TNXA	TNX	HG02015#1#CM085893.1:28402846-33586394	3617619	3622223	-	4604	1.0	0.996524761077324	0	1
HG02015_1	HG02015#1	TNXA	TNX	HG02015#1#CM085893.1:28402846-33586394	3591249	3595853	-	4604	1.0	0.996524761077324	0	1
HG02015_1	HG02015#1	TNXA	TNX	HG02015#1#CM085893.1:28402846-33586394	3643986	3648709	-	4604	1.0	0.970575783234547	0	1
HG02015_1	HG02015#1	TNXB	TNX	HG02015#1#CM085893.1:28402846-33586394	3643984	3712167	-	68186	1.0	0.9992375254769131	60	1
HG02015_1	HG02015#1	WHR1B	WHR1	HG02015#1#CM085893.1:28402846-33586394	3622469	3622987	+	518	1.0	0.9980694980694981	0	1
HG02015_1	HG02015#1	WHR1B	WHR1	HG02015#1#CM085893.1:28402846-33586394	3596099	3596617	+	518	1.0	0.9980694980694981	0	1
HG02015_1	HG02015#1	WHR1B	WHR1	HG02015#1#CM085893.1:28402846-33586394	3563361	3563879	+	518	1.0	0.9922779922779923	0	1
HG02015_2	HG02015#2	WHR1	WHR1	HG02015#2#CM085899.1:28383446-33717143	3623873	3634144	+	10272	1.0	0.9989292319672929	60	1
HG02015_2	HG02015#2	CYP21A1P	CYP21	HG02015#2#CM085899.1:28383446-33717143	3658331	3661607	+	3274	1.0	0.9808102345415778	60	1
HG02015_2	HG02015#2	CYP21A1P	CYP21	HG02015#2#CM085899.1:28383446-33717143	3691068	3694340	+	3274	1.0	0.977155041120926	0	1
HG02015_2	HG02015#2	CYP21A2	CYP21	HG02015#2#CM085899.1:28383446-33717143	3691113	3694340	+	3230	1.0	0.9972136222910216	60	1
HG02015_2	HG02015#2	CYP21A2	CYP21	HG02015#2#CM085899.1:28383446-33717143	3658376	3661607	+	3230	1.0	0.9947384710615909	0	1
HG02015_2	HG02015#2	TNXA	TNX	HG02015#2#CM085899.1:28383446-33717143	3661117	3665721	-	4604	1.0	0.9978279756733276	60	1
HG02015_2	HG02015#2	TNXA	TNX	HG02015#2#CM085899.1:28383446-33717143	3693850	3698573	-	4604	1.0	0.9686706181202371	0	1
HG02015_2	HG02015#2	TNXB	TNX	HG02015#2#CM085899.1:28383446-33717143	3693848	3762036	-	68186	1.0	0.9989443124835049	60	1
HG02015_2	HG02015#2	WHR1B	WHR1	HG02015#2#CM085899.1:28383446-33717143	3665967	3666485	+	518	1.0	0.9980694980694981	60	1
HG02015_2	HG02015#2	WHR1B	WHR1	HG02015#2#CM085899.1:28383446-33717143	3633229	3633747	+	518	1.0	0.9922779922779923	0	1
HG02027_1	HG02027#1	WHR1	WHR1	HG02027#1#JBHDTX010000002.1:1623368-6786940	3557755	3568026	+	10272	1.0	0.9989292319672929	60	1
HG02027_1	HG02027#1	CYP21A1P	CYP21	HG02027#1#JBHDTX010000002.1:1623368-6786940	3592215	3595489	+	3274	1.0	0.9987782529016493	0	1
HG02027_1	HG02027#1	CYP21A1P	CYP21	HG02027#1#JBHDTX010000002.1:1623368-6786940	3624953	3628227	+	3274	1.0	0.9987782529016493	0	1
HG02027_1	HG02027#1	CYP21A1P	CYP21	HG02027#1#JBHDTX010000002.1:1623368-6786940	3651320	3654594	+	3274	1.0	0.9768433881779403	0	1
HG02027_1	HG02027#1	CYP21A2	CYP21	HG02027#1#JBHDTX010000002.1:1623368-6786940	3651365	3654594	+	3230	1.0	0.9981424148606811	60	1
HG02027_1	HG02027#1	CYP21A2	CYP21	HG02027#1#JBHDTX010000002.1:1623368-6786940	3592265	3595489	+	3230	0.9984520123839009	0.9780389730900093	0	1
HG02027_1	HG02027#1	CYP21A2	CYP21	HG02027#1#JBHDTX010000002.1:1623368-6786940	3625003	3628227	+	3230	0.9984520123839009	0.9780389730900093	0	1
HG02027_1	HG02027#1	TNXA	TNX	HG02027#1#JBHDTX010000002.1:1623368-6786940	3627737	3632341	-	4604	1.0	0.9963075586446568	4	1
HG02027_1	HG02027#1	TNXA	TNX	HG02027#1#JBHDTX010000002.1:1623368-6786940	3594999	3599603	-	4604	1.0	0.9960903562119896	0	1
HG02027_1	HG02027#1	TNXA	TNX	HG02027#1#JBHDTX010000002.1:1623368-6786940	3654104	3658827	-	4604	1.0	0.9699407281964437	0	1
HG02027_1	HG02027#1	TNXB	TNX	HG02027#1#JBHDTX010000002.1:1623368-6786940	3654102	3722288	-	68186	1.0	0.999340166278098	60	1
HG02027_1	HG02027#1	WHR1B	WHR1	HG02027#1#JBHDTX010000002.1:1623368-6786940	3632587	3633105	+	518	1.0	0.9980694980694981	0	1
HG02027_1	HG02027#1	WHR1B	WHR1	HG02027#1#JBHDTX010000002.1:1623368-6786940	3599849	3600367	+	518	1.0	0.9980694980694981	0	1
HG02027_1	HG02027#1	WHR1B	WHR1	HG02027#1#JBHDTX010000002.1:1623368-6786940	3567111	3567629	+	518	1.0	0.9922779922779923	0	1
HG02027_2	HG02027#2	WHR1	WHR1	HG02027#2#JBHDTY010000008.1:1623003-6755193	3554543	3564810	+	10272	1.0	0.9983451766767254	60	1
HG02027_2	HG02027#2	CYP21A1P	CYP21	HG02027#2#JBHDTY010000008.1:1623003-6755193	3588999	3592272	+	3274	1.0	0.9972510690287111	60	1
HG02027_2	HG02027#2	CYP21A1P	CYP21	HG02027#2#JBHDTY010000008.1:1623003-6755193	3615365	3618640	+	3274	1.0	0.976850441669205	0	1
HG02027_2	HG02027#2	CYP21A2	CYP21	HG02027#2#JBHDTY010000008.1:1623003-6755193	3615410	3618640	+	3230	1.0	0.9972136222910216	60	1
HG02027_2	HG02027#2	CYP21A2	CYP21	HG02027#2#JBHDTY010000008.1:1623003-6755193	3589049	3592272	+	3230	0.9984520123839009	0.9771110423755026	0	1
HG02027_2	HG02027#2	TNXA	TNX	HG02027#2#JBHDTY010000008.1:1623003-6755193	3591782	3596386	-	4604	1.0	0.9963075586446568	60	1
HG02027_2	HG02027#2	TNXA	TNX	HG02027#2#JBHDTY010000008.1:1623003-6755193	3618150	3622874	-	4604	1.0	0.9686706181202371	0	1
HG02027_2	HG02027#2	TNXB	TNX	HG02027#2#JBHDTY010000008.1:1623003-6755193	3618148	3686311	-	68186	1.0	0.9982405981966131	60	1
HG02027_2	HG02027#2	WHR1B	WHR1	HG02027#2#JBHDTY010000008.1:1623003-6755193	3563895	3564413	+	518	1.0	0.9942084942084942	0	1
HG02027_2	HG02027#2	WHR1B	WHR1	HG02027#2#JBHDTY010000008.1:1623003-6755193	3596632	3597150	+	518	1.0	0.9942084942084942	0	1
HG02040_1	HG02040#1	WHR1	WHR1	HG02040#1#CM087376.1:28407779-33615862	3618871	3629135	+	10272	1.0	0.9981504915798696	60	1
HG02040_1	HG02040#1	CYP21A1P	CYP21	HG02040#1#CM087376.1:28407779-33615862	3653324	3656598	+	3274	1.0	0.9969456322541234	60	1
HG02040_1	HG02040#1	CYP21A1P	CYP21	HG02040#1#CM087376.1:28407779-33615862	3679690	3682965	+	3274	1.0	0.977459640572647	0	1
HG02040_1	HG02040#1	CYP21A2	CYP21	HG02040#1#CM087376.1:28407779-33615862	3679735	3682965	+	3230	1.0	0.9975232198142415	60	1
HG02040_1	HG02040#1	CYP21A2	CYP21	HG02040#1#CM087376.1:28407779-33615862	3653374	3656598	+	3230	0.9984520123839009	0.9786575935663471	0	1
HG02040_1	HG02040#1	TNXA	TNX	HG02040#1#CM087376.1:28407779-33615862	3656108	3660712	-	4604	1.0	0.9963075586446568	49	1
HG02040_1	HG02040#1	TNXA	TNX	HG02040#1#CM087376.1:28407779-33615862	3682475	3687198	-	4604	1.0	0.9693056731583404	0	1
HG02040_1	HG02040#1	TNXB	TNX	HG02040#1#CM087376.1:28407779-33615862	3682473	3750653	-	68186	1.0	0.9989295559856883	60	1
HG02040_1	HG02040#1	WHR1B	WHR1	HG02040#1#CM087376.1:28407779-33615862	3660958	3661476	+	518	1.0	0.9961389961389961	60	1
HG02040_1	HG02040#1	WHR1B	WHR1	HG02040#1#CM087376.1:28407779-33615862	3628223	3628738	+	518	1.0	0.9884169884169884	0	1
HG02040_2	HG02040#2	WHR1	WHR1	HG02040#2#CM087404.1:28421077-33661960	3553297	3563569	+	10272	1.0	0.9999026479750779	60	1
HG02040_2	HG02040#2	CYP21A1P	CYP21	HG02040#2#CM087404.1:28421077-33661960	3587757	3591030	+	3274	1.0	0.9978619425778864	60	1
HG02040_2	HG02040#2	CYP21A1P	CYP21	HG02040#2#CM087404.1:28421077-33661960	3614118	3617392	+	3274	1.0	0.9771480804387569	0	1
HG02040_2	HG02040#2	CYP21A2	CYP21	HG02040#2#CM087404.1:28421077-33661960	3614163	3617392	+	3230	1.0	0.9981424148606811	60	1
HG02040_2	HG02040#2	CYP21A2	CYP21	HG02040#2#CM087404.1:28421077-33661960	3587802	3591030	+	3230	1.0	0.9774552192711551	0	1
HG02040_2	HG02040#2	TNXA	TNX	HG02040#2#CM087404.1:28421077-33661960	3590540	3595144	-	4604	1.0	0.9978279756733276	60	1
HG02040_2	HG02040#2	TNXA	TNX	HG02040#2#CM087404.1:28421077-33661960	3616902	3621625	-	4604	1.0	0.9697290431837426	0	1
HG02040_2	HG02040#2	TNXB	TNX	HG02040#2#CM087404.1:28421077-33661960	3616900	3685097	-	68186	1.0	0.9988418969434875	60	1
HG02040_2	HG02040#2	WHR1B	WHR1	HG02040#2#CM087404.1:28421077-33661960	3595390	3595908	+	518	1.0	0.9961389961389961	43	1
HG02040_2	HG02040#2	WHR1B	WHR1	HG02040#2#CM087404.1:28421077-33661960	3562654	3563172	+	518	1.0	0.9942084942084942	0	1
HG02055_1	HG02055#1	WHR1	WHR1	HG02055#1#JAHEPK020000065.1:28422841-33550861	3618701	3628973	+	10272	1.0	0.9996105919003115	60	1
HG02055_1	HG02055#1	CYP21A1P	CYP21	HG02055#1#JAHEPK020000065.1:28422841-33550861	3653163	3656437	+	3274	1.0	0.9966401954795358	60	1
HG02055_1	HG02055#1	CYP21A1P	CYP21	HG02055#1#JAHEPK020000065.1:28422841-33550861	3679530	3682805	+	3274	1.0	0.977155041120926	0	1
HG02055_1	HG02055#1	CYP21A2	CYP21	HG02055#1#JAHEPK020000065.1:28422841-33550861	3679575	3682805	+	3230	1.0	0.9981424148606811	60	1
HG02055_1	HG02055#1	CYP21A2	CYP21	HG02055#1#JAHEPK020000065.1:28422841-33550861	3653213	3656437	+	3230	0.9984520123839009	0.9777296628518404	0	1
HG02055_1	HG02055#1	TNXA	TNX	HG02055#1#JAHEPK020000065.1:28422841-33550861	3655947	3660551	-	4604	1.0	0.9973935708079931	42	1
HG02055_1	HG02055#1	TNXA	TNX	HG02055#1#JAHEPK020000065.1:28422841-33550861	3682315	3687038	-	4604	1.0	0.970575783234547	0	1
HG02055_1	HG02055#1	TNXB	TNX	HG02055#1#JAHEPK020000065.1:28422841-33550861	3682313	3750494	-	68186	1.0	0.9994720710944259	60	1
HG02055_1	HG02055#1	WHR1B	WHR1	HG02055#1#JAHEPK020000065.1:28422841-33550861	3660797	3661315	+	518	1.0	0.9980694980694981	34	1
HG02055_1	HG02055#1	WHR1B	WHR1	HG02055#1#JAHEPK020000065.1:28422841-33550861	3628058	3628576	+	518	1.0	0.9961389961389961	0	1
HG02055_2	HG02055#2	WHR1	WHR1	HG02055#2#JAHEPJ020000062.1:28297948-33346879	3504905	3515178	+	10272	1.0	0.9995132872578604	60	1
HG02055_2	HG02055#2	CYP21A1P	CYP21	HG02055#2#JAHEPJ020000062.1:28297948-33346879	3539365	3542640	+	3274	1.0	0.977459640572647	60	1
HG02055_2	HG02055#2	CYP21A2	CYP21	HG02055#2#JAHEPJ020000062.1:28297948-33346879	3539410	3542640	+	3230	1.0	0.9981424148606811	60	1
HG02055_2	HG02055#2	TNXA	TNX	HG02055#2#JAHEPJ020000062.1:28297948-33346879	3542150	3546873	-	4604	1.0	0.9699407281964437	60	1
HG02055_2	HG02055#2	TNXB	TNX	HG02055#2#JAHEPJ020000062.1:28297948-33346879	3542148	3610303	-	68186	1.0	0.9991934182932731	60	1
HG02055_2	HG02055#2	WHR1B	WHR1	HG02055#2#JAHEPJ020000062.1:28297948-33346879	3514263	3514781	+	518	1.0	0.9961389961389961	60	1
HG02056_1	HG02056#1	WHR1	WHR1	HG02056#1#JBHDVC010000047.1:28415946-33618338	3621047	3631318	+	10272	1.0	0.9989292319672929	60	1
HG02056_1	HG02056#1	CYP21A1P	CYP21	HG02056#1#JBHDVC010000047.1:28415946-33618338	3655505	3658781	+	3274	1.0	0.9802010356381359	60	1
HG02056_1	HG02056#1	CYP21A1P	CYP21	HG02056#1#JBHDVC010000047.1:28415946-33618338	3688242	3691514	+	3274	1.0	0.977155041120926	0	1
HG02056_1	HG02056#1	CYP21A2	CYP21	HG02056#1#JBHDVC010000047.1:28415946-33618338	3688287	3691514	+	3230	1.0	0.996594427244582	60	1
HG02056_1	HG02056#1	CYP21A2	CYP21	HG02056#1#JBHDVC010000047.1:28415946-33618338	3655550	3658781	+	3230	1.0	0.9944289693593314	0	1
HG02056_1	HG02056#1	TNXA	TNX	HG02056#1#JBHDVC010000047.1:28415946-33618338	3658291	3662895	-	4604	1.0	0.9978279756733276	60	1
HG02056_1	HG02056#1	TNXA	TNX	HG02056#1#JBHDVC010000047.1:28415946-33618338	3691024	3695747	-	4604	1.0	0.9690939881456393	0	1
HG02056_1	HG02056#1	TNXB	TNX	HG02056#1#JBHDVC010000047.1:28415946-33618338	3691022	3759206	-	68186	1.0	0.9986365635537311	60	1
HG02056_1	HG02056#1	WHR1B	WHR1	HG02056#1#JBHDVC010000047.1:28415946-33618338	3663141	3663659	+	518	1.0	0.9980694980694981	60	1
HG02056_1	HG02056#1	WHR1B	WHR1	HG02056#1#JBHDVC010000047.1:28415946-33618338	3630403	3630921	+	518	1.0	0.9922779922779923	0	1
HG02056_2	HG02056#2	WHR1	WHR1	HG02056#2#JBHDVD010000050.1:28353386-33462193	3527996	3538268	+	10272	1.0	1.0	60	1
HG02056_2	HG02056#2	CYP21A1P	CYP21	HG02056#2#JBHDVD010000050.1:28353386-33462193	3562457	3565731	+	3274	1.0	1.0	60	1
HG02056_2	HG02056#2	CYP21A1P	CYP21	HG02056#2#JBHDVD010000050.1:28353386-33462193	3595191	3598466	+	3274	1.0	0.9783734389278099	0	1
HG02056_2	HG02056#2	CYP21A2	CYP21	HG02056#2#JBHDVD010000050.1:28353386-33462193	3595236	3598466	+	3230	1.0	0.9993808049535604	60	1
HG02056_2	HG02056#2	CYP21A2	CYP21	HG02056#2#JBHDVD010000050.1:28353386-33462193	3562507	3565731	+	3230	0.9984520123839009	0.9780389730900093	0	1
HG02056_2	HG02056#2	TNXA	TNX	HG02056#2#JBHDVD010000050.1:28353386-33462193	3565241	3569845	-	4604	1.0	0.9997827975673328	60	1
HG02056_2	HG02056#2	TNXA	TNX	HG02056#2#JBHDVD010000050.1:28353386-33462193	3597976	3602699	-	4604	1.0	0.9703640982218459	0	1
HG02056_2	HG02056#2	TNXB	TNX	HG02056#2#JBHDVD010000050.1:28353386-33462193	3597974	3666166	-	68186	1.0	0.9995894488350611	60	1
HG02056_2	HG02056#2	WHR1B	WHR1	HG02056#2#JBHDVD010000050.1:28353386-33462193	3570091	3570609	+	518	1.0	1.0	60	1
HG02056_2	HG02056#2	WHR1B	WHR1	HG02056#2#JBHDVD010000050.1:28353386-33462193	3537353	3537871	+	518	1.0	0.9942084942084942	0	1
HG02071_1	HG02071#1	WHR1	WHR1	HG02071#1#CM088260.1:28423541-33557862	3553479	3563751	+	10272	1.0	0.9991239170641487	60	1
HG02071_1	HG02071#1	CYP21A1P	CYP21	HG02071#1#CM088260.1:28423541-33557862	3587940	3591214	+	3274	1.0	0.9978619425778864	60	1
HG02071_1	HG02071#1	CYP21A1P	CYP21	HG02071#1#CM088260.1:28423541-33557862	3620675	3623947	+	3274	1.0	0.9783734389278099	0	1
HG02071_1	HG02071#1	CYP21A2	CYP21	HG02071#1#CM088260.1:28423541-33557862	3620720	3623947	+	3230	1.0	0.9953560371517027	60	1
HG02071_1	HG02071#1	CYP21A2	CYP21	HG02071#1#CM088260.1:28423541-33557862	3587990	3591214	+	3230	0.9984520123839009	0.9777296628518404	0	1
HG02071_1	HG02071#1	TNXA	TNX	HG02071#1#CM088260.1:28423541-33557862	3590724	3595328	-	4604	1.0	0.9976107732406603	60	1
HG02071_1	HG02071#1	TNXA	TNX	HG02071#1#CM088260.1:28423541-33557862	3623457	3628180	-	4604	1.0	0.9690939881456393	0	1
HG02071_1	HG02071#1	TNXB	TNX	HG02071#1#CM088260.1:28423541-33557862	3623455	3691628	-	68186	1.0	0.9989002287524195	60	1
HG02071_1	HG02071#1	WHR1B	WHR1	HG02071#1#CM088260.1:28423541-33557862	3595574	3596092	+	518	1.0	0.9980694980694981	60	1
HG02071_1	HG02071#1	WHR1B	WHR1	HG02071#1#CM088260.1:28423541-33557862	3562836	3563354	+	518	1.0	0.9942084942084942	0	1
HG02071_2	HG02071#2	WHR1	WHR1	HG02071#2#CM088283.1:28360932-33442152	3507010	3517282	+	10272	1.0	0.9995132398753894	60	1
HG02071_2	HG02071#2	CYP21A1P	CYP21	HG02071#2#CM088283.1:28360932-33442152	3541469	3544743	+	3274	1.0	0.9969456322541234	60	1
HG02071_2	HG02071#2	CYP21A1P	CYP21	HG02071#2#CM088283.1:28360932-33442152	3567836	3571111	+	3274	1.0	0.9777642400243679	0	1
HG02071_2	HG02071#2	CYP21A2	CYP21	HG02071#2#CM088283.1:28360932-33442152	3567881	3571111	+	3230	1.0	0.9969040247678018	60	1
HG02071_2	HG02071#2	CYP21A2	CYP21	HG02071#2#CM088283.1:28360932-33442152	3541519	3544743	+	3230	0.9984520123839009	0.9768017321373338	0	1
HG02071_2	HG02071#2	TNXA	TNX	HG02071#2#CM088283.1:28360932-33442152	3544253	3548857	-	4604	1.0	0.9980451781059948	60	1
HG02071_2	HG02071#2	TNXA	TNX	HG02071#2#CM088283.1:28360932-33442152	3570621	3575344	-	4604	1.0	0.9701524132091448	0	1
HG02071_2	HG02071#2	TNXB	TNX	HG02071#2#CM088283.1:28360932-33442152	3570619	3638795	-	68186	1.0	0.9995013785416789	60	1
HG02071_2	HG02071#2	WHR1B	WHR1	HG02071#2#CM088283.1:28360932-33442152	3549103	3549621	+	518	1.0	0.9980694980694981	34	1
HG02071_2	HG02071#2	WHR1B	WHR1	HG02071#2#CM088283.1:28360932-33442152	3516367	3516885	+	518	1.0	0.9961389961389961	0	1
HG02074_1	HG02074#1	WHR1	WHR1	HG02074#1#JBHIGK010000076.1:28344776-33475569	3552159	3562431	+	10272	1.0	0.9999026479750779	60	1
HG02074_1	HG02074#1	CYP21A1P	CYP21	HG02074#1#JBHIGK010000076.1:28344776-33475569	3586619	3589892	+	3274	1.0	0.9978619425778864	60	1
HG02074_1	HG02074#1	CYP21A1P	CYP21	HG02074#1#JBHIGK010000076.1:28344776-33475569	3612980	3616254	+	3274	1.0	0.9771480804387569	0	1
HG02074_1	HG02074#1	CYP21A2	CYP21	HG02074#1#JBHIGK010000076.1:28344776-33475569	3613025	3616254	+	3230	1.0	0.9981424148606811	60	1
HG02074_1	HG02074#1	CYP21A2	CYP21	HG02074#1#JBHIGK010000076.1:28344776-33475569	3586664	3589892	+	3230	1.0	0.9774552192711551	0	1
HG02074_1	HG02074#1	TNXA	TNX	HG02074#1#JBHIGK010000076.1:28344776-33475569	3589402	3594006	-	4604	1.0	0.9978279756733276	60	1
HG02074_1	HG02074#1	TNXA	TNX	HG02074#1#JBHIGK010000076.1:28344776-33475569	3615764	3620487	-	4604	1.0	0.9695173581710415	0	1
HG02074_1	HG02074#1	TNXB	TNX	HG02074#1#JBHIGK010000076.1:28344776-33475569	3615762	3683956	-	68186	1.0	0.998871149814546	60	1
HG02074_1	HG02074#1	WHR1B	WHR1	HG02074#1#JBHIGK010000076.1:28344776-33475569	3594252	3594770	+	518	1.0	0.9961389961389961	43	1
HG02074_1	HG02074#1	WHR1B	WHR1	HG02074#1#JBHIGK010000076.1:28344776-33475569	3561516	3562034	+	518	1.0	0.9942084942084942	0	1
HG02074_2	HG02074#2	WHR1	WHR1	HG02074#2#JBHIGL010000008.1:28378730-33632643	3559932	3570204	+	10272	1.0	0.9991239170641487	60	1
HG02074_2	HG02074#2	CYP21A1P	CYP21	HG02074#2#JBHIGL010000008.1:28378730-33632643	3594393	3597667	+	3274	1.0	0.998167379352474	60	1
HG02074_2	HG02074#2	CYP21A1P	CYP21	HG02074#2#JBHIGL010000008.1:28378730-33632643	3627128	3630402	+	3274	1.0	0.9771480804387569	0	1
HG02074_2	HG02074#2	CYP21A2	CYP21	HG02074#2#JBHIGL010000008.1:28378730-33632643	3627173	3630402	+	3230	1.0	0.9981424148606811	60	1
HG02074_2	HG02074#2	CYP21A2	CYP21	HG02074#2#JBHIGL010000008.1:28378730-33632643	3594443	3597667	+	3230	0.9984520123839009	0.9780389730900093	0	1
HG02074_2	HG02074#2	TNXA	TNX	HG02074#2#JBHIGL010000008.1:28378730-33632643	3597177	3601781	-	4604	1.0	0.998262380538662	60	1
HG02074_2	HG02074#2	TNXA	TNX	HG02074#2#JBHIGL010000008.1:28378730-33632643	3629912	3634635	-	4604	1.0	0.9695173581710415	0	1
HG02074_2	HG02074#2	TNXB	TNX	HG02074#2#JBHIGL010000008.1:28378730-33632643	3629910	3698111	-	68186	1.0	0.9987686534345774	60	1
HG02074_2	HG02074#2	WHR1B	WHR1	HG02074#2#JBHIGL010000008.1:28378730-33632643	3602027	3602545	+	518	1.0	0.9980694980694981	60	1
HG02074_2	HG02074#2	WHR1B	WHR1	HG02074#2#JBHIGL010000008.1:28378730-33632643	3569289	3569807	+	518	1.0	0.9942084942084942	0	1
HG02080_1	HG02080#1	WHR1	WHR1	HG02080#1#CM092061.1:28425542-33593192	3623313	3633586	+	10272	1.0	0.9995132872578604	60	1
HG02080_1	HG02080#1	CYP21A1P	CYP21	HG02080#1#CM092061.1:28425542-33593192	3657773	3661048	+	3274	1.0	0.977459640572647	60	1
HG02080_1	HG02080#1	CYP21A2	CYP21	HG02080#1#CM092061.1:28425542-33593192	3657818	3661048	+	3230	1.0	0.9981424148606811	60	1
HG02080_1	HG02080#1	TNXA	TNX	HG02080#1#CM092061.1:28425542-33593192	3660558	3665281	-	4604	1.0	0.9699407281964437	60	1
HG02080_1	HG02080#1	TNXB	TNX	HG02080#1#CM092061.1:28425542-33593192	3660556	3728710	-	68186	1.0	0.99920807180149	60	1
HG02080_1	HG02080#1	WHR1B	WHR1	HG02080#1#CM092061.1:28425542-33593192	3632671	3633189	+	518	1.0	0.9961389961389961	60	1
HG02080_2	HG02080#2	WHR1	WHR1	HG02080#2#CM092047.1:28460929-33706794	3550711	3560981	+	10272	1.0	0.9993185358255452	60	1
HG02080_2	HG02080#2	CYP21A1P	CYP21	HG02080#2#CM092047.1:28460929-33706794	3585172	3588446	+	3274	1.0	0.9972510690287111	60	1
HG02080_2	HG02080#2	CYP21A1P	CYP21	HG02080#2#CM092047.1:28460929-33706794	3611539	3614814	+	3274	1.0	0.978982637831252	0	1
HG02080_2	HG02080#2	CYP21A2	CYP21	HG02080#2#CM092047.1:28460929-33706794	3611584	3614814	+	3230	1.0	0.9962848297213622	60	1
HG02080_2	HG02080#2	CYP21A2	CYP21	HG02080#2#CM092047.1:28460929-33706794	3585222	3588446	+	3230	0.9984520123839009	0.9777296628518404	0	1
HG02080_2	HG02080#2	TNXA	TNX	HG02080#2#CM092047.1:28460929-33706794	3587956	3592560	-	4604	1.0	0.9967419635099913	4	1
HG02080_2	HG02080#2	TNXA	TNX	HG02080#2#CM092047.1:28460929-33706794	3614324	3619048	-	4604	1.0	0.9714225232853514	0	1
HG02080_2	HG02080#2	TNXB	TNX	HG02080#2#CM092047.1:28460929-33706794	3614322	3682467	-	68186	1.0	0.9983283967271768	60	1
HG02080_2	HG02080#2	WHR1B	WHR1	HG02080#2#CM092047.1:28460929-33706794	3592806	3593324	+	518	1.0	0.9980694980694981	60	1
HG02080_2	HG02080#2	WHR1B	WHR1	HG02080#2#CM092047.1:28460929-33706794	3560066	3560584	+	518	1.0	0.9942084942084942	0	1
HG02083_1	HG02083#1	WHR1	WHR1	HG02083#1#JBHDTV010000048.1:28371858-33537852	3553644	3563916	+	10272	1.0	0.9991239170641487	60	1
HG02083_1	HG02083#1	CYP21A1P	CYP21	HG02083#1#JBHDTV010000048.1:28371858-33537852	3588105	3591379	+	3274	1.0	0.998167379352474	0	1
HG02083_1	HG02083#1	CYP21A1P	CYP21	HG02083#1#JBHDTV010000048.1:28371858-33537852	3620843	3624117	+	3274	1.0	0.998167379352474	0	1
HG02083_1	HG02083#1	CYP21A1P	CYP21	HG02083#1#JBHDTV010000048.1:28371858-33537852	3653578	3656852	+	3274	1.0	0.9771480804387569	0	1
HG02083_1	HG02083#1	CYP21A2	CYP21	HG02083#1#JBHDTV010000048.1:28371858-33537852	3653623	3656852	+	3230	1.0	0.9981424148606811	60	1
HG02083_1	HG02083#1	CYP21A2	CYP21	HG02083#1#JBHDTV010000048.1:28371858-33537852	3620893	3624117	+	3230	0.9984520123839009	0.9780389730900093	0	1
HG02083_1	HG02083#1	CYP21A2	CYP21	HG02083#1#JBHDTV010000048.1:28371858-33537852	3588155	3591379	+	3230	0.9984520123839009	0.9780389730900093	0	1
HG02083_1	HG02083#1	TNXA	TNX	HG02083#1#JBHDTV010000048.1:28371858-33537852	3590889	3595493	-	4604	1.0	0.9978279756733276	0	1
HG02083_1	HG02083#1	TNXA	TNX	HG02083#1#JBHDTV010000048.1:28371858-33537852	3623627	3628231	-	4604	1.0	0.9978279756733276	0	1
HG02083_1	HG02083#1	TNXA	TNX	HG02083#1#JBHDTV010000048.1:28371858-33537852	3656362	3661085	-	4604	1.0	0.9699407281964437	0	1
HG02083_1	HG02083#1	TNXB	TNX	HG02083#1#JBHDTV010000048.1:28371858-33537852	3656360	3724516	-	68186	1.0	0.9989002126255591	60	1
HG02083_1	HG02083#1	WHR1B	WHR1	HG02083#1#JBHDTV010000048.1:28371858-33537852	3595739	3596257	+	518	1.0	0.9980694980694981	0	1
HG02083_1	HG02083#1	WHR1B	WHR1	HG02083#1#JBHDTV010000048.1:28371858-33537852	3628477	3628995	+	518	1.0	0.9980694980694981	0	1
HG02083_1	HG02083#1	WHR1B	WHR1	HG02083#1#JBHDTV010000048.1:28371858-33537852	3563001	3563519	+	518	1.0	0.9942084942084942	0	1
HG02083_2	HG02083#2	WHR1	WHR1	HG02083#2#CM086965.1:28472527-33711689	3550723	3560995	+	10272	1.0	1.0	60	1
HG02083_2	HG02083#2	CYP21A1P	CYP21	HG02083#2#CM086965.1:28472527-33711689	3585180	3588453	+	3274	1.0	0.9972510690287111	60	1
HG02083_2	HG02083#2	CYP21A1P	CYP21	HG02083#2#CM086965.1:28472527-33711689	3611541	3614815	+	3274	1.0	0.9771480804387569	0	1
HG02083_2	HG02083#2	CYP21A2	CYP21	HG02083#2#CM086965.1:28472527-33711689	3611586	3614815	+	3230	1.0	0.9981424148606811	60	1
HG02083_2	HG02083#2	CYP21A2	CYP21	HG02083#2#CM086965.1:28472527-33711689	3585225	3588453	+	3230	1.0	0.9780728844966028	0	1
HG02083_2	HG02083#2	TNXA	TNX	HG02083#2#CM086965.1:28472527-33711689	3587963	3592567	-	4604	1.0	0.9971763683753258	59	1
HG02083_2	HG02083#2	TNXA	TNX	HG02083#2#CM086965.1:28472527-33711689	3614325	3619048	-	4604	1.0	0.9697290431837426	0	1
HG02083_2	HG02083#2	TNXB	TNX	HG02083#2#CM086965.1:28472527-33711689	3614323	3682516	-	68186	1.0	0.9989004705985838	60	1
HG02083_2	HG02083#2	WHR1B	WHR1	HG02083#2#CM086965.1:28472527-33711689	3592813	3593331	+	518	1.0	0.9961389961389961	43	1
HG02083_2	HG02083#2	WHR1B	WHR1	HG02083#2#CM086965.1:28472527-33711689	3560080	3560598	+	518	1.0	0.9942084942084942	0	1
HG02109_1	HG02109#1	WHR1	WHR1	HG02109#1#CM092161.1:28294553-33395631	3502660	3512931	+	10272	1.0	0.9990264797507789	60	1
HG02109_1	HG02109#1	CYP21A1P	CYP21	HG02109#1#CM092161.1:28294553-33395631	3537120	3540394	+	3274	1.0	0.9960293219303604	60	1
HG02109_1	HG02109#1	CYP21A1P	CYP21	HG02109#1#CM092161.1:28294553-33395631	3563487	3566761	+	3274	1.0	0.9774527726995734	0	1
HG02109_1	HG02109#1	CYP21A2	CYP21	HG02109#1#CM092161.1:28294553-33395631	3563537	3566761	+	3230	0.9984520123839009	0.9965891472868217	60	1
HG02109_1	HG02109#1	CYP21A2	CYP21	HG02109#1#CM092161.1:28294553-33395631	3537170	3540394	+	3230	0.9984520123839009	0.9795855242808537	0	1
HG02109_1	HG02109#1	TNXA	TNX	HG02109#1#CM092161.1:28294553-33395631	3539904	3544508	-	4604	1.0	0.9960903562119896	60	1
HG02109_1	HG02109#1	TNXA	TNX	HG02109#1#CM092161.1:28294553-33395631	3566271	3570994	-	4604	1.0	0.9678238780694327	0	1
HG02109_1	HG02109#1	TNXB	TNX	HG02109#1#CM092161.1:28294553-33395631	3566269	3634458	-	68186	1.0	0.9981091420781848	60	1
HG02109_1	HG02109#1	WHR1B	WHR1	HG02109#1#CM092161.1:28294553-33395631	3544754	3545272	+	518	1.0	0.9980694980694981	60	1
HG02109_1	HG02109#1	WHR1B	WHR1	HG02109#1#CM092161.1:28294553-33395631	3512016	3512534	+	518	1.0	0.9922779922779923	0	1
HG02109_2	HG02109#2	WHR1	WHR1	HG02109#2#CM092147.1:28420239-33580817	3633455	3643717	+	10272	1.0	0.9980529595015576	60	1
HG02109_2	HG02109#2	CYP21A1P	CYP21	HG02109#2#CM092147.1:28420239-33580817	3667907	3671181	+	3274	1.0	0.9969456322541234	60	1
HG02109_2	HG02109#2	CYP21A1P	CYP21	HG02109#2#CM092147.1:28420239-33580817	3694275	3697550	+	3274	1.0	0.977155041120926	0	1
HG02109_2	HG02109#2	CYP21A2	CYP21	HG02109#2#CM092147.1:28420239-33580817	3694320	3697550	+	3230	1.0	0.9984520123839009	60	1
HG02109_2	HG02109#2	CYP21A2	CYP21	HG02109#2#CM092147.1:28420239-33580817	3667957	3671181	+	3230	0.9984520123839009	0.9786575935663471	0	1
HG02109_2	HG02109#2	TNXA	TNX	HG02109#2#CM092147.1:28420239-33580817	3670691	3675295	-	4604	1.0	0.9960903562119896	22	1
HG02109_2	HG02109#2	TNXA	TNX	HG02109#2#CM092147.1:28420239-33580817	3697060	3701783	-	4604	1.0	0.9701524132091448	0	1
HG02109_2	HG02109#2	TNXB	TNX	HG02109#2#CM092147.1:28420239-33580817	3697058	3765243	-	68186	1.0	0.9993548008680861	60	1
HG02109_2	HG02109#2	WHR1B	WHR1	HG02109#2#CM092147.1:28420239-33580817	3675541	3676059	+	518	1.0	0.9961389961389961	60	1
HG02109_2	HG02109#2	WHR1B	WHR1	HG02109#2#CM092147.1:28420239-33580817	3642805	3643320	+	518	1.0	0.9884169884169884	0	1
HG02129_1	HG02129#1	WHR1	WHR1	HG02129#1#CM085849.1:28352001-33545967	3616314	3626577	+	10272	1.0	0.9980529595015576	60	1
HG02129_1	HG02129#1	CYP21A1P	CYP21	HG02129#1#CM085849.1:28352001-33545967	3650766	3654040	+	3274	1.0	0.9966401954795358	60	1
HG02129_1	HG02129#1	CYP21A1P	CYP21	HG02129#1#CM085849.1:28352001-33545967	3677136	3680409	+	3274	1.0	0.9917532070861331	0	1
HG02129_1	HG02129#1	CYP21A2	CYP21	HG02129#1#CM085849.1:28352001-33545967	3677186	3680409	+	3230	0.9984520123839009	0.9845297029702971	60	1
HG02129_1	HG02129#1	CYP21A2	CYP21	HG02129#1#CM085849.1:28352001-33545967	3650816	3654040	+	3230	0.9984520123839009	0.9783482833281781	0	1
HG02129_1	HG02129#1	TNXA	TNX	HG02129#1#CM085849.1:28352001-33545967	3653550	3658154	-	4604	1.0	0.9960903562119896	50	1
HG02129_1	HG02129#1	TNXA	TNX	HG02129#1#CM085849.1:28352001-33545967	3679919	3684642	-	4604	1.0	0.9690939881456393	0	1
HG02129_1	HG02129#1	TNXB	TNX	HG02129#1#CM085849.1:28352001-33545967	3679917	3748111	-	68186	1.0	0.9987391693178319	60	1
HG02129_1	HG02129#1	WHR1B	WHR1	HG02129#1#CM085849.1:28352001-33545967	3658400	3658918	+	518	1.0	0.9961389961389961	60	1
HG02129_1	HG02129#1	WHR1B	WHR1	HG02129#1#CM085849.1:28352001-33545967	3625665	3626180	+	518	1.0	0.9864864864864865	0	1
HG02129_2	HG02129#2	WHR1	WHR1	HG02129#2#CM085860.1:28366606-33493917	3502531	3512803	+	10272	1.0	0.9991239170641487	60	1
HG02129_2	HG02129#2	CYP21A1P	CYP21	HG02129#2#CM085860.1:28366606-33493917	3536992	3540266	+	3274	1.0	0.998167379352474	60	1
HG02129_2	HG02129#2	CYP21A1P	CYP21	HG02129#2#CM085860.1:28366606-33493917	3569727	3572999	+	3274	1.0	0.9780688394760889	0	1
HG02129_2	HG02129#2	CYP21A2	CYP21	HG02129#2#CM085860.1:28366606-33493917	3569772	3572999	+	3230	1.0	0.9969040247678018	60	1
HG02129_2	HG02129#2	CYP21A2	CYP21	HG02129#2#CM085860.1:28366606-33493917	3537042	3540266	+	3230	0.9984520123839009	0.9780389730900093	0	1
HG02129_2	HG02129#2	TNXA	TNX	HG02129#2#CM085860.1:28366606-33493917	3539776	3544380	-	4604	1.0	0.9978279756733276	60	1
HG02129_2	HG02129#2	TNXA	TNX	HG02129#2#CM085860.1:28366606-33493917	3572509	3577232	-	4604	1.0	0.9688823031329382	0	1
HG02129_2	HG02129#2	TNXB	TNX	HG02129#2#CM085860.1:28366606-33493917	3572507	3640690	-	68186	1.0	0.998885663177033	60	1
HG02129_2	HG02129#2	WHR1B	WHR1	HG02129#2#CM085860.1:28366606-33493917	3544626	3545144	+	518	1.0	0.9980694980694981	60	1
HG02129_2	HG02129#2	WHR1B	WHR1	HG02129#2#CM085860.1:28366606-33493917	3511888	3512406	+	518	1.0	0.9942084942084942	0	1
HG02132_1	HG02132#1	WHR1	WHR1	HG02132#1#CM086897.1:28372349-33619790	3552192	3562464	+	10272	1.0	0.9991239170641487	60	1
HG02132_1	HG02132#1	CYP21A1P	CYP21	HG02132#1#CM086897.1:28372349-33619790	3586653	3589927	+	3274	1.0	0.9978619425778864	60	1
HG02132_1	HG02132#1	CYP21A1P	CYP21	HG02132#1#CM086897.1:28372349-33619790	3619388	3622663	+	3274	1.0	0.977155041120926	0	1
HG02132_1	HG02132#1	CYP21A2	CYP21	HG02132#1#CM086897.1:28372349-33619790	3619433	3622663	+	3230	1.0	0.9975232198142415	60	1
HG02132_1	HG02132#1	CYP21A2	CYP21	HG02132#1#CM086897.1:28372349-33619790	3586703	3589927	+	3230	0.9984520123839009	0.9777296628518404	0	1
HG02132_1	HG02132#1	TNXA	TNX	HG02132#1#CM086897.1:28372349-33619790	3589437	3594041	-	4604	1.0	0.9980451781059948	60	1
HG02132_1	HG02132#1	TNXA	TNX	HG02132#1#CM086897.1:28372349-33619790	3622173	3626896	-	4604	1.0	0.9703640982218459	0	1
HG02132_1	HG02132#1	TNXB	TNX	HG02132#1#CM086897.1:28372349-33619790	3622171	3690372	-	68186	1.0	0.9992669374111162	60	1
HG02132_1	HG02132#1	WHR1B	WHR1	HG02132#1#CM086897.1:28372349-33619790	3594287	3594805	+	518	1.0	0.9961389961389961	43	1
HG02132_1	HG02132#1	WHR1B	WHR1	HG02132#1#CM086897.1:28372349-33619790	3561549	3562067	+	518	1.0	0.9942084942084942	0	1
HG02132_2	HG02132#2	WHR1	WHR1	HG02132#2#CM086908.1:28367828-33688656	3618842	3629109	+	10272	1.0	0.9983451766767254	60	1
HG02132_2	HG02132#2	CYP21A1P	CYP21	HG02132#2#CM086908.1:28367828-33688656	3653298	3656571	+	3274	1.0	0.9969456322541234	60	1
HG02132_2	HG02132#2	CYP21A1P	CYP21	HG02132#2#CM086908.1:28367828-33688656	3679664	3682939	+	3274	1.0	0.976545842217484	0	1
HG02132_2	HG02132#2	CYP21A2	CYP21	HG02132#2#CM086908.1:28367828-33688656	3679709	3682939	+	3230	1.0	0.9969040247678018	60	1
HG02132_2	HG02132#2	CYP21A2	CYP21	HG02132#2#CM086908.1:28367828-33688656	3653348	3656571	+	3230	0.9984520123839009	0.9768017321373338	0	1
HG02132_2	HG02132#2	TNXA	TNX	HG02132#2#CM086908.1:28367828-33688656	3656081	3660685	-	4604	1.0	0.9963075586446568	60	1
HG02132_2	HG02132#2	TNXA	TNX	HG02132#2#CM086908.1:28367828-33688656	3682449	3687173	-	4604	1.0	0.9686706181202371	0	1
HG02132_2	HG02132#2	TNXB	TNX	HG02132#2#CM086908.1:28367828-33688656	3682447	3750607	-	68186	1.0	0.9981526281064438	60	1
HG02132_2	HG02132#2	WHR1B	WHR1	HG02132#2#CM086908.1:28367828-33688656	3628194	3628712	+	518	1.0	0.9942084942084942	0	1
HG02132_2	HG02132#2	WHR1B	WHR1	HG02132#2#CM086908.1:28367828-33688656	3660931	3661449	+	518	1.0	0.9942084942084942	0	1
HG02135_1	HG02135#1	WHR1	WHR1	HG02135#1#CM088309.1:28410959-33520604	3508002	3518274	+	10272	1.0	1.0	60	1
HG02135_1	HG02135#1	CYP21A1P	CYP21	HG02135#1#CM088309.1:28410959-33520604	3542459	3545732	+	3274	1.0	0.9972510690287111	60	1
HG02135_1	HG02135#1	CYP21A1P	CYP21	HG02135#1#CM088309.1:28410959-33520604	3568820	3572094	+	3274	1.0	0.9771480804387569	0	1
HG02135_1	HG02135#1	CYP21A2	CYP21	HG02135#1#CM088309.1:28410959-33520604	3568865	3572094	+	3230	1.0	0.9981424148606811	60	1
HG02135_1	HG02135#1	CYP21A2	CYP21	HG02135#1#CM088309.1:28410959-33520604	3542504	3545732	+	3230	1.0	0.9780728844966028	0	1
HG02135_1	HG02135#1	TNXA	TNX	HG02135#1#CM088309.1:28410959-33520604	3545242	3549846	-	4604	1.0	0.9973935708079931	60	1
HG02135_1	HG02135#1	TNXA	TNX	HG02135#1#CM088309.1:28410959-33520604	3571604	3576327	-	4604	1.0	0.9697290431837426	0	1
HG02135_1	HG02135#1	TNXB	TNX	HG02135#1#CM088309.1:28410959-33520604	3571602	3639795	-	68186	1.0	0.9989151150857646	60	1
HG02135_1	HG02135#1	WHR1B	WHR1	HG02135#1#CM088309.1:28410959-33520604	3550092	3550610	+	518	1.0	0.9961389961389961	43	1
HG02135_1	HG02135#1	WHR1B	WHR1	HG02135#1#CM088309.1:28410959-33520604	3517359	3517877	+	518	1.0	0.9942084942084942	0	1
HG02135_2	HG02135#2	WHR1	WHR1	HG02135#2#CM088319.1:28377765-33615244	3549795	3560068	+	10272	1.0	0.999902657451572	60	1
HG02135_2	HG02135#2	CYP21A1P	CYP21	HG02135#2#CM088319.1:28377765-33615244	3584257	3587530	+	3274	1.0	0.9975565058032987	60	1
HG02135_2	HG02135#2	CYP21A1P	CYP21	HG02135#2#CM088319.1:28377765-33615244	3610618	3613892	+	3274	1.0	0.9771480804387569	0	1
HG02135_2	HG02135#2	CYP21A2	CYP21	HG02135#2#CM088319.1:28377765-33615244	3610663	3613892	+	3230	1.0	0.9981424148606811	60	1
HG02135_2	HG02135#2	CYP21A2	CYP21	HG02135#2#CM088319.1:28377765-33615244	3584302	3587530	+	3230	1.0	0.9771463866584311	0	1
HG02135_2	HG02135#2	TNXA	TNX	HG02135#2#CM088319.1:28377765-33615244	3587040	3591644	-	4604	1.0	0.9971763683753258	58	1
HG02135_2	HG02135#2	TNXA	TNX	HG02135#2#CM088319.1:28377765-33615244	3613402	3618125	-	4604	1.0	0.9697290431837426	0	1
HG02135_2	HG02135#2	TNXB	TNX	HG02135#2#CM088319.1:28377765-33615244	3613400	3681589	-	68186	1.0	0.9989590511237849	60	1
HG02135_2	HG02135#2	WHR1B	WHR1	HG02135#2#CM088319.1:28377765-33615244	3591890	3592408	+	518	1.0	0.9961389961389961	43	1
HG02135_2	HG02135#2	WHR1B	WHR1	HG02135#2#CM088319.1:28377765-33615244	3559153	3559671	+	518	1.0	0.9942084942084942	0	1
HG02145_1	HG02145#1	WHR1	WHR1	HG02145#1#CM099672.1:28303733-33469758	3561076	3571348	+	10272	1.0	0.9991239170641487	60	1
HG02145_1	HG02145#1	CYP21A1P	CYP21	HG02145#1#CM099672.1:28303733-33469758	3595537	3598811	+	3274	1.0	0.998167379352474	60	1
HG02145_1	HG02145#1	CYP21A1P	CYP21	HG02145#1#CM099672.1:28303733-33469758	3628272	3631544	+	3274	1.0	0.976850441669205	0	1
HG02145_1	HG02145#1	CYP21A2	CYP21	HG02145#1#CM099672.1:28303733-33469758	3628317	3631544	+	3230	1.0	0.9969040247678018	60	1
HG02145_1	HG02145#1	CYP21A2	CYP21	HG02145#1#CM099672.1:28303733-33469758	3595587	3598811	+	3230	0.9984520123839009	0.9780389730900093	0	1
HG02145_1	HG02145#1	TNXA	TNX	HG02145#1#CM099672.1:28303733-33469758	3598321	3602925	-	4604	1.0	0.9980451781059948	60	1
HG02145_1	HG02145#1	TNXA	TNX	HG02145#1#CM099672.1:28303733-33469758	3631054	3635777	-	4604	1.0	0.9703640982218459	0	1
HG02145_1	HG02145#1	TNXB	TNX	HG02145#1#CM099672.1:28303733-33469758	3631052	3699238	-	68186	1.0	0.9993695014662757	60	1
HG02145_1	HG02145#1	WHR1B	WHR1	HG02145#1#CM099672.1:28303733-33469758	3603171	3603689	+	518	1.0	0.9980694980694981	60	1
HG02145_1	HG02145#1	WHR1B	WHR1	HG02145#1#CM099672.1:28303733-33469758	3570433	3570951	+	518	1.0	0.9942084942084942	0	1
HG02145_2	HG02145#2	WHR1	WHR1	HG02145#2#CM099657.1:28376784-33593129	3617812	3628084	+	10272	1.0	0.9994158878504673	60	1
HG02145_2	HG02145#2	CYP21A1P	CYP21	HG02145#2#CM099657.1:28376784-33593129	3652273	3655547	+	3274	1.0	0.9966401954795358	60	1
HG02145_2	HG02145#2	CYP21A1P	CYP21	HG02145#2#CM099657.1:28376784-33593129	3678640	3681915	+	3274	1.0	0.976850441669205	0	1
HG02145_2	HG02145#2	CYP21A2	CYP21	HG02145#2#CM099657.1:28376784-33593129	3678685	3681915	+	3230	1.0	0.9978328173374613	60	1
HG02145_2	HG02145#2	CYP21A2	CYP21	HG02145#2#CM099657.1:28376784-33593129	3652323	3655547	+	3230	0.9984520123839009	0.9777296628518404	0	1
HG02145_2	HG02145#2	TNXA	TNX	HG02145#2#CM099657.1:28376784-33593129	3655057	3659661	-	4604	1.0	0.9963075586446568	14	1
HG02145_2	HG02145#2	TNXA	TNX	HG02145#2#CM099657.1:28376784-33593129	3681425	3686148	-	4604	1.0	0.970575783234547	0	1
HG02145_2	HG02145#2	TNXB	TNX	HG02145#2#CM099657.1:28376784-33593129	3681423	3749617	-	68186	1.0	0.9992815565297715	60	1
HG02145_2	HG02145#2	WHR1B	WHR1	HG02145#2#CM099657.1:28376784-33593129	3659907	3660425	+	518	1.0	0.9961389961389961	35	1
HG02145_2	HG02145#2	WHR1B	WHR1	HG02145#2#CM099657.1:28376784-33593129	3627169	3627687	+	518	1.0	0.9942084942084942	0	1
HG02148_1	HG02148#1	WHR1	WHR1	HG02148#1#JAHAMG020000062.1:28379085-33505835	3553695	3563967	+	10272	1.0	0.9995132398753894	60	1
HG02148_1	HG02148#1	CYP21A1P	CYP21	HG02148#1#JAHAMG020000062.1:28379085-33505835	3581789	3585063	+	3274	1.0	0.9969456322541234	60	1
HG02148_1	HG02148#1	CYP21A1P	CYP21	HG02148#1#JAHAMG020000062.1:28379085-33505835	3608156	3611431	+	3274	1.0	0.977155041120926	0	1
HG02148_1	HG02148#1	CYP21A2	CYP21	HG02148#1#JAHAMG020000062.1:28379085-33505835	3608201	3611431	+	3230	1.0	0.9975232198142415	60	1
HG02148_1	HG02148#1	CYP21A2	CYP21	HG02148#1#JAHAMG020000062.1:28379085-33505835	3581839	3585063	+	3230	0.9984520123839009	0.9768017321373338	0	1
HG02148_1	HG02148#1	TNXA	TNX	HG02148#1#JAHAMG020000062.1:28379085-33505835	3584573	3589177	-	4604	1.0	0.9978279756733276	60	1
HG02148_1	HG02148#1	TNXA	TNX	HG02148#1#JAHAMG020000062.1:28379085-33505835	3610941	3615664	-	4604	1.0	0.9701524132091448	0	1
HG02148_1	HG02148#1	TNXB	TNX	HG02148#1#JAHAMG020000062.1:28379085-33505835	3610939	3679127	-	68186	1.0	0.9994281189512582	60	1
HG02148_1	HG02148#1	WHR1B	WHR1	HG02148#1#JAHAMG020000062.1:28379085-33505835	3589423	3589941	+	518	1.0	0.9980694980694981	34	1
HG02148_1	HG02148#1	WHR1B	WHR1	HG02148#1#JAHAMG020000062.1:28379085-33505835	3563052	3563570	+	518	1.0	0.9961389961389961	0	1
HG02148_2	HG02148#2	WHR1	WHR1	HG02148#2#JAHAMF020000005.1:28427628-33536175	3560969	3571242	+	10272	1.0	0.9995132872578604	60	1
HG02148_2	HG02148#2	CYP21A1P	CYP21	HG02148#2#JAHAMF020000005.1:28427628-33536175	3595429	3598704	+	3274	1.0	0.977459640572647	60	1
HG02148_2	HG02148#2	CYP21A2	CYP21	HG02148#2#JAHAMF020000005.1:28427628-33536175	3595474	3598704	+	3230	1.0	0.9981424148606811	60	1
HG02148_2	HG02148#2	TNXA	TNX	HG02148#2#JAHAMF020000005.1:28427628-33536175	3598214	3602937	-	4604	1.0	0.9699407281964437	60	1
HG02148_2	HG02148#2	TNXB	TNX	HG02148#2#JAHAMF020000005.1:28427628-33536175	3598212	3666364	-	68186	1.0	0.9991347704942074	60	1
HG02148_2	HG02148#2	WHR1B	WHR1	HG02148#2#JAHAMF020000005.1:28427628-33536175	3570327	3570845	+	518	1.0	0.9961389961389961	60	1
HG02155_1	HG02155#1	WHR1	WHR1	HG02155#1#JBIECB010000043.1:28423029-33561929	3564159	3574430	+	10272	1.0	0.9992211838006231	60	1
HG02155_1	HG02155#1	CYP21A1P	CYP21	HG02155#1#JBIECB010000043.1:28423029-33561929	3598617	3601891	+	3274	1.0	0.9771480804387569	60	1
HG02155_1	HG02155#1	CYP21A2	CYP21	HG02155#1#JBIECB010000043.1:28423029-33561929	3598662	3601891	+	3230	1.0	0.9981424148606811	60	1
HG02155_1	HG02155#1	TNXA	TNX	HG02155#1#JBIECB010000043.1:28423029-33561929	3601401	3606124	-	4604	1.0	0.9701524132091448	60	1
HG02155_1	HG02155#1	TNXB	TNX	HG02155#1#JBIECB010000043.1:28423029-33561929	3601399	3669557	-	68186	1.0	0.9989442350836547	60	1
HG02155_1	HG02155#1	WHR1B	WHR1	HG02155#1#JBIECB010000043.1:28423029-33561929	3573515	3574033	+	518	1.0	0.9942084942084942	60	1
HG02155_2	HG02155#2	WHR1	WHR1	HG02155#2#CM091924.1:28362729-33591130	3619300	3629572	+	10272	1.0	0.9991239170641487	60	1
HG02155_2	HG02155#2	CYP21A1P	CYP21	HG02155#2#CM091924.1:28362729-33591130	3653761	3657035	+	3274	1.0	0.998167379352474	60	1
HG02155_2	HG02155#2	CYP21A1P	CYP21	HG02155#2#CM091924.1:28362729-33591130	3686496	3689767	+	3274	1.0	0.97775746496039	0	1
HG02155_2	HG02155#2	CYP21A2	CYP21	HG02155#2#CM091924.1:28362729-33591130	3686541	3689767	+	3230	1.0	0.9956656346749226	60	1
HG02155_2	HG02155#2	CYP21A2	CYP21	HG02155#2#CM091924.1:28362729-33591130	3653811	3657035	+	3230	0.9984520123839009	0.9780389730900093	0	1
HG02155_2	HG02155#2	TNXA	TNX	HG02155#2#CM091924.1:28362729-33591130	3656545	3661149	-	4604	1.0	0.998262380538662	60	1
HG02155_2	HG02155#2	TNXA	TNX	HG02155#2#CM091924.1:28362729-33591130	3689277	3694000	-	4604	1.0	0.9693056731583404	0	1
HG02155_2	HG02155#2	TNXB	TNX	HG02155#2#CM091924.1:28362729-33591130	3689275	3757447	-	68186	1.0	0.9986511252840701	60	1
HG02155_2	HG02155#2	WHR1B	WHR1	HG02155#2#CM091924.1:28362729-33591130	3661395	3661913	+	518	1.0	0.9980694980694981	60	1
HG02155_2	HG02155#2	WHR1B	WHR1	HG02155#2#CM091924.1:28362729-33591130	3628657	3629175	+	518	1.0	0.9942084942084942	0	1
HG02165_1	HG02165#1	WHR1	WHR1	HG02165#1#CM087444.1:28424290-33561901	3547454	3557726	+	10272	1.0	1.0	60	1
HG02165_1	HG02165#1	CYP21A1P	CYP21	HG02165#1#CM087444.1:28424290-33561901	3581911	3585185	+	3274	1.0	0.998167379352474	60	1
HG02165_1	HG02165#1	CYP21A1P	CYP21	HG02165#1#CM087444.1:28424290-33561901	3614646	3617917	+	3274	1.0	0.97775746496039	0	1
HG02165_1	HG02165#1	CYP21A2	CYP21	HG02165#1#CM087444.1:28424290-33561901	3614691	3617917	+	3230	1.0	0.996594427244582	60	1
HG02165_1	HG02165#1	CYP21A2	CYP21	HG02165#1#CM087444.1:28424290-33561901	3581961	3585185	+	3230	0.9984520123839009	0.9780389730900093	0	1
HG02165_1	HG02165#1	TNXA	TNX	HG02165#1#CM087444.1:28424290-33561901	3584695	3589299	-	4604	1.0	0.9980451781059948	60	1
HG02165_1	HG02165#1	TNXA	TNX	HG02165#1#CM087444.1:28424290-33561901	3617427	3622150	-	4604	1.0	0.9688823031329382	0	1
HG02165_1	HG02165#1	TNXB	TNX	HG02165#1#CM087444.1:28424290-33561901	3617425	3685606	-	68186	1.0	0.9988123863703009	60	1
HG02165_1	HG02165#1	WHR1B	WHR1	HG02165#1#CM087444.1:28424290-33561901	3589545	3590063	+	518	1.0	0.9980694980694981	60	1
HG02165_1	HG02165#1	WHR1B	WHR1	HG02165#1#CM087444.1:28424290-33561901	3556811	3557329	+	518	1.0	0.9942084942084942	0	1
HG02165_2	HG02165#2	WHR1	WHR1	HG02165#2#JBHDWX010000045.1:28431174-33561779	3551997	3562269	+	10272	1.0	0.9999026479750779	60	1
HG02165_2	HG02165#2	CYP21A1P	CYP21	HG02165#2#JBHDWX010000045.1:28431174-33561779	3586457	3589730	+	3274	1.0	0.9978619425778864	60	1
HG02165_2	HG02165#2	CYP21A1P	CYP21	HG02165#2#JBHDWX010000045.1:28431174-33561779	3612818	3616092	+	3274	1.0	0.9771480804387569	0	1
HG02165_2	HG02165#2	CYP21A2	CYP21	HG02165#2#JBHDWX010000045.1:28431174-33561779	3612863	3616092	+	3230	1.0	0.9981424148606811	60	1
HG02165_2	HG02165#2	CYP21A2	CYP21	HG02165#2#JBHDWX010000045.1:28431174-33561779	3586502	3589730	+	3230	1.0	0.9774552192711551	0	1
HG02165_2	HG02165#2	TNXA	TNX	HG02165#2#JBHDWX010000045.1:28431174-33561779	3589240	3593844	-	4604	1.0	0.9978279756733276	60	1
HG02165_2	HG02165#2	TNXA	TNX	HG02165#2#JBHDWX010000045.1:28431174-33561779	3615602	3620325	-	4604	1.0	0.9695173581710415	0	1
HG02165_2	HG02165#2	TNXB	TNX	HG02165#2#JBHDWX010000045.1:28431174-33561779	3615600	3683794	-	68186	1.0	0.9989004705985838	60	1
HG02165_2	HG02165#2	WHR1B	WHR1	HG02165#2#JBHDWX010000045.1:28431174-33561779	3594090	3594608	+	518	1.0	0.9961389961389961	43	1
HG02165_2	HG02165#2	WHR1B	WHR1	HG02165#2#JBHDWX010000045.1:28431174-33561779	3561354	3561872	+	518	1.0	0.9942084942084942	0	1
HG02178_1	HG02178#1	WHR1	WHR1	HG02178#1#CM089925.1:28399752-33646110	3558779	3569051	+	10272	1.0	0.9999026479750779	60	1
HG02178_1	HG02178#1	CYP21A1P	CYP21	HG02178#1#CM089925.1:28399752-33646110	3593239	3596512	+	3274	1.0	0.9978619425778864	60	1
HG02178_1	HG02178#1	CYP21A1P	CYP21	HG02178#1#CM089925.1:28399752-33646110	3619600	3622874	+	3274	1.0	0.9771480804387569	0	1
HG02178_1	HG02178#1	CYP21A2	CYP21	HG02178#1#CM089925.1:28399752-33646110	3619645	3622874	+	3230	1.0	0.9981424148606811	60	1
HG02178_1	HG02178#1	CYP21A2	CYP21	HG02178#1#CM089925.1:28399752-33646110	3593284	3596512	+	3230	1.0	0.9774552192711551	0	1
HG02178_1	HG02178#1	TNXA	TNX	HG02178#1#CM089925.1:28399752-33646110	3596022	3600626	-	4604	1.0	0.9978279756733276	60	1
HG02178_1	HG02178#1	TNXA	TNX	HG02178#1#CM089925.1:28399752-33646110	3622384	3627107	-	4604	1.0	0.9693056731583404	0	1
HG02178_1	HG02178#1	TNXB	TNX	HG02178#1#CM089925.1:28399752-33646110	3622382	3690580	-	68186	1.0	0.9988272374111266	60	1
HG02178_1	HG02178#1	WHR1B	WHR1	HG02178#1#CM089925.1:28399752-33646110	3600872	3601390	+	518	1.0	0.9961389961389961	43	1
HG02178_1	HG02178#1	WHR1B	WHR1	HG02178#1#CM089925.1:28399752-33646110	3568136	3568654	+	518	1.0	0.9942084942084942	0	1
HG02178_2	HG02178#2	WHR1	WHR1	HG02178#2#CM089938.1:28370915-33566694	3561523	3571786	+	10272	1.0	0.9980529595015576	60	1
HG02178_2	HG02178#2	CYP21A1P	CYP21	HG02178#2#CM089938.1:28370915-33566694	3622369	3625643	+	3274	1.0	0.9969456322541234	6	1
HG02178_2	HG02178#2	CYP21A1P	CYP21	HG02178#2#CM089938.1:28370915-33566694	3595998	3599272	+	3274	1.0	0.9966401954795358	0	1
HG02178_2	HG02178#2	CYP21A1P	CYP21	HG02178#2#CM089938.1:28370915-33566694	3655103	3658378	+	3274	1.0	0.9783734389278099	0	1
HG02178_2	HG02178#2	CYP21A2	CYP21	HG02178#2#CM089938.1:28370915-33566694	3655153	3658378	+	3230	0.9984520123839009	0.9975193798449612	60	1
HG02178_2	HG02178#2	CYP21A2	CYP21	HG02178#2#CM089938.1:28370915-33566694	3596048	3599272	+	3230	0.9984520123839009	0.9789669038045159	0	1
HG02178_2	HG02178#2	CYP21A2	CYP21	HG02178#2#CM089938.1:28370915-33566694	3622419	3625643	+	3230	0.9984520123839009	0.9786575935663471	0	1
HG02178_2	HG02178#2	TNXA	TNX	HG02178#2#CM089938.1:28370915-33566694	3625153	3629757	-	4604	1.0	0.9969591659426585	4	1
HG02178_2	HG02178#2	TNXA	TNX	HG02178#2#CM089938.1:28370915-33566694	3598782	3603386	-	4604	1.0	0.9967419635099913	0	1
HG02178_2	HG02178#2	TNXA	TNX	HG02178#2#CM089938.1:28370915-33566694	3657888	3662611	-	4604	1.0	0.9688823031329382	0	1
HG02178_2	HG02178#2	TNXB	TNX	HG02178#2#CM089938.1:28370915-33566694	3657886	3726151	-	68186	1.0	0.9978176172481472	60	1
HG02178_2	HG02178#2	WHR1B	WHR1	HG02178#2#CM089938.1:28370915-33566694	3630003	3630521	+	518	1.0	0.9961389961389961	0	1
HG02178_2	HG02178#2	WHR1B	WHR1	HG02178#2#CM089938.1:28370915-33566694	3603632	3604150	+	518	1.0	0.9961389961389961	0	1
HG02178_2	HG02178#2	WHR1B	WHR1	HG02178#2#CM089938.1:28370915-33566694	3570874	3571389	+	518	1.0	0.9884169884169884	0	1
HG02257_1	HG02257#1	WHR1	WHR1	HG02257#1#CM089221.1:28424772-33551966	3549988	3560250	+	10272	1.0	0.9981503115264797	60	1
HG02257_1	HG02257#1	CYP21A1P	CYP21	HG02257#1#CM089221.1:28424772-33551966	3584440	3587714	+	3274	1.0	0.9969456322541234	60	1
HG02257_1	HG02257#1	CYP21A1P	CYP21	HG02257#1#CM089221.1:28424772-33551966	3617175	3620449	+	3274	1.0	0.9780621572212066	0	1
HG02257_1	HG02257#1	CYP21A2	CYP21	HG02257#1#CM089221.1:28424772-33551966	3617220	3620449	+	3230	1.0	0.9981424148606811	60	1
HG02257_1	HG02257#1	CYP21A2	CYP21	HG02257#1#CM089221.1:28424772-33551966	3584490	3587714	+	3230	0.9984520123839009	0.9786575935663471	0	1
HG02257_1	HG02257#1	TNXA	TNX	HG02257#1#CM089221.1:28424772-33551966	3587224	3591828	-	4604	1.0	0.9958731537793223	55	1
HG02257_1	HG02257#1	TNXA	TNX	HG02257#1#CM089221.1:28424772-33551966	3619959	3624682	-	4604	1.0	0.9686706181202371	0	1
HG02257_1	HG02257#1	TNXB	TNX	HG02257#1#CM089221.1:28424772-33551966	3619957	3688130	-	68186	1.0	0.998724302765477	60	1
HG02257_1	HG02257#1	WHR1B	WHR1	HG02257#1#CM089221.1:28424772-33551966	3592074	3592592	+	518	1.0	0.9961389961389961	60	1
HG02257_1	HG02257#1	WHR1B	WHR1	HG02257#1#CM089221.1:28424772-33551966	3559338	3559853	+	518	1.0	0.9884169884169884	0	1
HG02257_2	HG02257#2	WHR1	WHR1	HG02257#2#CM089260.1:28471160-33602067	3547536	3557799	+	10272	1.0	0.9982476635514018	60	1
HG02257_2	HG02257#2	CYP21A1P	CYP21	HG02257#2#CM089260.1:28471160-33602067	3581988	3585262	+	3274	1.0	0.9966401954795358	60	1
HG02257_2	HG02257#2	CYP21A1P	CYP21	HG02257#2#CM089260.1:28471160-33602067	3608354	3611629	+	3274	1.0	0.977459640572647	0	1
HG02257_2	HG02257#2	CYP21A2	CYP21	HG02257#2#CM089260.1:28471160-33602067	3608399	3611629	+	3230	1.0	0.9975232198142415	60	1
HG02257_2	HG02257#2	CYP21A2	CYP21	HG02257#2#CM089260.1:28471160-33602067	3582038	3585262	+	3230	0.9984520123839009	0.9789669038045159	0	1
HG02257_2	HG02257#2	TNXA	TNX	HG02257#2#CM089260.1:28471160-33602067	3584772	3589376	-	4604	1.0	0.9960903562119896	45	1
HG02257_2	HG02257#2	TNXA	TNX	HG02257#2#CM089260.1:28471160-33602067	3611139	3615862	-	4604	1.0	0.9693056731583404	0	1
HG02257_2	HG02257#2	TNXB	TNX	HG02257#2#CM089260.1:28471160-33602067	3611137	3679327	-	68186	1.0	0.9989589290165545	60	1
HG02257_2	HG02257#2	WHR1B	WHR1	HG02257#2#CM089260.1:28471160-33602067	3589622	3590140	+	518	1.0	0.9961389961389961	60	1
HG02257_2	HG02257#2	WHR1B	WHR1	HG02257#2#CM089260.1:28471160-33602067	3556887	3557402	+	518	1.0	0.9884169884169884	0	1
HG02258_1	HG02258#1	WHR1	WHR1	HG02258#1#CM085826.1:28431405-33595237	3558988	3569252	+	10272	1.0	0.9981504915798696	60	1
HG02258_1	HG02258#1	CYP21A1P	CYP21	HG02258#1#CM085826.1:28431405-33595237	3593441	3596715	+	3274	1.0	0.9966401954795358	60	1
HG02258_1	HG02258#1	CYP21A1P	CYP21	HG02258#1#CM085826.1:28431405-33595237	3619807	3623082	+	3274	1.0	0.977459640572647	0	1
HG02258_1	HG02258#1	CYP21A2	CYP21	HG02258#1#CM085826.1:28431405-33595237	3619852	3623082	+	3230	1.0	0.9975232198142415	60	1
HG02258_1	HG02258#1	CYP21A2	CYP21	HG02258#1#CM085826.1:28431405-33595237	3593491	3596715	+	3230	0.9984520123839009	0.9789669038045159	0	1
HG02258_1	HG02258#1	TNXA	TNX	HG02258#1#CM085826.1:28431405-33595237	3596225	3600829	-	4604	1.0	0.996524761077324	54	1
HG02258_1	HG02258#1	TNXA	TNX	HG02258#1#CM085826.1:28431405-33595237	3622592	3627315	-	4604	1.0	0.9693056731583404	0	1
HG02258_1	HG02258#1	TNXB	TNX	HG02258#1#CM085826.1:28431405-33595237	3622590	3690780	-	68186	1.0	0.9989589290165545	60	1
HG02258_1	HG02258#1	WHR1B	WHR1	HG02258#1#CM085826.1:28431405-33595237	3601075	3601593	+	518	1.0	0.9961389961389961	60	1
HG02258_1	HG02258#1	WHR1B	WHR1	HG02258#1#CM085826.1:28431405-33595237	3568340	3568855	+	518	1.0	0.9884169884169884	0	1
HG02258_2	HG02258#2	WHR1	WHR1	HG02258#2#CM085837.1:28401788-33525465	3554562	3564835	+	10272	1.0	0.9998053149031442	60	1
HG02258_2	HG02258#2	CYP21A1P	CYP21	HG02258#2#CM085837.1:28401788-33525465	3582653	3585928	+	3274	1.0	0.976545842217484	60	1
HG02258_2	HG02258#2	CYP21A2	CYP21	HG02258#2#CM085837.1:28401788-33525465	3582698	3585928	+	3230	1.0	0.9984520123839009	60	1
HG02258_2	HG02258#2	TNXA	TNX	HG02258#2#CM085837.1:28401788-33525465	3585438	3590161	-	4604	1.0	0.9699407281964437	60	1
HG02258_2	HG02258#2	TNXB	TNX	HG02258#2#CM085837.1:28401788-33525465	3585436	3653634	-	68186	1.0	0.9991790060108489	60	1
HG02258_2	HG02258#2	WHR1B	WHR1	HG02258#2#CM085837.1:28401788-33525465	3563920	3564438	+	518	1.0	0.9942084942084942	60	1
HG02273_1	HG02273#1	WHR1	WHR1	HG02273#1#JBHDVQ010000050.1:28386453-33633535	3554274	3564547	+	10272	1.0	0.9990266692622153	60	1
HG02273_1	HG02273#1	CYP21A1P	CYP21	HG02273#1#JBHDVQ010000050.1:28386453-33633535	3588736	3592010	+	3274	1.0	0.998167379352474	60	1
HG02273_1	HG02273#1	CYP21A1P	CYP21	HG02273#1#JBHDVQ010000050.1:28386453-33633535	3621471	3624742	+	3274	1.0	0.97775746496039	0	1
HG02273_1	HG02273#1	CYP21A2	CYP21	HG02273#1#JBHDVQ010000050.1:28386453-33633535	3621516	3624742	+	3230	1.0	0.9956656346749226	60	1
HG02273_1	HG02273#1	CYP21A2	CYP21	HG02273#1#JBHDVQ010000050.1:28386453-33633535	3588786	3592010	+	3230	0.9984520123839009	0.9780389730900093	0	1
HG02273_1	HG02273#1	TNXA	TNX	HG02273#1#JBHDVQ010000050.1:28386453-33633535	3591520	3596124	-	4604	1.0	0.998262380538662	60	1
HG02273_1	HG02273#1	TNXA	TNX	HG02273#1#JBHDVQ010000050.1:28386453-33633535	3624252	3628975	-	4604	1.0	0.9693056731583404	0	1
HG02273_1	HG02273#1	TNXB	TNX	HG02273#1#JBHDVQ010000050.1:28386453-33633535	3624250	3692421	-	68186	1.0	0.9987683465051832	60	1
HG02273_1	HG02273#1	WHR1B	WHR1	HG02273#1#JBHDVQ010000050.1:28386453-33633535	3596370	3596888	+	518	1.0	0.9980694980694981	60	1
HG02273_1	HG02273#1	WHR1B	WHR1	HG02273#1#JBHDVQ010000050.1:28386453-33633535	3563632	3564150	+	518	1.0	0.9942084942084942	0	1
HG02273_2	HG02273#2	WHR1	WHR1	HG02273#2#CM087034.1:28375859-33514787	3554793	3565066	+	10272	1.0	0.9990266692622153	60	1
HG02273_2	HG02273#2	CYP21A1P	CYP21	HG02273#2#CM087034.1:28375859-33514787	3589255	3592529	+	3274	1.0	0.998167379352474	60	1
HG02273_2	HG02273#2	CYP21A1P	CYP21	HG02273#2#CM087034.1:28375859-33514787	3621990	3625262	+	3274	1.0	0.977459640572647	0	1
HG02273_2	HG02273#2	CYP21A2	CYP21	HG02273#2#CM087034.1:28375859-33514787	3622035	3625262	+	3230	1.0	0.9959752321981424	60	1
HG02273_2	HG02273#2	CYP21A2	CYP21	HG02273#2#CM087034.1:28375859-33514787	3589305	3592529	+	3230	0.9984520123839009	0.9780389730900093	0	1
HG02273_2	HG02273#2	TNXA	TNX	HG02273#2#CM087034.1:28375859-33514787	3592039	3596643	-	4604	1.0	0.9980451781059948	60	1
HG02273_2	HG02273#2	TNXA	TNX	HG02273#2#CM087034.1:28375859-33514787	3624772	3629495	-	4604	1.0	0.9688823031329382	0	1
HG02273_2	HG02273#2	TNXB	TNX	HG02273#2#CM087034.1:28375859-33514787	3624770	3692940	-	68186	1.0	0.9987683284457478	60	1
HG02273_2	HG02273#2	WHR1B	WHR1	HG02273#2#CM087034.1:28375859-33514787	3596889	3597407	+	518	1.0	0.9980694980694981	60	1
HG02273_2	HG02273#2	WHR1B	WHR1	HG02273#2#CM087034.1:28375859-33514787	3564151	3564669	+	518	1.0	0.9942084942084942	0	1
HG02280_1	HG02280#1	WHR1	WHR1	HG02280#1#JBHDRR010000050.1:28462941-33680751	3622784	3633054	+	10272	1.0	0.9994158878504673	60	1
HG02280_1	HG02280#1	CYP21A1P	CYP21	HG02280#1#JBHDRR010000050.1:28462941-33680751	3657245	3660519	+	3274	1.0	0.9972510690287111	60	1
HG02280_1	HG02280#1	CYP21A1P	CYP21	HG02280#1#JBHDRR010000050.1:28462941-33680751	3683612	3686887	+	3274	1.0	0.978982637831252	0	1
HG02280_1	HG02280#1	CYP21A2	CYP21	HG02280#1#JBHDRR010000050.1:28462941-33680751	3683657	3686887	+	3230	1.0	0.9962848297213622	60	1
HG02280_1	HG02280#1	CYP21A2	CYP21	HG02280#1#JBHDRR010000050.1:28462941-33680751	3657295	3660519	+	3230	0.9984520123839009	0.9777296628518404	0	1
HG02280_1	HG02280#1	TNXA	TNX	HG02280#1#JBHDRR010000050.1:28462941-33680751	3660029	3664633	-	4604	1.0	0.996524761077324	1	1
HG02280_1	HG02280#1	TNXA	TNX	HG02280#1#JBHDRR010000050.1:28462941-33680751	3686397	3691121	-	4604	1.0	0.9714225232853514	0	1
HG02280_1	HG02280#1	TNXB	TNX	HG02280#1#JBHDRR010000050.1:28462941-33680751	3686395	3754549	-	68186	1.0	0.9983138571617084	60	1
HG02280_1	HG02280#1	WHR1B	WHR1	HG02280#1#JBHDRR010000050.1:28462941-33680751	3664879	3665397	+	518	1.0	0.9980694980694981	60	1
HG02280_1	HG02280#1	WHR1B	WHR1	HG02280#1#JBHDRR010000050.1:28462941-33680751	3632139	3632657	+	518	1.0	0.9922779922779923	0	1
HG02280_2	HG02280#2	WHR1	WHR1	HG02280#2#JBHDRS010000063.1:28438025-33473174	3454159	3464430	+	10272	1.0	0.9989292319672929	60	1
HG02280_2	HG02280#2	CYP21A1P	CYP21	HG02280#2#JBHDRS010000063.1:28438025-33473174	3488619	3491893	+	3274	1.0	0.9984728161270617	60	1
HG02280_2	HG02280#2	CYP21A1P	CYP21	HG02280#2#JBHDRS010000063.1:28438025-33473174	3514986	3518261	+	3274	1.0	0.977459640572647	0	1
HG02280_2	HG02280#2	CYP21A2	CYP21	HG02280#2#JBHDRS010000063.1:28438025-33473174	3515031	3518261	+	3230	1.0	0.9987616099071207	60	1
HG02280_2	HG02280#2	CYP21A2	CYP21	HG02280#2#JBHDRS010000063.1:28438025-33473174	3488669	3491893	+	3230	0.9984520123839009	0.9783482833281781	0	1
HG02280_2	HG02280#2	TNXA	TNX	HG02280#2#JBHDRS010000063.1:28438025-33473174	3491403	3496007	-	4604	1.0	0.9956559513466551	25	1
HG02280_2	HG02280#2	TNXA	TNX	HG02280#2#JBHDRS010000063.1:28438025-33473174	3517771	3522495	-	4604	1.0	0.9697290431837426	0	1
HG02280_2	HG02280#2	TNXB	TNX	HG02280#2#JBHDRS010000063.1:28438025-33473174	3517769	3582603	-	68186	1.0	0.9499098200800622	60	0
HG02280_2	HG02280#2	WHR1B	WHR1	HG02280#2#JBHDRS010000063.1:28438025-33473174	3496253	3496771	+	518	1.0	0.9980694980694981	60	1
HG02280_2	HG02280#2	WHR1B	WHR1	HG02280#2#JBHDRS010000063.1:28438025-33473174	3463515	3464033	+	518	1.0	0.9922779922779923	0	1
HG02293_1	HG02293#1	WHR1	WHR1	HG02293#1#CM086249.1:28376541-33683950	3613017	3623289	+	10272	1.0	0.9991239170641487	60	1
HG02293_1	HG02293#1	CYP21A1P	CYP21	HG02293#1#CM086249.1:28376541-33683950	3647478	3650752	+	3274	1.0	0.998167379352474	60	1
HG02293_1	HG02293#1	CYP21A1P	CYP21	HG02293#1#CM086249.1:28376541-33683950	3680213	3683485	+	3274	1.0	0.977459640572647	0	1
HG02293_1	HG02293#1	CYP21A2	CYP21	HG02293#1#CM086249.1:28376541-33683950	3680258	3683485	+	3230	1.0	0.9962848297213622	60	1
HG02293_1	HG02293#1	CYP21A2	CYP21	HG02293#1#CM086249.1:28376541-33683950	3647528	3650752	+	3230	0.9984520123839009	0.9780389730900093	0	1
HG02293_1	HG02293#1	TNXA	TNX	HG02293#1#CM086249.1:28376541-33683950	3650262	3654866	-	4604	1.0	0.9980451781059948	60	1
HG02293_1	HG02293#1	TNXA	TNX	HG02293#1#CM086249.1:28376541-33683950	3682995	3687718	-	4604	1.0	0.9688823031329382	0	1
HG02293_1	HG02293#1	TNXB	TNX	HG02293#1#CM086249.1:28376541-33683950	3682993	3751184	-	68186	1.0	0.9988271170537181	60	1
HG02293_1	HG02293#1	WHR1B	WHR1	HG02293#1#CM086249.1:28376541-33683950	3655112	3655630	+	518	1.0	0.9980694980694981	60	1
HG02293_1	HG02293#1	WHR1B	WHR1	HG02293#1#CM086249.1:28376541-33683950	3622374	3622892	+	518	1.0	0.9942084942084942	0	1
HG02293_2	HG02293#2	WHR1	WHR1	HG02293#2#CM086237.1:28436443-33671517	3549472	3559743	+	10272	1.0	0.998831889418865	60	1
HG02293_2	HG02293#2	CYP21A1P	CYP21	HG02293#2#CM086237.1:28436443-33671517	3583932	3587206	+	3274	1.0	0.9987782529016493	60	1
HG02293_2	HG02293#2	CYP21A1P	CYP21	HG02293#2#CM086237.1:28436443-33671517	3610299	3613573	+	3274	1.0	0.9765386959171237	0	1
HG02293_2	HG02293#2	CYP21A2	CYP21	HG02293#2#CM086237.1:28436443-33671517	3610344	3613573	+	3230	1.0	0.9978328173374613	60	1
HG02293_2	HG02293#2	CYP21A2	CYP21	HG02293#2#CM086237.1:28436443-33671517	3583982	3587206	+	3230	0.9984520123839009	0.9780389730900093	0	1
HG02293_2	HG02293#2	TNXA	TNX	HG02293#2#CM086237.1:28436443-33671517	3586716	3591320	-	4604	1.0	0.9963075586446568	19	1
HG02293_2	HG02293#2	TNXA	TNX	HG02293#2#CM086237.1:28436443-33671517	3613083	3617806	-	4604	1.0	0.9703640982218459	0	1
HG02293_2	HG02293#2	TNXB	TNX	HG02293#2#CM086237.1:28436443-33671517	3613081	3681285	-	68186	1.0	0.999252320007037	60	1
HG02293_2	HG02293#2	WHR1B	WHR1	HG02293#2#CM086237.1:28436443-33671517	3591566	3592084	+	518	1.0	0.9980694980694981	60	1
HG02293_2	HG02293#2	WHR1B	WHR1	HG02293#2#CM086237.1:28436443-33671517	3558828	3559346	+	518	1.0	0.9922779922779923	0	1
HG02300_1	HG02300#1	WHR1	WHR1	HG02300#1#JBHDSD010000065.1:28384265-33632330	3555524	3565796	+	10272	1.0	0.9991239170641487	60	1
HG02300_1	HG02300#1	CYP21A1P	CYP21	HG02300#1#JBHDSD010000065.1:28384265-33632330	3589985	3593259	+	3274	1.0	0.998167379352474	60	1
HG02300_1	HG02300#1	CYP21A1P	CYP21	HG02300#1#JBHDSD010000065.1:28384265-33632330	3622720	3625991	+	3274	1.0	0.97775746496039	0	1
HG02300_1	HG02300#1	CYP21A2	CYP21	HG02300#1#JBHDSD010000065.1:28384265-33632330	3622765	3625991	+	3230	1.0	0.9956656346749226	60	1
HG02300_1	HG02300#1	CYP21A2	CYP21	HG02300#1#JBHDSD010000065.1:28384265-33632330	3590035	3593259	+	3230	0.9984520123839009	0.9780389730900093	0	1
HG02300_1	HG02300#1	TNXA	TNX	HG02300#1#JBHDSD010000065.1:28384265-33632330	3592769	3597373	-	4604	1.0	0.998262380538662	60	1
HG02300_1	HG02300#1	TNXA	TNX	HG02300#1#JBHDSD010000065.1:28384265-33632330	3625501	3630224	-	4604	1.0	0.9693056731583404	0	1
HG02300_1	HG02300#1	TNXB	TNX	HG02300#1#JBHDSD010000065.1:28384265-33632330	3625499	3693675	-	68186	1.0	0.9986951294607512	60	1
HG02300_1	HG02300#1	WHR1B	WHR1	HG02300#1#JBHDSD010000065.1:28384265-33632330	3597619	3598137	+	518	1.0	0.9980694980694981	60	1
HG02300_1	HG02300#1	WHR1B	WHR1	HG02300#1#JBHDSD010000065.1:28384265-33632330	3564881	3565399	+	518	1.0	0.9942084942084942	0	1
HG02300_2	HG02300#2	WHR1	WHR1	HG02300#2#JBHDSE010000015.1:28383936-33525808	3454211	3464483	+	10272	1.0	0.9987346700408799	60	1
HG02300_2	HG02300#2	CYP21A1P	CYP21	HG02300#2#JBHDSE010000015.1:28383936-33525808	3488672	3491946	+	3274	1.0	0.9987782529016493	60	1
HG02300_2	HG02300#2	CYP21A1P	CYP21	HG02300#2#JBHDSE010000015.1:28383936-33525808	3515039	3518313	+	3274	1.0	0.9765386959171237	0	1
HG02300_2	HG02300#2	CYP21A2	CYP21	HG02300#2#JBHDSE010000015.1:28383936-33525808	3515084	3518313	+	3230	1.0	0.9978328173374613	60	1
HG02300_2	HG02300#2	CYP21A2	CYP21	HG02300#2#JBHDSE010000015.1:28383936-33525808	3488722	3491946	+	3230	0.9984520123839009	0.9780389730900093	0	1
HG02300_2	HG02300#2	TNXA	TNX	HG02300#2#JBHDSE010000015.1:28383936-33525808	3491456	3496060	-	4604	1.0	0.9963075586446568	19	1
HG02300_2	HG02300#2	TNXA	TNX	HG02300#2#JBHDSE010000015.1:28383936-33525808	3517823	3522546	-	4604	1.0	0.9703640982218459	0	1
HG02300_2	HG02300#2	TNXB	TNX	HG02300#2#JBHDSE010000015.1:28383936-33525808	3517821	3586021	-	68186	1.0	0.9993255824182269	60	1
HG02300_2	HG02300#2	WHR1B	WHR1	HG02300#2#JBHDSE010000015.1:28383936-33525808	3496306	3496824	+	518	1.0	0.9980694980694981	60	1
HG02300_2	HG02300#2	WHR1B	WHR1	HG02300#2#JBHDSE010000015.1:28383936-33525808	3463568	3464086	+	518	1.0	0.9922779922779923	0	1
HG02391_1	HG02391#1	WHR1	WHR1	HG02391#1#CM087584.1:28379784-33548956	3566574	3576845	+	10272	1.0	0.9989292319672929	60	1
HG02391_1	HG02391#1	CYP21A1P	CYP21	HG02391#1#CM087584.1:28379784-33548956	3601034	3604308	+	3274	1.0	0.9984728161270617	60	1
HG02391_1	HG02391#1	CYP21A1P	CYP21	HG02391#1#CM087584.1:28379784-33548956	3627401	3630675	+	3274	1.0	0.9768433881779403	0	1
HG02391_1	HG02391#1	CYP21A2	CYP21	HG02391#1#CM087584.1:28379784-33548956	3627446	3630675	+	3230	1.0	0.9981424148606811	60	1
HG02391_1	HG02391#1	CYP21A2	CYP21	HG02391#1#CM087584.1:28379784-33548956	3601084	3604308	+	3230	0.9984520123839009	0.9783482833281781	0	1
HG02391_1	HG02391#1	TNXA	TNX	HG02391#1#CM087584.1:28379784-33548956	3603818	3608422	-	4604	1.0	0.996524761077324	19	1
HG02391_1	HG02391#1	TNXA	TNX	HG02391#1#CM087584.1:28379784-33548956	3630185	3634908	-	4604	1.0	0.970575783234547	0	1
HG02391_1	HG02391#1	TNXB	TNX	HG02391#1#CM087584.1:28379784-33548956	3630183	3698374	-	68186	1.0	0.9992815565297715	60	1
HG02391_1	HG02391#1	WHR1B	WHR1	HG02391#1#CM087584.1:28379784-33548956	3608668	3609186	+	518	1.0	0.9980694980694981	60	1
HG02391_1	HG02391#1	WHR1B	WHR1	HG02391#1#CM087584.1:28379784-33548956	3575930	3576448	+	518	1.0	0.9922779922779923	0	1
HG02391_2	HG02391#2	WHR1	WHR1	HG02391#2#CM087613.1:28373481-33549853	3565299	3575571	+	10272	1.0	0.9990265745157209	60	1
HG02391_2	HG02391#2	CYP21A1P	CYP21	HG02391#2#CM087613.1:28373481-33549853	3599760	3603034	+	3274	1.0	0.998167379352474	60	1
HG02391_2	HG02391#2	CYP21A1P	CYP21	HG02391#2#CM087613.1:28373481-33549853	3632495	3635766	+	3274	1.0	0.9780621572212066	0	1
HG02391_2	HG02391#2	CYP21A2	CYP21	HG02391#2#CM087613.1:28373481-33549853	3632540	3635766	+	3230	1.0	0.9969040247678018	60	1
HG02391_2	HG02391#2	CYP21A2	CYP21	HG02391#2#CM087613.1:28373481-33549853	3599810	3603034	+	3230	0.9984520123839009	0.9780389730900093	0	1
HG02391_2	HG02391#2	TNXA	TNX	HG02391#2#CM087613.1:28373481-33549853	3602544	3607148	-	4604	1.0	0.9984795829713293	60	1
HG02391_2	HG02391#2	TNXA	TNX	HG02391#2#CM087613.1:28373481-33549853	3635276	3639999	-	4604	1.0	0.9688823031329382	0	1
HG02391_2	HG02391#2	TNXB	TNX	HG02391#2#CM087613.1:28373481-33549853	3635274	3703460	-	68186	1.0	0.9986658652084036	60	1
HG02391_2	HG02391#2	WHR1B	WHR1	HG02391#2#CM087613.1:28373481-33549853	3607394	3607912	+	518	1.0	0.9980694980694981	60	1
HG02391_2	HG02391#2	WHR1B	WHR1	HG02391#2#CM087613.1:28373481-33549853	3574656	3575174	+	518	1.0	0.9942084942084942	0	1
HG02392_1	HG02392#1	WHR1	WHR1	HG02392#1#CM099882.1:28340512-33566823	3565755	3576018	+	10272	1.0	0.9981503115264797	60	1
HG02392_1	HG02392#1	CYP21A1P	CYP21	HG02392#1#CM099882.1:28340512-33566823	3600208	3603482	+	3274	1.0	0.9966401954795358	60	1
HG02392_1	HG02392#1	CYP21A1P	CYP21	HG02392#1#CM099882.1:28340512-33566823	3626578	3629852	+	3274	1.0	0.9804996953077392	0	1
HG02392_1	HG02392#1	CYP21A1P	CYP21	HG02392#1#CM099882.1:28340512-33566823	3659313	3662569	+	3274	1.0	0.9728823887873248	0	1
HG02392_1	HG02392#1	CYP21A1P	CYP21	HG02392#1#CM099882.1:28340512-33566823	3685781	3689055	+	3274	1.0	0.9771480804387569	0	1
HG02392_1	HG02392#1	CYP21A2	CYP21	HG02392#1#CM099882.1:28340512-33566823	3659380	3662569	+	3230	0.9876160990712074	0.9968652037617555	4	1
HG02392_1	HG02392#1	CYP21A2	CYP21	HG02392#1#CM099882.1:28340512-33566823	3685826	3689055	+	3230	1.0	0.9962848297213622	0	1
HG02392_1	HG02392#1	CYP21A2	CYP21	HG02392#1#CM099882.1:28340512-33566823	3626628	3629852	+	3230	0.9984520123839009	0.9944186046511628	0	1
HG02392_1	HG02392#1	CYP21A2	CYP21	HG02392#1#CM099882.1:28340512-33566823	3600258	3603482	+	3230	0.9984520123839009	0.9789669038045159	0	1
HG02392_1	HG02392#1	TNXA	TNX	HG02392#1#CM099882.1:28340512-33566823	3629362	3633966	-	4604	1.0	0.9971763683753258	4	1
HG02392_1	HG02392#1	TNXA	TNX	HG02392#1#CM099882.1:28340512-33566823	3602992	3607596	-	4604	1.0	0.9969591659426585	0	1
HG02392_1	HG02392#1	TNXA	TNX	HG02392#1#CM099882.1:28340512-33566823	3662079	3666802	-	4604	1.0	0.9688823031329382	0	1
HG02392_1	HG02392#1	TNXA	TNX	HG02392#1#CM099882.1:28340512-33566823	3688565	3693289	-	4604	1.0	0.9686706181202371	0	1
HG02392_1	HG02392#1	TNXB	TNX	HG02392#1#CM099882.1:28340512-33566823	3688563	3756719	-	68186	1.0	0.9980646863912266	60	1
HG02392_1	HG02392#1	WHR1B	WHR1	HG02392#1#CM099882.1:28340512-33566823	3634212	3634730	+	518	1.0	0.9961389961389961	0	1
HG02392_1	HG02392#1	WHR1B	WHR1	HG02392#1#CM099882.1:28340512-33566823	3607842	3608360	+	518	1.0	0.9961389961389961	0	1
HG02392_1	HG02392#1	WHR1B	WHR1	HG02392#1#CM099882.1:28340512-33566823	3667048	3667566	+	518	1.0	0.9942084942084942	0	1
HG02392_1	HG02392#1	WHR1B	WHR1	HG02392#1#CM099882.1:28340512-33566823	3575106	3575621	+	518	1.0	0.9884169884169884	0	1
HG02392_2	HG02392#2	WHR1	WHR1	HG02392#2#CM099892.1:28378060-33485526	3505248	3515519	+	10272	1.0	0.9999026479750779	60	1
HG02392_2	HG02392#2	CYP21A1P	CYP21	HG02392#2#CM099892.1:28378060-33485526	3539704	3542977	+	3274	1.0	0.9978619425778864	60	1
HG02392_2	HG02392#2	CYP21A1P	CYP21	HG02392#2#CM099892.1:28378060-33485526	3566065	3569339	+	3274	1.0	0.9771480804387569	0	1
HG02392_2	HG02392#2	CYP21A2	CYP21	HG02392#2#CM099892.1:28378060-33485526	3566110	3569339	+	3230	1.0	0.9981424148606811	60	1
HG02392_2	HG02392#2	CYP21A2	CYP21	HG02392#2#CM099892.1:28378060-33485526	3539749	3542977	+	3230	1.0	0.9774552192711551	0	1
HG02392_2	HG02392#2	TNXA	TNX	HG02392#2#CM099892.1:28378060-33485526	3542487	3547091	-	4604	1.0	0.9980451781059948	60	1
HG02392_2	HG02392#2	TNXA	TNX	HG02392#2#CM099892.1:28378060-33485526	3568849	3573572	-	4604	1.0	0.9695173581710415	0	1
HG02392_2	HG02392#2	TNXB	TNX	HG02392#2#CM099892.1:28378060-33485526	3568847	3637044	-	68186	1.0	0.9987832766506392	60	1
HG02392_2	HG02392#2	WHR1B	WHR1	HG02392#2#CM099892.1:28378060-33485526	3547337	3547855	+	518	1.0	0.9961389961389961	43	1
HG02392_2	HG02392#2	WHR1B	WHR1	HG02392#2#CM099892.1:28378060-33485526	3514604	3515122	+	518	1.0	0.9942084942084942	0	1
HG02451_1	HG02451#1	WHR1	WHR1	HG02451#1#CM086202.1:28416438-33496141	3502857	3513121	+	10272	1.0	0.9981504915798696	60	1
HG02451_1	HG02451#1	CYP21A1P	CYP21	HG02451#1#CM086202.1:28416438-33496141	3537310	3540584	+	3274	1.0	0.9966401954795358	60	1
HG02451_1	HG02451#1	CYP21A1P	CYP21	HG02451#1#CM086202.1:28416438-33496141	3563676	3566951	+	3274	1.0	0.977459640572647	0	1
HG02451_1	HG02451#1	CYP21A2	CYP21	HG02451#1#CM086202.1:28416438-33496141	3563721	3566951	+	3230	1.0	0.9975232198142415	60	1
HG02451_1	HG02451#1	CYP21A2	CYP21	HG02451#1#CM086202.1:28416438-33496141	3537360	3540584	+	3230	0.9984520123839009	0.9789669038045159	0	1
HG02451_1	HG02451#1	TNXA	TNX	HG02451#1#CM086202.1:28416438-33496141	3540094	3544698	-	4604	1.0	0.9963075586446568	49	1
HG02451_1	HG02451#1	TNXA	TNX	HG02451#1#CM086202.1:28416438-33496141	3566461	3571184	-	4604	1.0	0.9693056731583404	0	1
HG02451_1	HG02451#1	TNXB	TNX	HG02451#1#CM086202.1:28416438-33496141	3566459	3634649	-	68186	1.0	0.9989735919881523	60	1
HG02451_1	HG02451#1	WHR1B	WHR1	HG02451#1#CM086202.1:28416438-33496141	3544944	3545462	+	518	1.0	0.9961389961389961	60	1
HG02451_1	HG02451#1	WHR1B	WHR1	HG02451#1#CM086202.1:28416438-33496141	3512209	3512724	+	518	1.0	0.9884169884169884	0	1
HG02451_2	HG02451#2	WHR1	WHR1	HG02451#2#CM086226.1:28455260-33610103	3551764	3562036	+	10272	1.0	0.9996105919003115	60	1
HG02451_2	HG02451#2	CYP21A1P	CYP21	HG02451#2#CM086226.1:28455260-33610103	3586226	3589500	+	3274	1.0	0.9969456322541234	60	1
HG02451_2	HG02451#2	CYP21A1P	CYP21	HG02451#2#CM086226.1:28455260-33610103	3612593	3615868	+	3274	1.0	0.977459640572647	0	1
HG02451_2	HG02451#2	CYP21A2	CYP21	HG02451#2#CM086226.1:28455260-33610103	3612638	3615868	+	3230	1.0	0.9978328173374613	60	1
HG02451_2	HG02451#2	CYP21A2	CYP21	HG02451#2#CM086226.1:28455260-33610103	3586276	3589500	+	3230	0.9984520123839009	0.9780389730900093	0	1
HG02451_2	HG02451#2	TNXA	TNX	HG02451#2#CM086226.1:28455260-33610103	3589010	3593614	-	4604	1.0	0.9976107732406603	57	1
HG02451_2	HG02451#2	TNXA	TNX	HG02451#2#CM086226.1:28455260-33610103	3615378	3620101	-	4604	1.0	0.9701524132091448	0	1
HG02451_2	HG02451#2	TNXB	TNX	HG02451#2#CM086226.1:28455260-33610103	3615376	3683556	-	68186	1.0	0.9992668084170394	60	1
HG02451_2	HG02451#2	WHR1B	WHR1	HG02451#2#CM086226.1:28455260-33610103	3593860	3594378	+	518	1.0	0.9980694980694981	34	1
HG02451_2	HG02451#2	WHR1B	WHR1	HG02451#2#CM086226.1:28455260-33610103	3561121	3561639	+	518	1.0	0.9961389961389961	0	1
HG02486_1	HG02486#1	WHR1	WHR1	HG02486#1#CM088195.1:28400032-33557891	3554955	3565225	+	10272	1.0	0.9994158878504673	60	1
HG02486_1	HG02486#1	CYP21A1P	CYP21	HG02486#1#CM088195.1:28400032-33557891	3589416	3592690	+	3274	1.0	0.9972510690287111	60	1
HG02486_1	HG02486#1	CYP21A1P	CYP21	HG02486#1#CM088195.1:28400032-33557891	3615783	3619058	+	3274	1.0	0.9786780383795309	0	1
HG02486_1	HG02486#1	CYP21A2	CYP21	HG02486#1#CM088195.1:28400032-33557891	3615828	3619058	+	3230	1.0	0.9959752321981424	60	1
HG02486_1	HG02486#1	CYP21A2	CYP21	HG02486#1#CM088195.1:28400032-33557891	3589466	3592690	+	3230	0.9984520123839009	0.9777296628518404	0	1
HG02486_1	HG02486#1	TNXA	TNX	HG02486#1#CM088195.1:28400032-33557891	3592200	3596804	-	4604	1.0	0.996524761077324	1	1
HG02486_1	HG02486#1	TNXA	TNX	HG02486#1#CM088195.1:28400032-33557891	3618568	3623292	-	4604	1.0	0.9714225232853514	0	1
HG02486_1	HG02486#1	TNXB	TNX	HG02486#1#CM088195.1:28400032-33557891	3618566	3686708	-	68186	1.0	0.998342987022509	60	1
HG02486_1	HG02486#1	WHR1B	WHR1	HG02486#1#CM088195.1:28400032-33557891	3597050	3597568	+	518	1.0	0.9980694980694981	60	1
HG02486_1	HG02486#1	WHR1B	WHR1	HG02486#1#CM088195.1:28400032-33557891	3564310	3564828	+	518	1.0	0.9922779922779923	0	1
HG02486_2	HG02486#2	WHR1	WHR1	HG02486#2#CM088219.1:28305765-33500079	3619686	3629958	+	10272	1.0	0.9994158878504673	60	1
HG02486_2	HG02486#2	CYP21A1P	CYP21	HG02486#2#CM088219.1:28305765-33500079	3654147	3657421	+	3274	1.0	0.9966401954795358	60	1
HG02486_2	HG02486#2	CYP21A1P	CYP21	HG02486#2#CM088219.1:28305765-33500079	3680514	3683789	+	3274	1.0	0.976850441669205	0	1
HG02486_2	HG02486#2	CYP21A2	CYP21	HG02486#2#CM088219.1:28305765-33500079	3680559	3683789	+	3230	1.0	0.9978328173374613	60	1
HG02486_2	HG02486#2	CYP21A2	CYP21	HG02486#2#CM088219.1:28305765-33500079	3654197	3657421	+	3230	0.9984520123839009	0.9777296628518404	0	1
HG02486_2	HG02486#2	TNXA	TNX	HG02486#2#CM088219.1:28305765-33500079	3656931	3661535	-	4604	1.0	0.9963075586446568	14	1
HG02486_2	HG02486#2	TNXA	TNX	HG02486#2#CM088219.1:28305765-33500079	3683299	3688022	-	4604	1.0	0.970575783234547	0	1
HG02486_2	HG02486#2	TNXB	TNX	HG02486#2#CM088219.1:28305765-33500079	3683297	3751488	-	68186	1.0	0.9992961980029619	60	1
HG02486_2	HG02486#2	WHR1B	WHR1	HG02486#2#CM088219.1:28305765-33500079	3661781	3662299	+	518	1.0	0.9961389961389961	35	1
HG02486_2	HG02486#2	WHR1B	WHR1	HG02486#2#CM088219.1:28305765-33500079	3629043	3629561	+	518	1.0	0.9942084942084942	0	1
HG02514_1	HG02514#1	WHR1	WHR1	HG02514#1#CM098732.1:28373958-33711051	3614328	3624596	+	10272	1.0	0.9993185358255452	60	1
HG02514_1	HG02514#1	CYP21A1P	CYP21	HG02514#1#CM098732.1:28373958-33711051	3675158	3678432	+	3274	1.0	0.998167379352474	19	1
HG02514_1	HG02514#1	CYP21A1P	CYP21	HG02514#1#CM098732.1:28373958-33711051	3648787	3652061	+	3274	1.0	0.9972510690287111	0	1
HG02514_1	HG02514#1	CYP21A1P	CYP21	HG02514#1#CM098732.1:28373958-33711051	3701525	3704800	+	3274	1.0	0.9808102345415778	0	1
HG02514_1	HG02514#1	CYP21A2	CYP21	HG02514#1#CM098732.1:28373958-33711051	3701570	3704800	+	3230	1.0	0.9950464396284829	60	1
HG02514_1	HG02514#1	CYP21A2	CYP21	HG02514#1#CM098732.1:28373958-33711051	3675208	3678432	+	3230	0.9984520123839009	0.9780389730900093	0	1
HG02514_1	HG02514#1	CYP21A2	CYP21	HG02514#1#CM098732.1:28373958-33711051	3648837	3652061	+	3230	0.9984520123839009	0.9777296628518404	0	1
HG02514_1	HG02514#1	TNXA	TNX	HG02514#1#CM098732.1:28373958-33711051	3651571	3656175	-	4604	1.0	0.9967419635099913	11	1
HG02514_1	HG02514#1	TNXA	TNX	HG02514#1#CM098732.1:28373958-33711051	3677942	3682546	-	4604	1.0	0.9963075586446568	0	1
HG02514_1	HG02514#1	TNXA	TNX	HG02514#1#CM098732.1:28373958-33711051	3704310	3709034	-	4604	1.0	0.9709991532599492	0	1
HG02514_1	HG02514#1	TNXB	TNX	HG02514#1#CM098732.1:28373958-33711051	3704308	3772476	-	68186	1.0	0.9983433757018663	60	1
HG02514_1	HG02514#1	WHR1B	WHR1	HG02514#1#CM098732.1:28373958-33711051	3682792	3683310	+	518	1.0	0.9980694980694981	0	1
HG02514_1	HG02514#1	WHR1B	WHR1	HG02514#1#CM098732.1:28373958-33711051	3656421	3656939	+	518	1.0	0.9980694980694981	0	1
HG02514_1	HG02514#1	WHR1B	WHR1	HG02514#1#CM098732.1:28373958-33711051	3623681	3624199	+	518	1.0	0.9942084942084942	0	1
HG02514_2	HG02514#2	WHR1	WHR1	HG02514#2#CM098748.1:28370171-33533737	3557826	3568097	+	10272	1.0	0.9989292319672929	60	1
HG02514_2	HG02514#2	CYP21A1P	CYP21	HG02514#2#CM098748.1:28370171-33533737	3592286	3595560	+	3274	1.0	0.9987782529016493	0	1
HG02514_2	HG02514#2	CYP21A1P	CYP21	HG02514#2#CM098748.1:28370171-33533737	3625024	3628298	+	3274	1.0	0.9987782529016493	0	1
HG02514_2	HG02514#2	CYP21A1P	CYP21	HG02514#2#CM098748.1:28370171-33533737	3651391	3654665	+	3274	1.0	0.9768433881779403	0	1
HG02514_2	HG02514#2	CYP21A2	CYP21	HG02514#2#CM098748.1:28370171-33533737	3651436	3654665	+	3230	1.0	0.9981424148606811	60	1
HG02514_2	HG02514#2	CYP21A2	CYP21	HG02514#2#CM098748.1:28370171-33533737	3625074	3628298	+	3230	0.9984520123839009	0.9780389730900093	0	1
HG02514_2	HG02514#2	CYP21A2	CYP21	HG02514#2#CM098748.1:28370171-33533737	3592336	3595560	+	3230	0.9984520123839009	0.9780389730900093	0	1
HG02514_2	HG02514#2	TNXA	TNX	HG02514#2#CM098748.1:28370171-33533737	3627808	3632412	-	4604	1.0	0.9963075586446568	4	1
HG02514_2	HG02514#2	TNXA	TNX	HG02514#2#CM098748.1:28370171-33533737	3595070	3599674	-	4604	1.0	0.9960903562119896	0	1
HG02514_2	HG02514#2	TNXA	TNX	HG02514#2#CM098748.1:28370171-33533737	3654175	3658898	-	4604	1.0	0.9699407281964437	0	1
HG02514_2	HG02514#2	TNXB	TNX	HG02514#2#CM098748.1:28370171-33533737	3654173	3722360	-	68186	1.0	0.9993548292496958	60	1
HG02514_2	HG02514#2	WHR1B	WHR1	HG02514#2#CM098748.1:28370171-33533737	3632658	3633176	+	518	1.0	0.9980694980694981	0	1
HG02514_2	HG02514#2	WHR1B	WHR1	HG02514#2#CM098748.1:28370171-33533737	3599920	3600438	+	518	1.0	0.9980694980694981	0	1
HG02514_2	HG02514#2	WHR1B	WHR1	HG02514#2#CM098748.1:28370171-33533737	3567182	3567700	+	518	1.0	0.9922779922779923	0	1
HG02523_1	HG02523#1	WHR1	WHR1	HG02523#1#CM086922.1:28564085-33712113	3558884	3569148	+	10272	1.0	0.9981504915798696	60	1
HG02523_1	HG02523#1	CYP21A1P	CYP21	HG02523#1#CM086922.1:28564085-33712113	3593337	3596611	+	3274	1.0	0.9969456322541234	60	1
HG02523_1	HG02523#1	CYP21A1P	CYP21	HG02523#1#CM086922.1:28564085-33712113	3619703	3622978	+	3274	1.0	0.977459640572647	0	1
HG02523_1	HG02523#1	CYP21A2	CYP21	HG02523#1#CM086922.1:28564085-33712113	3619748	3622978	+	3230	1.0	0.9975232198142415	60	1
HG02523_1	HG02523#1	CYP21A2	CYP21	HG02523#1#CM086922.1:28564085-33712113	3593387	3596611	+	3230	0.9984520123839009	0.9786575935663471	0	1
HG02523_1	HG02523#1	TNXA	TNX	HG02523#1#CM086922.1:28564085-33712113	3596121	3600725	-	4604	1.0	0.9963075586446568	49	1
HG02523_1	HG02523#1	TNXA	TNX	HG02523#1#CM086922.1:28564085-33712113	3622488	3627211	-	4604	1.0	0.9693056731583404	0	1
HG02523_1	HG02523#1	TNXB	TNX	HG02523#1#CM086922.1:28564085-33712113	3622486	3690670	-	68186	1.0	0.9989295873779289	60	1
HG02523_1	HG02523#1	WHR1B	WHR1	HG02523#1#CM086922.1:28564085-33712113	3600971	3601489	+	518	1.0	0.9961389961389961	60	1
HG02523_1	HG02523#1	WHR1B	WHR1	HG02523#1#CM086922.1:28564085-33712113	3568236	3568751	+	518	1.0	0.9884169884169884	0	1
HG02523_2	HG02523#2	WHR1	WHR1	HG02523#2#CM086938.1:28380315-33619374	3551480	3561752	+	10272	1.0	0.9999026479750779	60	1
HG02523_2	HG02523#2	CYP21A1P	CYP21	HG02523#2#CM086938.1:28380315-33619374	3585940	3589213	+	3274	1.0	0.9975565058032987	60	1
HG02523_2	HG02523#2	CYP21A1P	CYP21	HG02523#2#CM086938.1:28380315-33619374	3612305	3615579	+	3274	1.0	0.9771480804387569	0	1
HG02523_2	HG02523#2	CYP21A2	CYP21	HG02523#2#CM086938.1:28380315-33619374	3612350	3615579	+	3230	1.0	0.9981424148606811	60	1
HG02523_2	HG02523#2	CYP21A2	CYP21	HG02523#2#CM086938.1:28380315-33619374	3585985	3589213	+	3230	1.0	0.9771463866584311	0	1
HG02523_2	HG02523#2	TNXA	TNX	HG02523#2#CM086938.1:28380315-33619374	3588723	3593327	-	4604	1.0	0.9978279756733276	60	1
HG02523_2	HG02523#2	TNXA	TNX	HG02523#2#CM086938.1:28380315-33619374	3615089	3619812	-	4604	1.0	0.9695173581710415	0	1
HG02523_2	HG02523#2	TNXB	TNX	HG02523#2#CM086938.1:28380315-33619374	3615087	3683285	-	68186	1.0	0.9988272374111266	60	1
HG02523_2	HG02523#2	WHR1B	WHR1	HG02523#2#CM086938.1:28380315-33619374	3593573	3594091	+	518	1.0	0.9961389961389961	43	1
HG02523_2	HG02523#2	WHR1B	WHR1	HG02523#2#CM086938.1:28380315-33619374	3560837	3561355	+	518	1.0	0.9942084942084942	0	1
HG02559_1	HG02559#1	WHR1	WHR1	HG02559#1#CM088234.1:28438650-33681676	3551296	3561568	+	10272	1.0	0.9991239170641487	60	1
HG02559_1	HG02559#1	CYP21A1P	CYP21	HG02559#1#CM088234.1:28438650-33681676	3585757	3589031	+	3274	1.0	0.998167379352474	60	1
HG02559_1	HG02559#1	CYP21A1P	CYP21	HG02559#1#CM088234.1:28438650-33681676	3618492	3621763	+	3274	1.0	0.9780621572212066	0	1
HG02559_1	HG02559#1	CYP21A2	CYP21	HG02559#1#CM088234.1:28438650-33681676	3618537	3621763	+	3230	1.0	0.9959752321981424	60	1
HG02559_1	HG02559#1	CYP21A2	CYP21	HG02559#1#CM088234.1:28438650-33681676	3585807	3589031	+	3230	0.9984520123839009	0.9780389730900093	0	1
HG02559_1	HG02559#1	TNXA	TNX	HG02559#1#CM088234.1:28438650-33681676	3588541	3593145	-	4604	1.0	0.9980451781059948	60	1
HG02559_1	HG02559#1	TNXA	TNX	HG02559#1#CM088234.1:28438650-33681676	3621273	3625996	-	4604	1.0	0.9686706181202371	0	1
HG02559_1	HG02559#1	TNXB	TNX	HG02559#1#CM088234.1:28438650-33681676	3621271	3689455	-	68186	1.0	0.9986658847676294	60	1
HG02559_1	HG02559#1	WHR1B	WHR1	HG02559#1#CM088234.1:28438650-33681676	3593391	3593909	+	518	1.0	0.9980694980694981	60	1
HG02559_1	HG02559#1	WHR1B	WHR1	HG02559#1#CM088234.1:28438650-33681676	3560653	3561171	+	518	1.0	0.9942084942084942	0	1
HG02559_2	HG02559#2	WHR1	WHR1	HG02559#2#CM088248.1:28392101-33544670	3550275	3560547	+	10272	1.0	1.0	60	1
HG02559_2	HG02559#2	CYP21A1P	CYP21	HG02559#2#CM088248.1:28392101-33544670	3584736	3588010	+	3274	1.0	0.9996945632254124	60	1
HG02559_2	HG02559#2	CYP21A1P	CYP21	HG02559#2#CM088248.1:28392101-33544670	3617470	3620745	+	3274	1.0	0.9783734389278099	0	1
HG02559_2	HG02559#2	CYP21A2	CYP21	HG02559#2#CM088248.1:28392101-33544670	3617515	3620745	+	3230	1.0	0.9993808049535604	60	1
HG02559_2	HG02559#2	CYP21A2	CYP21	HG02559#2#CM088248.1:28392101-33544670	3584786	3588010	+	3230	0.9984520123839009	0.9783482833281781	0	1
HG02559_2	HG02559#2	TNXA	TNX	HG02559#2#CM088248.1:28392101-33544670	3587520	3592124	-	4604	1.0	0.9997827975673328	60	1
HG02559_2	HG02559#2	TNXA	TNX	HG02559#2#CM088248.1:28392101-33544670	3620255	3624978	-	4604	1.0	0.9701524132091448	0	1
HG02559_2	HG02559#2	TNXB	TNX	HG02559#2#CM088248.1:28392101-33544670	3620253	3688446	-	68186	1.0	0.9995747925280783	60	1
HG02559_2	HG02559#2	WHR1B	WHR1	HG02559#2#CM088248.1:28392101-33544670	3592370	3592888	+	518	1.0	1.0	60	1
HG02559_2	HG02559#2	WHR1B	WHR1	HG02559#2#CM088248.1:28392101-33544670	3559632	3560150	+	518	1.0	0.9942084942084942	0	1
HG02572_1	HG02572#1	WHR1	WHR1	HG02572#1#CM088155.1:28443542-33635020	3618768	3629037	+	10272	1.0	0.9992212596125767	60	1
HG02572_1	HG02572#1	CYP21A1P	CYP21	HG02572#1#CM088155.1:28443542-33635020	3653228	3656502	+	3274	1.0	0.9972510690287111	60	1
HG02572_1	HG02572#1	CYP21A1P	CYP21	HG02572#1#CM088155.1:28443542-33635020	3679595	3682869	+	3274	1.0	0.9771480804387569	0	1
HG02572_1	HG02572#1	CYP21A2	CYP21	HG02572#1#CM088155.1:28443542-33635020	3679640	3682869	+	3230	1.0	0.9981424148606811	60	1
HG02572_1	HG02572#1	CYP21A2	CYP21	HG02572#1#CM088155.1:28443542-33635020	3653278	3656502	+	3230	0.9984520123839009	0.9777296628518404	0	1
HG02572_1	HG02572#1	TNXA	TNX	HG02572#1#CM088155.1:28443542-33635020	3656012	3660616	-	4604	1.0	0.9969591659426585	50	1
HG02572_1	HG02572#1	TNXA	TNX	HG02572#1#CM088155.1:28443542-33635020	3682379	3687102	-	4604	1.0	0.9699407281964437	0	1
HG02572_1	HG02572#1	TNXB	TNX	HG02572#1#CM088155.1:28443542-33635020	3682377	3750536	-	68186	1.0	0.9992520678125183	60	1
HG02572_1	HG02572#1	WHR1B	WHR1	HG02572#1#CM088155.1:28443542-33635020	3660862	3661380	+	518	1.0	0.9980694980694981	60	1
HG02572_1	HG02572#1	WHR1B	WHR1	HG02572#1#CM088155.1:28443542-33635020	3628122	3628640	+	518	1.0	0.9942084942084942	0	1
HG02572_2	HG02572#2	WHR1	WHR1	HG02572#2#CM088173.1:28510650-33610925	3549120	3559383	+	10272	1.0	0.9981503115264797	60	1
HG02572_2	HG02572#2	CYP21A1P	CYP21	HG02572#2#CM088173.1:28510650-33610925	3583570	3586845	+	3274	1.0	0.977459640572647	60	1
HG02572_2	HG02572#2	CYP21A2	CYP21	HG02572#2#CM088173.1:28510650-33610925	3583615	3586845	+	3230	1.0	0.9975232198142415	60	1
HG02572_2	HG02572#2	TNXA	TNX	HG02572#2#CM088173.1:28510650-33610925	3586355	3591078	-	4604	1.0	0.9693056731583404	60	1
HG02572_2	HG02572#2	TNXB	TNX	HG02572#2#CM088173.1:28510650-33610925	3586353	3654543	-	68186	1.0	0.9989589290165545	60	1
HG02572_2	HG02572#2	WHR1B	WHR1	HG02572#2#CM088173.1:28510650-33610925	3558471	3558986	+	518	1.0	0.9864864864864865	60	1
HG02583_1	HG02583#1	WHR1	WHR1	HG02583#1#CM089490.1:28310454-33519991	3619008	3629280	+	10272	1.0	0.9996105919003115	60	1
HG02583_1	HG02583#1	CYP21A1P	CYP21	HG02583#1#CM089490.1:28310454-33519991	3653470	3656744	+	3274	1.0	0.9966401954795358	60	1
HG02583_1	HG02583#1	CYP21A1P	CYP21	HG02583#1#CM089490.1:28310454-33519991	3679837	3683112	+	3274	1.0	0.977155041120926	0	1
HG02583_1	HG02583#1	CYP21A2	CYP21	HG02583#1#CM089490.1:28310454-33519991	3679882	3683112	+	3230	1.0	0.9981424148606811	60	1
HG02583_1	HG02583#1	CYP21A2	CYP21	HG02583#1#CM089490.1:28310454-33519991	3653520	3656744	+	3230	0.9984520123839009	0.9777296628518404	0	1
HG02583_1	HG02583#1	TNXA	TNX	HG02583#1#CM089490.1:28310454-33519991	3656254	3660858	-	4604	1.0	0.9973935708079931	42	1
HG02583_1	HG02583#1	TNXA	TNX	HG02583#1#CM089490.1:28310454-33519991	3682622	3687345	-	4604	1.0	0.970575783234547	0	1
HG02583_1	HG02583#1	TNXB	TNX	HG02583#1#CM089490.1:28310454-33519991	3682620	3750801	-	68186	1.0	0.9994867357862475	60	1
HG02583_1	HG02583#1	WHR1B	WHR1	HG02583#1#CM089490.1:28310454-33519991	3661104	3661622	+	518	1.0	0.9980694980694981	34	1
HG02583_1	HG02583#1	WHR1B	WHR1	HG02583#1#CM089490.1:28310454-33519991	3628365	3628883	+	518	1.0	0.9961389961389961	0	1
HG02583_2	HG02583#2	WHR1	WHR1	HG02583#2#JBHIIV010000002.1:28450971-33556797	3549989	3560252	+	10272	1.0	0.9982476635514018	60	1
HG02583_2	HG02583#2	CYP21A1P	CYP21	HG02583#2#JBHIIV010000002.1:28450971-33556797	3584439	3587714	+	3274	1.0	0.9777642400243679	60	1
HG02583_2	HG02583#2	CYP21A2	CYP21	HG02583#2#JBHIIV010000002.1:28450971-33556797	3584484	3587714	+	3230	1.0	0.9990712074303405	60	1
HG02583_2	HG02583#2	TNXA	TNX	HG02583#2#JBHIIV010000002.1:28450971-33556797	3587224	3591947	-	4604	1.0	0.9701524132091448	60	1
HG02583_2	HG02583#2	TNXB	TNX	HG02583#2#JBHIIV010000002.1:28450971-33556797	3587222	3655417	-	68186	1.0	0.9994135069352805	60	1
HG02583_2	HG02583#2	WHR1B	WHR1	HG02583#2#JBHIIV010000002.1:28450971-33556797	3559340	3559855	+	518	1.0	0.9884169884169884	60	1
HG02602_1	HG02602#1	WHR1	WHR1	HG02602#1#CM099687.1:28473876-33718939	3549814	3560084	+	10272	1.0	0.9993185358255452	60	1
HG02602_1	HG02602#1	CYP21A1P	CYP21	HG02602#1#CM099687.1:28473876-33718939	3584275	3587549	+	3274	1.0	0.9972510690287111	60	1
HG02602_1	HG02602#1	CYP21A1P	CYP21	HG02602#1#CM099687.1:28473876-33718939	3610642	3613917	+	3274	1.0	0.978982637831252	0	1
HG02602_1	HG02602#1	CYP21A2	CYP21	HG02602#1#CM099687.1:28473876-33718939	3610687	3613917	+	3230	1.0	0.9962848297213622	60	1
HG02602_1	HG02602#1	CYP21A2	CYP21	HG02602#1#CM099687.1:28473876-33718939	3584325	3587549	+	3230	0.9984520123839009	0.9777296628518404	0	1
HG02602_1	HG02602#1	TNXA	TNX	HG02602#1#CM099687.1:28473876-33718939	3587059	3591663	-	4604	1.0	0.9967419635099913	4	1
HG02602_1	HG02602#1	TNXA	TNX	HG02602#1#CM099687.1:28473876-33718939	3613427	3618151	-	4604	1.0	0.9714225232853514	0	1
HG02602_1	HG02602#1	TNXB	TNX	HG02602#1#CM099687.1:28473876-33718939	3613425	3681574	-	68186	1.0	0.9982698454590775	60	1
HG02602_1	HG02602#1	WHR1B	WHR1	HG02602#1#CM099687.1:28473876-33718939	3591909	3592427	+	518	1.0	0.9980694980694981	60	1
HG02602_1	HG02602#1	WHR1B	WHR1	HG02602#1#CM099687.1:28473876-33718939	3559169	3559687	+	518	1.0	0.9942084942084942	0	1
HG02602_2	HG02602#2	WHR1	WHR1	HG02602#2#CM099701.1:28378684-33507166	3544296	3554568	+	10272	1.0	0.9991239170641487	60	1
HG02602_2	HG02602#2	CYP21A1P	CYP21	HG02602#2#CM099701.1:28378684-33507166	3578757	3582031	+	3274	1.0	0.998167379352474	60	1
HG02602_2	HG02602#2	CYP21A1P	CYP21	HG02602#2#CM099701.1:28378684-33507166	3611492	3614766	+	3274	1.0	0.9786715417428398	0	1
HG02602_2	HG02602#2	CYP21A2	CYP21	HG02602#2#CM099701.1:28378684-33507166	3611537	3614766	+	3230	1.0	0.9975232198142415	60	1
HG02602_2	HG02602#2	CYP21A2	CYP21	HG02602#2#CM099701.1:28378684-33507166	3578807	3582031	+	3230	0.9984520123839009	0.9780389730900093	0	1
HG02602_2	HG02602#2	TNXA	TNX	HG02602#2#CM099701.1:28378684-33507166	3581541	3586145	-	4604	1.0	0.9980451781059948	60	1
HG02602_2	HG02602#2	TNXA	TNX	HG02602#2#CM099701.1:28378684-33507166	3614276	3618999	-	4604	1.0	0.9688823031329382	0	1
HG02602_2	HG02602#2	TNXB	TNX	HG02602#2#CM099701.1:28378684-33507166	3614274	3682461	-	68186	1.0	0.9987684909616034	60	1
HG02602_2	HG02602#2	WHR1B	WHR1	HG02602#2#CM099701.1:28378684-33507166	3586391	3586909	+	518	1.0	0.9980694980694981	60	1
HG02602_2	HG02602#2	WHR1B	WHR1	HG02602#2#CM099701.1:28378684-33507166	3553653	3554171	+	518	1.0	0.9942084942084942	0	1
HG02615_1	HG02615#1	WHR1	WHR1	HG02615#1#JBHDSZ010000007.1:28292880-33505607	3617938	3628209	+	10272	1.0	0.9992211838006231	60	1
HG02615_1	HG02615#1	CYP21A1P	CYP21	HG02615#1#JBHDSZ010000007.1:28292880-33505607	3652397	3655671	+	3274	1.0	0.9771480804387569	0	1
HG02615_1	HG02615#1	CYP21A1P	CYP21	HG02615#1#JBHDSZ010000007.1:28292880-33505607	3678764	3682038	+	3274	1.0	0.9771480804387569	0	1
HG02615_1	HG02615#1	CYP21A2	CYP21	HG02615#1#JBHDSZ010000007.1:28292880-33505607	3652442	3655671	+	3230	1.0	0.9981424148606811	0	1
HG02615_1	HG02615#1	CYP21A2	CYP21	HG02615#1#JBHDSZ010000007.1:28292880-33505607	3678809	3682038	+	3230	1.0	0.9981424148606811	0	1
HG02615_1	HG02615#1	TNXA	TNX	HG02615#1#JBHDSZ010000007.1:28292880-33505607	3655181	3659783	-	4604	1.0	0.9954387489139879	7	1
HG02615_1	HG02615#1	TNXA	TNX	HG02615#1#JBHDSZ010000007.1:28292880-33505607	3681548	3686271	-	4604	1.0	0.9701524132091448	0	1
HG02615_1	HG02615#1	TNXB	TNX	HG02615#1#JBHDSZ010000007.1:28292880-33505607	3681546	3749702	-	68186	1.0	0.9991640880493922	60	1
HG02615_1	HG02615#1	WHR1B	WHR1	HG02615#1#JBHDSZ010000007.1:28292880-33505607	3660029	3660547	+	518	1.0	0.9980694980694981	60	1
HG02615_1	HG02615#1	WHR1B	WHR1	HG02615#1#JBHDSZ010000007.1:28292880-33505607	3627294	3627812	+	518	1.0	0.9942084942084942	0	1
HG02615_2	HG02615#2	WHR1	WHR1	HG02615#2#JBHDTA010000044.1:28450215-33517590	3491682	3501944	+	10272	1.0	0.9980529595015576	60	1
HG02615_2	HG02615#2	CYP21A1P	CYP21	HG02615#2#JBHDTA010000044.1:28450215-33517590	3526134	3529408	+	3274	1.0	0.9969456322541234	60	1
HG02615_2	HG02615#2	CYP21A1P	CYP21	HG02615#2#JBHDTA010000044.1:28450215-33517590	3552501	3555776	+	3274	1.0	0.977459640572647	0	1
HG02615_2	HG02615#2	CYP21A2	CYP21	HG02615#2#JBHDTA010000044.1:28450215-33517590	3552546	3555776	+	3230	1.0	0.9987616099071207	60	1
HG02615_2	HG02615#2	CYP21A2	CYP21	HG02615#2#JBHDTA010000044.1:28450215-33517590	3526184	3529408	+	3230	0.9984520123839009	0.9786575935663471	0	1
HG02615_2	HG02615#2	TNXA	TNX	HG02615#2#JBHDTA010000044.1:28450215-33517590	3528918	3533522	-	4604	1.0	0.9960903562119896	35	1
HG02615_2	HG02615#2	TNXA	TNX	HG02615#2#JBHDTA010000044.1:28450215-33517590	3555286	3560010	-	4604	1.0	0.9697290431837426	0	1
HG02615_2	HG02615#2	TNXB	TNX	HG02615#2#JBHDTA010000044.1:28450215-33517590	3555284	3620123	-	68186	1.0	0.9498548429664819	60	0
HG02615_2	HG02615#2	WHR1B	WHR1	HG02615#2#JBHDTA010000044.1:28450215-33517590	3533768	3534286	+	518	1.0	0.9961389961389961	60	1
HG02615_2	HG02615#2	WHR1B	WHR1	HG02615#2#JBHDTA010000044.1:28450215-33517590	3501032	3501547	+	518	1.0	0.9884169884169884	0	1
HG02622_1	HG02622#1	WHR1	WHR1	HG02622#1#JAHAOO020000001.1:28509085-33851733	3620893	3631166	+	10272	1.0	0.9991240023359937	60	1
HG02622_1	HG02622#1	CYP21A1P	CYP21	HG02622#1#JAHAOO020000001.1:28509085-33851733	3655357	3658631	+	3274	1.0	0.998167379352474	0	1
HG02622_1	HG02622#1	CYP21A1P	CYP21	HG02622#1#JAHAOO020000001.1:28509085-33851733	3681725	3684999	+	3274	1.0	0.998167379352474	0	1
HG02622_1	HG02622#1	CYP21A1P	CYP21	HG02622#1#JAHAOO020000001.1:28509085-33851733	3708092	3711364	+	3274	1.0	0.9795918367346939	0	1
HG02622_1	HG02622#1	CYP21A2	CYP21	HG02622#1#JAHAOO020000001.1:28509085-33851733	3708137	3711364	+	3230	1.0	0.9944272445820433	60	1
HG02622_1	HG02622#1	CYP21A2	CYP21	HG02622#1#JAHAOO020000001.1:28509085-33851733	3655407	3658631	+	3230	0.9984520123839009	0.9780389730900093	0	1
HG02622_1	HG02622#1	CYP21A2	CYP21	HG02622#1#JAHAOO020000001.1:28509085-33851733	3681775	3684999	+	3230	0.9984520123839009	0.9780389730900093	0	1
HG02622_1	HG02622#1	TNXA	TNX	HG02622#1#JAHAOO020000001.1:28509085-33851733	3684509	3689113	-	4604	1.0	0.9963075586446568	1	1
HG02622_1	HG02622#1	TNXA	TNX	HG02622#1#JAHAOO020000001.1:28509085-33851733	3658141	3662742	-	4604	1.0	0.9956559513466551	0	1
HG02622_1	HG02622#1	TNXA	TNX	HG02622#1#JAHAOO020000001.1:28509085-33851733	3710874	3715598	-	4604	1.0	0.9709991532599492	0	1
HG02622_1	HG02622#1	TNXB	TNX	HG02622#1#JAHAOO020000001.1:28509085-33851733	3710872	3779041	-	68186	1.0	0.9983580360938852	60	1
HG02622_1	HG02622#1	WHR1B	WHR1	HG02622#1#JAHAOO020000001.1:28509085-33851733	3689359	3689877	+	518	1.0	0.9980694980694981	0	1
HG02622_1	HG02622#1	WHR1B	WHR1	HG02622#1#JAHAOO020000001.1:28509085-33851733	3630251	3630769	+	518	1.0	0.9980694980694981	0	1
HG02622_1	HG02622#1	WHR1B	WHR1	HG02622#1#JAHAOO020000001.1:28509085-33851733	3662988	3663506	+	518	1.0	0.9980694980694981	0	1
HG02622_2	HG02622#2	WHR1	WHR1	HG02622#2#CM088099.1:28439700-33655942	3539774	3550036	+	10272	1.0	0.9979556074766355	60	1
HG02622_2	HG02622#2	CYP21A1P	CYP21	HG02622#2#CM088099.1:28439700-33655942	3574223	3577498	+	3274	1.0	0.976545842217484	60	1
HG02622_2	HG02622#2	CYP21A2	CYP21	HG02622#2#CM088099.1:28439700-33655942	3574268	3577498	+	3230	1.0	0.9975232198142415	60	1
HG02622_2	HG02622#2	TNXA	TNX	HG02622#2#CM088099.1:28439700-33655942	3577008	3581731	-	4604	1.0	0.9699407281964437	60	1
HG02622_2	HG02622#2	TNXB	TNX	HG02622#2#CM088099.1:28439700-33655942	3577006	3645188	-	68186	1.0	0.9989736973286808	60	1
HG02622_2	HG02622#2	WHR1B	WHR1	HG02622#2#CM088099.1:28439700-33655942	3549124	3549639	+	518	1.0	0.9884169884169884	60	1
HG02630_1	HG02630#1	WHR1	WHR1	HG02630#1#CM091809.1:28389334-33629412	3549306	3559577	+	10272	1.0	0.9997079439252337	60	1
HG02630_1	HG02630#1	CYP21A1P	CYP21	HG02630#1#CM091809.1:28389334-33629412	3583768	3587042	+	3274	1.0	0.9978619425778864	60	1
HG02630_1	HG02630#1	CYP21A1P	CYP21	HG02630#1#CM091809.1:28389334-33629412	3610135	3613410	+	3274	1.0	0.9808102345415778	0	1
HG02630_1	HG02630#1	CYP21A2	CYP21	HG02630#1#CM091809.1:28389334-33629412	3610180	3613410	+	3230	1.0	0.9956656346749226	60	1
HG02630_1	HG02630#1	CYP21A2	CYP21	HG02630#1#CM091809.1:28389334-33629412	3583818	3587042	+	3230	0.9984520123839009	0.9783482833281781	0	1
HG02630_1	HG02630#1	TNXA	TNX	HG02630#1#CM091809.1:28389334-33629412	3586552	3591156	-	4604	1.0	0.996524761077324	9	1
HG02630_1	HG02630#1	TNXA	TNX	HG02630#1#CM091809.1:28389334-33629412	3612920	3617644	-	4604	1.0	0.9709991532599492	0	1
HG02630_1	HG02630#1	TNXB	TNX	HG02630#1#CM091809.1:28389334-33629412	3612918	3681068	-	68186	1.0	0.9982991950500711	60	1
HG02630_1	HG02630#1	WHR1B	WHR1	HG02630#1#CM091809.1:28389334-33629412	3591402	3591920	+	518	1.0	0.9980694980694981	60	1
HG02630_1	HG02630#1	WHR1B	WHR1	HG02630#1#CM091809.1:28389334-33629412	3558662	3559180	+	518	1.0	0.9942084942084942	0	1
HG02630_2	HG02630#2	WHR1	WHR1	HG02630#2#CM091740.1:28323618-33574655	3561527	3571791	+	10272	1.0	0.9981504915798696	60	1
HG02630_2	HG02630#2	CYP21A1P	CYP21	HG02630#2#CM091740.1:28323618-33574655	3595980	3599254	+	3274	1.0	0.9966401954795358	60	1
HG02630_2	HG02630#2	CYP21A1P	CYP21	HG02630#2#CM091740.1:28323618-33574655	3622346	3625621	+	3274	1.0	0.977459640572647	0	1
HG02630_2	HG02630#2	CYP21A2	CYP21	HG02630#2#CM091740.1:28323618-33574655	3622391	3625621	+	3230	1.0	0.9975232198142415	60	1
HG02630_2	HG02630#2	CYP21A2	CYP21	HG02630#2#CM091740.1:28323618-33574655	3596030	3599254	+	3230	0.9984520123839009	0.9789669038045159	0	1
HG02630_2	HG02630#2	TNXA	TNX	HG02630#2#CM091740.1:28323618-33574655	3598764	3603368	-	4604	1.0	0.9960903562119896	45	1
HG02630_2	HG02630#2	TNXA	TNX	HG02630#2#CM091740.1:28323618-33574655	3625131	3629854	-	4604	1.0	0.9693056731583404	0	1
HG02630_2	HG02630#2	TNXB	TNX	HG02630#2#CM091740.1:28323618-33574655	3625129	3693318	-	68186	1.0	0.9989442660449567	60	1
HG02630_2	HG02630#2	WHR1B	WHR1	HG02630#2#CM091740.1:28323618-33574655	3603614	3604132	+	518	1.0	0.9961389961389961	60	1
HG02630_2	HG02630#2	WHR1B	WHR1	HG02630#2#CM091740.1:28323618-33574655	3570879	3571394	+	518	1.0	0.9884169884169884	0	1
HG02647_1	HG02647#1	WHR1	WHR1	HG02647#1#CM086559.1:28392022-33525944	3554544	3564812	+	10272	1.0	0.9987346700408799	60	1
HG02647_1	HG02647#1	CYP21A1P	CYP21	HG02647#1#CM086559.1:28392022-33525944	3589001	3592275	+	3274	1.0	0.9978619425778864	60	1
HG02647_1	HG02647#1	CYP21A1P	CYP21	HG02647#1#CM086559.1:28392022-33525944	3615368	3618642	+	3274	1.0	0.9771480804387569	0	1
HG02647_1	HG02647#1	CYP21A2	CYP21	HG02647#1#CM086559.1:28392022-33525944	3615413	3618642	+	3230	1.0	0.9978328173374613	60	1
HG02647_1	HG02647#1	CYP21A2	CYP21	HG02647#1#CM086559.1:28392022-33525944	3589051	3592275	+	3230	0.9984520123839009	0.9783482833281781	0	1
HG02647_1	HG02647#1	TNXA	TNX	HG02647#1#CM086559.1:28392022-33525944	3591785	3596389	-	4604	1.0	0.9973935708079931	44	1
HG02647_1	HG02647#1	TNXA	TNX	HG02647#1#CM086559.1:28392022-33525944	3618152	3622875	-	4604	1.0	0.970575783234547	0	1
HG02647_1	HG02647#1	TNXB	TNX	HG02647#1#CM086559.1:28392022-33525944	3618150	3686337	-	68186	1.0	0.999091002389784	60	1
HG02647_1	HG02647#1	WHR1B	WHR1	HG02647#1#CM086559.1:28392022-33525944	3596635	3597153	+	518	1.0	0.9980694980694981	60	1
HG02647_1	HG02647#1	WHR1B	WHR1	HG02647#1#CM086559.1:28392022-33525944	3563897	3564415	+	518	1.0	0.9942084942084942	0	1
HG02647_2	HG02647#2	WHR1	WHR1	HG02647#2#JBHDSQ010000039.1:28453965-33628541	3502381	3512654	+	10272	1.0	0.9995132872578604	60	1
HG02647_2	HG02647#2	CYP21A1P	CYP21	HG02647#2#JBHDSQ010000039.1:28453965-33628541	3536841	3540116	+	3274	1.0	0.977459640572647	60	1
HG02647_2	HG02647#2	CYP21A2	CYP21	HG02647#2#JBHDSQ010000039.1:28453965-33628541	3536886	3540116	+	3230	1.0	0.9981424148606811	60	1
HG02647_2	HG02647#2	TNXA	TNX	HG02647#2#JBHDSQ010000039.1:28453965-33628541	3539626	3544349	-	4604	1.0	0.9699407281964437	60	1
HG02647_2	HG02647#2	TNXB	TNX	HG02647#2#JBHDSQ010000039.1:28453965-33628541	3539624	3607771	-	68186	1.0	0.9990907624396896	60	1
HG02647_2	HG02647#2	WHR1B	WHR1	HG02647#2#JBHDSQ010000039.1:28453965-33628541	3511739	3512257	+	518	1.0	0.9961389961389961	60	1
HG02668_1	HG02668#1	WHR1	WHR1	HG02668#1#JBHIIC010000010.1:28453356-33594908	3549000	3559270	+	10272	1.0	0.9994158878504673	60	1
HG02668_1	HG02668#1	CYP21A1P	CYP21	HG02668#1#JBHIIC010000010.1:28453356-33594908	3583461	3586735	+	3274	1.0	0.9972510690287111	60	1
HG02668_1	HG02668#1	CYP21A1P	CYP21	HG02668#1#JBHIIC010000010.1:28453356-33594908	3609828	3613103	+	3274	1.0	0.978982637831252	0	1
HG02668_1	HG02668#1	CYP21A2	CYP21	HG02668#1#JBHIIC010000010.1:28453356-33594908	3609873	3613103	+	3230	1.0	0.9962848297213622	60	1
HG02668_1	HG02668#1	CYP21A2	CYP21	HG02668#1#JBHIIC010000010.1:28453356-33594908	3583511	3586735	+	3230	0.9984520123839009	0.9777296628518404	0	1
HG02668_1	HG02668#1	TNXA	TNX	HG02668#1#JBHIIC010000010.1:28453356-33594908	3586245	3590849	-	4604	1.0	0.996524761077324	1	1
HG02668_1	HG02668#1	TNXA	TNX	HG02668#1#JBHIIC010000010.1:28453356-33594908	3612613	3617337	-	4604	1.0	0.9714225232853514	0	1
HG02668_1	HG02668#1	TNXB	TNX	HG02668#1#JBHIIC010000010.1:28453356-33594908	3612611	3680765	-	68186	1.0	0.9982991950500711	60	1
HG02668_1	HG02668#1	WHR1B	WHR1	HG02668#1#JBHIIC010000010.1:28453356-33594908	3591095	3591613	+	518	1.0	0.9980694980694981	60	1
HG02668_1	HG02668#1	WHR1B	WHR1	HG02668#1#JBHIIC010000010.1:28453356-33594908	3558355	3558873	+	518	1.0	0.9922779922779923	0	1
HG02668_2	HG02668#2	WHR1	WHR1	HG02668#2#JBHIID010000047.1:28501762-33634486	3554851	3565113	+	10272	1.0	0.9980529595015576	60	1
HG02668_2	HG02668#2	CYP21A1P	CYP21	HG02668#2#JBHIID010000047.1:28501762-33634486	3589303	3592577	+	3274	1.0	0.9969456322541234	60	1
HG02668_2	HG02668#2	CYP21A1P	CYP21	HG02668#2#JBHIID010000047.1:28501762-33634486	3615671	3618946	+	3274	1.0	0.976850441669205	0	1
HG02668_2	HG02668#2	CYP21A2	CYP21	HG02668#2#JBHIID010000047.1:28501762-33634486	3615716	3618946	+	3230	1.0	0.9978328173374613	60	1
HG02668_2	HG02668#2	CYP21A2	CYP21	HG02668#2#JBHIID010000047.1:28501762-33634486	3589353	3592577	+	3230	0.9984520123839009	0.9786575935663471	0	1
HG02668_2	HG02668#2	TNXA	TNX	HG02668#2#JBHIID010000047.1:28501762-33634486	3592087	3596691	-	4604	1.0	0.9963075586446568	28	1
HG02668_2	HG02668#2	TNXA	TNX	HG02668#2#JBHIID010000047.1:28501762-33634486	3618456	3623179	-	4604	1.0	0.9701524132091448	0	1
HG02668_2	HG02668#2	TNXB	TNX	HG02668#2#JBHIID010000047.1:28501762-33634486	3618454	3686653	-	68186	1.0	0.9989738327347357	60	1
HG02668_2	HG02668#2	WHR1B	WHR1	HG02668#2#JBHIID010000047.1:28501762-33634486	3596937	3597455	+	518	1.0	0.9961389961389961	60	1
HG02668_2	HG02668#2	WHR1B	WHR1	HG02668#2#JBHIID010000047.1:28501762-33634486	3564201	3564716	+	518	1.0	0.9884169884169884	0	1
HG02698_1	HG02698#1	WHR1	WHR1	HG02698#1#CM086825.1:28387663-33565022	3548744	3559007	+	10272	1.0	0.9981503115264797	60	1
HG02698_1	HG02698#1	CYP21A1P	CYP21	HG02698#1#CM086825.1:28387663-33565022	3609568	3612842	+	3274	1.0	0.9969456322541234	6	1
HG02698_1	HG02698#1	CYP21A1P	CYP21	HG02698#1#CM086825.1:28387663-33565022	3583197	3586471	+	3274	1.0	0.9966401954795358	0	1
HG02698_1	HG02698#1	CYP21A1P	CYP21	HG02698#1#CM086825.1:28387663-33565022	3635934	3639209	+	3274	1.0	0.9783734389278099	0	1
HG02698_1	HG02698#1	CYP21A2	CYP21	HG02698#1#CM086825.1:28387663-33565022	3635979	3639209	+	3230	1.0	0.9978328173374613	60	1
HG02698_1	HG02698#1	CYP21A2	CYP21	HG02698#1#CM086825.1:28387663-33565022	3583247	3586471	+	3230	0.9984520123839009	0.9789669038045159	0	1
HG02698_1	HG02698#1	CYP21A2	CYP21	HG02698#1#CM086825.1:28387663-33565022	3609618	3612842	+	3230	0.9984520123839009	0.9786575935663471	0	1
HG02698_1	HG02698#1	TNXA	TNX	HG02698#1#CM086825.1:28387663-33565022	3612352	3616956	-	4604	1.0	0.9967419635099913	5	1
HG02698_1	HG02698#1	TNXA	TNX	HG02698#1#CM086825.1:28387663-33565022	3585981	3590585	-	4604	1.0	0.996524761077324	0	1
HG02698_1	HG02698#1	TNXA	TNX	HG02698#1#CM086825.1:28387663-33565022	3638719	3643442	-	4604	1.0	0.9693056731583404	0	1
HG02698_1	HG02698#1	TNXB	TNX	HG02698#1#CM086825.1:28387663-33565022	3638717	3706989	-	68186	1.0	0.9977153234428319	60	1
HG02698_1	HG02698#1	WHR1B	WHR1	HG02698#1#CM086825.1:28387663-33565022	3590831	3591349	+	518	1.0	0.9961389961389961	0	1
HG02698_1	HG02698#1	WHR1B	WHR1	HG02698#1#CM086825.1:28387663-33565022	3617202	3617720	+	518	1.0	0.9961389961389961	0	1
HG02698_1	HG02698#1	WHR1B	WHR1	HG02698#1#CM086825.1:28387663-33565022	3558095	3558610	+	518	1.0	0.9884169884169884	0	1
HG02698_2	HG02698#2	WHR1	WHR1	HG02698#2#CM086846.1:28436213-33571880	3552497	3562760	+	10272	1.0	0.9980531490314416	60	1
HG02698_2	HG02698#2	CYP21A1P	CYP21	HG02698#2#CM086846.1:28436213-33571880	3586947	3590222	+	3274	1.0	0.978982637831252	52	1
HG02698_2	HG02698#2	CYP21A1P	CYP21	HG02698#2#CM086846.1:28436213-33571880	3619683	3622958	+	3274	1.0	0.977459640572647	0	1
HG02698_2	HG02698#2	CYP21A2	CYP21	HG02698#2#CM086846.1:28436213-33571880	3619728	3622958	+	3230	1.0	0.9975232198142415	49	1
HG02698_2	HG02698#2	CYP21A2	CYP21	HG02698#2#CM086846.1:28436213-33571880	3586992	3590222	+	3230	1.0	0.9953560371517027	0	1
HG02698_2	HG02698#2	TNXA	TNX	HG02698#2#CM086846.1:28436213-33571880	3589732	3594336	-	4604	1.0	0.9971763683753258	60	1
HG02698_2	HG02698#2	TNXA	TNX	HG02698#2#CM086846.1:28436213-33571880	3622468	3627191	-	4604	1.0	0.9695173581710415	0	1
HG02698_2	HG02698#2	TNXB	TNX	HG02698#2#CM086846.1:28436213-33571880	3622466	3690651	-	68186	1.0	0.9988855651357851	60	1
HG02698_2	HG02698#2	WHR1B	WHR1	HG02698#2#CM086846.1:28436213-33571880	3594582	3595100	+	518	1.0	0.9961389961389961	60	1
HG02698_2	HG02698#2	WHR1B	WHR1	HG02698#2#CM086846.1:28436213-33571880	3561848	3562363	+	518	1.0	0.9884169884169884	0	1
HG02717_1	HG02717#1	WHR1	WHR1	HG02717#1#JAHAOS020000006.1:28453373-33608309	3557008	3567270	+	10272	1.0	0.9980529595015576	60	1
HG02717_1	HG02717#1	CYP21A1P	CYP21	HG02717#1#JAHAOS020000006.1:28453373-33608309	3591460	3594734	+	3274	1.0	0.9966401954795358	60	1
HG02717_1	HG02717#1	CYP21A1P	CYP21	HG02717#1#JAHAOS020000006.1:28453373-33608309	3617828	3621103	+	3274	1.0	0.977155041120926	0	1
HG02717_1	HG02717#1	CYP21A2	CYP21	HG02717#1#JAHAOS020000006.1:28453373-33608309	3617873	3621103	+	3230	1.0	0.9981424148606811	60	1
HG02717_1	HG02717#1	CYP21A2	CYP21	HG02717#1#JAHAOS020000006.1:28453373-33608309	3591510	3594734	+	3230	0.9984520123839009	0.9783482833281781	0	1
HG02717_1	HG02717#1	TNXA	TNX	HG02717#1#JAHAOS020000006.1:28453373-33608309	3594244	3598848	-	4604	1.0	0.9958731537793223	13	1
HG02717_1	HG02717#1	TNXA	TNX	HG02717#1#JAHAOS020000006.1:28453373-33608309	3620613	3625336	-	4604	1.0	0.9701524132091448	0	1
HG02717_1	HG02717#1	TNXB	TNX	HG02717#1#JAHAOS020000006.1:28453373-33608309	3620611	3688787	-	68186	1.0	0.9992668084170394	60	1
HG02717_1	HG02717#1	WHR1B	WHR1	HG02717#1#JAHAOS020000006.1:28453373-33608309	3599094	3599612	+	518	1.0	0.9980694980694981	60	1
HG02717_1	HG02717#1	WHR1B	WHR1	HG02717#1#JAHAOS020000006.1:28453373-33608309	3566358	3566873	+	518	1.0	0.9884169884169884	0	1
HG02717_2	HG02717#2	WHR1	WHR1	HG02717#2#JAHAOR020000010.1:28390930-33657668	3551744	3562018	+	10272	1.0	0.9991240023359937	60	1
HG02717_2	HG02717#2	CYP21A1P	CYP21	HG02717#2#JAHAOR020000010.1:28390930-33657668	3586205	3589479	+	3274	1.0	0.9957238851557727	60	1
HG02717_2	HG02717#2	CYP21A1P	CYP21	HG02717#2#JAHAOR020000010.1:28390930-33657668	3638939	3642214	+	3274	1.0	0.9777642400243679	0	1
HG02717_2	HG02717#2	CYP21A1P	CYP21	HG02717#2#JAHAOR020000010.1:28390930-33657668	3612573	3615848	+	3274	1.0	0.976850441669205	0	1
HG02717_2	HG02717#2	CYP21A2	CYP21	HG02717#2#JAHAOR020000010.1:28390930-33657668	3612618	3615848	+	3230	1.0	0.9981424148606811	24	1
HG02717_2	HG02717#2	CYP21A2	CYP21	HG02717#2#JAHAOR020000010.1:28390930-33657668	3638984	3642214	+	3230	1.0	0.9969040247678018	0	1
HG02717_2	HG02717#2	CYP21A2	CYP21	HG02717#2#JAHAOR020000010.1:28390930-33657668	3586255	3589479	+	3230	0.9984520123839009	0.9777296628518404	0	1
HG02717_2	HG02717#2	TNXA	TNX	HG02717#2#JAHAOR020000010.1:28390930-33657668	3588989	3593593	-	4604	1.0	0.9976107732406603	36	1
HG02717_2	HG02717#2	TNXA	TNX	HG02717#2#JAHAOR020000010.1:28390930-33657668	3615358	3619961	-	4604	1.0	0.9960903562119896	0	1
HG02717_2	HG02717#2	TNXA	TNX	HG02717#2#JAHAOR020000010.1:28390930-33657668	3641724	3646447	-	4604	1.0	0.9690939881456393	0	1
HG02717_2	HG02717#2	TNXB	TNX	HG02717#2#JAHAOR020000010.1:28390930-33657668	3641722	3709902	-	68186	1.0	0.9988415742858818	60	1
HG02717_2	HG02717#2	WHR1B	WHR1	HG02717#2#JAHAOR020000010.1:28390930-33657668	3561103	3561621	+	518	1.0	1.0	29	1
HG02717_2	HG02717#2	WHR1B	WHR1	HG02717#2#JAHAOR020000010.1:28390930-33657668	3593839	3594357	+	518	1.0	0.9980694980694981	0	1
HG02717_2	HG02717#2	WHR1B	WHR1	HG02717#2#JAHAOR020000010.1:28390930-33657668	3620207	3620725	+	518	1.0	0.9961389961389961	0	1
HG02723_1	HG02723#1	WHR1	WHR1	HG02723#1#CM092031.1:28492941-33618283	3552326	3562594	+	10272	1.0	0.999123831775701	60	1
HG02723_1	HG02723#1	CYP21A1P	CYP21	HG02723#1#CM092031.1:28492941-33618283	3586783	3590056	+	3274	1.0	0.996334758704948	60	1
HG02723_1	HG02723#1	CYP21A1P	CYP21	HG02723#1#CM092031.1:28492941-33618283	3613149	3616424	+	3274	1.0	0.977155041120926	0	1
HG02723_1	HG02723#1	CYP21A2	CYP21	HG02723#1#CM092031.1:28492941-33618283	3613194	3616424	+	3230	1.0	0.9975232198142415	60	1
HG02723_1	HG02723#1	CYP21A2	CYP21	HG02723#1#CM092031.1:28492941-33618283	3586833	3590056	+	3230	0.9984520123839009	0.979269801980198	0	1
HG02723_1	HG02723#1	TNXA	TNX	HG02723#1#CM092031.1:28492941-33618283	3589566	3594170	-	4604	1.0	0.9978279756733276	60	1
HG02723_1	HG02723#1	TNXA	TNX	HG02723#1#CM092031.1:28492941-33618283	3615934	3620657	-	4604	1.0	0.9699407281964437	0	1
HG02723_1	HG02723#1	TNXB	TNX	HG02723#1#CM092031.1:28492941-33618283	3615932	3684123	-	68186	1.0	0.9989883736273403	60	1
HG02723_1	HG02723#1	WHR1B	WHR1	HG02723#1#CM092031.1:28492941-33618283	3594416	3594934	+	518	1.0	0.9980694980694981	34	1
HG02723_1	HG02723#1	WHR1B	WHR1	HG02723#1#CM092031.1:28492941-33618283	3561679	3562197	+	518	1.0	0.9961389961389961	0	1
HG02723_2	HG02723#2	WHR1	WHR1	HG02723#2#JAHEOT020000028.1:24121290-29433497	3617809	3628071	+	10272	1.0	0.9980529595015576	60	1
HG02723_2	HG02723#2	CYP21A1P	CYP21	HG02723#2#JAHEOT020000028.1:24121290-29433497	3652261	3655535	+	3274	1.0	0.9969456322541234	60	1
HG02723_2	HG02723#2	CYP21A1P	CYP21	HG02723#2#JAHEOT020000028.1:24121290-29433497	3678629	3681904	+	3274	1.0	0.976850441669205	0	1
HG02723_2	HG02723#2	CYP21A2	CYP21	HG02723#2#JAHEOT020000028.1:24121290-29433497	3678674	3681904	+	3230	1.0	0.9981424148606811	60	1
HG02723_2	HG02723#2	CYP21A2	CYP21	HG02723#2#JAHEOT020000028.1:24121290-29433497	3652311	3655535	+	3230	0.9984520123839009	0.9786575935663471	0	1
HG02723_2	HG02723#2	TNXA	TNX	HG02723#2#JAHEOT020000028.1:24121290-29433497	3655045	3659649	-	4604	1.0	0.9960903562119896	27	1
HG02723_2	HG02723#2	TNXA	TNX	HG02723#2#JAHEOT020000028.1:24121290-29433497	3681414	3686137	-	4604	1.0	0.9699407281964437	0	1
HG02723_2	HG02723#2	TNXB	TNX	HG02723#2#JAHEOT020000028.1:24121290-29433497	3681412	3749593	-	68186	1.0	0.9993108100181829	60	1
HG02723_2	HG02723#2	WHR1B	WHR1	HG02723#2#JAHEOT020000028.1:24121290-29433497	3659895	3660413	+	518	1.0	0.9961389961389961	60	1
HG02723_2	HG02723#2	WHR1B	WHR1	HG02723#2#JAHEOT020000028.1:24121290-29433497	3627159	3627674	+	518	1.0	0.9884169884169884	0	1
HG02735_1	HG02735#1	WHR1	WHR1	HG02735#1#JBHIII010000062.1:28453541-33709307	3558223	3568491	+	10272	1.0	0.9992211838006231	60	1
HG02735_1	HG02735#1	CYP21A1P	CYP21	HG02735#1#JBHIII010000062.1:28453541-33709307	3592682	3595956	+	3274	1.0	0.9972510690287111	60	1
HG02735_1	HG02735#1	CYP21A1P	CYP21	HG02735#1#JBHIII010000062.1:28453541-33709307	3619049	3622324	+	3274	1.0	0.9808102345415778	0	1
HG02735_1	HG02735#1	CYP21A2	CYP21	HG02735#1#JBHIII010000062.1:28453541-33709307	3619094	3622324	+	3230	1.0	0.9950464396284829	60	1
HG02735_1	HG02735#1	CYP21A2	CYP21	HG02735#1#JBHIII010000062.1:28453541-33709307	3592732	3595956	+	3230	0.9984520123839009	0.9777296628518404	0	1
HG02735_1	HG02735#1	TNXA	TNX	HG02735#1#JBHIII010000062.1:28453541-33709307	3595466	3600070	-	4604	1.0	0.9969591659426585	25	1
HG02735_1	HG02735#1	TNXA	TNX	HG02735#1#JBHIII010000062.1:28453541-33709307	3621834	3626558	-	4604	1.0	0.9709991532599492	0	1
HG02735_1	HG02735#1	TNXB	TNX	HG02735#1#JBHIII010000062.1:28453541-33709307	3621832	3690008	-	68186	1.0	0.9982116419179408	60	1
HG02735_1	HG02735#1	WHR1B	WHR1	HG02735#1#JBHIII010000062.1:28453541-33709307	3600316	3600834	+	518	1.0	0.9980694980694981	60	1
HG02735_1	HG02735#1	WHR1B	WHR1	HG02735#1#JBHIII010000062.1:28453541-33709307	3567576	3568094	+	518	1.0	0.9942084942084942	0	1
HG02735_2	HG02735#2	WHR1	WHR1	HG02735#2#JBHIIJ010000060.1:28392355-33560534	3623287	3633560	+	10272	1.0	0.9995132872578604	60	1
HG02735_2	HG02735#2	CYP21A1P	CYP21	HG02735#2#JBHIIJ010000060.1:28392355-33560534	3657747	3661022	+	3274	1.0	0.977459640572647	60	1
HG02735_2	HG02735#2	CYP21A2	CYP21	HG02735#2#JBHIIJ010000060.1:28392355-33560534	3657792	3661022	+	3230	1.0	0.9981424148606811	60	1
HG02735_2	HG02735#2	TNXA	TNX	HG02735#2#JBHIIJ010000060.1:28392355-33560534	3660532	3665255	-	4604	1.0	0.9699407281964437	60	1
HG02735_2	HG02735#2	TNXB	TNX	HG02735#2#JBHIIJ010000060.1:28392355-33560534	3660530	3728685	-	68186	1.0	0.9991934182932731	60	1
HG02735_2	HG02735#2	WHR1B	WHR1	HG02735#2#JBHIIJ010000060.1:28392355-33560534	3632645	3633163	+	518	1.0	0.9961389961389961	60	1
HG02738_1	HG02738#1	WHR1	WHR1	HG02738#1#JBJXQJ010000012.1:28448720-33571060	3550050	3560317	+	10272	1.0	0.9988317757009346	60	1
HG02738_1	HG02738#1	CYP21A1P	CYP21	HG02738#1#JBJXQJ010000012.1:28448720-33571060	3610991	3614265	+	3274	1.0	0.9771480804387569	0	1
HG02738_1	HG02738#1	CYP21A1P	CYP21	HG02738#1#JBJXQJ010000012.1:28448720-33571060	3584503	3587777	+	3274	1.0	0.9771480804387569	0	1
HG02738_1	HG02738#1	CYP21A2	CYP21	HG02738#1#JBJXQJ010000012.1:28448720-33571060	3584548	3587777	+	3230	1.0	0.9981424148606811	0	1
HG02738_1	HG02738#1	CYP21A2	CYP21	HG02738#1#JBJXQJ010000012.1:28448720-33571060	3611036	3614265	+	3230	1.0	0.9981424148606811	0	1
HG02738_1	HG02738#1	TNXA	TNX	HG02738#1#JBJXQJ010000012.1:28448720-33571060	3587287	3592010	-	4604	1.0	0.970575783234547	16	1
HG02738_1	HG02738#1	TNXA	TNX	HG02738#1#JBJXQJ010000012.1:28448720-33571060	3613775	3618498	-	4604	1.0	0.9699407281964437	0	1
HG02738_1	HG02738#1	TNXB	TNX	HG02738#1#JBJXQJ010000012.1:28448720-33571060	3613773	3681947	-	68186	1.0	0.9988269278707275	60	1
HG02738_1	HG02738#1	WHR1B	WHR1	HG02738#1#JBJXQJ010000012.1:28448720-33571060	3592256	3592774	+	518	1.0	0.9980694980694981	60	1
HG02738_1	HG02738#1	WHR1B	WHR1	HG02738#1#JBJXQJ010000012.1:28448720-33571060	3559402	3559920	+	518	1.0	0.9942084942084942	0	1
HG02738_2	HG02738#2	WHR1	WHR1	HG02738#2#JBJXQK010000005.1:28378589-33465078	3488678	3498952	+	10272	1.0	0.9991240023359937	60	1
HG02738_2	HG02738#2	CYP21A1P	CYP21	HG02738#2#JBJXQK010000005.1:28378589-33465078	3523139	3526413	+	3274	1.0	0.9960293219303604	60	1
HG02738_2	HG02738#2	CYP21A1P	CYP21	HG02738#2#JBJXQK010000005.1:28378589-33465078	3575873	3579148	+	3274	1.0	0.9777642400243679	0	1
HG02738_2	HG02738#2	CYP21A1P	CYP21	HG02738#2#JBJXQK010000005.1:28378589-33465078	3549507	3552782	+	3274	1.0	0.977155041120926	0	1
HG02738_2	HG02738#2	CYP21A2	CYP21	HG02738#2#JBJXQK010000005.1:28378589-33465078	3549552	3552782	+	3230	1.0	0.9984520123839009	30	1
HG02738_2	HG02738#2	CYP21A2	CYP21	HG02738#2#JBJXQK010000005.1:28378589-33465078	3575918	3579148	+	3230	1.0	0.9969040247678018	0	1
HG02738_2	HG02738#2	CYP21A2	CYP21	HG02738#2#JBJXQK010000005.1:28378589-33465078	3523189	3526413	+	3230	0.9984520123839009	0.9780389730900093	0	1
HG02738_2	HG02738#2	TNXA	TNX	HG02738#2#JBJXQK010000005.1:28378589-33465078	3525923	3530527	-	4604	1.0	0.9980451781059948	45	1
HG02738_2	HG02738#2	TNXA	TNX	HG02738#2#JBJXQK010000005.1:28378589-33465078	3552292	3556895	-	4604	1.0	0.9960903562119896	0	1
HG02738_2	HG02738#2	TNXA	TNX	HG02738#2#JBJXQK010000005.1:28378589-33465078	3578658	3583381	-	4604	1.0	0.9688823031329382	0	1
HG02738_2	HG02738#2	TNXB	TNX	HG02738#2#JBJXQK010000005.1:28378589-33465078	3578656	3646836	-	68186	1.0	0.9988855651357851	60	1
HG02738_2	HG02738#2	WHR1B	WHR1	HG02738#2#JBJXQK010000005.1:28378589-33465078	3498037	3498555	+	518	1.0	1.0	29	1
HG02738_2	HG02738#2	WHR1B	WHR1	HG02738#2#JBJXQK010000005.1:28378589-33465078	3530773	3531291	+	518	1.0	0.9980694980694981	0	1
HG02738_2	HG02738#2	WHR1B	WHR1	HG02738#2#JBJXQK010000005.1:28378589-33465078	3557141	3557659	+	518	1.0	0.9961389961389961	0	1
HG02809_1	HG02809#1	WHR1	WHR1	HG02809#1#CM088345.1:28415797-33540379	3551557	3561825	+	10272	1.0	0.999123831775701	60	1
HG02809_1	HG02809#1	CYP21A1P	CYP21	HG02809#1#CM088345.1:28415797-33540379	3586014	3589287	+	3274	1.0	0.996334758704948	60	1
HG02809_1	HG02809#1	CYP21A1P	CYP21	HG02809#1#CM088345.1:28415797-33540379	3612380	3615655	+	3274	1.0	0.977155041120926	0	1
HG02809_1	HG02809#1	CYP21A2	CYP21	HG02809#1#CM088345.1:28415797-33540379	3612425	3615655	+	3230	1.0	0.9975232198142415	60	1
HG02809_1	HG02809#1	CYP21A2	CYP21	HG02809#1#CM088345.1:28415797-33540379	3586064	3589287	+	3230	0.9984520123839009	0.979269801980198	0	1
HG02809_1	HG02809#1	TNXA	TNX	HG02809#1#CM088345.1:28415797-33540379	3588797	3593401	-	4604	1.0	0.9978279756733276	60	1
HG02809_1	HG02809#1	TNXA	TNX	HG02809#1#CM088345.1:28415797-33540379	3615165	3619888	-	4604	1.0	0.9699407281964437	0	1
HG02809_1	HG02809#1	TNXB	TNX	HG02809#1#CM088345.1:28415797-33540379	3615163	3683349	-	68186	1.0	0.999032300631937	60	1
HG02809_1	HG02809#1	WHR1B	WHR1	HG02809#1#CM088345.1:28415797-33540379	3593647	3594165	+	518	1.0	0.9980694980694981	34	1
HG02809_1	HG02809#1	WHR1B	WHR1	HG02809#1#CM088345.1:28415797-33540379	3560910	3561428	+	518	1.0	0.9961389961389961	0	1
HG02809_2	HG02809#2	WHR1	WHR1	HG02809#2#CM088363.1:28447535-33684835	3552664	3562928	+	10272	1.0	0.9981504915798696	60	1
HG02809_2	HG02809#2	CYP21A1P	CYP21	HG02809#2#CM088363.1:28447535-33684835	3587117	3590391	+	3274	1.0	0.9969456322541234	60	1
HG02809_2	HG02809#2	CYP21A1P	CYP21	HG02809#2#CM088363.1:28447535-33684835	3613483	3616758	+	3274	1.0	0.977459640572647	0	1
HG02809_2	HG02809#2	CYP21A2	CYP21	HG02809#2#CM088363.1:28447535-33684835	3613528	3616758	+	3230	1.0	0.9975232198142415	60	1
HG02809_2	HG02809#2	CYP21A2	CYP21	HG02809#2#CM088363.1:28447535-33684835	3587167	3590391	+	3230	0.9984520123839009	0.9786575935663471	0	1
HG02809_2	HG02809#2	TNXA	TNX	HG02809#2#CM088363.1:28447535-33684835	3589901	3594505	-	4604	1.0	0.9963075586446568	49	1
HG02809_2	HG02809#2	TNXA	TNX	HG02809#2#CM088363.1:28447535-33684835	3616268	3620991	-	4604	1.0	0.9693056731583404	0	1
HG02809_2	HG02809#2	TNXB	TNX	HG02809#2#CM088363.1:28447535-33684835	3616266	3684449	-	68186	1.0	0.9988416082583067	60	1
HG02809_2	HG02809#2	WHR1B	WHR1	HG02809#2#CM088363.1:28447535-33684835	3594751	3595269	+	518	1.0	0.9961389961389961	60	1
HG02809_2	HG02809#2	WHR1B	WHR1	HG02809#2#CM088363.1:28447535-33684835	3562016	3562531	+	518	1.0	0.9884169884169884	0	1
HG02818_1	HG02818#1	WHR1	WHR1	HG02818#1#JAHEOS020000050.1:28390726-33610396	3621281	3631553	+	10272	1.0	0.9994158878504673	60	1
HG02818_1	HG02818#1	CYP21A1P	CYP21	HG02818#1#JAHEOS020000050.1:28390726-33610396	3655742	3659016	+	3274	1.0	0.9966401954795358	60	1
HG02818_1	HG02818#1	CYP21A1P	CYP21	HG02818#1#JAHEOS020000050.1:28390726-33610396	3682109	3685384	+	3274	1.0	0.976850441669205	0	1
HG02818_1	HG02818#1	CYP21A2	CYP21	HG02818#1#JAHEOS020000050.1:28390726-33610396	3682154	3685384	+	3230	1.0	0.9978328173374613	60	1
HG02818_1	HG02818#1	CYP21A2	CYP21	HG02818#1#JAHEOS020000050.1:28390726-33610396	3655792	3659016	+	3230	0.9984520123839009	0.9777296628518404	0	1
HG02818_1	HG02818#1	TNXA	TNX	HG02818#1#JAHEOS020000050.1:28390726-33610396	3658526	3663130	-	4604	1.0	0.9963075586446568	14	1
HG02818_1	HG02818#1	TNXA	TNX	HG02818#1#JAHEOS020000050.1:28390726-33610396	3684894	3689617	-	4604	1.0	0.970575783234547	0	1
HG02818_1	HG02818#1	TNXB	TNX	HG02818#1#JAHEOS020000050.1:28390726-33610396	3684892	3753086	-	68186	1.0	0.9993108807530461	60	1
HG02818_1	HG02818#1	WHR1B	WHR1	HG02818#1#JAHEOS020000050.1:28390726-33610396	3663376	3663894	+	518	1.0	0.9961389961389961	35	1
HG02818_1	HG02818#1	WHR1B	WHR1	HG02818#1#JAHEOS020000050.1:28390726-33610396	3630638	3631156	+	518	1.0	0.9942084942084942	0	1
HG02818_2	HG02818#2	WHR1	WHR1	HG02818#2#JAHEOR020000002.1:28395424-33521433	3552226	3562490	+	10272	1.0	0.9980531490314416	60	1
HG02818_2	HG02818#2	CYP21A1P	CYP21	HG02818#2#JAHEOR020000002.1:28395424-33521433	3586679	3589953	+	3274	1.0	0.9966401954795358	60	1
HG02818_2	HG02818#2	CYP21A1P	CYP21	HG02818#2#JAHEOR020000002.1:28395424-33521433	3613045	3616320	+	3274	1.0	0.977155041120926	0	1
HG02818_2	HG02818#2	CYP21A2	CYP21	HG02818#2#JAHEOR020000002.1:28395424-33521433	3613090	3616320	+	3230	1.0	0.9972136222910216	60	1
HG02818_2	HG02818#2	CYP21A2	CYP21	HG02818#2#JAHEOR020000002.1:28395424-33521433	3586729	3589953	+	3230	0.9984520123839009	0.9789669038045159	0	1
HG02818_2	HG02818#2	TNXA	TNX	HG02818#2#JAHEOR020000002.1:28395424-33521433	3589463	3594067	-	4604	1.0	0.9960903562119896	45	1
HG02818_2	HG02818#2	TNXA	TNX	HG02818#2#JAHEOR020000002.1:28395424-33521433	3615830	3620553	-	4604	1.0	0.9693056731583404	0	1
HG02818_2	HG02818#2	TNXB	TNX	HG02818#2#JAHEOR020000002.1:28395424-33521433	3615828	3684018	-	68186	1.0	0.9989589290165545	60	1
HG02818_2	HG02818#2	WHR1B	WHR1	HG02818#2#JAHEOR020000002.1:28395424-33521433	3594313	3594831	+	518	1.0	0.9961389961389961	60	1
HG02818_2	HG02818#2	WHR1B	WHR1	HG02818#2#JAHEOR020000002.1:28395424-33521433	3561578	3562093	+	518	1.0	0.9884169884169884	0	1
HG02841_1	HG02841#1	WHR1	WHR1	HG02841#1#JBJKOG010000054.1:28472700-33602015	3550668	3560939	+	10272	1.0	0.9996105919003115	60	1
HG02841_1	HG02841#1	CYP21A1P	CYP21	HG02841#1#JBJKOG010000054.1:28472700-33602015	3585130	3588404	+	3274	1.0	0.9975565058032987	60	1
HG02841_1	HG02841#1	CYP21A1P	CYP21	HG02841#1#JBJKOG010000054.1:28472700-33602015	3611497	3614772	+	3274	1.0	0.9786780383795309	0	1
HG02841_1	HG02841#1	CYP21A2	CYP21	HG02841#1#JBJKOG010000054.1:28472700-33602015	3611542	3614772	+	3230	1.0	0.9959752321981424	60	1
HG02841_1	HG02841#1	CYP21A2	CYP21	HG02841#1#JBJKOG010000054.1:28472700-33602015	3585180	3588404	+	3230	0.9984520123839009	0.9774203526136716	0	1
HG02841_1	HG02841#1	TNXA	TNX	HG02841#1#JBJKOG010000054.1:28472700-33602015	3587914	3592518	-	4604	1.0	0.9967419635099913	14	1
HG02841_1	HG02841#1	TNXA	TNX	HG02841#1#JBJKOG010000054.1:28472700-33602015	3614282	3619006	-	4604	1.0	0.9712108382726503	0	1
HG02841_1	HG02841#1	TNXB	TNX	HG02841#1#JBJKOG010000054.1:28472700-33602015	3614280	3682459	-	68186	1.0	0.9986949955277936	60	1
HG02841_1	HG02841#1	WHR1B	WHR1	HG02841#1#JBJKOG010000054.1:28472700-33602015	3592764	3593282	+	518	1.0	0.9980694980694981	60	1
HG02841_1	HG02841#1	WHR1B	WHR1	HG02841#1#JBJKOG010000054.1:28472700-33602015	3560024	3560542	+	518	1.0	0.9942084942084942	0	1
HG02841_2	HG02841#2	WHR1	WHR1	HG02841#2#JBJKOH010000051.1:28480911-33779808	3612858	3623122	+	10272	1.0	0.9981504915798696	60	1
HG02841_2	HG02841#2	CYP21A1P	CYP21	HG02841#2#JBJKOH010000051.1:28480911-33779808	3647311	3650585	+	3274	1.0	0.9969456322541234	60	1
HG02841_2	HG02841#2	CYP21A1P	CYP21	HG02841#2#JBJKOH010000051.1:28480911-33779808	3673677	3676952	+	3274	1.0	0.977459640572647	0	1
HG02841_2	HG02841#2	CYP21A2	CYP21	HG02841#2#JBJKOH010000051.1:28480911-33779808	3673722	3676952	+	3230	1.0	0.9975232198142415	60	1
HG02841_2	HG02841#2	CYP21A2	CYP21	HG02841#2#JBJKOH010000051.1:28480911-33779808	3647361	3650585	+	3230	0.9984520123839009	0.9786575935663471	0	1
HG02841_2	HG02841#2	TNXA	TNX	HG02841#2#JBJKOH010000051.1:28480911-33779808	3650095	3654699	-	4604	1.0	0.996524761077324	49	1
HG02841_2	HG02841#2	TNXA	TNX	HG02841#2#JBJKOH010000051.1:28480911-33779808	3676462	3681185	-	4604	1.0	0.9695173581710415	0	1
HG02841_2	HG02841#2	TNXB	TNX	HG02841#2#JBJKOH010000051.1:28480911-33779808	3676460	3744650	-	68186	1.0	0.9988856141585654	60	1
HG02841_2	HG02841#2	WHR1B	WHR1	HG02841#2#JBJKOH010000051.1:28480911-33779808	3654945	3655463	+	518	1.0	0.9961389961389961	60	1
HG02841_2	HG02841#2	WHR1B	WHR1	HG02841#2#JBJKOH010000051.1:28480911-33779808	3622210	3622725	+	518	1.0	0.9884169884169884	0	1
HG02886_1	HG02886#1	WHR1	WHR1	HG02886#1#CM088086.1:28449049-33579727	3553941	3564205	+	10272	1.0	0.9981504915798696	60	1
HG02886_1	HG02886#1	CYP21A1P	CYP21	HG02886#1#CM088086.1:28449049-33579727	3588394	3591668	+	3274	1.0	0.9969456322541234	60	1
HG02886_1	HG02886#1	CYP21A1P	CYP21	HG02886#1#CM088086.1:28449049-33579727	3614760	3618035	+	3274	1.0	0.977459640572647	0	1
HG02886_1	HG02886#1	CYP21A2	CYP21	HG02886#1#CM088086.1:28449049-33579727	3614805	3618035	+	3230	1.0	0.9975232198142415	60	1
HG02886_1	HG02886#1	CYP21A2	CYP21	HG02886#1#CM088086.1:28449049-33579727	3588444	3591668	+	3230	0.9984520123839009	0.9786575935663471	0	1
HG02886_1	HG02886#1	TNXA	TNX	HG02886#1#CM088086.1:28449049-33579727	3591178	3595782	-	4604	1.0	0.9963075586446568	40	1
HG02886_1	HG02886#1	TNXA	TNX	HG02886#1#CM088086.1:28449049-33579727	3617545	3622268	-	4604	1.0	0.9697290431837426	0	1
HG02886_1	HG02886#1	TNXB	TNX	HG02886#1#CM088086.1:28449049-33579727	3617543	3685730	-	68186	1.0	0.9988709346315141	60	1
HG02886_1	HG02886#1	WHR1B	WHR1	HG02886#1#CM088086.1:28449049-33579727	3596028	3596546	+	518	1.0	0.9961389961389961	60	1
HG02886_1	HG02886#1	WHR1B	WHR1	HG02886#1#CM088086.1:28449049-33579727	3563293	3563808	+	518	1.0	0.9884169884169884	0	1
HG02886_2	HG02886#2	WHR1	WHR1	HG02886#2#CM088127.1:28408235-33704386	3629229	3639492	+	10272	1.0	0.9982476635514018	60	1
HG02886_2	HG02886#2	CYP21A1P	CYP21	HG02886#2#CM088127.1:28408235-33704386	3663679	3666954	+	3274	1.0	0.9777642400243679	60	1
HG02886_2	HG02886#2	CYP21A2	CYP21	HG02886#2#CM088127.1:28408235-33704386	3663724	3666954	+	3230	1.0	0.9990712074303405	60	1
HG02886_2	HG02886#2	TNXA	TNX	HG02886#2#CM088127.1:28408235-33704386	3666464	3671187	-	4604	1.0	0.9701524132091448	60	1
HG02886_2	HG02886#2	TNXB	TNX	HG02886#2#CM088127.1:28408235-33704386	3666462	3734662	-	68186	1.0	0.9993695569304754	60	1
HG02886_2	HG02886#2	WHR1B	WHR1	HG02886#2#CM088127.1:28408235-33704386	3638580	3639095	+	518	1.0	0.9884169884169884	60	1
HG02922_1	HG02922#1	WHR1	WHR1	HG02922#1#JBHDVO010000050.1:28463778-33607859	3550836	3561098	+	10272	1.0	0.9980529595015576	60	1
HG02922_1	HG02922#1	CYP21A1P	CYP21	HG02922#1#JBHDVO010000050.1:28463778-33607859	3585288	3588562	+	3274	1.0	0.9966401954795358	60	1
HG02922_1	HG02922#1	CYP21A1P	CYP21	HG02922#1#JBHDVO010000050.1:28463778-33607859	3611656	3614931	+	3274	1.0	0.976850441669205	0	1
HG02922_1	HG02922#1	CYP21A2	CYP21	HG02922#1#JBHDVO010000050.1:28463778-33607859	3611701	3614931	+	3230	1.0	0.9978328173374613	60	1
HG02922_1	HG02922#1	CYP21A2	CYP21	HG02922#1#JBHDVO010000050.1:28463778-33607859	3585338	3588562	+	3230	0.9984520123839009	0.9789669038045159	0	1
HG02922_1	HG02922#1	TNXA	TNX	HG02922#1#JBHDVO010000050.1:28463778-33607859	3588072	3592676	-	4604	1.0	0.9963075586446568	33	1
HG02922_1	HG02922#1	TNXA	TNX	HG02922#1#JBHDVO010000050.1:28463778-33607859	3614441	3619164	-	4604	1.0	0.9699407281964437	0	1
HG02922_1	HG02922#1	TNXB	TNX	HG02922#1#JBHDVO010000050.1:28463778-33607859	3614439	3682632	-	68186	1.0	0.9989737876033542	60	1
HG02922_1	HG02922#1	WHR1B	WHR1	HG02922#1#JBHDVO010000050.1:28463778-33607859	3592922	3593440	+	518	1.0	0.9961389961389961	60	1
HG02922_1	HG02922#1	WHR1B	WHR1	HG02922#1#JBHDVO010000050.1:28463778-33607859	3560186	3560701	+	518	1.0	0.9884169884169884	0	1
HG02922_2	HG02922#2	WHR1	WHR1	HG02922#2#JBHDVP010000048.1:28393533-33529937	3622293	3632557	+	10272	1.0	0.9981504915798696	60	1
HG02922_2	HG02922#2	CYP21A1P	CYP21	HG02922#2#JBHDVP010000048.1:28393533-33529937	3656746	3660020	+	3274	1.0	0.9969456322541234	60	1
HG02922_2	HG02922#2	CYP21A1P	CYP21	HG02922#2#JBHDVP010000048.1:28393533-33529937	3683111	3686386	+	3274	1.0	0.9780688394760889	0	1
HG02922_2	HG02922#2	CYP21A2	CYP21	HG02922#2#JBHDVP010000048.1:28393533-33529937	3683156	3686386	+	3230	1.0	0.9975232198142415	60	1
HG02922_2	HG02922#2	CYP21A2	CYP21	HG02922#2#JBHDVP010000048.1:28393533-33529937	3656796	3660020	+	3230	0.9984520123839009	0.9786575935663471	0	1
HG02922_2	HG02922#2	TNXA	TNX	HG02922#2#JBHDVP010000048.1:28393533-33529937	3659530	3664134	-	4604	1.0	0.9963075586446568	49	1
HG02922_2	HG02922#2	TNXA	TNX	HG02922#2#JBHDVP010000048.1:28393533-33529937	3685896	3690619	-	4604	1.0	0.9693056731583404	0	1
HG02922_2	HG02922#2	TNXB	TNX	HG02922#2#JBHDVP010000048.1:28393533-33529937	3685894	3754080	-	68186	1.0	0.9989149082804228	60	1
HG02922_2	HG02922#2	WHR1B	WHR1	HG02922#2#JBHDVP010000048.1:28393533-33529937	3664380	3664898	+	518	1.0	0.9961389961389961	60	1
HG02922_2	HG02922#2	WHR1B	WHR1	HG02922#2#JBHDVP010000048.1:28393533-33529937	3631645	3632160	+	518	1.0	0.9884169884169884	0	1
HG02965_1	HG02965#1	WHR1	WHR1	HG02965#1#CM087346.1:28413853-33616010	3622748	3633020	+	10272	1.0	0.9994158878504673	60	1
HG02965_1	HG02965#1	CYP21A1P	CYP21	HG02965#1#CM087346.1:28413853-33616010	3657209	3660483	+	3274	1.0	0.9966401954795358	60	1
HG02965_1	HG02965#1	CYP21A1P	CYP21	HG02965#1#CM087346.1:28413853-33616010	3683576	3686851	+	3274	1.0	0.976850441669205	0	1
HG02965_1	HG02965#1	CYP21A2	CYP21	HG02965#1#CM087346.1:28413853-33616010	3683621	3686851	+	3230	1.0	0.9978328173374613	60	1
HG02965_1	HG02965#1	CYP21A2	CYP21	HG02965#1#CM087346.1:28413853-33616010	3657259	3660483	+	3230	0.9984520123839009	0.9777296628518404	0	1
HG02965_1	HG02965#1	TNXA	TNX	HG02965#1#CM087346.1:28413853-33616010	3659993	3664597	-	4604	1.0	0.9963075586446568	14	1
HG02965_1	HG02965#1	TNXA	TNX	HG02965#1#CM087346.1:28413853-33616010	3686361	3691084	-	4604	1.0	0.970575783234547	0	1
HG02965_1	HG02965#1	TNXB	TNX	HG02965#1#CM087346.1:28413853-33616010	3686359	3754552	-	68186	1.0	0.9992815565297715	60	1
HG02965_1	HG02965#1	WHR1B	WHR1	HG02965#1#CM087346.1:28413853-33616010	3664843	3665361	+	518	1.0	0.9961389961389961	35	1
HG02965_1	HG02965#1	WHR1B	WHR1	HG02965#1#CM087346.1:28413853-33616010	3632105	3632623	+	518	1.0	0.9942084942084942	0	1
HG02965_2	HG02965#2	WHR1	WHR1	HG02965#2#CM087389.1:28497212-33562374	3550994	3561258	+	10272	1.0	0.9981504915798696	60	1
HG02965_2	HG02965#2	CYP21A1P	CYP21	HG02965#2#CM087389.1:28497212-33562374	3585447	3588721	+	3274	1.0	0.9969456322541234	60	1
HG02965_2	HG02965#2	CYP21A1P	CYP21	HG02965#2#CM087389.1:28497212-33562374	3611812	3615087	+	3274	1.0	0.9780688394760889	0	1
HG02965_2	HG02965#2	CYP21A2	CYP21	HG02965#2#CM087389.1:28497212-33562374	3611857	3615087	+	3230	1.0	0.9975232198142415	60	1
HG02965_2	HG02965#2	CYP21A2	CYP21	HG02965#2#CM087389.1:28497212-33562374	3585497	3588721	+	3230	0.9984520123839009	0.9786575935663471	0	1
HG02965_2	HG02965#2	TNXA	TNX	HG02965#2#CM087389.1:28497212-33562374	3588231	3592835	-	4604	1.0	0.9963075586446568	49	1
HG02965_2	HG02965#2	TNXA	TNX	HG02965#2#CM087389.1:28497212-33562374	3614597	3619320	-	4604	1.0	0.9693056731583404	0	1
HG02965_2	HG02965#2	TNXB	TNX	HG02965#2#CM087389.1:28497212-33562374	3614595	3682781	-	68186	1.0	0.998900244878807	60	1
HG02965_2	HG02965#2	WHR1B	WHR1	HG02965#2#CM087389.1:28497212-33562374	3593081	3593599	+	518	1.0	0.9961389961389961	60	1
HG02965_2	HG02965#2	WHR1B	WHR1	HG02965#2#CM087389.1:28497212-33562374	3560346	3560861	+	518	1.0	0.9884169884169884	0	1
HG02976_1	HG02976#1	WHR1	WHR1	HG02976#1#JBHDVW010000052.1:28458918-33596444	3562767	3573029	+	10272	1.0	0.9979558064830137	60	1
HG02976_1	HG02976#1	CYP21A1P	CYP21	HG02976#1#JBHDVW010000052.1:28458918-33596444	3597215	3600490	+	3274	1.0	0.977459640572647	60	1
HG02976_1	HG02976#1	CYP21A2	CYP21	HG02976#1#JBHDVW010000052.1:28458918-33596444	3597260	3600490	+	3230	1.0	0.9975232198142415	60	1
HG02976_1	HG02976#1	TNXA	TNX	HG02976#1#JBHDVW010000052.1:28458918-33596444	3600000	3604723	-	4604	1.0	0.9695173581710415	60	1
HG02976_1	HG02976#1	TNXB	TNX	HG02976#1#JBHDVW010000052.1:28458918-33596444	3599998	3668184	-	68186	1.0	0.9989588984852706	60	1
HG02976_1	HG02976#1	WHR1B	WHR1	HG02976#1#JBHDVW010000052.1:28458918-33596444	3572117	3572632	+	518	1.0	0.9884169884169884	60	1
HG02976_2	HG02976#2	WHR1	WHR1	HG02976#2#JBHDVX010000061.1:28449910-33601091	3556301	3566575	+	10272	1.0	0.9989293361884368	60	1
HG02976_2	HG02976#2	CYP21A1P	CYP21	HG02976#2#JBHDVX010000061.1:28449910-33601091	3590764	3594038	+	3274	1.0	0.9978619425778864	60	1
HG02976_2	HG02976#2	CYP21A1P	CYP21	HG02976#2#JBHDVX010000061.1:28449910-33601091	3617132	3620407	+	3274	1.0	0.978982637831252	0	1
HG02976_2	HG02976#2	CYP21A2	CYP21	HG02976#2#JBHDVX010000061.1:28449910-33601091	3617177	3620407	+	3230	1.0	0.9962848297213622	60	1
HG02976_2	HG02976#2	CYP21A2	CYP21	HG02976#2#JBHDVX010000061.1:28449910-33601091	3590814	3594038	+	3230	0.9984520123839009	0.9783482833281781	0	1
HG02976_2	HG02976#2	TNXA	TNX	HG02976#2#JBHDVX010000061.1:28449910-33601091	3593548	3598152	-	4604	1.0	0.9973935708079931	22	1
HG02976_2	HG02976#2	TNXA	TNX	HG02976#2#JBHDVX010000061.1:28449910-33601091	3619917	3624641	-	4604	1.0	0.9714225232853514	0	1
HG02976_2	HG02976#2	TNXB	TNX	HG02976#2#JBHDVX010000061.1:28449910-33601091	3619915	3688068	-	68186	1.0	0.9984896474866561	60	1
HG02976_2	HG02976#2	WHR1B	WHR1	HG02976#2#JBHDVX010000061.1:28449910-33601091	3598398	3598916	+	518	1.0	0.9980694980694981	60	1
HG02976_2	HG02976#2	WHR1B	WHR1	HG02976#2#JBHDVX010000061.1:28449910-33601091	3565660	3566178	+	518	1.0	0.9942084942084942	0	1
HG02984_1	HG02984#1	WHR1	WHR1	HG02984#1#CM098791.1:28424082-33554288	3555631	3565902	+	10272	1.0	0.9996105919003115	60	1
HG02984_1	HG02984#1	CYP21A1P	CYP21	HG02984#1#CM098791.1:28424082-33554288	3583724	3586998	+	3274	1.0	0.9975565058032987	60	1
HG02984_1	HG02984#1	CYP21A1P	CYP21	HG02984#1#CM098791.1:28424082-33554288	3610091	3613366	+	3274	1.0	0.978982637831252	0	1
HG02984_1	HG02984#1	CYP21A2	CYP21	HG02984#1#CM098791.1:28424082-33554288	3610136	3613366	+	3230	1.0	0.9962848297213622	60	1
HG02984_1	HG02984#1	CYP21A2	CYP21	HG02984#1#CM098791.1:28424082-33554288	3583774	3586998	+	3230	0.9984520123839009	0.9774203526136716	0	1
HG02984_1	HG02984#1	TNXA	TNX	HG02984#1#CM098791.1:28424082-33554288	3586508	3591112	-	4604	1.0	0.996524761077324	10	1
HG02984_1	HG02984#1	TNXA	TNX	HG02984#1#CM098791.1:28424082-33554288	3612876	3617600	-	4604	1.0	0.9712108382726503	0	1
HG02984_1	HG02984#1	TNXB	TNX	HG02984#1#CM098791.1:28424082-33554288	3612874	3681055	-	68186	1.0	0.9986657087139484	60	1
HG02984_1	HG02984#1	WHR1B	WHR1	HG02984#1#CM098791.1:28424082-33554288	3591358	3591876	+	518	1.0	0.9980694980694981	60	1
HG02984_1	HG02984#1	WHR1B	WHR1	HG02984#1#CM098791.1:28424082-33554288	3564987	3565505	+	518	1.0	0.9942084942084942	0	1
HG02984_2	HG02984#2	WHR1	WHR1	HG02984#2#CM098805.1:28288416-33435352	3556068	3566332	+	10272	1.0	0.9981504915798696	60	1
HG02984_2	HG02984#2	CYP21A1P	CYP21	HG02984#2#CM098805.1:28288416-33435352	3590521	3593795	+	3274	1.0	0.9969456322541234	60	1
HG02984_2	HG02984#2	CYP21A1P	CYP21	HG02984#2#CM098805.1:28288416-33435352	3616887	3620162	+	3274	1.0	0.977459640572647	0	1
HG02984_2	HG02984#2	CYP21A2	CYP21	HG02984#2#CM098805.1:28288416-33435352	3616932	3620162	+	3230	1.0	0.9975232198142415	60	1
HG02984_2	HG02984#2	CYP21A2	CYP21	HG02984#2#CM098805.1:28288416-33435352	3590571	3593795	+	3230	0.9984520123839009	0.9786575935663471	0	1
HG02984_2	HG02984#2	TNXA	TNX	HG02984#2#CM098805.1:28288416-33435352	3593305	3597909	-	4604	1.0	0.996524761077324	53	1
HG02984_2	HG02984#2	TNXA	TNX	HG02984#2#CM098805.1:28288416-33435352	3619672	3624395	-	4604	1.0	0.9693056731583404	0	1
HG02984_2	HG02984#2	TNXB	TNX	HG02984#2#CM098805.1:28288416-33435352	3619670	3687859	-	68186	1.0	0.9988856141585654	60	1
HG02984_2	HG02984#2	WHR1B	WHR1	HG02984#2#CM098805.1:28288416-33435352	3598155	3598673	+	518	1.0	0.9961389961389961	60	1
HG02984_2	HG02984#2	WHR1B	WHR1	HG02984#2#CM098805.1:28288416-33435352	3565420	3565935	+	518	1.0	0.9884169884169884	0	1
HG03017_1	HG03017#1	WHR1	WHR1	HG03017#1#CM088912.1:28366322-33354914	3501564	3511836	+	10272	1.0	0.9991239170641487	60	1
HG03017_1	HG03017#1	CYP21A1P	CYP21	HG03017#1#CM088912.1:28366322-33354914	3536022	3539296	+	3274	1.0	0.9792809262644728	60	1
HG03017_1	HG03017#1	CYP21A2	CYP21	HG03017#1#CM088912.1:28366322-33354914	3536067	3539296	+	3230	1.0	0.9962848297213622	60	1
HG03017_1	HG03017#1	TNXA	TNX	HG03017#1#CM088912.1:28366322-33354914	3538806	3543529	-	4604	1.0	0.9686706181202371	60	1
HG03017_1	HG03017#1	TNXB	TNX	HG03017#1#CM088912.1:28366322-33354914	3538804	3606982	-	68186	1.0	0.9987390768869862	60	1
HG03017_1	HG03017#1	WHR1B	WHR1	HG03017#1#CM088912.1:28366322-33354914	3510921	3511439	+	518	1.0	0.9942084942084942	60	1
HG03017_2	HG03017#2	WHR1	WHR1	HG03017#2#CM088928.1:28386890-33518406	3562682	3572953	+	10272	1.0	0.9992211838006231	60	1
HG03017_2	HG03017#2	CYP21A1P	CYP21	HG03017#2#CM088928.1:28386890-33518406	3590773	3594047	+	3274	1.0	0.9771480804387569	60	1
HG03017_2	HG03017#2	CYP21A2	CYP21	HG03017#2#CM088928.1:28386890-33518406	3590818	3594047	+	3230	1.0	0.9981424148606811	60	1
HG03017_2	HG03017#2	TNXA	TNX	HG03017#2#CM088928.1:28386890-33518406	3593557	3598280	-	4604	1.0	0.9701524132091448	60	1
HG03017_2	HG03017#2	TNXB	TNX	HG03017#2#CM088928.1:28386890-33518406	3593555	3661721	-	68186	1.0	0.9989442970044428	60	1
HG03017_2	HG03017#2	WHR1B	WHR1	HG03017#2#CM088928.1:28386890-33518406	3572038	3572556	+	518	1.0	0.9942084942084942	60	1
HG03041_1	HG03041#1	WHR1	WHR1	HG03041#1#JBHIHQ010000010.1:28523162-33664914	3627591	3637855	+	10272	1.0	0.9980531490314416	60	1
HG03041_1	HG03041#1	CYP21A1P	CYP21	HG03041#1#JBHIHQ010000010.1:28523162-33664914	3662044	3665318	+	3274	1.0	0.9969456322541234	60	1
HG03041_1	HG03041#1	CYP21A1P	CYP21	HG03041#1#JBHIHQ010000010.1:28523162-33664914	3688409	3691684	+	3274	1.0	0.9780688394760889	0	1
HG03041_1	HG03041#1	CYP21A2	CYP21	HG03041#1#JBHIHQ010000010.1:28523162-33664914	3688454	3691684	+	3230	1.0	0.9975232198142415	60	1
HG03041_1	HG03041#1	CYP21A2	CYP21	HG03041#1#JBHIHQ010000010.1:28523162-33664914	3662094	3665318	+	3230	0.9984520123839009	0.9786575935663471	0	1
HG03041_1	HG03041#1	TNXA	TNX	HG03041#1#JBHIHQ010000010.1:28523162-33664914	3664828	3669432	-	4604	1.0	0.9963075586446568	49	1
HG03041_1	HG03041#1	TNXA	TNX	HG03041#1#JBHIHQ010000010.1:28523162-33664914	3691194	3695917	-	4604	1.0	0.9693056731583404	0	1
HG03041_1	HG03041#1	TNXB	TNX	HG03041#1#JBHIHQ010000010.1:28523162-33664914	3691192	3759378	-	68186	1.0	0.9989149082804228	60	1
HG03041_1	HG03041#1	WHR1B	WHR1	HG03041#1#JBHIHQ010000010.1:28523162-33664914	3669678	3670196	+	518	1.0	0.9961389961389961	60	1
HG03041_1	HG03041#1	WHR1B	WHR1	HG03041#1#JBHIHQ010000010.1:28523162-33664914	3636943	3637458	+	518	1.0	0.9884169884169884	0	1
HG03041_2	HG03041#2	WHR1	WHR1	HG03041#2#JBHIHR010000035.1:28469379-33626082	3556436	3566700	+	10272	1.0	0.9981504915798696	60	1
HG03041_2	HG03041#2	CYP21A1P	CYP21	HG03041#2#JBHIHR010000035.1:28469379-33626082	3590889	3594163	+	3274	1.0	0.9966401954795358	60	1
HG03041_2	HG03041#2	CYP21A1P	CYP21	HG03041#2#JBHIHR010000035.1:28469379-33626082	3617255	3620530	+	3274	1.0	0.977459640572647	0	1
HG03041_2	HG03041#2	CYP21A2	CYP21	HG03041#2#JBHIHR010000035.1:28469379-33626082	3617300	3620530	+	3230	1.0	0.9975232198142415	60	1
HG03041_2	HG03041#2	CYP21A2	CYP21	HG03041#2#JBHIHR010000035.1:28469379-33626082	3590939	3594163	+	3230	0.9984520123839009	0.9789669038045159	0	1
HG03041_2	HG03041#2	TNXA	TNX	HG03041#2#JBHIHR010000035.1:28469379-33626082	3593673	3598277	-	4604	1.0	0.9960903562119896	45	1
HG03041_2	HG03041#2	TNXA	TNX	HG03041#2#JBHIHR010000035.1:28469379-33626082	3620040	3624763	-	4604	1.0	0.9693056731583404	0	1
HG03041_2	HG03041#2	TNXB	TNX	HG03041#2#JBHIHR010000035.1:28469379-33626082	3620038	3688224	-	68186	1.0	0.9989588984852706	60	1
HG03041_2	HG03041#2	WHR1B	WHR1	HG03041#2#JBHIHR010000035.1:28469379-33626082	3598523	3599041	+	518	1.0	0.9961389961389961	60	1
HG03041_2	HG03041#2	WHR1B	WHR1	HG03041#2#JBHIHR010000035.1:28469379-33626082	3565788	3566303	+	518	1.0	0.9884169884169884	0	1
HG03050_1	HG03050#1	WHR1	WHR1	HG03050#1#CM098763.1:28357910-33541888	3494271	3504543	+	10272	1.0	0.9996105919003115	60	1
HG03050_1	HG03050#1	CYP21A1P	CYP21	HG03050#1#CM098763.1:28357910-33541888	3528733	3532007	+	3274	1.0	0.9969456322541234	60	1
HG03050_1	HG03050#1	CYP21A1P	CYP21	HG03050#1#CM098763.1:28357910-33541888	3555100	3558375	+	3274	1.0	0.977459640572647	0	1
HG03050_1	HG03050#1	CYP21A2	CYP21	HG03050#1#CM098763.1:28357910-33541888	3555145	3558375	+	3230	1.0	0.9978328173374613	60	1
HG03050_1	HG03050#1	CYP21A2	CYP21	HG03050#1#CM098763.1:28357910-33541888	3528783	3532007	+	3230	0.9984520123839009	0.9780389730900093	0	1
HG03050_1	HG03050#1	TNXA	TNX	HG03050#1#CM098763.1:28357910-33541888	3531517	3536121	-	4604	1.0	0.9976107732406603	47	1
HG03050_1	HG03050#1	TNXA	TNX	HG03050#1#CM098763.1:28357910-33541888	3557885	3562608	-	4604	1.0	0.970575783234547	0	1
HG03050_1	HG03050#1	TNXB	TNX	HG03050#1#CM098763.1:28357910-33541888	3557883	3626071	-	68186	1.0	0.9994134467336315	60	1
HG03050_1	HG03050#1	WHR1B	WHR1	HG03050#1#CM098763.1:28357910-33541888	3536367	3536885	+	518	1.0	0.9980694980694981	34	1
HG03050_1	HG03050#1	WHR1B	WHR1	HG03050#1#CM098763.1:28357910-33541888	3503628	3504146	+	518	1.0	0.9961389961389961	0	1
HG03050_2	HG03050#2	WHR1	WHR1	HG03050#2#CM098777.1:28436251-33634749	3619316	3629588	+	10272	1.0	0.9994158878504673	60	1
HG03050_2	HG03050#2	CYP21A1P	CYP21	HG03050#2#CM098777.1:28436251-33634749	3653777	3657051	+	3274	1.0	0.9966401954795358	60	1
HG03050_2	HG03050#2	CYP21A1P	CYP21	HG03050#2#CM098777.1:28436251-33634749	3680144	3683419	+	3274	1.0	0.976850441669205	0	1
HG03050_2	HG03050#2	CYP21A2	CYP21	HG03050#2#CM098777.1:28436251-33634749	3680189	3683419	+	3230	1.0	0.9978328173374613	60	1
HG03050_2	HG03050#2	CYP21A2	CYP21	HG03050#2#CM098777.1:28436251-33634749	3653827	3657051	+	3230	0.9984520123839009	0.9777296628518404	0	1
HG03050_2	HG03050#2	TNXA	TNX	HG03050#2#CM098777.1:28436251-33634749	3656561	3661165	-	4604	1.0	0.9963075586446568	14	1
HG03050_2	HG03050#2	TNXA	TNX	HG03050#2#CM098777.1:28436251-33634749	3682929	3687652	-	4604	1.0	0.970575783234547	0	1
HG03050_2	HG03050#2	TNXB	TNX	HG03050#2#CM098777.1:28436251-33634749	3682927	3751126	-	68186	1.0	0.9991936547962879	60	1
HG03050_2	HG03050#2	WHR1B	WHR1	HG03050#2#CM098777.1:28436251-33634749	3661411	3661929	+	518	1.0	0.9961389961389961	35	1
HG03050_2	HG03050#2	WHR1B	WHR1	HG03050#2#CM098777.1:28436251-33634749	3628673	3629191	+	518	1.0	0.9942084942084942	0	1
HG03098_1	HG03098#1	WHR1	WHR1	HG03098#1#CM092231.1:28431361-33758681	3619304	3629566	+	10272	1.0	0.9980529595015576	60	1
HG03098_1	HG03098#1	CYP21A1P	CYP21	HG03098#1#CM092231.1:28431361-33758681	3653756	3657030	+	3274	1.0	0.9966401954795358	60	1
HG03098_1	HG03098#1	CYP21A1P	CYP21	HG03098#1#CM092231.1:28431361-33758681	3680124	3683399	+	3274	1.0	0.976545842217484	0	1
HG03098_1	HG03098#1	CYP21A2	CYP21	HG03098#1#CM092231.1:28431361-33758681	3680169	3683399	+	3230	1.0	0.9975232198142415	60	1
HG03098_1	HG03098#1	CYP21A2	CYP21	HG03098#1#CM092231.1:28431361-33758681	3653806	3657030	+	3230	0.9984520123839009	0.9783482833281781	0	1
HG03098_1	HG03098#1	TNXA	TNX	HG03098#1#CM092231.1:28431361-33758681	3656540	3661144	-	4604	1.0	0.9958731537793223	13	1
HG03098_1	HG03098#1	TNXA	TNX	HG03098#1#CM092231.1:28431361-33758681	3682909	3687632	-	4604	1.0	0.9701524132091448	0	1
HG03098_1	HG03098#1	TNXB	TNX	HG03098#1#CM092231.1:28431361-33758681	3682907	3751098	-	68186	1.0	0.999003020262147	60	1
HG03098_1	HG03098#1	WHR1B	WHR1	HG03098#1#CM092231.1:28431361-33758681	3661390	3661908	+	518	1.0	0.9980694980694981	60	1
HG03098_1	HG03098#1	WHR1B	WHR1	HG03098#1#CM092231.1:28431361-33758681	3628654	3629169	+	518	1.0	0.9884169884169884	0	1
HG03098_2	HG03098#2	WHR1	WHR1	HG03098#2#CM092219.1:28417176-33625650	3549274	3559537	+	10272	1.0	0.9982476635514018	60	1
HG03098_2	HG03098#2	CYP21A1P	CYP21	HG03098#2#CM092219.1:28417176-33625650	3583724	3586999	+	3274	1.0	0.9777642400243679	60	1
HG03098_2	HG03098#2	CYP21A2	CYP21	HG03098#2#CM092219.1:28417176-33625650	3583769	3586999	+	3230	1.0	0.9990712074303405	60	1
HG03098_2	HG03098#2	TNXA	TNX	HG03098#2#CM092219.1:28417176-33625650	3586509	3591232	-	4604	1.0	0.9701524132091448	60	1
HG03098_2	HG03098#2	TNXB	TNX	HG03098#2#CM092219.1:28417176-33625650	3586507	3654706	-	68186	1.0	0.9993695476871197	60	1
HG03098_2	HG03098#2	WHR1B	WHR1	HG03098#2#CM092219.1:28417176-33625650	3558625	3559140	+	518	1.0	0.9884169884169884	60	1
HG03130_1	HG03130#1	WHR1	WHR1	HG03130#1#JBHDWI010000052.1:28368259-33497302	3550909	3561180	+	10272	1.0	0.9989292319672929	60	1
HG03130_1	HG03130#1	CYP21A1P	CYP21	HG03130#1#JBHDWI010000052.1:28368259-33497302	3585369	3588643	+	3274	1.0	0.9984728161270617	60	1
HG03130_1	HG03130#1	CYP21A1P	CYP21	HG03130#1#JBHDWI010000052.1:28368259-33497302	3611736	3615011	+	3274	1.0	0.977459640572647	0	1
HG03130_1	HG03130#1	CYP21A2	CYP21	HG03130#1#JBHDWI010000052.1:28368259-33497302	3611781	3615011	+	3230	1.0	0.9987616099071207	60	1
HG03130_1	HG03130#1	CYP21A2	CYP21	HG03130#1#JBHDWI010000052.1:28368259-33497302	3585419	3588643	+	3230	0.9984520123839009	0.9783482833281781	0	1
HG03130_1	HG03130#1	TNXA	TNX	HG03130#1#JBHDWI010000052.1:28368259-33497302	3588153	3592757	-	4604	1.0	0.9956559513466551	25	1
HG03130_1	HG03130#1	TNXA	TNX	HG03130#1#JBHDWI010000052.1:28368259-33497302	3614521	3619245	-	4604	1.0	0.9697290431837426	0	1
HG03130_1	HG03130#1	TNXB	TNX	HG03130#1#JBHDWI010000052.1:28368259-33497302	3614519	3679357	-	68186	1.0	0.9498687702526356	60	0
HG03130_1	HG03130#1	WHR1B	WHR1	HG03130#1#JBHDWI010000052.1:28368259-33497302	3593003	3593521	+	518	1.0	0.9980694980694981	60	1
HG03130_1	HG03130#1	WHR1B	WHR1	HG03130#1#JBHDWI010000052.1:28368259-33497302	3560265	3560783	+	518	1.0	0.9922779922779923	0	1
HG03130_2	HG03130#2	WHR1	WHR1	HG03130#2#JBHDWJ010000015.1:28300492-33501344	3620830	3631102	+	10272	1.0	0.9996105919003115	60	1
HG03130_2	HG03130#2	CYP21A1P	CYP21	HG03130#2#JBHDWJ010000015.1:28300492-33501344	3655292	3658566	+	3274	1.0	0.9969456322541234	60	1
HG03130_2	HG03130#2	CYP21A1P	CYP21	HG03130#2#JBHDWJ010000015.1:28300492-33501344	3681659	3684933	+	3274	1.0	0.9771480804387569	0	1
HG03130_2	HG03130#2	CYP21A2	CYP21	HG03130#2#JBHDWJ010000015.1:28300492-33501344	3681704	3684933	+	3230	1.0	0.9978328173374613	60	1
HG03130_2	HG03130#2	CYP21A2	CYP21	HG03130#2#JBHDWJ010000015.1:28300492-33501344	3655342	3658566	+	3230	0.9984520123839009	0.9780389730900093	0	1
HG03130_2	HG03130#2	TNXA	TNX	HG03130#2#JBHDWJ010000015.1:28300492-33501344	3658076	3662680	-	4604	1.0	0.9969591659426585	38	1
HG03130_2	HG03130#2	TNXA	TNX	HG03130#2#JBHDWJ010000015.1:28300492-33501344	3684443	3689166	-	4604	1.0	0.9703640982218459	0	1
HG03130_2	HG03130#2	TNXB	TNX	HG03130#2#JBHDWJ010000015.1:28300492-33501344	3684441	3752615	-	68186	1.0	0.9989150514617482	60	1
HG03130_2	HG03130#2	WHR1B	WHR1	HG03130#2#JBHDWJ010000015.1:28300492-33501344	3662926	3663444	+	518	1.0	0.9980694980694981	34	1
HG03130_2	HG03130#2	WHR1B	WHR1	HG03130#2#JBHDWJ010000015.1:28300492-33501344	3630187	3630705	+	518	1.0	0.9961389961389961	0	1
HG03139_1	HG03139#1	WHR1	WHR1	HG03139#1#JBIEBX010000038.1:1708286-6750584	3552029	3562293	+	10272	1.0	0.9981504915798696	60	1
HG03139_1	HG03139#1	CYP21A1P	CYP21	HG03139#1#JBIEBX010000038.1:1708286-6750584	3586478	3589753	+	3274	1.0	0.9780688394760889	60	1
HG03139_1	HG03139#1	CYP21A2	CYP21	HG03139#1#JBIEBX010000038.1:1708286-6750584	3586523	3589753	+	3230	1.0	0.9975232198142415	60	1
HG03139_1	HG03139#1	TNXA	TNX	HG03139#1#JBIEBX010000038.1:1708286-6750584	3589263	3593986	-	4604	1.0	0.9693056731583404	60	1
HG03139_1	HG03139#1	TNXB	TNX	HG03139#1#JBIEBX010000038.1:1708286-6750584	3589261	3657447	-	68186	1.0	0.9989149082804228	60	1
HG03139_1	HG03139#1	WHR1B	WHR1	HG03139#1#JBIEBX010000038.1:1708286-6750584	3561381	3561896	+	518	1.0	0.9884169884169884	60	1
HG03139_2	HG03139#2	WHR1	WHR1	HG03139#2#JBIEBY010000006.1:1675799-6810645	3549157	3559419	+	10272	1.0	0.9980529595015576	60	1
HG03139_2	HG03139#2	CYP21A1P	CYP21	HG03139#2#JBIEBY010000006.1:1675799-6810645	3583609	3586883	+	3274	1.0	0.9969456322541234	60	1
HG03139_2	HG03139#2	CYP21A1P	CYP21	HG03139#2#JBIEBY010000006.1:1675799-6810645	3609977	3613252	+	3274	1.0	0.976850441669205	0	1
HG03139_2	HG03139#2	CYP21A2	CYP21	HG03139#2#JBIEBY010000006.1:1675799-6810645	3610022	3613252	+	3230	1.0	0.9981424148606811	60	1
HG03139_2	HG03139#2	CYP21A2	CYP21	HG03139#2#JBIEBY010000006.1:1675799-6810645	3583659	3586883	+	3230	0.9984520123839009	0.9786575935663471	0	1
HG03139_2	HG03139#2	TNXA	TNX	HG03139#2#JBIEBY010000006.1:1675799-6810645	3586393	3590997	-	4604	1.0	0.9960903562119896	27	1
HG03139_2	HG03139#2	TNXA	TNX	HG03139#2#JBIEBY010000006.1:1675799-6810645	3612762	3617485	-	4604	1.0	0.9699407281964437	0	1
HG03139_2	HG03139#2	TNXB	TNX	HG03139#2#JBIEBY010000006.1:1675799-6810645	3612760	3680945	-	68186	1.0	0.9993694644847205	60	1
HG03139_2	HG03139#2	WHR1B	WHR1	HG03139#2#JBIEBY010000006.1:1675799-6810645	3591243	3591761	+	518	1.0	0.9961389961389961	60	1
HG03139_2	HG03139#2	WHR1B	WHR1	HG03139#2#JBIEBY010000006.1:1675799-6810645	3558507	3559022	+	518	1.0	0.9884169884169884	0	1
HG03195_1	HG03195#1	WHR1	WHR1	HG03195#1#JBHDVU010000053.1:28475373-33604548	3550992	3561263	+	10272	1.0	0.9989292319672929	60	1
HG03195_1	HG03195#1	CYP21A1P	CYP21	HG03195#1#JBHDVU010000053.1:28475373-33604548	3585452	3588726	+	3274	1.0	0.9984728161270617	60	1
HG03195_1	HG03195#1	CYP21A1P	CYP21	HG03195#1#JBHDVU010000053.1:28475373-33604548	3611819	3615094	+	3274	1.0	0.977459640572647	0	1
HG03195_1	HG03195#1	CYP21A2	CYP21	HG03195#1#JBHDVU010000053.1:28475373-33604548	3611864	3615094	+	3230	1.0	0.9987616099071207	60	1
HG03195_1	HG03195#1	CYP21A2	CYP21	HG03195#1#JBHDVU010000053.1:28475373-33604548	3585502	3588726	+	3230	0.9984520123839009	0.9783482833281781	0	1
HG03195_1	HG03195#1	TNXA	TNX	HG03195#1#JBHDVU010000053.1:28475373-33604548	3588236	3592840	-	4604	1.0	0.9956559513466551	25	1
HG03195_1	HG03195#1	TNXA	TNX	HG03195#1#JBHDVU010000053.1:28475373-33604548	3614604	3619328	-	4604	1.0	0.9697290431837426	0	1
HG03195_1	HG03195#1	TNXB	TNX	HG03195#1#JBHDVU010000053.1:28475373-33604548	3614602	3679440	-	68186	1.0	0.9498687702526356	60	0
HG03195_1	HG03195#1	WHR1B	WHR1	HG03195#1#JBHDVU010000053.1:28475373-33604548	3593086	3593604	+	518	1.0	0.9980694980694981	60	1
HG03195_1	HG03195#1	WHR1B	WHR1	HG03195#1#JBHDVU010000053.1:28475373-33604548	3560348	3560866	+	518	1.0	0.9922779922779923	0	1
HG03195_2	HG03195#2	WHR1	WHR1	HG03195#2#JBHDVV010000014.1:28451324-33606358	3554562	3564833	+	10272	1.0	0.9996105919003115	60	1
HG03195_2	HG03195#2	CYP21A1P	CYP21	HG03195#2#JBHDVV010000014.1:28451324-33606358	3589024	3592298	+	3274	1.0	0.9972510690287111	60	1
HG03195_2	HG03195#2	CYP21A1P	CYP21	HG03195#2#JBHDVV010000014.1:28451324-33606358	3615391	3618666	+	3274	1.0	0.978982637831252	0	1
HG03195_2	HG03195#2	CYP21A2	CYP21	HG03195#2#JBHDVV010000014.1:28451324-33606358	3615436	3618666	+	3230	1.0	0.9962848297213622	60	1
HG03195_2	HG03195#2	CYP21A2	CYP21	HG03195#2#JBHDVV010000014.1:28451324-33606358	3589074	3592298	+	3230	0.9984520123839009	0.9771110423755026	0	1
HG03195_2	HG03195#2	TNXA	TNX	HG03195#2#JBHDVV010000014.1:28451324-33606358	3591808	3596412	-	4604	1.0	0.996524761077324	5	1
HG03195_2	HG03195#2	TNXA	TNX	HG03195#2#JBHDVV010000014.1:28451324-33606358	3618176	3622900	-	4604	1.0	0.9712108382726503	0	1
HG03195_2	HG03195#2	TNXB	TNX	HG03195#2#JBHDVV010000014.1:28451324-33606358	3618174	3686352	-	68186	1.0	0.9987096395788733	60	1
HG03195_2	HG03195#2	WHR1B	WHR1	HG03195#2#JBHDVV010000014.1:28451324-33606358	3596658	3597176	+	518	1.0	0.9980694980694981	60	1
HG03195_2	HG03195#2	WHR1B	WHR1	HG03195#2#JBHDVV010000014.1:28451324-33606358	3563918	3564436	+	518	1.0	0.9942084942084942	0	1
HG03209_1	HG03209#1	WHR1	WHR1	HG03209#1#CM087213.1:28462168-33702122	3554539	3564803	+	10272	1.0	0.9981504915798696	60	1
HG03209_1	HG03209#1	CYP21A1P	CYP21	HG03209#1#CM087213.1:28462168-33702122	3588992	3592266	+	3274	1.0	0.9969456322541234	60	1
HG03209_1	HG03209#1	CYP21A1P	CYP21	HG03209#1#CM087213.1:28462168-33702122	3615358	3618633	+	3274	1.0	0.977459640572647	0	1
HG03209_1	HG03209#1	CYP21A2	CYP21	HG03209#1#CM087213.1:28462168-33702122	3615403	3618633	+	3230	1.0	0.9972136222910216	60	1
HG03209_1	HG03209#1	CYP21A2	CYP21	HG03209#1#CM087213.1:28462168-33702122	3589042	3592266	+	3230	0.9984520123839009	0.9786575935663471	0	1
HG03209_1	HG03209#1	TNXA	TNX	HG03209#1#CM087213.1:28462168-33702122	3591776	3596380	-	4604	1.0	0.9963075586446568	49	1
HG03209_1	HG03209#1	TNXA	TNX	HG03209#1#CM087213.1:28462168-33702122	3618143	3622866	-	4604	1.0	0.9693056731583404	0	1
HG03209_1	HG03209#1	TNXB	TNX	HG03209#1#CM087213.1:28462168-33702122	3618141	3686322	-	68186	1.0	0.9988855814771911	60	1
HG03209_1	HG03209#1	WHR1B	WHR1	HG03209#1#CM087213.1:28462168-33702122	3596626	3597144	+	518	1.0	0.9961389961389961	60	1
HG03209_1	HG03209#1	WHR1B	WHR1	HG03209#1#CM087213.1:28462168-33702122	3563891	3564406	+	518	1.0	0.9884169884169884	0	1
HG03209_2	HG03209#2	WHR1	WHR1	HG03209#2#CM087231.1:28521401-33595827	3544214	3554486	+	10272	1.0	0.9995132398753894	60	1
HG03209_2	HG03209#2	CYP21A1P	CYP21	HG03209#2#CM087231.1:28521401-33595827	3578677	3581951	+	3274	1.0	0.998167379352474	60	1
HG03209_2	HG03209#2	CYP21A1P	CYP21	HG03209#2#CM087231.1:28521401-33595827	3605046	3608321	+	3274	1.0	0.9811148339932988	0	1
HG03209_2	HG03209#2	CYP21A2	CYP21	HG03209#2#CM087231.1:28521401-33595827	3605091	3608321	+	3230	1.0	0.9947368421052631	60	1
HG03209_2	HG03209#2	CYP21A2	CYP21	HG03209#2#CM087231.1:28521401-33595827	3578727	3581951	+	3230	0.9984520123839009	0.9786575935663471	0	1
HG03209_2	HG03209#2	TNXA	TNX	HG03209#2#CM087231.1:28521401-33595827	3581461	3586065	-	4604	1.0	0.9967419635099913	18	1
HG03209_2	HG03209#2	TNXA	TNX	HG03209#2#CM087231.1:28521401-33595827	3607831	3612555	-	4604	1.0	0.9709991532599492	0	1
HG03209_2	HG03209#2	TNXB	TNX	HG03209#2#CM087231.1:28521401-33595827	3607829	3675991	-	68186	1.0	0.9984311770570641	60	1
HG03209_2	HG03209#2	WHR1B	WHR1	HG03209#2#CM087231.1:28521401-33595827	3586311	3586829	+	518	1.0	0.9980694980694981	30	1
HG03209_2	HG03209#2	WHR1B	WHR1	HG03209#2#CM087231.1:28521401-33595827	3553571	3554089	+	518	1.0	0.9961389961389961	0	1
HG03225_1	HG03225#1	WHR1	WHR1	HG03225#1#CM089301.1:28387857-33521155	3557074	3567337	+	10272	1.0	0.9981503115264797	60	1
HG03225_1	HG03225#1	CYP21A1P	CYP21	HG03225#1#CM089301.1:28387857-33521155	3617891	3621165	+	3274	1.0	0.97775746496039	10	1
HG03225_1	HG03225#1	CYP21A1P	CYP21	HG03225#1#CM089301.1:28387857-33521155	3591524	3594798	+	3274	1.0	0.9774527726995734	0	1
HG03225_1	HG03225#1	CYP21A2	CYP21	HG03225#1#CM089301.1:28387857-33521155	3591569	3594798	+	3230	1.0	0.9978328173374613	6	1
HG03225_1	HG03225#1	CYP21A2	CYP21	HG03225#1#CM089301.1:28387857-33521155	3617936	3621165	+	3230	1.0	0.9975232198142415	0	1
HG03225_1	HG03225#1	TNXA	TNX	HG03225#1#CM089301.1:28387857-33521155	3594308	3598912	-	4604	1.0	0.9956559513466551	39	1
HG03225_1	HG03225#1	TNXA	TNX	HG03225#1#CM089301.1:28387857-33521155	3620675	3625398	-	4604	1.0	0.9690939881456393	0	1
HG03225_1	HG03225#1	TNXB	TNX	HG03225#1#CM089301.1:28387857-33521155	3620673	3688827	-	68186	1.0	0.9982846335420118	60	1
HG03225_1	HG03225#1	WHR1B	WHR1	HG03225#1#CM089301.1:28387857-33521155	3599158	3599676	+	518	1.0	0.9961389961389961	60	1
HG03225_1	HG03225#1	WHR1B	WHR1	HG03225#1#CM089301.1:28387857-33521155	3566425	3566940	+	518	1.0	0.9884169884169884	0	1
HG03225_2	HG03225#2	WHR1	WHR1	HG03225#2#CM089317.1:28460302-33665041	3622013	3632275	+	10272	1.0	0.9980529595015576	60	1
HG03225_2	HG03225#2	CYP21A1P	CYP21	HG03225#2#CM089317.1:28460302-33665041	3656465	3659739	+	3274	1.0	0.9969456322541234	60	1
HG03225_2	HG03225#2	CYP21A1P	CYP21	HG03225#2#CM089317.1:28460302-33665041	3682833	3686108	+	3274	1.0	0.976850441669205	0	1
HG03225_2	HG03225#2	CYP21A2	CYP21	HG03225#2#CM089317.1:28460302-33665041	3682878	3686108	+	3230	1.0	0.9981424148606811	60	1
HG03225_2	HG03225#2	CYP21A2	CYP21	HG03225#2#CM089317.1:28460302-33665041	3656515	3659739	+	3230	0.9984520123839009	0.9786575935663471	0	1
HG03225_2	HG03225#2	TNXA	TNX	HG03225#2#CM089317.1:28460302-33665041	3659249	3663853	-	4604	1.0	0.9960903562119896	27	1
HG03225_2	HG03225#2	TNXA	TNX	HG03225#2#CM089317.1:28460302-33665041	3685618	3690341	-	4604	1.0	0.9699407281964437	0	1
HG03225_2	HG03225#2	TNXB	TNX	HG03225#2#CM089317.1:28460302-33665041	3685616	3753805	-	68186	1.0	0.9994281189512582	60	1
HG03225_2	HG03225#2	WHR1B	WHR1	HG03225#2#CM089317.1:28460302-33665041	3664099	3664617	+	518	1.0	0.9961389961389961	60	1
HG03225_2	HG03225#2	WHR1B	WHR1	HG03225#2#CM089317.1:28460302-33665041	3631363	3631878	+	518	1.0	0.9884169884169884	0	1
HG03239_1	HG03239#1	WHR1	WHR1	HG03239#1#CM088748.1:28379983-33543593	3504559	3514831	+	10272	1.0	0.9991239170641487	60	1
HG03239_1	HG03239#1	CYP21A1P	CYP21	HG03239#1#CM088748.1:28379983-33543593	3539017	3542289	+	3274	1.0	0.977459640572647	60	1
HG03239_1	HG03239#1	CYP21A2	CYP21	HG03239#1#CM088748.1:28379983-33543593	3539062	3542289	+	3230	1.0	0.9959752321981424	60	1
HG03239_1	HG03239#1	TNXA	TNX	HG03239#1#CM088748.1:28379983-33543593	3541799	3546522	-	4604	1.0	0.9693056731583404	60	1
HG03239_1	HG03239#1	TNXB	TNX	HG03239#1#CM088748.1:28379983-33543593	3541797	3609982	-	68186	1.0	0.9985047496188577	60	1
HG03239_1	HG03239#1	WHR1B	WHR1	HG03239#1#CM088748.1:28379983-33543593	3513916	3514434	+	518	1.0	0.9942084942084942	60	1
HG03239_2	HG03239#2	WHR1	WHR1	HG03239#2#CM088761.1:28289569-33563315	3551665	3561933	+	10272	1.0	0.9993185358255452	60	1
HG03239_2	HG03239#2	CYP21A1P	CYP21	HG03239#2#CM088761.1:28289569-33563315	3612495	3615769	+	3274	1.0	0.998167379352474	19	1
HG03239_2	HG03239#2	CYP21A1P	CYP21	HG03239#2#CM088761.1:28289569-33563315	3586124	3589398	+	3274	1.0	0.9972510690287111	0	1
HG03239_2	HG03239#2	CYP21A1P	CYP21	HG03239#2#CM088761.1:28289569-33563315	3638862	3642137	+	3274	1.0	0.9808102345415778	0	1
HG03239_2	HG03239#2	CYP21A2	CYP21	HG03239#2#CM088761.1:28289569-33563315	3638907	3642137	+	3230	1.0	0.9950464396284829	60	1
HG03239_2	HG03239#2	CYP21A2	CYP21	HG03239#2#CM088761.1:28289569-33563315	3612545	3615769	+	3230	0.9984520123839009	0.9780389730900093	0	1
HG03239_2	HG03239#2	CYP21A2	CYP21	HG03239#2#CM088761.1:28289569-33563315	3586174	3589398	+	3230	0.9984520123839009	0.9777296628518404	0	1
HG03239_2	HG03239#2	TNXA	TNX	HG03239#2#CM088761.1:28289569-33563315	3588908	3593512	-	4604	1.0	0.9967419635099913	11	1
HG03239_2	HG03239#2	TNXA	TNX	HG03239#2#CM088761.1:28289569-33563315	3615279	3619883	-	4604	1.0	0.9963075586446568	0	1
HG03239_2	HG03239#2	TNXA	TNX	HG03239#2#CM088761.1:28289569-33563315	3641647	3646371	-	4604	1.0	0.9709991532599492	0	1
HG03239_2	HG03239#2	TNXB	TNX	HG03239#2#CM088761.1:28289569-33563315	3641645	3709813	-	68186	1.0	0.9983433757018663	60	1
HG03239_2	HG03239#2	WHR1B	WHR1	HG03239#2#CM088761.1:28289569-33563315	3620129	3620647	+	518	1.0	0.9980694980694981	0	1
HG03239_2	HG03239#2	WHR1B	WHR1	HG03239#2#CM088761.1:28289569-33563315	3593758	3594276	+	518	1.0	0.9980694980694981	0	1
HG03239_2	HG03239#2	WHR1B	WHR1	HG03239#2#CM088761.1:28289569-33563315	3561018	3561536	+	518	1.0	0.9942084942084942	0	1
HG03270_1	HG03270#1	WHR1	WHR1	HG03270#1#CM089901.1:28457303-33619918	3560662	3570936	+	10272	1.0	0.9990266692622153	60	1
HG03270_1	HG03270#1	CYP21A1P	CYP21	HG03270#1#CM089901.1:28457303-33619918	3595125	3598399	+	3274	1.0	0.9975565058032987	60	1
HG03270_1	HG03270#1	CYP21A1P	CYP21	HG03270#1#CM089901.1:28457303-33619918	3621492	3624767	+	3274	1.0	0.9786780383795309	0	1
HG03270_1	HG03270#1	CYP21A2	CYP21	HG03270#1#CM089901.1:28457303-33619918	3621537	3624767	+	3230	1.0	0.9962848297213622	60	1
HG03270_1	HG03270#1	CYP21A2	CYP21	HG03270#1#CM089901.1:28457303-33619918	3595175	3598399	+	3230	0.9984520123839009	0.9780389730900093	0	1
HG03270_1	HG03270#1	TNXA	TNX	HG03270#1#CM089901.1:28457303-33619918	3597909	3602513	-	4604	1.0	0.9973935708079931	22	1
HG03270_1	HG03270#1	TNXA	TNX	HG03270#1#CM089901.1:28457303-33619918	3624277	3629001	-	4604	1.0	0.9714225232853514	0	1
HG03270_1	HG03270#1	TNXB	TNX	HG03270#1#CM089901.1:28457303-33619918	3624275	3692440	-	68186	1.0	0.9983579638752053	60	1
HG03270_1	HG03270#1	WHR1B	WHR1	HG03270#1#CM089901.1:28457303-33619918	3602759	3603277	+	518	1.0	0.9980694980694981	60	1
HG03270_1	HG03270#1	WHR1B	WHR1	HG03270#1#CM089901.1:28457303-33619918	3570021	3570539	+	518	1.0	0.9942084942084942	0	1
HG03270_2	HG03270#2	WHR1	WHR1	HG03270#2#CM089913.1:28461664-33600109	3561752	3572016	+	10272	1.0	0.9981504915798696	60	1
HG03270_2	HG03270#2	CYP21A1P	CYP21	HG03270#2#CM089913.1:28461664-33600109	3596205	3599479	+	3274	1.0	0.9966401954795358	60	1
HG03270_2	HG03270#2	CYP21A1P	CYP21	HG03270#2#CM089913.1:28461664-33600109	3622571	3625846	+	3274	1.0	0.977459640572647	0	1
HG03270_2	HG03270#2	CYP21A2	CYP21	HG03270#2#CM089913.1:28461664-33600109	3622616	3625846	+	3230	1.0	0.9975232198142415	60	1
HG03270_2	HG03270#2	CYP21A2	CYP21	HG03270#2#CM089913.1:28461664-33600109	3596255	3599479	+	3230	0.9984520123839009	0.9789669038045159	0	1
HG03270_2	HG03270#2	TNXA	TNX	HG03270#2#CM089913.1:28461664-33600109	3598989	3603593	-	4604	1.0	0.9963075586446568	49	1
HG03270_2	HG03270#2	TNXA	TNX	HG03270#2#CM089913.1:28461664-33600109	3625356	3630079	-	4604	1.0	0.9693056731583404	0	1
HG03270_2	HG03270#2	TNXB	TNX	HG03270#2#CM089913.1:28461664-33600109	3625354	3693544	-	68186	1.0	0.9989735919881523	60	1
HG03270_2	HG03270#2	WHR1B	WHR1	HG03270#2#CM089913.1:28461664-33600109	3603839	3604357	+	518	1.0	0.9961389961389961	60	1
HG03270_2	HG03270#2	WHR1B	WHR1	HG03270#2#CM089913.1:28461664-33600109	3571104	3571619	+	518	1.0	0.9884169884169884	0	1
HG03369_1	HG03369#1	WHR1	WHR1	HG03369#1#CM094384.1:28448143-33595830	3567255	3577518	+	10272	1.0	0.9982476635514018	60	1
HG03369_1	HG03369#1	CYP21A1P	CYP21	HG03369#1#CM094384.1:28448143-33595830	3601708	3604982	+	3274	1.0	0.9966401954795358	60	1
HG03369_1	HG03369#1	CYP21A1P	CYP21	HG03369#1#CM094384.1:28448143-33595830	3628075	3631350	+	3274	1.0	0.9786780383795309	0	1
HG03369_1	HG03369#1	CYP21A2	CYP21	HG03369#1#CM094384.1:28448143-33595830	3628120	3631350	+	3230	1.0	0.9975232198142415	60	1
HG03369_1	HG03369#1	CYP21A2	CYP21	HG03369#1#CM094384.1:28448143-33595830	3601758	3604982	+	3230	0.9984520123839009	0.9783482833281781	0	1
HG03369_1	HG03369#1	TNXA	TNX	HG03369#1#CM094384.1:28448143-33595830	3604492	3609096	-	4604	1.0	0.9963075586446568	23	1
HG03369_1	HG03369#1	TNXA	TNX	HG03369#1#CM094384.1:28448143-33595830	3630860	3635583	-	4604	1.0	0.9703640982218459	0	1
HG03369_1	HG03369#1	TNXB	TNX	HG03369#1#CM094384.1:28448143-33595830	3630858	3699052	-	68186	1.0	0.9994868035190616	60	1
HG03369_1	HG03369#1	WHR1B	WHR1	HG03369#1#CM094384.1:28448143-33595830	3609342	3609860	+	518	1.0	0.9961389961389961	60	1
HG03369_1	HG03369#1	WHR1B	WHR1	HG03369#1#CM094384.1:28448143-33595830	3576606	3577121	+	518	1.0	0.9884169884169884	0	1
HG03369_2	HG03369#2	WHR1	WHR1	HG03369#2#CM094359.1:28412805-33626591	3617450	3627720	+	10272	1.0	0.9994158878504673	60	1
HG03369_2	HG03369#2	CYP21A1P	CYP21	HG03369#2#CM094359.1:28412805-33626591	3651911	3655185	+	3274	1.0	0.9972510690287111	60	1
HG03369_2	HG03369#2	CYP21A1P	CYP21	HG03369#2#CM094359.1:28412805-33626591	3678278	3681553	+	3274	1.0	0.978982637831252	0	1
HG03369_2	HG03369#2	CYP21A2	CYP21	HG03369#2#CM094359.1:28412805-33626591	3678323	3681553	+	3230	1.0	0.9962848297213622	60	1
HG03369_2	HG03369#2	CYP21A2	CYP21	HG03369#2#CM094359.1:28412805-33626591	3651961	3655185	+	3230	0.9984520123839009	0.9777296628518404	0	1
HG03369_2	HG03369#2	TNXA	TNX	HG03369#2#CM094359.1:28412805-33626591	3681063	3685787	-	4604	1.0	0.9714225232853514	1	1
HG03369_2	HG03369#2	TNXA	TNX	HG03369#2#CM094359.1:28412805-33626591	3654695	3659299	-	4604	1.0	0.9963075586446568	0	1
HG03369_2	HG03369#2	TNXB	TNX	HG03369#2#CM094359.1:28412805-33626591	3681061	3749211	-	68186	1.0	0.9983724101526416	60	1
HG03369_2	HG03369#2	WHR1B	WHR1	HG03369#2#CM094359.1:28412805-33626591	3659545	3660063	+	518	1.0	0.9980694980694981	60	1
HG03369_2	HG03369#2	WHR1B	WHR1	HG03369#2#CM094359.1:28412805-33626591	3626805	3627323	+	518	1.0	0.9922779922779923	0	1
HG03453_1	HG03453#1	WHR1	WHR1	HG03453#1#JAGYVW020000075.1:28403120-33611389	3519258	3529530	+	10272	1.0	0.9995132398753894	60	1
HG03453_1	HG03453#1	CYP21A1P	CYP21	HG03453#1#JAGYVW020000075.1:28403120-33611389	3553720	3556994	+	3274	1.0	0.9969456322541234	60	1
HG03453_1	HG03453#1	CYP21A1P	CYP21	HG03453#1#JAGYVW020000075.1:28403120-33611389	3580087	3583362	+	3274	1.0	0.977459640572647	0	1
HG03453_1	HG03453#1	CYP21A2	CYP21	HG03453#1#JAGYVW020000075.1:28403120-33611389	3580132	3583362	+	3230	1.0	0.9978328173374613	60	1
HG03453_1	HG03453#1	CYP21A2	CYP21	HG03453#1#JAGYVW020000075.1:28403120-33611389	3553770	3556994	+	3230	0.9984520123839009	0.9780389730900093	0	1
HG03453_1	HG03453#1	TNXA	TNX	HG03453#1#JAGYVW020000075.1:28403120-33611389	3556504	3561108	-	4604	1.0	0.9976107732406603	51	1
HG03453_1	HG03453#1	TNXA	TNX	HG03453#1#JAGYVW020000075.1:28403120-33611389	3582872	3587595	-	4604	1.0	0.9703640982218459	0	1
HG03453_1	HG03453#1	TNXB	TNX	HG03453#1#JAGYVW020000075.1:28403120-33611389	3582870	3651062	-	68186	1.0	0.9993841551928914	60	1
HG03453_1	HG03453#1	WHR1B	WHR1	HG03453#1#JAGYVW020000075.1:28403120-33611389	3561354	3561872	+	518	1.0	0.9980694980694981	34	1
HG03453_1	HG03453#1	WHR1B	WHR1	HG03453#1#JAGYVW020000075.1:28403120-33611389	3528615	3529133	+	518	1.0	0.9961389961389961	0	1
HG03453_2	HG03453#2	WHR1	WHR1	HG03453#2#JAGYVV020000081.1:28470880-33567163	3548865	3559138	+	10272	1.0	0.9995132872578604	60	1
HG03453_2	HG03453#2	CYP21A1P	CYP21	HG03453#2#JAGYVV020000081.1:28470880-33567163	3583325	3586600	+	3274	1.0	0.977459640572647	60	1
HG03453_2	HG03453#2	CYP21A2	CYP21	HG03453#2#JAGYVV020000081.1:28470880-33567163	3583370	3586600	+	3230	1.0	0.9981424148606811	60	1
HG03453_2	HG03453#2	TNXA	TNX	HG03453#2#JAGYVV020000081.1:28470880-33567163	3586110	3590833	-	4604	1.0	0.9699407281964437	60	1
HG03453_2	HG03453#2	TNXB	TNX	HG03453#2#JAGYVV020000081.1:28470880-33567163	3586108	3654259	-	68186	1.0	0.9991347578055112	60	1
HG03453_2	HG03453#2	WHR1B	WHR1	HG03453#2#JAGYVV020000081.1:28470880-33567163	3558223	3558741	+	518	1.0	0.9961389961389961	60	1
HG03470_1	HG03470#1	WHR1	WHR1	HG03470#1#CM091822.1:28475508-33736647	3547053	3557316	+	10272	1.0	0.9981503115264797	60	1
HG03470_1	HG03470#1	CYP21A1P	CYP21	HG03470#1#CM091822.1:28475508-33736647	3581505	3584779	+	3274	1.0	0.9966401954795358	60	1
HG03470_1	HG03470#1	CYP21A1P	CYP21	HG03470#1#CM091822.1:28475508-33736647	3607872	3611147	+	3274	1.0	0.977459640572647	0	1
HG03470_1	HG03470#1	CYP21A2	CYP21	HG03470#1#CM091822.1:28475508-33736647	3607917	3611147	+	3230	1.0	0.9981424148606811	60	1
HG03470_1	HG03470#1	CYP21A2	CYP21	HG03470#1#CM091822.1:28475508-33736647	3581555	3584779	+	3230	0.9984520123839009	0.9783482833281781	0	1
HG03470_1	HG03470#1	TNXA	TNX	HG03470#1#CM091822.1:28475508-33736647	3584289	3588893	-	4604	1.0	0.9963075586446568	54	1
HG03470_1	HG03470#1	TNXA	TNX	HG03470#1#CM091822.1:28475508-33736647	3610657	3615380	-	4604	1.0	0.9690939881456393	0	1
HG03470_1	HG03470#1	TNXB	TNX	HG03470#1#CM091822.1:28475508-33736647	3610655	3678841	-	68186	1.0	0.9987976715883932	60	1
HG03470_1	HG03470#1	WHR1B	WHR1	HG03470#1#CM091822.1:28475508-33736647	3589139	3589657	+	518	1.0	0.9961389961389961	60	1
HG03470_1	HG03470#1	WHR1B	WHR1	HG03470#1#CM091822.1:28475508-33736647	3556404	3556919	+	518	1.0	0.9864864864864865	0	1
HG03470_2	HG03470#2	WHR1	WHR1	HG03470#2#CM091870.1:28404010-33497478	3494227	3504499	+	10272	1.0	0.9996105919003115	60	1
HG03470_2	HG03470#2	CYP21A1P	CYP21	HG03470#2#CM091870.1:28404010-33497478	3528689	3531963	+	3274	1.0	0.9969456322541234	60	1
HG03470_2	HG03470#2	CYP21A1P	CYP21	HG03470#2#CM091870.1:28404010-33497478	3555056	3558331	+	3274	1.0	0.977459640572647	0	1
HG03470_2	HG03470#2	CYP21A2	CYP21	HG03470#2#CM091870.1:28404010-33497478	3555101	3558331	+	3230	1.0	0.9978328173374613	60	1
HG03470_2	HG03470#2	CYP21A2	CYP21	HG03470#2#CM091870.1:28404010-33497478	3528739	3531963	+	3230	0.9984520123839009	0.9780389730900093	0	1
HG03470_2	HG03470#2	TNXA	TNX	HG03470#2#CM091870.1:28404010-33497478	3531473	3536077	-	4604	1.0	0.9976107732406603	47	1
HG03470_2	HG03470#2	TNXA	TNX	HG03470#2#CM091870.1:28404010-33497478	3557841	3562564	-	4604	1.0	0.970575783234547	0	1
HG03470_2	HG03470#2	TNXB	TNX	HG03470#2#CM091870.1:28404010-33497478	3557839	3626027	-	68186	1.0	0.9994134467336315	60	1
HG03470_2	HG03470#2	WHR1B	WHR1	HG03470#2#CM091870.1:28404010-33497478	3536323	3536841	+	518	1.0	0.9980694980694981	34	1
HG03470_2	HG03470#2	WHR1B	WHR1	HG03470#2#CM091870.1:28404010-33497478	3503584	3504102	+	518	1.0	0.9961389961389961	0	1
HG03471_1	HG03471#1	WHR1	WHR1	HG03471#1#CM087523.1:28468339-33683868	3519466	3529729	+	10272	1.0	0.9981503115264797	60	1
HG03471_1	HG03471#1	CYP21A1P	CYP21	HG03471#1#CM087523.1:28468339-33683868	3553919	3557193	+	3274	1.0	0.9966401954795358	60	1
HG03471_1	HG03471#1	CYP21A1P	CYP21	HG03471#1#CM087523.1:28468339-33683868	3580286	3583561	+	3274	1.0	0.977459640572647	0	1
HG03471_1	HG03471#1	CYP21A2	CYP21	HG03471#1#CM087523.1:28468339-33683868	3580331	3583561	+	3230	1.0	0.9981424148606811	60	1
HG03471_1	HG03471#1	CYP21A2	CYP21	HG03471#1#CM087523.1:28468339-33683868	3553969	3557193	+	3230	0.9984520123839009	0.9783482833281781	0	1
HG03471_1	HG03471#1	TNXA	TNX	HG03471#1#CM087523.1:28468339-33683868	3556703	3561307	-	4604	1.0	0.9960903562119896	59	1
HG03471_1	HG03471#1	TNXA	TNX	HG03471#1#CM087523.1:28468339-33683868	3583071	3587794	-	4604	1.0	0.9686706181202371	0	1
HG03471_1	HG03471#1	TNXB	TNX	HG03471#1#CM087523.1:28468339-33683868	3583069	3651266	-	68186	1.0	0.9986805840614554	60	1
HG03471_1	HG03471#1	WHR1B	WHR1	HG03471#1#CM087523.1:28468339-33683868	3561553	3562071	+	518	1.0	0.9961389961389961	60	1
HG03471_1	HG03471#1	WHR1B	WHR1	HG03471#1#CM087523.1:28468339-33683868	3528817	3529332	+	518	1.0	0.9864864864864865	0	1
HG03471_2	HG03471#2	WHR1	WHR1	HG03471#2#CM087546.1:28512656-33707046	3619769	3630041	+	10272	1.0	0.9994158878504673	60	1
HG03471_2	HG03471#2	CYP21A1P	CYP21	HG03471#2#CM087546.1:28512656-33707046	3654230	3657504	+	3274	1.0	0.9966401954795358	60	1
HG03471_2	HG03471#2	CYP21A1P	CYP21	HG03471#2#CM087546.1:28512656-33707046	3680597	3683872	+	3274	1.0	0.976850441669205	0	1
HG03471_2	HG03471#2	CYP21A2	CYP21	HG03471#2#CM087546.1:28512656-33707046	3680642	3683872	+	3230	1.0	0.9978328173374613	60	1
HG03471_2	HG03471#2	CYP21A2	CYP21	HG03471#2#CM087546.1:28512656-33707046	3654280	3657504	+	3230	0.9984520123839009	0.9777296628518404	0	1
HG03471_2	HG03471#2	TNXA	TNX	HG03471#2#CM087546.1:28512656-33707046	3657014	3661618	-	4604	1.0	0.9963075586446568	14	1
HG03471_2	HG03471#2	TNXA	TNX	HG03471#2#CM087546.1:28512656-33707046	3683382	3688105	-	4604	1.0	0.970575783234547	0	1
HG03471_2	HG03471#2	TNXB	TNX	HG03471#2#CM087546.1:28512656-33707046	3683380	3751572	-	68186	1.0	0.9992815459957186	60	1
HG03471_2	HG03471#2	WHR1B	WHR1	HG03471#2#CM087546.1:28512656-33707046	3661864	3662382	+	518	1.0	0.9961389961389961	35	1
HG03471_2	HG03471#2	WHR1B	WHR1	HG03471#2#CM087546.1:28512656-33707046	3629126	3629644	+	518	1.0	0.9942084942084942	0	1
HG03486_1	HG03486#1	WHR1	WHR1	HG03486#1#CM091974.1:28459101-33585338	3551601	3561873	+	10272	1.0	0.9994158878504673	60	1
HG03486_1	HG03486#1	CYP21A1P	CYP21	HG03486#1#CM091974.1:28459101-33585338	3586062	3589336	+	3274	1.0	0.9966401954795358	60	1
HG03486_1	HG03486#1	CYP21A1P	CYP21	HG03486#1#CM091974.1:28459101-33585338	3612429	3615704	+	3274	1.0	0.976850441669205	0	1
HG03486_1	HG03486#1	CYP21A2	CYP21	HG03486#1#CM091974.1:28459101-33585338	3612474	3615704	+	3230	1.0	0.9978328173374613	60	1
HG03486_1	HG03486#1	CYP21A2	CYP21	HG03486#1#CM091974.1:28459101-33585338	3586112	3589336	+	3230	0.9984520123839009	0.9777296628518404	0	1
HG03486_1	HG03486#1	TNXA	TNX	HG03486#1#CM091974.1:28459101-33585338	3588846	3593450	-	4604	1.0	0.9963075586446568	14	1
HG03486_1	HG03486#1	TNXA	TNX	HG03486#1#CM091974.1:28459101-33585338	3615214	3619937	-	4604	1.0	0.970575783234547	0	1
HG03486_1	HG03486#1	TNXB	TNX	HG03486#1#CM091974.1:28459101-33585338	3615212	3683401	-	68186	1.0	0.9992961876832844	60	1
HG03486_1	HG03486#1	WHR1B	WHR1	HG03486#1#CM091974.1:28459101-33585338	3593696	3594214	+	518	1.0	0.9961389961389961	35	1
HG03486_1	HG03486#1	WHR1B	WHR1	HG03486#1#CM091974.1:28459101-33585338	3560958	3561476	+	518	1.0	0.9942084942084942	0	1
HG03486_2	HG03486#2	WHR1	WHR1	HG03486#2#CM091960.1:28459830-33596099	3555378	3565649	+	10272	1.0	0.9996105919003115	60	1
HG03486_2	HG03486#2	CYP21A1P	CYP21	HG03486#2#CM091960.1:28459830-33596099	3589840	3593114	+	3274	1.0	0.9975565058032987	60	1
HG03486_2	HG03486#2	CYP21A1P	CYP21	HG03486#2#CM091960.1:28459830-33596099	3616207	3619482	+	3274	1.0	0.978982637831252	0	1
HG03486_2	HG03486#2	CYP21A2	CYP21	HG03486#2#CM091960.1:28459830-33596099	3616252	3619482	+	3230	1.0	0.9962848297213622	60	1
HG03486_2	HG03486#2	CYP21A2	CYP21	HG03486#2#CM091960.1:28459830-33596099	3589890	3593114	+	3230	0.9984520123839009	0.9774203526136716	0	1
HG03486_2	HG03486#2	TNXA	TNX	HG03486#2#CM091960.1:28459830-33596099	3592624	3597228	-	4604	1.0	0.996524761077324	5	1
HG03486_2	HG03486#2	TNXA	TNX	HG03486#2#CM091960.1:28459830-33596099	3618992	3623716	-	4604	1.0	0.9712108382726503	0	1
HG03486_2	HG03486#2	TNXB	TNX	HG03486#2#CM091960.1:28459830-33596099	3618990	3687169	-	68186	1.0	0.9987389659520807	60	1
HG03486_2	HG03486#2	WHR1B	WHR1	HG03486#2#CM091960.1:28459830-33596099	3597474	3597992	+	518	1.0	0.9980694980694981	60	1
HG03486_2	HG03486#2	WHR1B	WHR1	HG03486#2#CM091960.1:28459830-33596099	3564734	3565252	+	518	1.0	0.9942084942084942	0	1
HG03516_1	HG03516#1	WHR1	WHR1	HG03516#1#JAGYYS020000049.1:28451043-33589535	3561639	3571903	+	10272	1.0	0.9981504915798696	60	1
HG03516_1	HG03516#1	CYP21A1P	CYP21	HG03516#1#JAGYYS020000049.1:28451043-33589535	3596093	3599367	+	3274	1.0	0.9966401954795358	60	1
HG03516_1	HG03516#1	CYP21A1P	CYP21	HG03516#1#JAGYYS020000049.1:28451043-33589535	3622459	3625734	+	3274	1.0	0.977459640572647	0	1
HG03516_1	HG03516#1	CYP21A2	CYP21	HG03516#1#JAGYYS020000049.1:28451043-33589535	3622504	3625734	+	3230	1.0	0.9975232198142415	60	1
HG03516_1	HG03516#1	CYP21A2	CYP21	HG03516#1#JAGYYS020000049.1:28451043-33589535	3596143	3599367	+	3230	0.9984520123839009	0.9789669038045159	0	1
HG03516_1	HG03516#1	TNXA	TNX	HG03516#1#JAGYYS020000049.1:28451043-33589535	3598877	3603481	-	4604	1.0	0.9963075586446568	49	1
HG03516_1	HG03516#1	TNXA	TNX	HG03516#1#JAGYYS020000049.1:28451043-33589535	3625244	3629967	-	4604	1.0	0.9693056731583404	0	1
HG03516_1	HG03516#1	TNXB	TNX	HG03516#1#JAGYYS020000049.1:28451043-33589535	3625242	3693436	-	68186	1.0	0.9989736220876527	60	1
HG03516_1	HG03516#1	WHR1B	WHR1	HG03516#1#JAGYYS020000049.1:28451043-33589535	3603727	3604245	+	518	1.0	0.9961389961389961	60	1
HG03516_1	HG03516#1	WHR1B	WHR1	HG03516#1#JAGYYS020000049.1:28451043-33589535	3570991	3571506	+	518	1.0	0.9884169884169884	0	1
HG03516_2	HG03516#2	WHR1	WHR1	HG03516#2#JAGYYT020000030.1:28478688-33696340	3618171	3628441	+	10272	1.0	0.9994158878504673	60	1
HG03516_2	HG03516#2	CYP21A1P	CYP21	HG03516#2#JAGYYT020000030.1:28478688-33696340	3652632	3655906	+	3274	1.0	0.9972510690287111	60	1
HG03516_2	HG03516#2	CYP21A1P	CYP21	HG03516#2#JAGYYT020000030.1:28478688-33696340	3678999	3682274	+	3274	1.0	0.978982637831252	0	1
HG03516_2	HG03516#2	CYP21A2	CYP21	HG03516#2#JAGYYT020000030.1:28478688-33696340	3679044	3682274	+	3230	1.0	0.9962848297213622	60	1
HG03516_2	HG03516#2	CYP21A2	CYP21	HG03516#2#JAGYYT020000030.1:28478688-33696340	3652682	3655906	+	3230	0.9984520123839009	0.9777296628518404	0	1
HG03516_2	HG03516#2	TNXA	TNX	HG03516#2#JAGYYT020000030.1:28478688-33696340	3681784	3686508	-	4604	1.0	0.9714225232853514	7	1
HG03516_2	HG03516#2	TNXA	TNX	HG03516#2#JAGYYT020000030.1:28478688-33696340	3655416	3660020	-	4604	1.0	0.9960903562119896	0	1
HG03516_2	HG03516#2	TNXB	TNX	HG03516#2#JAGYYT020000030.1:28478688-33696340	3681782	3749932	-	68186	1.0	0.9983724101526416	60	1
HG03516_2	HG03516#2	WHR1B	WHR1	HG03516#2#JAGYYT020000030.1:28478688-33696340	3660266	3660784	+	518	1.0	0.9980694980694981	60	1
HG03516_2	HG03516#2	WHR1B	WHR1	HG03516#2#JAGYYT020000030.1:28478688-33696340	3627526	3628044	+	518	1.0	0.9922779922779923	0	1
HG03521_1	HG03521#1	WHR1	WHR1	HG03521#1#JBIREF010000004.1:28517918-33642180	3548094	3558365	+	10272	1.0	0.9996105919003115	60	1
HG03521_1	HG03521#1	CYP21A1P	CYP21	HG03521#1#JBIREF010000004.1:28517918-33642180	3582556	3585830	+	3274	1.0	0.9975565058032987	60	1
HG03521_1	HG03521#1	CYP21A1P	CYP21	HG03521#1#JBIREF010000004.1:28517918-33642180	3608924	3612199	+	3274	1.0	0.978982637831252	0	1
HG03521_1	HG03521#1	CYP21A2	CYP21	HG03521#1#JBIREF010000004.1:28517918-33642180	3608969	3612199	+	3230	1.0	0.9962848297213622	60	1
HG03521_1	HG03521#1	CYP21A2	CYP21	HG03521#1#JBIREF010000004.1:28517918-33642180	3582606	3585830	+	3230	0.9984520123839009	0.9774203526136716	0	1
HG03521_1	HG03521#1	TNXA	TNX	HG03521#1#JBIREF010000004.1:28517918-33642180	3585340	3589944	-	4604	1.0	0.9967419635099913	15	1
HG03521_1	HG03521#1	TNXA	TNX	HG03521#1#JBIREF010000004.1:28517918-33642180	3611709	3616433	-	4604	1.0	0.9712108382726503	0	1
HG03521_1	HG03521#1	TNXB	TNX	HG03521#1#JBIREF010000004.1:28517918-33642180	3611707	3679890	-	68186	1.0	0.9987976186984956	60	1
HG03521_1	HG03521#1	WHR1B	WHR1	HG03521#1#JBIREF010000004.1:28517918-33642180	3590190	3590708	+	518	1.0	0.9980694980694981	60	1
HG03521_1	HG03521#1	WHR1B	WHR1	HG03521#1#JBIREF010000004.1:28517918-33642180	3557450	3557968	+	518	1.0	0.9942084942084942	0	1
HG03521_2	HG03521#2	WHR1	WHR1	HG03521#2#JBIREG010000058.1:28429727-33569421	3550206	3560478	+	10272	1.0	0.9996105919003115	60	1
HG03521_2	HG03521#2	CYP21A1P	CYP21	HG03521#2#JBIREG010000058.1:28429727-33569421	3584668	3587942	+	3274	1.0	0.9966401954795358	60	1
HG03521_2	HG03521#2	CYP21A1P	CYP21	HG03521#2#JBIREG010000058.1:28429727-33569421	3611035	3614309	+	3274	1.0	0.9771480804387569	0	1
HG03521_2	HG03521#2	CYP21A2	CYP21	HG03521#2#JBIREG010000058.1:28429727-33569421	3611080	3614309	+	3230	1.0	0.9978328173374613	60	1
HG03521_2	HG03521#2	CYP21A2	CYP21	HG03521#2#JBIREG010000058.1:28429727-33569421	3584713	3587942	+	3230	1.0	0.9780728844966028	0	1
HG03521_2	HG03521#2	TNXA	TNX	HG03521#2#JBIREG010000058.1:28429727-33569421	3587452	3592056	-	4604	1.0	0.9969591659426585	38	1
HG03521_2	HG03521#2	TNXA	TNX	HG03521#2#JBIREG010000058.1:28429727-33569421	3613819	3618542	-	4604	1.0	0.9703640982218459	0	1
HG03521_2	HG03521#2	TNXB	TNX	HG03521#2#JBIREG010000058.1:28429727-33569421	3613817	3682002	-	68186	1.0	0.9990616661290795	60	1
HG03521_2	HG03521#2	WHR1B	WHR1	HG03521#2#JBIREG010000058.1:28429727-33569421	3592302	3592820	+	518	1.0	0.9980694980694981	34	1
HG03521_2	HG03521#2	WHR1B	WHR1	HG03521#2#JBIREG010000058.1:28429727-33569421	3559563	3560081	+	518	1.0	0.9961389961389961	0	1
HG03540_1	HG03540#1	WHR1	WHR1	HG03540#1#CM088050.1:28448847-33686414	3622072	3632336	+	10272	1.0	0.9981504915798696	60	1
HG03540_1	HG03540#1	CYP21A1P	CYP21	HG03540#1#CM088050.1:28448847-33686414	3656525	3659799	+	3274	1.0	0.9969456322541234	60	1
HG03540_1	HG03540#1	CYP21A1P	CYP21	HG03540#1#CM088050.1:28448847-33686414	3682891	3686166	+	3274	1.0	0.977459640572647	0	1
HG03540_1	HG03540#1	CYP21A1P	CYP21	HG03540#1#CM088050.1:28448847-33686414	3709257	3712532	+	3274	1.0	0.977459640572647	0	1
HG03540_1	HG03540#1	CYP21A2	CYP21	HG03540#1#CM088050.1:28448847-33686414	3709302	3712532	+	3230	1.0	0.9975232198142415	0	1
HG03540_1	HG03540#1	CYP21A2	CYP21	HG03540#1#CM088050.1:28448847-33686414	3682936	3686166	+	3230	1.0	0.9975232198142415	0	1
HG03540_1	HG03540#1	CYP21A2	CYP21	HG03540#1#CM088050.1:28448847-33686414	3656575	3659799	+	3230	0.9984520123839009	0.9786575935663471	0	1
HG03540_1	HG03540#1	TNXA	TNX	HG03540#1#CM088050.1:28448847-33686414	3659309	3663913	-	4604	1.0	0.9963075586446568	7	1
HG03540_1	HG03540#1	TNXA	TNX	HG03540#1#CM088050.1:28448847-33686414	3685676	3690279	-	4604	1.0	0.9960903562119896	0	1
HG03540_1	HG03540#1	TNXA	TNX	HG03540#1#CM088050.1:28448847-33686414	3712042	3716765	-	4604	1.0	0.9693056731583404	0	1
HG03540_1	HG03540#1	TNXB	TNX	HG03540#1#CM088050.1:28448847-33686414	3712040	3780226	-	68186	1.0	0.9989295716820388	60	1
HG03540_1	HG03540#1	WHR1B	WHR1	HG03540#1#CM088050.1:28448847-33686414	3690525	3691043	+	518	1.0	0.9961389961389961	0	1
HG03540_1	HG03540#1	WHR1B	WHR1	HG03540#1#CM088050.1:28448847-33686414	3664159	3664677	+	518	1.0	0.9961389961389961	0	1
HG03540_1	HG03540#1	WHR1B	WHR1	HG03540#1#CM088050.1:28448847-33686414	3631424	3631939	+	518	1.0	0.9884169884169884	0	1
HG03540_2	HG03540#2	WHR1	WHR1	HG03540#2#CM088063.1:28474762-33566125	3553760	3564032	+	10272	1.0	1.0	60	1
HG03540_2	HG03540#2	CYP21A1P	CYP21	HG03540#2#CM088063.1:28474762-33566125	3588221	3591495	+	3274	1.0	0.9996945632254124	60	1
HG03540_2	HG03540#2	CYP21A1P	CYP21	HG03540#2#CM088063.1:28474762-33566125	3620955	3624230	+	3274	1.0	0.9780688394760889	0	1
HG03540_2	HG03540#2	CYP21A2	CYP21	HG03540#2#CM088063.1:28474762-33566125	3621000	3624230	+	3230	1.0	0.9996904024767802	60	1
HG03540_2	HG03540#2	CYP21A2	CYP21	HG03540#2#CM088063.1:28474762-33566125	3588271	3591495	+	3230	0.9984520123839009	0.9783482833281781	0	1
HG03540_2	HG03540#2	TNXA	TNX	HG03540#2#CM088063.1:28474762-33566125	3591005	3595609	-	4604	1.0	0.9995655951346655	60	1
HG03540_2	HG03540#2	TNXA	TNX	HG03540#2#CM088063.1:28474762-33566125	3623740	3628463	-	4604	1.0	0.9699407281964437	0	1
HG03540_2	HG03540#2	TNXB	TNX	HG03540#2#CM088063.1:28474762-33566125	3623738	3691939	-	68186	1.0	0.9996774288144042	60	1
HG03540_2	HG03540#2	WHR1B	WHR1	HG03540#2#CM088063.1:28474762-33566125	3595855	3596373	+	518	1.0	1.0	60	1
HG03540_2	HG03540#2	WHR1B	WHR1	HG03540#2#CM088063.1:28474762-33566125	3563117	3563635	+	518	1.0	0.9942084942084942	0	1
HG03579_1	HG03579#1	WHR1	WHR1	HG03579#1#CM088945.1:28415698-33501766	3511394	3521666	+	10272	1.0	0.9996105919003115	60	1
HG03579_1	HG03579#1	CYP21A1P	CYP21	HG03579#1#CM088945.1:28415698-33501766	3545856	3549130	+	3274	1.0	0.9966401954795358	60	1
HG03579_1	HG03579#1	CYP21A1P	CYP21	HG03579#1#CM088945.1:28415698-33501766	3572224	3575499	+	3274	1.0	0.976545842217484	0	1
HG03579_1	HG03579#1	CYP21A2	CYP21	HG03579#1#CM088945.1:28415698-33501766	3572269	3575499	+	3230	1.0	0.9969040247678018	60	1
HG03579_1	HG03579#1	CYP21A2	CYP21	HG03579#1#CM088945.1:28415698-33501766	3545906	3549130	+	3230	0.9984520123839009	0.9777296628518404	0	1
HG03579_1	HG03579#1	TNXA	TNX	HG03579#1#CM088945.1:28415698-33501766	3548640	3553244	-	4604	1.0	0.9973935708079931	60	1
HG03579_1	HG03579#1	TNXA	TNX	HG03579#1#CM088945.1:28415698-33501766	3575009	3579732	-	4604	1.0	0.9680355630821338	0	1
HG03579_1	HG03579#1	TNXB	TNX	HG03579#1#CM088945.1:28415698-33501766	3575007	3643190	-	68186	1.0	0.9981822979272332	60	1
HG03579_1	HG03579#1	WHR1B	WHR1	HG03579#1#CM088945.1:28415698-33501766	3553490	3554008	+	518	1.0	0.9980694980694981	34	1
HG03579_1	HG03579#1	WHR1B	WHR1	HG03579#1#CM088945.1:28415698-33501766	3520751	3521269	+	518	1.0	0.9961389961389961	0	1
HG03579_2	HG03579#2	WHR1	WHR1	HG03579#2#CM089288.1:28450187-33638583	3608917	3619189	+	10272	1.0	0.9994158878504673	60	1
HG03579_2	HG03579#2	CYP21A1P	CYP21	HG03579#2#CM089288.1:28450187-33638583	3643378	3646652	+	3274	1.0	0.9966401954795358	60	1
HG03579_2	HG03579#2	CYP21A1P	CYP21	HG03579#2#CM089288.1:28450187-33638583	3669745	3673020	+	3274	1.0	0.976850441669205	0	1
HG03579_2	HG03579#2	CYP21A2	CYP21	HG03579#2#CM089288.1:28450187-33638583	3669790	3673020	+	3230	1.0	0.9978328173374613	60	1
HG03579_2	HG03579#2	CYP21A2	CYP21	HG03579#2#CM089288.1:28450187-33638583	3643428	3646652	+	3230	0.9984520123839009	0.9777296628518404	0	1
HG03579_2	HG03579#2	TNXA	TNX	HG03579#2#CM089288.1:28450187-33638583	3646162	3650766	-	4604	1.0	0.9963075586446568	9	1
HG03579_2	HG03579#2	TNXA	TNX	HG03579#2#CM089288.1:28450187-33638583	3672530	3677253	-	4604	1.0	0.970787468247248	0	1
HG03579_2	HG03579#2	TNXB	TNX	HG03579#2#CM089288.1:28450187-33638583	3672528	3740715	-	68186	1.0	0.9993548103289001	60	1
HG03579_2	HG03579#2	WHR1B	WHR1	HG03579#2#CM089288.1:28450187-33638583	3651012	3651530	+	518	1.0	0.9961389961389961	35	1
HG03579_2	HG03579#2	WHR1B	WHR1	HG03579#2#CM089288.1:28450187-33638583	3618274	3618792	+	518	1.0	0.9942084942084942	0	1
HG03583_1	HG03583#1	WHR1	WHR1	HG03583#1#CM089881.1:28309910-33645117	3627970	3638238	+	10272	1.0	0.9993185358255452	60	1
HG03583_1	HG03583#1	CYP21A1P	CYP21	HG03583#1#CM089881.1:28309910-33645117	3662429	3665703	+	3274	1.0	0.9972510690287111	60	1
HG03583_1	HG03583#1	CYP21A1P	CYP21	HG03583#1#CM089881.1:28309910-33645117	3688796	3692070	+	3274	1.0	0.97775746496039	0	1
HG03583_1	HG03583#1	CYP21A2	CYP21	HG03583#1#CM089881.1:28309910-33645117	3688841	3692070	+	3230	1.0	0.9981424148606811	60	1
HG03583_1	HG03583#1	CYP21A2	CYP21	HG03583#1#CM089881.1:28309910-33645117	3662479	3665703	+	3230	0.9984520123839009	0.9777296628518404	0	1
HG03583_1	HG03583#1	TNXA	TNX	HG03583#1#CM089881.1:28309910-33645117	3665213	3669817	-	4604	1.0	0.9969591659426585	50	1
HG03583_1	HG03583#1	TNXA	TNX	HG03583#1#CM089881.1:28309910-33645117	3691580	3696303	-	4604	1.0	0.9699407281964437	0	1
HG03583_1	HG03583#1	TNXB	TNX	HG03583#1#CM089881.1:28309910-33645117	3691578	3759741	-	68186	1.0	0.9992227827311122	60	1
HG03583_1	HG03583#1	WHR1B	WHR1	HG03583#1#CM089881.1:28309910-33645117	3670063	3670581	+	518	1.0	0.9980694980694981	60	1
HG03583_1	HG03583#1	WHR1B	WHR1	HG03583#1#CM089881.1:28309910-33645117	3637323	3637841	+	518	1.0	0.9942084942084942	0	1
HG03583_2	HG03583#2	WHR1	WHR1	HG03583#2#CM089891.1:28443100-33514916	3552956	3563220	+	10272	1.0	0.9981504915798696	60	1
HG03583_2	HG03583#2	CYP21A1P	CYP21	HG03583#2#CM089891.1:28443100-33514916	3587409	3590683	+	3274	1.0	0.9969456322541234	60	1
HG03583_2	HG03583#2	CYP21A1P	CYP21	HG03583#2#CM089891.1:28443100-33514916	3613774	3617049	+	3274	1.0	0.9780688394760889	0	1
HG03583_2	HG03583#2	CYP21A2	CYP21	HG03583#2#CM089891.1:28443100-33514916	3613819	3617049	+	3230	1.0	0.9975232198142415	60	1
HG03583_2	HG03583#2	CYP21A2	CYP21	HG03583#2#CM089891.1:28443100-33514916	3587459	3590683	+	3230	0.9984520123839009	0.9786575935663471	0	1
HG03583_2	HG03583#2	TNXA	TNX	HG03583#2#CM089891.1:28443100-33514916	3590193	3594797	-	4604	1.0	0.9963075586446568	49	1
HG03583_2	HG03583#2	TNXA	TNX	HG03583#2#CM089891.1:28443100-33514916	3616559	3621282	-	4604	1.0	0.9693056731583404	0	1
HG03583_2	HG03583#2	TNXB	TNX	HG03583#2#CM089891.1:28443100-33514916	3616557	3684743	-	68186	1.0	0.9989149082804228	60	1
HG03583_2	HG03583#2	WHR1B	WHR1	HG03583#2#CM089891.1:28443100-33514916	3595043	3595561	+	518	1.0	0.9961389961389961	60	1
HG03583_2	HG03583#2	WHR1B	WHR1	HG03583#2#CM089891.1:28443100-33514916	3562308	3562823	+	518	1.0	0.9884169884169884	0	1
HG03654_1	HG03654#1	WHR1	WHR1	HG03654#1#CM086836.1:28373117-33516554	3560787	3571061	+	10272	1.0	0.9993186684835507	60	1
HG03654_1	HG03654#1	CYP21A1P	CYP21	HG03654#1#CM086836.1:28373117-33516554	3595249	3598523	+	3274	1.0	0.998167379352474	60	1
HG03654_1	HG03654#1	CYP21A1P	CYP21	HG03654#1#CM086836.1:28373117-33516554	3627984	3631255	+	3274	1.0	0.97775746496039	0	1
HG03654_1	HG03654#1	CYP21A2	CYP21	HG03654#1#CM086836.1:28373117-33516554	3628029	3631255	+	3230	1.0	0.9959752321981424	60	1
HG03654_1	HG03654#1	CYP21A2	CYP21	HG03654#1#CM086836.1:28373117-33516554	3595299	3598523	+	3230	0.9984520123839009	0.9780389730900093	0	1
HG03654_1	HG03654#1	TNXA	TNX	HG03654#1#CM086836.1:28373117-33516554	3598033	3602637	-	4604	1.0	0.9980451781059948	60	1
HG03654_1	HG03654#1	TNXA	TNX	HG03654#1#CM086836.1:28373117-33516554	3630765	3635488	-	4604	1.0	0.9686706181202371	0	1
HG03654_1	HG03654#1	TNXB	TNX	HG03654#1#CM086836.1:28373117-33516554	3630763	3698941	-	68186	1.0	0.9986950911969973	60	1
HG03654_1	HG03654#1	WHR1B	WHR1	HG03654#1#CM086836.1:28373117-33516554	3602883	3603401	+	518	1.0	0.9980694980694981	60	1
HG03654_1	HG03654#1	WHR1B	WHR1	HG03654#1#CM086836.1:28373117-33516554	3570146	3570664	+	518	1.0	0.9942084942084942	0	1
HG03654_2	HG03654#2	WHR1	WHR1	HG03654#2#JBHDTO010000045.1:28372677-33498093	3552776	3563043	+	10272	1.0	0.9988317757009346	60	1
HG03654_2	HG03654#2	CYP21A1P	CYP21	HG03654#2#JBHDTO010000045.1:28372677-33498093	3587229	3590503	+	3274	1.0	0.9771480804387569	0	1
HG03654_2	HG03654#2	CYP21A1P	CYP21	HG03654#2#JBHDTO010000045.1:28372677-33498093	3613717	3616991	+	3274	1.0	0.9771480804387569	0	1
HG03654_2	HG03654#2	CYP21A2	CYP21	HG03654#2#JBHDTO010000045.1:28372677-33498093	3613762	3616991	+	3230	1.0	0.9981424148606811	0	1
HG03654_2	HG03654#2	CYP21A2	CYP21	HG03654#2#JBHDTO010000045.1:28372677-33498093	3587274	3590503	+	3230	1.0	0.9981424148606811	0	1
HG03654_2	HG03654#2	TNXA	TNX	HG03654#2#JBHDTO010000045.1:28372677-33498093	3590013	3594736	-	4604	1.0	0.970575783234547	16	1
HG03654_2	HG03654#2	TNXA	TNX	HG03654#2#JBHDTO010000045.1:28372677-33498093	3616501	3621224	-	4604	1.0	0.9699407281964437	0	1
HG03654_2	HG03654#2	TNXB	TNX	HG03654#2#JBHDTO010000045.1:28372677-33498093	3616499	3684672	-	68186	1.0	0.9988122644691115	60	1
HG03654_2	HG03654#2	WHR1B	WHR1	HG03654#2#JBHDTO010000045.1:28372677-33498093	3594982	3595500	+	518	1.0	0.9980694980694981	60	1
HG03654_2	HG03654#2	WHR1B	WHR1	HG03654#2#JBHDTO010000045.1:28372677-33498093	3562128	3562646	+	518	1.0	0.9942084942084942	0	1
HG03669_1	HG03669#1	WHR1	WHR1	HG03669#1#JBHDTD010000072.1:28410266-33591784	3555206	3565479	+	10272	1.0	0.9990266692622153	60	1
HG03669_1	HG03669#1	CYP21A1P	CYP21	HG03669#1#JBHDTD010000072.1:28410266-33591784	3589668	3592942	+	3274	1.0	0.9978619425778864	60	1
HG03669_1	HG03669#1	CYP21A1P	CYP21	HG03669#1#JBHDTD010000072.1:28410266-33591784	3622403	3625675	+	3274	1.0	0.977459640572647	0	1
HG03669_1	HG03669#1	CYP21A2	CYP21	HG03669#1#JBHDTD010000072.1:28410266-33591784	3622448	3625675	+	3230	1.0	0.9962848297213622	60	1
HG03669_1	HG03669#1	CYP21A2	CYP21	HG03669#1#JBHDTD010000072.1:28410266-33591784	3589718	3592942	+	3230	0.9984520123839009	0.9777296628518404	0	1
HG03669_1	HG03669#1	TNXA	TNX	HG03669#1#JBHDTD010000072.1:28410266-33591784	3592452	3597056	-	4604	1.0	0.9973935708079931	60	1
HG03669_1	HG03669#1	TNXA	TNX	HG03669#1#JBHDTD010000072.1:28410266-33591784	3625185	3629908	-	4604	1.0	0.9686706181202371	0	1
HG03669_1	HG03669#1	TNXB	TNX	HG03669#1#JBHDTD010000072.1:28410266-33591784	3625183	3693365	-	68186	1.0	0.9986365235749473	60	1
HG03669_1	HG03669#1	WHR1B	WHR1	HG03669#1#JBHDTD010000072.1:28410266-33591784	3597302	3597820	+	518	1.0	0.9980694980694981	60	1
HG03669_1	HG03669#1	WHR1B	WHR1	HG03669#1#JBHDTD010000072.1:28410266-33591784	3564564	3565082	+	518	1.0	0.9942084942084942	0	1
HG03669_2	HG03669#2	WHR1	WHR1	HG03669#2#JBHDTE010000046.1:28389062-33618253	3537349	3547623	+	10272	1.0	0.9989294403892944	60	1
HG03669_2	HG03669#2	CYP21A1P	CYP21	HG03669#2#JBHDTE010000046.1:28389062-33618253	3571812	3575086	+	3274	1.0	0.9978619425778864	60	1
HG03669_2	HG03669#2	CYP21A1P	CYP21	HG03669#2#JBHDTE010000046.1:28389062-33618253	3604547	3607818	+	3274	1.0	0.9774527726995734	0	1
HG03669_2	HG03669#2	CYP21A2	CYP21	HG03669#2#JBHDTE010000046.1:28389062-33618253	3604592	3607818	+	3230	1.0	0.996594427244582	60	1
HG03669_2	HG03669#2	CYP21A2	CYP21	HG03669#2#JBHDTE010000046.1:28389062-33618253	3571862	3575086	+	3230	0.9984520123839009	0.9777296628518404	0	1
HG03669_2	HG03669#2	TNXA	TNX	HG03669#2#JBHDTE010000046.1:28389062-33618253	3574596	3579200	-	4604	1.0	0.9980451781059948	60	1
HG03669_2	HG03669#2	TNXA	TNX	HG03669#2#JBHDTE010000046.1:28389062-33618253	3607328	3612051	-	4604	1.0	0.9690939881456393	0	1
HG03669_2	HG03669#2	TNXB	TNX	HG03669#2#JBHDTE010000046.1:28389062-33618253	3607326	3675507	-	68186	1.0	0.998753738783649	60	1
HG03669_2	HG03669#2	WHR1B	WHR1	HG03669#2#JBHDTE010000046.1:28389062-33618253	3579446	3579964	+	518	1.0	0.9980694980694981	60	1
HG03669_2	HG03669#2	WHR1B	WHR1	HG03669#2#JBHDTE010000046.1:28389062-33618253	3546708	3547226	+	518	1.0	0.9942084942084942	0	1
HG03688_1	HG03688#1	WHR1	WHR1	HG03688#1#JBHDTJ010000054.1:28390921-33637286	3554951	3565223	+	10272	1.0	0.9991239170641487	60	1
HG03688_1	HG03688#1	CYP21A1P	CYP21	HG03688#1#JBHDTJ010000054.1:28390921-33637286	3589412	3592686	+	3274	1.0	0.998167379352474	60	1
HG03688_1	HG03688#1	CYP21A1P	CYP21	HG03688#1#JBHDTJ010000054.1:28390921-33637286	3622267	3625538	+	3274	1.0	0.9780621572212066	0	1
HG03688_1	HG03688#1	CYP21A2	CYP21	HG03688#1#JBHDTJ010000054.1:28390921-33637286	3622312	3625538	+	3230	1.0	0.9959752321981424	60	1
HG03688_1	HG03688#1	CYP21A2	CYP21	HG03688#1#JBHDTJ010000054.1:28390921-33637286	3589462	3592686	+	3230	0.9984520123839009	0.9780389730900093	0	1
HG03688_1	HG03688#1	TNXA	TNX	HG03688#1#JBHDTJ010000054.1:28390921-33637286	3592196	3596920	-	4604	1.0	0.9712108382726503	57	1
HG03688_1	HG03688#1	TNXA	TNX	HG03688#1#JBHDTJ010000054.1:28390921-33637286	3625048	3629771	-	4604	1.0	0.9688823031329382	0	1
HG03688_1	HG03688#1	TNXB	TNX	HG03688#1#JBHDTJ010000054.1:28390921-33637286	3625046	3693232	-	68186	1.0	0.9987391693178319	60	1
HG03688_1	HG03688#1	WHR1B	WHR1	HG03688#1#JBHDTJ010000054.1:28390921-33637286	3597166	3597684	+	518	1.0	0.9980694980694981	60	1
HG03688_1	HG03688#1	WHR1B	WHR1	HG03688#1#JBHDTJ010000054.1:28390921-33637286	3564308	3564826	+	518	1.0	0.9942084942084942	0	1
HG03688_2	HG03688#2	WHR1	WHR1	HG03688#2#JBHDTK010000054.1:28442317-33604941	3553989	3564261	+	10272	1.0	0.9991239170641487	60	1
HG03688_2	HG03688#2	CYP21A1P	CYP21	HG03688#2#JBHDTK010000054.1:28442317-33604941	3588450	3591724	+	3274	1.0	0.998167379352474	60	1
HG03688_2	HG03688#2	CYP21A1P	CYP21	HG03688#2#JBHDTK010000054.1:28442317-33604941	3621185	3624457	+	3274	1.0	0.9777642400243679	0	1
HG03688_2	HG03688#2	CYP21A2	CYP21	HG03688#2#JBHDTK010000054.1:28442317-33604941	3621230	3624457	+	3230	1.0	0.9962848297213622	60	1
HG03688_2	HG03688#2	CYP21A2	CYP21	HG03688#2#JBHDTK010000054.1:28442317-33604941	3588500	3591724	+	3230	0.9984520123839009	0.9780389730900093	0	1
HG03688_2	HG03688#2	TNXA	TNX	HG03688#2#JBHDTK010000054.1:28442317-33604941	3591234	3595838	-	4604	1.0	0.998262380538662	60	1
HG03688_2	HG03688#2	TNXA	TNX	HG03688#2#JBHDTK010000054.1:28442317-33604941	3623967	3628690	-	4604	1.0	0.9693056731583404	0	1
HG03688_2	HG03688#2	TNXB	TNX	HG03688#2#JBHDTK010000054.1:28442317-33604941	3623965	3692144	-	68186	1.0	0.9986218827427465	60	1
HG03688_2	HG03688#2	WHR1B	WHR1	HG03688#2#JBHDTK010000054.1:28442317-33604941	3596084	3596602	+	518	1.0	0.9980694980694981	60	1
HG03688_2	HG03688#2	WHR1B	WHR1	HG03688#2#JBHDTK010000054.1:28442317-33604941	3563346	3563864	+	518	1.0	0.9942084942084942	0	1
HG03704_1	HG03704#1	WHR1	WHR1	HG03704#1#JBHDRL010000035.1:28385510-33544273	3561517	3571790	+	10272	1.0	0.9994159447094325	60	1
HG03704_1	HG03704#1	CYP21A1P	CYP21	HG03704#1#JBHDRL010000035.1:28385510-33544273	3595978	3599252	+	3274	1.0	0.9987782529016493	60	1
HG03704_1	HG03704#1	CYP21A1P	CYP21	HG03704#1#JBHDRL010000035.1:28385510-33544273	3622344	3625619	+	3274	1.0	0.977155041120926	0	1
HG03704_1	HG03704#1	CYP21A2	CYP21	HG03704#1#JBHDRL010000035.1:28385510-33544273	3622394	3625619	+	3230	0.9984520123839009	0.998139534883721	60	1
HG03704_1	HG03704#1	CYP21A2	CYP21	HG03704#1#JBHDRL010000035.1:28385510-33544273	3596028	3599252	+	3230	0.9984520123839009	0.9774203526136716	0	1
HG03704_1	HG03704#1	TNXA	TNX	HG03704#1#JBHDRL010000035.1:28385510-33544273	3598762	3603366	-	4604	1.0	0.9980451781059948	58	1
HG03704_1	HG03704#1	TNXA	TNX	HG03704#1#JBHDRL010000035.1:28385510-33544273	3625129	3629852	-	4604	1.0	0.970575783234547	0	1
HG03704_1	HG03704#1	TNXB	TNX	HG03704#1#JBHDRL010000035.1:28385510-33544273	3625127	3693328	-	68186	1.0	0.9991350241900014	60	1
HG03704_1	HG03704#1	WHR1B	WHR1	HG03704#1#JBHDRL010000035.1:28385510-33544273	3603612	3604130	+	518	1.0	0.9961389961389961	43	1
HG03704_1	HG03704#1	WHR1B	WHR1	HG03704#1#JBHDRL010000035.1:28385510-33544273	3570875	3571393	+	518	1.0	0.9942084942084942	0	1
HG03704_2	HG03704#2	WHR1	WHR1	HG03704#2#CM086190.1:28367307-33613199	3550853	3561123	+	10272	1.0	0.9994158878504673	60	1
HG03704_2	HG03704#2	CYP21A1P	CYP21	HG03704#2#CM086190.1:28367307-33613199	3585314	3588588	+	3274	1.0	0.9972510690287111	60	1
HG03704_2	HG03704#2	CYP21A1P	CYP21	HG03704#2#CM086190.1:28367307-33613199	3611681	3614956	+	3274	1.0	0.978982637831252	0	1
HG03704_2	HG03704#2	CYP21A2	CYP21	HG03704#2#CM086190.1:28367307-33613199	3611726	3614956	+	3230	1.0	0.9962848297213622	60	1
HG03704_2	HG03704#2	CYP21A2	CYP21	HG03704#2#CM086190.1:28367307-33613199	3585364	3588588	+	3230	0.9984520123839009	0.9777296628518404	0	1
HG03704_2	HG03704#2	TNXA	TNX	HG03704#2#CM086190.1:28367307-33613199	3588098	3592702	-	4604	1.0	0.9967419635099913	4	1
HG03704_2	HG03704#2	TNXA	TNX	HG03704#2#CM086190.1:28367307-33613199	3614466	3619190	-	4604	1.0	0.9714225232853514	0	1
HG03704_2	HG03704#2	TNXB	TNX	HG03704#2#CM086190.1:28367307-33613199	3614464	3682612	-	68186	1.0	0.9982844826322195	60	1
HG03704_2	HG03704#2	WHR1B	WHR1	HG03704#2#CM086190.1:28367307-33613199	3592948	3593466	+	518	1.0	0.9980694980694981	60	1
HG03704_2	HG03704#2	WHR1B	WHR1	HG03704#2#CM086190.1:28367307-33613199	3560208	3560726	+	518	1.0	0.9942084942084942	0	1
HG03710_1	HG03710#1	WHR1	WHR1	HG03710#1#CM086869.1:28406453-33664140	3554647	3564919	+	10272	1.0	0.9991239170641487	60	1
HG03710_1	HG03710#1	CYP21A1P	CYP21	HG03710#1#CM086869.1:28406453-33664140	3589108	3592382	+	3274	1.0	0.9978619425778864	60	1
HG03710_1	HG03710#1	CYP21A1P	CYP21	HG03710#1#CM086869.1:28406453-33664140	3621843	3625115	+	3274	1.0	0.977155041120926	0	1
HG03710_1	HG03710#1	CYP21A2	CYP21	HG03710#1#CM086869.1:28406453-33664140	3621888	3625115	+	3230	1.0	0.996594427244582	60	1
HG03710_1	HG03710#1	CYP21A2	CYP21	HG03710#1#CM086869.1:28406453-33664140	3589158	3592382	+	3230	0.9984520123839009	0.9783482833281781	0	1
HG03710_1	HG03710#1	TNXA	TNX	HG03710#1#CM086869.1:28406453-33664140	3591892	3596496	-	4604	1.0	0.9980451781059948	60	1
HG03710_1	HG03710#1	TNXA	TNX	HG03710#1#CM086869.1:28406453-33664140	3624625	3629348	-	4604	1.0	0.9688823031329382	0	1
HG03710_1	HG03710#1	TNXB	TNX	HG03710#1#CM086869.1:28406453-33664140	3624623	3692809	-	68186	1.0	0.9985340682537821	60	1
HG03710_1	HG03710#1	WHR1B	WHR1	HG03710#1#CM086869.1:28406453-33664140	3596742	3597260	+	518	1.0	0.9961389961389961	40	1
HG03710_1	HG03710#1	WHR1B	WHR1	HG03710#1#CM086869.1:28406453-33664140	3564004	3564522	+	518	1.0	0.9942084942084942	0	1
HG03710_2	HG03710#2	WHR1	WHR1	HG03710#2#CM086882.1:28406463-33546644	3557490	3567753	+	10272	1.0	0.9981503115264797	60	1
HG03710_2	HG03710#2	CYP21A1P	CYP21	HG03710#2#CM086882.1:28406463-33546644	3591965	3595239	+	3274	1.0	0.9966401954795358	60	1
HG03710_2	HG03710#2	CYP21A1P	CYP21	HG03710#2#CM086882.1:28406463-33546644	3624699	3627973	+	3274	1.0	0.9783668494820231	0	1
HG03710_2	HG03710#2	CYP21A2	CYP21	HG03710#2#CM086882.1:28406463-33546644	3624744	3627973	+	3230	1.0	0.9972136222910216	60	1
HG03710_2	HG03710#2	CYP21A2	CYP21	HG03710#2#CM086882.1:28406463-33546644	3592015	3595239	+	3230	0.9984520123839009	0.9789669038045159	0	1
HG03710_2	HG03710#2	TNXA	TNX	HG03710#2#CM086882.1:28406463-33546644	3594749	3599353	-	4604	1.0	0.9969591659426585	60	1
HG03710_2	HG03710#2	TNXA	TNX	HG03710#2#CM086882.1:28406463-33546644	3627483	3632206	-	4604	1.0	0.9688823031329382	0	1
HG03710_2	HG03710#2	TNXB	TNX	HG03710#2#CM086882.1:28406463-33546644	3627481	3695733	-	68186	1.0	0.997875924705193	60	1
HG03710_2	HG03710#2	WHR1B	WHR1	HG03710#2#CM086882.1:28406463-33546644	3599599	3600117	+	518	1.0	0.9961389961389961	60	1
HG03710_2	HG03710#2	WHR1B	WHR1	HG03710#2#CM086882.1:28406463-33546644	3566841	3567356	+	518	1.0	0.9884169884169884	0	1
HG03742_1	HG03742#1	WHR1	WHR1	HG03742#1#CM087628.1:28422273-33665592	3550596	3560868	+	10272	1.0	0.9991239170641487	60	1
HG03742_1	HG03742#1	CYP21A1P	CYP21	HG03742#1#CM087628.1:28422273-33665592	3585057	3588331	+	3274	1.0	0.998167379352474	60	1
HG03742_1	HG03742#1	CYP21A1P	CYP21	HG03742#1#CM087628.1:28422273-33665592	3617792	3621064	+	3274	1.0	0.9777642400243679	0	1
HG03742_1	HG03742#1	CYP21A2	CYP21	HG03742#1#CM087628.1:28422273-33665592	3617837	3621064	+	3230	1.0	0.9962848297213622	60	1
HG03742_1	HG03742#1	CYP21A2	CYP21	HG03742#1#CM087628.1:28422273-33665592	3585107	3588331	+	3230	0.9984520123839009	0.9780389730900093	0	1
HG03742_1	HG03742#1	TNXA	TNX	HG03742#1#CM087628.1:28422273-33665592	3587841	3592445	-	4604	1.0	0.998262380538662	60	1
HG03742_1	HG03742#1	TNXA	TNX	HG03742#1#CM087628.1:28422273-33665592	3620574	3625297	-	4604	1.0	0.9693056731583404	0	1
HG03742_1	HG03742#1	TNXB	TNX	HG03742#1#CM087628.1:28422273-33665592	3620572	3688755	-	68186	1.0	0.998695186852175	60	1
HG03742_1	HG03742#1	WHR1B	WHR1	HG03742#1#CM087628.1:28422273-33665592	3592691	3593209	+	518	1.0	0.9980694980694981	60	1
HG03742_1	HG03742#1	WHR1B	WHR1	HG03742#1#CM087628.1:28422273-33665592	3559953	3560471	+	518	1.0	0.9942084942084942	0	1
HG03742_2	HG03742#2	WHR1	WHR1	HG03742#2#JBHDXM010000003.1:28462365-33593791	3541011	3551275	+	10272	1.0	0.9980531490314416	60	1
HG03742_2	HG03742#2	CYP21A1P	CYP21	HG03742#2#JBHDXM010000003.1:28462365-33593791	3575464	3578738	+	3274	1.0	0.9966401954795358	60	1
HG03742_2	HG03742#2	CYP21A1P	CYP21	HG03742#2#JBHDXM010000003.1:28462365-33593791	3601830	3605105	+	3274	1.0	0.9777642400243679	0	1
HG03742_2	HG03742#2	CYP21A2	CYP21	HG03742#2#JBHDXM010000003.1:28462365-33593791	3601875	3605105	+	3230	1.0	0.9978328173374613	60	1
HG03742_2	HG03742#2	CYP21A2	CYP21	HG03742#2#JBHDXM010000003.1:28462365-33593791	3575514	3578738	+	3230	0.9984520123839009	0.9783482833281781	0	1
HG03742_2	HG03742#2	TNXA	TNX	HG03742#2#JBHDXM010000003.1:28462365-33593791	3578248	3582852	-	4604	1.0	0.9960903562119896	44	1
HG03742_2	HG03742#2	TNXA	TNX	HG03742#2#JBHDXM010000003.1:28462365-33593791	3604615	3609338	-	4604	1.0	0.9693056731583404	0	1
HG03742_2	HG03742#2	TNXB	TNX	HG03742#2#JBHDXM010000003.1:28462365-33593791	3604613	3672798	-	68186	1.0	0.998988210452226	60	1
HG03742_2	HG03742#2	WHR1B	WHR1	HG03742#2#JBHDXM010000003.1:28462365-33593791	3583098	3583616	+	518	1.0	0.9961389961389961	60	1
HG03742_2	HG03742#2	WHR1B	WHR1	HG03742#2#JBHDXM010000003.1:28462365-33593791	3550363	3550878	+	518	1.0	0.9884169884169884	0	1
HG03784_1	HG03784#1	WHR1	WHR1	HG03784#1#CM094174.1:28377153-33515338	3555536	3565808	+	10272	1.0	0.9991239170641487	60	1
HG03784_1	HG03784#1	CYP21A1P	CYP21	HG03784#1#CM094174.1:28377153-33515338	3589997	3593271	+	3274	1.0	0.998167379352474	60	1
HG03784_1	HG03784#1	CYP21A1P	CYP21	HG03784#1#CM094174.1:28377153-33515338	3622852	3626123	+	3274	1.0	0.9780621572212066	0	1
HG03784_1	HG03784#1	CYP21A2	CYP21	HG03784#1#CM094174.1:28377153-33515338	3622897	3626123	+	3230	1.0	0.9959752321981424	60	1
HG03784_1	HG03784#1	CYP21A2	CYP21	HG03784#1#CM094174.1:28377153-33515338	3590047	3593271	+	3230	0.9984520123839009	0.9780389730900093	0	1
HG03784_1	HG03784#1	TNXA	TNX	HG03784#1#CM094174.1:28377153-33515338	3592781	3597505	-	4604	1.0	0.9712108382726503	57	1
HG03784_1	HG03784#1	TNXA	TNX	HG03784#1#CM094174.1:28377153-33515338	3625633	3630356	-	4604	1.0	0.9688823031329382	0	1
HG03784_1	HG03784#1	TNXB	TNX	HG03784#1#CM094174.1:28377153-33515338	3625631	3693812	-	68186	1.0	0.9986951677222613	60	1
HG03784_1	HG03784#1	WHR1B	WHR1	HG03784#1#CM094174.1:28377153-33515338	3597751	3598269	+	518	1.0	0.9980694980694981	60	1
HG03784_1	HG03784#1	WHR1B	WHR1	HG03784#1#CM094174.1:28377153-33515338	3564893	3565411	+	518	1.0	0.9942084942084942	0	1
HG03784_2	HG03784#2	WHR1	WHR1	HG03784#2#CM094203.1:28433118-33600593	3557480	3567743	+	10272	1.0	0.9981503115264797	60	1
HG03784_2	HG03784#2	CYP21A1P	CYP21	HG03784#2#CM094203.1:28433118-33600593	3618305	3621579	+	3274	1.0	0.9969456322541234	6	1
HG03784_2	HG03784#2	CYP21A1P	CYP21	HG03784#2#CM094203.1:28433118-33600593	3591934	3595208	+	3274	1.0	0.9966401954795358	0	1
HG03784_2	HG03784#2	CYP21A1P	CYP21	HG03784#2#CM094203.1:28433118-33600593	3651040	3654315	+	3274	1.0	0.9780688394760889	0	1
HG03784_2	HG03784#2	CYP21A2	CYP21	HG03784#2#CM094203.1:28433118-33600593	3651085	3654315	+	3230	1.0	0.9975232198142415	60	1
HG03784_2	HG03784#2	CYP21A2	CYP21	HG03784#2#CM094203.1:28433118-33600593	3591984	3595208	+	3230	0.9984520123839009	0.9789669038045159	0	1
HG03784_2	HG03784#2	CYP21A2	CYP21	HG03784#2#CM094203.1:28433118-33600593	3618355	3621579	+	3230	0.9984520123839009	0.9786575935663471	0	1
HG03784_2	HG03784#2	TNXA	TNX	HG03784#2#CM094203.1:28433118-33600593	3621089	3625693	-	4604	1.0	0.9967419635099913	4	1
HG03784_2	HG03784#2	TNXA	TNX	HG03784#2#CM094203.1:28433118-33600593	3594718	3599322	-	4604	1.0	0.996524761077324	0	1
HG03784_2	HG03784#2	TNXA	TNX	HG03784#2#CM094203.1:28433118-33600593	3653825	3658548	-	4604	1.0	0.9686706181202371	0	1
HG03784_2	HG03784#2	TNXB	TNX	HG03784#2#CM094203.1:28433118-33600593	3653823	3722085	-	68186	1.0	0.9978468163641956	60	1
HG03784_2	HG03784#2	WHR1B	WHR1	HG03784#2#CM094203.1:28433118-33600593	3599568	3600086	+	518	1.0	0.9961389961389961	0	1
HG03784_2	HG03784#2	WHR1B	WHR1	HG03784#2#CM094203.1:28433118-33600593	3625939	3626457	+	518	1.0	0.9961389961389961	0	1
HG03784_2	HG03784#2	WHR1B	WHR1	HG03784#2#CM094203.1:28433118-33600593	3566831	3567346	+	518	1.0	0.9884169884169884	0	1
HG03804_1	HG03804#1	WHR1	WHR1	HG03804#1#CM088331.1:28384562-33565798	3551690	3561953	+	10272	1.0	0.9981503115264797	60	1
HG03804_1	HG03804#1	CYP21A1P	CYP21	HG03804#1#CM088331.1:28384562-33565798	3612514	3615788	+	3274	1.0	0.9969456322541234	6	1
HG03804_1	HG03804#1	CYP21A1P	CYP21	HG03804#1#CM088331.1:28384562-33565798	3586143	3589417	+	3274	1.0	0.9966401954795358	0	1
HG03804_1	HG03804#1	CYP21A1P	CYP21	HG03804#1#CM088331.1:28384562-33565798	3638880	3642155	+	3274	1.0	0.9780688394760889	0	1
HG03804_1	HG03804#1	CYP21A2	CYP21	HG03804#1#CM088331.1:28384562-33565798	3638925	3642155	+	3230	1.0	0.9975232198142415	60	1
HG03804_1	HG03804#1	CYP21A2	CYP21	HG03804#1#CM088331.1:28384562-33565798	3586193	3589417	+	3230	0.9984520123839009	0.9789669038045159	0	1
HG03804_1	HG03804#1	CYP21A2	CYP21	HG03804#1#CM088331.1:28384562-33565798	3612564	3615788	+	3230	0.9984520123839009	0.9786575935663471	0	1
HG03804_1	HG03804#1	TNXA	TNX	HG03804#1#CM088331.1:28384562-33565798	3615298	3619902	-	4604	1.0	0.9967419635099913	5	1
HG03804_1	HG03804#1	TNXA	TNX	HG03804#1#CM088331.1:28384562-33565798	3588927	3593531	-	4604	1.0	0.996524761077324	0	1
HG03804_1	HG03804#1	TNXA	TNX	HG03804#1#CM088331.1:28384562-33565798	3641665	3646388	-	4604	1.0	0.9693056731583404	0	1
HG03804_1	HG03804#1	TNXB	TNX	HG03804#1#CM088331.1:28384562-33565798	3641663	3709935	-	68186	1.0	0.9977153234428319	60	1
HG03804_1	HG03804#1	WHR1B	WHR1	HG03804#1#CM088331.1:28384562-33565798	3620148	3620666	+	518	1.0	0.9961389961389961	0	1
HG03804_1	HG03804#1	WHR1B	WHR1	HG03804#1#CM088331.1:28384562-33565798	3593777	3594295	+	518	1.0	0.9961389961389961	0	1
HG03804_1	HG03804#1	WHR1B	WHR1	HG03804#1#CM088331.1:28384562-33565798	3561041	3561556	+	518	1.0	0.9884169884169884	0	1
HG03804_2	HG03804#2	WHR1	WHR1	HG03804#2#CM088379.1:28362365-33467265	3501774	3512044	+	10272	1.0	0.9993185358255452	60	1
HG03804_2	HG03804#2	CYP21A1P	CYP21	HG03804#2#CM088379.1:28362365-33467265	3536235	3539509	+	3274	1.0	0.9972510690287111	60	1
HG03804_2	HG03804#2	CYP21A1P	CYP21	HG03804#2#CM088379.1:28362365-33467265	3562602	3565877	+	3274	1.0	0.978982637831252	0	1
HG03804_2	HG03804#2	CYP21A2	CYP21	HG03804#2#CM088379.1:28362365-33467265	3562647	3565877	+	3230	1.0	0.9962848297213622	60	1
HG03804_2	HG03804#2	CYP21A2	CYP21	HG03804#2#CM088379.1:28362365-33467265	3536285	3539509	+	3230	0.9984520123839009	0.9777296628518404	0	1
HG03804_2	HG03804#2	TNXA	TNX	HG03804#2#CM088379.1:28362365-33467265	3539019	3543623	-	4604	1.0	0.9967419635099913	4	1
HG03804_2	HG03804#2	TNXA	TNX	HG03804#2#CM088379.1:28362365-33467265	3565387	3570111	-	4604	1.0	0.9714225232853514	0	1
HG03804_2	HG03804#2	TNXB	TNX	HG03804#2#CM088379.1:28362365-33467265	3565385	3633530	-	68186	1.0	0.9983137335405731	60	1
HG03804_2	HG03804#2	WHR1B	WHR1	HG03804#2#CM088379.1:28362365-33467265	3543869	3544387	+	518	1.0	0.9980694980694981	60	1
HG03804_2	HG03804#2	WHR1B	WHR1	HG03804#2#CM088379.1:28362365-33467265	3511129	3511647	+	518	1.0	0.9942084942084942	0	1
HG03816_1	HG03816#1	WHR1	WHR1	HG03816#1#JBJXWF010000049.1:28427684-33714593	3563964	3574232	+	10272	1.0	0.9993185358255452	60	1
HG03816_1	HG03816#1	CYP21A1P	CYP21	HG03816#1#JBJXWF010000049.1:28427684-33714593	3624794	3628068	+	3274	1.0	0.998167379352474	19	1
HG03816_1	HG03816#1	CYP21A1P	CYP21	HG03816#1#JBJXWF010000049.1:28427684-33714593	3598423	3601697	+	3274	1.0	0.9972510690287111	0	1
HG03816_1	HG03816#1	CYP21A1P	CYP21	HG03816#1#JBJXWF010000049.1:28427684-33714593	3651161	3654436	+	3274	1.0	0.9808102345415778	0	1
HG03816_1	HG03816#1	CYP21A2	CYP21	HG03816#1#JBJXWF010000049.1:28427684-33714593	3651206	3654436	+	3230	1.0	0.9950464396284829	60	1
HG03816_1	HG03816#1	CYP21A2	CYP21	HG03816#1#JBJXWF010000049.1:28427684-33714593	3624844	3628068	+	3230	0.9984520123839009	0.9780389730900093	0	1
HG03816_1	HG03816#1	CYP21A2	CYP21	HG03816#1#JBJXWF010000049.1:28427684-33714593	3598473	3601697	+	3230	0.9984520123839009	0.9777296628518404	0	1
HG03816_1	HG03816#1	TNXA	TNX	HG03816#1#JBJXWF010000049.1:28427684-33714593	3601207	3605811	-	4604	1.0	0.9967419635099913	11	1
HG03816_1	HG03816#1	TNXA	TNX	HG03816#1#JBJXWF010000049.1:28427684-33714593	3627578	3632182	-	4604	1.0	0.9963075586446568	0	1
HG03816_1	HG03816#1	TNXA	TNX	HG03816#1#JBJXWF010000049.1:28427684-33714593	3653946	3658670	-	4604	1.0	0.9709991532599492	0	1
HG03816_1	HG03816#1	TNXB	TNX	HG03816#1#JBJXWF010000049.1:28427684-33714593	3653944	3722117	-	68186	1.0	0.9982702005394629	60	1
HG03816_1	HG03816#1	WHR1B	WHR1	HG03816#1#JBJXWF010000049.1:28427684-33714593	3606057	3606575	+	518	1.0	0.9980694980694981	0	1
HG03816_1	HG03816#1	WHR1B	WHR1	HG03816#1#JBJXWF010000049.1:28427684-33714593	3632428	3632946	+	518	1.0	0.9980694980694981	0	1
HG03816_1	HG03816#1	WHR1B	WHR1	HG03816#1#JBJXWF010000049.1:28427684-33714593	3573317	3573835	+	518	1.0	0.9942084942084942	0	1
HG03816_2	HG03816#2	WHR1	WHR1	HG03816#2#JBJXWG010000046.1:28406441-33636019	3621664	3631937	+	10272	1.0	0.9990266692622153	60	1
HG03816_2	HG03816#2	CYP21A1P	CYP21	HG03816#2#JBJXWG010000046.1:28406441-33636019	3656126	3659400	+	3274	1.0	0.998167379352474	60	1
HG03816_2	HG03816#2	CYP21A1P	CYP21	HG03816#2#JBJXWG010000046.1:28406441-33636019	3688861	3692133	+	3274	1.0	0.9777642400243679	0	1
HG03816_2	HG03816#2	CYP21A2	CYP21	HG03816#2#JBJXWG010000046.1:28406441-33636019	3688906	3692133	+	3230	1.0	0.9962848297213622	60	1
HG03816_2	HG03816#2	CYP21A2	CYP21	HG03816#2#JBJXWG010000046.1:28406441-33636019	3656176	3659400	+	3230	0.9984520123839009	0.9780389730900093	0	1
HG03816_2	HG03816#2	TNXA	TNX	HG03816#2#JBJXWG010000046.1:28406441-33636019	3658910	3663514	-	4604	1.0	0.9978279756733276	60	1
HG03816_2	HG03816#2	TNXA	TNX	HG03816#2#JBJXWG010000046.1:28406441-33636019	3691643	3696366	-	4604	1.0	0.9686706181202371	0	1
HG03816_2	HG03816#2	TNXB	TNX	HG03816#2#JBJXWG010000046.1:28406441-33636019	3691641	3759818	-	68186	1.0	0.9988416422287391	60	1
HG03816_2	HG03816#2	WHR1B	WHR1	HG03816#2#JBJXWG010000046.1:28406441-33636019	3663760	3664278	+	518	1.0	0.9980694980694981	60	1
HG03816_2	HG03816#2	WHR1B	WHR1	HG03816#2#JBJXWG010000046.1:28406441-33636019	3631022	3631540	+	518	1.0	0.9942084942084942	0	1
HG03831_1	HG03831#1	WHR1	WHR1	HG03831#1#JBHDSN010000045.1:28374864-33602539	3617859	3628132	+	10272	1.0	0.9998053149031442	60	1
HG03831_1	HG03831#1	CYP21A1P	CYP21	HG03831#1#JBHDSN010000045.1:28374864-33602539	3652321	3655595	+	3274	1.0	1.0	60	1
HG03831_1	HG03831#1	CYP21A1P	CYP21	HG03831#1#JBHDSN010000045.1:28374864-33602539	3685055	3688330	+	3274	1.0	0.9783734389278099	0	1
HG03831_1	HG03831#1	CYP21A2	CYP21	HG03831#1#JBHDSN010000045.1:28374864-33602539	3685100	3688330	+	3230	1.0	0.9993808049535604	60	1
HG03831_1	HG03831#1	CYP21A2	CYP21	HG03831#1#JBHDSN010000045.1:28374864-33602539	3652371	3655595	+	3230	0.9984520123839009	0.9780389730900093	0	1
HG03831_1	HG03831#1	TNXA	TNX	HG03831#1#JBHDSN010000045.1:28374864-33602539	3655105	3659709	-	4604	1.0	0.9995655951346655	60	1
HG03831_1	HG03831#1	TNXA	TNX	HG03831#1#JBHDSN010000045.1:28374864-33602539	3687840	3692563	-	4604	1.0	0.9703640982218459	0	1
HG03831_1	HG03831#1	TNXB	TNX	HG03831#1#JBHDSN010000045.1:28374864-33602539	3687838	3756049	-	68186	1.0	0.999530874332962	60	1
HG03831_1	HG03831#1	WHR1B	WHR1	HG03831#1#JBHDSN010000045.1:28374864-33602539	3659955	3660473	+	518	1.0	1.0	60	1
HG03831_1	HG03831#1	WHR1B	WHR1	HG03831#1#JBHDSN010000045.1:28374864-33602539	3627217	3627735	+	518	1.0	0.9942084942084942	0	1
HG03831_2	HG03831#2	WHR1	WHR1	HG03831#2#JBHDSO010000065.1:28430318-33704666	3621302	3631565	+	10272	1.0	0.9981503115264797	60	1
HG03831_2	HG03831#2	CYP21A1P	CYP21	HG03831#2#JBHDSO010000065.1:28430318-33704666	3682125	3685399	+	3274	1.0	0.9969456322541234	6	1
HG03831_2	HG03831#2	CYP21A1P	CYP21	HG03831#2#JBHDSO010000065.1:28430318-33704666	3655755	3659029	+	3274	1.0	0.9966401954795358	0	1
HG03831_2	HG03831#2	CYP21A1P	CYP21	HG03831#2#JBHDSO010000065.1:28430318-33704666	3714860	3718135	+	3274	1.0	0.9780688394760889	0	1
HG03831_2	HG03831#2	CYP21A2	CYP21	HG03831#2#JBHDSO010000065.1:28430318-33704666	3714905	3718135	+	3230	1.0	0.9975232198142415	60	1
HG03831_2	HG03831#2	CYP21A2	CYP21	HG03831#2#JBHDSO010000065.1:28430318-33704666	3655805	3659029	+	3230	0.9984520123839009	0.9789669038045159	0	1
HG03831_2	HG03831#2	CYP21A2	CYP21	HG03831#2#JBHDSO010000065.1:28430318-33704666	3682175	3685399	+	3230	0.9984520123839009	0.9786575935663471	0	1
HG03831_2	HG03831#2	TNXA	TNX	HG03831#2#JBHDSO010000065.1:28430318-33704666	3684909	3689513	-	4604	1.0	0.9969591659426585	0	1
HG03831_2	HG03831#2	TNXA	TNX	HG03831#2#JBHDSO010000065.1:28430318-33704666	3658539	3663143	-	4604	1.0	0.9969591659426585	0	1
HG03831_2	HG03831#2	TNXA	TNX	HG03831#2#JBHDSO010000065.1:28430318-33704666	3717645	3722368	-	4604	1.0	0.9690939881456393	0	1
HG03831_2	HG03831#2	TNXB	TNX	HG03831#2#JBHDSO010000065.1:28430318-33704666	3717643	3785903	-	68186	1.0	0.9979053450321522	60	1
HG03831_2	HG03831#2	WHR1B	WHR1	HG03831#2#JBHDSO010000065.1:28430318-33704666	3663389	3663907	+	518	1.0	0.9961389961389961	0	1
HG03831_2	HG03831#2	WHR1B	WHR1	HG03831#2#JBHDSO010000065.1:28430318-33704666	3689759	3690277	+	518	1.0	0.9961389961389961	0	1
HG03831_2	HG03831#2	WHR1B	WHR1	HG03831#2#JBHDSO010000065.1:28430318-33704666	3630653	3631168	+	518	1.0	0.9884169884169884	0	1
HG03834_1	HG03834#1	WHR1	WHR1	HG03834#1#CM085797.1:28395320-33703328	3613245	3623516	+	10272	1.0	0.9993185358255452	60	1
HG03834_1	HG03834#1	CYP21A1P	CYP21	HG03834#1#CM085797.1:28395320-33703328	3647707	3650981	+	3274	1.0	0.9978619425778864	60	1
HG03834_1	HG03834#1	CYP21A1P	CYP21	HG03834#1#CM085797.1:28395320-33703328	3674074	3677349	+	3274	1.0	0.9805056350898569	0	1
HG03834_1	HG03834#1	CYP21A2	CYP21	HG03834#1#CM085797.1:28395320-33703328	3674119	3677349	+	3230	1.0	0.9953560371517027	60	1
HG03834_1	HG03834#1	CYP21A2	CYP21	HG03834#1#CM085797.1:28395320-33703328	3647757	3650981	+	3230	0.9984520123839009	0.9777296628518404	0	1
HG03834_1	HG03834#1	TNXA	TNX	HG03834#1#CM085797.1:28395320-33703328	3650491	3655095	-	4604	1.0	0.9963075586446568	18	1
HG03834_1	HG03834#1	TNXA	TNX	HG03834#1#CM085797.1:28395320-33703328	3676859	3681583	-	4604	1.0	0.970575783234547	0	1
HG03834_1	HG03834#1	TNXB	TNX	HG03834#1#CM085797.1:28395320-33703328	3676857	3745029	-	68186	1.0	0.9982115370519681	60	1
HG03834_1	HG03834#1	WHR1B	WHR1	HG03834#1#CM085797.1:28395320-33703328	3622601	3623119	+	518	1.0	0.9980694980694981	0	1
HG03834_1	HG03834#1	WHR1B	WHR1	HG03834#1#CM085797.1:28395320-33703328	3655341	3655859	+	518	1.0	0.9980694980694981	0	1
HG03834_2	HG03834#2	WHR1	WHR1	HG03834#2#CM085813.1:28455324-33598071	3540917	3551189	+	10272	1.0	1.0	60	1
HG03834_2	HG03834#2	CYP21A1P	CYP21	HG03834#2#CM085813.1:28455324-33598071	3575378	3578651	+	3274	1.0	0.9975565058032987	60	1
HG03834_2	HG03834#2	CYP21A1P	CYP21	HG03834#2#CM085813.1:28455324-33598071	3601739	3605013	+	3274	1.0	0.9768433881779403	0	1
HG03834_2	HG03834#2	CYP21A2	CYP21	HG03834#2#CM085813.1:28455324-33598071	3601784	3605013	+	3230	1.0	0.9978328173374613	60	1
HG03834_2	HG03834#2	CYP21A2	CYP21	HG03834#2#CM085813.1:28455324-33598071	3575423	3578651	+	3230	1.0	0.9777640518838789	0	1
HG03834_2	HG03834#2	TNXA	TNX	HG03834#2#CM085813.1:28455324-33598071	3578161	3582765	-	4604	1.0	0.9978279756733276	60	1
HG03834_2	HG03834#2	TNXA	TNX	HG03834#2#CM085813.1:28455324-33598071	3604523	3609246	-	4604	1.0	0.9693056731583404	0	1
HG03834_2	HG03834#2	TNXB	TNX	HG03834#2#CM085813.1:28455324-33598071	3604521	3672694	-	68186	1.0	0.9988563049853373	60	1
HG03834_2	HG03834#2	WHR1B	WHR1	HG03834#2#CM085813.1:28455324-33598071	3583011	3583529	+	518	1.0	0.9961389961389961	43	1
HG03834_2	HG03834#2	WHR1B	WHR1	HG03834#2#CM085813.1:28455324-33598071	3550274	3550792	+	518	1.0	0.9942084942084942	0	1
HG03874_1	HG03874#1	WHR1	WHR1	HG03874#1#CM089432.1:28353581-33507962	3550896	3561159	+	10272	1.0	0.9981503115264797	60	1
HG03874_1	HG03874#1	CYP21A1P	CYP21	HG03874#1#CM089432.1:28353581-33507962	3611742	3615016	+	3274	1.0	0.9966401954795358	0	1
HG03874_1	HG03874#1	CYP21A1P	CYP21	HG03874#1#CM089432.1:28353581-33507962	3585371	3588645	+	3274	1.0	0.9966401954795358	0	1
HG03874_1	HG03874#1	CYP21A1P	CYP21	HG03874#1#CM089432.1:28353581-33507962	3644476	3647751	+	3274	1.0	0.9780688394760889	0	1
HG03874_1	HG03874#1	CYP21A2	CYP21	HG03874#1#CM089432.1:28353581-33507962	3644521	3647751	+	3230	1.0	0.9975232198142415	60	1
HG03874_1	HG03874#1	CYP21A2	CYP21	HG03874#1#CM089432.1:28353581-33507962	3611792	3615016	+	3230	0.9984520123839009	0.9789669038045159	0	1
HG03874_1	HG03874#1	CYP21A2	CYP21	HG03874#1#CM089432.1:28353581-33507962	3585421	3588645	+	3230	0.9984520123839009	0.9789669038045159	0	1
HG03874_1	HG03874#1	TNXA	TNX	HG03874#1#CM089432.1:28353581-33507962	3614526	3619130	-	4604	1.0	0.996524761077324	0	1
HG03874_1	HG03874#1	TNXA	TNX	HG03874#1#CM089432.1:28353581-33507962	3588155	3592759	-	4604	1.0	0.996524761077324	0	1
HG03874_1	HG03874#1	TNXA	TNX	HG03874#1#CM089432.1:28353581-33507962	3647261	3651984	-	4604	1.0	0.9688823031329382	0	1
HG03874_1	HG03874#1	TNXB	TNX	HG03874#1#CM089432.1:28353581-33507962	3647259	3715523	-	68186	1.0	0.9978468794398957	60	1
HG03874_1	HG03874#1	WHR1B	WHR1	HG03874#1#CM089432.1:28353581-33507962	3593005	3593523	+	518	1.0	0.9961389961389961	0	1
HG03874_1	HG03874#1	WHR1B	WHR1	HG03874#1#CM089432.1:28353581-33507962	3619376	3619894	+	518	1.0	0.9961389961389961	0	1
HG03874_1	HG03874#1	WHR1B	WHR1	HG03874#1#CM089432.1:28353581-33507962	3560247	3560762	+	518	1.0	0.9884169884169884	0	1
HG03874_2	HG03874#2	WHR1	WHR1	HG03874#2#CM089475.1:28434562-33680043	3550627	3560897	+	10272	1.0	0.9994158878504673	60	1
HG03874_2	HG03874#2	CYP21A1P	CYP21	HG03874#2#CM089475.1:28434562-33680043	3585089	3588363	+	3274	1.0	0.9972510690287111	60	1
HG03874_2	HG03874#2	CYP21A1P	CYP21	HG03874#2#CM089475.1:28434562-33680043	3611456	3614731	+	3274	1.0	0.978982637831252	0	1
HG03874_2	HG03874#2	CYP21A2	CYP21	HG03874#2#CM089475.1:28434562-33680043	3611501	3614731	+	3230	1.0	0.9962848297213622	60	1
HG03874_2	HG03874#2	CYP21A2	CYP21	HG03874#2#CM089475.1:28434562-33680043	3585139	3588363	+	3230	0.9984520123839009	0.9777296628518404	0	1
HG03874_2	HG03874#2	TNXA	TNX	HG03874#2#CM089475.1:28434562-33680043	3587873	3592477	-	4604	1.0	0.9967419635099913	4	1
HG03874_2	HG03874#2	TNXA	TNX	HG03874#2#CM089475.1:28434562-33680043	3614241	3618965	-	4604	1.0	0.9714225232853514	0	1
HG03874_2	HG03874#2	TNXB	TNX	HG03874#2#CM089475.1:28434562-33680043	3614239	3682386	-	68186	1.0	0.9982991202346041	60	1
HG03874_2	HG03874#2	WHR1B	WHR1	HG03874#2#CM089475.1:28434562-33680043	3592723	3593241	+	518	1.0	0.9980694980694981	60	1
HG03874_2	HG03874#2	WHR1B	WHR1	HG03874#2#CM089475.1:28434562-33680043	3559982	3560500	+	518	1.0	0.9942084942084942	0	1
HG03927_1	HG03927#1	WHR1	WHR1	HG03927#1#CM086636.1:28465203-33551033	3502177	3512440	+	10272	1.0	0.9981503115264797	60	1
HG03927_1	HG03927#1	CYP21A1P	CYP21	HG03927#1#CM086636.1:28465203-33551033	3536630	3539904	+	3274	1.0	0.9966401954795358	60	1
HG03927_1	HG03927#1	CYP21A1P	CYP21	HG03927#1#CM086636.1:28465203-33551033	3569364	3572639	+	3274	1.0	0.9780688394760889	0	1
HG03927_1	HG03927#1	CYP21A2	CYP21	HG03927#1#CM086636.1:28465203-33551033	3569409	3572639	+	3230	1.0	0.9975232198142415	60	1
HG03927_1	HG03927#1	CYP21A2	CYP21	HG03927#1#CM086636.1:28465203-33551033	3536680	3539904	+	3230	0.9984520123839009	0.9789669038045159	0	1
HG03927_1	HG03927#1	TNXA	TNX	HG03927#1#CM086636.1:28465203-33551033	3539414	3544018	-	4604	1.0	0.9967419635099913	60	1
HG03927_1	HG03927#1	TNXA	TNX	HG03927#1#CM086636.1:28465203-33551033	3572149	3576872	-	4604	1.0	0.9690939881456393	0	1
HG03927_1	HG03927#1	TNXB	TNX	HG03927#1#CM086636.1:28465203-33551033	3572147	3640407	-	68186	1.0	0.9979199929689904	60	1
HG03927_1	HG03927#1	WHR1B	WHR1	HG03927#1#CM086636.1:28465203-33551033	3544264	3544782	+	518	1.0	0.9961389961389961	60	1
HG03927_1	HG03927#1	WHR1B	WHR1	HG03927#1#CM086636.1:28465203-33551033	3511528	3512043	+	518	1.0	0.9884169884169884	0	1
HG03927_2	HG03927#2	WHR1	WHR1	HG03927#2#CM086659.1:28395712-33710667	3619069	3629339	+	10272	1.0	0.9993185358255452	60	1
HG03927_2	HG03927#2	CYP21A1P	CYP21	HG03927#2#CM086659.1:28395712-33710667	3653530	3656804	+	3274	1.0	0.9972510690287111	60	1
HG03927_2	HG03927#2	CYP21A1P	CYP21	HG03927#2#CM086659.1:28395712-33710667	3679897	3683172	+	3274	1.0	0.978982637831252	0	1
HG03927_2	HG03927#2	CYP21A2	CYP21	HG03927#2#CM086659.1:28395712-33710667	3679942	3683172	+	3230	1.0	0.996594427244582	60	1
HG03927_2	HG03927#2	CYP21A2	CYP21	HG03927#2#CM086659.1:28395712-33710667	3653580	3656804	+	3230	0.9984520123839009	0.9777296628518404	0	1
HG03927_2	HG03927#2	TNXA	TNX	HG03927#2#CM086659.1:28395712-33710667	3656314	3660918	-	4604	1.0	0.9967419635099913	4	1
HG03927_2	HG03927#2	TNXA	TNX	HG03927#2#CM086659.1:28395712-33710667	3682682	3687406	-	4604	1.0	0.9714225232853514	0	1
HG03927_2	HG03927#2	TNXB	TNX	HG03927#2#CM086659.1:28395712-33710667	3682680	3750830	-	68186	1.0	0.9982552087151592	60	1
HG03927_2	HG03927#2	WHR1B	WHR1	HG03927#2#CM086659.1:28395712-33710667	3661164	3661682	+	518	1.0	0.9980694980694981	60	1
HG03927_2	HG03927#2	WHR1B	WHR1	HG03927#2#CM086659.1:28395712-33710667	3628424	3628942	+	518	1.0	0.9942084942084942	0	1
HG03942_1	HG03942#1	WHR1	WHR1	HG03942#1#CM088393.1:28271517-33427607	3553860	3564123	+	10272	1.0	0.9981503115264797	60	1
HG03942_1	HG03942#1	CYP21A1P	CYP21	HG03942#1#CM088393.1:28271517-33427607	3588313	3591587	+	3274	1.0	0.9969456322541234	60	1
HG03942_1	HG03942#1	CYP21A1P	CYP21	HG03942#1#CM088393.1:28271517-33427607	3614679	3617954	+	3274	1.0	0.9780688394760889	0	1
HG03942_1	HG03942#1	CYP21A2	CYP21	HG03942#1#CM088393.1:28271517-33427607	3614724	3617954	+	3230	1.0	0.9975232198142415	60	1
HG03942_1	HG03942#1	CYP21A2	CYP21	HG03942#1#CM088393.1:28271517-33427607	3588363	3591587	+	3230	0.9984520123839009	0.9786575935663471	0	1
HG03942_1	HG03942#1	TNXA	TNX	HG03942#1#CM088393.1:28271517-33427607	3591097	3595701	-	4604	1.0	0.9967419635099913	60	1
HG03942_1	HG03942#1	TNXA	TNX	HG03942#1#CM088393.1:28271517-33427607	3617464	3622187	-	4604	1.0	0.9693056731583404	0	1
HG03942_1	HG03942#1	TNXB	TNX	HG03942#1#CM088393.1:28271517-33427607	3617462	3685730	-	68186	1.0	0.997773774477496	60	1
HG03942_1	HG03942#1	WHR1B	WHR1	HG03942#1#CM088393.1:28271517-33427607	3595947	3596465	+	518	1.0	0.9961389961389961	60	1
HG03942_1	HG03942#1	WHR1B	WHR1	HG03942#1#CM088393.1:28271517-33427607	3563211	3563726	+	518	1.0	0.9884169884169884	0	1
HG03942_2	HG03942#2	WHR1	WHR1	HG03942#2#CM088404.1:29036351-34210946	3545372	3555635	+	10272	1.0	0.9981503115264797	60	1
HG03942_2	HG03942#2	CYP21A1P	CYP21	HG03942#2#CM088404.1:29036351-34210946	3606196	3609470	+	3274	1.0	0.9969456322541234	6	1
HG03942_2	HG03942#2	CYP21A1P	CYP21	HG03942#2#CM088404.1:29036351-34210946	3579825	3583099	+	3274	1.0	0.9966401954795358	0	1
HG03942_2	HG03942#2	CYP21A1P	CYP21	HG03942#2#CM088404.1:29036351-34210946	3632562	3635837	+	3274	1.0	0.9780688394760889	0	1
HG03942_2	HG03942#2	CYP21A2	CYP21	HG03942#2#CM088404.1:29036351-34210946	3632607	3635837	+	3230	1.0	0.9975232198142415	60	1
HG03942_2	HG03942#2	CYP21A2	CYP21	HG03942#2#CM088404.1:29036351-34210946	3579875	3583099	+	3230	0.9984520123839009	0.9789669038045159	0	1
HG03942_2	HG03942#2	CYP21A2	CYP21	HG03942#2#CM088404.1:29036351-34210946	3606246	3609470	+	3230	0.9984520123839009	0.9786575935663471	0	1
HG03942_2	HG03942#2	TNXA	TNX	HG03942#2#CM088404.1:29036351-34210946	3608980	3613584	-	4604	1.0	0.9967419635099913	5	1
HG03942_2	HG03942#2	TNXA	TNX	HG03942#2#CM088404.1:29036351-34210946	3582609	3587213	-	4604	1.0	0.996524761077324	0	1
HG03942_2	HG03942#2	TNXA	TNX	HG03942#2#CM088404.1:29036351-34210946	3635347	3640070	-	4604	1.0	0.9693056731583404	0	1
HG03942_2	HG03942#2	TNXB	TNX	HG03942#2#CM088404.1:29036351-34210946	3635345	3703613	-	68186	1.0	0.997773774477496	60	1
HG03942_2	HG03942#2	WHR1B	WHR1	HG03942#2#CM088404.1:29036351-34210946	3613830	3614348	+	518	1.0	0.9961389961389961	0	1
HG03942_2	HG03942#2	WHR1B	WHR1	HG03942#2#CM088404.1:29036351-34210946	3587459	3587977	+	518	1.0	0.9961389961389961	0	1
HG03942_2	HG03942#2	WHR1B	WHR1	HG03942#2#CM088404.1:29036351-34210946	3554723	3555238	+	518	1.0	0.9884169884169884	0	1
HG04115_1	HG04115#1	WHR1	WHR1	HG04115#1#JBHDTF010000057.1:28438850-33586926	3558240	3568504	+	10272	1.0	0.9980531490314416	60	1
HG04115_1	HG04115#1	CYP21A1P	CYP21	HG04115#1#JBHDTF010000057.1:28438850-33586926	3592693	3595967	+	3274	1.0	0.9966401954795358	60	1
HG04115_1	HG04115#1	CYP21A1P	CYP21	HG04115#1#JBHDTF010000057.1:28438850-33586926	3619059	3622334	+	3274	1.0	0.9780688394760889	0	1
HG04115_1	HG04115#1	CYP21A2	CYP21	HG04115#1#JBHDTF010000057.1:28438850-33586926	3619104	3622334	+	3230	1.0	0.9975232198142415	60	1
HG04115_1	HG04115#1	CYP21A2	CYP21	HG04115#1#JBHDTF010000057.1:28438850-33586926	3592743	3595967	+	3230	0.9984520123839009	0.9783482833281781	0	1
HG04115_1	HG04115#1	TNXA	TNX	HG04115#1#JBHDTF010000057.1:28438850-33586926	3595477	3600081	-	4604	1.0	0.9963075586446568	49	1
HG04115_1	HG04115#1	TNXA	TNX	HG04115#1#JBHDTF010000057.1:28438850-33586926	3621844	3626567	-	4604	1.0	0.9693056731583404	0	1
HG04115_1	HG04115#1	TNXB	TNX	HG04115#1#JBHDTF010000057.1:28438850-33586926	3621842	3690028	-	68186	1.0	0.9989735618868866	60	1
HG04115_1	HG04115#1	WHR1B	WHR1	HG04115#1#JBHDTF010000057.1:28438850-33586926	3600327	3600845	+	518	1.0	0.9961389961389961	60	1
HG04115_1	HG04115#1	WHR1B	WHR1	HG04115#1#JBHDTF010000057.1:28438850-33586926	3567592	3568107	+	518	1.0	0.9884169884169884	0	1
HG04115_2	HG04115#2	WHR1	WHR1	HG04115#2#JBHDTG010000049.1:28423339-33670470	3551982	3562252	+	10272	1.0	0.9994158878504673	60	1
HG04115_2	HG04115#2	CYP21A1P	CYP21	HG04115#2#JBHDTG010000049.1:28423339-33670470	3586443	3589717	+	3274	1.0	0.9972510690287111	60	1
HG04115_2	HG04115#2	CYP21A1P	CYP21	HG04115#2#JBHDTG010000049.1:28423339-33670470	3612810	3616085	+	3274	1.0	0.978982637831252	0	1
HG04115_2	HG04115#2	CYP21A2	CYP21	HG04115#2#JBHDTG010000049.1:28423339-33670470	3612855	3616085	+	3230	1.0	0.9962848297213622	60	1
HG04115_2	HG04115#2	CYP21A2	CYP21	HG04115#2#JBHDTG010000049.1:28423339-33670470	3586493	3589717	+	3230	0.9984520123839009	0.9777296628518404	0	1
HG04115_2	HG04115#2	TNXA	TNX	HG04115#2#JBHDTG010000049.1:28423339-33670470	3589227	3593831	-	4604	1.0	0.9967419635099913	4	1
HG04115_2	HG04115#2	TNXA	TNX	HG04115#2#JBHDTG010000049.1:28423339-33670470	3615595	3620319	-	4604	1.0	0.9714225232853514	0	1
HG04115_2	HG04115#2	TNXB	TNX	HG04115#2#JBHDTG010000049.1:28423339-33670470	3615593	3683739	-	68186	1.0	0.9982697947214076	60	1
HG04115_2	HG04115#2	WHR1B	WHR1	HG04115#2#JBHDTG010000049.1:28423339-33670470	3594077	3594595	+	518	1.0	0.9980694980694981	60	1
HG04115_2	HG04115#2	WHR1B	WHR1	HG04115#2#JBHDTG010000049.1:28423339-33670470	3561337	3561855	+	518	1.0	0.9942084942084942	0	1
HG04157_1	HG04157#1	WHR1	WHR1	HG04157#1#CM088414.1:28397949-33735050	3615830	3626098	+	10272	1.0	0.9993185358255452	60	1
HG04157_1	HG04157#1	CYP21A1P	CYP21	HG04157#1#CM088414.1:28397949-33735050	3676660	3679934	+	3274	1.0	0.998167379352474	19	1
HG04157_1	HG04157#1	CYP21A1P	CYP21	HG04157#1#CM088414.1:28397949-33735050	3650289	3653563	+	3274	1.0	0.9972510690287111	0	1
HG04157_1	HG04157#1	CYP21A1P	CYP21	HG04157#1#CM088414.1:28397949-33735050	3703027	3706302	+	3274	1.0	0.9808102345415778	0	1
HG04157_1	HG04157#1	CYP21A2	CYP21	HG04157#1#CM088414.1:28397949-33735050	3703072	3706302	+	3230	1.0	0.9950464396284829	60	1
HG04157_1	HG04157#1	CYP21A2	CYP21	HG04157#1#CM088414.1:28397949-33735050	3676710	3679934	+	3230	0.9984520123839009	0.9780389730900093	0	1
HG04157_1	HG04157#1	CYP21A2	CYP21	HG04157#1#CM088414.1:28397949-33735050	3650339	3653563	+	3230	0.9984520123839009	0.9777296628518404	0	1
HG04157_1	HG04157#1	TNXA	TNX	HG04157#1#CM088414.1:28397949-33735050	3653073	3657677	-	4604	1.0	0.996524761077324	1	1
HG04157_1	HG04157#1	TNXA	TNX	HG04157#1#CM088414.1:28397949-33735050	3679444	3684048	-	4604	1.0	0.9963075586446568	0	1
HG04157_1	HG04157#1	TNXA	TNX	HG04157#1#CM088414.1:28397949-33735050	3705812	3710536	-	4604	1.0	0.9709991532599492	0	1
HG04157_1	HG04157#1	TNXB	TNX	HG04157#1#CM088414.1:28397949-33735050	3705810	3773986	-	68186	1.0	0.9982116419179408	60	1
HG04157_1	HG04157#1	WHR1B	WHR1	HG04157#1#CM088414.1:28397949-33735050	3657923	3658441	+	518	1.0	0.9980694980694981	0	1
HG04157_1	HG04157#1	WHR1B	WHR1	HG04157#1#CM088414.1:28397949-33735050	3684294	3684812	+	518	1.0	0.9980694980694981	0	1
HG04157_1	HG04157#1	WHR1B	WHR1	HG04157#1#CM088414.1:28397949-33735050	3625183	3625701	+	518	1.0	0.9942084942084942	0	1
HG04157_2	HG04157#2	WHR1	WHR1	HG04157#2#CM088438.1:28355512-33488875	3539795	3550067	+	10272	1.0	0.9992211838006231	60	1
HG04157_2	HG04157#2	CYP21A1P	CYP21	HG04157#2#CM088438.1:28355512-33488875	3574252	3577527	+	3274	1.0	0.976850441669205	60	1
HG04157_2	HG04157#2	CYP21A2	CYP21	HG04157#2#CM088438.1:28355512-33488875	3574297	3577527	+	3230	1.0	0.9972136222910216	60	1
HG04157_2	HG04157#2	TNXA	TNX	HG04157#2#CM088438.1:28355512-33488875	3577037	3581760	-	4604	1.0	0.9703640982218459	60	1
HG04157_2	HG04157#2	TNXB	TNX	HG04157#2#CM088438.1:28355512-33488875	3577035	3645218	-	68186	1.0	0.9993694644847205	60	1
HG04157_2	HG04157#2	WHR1B	WHR1	HG04157#2#CM088438.1:28355512-33488875	3549152	3549670	+	518	1.0	0.9961389961389961	60	1
HG04160_1	HG04160#1	WHR1	WHR1	HG04160#1#JBHIGW010000016.1:28356435-33564314	3618795	3629059	+	10272	1.0	0.9981504915798696	60	1
HG04160_1	HG04160#1	CYP21A1P	CYP21	HG04160#1#JBHIGW010000016.1:28356435-33564314	3653248	3656522	+	3274	1.0	0.9969456322541234	60	1
HG04160_1	HG04160#1	CYP21A1P	CYP21	HG04160#1#JBHIGW010000016.1:28356435-33564314	3679614	3682889	+	3274	1.0	0.977459640572647	0	1
HG04160_1	HG04160#1	CYP21A2	CYP21	HG04160#1#JBHIGW010000016.1:28356435-33564314	3679659	3682889	+	3230	1.0	0.9975232198142415	60	1
HG04160_1	HG04160#1	CYP21A2	CYP21	HG04160#1#JBHIGW010000016.1:28356435-33564314	3653298	3656522	+	3230	0.9984520123839009	0.9786575935663471	0	1
HG04160_1	HG04160#1	TNXA	TNX	HG04160#1#JBHIGW010000016.1:28356435-33564314	3656032	3660636	-	4604	1.0	0.9963075586446568	49	1
HG04160_1	HG04160#1	TNXA	TNX	HG04160#1#JBHIGW010000016.1:28356435-33564314	3682399	3687122	-	4604	1.0	0.9693056731583404	0	1
HG04160_1	HG04160#1	TNXB	TNX	HG04160#1#JBHIGW010000016.1:28356435-33564314	3682397	3750582	-	68186	1.0	0.998988210452226	60	1
HG04160_1	HG04160#1	WHR1B	WHR1	HG04160#1#JBHIGW010000016.1:28356435-33564314	3660882	3661400	+	518	1.0	0.9961389961389961	60	1
HG04160_1	HG04160#1	WHR1B	WHR1	HG04160#1#JBHIGW010000016.1:28356435-33564314	3628147	3628662	+	518	1.0	0.9884169884169884	0	1
HG04160_2	HG04160#2	WHR1	WHR1	HG04160#2#JBHIGX010000055.1:28422741-33644744	3618917	3629188	+	10272	1.0	0.9989292319672929	60	1
HG04160_2	HG04160#2	CYP21A1P	CYP21	HG04160#2#JBHIGX010000055.1:28422741-33644744	3653377	3656651	+	3274	1.0	0.9987782529016493	60	1
HG04160_2	HG04160#2	CYP21A1P	CYP21	HG04160#2#JBHIGX010000055.1:28422741-33644744	3679744	3683018	+	3274	1.0	0.9768433881779403	0	1
HG04160_2	HG04160#2	CYP21A2	CYP21	HG04160#2#JBHIGX010000055.1:28422741-33644744	3679789	3683018	+	3230	1.0	0.9981424148606811	60	1
HG04160_2	HG04160#2	CYP21A2	CYP21	HG04160#2#JBHIGX010000055.1:28422741-33644744	3653427	3656651	+	3230	0.9984520123839009	0.9780389730900093	0	1
HG04160_2	HG04160#2	TNXA	TNX	HG04160#2#JBHIGX010000055.1:28422741-33644744	3656161	3660765	-	4604	1.0	0.9960903562119896	14	1
HG04160_2	HG04160#2	TNXA	TNX	HG04160#2#JBHIGX010000055.1:28422741-33644744	3682528	3687251	-	4604	1.0	0.9703640982218459	0	1
HG04160_2	HG04160#2	TNXB	TNX	HG04160#2#JBHIGX010000055.1:28422741-33644744	3682526	3750722	-	68186	1.0	0.9993841913112327	60	1
HG04160_2	HG04160#2	WHR1B	WHR1	HG04160#2#JBHIGX010000055.1:28422741-33644744	3661011	3661529	+	518	1.0	0.9980694980694981	60	1
HG04160_2	HG04160#2	WHR1B	WHR1	HG04160#2#JBHIGX010000055.1:28422741-33644744	3628273	3628791	+	518	1.0	0.9922779922779923	0	1
HG04184_1	HG04184#1	WHR1	WHR1	HG04184#1#CM086460.1:28371226-33616523	3550097	3560367	+	10272	1.0	0.9994158878504673	60	1
HG04184_1	HG04184#1	CYP21A1P	CYP21	HG04184#1#CM086460.1:28371226-33616523	3584558	3587832	+	3274	1.0	0.9972510690287111	60	1
HG04184_1	HG04184#1	CYP21A1P	CYP21	HG04184#1#CM086460.1:28371226-33616523	3610925	3614200	+	3274	1.0	0.978982637831252	0	1
HG04184_1	HG04184#1	CYP21A2	CYP21	HG04184#1#CM086460.1:28371226-33616523	3610970	3614200	+	3230	1.0	0.9962848297213622	60	1
HG04184_1	HG04184#1	CYP21A2	CYP21	HG04184#1#CM086460.1:28371226-33616523	3584608	3587832	+	3230	0.9984520123839009	0.9777296628518404	0	1
HG04184_1	HG04184#1	TNXA	TNX	HG04184#1#CM086460.1:28371226-33616523	3587342	3591946	-	4604	1.0	0.9969591659426585	14	1
HG04184_1	HG04184#1	TNXA	TNX	HG04184#1#CM086460.1:28371226-33616523	3613710	3618434	-	4604	1.0	0.9714225232853514	0	1
HG04184_1	HG04184#1	TNXB	TNX	HG04184#1#CM086460.1:28371226-33616523	3613708	3681858	-	68186	1.0	0.9982552087151592	60	1
HG04184_1	HG04184#1	WHR1B	WHR1	HG04184#1#CM086460.1:28371226-33616523	3592192	3592710	+	518	1.0	0.9980694980694981	60	1
HG04184_1	HG04184#1	WHR1B	WHR1	HG04184#1#CM086460.1:28371226-33616523	3559452	3559970	+	518	1.0	0.9942084942084942	0	1
HG04184_2	HG04184#2	WHR1	WHR1	HG04184#2#CM086472.1:28433511-33770331	3614318	3624586	+	10272	1.0	0.9993185358255452	60	1
HG04184_2	HG04184#2	CYP21A1P	CYP21	HG04184#2#CM086472.1:28433511-33770331	3675148	3678422	+	3274	1.0	0.998167379352474	19	1
HG04184_2	HG04184#2	CYP21A1P	CYP21	HG04184#2#CM086472.1:28433511-33770331	3648777	3652051	+	3274	1.0	0.9972510690287111	0	1
HG04184_2	HG04184#2	CYP21A1P	CYP21	HG04184#2#CM086472.1:28433511-33770331	3701515	3704790	+	3274	1.0	0.9808102345415778	0	1
HG04184_2	HG04184#2	CYP21A2	CYP21	HG04184#2#CM086472.1:28433511-33770331	3701560	3704790	+	3230	1.0	0.9950464396284829	60	1
HG04184_2	HG04184#2	CYP21A2	CYP21	HG04184#2#CM086472.1:28433511-33770331	3675198	3678422	+	3230	0.9984520123839009	0.9780389730900093	0	1
HG04184_2	HG04184#2	CYP21A2	CYP21	HG04184#2#CM086472.1:28433511-33770331	3648827	3652051	+	3230	0.9984520123839009	0.9777296628518404	0	1
HG04184_2	HG04184#2	TNXA	TNX	HG04184#2#CM086472.1:28433511-33770331	3651561	3656165	-	4604	1.0	0.9967419635099913	11	1
HG04184_2	HG04184#2	TNXA	TNX	HG04184#2#CM086472.1:28433511-33770331	3677932	3682536	-	4604	1.0	0.9963075586446568	0	1
HG04184_2	HG04184#2	TNXA	TNX	HG04184#2#CM086472.1:28433511-33770331	3704300	3709024	-	4604	1.0	0.9709991532599492	0	1
HG04184_2	HG04184#2	TNXB	TNX	HG04184#2#CM086472.1:28433511-33770331	3704298	3772471	-	68186	1.0	0.9982702005394629	60	1
HG04184_2	HG04184#2	WHR1B	WHR1	HG04184#2#CM086472.1:28433511-33770331	3682782	3683300	+	518	1.0	0.9980694980694981	0	1
HG04184_2	HG04184#2	WHR1B	WHR1	HG04184#2#CM086472.1:28433511-33770331	3656411	3656929	+	518	1.0	0.9980694980694981	0	1
HG04184_2	HG04184#2	WHR1B	WHR1	HG04184#2#CM086472.1:28433511-33770331	3623671	3624189	+	518	1.0	0.9942084942084942	0	1
HG04187_1	HG04187#1	WHR1	WHR1	HG04187#1#CM099742.1:28415864-33609347	3620845	3631112	+	10272	1.0	0.9988317757009346	60	1
HG04187_1	HG04187#1	CYP21A1P	CYP21	HG04187#1#CM099742.1:28415864-33609347	3655298	3658572	+	3274	1.0	0.9771480804387569	0	1
HG04187_1	HG04187#1	CYP21A1P	CYP21	HG04187#1#CM099742.1:28415864-33609347	3681786	3685060	+	3274	1.0	0.9771480804387569	0	1
HG04187_1	HG04187#1	CYP21A2	CYP21	HG04187#1#CM099742.1:28415864-33609347	3655343	3658572	+	3230	1.0	0.9981424148606811	0	1
HG04187_1	HG04187#1	CYP21A2	CYP21	HG04187#1#CM099742.1:28415864-33609347	3681831	3685060	+	3230	1.0	0.9981424148606811	0	1
HG04187_1	HG04187#1	TNXA	TNX	HG04187#1#CM099742.1:28415864-33609347	3658082	3662805	-	4604	1.0	0.970575783234547	16	1
HG04187_1	HG04187#1	TNXA	TNX	HG04187#1#CM099742.1:28415864-33609347	3684570	3689293	-	4604	1.0	0.9699407281964437	0	1
HG04187_1	HG04187#1	TNXB	TNX	HG04187#1#CM099742.1:28415864-33609347	3684568	3752741	-	68186	1.0	0.9988122644691115	60	1
HG04187_1	HG04187#1	WHR1B	WHR1	HG04187#1#CM099742.1:28415864-33609347	3663051	3663569	+	518	1.0	0.9980694980694981	60	1
HG04187_1	HG04187#1	WHR1B	WHR1	HG04187#1#CM099742.1:28415864-33609347	3630197	3630715	+	518	1.0	0.9942084942084942	0	1
HG04187_2	HG04187#2	WHR1	WHR1	HG04187#2#CM099756.1:28400738-33533288	3555899	3566172	+	10272	1.0	0.9990266692622153	60	1
HG04187_2	HG04187#2	CYP21A1P	CYP21	HG04187#2#CM099756.1:28400738-33533288	3590361	3593635	+	3274	1.0	0.998167379352474	60	1
HG04187_2	HG04187#2	CYP21A1P	CYP21	HG04187#2#CM099756.1:28400738-33533288	3623096	3626368	+	3274	1.0	0.9777642400243679	0	1
HG04187_2	HG04187#2	CYP21A2	CYP21	HG04187#2#CM099756.1:28400738-33533288	3623141	3626368	+	3230	1.0	0.9962848297213622	60	1
HG04187_2	HG04187#2	CYP21A2	CYP21	HG04187#2#CM099756.1:28400738-33533288	3590411	3593635	+	3230	0.9984520123839009	0.9780389730900093	0	1
HG04187_2	HG04187#2	TNXA	TNX	HG04187#2#CM099756.1:28400738-33533288	3593145	3597749	-	4604	1.0	0.9978279756733276	60	1
HG04187_2	HG04187#2	TNXA	TNX	HG04187#2#CM099756.1:28400738-33533288	3625878	3630601	-	4604	1.0	0.9686706181202371	0	1
HG04187_2	HG04187#2	TNXB	TNX	HG04187#2#CM099756.1:28400738-33533288	3625876	3694065	-	68186	1.0	0.9987538118695755	60	1
HG04187_2	HG04187#2	WHR1B	WHR1	HG04187#2#CM099756.1:28400738-33533288	3597995	3598513	+	518	1.0	0.9980694980694981	60	1
HG04187_2	HG04187#2	WHR1B	WHR1	HG04187#2#CM099756.1:28400738-33533288	3565257	3565775	+	518	1.0	0.9942084942084942	0	1
HG04199_1	HG04199#1	WHR1	WHR1	HG04199#1#JBHDTH010000059.1:28382492-33668076	3623302	3633575	+	10272	1.0	0.9995132872578604	60	1
HG04199_1	HG04199#1	CYP21A1P	CYP21	HG04199#1#JBHDTH010000059.1:28382492-33668076	3657762	3661037	+	3274	1.0	0.977459640572647	60	1
HG04199_1	HG04199#1	CYP21A2	CYP21	HG04199#1#JBHDTH010000059.1:28382492-33668076	3657807	3661037	+	3230	1.0	0.9981424148606811	60	1
HG04199_1	HG04199#1	TNXA	TNX	HG04199#1#JBHDTH010000059.1:28382492-33668076	3660547	3665270	-	4604	1.0	0.9699407281964437	60	1
HG04199_1	HG04199#1	TNXB	TNX	HG04199#1#JBHDTH010000059.1:28382492-33668076	3660545	3728700	-	68186	1.0	0.9991934182932731	60	1
HG04199_1	HG04199#1	WHR1B	WHR1	HG04199#1#JBHDTH010000059.1:28382492-33668076	3632660	3633178	+	518	1.0	0.9961389961389961	60	1
HG04199_2	HG04199#2	WHR1	WHR1	HG04199#2#JBHDTI010000015.1:28378462-33549536	3563416	3573688	+	10272	1.0	0.9990265745157209	60	1
HG04199_2	HG04199#2	CYP21A1P	CYP21	HG04199#2#JBHDTI010000015.1:28378462-33549536	3597877	3601151	+	3274	1.0	0.9984728161270617	60	1
HG04199_2	HG04199#2	CYP21A1P	CYP21	HG04199#2#JBHDTI010000015.1:28378462-33549536	3630612	3633884	+	3274	1.0	0.977155041120926	0	1
HG04199_2	HG04199#2	CYP21A2	CYP21	HG04199#2#JBHDTI010000015.1:28378462-33549536	3630657	3633884	+	3230	1.0	0.9956656346749226	60	1
HG04199_2	HG04199#2	CYP21A2	CYP21	HG04199#2#JBHDTI010000015.1:28378462-33549536	3597927	3601151	+	3230	0.9984520123839009	0.9783482833281781	0	1
HG04199_2	HG04199#2	TNXA	TNX	HG04199#2#JBHDTI010000015.1:28378462-33549536	3600661	3605265	-	4604	1.0	0.9980451781059948	60	1
HG04199_2	HG04199#2	TNXA	TNX	HG04199#2#JBHDTI010000015.1:28378462-33549536	3633394	3638117	-	4604	1.0	0.9686706181202371	0	1
HG04199_2	HG04199#2	TNXB	TNX	HG04199#2#JBHDTI010000015.1:28378462-33549536	3633392	3701583	-	68186	1.0	0.9987538484093241	60	1
HG04199_2	HG04199#2	WHR1B	WHR1	HG04199#2#JBHDTI010000015.1:28378462-33549536	3605511	3606029	+	518	1.0	0.9980694980694981	60	1
HG04199_2	HG04199#2	WHR1B	WHR1	HG04199#2#JBHDTI010000015.1:28378462-33549536	3572773	3573291	+	518	1.0	0.9922779922779923	0	1
HG04204_1	HG04204#1	WHR1	WHR1	HG04204#1#JBHIGY010000015.1:28376780-33510758	3507008	3517280	+	10272	1.0	1.0	60	1
HG04204_1	HG04204#1	CYP21A1P	CYP21	HG04204#1#JBHIGY010000015.1:28376780-33510758	3541469	3544743	+	3274	1.0	1.0	60	1
HG04204_1	HG04204#1	CYP21A1P	CYP21	HG04204#1#JBHIGY010000015.1:28376780-33510758	3574203	3577478	+	3274	1.0	0.9780688394760889	0	1
HG04204_1	HG04204#1	CYP21A2	CYP21	HG04204#1#JBHIGY010000015.1:28376780-33510758	3574248	3577478	+	3230	1.0	0.9996904024767802	60	1
HG04204_1	HG04204#1	CYP21A2	CYP21	HG04204#1#JBHIGY010000015.1:28376780-33510758	3541519	3544743	+	3230	0.9984520123839009	0.9780389730900093	0	1
HG04204_1	HG04204#1	TNXA	TNX	HG04204#1#JBHIGY010000015.1:28376780-33510758	3544253	3548857	-	4604	1.0	0.9997827975673328	60	1
HG04204_1	HG04204#1	TNXA	TNX	HG04204#1#JBHIGY010000015.1:28376780-33510758	3576988	3581711	-	4604	1.0	0.970575783234547	0	1
HG04204_1	HG04204#1	TNXB	TNX	HG04204#1#JBHIGY010000015.1:28376780-33510758	3576986	3645201	-	68186	1.0	0.9994576052538994	60	1
HG04204_1	HG04204#1	WHR1B	WHR1	HG04204#1#JBHIGY010000015.1:28376780-33510758	3549103	3549621	+	518	1.0	1.0	60	1
HG04204_1	HG04204#1	WHR1B	WHR1	HG04204#1#JBHIGY010000015.1:28376780-33510758	3516365	3516883	+	518	1.0	0.9942084942084942	0	1
HG04204_2	HG04204#2	WHR1	WHR1	HG04204#2#JBHIGZ010000014.1:28378310-33624751	3550538	3560807	+	10272	1.0	0.9992212596125767	60	1
HG04204_2	HG04204#2	CYP21A1P	CYP21	HG04204#2#JBHIGZ010000014.1:28378310-33624751	3584998	3588272	+	3274	1.0	0.9972510690287111	60	1
HG04204_2	HG04204#2	CYP21A1P	CYP21	HG04204#2#JBHIGZ010000014.1:28378310-33624751	3611365	3614640	+	3274	1.0	0.9808102345415778	0	1
HG04204_2	HG04204#2	CYP21A2	CYP21	HG04204#2#JBHIGZ010000014.1:28378310-33624751	3611410	3614640	+	3230	1.0	0.9950464396284829	60	1
HG04204_2	HG04204#2	CYP21A2	CYP21	HG04204#2#JBHIGZ010000014.1:28378310-33624751	3585048	3588272	+	3230	0.9984520123839009	0.9777296628518404	0	1
HG04204_2	HG04204#2	TNXA	TNX	HG04204#2#JBHIGZ010000014.1:28378310-33624751	3587782	3592386	-	4604	1.0	0.9967419635099913	20	1
HG04204_2	HG04204#2	TNXA	TNX	HG04204#2#JBHIGZ010000014.1:28378310-33624751	3614150	3618874	-	4604	1.0	0.9709991532599492	0	1
HG04204_2	HG04204#2	TNXB	TNX	HG04204#2#JBHIGZ010000014.1:28378310-33624751	3614148	3682313	-	68186	1.0	0.9983726249120338	60	1
HG04204_2	HG04204#2	WHR1B	WHR1	HG04204#2#JBHIGZ010000014.1:28378310-33624751	3592632	3593150	+	518	1.0	0.9980694980694981	60	1
HG04204_2	HG04204#2	WHR1B	WHR1	HG04204#2#JBHIGZ010000014.1:28378310-33624751	3559892	3560410	+	518	1.0	0.9942084942084942	0	1
HG04228_1	HG04228#1	WHR1	WHR1	HG04228#1#CM088480.1:28407255-33566968	3550607	3560879	+	10272	1.0	1.0	60	1
HG04228_1	HG04228#1	CYP21A1P	CYP21	HG04228#1#CM088480.1:28407255-33566968	3585068	3588342	+	3274	1.0	1.0	60	1
HG04228_1	HG04228#1	CYP21A1P	CYP21	HG04228#1#CM088480.1:28407255-33566968	3617802	3621077	+	3274	1.0	0.9780688394760889	0	1
HG04228_1	HG04228#1	CYP21A2	CYP21	HG04228#1#CM088480.1:28407255-33566968	3617847	3621077	+	3230	1.0	0.9996904024767802	60	1
HG04228_1	HG04228#1	CYP21A2	CYP21	HG04228#1#CM088480.1:28407255-33566968	3585118	3588342	+	3230	0.9984520123839009	0.9780389730900093	0	1
HG04228_1	HG04228#1	TNXA	TNX	HG04228#1#CM088480.1:28407255-33566968	3587852	3592456	-	4604	1.0	0.9995655951346655	60	1
HG04228_1	HG04228#1	TNXA	TNX	HG04228#1#CM088480.1:28407255-33566968	3620587	3625310	-	4604	1.0	0.9701524132091448	0	1
HG04228_1	HG04228#1	TNXB	TNX	HG04228#1#CM088480.1:28407255-33566968	3620585	3688778	-	68186	1.0	0.9997507258277368	60	1
HG04228_1	HG04228#1	WHR1B	WHR1	HG04228#1#CM088480.1:28407255-33566968	3592702	3593220	+	518	1.0	1.0	60	1
HG04228_1	HG04228#1	WHR1B	WHR1	HG04228#1#CM088480.1:28407255-33566968	3559964	3560482	+	518	1.0	0.9942084942084942	0	1
HG04228_2	HG04228#2	WHR1	WHR1	HG04228#2#CM088508.1:28466048-33622943	3549175	3559438	+	10272	1.0	0.9981503115264797	60	1
HG04228_2	HG04228#2	CYP21A1P	CYP21	HG04228#2#CM088508.1:28466048-33622943	3583628	3586902	+	3274	1.0	0.9966401954795358	60	1
HG04228_2	HG04228#2	CYP21A1P	CYP21	HG04228#2#CM088508.1:28466048-33622943	3616362	3619637	+	3274	1.0	0.9780688394760889	0	1
HG04228_2	HG04228#2	CYP21A2	CYP21	HG04228#2#CM088508.1:28466048-33622943	3616407	3619637	+	3230	1.0	0.9975232198142415	60	1
HG04228_2	HG04228#2	CYP21A2	CYP21	HG04228#2#CM088508.1:28466048-33622943	3583678	3586902	+	3230	0.9984520123839009	0.9789669038045159	0	1
HG04228_2	HG04228#2	TNXA	TNX	HG04228#2#CM088508.1:28466048-33622943	3586412	3591016	-	4604	1.0	0.9967419635099913	60	1
HG04228_2	HG04228#2	TNXA	TNX	HG04228#2#CM088508.1:28466048-33622943	3619147	3623870	-	4604	1.0	0.9690939881456393	0	1
HG04228_2	HG04228#2	TNXB	TNX	HG04228#2#CM088508.1:28466048-33622943	3619145	3687411	-	68186	1.0	0.9978176811764017	60	1
HG04228_2	HG04228#2	WHR1B	WHR1	HG04228#2#CM088508.1:28466048-33622943	3591262	3591780	+	518	1.0	0.9961389961389961	60	1
HG04228_2	HG04228#2	WHR1B	WHR1	HG04228#2#CM088508.1:28466048-33622943	3558526	3559041	+	518	1.0	0.9884169884169884	0	1
HG06807_1	HG06807#1	WHR1	WHR1	HG06807#1#CM101400.1:28463683-33619551	3554091	3564362	+	10272	1.0	0.9992211838006231	60	1
HG06807_1	HG06807#1	CYP21A1P	CYP21	HG06807#1#CM101400.1:28463683-33619551	3588553	3591827	+	3274	1.0	0.998167379352474	60	1
HG06807_1	HG06807#1	CYP21A1P	CYP21	HG06807#1#CM101400.1:28463683-33619551	3614920	3618195	+	3274	1.0	0.9805056350898569	0	1
HG06807_1	HG06807#1	CYP21A2	CYP21	HG06807#1#CM101400.1:28463683-33619551	3614965	3618195	+	3230	1.0	0.9953560371517027	60	1
HG06807_1	HG06807#1	CYP21A2	CYP21	HG06807#1#CM101400.1:28463683-33619551	3588603	3591827	+	3230	0.9984520123839009	0.9780389730900093	0	1
HG06807_1	HG06807#1	TNXA	TNX	HG06807#1#CM101400.1:28463683-33619551	3591337	3595941	-	4604	1.0	0.9963075586446568	4	1
HG06807_1	HG06807#1	TNXA	TNX	HG06807#1#CM101400.1:28463683-33619551	3617705	3622429	-	4604	1.0	0.9709991532599492	0	1
HG06807_1	HG06807#1	TNXB	TNX	HG06807#1#CM101400.1:28463683-33619551	3617703	3685873	-	68186	1.0	0.9982994194569871	60	1
HG06807_1	HG06807#1	WHR1B	WHR1	HG06807#1#CM101400.1:28463683-33619551	3563447	3563965	+	518	1.0	0.9980694980694981	0	1
HG06807_1	HG06807#1	WHR1B	WHR1	HG06807#1#CM101400.1:28463683-33619551	3596187	3596705	+	518	1.0	0.9980694980694981	0	1
HG06807_2	HG06807#2	WHR1	WHR1	HG06807#2#CM101434.1:28441503-33631596	3621105	3631378	+	10272	1.0	0.9998053149031442	60	1
HG06807_2	HG06807#2	CYP21A1P	CYP21	HG06807#2#CM101434.1:28441503-33631596	3649196	3652471	+	3274	1.0	0.9762412427657631	60	1
HG06807_2	HG06807#2	CYP21A2	CYP21	HG06807#2#CM101434.1:28441503-33631596	3649241	3652471	+	3230	1.0	0.9981424148606811	60	1
HG06807_2	HG06807#2	TNXA	TNX	HG06807#2#CM101434.1:28441503-33631596	3651981	3656704	-	4604	1.0	0.9688823031329382	60	1
HG06807_2	HG06807#2	TNXB	TNX	HG06807#2#CM101434.1:28441503-33631596	3651979	3720169	-	68186	1.0	0.9991789097093927	60	1
HG06807_2	HG06807#2	WHR1B	WHR1	HG06807#2#CM101434.1:28441503-33631596	3630463	3630981	+	518	1.0	0.9942084942084942	60	1
HIFI032007D_1	HIFI032007D#1	WHR1	WHR1	HIFI032007D#1#h1tg000073l_0_0:608286-5760441_rc	3546287	3556558	+	10272	1.0	0.9989292319672929	60	1
HIFI032007D_1	HIFI032007D#1	CYP21A1P	CYP21	HIFI032007D#1#h1tg000073l_0_0:608286-5760441_rc	3613485	3616759	+	3274	1.0	0.9987782529016493	0	1
HIFI032007D_1	HIFI032007D#1	CYP21A1P	CYP21	HIFI032007D#1#h1tg000073l_0_0:608286-5760441_rc	3580747	3584021	+	3274	1.0	0.9987782529016493	0	1
HIFI032007D_1	HIFI032007D#1	CYP21A1P	CYP21	HIFI032007D#1#h1tg000073l_0_0:608286-5760441_rc	3639852	3643126	+	3274	1.0	0.9768433881779403	0	1
HIFI032007D_1	HIFI032007D#1	CYP21A2	CYP21	HIFI032007D#1#h1tg000073l_0_0:608286-5760441_rc	3639897	3643126	+	3230	1.0	0.9981424148606811	60	1
HIFI032007D_1	HIFI032007D#1	CYP21A2	CYP21	HIFI032007D#1#h1tg000073l_0_0:608286-5760441_rc	3613535	3616759	+	3230	0.9984520123839009	0.9780389730900093	0	1
HIFI032007D_1	HIFI032007D#1	CYP21A2	CYP21	HIFI032007D#1#h1tg000073l_0_0:608286-5760441_rc	3580797	3584021	+	3230	0.9984520123839009	0.9780389730900093	0	1
HIFI032007D_1	HIFI032007D#1	TNXA	TNX	HIFI032007D#1#h1tg000073l_0_0:608286-5760441_rc	3616269	3620873	-	4604	1.0	0.9963075586446568	4	1
HIFI032007D_1	HIFI032007D#1	TNXA	TNX	HIFI032007D#1#h1tg000073l_0_0:608286-5760441_rc	3583531	3588135	-	4604	1.0	0.9960903562119896	0	1
HIFI032007D_1	HIFI032007D#1	TNXA	TNX	HIFI032007D#1#h1tg000073l_0_0:608286-5760441_rc	3642636	3647359	-	4604	1.0	0.9699407281964437	0	1
HIFI032007D_1	HIFI032007D#1	TNXB	TNX	HIFI032007D#1#h1tg000073l_0_0:608286-5760441_rc	3642634	3710822	-	68186	1.0	0.9993255131964809	60	1
HIFI032007D_1	HIFI032007D#1	WHR1B	WHR1	HIFI032007D#1#h1tg000073l_0_0:608286-5760441_rc	3621119	3621637	+	518	1.0	0.9980694980694981	0	1
HIFI032007D_1	HIFI032007D#1	WHR1B	WHR1	HIFI032007D#1#h1tg000073l_0_0:608286-5760441_rc	3588381	3588899	+	518	1.0	0.9980694980694981	0	1
HIFI032007D_1	HIFI032007D#1	WHR1B	WHR1	HIFI032007D#1#h1tg000073l_0_0:608286-5760441_rc	3555643	3556161	+	518	1.0	0.9922779922779923	0	1
HIFI032007D_2	HIFI032007D#2	WHR1	WHR1	HIFI032007D#2#h2tg000247l_0_0:103-3580565_rc	3551839	3562106	+	10272	1.0	0.9983451766767254	60	1
HIFI032007D_2	HIFI032007D#2	CYP21A1P	CYP21	HIFI032007D#2#h2tg000455l_0_0:608118-2144059_rc	24036	27311	+	3274	1.0	0.976545842217484	60	1
HIFI032007D_2	HIFI032007D#2	CYP21A1P	CYP21	HIFI032007D#2#h2tg000455l_0_0:608118-2144059_rc	0	943	+	3274	0.2880268784361637	0.9978791092258749	0	0
HIFI032007D_2	HIFI032007D#2	CYP21A2	CYP21	HIFI032007D#2#h2tg000455l_0_0:608118-2144059_rc	24081	27311	+	3230	1.0	0.9969040247678018	60	1
HIFI032007D_2	HIFI032007D#2	CYP21A2	CYP21	HIFI032007D#2#h2tg000455l_0_0:608118-2144059_rc	0	943	+	3230	0.2919504643962848	0.9904559915164369	0	0
HIFI032007D_2	HIFI032007D#2	TNXA	TNX	HIFI032007D#2#h2tg000455l_0_0:608118-2144059_rc	453	5057	-	4604	1.0	0.9963075586446568	60	1
HIFI032007D_2	HIFI032007D#2	TNXA	TNX	HIFI032007D#2#h2tg000455l_0_0:608118-2144059_rc	26821	31545	-	4604	1.0	0.9686706181202371	0	1
HIFI032007D_2	HIFI032007D#2	TNXB	TNX	HIFI032007D#2#h2tg000455l_0_0:608118-2144059_rc	26819	94982	-	68186	1.0	0.9982112748332234	60	1
HIFI032007D_2	HIFI032007D#2	WHR1B	WHR1	HIFI032007D#2#h2tg000455l_0_0:608118-2144059_rc	5303	5821	+	518	1.0	0.9980694980694981	60	1
HIFI032007D_2	HIFI032007D#2	WHR1B	WHR1	HIFI032007D#2#h2tg000247l_0_0:103-3580565_rc	3561191	3561709	+	518	1.0	0.9942084942084942	0	1
HIFI032018D_1	HIFI032018D#1	WHR1	WHR1	HIFI032018D#1#h1tg000037l_0_0:304267-5382862	3506272	3516542	+	10272	1.0	0.998831889418865	60	1
HIFI032018D_1	HIFI032018D#1	CYP21A1P	CYP21	HIFI032018D#1#h1tg000037l_0_0:304267-5382862	3540731	3544005	+	3274	1.0	0.9984728161270617	60	1
HIFI032018D_1	HIFI032018D#1	CYP21A1P	CYP21	HIFI032018D#1#h1tg000037l_0_0:304267-5382862	3567098	3570372	+	3274	1.0	0.9768433881779403	0	1
HIFI032018D_1	HIFI032018D#1	CYP21A2	CYP21	HIFI032018D#1#h1tg000037l_0_0:304267-5382862	3567143	3570372	+	3230	1.0	0.9981424148606811	60	1
HIFI032018D_1	HIFI032018D#1	CYP21A2	CYP21	HIFI032018D#1#h1tg000037l_0_0:304267-5382862	3540781	3544005	+	3230	0.9984520123839009	0.9783482833281781	0	1
HIFI032018D_1	HIFI032018D#1	TNXA	TNX	HIFI032018D#1#h1tg000037l_0_0:304267-5382862	3543515	3548119	-	4604	1.0	0.996524761077324	19	1
HIFI032018D_1	HIFI032018D#1	TNXA	TNX	HIFI032018D#1#h1tg000037l_0_0:304267-5382862	3569882	3574605	-	4604	1.0	0.970575783234547	0	1
HIFI032018D_1	HIFI032018D#1	TNXB	TNX	HIFI032018D#1#h1tg000037l_0_0:304267-5382862	3569880	3638066	-	68186	1.0	0.9993108403349023	60	1
HIFI032018D_1	HIFI032018D#1	WHR1B	WHR1	HIFI032018D#1#h1tg000037l_0_0:304267-5382862	3548365	3548883	+	518	1.0	0.9980694980694981	60	1
HIFI032018D_1	HIFI032018D#1	WHR1B	WHR1	HIFI032018D#1#h1tg000037l_0_0:304267-5382862	3515627	3516145	+	518	1.0	0.9922779922779923	0	1
HIFI032018D_2	HIFI032018D#2	WHR1	WHR1	HIFI032018D#2#h2tg000056l_0_0:307668-5563326	3553254	3563520	+	10272	1.0	0.9982478341282974	60	1
HIFI032018D_2	HIFI032018D#2	CYP21A1P	CYP21	HIFI032018D#2#h2tg000056l_0_0:307668-5563326	3587709	3590982	+	3274	1.0	0.9972510690287111	60	1
HIFI032018D_2	HIFI032018D#2	CYP21A1P	CYP21	HIFI032018D#2#h2tg000056l_0_0:307668-5563326	3614075	3617350	+	3274	1.0	0.976850441669205	0	1
HIFI032018D_2	HIFI032018D#2	CYP21A2	CYP21	HIFI032018D#2#h2tg000056l_0_0:307668-5563326	3614120	3617350	+	3230	1.0	0.996594427244582	60	1
HIFI032018D_2	HIFI032018D#2	CYP21A2	CYP21	HIFI032018D#2#h2tg000056l_0_0:307668-5563326	3587759	3590982	+	3230	0.9984520123839009	0.9771110423755026	0	1
HIFI032018D_2	HIFI032018D#2	TNXA	TNX	HIFI032018D#2#h2tg000056l_0_0:307668-5563326	3590492	3595096	-	4604	1.0	0.9963075586446568	58	1
HIFI032018D_2	HIFI032018D#2	TNXA	TNX	HIFI032018D#2#h2tg000056l_0_0:307668-5563326	3616860	3621584	-	4604	1.0	0.9688823031329382	0	1
HIFI032018D_2	HIFI032018D#2	TNXB	TNX	HIFI032018D#2#h2tg000056l_0_0:307668-5563326	3616858	3685016	-	68186	1.0	0.998152601020468	60	1
HIFI032018D_2	HIFI032018D#2	WHR1B	WHR1	HIFI032018D#2#h2tg000056l_0_0:307668-5563326	3562605	3563123	+	518	1.0	0.9942084942084942	0	1
HIFI032018D_2	HIFI032018D#2	WHR1B	WHR1	HIFI032018D#2#h2tg000056l_0_0:307668-5563326	3595342	3595860	+	518	1.0	0.9942084942084942	0	1
HIFI032069D_1	HIFI032069D#1	WHR1	WHR1	HIFI032069D#1#h1tg000026l_0_0:610788-5743677_rc	3560640	3570912	+	10272	1.0	0.9995132398753894	60	1
HIFI032069D_1	HIFI032069D#1	CYP21A1P	CYP21	HIFI032069D#1#h1tg000026l_0_0:610788-5743677_rc	3595100	3598374	+	3274	1.0	0.9969456322541234	60	1
HIFI032069D_1	HIFI032069D#1	CYP21A1P	CYP21	HIFI032069D#1#h1tg000026l_0_0:610788-5743677_rc	3621467	3624742	+	3274	1.0	0.977155041120926	0	1
HIFI032069D_1	HIFI032069D#1	CYP21A2	CYP21	HIFI032069D#1#h1tg000026l_0_0:610788-5743677_rc	3621512	3624742	+	3230	1.0	0.9975232198142415	60	1
HIFI032069D_1	HIFI032069D#1	CYP21A2	CYP21	HIFI032069D#1#h1tg000026l_0_0:610788-5743677_rc	3595150	3598374	+	3230	0.9984520123839009	0.9786575935663471	0	1
HIFI032069D_1	HIFI032069D#1	TNXA	TNX	HIFI032069D#1#h1tg000026l_0_0:610788-5743677_rc	3597884	3602488	-	4604	1.0	0.998262380538662	60	1
HIFI032069D_1	HIFI032069D#1	TNXA	TNX	HIFI032069D#1#h1tg000026l_0_0:610788-5743677_rc	3624252	3628975	-	4604	1.0	0.9701524132091448	0	1
HIFI032069D_1	HIFI032069D#1	TNXB	TNX	HIFI032069D#1#h1tg000026l_0_0:610788-5743677_rc	3624250	3692462	-	68186	1.0	0.9990618724439688	60	1
HIFI032069D_1	HIFI032069D#1	WHR1B	WHR1	HIFI032069D#1#h1tg000026l_0_0:610788-5743677_rc	3602734	3603252	+	518	1.0	0.9980694980694981	34	1
HIFI032069D_1	HIFI032069D#1	WHR1B	WHR1	HIFI032069D#1#h1tg000026l_0_0:610788-5743677_rc	3569997	3570515	+	518	1.0	0.9961389961389961	0	1
HIFI032069D_2	HIFI032069D#2	WHR1	WHR1	HIFI032069D#2#h2tg000171l_0_0:608783-5720475_rc	3455971	3466234	+	10272	1.0	0.9981503115264797	60	1
HIFI032069D_2	HIFI032069D#2	CYP21A1P	CYP21	HIFI032069D#2#h2tg000171l_0_0:608783-5720475_rc	3516795	3520069	+	3274	1.0	0.9969456322541234	6	1
HIFI032069D_2	HIFI032069D#2	CYP21A1P	CYP21	HIFI032069D#2#h2tg000171l_0_0:608783-5720475_rc	3490424	3493698	+	3274	1.0	0.9966401954795358	0	1
HIFI032069D_2	HIFI032069D#2	CYP21A1P	CYP21	HIFI032069D#2#h2tg000171l_0_0:608783-5720475_rc	3549529	3552804	+	3274	1.0	0.9780688394760889	0	1
HIFI032069D_2	HIFI032069D#2	CYP21A2	CYP21	HIFI032069D#2#h2tg000171l_0_0:608783-5720475_rc	3549574	3552804	+	3230	1.0	0.9975232198142415	60	1
HIFI032069D_2	HIFI032069D#2	CYP21A2	CYP21	HIFI032069D#2#h2tg000171l_0_0:608783-5720475_rc	3490474	3493698	+	3230	0.9984520123839009	0.9789669038045159	0	1
HIFI032069D_2	HIFI032069D#2	CYP21A2	CYP21	HIFI032069D#2#h2tg000171l_0_0:608783-5720475_rc	3516845	3520069	+	3230	0.9984520123839009	0.9786575935663471	0	1
HIFI032069D_2	HIFI032069D#2	TNXA	TNX	HIFI032069D#2#h2tg000171l_0_0:608783-5720475_rc	3519579	3524183	-	4604	1.0	0.9971763683753258	16	1
HIFI032069D_2	HIFI032069D#2	TNXA	TNX	HIFI032069D#2#h2tg000171l_0_0:608783-5720475_rc	3493208	3497812	-	4604	1.0	0.996524761077324	0	1
HIFI032069D_2	HIFI032069D#2	TNXA	TNX	HIFI032069D#2#h2tg000171l_0_0:608783-5720475_rc	3552314	3557037	-	4604	1.0	0.9690939881456393	0	1
HIFI032069D_2	HIFI032069D#2	TNXB	TNX	HIFI032069D#2#h2tg000171l_0_0:608783-5720475_rc	3552312	3620570	-	68186	1.0	0.9977297360635088	60	1
HIFI032069D_2	HIFI032069D#2	WHR1B	WHR1	HIFI032069D#2#h2tg000171l_0_0:608783-5720475_rc	3498058	3498576	+	518	1.0	0.9961389961389961	0	1
HIFI032069D_2	HIFI032069D#2	WHR1B	WHR1	HIFI032069D#2#h2tg000171l_0_0:608783-5720475_rc	3524429	3524947	+	518	1.0	0.9961389961389961	0	1
HIFI032069D_2	HIFI032069D#2	WHR1B	WHR1	HIFI032069D#2#h2tg000171l_0_0:608783-5720475_rc	3465322	3465837	+	518	1.0	0.9884169884169884	0	1
HIFI032097D_1	HIFI032097D#1	WHR1	WHR1	HIFI032097D#1#h1tg000023l_0_0:611330-5798061_rc	3608917	3619189	+	10272	1.0	0.9993186021610045	60	1
HIFI032097D_1	HIFI032097D#1	CYP21A1P	CYP21	HIFI032097D#1#h1tg000023l_0_0:611330-5798061_rc	3643378	3646651	+	3274	1.0	0.996334758704948	60	1
HIFI032097D_1	HIFI032097D#1	CYP21A1P	CYP21	HIFI032097D#1#h1tg000023l_0_0:611330-5798061_rc	3669744	3673017	+	3274	1.0	0.9771480804387569	0	1
HIFI032097D_1	HIFI032097D#1	CYP21A2	CYP21	HIFI032097D#1#h1tg000023l_0_0:611330-5798061_rc	3669789	3673017	+	3230	1.0	0.9984520123839009	60	1
HIFI032097D_1	HIFI032097D#1	CYP21A2	CYP21	HIFI032097D#1#h1tg000023l_0_0:611330-5798061_rc	3643428	3646651	+	3230	0.9984520123839009	0.979269801980198	0	1
HIFI032097D_1	HIFI032097D#1	TNXA	TNX	HIFI032097D#1#h1tg000023l_0_0:611330-5798061_rc	3646161	3650765	-	4604	1.0	0.9976107732406603	60	1
HIFI032097D_1	HIFI032097D#1	TNXA	TNX	HIFI032097D#1#h1tg000023l_0_0:611330-5798061_rc	3672527	3677250	-	4604	1.0	0.9690939881456393	0	1
HIFI032097D_1	HIFI032097D#1	TNXB	TNX	HIFI032097D#1#h1tg000023l_0_0:611330-5798061_rc	3672525	3740703	-	68186	1.0	0.999237480753721	60	1
HIFI032097D_1	HIFI032097D#1	WHR1B	WHR1	HIFI032097D#1#h1tg000023l_0_0:611330-5798061_rc	3651011	3651529	+	518	1.0	0.9980694980694981	34	1
HIFI032097D_1	HIFI032097D#1	WHR1B	WHR1	HIFI032097D#1#h1tg000023l_0_0:611330-5798061_rc	3618274	3618792	+	518	1.0	0.9961389961389961	0	1
HIFI032097D_2	HIFI032097D#2	WHR1	WHR1	HIFI032097D#2#h2tg000077l_0_0:609524-5764255_rc	3552990	3563261	+	10272	1.0	0.9992211838006231	60	1
HIFI032097D_2	HIFI032097D#2	CYP21A1P	CYP21	HIFI032097D#2#h2tg000077l_0_0:609524-5764255_rc	3587448	3590722	+	3274	1.0	0.9771480804387569	0	1
HIFI032097D_2	HIFI032097D#2	CYP21A1P	CYP21	HIFI032097D#2#h2tg000077l_0_0:609524-5764255_rc	3613936	3617210	+	3274	1.0	0.9771480804387569	0	1
HIFI032097D_2	HIFI032097D#2	CYP21A2	CYP21	HIFI032097D#2#h2tg000077l_0_0:609524-5764255_rc	3587493	3590722	+	3230	1.0	0.9981424148606811	0	1
HIFI032097D_2	HIFI032097D#2	CYP21A2	CYP21	HIFI032097D#2#h2tg000077l_0_0:609524-5764255_rc	3613981	3617210	+	3230	1.0	0.9981424148606811	0	1
HIFI032097D_2	HIFI032097D#2	TNXA	TNX	HIFI032097D#2#h2tg000077l_0_0:609524-5764255_rc	3590232	3594955	-	4604	1.0	0.9703640982218459	6	1
HIFI032097D_2	HIFI032097D#2	TNXA	TNX	HIFI032097D#2#h2tg000077l_0_0:609524-5764255_rc	3616720	3621443	-	4604	1.0	0.9701524132091448	0	1
HIFI032097D_2	HIFI032097D#2	TNXB	TNX	HIFI032097D#2#h2tg000077l_0_0:609524-5764255_rc	3616718	3684880	-	68186	1.0	0.998856338523797	60	1
HIFI032097D_2	HIFI032097D#2	WHR1B	WHR1	HIFI032097D#2#h2tg000077l_0_0:609524-5764255_rc	3595201	3595719	+	518	1.0	0.9980694980694981	60	1
HIFI032097D_2	HIFI032097D#2	WHR1B	WHR1	HIFI032097D#2#h2tg000077l_0_0:609524-5764255_rc	3562346	3562864	+	518	1.0	0.9942084942084942	0	1
HIFI032103D_1	HIFI032103D#1	WHR1	WHR1	HIFI032103D#1#h1tg000059l_0_0:611631-3016887_rc	815095	825366	+	10272	1.0	0.9997079439252337	60	1
HIFI032103D_1	HIFI032103D#1	CYP21A1P	CYP21	HIFI032103D#1#h1tg000059l_0_0:611631-3016887_rc	849554	852827	+	3274	1.0	0.9978619425778864	60	1
HIFI032103D_1	HIFI032103D#1	CYP21A1P	CYP21	HIFI032103D#1#h1tg000059l_0_0:611631-3016887_rc	875915	879189	+	3274	1.0	0.9780621572212066	0	1
HIFI032103D_1	HIFI032103D#1	CYP21A2	CYP21	HIFI032103D#1#h1tg000059l_0_0:611631-3016887_rc	875960	879189	+	3230	1.0	0.9972136222910216	60	1
HIFI032103D_1	HIFI032103D#1	CYP21A2	CYP21	HIFI032103D#1#h1tg000059l_0_0:611631-3016887_rc	849599	852827	+	3230	1.0	0.9774552192711551	0	1
HIFI032103D_1	HIFI032103D#1	TNXA	TNX	HIFI032103D#1#h1tg000059l_0_0:611631-3016887_rc	852337	856941	-	4604	1.0	0.9978279756733276	60	1
HIFI032103D_1	HIFI032103D#1	TNXA	TNX	HIFI032103D#1#h1tg000059l_0_0:611631-3016887_rc	878699	883422	-	4604	1.0	0.9701524132091448	0	1
HIFI032103D_1	HIFI032103D#1	TNXB	TNX	HIFI032103D#1#h1tg000059l_0_0:611631-3016887_rc	878697	946888	-	68186	1.0	0.9988564894225271	60	1
HIFI032103D_1	HIFI032103D#1	WHR1B	WHR1	HIFI032103D#1#h1tg000059l_0_0:611631-3016887_rc	857187	857705	+	518	1.0	0.9961389961389961	43	1
HIFI032103D_1	HIFI032103D#1	WHR1B	WHR1	HIFI032103D#1#h1tg000059l_0_0:611631-3016887_rc	824451	824969	+	518	1.0	0.9942084942084942	0	1
HIFI032103D_2	HIFI032103D#2	WHR1	WHR1	HIFI032103D#2#h2tg000045l_0_0:303195-5607722	3618789	3629052	+	10272	1.0	0.9980531490314416	60	1
HIFI032103D_2	HIFI032103D#2	CYP21A1P	CYP21	HIFI032103D#2#h2tg000045l_0_0:303195-5607722	3653241	3656515	+	3274	1.0	0.9969456322541234	60	1
HIFI032103D_2	HIFI032103D#2	CYP21A1P	CYP21	HIFI032103D#2#h2tg000045l_0_0:303195-5607722	3679608	3682883	+	3274	1.0	0.977459640572647	0	1
HIFI032103D_2	HIFI032103D#2	CYP21A2	CYP21	HIFI032103D#2#h2tg000045l_0_0:303195-5607722	3679653	3682883	+	3230	1.0	0.9975232198142415	60	1
HIFI032103D_2	HIFI032103D#2	CYP21A2	CYP21	HIFI032103D#2#h2tg000045l_0_0:303195-5607722	3653291	3656515	+	3230	0.9984520123839009	0.9786575935663471	0	1
HIFI032103D_2	HIFI032103D#2	TNXA	TNX	HIFI032103D#2#h2tg000045l_0_0:303195-5607722	3656025	3660629	-	4604	1.0	0.996524761077324	53	1
HIFI032103D_2	HIFI032103D#2	TNXA	TNX	HIFI032103D#2#h2tg000045l_0_0:303195-5607722	3682393	3687116	-	4604	1.0	0.9693056731583404	0	1
HIFI032103D_2	HIFI032103D#2	TNXB	TNX	HIFI032103D#2#h2tg000045l_0_0:303195-5607722	3682391	3750576	-	68186	1.0	0.9990028740688603	60	1
HIFI032103D_2	HIFI032103D#2	WHR1B	WHR1	HIFI032103D#2#h2tg000045l_0_0:303195-5607722	3660875	3661393	+	518	1.0	0.9961389961389961	60	1
HIFI032103D_2	HIFI032103D#2	WHR1B	WHR1	HIFI032103D#2#h2tg000045l_0_0:303195-5607722	3628140	3628655	+	518	1.0	0.9884169884169884	0	1
HIFI032161D_1	HIFI032161D#1	WHR1	WHR1	HIFI032161D#1#h1tg000029l_0_0:607863-5752234_rc	3564073	3574345	+	10272	1.0	0.9991239170641487	60	1
HIFI032161D_1	HIFI032161D#1	CYP21A1P	CYP21	HIFI032161D#1#h1tg000029l_0_0:607863-5752234_rc	3598535	3601809	+	3274	1.0	0.998167379352474	60	1
HIFI032161D_1	HIFI032161D#1	CYP21A1P	CYP21	HIFI032161D#1#h1tg000029l_0_0:607863-5752234_rc	3631270	3634541	+	3274	1.0	0.9780621572212066	0	1
HIFI032161D_1	HIFI032161D#1	CYP21A2	CYP21	HIFI032161D#1#h1tg000029l_0_0:607863-5752234_rc	3631315	3634541	+	3230	1.0	0.9962848297213622	60	1
HIFI032161D_1	HIFI032161D#1	CYP21A2	CYP21	HIFI032161D#1#h1tg000029l_0_0:607863-5752234_rc	3598585	3601809	+	3230	0.9984520123839009	0.9780389730900093	0	1
HIFI032161D_1	HIFI032161D#1	TNXA	TNX	HIFI032161D#1#h1tg000029l_0_0:607863-5752234_rc	3601319	3605923	-	4604	1.0	0.998262380538662	60	1
HIFI032161D_1	HIFI032161D#1	TNXA	TNX	HIFI032161D#1#h1tg000029l_0_0:607863-5752234_rc	3634051	3638774	-	4604	1.0	0.9688823031329382	0	1
HIFI032161D_1	HIFI032161D#1	TNXB	TNX	HIFI032161D#1#h1tg000029l_0_0:607863-5752234_rc	3634049	3702231	-	68186	1.0	0.9986951677222613	60	1
HIFI032161D_1	HIFI032161D#1	WHR1B	WHR1	HIFI032161D#1#h1tg000029l_0_0:607863-5752234_rc	3606169	3606687	+	518	1.0	0.9980694980694981	60	1
HIFI032161D_1	HIFI032161D#1	WHR1B	WHR1	HIFI032161D#1#h1tg000029l_0_0:607863-5752234_rc	3573430	3573948	+	518	1.0	0.9942084942084942	0	1
HIFI032161D_2	HIFI032161D#2	WHR1	WHR1	HIFI032161D#2#h2tg000024l_0_0:611651-5758120_rc	3560773	3571045	+	10272	1.0	0.9991239170641487	60	1
HIFI032161D_2	HIFI032161D#2	CYP21A1P	CYP21	HIFI032161D#2#h2tg000024l_0_0:611651-5758120_rc	3595235	3598509	+	3274	1.0	0.998167379352474	60	1
HIFI032161D_2	HIFI032161D#2	CYP21A1P	CYP21	HIFI032161D#2#h2tg000024l_0_0:611651-5758120_rc	3627970	3631242	+	3274	1.0	0.9777642400243679	0	1
HIFI032161D_2	HIFI032161D#2	CYP21A2	CYP21	HIFI032161D#2#h2tg000024l_0_0:611651-5758120_rc	3628015	3631242	+	3230	1.0	0.996594427244582	60	1
HIFI032161D_2	HIFI032161D#2	CYP21A2	CYP21	HIFI032161D#2#h2tg000024l_0_0:611651-5758120_rc	3595285	3598509	+	3230	0.9984520123839009	0.9780389730900093	0	1
HIFI032161D_2	HIFI032161D#2	TNXA	TNX	HIFI032161D#2#h2tg000024l_0_0:611651-5758120_rc	3598019	3602623	-	4604	1.0	0.9980451781059948	60	1
HIFI032161D_2	HIFI032161D#2	TNXA	TNX	HIFI032161D#2#h2tg000024l_0_0:611651-5758120_rc	3630752	3635475	-	4604	1.0	0.9693056731583404	0	1
HIFI032161D_2	HIFI032161D#2	TNXB	TNX	HIFI032161D#2#h2tg000024l_0_0:611651-5758120_rc	3630750	3698932	-	68186	1.0	0.9986511846117757	60	1
HIFI032161D_2	HIFI032161D#2	WHR1B	WHR1	HIFI032161D#2#h2tg000024l_0_0:611651-5758120_rc	3602869	3603387	+	518	1.0	0.9980694980694981	60	1
HIFI032161D_2	HIFI032161D#2	WHR1B	WHR1	HIFI032161D#2#h2tg000024l_0_0:611651-5758120_rc	3570130	3570648	+	518	1.0	0.9942084942084942	0	1
HIFI032164D_1	HIFI032164D#1	WHR1	WHR1	HIFI032164D#1#h1tg000126l_0_0:607871-5767484_rc	3558487	3568758	+	10272	1.0	0.9998052959501558	17	1
HIFI032164D_1	HIFI032164D#1	WHR1	WHR1	HIFI032164D#1#h1tg000471l_0_0:107-368990_rc	192188	202461	+	10272	1.0	0.9990266692622153	0	1
HIFI032164D_1	HIFI032164D#1	CYP21A1P	CYP21	HIFI032164D#1#h1tg000471l_0_0:107-368990_rc	259388	262662	+	3274	1.0	0.998167379352474	0	1
HIFI032164D_1	HIFI032164D#1	CYP21A1P	CYP21	HIFI032164D#1#h1tg000471l_0_0:107-368990_rc	226650	229924	+	3274	1.0	0.998167379352474	0	1
HIFI032164D_1	HIFI032164D#1	CYP21A1P	CYP21	HIFI032164D#1#h1tg000126l_0_0:607871-5767484_rc	3592946	3596219	+	3274	1.0	0.9978619425778864	0	1
HIFI032164D_1	HIFI032164D#1	CYP21A1P	CYP21	HIFI032164D#1#h1tg000471l_0_0:107-368990_rc	292123	295395	+	3274	1.0	0.9777642400243679	0	1
HIFI032164D_1	HIFI032164D#1	CYP21A1P	CYP21	HIFI032164D#1#h1tg000126l_0_0:607871-5767484_rc	3619307	3622581	+	3274	1.0	0.9771480804387569	0	1
HIFI032164D_1	HIFI032164D#1	CYP21A2	CYP21	HIFI032164D#1#h1tg000126l_0_0:607871-5767484_rc	3619352	3622581	+	3230	1.0	0.9981424148606811	30	1
HIFI032164D_1	HIFI032164D#1	CYP21A2	CYP21	HIFI032164D#1#h1tg000471l_0_0:107-368990_rc	292168	295395	+	3230	1.0	0.9962848297213622	0	1
HIFI032164D_1	HIFI032164D#1	CYP21A2	CYP21	HIFI032164D#1#h1tg000471l_0_0:107-368990_rc	226700	229924	+	3230	0.9984520123839009	0.9780389730900093	0	1
HIFI032164D_1	HIFI032164D#1	CYP21A2	CYP21	HIFI032164D#1#h1tg000471l_0_0:107-368990_rc	259438	262662	+	3230	0.9984520123839009	0.9780389730900093	0	1
HIFI032164D_1	HIFI032164D#1	CYP21A2	CYP21	HIFI032164D#1#h1tg000126l_0_0:607871-5767484_rc	3592991	3596219	+	3230	1.0	0.9774552192711551	0	1
HIFI032164D_1	HIFI032164D#1	TNXA	TNX	HIFI032164D#1#h1tg000471l_0_0:107-368990_rc	229434	234038	-	4604	1.0	0.9978279756733276	0	1
HIFI032164D_1	HIFI032164D#1	TNXA	TNX	HIFI032164D#1#h1tg000471l_0_0:107-368990_rc	262172	266776	-	4604	1.0	0.9978279756733276	0	1
HIFI032164D_1	HIFI032164D#1	TNXA	TNX	HIFI032164D#1#h1tg000126l_0_0:607871-5767484_rc	3595729	3600333	-	4604	1.0	0.9978279756733276	0	1
HIFI032164D_1	HIFI032164D#1	TNXA	TNX	HIFI032164D#1#h1tg000126l_0_0:607871-5767484_rc	3622091	3626814	-	4604	1.0	0.9695173581710415	0	1
HIFI032164D_1	HIFI032164D#1	TNXA	TNX	HIFI032164D#1#h1tg000471l_0_0:107-368990_rc	294905	299628	-	4604	1.0	0.9686706181202371	0	1
HIFI032164D_1	HIFI032164D#1	TNXB	TNX	HIFI032164D#1#h1tg000126l_0_0:607871-5767484_rc	3622089	3690284	-	68186	1.0	0.9987832588140438	7	1
HIFI032164D_1	HIFI032164D#1	TNXB	TNX	HIFI032164D#1#h1tg000471l_0_0:107-368990_rc	294903	363095	-	68186	1.0	0.9985194523439561	0	1
HIFI032164D_1	HIFI032164D#1	WHR1B	WHR1	HIFI032164D#1#h1tg000471l_0_0:107-368990_rc	234284	234802	+	518	1.0	0.9980694980694981	0	1
HIFI032164D_1	HIFI032164D#1	WHR1B	WHR1	HIFI032164D#1#h1tg000471l_0_0:107-368990_rc	267022	267540	+	518	1.0	0.9980694980694981	0	1
HIFI032164D_1	HIFI032164D#1	WHR1B	WHR1	HIFI032164D#1#h1tg000126l_0_0:607871-5767484_rc	3600579	3601097	+	518	1.0	0.9961389961389961	0	1
HIFI032164D_1	HIFI032164D#1	WHR1B	WHR1	HIFI032164D#1#h1tg000126l_0_0:607871-5767484_rc	3567843	3568361	+	518	1.0	0.9942084942084942	0	1
HIFI032164D_1	HIFI032164D#1	WHR1B	WHR1	HIFI032164D#1#h1tg000471l_0_0:107-368990_rc	201546	202064	+	518	1.0	0.9942084942084942	0	1
HIFI032164D_2	HIFI032164D#2	WHR1	WHR1	HIFI032164D#2#h2tg000476l_0_0:107-368968_rc	192191	202464	+	10272	1.0	0.9990266692622153	60	1
HIFI032164D_2	HIFI032164D#2	CYP21A1P	CYP21	HIFI032164D#2#h2tg000476l_0_0:107-368968_rc	259391	262665	+	3274	1.0	0.998167379352474	0	1
HIFI032164D_2	HIFI032164D#2	CYP21A1P	CYP21	HIFI032164D#2#h2tg000476l_0_0:107-368968_rc	226653	229927	+	3274	1.0	0.998167379352474	0	1
HIFI032164D_2	HIFI032164D#2	CYP21A1P	CYP21	HIFI032164D#2#h2tg000476l_0_0:107-368968_rc	292126	295398	+	3274	1.0	0.9777642400243679	0	1
HIFI032164D_2	HIFI032164D#2	CYP21A2	CYP21	HIFI032164D#2#h2tg000476l_0_0:107-368968_rc	292171	295398	+	3230	1.0	0.9962848297213622	60	1
HIFI032164D_2	HIFI032164D#2	CYP21A2	CYP21	HIFI032164D#2#h2tg000476l_0_0:107-368968_rc	259441	262665	+	3230	0.9984520123839009	0.9780389730900093	0	1
HIFI032164D_2	HIFI032164D#2	CYP21A2	CYP21	HIFI032164D#2#h2tg000476l_0_0:107-368968_rc	226703	229927	+	3230	0.9984520123839009	0.9780389730900093	0	1
HIFI032164D_2	HIFI032164D#2	TNXA	TNX	HIFI032164D#2#h2tg000476l_0_0:107-368968_rc	229437	234041	-	4604	1.0	0.9978279756733276	0	1
HIFI032164D_2	HIFI032164D#2	TNXA	TNX	HIFI032164D#2#h2tg000476l_0_0:107-368968_rc	262175	266779	-	4604	1.0	0.9978279756733276	0	1
HIFI032164D_2	HIFI032164D#2	TNXA	TNX	HIFI032164D#2#h2tg000476l_0_0:107-368968_rc	294908	299631	-	4604	1.0	0.9686706181202371	0	1
HIFI032164D_2	HIFI032164D#2	TNXB	TNX	HIFI032164D#2#h2tg000476l_0_0:107-368968_rc	294906	363087	-	68186	1.0	0.9987537570559343	60	1
HIFI032164D_2	HIFI032164D#2	WHR1B	WHR1	HIFI032164D#2#h2tg000476l_0_0:107-368968_rc	234287	234805	+	518	1.0	0.9980694980694981	0	1
HIFI032164D_2	HIFI032164D#2	WHR1B	WHR1	HIFI032164D#2#h2tg000476l_0_0:107-368968_rc	267025	267543	+	518	1.0	0.9980694980694981	0	1
HIFI032164D_2	HIFI032164D#2	WHR1B	WHR1	HIFI032164D#2#h2tg000476l_0_0:107-368968_rc	201549	202067	+	518	1.0	0.9942084942084942	0	1
HIFI032167D_1	HIFI032167D#1	WHR1	WHR1	HIFI032167D#1#h1tg000006l_0_0:609993-5773840_rc	3558060	3568331	+	10272	1.0	0.9989292319672929	60	1
HIFI032167D_1	HIFI032167D#1	CYP21A1P	CYP21	HIFI032167D#1#h1tg000006l_0_0:609993-5773840_rc	3625258	3628532	+	3274	1.0	0.9987782529016493	0	1
HIFI032167D_1	HIFI032167D#1	CYP21A1P	CYP21	HIFI032167D#1#h1tg000006l_0_0:609993-5773840_rc	3592520	3595794	+	3274	1.0	0.9987782529016493	0	1
HIFI032167D_1	HIFI032167D#1	CYP21A1P	CYP21	HIFI032167D#1#h1tg000006l_0_0:609993-5773840_rc	3651625	3654899	+	3274	1.0	0.9768433881779403	0	1
HIFI032167D_1	HIFI032167D#1	CYP21A2	CYP21	HIFI032167D#1#h1tg000006l_0_0:609993-5773840_rc	3651670	3654899	+	3230	1.0	0.9981424148606811	60	1
HIFI032167D_1	HIFI032167D#1	CYP21A2	CYP21	HIFI032167D#1#h1tg000006l_0_0:609993-5773840_rc	3625308	3628532	+	3230	0.9984520123839009	0.9780389730900093	0	1
HIFI032167D_1	HIFI032167D#1	CYP21A2	CYP21	HIFI032167D#1#h1tg000006l_0_0:609993-5773840_rc	3592570	3595794	+	3230	0.9984520123839009	0.9780389730900093	0	1
HIFI032167D_1	HIFI032167D#1	TNXA	TNX	HIFI032167D#1#h1tg000006l_0_0:609993-5773840_rc	3628042	3632646	-	4604	1.0	0.9963075586446568	4	1
HIFI032167D_1	HIFI032167D#1	TNXA	TNX	HIFI032167D#1#h1tg000006l_0_0:609993-5773840_rc	3595304	3599908	-	4604	1.0	0.9960903562119896	0	1
HIFI032167D_1	HIFI032167D#1	TNXA	TNX	HIFI032167D#1#h1tg000006l_0_0:609993-5773840_rc	3654409	3659132	-	4604	1.0	0.9699407281964437	0	1
HIFI032167D_1	HIFI032167D#1	TNXB	TNX	HIFI032167D#1#h1tg000006l_0_0:609993-5773840_rc	3654407	3722578	-	68186	1.0	0.9993547535598539	60	1
HIFI032167D_1	HIFI032167D#1	WHR1B	WHR1	HIFI032167D#1#h1tg000006l_0_0:609993-5773840_rc	3600154	3600672	+	518	1.0	0.9980694980694981	0	1
HIFI032167D_1	HIFI032167D#1	WHR1B	WHR1	HIFI032167D#1#h1tg000006l_0_0:609993-5773840_rc	3632892	3633410	+	518	1.0	0.9980694980694981	0	1
HIFI032167D_1	HIFI032167D#1	WHR1B	WHR1	HIFI032167D#1#h1tg000006l_0_0:609993-5773840_rc	3567416	3567934	+	518	1.0	0.9922779922779923	0	1
HIFI032167D_2	HIFI032167D#2	WHR1	WHR1	HIFI032167D#2#h2tg000184l_0_0:578-3410834_rc	3154042	3164313	+	10272	1.0	0.9989292319672929	60	1
HIFI032167D_2	HIFI032167D#2	CYP21A1P	CYP21	HIFI032167D#2#h2tg000184l_0_0:578-3410834_rc	3188502	3191776	+	3274	1.0	0.9987782529016493	0	1
HIFI032167D_2	HIFI032167D#2	CYP21A1P	CYP21	HIFI032167D#2#h2tg000184l_0_0:578-3410834_rc	3221240	3224514	+	3274	1.0	0.9987782529016493	0	1
HIFI032167D_2	HIFI032167D#2	CYP21A1P	CYP21	HIFI032167D#2#h2tg000184l_0_0:578-3410834_rc	3247607	3250881	+	3274	1.0	0.9768433881779403	0	1
HIFI032167D_2	HIFI032167D#2	CYP21A2	CYP21	HIFI032167D#2#h2tg000184l_0_0:578-3410834_rc	3247652	3250881	+	3230	1.0	0.9981424148606811	60	1
HIFI032167D_2	HIFI032167D#2	CYP21A2	CYP21	HIFI032167D#2#h2tg000184l_0_0:578-3410834_rc	3188552	3191776	+	3230	0.9984520123839009	0.9780389730900093	0	1
HIFI032167D_2	HIFI032167D#2	CYP21A2	CYP21	HIFI032167D#2#h2tg000184l_0_0:578-3410834_rc	3221290	3224514	+	3230	0.9984520123839009	0.9780389730900093	0	1
HIFI032167D_2	HIFI032167D#2	TNXA	TNX	HIFI032167D#2#h2tg000184l_0_0:578-3410834_rc	3224024	3228628	-	4604	1.0	0.9963075586446568	4	1
HIFI032167D_2	HIFI032167D#2	TNXA	TNX	HIFI032167D#2#h2tg000184l_0_0:578-3410834_rc	3191286	3195890	-	4604	1.0	0.9960903562119896	0	1
HIFI032167D_2	HIFI032167D#2	TNXA	TNX	HIFI032167D#2#h2tg000184l_0_0:578-3410834_rc	3250391	3255114	-	4604	1.0	0.9699407281964437	0	1
HIFI032167D_2	HIFI032167D#2	TNXB	TNX	HIFI032167D#2#h2tg000184l_0_0:578-3410834_rc	3250389	3318560	-	68186	1.0	0.9993547535598539	60	1
HIFI032167D_2	HIFI032167D#2	WHR1B	WHR1	HIFI032167D#2#h2tg000184l_0_0:578-3410834_rc	3228874	3229392	+	518	1.0	0.9980694980694981	0	1
HIFI032167D_2	HIFI032167D#2	WHR1B	WHR1	HIFI032167D#2#h2tg000184l_0_0:578-3410834_rc	3196136	3196654	+	518	1.0	0.9980694980694981	0	1
HIFI032167D_2	HIFI032167D#2	WHR1B	WHR1	HIFI032167D#2#h2tg000184l_0_0:578-3410834_rc	3163398	3163916	+	518	1.0	0.9922779922779923	0	1
HIFI032182D_1	HIFI032182D#1	WHR1	WHR1	HIFI032182D#1#h1tg000062l_0_0:608743-5774270_rc	3561559	3571830	+	10272	1.0	0.9999026479750779	60	1
HIFI032182D_1	HIFI032182D#1	CYP21A1P	CYP21	HIFI032182D#1#h1tg000062l_0_0:608743-5774270_rc	3596020	3599293	+	3274	1.0	0.9972510690287111	60	1
HIFI032182D_1	HIFI032182D#1	CYP21A1P	CYP21	HIFI032182D#1#h1tg000062l_0_0:608743-5774270_rc	3622381	3625655	+	3274	1.0	0.9771480804387569	0	1
HIFI032182D_1	HIFI032182D#1	CYP21A2	CYP21	HIFI032182D#1#h1tg000062l_0_0:608743-5774270_rc	3622426	3625655	+	3230	1.0	0.9984520123839009	60	1
HIFI032182D_1	HIFI032182D#1	CYP21A2	CYP21	HIFI032182D#1#h1tg000062l_0_0:608743-5774270_rc	3596065	3599293	+	3230	1.0	0.9780728844966028	0	1
HIFI032182D_1	HIFI032182D#1	TNXA	TNX	HIFI032182D#1#h1tg000062l_0_0:608743-5774270_rc	3598803	3603407	-	4604	1.0	0.9978279756733276	60	1
HIFI032182D_1	HIFI032182D#1	TNXA	TNX	HIFI032182D#1#h1tg000062l_0_0:608743-5774270_rc	3625165	3629888	-	4604	1.0	0.9697290431837426	0	1
HIFI032182D_1	HIFI032182D#1	TNXB	TNX	HIFI032182D#1#h1tg000062l_0_0:608743-5774270_rc	3625163	3693352	-	68186	1.0	0.9989737123755627	60	1
HIFI032182D_1	HIFI032182D#1	WHR1B	WHR1	HIFI032182D#1#h1tg000062l_0_0:608743-5774270_rc	3603653	3604171	+	518	1.0	0.9961389961389961	43	1
HIFI032182D_1	HIFI032182D#1	WHR1B	WHR1	HIFI032182D#1#h1tg000062l_0_0:608743-5774270_rc	3570915	3571433	+	518	1.0	0.9942084942084942	0	1
HIFI032182D_2	HIFI032182D#2	WHR1	WHR1	HIFI032182D#2#h2tg000020l_0_0:304162-5451064	3545113	3555379	+	10272	1.0	0.9982478341282974	60	1
HIFI032182D_2	HIFI032182D#2	CYP21A1P	CYP21	HIFI032182D#2#h2tg000020l_0_0:304162-5451064	3579567	3582840	+	3274	1.0	0.9969456322541234	60	1
HIFI032182D_2	HIFI032182D#2	CYP21A1P	CYP21	HIFI032182D#2#h2tg000020l_0_0:304162-5451064	3605933	3609208	+	3274	1.0	0.9762412427657631	0	1
HIFI032182D_2	HIFI032182D#2	CYP21A2	CYP21	HIFI032182D#2#h2tg000020l_0_0:304162-5451064	3605978	3609208	+	3230	1.0	0.9969040247678018	60	1
HIFI032182D_2	HIFI032182D#2	CYP21A2	CYP21	HIFI032182D#2#h2tg000020l_0_0:304162-5451064	3579617	3582840	+	3230	0.9984520123839009	0.9768017321373338	0	1
HIFI032182D_2	HIFI032182D#2	TNXA	TNX	HIFI032182D#2#h2tg000020l_0_0:304162-5451064	3582350	3586954	-	4604	1.0	0.9963075586446568	60	1
HIFI032182D_2	HIFI032182D#2	TNXA	TNX	HIFI032182D#2#h2tg000020l_0_0:304162-5451064	3608718	3613442	-	4604	1.0	0.9686706181202371	0	1
HIFI032182D_2	HIFI032182D#2	TNXB	TNX	HIFI032182D#2#h2tg000020l_0_0:304162-5451064	3608716	3676877	-	68186	1.0	0.9982258844918845	60	1
HIFI032182D_2	HIFI032182D#2	WHR1B	WHR1	HIFI032182D#2#h2tg000020l_0_0:304162-5451064	3587200	3587718	+	518	1.0	0.9942084942084942	0	1
HIFI032182D_2	HIFI032182D#2	WHR1B	WHR1	HIFI032182D#2#h2tg000020l_0_0:304162-5451064	3554464	3554982	+	518	1.0	0.9942084942084942	0	1
HIFI032289D_1	HIFI032289D#1	WHR1	WHR1	HIFI032289D#1#h1tg000057l_0_0:611762-5895636_rc	3549232	3559495	+	10272	1.0	0.9979556074766355	60	1
HIFI032289D_1	HIFI032289D#1	CYP21A1P	CYP21	HIFI032289D#1#h1tg000057l_0_0:611762-5895636_rc	3610056	3613330	+	3274	1.0	0.9969456322541234	6	1
HIFI032289D_1	HIFI032289D#1	CYP21A1P	CYP21	HIFI032289D#1#h1tg000057l_0_0:611762-5895636_rc	3583685	3586959	+	3274	1.0	0.9966401954795358	0	1
HIFI032289D_1	HIFI032289D#1	CYP21A1P	CYP21	HIFI032289D#1#h1tg000057l_0_0:611762-5895636_rc	3642790	3646065	+	3274	1.0	0.9780688394760889	0	1
HIFI032289D_1	HIFI032289D#1	CYP21A2	CYP21	HIFI032289D#1#h1tg000057l_0_0:611762-5895636_rc	3642835	3646065	+	3230	1.0	0.9975232198142415	60	1
HIFI032289D_1	HIFI032289D#1	CYP21A2	CYP21	HIFI032289D#1#h1tg000057l_0_0:611762-5895636_rc	3583735	3586959	+	3230	0.9984520123839009	0.9789669038045159	0	1
HIFI032289D_1	HIFI032289D#1	CYP21A2	CYP21	HIFI032289D#1#h1tg000057l_0_0:611762-5895636_rc	3610106	3613330	+	3230	0.9984520123839009	0.9786575935663471	0	1
HIFI032289D_1	HIFI032289D#1	TNXA	TNX	HIFI032289D#1#h1tg000057l_0_0:611762-5895636_rc	3612840	3617444	-	4604	1.0	0.9969591659426585	4	1
HIFI032289D_1	HIFI032289D#1	TNXA	TNX	HIFI032289D#1#h1tg000057l_0_0:611762-5895636_rc	3586469	3591073	-	4604	1.0	0.9967419635099913	0	1
HIFI032289D_1	HIFI032289D#1	TNXA	TNX	HIFI032289D#1#h1tg000057l_0_0:611762-5895636_rc	3645575	3650298	-	4604	1.0	0.9690939881456393	0	1
HIFI032289D_1	HIFI032289D#1	TNXB	TNX	HIFI032289D#1#h1tg000057l_0_0:611762-5895636_rc	3645573	3713835	-	68186	1.0	0.9978761113796487	60	1
HIFI032289D_1	HIFI032289D#1	WHR1B	WHR1	HIFI032289D#1#h1tg000057l_0_0:611762-5895636_rc	3591319	3591837	+	518	1.0	0.9961389961389961	0	1
HIFI032289D_1	HIFI032289D#1	WHR1B	WHR1	HIFI032289D#1#h1tg000057l_0_0:611762-5895636_rc	3617690	3618208	+	518	1.0	0.9961389961389961	0	1
HIFI032289D_1	HIFI032289D#1	WHR1B	WHR1	HIFI032289D#1#h1tg000057l_0_0:611762-5895636_rc	3558583	3559098	+	518	1.0	0.9884169884169884	0	1
HIFI032289D_2	HIFI032289D#2	WHR1	WHR1	HIFI032289D#2#h2tg000050l_0_0:302987-5547842	3552947	3563219	+	10272	1.0	0.9998053149031442	60	1
HIFI032289D_2	HIFI032289D#2	CYP21A1P	CYP21	HIFI032289D#2#h2tg000050l_0_0:302987-5547842	3587407	3590681	+	3274	1.0	1.0	60	1
HIFI032289D_2	HIFI032289D#2	CYP21A1P	CYP21	HIFI032289D#2#h2tg000050l_0_0:302987-5547842	3620141	3623416	+	3274	1.0	0.9780688394760889	0	1
HIFI032289D_2	HIFI032289D#2	CYP21A2	CYP21	HIFI032289D#2#h2tg000050l_0_0:302987-5547842	3620186	3623416	+	3230	1.0	0.9996904024767802	60	1
HIFI032289D_2	HIFI032289D#2	CYP21A2	CYP21	HIFI032289D#2#h2tg000050l_0_0:302987-5547842	3587457	3590681	+	3230	0.9984520123839009	0.9780389730900093	0	1
HIFI032289D_2	HIFI032289D#2	TNXA	TNX	HIFI032289D#2#h2tg000050l_0_0:302987-5547842	3590191	3594795	-	4604	1.0	0.9995655951346655	60	1
HIFI032289D_2	HIFI032289D#2	TNXA	TNX	HIFI032289D#2#h2tg000050l_0_0:302987-5547842	3622926	3627649	-	4604	1.0	0.9703640982218459	0	1
HIFI032289D_2	HIFI032289D#2	TNXB	TNX	HIFI032289D#2#h2tg000050l_0_0:302987-5547842	3622924	3691117	-	68186	1.0	0.9996041055718475	60	1
HIFI032289D_2	HIFI032289D#2	WHR1B	WHR1	HIFI032289D#2#h2tg000050l_0_0:302987-5547842	3595041	3595559	+	518	1.0	1.0	60	1
HIFI032289D_2	HIFI032289D#2	WHR1B	WHR1	HIFI032289D#2#h2tg000050l_0_0:302987-5547842	3562304	3562822	+	518	1.0	0.9942084942084942	0	1
HIFI032292D_1	HIFI032292D#1	WHR1	WHR1	HIFI032292D#1#h1tg000202l_0_0:610779-5026306_rc	2835620	2845892	+	10272	1.0	0.9991239170641487	60	1
HIFI032292D_1	HIFI032292D#1	CYP21A1P	CYP21	HIFI032292D#1#h1tg000202l_0_0:610779-5026306_rc	2870082	2873356	+	3274	1.0	0.998167379352474	60	1
HIFI032292D_1	HIFI032292D#1	CYP21A1P	CYP21	HIFI032292D#1#h1tg000202l_0_0:610779-5026306_rc	2902817	2906088	+	3274	1.0	0.97775746496039	0	1
HIFI032292D_1	HIFI032292D#1	CYP21A2	CYP21	HIFI032292D#1#h1tg000202l_0_0:610779-5026306_rc	2902862	2906088	+	3230	1.0	0.9972136222910216	60	1
HIFI032292D_1	HIFI032292D#1	CYP21A2	CYP21	HIFI032292D#1#h1tg000202l_0_0:610779-5026306_rc	2870132	2873356	+	3230	0.9984520123839009	0.9780389730900093	0	1
HIFI032292D_1	HIFI032292D#1	TNXA	TNX	HIFI032292D#1#h1tg000202l_0_0:610779-5026306_rc	2872866	2877470	-	4604	1.0	0.9980451781059948	60	1
HIFI032292D_1	HIFI032292D#1	TNXA	TNX	HIFI032292D#1#h1tg000202l_0_0:610779-5026306_rc	2905598	2910321	-	4604	1.0	0.9693056731583404	0	1
HIFI032292D_1	HIFI032292D#1	TNXB	TNX	HIFI032292D#1#h1tg000202l_0_0:610779-5026306_rc	2905596	2973782	-	68186	1.0	0.9984754309839334	60	1
HIFI032292D_1	HIFI032292D#1	WHR1B	WHR1	HIFI032292D#1#h1tg000202l_0_0:610779-5026306_rc	2877716	2878234	+	518	1.0	0.9980694980694981	60	1
HIFI032292D_1	HIFI032292D#1	WHR1B	WHR1	HIFI032292D#1#h1tg000202l_0_0:610779-5026306_rc	2844977	2845495	+	518	1.0	0.9942084942084942	0	1
HIFI032292D_2	HIFI032292D#2	WHR1	WHR1	HIFI032292D#2#h2tg000202l_0_0:301746-5442974	3561494	3571766	+	10272	1.0	0.9991239170641487	60	1
HIFI032292D_2	HIFI032292D#2	CYP21A1P	CYP21	HIFI032292D#2#h2tg000202l_0_0:301746-5442974	3595956	3599230	+	3274	1.0	0.998167379352474	60	1
HIFI032292D_2	HIFI032292D#2	CYP21A1P	CYP21	HIFI032292D#2#h2tg000202l_0_0:301746-5442974	3628691	3631963	+	3274	1.0	0.9777642400243679	0	1
HIFI032292D_2	HIFI032292D#2	CYP21A2	CYP21	HIFI032292D#2#h2tg000202l_0_0:301746-5442974	3628736	3631963	+	3230	1.0	0.996594427244582	60	1
HIFI032292D_2	HIFI032292D#2	CYP21A2	CYP21	HIFI032292D#2#h2tg000202l_0_0:301746-5442974	3596006	3599230	+	3230	0.9984520123839009	0.9780389730900093	0	1
HIFI032292D_2	HIFI032292D#2	TNXA	TNX	HIFI032292D#2#h2tg000202l_0_0:301746-5442974	3598740	3603344	-	4604	1.0	0.998262380538662	60	1
HIFI032292D_2	HIFI032292D#2	TNXA	TNX	HIFI032292D#2#h2tg000202l_0_0:301746-5442974	3631473	3636196	-	4604	1.0	0.9693056731583404	0	1
HIFI032292D_2	HIFI032292D#2	TNXB	TNX	HIFI032292D#2#h2tg000202l_0_0:301746-5442974	3631471	3699657	-	68186	1.0	0.9984607716664712	60	1
HIFI032292D_2	HIFI032292D#2	WHR1B	WHR1	HIFI032292D#2#h2tg000202l_0_0:301746-5442974	3603590	3604108	+	518	1.0	0.9980694980694981	60	1
HIFI032292D_2	HIFI032292D#2	WHR1B	WHR1	HIFI032292D#2#h2tg000202l_0_0:301746-5442974	3570851	3571369	+	518	1.0	0.9942084942084942	0	1
HIFI032302D_1	HIFI032302D#1	WHR1	WHR1	HIFI032302D#1#h1tg000118l_0_0:546-2591024	1077274	1087546	+	10272	1.0	0.9999026479750779	60	1
HIFI032302D_1	HIFI032302D#1	CYP21A1P	CYP21	HIFI032302D#1#h1tg000118l_0_0:546-2591024	1111734	1115007	+	3274	1.0	0.9978619425778864	60	1
HIFI032302D_1	HIFI032302D#1	CYP21A1P	CYP21	HIFI032302D#1#h1tg000118l_0_0:546-2591024	1138095	1141369	+	3274	1.0	0.9771480804387569	0	1
HIFI032302D_1	HIFI032302D#1	CYP21A2	CYP21	HIFI032302D#1#h1tg000118l_0_0:546-2591024	1138140	1141369	+	3230	1.0	0.9981424148606811	60	1
HIFI032302D_1	HIFI032302D#1	CYP21A2	CYP21	HIFI032302D#1#h1tg000118l_0_0:546-2591024	1111779	1115007	+	3230	1.0	0.9774552192711551	0	1
HIFI032302D_1	HIFI032302D#1	TNXA	TNX	HIFI032302D#1#h1tg000118l_0_0:546-2591024	1114517	1119121	-	4604	1.0	0.9978279756733276	60	1
HIFI032302D_1	HIFI032302D#1	TNXA	TNX	HIFI032302D#1#h1tg000118l_0_0:546-2591024	1140879	1145602	-	4604	1.0	0.9695173581710415	0	1
HIFI032302D_1	HIFI032302D#1	TNXB	TNX	HIFI032302D#1#h1tg000118l_0_0:546-2591024	1140877	1209069	-	68186	1.0	0.998871149814546	60	1
HIFI032302D_1	HIFI032302D#1	WHR1B	WHR1	HIFI032302D#1#h1tg000118l_0_0:546-2591024	1119367	1119885	+	518	1.0	0.9961389961389961	43	1
HIFI032302D_1	HIFI032302D#1	WHR1B	WHR1	HIFI032302D#1#h1tg000118l_0_0:546-2591024	1086631	1087149	+	518	1.0	0.9942084942084942	0	1
HIFI032302D_2	HIFI032302D#2	WHR1	WHR1	HIFI032302D#2#h2tg000125l_0_0:607201-5502153_rc	3350115	3360387	+	10272	1.0	0.9996105919003115	60	1
HIFI032302D_2	HIFI032302D#2	CYP21A1P	CYP21	HIFI032302D#2#h2tg000125l_0_0:607201-5502153_rc	3384574	3387849	+	3274	1.0	0.977459640572647	60	1
HIFI032302D_2	HIFI032302D#2	CYP21A2	CYP21	HIFI032302D#2#h2tg000125l_0_0:607201-5502153_rc	3384619	3387849	+	3230	1.0	0.9981424148606811	60	1
HIFI032302D_2	HIFI032302D#2	TNXA	TNX	HIFI032302D#2#h2tg000125l_0_0:607201-5502153_rc	3387359	3392082	-	4604	1.0	0.9699407281964437	60	1
HIFI032302D_2	HIFI032302D#2	TNXB	TNX	HIFI032302D#2#h2tg000125l_0_0:607201-5502153_rc	3387357	3455510	-	68186	1.0	0.9991640880493922	60	1
HIFI032302D_2	HIFI032302D#2	WHR1B	WHR1	HIFI032302D#2#h2tg000125l_0_0:607201-5502153_rc	3359472	3359990	+	518	1.0	0.9961389961389961	60	1
HIFI032306D_1	HIFI032306D#1	WHR1	WHR1	HIFI032306D#1#h1tg000062l_0_0:611306-5769353_rc	3550866	3561139	+	10272	1.0	0.9991240023359937	60	1
HIFI032306D_1	HIFI032306D#1	CYP21A1P	CYP21	HIFI032306D#1#h1tg000062l_0_0:611306-5769353_rc	3585328	3588602	+	3274	1.0	0.998167379352474	60	1
HIFI032306D_1	HIFI032306D#1	CYP21A1P	CYP21	HIFI032306D#1#h1tg000062l_0_0:611306-5769353_rc	3618063	3621335	+	3274	1.0	0.976850441669205	0	1
HIFI032306D_1	HIFI032306D#1	CYP21A2	CYP21	HIFI032306D#1#h1tg000062l_0_0:611306-5769353_rc	3618108	3621335	+	3230	1.0	0.996594427244582	60	1
HIFI032306D_1	HIFI032306D#1	CYP21A2	CYP21	HIFI032306D#1#h1tg000062l_0_0:611306-5769353_rc	3585378	3588602	+	3230	0.9984520123839009	0.9780389730900093	0	1
HIFI032306D_1	HIFI032306D#1	TNXA	TNX	HIFI032306D#1#h1tg000062l_0_0:611306-5769353_rc	3588112	3592716	-	4604	1.0	0.9980451781059948	60	1
HIFI032306D_1	HIFI032306D#1	TNXA	TNX	HIFI032306D#1#h1tg000062l_0_0:611306-5769353_rc	3620845	3625568	-	4604	1.0	0.9693056731583404	0	1
HIFI032306D_1	HIFI032306D#1	TNXB	TNX	HIFI032306D#1#h1tg000062l_0_0:611306-5769353_rc	3620843	3689020	-	68186	1.0	0.9986511846117757	60	1
HIFI032306D_1	HIFI032306D#1	WHR1B	WHR1	HIFI032306D#1#h1tg000062l_0_0:611306-5769353_rc	3592962	3593480	+	518	1.0	0.9980694980694981	60	1
HIFI032306D_1	HIFI032306D#1	WHR1B	WHR1	HIFI032306D#1#h1tg000062l_0_0:611306-5769353_rc	3560224	3560742	+	518	1.0	0.9942084942084942	0	1
HIFI032306D_2	HIFI032306D#2	WHR1	WHR1	HIFI032306D#2#h2tg000068l_0_0:608736-5852116_rc	3549797	3560068	+	10272	1.0	0.9989292319672929	60	1
HIFI032306D_2	HIFI032306D#2	CYP21A1P	CYP21	HIFI032306D#2#h2tg000068l_0_0:608736-5852116_rc	3584256	3587530	+	3274	1.0	0.9987782529016493	60	1
HIFI032306D_2	HIFI032306D#2	CYP21A1P	CYP21	HIFI032306D#2#h2tg000068l_0_0:608736-5852116_rc	3616992	3620266	+	3274	1.0	0.9768433881779403	0	1
HIFI032306D_2	HIFI032306D#2	CYP21A2	CYP21	HIFI032306D#2#h2tg000068l_0_0:608736-5852116_rc	3617037	3620266	+	3230	1.0	0.9981424148606811	60	1
HIFI032306D_2	HIFI032306D#2	CYP21A2	CYP21	HIFI032306D#2#h2tg000068l_0_0:608736-5852116_rc	3584306	3587530	+	3230	0.9984520123839009	0.9780389730900093	0	1
HIFI032306D_2	HIFI032306D#2	TNXA	TNX	HIFI032306D#2#h2tg000068l_0_0:608736-5852116_rc	3587040	3591644	-	4604	1.0	0.9960903562119896	8	1
HIFI032306D_2	HIFI032306D#2	TNXA	TNX	HIFI032306D#2#h2tg000068l_0_0:608736-5852116_rc	3619776	3624499	-	4604	1.0	0.970575783234547	0	1
HIFI032306D_2	HIFI032306D#2	TNXB	TNX	HIFI032306D#2#h2tg000068l_0_0:608736-5852116_rc	3619774	3687979	-	68186	1.0	0.9992376707910632	60	1
HIFI032306D_2	HIFI032306D#2	WHR1B	WHR1	HIFI032306D#2#h2tg000068l_0_0:608736-5852116_rc	3591890	3592408	+	518	1.0	0.9980694980694981	60	1
HIFI032306D_2	HIFI032306D#2	WHR1B	WHR1	HIFI032306D#2#h2tg000068l_0_0:608736-5852116_rc	3559153	3559671	+	518	1.0	0.9922779922779923	0	1
HIFI032335D_1	HIFI032335D#1	WHR1	WHR1	HIFI032335D#1#h1tg000010l_0_0:301759-5500911	3504447	3514718	+	10272	1.0	0.9993185358255452	60	1
HIFI032335D_1	HIFI032335D#1	CYP21A1P	CYP21	HIFI032335D#1#h1tg000010l_0_0:301759-5500911	3538909	3542183	+	3274	1.0	0.9978619425778864	60	1
HIFI032335D_1	HIFI032335D#1	CYP21A1P	CYP21	HIFI032335D#1#h1tg000010l_0_0:301759-5500911	3565276	3568551	+	3274	1.0	0.9805056350898569	0	1
HIFI032335D_1	HIFI032335D#1	CYP21A2	CYP21	HIFI032335D#1#h1tg000010l_0_0:301759-5500911	3565321	3568551	+	3230	1.0	0.9953560371517027	60	1
HIFI032335D_1	HIFI032335D#1	CYP21A2	CYP21	HIFI032335D#1#h1tg000010l_0_0:301759-5500911	3538959	3542183	+	3230	0.9984520123839009	0.9777296628518404	0	1
HIFI032335D_1	HIFI032335D#1	TNXA	TNX	HIFI032335D#1#h1tg000010l_0_0:301759-5500911	3541693	3546297	-	4604	1.0	0.9963075586446568	18	1
HIFI032335D_1	HIFI032335D#1	TNXA	TNX	HIFI032335D#1#h1tg000010l_0_0:301759-5500911	3568061	3572785	-	4604	1.0	0.970575783234547	0	1
HIFI032335D_1	HIFI032335D#1	TNXB	TNX	HIFI032335D#1#h1tg000010l_0_0:301759-5500911	3568059	3636227	-	68186	1.0	0.9982993945258096	60	1
HIFI032335D_1	HIFI032335D#1	WHR1B	WHR1	HIFI032335D#1#h1tg000010l_0_0:301759-5500911	3546543	3547061	+	518	1.0	0.9980694980694981	0	1
HIFI032335D_1	HIFI032335D#1	WHR1B	WHR1	HIFI032335D#1#h1tg000010l_0_0:301759-5500911	3513803	3514321	+	518	1.0	0.9980694980694981	0	1
HIFI032335D_2	HIFI032335D#2	WHR1	WHR1	HIFI032335D#2#h2tg000219l_0_0:2273-2943040	1647786	1658060	+	10272	1.0	0.9989294403892944	60	1
HIFI032335D_2	HIFI032335D#2	CYP21A1P	CYP21	HIFI032335D#2#h2tg000219l_0_0:2273-2943040	1682249	1685523	+	3274	1.0	0.998167379352474	60	1
HIFI032335D_2	HIFI032335D#2	CYP21A1P	CYP21	HIFI032335D#2#h2tg000219l_0_0:2273-2943040	1714984	1718256	+	3274	1.0	0.977459640572647	0	1
HIFI032335D_2	HIFI032335D#2	CYP21A2	CYP21	HIFI032335D#2#h2tg000219l_0_0:2273-2943040	1715029	1718256	+	3230	1.0	0.9959752321981424	60	1
HIFI032335D_2	HIFI032335D#2	CYP21A2	CYP21	HIFI032335D#2#h2tg000219l_0_0:2273-2943040	1682299	1685523	+	3230	0.9984520123839009	0.9780389730900093	0	1
HIFI032335D_2	HIFI032335D#2	TNXA	TNX	HIFI032335D#2#h2tg000219l_0_0:2273-2943040	1685033	1689637	-	4604	1.0	0.9980451781059948	60	1
HIFI032335D_2	HIFI032335D#2	TNXA	TNX	HIFI032335D#2#h2tg000219l_0_0:2273-2943040	1717766	1722489	-	4604	1.0	0.9686706181202371	0	1
HIFI032335D_2	HIFI032335D#2	TNXB	TNX	HIFI032335D#2#h2tg000219l_0_0:2273-2943040	1717764	1785948	-	68186	1.0	0.9987684187376292	60	1
HIFI032335D_2	HIFI032335D#2	WHR1B	WHR1	HIFI032335D#2#h2tg000219l_0_0:2273-2943040	1689883	1690401	+	518	1.0	0.9980694980694981	60	1
HIFI032335D_2	HIFI032335D#2	WHR1B	WHR1	HIFI032335D#2#h2tg000219l_0_0:2273-2943040	1657145	1657663	+	518	1.0	0.9942084942084942	0	1
HIFI032349D_1	HIFI032349D#1	WHR1	WHR1	HIFI032349D#1#h1tg000020l_0_0:301733-5566658	3562372	3572646	+	10272	1.0	0.9998053338524431	60	1
HIFI032349D_1	HIFI032349D#1	CYP21A1P	CYP21	HIFI032349D#1#h1tg000020l_0_0:301733-5566658	3596835	3600108	+	3274	1.0	0.9975565058032987	60	1
HIFI032349D_1	HIFI032349D#1	CYP21A1P	CYP21	HIFI032349D#1#h1tg000020l_0_0:301733-5566658	3623197	3626471	+	3274	1.0	0.9771480804387569	0	1
HIFI032349D_1	HIFI032349D#1	CYP21A2	CYP21	HIFI032349D#1#h1tg000020l_0_0:301733-5566658	3623242	3626471	+	3230	1.0	0.9981424148606811	60	1
HIFI032349D_1	HIFI032349D#1	CYP21A2	CYP21	HIFI032349D#1#h1tg000020l_0_0:301733-5566658	3596880	3600108	+	3230	1.0	0.9771463866584311	0	1
HIFI032349D_1	HIFI032349D#1	TNXA	TNX	HIFI032349D#1#h1tg000020l_0_0:301733-5566658	3599618	3604222	-	4604	1.0	0.9969591659426585	53	1
HIFI032349D_1	HIFI032349D#1	TNXA	TNX	HIFI032349D#1#h1tg000020l_0_0:301733-5566658	3625981	3630704	-	4604	1.0	0.9697290431837426	0	1
HIFI032349D_1	HIFI032349D#1	TNXB	TNX	HIFI032349D#1#h1tg000020l_0_0:301733-5566658	3625979	3694169	-	68186	1.0	0.9987978478544516	60	1
HIFI032349D_1	HIFI032349D#1	WHR1B	WHR1	HIFI032349D#1#h1tg000020l_0_0:301733-5566658	3604468	3604986	+	518	1.0	0.9961389961389961	43	1
HIFI032349D_1	HIFI032349D#1	WHR1B	WHR1	HIFI032349D#1#h1tg000020l_0_0:301733-5566658	3571731	3572249	+	518	1.0	0.9942084942084942	0	1
HIFI032349D_2	HIFI032349D#2	WHR1	WHR1	HIFI032349D#2#h2tg000060l_0_0:608410-5739806_rc	3555099	3565372	+	10272	1.0	0.9990266692622153	60	1
HIFI032349D_2	HIFI032349D#2	CYP21A1P	CYP21	HIFI032349D#2#h2tg000060l_0_0:608410-5739806_rc	3589561	3592835	+	3274	1.0	0.9978619425778864	60	1
HIFI032349D_2	HIFI032349D#2	CYP21A1P	CYP21	HIFI032349D#2#h2tg000060l_0_0:608410-5739806_rc	3622296	3625571	+	3274	1.0	0.977155041120926	0	1
HIFI032349D_2	HIFI032349D#2	CYP21A2	CYP21	HIFI032349D#2#h2tg000060l_0_0:608410-5739806_rc	3622341	3625571	+	3230	1.0	0.9975232198142415	60	1
HIFI032349D_2	HIFI032349D#2	CYP21A2	CYP21	HIFI032349D#2#h2tg000060l_0_0:608410-5739806_rc	3589611	3592835	+	3230	0.9984520123839009	0.9777296628518404	0	1
HIFI032349D_2	HIFI032349D#2	TNXA	TNX	HIFI032349D#2#h2tg000060l_0_0:608410-5739806_rc	3592345	3596949	-	4604	1.0	0.9978279756733276	52	1
HIFI032349D_2	HIFI032349D#2	TNXA	TNX	HIFI032349D#2#h2tg000060l_0_0:608410-5739806_rc	3625081	3629804	-	4604	1.0	0.970575783234547	0	1
HIFI032349D_2	HIFI032349D#2	TNXB	TNX	HIFI032349D#2#h2tg000060l_0_0:608410-5739806_rc	3625079	3693280	-	68186	1.0	0.9991643576549237	60	1
HIFI032349D_2	HIFI032349D#2	WHR1B	WHR1	HIFI032349D#2#h2tg000060l_0_0:608410-5739806_rc	3597195	3597713	+	518	1.0	0.9961389961389961	43	1
HIFI032349D_2	HIFI032349D#2	WHR1B	WHR1	HIFI032349D#2#h2tg000060l_0_0:608410-5739806_rc	3564457	3564975	+	518	1.0	0.9942084942084942	0	1
HIFI032373D_1	HIFI032373D#1	WHR1	WHR1	HIFI032373D#1#h1tg000049l_0_0:608867-5740038_rc	3551627	3561899	+	10272	1.0	0.9999026479750779	60	1
HIFI032373D_1	HIFI032373D#1	CYP21A1P	CYP21	HIFI032373D#1#h1tg000049l_0_0:608867-5740038_rc	3586087	3589360	+	3274	1.0	0.9978619425778864	60	1
HIFI032373D_1	HIFI032373D#1	CYP21A1P	CYP21	HIFI032373D#1#h1tg000049l_0_0:608867-5740038_rc	3612448	3615722	+	3274	1.0	0.9774527726995734	0	1
HIFI032373D_1	HIFI032373D#1	CYP21A2	CYP21	HIFI032373D#1#h1tg000049l_0_0:608867-5740038_rc	3612493	3615722	+	3230	1.0	0.9984520123839009	60	1
HIFI032373D_1	HIFI032373D#1	CYP21A2	CYP21	HIFI032373D#1#h1tg000049l_0_0:608867-5740038_rc	3586132	3589360	+	3230	1.0	0.9774552192711551	0	1
HIFI032373D_1	HIFI032373D#1	TNXA	TNX	HIFI032373D#1#h1tg000049l_0_0:608867-5740038_rc	3588870	3593474	-	4604	1.0	0.9978279756733276	60	1
HIFI032373D_1	HIFI032373D#1	TNXA	TNX	HIFI032373D#1#h1tg000049l_0_0:608867-5740038_rc	3615232	3619955	-	4604	1.0	0.9695173581710415	0	1
HIFI032373D_1	HIFI032373D#1	TNXB	TNX	HIFI032373D#1#h1tg000049l_0_0:608867-5740038_rc	3615230	3683427	-	68186	1.0	0.9988272374111266	60	1
HIFI032373D_1	HIFI032373D#1	WHR1B	WHR1	HIFI032373D#1#h1tg000049l_0_0:608867-5740038_rc	3593720	3594238	+	518	1.0	0.9961389961389961	43	1
HIFI032373D_1	HIFI032373D#1	WHR1B	WHR1	HIFI032373D#1#h1tg000049l_0_0:608867-5740038_rc	3560984	3561502	+	518	1.0	0.9942084942084942	0	1
HIFI032373D_2	HIFI032373D#2	WHR1	WHR1	HIFI032373D#2#h2tg000139l_0_0:112-485361_rc	212289	222561	+	10272	1.0	0.9990265745157209	60	1
HIFI032373D_2	HIFI032373D#2	CYP21A1P	CYP21	HIFI032373D#2#h2tg000139l_0_0:112-485361_rc	246750	250024	+	3274	1.0	0.998167379352474	60	1
HIFI032373D_2	HIFI032373D#2	CYP21A1P	CYP21	HIFI032373D#2#h2tg000139l_0_0:112-485361_rc	279485	282756	+	3274	1.0	0.9780621572212066	0	1
HIFI032373D_2	HIFI032373D#2	CYP21A2	CYP21	HIFI032373D#2#h2tg000139l_0_0:112-485361_rc	279530	282756	+	3230	1.0	0.9969040247678018	60	1
HIFI032373D_2	HIFI032373D#2	CYP21A2	CYP21	HIFI032373D#2#h2tg000139l_0_0:112-485361_rc	246800	250024	+	3230	0.9984520123839009	0.9780389730900093	0	1
HIFI032373D_2	HIFI032373D#2	TNXA	TNX	HIFI032373D#2#h2tg000139l_0_0:112-485361_rc	249534	254138	-	4604	1.0	0.9984795829713293	60	1
HIFI032373D_2	HIFI032373D#2	TNXA	TNX	HIFI032373D#2#h2tg000139l_0_0:112-485361_rc	282266	286989	-	4604	1.0	0.9688823031329382	0	1
HIFI032373D_2	HIFI032373D#2	TNXB	TNX	HIFI032373D#2#h2tg000139l_0_0:112-485361_rc	282264	350454	-	68186	1.0	0.9986219635553341	60	1
HIFI032373D_2	HIFI032373D#2	WHR1B	WHR1	HIFI032373D#2#h2tg000139l_0_0:112-485361_rc	254384	254902	+	518	1.0	0.9980694980694981	60	1
HIFI032373D_2	HIFI032373D#2	WHR1B	WHR1	HIFI032373D#2#h2tg000139l_0_0:112-485361_rc	221646	222164	+	518	1.0	0.9942084942084942	0	1
HIFI032420D_1	HIFI032420D#1	WHR1	WHR1	HIFI032420D#1#h1tg000074l_0_0:303007-5500336	3507807	3518080	+	10272	1.0	0.9998053149031442	60	1
HIFI032420D_1	HIFI032420D#1	CYP21A1P	CYP21	HIFI032420D#1#h1tg000074l_0_0:303007-5500336	3542269	3545542	+	3274	1.0	0.9975565058032987	60	1
HIFI032420D_1	HIFI032420D#1	CYP21A1P	CYP21	HIFI032420D#1#h1tg000074l_0_0:303007-5500336	3568631	3571905	+	3274	1.0	0.9771480804387569	0	1
HIFI032420D_1	HIFI032420D#1	CYP21A2	CYP21	HIFI032420D#1#h1tg000074l_0_0:303007-5500336	3568676	3571905	+	3230	1.0	0.9981424148606811	60	1
HIFI032420D_1	HIFI032420D#1	CYP21A2	CYP21	HIFI032420D#1#h1tg000074l_0_0:303007-5500336	3542314	3545542	+	3230	1.0	0.9771463866584311	0	1
HIFI032420D_1	HIFI032420D#1	TNXA	TNX	HIFI032420D#1#h1tg000074l_0_0:303007-5500336	3545052	3549656	-	4604	1.0	0.9971763683753258	58	1
HIFI032420D_1	HIFI032420D#1	TNXA	TNX	HIFI032420D#1#h1tg000074l_0_0:303007-5500336	3571415	3576138	-	4604	1.0	0.9697290431837426	0	1
HIFI032420D_1	HIFI032420D#1	TNXB	TNX	HIFI032420D#1#h1tg000074l_0_0:303007-5500336	3571413	3639602	-	68186	1.0	0.9987831874624328	60	1
HIFI032420D_1	HIFI032420D#1	WHR1B	WHR1	HIFI032420D#1#h1tg000074l_0_0:303007-5500336	3549902	3550420	+	518	1.0	0.9961389961389961	43	1
HIFI032420D_1	HIFI032420D#1	WHR1B	WHR1	HIFI032420D#1#h1tg000074l_0_0:303007-5500336	3517165	3517683	+	518	1.0	0.9942084942084942	0	1
HIFI032420D_2	HIFI032420D#2	WHR1	WHR1	HIFI032420D#2#h2tg000028l_0_0:302171-5561704	3556255	3566521	+	10272	1.0	0.9982478341282974	60	1
HIFI032420D_2	HIFI032420D#2	CYP21A1P	CYP21	HIFI032420D#2#h2tg000028l_0_0:302171-5561704	3590708	3593981	+	3274	1.0	0.9969456322541234	60	1
HIFI032420D_2	HIFI032420D#2	CYP21A1P	CYP21	HIFI032420D#2#h2tg000028l_0_0:302171-5561704	3617074	3620349	+	3274	1.0	0.976850441669205	0	1
HIFI032420D_2	HIFI032420D#2	CYP21A2	CYP21	HIFI032420D#2#h2tg000028l_0_0:302171-5561704	3617119	3620349	+	3230	1.0	0.996594427244582	60	1
HIFI032420D_2	HIFI032420D#2	CYP21A2	CYP21	HIFI032420D#2#h2tg000028l_0_0:302171-5561704	3590758	3593981	+	3230	0.9984520123839009	0.9768017321373338	0	1
HIFI032420D_2	HIFI032420D#2	TNXA	TNX	HIFI032420D#2#h2tg000028l_0_0:302171-5561704	3593491	3598095	-	4604	1.0	0.9963075586446568	58	1
HIFI032420D_2	HIFI032420D#2	TNXA	TNX	HIFI032420D#2#h2tg000028l_0_0:302171-5561704	3619859	3624583	-	4604	1.0	0.9688823031329382	0	1
HIFI032420D_2	HIFI032420D#2	TNXB	TNX	HIFI032420D#2#h2tg000028l_0_0:302171-5561704	3619857	3688019	-	68186	1.0	0.9982112486071198	60	1
HIFI032420D_2	HIFI032420D#2	WHR1B	WHR1	HIFI032420D#2#h2tg000028l_0_0:302171-5561704	3598341	3598859	+	518	1.0	0.9942084942084942	0	1
HIFI032420D_2	HIFI032420D#2	WHR1B	WHR1	HIFI032420D#2#h2tg000028l_0_0:302171-5561704	3565606	3566124	+	518	1.0	0.9942084942084942	0	1
HIFI032422D_1	HIFI032422D#1	WHR1	WHR1	HIFI032422D#1#h1tg000015l_0_0:303813-5358931	3503225	3513497	+	10272	1.0	1.0	60	1
HIFI032422D_1	HIFI032422D#1	CYP21A1P	CYP21	HIFI032422D#1#h1tg000015l_0_0:303813-5358931	3537684	3540959	+	3274	1.0	0.9777642400243679	60	1
HIFI032422D_1	HIFI032422D#1	CYP21A2	CYP21	HIFI032422D#1#h1tg000015l_0_0:303813-5358931	3537729	3540959	+	3230	1.0	0.9987616099071207	60	1
HIFI032422D_1	HIFI032422D#1	TNXA	TNX	HIFI032422D#1#h1tg000015l_0_0:303813-5358931	3540469	3545192	-	4604	1.0	0.970575783234547	60	1
HIFI032422D_1	HIFI032422D#1	TNXB	TNX	HIFI032422D#1#h1tg000015l_0_0:303813-5358931	3540467	3608652	-	68186	1.0	0.999266862170088	60	1
HIFI032422D_1	HIFI032422D#1	WHR1B	WHR1	HIFI032422D#1#h1tg000015l_0_0:303813-5358931	3512582	3513100	+	518	1.0	0.9942084942084942	60	1
HIFI032422D_2	HIFI032422D#2	WHR1	WHR1	HIFI032422D#2#h2tg000138l_0_0:303022-5459818	3559212	3569486	+	10272	1.0	0.9989294403892944	60	1
HIFI032422D_2	HIFI032422D#2	CYP21A1P	CYP21	HIFI032422D#2#h2tg000138l_0_0:303022-5459818	3593675	3596949	+	3274	1.0	0.9978619425778864	60	1
HIFI032422D_2	HIFI032422D#2	CYP21A1P	CYP21	HIFI032422D#2#h2tg000138l_0_0:303022-5459818	3626410	3629685	+	3274	1.0	0.977155041120926	0	1
HIFI032422D_2	HIFI032422D#2	CYP21A2	CYP21	HIFI032422D#2#h2tg000138l_0_0:303022-5459818	3626455	3629685	+	3230	1.0	0.9975232198142415	60	1
HIFI032422D_2	HIFI032422D#2	CYP21A2	CYP21	HIFI032422D#2#h2tg000138l_0_0:303022-5459818	3593725	3596949	+	3230	0.9984520123839009	0.9777296628518404	0	1
HIFI032422D_2	HIFI032422D#2	TNXA	TNX	HIFI032422D#2#h2tg000138l_0_0:303022-5459818	3596459	3601063	-	4604	1.0	0.9980451781059948	60	1
HIFI032422D_2	HIFI032422D#2	TNXA	TNX	HIFI032422D#2#h2tg000138l_0_0:303022-5459818	3629195	3633918	-	4604	1.0	0.9703640982218459	0	1
HIFI032422D_2	HIFI032422D#2	TNXB	TNX	HIFI032422D#2#h2tg000138l_0_0:303022-5459818	3629193	3697396	-	68186	1.0	0.9992376372619449	60	1
HIFI032422D_2	HIFI032422D#2	WHR1B	WHR1	HIFI032422D#2#h2tg000138l_0_0:303022-5459818	3601309	3601827	+	518	1.0	0.9961389961389961	43	1
HIFI032422D_2	HIFI032422D#2	WHR1B	WHR1	HIFI032422D#2#h2tg000138l_0_0:303022-5459818	3568571	3569089	+	518	1.0	0.9942084942084942	0	1
HIFI032429D_1	HIFI032429D#1	WHR1	WHR1	HIFI032429D#1#h1tg000176l_0_0:611631-5819632_rc	3553547	3563821	+	10272	1.0	0.9992213354097722	60	1
HIFI032429D_1	HIFI032429D#1	CYP21A1P	CYP21	HIFI032429D#1#h1tg000176l_0_0:611631-5819632_rc	3614384	3617658	+	3274	1.0	0.9984728161270617	60	1
HIFI032429D_1	HIFI032429D#1	CYP21A1P	CYP21	HIFI032429D#1#h1tg000176l_0_0:611631-5819632_rc	3588009	3591284	+	3274	1.0	0.9838513101767216	0	1
HIFI032429D_1	HIFI032429D#1	CYP21A1P	CYP21	HIFI032429D#1#h1tg000176l_0_0:611631-5819632_rc	3647121	3650395	+	3274	1.0	0.9768433881779403	0	1
HIFI032429D_1	HIFI032429D#1	CYP21A2	CYP21	HIFI032429D#1#h1tg000176l_0_0:611631-5819632_rc	3647166	3650395	+	3230	1.0	0.9981424148606811	60	1
HIFI032429D_1	HIFI032429D#1	CYP21A2	CYP21	HIFI032429D#1#h1tg000176l_0_0:611631-5819632_rc	3588054	3591284	+	3230	1.0	0.9910244506344785	0	1
HIFI032429D_1	HIFI032429D#1	CYP21A2	CYP21	HIFI032429D#1#h1tg000176l_0_0:611631-5819632_rc	3614434	3617658	+	3230	0.9984520123839009	0.9783482833281781	0	1
HIFI032429D_1	HIFI032429D#1	TNXA	TNX	HIFI032429D#1#h1tg000176l_0_0:611631-5819632_rc	3590794	3595398	-	4604	1.0	0.9980451781059948	34	1
HIFI032429D_1	HIFI032429D#1	TNXA	TNX	HIFI032429D#1#h1tg000176l_0_0:611631-5819632_rc	3617168	3621772	-	4604	1.0	0.996524761077324	0	1
HIFI032429D_1	HIFI032429D#1	TNXA	TNX	HIFI032429D#1#h1tg000176l_0_0:611631-5819632_rc	3649905	3654628	-	4604	1.0	0.9703640982218459	0	1
HIFI032429D_1	HIFI032429D#1	TNXB	TNX	HIFI032429D#1#h1tg000176l_0_0:611631-5819632_rc	3649903	3718091	-	68186	1.0	0.9994574382286091	60	1
HIFI032429D_1	HIFI032429D#1	WHR1B	WHR1	HIFI032429D#1#h1tg000176l_0_0:611631-5819632_rc	3622018	3622536	+	518	1.0	0.9980694980694981	30	1
HIFI032429D_1	HIFI032429D#1	WHR1B	WHR1	HIFI032429D#1#h1tg000176l_0_0:611631-5819632_rc	3595644	3596162	+	518	1.0	0.9961389961389961	0	1
HIFI032429D_1	HIFI032429D#1	WHR1B	WHR1	HIFI032429D#1#h1tg000176l_0_0:611631-5819632_rc	3562906	3563424	+	518	1.0	0.9942084942084942	0	1
HIFI032429D_2	HIFI032429D#2	WHR1	WHR1	HIFI032429D#2#h2tg000236l_0_0:366-3775085	2193876	2204150	+	10272	1.0	0.9988321167883212	60	1
HIFI032429D_2	HIFI032429D#2	CYP21A1P	CYP21	HIFI032429D#2#h2tg000236l_0_0:366-3775085	2228339	2231614	+	3274	1.0	0.9978625954198473	60	1
HIFI032429D_2	HIFI032429D#2	CYP21A1P	CYP21	HIFI032429D#2#h2tg000236l_0_0:366-3775085	2261075	2264350	+	3274	1.0	0.977155041120926	0	1
HIFI032429D_2	HIFI032429D#2	CYP21A2	CYP21	HIFI032429D#2#h2tg000236l_0_0:366-3775085	2261120	2264350	+	3230	1.0	0.9975232198142415	60	1
HIFI032429D_2	HIFI032429D#2	CYP21A2	CYP21	HIFI032429D#2#h2tg000236l_0_0:366-3775085	2228389	2231614	+	3230	0.9984520123839009	0.9777365491651205	0	1
HIFI032429D_2	HIFI032429D#2	TNXA	TNX	HIFI032429D#2#h2tg000236l_0_0:366-3775085	2231124	2235728	-	4604	1.0	0.9984795829713293	60	1
HIFI032429D_2	HIFI032429D#2	TNXA	TNX	HIFI032429D#2#h2tg000236l_0_0:366-3775085	2263860	2268583	-	4604	1.0	0.970575783234547	0	1
HIFI032429D_2	HIFI032429D#2	TNXB	TNX	HIFI032429D#2#h2tg000236l_0_0:366-3775085	2263858	2332052	-	68186	1.0	0.9993695014662757	60	1
HIFI032429D_2	HIFI032429D#2	WHR1B	WHR1	HIFI032429D#2#h2tg000236l_0_0:366-3775085	2235974	2236492	+	518	1.0	0.9980694980694981	60	1
HIFI032429D_2	HIFI032429D#2	WHR1B	WHR1	HIFI032429D#2#h2tg000236l_0_0:366-3775085	2203235	2203753	+	518	1.0	0.9942084942084942	0	1
HIFI032440D_1	HIFI032440D#1	WHR1	WHR1	HIFI032440D#1#h1tg000035l_0_0:610298-5756202_rc	3561142	3571414	+	10272	1.0	0.9991239170641487	60	1
HIFI032440D_1	HIFI032440D#1	CYP21A1P	CYP21	HIFI032440D#1#h1tg000035l_0_0:610298-5756202_rc	3595603	3598877	+	3274	1.0	0.998167379352474	60	1
HIFI032440D_1	HIFI032440D#1	CYP21A1P	CYP21	HIFI032440D#1#h1tg000035l_0_0:610298-5756202_rc	3628337	3631609	+	3274	1.0	0.9777642400243679	0	1
HIFI032440D_1	HIFI032440D#1	CYP21A2	CYP21	HIFI032440D#1#h1tg000035l_0_0:610298-5756202_rc	3628382	3631609	+	3230	1.0	0.9956656346749226	60	1
HIFI032440D_1	HIFI032440D#1	CYP21A2	CYP21	HIFI032440D#1#h1tg000035l_0_0:610298-5756202_rc	3595653	3598877	+	3230	0.9984520123839009	0.9780389730900093	0	1
HIFI032440D_1	HIFI032440D#1	TNXA	TNX	HIFI032440D#1#h1tg000035l_0_0:610298-5756202_rc	3598387	3602990	-	4604	1.0	0.9978279756733276	60	1
HIFI032440D_1	HIFI032440D#1	TNXA	TNX	HIFI032440D#1#h1tg000035l_0_0:610298-5756202_rc	3631119	3635842	-	4604	1.0	0.9688823031329382	0	1
HIFI032440D_1	HIFI032440D#1	TNXB	TNX	HIFI032440D#1#h1tg000035l_0_0:610298-5756202_rc	3631117	3699288	-	68186	1.0	0.9987976010674956	60	1
HIFI032440D_1	HIFI032440D#1	WHR1B	WHR1	HIFI032440D#1#h1tg000035l_0_0:610298-5756202_rc	3603236	3603754	+	518	1.0	0.9980694980694981	60	1
HIFI032440D_1	HIFI032440D#1	WHR1B	WHR1	HIFI032440D#1#h1tg000035l_0_0:610298-5756202_rc	3570499	3571017	+	518	1.0	0.9942084942084942	0	1
HIFI032440D_2	HIFI032440D#2	WHR1	WHR1	HIFI032440D#2#h2tg000090l_0_0:301809-5292738	3502930	3513202	+	10272	1.0	0.9991239170641487	60	1
HIFI032440D_2	HIFI032440D#2	CYP21A1P	CYP21	HIFI032440D#2#h2tg000090l_0_0:301809-5292738	3537388	3540659	+	3274	1.0	0.9783668494820231	60	1
HIFI032440D_2	HIFI032440D#2	CYP21A2	CYP21	HIFI032440D#2#h2tg000090l_0_0:301809-5292738	3537433	3540659	+	3230	1.0	0.996594427244582	60	1
HIFI032440D_2	HIFI032440D#2	TNXA	TNX	HIFI032440D#2#h2tg000090l_0_0:301809-5292738	3540169	3544892	-	4604	1.0	0.9688823031329382	60	1
HIFI032440D_2	HIFI032440D#2	TNXB	TNX	HIFI032440D#2#h2tg000090l_0_0:301809-5292738	3540167	3608344	-	68186	1.0	0.998988210452226	60	1
HIFI032440D_2	HIFI032440D#2	WHR1B	WHR1	HIFI032440D#2#h2tg000090l_0_0:301809-5292738	3512287	3512805	+	518	1.0	0.9942084942084942	60	1
HIFI032450D_1	HIFI032450D#1	WHR1	WHR1	HIFI032450D#1#h1tg000008l_0_0:301757-5443675	3564052	3574324	+	10272	1.0	0.9998053149031442	60	1
HIFI032450D_1	HIFI032450D#1	CYP21A1P	CYP21	HIFI032450D#1#h1tg000008l_0_0:301757-5443675	3598513	3601786	+	3274	1.0	0.9975565058032987	60	1
HIFI032450D_1	HIFI032450D#1	CYP21A1P	CYP21	HIFI032450D#1#h1tg000008l_0_0:301757-5443675	3624874	3628148	+	3274	1.0	0.9771480804387569	0	1
HIFI032450D_1	HIFI032450D#1	CYP21A2	CYP21	HIFI032450D#1#h1tg000008l_0_0:301757-5443675	3624919	3628148	+	3230	1.0	0.9981424148606811	60	1
HIFI032450D_1	HIFI032450D#1	CYP21A2	CYP21	HIFI032450D#1#h1tg000008l_0_0:301757-5443675	3598558	3601786	+	3230	1.0	0.9771463866584311	0	1
HIFI032450D_1	HIFI032450D#1	TNXA	TNX	HIFI032450D#1#h1tg000008l_0_0:301757-5443675	3601296	3605900	-	4604	1.0	0.9973935708079931	53	1
HIFI032450D_1	HIFI032450D#1	TNXA	TNX	HIFI032450D#1#h1tg000008l_0_0:301757-5443675	3627658	3632381	-	4604	1.0	0.9701524132091448	0	1
HIFI032450D_1	HIFI032450D#1	TNXB	TNX	HIFI032450D#1#h1tg000008l_0_0:301757-5443675	3627656	3695843	-	68186	1.0	0.9989004061166742	60	1
HIFI032450D_1	HIFI032450D#1	WHR1B	WHR1	HIFI032450D#1#h1tg000008l_0_0:301757-5443675	3606146	3606664	+	518	1.0	0.9961389961389961	43	1
HIFI032450D_1	HIFI032450D#1	WHR1B	WHR1	HIFI032450D#1#h1tg000008l_0_0:301757-5443675	3573409	3573927	+	518	1.0	0.9942084942084942	0	1
HIFI032450D_2	HIFI032450D#2	WHR1	WHR1	HIFI032450D#2#h2tg000141l_0_0:744-4499104_rc	3552586	3562849	+	10272	1.0	0.9981503115264797	60	1
HIFI032450D_2	HIFI032450D#2	CYP21A1P	CYP21	HIFI032450D#2#h2tg000141l_0_0:744-4499104_rc	3613410	3616684	+	3274	1.0	0.9969456322541234	6	1
HIFI032450D_2	HIFI032450D#2	CYP21A1P	CYP21	HIFI032450D#2#h2tg000141l_0_0:744-4499104_rc	3587039	3590313	+	3274	1.0	0.9966401954795358	0	1
HIFI032450D_2	HIFI032450D#2	CYP21A1P	CYP21	HIFI032450D#2#h2tg000141l_0_0:744-4499104_rc	3646144	3649419	+	3274	1.0	0.9780688394760889	0	1
HIFI032450D_2	HIFI032450D#2	CYP21A2	CYP21	HIFI032450D#2#h2tg000141l_0_0:744-4499104_rc	3646189	3649419	+	3230	1.0	0.9975232198142415	60	1
HIFI032450D_2	HIFI032450D#2	CYP21A2	CYP21	HIFI032450D#2#h2tg000141l_0_0:744-4499104_rc	3587089	3590313	+	3230	0.9984520123839009	0.9789669038045159	0	1
HIFI032450D_2	HIFI032450D#2	CYP21A2	CYP21	HIFI032450D#2#h2tg000141l_0_0:744-4499104_rc	3613460	3616684	+	3230	0.9984520123839009	0.9786575935663471	0	1
HIFI032450D_2	HIFI032450D#2	TNXA	TNX	HIFI032450D#2#h2tg000141l_0_0:744-4499104_rc	3616194	3620798	-	4604	1.0	0.996524761077324	9	1
HIFI032450D_2	HIFI032450D#2	TNXA	TNX	HIFI032450D#2#h2tg000141l_0_0:744-4499104_rc	3589823	3594427	-	4604	1.0	0.9960903562119896	0	1
HIFI032450D_2	HIFI032450D#2	TNXA	TNX	HIFI032450D#2#h2tg000141l_0_0:744-4499104_rc	3648929	3653652	-	4604	1.0	0.9688823031329382	0	1
HIFI032450D_2	HIFI032450D#2	TNXB	TNX	HIFI032450D#2#h2tg000141l_0_0:744-4499104_rc	3648927	3717183	-	68186	1.0	0.997949168680876	60	1
HIFI032450D_2	HIFI032450D#2	WHR1B	WHR1	HIFI032450D#2#h2tg000141l_0_0:744-4499104_rc	3621044	3621562	+	518	1.0	0.9961389961389961	0	1
HIFI032450D_2	HIFI032450D#2	WHR1B	WHR1	HIFI032450D#2#h2tg000141l_0_0:744-4499104_rc	3594673	3595191	+	518	1.0	0.9961389961389961	0	1
HIFI032450D_2	HIFI032450D#2	WHR1B	WHR1	HIFI032450D#2#h2tg000141l_0_0:744-4499104_rc	3561937	3562452	+	518	1.0	0.9884169884169884	0	1
HIFI032453D_1	HIFI032453D#1	WHR1	WHR1	HIFI032453D#1#h1tg000016l_0_0:608084-5737533_rc	3550774	3561046	+	10272	1.0	1.0	60	1
HIFI032453D_1	HIFI032453D#1	CYP21A1P	CYP21	HIFI032453D#1#h1tg000016l_0_0:608084-5737533_rc	3585235	3588509	+	3274	1.0	1.0	60	1
HIFI032453D_1	HIFI032453D#1	CYP21A1P	CYP21	HIFI032453D#1#h1tg000016l_0_0:608084-5737533_rc	3617970	3621245	+	3274	1.0	0.9780688394760889	0	1
HIFI032453D_1	HIFI032453D#1	CYP21A2	CYP21	HIFI032453D#1#h1tg000016l_0_0:608084-5737533_rc	3618015	3621245	+	3230	1.0	0.9996904024767802	60	1
HIFI032453D_1	HIFI032453D#1	CYP21A2	CYP21	HIFI032453D#1#h1tg000016l_0_0:608084-5737533_rc	3585285	3588509	+	3230	0.9984520123839009	0.9780389730900093	0	1
HIFI032453D_1	HIFI032453D#1	TNXA	TNX	HIFI032453D#1#h1tg000016l_0_0:608084-5737533_rc	3588019	3592623	-	4604	1.0	0.9997827975673328	60	1
HIFI032453D_1	HIFI032453D#1	TNXA	TNX	HIFI032453D#1#h1tg000016l_0_0:608084-5737533_rc	3620755	3625478	-	4604	1.0	0.9701524132091448	0	1
HIFI032453D_1	HIFI032453D#1	TNXB	TNX	HIFI032453D#1#h1tg000016l_0_0:608084-5737533_rc	3620753	3688947	-	68186	1.0	0.9997653890143406	60	1
HIFI032453D_1	HIFI032453D#1	WHR1B	WHR1	HIFI032453D#1#h1tg000016l_0_0:608084-5737533_rc	3592869	3593387	+	518	1.0	1.0	60	1
HIFI032453D_1	HIFI032453D#1	WHR1B	WHR1	HIFI032453D#1#h1tg000016l_0_0:608084-5737533_rc	3560131	3560649	+	518	1.0	0.9942084942084942	0	1
HIFI032453D_2	HIFI032453D#2	WHR1	WHR1	HIFI032453D#2#h2tg000022l_0_0:611013-5690080_rc	3493211	3503483	+	10272	1.0	1.0	60	1
HIFI032453D_2	HIFI032453D#2	CYP21A1P	CYP21	HIFI032453D#2#h2tg000022l_0_0:611013-5690080_rc	3527668	3530942	+	3274	1.0	0.998167379352474	60	1
HIFI032453D_2	HIFI032453D#2	CYP21A1P	CYP21	HIFI032453D#2#h2tg000022l_0_0:611013-5690080_rc	3560403	3563674	+	3274	1.0	0.97775746496039	0	1
HIFI032453D_2	HIFI032453D#2	CYP21A2	CYP21	HIFI032453D#2#h2tg000022l_0_0:611013-5690080_rc	3560448	3563674	+	3230	1.0	0.996594427244582	60	1
HIFI032453D_2	HIFI032453D#2	CYP21A2	CYP21	HIFI032453D#2#h2tg000022l_0_0:611013-5690080_rc	3527718	3530942	+	3230	0.9984520123839009	0.9780389730900093	0	1
HIFI032453D_2	HIFI032453D#2	TNXA	TNX	HIFI032453D#2#h2tg000022l_0_0:611013-5690080_rc	3530452	3535056	-	4604	1.0	0.9978279756733276	60	1
HIFI032453D_2	HIFI032453D#2	TNXA	TNX	HIFI032453D#2#h2tg000022l_0_0:611013-5690080_rc	3563184	3567907	-	4604	1.0	0.9688823031329382	0	1
HIFI032453D_2	HIFI032453D#2	TNXB	TNX	HIFI032453D#2#h2tg000022l_0_0:611013-5690080_rc	3563182	3631366	-	68186	1.0	0.9987537935988975	60	1
HIFI032453D_2	HIFI032453D#2	WHR1B	WHR1	HIFI032453D#2#h2tg000022l_0_0:611013-5690080_rc	3535302	3535820	+	518	1.0	0.9980694980694981	60	1
HIFI032453D_2	HIFI032453D#2	WHR1B	WHR1	HIFI032453D#2#h2tg000022l_0_0:611013-5690080_rc	3502568	3503086	+	518	1.0	0.9942084942084942	0	1
HIFI032454D_1	HIFI032454D#1	WHR1	WHR1	HIFI032454D#1#h1tg000050l_0_0:610949-5688146_rc	3505013	3515284	+	10272	1.0	0.9989292319672929	60	1
HIFI032454D_1	HIFI032454D#1	CYP21A1P	CYP21	HIFI032454D#1#h1tg000050l_0_0:610949-5688146_rc	3539473	3542747	+	3274	1.0	0.998167379352474	60	1
HIFI032454D_1	HIFI032454D#1	CYP21A1P	CYP21	HIFI032454D#1#h1tg000050l_0_0:610949-5688146_rc	3565840	3569113	+	3274	1.0	0.9765386959171237	0	1
HIFI032454D_1	HIFI032454D#1	CYP21A2	CYP21	HIFI032454D#1#h1tg000050l_0_0:610949-5688146_rc	3565885	3569113	+	3230	1.0	0.9978328173374613	60	1
HIFI032454D_1	HIFI032454D#1	CYP21A2	CYP21	HIFI032454D#1#h1tg000050l_0_0:610949-5688146_rc	3539523	3542747	+	3230	0.9984520123839009	0.9786575935663471	0	1
HIFI032454D_1	HIFI032454D#1	TNXA	TNX	HIFI032454D#1#h1tg000050l_0_0:610949-5688146_rc	3542257	3546861	-	4604	1.0	0.996524761077324	19	1
HIFI032454D_1	HIFI032454D#1	TNXA	TNX	HIFI032454D#1#h1tg000050l_0_0:610949-5688146_rc	3568623	3573346	-	4604	1.0	0.970575783234547	0	1
HIFI032454D_1	HIFI032454D#1	TNXB	TNX	HIFI032454D#1#h1tg000050l_0_0:610949-5688146_rc	3568621	3636803	-	68186	1.0	0.9992521884485109	60	1
HIFI032454D_1	HIFI032454D#1	WHR1B	WHR1	HIFI032454D#1#h1tg000050l_0_0:610949-5688146_rc	3547107	3547625	+	518	1.0	0.9980694980694981	60	1
HIFI032454D_1	HIFI032454D#1	WHR1B	WHR1	HIFI032454D#1#h1tg000050l_0_0:610949-5688146_rc	3514369	3514887	+	518	1.0	0.9922779922779923	0	1
HIFI032454D_2	HIFI032454D#2	WHR1	WHR1	HIFI032454D#2#h2tg000014l_0_0:303195-5343983	3495580	3505853	+	10272	1.0	0.9995132872578604	60	1
HIFI032454D_2	HIFI032454D#2	CYP21A1P	CYP21	HIFI032454D#2#h2tg000014l_0_0:303195-5343983	3530040	3533315	+	3274	1.0	0.977459640572647	60	1
HIFI032454D_2	HIFI032454D#2	CYP21A2	CYP21	HIFI032454D#2#h2tg000014l_0_0:303195-5343983	3530085	3533315	+	3230	1.0	0.9981424148606811	60	1
HIFI032454D_2	HIFI032454D#2	TNXA	TNX	HIFI032454D#2#h2tg000014l_0_0:303195-5343983	3532825	3537548	-	4604	1.0	0.9699407281964437	60	1
HIFI032454D_2	HIFI032454D#2	TNXB	TNX	HIFI032454D#2#h2tg000014l_0_0:303195-5343983	3532823	3600978	-	68186	1.0	0.9991641003079631	60	1
HIFI032454D_2	HIFI032454D#2	WHR1B	WHR1	HIFI032454D#2#h2tg000014l_0_0:303195-5343983	3504938	3505456	+	518	1.0	0.9961389961389961	60	1
HIFI032462D_1	HIFI032462D#1	WHR1	WHR1	HIFI032462D#1#h1tg000018l_0_0:608249-5847965_rc	3553634	3563905	+	10272	1.0	0.998831889418865	60	1
HIFI032462D_1	HIFI032462D#1	CYP21A1P	CYP21	HIFI032462D#1#h1tg000018l_0_0:608249-5847965_rc	3588093	3591367	+	3274	1.0	0.9987782529016493	60	1
HIFI032462D_1	HIFI032462D#1	CYP21A1P	CYP21	HIFI032462D#1#h1tg000018l_0_0:608249-5847965_rc	3614460	3617734	+	3274	1.0	0.9768433881779403	0	1
HIFI032462D_1	HIFI032462D#1	CYP21A2	CYP21	HIFI032462D#1#h1tg000018l_0_0:608249-5847965_rc	3614505	3617734	+	3230	1.0	0.9981424148606811	60	1
HIFI032462D_1	HIFI032462D#1	CYP21A2	CYP21	HIFI032462D#1#h1tg000018l_0_0:608249-5847965_rc	3588143	3591367	+	3230	0.9984520123839009	0.9780389730900093	0	1
HIFI032462D_1	HIFI032462D#1	TNXA	TNX	HIFI032462D#1#h1tg000018l_0_0:608249-5847965_rc	3590877	3595481	-	4604	1.0	0.9963075586446568	19	1
HIFI032462D_1	HIFI032462D#1	TNXA	TNX	HIFI032462D#1#h1tg000018l_0_0:608249-5847965_rc	3617244	3621967	-	4604	1.0	0.9703640982218459	0	1
HIFI032462D_1	HIFI032462D#1	TNXB	TNX	HIFI032462D#1#h1tg000018l_0_0:608249-5847965_rc	3617242	3685454	-	68186	1.0	0.9991791022897183	60	1
HIFI032462D_1	HIFI032462D#1	WHR1B	WHR1	HIFI032462D#1#h1tg000018l_0_0:608249-5847965_rc	3595727	3596245	+	518	1.0	0.9980694980694981	60	1
HIFI032462D_1	HIFI032462D#1	WHR1B	WHR1	HIFI032462D#1#h1tg000018l_0_0:608249-5847965_rc	3562990	3563508	+	518	1.0	0.9922779922779923	0	1
HIFI032462D_2	HIFI032462D#2	WHR1	WHR1	HIFI032462D#2#h2tg000305l_0_0:304337-3862556	3500605	3510878	+	10272	1.0	0.999902657451572	60	1
HIFI032462D_2	HIFI032462D#2	CYP21A1P	CYP21	HIFI032462D#2#h2tg000305l_0_0:304337-3862556	3535066	3538340	+	3274	1.0	0.9987782529016493	60	1
HIFI032462D_2	HIFI032462D#2	CYP21A2	CYP21	HIFI032462D#2#h2tg000305l_0_0:304337-3862556	3535116	3538340	+	3230	0.9984520123839009	0.9792762140426848	60	1
HIFI032462D_2	HIFI032462D#2	TNXA	TNX	HIFI032462D#2#h2tg000305l_0_0:304337-3862556	3537850	3542454	-	4604	1.0	0.9989139878366637	60	1
HIFI032462D_2	HIFI032462D#2	TNXB	TNX	HIFI032462D#2#h2tg000118l_0_0:610290-2116716_rc	0	57950	-	68186	0.8497785469157891	0.9996203951341558	60	0
HIFI032462D_2	HIFI032462D#2	TNXB	TNX	HIFI032462D#2#h2tg000305l_0_0:304337-3862556	3537848	3542704	-	68186	0.07296219165224532	0.9712620578778135	60	0
HIFI032462D_2	HIFI032462D#2	TNXB	TNX	HIFI032462D#2#h2tg000118l_0_0:610290-2116716_rc	4463	6405	-	68186	0.02817293872642478	0.9205128205128205	60	0
HIFI032462D_2	HIFI032462D#2	TNXB	TNX	HIFI032462D#2#h2tg000118l_0_0:610290-2116716_rc	1949	3207	-	68186	0.018244214354852902	0.937251787132645	0	0
HIFI032462D_2	HIFI032462D#2	TNXB	TNX	HIFI032462D#2#h2tg000118l_0_0:610290-2116716_rc	16269	17285	-	68186	0.014885753673774675	0.9360236220472441	0	0
HIFI032462D_2	HIFI032462D#2	TNXB	TNX	HIFI032462D#2#h2tg000118l_0_0:610290-2116716_rc	10008	11041	-	68186	0.014680432933446749	0.8811121764141898	0	0
HIFI032462D_2	HIFI032462D#2	TNXB	TNX	HIFI032462D#2#h2tg000118l_0_0:610290-2116716_rc	1290	1598	-	68186	0.004517056287214384	0.961038961038961	0	0
HIFI032462D_2	HIFI032462D#2	WHR1B	WHR1	HIFI032462D#2#h2tg000305l_0_0:304337-3862556	3542700	3543218	+	518	1.0	1.0	60	1
HIFI032462D_2	HIFI032462D#2	WHR1B	WHR1	HIFI032462D#2#h2tg000305l_0_0:304337-3862556	3509963	3510481	+	518	1.0	0.9942084942084942	0	1
HIFI032473D_1	HIFI032473D#1	WHR1	WHR1	HIFI032473D#1#h1tg000017l_0_0:611279-5848073_rc	3548965	3559236	+	10272	1.0	0.998831889418865	60	1
HIFI032473D_1	HIFI032473D#1	CYP21A1P	CYP21	HIFI032473D#1#h1tg000017l_0_0:611279-5848073_rc	3583424	3586698	+	3274	1.0	0.9984728161270617	60	1
HIFI032473D_1	HIFI032473D#1	CYP21A1P	CYP21	HIFI032473D#1#h1tg000017l_0_0:611279-5848073_rc	3609792	3613067	+	3274	1.0	0.9777642400243679	0	1
HIFI032473D_1	HIFI032473D#1	CYP21A2	CYP21	HIFI032473D#1#h1tg000017l_0_0:611279-5848073_rc	3609837	3613067	+	3230	1.0	0.9996904024767802	60	1
HIFI032473D_1	HIFI032473D#1	CYP21A2	CYP21	HIFI032473D#1#h1tg000017l_0_0:611279-5848073_rc	3583474	3586698	+	3230	0.9984520123839009	0.9777296628518404	0	1
HIFI032473D_1	HIFI032473D#1	TNXA	TNX	HIFI032473D#1#h1tg000017l_0_0:611279-5848073_rc	3586208	3590812	-	4604	1.0	0.9960903562119896	19	1
HIFI032473D_1	HIFI032473D#1	TNXA	TNX	HIFI032473D#1#h1tg000017l_0_0:611279-5848073_rc	3612577	3617300	-	4604	1.0	0.9701524132091448	0	1
HIFI032473D_1	HIFI032473D#1	TNXB	TNX	HIFI032473D#1#h1tg000017l_0_0:611279-5848073_rc	3612575	3680764	-	68186	1.0	0.9996920595351565	60	1
HIFI032473D_1	HIFI032473D#1	WHR1B	WHR1	HIFI032473D#1#h1tg000017l_0_0:611279-5848073_rc	3591058	3591576	+	518	1.0	0.9980694980694981	60	1
HIFI032473D_1	HIFI032473D#1	WHR1B	WHR1	HIFI032473D#1#h1tg000017l_0_0:611279-5848073_rc	3558321	3558839	+	518	1.0	0.9942084942084942	0	1
HIFI032473D_2	HIFI032473D#2	WHR1	WHR1	HIFI032473D#2#h2tg000041l_0_0:611187-5777378_rc	3563688	3573959	+	10272	1.0	0.9992211838006231	60	1
HIFI032473D_2	HIFI032473D#2	CYP21A1P	CYP21	HIFI032473D#2#h2tg000041l_0_0:611187-5777378_rc	3624633	3627907	+	3274	1.0	0.9771480804387569	0	1
HIFI032473D_2	HIFI032473D#2	CYP21A1P	CYP21	HIFI032473D#2#h2tg000041l_0_0:611187-5777378_rc	3598145	3601419	+	3274	1.0	0.9771480804387569	0	1
HIFI032473D_2	HIFI032473D#2	CYP21A2	CYP21	HIFI032473D#2#h2tg000041l_0_0:611187-5777378_rc	3624678	3627907	+	3230	1.0	0.9981424148606811	0	1
HIFI032473D_2	HIFI032473D#2	CYP21A2	CYP21	HIFI032473D#2#h2tg000041l_0_0:611187-5777378_rc	3598190	3601419	+	3230	1.0	0.9981424148606811	0	1
HIFI032473D_2	HIFI032473D#2	TNXA	TNX	HIFI032473D#2#h2tg000041l_0_0:611187-5777378_rc	3600929	3605652	-	4604	1.0	0.9703640982218459	6	1
HIFI032473D_2	HIFI032473D#2	TNXA	TNX	HIFI032473D#2#h2tg000041l_0_0:611187-5777378_rc	3627417	3632140	-	4604	1.0	0.9701524132091448	0	1
HIFI032473D_2	HIFI032473D#2	TNXB	TNX	HIFI032473D#2#h2tg000041l_0_0:611187-5777378_rc	3627415	3695577	-	68186	1.0	0.998885646838023	60	1
HIFI032473D_2	HIFI032473D#2	WHR1B	WHR1	HIFI032473D#2#h2tg000041l_0_0:611187-5777378_rc	3605898	3606416	+	518	1.0	0.9980694980694981	60	1
HIFI032473D_2	HIFI032473D#2	WHR1B	WHR1	HIFI032473D#2#h2tg000041l_0_0:611187-5777378_rc	3573044	3573562	+	518	1.0	0.9942084942084942	0	1
HIFI032487D_1	HIFI032487D#1	WHR1	WHR1	HIFI032487D#1#h1tg000160l_0_0:610978-5805510_rc	3623339	3633612	+	10272	1.0	0.9995132872578604	60	1
HIFI032487D_1	HIFI032487D#1	CYP21A1P	CYP21	HIFI032487D#1#h1tg000160l_0_0:610978-5805510_rc	3657799	3661074	+	3274	1.0	0.9792872372829728	60	1
HIFI032487D_1	HIFI032487D#1	CYP21A1P	CYP21	HIFI032487D#1#h1tg000160l_0_0:610978-5805510_rc	3684167	3687441	+	3274	1.0	0.9765386959171237	0	1
HIFI032487D_1	HIFI032487D#1	CYP21A2	CYP21	HIFI032487D#1#h1tg000160l_0_0:610978-5805510_rc	3684212	3687441	+	3230	1.0	0.9978328173374613	39	1
HIFI032487D_1	HIFI032487D#1	CYP21A2	CYP21	HIFI032487D#1#h1tg000160l_0_0:610978-5805510_rc	3657844	3661074	+	3230	1.0	0.9962848297213622	0	1
HIFI032487D_1	HIFI032487D#1	TNXA	TNX	HIFI032487D#1#h1tg000160l_0_0:610978-5805510_rc	3660584	3665188	-	4604	1.0	0.996524761077324	30	1
HIFI032487D_1	HIFI032487D#1	TNXA	TNX	HIFI032487D#1#h1tg000160l_0_0:610978-5805510_rc	3686951	3691674	-	4604	1.0	0.9703640982218459	0	1
HIFI032487D_1	HIFI032487D#1	TNXB	TNX	HIFI032487D#1#h1tg000160l_0_0:610978-5805510_rc	3686949	3755110	-	68186	1.0	0.9992520897492301	60	1
HIFI032487D_1	HIFI032487D#1	WHR1B	WHR1	HIFI032487D#1#h1tg000160l_0_0:610978-5805510_rc	3665434	3665952	+	518	1.0	0.9980694980694981	34	1
HIFI032487D_1	HIFI032487D#1	WHR1B	WHR1	HIFI032487D#1#h1tg000160l_0_0:610978-5805510_rc	3632697	3633215	+	518	1.0	0.9961389961389961	0	1
HIFI032487D_2	HIFI032487D#2	WHR1	WHR1	HIFI032487D#2#h2tg000061l_0_0:608057-5671065_rc	3549135	3559406	+	10272	1.0	0.998831889418865	60	1
HIFI032487D_2	HIFI032487D#2	CYP21A1P	CYP21	HIFI032487D#2#h2tg000061l_0_0:608057-5671065_rc	3583594	3586868	+	3274	1.0	0.9984728161270617	60	1
HIFI032487D_2	HIFI032487D#2	CYP21A1P	CYP21	HIFI032487D#2#h2tg000061l_0_0:608057-5671065_rc	3609962	3613237	+	3274	1.0	0.977459640572647	0	1
HIFI032487D_2	HIFI032487D#2	CYP21A2	CYP21	HIFI032487D#2#h2tg000061l_0_0:608057-5671065_rc	3610007	3613237	+	3230	1.0	0.9993808049535604	60	1
HIFI032487D_2	HIFI032487D#2	CYP21A2	CYP21	HIFI032487D#2#h2tg000061l_0_0:608057-5671065_rc	3583644	3586868	+	3230	0.9984520123839009	0.9777296628518404	0	1
HIFI032487D_2	HIFI032487D#2	TNXA	TNX	HIFI032487D#2#h2tg000061l_0_0:608057-5671065_rc	3586378	3590982	-	4604	1.0	0.9960903562119896	19	1
HIFI032487D_2	HIFI032487D#2	TNXA	TNX	HIFI032487D#2#h2tg000061l_0_0:608057-5671065_rc	3612747	3617470	-	4604	1.0	0.9701524132091448	0	1
HIFI032487D_2	HIFI032487D#2	TNXB	TNX	HIFI032487D#2#h2tg000061l_0_0:608057-5671065_rc	3612745	3680931	-	68186	1.0	0.9996187459675054	60	1
HIFI032487D_2	HIFI032487D#2	WHR1B	WHR1	HIFI032487D#2#h2tg000061l_0_0:608057-5671065_rc	3591228	3591746	+	518	1.0	0.9980694980694981	60	1
HIFI032487D_2	HIFI032487D#2	WHR1B	WHR1	HIFI032487D#2#h2tg000061l_0_0:608057-5671065_rc	3558491	3559009	+	518	1.0	0.9942084942084942	0	1
HIFI032501D_1	HIFI032501D#1	WHR1	WHR1	HIFI032501D#1#h1tg000023l_0_0:303660-5553387	3547687	3557957	+	10272	1.0	0.9997079439252337	60	1
HIFI032501D_1	HIFI032501D#1	CYP21A1P	CYP21	HIFI032501D#1#h1tg000023l_0_0:303660-5553387	3582145	3585418	+	3274	1.0	0.9978619425778864	60	1
HIFI032501D_1	HIFI032501D#1	CYP21A1P	CYP21	HIFI032501D#1#h1tg000023l_0_0:303660-5553387	3608506	3611780	+	3274	1.0	0.9771480804387569	0	1
HIFI032501D_1	HIFI032501D#1	CYP21A2	CYP21	HIFI032501D#1#h1tg000023l_0_0:303660-5553387	3608551	3611780	+	3230	1.0	0.9984520123839009	60	1
HIFI032501D_1	HIFI032501D#1	CYP21A2	CYP21	HIFI032501D#1#h1tg000023l_0_0:303660-5553387	3582190	3585418	+	3230	1.0	0.9774552192711551	0	1
HIFI032501D_1	HIFI032501D#1	TNXA	TNX	HIFI032501D#1#h1tg000023l_0_0:303660-5553387	3584928	3589532	-	4604	1.0	0.9978279756733276	60	1
HIFI032501D_1	HIFI032501D#1	TNXA	TNX	HIFI032501D#1#h1tg000023l_0_0:303660-5553387	3611290	3616013	-	4604	1.0	0.9695173581710415	0	1
HIFI032501D_1	HIFI032501D#1	TNXB	TNX	HIFI032501D#1#h1tg000023l_0_0:303660-5553387	3611288	3679485	-	68186	1.0	0.9988272374111266	60	1
HIFI032501D_1	HIFI032501D#1	WHR1B	WHR1	HIFI032501D#1#h1tg000023l_0_0:303660-5553387	3589778	3590296	+	518	1.0	0.9961389961389961	43	1
HIFI032501D_1	HIFI032501D#1	WHR1B	WHR1	HIFI032501D#1#h1tg000023l_0_0:303660-5553387	3557042	3557560	+	518	1.0	0.9942084942084942	0	1
HIFI032501D_2	HIFI032501D#2	WHR1	WHR1	HIFI032501D#2#h2tg000105l_0_0:441-3022934	1438378	1448649	+	10272	1.0	0.9990265745157209	60	1
HIFI032501D_2	HIFI032501D#2	CYP21A1P	CYP21	HIFI032501D#2#h2tg000105l_0_0:441-3022934	1472837	1476111	+	3274	1.0	0.998167379352474	60	1
HIFI032501D_2	HIFI032501D#2	CYP21A1P	CYP21	HIFI032501D#2#h2tg000105l_0_0:441-3022934	1505572	1508844	+	3274	1.0	0.977459640572647	0	1
HIFI032501D_2	HIFI032501D#2	CYP21A2	CYP21	HIFI032501D#2#h2tg000105l_0_0:441-3022934	1505617	1508844	+	3230	1.0	0.9959752321981424	60	1
HIFI032501D_2	HIFI032501D#2	CYP21A2	CYP21	HIFI032501D#2#h2tg000105l_0_0:441-3022934	1472887	1476111	+	3230	0.9984520123839009	0.9780389730900093	0	1
HIFI032501D_2	HIFI032501D#2	TNXA	TNX	HIFI032501D#2#h2tg000105l_0_0:441-3022934	1475621	1480225	-	4604	1.0	0.998262380538662	60	1
HIFI032501D_2	HIFI032501D#2	TNXA	TNX	HIFI032501D#2#h2tg000105l_0_0:441-3022934	1508354	1513077	-	4604	1.0	0.9688823031329382	0	1
HIFI032501D_2	HIFI032501D#2	TNXB	TNX	HIFI032501D#2#h2tg000105l_0_0:441-3022934	1508352	1576506	-	68186	1.0	0.9986362836530002	60	1
HIFI032501D_2	HIFI032501D#2	WHR1B	WHR1	HIFI032501D#2#h2tg000105l_0_0:441-3022934	1480471	1480989	+	518	1.0	0.9980694980694981	60	1
HIFI032501D_2	HIFI032501D#2	WHR1B	WHR1	HIFI032501D#2#h2tg000105l_0_0:441-3022934	1447734	1448252	+	518	1.0	0.9942084942084942	0	1
HIFI032510D_1	HIFI032510D#1	WHR1	WHR1	HIFI032510D#1#h1tg000002l_0_0:607731-5770322_rc	3555378	3565650	+	10272	1.0	0.9991239170641487	60	1
HIFI032510D_1	HIFI032510D#1	CYP21A1P	CYP21	HIFI032510D#1#h1tg000002l_0_0:607731-5770322_rc	3589839	3593113	+	3274	1.0	0.998167379352474	60	1
HIFI032510D_1	HIFI032510D#1	CYP21A1P	CYP21	HIFI032510D#1#h1tg000002l_0_0:607731-5770322_rc	3622574	3625845	+	3274	1.0	0.97775746496039	0	1
HIFI032510D_1	HIFI032510D#1	CYP21A2	CYP21	HIFI032510D#1#h1tg000002l_0_0:607731-5770322_rc	3622619	3625845	+	3230	1.0	0.996594427244582	60	1
HIFI032510D_1	HIFI032510D#1	CYP21A2	CYP21	HIFI032510D#1#h1tg000002l_0_0:607731-5770322_rc	3589889	3593113	+	3230	0.9984520123839009	0.9780389730900093	0	1
HIFI032510D_1	HIFI032510D#1	TNXA	TNX	HIFI032510D#1#h1tg000002l_0_0:607731-5770322_rc	3592623	3597227	-	4604	1.0	0.9973935708079931	60	1
HIFI032510D_1	HIFI032510D#1	TNXA	TNX	HIFI032510D#1#h1tg000002l_0_0:607731-5770322_rc	3625355	3630078	-	4604	1.0	0.9686706181202371	0	1
HIFI032510D_1	HIFI032510D#1	TNXB	TNX	HIFI032510D#1#h1tg000002l_0_0:607731-5770322_rc	3625353	3693546	-	68186	1.0	0.9987392247698352	60	1
HIFI032510D_1	HIFI032510D#1	WHR1B	WHR1	HIFI032510D#1#h1tg000002l_0_0:607731-5770322_rc	3597473	3597991	+	518	1.0	0.9980694980694981	60	1
HIFI032510D_1	HIFI032510D#1	WHR1B	WHR1	HIFI032510D#1#h1tg000002l_0_0:607731-5770322_rc	3564735	3565253	+	518	1.0	0.9942084942084942	0	1
HIFI032510D_2	HIFI032510D#2	WHR1	WHR1	HIFI032510D#2#h2tg000003l_0_0:608800-5732063_rc	3538585	3548857	+	10272	1.0	1.0	60	1
HIFI032510D_2	HIFI032510D#2	CYP21A1P	CYP21	HIFI032510D#2#h2tg000003l_0_0:608800-5732063_rc	3573042	3576316	+	3274	1.0	0.9978619425778864	60	1
HIFI032510D_2	HIFI032510D#2	CYP21A1P	CYP21	HIFI032510D#2#h2tg000003l_0_0:608800-5732063_rc	3605777	3609048	+	3274	1.0	0.97775746496039	0	1
HIFI032510D_2	HIFI032510D#2	CYP21A2	CYP21	HIFI032510D#2#h2tg000003l_0_0:608800-5732063_rc	3605822	3609048	+	3230	1.0	0.996594427244582	60	1
HIFI032510D_2	HIFI032510D#2	CYP21A2	CYP21	HIFI032510D#2#h2tg000003l_0_0:608800-5732063_rc	3573092	3576316	+	3230	0.9984520123839009	0.9783482833281781	0	1
HIFI032510D_2	HIFI032510D#2	TNXA	TNX	HIFI032510D#2#h2tg000003l_0_0:608800-5732063_rc	3575826	3580430	-	4604	1.0	0.9978279756733276	60	1
HIFI032510D_2	HIFI032510D#2	TNXA	TNX	HIFI032510D#2#h2tg000003l_0_0:608800-5732063_rc	3608558	3613281	-	4604	1.0	0.9686706181202371	0	1
HIFI032510D_2	HIFI032510D#2	TNXB	TNX	HIFI032510D#2#h2tg000003l_0_0:608800-5732063_rc	3608556	3676749	-	68186	1.0	0.9987392247698352	60	1
HIFI032510D_2	HIFI032510D#2	WHR1B	WHR1	HIFI032510D#2#h2tg000003l_0_0:608800-5732063_rc	3580676	3581194	+	518	1.0	0.9980694980694981	60	1
HIFI032510D_2	HIFI032510D#2	WHR1B	WHR1	HIFI032510D#2#h2tg000003l_0_0:608800-5732063_rc	3547942	3548460	+	518	1.0	0.9942084942084942	0	1
HIFI032513D_1	HIFI032513D#1	WHR1	WHR1	HIFI032513D#1#h1tg000077l_0_0:303957-5592528	3551292	3561562	+	10272	1.0	0.9990264797507789	60	1
HIFI032513D_1	HIFI032513D#1	CYP21A1P	CYP21	HIFI032513D#1#h1tg000077l_0_0:303957-5592528	3585750	3589024	+	3274	1.0	0.998167379352474	5	1
HIFI032513D_1	HIFI032513D#1	CYP21A1P	CYP21	HIFI032513D#1#h1tg000077l_0_0:303957-5592528	3618488	3621761	+	3274	1.0	0.9978619425778864	0	1
HIFI032513D_1	HIFI032513D#1	CYP21A1P	CYP21	HIFI032513D#1#h1tg000077l_0_0:303957-5592528	3644849	3648124	+	3274	1.0	0.976850441669205	0	1
HIFI032513D_1	HIFI032513D#1	CYP21A2	CYP21	HIFI032513D#1#h1tg000077l_0_0:303957-5592528	3644894	3648124	+	3230	1.0	0.9984520123839009	60	1
HIFI032513D_1	HIFI032513D#1	CYP21A2	CYP21	HIFI032513D#1#h1tg000077l_0_0:303957-5592528	3585800	3589024	+	3230	0.9984520123839009	0.9780389730900093	0	1
HIFI032513D_1	HIFI032513D#1	CYP21A2	CYP21	HIFI032513D#1#h1tg000077l_0_0:303957-5592528	3618533	3621761	+	3230	1.0	0.9774552192711551	0	1
HIFI032513D_1	HIFI032513D#1	TNXA	TNX	HIFI032513D#1#h1tg000077l_0_0:303957-5592528	3588534	3593138	-	4604	1.0	0.998262380538662	15	1
HIFI032513D_1	HIFI032513D#1	TNXA	TNX	HIFI032513D#1#h1tg000077l_0_0:303957-5592528	3621271	3625875	-	4604	1.0	0.9976107732406603	0	1
HIFI032513D_1	HIFI032513D#1	TNXA	TNX	HIFI032513D#1#h1tg000077l_0_0:303957-5592528	3647634	3652357	-	4604	1.0	0.9699407281964437	0	1
HIFI032513D_1	HIFI032513D#1	TNXB	TNX	HIFI032513D#1#h1tg000077l_0_0:303957-5592528	3647632	3715826	-	68186	1.0	0.9988125604714575	60	1
HIFI032513D_1	HIFI032513D#1	WHR1B	WHR1	HIFI032513D#1#h1tg000077l_0_0:303957-5592528	3593384	3593902	+	518	1.0	0.9980694980694981	30	1
HIFI032513D_1	HIFI032513D#1	WHR1B	WHR1	HIFI032513D#1#h1tg000077l_0_0:303957-5592528	3626121	3626639	+	518	1.0	0.9961389961389961	0	1
HIFI032513D_1	HIFI032513D#1	WHR1B	WHR1	HIFI032513D#1#h1tg000077l_0_0:303957-5592528	3560647	3561165	+	518	1.0	0.9942084942084942	0	1
HIFI032513D_2	HIFI032513D#2	WHR1	WHR1	HIFI032513D#2#h2tg000054l_0_0:609439-5765230_rc	3565632	3575904	+	10272	1.0	1.0	60	1
HIFI032513D_2	HIFI032513D#2	CYP21A1P	CYP21	HIFI032513D#2#h2tg000054l_0_0:609439-5765230_rc	3600087	3603358	+	3274	1.0	0.9780621572212066	60	1
HIFI032513D_2	HIFI032513D#2	CYP21A2	CYP21	HIFI032513D#2#h2tg000054l_0_0:609439-5765230_rc	3600132	3603358	+	3230	1.0	0.9959752321981424	60	1
HIFI032513D_2	HIFI032513D#2	TNXA	TNX	HIFI032513D#2#h2tg000054l_0_0:609439-5765230_rc	3602868	3607591	-	4604	1.0	0.9701524132091448	60	1
HIFI032513D_2	HIFI032513D#2	TNXB	TNX	HIFI032513D#2#h2tg000054l_0_0:609439-5765230_rc	3602866	3671032	-	68186	1.0	0.9987829376658798	60	1
HIFI032513D_2	HIFI032513D#2	WHR1B	WHR1	HIFI032513D#2#h2tg000054l_0_0:609439-5765230_rc	3574989	3575507	+	518	1.0	0.9942084942084942	60	1
HIFI032529D_1	HIFI032529D#1	WHR1	WHR1	HIFI032529D#1#h1tg000121l_0_0:607870-5787538_rc	3552362	3562632	+	10272	1.0	0.998831889418865	60	1
HIFI032529D_1	HIFI032529D#1	CYP21A1P	CYP21	HIFI032529D#1#h1tg000121l_0_0:607870-5787538_rc	3586819	3590095	+	3274	1.0	0.9805056350898569	57	1
HIFI032529D_1	HIFI032529D#1	CYP21A1P	CYP21	HIFI032529D#1#h1tg000121l_0_0:607870-5787538_rc	3619556	3622828	+	3274	1.0	0.9777642400243679	0	1
HIFI032529D_1	HIFI032529D#1	CYP21A2	CYP21	HIFI032529D#1#h1tg000121l_0_0:607870-5787538_rc	3619601	3622828	+	3230	1.0	0.9956656346749226	35	1
HIFI032529D_1	HIFI032529D#1	CYP21A2	CYP21	HIFI032529D#1#h1tg000121l_0_0:607870-5787538_rc	3586864	3590095	+	3230	1.0	0.9947384710615909	0	1
HIFI032529D_1	HIFI032529D#1	TNXA	TNX	HIFI032529D#1#h1tg000121l_0_0:607870-5787538_rc	3589605	3594209	-	4604	1.0	0.9978279756733276	60	1
HIFI032529D_1	HIFI032529D#1	TNXA	TNX	HIFI032529D#1#h1tg000121l_0_0:607870-5787538_rc	3622338	3627061	-	4604	1.0	0.9688823031329382	0	1
HIFI032529D_1	HIFI032529D#1	TNXB	TNX	HIFI032529D#1#h1tg000121l_0_0:607870-5787538_rc	3622336	3690517	-	68186	1.0	0.9987244149903232	60	1
HIFI032529D_1	HIFI032529D#1	WHR1B	WHR1	HIFI032529D#1#h1tg000121l_0_0:607870-5787538_rc	3594455	3594973	+	518	1.0	0.9980694980694981	60	1
HIFI032529D_1	HIFI032529D#1	WHR1B	WHR1	HIFI032529D#1#h1tg000121l_0_0:607870-5787538_rc	3561717	3562235	+	518	1.0	0.9922779922779923	0	1
HIFI032529D_2	HIFI032529D#2	WHR1	WHR1	HIFI032529D#2#h2tg000123l_0_0:672-2712603_rc	1291798	1302064	+	10272	1.0	0.9982478341282974	60	1
HIFI032529D_2	HIFI032529D#2	CYP21A1P	CYP21	HIFI032529D#2#h2tg000123l_0_0:672-2712603_rc	1326253	1329526	+	3274	1.0	0.9969456322541234	60	1
HIFI032529D_2	HIFI032529D#2	CYP21A1P	CYP21	HIFI032529D#2#h2tg000123l_0_0:672-2712603_rc	1352619	1355894	+	3274	1.0	0.9762412427657631	0	1
HIFI032529D_2	HIFI032529D#2	CYP21A2	CYP21	HIFI032529D#2#h2tg000123l_0_0:672-2712603_rc	1352664	1355894	+	3230	1.0	0.9969040247678018	60	1
HIFI032529D_2	HIFI032529D#2	CYP21A2	CYP21	HIFI032529D#2#h2tg000123l_0_0:672-2712603_rc	1326303	1329526	+	3230	0.9984520123839009	0.9768017321373338	0	1
HIFI032529D_2	HIFI032529D#2	TNXA	TNX	HIFI032529D#2#h2tg000123l_0_0:672-2712603_rc	1329036	1333640	-	4604	1.0	0.9963075586446568	60	1
HIFI032529D_2	HIFI032529D#2	TNXA	TNX	HIFI032529D#2#h2tg000123l_0_0:672-2712603_rc	1355404	1360128	-	4604	1.0	0.9686706181202371	0	1
HIFI032529D_2	HIFI032529D#2	TNXB	TNX	HIFI032529D#2#h2tg000123l_0_0:672-2712603_rc	1355402	1423561	-	68186	1.0	0.998167262917131	60	1
HIFI032529D_2	HIFI032529D#2	WHR1B	WHR1	HIFI032529D#2#h2tg000123l_0_0:672-2712603_rc	1301149	1301667	+	518	1.0	0.9942084942084942	0	1
HIFI032529D_2	HIFI032529D#2	WHR1B	WHR1	HIFI032529D#2#h2tg000123l_0_0:672-2712603_rc	1333886	1334404	+	518	1.0	0.9942084942084942	0	1
HIFI032566D_1	HIFI032566D#1	WHR1	WHR1	HIFI032566D#1#h1tg000029l_0_0:611087-5707519_rc	3551629	3561902	+	10272	1.0	0.9994159447094325	60	1
HIFI032566D_1	HIFI032566D#1	CYP21A1P	CYP21	HIFI032566D#1#h1tg000029l_0_0:611087-5707519_rc	3586088	3589362	+	3274	1.0	0.97775746496039	60	1
HIFI032566D_1	HIFI032566D#1	CYP21A2	CYP21	HIFI032566D#1#h1tg000029l_0_0:611087-5707519_rc	3586133	3589362	+	3230	1.0	0.9978328173374613	60	1
HIFI032566D_1	HIFI032566D#1	TNXA	TNX	HIFI032566D#1#h1tg000029l_0_0:611087-5707519_rc	3588872	3593595	-	4604	1.0	0.9699407281964437	60	1
HIFI032566D_1	HIFI032566D#1	TNXB	TNX	HIFI032566D#1#h1tg000029l_0_0:611087-5707519_rc	3588870	3657025	-	68186	1.0	0.9991934182932731	60	1
HIFI032566D_1	HIFI032566D#1	WHR1B	WHR1	HIFI032566D#1#h1tg000029l_0_0:611087-5707519_rc	3560987	3561505	+	518	1.0	0.9961389961389961	60	1
HIFI032566D_2	HIFI032566D#2	WHR1	WHR1	HIFI032566D#2#h2tg000123l_0_0:610347-5693123_rc	3505924	3516198	+	10272	1.0	0.9998053338524431	60	1
HIFI032566D_2	HIFI032566D#2	CYP21A1P	CYP21	HIFI032566D#2#h2tg000123l_0_0:610347-5693123_rc	3540387	3543660	+	3274	1.0	0.9975565058032987	60	1
HIFI032566D_2	HIFI032566D#2	CYP21A1P	CYP21	HIFI032566D#2#h2tg000123l_0_0:610347-5693123_rc	3566748	3570022	+	3274	1.0	0.9771480804387569	0	1
HIFI032566D_2	HIFI032566D#2	CYP21A2	CYP21	HIFI032566D#2#h2tg000123l_0_0:610347-5693123_rc	3566793	3570022	+	3230	1.0	0.9981424148606811	60	1
HIFI032566D_2	HIFI032566D#2	CYP21A2	CYP21	HIFI032566D#2#h2tg000123l_0_0:610347-5693123_rc	3540432	3543660	+	3230	1.0	0.9771463866584311	0	1
HIFI032566D_2	HIFI032566D#2	TNXA	TNX	HIFI032566D#2#h2tg000123l_0_0:610347-5693123_rc	3543170	3547774	-	4604	1.0	0.9971763683753258	57	1
HIFI032566D_2	HIFI032566D#2	TNXA	TNX	HIFI032566D#2#h2tg000123l_0_0:610347-5693123_rc	3569532	3574255	-	4604	1.0	0.9697290431837426	0	1
HIFI032566D_2	HIFI032566D#2	TNXB	TNX	HIFI032566D#2#h2tg000123l_0_0:610347-5693123_rc	3569530	3637711	-	68186	1.0	0.9989882994633589	60	1
HIFI032566D_2	HIFI032566D#2	WHR1B	WHR1	HIFI032566D#2#h2tg000123l_0_0:610347-5693123_rc	3548020	3548538	+	518	1.0	0.9961389961389961	43	1
HIFI032566D_2	HIFI032566D#2	WHR1B	WHR1	HIFI032566D#2#h2tg000123l_0_0:610347-5693123_rc	3515283	3515801	+	518	1.0	0.9942084942084942	0	1
HIFI032567D_1	HIFI032567D#1	WHR1	WHR1	HIFI032567D#1#h1tg000065l_0_0:610944-3834657_rc	1645535	1655808	+	10272	1.0	0.999902657451572	60	1
HIFI032567D_1	HIFI032567D#1	CYP21A1P	CYP21	HIFI032567D#1#h1tg000065l_0_0:610944-3834657_rc	1679997	1683271	+	3274	1.0	0.9996945632254124	60	1
HIFI032567D_1	HIFI032567D#1	CYP21A1P	CYP21	HIFI032567D#1#h1tg000065l_0_0:610944-3834657_rc	1712731	1716006	+	3274	1.0	0.9780688394760889	0	1
HIFI032567D_1	HIFI032567D#1	CYP21A2	CYP21	HIFI032567D#1#h1tg000065l_0_0:610944-3834657_rc	1712776	1716006	+	3230	1.0	0.9996904024767802	60	1
HIFI032567D_1	HIFI032567D#1	CYP21A2	CYP21	HIFI032567D#1#h1tg000065l_0_0:610944-3834657_rc	1680047	1683271	+	3230	0.9984520123839009	0.9783482833281781	0	1
HIFI032567D_1	HIFI032567D#1	TNXA	TNX	HIFI032567D#1#h1tg000065l_0_0:610944-3834657_rc	1682781	1687385	-	4604	1.0	0.9995655951346655	60	1
HIFI032567D_1	HIFI032567D#1	TNXA	TNX	HIFI032567D#1#h1tg000065l_0_0:610944-3834657_rc	1715516	1720240	-	4604	1.0	0.96994708994709	0	1
HIFI032567D_1	HIFI032567D#1	TNXB	TNX	HIFI032567D#1#h1tg000065l_0_0:610944-3834657_rc	1715514	1783703	-	68186	1.0	0.9995894367952609	60	1
HIFI032567D_1	HIFI032567D#1	WHR1B	WHR1	HIFI032567D#1#h1tg000065l_0_0:610944-3834657_rc	1687631	1688149	+	518	1.0	1.0	60	1
HIFI032567D_1	HIFI032567D#1	WHR1B	WHR1	HIFI032567D#1#h1tg000065l_0_0:610944-3834657_rc	1654893	1655411	+	518	1.0	0.9942084942084942	0	1
HIFI032567D_2	HIFI032567D#2	WHR1	WHR1	HIFI032567D#2#h2tg000021l_0_0:303467-5616058	3615985	3626256	+	10272	1.0	0.9993185358255452	60	1
HIFI032567D_2	HIFI032567D#2	CYP21A1P	CYP21	HIFI032567D#2#h2tg000021l_0_0:303467-5616058	3650447	3653721	+	3274	1.0	0.9978619425778864	60	1
HIFI032567D_2	HIFI032567D#2	CYP21A1P	CYP21	HIFI032567D#2#h2tg000021l_0_0:303467-5616058	3676814	3680089	+	3274	1.0	0.9805056350898569	0	1
HIFI032567D_2	HIFI032567D#2	CYP21A2	CYP21	HIFI032567D#2#h2tg000021l_0_0:303467-5616058	3676859	3680089	+	3230	1.0	0.9953560371517027	60	1
HIFI032567D_2	HIFI032567D#2	CYP21A2	CYP21	HIFI032567D#2#h2tg000021l_0_0:303467-5616058	3650497	3653721	+	3230	0.9984520123839009	0.9777296628518404	0	1
HIFI032567D_2	HIFI032567D#2	TNXA	TNX	HIFI032567D#2#h2tg000021l_0_0:303467-5616058	3653231	3657835	-	4604	1.0	0.9963075586446568	18	1
HIFI032567D_2	HIFI032567D#2	TNXA	TNX	HIFI032567D#2#h2tg000021l_0_0:303467-5616058	3679599	3684323	-	4604	1.0	0.970575783234547	0	1
HIFI032567D_2	HIFI032567D#2	TNXB	TNX	HIFI032567D#2#h2tg000021l_0_0:303467-5616058	3679597	3747773	-	68186	1.0	0.9982702005394629	60	1
HIFI032567D_2	HIFI032567D#2	WHR1B	WHR1	HIFI032567D#2#h2tg000021l_0_0:303467-5616058	3658081	3658599	+	518	1.0	0.9980694980694981	0	1
HIFI032567D_2	HIFI032567D#2	WHR1B	WHR1	HIFI032567D#2#h2tg000021l_0_0:303467-5616058	3625341	3625859	+	518	1.0	0.9980694980694981	0	1
HIFI032585D_1	HIFI032585D#1	WHR1	WHR1	HIFI032585D#1#h1tg000015l_0_0:608714-5788197_rc	3551884	3562147	+	10272	1.0	0.9981503115264797	60	1
HIFI032585D_1	HIFI032585D#1	CYP21A1P	CYP21	HIFI032585D#1#h1tg000015l_0_0:608714-5788197_rc	3612708	3615982	+	3274	1.0	0.9969456322541234	15	1
HIFI032585D_1	HIFI032585D#1	CYP21A1P	CYP21	HIFI032585D#1#h1tg000015l_0_0:608714-5788197_rc	3586337	3589611	+	3274	1.0	0.996334758704948	0	1
HIFI032585D_1	HIFI032585D#1	CYP21A1P	CYP21	HIFI032585D#1#h1tg000015l_0_0:608714-5788197_rc	3645442	3648717	+	3274	1.0	0.9780688394760889	0	1
HIFI032585D_1	HIFI032585D#1	CYP21A2	CYP21	HIFI032585D#1#h1tg000015l_0_0:608714-5788197_rc	3645487	3648717	+	3230	1.0	0.9975232198142415	60	1
HIFI032585D_1	HIFI032585D#1	CYP21A2	CYP21	HIFI032585D#1#h1tg000015l_0_0:608714-5788197_rc	3612758	3615982	+	3230	0.9984520123839009	0.9792762140426848	0	1
HIFI032585D_1	HIFI032585D#1	CYP21A2	CYP21	HIFI032585D#1#h1tg000015l_0_0:608714-5788197_rc	3586387	3589611	+	3230	0.9984520123839009	0.9786575935663471	0	1
HIFI032585D_1	HIFI032585D#1	TNXA	TNX	HIFI032585D#1#h1tg000015l_0_0:608714-5788197_rc	3615492	3620096	-	4604	1.0	0.9969591659426585	3	1
HIFI032585D_1	HIFI032585D#1	TNXA	TNX	HIFI032585D#1#h1tg000015l_0_0:608714-5788197_rc	3589121	3593725	-	4604	1.0	0.9967419635099913	0	1
HIFI032585D_1	HIFI032585D#1	TNXA	TNX	HIFI032585D#1#h1tg000015l_0_0:608714-5788197_rc	3648227	3652950	-	4604	1.0	0.9690939881456393	0	1
HIFI032585D_1	HIFI032585D#1	TNXB	TNX	HIFI032585D#1#h1tg000015l_0_0:608714-5788197_rc	3648225	3716480	-	68186	1.0	0.9979052836656072	60	1
HIFI032585D_1	HIFI032585D#1	WHR1B	WHR1	HIFI032585D#1#h1tg000015l_0_0:608714-5788197_rc	3620342	3620860	+	518	1.0	0.9961389961389961	0	1
HIFI032585D_1	HIFI032585D#1	WHR1B	WHR1	HIFI032585D#1#h1tg000015l_0_0:608714-5788197_rc	3593971	3594489	+	518	1.0	0.9961389961389961	0	1
HIFI032585D_1	HIFI032585D#1	WHR1B	WHR1	HIFI032585D#1#h1tg000015l_0_0:608714-5788197_rc	3561235	3561750	+	518	1.0	0.9884169884169884	0	1
HIFI032585D_2	HIFI032585D#2	WHR1	WHR1	HIFI032585D#2#h2tg000251l_0_0:608786-5272448_rc	3061933	3072204	+	10272	1.0	0.9992211838006231	60	1
HIFI032585D_2	HIFI032585D#2	CYP21A1P	CYP21	HIFI032585D#2#h2tg000251l_0_0:608786-5272448_rc	3122879	3126153	+	3274	1.0	0.9771480804387569	0	1
HIFI032585D_2	HIFI032585D#2	CYP21A1P	CYP21	HIFI032585D#2#h2tg000251l_0_0:608786-5272448_rc	3096391	3099665	+	3274	1.0	0.9771480804387569	0	1
HIFI032585D_2	HIFI032585D#2	CYP21A2	CYP21	HIFI032585D#2#h2tg000251l_0_0:608786-5272448_rc	3122924	3126153	+	3230	1.0	0.9981424148606811	0	1
HIFI032585D_2	HIFI032585D#2	CYP21A2	CYP21	HIFI032585D#2#h2tg000251l_0_0:608786-5272448_rc	3096436	3099665	+	3230	1.0	0.9981424148606811	0	1
HIFI032585D_2	HIFI032585D#2	TNXA	TNX	HIFI032585D#2#h2tg000251l_0_0:608786-5272448_rc	3099175	3103898	-	4604	1.0	0.9703640982218459	6	1
HIFI032585D_2	HIFI032585D#2	TNXA	TNX	HIFI032585D#2#h2tg000251l_0_0:608786-5272448_rc	3125663	3130386	-	4604	1.0	0.9701524132091448	0	1
HIFI032585D_2	HIFI032585D#2	TNXB	TNX	HIFI032585D#2#h2tg000251l_0_0:608786-5272448_rc	3125661	3193823	-	68186	1.0	0.998885646838023	60	1
HIFI032585D_2	HIFI032585D#2	WHR1B	WHR1	HIFI032585D#2#h2tg000251l_0_0:608786-5272448_rc	3104144	3104662	+	518	1.0	0.9980694980694981	60	1
HIFI032585D_2	HIFI032585D#2	WHR1B	WHR1	HIFI032585D#2#h2tg000251l_0_0:608786-5272448_rc	3071289	3071807	+	518	1.0	0.9942084942084942	0	1
HIFI032586D_1	HIFI032586D#1	WHR1	WHR1	HIFI032586D#1#h1tg000082l_0_0:608380-5862391_rc	3551944	3562211	+	10272	1.0	0.9983451766767254	60	1
HIFI032586D_1	HIFI032586D#1	CYP21A1P	CYP21	HIFI032586D#1#h1tg000082l_0_0:608380-5862391_rc	3586400	3589673	+	3274	1.0	0.9969456322541234	60	1
HIFI032586D_1	HIFI032586D#1	CYP21A1P	CYP21	HIFI032586D#1#h1tg000082l_0_0:608380-5862391_rc	3612766	3616041	+	3274	1.0	0.976545842217484	0	1
HIFI032586D_1	HIFI032586D#1	CYP21A2	CYP21	HIFI032586D#1#h1tg000082l_0_0:608380-5862391_rc	3612811	3616041	+	3230	1.0	0.9969040247678018	60	1
HIFI032586D_1	HIFI032586D#1	CYP21A2	CYP21	HIFI032586D#1#h1tg000082l_0_0:608380-5862391_rc	3586450	3589673	+	3230	0.9984520123839009	0.9768017321373338	0	1
HIFI032586D_1	HIFI032586D#1	TNXA	TNX	HIFI032586D#1#h1tg000082l_0_0:608380-5862391_rc	3589183	3593787	-	4604	1.0	0.9963075586446568	60	1
HIFI032586D_1	HIFI032586D#1	TNXA	TNX	HIFI032586D#1#h1tg000082l_0_0:608380-5862391_rc	3615551	3620275	-	4604	1.0	0.9686706181202371	0	1
HIFI032586D_1	HIFI032586D#1	TNXB	TNX	HIFI032586D#1#h1tg000082l_0_0:608380-5862391_rc	3615549	3683708	-	68186	1.0	0.998137966424749	60	1
HIFI032586D_1	HIFI032586D#1	WHR1B	WHR1	HIFI032586D#1#h1tg000082l_0_0:608380-5862391_rc	3561296	3561814	+	518	1.0	0.9942084942084942	0	1
HIFI032586D_1	HIFI032586D#1	WHR1B	WHR1	HIFI032586D#1#h1tg000082l_0_0:608380-5862391_rc	3594033	3594551	+	518	1.0	0.9942084942084942	0	1
HIFI032586D_2	HIFI032586D#2	WHR1	WHR1	HIFI032586D#2#h2tg000068l_0_0:610961-5682003_rc	3556815	3567087	+	10272	1.0	0.9999026479750779	60	1
HIFI032586D_2	HIFI032586D#2	CYP21A1P	CYP21	HIFI032586D#2#h2tg000068l_0_0:610961-5682003_rc	3591275	3594548	+	3274	1.0	0.9975565058032987	60	1
HIFI032586D_2	HIFI032586D#2	CYP21A1P	CYP21	HIFI032586D#2#h2tg000068l_0_0:610961-5682003_rc	3617636	3620910	+	3274	1.0	0.9771480804387569	0	1
HIFI032586D_2	HIFI032586D#2	CYP21A2	CYP21	HIFI032586D#2#h2tg000068l_0_0:610961-5682003_rc	3617681	3620910	+	3230	1.0	0.9984520123839009	60	1
HIFI032586D_2	HIFI032586D#2	CYP21A2	CYP21	HIFI032586D#2#h2tg000068l_0_0:610961-5682003_rc	3591320	3594548	+	3230	1.0	0.9777640518838789	0	1
HIFI032586D_2	HIFI032586D#2	TNXA	TNX	HIFI032586D#2#h2tg000068l_0_0:610961-5682003_rc	3594058	3598662	-	4604	1.0	0.9978279756733276	60	1
HIFI032586D_2	HIFI032586D#2	TNXA	TNX	HIFI032586D#2#h2tg000068l_0_0:610961-5682003_rc	3620420	3625143	-	4604	1.0	0.9695173581710415	0	1
HIFI032586D_2	HIFI032586D#2	TNXB	TNX	HIFI032586D#2#h2tg000068l_0_0:610961-5682003_rc	3620418	3688610	-	68186	1.0	0.998871149814546	60	1
HIFI032586D_2	HIFI032586D#2	WHR1B	WHR1	HIFI032586D#2#h2tg000068l_0_0:610961-5682003_rc	3598908	3599426	+	518	1.0	0.9961389961389961	43	1
HIFI032586D_2	HIFI032586D#2	WHR1B	WHR1	HIFI032586D#2#h2tg000068l_0_0:610961-5682003_rc	3566172	3566690	+	518	1.0	0.9942084942084942	0	1
HIFI032591D_1	HIFI032591D#1	WHR1	WHR1	HIFI032591D#1#h1tg000008l_0_0:304261-5535645	3544994	3555266	+	10272	1.0	0.9999026479750779	60	1
HIFI032591D_1	HIFI032591D#1	CYP21A1P	CYP21	HIFI032591D#1#h1tg000008l_0_0:304261-5535645	3579454	3582727	+	3274	1.0	0.9978619425778864	60	1
HIFI032591D_1	HIFI032591D#1	CYP21A1P	CYP21	HIFI032591D#1#h1tg000008l_0_0:304261-5535645	3605815	3609089	+	3274	1.0	0.9771480804387569	0	1
HIFI032591D_1	HIFI032591D#1	CYP21A2	CYP21	HIFI032591D#1#h1tg000008l_0_0:304261-5535645	3605860	3609089	+	3230	1.0	0.9981424148606811	60	1
HIFI032591D_1	HIFI032591D#1	CYP21A2	CYP21	HIFI032591D#1#h1tg000008l_0_0:304261-5535645	3579499	3582727	+	3230	1.0	0.9774552192711551	0	1
HIFI032591D_1	HIFI032591D#1	TNXA	TNX	HIFI032591D#1#h1tg000008l_0_0:304261-5535645	3582237	3586841	-	4604	1.0	0.9978279756733276	60	1
HIFI032591D_1	HIFI032591D#1	TNXA	TNX	HIFI032591D#1#h1tg000008l_0_0:304261-5535645	3608599	3613322	-	4604	1.0	0.9695173581710415	0	1
HIFI032591D_1	HIFI032591D#1	TNXB	TNX	HIFI032591D#1#h1tg000008l_0_0:304261-5535645	3608597	3676796	-	68186	1.0	0.9988272546030257	60	1
HIFI032591D_1	HIFI032591D#1	WHR1B	WHR1	HIFI032591D#1#h1tg000008l_0_0:304261-5535645	3587087	3587605	+	518	1.0	0.9961389961389961	43	1
HIFI032591D_1	HIFI032591D#1	WHR1B	WHR1	HIFI032591D#1#h1tg000008l_0_0:304261-5535645	3554351	3554869	+	518	1.0	0.9942084942084942	0	1
HIFI032591D_2	HIFI032591D#2	WHR1	WHR1	HIFI032591D#2#h2tg000191l_0_0:608144-5628514_rc	3500770	3511042	+	10272	1.0	0.9990265745157209	60	1
HIFI032591D_2	HIFI032591D#2	CYP21A1P	CYP21	HIFI032591D#2#h2tg000191l_0_0:608144-5628514_rc	3535231	3538505	+	3274	1.0	0.998167379352474	60	1
HIFI032591D_2	HIFI032591D#2	CYP21A1P	CYP21	HIFI032591D#2#h2tg000191l_0_0:608144-5628514_rc	3567966	3571241	+	3274	1.0	0.977459640572647	0	1
HIFI032591D_2	HIFI032591D#2	CYP21A2	CYP21	HIFI032591D#2#h2tg000191l_0_0:608144-5628514_rc	3568011	3571241	+	3230	1.0	0.9972136222910216	60	1
HIFI032591D_2	HIFI032591D#2	CYP21A2	CYP21	HIFI032591D#2#h2tg000191l_0_0:608144-5628514_rc	3535281	3538505	+	3230	0.9984520123839009	0.9780389730900093	0	1
HIFI032591D_2	HIFI032591D#2	TNXA	TNX	HIFI032591D#2#h2tg000191l_0_0:608144-5628514_rc	3538015	3542619	-	4604	1.0	0.9984795829713293	60	1
HIFI032591D_2	HIFI032591D#2	TNXA	TNX	HIFI032591D#2#h2tg000191l_0_0:608144-5628514_rc	3570751	3575474	-	4604	1.0	0.970575783234547	0	1
HIFI032591D_2	HIFI032591D#2	TNXB	TNX	HIFI032591D#2#h2tg000191l_0_0:608144-5628514_rc	3570749	3638944	-	68186	1.0	0.9993695107109867	60	1
HIFI032591D_2	HIFI032591D#2	WHR1B	WHR1	HIFI032591D#2#h2tg000191l_0_0:608144-5628514_rc	3542865	3543383	+	518	1.0	0.9980694980694981	60	1
HIFI032591D_2	HIFI032591D#2	WHR1B	WHR1	HIFI032591D#2#h2tg000191l_0_0:608144-5628514_rc	3510127	3510645	+	518	1.0	0.9942084942084942	0	1
HIFI032604D_1	HIFI032604D#1	WHR1	WHR1	HIFI032604D#1#h1tg000033l_0_0:608804-5838950_rc	3541782	3552055	+	10272	1.0	0.999902657451572	60	1
HIFI032604D_1	HIFI032604D#1	CYP21A1P	CYP21	HIFI032604D#1#h1tg000033l_0_0:608804-5838950_rc	3576244	3579517	+	3274	1.0	0.9975565058032987	60	1
HIFI032604D_1	HIFI032604D#1	CYP21A1P	CYP21	HIFI032604D#1#h1tg000033l_0_0:608804-5838950_rc	3602606	3605880	+	3274	1.0	0.9771480804387569	0	1
HIFI032604D_1	HIFI032604D#1	CYP21A2	CYP21	HIFI032604D#1#h1tg000033l_0_0:608804-5838950_rc	3602651	3605880	+	3230	1.0	0.9981424148606811	60	1
HIFI032604D_1	HIFI032604D#1	CYP21A2	CYP21	HIFI032604D#1#h1tg000033l_0_0:608804-5838950_rc	3576289	3579517	+	3230	1.0	0.9771463866584311	0	1
HIFI032604D_1	HIFI032604D#1	TNXA	TNX	HIFI032604D#1#h1tg000033l_0_0:608804-5838950_rc	3579027	3583631	-	4604	1.0	0.9971763683753258	58	1
HIFI032604D_1	HIFI032604D#1	TNXA	TNX	HIFI032604D#1#h1tg000033l_0_0:608804-5838950_rc	3605390	3610113	-	4604	1.0	0.9697290431837426	0	1
HIFI032604D_1	HIFI032604D#1	TNXB	TNX	HIFI032604D#1#h1tg000033l_0_0:608804-5838950_rc	3605388	3673578	-	68186	1.0	0.9987832053011201	60	1
HIFI032604D_1	HIFI032604D#1	WHR1B	WHR1	HIFI032604D#1#h1tg000033l_0_0:608804-5838950_rc	3583877	3584395	+	518	1.0	0.9961389961389961	43	1
HIFI032604D_1	HIFI032604D#1	WHR1B	WHR1	HIFI032604D#1#h1tg000033l_0_0:608804-5838950_rc	3551140	3551658	+	518	1.0	0.9942084942084942	0	1
HIFI032604D_2	HIFI032604D#2	WHR1	WHR1	HIFI032604D#2#h2tg000003l_0_0:608544-5741103_rc	3558531	3568802	+	10272	1.0	0.9989292319672929	60	1
HIFI032604D_2	HIFI032604D#2	CYP21A1P	CYP21	HIFI032604D#2#h2tg000003l_0_0:608544-5741103_rc	3592991	3596265	+	3274	1.0	0.9987782529016493	60	1
HIFI032604D_2	HIFI032604D#2	CYP21A1P	CYP21	HIFI032604D#2#h2tg000003l_0_0:608544-5741103_rc	3619358	3622632	+	3274	1.0	0.9768433881779403	0	1
HIFI032604D_2	HIFI032604D#2	CYP21A2	CYP21	HIFI032604D#2#h2tg000003l_0_0:608544-5741103_rc	3619403	3622632	+	3230	1.0	0.9981424148606811	60	1
HIFI032604D_2	HIFI032604D#2	CYP21A2	CYP21	HIFI032604D#2#h2tg000003l_0_0:608544-5741103_rc	3593041	3596265	+	3230	0.9984520123839009	0.9780389730900093	0	1
HIFI032604D_2	HIFI032604D#2	TNXA	TNX	HIFI032604D#2#h2tg000003l_0_0:608544-5741103_rc	3595775	3600379	-	4604	1.0	0.9960903562119896	29	1
HIFI032604D_2	HIFI032604D#2	TNXA	TNX	HIFI032604D#2#h2tg000003l_0_0:608544-5741103_rc	3622142	3626865	-	4604	1.0	0.9699407281964437	0	1
HIFI032604D_2	HIFI032604D#2	TNXB	TNX	HIFI032604D#2#h2tg000003l_0_0:608544-5741103_rc	3622140	3690335	-	68186	1.0	0.9992229536557832	60	1
HIFI032604D_2	HIFI032604D#2	WHR1B	WHR1	HIFI032604D#2#h2tg000003l_0_0:608544-5741103_rc	3600625	3601143	+	518	1.0	0.9980694980694981	60	1
HIFI032604D_2	HIFI032604D#2	WHR1B	WHR1	HIFI032604D#2#h2tg000003l_0_0:608544-5741103_rc	3567887	3568405	+	518	1.0	0.9922779922779923	0	1
HIFI032607D_1	HIFI032607D#1	WHR1	WHR1	HIFI032607D#1#h1tg000001l_0_0:304265-5604718	3612262	3622534	+	10272	1.0	1.0	60	1
HIFI032607D_1	HIFI032607D#1	CYP21A1P	CYP21	HIFI032607D#1#h1tg000001l_0_0:304265-5604718	3646719	3649992	+	3274	1.0	0.9972510690287111	60	1
HIFI032607D_1	HIFI032607D#1	CYP21A1P	CYP21	HIFI032607D#1#h1tg000001l_0_0:304265-5604718	3673080	3676354	+	3274	1.0	0.9771480804387569	0	1
HIFI032607D_1	HIFI032607D#1	CYP21A2	CYP21	HIFI032607D#1#h1tg000001l_0_0:304265-5604718	3673125	3676354	+	3230	1.0	0.9981424148606811	60	1
HIFI032607D_1	HIFI032607D#1	CYP21A2	CYP21	HIFI032607D#1#h1tg000001l_0_0:304265-5604718	3646764	3649992	+	3230	1.0	0.9780728844966028	0	1
HIFI032607D_1	HIFI032607D#1	TNXA	TNX	HIFI032607D#1#h1tg000001l_0_0:304265-5604718	3649502	3654106	-	4604	1.0	0.9971763683753258	59	1
HIFI032607D_1	HIFI032607D#1	TNXA	TNX	HIFI032607D#1#h1tg000001l_0_0:304265-5604718	3675864	3680587	-	4604	1.0	0.9697290431837426	0	1
HIFI032607D_1	HIFI032607D#1	TNXB	TNX	HIFI032607D#1#h1tg000001l_0_0:304265-5604718	3675862	3744047	-	68186	1.0	0.9990176385202997	60	1
HIFI032607D_1	HIFI032607D#1	WHR1B	WHR1	HIFI032607D#1#h1tg000001l_0_0:304265-5604718	3654352	3654870	+	518	1.0	0.9961389961389961	43	1
HIFI032607D_1	HIFI032607D#1	WHR1B	WHR1	HIFI032607D#1#h1tg000001l_0_0:304265-5604718	3621619	3622137	+	518	1.0	0.9942084942084942	0	1
HIFI032607D_2	HIFI032607D#2	WHR1	WHR1	HIFI032607D#2#h2tg000007l_0_0:611122-5743055_rc	3561360	3571625	+	10272	1.0	0.9984423676012462	60	1
HIFI032607D_2	HIFI032607D#2	CYP21A1P	CYP21	HIFI032607D#2#h2tg000007l_0_0:611122-5743055_rc	3595807	3599081	+	3274	1.0	0.9780621572212066	60	1
HIFI032607D_2	HIFI032607D#2	CYP21A2	CYP21	HIFI032607D#2#h2tg000007l_0_0:611122-5743055_rc	3595852	3599081	+	3230	1.0	0.9978328173374613	60	1
HIFI032607D_2	HIFI032607D#2	TNXA	TNX	HIFI032607D#2#h2tg000007l_0_0:611122-5743055_rc	3598591	3603314	-	4604	1.0	0.9688823031329382	60	1
HIFI032607D_2	HIFI032607D#2	TNXB	TNX	HIFI032607D#2#h2tg000007l_0_0:611122-5743055_rc	3598589	3666766	-	68186	1.0	0.9987976186984956	60	1
HIFI032607D_2	HIFI032607D#2	WHR1B	WHR1	HIFI032607D#2#h2tg000007l_0_0:611122-5743055_rc	3570710	3571228	+	518	1.0	0.9942084942084942	60	1
HIFI032662D_1	HIFI032662D#1	WHR1	WHR1	HIFI032662D#1#h1tg000154l_0_0:610481-5807545_rc	3615510	3625782	+	10272	1.0	0.9990265745157209	60	1
HIFI032662D_1	HIFI032662D#1	CYP21A1P	CYP21	HIFI032662D#1#h1tg000154l_0_0:610481-5807545_rc	3649971	3653245	+	3274	1.0	0.998167379352474	60	1
HIFI032662D_1	HIFI032662D#1	CYP21A1P	CYP21	HIFI032662D#1#h1tg000154l_0_0:610481-5807545_rc	3682706	3685977	+	3274	1.0	0.97775746496039	0	1
HIFI032662D_1	HIFI032662D#1	CYP21A2	CYP21	HIFI032662D#1#h1tg000154l_0_0:610481-5807545_rc	3682751	3685977	+	3230	1.0	0.9956656346749226	60	1
HIFI032662D_1	HIFI032662D#1	CYP21A2	CYP21	HIFI032662D#1#h1tg000154l_0_0:610481-5807545_rc	3650021	3653245	+	3230	0.9984520123839009	0.9780389730900093	0	1
HIFI032662D_1	HIFI032662D#1	TNXA	TNX	HIFI032662D#1#h1tg000154l_0_0:610481-5807545_rc	3652755	3657359	-	4604	1.0	0.9980451781059948	60	1
HIFI032662D_1	HIFI032662D#1	TNXA	TNX	HIFI032662D#1#h1tg000154l_0_0:610481-5807545_rc	3685487	3690210	-	4604	1.0	0.9688823031329382	0	1
HIFI032662D_1	HIFI032662D#1	TNXB	TNX	HIFI032662D#1#h1tg000154l_0_0:610481-5807545_rc	3685485	3753653	-	68186	1.0	0.9987976186984956	60	1
HIFI032662D_1	HIFI032662D#1	WHR1B	WHR1	HIFI032662D#1#h1tg000154l_0_0:610481-5807545_rc	3657605	3658123	+	518	1.0	0.9980694980694981	60	1
HIFI032662D_1	HIFI032662D#1	WHR1B	WHR1	HIFI032662D#1#h1tg000154l_0_0:610481-5807545_rc	3624867	3625385	+	518	1.0	0.9942084942084942	0	1
HIFI032662D_2	HIFI032662D#2	WHR1	WHR1	HIFI032662D#2#h2tg000203l_0_0:478869-5255088_rc	3256181	3266453	+	10272	1.0	0.9990265745157209	60	1
HIFI032662D_2	HIFI032662D#2	CYP21A1P	CYP21	HIFI032662D#2#h2tg000203l_0_0:478869-5255088_rc	3290642	3293916	+	3274	1.0	0.998167379352474	60	1
HIFI032662D_2	HIFI032662D#2	CYP21A1P	CYP21	HIFI032662D#2#h2tg000203l_0_0:478869-5255088_rc	3323377	3326648	+	3274	1.0	0.9780621572212066	0	1
HIFI032662D_2	HIFI032662D#2	CYP21A2	CYP21	HIFI032662D#2#h2tg000203l_0_0:478869-5255088_rc	3323422	3326648	+	3230	1.0	0.9962848297213622	60	1
HIFI032662D_2	HIFI032662D#2	CYP21A2	CYP21	HIFI032662D#2#h2tg000203l_0_0:478869-5255088_rc	3290692	3293916	+	3230	0.9984520123839009	0.9780389730900093	0	1
HIFI032662D_2	HIFI032662D#2	TNXA	TNX	HIFI032662D#2#h2tg000203l_0_0:478869-5255088_rc	3293426	3298030	-	4604	1.0	0.998262380538662	60	1
HIFI032662D_2	HIFI032662D#2	TNXA	TNX	HIFI032662D#2#h2tg000203l_0_0:478869-5255088_rc	3326158	3330881	-	4604	1.0	0.9688823031329382	0	1
HIFI032662D_2	HIFI032662D#2	TNXB	TNX	HIFI032662D#2#h2tg000203l_0_0:478869-5255088_rc	3326156	3394326	-	68186	1.0	0.9988709015191507	60	1
HIFI032662D_2	HIFI032662D#2	WHR1B	WHR1	HIFI032662D#2#h2tg000203l_0_0:478869-5255088_rc	3298276	3298794	+	518	1.0	0.9980694980694981	60	1
HIFI032662D_2	HIFI032662D#2	WHR1B	WHR1	HIFI032662D#2#h2tg000203l_0_0:478869-5255088_rc	3265538	3266056	+	518	1.0	0.9942084942084942	0	1
HIFI032668D_1	HIFI032668D#1	WHR1	WHR1	HIFI032668D#1#h1tg000009l_0_0:611120-5919133_rc	3619961	3630233	+	10272	1.0	0.9999026479750779	60	1
HIFI032668D_1	HIFI032668D#1	CYP21A1P	CYP21	HIFI032668D#1#h1tg000009l_0_0:611120-5919133_rc	3654421	3657694	+	3274	1.0	0.9978619425778864	60	1
HIFI032668D_1	HIFI032668D#1	CYP21A1P	CYP21	HIFI032668D#1#h1tg000009l_0_0:611120-5919133_rc	3680782	3684056	+	3274	1.0	0.9771480804387569	0	1
HIFI032668D_1	HIFI032668D#1	CYP21A2	CYP21	HIFI032668D#1#h1tg000009l_0_0:611120-5919133_rc	3680827	3684056	+	3230	1.0	0.9981424148606811	60	1
HIFI032668D_1	HIFI032668D#1	CYP21A2	CYP21	HIFI032668D#1#h1tg000009l_0_0:611120-5919133_rc	3654466	3657694	+	3230	1.0	0.9774552192711551	0	1
HIFI032668D_1	HIFI032668D#1	TNXA	TNX	HIFI032668D#1#h1tg000009l_0_0:611120-5919133_rc	3657204	3661808	-	4604	1.0	0.9980451781059948	60	1
HIFI032668D_1	HIFI032668D#1	TNXA	TNX	HIFI032668D#1#h1tg000009l_0_0:611120-5919133_rc	3683566	3688289	-	4604	1.0	0.9695173581710415	0	1
HIFI032668D_1	HIFI032668D#1	TNXB	TNX	HIFI032668D#1#h1tg000009l_0_0:611120-5919133_rc	3683564	3751771	-	68186	1.0	0.9987101313320825	60	1
HIFI032668D_1	HIFI032668D#1	WHR1B	WHR1	HIFI032668D#1#h1tg000009l_0_0:611120-5919133_rc	3662054	3662572	+	518	1.0	0.9961389961389961	43	1
HIFI032668D_1	HIFI032668D#1	WHR1B	WHR1	HIFI032668D#1#h1tg000009l_0_0:611120-5919133_rc	3629318	3629836	+	518	1.0	0.9942084942084942	0	1
HIFI032668D_2	HIFI032668D#2	WHR1	WHR1	HIFI032668D#2#h2tg000066l_0_0:608094-5719634_rc	3503013	3513285	+	10272	1.0	1.0	60	1
HIFI032668D_2	HIFI032668D#2	CYP21A1P	CYP21	HIFI032668D#2#h2tg000066l_0_0:608094-5719634_rc	3537474	3540749	+	3274	1.0	0.9996946564885496	60	1
HIFI032668D_2	HIFI032668D#2	CYP21A1P	CYP21	HIFI032668D#2#h2tg000066l_0_0:608094-5719634_rc	3570209	3573484	+	3274	1.0	0.9780688394760889	0	1
HIFI032668D_2	HIFI032668D#2	CYP21A2	CYP21	HIFI032668D#2#h2tg000066l_0_0:608094-5719634_rc	3570254	3573484	+	3230	1.0	0.9996904024767802	60	1
HIFI032668D_2	HIFI032668D#2	CYP21A2	CYP21	HIFI032668D#2#h2tg000066l_0_0:608094-5719634_rc	3537524	3540749	+	3230	0.9984520123839009	0.9777365491651205	0	1
HIFI032668D_2	HIFI032668D#2	TNXA	TNX	HIFI032668D#2#h2tg000066l_0_0:608094-5719634_rc	3540259	3544863	-	4604	1.0	1.0	60	1
HIFI032668D_2	HIFI032668D#2	TNXA	TNX	HIFI032668D#2#h2tg000066l_0_0:608094-5719634_rc	3572994	3577717	-	4604	1.0	0.9701524132091448	0	1
HIFI032668D_2	HIFI032668D#2	TNXB	TNX	HIFI032668D#2#h2tg000066l_0_0:608094-5719634_rc	3572992	3641186	-	68186	1.0	0.9998093701884302	60	1
HIFI032668D_2	HIFI032668D#2	WHR1B	WHR1	HIFI032668D#2#h2tg000066l_0_0:608094-5719634_rc	3545109	3545627	+	518	1.0	1.0	60	1
HIFI032668D_2	HIFI032668D#2	WHR1B	WHR1	HIFI032668D#2#h2tg000066l_0_0:608094-5719634_rc	3512370	3512888	+	518	1.0	0.9942084942084942	0	1
HIFI032682D_1	HIFI032682D#1	WHR1	WHR1	HIFI032682D#1#h1tg000013l_0_0:608436-5749936_rc	3560472	3570743	+	10272	1.0	0.9992211838006231	60	1
HIFI032682D_1	HIFI032682D#1	CYP21A1P	CYP21	HIFI032682D#1#h1tg000013l_0_0:608436-5749936_rc	3594932	3598206	+	3274	1.0	0.998167379352474	60	1
HIFI032682D_1	HIFI032682D#1	CYP21A1P	CYP21	HIFI032682D#1#h1tg000013l_0_0:608436-5749936_rc	3627667	3630938	+	3274	1.0	0.97775746496039	0	1
HIFI032682D_1	HIFI032682D#1	CYP21A2	CYP21	HIFI032682D#1#h1tg000013l_0_0:608436-5749936_rc	3627712	3630938	+	3230	1.0	0.9969040247678018	60	1
HIFI032682D_1	HIFI032682D#1	CYP21A2	CYP21	HIFI032682D#1#h1tg000013l_0_0:608436-5749936_rc	3594982	3598206	+	3230	0.9984520123839009	0.9780389730900093	0	1
HIFI032682D_1	HIFI032682D#1	TNXA	TNX	HIFI032682D#1#h1tg000013l_0_0:608436-5749936_rc	3597716	3602320	-	4604	1.0	0.998262380538662	60	1
HIFI032682D_1	HIFI032682D#1	TNXA	TNX	HIFI032682D#1#h1tg000013l_0_0:608436-5749936_rc	3630448	3635171	-	4604	1.0	0.9688823031329382	0	1
HIFI032682D_1	HIFI032682D#1	TNXB	TNX	HIFI032682D#1#h1tg000013l_0_0:608436-5749936_rc	3630446	3698624	-	68186	1.0	0.9987244336925445	60	1
HIFI032682D_1	HIFI032682D#1	WHR1B	WHR1	HIFI032682D#1#h1tg000013l_0_0:608436-5749936_rc	3602566	3603084	+	518	1.0	0.9980694980694981	60	1
HIFI032682D_1	HIFI032682D#1	WHR1B	WHR1	HIFI032682D#1#h1tg000013l_0_0:608436-5749936_rc	3569828	3570346	+	518	1.0	0.9942084942084942	0	1
HIFI032682D_2	HIFI032682D#2	WHR1	WHR1	HIFI032682D#2#h2tg000065l_0_0:608744-5741883_rc	3554207	3564470	+	10272	1.0	0.9981503115264797	60	1
HIFI032682D_2	HIFI032682D#2	CYP21A1P	CYP21	HIFI032682D#2#h2tg000065l_0_0:608744-5741883_rc	3588659	3591933	+	3274	1.0	0.9966401954795358	60	1
HIFI032682D_2	HIFI032682D#2	CYP21A1P	CYP21	HIFI032682D#2#h2tg000065l_0_0:608744-5741883_rc	3615025	3618300	+	3274	1.0	0.977459640572647	0	1
HIFI032682D_2	HIFI032682D#2	CYP21A2	CYP21	HIFI032682D#2#h2tg000065l_0_0:608744-5741883_rc	3615070	3618300	+	3230	1.0	0.9981424148606811	60	1
HIFI032682D_2	HIFI032682D#2	CYP21A2	CYP21	HIFI032682D#2#h2tg000065l_0_0:608744-5741883_rc	3588709	3591933	+	3230	0.9984520123839009	0.9783482833281781	0	1
HIFI032682D_2	HIFI032682D#2	TNXA	TNX	HIFI032682D#2#h2tg000065l_0_0:608744-5741883_rc	3591443	3596047	-	4604	1.0	0.9960903562119896	50	1
HIFI032682D_2	HIFI032682D#2	TNXA	TNX	HIFI032682D#2#h2tg000065l_0_0:608744-5741883_rc	3617810	3622533	-	4604	1.0	0.9690939881456393	0	1
HIFI032682D_2	HIFI032682D#2	TNXB	TNX	HIFI032682D#2#h2tg000065l_0_0:608744-5741883_rc	3617808	3686014	-	68186	1.0	0.9986220847564462	60	1
HIFI032682D_2	HIFI032682D#2	WHR1B	WHR1	HIFI032682D#2#h2tg000065l_0_0:608744-5741883_rc	3596293	3596811	+	518	1.0	0.9961389961389961	60	1
HIFI032682D_2	HIFI032682D#2	WHR1B	WHR1	HIFI032682D#2#h2tg000065l_0_0:608744-5741883_rc	3563558	3564073	+	518	1.0	0.9864864864864865	0	1
HIFI032685D_1	HIFI032685D#1	WHR1	WHR1	HIFI032685D#1#h1tg000048l_0_0:302205-5467452	3557943	3568214	+	10272	1.0	0.9989292319672929	60	1
HIFI032685D_1	HIFI032685D#1	CYP21A1P	CYP21	HIFI032685D#1#h1tg000048l_0_0:302205-5467452	3625142	3628416	+	3274	1.0	0.9987782529016493	5	1
HIFI032685D_1	HIFI032685D#1	CYP21A1P	CYP21	HIFI032685D#1#h1tg000048l_0_0:302205-5467452	3592403	3595678	+	3274	1.0	0.9984732824427481	0	1
HIFI032685D_1	HIFI032685D#1	CYP21A1P	CYP21	HIFI032685D#1#h1tg000048l_0_0:302205-5467452	3651509	3654783	+	3274	1.0	0.9768433881779403	0	1
HIFI032685D_1	HIFI032685D#1	CYP21A2	CYP21	HIFI032685D#1#h1tg000048l_0_0:302205-5467452	3651554	3654783	+	3230	1.0	0.9981424148606811	60	1
HIFI032685D_1	HIFI032685D#1	CYP21A2	CYP21	HIFI032685D#1#h1tg000048l_0_0:302205-5467452	3625192	3628416	+	3230	0.9984520123839009	0.9780389730900093	0	1
HIFI032685D_1	HIFI032685D#1	CYP21A2	CYP21	HIFI032685D#1#h1tg000048l_0_0:302205-5467452	3592453	3595678	+	3230	0.9984520123839009	0.9777365491651205	0	1
HIFI032685D_1	HIFI032685D#1	TNXA	TNX	HIFI032685D#1#h1tg000048l_0_0:302205-5467452	3627926	3632530	-	4604	1.0	0.9963075586446568	4	1
HIFI032685D_1	HIFI032685D#1	TNXA	TNX	HIFI032685D#1#h1tg000048l_0_0:302205-5467452	3595188	3599792	-	4604	1.0	0.9960903562119896	0	1
HIFI032685D_1	HIFI032685D#1	TNXA	TNX	HIFI032685D#1#h1tg000048l_0_0:302205-5467452	3654293	3659016	-	4604	1.0	0.9697290431837426	0	1
HIFI032685D_1	HIFI032685D#1	TNXB	TNX	HIFI032685D#1#h1tg000048l_0_0:302205-5467452	3654291	3722483	-	68186	1.0	0.9992376037298771	60	1
HIFI032685D_1	HIFI032685D#1	WHR1B	WHR1	HIFI032685D#1#h1tg000048l_0_0:302205-5467452	3600038	3600556	+	518	1.0	0.9980694980694981	0	1
HIFI032685D_1	HIFI032685D#1	WHR1B	WHR1	HIFI032685D#1#h1tg000048l_0_0:302205-5467452	3632776	3633294	+	518	1.0	0.9980694980694981	0	1
HIFI032685D_1	HIFI032685D#1	WHR1B	WHR1	HIFI032685D#1#h1tg000048l_0_0:302205-5467452	3567299	3567817	+	518	1.0	0.9922779922779923	0	1
HIFI032685D_2	HIFI032685D#2	WHR1	WHR1	HIFI032685D#2#h2tg000153l_0_0:301738-5322457	3504480	3514753	+	10272	1.0	0.9993186021610045	60	1
HIFI032685D_2	HIFI032685D#2	CYP21A1P	CYP21	HIFI032685D#2#h2tg000153l_0_0:301738-5322457	3538941	3542215	+	3274	1.0	0.9984728161270617	60	1
HIFI032685D_2	HIFI032685D#2	CYP21A1P	CYP21	HIFI032685D#2#h2tg000153l_0_0:301738-5322457	3565307	3568582	+	3274	1.0	0.977155041120926	0	1
HIFI032685D_2	HIFI032685D#2	CYP21A2	CYP21	HIFI032685D#2#h2tg000153l_0_0:301738-5322457	3565357	3568582	+	3230	0.9984520123839009	0.9984496124031008	60	1
HIFI032685D_2	HIFI032685D#2	CYP21A2	CYP21	HIFI032685D#2#h2tg000153l_0_0:301738-5322457	3538991	3542215	+	3230	0.9984520123839009	0.9777296628518404	0	1
HIFI032685D_2	HIFI032685D#2	TNXA	TNX	HIFI032685D#2#h2tg000153l_0_0:301738-5322457	3541725	3546329	-	4604	1.0	0.9980451781059948	60	1
HIFI032685D_2	HIFI032685D#2	TNXA	TNX	HIFI032685D#2#h2tg000153l_0_0:301738-5322457	3568092	3572815	-	4604	1.0	0.9701524132091448	0	1
HIFI032685D_2	HIFI032685D#2	TNXB	TNX	HIFI032685D#2#h2tg000153l_0_0:301738-5322457	3568090	3636295	-	68186	1.0	0.9990617899289013	60	1
HIFI032685D_2	HIFI032685D#2	WHR1B	WHR1	HIFI032685D#2#h2tg000153l_0_0:301738-5322457	3546575	3547093	+	518	1.0	0.9961389961389961	43	1
HIFI032685D_2	HIFI032685D#2	WHR1B	WHR1	HIFI032685D#2#h2tg000153l_0_0:301738-5322457	3513838	3514356	+	518	1.0	0.9942084942084942	0	1
HIFI032692D_1	HIFI032692D#1	WHR1	WHR1	HIFI032692D#1#h1tg000123l_0_0:303312-5470118	3552892	3563164	+	10272	1.0	0.9990265745157209	60	1
HIFI032692D_1	HIFI032692D#1	CYP21A1P	CYP21	HIFI032692D#1#h1tg000123l_0_0:303312-5470118	3587353	3590627	+	3274	1.0	0.998167379352474	0	1
HIFI032692D_1	HIFI032692D#1	CYP21A1P	CYP21	HIFI032692D#1#h1tg000123l_0_0:303312-5470118	3620091	3623365	+	3274	1.0	0.998167379352474	0	1
HIFI032692D_1	HIFI032692D#1	CYP21A1P	CYP21	HIFI032692D#1#h1tg000123l_0_0:303312-5470118	3652826	3656097	+	3274	1.0	0.9774527726995734	0	1
HIFI032692D_1	HIFI032692D#1	CYP21A2	CYP21	HIFI032692D#1#h1tg000123l_0_0:303312-5470118	3652871	3656097	+	3230	1.0	0.9969040247678018	60	1
HIFI032692D_1	HIFI032692D#1	CYP21A2	CYP21	HIFI032692D#1#h1tg000123l_0_0:303312-5470118	3587403	3590627	+	3230	0.9984520123839009	0.9780389730900093	0	1
HIFI032692D_1	HIFI032692D#1	CYP21A2	CYP21	HIFI032692D#1#h1tg000123l_0_0:303312-5470118	3620141	3623365	+	3230	0.9984520123839009	0.9780389730900093	0	1
HIFI032692D_1	HIFI032692D#1	TNXA	TNX	HIFI032692D#1#h1tg000123l_0_0:303312-5470118	3590137	3594741	-	4604	1.0	0.9980451781059948	0	1
HIFI032692D_1	HIFI032692D#1	TNXA	TNX	HIFI032692D#1#h1tg000123l_0_0:303312-5470118	3622875	3627479	-	4604	1.0	0.9980451781059948	0	1
HIFI032692D_1	HIFI032692D#1	TNXA	TNX	HIFI032692D#1#h1tg000123l_0_0:303312-5470118	3655607	3660330	-	4604	1.0	0.9686706181202371	0	1
HIFI032692D_1	HIFI032692D#1	TNXB	TNX	HIFI032692D#1#h1tg000123l_0_0:303312-5470118	3655605	3723793	-	68186	1.0	0.9987538118695755	60	1
HIFI032692D_1	HIFI032692D#1	WHR1B	WHR1	HIFI032692D#1#h1tg000123l_0_0:303312-5470118	3627725	3628243	+	518	1.0	0.9980694980694981	0	1
HIFI032692D_1	HIFI032692D#1	WHR1B	WHR1	HIFI032692D#1#h1tg000123l_0_0:303312-5470118	3594987	3595505	+	518	1.0	0.9980694980694981	0	1
HIFI032692D_1	HIFI032692D#1	WHR1B	WHR1	HIFI032692D#1#h1tg000123l_0_0:303312-5470118	3562249	3562767	+	518	1.0	0.9922779922779923	0	1
HIFI032692D_2	HIFI032692D#2	WHR1	WHR1	HIFI032692D#2#h2tg000020l_0_0:304295-5612497	3612620	3622891	+	10272	1.0	0.9993185358255452	60	1
HIFI032692D_2	HIFI032692D#2	CYP21A1P	CYP21	HIFI032692D#2#h2tg000020l_0_0:304295-5612497	3647082	3650356	+	3274	1.0	0.9978619425778864	60	1
HIFI032692D_2	HIFI032692D#2	CYP21A1P	CYP21	HIFI032692D#2#h2tg000020l_0_0:304295-5612497	3673449	3676724	+	3274	1.0	0.9805056350898569	0	1
HIFI032692D_2	HIFI032692D#2	CYP21A2	CYP21	HIFI032692D#2#h2tg000020l_0_0:304295-5612497	3673494	3676724	+	3230	1.0	0.9953560371517027	60	1
HIFI032692D_2	HIFI032692D#2	CYP21A2	CYP21	HIFI032692D#2#h2tg000020l_0_0:304295-5612497	3647132	3650356	+	3230	0.9984520123839009	0.9777296628518404	0	1
HIFI032692D_2	HIFI032692D#2	TNXA	TNX	HIFI032692D#2#h2tg000020l_0_0:304295-5612497	3649866	3654470	-	4604	1.0	0.9963075586446568	23	1
HIFI032692D_2	HIFI032692D#2	TNXA	TNX	HIFI032692D#2#h2tg000020l_0_0:304295-5612497	3676234	3680958	-	4604	1.0	0.9703640982218459	0	1
HIFI032692D_2	HIFI032692D#2	TNXB	TNX	HIFI032692D#2#h2tg000020l_0_0:304295-5612497	3676232	3744401	-	68186	1.0	0.9982554389257022	60	1
HIFI032692D_2	HIFI032692D#2	WHR1B	WHR1	HIFI032692D#2#h2tg000020l_0_0:304295-5612497	3654716	3655234	+	518	1.0	0.9980694980694981	0	1
HIFI032692D_2	HIFI032692D#2	WHR1B	WHR1	HIFI032692D#2#h2tg000020l_0_0:304295-5612497	3621976	3622494	+	518	1.0	0.9980694980694981	0	1
HIFI032693D_1	HIFI032693D#1	WHR1	WHR1	HIFI032693D#1#h1tg000062l_0_0:608433-5733453_rc	3550409	3560680	+	10272	1.0	0.9989292319672929	60	1
HIFI032693D_1	HIFI032693D#1	CYP21A1P	CYP21	HIFI032693D#1#h1tg000062l_0_0:608433-5733453_rc	3584869	3588143	+	3274	1.0	0.9987782529016493	60	1
HIFI032693D_1	HIFI032693D#1	CYP21A1P	CYP21	HIFI032693D#1#h1tg000062l_0_0:608433-5733453_rc	3611236	3614510	+	3274	1.0	0.9768433881779403	0	1
HIFI032693D_1	HIFI032693D#1	CYP21A2	CYP21	HIFI032693D#1#h1tg000062l_0_0:608433-5733453_rc	3611281	3614510	+	3230	1.0	0.9981424148606811	60	1
HIFI032693D_1	HIFI032693D#1	CYP21A2	CYP21	HIFI032693D#1#h1tg000062l_0_0:608433-5733453_rc	3584919	3588143	+	3230	0.9984520123839009	0.9780389730900093	0	1
HIFI032693D_1	HIFI032693D#1	TNXA	TNX	HIFI032693D#1#h1tg000062l_0_0:608433-5733453_rc	3587653	3592257	-	4604	1.0	0.9960903562119896	14	1
HIFI032693D_1	HIFI032693D#1	TNXA	TNX	HIFI032693D#1#h1tg000062l_0_0:608433-5733453_rc	3614020	3618743	-	4604	1.0	0.9703640982218459	0	1
HIFI032693D_1	HIFI032693D#1	TNXB	TNX	HIFI032693D#1#h1tg000062l_0_0:608433-5733453_rc	3614018	3682206	-	68186	1.0	0.9995014297235868	60	1
HIFI032693D_1	HIFI032693D#1	WHR1B	WHR1	HIFI032693D#1#h1tg000062l_0_0:608433-5733453_rc	3592503	3593021	+	518	1.0	0.9980694980694981	60	1
HIFI032693D_1	HIFI032693D#1	WHR1B	WHR1	HIFI032693D#1#h1tg000062l_0_0:608433-5733453_rc	3559765	3560283	+	518	1.0	0.9922779922779923	0	1
HIFI032693D_2	HIFI032693D#2	WHR1	WHR1	HIFI032693D#2#h2tg000033l_0_0:607815-5813555_rc	3626372	3636644	+	10272	1.0	0.9991239170641487	60	1
HIFI032693D_2	HIFI032693D#2	CYP21A1P	CYP21	HIFI032693D#2#h2tg000033l_0_0:607815-5813555_rc	3660833	3664107	+	3274	1.0	0.9978619425778864	60	1
HIFI032693D_2	HIFI032693D#2	CYP21A1P	CYP21	HIFI032693D#2#h2tg000033l_0_0:607815-5813555_rc	3693568	3696840	+	3274	1.0	0.9783734389278099	0	1
HIFI032693D_2	HIFI032693D#2	CYP21A2	CYP21	HIFI032693D#2#h2tg000033l_0_0:607815-5813555_rc	3693613	3696840	+	3230	1.0	0.9953560371517027	60	1
HIFI032693D_2	HIFI032693D#2	CYP21A2	CYP21	HIFI032693D#2#h2tg000033l_0_0:607815-5813555_rc	3660883	3664107	+	3230	0.9984520123839009	0.9777296628518404	0	1
HIFI032693D_2	HIFI032693D#2	TNXA	TNX	HIFI032693D#2#h2tg000033l_0_0:607815-5813555_rc	3663617	3668221	-	4604	1.0	0.9978279756733276	60	1
HIFI032693D_2	HIFI032693D#2	TNXA	TNX	HIFI032693D#2#h2tg000033l_0_0:607815-5813555_rc	3696350	3701073	-	4604	1.0	0.9690939881456393	0	1
HIFI032693D_2	HIFI032693D#2	TNXB	TNX	HIFI032693D#2#h2tg000033l_0_0:607815-5813555_rc	3696348	3764525	-	68186	1.0	0.9988563049853373	60	1
HIFI032693D_2	HIFI032693D#2	WHR1B	WHR1	HIFI032693D#2#h2tg000033l_0_0:607815-5813555_rc	3668467	3668985	+	518	1.0	0.9980694980694981	60	1
HIFI032693D_2	HIFI032693D#2	WHR1B	WHR1	HIFI032693D#2#h2tg000033l_0_0:607815-5813555_rc	3635729	3636247	+	518	1.0	0.9942084942084942	0	1
HIFI032698D_1	HIFI032698D#1	WHR1	WHR1	HIFI032698D#1#h1tg000101l_0_0:610392-3981084_rc	1791504	1801777	+	10272	1.0	0.9993186021610045	60	1
HIFI032698D_1	HIFI032698D#1	CYP21A1P	CYP21	HIFI032698D#1#h1tg000101l_0_0:610392-3981084_rc	1825966	1829240	+	3274	1.0	0.9984728161270617	60	1
HIFI032698D_1	HIFI032698D#1	CYP21A1P	CYP21	HIFI032698D#1#h1tg000101l_0_0:610392-3981084_rc	1852332	1855607	+	3274	1.0	0.977155041120926	0	1
HIFI032698D_1	HIFI032698D#1	CYP21A2	CYP21	HIFI032698D#1#h1tg000101l_0_0:610392-3981084_rc	1852382	1855607	+	3230	0.9984520123839009	0.9984496124031008	60	1
HIFI032698D_1	HIFI032698D#1	CYP21A2	CYP21	HIFI032698D#1#h1tg000101l_0_0:610392-3981084_rc	1826016	1829240	+	3230	0.9984520123839009	0.9777296628518404	0	1
HIFI032698D_1	HIFI032698D#1	TNXA	TNX	HIFI032698D#1#h1tg000101l_0_0:610392-3981084_rc	1828750	1833354	-	4604	1.0	0.9980451781059948	60	1
HIFI032698D_1	HIFI032698D#1	TNXA	TNX	HIFI032698D#1#h1tg000101l_0_0:610392-3981084_rc	1855117	1859840	-	4604	1.0	0.9701524132091448	0	1
HIFI032698D_1	HIFI032698D#1	TNXB	TNX	HIFI032698D#1#h1tg000101l_0_0:610392-3981084_rc	1855115	1923322	-	68186	1.0	0.9990911089936231	60	1
HIFI032698D_1	HIFI032698D#1	WHR1B	WHR1	HIFI032698D#1#h1tg000101l_0_0:610392-3981084_rc	1833600	1834118	+	518	1.0	0.9961389961389961	43	1
HIFI032698D_1	HIFI032698D#1	WHR1B	WHR1	HIFI032698D#1#h1tg000101l_0_0:610392-3981084_rc	1800862	1801380	+	518	1.0	0.9942084942084942	0	1
HIFI032698D_2	HIFI032698D#2	WHR1	WHR1	HIFI032698D#2#h2tg000030l_0_0:608806-5742659_rc	3548315	3558587	+	10272	1.0	0.9991239170641487	60	1
HIFI032698D_2	HIFI032698D#2	CYP21A1P	CYP21	HIFI032698D#2#h2tg000030l_0_0:608806-5742659_rc	3582776	3586050	+	3274	1.0	0.998167379352474	60	1
HIFI032698D_2	HIFI032698D#2	CYP21A1P	CYP21	HIFI032698D#2#h2tg000030l_0_0:608806-5742659_rc	3615511	3618782	+	3274	1.0	0.97775746496039	0	1
HIFI032698D_2	HIFI032698D#2	CYP21A2	CYP21	HIFI032698D#2#h2tg000030l_0_0:608806-5742659_rc	3615556	3618782	+	3230	1.0	0.9956656346749226	60	1
HIFI032698D_2	HIFI032698D#2	CYP21A2	CYP21	HIFI032698D#2#h2tg000030l_0_0:608806-5742659_rc	3582826	3586050	+	3230	0.9984520123839009	0.9780389730900093	0	1
HIFI032698D_2	HIFI032698D#2	TNXA	TNX	HIFI032698D#2#h2tg000030l_0_0:608806-5742659_rc	3585560	3590164	-	4604	1.0	0.9980451781059948	60	1
HIFI032698D_2	HIFI032698D#2	TNXA	TNX	HIFI032698D#2#h2tg000030l_0_0:608806-5742659_rc	3618292	3623015	-	4604	1.0	0.9688823031329382	0	1
HIFI032698D_2	HIFI032698D#2	TNXB	TNX	HIFI032698D#2#h2tg000030l_0_0:608806-5742659_rc	3618290	3686459	-	68186	1.0	0.9987390029325514	60	1
HIFI032698D_2	HIFI032698D#2	WHR1B	WHR1	HIFI032698D#2#h2tg000030l_0_0:608806-5742659_rc	3590410	3590928	+	518	1.0	0.9980694980694981	60	1
HIFI032698D_2	HIFI032698D#2	WHR1B	WHR1	HIFI032698D#2#h2tg000030l_0_0:608806-5742659_rc	3557672	3558190	+	518	1.0	0.9942084942084942	0	1
HIFI032706D_1	HIFI032706D#1	WHR1	WHR1	HIFI032706D#1#h1tg000016l_0_0:611062-5619397_rc	3500790	3511061	+	10272	1.0	0.9994158878504673	60	1
HIFI032706D_1	HIFI032706D#1	CYP21A1P	CYP21	HIFI032706D#1#h1tg000016l_0_0:611062-5619397_rc	3528883	3532157	+	3274	1.0	0.9969456322541234	60	1
HIFI032706D_1	HIFI032706D#1	CYP21A1P	CYP21	HIFI032706D#1#h1tg000016l_0_0:611062-5619397_rc	3555250	3558525	+	3274	1.0	0.977155041120926	0	1
HIFI032706D_1	HIFI032706D#1	CYP21A2	CYP21	HIFI032706D#1#h1tg000016l_0_0:611062-5619397_rc	3555295	3558525	+	3230	1.0	0.9975232198142415	60	1
HIFI032706D_1	HIFI032706D#1	CYP21A2	CYP21	HIFI032706D#1#h1tg000016l_0_0:611062-5619397_rc	3528933	3532157	+	3230	0.9984520123839009	0.9768017321373338	0	1
HIFI032706D_1	HIFI032706D#1	TNXA	TNX	HIFI032706D#1#h1tg000016l_0_0:611062-5619397_rc	3531667	3536271	-	4604	1.0	0.9978279756733276	60	1
HIFI032706D_1	HIFI032706D#1	TNXA	TNX	HIFI032706D#1#h1tg000016l_0_0:611062-5619397_rc	3558035	3562758	-	4604	1.0	0.9701524132091448	0	1
HIFI032706D_1	HIFI032706D#1	TNXB	TNX	HIFI032706D#1#h1tg000016l_0_0:611062-5619397_rc	3558033	3626236	-	68186	1.0	0.9991790180469425	60	1
HIFI032706D_1	HIFI032706D#1	WHR1B	WHR1	HIFI032706D#1#h1tg000016l_0_0:611062-5619397_rc	3536517	3537035	+	518	1.0	0.9980694980694981	34	1
HIFI032706D_1	HIFI032706D#1	WHR1B	WHR1	HIFI032706D#1#h1tg000016l_0_0:611062-5619397_rc	3510146	3510664	+	518	1.0	0.9961389961389961	0	1
HIFI032706D_2	HIFI032706D#2	WHR1	WHR1	HIFI032706D#2#h2tg000095l_0_0:607465-5690513_rc	3552249	3562511	+	10272	1.0	0.9978582554517134	60	1
HIFI032706D_2	HIFI032706D#2	CYP21A1P	CYP21	HIFI032706D#2#h2tg000095l_0_0:607465-5690513_rc	3586701	3589975	+	3274	1.0	0.9969456322541234	60	1
HIFI032706D_2	HIFI032706D#2	CYP21A1P	CYP21	HIFI032706D#2#h2tg000095l_0_0:607465-5690513_rc	3613067	3616341	+	3274	1.0	0.9780621572212066	0	1
HIFI032706D_2	HIFI032706D#2	CYP21A2	CYP21	HIFI032706D#2#h2tg000095l_0_0:607465-5690513_rc	3613112	3616341	+	3230	1.0	0.9981424148606811	60	1
HIFI032706D_2	HIFI032706D#2	CYP21A2	CYP21	HIFI032706D#2#h2tg000095l_0_0:607465-5690513_rc	3586751	3589975	+	3230	0.9984520123839009	0.9786575935663471	0	1
HIFI032706D_2	HIFI032706D#2	TNXA	TNX	HIFI032706D#2#h2tg000095l_0_0:607465-5690513_rc	3589485	3594089	-	4604	1.0	0.9960903562119896	60	1
HIFI032706D_2	HIFI032706D#2	TNXA	TNX	HIFI032706D#2#h2tg000095l_0_0:607465-5690513_rc	3615851	3620574	-	4604	1.0	0.968458933107536	0	1
HIFI032706D_2	HIFI032706D#2	TNXB	TNX	HIFI032706D#2#h2tg000095l_0_0:607465-5690513_rc	3615849	3684035	-	68186	1.0	0.9989295716820388	60	1
HIFI032706D_2	HIFI032706D#2	WHR1B	WHR1	HIFI032706D#2#h2tg000095l_0_0:607465-5690513_rc	3594335	3594853	+	518	1.0	0.9961389961389961	60	1
HIFI032706D_2	HIFI032706D#2	WHR1B	WHR1	HIFI032706D#2#h2tg000095l_0_0:607465-5690513_rc	3561599	3562114	+	518	1.0	0.9884169884169884	0	1
HIFI032711D_1	HIFI032711D#1	WHR1	WHR1	HIFI032711D#1#h1tg000033l_0_0:609337-5753811_rc	3561523	3571786	+	10272	1.0	0.9981503115264797	60	1
HIFI032711D_1	HIFI032711D#1	CYP21A1P	CYP21	HIFI032711D#1#h1tg000033l_0_0:609337-5753811_rc	3595976	3599250	+	3274	1.0	0.9969456322541234	60	1
HIFI032711D_1	HIFI032711D#1	CYP21A1P	CYP21	HIFI032711D#1#h1tg000033l_0_0:609337-5753811_rc	3628710	3631985	+	3274	1.0	0.9780688394760889	0	1
HIFI032711D_1	HIFI032711D#1	CYP21A2	CYP21	HIFI032711D#1#h1tg000033l_0_0:609337-5753811_rc	3628755	3631985	+	3230	1.0	0.9975232198142415	60	1
HIFI032711D_1	HIFI032711D#1	CYP21A2	CYP21	HIFI032711D#1#h1tg000033l_0_0:609337-5753811_rc	3596026	3599250	+	3230	0.9984520123839009	0.9786575935663471	0	1
HIFI032711D_1	HIFI032711D#1	TNXA	TNX	HIFI032711D#1#h1tg000033l_0_0:609337-5753811_rc	3598760	3603364	-	4604	1.0	0.9967419635099913	60	1
HIFI032711D_1	HIFI032711D#1	TNXA	TNX	HIFI032711D#1#h1tg000033l_0_0:609337-5753811_rc	3631495	3636218	-	4604	1.0	0.9688823031329382	0	1
HIFI032711D_1	HIFI032711D#1	TNXB	TNX	HIFI032711D#1#h1tg000033l_0_0:609337-5753811_rc	3631493	3699753	-	68186	1.0	0.9977590297917216	60	1
HIFI032711D_1	HIFI032711D#1	WHR1B	WHR1	HIFI032711D#1#h1tg000033l_0_0:609337-5753811_rc	3603610	3604128	+	518	1.0	0.9961389961389961	60	1
HIFI032711D_1	HIFI032711D#1	WHR1B	WHR1	HIFI032711D#1#h1tg000033l_0_0:609337-5753811_rc	3570874	3571389	+	518	1.0	0.9884169884169884	0	1
HIFI032711D_2	HIFI032711D#2	WHR1	WHR1	HIFI032711D#2#h2tg000080l_0_0:611264-5763252_rc	3546471	3556742	+	10272	1.0	0.9989292319672929	60	1
HIFI032711D_2	HIFI032711D#2	CYP21A1P	CYP21	HIFI032711D#2#h2tg000080l_0_0:611264-5763252_rc	3613669	3616943	+	3274	1.0	0.9987782529016493	0	1
HIFI032711D_2	HIFI032711D#2	CYP21A1P	CYP21	HIFI032711D#2#h2tg000080l_0_0:611264-5763252_rc	3580931	3584205	+	3274	1.0	0.9987782529016493	0	1
HIFI032711D_2	HIFI032711D#2	CYP21A1P	CYP21	HIFI032711D#2#h2tg000080l_0_0:611264-5763252_rc	3640036	3643310	+	3274	1.0	0.9768433881779403	0	1
HIFI032711D_2	HIFI032711D#2	CYP21A2	CYP21	HIFI032711D#2#h2tg000080l_0_0:611264-5763252_rc	3640081	3643310	+	3230	1.0	0.9981424148606811	60	1
HIFI032711D_2	HIFI032711D#2	CYP21A2	CYP21	HIFI032711D#2#h2tg000080l_0_0:611264-5763252_rc	3613719	3616943	+	3230	0.9984520123839009	0.9780389730900093	0	1
HIFI032711D_2	HIFI032711D#2	CYP21A2	CYP21	HIFI032711D#2#h2tg000080l_0_0:611264-5763252_rc	3580981	3584205	+	3230	0.9984520123839009	0.9780389730900093	0	1
HIFI032711D_2	HIFI032711D#2	TNXA	TNX	HIFI032711D#2#h2tg000080l_0_0:611264-5763252_rc	3616453	3621057	-	4604	1.0	0.9963075586446568	4	1
HIFI032711D_2	HIFI032711D#2	TNXA	TNX	HIFI032711D#2#h2tg000080l_0_0:611264-5763252_rc	3583715	3588319	-	4604	1.0	0.9960903562119896	0	1
HIFI032711D_2	HIFI032711D#2	TNXA	TNX	HIFI032711D#2#h2tg000080l_0_0:611264-5763252_rc	3642820	3647543	-	4604	1.0	0.9699407281964437	0	1
HIFI032711D_2	HIFI032711D#2	TNXB	TNX	HIFI032711D#2#h2tg000080l_0_0:611264-5763252_rc	3642818	3711004	-	68186	1.0	0.999340166278098	60	1
HIFI032711D_2	HIFI032711D#2	WHR1B	WHR1	HIFI032711D#2#h2tg000080l_0_0:611264-5763252_rc	3621303	3621821	+	518	1.0	0.9980694980694981	0	1
HIFI032711D_2	HIFI032711D#2	WHR1B	WHR1	HIFI032711D#2#h2tg000080l_0_0:611264-5763252_rc	3588565	3589083	+	518	1.0	0.9980694980694981	0	1
HIFI032711D_2	HIFI032711D#2	WHR1B	WHR1	HIFI032711D#2#h2tg000080l_0_0:611264-5763252_rc	3555827	3556345	+	518	1.0	0.9922779922779923	0	1
HIFI032731D_1	HIFI032731D#1	WHR1	WHR1	HIFI032731D#1#h1tg000273l_0_0:606929-5771846_rc	3561193	3571460	+	10272	1.0	0.9982478341282974	60	1
HIFI032731D_1	HIFI032731D#1	CYP21A1P	CYP21	HIFI032731D#1#h1tg000273l_0_0:606929-5771846_rc	3595649	3598922	+	3274	1.0	0.9969456322541234	60	1
HIFI032731D_1	HIFI032731D#1	CYP21A1P	CYP21	HIFI032731D#1#h1tg000273l_0_0:606929-5771846_rc	3622015	3625290	+	3274	1.0	0.9762412427657631	0	1
HIFI032731D_1	HIFI032731D#1	CYP21A2	CYP21	HIFI032731D#1#h1tg000273l_0_0:606929-5771846_rc	3622060	3625290	+	3230	1.0	0.9969040247678018	60	1
HIFI032731D_1	HIFI032731D#1	CYP21A2	CYP21	HIFI032731D#1#h1tg000273l_0_0:606929-5771846_rc	3595699	3598922	+	3230	0.9984520123839009	0.9768017321373338	0	1
HIFI032731D_1	HIFI032731D#1	TNXA	TNX	HIFI032731D#1#h1tg000273l_0_0:606929-5771846_rc	3598432	3603036	-	4604	1.0	0.9963075586446568	60	1
HIFI032731D_1	HIFI032731D#1	TNXA	TNX	HIFI032731D#1#h1tg000273l_0_0:606929-5771846_rc	3624800	3629524	-	4604	1.0	0.9686706181202371	0	1
HIFI032731D_1	HIFI032731D#1	TNXB	TNX	HIFI032731D#1#h1tg000273l_0_0:606929-5771846_rc	3624798	3692958	-	68186	1.0	0.998137966424749	60	1
HIFI032731D_1	HIFI032731D#1	WHR1B	WHR1	HIFI032731D#1#h1tg000273l_0_0:606929-5771846_rc	3570545	3571063	+	518	1.0	0.9942084942084942	0	1
HIFI032731D_1	HIFI032731D#1	WHR1B	WHR1	HIFI032731D#1#h1tg000273l_0_0:606929-5771846_rc	3603282	3603800	+	518	1.0	0.9942084942084942	0	1
HIFI032731D_2	HIFI032731D#2	WHR1	WHR1	HIFI032731D#2#h2tg000012l_0_0:303976-5468014	3557798	3568072	+	10272	1.0	0.9986376021798365	60	1
HIFI032731D_2	HIFI032731D#2	CYP21A1P	CYP21	HIFI032731D#2#h2tg000012l_0_0:303976-5468014	3624999	3628273	+	3274	1.0	0.9987782529016493	0	1
HIFI032731D_2	HIFI032731D#2	CYP21A1P	CYP21	HIFI032731D#2#h2tg000012l_0_0:303976-5468014	3592261	3595535	+	3274	1.0	0.9987782529016493	0	1
HIFI032731D_2	HIFI032731D#2	CYP21A1P	CYP21	HIFI032731D#2#h2tg000012l_0_0:303976-5468014	3651366	3654640	+	3274	1.0	0.9765386959171237	0	1
HIFI032731D_2	HIFI032731D#2	CYP21A2	CYP21	HIFI032731D#2#h2tg000012l_0_0:303976-5468014	3651411	3654640	+	3230	1.0	0.9978328173374613	60	1
HIFI032731D_2	HIFI032731D#2	CYP21A2	CYP21	HIFI032731D#2#h2tg000012l_0_0:303976-5468014	3592311	3595535	+	3230	0.9984520123839009	0.9780389730900093	0	1
HIFI032731D_2	HIFI032731D#2	CYP21A2	CYP21	HIFI032731D#2#h2tg000012l_0_0:303976-5468014	3625049	3628273	+	3230	0.9984520123839009	0.9780389730900093	0	1
HIFI032731D_2	HIFI032731D#2	TNXA	TNX	HIFI032731D#2#h2tg000012l_0_0:303976-5468014	3627783	3632387	-	4604	1.0	0.9963075586446568	4	1
HIFI032731D_2	HIFI032731D#2	TNXA	TNX	HIFI032731D#2#h2tg000012l_0_0:303976-5468014	3595045	3599649	-	4604	1.0	0.9960903562119896	0	1
HIFI032731D_2	HIFI032731D#2	TNXA	TNX	HIFI032731D#2#h2tg000012l_0_0:303976-5468014	3654150	3658873	-	4604	1.0	0.9699407281964437	0	1
HIFI032731D_2	HIFI032731D#2	TNXB	TNX	HIFI032731D#2#h2tg000012l_0_0:303976-5468014	3654148	3722336	-	68186	1.0	0.9993694922212936	60	1
HIFI032731D_2	HIFI032731D#2	WHR1B	WHR1	HIFI032731D#2#h2tg000012l_0_0:303976-5468014	3599895	3600413	+	518	1.0	0.9980694980694981	0	1
HIFI032731D_2	HIFI032731D#2	WHR1B	WHR1	HIFI032731D#2#h2tg000012l_0_0:303976-5468014	3632633	3633151	+	518	1.0	0.9980694980694981	0	1
HIFI032731D_2	HIFI032731D#2	WHR1B	WHR1	HIFI032731D#2#h2tg000012l_0_0:303976-5468014	3567157	3567675	+	518	1.0	0.9922779922779923	0	1
KOREF1_1	KOREF1#1	WHR1	WHR1	KOREF1#1#chr6_85671:28288069-33527843	3552165	3562437	+	10272	1.0	0.9998052959501558	60	1
KOREF1_1	KOREF1#1	CYP21A1P	CYP21	KOREF1#1#chr6_85671:28288069-33527843	3586625	3589898	+	3274	1.0	0.9978619425778864	60	1
KOREF1_1	KOREF1#1	CYP21A1P	CYP21	KOREF1#1#chr6_85671:28288069-33527843	3612986	3616260	+	3274	1.0	0.9771480804387569	0	1
KOREF1_1	KOREF1#1	CYP21A2	CYP21	KOREF1#1#chr6_85671:28288069-33527843	3613031	3616260	+	3230	1.0	0.9981424148606811	60	1
KOREF1_1	KOREF1#1	CYP21A2	CYP21	KOREF1#1#chr6_85671:28288069-33527843	3586670	3589898	+	3230	1.0	0.9774552192711551	0	1
KOREF1_1	KOREF1#1	TNXA	TNX	KOREF1#1#chr6_85671:28288069-33527843	3589408	3594012	-	4604	1.0	0.9978279756733276	60	1
KOREF1_1	KOREF1#1	TNXA	TNX	KOREF1#1#chr6_85671:28288069-33527843	3615770	3620493	-	4604	1.0	0.9686706181202371	0	1
KOREF1_1	KOREF1#1	TNXB	TNX	KOREF1#1#chr6_85671:28288069-33527843	3615768	3683973	-	68186	1.0	0.9986368233586913	60	1
KOREF1_1	KOREF1#1	WHR1B	WHR1	KOREF1#1#chr6_85671:28288069-33527843	3594258	3594776	+	518	1.0	0.9961389961389961	43	1
KOREF1_1	KOREF1#1	WHR1B	WHR1	KOREF1#1#chr6_85671:28288069-33527843	3561522	3562040	+	518	1.0	0.9942084942084942	0	1
KOREF1_2	KOREF1#2	WHR1	WHR1	KOREF1#2#chr6_93216:28299861-33486856	3608882	3619154	+	10272	1.0	0.9993186021610045	60	1
KOREF1_2	KOREF1#2	CYP21A1P	CYP21	KOREF1#2#chr6_93216:28299861-33486856	3643343	3646616	+	3274	1.0	0.996334758704948	60	1
KOREF1_2	KOREF1#2	CYP21A1P	CYP21	KOREF1#2#chr6_93216:28299861-33486856	3669709	3672983	+	3274	1.0	0.9774527726995734	0	1
KOREF1_2	KOREF1#2	CYP21A2	CYP21	KOREF1#2#chr6_93216:28299861-33486856	3669754	3672983	+	3230	1.0	0.9987616099071207	60	1
KOREF1_2	KOREF1#2	CYP21A2	CYP21	KOREF1#2#chr6_93216:28299861-33486856	3643393	3646616	+	3230	0.9984520123839009	0.979269801980198	0	1
KOREF1_2	KOREF1#2	TNXA	TNX	KOREF1#2#chr6_93216:28299861-33486856	3646126	3650730	-	4604	1.0	0.9976107732406603	60	1
KOREF1_2	KOREF1#2	TNXA	TNX	KOREF1#2#chr6_93216:28299861-33486856	3672493	3677216	-	4604	1.0	0.9690939881456393	0	1
KOREF1_2	KOREF1#2	TNXB	TNX	KOREF1#2#chr6_93216:28299861-33486856	3672491	3740671	-	68186	1.0	0.9992081763127411	60	1
KOREF1_2	KOREF1#2	WHR1B	WHR1	KOREF1#2#chr6_93216:28299861-33486856	3650976	3651494	+	518	1.0	0.9980694980694981	34	1
KOREF1_2	KOREF1#2	WHR1B	WHR1	KOREF1#2#chr6_93216:28299861-33486856	3618239	3618757	+	518	1.0	0.9961389961389961	0	1
KOREF2_1	KOREF2#1	WHR1	WHR1	KOREF2#1#Unplaced_h1tg000017l_2237953:24965590-30159345_rc	3615649	3625912	+	10272	1.0	0.9981503115264797	60	1
KOREF2_1	KOREF2#1	CYP21A1P	CYP21	KOREF2#1#Unplaced_h1tg000017l_2237953:24965590-30159345_rc	3650101	3653375	+	3274	1.0	0.9966401954795358	60	1
KOREF2_1	KOREF2#1	CYP21A1P	CYP21	KOREF2#1#Unplaced_h1tg000017l_2237953:24965590-30159345_rc	3676467	3679742	+	3274	1.0	0.977459640572647	0	1
KOREF2_1	KOREF2#1	CYP21A2	CYP21	KOREF2#1#Unplaced_h1tg000017l_2237953:24965590-30159345_rc	3676512	3679742	+	3230	1.0	0.9981424148606811	60	1
KOREF2_1	KOREF2#1	CYP21A2	CYP21	KOREF2#1#Unplaced_h1tg000017l_2237953:24965590-30159345_rc	3650151	3653375	+	3230	0.9984520123839009	0.9783482833281781	0	1
KOREF2_1	KOREF2#1	TNXA	TNX	KOREF2#1#Unplaced_h1tg000017l_2237953:24965590-30159345_rc	3652885	3657489	-	4604	1.0	0.9960903562119896	50	1
KOREF2_1	KOREF2#1	TNXA	TNX	KOREF2#1#Unplaced_h1tg000017l_2237953:24965590-30159345_rc	3679252	3683975	-	4604	1.0	0.9690939881456393	0	1
KOREF2_1	KOREF2#1	TNXB	TNX	KOREF2#1#Unplaced_h1tg000017l_2237953:24965590-30159345_rc	3679250	3747444	-	68186	1.0	0.9987391693178319	60	1
KOREF2_1	KOREF2#1	WHR1B	WHR1	KOREF2#1#Unplaced_h1tg000017l_2237953:24965590-30159345_rc	3657735	3658253	+	518	1.0	0.9961389961389961	60	1
KOREF2_1	KOREF2#1	WHR1B	WHR1	KOREF2#1#Unplaced_h1tg000017l_2237953:24965590-30159345_rc	3625000	3625515	+	518	1.0	0.9864864864864865	0	1
KOREF2_2	KOREF2#2	WHR1	WHR1	KOREF2#2#Unplaced_h2tg000026l_88481:28271060-33401074	3552621	3562893	+	10272	1.0	0.9991239170641487	60	1
KOREF2_2	KOREF2#2	CYP21A1P	CYP21	KOREF2#2#Unplaced_h2tg000026l_88481:28271060-33401074	3587082	3590356	+	3274	1.0	0.9978619425778864	60	1
KOREF2_2	KOREF2#2	CYP21A1P	CYP21	KOREF2#2#Unplaced_h2tg000026l_88481:28271060-33401074	3619817	3623092	+	3274	1.0	0.977155041120926	0	1
KOREF2_2	KOREF2#2	CYP21A2	CYP21	KOREF2#2#Unplaced_h2tg000026l_88481:28271060-33401074	3619862	3623092	+	3230	1.0	0.9975232198142415	60	1
KOREF2_2	KOREF2#2	CYP21A2	CYP21	KOREF2#2#Unplaced_h2tg000026l_88481:28271060-33401074	3587132	3590356	+	3230	0.9984520123839009	0.9777296628518404	0	1
KOREF2_2	KOREF2#2	TNXA	TNX	KOREF2#2#Unplaced_h2tg000026l_88481:28271060-33401074	3589866	3594470	-	4604	1.0	0.9980451781059948	57	1
KOREF2_2	KOREF2#2	TNXA	TNX	KOREF2#2#Unplaced_h2tg000026l_88481:28271060-33401074	3622602	3627325	-	4604	1.0	0.970575783234547	0	1
KOREF2_2	KOREF2#2	TNXB	TNX	KOREF2#2#Unplaced_h2tg000026l_88481:28271060-33401074	3622600	3690797	-	68186	1.0	0.9993402049763207	60	1
KOREF2_2	KOREF2#2	WHR1B	WHR1	KOREF2#2#Unplaced_h2tg000026l_88481:28271060-33401074	3594716	3595234	+	518	1.0	0.9961389961389961	43	1
KOREF2_2	KOREF2#2	WHR1B	WHR1	KOREF2#2#Unplaced_h2tg000026l_88481:28271060-33401074	3561978	3562496	+	518	1.0	0.9942084942084942	0	1
KPanRef-071_1	KPanRef-071#1	WHR1	WHR1	KPanRef-071#1#Unplaced_h1tg000003l_114042770:24917513-29983750_rc	3552398	3562670	+	10272	1.0	0.9999026479750779	60	1
KPanRef-071_1	KPanRef-071#1	CYP21A1P	CYP21	KPanRef-071#1#Unplaced_h1tg000003l_114042770:24917513-29983750_rc	3586858	3590131	+	3274	1.0	0.9975565058032987	60	1
KPanRef-071_1	KPanRef-071#1	CYP21A1P	CYP21	KPanRef-071#1#Unplaced_h1tg000003l_114042770:24917513-29983750_rc	3613219	3616493	+	3274	1.0	0.9771480804387569	0	1
KPanRef-071_1	KPanRef-071#1	CYP21A2	CYP21	KPanRef-071#1#Unplaced_h1tg000003l_114042770:24917513-29983750_rc	3613264	3616493	+	3230	1.0	0.9984520123839009	60	1
KPanRef-071_1	KPanRef-071#1	CYP21A2	CYP21	KPanRef-071#1#Unplaced_h1tg000003l_114042770:24917513-29983750_rc	3586903	3590131	+	3230	1.0	0.9777640518838789	0	1
KPanRef-071_1	KPanRef-071#1	TNXA	TNX	KPanRef-071#1#Unplaced_h1tg000003l_114042770:24917513-29983750_rc	3589641	3594245	-	4604	1.0	0.9978279756733276	60	1
KPanRef-071_1	KPanRef-071#1	TNXA	TNX	KPanRef-071#1#Unplaced_h1tg000003l_114042770:24917513-29983750_rc	3616003	3620726	-	4604	1.0	0.9695173581710415	0	1
KPanRef-071_1	KPanRef-071#1	TNXB	TNX	KPanRef-071#1#Unplaced_h1tg000003l_114042770:24917513-29983750_rc	3616001	3684197	-	68186	1.0	0.9988125778787657	60	1
KPanRef-071_1	KPanRef-071#1	WHR1B	WHR1	KPanRef-071#1#Unplaced_h1tg000003l_114042770:24917513-29983750_rc	3594491	3595009	+	518	1.0	0.9961389961389961	43	1
KPanRef-071_1	KPanRef-071#1	WHR1B	WHR1	KPanRef-071#1#Unplaced_h1tg000003l_114042770:24917513-29983750_rc	3561755	3562273	+	518	1.0	0.9942084942084942	0	1
KPanRef-071_2	KPanRef-071#2	WHR1	WHR1	KPanRef-071#2#Unplaced_h2tg000014l_93768:28304957-33536275	3622762	3633034	+	10272	1.0	1.0	60	1
KPanRef-071_2	KPanRef-071#2	CYP21A1P	CYP21	KPanRef-071#2#Unplaced_h2tg000014l_93768:28304957-33536275	3657223	3660497	+	3274	1.0	1.0	60	1
KPanRef-071_2	KPanRef-071#2	CYP21A1P	CYP21	KPanRef-071#2#Unplaced_h2tg000014l_93768:28304957-33536275	3689957	3693232	+	3274	1.0	0.9780688394760889	0	1
KPanRef-071_2	KPanRef-071#2	CYP21A2	CYP21	KPanRef-071#2#Unplaced_h2tg000014l_93768:28304957-33536275	3690002	3693232	+	3230	1.0	0.9996904024767802	60	1
KPanRef-071_2	KPanRef-071#2	CYP21A2	CYP21	KPanRef-071#2#Unplaced_h2tg000014l_93768:28304957-33536275	3657273	3660497	+	3230	0.9984520123839009	0.9780389730900093	0	1
KPanRef-071_2	KPanRef-071#2	TNXA	TNX	KPanRef-071#2#Unplaced_h2tg000014l_93768:28304957-33536275	3660007	3664611	-	4604	1.0	1.0	60	1
KPanRef-071_2	KPanRef-071#2	TNXA	TNX	KPanRef-071#2#Unplaced_h2tg000014l_93768:28304957-33536275	3692742	3697465	-	4604	1.0	0.970787468247248	0	1
KPanRef-071_2	KPanRef-071#2	TNXB	TNX	KPanRef-071#2#Unplaced_h2tg000014l_93768:28304957-33536275	3692740	3760932	-	68186	1.0	0.9998093673930257	60	1
KPanRef-071_2	KPanRef-071#2	WHR1B	WHR1	KPanRef-071#2#Unplaced_h2tg000014l_93768:28304957-33536275	3664857	3665375	+	518	1.0	1.0	60	1
KPanRef-071_2	KPanRef-071#2	WHR1B	WHR1	KPanRef-071#2#Unplaced_h2tg000014l_93768:28304957-33536275	3632119	3632637	+	518	1.0	0.9942084942084942	0	1
KPanRef-072_1	KPanRef-072#1	WHR1	WHR1	KPanRef-072#1#Unplaced_h1tg000009l_150514:28287169-33594415	3613054	3623325	+	10272	1.0	0.9993185358255452	60	1
KPanRef-072_1	KPanRef-072#1	CYP21A1P	CYP21	KPanRef-072#1#Unplaced_h1tg000009l_150514:28287169-33594415	3647516	3650789	+	3274	1.0	0.9975565058032987	60	1
KPanRef-072_1	KPanRef-072#1	CYP21A1P	CYP21	KPanRef-072#1#Unplaced_h1tg000009l_150514:28287169-33594415	3673882	3677157	+	3274	1.0	0.9805056350898569	0	1
KPanRef-072_1	KPanRef-072#1	CYP21A2	CYP21	KPanRef-072#1#Unplaced_h1tg000009l_150514:28287169-33594415	3673927	3677157	+	3230	1.0	0.9953560371517027	60	1
KPanRef-072_1	KPanRef-072#1	CYP21A2	CYP21	KPanRef-072#1#Unplaced_h1tg000009l_150514:28287169-33594415	3647566	3650789	+	3230	0.9984520123839009	0.9780321782178217	0	1
KPanRef-072_1	KPanRef-072#1	TNXA	TNX	KPanRef-072#1#Unplaced_h1tg000009l_150514:28287169-33594415	3650299	3654903	-	4604	1.0	0.996524761077324	23	1
KPanRef-072_1	KPanRef-072#1	TNXA	TNX	KPanRef-072#1#Unplaced_h1tg000009l_150514:28287169-33594415	3676667	3681391	-	4604	1.0	0.970575783234547	0	1
KPanRef-072_1	KPanRef-072#1	TNXB	TNX	KPanRef-072#1#Unplaced_h1tg000009l_150514:28287169-33594415	3676665	3744838	-	68186	1.0	0.9982262225870764	60	1
KPanRef-072_1	KPanRef-072#1	WHR1B	WHR1	KPanRef-072#1#Unplaced_h1tg000009l_150514:28287169-33594415	3622410	3622928	+	518	1.0	0.9980694980694981	0	1
KPanRef-072_1	KPanRef-072#1	WHR1B	WHR1	KPanRef-072#1#Unplaced_h1tg000009l_150514:28287169-33594415	3655149	3655667	+	518	1.0	0.9980694980694981	0	1
KPanRef-072_2	KPanRef-072#2	WHR1	WHR1	KPanRef-072#2#Unplaced_h2tg000010l_88675:28260606-33499306	3551150	3561422	+	10272	1.0	0.9999026479750779	60	1
KPanRef-072_2	KPanRef-072#2	CYP21A1P	CYP21	KPanRef-072#2#Unplaced_h2tg000010l_88675:28260606-33499306	3585610	3588883	+	3274	1.0	0.9978619425778864	60	1
KPanRef-072_2	KPanRef-072#2	CYP21A1P	CYP21	KPanRef-072#2#Unplaced_h2tg000010l_88675:28260606-33499306	3611971	3615245	+	3274	1.0	0.9771480804387569	0	1
KPanRef-072_2	KPanRef-072#2	CYP21A2	CYP21	KPanRef-072#2#Unplaced_h2tg000010l_88675:28260606-33499306	3612016	3615245	+	3230	1.0	0.9981424148606811	60	1
KPanRef-072_2	KPanRef-072#2	CYP21A2	CYP21	KPanRef-072#2#Unplaced_h2tg000010l_88675:28260606-33499306	3585655	3588883	+	3230	1.0	0.9774552192711551	0	1
KPanRef-072_2	KPanRef-072#2	TNXA	TNX	KPanRef-072#2#Unplaced_h2tg000010l_88675:28260606-33499306	3588393	3592997	-	4604	1.0	0.9978279756733276	60	1
KPanRef-072_2	KPanRef-072#2	TNXA	TNX	KPanRef-072#2#Unplaced_h2tg000010l_88675:28260606-33499306	3614755	3619478	-	4604	1.0	0.9693056731583404	0	1
KPanRef-072_2	KPanRef-072#2	TNXB	TNX	KPanRef-072#2#Unplaced_h2tg000010l_88675:28260606-33499306	3614753	3682954	-	68186	1.0	0.9987393541388763	60	1
KPanRef-072_2	KPanRef-072#2	WHR1B	WHR1	KPanRef-072#2#Unplaced_h2tg000010l_88675:28260606-33499306	3593243	3593761	+	518	1.0	0.9961389961389961	43	1
KPanRef-072_2	KPanRef-072#2	WHR1B	WHR1	KPanRef-072#2#Unplaced_h2tg000010l_88675:28260606-33499306	3560507	3561025	+	518	1.0	0.9942084942084942	0	1
KPanRef-073_1	KPanRef-073#1	WHR1	WHR1	KPanRef-073#1#Unplaced_h1tg000024l_134765:28276974-33409736	3542344	3552608	+	10272	1.0	0.9980531490314416	60	1
KPanRef-073_1	KPanRef-073#1	CYP21A1P	CYP21	KPanRef-073#1#Unplaced_h1tg000024l_134765:28276974-33409736	3576798	3580072	+	3274	1.0	0.9966401954795358	60	1
KPanRef-073_1	KPanRef-073#1	CYP21A1P	CYP21	KPanRef-073#1#Unplaced_h1tg000024l_134765:28276974-33409736	3603165	3606440	+	3274	1.0	0.9777642400243679	0	1
KPanRef-073_1	KPanRef-073#1	CYP21A2	CYP21	KPanRef-073#1#Unplaced_h1tg000024l_134765:28276974-33409736	3603210	3606440	+	3230	1.0	0.9978328173374613	60	1
KPanRef-073_1	KPanRef-073#1	CYP21A2	CYP21	KPanRef-073#1#Unplaced_h1tg000024l_134765:28276974-33409736	3576848	3580072	+	3230	0.9984520123839009	0.9789669038045159	0	1
KPanRef-073_1	KPanRef-073#1	TNXA	TNX	KPanRef-073#1#Unplaced_h1tg000024l_134765:28276974-33409736	3579582	3584186	-	4604	1.0	0.9969591659426585	55	1
KPanRef-073_1	KPanRef-073#1	TNXA	TNX	KPanRef-073#1#Unplaced_h1tg000024l_134765:28276974-33409736	3605950	3610673	-	4604	1.0	0.9697290431837426	0	1
KPanRef-073_1	KPanRef-073#1	TNXB	TNX	KPanRef-073#1#Unplaced_h1tg000024l_134765:28276974-33409736	3605948	3674135	-	68186	1.0	0.998988210452226	60	1
KPanRef-073_1	KPanRef-073#1	WHR1B	WHR1	KPanRef-073#1#Unplaced_h1tg000024l_134765:28276974-33409736	3584432	3584950	+	518	1.0	0.9961389961389961	60	1
KPanRef-073_1	KPanRef-073#1	WHR1B	WHR1	KPanRef-073#1#Unplaced_h1tg000024l_134765:28276974-33409736	3551696	3552211	+	518	1.0	0.9884169884169884	0	1
KPanRef-073_2	KPanRef-073#2	WHR1	WHR1	KPanRef-073#2#Unplaced_h2tg000022l_97593:28283212-33436845	3550761	3561024	+	10272	1.0	0.9981503115264797	60	1
KPanRef-073_2	KPanRef-073#2	CYP21A1P	CYP21	KPanRef-073#2#Unplaced_h2tg000022l_97593:28283212-33436845	3611585	3614859	+	3274	1.0	0.9966401954795358	0	1
KPanRef-073_2	KPanRef-073#2	CYP21A1P	CYP21	KPanRef-073#2#Unplaced_h2tg000022l_97593:28283212-33436845	3585214	3588488	+	3274	1.0	0.9966401954795358	0	1
KPanRef-073_2	KPanRef-073#2	CYP21A1P	CYP21	KPanRef-073#2#Unplaced_h2tg000022l_97593:28283212-33436845	3644319	3647594	+	3274	1.0	0.9780688394760889	0	1
KPanRef-073_2	KPanRef-073#2	CYP21A2	CYP21	KPanRef-073#2#Unplaced_h2tg000022l_97593:28283212-33436845	3644364	3647594	+	3230	1.0	0.9975232198142415	60	1
KPanRef-073_2	KPanRef-073#2	CYP21A2	CYP21	KPanRef-073#2#Unplaced_h2tg000022l_97593:28283212-33436845	3585264	3588488	+	3230	0.9984520123839009	0.9795855242808537	0	1
KPanRef-073_2	KPanRef-073#2	CYP21A2	CYP21	KPanRef-073#2#Unplaced_h2tg000022l_97593:28283212-33436845	3611635	3614859	+	3230	0.9984520123839009	0.9789669038045159	0	1
KPanRef-073_2	KPanRef-073#2	TNXA	TNX	KPanRef-073#2#Unplaced_h2tg000022l_97593:28283212-33436845	3614369	3618973	-	4604	1.0	0.9969591659426585	4	1
KPanRef-073_2	KPanRef-073#2	TNXA	TNX	KPanRef-073#2#Unplaced_h2tg000022l_97593:28283212-33436845	3587998	3592602	-	4604	1.0	0.9967419635099913	0	1
KPanRef-073_2	KPanRef-073#2	TNXA	TNX	KPanRef-073#2#Unplaced_h2tg000022l_97593:28283212-33436845	3647104	3651827	-	4604	1.0	0.9690939881456393	0	1
KPanRef-073_2	KPanRef-073#2	TNXB	TNX	KPanRef-073#2#Unplaced_h2tg000022l_97593:28283212-33436845	3647102	3715358	-	68186	1.0	0.9979199015615386	60	1
KPanRef-073_2	KPanRef-073#2	WHR1B	WHR1	KPanRef-073#2#Unplaced_h2tg000022l_97593:28283212-33436845	3592848	3593366	+	518	1.0	0.9961389961389961	0	1
KPanRef-073_2	KPanRef-073#2	WHR1B	WHR1	KPanRef-073#2#Unplaced_h2tg000022l_97593:28283212-33436845	3619219	3619737	+	518	1.0	0.9961389961389961	0	1
KPanRef-073_2	KPanRef-073#2	WHR1B	WHR1	KPanRef-073#2#Unplaced_h2tg000022l_97593:28283212-33436845	3560112	3560627	+	518	1.0	0.9884169884169884	0	1
KPanRef-074_1	KPanRef-074#1	WHR1	WHR1	KPanRef-074#1#Unplaced_h1tg000001l_114533789:24969372-30048015_rc	3502681	3512953	+	10272	1.0	0.9996105919003115	60	1
KPanRef-074_1	KPanRef-074#1	CYP21A1P	CYP21	KPanRef-074#1#Unplaced_h1tg000001l_114533789:24969372-30048015_rc	3537141	3540414	+	3274	1.0	0.9978619425778864	60	1
KPanRef-074_1	KPanRef-074#1	CYP21A1P	CYP21	KPanRef-074#1#Unplaced_h1tg000001l_114533789:24969372-30048015_rc	3563502	3566776	+	3274	1.0	0.9771480804387569	0	1
KPanRef-074_1	KPanRef-074#1	CYP21A2	CYP21	KPanRef-074#1#Unplaced_h1tg000001l_114533789:24969372-30048015_rc	3563547	3566776	+	3230	1.0	0.9981424148606811	60	1
KPanRef-074_1	KPanRef-074#1	CYP21A2	CYP21	KPanRef-074#1#Unplaced_h1tg000001l_114533789:24969372-30048015_rc	3537186	3540414	+	3230	1.0	0.9774552192711551	0	1
KPanRef-074_1	KPanRef-074#1	TNXA	TNX	KPanRef-074#1#Unplaced_h1tg000001l_114533789:24969372-30048015_rc	3539924	3544528	-	4604	1.0	0.9976107732406603	60	1
KPanRef-074_1	KPanRef-074#1	TNXA	TNX	KPanRef-074#1#Unplaced_h1tg000001l_114533789:24969372-30048015_rc	3566286	3571009	-	4604	1.0	0.9695173581710415	0	1
KPanRef-074_1	KPanRef-074#1	TNXB	TNX	KPanRef-074#1#Unplaced_h1tg000001l_114533789:24969372-30048015_rc	3566284	3634477	-	68186	1.0	0.9989004705985838	60	1
KPanRef-074_1	KPanRef-074#1	WHR1B	WHR1	KPanRef-074#1#Unplaced_h1tg000001l_114533789:24969372-30048015_rc	3512038	3512556	+	518	1.0	0.9961389961389961	0	1
KPanRef-074_1	KPanRef-074#1	WHR1B	WHR1	KPanRef-074#1#Unplaced_h1tg000001l_114533789:24969372-30048015_rc	3544774	3545292	+	518	1.0	0.9961389961389961	0	1
KPanRef-074_2	KPanRef-074#2	WHR1	WHR1	KPanRef-074#2#Unplaced_h2tg000011l_115279241:24957451-30204750_rc	3545433	3555704	+	10272	1.0	0.9999026479750779	60	1
KPanRef-074_2	KPanRef-074#2	CYP21A1P	CYP21	KPanRef-074#2#Unplaced_h2tg000011l_115279241:24957451-30204750_rc	3579889	3583162	+	3274	1.0	0.9978619425778864	60	1
KPanRef-074_2	KPanRef-074#2	CYP21A1P	CYP21	KPanRef-074#2#Unplaced_h2tg000011l_115279241:24957451-30204750_rc	3606251	3609525	+	3274	1.0	0.9771480804387569	0	1
KPanRef-074_2	KPanRef-074#2	CYP21A2	CYP21	KPanRef-074#2#Unplaced_h2tg000011l_115279241:24957451-30204750_rc	3606296	3609525	+	3230	1.0	0.9981424148606811	60	1
KPanRef-074_2	KPanRef-074#2	CYP21A2	CYP21	KPanRef-074#2#Unplaced_h2tg000011l_115279241:24957451-30204750_rc	3579934	3583162	+	3230	1.0	0.9774552192711551	0	1
KPanRef-074_2	KPanRef-074#2	TNXA	TNX	KPanRef-074#2#Unplaced_h2tg000011l_115279241:24957451-30204750_rc	3582672	3587276	-	4604	1.0	0.9978279756733276	60	1
KPanRef-074_2	KPanRef-074#2	TNXA	TNX	KPanRef-074#2#Unplaced_h2tg000011l_115279241:24957451-30204750_rc	3609035	3613758	-	4604	1.0	0.9695173581710415	0	1
KPanRef-074_2	KPanRef-074#2	TNXB	TNX	KPanRef-074#2#Unplaced_h2tg000011l_115279241:24957451-30204750_rc	3609033	3677226	-	68186	1.0	0.9989004705985838	60	1
KPanRef-074_2	KPanRef-074#2	WHR1B	WHR1	KPanRef-074#2#Unplaced_h2tg000011l_115279241:24957451-30204750_rc	3587522	3588040	+	518	1.0	0.9961389961389961	43	1
KPanRef-074_2	KPanRef-074#2	WHR1B	WHR1	KPanRef-074#2#Unplaced_h2tg000011l_115279241:24957451-30204750_rc	3554789	3555307	+	518	1.0	0.9942084942084942	0	1
KPanRef-075_1	KPanRef-075#1	WHR1	WHR1	KPanRef-075#1#Unplaced_h1tg000004l_92225:28285449-33448865	3562546	3572819	+	10272	1.0	0.999902657451572	60	1
KPanRef-075_1	KPanRef-075#1	CYP21A1P	CYP21	KPanRef-075#1#Unplaced_h1tg000004l_92225:28285449-33448865	3597008	3600281	+	3274	1.0	0.9975565058032987	60	1
KPanRef-075_1	KPanRef-075#1	CYP21A1P	CYP21	KPanRef-075#1#Unplaced_h1tg000004l_92225:28285449-33448865	3623369	3626643	+	3274	1.0	0.9771480804387569	0	1
KPanRef-075_1	KPanRef-075#1	CYP21A2	CYP21	KPanRef-075#1#Unplaced_h1tg000004l_92225:28285449-33448865	3623414	3626643	+	3230	1.0	0.9981424148606811	60	1
KPanRef-075_1	KPanRef-075#1	CYP21A2	CYP21	KPanRef-075#1#Unplaced_h1tg000004l_92225:28285449-33448865	3597053	3600281	+	3230	1.0	0.9771463866584311	0	1
KPanRef-075_1	KPanRef-075#1	TNXA	TNX	KPanRef-075#1#Unplaced_h1tg000004l_92225:28285449-33448865	3599791	3604395	-	4604	1.0	0.9971763683753258	58	1
KPanRef-075_1	KPanRef-075#1	TNXA	TNX	KPanRef-075#1#Unplaced_h1tg000004l_92225:28285449-33448865	3626153	3630876	-	4604	1.0	0.9697290431837426	0	1
KPanRef-075_1	KPanRef-075#1	TNXB	TNX	KPanRef-075#1#Unplaced_h1tg000004l_92225:28285449-33448865	3626151	3694341	-	68186	1.0	0.9988271686384894	60	1
KPanRef-075_1	KPanRef-075#1	WHR1B	WHR1	KPanRef-075#1#Unplaced_h1tg000004l_92225:28285449-33448865	3604641	3605159	+	518	1.0	0.9961389961389961	43	1
KPanRef-075_1	KPanRef-075#1	WHR1B	WHR1	KPanRef-075#1#Unplaced_h1tg000004l_92225:28285449-33448865	3571904	3572422	+	518	1.0	0.9942084942084942	0	1
KPanRef-075_2	KPanRef-075#2	WHR1	WHR1	KPanRef-075#2#Unplaced_h2tg000001l_113483410:24951192-30017318_rc	3551943	3562215	+	10272	1.0	0.9999026479750779	60	1
KPanRef-075_2	KPanRef-075#2	CYP21A1P	CYP21	KPanRef-075#2#Unplaced_h2tg000001l_113483410:24951192-30017318_rc	3586403	3589676	+	3274	1.0	0.9975565058032987	60	1
KPanRef-075_2	KPanRef-075#2	CYP21A1P	CYP21	KPanRef-075#2#Unplaced_h2tg000001l_113483410:24951192-30017318_rc	3612768	3616042	+	3274	1.0	0.9771480804387569	0	1
KPanRef-075_2	KPanRef-075#2	CYP21A2	CYP21	KPanRef-075#2#Unplaced_h2tg000001l_113483410:24951192-30017318_rc	3612813	3616042	+	3230	1.0	0.9984520123839009	60	1
KPanRef-075_2	KPanRef-075#2	CYP21A2	CYP21	KPanRef-075#2#Unplaced_h2tg000001l_113483410:24951192-30017318_rc	3586448	3589676	+	3230	1.0	0.9777640518838789	0	1
KPanRef-075_2	KPanRef-075#2	TNXA	TNX	KPanRef-075#2#Unplaced_h2tg000001l_113483410:24951192-30017318_rc	3589186	3593790	-	4604	1.0	0.9978279756733276	60	1
KPanRef-075_2	KPanRef-075#2	TNXA	TNX	KPanRef-075#2#Unplaced_h2tg000001l_113483410:24951192-30017318_rc	3615552	3620275	-	4604	1.0	0.9695173581710415	0	1
KPanRef-075_2	KPanRef-075#2	TNXB	TNX	KPanRef-075#2#Unplaced_h2tg000001l_113483410:24951192-30017318_rc	3615550	3683747	-	68186	1.0	0.9987246767715265	60	1
KPanRef-075_2	KPanRef-075#2	WHR1B	WHR1	KPanRef-075#2#Unplaced_h2tg000001l_113483410:24951192-30017318_rc	3594036	3594554	+	518	1.0	0.9961389961389961	43	1
KPanRef-075_2	KPanRef-075#2	WHR1B	WHR1	KPanRef-075#2#Unplaced_h2tg000001l_113483410:24951192-30017318_rc	3561300	3561818	+	518	1.0	0.9942084942084942	0	1
KPanRef-076-M_1	KPanRef-076-M#1	WHR1	WHR1	KPanRef-076-M#1#Unplaced_h1tg000027l_2825028:24973969-30280824_rc	3612769	3623040	+	10272	1.0	0.9992211838006231	60	1
KPanRef-076-M_1	KPanRef-076-M#1	CYP21A1P	CYP21	KPanRef-076-M#1#Unplaced_h1tg000027l_2825028:24973969-30280824_rc	3647232	3650506	+	3274	1.0	0.9978619425778864	60	1
KPanRef-076-M_1	KPanRef-076-M#1	CYP21A1P	CYP21	KPanRef-076-M#1#Unplaced_h1tg000027l_2825028:24973969-30280824_rc	3673599	3676874	+	3274	1.0	0.9805056350898569	0	1
KPanRef-076-M_1	KPanRef-076-M#1	CYP21A2	CYP21	KPanRef-076-M#1#Unplaced_h1tg000027l_2825028:24973969-30280824_rc	3673644	3676874	+	3230	1.0	0.9953560371517027	60	1
KPanRef-076-M_1	KPanRef-076-M#1	CYP21A2	CYP21	KPanRef-076-M#1#Unplaced_h1tg000027l_2825028:24973969-30280824_rc	3647282	3650506	+	3230	0.9984520123839009	0.9777296628518404	0	1
KPanRef-076-M_1	KPanRef-076-M#1	TNXA	TNX	KPanRef-076-M#1#Unplaced_h1tg000027l_2825028:24973969-30280824_rc	3650016	3654620	-	4604	1.0	0.9963075586446568	18	1
KPanRef-076-M_1	KPanRef-076-M#1	TNXA	TNX	KPanRef-076-M#1#Unplaced_h1tg000027l_2825028:24973969-30280824_rc	3676384	3681108	-	4604	1.0	0.970575783234547	0	1
KPanRef-076-M_1	KPanRef-076-M#1	TNXB	TNX	KPanRef-076-M#1#Unplaced_h1tg000027l_2825028:24973969-30280824_rc	3676382	3744554	-	68186	1.0	0.9982701498226171	60	1
KPanRef-076-M_1	KPanRef-076-M#1	WHR1B	WHR1	KPanRef-076-M#1#Unplaced_h1tg000027l_2825028:24973969-30280824_rc	3654866	3655384	+	518	1.0	0.9980694980694981	0	1
KPanRef-076-M_1	KPanRef-076-M#1	WHR1B	WHR1	KPanRef-076-M#1#Unplaced_h1tg000027l_2825028:24973969-30280824_rc	3622125	3622643	+	518	1.0	0.9980694980694981	0	1
KPanRef-076-M_2	KPanRef-076-M#2	WHR1	WHR1	KPanRef-076-M#2#Unplaced_h2tg000025l_2760357:24964198-30160929_rc	3505383	3515656	+	10272	1.0	0.999902657451572	60	1
KPanRef-076-M_2	KPanRef-076-M#2	CYP21A1P	CYP21	KPanRef-076-M#2#Unplaced_h2tg000025l_2760357:24964198-30160929_rc	3539844	3543118	+	3274	1.0	1.0	60	1
KPanRef-076-M_2	KPanRef-076-M#2	CYP21A1P	CYP21	KPanRef-076-M#2#Unplaced_h2tg000025l_2760357:24964198-30160929_rc	3572578	3575853	+	3274	1.0	0.9780688394760889	0	1
KPanRef-076-M_2	KPanRef-076-M#2	CYP21A2	CYP21	KPanRef-076-M#2#Unplaced_h2tg000025l_2760357:24964198-30160929_rc	3572623	3575853	+	3230	1.0	0.9996904024767802	60	1
KPanRef-076-M_2	KPanRef-076-M#2	CYP21A2	CYP21	KPanRef-076-M#2#Unplaced_h2tg000025l_2760357:24964198-30160929_rc	3539894	3543118	+	3230	0.9984520123839009	0.9780389730900093	0	1
KPanRef-076-M_2	KPanRef-076-M#2	TNXA	TNX	KPanRef-076-M#2#Unplaced_h2tg000025l_2760357:24964198-30160929_rc	3542628	3547232	-	4604	1.0	0.9995655951346655	60	1
KPanRef-076-M_2	KPanRef-076-M#2	TNXA	TNX	KPanRef-076-M#2#Unplaced_h2tg000025l_2760357:24964198-30160929_rc	3575363	3580086	-	4604	1.0	0.9701524132091448	0	1
KPanRef-076-M_2	KPanRef-076-M#2	TNXB	TNX	KPanRef-076-M#2#Unplaced_h2tg000025l_2760357:24964198-30160929_rc	3575361	3643559	-	68186	1.0	0.9996334364598759	60	1
KPanRef-076-M_2	KPanRef-076-M#2	WHR1B	WHR1	KPanRef-076-M#2#Unplaced_h2tg000025l_2760357:24964198-30160929_rc	3547478	3547996	+	518	1.0	1.0	60	1
KPanRef-076-M_2	KPanRef-076-M#2	WHR1B	WHR1	KPanRef-076-M#2#Unplaced_h2tg000025l_2760357:24964198-30160929_rc	3514741	3515259	+	518	1.0	0.9942084942084942	0	1
KPanRef-076-P_1	KPanRef-076-P#1	WHR1	WHR1	KPanRef-076-P#1#Unplaced_h1tg000017l_88124:28282601-33357961	3555091	3565363	+	10272	1.0	0.9990265745157209	60	1
KPanRef-076-P_1	KPanRef-076-P#1	CYP21A1P	CYP21	KPanRef-076-P#1#Unplaced_h1tg000017l_88124:28282601-33357961	3589552	3592826	+	3274	1.0	0.998167379352474	60	1
KPanRef-076-P_1	KPanRef-076-P#1	CYP21A1P	CYP21	KPanRef-076-P#1#Unplaced_h1tg000017l_88124:28282601-33357961	3622287	3625562	+	3274	1.0	0.9777642400243679	0	1
KPanRef-076-P_1	KPanRef-076-P#1	CYP21A2	CYP21	KPanRef-076-P#1#Unplaced_h1tg000017l_88124:28282601-33357961	3622332	3625562	+	3230	1.0	0.9975232198142415	60	1
KPanRef-076-P_1	KPanRef-076-P#1	CYP21A2	CYP21	KPanRef-076-P#1#Unplaced_h1tg000017l_88124:28282601-33357961	3589602	3592826	+	3230	0.9984520123839009	0.9780389730900093	0	1
KPanRef-076-P_1	KPanRef-076-P#1	TNXA	TNX	KPanRef-076-P#1#Unplaced_h1tg000017l_88124:28282601-33357961	3592336	3596940	-	4604	1.0	0.9984795829713293	60	1
KPanRef-076-P_1	KPanRef-076-P#1	TNXA	TNX	KPanRef-076-P#1#Unplaced_h1tg000017l_88124:28282601-33357961	3625072	3629795	-	4604	1.0	0.970575783234547	0	1
KPanRef-076-P_1	KPanRef-076-P#1	TNXB	TNX	KPanRef-076-P#1#Unplaced_h1tg000017l_88124:28282601-33357961	3625070	3693263	-	68186	1.0	0.9993695014662757	60	1
KPanRef-076-P_1	KPanRef-076-P#1	WHR1B	WHR1	KPanRef-076-P#1#Unplaced_h1tg000017l_88124:28282601-33357961	3597186	3597704	+	518	1.0	0.9980694980694981	60	1
KPanRef-076-P_1	KPanRef-076-P#1	WHR1B	WHR1	KPanRef-076-P#1#Unplaced_h1tg000017l_88124:28282601-33357961	3564448	3564966	+	518	1.0	0.9942084942084942	0	1
KPanRef-076-P_2	KPanRef-076-P#2	WHR1	WHR1	KPanRef-076-P#2#Unplaced_h2tg000017l_137908:28277062-33454172	3551428	3561700	+	10272	1.0	0.9991239170641487	60	1
KPanRef-076-P_2	KPanRef-076-P#2	CYP21A1P	CYP21	KPanRef-076-P#2#Unplaced_h2tg000017l_137908:28277062-33454172	3585889	3589163	+	3274	1.0	0.998167379352474	60	1
KPanRef-076-P_2	KPanRef-076-P#2	CYP21A1P	CYP21	KPanRef-076-P#2#Unplaced_h2tg000017l_137908:28277062-33454172	3618624	3621896	+	3274	1.0	0.9777642400243679	0	1
KPanRef-076-P_2	KPanRef-076-P#2	CYP21A2	CYP21	KPanRef-076-P#2#Unplaced_h2tg000017l_137908:28277062-33454172	3618669	3621896	+	3230	1.0	0.9972136222910216	60	1
KPanRef-076-P_2	KPanRef-076-P#2	CYP21A2	CYP21	KPanRef-076-P#2#Unplaced_h2tg000017l_137908:28277062-33454172	3585939	3589163	+	3230	0.9984520123839009	0.9780389730900093	0	1
KPanRef-076-P_2	KPanRef-076-P#2	TNXA	TNX	KPanRef-076-P#2#Unplaced_h2tg000017l_137908:28277062-33454172	3588673	3593277	-	4604	1.0	0.9978279756733276	60	1
KPanRef-076-P_2	KPanRef-076-P#2	TNXA	TNX	KPanRef-076-P#2#Unplaced_h2tg000017l_137908:28277062-33454172	3621406	3626129	-	4604	1.0	0.9688823031329382	0	1
KPanRef-076-P_2	KPanRef-076-P#2	TNXB	TNX	KPanRef-076-P#2#Unplaced_h2tg000017l_137908:28277062-33454172	3621404	3689575	-	68186	1.0	0.9987096963387634	60	1
KPanRef-076-P_2	KPanRef-076-P#2	WHR1B	WHR1	KPanRef-076-P#2#Unplaced_h2tg000017l_137908:28277062-33454172	3593523	3594041	+	518	1.0	0.9980694980694981	60	1
KPanRef-076-P_2	KPanRef-076-P#2	WHR1B	WHR1	KPanRef-076-P#2#Unplaced_h2tg000017l_137908:28277062-33454172	3560785	3561303	+	518	1.0	0.9942084942084942	0	1
KPanRef-076_1	KPanRef-076#1	WHR1	WHR1	KPanRef-076#1#Unplaced_h1tg000013l_113155204:24959153-30136228_rc	3551462	3561734	+	10272	1.0	0.9991239170641487	60	1
KPanRef-076_1	KPanRef-076#1	CYP21A1P	CYP21	KPanRef-076#1#Unplaced_h1tg000013l_113155204:24959153-30136228_rc	3585923	3589197	+	3274	1.0	0.998167379352474	60	1
KPanRef-076_1	KPanRef-076#1	CYP21A1P	CYP21	KPanRef-076#1#Unplaced_h1tg000013l_113155204:24959153-30136228_rc	3618658	3621930	+	3274	1.0	0.9777642400243679	0	1
KPanRef-076_1	KPanRef-076#1	CYP21A2	CYP21	KPanRef-076#1#Unplaced_h1tg000013l_113155204:24959153-30136228_rc	3618703	3621930	+	3230	1.0	0.9972136222910216	60	1
KPanRef-076_1	KPanRef-076#1	CYP21A2	CYP21	KPanRef-076#1#Unplaced_h1tg000013l_113155204:24959153-30136228_rc	3585973	3589197	+	3230	0.9984520123839009	0.9780389730900093	0	1
KPanRef-076_1	KPanRef-076#1	TNXA	TNX	KPanRef-076#1#Unplaced_h1tg000013l_113155204:24959153-30136228_rc	3588707	3593311	-	4604	1.0	0.9978279756733276	60	1
KPanRef-076_1	KPanRef-076#1	TNXA	TNX	KPanRef-076#1#Unplaced_h1tg000013l_113155204:24959153-30136228_rc	3621440	3626163	-	4604	1.0	0.9688823031329382	0	1
KPanRef-076_1	KPanRef-076#1	TNXB	TNX	KPanRef-076#1#Unplaced_h1tg000013l_113155204:24959153-30136228_rc	3621438	3689609	-	68186	1.0	0.9987096963387634	60	1
KPanRef-076_1	KPanRef-076#1	WHR1B	WHR1	KPanRef-076#1#Unplaced_h1tg000013l_113155204:24959153-30136228_rc	3593557	3594075	+	518	1.0	0.9980694980694981	60	1
KPanRef-076_1	KPanRef-076#1	WHR1B	WHR1	KPanRef-076#1#Unplaced_h1tg000013l_113155204:24959153-30136228_rc	3560819	3561337	+	518	1.0	0.9942084942084942	0	1
KPanRef-076_2	KPanRef-076#2	WHR1	WHR1	KPanRef-076#2#Unplaced_h2tg000010l_154444:28276223-33472018	3505310	3515583	+	10272	1.0	0.999902657451572	60	1
KPanRef-076_2	KPanRef-076#2	CYP21A1P	CYP21	KPanRef-076#2#Unplaced_h2tg000010l_154444:28276223-33472018	3539770	3543044	+	3274	1.0	1.0	60	1
KPanRef-076_2	KPanRef-076#2	CYP21A1P	CYP21	KPanRef-076#2#Unplaced_h2tg000010l_154444:28276223-33472018	3572504	3575779	+	3274	1.0	0.9780688394760889	0	1
KPanRef-076_2	KPanRef-076#2	CYP21A2	CYP21	KPanRef-076#2#Unplaced_h2tg000010l_154444:28276223-33472018	3572549	3575779	+	3230	1.0	0.9996904024767802	60	1
KPanRef-076_2	KPanRef-076#2	CYP21A2	CYP21	KPanRef-076#2#Unplaced_h2tg000010l_154444:28276223-33472018	3539820	3543044	+	3230	0.9984520123839009	0.9780389730900093	0	1
KPanRef-076_2	KPanRef-076#2	TNXA	TNX	KPanRef-076#2#Unplaced_h2tg000010l_154444:28276223-33472018	3542554	3547158	-	4604	1.0	0.9995655951346655	60	1
KPanRef-076_2	KPanRef-076#2	TNXA	TNX	KPanRef-076#2#Unplaced_h2tg000010l_154444:28276223-33472018	3575289	3580012	-	4604	1.0	0.9701524132091448	0	1
KPanRef-076_2	KPanRef-076#2	TNXB	TNX	KPanRef-076#2#Unplaced_h2tg000010l_154444:28276223-33472018	3575287	3643487	-	68186	1.0	0.9996627615430859	60	1
KPanRef-076_2	KPanRef-076#2	WHR1B	WHR1	KPanRef-076#2#Unplaced_h2tg000010l_154444:28276223-33472018	3547404	3547922	+	518	1.0	1.0	60	1
KPanRef-076_2	KPanRef-076#2	WHR1B	WHR1	KPanRef-076#2#Unplaced_h2tg000010l_154444:28276223-33472018	3514668	3515186	+	518	1.0	0.9942084942084942	0	1
KPanRef-077_1	KPanRef-077#1	WHR1	WHR1	KPanRef-077#1#Unplaced_h1tg000001l_137091:28284173-33492210	3544597	3554869	+	10272	1.0	1.0	60	1
KPanRef-077_1	KPanRef-077#1	CYP21A1P	CYP21	KPanRef-077#1#Unplaced_h1tg000001l_137091:28284173-33492210	3579055	3582329	+	3274	1.0	0.9771480804387569	60	1
KPanRef-077_1	KPanRef-077#1	CYP21A2	CYP21	KPanRef-077#1#Unplaced_h1tg000001l_137091:28284173-33492210	3579100	3582329	+	3230	1.0	0.9981424148606811	60	1
KPanRef-077_1	KPanRef-077#1	TNXA	TNX	KPanRef-077#1#Unplaced_h1tg000001l_137091:28284173-33492210	3581839	3586562	-	4604	1.0	0.9693056731583404	60	1
KPanRef-077_1	KPanRef-077#1	TNXB	TNX	KPanRef-077#1#Unplaced_h1tg000001l_137091:28284173-33492210	3581837	3650033	-	68186	1.0	0.9987246206846001	60	1
KPanRef-077_1	KPanRef-077#1	WHR1B	WHR1	KPanRef-077#1#Unplaced_h1tg000001l_137091:28284173-33492210	3553954	3554472	+	518	1.0	0.9942084942084942	60	1
KPanRef-077_2	KPanRef-077#2	WHR1	WHR1	KPanRef-077#2#Unplaced_h2tg000012l_78944:28291410-33360216	3549180	3559452	+	10272	1.0	0.9990265745157209	60	1
KPanRef-077_2	KPanRef-077#2	CYP21A1P	CYP21	KPanRef-077#2#Unplaced_h2tg000012l_78944:28291410-33360216	3583641	3586915	+	3274	1.0	0.998167379352474	60	1
KPanRef-077_2	KPanRef-077#2	CYP21A1P	CYP21	KPanRef-077#2#Unplaced_h2tg000012l_78944:28291410-33360216	3616376	3619651	+	3274	1.0	0.977459640572647	0	1
KPanRef-077_2	KPanRef-077#2	CYP21A2	CYP21	KPanRef-077#2#Unplaced_h2tg000012l_78944:28291410-33360216	3616421	3619651	+	3230	1.0	0.9972136222910216	60	1
KPanRef-077_2	KPanRef-077#2	CYP21A2	CYP21	KPanRef-077#2#Unplaced_h2tg000012l_78944:28291410-33360216	3583691	3586915	+	3230	0.9984520123839009	0.9780389730900093	0	1
KPanRef-077_2	KPanRef-077#2	TNXA	TNX	KPanRef-077#2#Unplaced_h2tg000012l_78944:28291410-33360216	3586425	3591029	-	4604	1.0	0.9984795829713293	60	1
KPanRef-077_2	KPanRef-077#2	TNXA	TNX	KPanRef-077#2#Unplaced_h2tg000012l_78944:28291410-33360216	3619161	3623884	-	4604	1.0	0.970575783234547	0	1
KPanRef-077_2	KPanRef-077#2	TNXB	TNX	KPanRef-077#2#Unplaced_h2tg000012l_78944:28291410-33360216	3619159	3687352	-	68186	1.0	0.9993401856277767	60	1
KPanRef-077_2	KPanRef-077#2	WHR1B	WHR1	KPanRef-077#2#Unplaced_h2tg000012l_78944:28291410-33360216	3591275	3591793	+	518	1.0	0.9980694980694981	60	1
KPanRef-077_2	KPanRef-077#2	WHR1B	WHR1	KPanRef-077#2#Unplaced_h2tg000012l_78944:28291410-33360216	3558537	3559055	+	518	1.0	0.9942084942084942	0	1
KPanRef-078_1	KPanRef-078#1	WHR1	WHR1	KPanRef-078#1#Unplaced_h1tg000001l_114758335:24960658-30030886_rc	3458284	3468547	+	10272	1.0	0.9981503115264797	60	1
KPanRef-078_1	KPanRef-078#1	CYP21A1P	CYP21	KPanRef-078#1#Unplaced_h1tg000001l_114758335:24960658-30030886_rc	3519108	3522382	+	3274	1.0	0.9969456322541234	6	1
KPanRef-078_1	KPanRef-078#1	CYP21A1P	CYP21	KPanRef-078#1#Unplaced_h1tg000001l_114758335:24960658-30030886_rc	3492737	3496011	+	3274	1.0	0.9966401954795358	0	1
KPanRef-078_1	KPanRef-078#1	CYP21A1P	CYP21	KPanRef-078#1#Unplaced_h1tg000001l_114758335:24960658-30030886_rc	3551842	3555117	+	3274	1.0	0.9780688394760889	0	1
KPanRef-078_1	KPanRef-078#1	CYP21A2	CYP21	KPanRef-078#1#Unplaced_h1tg000001l_114758335:24960658-30030886_rc	3551887	3555117	+	3230	1.0	0.9975232198142415	60	1
KPanRef-078_1	KPanRef-078#1	CYP21A2	CYP21	KPanRef-078#1#Unplaced_h1tg000001l_114758335:24960658-30030886_rc	3492787	3496011	+	3230	0.9984520123839009	0.9789669038045159	0	1
KPanRef-078_1	KPanRef-078#1	CYP21A2	CYP21	KPanRef-078#1#Unplaced_h1tg000001l_114758335:24960658-30030886_rc	3519158	3522382	+	3230	0.9984520123839009	0.9786575935663471	0	1
KPanRef-078_1	KPanRef-078#1	TNXA	TNX	KPanRef-078#1#Unplaced_h1tg000001l_114758335:24960658-30030886_rc	3521892	3526496	-	4604	1.0	0.9969591659426585	10	1
KPanRef-078_1	KPanRef-078#1	TNXA	TNX	KPanRef-078#1#Unplaced_h1tg000001l_114758335:24960658-30030886_rc	3495521	3500125	-	4604	1.0	0.996524761077324	0	1
KPanRef-078_1	KPanRef-078#1	TNXA	TNX	KPanRef-078#1#Unplaced_h1tg000001l_114758335:24960658-30030886_rc	3554627	3559350	-	4604	1.0	0.9690939881456393	0	1
KPanRef-078_1	KPanRef-078#1	TNXB	TNX	KPanRef-078#1#Unplaced_h1tg000001l_114758335:24960658-30030886_rc	3554625	3622880	-	68186	1.0	0.9980077346771358	60	1
KPanRef-078_1	KPanRef-078#1	WHR1B	WHR1	KPanRef-078#1#Unplaced_h1tg000001l_114758335:24960658-30030886_rc	3500371	3500889	+	518	1.0	0.9961389961389961	0	1
KPanRef-078_1	KPanRef-078#1	WHR1B	WHR1	KPanRef-078#1#Unplaced_h1tg000001l_114758335:24960658-30030886_rc	3526742	3527260	+	518	1.0	0.9961389961389961	0	1
KPanRef-078_1	KPanRef-078#1	WHR1B	WHR1	KPanRef-078#1#Unplaced_h1tg000001l_114758335:24960658-30030886_rc	3467635	3468150	+	518	1.0	0.9884169884169884	0	1
KPanRef-078_2	KPanRef-078#2	WHR1	WHR1	KPanRef-078#2#Unplaced_h2tg000009l_0:3358197-8522429	3553611	3563884	+	10272	1.0	0.9990266692622153	60	1
KPanRef-078_2	KPanRef-078#2	CYP21A1P	CYP21	KPanRef-078#2#Unplaced_h2tg000009l_0:3358197-8522429	3620811	3624085	+	3274	1.0	0.998167379352474	0	1
KPanRef-078_2	KPanRef-078#2	CYP21A1P	CYP21	KPanRef-078#2#Unplaced_h2tg000009l_0:3358197-8522429	3588073	3591347	+	3274	1.0	0.998167379352474	0	1
KPanRef-078_2	KPanRef-078#2	CYP21A1P	CYP21	KPanRef-078#2#Unplaced_h2tg000009l_0:3358197-8522429	3653546	3656818	+	3274	1.0	0.9777642400243679	0	1
KPanRef-078_2	KPanRef-078#2	CYP21A2	CYP21	KPanRef-078#2#Unplaced_h2tg000009l_0:3358197-8522429	3653591	3656818	+	3230	1.0	0.9962848297213622	60	1
KPanRef-078_2	KPanRef-078#2	CYP21A2	CYP21	KPanRef-078#2#Unplaced_h2tg000009l_0:3358197-8522429	3588123	3591347	+	3230	0.9984520123839009	0.9780389730900093	0	1
KPanRef-078_2	KPanRef-078#2	CYP21A2	CYP21	KPanRef-078#2#Unplaced_h2tg000009l_0:3358197-8522429	3620861	3624085	+	3230	0.9984520123839009	0.9780389730900093	0	1
KPanRef-078_2	KPanRef-078#2	TNXA	TNX	KPanRef-078#2#Unplaced_h2tg000009l_0:3358197-8522429	3623595	3628199	-	4604	1.0	0.9978279756733276	0	1
KPanRef-078_2	KPanRef-078#2	TNXA	TNX	KPanRef-078#2#Unplaced_h2tg000009l_0:3358197-8522429	3590857	3595461	-	4604	1.0	0.9978279756733276	0	1
KPanRef-078_2	KPanRef-078#2	TNXA	TNX	KPanRef-078#2#Unplaced_h2tg000009l_0:3358197-8522429	3656328	3661051	-	4604	1.0	0.9686706181202371	0	1
KPanRef-078_2	KPanRef-078#2	TNXB	TNX	KPanRef-078#2#Unplaced_h2tg000009l_0:3358197-8522429	3656326	3724502	-	68186	1.0	0.9988269794721407	60	1
KPanRef-078_2	KPanRef-078#2	WHR1B	WHR1	KPanRef-078#2#Unplaced_h2tg000009l_0:3358197-8522429	3595707	3596225	+	518	1.0	0.9980694980694981	0	1
KPanRef-078_2	KPanRef-078#2	WHR1B	WHR1	KPanRef-078#2#Unplaced_h2tg000009l_0:3358197-8522429	3628445	3628963	+	518	1.0	0.9980694980694981	0	1
KPanRef-078_2	KPanRef-078#2	WHR1B	WHR1	KPanRef-078#2#Unplaced_h2tg000009l_0:3358197-8522429	3562969	3563487	+	518	1.0	0.9942084942084942	0	1
KPanRef-079_1	KPanRef-079#1	WHR1	WHR1	KPanRef-079#1#Unplaced_h1tg000005l_91609:28264818-33599109	3613046	3623314	+	10272	1.0	0.9993185358255452	60	1
KPanRef-079_1	KPanRef-079#1	CYP21A1P	CYP21	KPanRef-079#1#Unplaced_h1tg000005l_91609:28264818-33599109	3673876	3677150	+	3274	1.0	0.998167379352474	19	1
KPanRef-079_1	KPanRef-079#1	CYP21A1P	CYP21	KPanRef-079#1#Unplaced_h1tg000005l_91609:28264818-33599109	3647505	3650779	+	3274	1.0	0.9972510690287111	0	1
KPanRef-079_1	KPanRef-079#1	CYP21A1P	CYP21	KPanRef-079#1#Unplaced_h1tg000005l_91609:28264818-33599109	3700243	3703518	+	3274	1.0	0.9808102345415778	0	1
KPanRef-079_1	KPanRef-079#1	CYP21A2	CYP21	KPanRef-079#1#Unplaced_h1tg000005l_91609:28264818-33599109	3700288	3703518	+	3230	1.0	0.9950464396284829	60	1
KPanRef-079_1	KPanRef-079#1	CYP21A2	CYP21	KPanRef-079#1#Unplaced_h1tg000005l_91609:28264818-33599109	3673926	3677150	+	3230	0.9984520123839009	0.9780389730900093	0	1
KPanRef-079_1	KPanRef-079#1	CYP21A2	CYP21	KPanRef-079#1#Unplaced_h1tg000005l_91609:28264818-33599109	3647555	3650779	+	3230	0.9984520123839009	0.9777296628518404	0	1
KPanRef-079_1	KPanRef-079#1	TNXA	TNX	KPanRef-079#1#Unplaced_h1tg000005l_91609:28264818-33599109	3650289	3654893	-	4604	1.0	0.9967419635099913	11	1
KPanRef-079_1	KPanRef-079#1	TNXA	TNX	KPanRef-079#1#Unplaced_h1tg000005l_91609:28264818-33599109	3676660	3681264	-	4604	1.0	0.9963075586446568	0	1
KPanRef-079_1	KPanRef-079#1	TNXA	TNX	KPanRef-079#1#Unplaced_h1tg000005l_91609:28264818-33599109	3703028	3707752	-	4604	1.0	0.9709991532599492	0	1
KPanRef-079_1	KPanRef-079#1	TNXB	TNX	KPanRef-079#1#Unplaced_h1tg000005l_91609:28264818-33599109	3703026	3771187	-	68186	1.0	0.9983725771926224	60	1
KPanRef-079_1	KPanRef-079#1	WHR1B	WHR1	KPanRef-079#1#Unplaced_h1tg000005l_91609:28264818-33599109	3655139	3655657	+	518	1.0	0.9980694980694981	0	1
KPanRef-079_1	KPanRef-079#1	WHR1B	WHR1	KPanRef-079#1#Unplaced_h1tg000005l_91609:28264818-33599109	3681510	3682028	+	518	1.0	0.9980694980694981	0	1
KPanRef-079_1	KPanRef-079#1	WHR1B	WHR1	KPanRef-079#1#Unplaced_h1tg000005l_91609:28264818-33599109	3622399	3622917	+	518	1.0	0.9942084942084942	0	1
KPanRef-079_2	KPanRef-079#2	WHR1	WHR1	KPanRef-079#2#Unplaced_h2tg000026l_4253567:24954773-30064329_rc	3507400	3517672	+	10272	1.0	1.0	60	1
KPanRef-079_2	KPanRef-079#2	CYP21A1P	CYP21	KPanRef-079#2#Unplaced_h2tg000026l_4253567:24954773-30064329_rc	3541861	3545135	+	3274	1.0	1.0	60	1
KPanRef-079_2	KPanRef-079#2	CYP21A1P	CYP21	KPanRef-079#2#Unplaced_h2tg000026l_4253567:24954773-30064329_rc	3574595	3577870	+	3274	1.0	0.9783734389278099	0	1
KPanRef-079_2	KPanRef-079#2	CYP21A2	CYP21	KPanRef-079#2#Unplaced_h2tg000026l_4253567:24954773-30064329_rc	3574640	3577870	+	3230	1.0	0.9978328173374613	60	1
KPanRef-079_2	KPanRef-079#2	CYP21A2	CYP21	KPanRef-079#2#Unplaced_h2tg000026l_4253567:24954773-30064329_rc	3541911	3545135	+	3230	0.9984520123839009	0.9780389730900093	0	1
KPanRef-079_2	KPanRef-079#2	TNXA	TNX	KPanRef-079#2#Unplaced_h2tg000026l_4253567:24954773-30064329_rc	3544645	3549249	-	4604	1.0	0.9995655951346655	60	1
KPanRef-079_2	KPanRef-079#2	TNXA	TNX	KPanRef-079#2#Unplaced_h2tg000026l_4253567:24954773-30064329_rc	3577380	3582103	-	4604	1.0	0.9693056731583404	0	1
KPanRef-079_2	KPanRef-079#2	TNXB	TNX	KPanRef-079#2#Unplaced_h2tg000026l_4253567:24954773-30064329_rc	3577378	3645631	-	68186	1.0	0.997963787647955	60	1
KPanRef-079_2	KPanRef-079#2	WHR1B	WHR1	KPanRef-079#2#Unplaced_h2tg000026l_4253567:24954773-30064329_rc	3549495	3550013	+	518	1.0	1.0	60	1
KPanRef-079_2	KPanRef-079#2	WHR1B	WHR1	KPanRef-079#2#Unplaced_h2tg000026l_4253567:24954773-30064329_rc	3516757	3517275	+	518	1.0	0.9942084942084942	0	1
KPanRef-080_1	KPanRef-080#1	WHR1	WHR1	KPanRef-080#1#Unplaced_h1tg000006l_134640:28341348-33585111	3551803	3562076	+	10272	1.0	0.999902657451572	60	1
KPanRef-080_1	KPanRef-080#1	CYP21A1P	CYP21	KPanRef-080#1#Unplaced_h1tg000006l_134640:28341348-33585111	3586264	3589538	+	3274	1.0	1.0	60	1
KPanRef-080_1	KPanRef-080#1	CYP21A1P	CYP21	KPanRef-080#1#Unplaced_h1tg000006l_134640:28341348-33585111	3618998	3622273	+	3274	1.0	0.9780688394760889	0	1
KPanRef-080_1	KPanRef-080#1	CYP21A2	CYP21	KPanRef-080#1#Unplaced_h1tg000006l_134640:28341348-33585111	3619043	3622273	+	3230	1.0	0.9996904024767802	60	1
KPanRef-080_1	KPanRef-080#1	CYP21A2	CYP21	KPanRef-080#1#Unplaced_h1tg000006l_134640:28341348-33585111	3586314	3589538	+	3230	0.9984520123839009	0.9780389730900093	0	1
KPanRef-080_1	KPanRef-080#1	TNXA	TNX	KPanRef-080#1#Unplaced_h1tg000006l_134640:28341348-33585111	3589048	3593652	-	4604	1.0	0.9995655951346655	60	1
KPanRef-080_1	KPanRef-080#1	TNXA	TNX	KPanRef-080#1#Unplaced_h1tg000006l_134640:28341348-33585111	3621783	3626506	-	4604	1.0	0.9701524132091448	0	1
KPanRef-080_1	KPanRef-080#1	TNXB	TNX	KPanRef-080#1#Unplaced_h1tg000006l_134640:28341348-33585111	3621781	3689978	-	68186	1.0	0.9996774193548387	60	1
KPanRef-080_1	KPanRef-080#1	WHR1B	WHR1	KPanRef-080#1#Unplaced_h1tg000006l_134640:28341348-33585111	3593898	3594416	+	518	1.0	1.0	60	1
KPanRef-080_1	KPanRef-080#1	WHR1B	WHR1	KPanRef-080#1#Unplaced_h1tg000006l_134640:28341348-33585111	3561161	3561679	+	518	1.0	0.9942084942084942	0	1
KPanRef-080_2	KPanRef-080#2	WHR1	WHR1	KPanRef-080#2#Unplaced_h2tg000008l_103230300:24952389-30156782_rc	3541859	3552131	+	10272	1.0	1.0	60	1
KPanRef-080_2	KPanRef-080#2	CYP21A1P	CYP21	KPanRef-080#2#Unplaced_h2tg000008l_103230300:24952389-30156782_rc	3576313	3579587	+	3274	1.0	0.9780621572212066	60	1
KPanRef-080_2	KPanRef-080#2	CYP21A2	CYP21	KPanRef-080#2#Unplaced_h2tg000008l_103230300:24952389-30156782_rc	3576358	3579587	+	3230	1.0	0.9990712074303405	60	1
KPanRef-080_2	KPanRef-080#2	TNXA	TNX	KPanRef-080#2#Unplaced_h2tg000008l_103230300:24952389-30156782_rc	3579097	3583820	-	4604	1.0	0.9703640982218459	60	1
KPanRef-080_2	KPanRef-080#2	TNXB	TNX	KPanRef-080#2#Unplaced_h2tg000008l_103230300:24952389-30156782_rc	3579095	3647296	-	68186	1.0	0.9987686714844838	60	1
KPanRef-080_2	KPanRef-080#2	WHR1B	WHR1	KPanRef-080#2#Unplaced_h2tg000008l_103230300:24952389-30156782_rc	3551216	3551734	+	518	1.0	0.9942084942084942	60	1
NA18505_1	NA18505#1	WHR1	WHR1	NA18505#1#JBHIJY010000048.1:28445967-33542979	3552412	3562675	+	10272	1.0	0.9981503115264797	60	1
NA18505_1	NA18505#1	CYP21A1P	CYP21	NA18505#1#JBHIJY010000048.1:28445967-33542979	3586862	3590137	+	3274	1.0	0.9777642400243679	60	1
NA18505_1	NA18505#1	CYP21A2	CYP21	NA18505#1#JBHIJY010000048.1:28445967-33542979	3586907	3590137	+	3230	1.0	0.9990712074303405	60	1
NA18505_1	NA18505#1	TNXA	TNX	NA18505#1#JBHIJY010000048.1:28445967-33542979	3589647	3594370	-	4604	1.0	0.9701524132091448	60	1
NA18505_1	NA18505#1	TNXB	TNX	NA18505#1#JBHIJY010000048.1:28445967-33542979	3589645	3657845	-	68186	1.0	0.9993255824182269	60	1
NA18505_1	NA18505#1	WHR1B	WHR1	NA18505#1#JBHIJY010000048.1:28445967-33542979	3561763	3562278	+	518	1.0	0.9864864864864865	60	1
NA18505_2	NA18505#2	WHR1	WHR1	NA18505#2#JBHIJZ010000041.1:28452551-33607869	3554488	3564758	+	10272	1.0	0.9994158878504673	60	1
NA18505_2	NA18505#2	CYP21A1P	CYP21	NA18505#2#JBHIJZ010000041.1:28452551-33607869	3588949	3592223	+	3274	1.0	0.9972510690287111	60	1
NA18505_2	NA18505#2	CYP21A1P	CYP21	NA18505#2#JBHIJZ010000041.1:28452551-33607869	3615316	3618591	+	3274	1.0	0.9786780383795309	0	1
NA18505_2	NA18505#2	CYP21A2	CYP21	NA18505#2#JBHIJZ010000041.1:28452551-33607869	3615361	3618591	+	3230	1.0	0.9959752321981424	60	1
NA18505_2	NA18505#2	CYP21A2	CYP21	NA18505#2#JBHIJZ010000041.1:28452551-33607869	3588999	3592223	+	3230	0.9984520123839009	0.9777296628518404	0	1
NA18505_2	NA18505#2	TNXA	TNX	NA18505#2#JBHIJZ010000041.1:28452551-33607869	3591733	3596337	-	4604	1.0	0.996524761077324	1	1
NA18505_2	NA18505#2	TNXA	TNX	NA18505#2#JBHIJZ010000041.1:28452551-33607869	3618101	3622825	-	4604	1.0	0.9714225232853514	0	1
NA18505_2	NA18505#2	TNXB	TNX	NA18505#2#JBHIJZ010000041.1:28452551-33607869	3618099	3686241	-	68186	1.0	0.998342987022509	60	1
NA18505_2	NA18505#2	WHR1B	WHR1	NA18505#2#JBHIJZ010000041.1:28452551-33607869	3596583	3597101	+	518	1.0	0.9980694980694981	60	1
NA18505_2	NA18505#2	WHR1B	WHR1	NA18505#2#JBHIJZ010000041.1:28452551-33607869	3563843	3564361	+	518	1.0	0.9922779922779923	0	1
NA18508_1	NA18508#1	WHR1	WHR1	NA18508#1#CM089650.1:28440826-33645342	3626009	3636281	+	10272	1.0	0.9994158878504673	60	1
NA18508_1	NA18508#1	CYP21A1P	CYP21	NA18508#1#CM089650.1:28440826-33645342	3660470	3663744	+	3274	1.0	0.9966401954795358	60	1
NA18508_1	NA18508#1	CYP21A1P	CYP21	NA18508#1#CM089650.1:28440826-33645342	3686837	3690112	+	3274	1.0	0.977155041120926	0	1
NA18508_1	NA18508#1	CYP21A2	CYP21	NA18508#1#CM089650.1:28440826-33645342	3686882	3690112	+	3230	1.0	0.9981424148606811	60	1
NA18508_1	NA18508#1	CYP21A2	CYP21	NA18508#1#CM089650.1:28440826-33645342	3660520	3663744	+	3230	0.9984520123839009	0.9777296628518404	0	1
NA18508_1	NA18508#1	TNXA	TNX	NA18508#1#CM089650.1:28440826-33645342	3663254	3667858	-	4604	1.0	0.9963075586446568	14	1
NA18508_1	NA18508#1	TNXA	TNX	NA18508#1#CM089650.1:28440826-33645342	3689622	3694345	-	4604	1.0	0.970575783234547	0	1
NA18508_1	NA18508#1	TNXB	TNX	NA18508#1#CM089650.1:28440826-33645342	3689620	3757803	-	68186	1.0	0.999428093792618	60	1
NA18508_1	NA18508#1	WHR1B	WHR1	NA18508#1#CM089650.1:28440826-33645342	3668104	3668622	+	518	1.0	0.9961389961389961	35	1
NA18508_1	NA18508#1	WHR1B	WHR1	NA18508#1#CM089650.1:28440826-33645342	3635366	3635884	+	518	1.0	0.9942084942084942	0	1
NA18508_2	NA18508#2	WHR1	WHR1	NA18508#2#JBHIJH010000001.1:28282775-33492562	3621538	3631810	+	10272	1.0	0.9996105919003115	60	1
NA18508_2	NA18508#2	CYP21A1P	CYP21	NA18508#2#JBHIJH010000001.1:28282775-33492562	3656000	3659274	+	3274	1.0	0.9969456322541234	60	1
NA18508_2	NA18508#2	CYP21A1P	CYP21	NA18508#2#JBHIJH010000001.1:28282775-33492562	3682367	3685641	+	3274	1.0	0.9771480804387569	0	1
NA18508_2	NA18508#2	CYP21A2	CYP21	NA18508#2#JBHIJH010000001.1:28282775-33492562	3682412	3685641	+	3230	1.0	0.9978328173374613	60	1
NA18508_2	NA18508#2	CYP21A2	CYP21	NA18508#2#JBHIJH010000001.1:28282775-33492562	3656050	3659274	+	3230	0.9984520123839009	0.9780389730900093	0	1
NA18508_2	NA18508#2	TNXA	TNX	NA18508#2#JBHIJH010000001.1:28282775-33492562	3658784	3663388	-	4604	1.0	0.9969591659426585	38	1
NA18508_2	NA18508#2	TNXA	TNX	NA18508#2#JBHIJH010000001.1:28282775-33492562	3685151	3689874	-	4604	1.0	0.9703640982218459	0	1
NA18508_2	NA18508#2	TNXB	TNX	NA18508#2#JBHIJH010000001.1:28282775-33492562	3685149	3753335	-	68186	1.0	0.9990763275958127	60	1
NA18508_2	NA18508#2	WHR1B	WHR1	NA18508#2#JBHIJH010000001.1:28282775-33492562	3663634	3664152	+	518	1.0	0.9980694980694981	34	1
NA18508_2	NA18508#2	WHR1B	WHR1	NA18508#2#JBHIJH010000001.1:28282775-33492562	3630895	3631413	+	518	1.0	0.9961389961389961	0	1
NA18522_1	NA18522#1	WHR1	WHR1	NA18522#1#CM087176.1:28457728-33607889	3554871	3565141	+	10272	1.0	0.9994158878504673	60	1
NA18522_1	NA18522#1	CYP21A1P	CYP21	NA18522#1#CM087176.1:28457728-33607889	3589332	3592606	+	3274	1.0	0.9972510690287111	60	1
NA18522_1	NA18522#1	CYP21A1P	CYP21	NA18522#1#CM087176.1:28457728-33607889	3615699	3618974	+	3274	1.0	0.978982637831252	0	1
NA18522_1	NA18522#1	CYP21A2	CYP21	NA18522#1#CM087176.1:28457728-33607889	3615744	3618974	+	3230	1.0	0.9962848297213622	60	1
NA18522_1	NA18522#1	CYP21A2	CYP21	NA18522#1#CM087176.1:28457728-33607889	3589382	3592606	+	3230	0.9984520123839009	0.9777296628518404	0	1
NA18522_1	NA18522#1	TNXA	TNX	NA18522#1#CM087176.1:28457728-33607889	3592116	3596720	-	4604	1.0	0.996524761077324	1	1
NA18522_1	NA18522#1	TNXA	TNX	NA18522#1#CM087176.1:28457728-33607889	3618484	3623208	-	4604	1.0	0.9714225232853514	0	1
NA18522_1	NA18522#1	TNXB	TNX	NA18522#1#CM087176.1:28457728-33607889	3618482	3686640	-	68186	1.0	0.9982406497866788	60	1
NA18522_1	NA18522#1	WHR1B	WHR1	NA18522#1#CM087176.1:28457728-33607889	3596966	3597484	+	518	1.0	0.9980694980694981	60	1
NA18522_1	NA18522#1	WHR1B	WHR1	NA18522#1#CM087176.1:28457728-33607889	3564226	3564744	+	518	1.0	0.9922779922779923	0	1
NA18522_2	NA18522#2	WHR1	WHR1	NA18522#2#CM087191.1:28461290-33621227	3560716	3570987	+	10272	1.0	0.9996105919003115	60	1
NA18522_2	NA18522#2	CYP21A1P	CYP21	NA18522#2#CM087191.1:28461290-33621227	3595178	3598452	+	3274	1.0	0.9975565058032987	60	1
NA18522_2	NA18522#2	CYP21A1P	CYP21	NA18522#2#CM087191.1:28461290-33621227	3621545	3624820	+	3274	1.0	0.978982637831252	0	1
NA18522_2	NA18522#2	CYP21A2	CYP21	NA18522#2#CM087191.1:28461290-33621227	3621590	3624820	+	3230	1.0	0.9962848297213622	60	1
NA18522_2	NA18522#2	CYP21A2	CYP21	NA18522#2#CM087191.1:28461290-33621227	3595228	3598452	+	3230	0.9984520123839009	0.9774203526136716	0	1
NA18522_2	NA18522#2	TNXA	TNX	NA18522#2#CM087191.1:28461290-33621227	3597962	3602566	-	4604	1.0	0.996524761077324	5	1
NA18522_2	NA18522#2	TNXA	TNX	NA18522#2#CM087191.1:28461290-33621227	3624330	3629054	-	4604	1.0	0.9712108382726503	0	1
NA18522_2	NA18522#2	TNXB	TNX	NA18522#2#CM087191.1:28461290-33621227	3624328	3692507	-	68186	1.0	0.9987389659520807	60	1
NA18522_2	NA18522#2	WHR1B	WHR1	NA18522#2#CM087191.1:28461290-33621227	3602812	3603330	+	518	1.0	0.9980694980694981	60	1
NA18522_2	NA18522#2	WHR1B	WHR1	NA18522#2#CM087191.1:28461290-33621227	3570072	3570590	+	518	1.0	0.9942084942084942	0	1
NA18565_1	NA18565#1	WHR1	WHR1	NA18565#1#CM094320.1:28406009-33589453	3493952	3504224	+	10272	1.0	1.0	60	1
NA18565_1	NA18565#1	CYP21A1P	CYP21	NA18565#1#CM094320.1:28406009-33589453	3528409	3531682	+	3274	1.0	0.9975565058032987	60	1
NA18565_1	NA18565#1	CYP21A1P	CYP21	NA18565#1#CM094320.1:28406009-33589453	3554770	3558044	+	3274	1.0	0.9771480804387569	0	1
NA18565_1	NA18565#1	CYP21A2	CYP21	NA18565#1#CM094320.1:28406009-33589453	3554815	3558044	+	3230	1.0	0.9981424148606811	60	1
NA18565_1	NA18565#1	CYP21A2	CYP21	NA18565#1#CM094320.1:28406009-33589453	3528454	3531682	+	3230	1.0	0.9777640518838789	0	1
NA18565_1	NA18565#1	TNXA	TNX	NA18565#1#CM094320.1:28406009-33589453	3531192	3535796	-	4604	1.0	0.9976107732406603	60	1
NA18565_1	NA18565#1	TNXA	TNX	NA18565#1#CM094320.1:28406009-33589453	3557554	3562277	-	4604	1.0	0.9690939881456393	0	1
NA18565_1	NA18565#1	TNXB	TNX	NA18565#1#CM094320.1:28406009-33589453	3557552	3625745	-	68186	1.0	0.9988125082464705	60	1
NA18565_1	NA18565#1	WHR1B	WHR1	NA18565#1#CM094320.1:28406009-33589453	3536042	3536560	+	518	1.0	0.9961389961389961	43	1
NA18565_1	NA18565#1	WHR1B	WHR1	NA18565#1#CM094320.1:28406009-33589453	3503309	3503827	+	518	1.0	0.9942084942084942	0	1
NA18565_2	NA18565#2	WHR1	WHR1	NA18565#2#CM094342.1:28359389-33490962	3559001	3569268	+	10272	1.0	0.9983451766767254	60	1
NA18565_2	NA18565#2	CYP21A1P	CYP21	NA18565#2#CM094342.1:28359389-33490962	3593457	3596730	+	3274	1.0	0.9969456322541234	60	1
NA18565_2	NA18565#2	CYP21A1P	CYP21	NA18565#2#CM094342.1:28359389-33490962	3619823	3623098	+	3274	1.0	0.976545842217484	0	1
NA18565_2	NA18565#2	CYP21A2	CYP21	NA18565#2#CM094342.1:28359389-33490962	3619868	3623098	+	3230	1.0	0.9969040247678018	60	1
NA18565_2	NA18565#2	CYP21A2	CYP21	NA18565#2#CM094342.1:28359389-33490962	3593507	3596730	+	3230	0.9984520123839009	0.9768017321373338	0	1
NA18565_2	NA18565#2	TNXA	TNX	NA18565#2#CM094342.1:28359389-33490962	3596240	3600844	-	4604	1.0	0.9963075586446568	60	1
NA18565_2	NA18565#2	TNXA	TNX	NA18565#2#CM094342.1:28359389-33490962	3622608	3627332	-	4604	1.0	0.9686706181202371	0	1
NA18565_2	NA18565#2	TNXB	TNX	NA18565#2#CM094342.1:28359389-33490962	3622606	3690769	-	68186	1.0	0.9982112748332234	60	1
NA18565_2	NA18565#2	WHR1B	WHR1	NA18565#2#CM094342.1:28359389-33490962	3601090	3601608	+	518	1.0	0.9942084942084942	0	1
NA18565_2	NA18565#2	WHR1B	WHR1	NA18565#2#CM094342.1:28359389-33490962	3568353	3568871	+	518	1.0	0.9942084942084942	0	1
NA18570_1	NA18570#1	WHR1	WHR1	NA18570#1#CM087659.1:28377747-33503647	3555439	3565712	+	10272	1.0	0.999902657451572	60	1
NA18570_1	NA18570#1	CYP21A1P	CYP21	NA18570#1#CM087659.1:28377747-33503647	3589901	3593174	+	3274	1.0	0.9975565058032987	60	1
NA18570_1	NA18570#1	CYP21A1P	CYP21	NA18570#1#CM087659.1:28377747-33503647	3616262	3619536	+	3274	1.0	0.9771480804387569	0	1
NA18570_1	NA18570#1	CYP21A2	CYP21	NA18570#1#CM087659.1:28377747-33503647	3616307	3619536	+	3230	1.0	0.9981424148606811	60	1
NA18570_1	NA18570#1	CYP21A2	CYP21	NA18570#1#CM087659.1:28377747-33503647	3589946	3593174	+	3230	1.0	0.9771463866584311	0	1
NA18570_1	NA18570#1	TNXA	TNX	NA18570#1#CM087659.1:28377747-33503647	3592684	3597288	-	4604	1.0	0.9969591659426585	54	1
NA18570_1	NA18570#1	TNXA	TNX	NA18570#1#CM087659.1:28377747-33503647	3619046	3623769	-	4604	1.0	0.9697290431837426	0	1
NA18570_1	NA18570#1	TNXB	TNX	NA18570#1#CM087659.1:28377747-33503647	3619044	3687220	-	68186	1.0	0.999002917931348	60	1
NA18570_1	NA18570#1	WHR1B	WHR1	NA18570#1#CM087659.1:28377747-33503647	3597534	3598052	+	518	1.0	0.9961389961389961	43	1
NA18570_1	NA18570#1	WHR1B	WHR1	NA18570#1#CM087659.1:28377747-33503647	3564797	3565315	+	518	1.0	0.9942084942084942	0	1
NA18570_2	NA18570#2	WHR1	WHR1	NA18570#2#JBHDXO010000039.1:12253641-17492124	3552885	3563157	+	10272	1.0	0.9999026479750779	60	1
NA18570_2	NA18570#2	CYP21A1P	CYP21	NA18570#2#JBHDXO010000039.1:12253641-17492124	3587345	3590618	+	3274	1.0	0.9978619425778864	60	1
NA18570_2	NA18570#2	CYP21A1P	CYP21	NA18570#2#JBHDXO010000039.1:12253641-17492124	3613826	3617100	+	3274	1.0	0.9771480804387569	0	1
NA18570_2	NA18570#2	CYP21A2	CYP21	NA18570#2#JBHDXO010000039.1:12253641-17492124	3613871	3617100	+	3230	1.0	0.9981424148606811	60	1
NA18570_2	NA18570#2	CYP21A2	CYP21	NA18570#2#JBHDXO010000039.1:12253641-17492124	3587390	3590618	+	3230	1.0	0.9774552192711551	0	1
NA18570_2	NA18570#2	TNXA	TNX	NA18570#2#JBHDXO010000039.1:12253641-17492124	3590128	3594852	-	4604	1.0	0.9718458933107536	60	1
NA18570_2	NA18570#2	TNXA	TNX	NA18570#2#JBHDXO010000039.1:12253641-17492124	3616610	3621333	-	4604	1.0	0.9693056731583404	0	1
NA18570_2	NA18570#2	TNXB	TNX	NA18570#2#JBHDXO010000039.1:12253641-17492124	3616608	3684809	-	68186	1.0	0.9987686714844838	60	1
NA18570_2	NA18570#2	WHR1B	WHR1	NA18570#2#JBHDXO010000039.1:12253641-17492124	3595098	3595616	+	518	1.0	0.9961389961389961	43	1
NA18570_2	NA18570#2	WHR1B	WHR1	NA18570#2#JBHDXO010000039.1:12253641-17492124	3562242	3562760	+	518	1.0	0.9942084942084942	0	1
NA18608_1	NA18608#1	WHR1	WHR1	NA18608#1#JBHIJW010000005.1:28379380-33466928	3504566	3514838	+	10272	1.0	0.9991239170641487	60	1
NA18608_1	NA18608#1	CYP21A1P	CYP21	NA18608#1#JBHIJW010000005.1:28379380-33466928	3539024	3542298	+	3274	1.0	0.9789762340036563	60	1
NA18608_1	NA18608#1	CYP21A1P	CYP21	NA18608#1#JBHIJW010000005.1:28379380-33466928	3571759	3575034	+	3274	1.0	0.977155041120926	0	1
NA18608_1	NA18608#1	CYP21A2	CYP21	NA18608#1#JBHIJW010000005.1:28379380-33466928	3571804	3575034	+	3230	1.0	0.9975232198142415	32	1
NA18608_1	NA18608#1	CYP21A2	CYP21	NA18608#1#JBHIJW010000005.1:28379380-33466928	3539069	3542298	+	3230	1.0	0.9962848297213622	0	1
NA18608_1	NA18608#1	TNXA	TNX	NA18608#1#JBHIJW010000005.1:28379380-33466928	3541808	3546412	-	4604	1.0	0.9980451781059948	57	1
NA18608_1	NA18608#1	TNXA	TNX	NA18608#1#JBHIJW010000005.1:28379380-33466928	3574544	3579267	-	4604	1.0	0.970575783234547	0	1
NA18608_1	NA18608#1	TNXB	TNX	NA18608#1#JBHIJW010000005.1:28379380-33466928	3574542	3642739	-	68186	1.0	0.999354867087958	60	1
NA18608_1	NA18608#1	WHR1B	WHR1	NA18608#1#JBHIJW010000005.1:28379380-33466928	3546658	3547176	+	518	1.0	0.9980694980694981	60	1
NA18608_1	NA18608#1	WHR1B	WHR1	NA18608#1#JBHIJW010000005.1:28379380-33466928	3513923	3514441	+	518	1.0	0.9942084942084942	0	1
NA18608_2	NA18608#2	WHR1	WHR1	NA18608#2#JBHIJX010000014.1:28375523-33585552	3625356	3635628	+	10272	1.0	0.9991239170641487	60	1
NA18608_2	NA18608#2	CYP21A1P	CYP21	NA18608#2#JBHIJX010000014.1:28375523-33585552	3659817	3663091	+	3274	1.0	0.998167379352474	60	1
NA18608_2	NA18608#2	CYP21A1P	CYP21	NA18608#2#JBHIJX010000014.1:28375523-33585552	3692552	3695823	+	3274	1.0	0.9780621572212066	0	1
NA18608_2	NA18608#2	CYP21A2	CYP21	NA18608#2#JBHIJX010000014.1:28375523-33585552	3692597	3695823	+	3230	1.0	0.9962848297213622	60	1
NA18608_2	NA18608#2	CYP21A2	CYP21	NA18608#2#JBHIJX010000014.1:28375523-33585552	3659867	3663091	+	3230	0.9984520123839009	0.9780389730900093	0	1
NA18608_2	NA18608#2	TNXA	TNX	NA18608#2#JBHIJX010000014.1:28375523-33585552	3662601	3667205	-	4604	1.0	0.998262380538662	60	1
NA18608_2	NA18608#2	TNXA	TNX	NA18608#2#JBHIJX010000014.1:28375523-33585552	3695333	3700056	-	4604	1.0	0.9693056731583404	0	1
NA18608_2	NA18608#2	TNXB	TNX	NA18608#2#JBHIJX010000014.1:28375523-33585552	3695331	3763509	-	68186	1.0	0.9984606814050314	60	1
NA18608_2	NA18608#2	WHR1B	WHR1	NA18608#2#JBHIJX010000014.1:28375523-33585552	3667451	3667969	+	518	1.0	0.9980694980694981	60	1
NA18608_2	NA18608#2	WHR1B	WHR1	NA18608#2#JBHIJX010000014.1:28375523-33585552	3634713	3635231	+	518	1.0	0.9942084942084942	0	1
NA18620_1	NA18620#1	WHR1	WHR1	NA18620#1#JBHIJU010000014.1:28371273-33496778	3546813	3557085	+	10272	1.0	0.9990265745157209	60	1
NA18620_1	NA18620#1	CYP21A1P	CYP21	NA18620#1#JBHIJU010000014.1:28371273-33496778	3581274	3584548	+	3274	1.0	0.9978619425778864	60	1
NA18620_1	NA18620#1	CYP21A1P	CYP21	NA18620#1#JBHIJU010000014.1:28371273-33496778	3614009	3617280	+	3274	1.0	0.9774527726995734	0	1
NA18620_1	NA18620#1	CYP21A2	CYP21	NA18620#1#JBHIJU010000014.1:28371273-33496778	3614054	3617280	+	3230	1.0	0.9969040247678018	60	1
NA18620_1	NA18620#1	CYP21A2	CYP21	NA18620#1#JBHIJU010000014.1:28371273-33496778	3581324	3584548	+	3230	0.9984520123839009	0.9783482833281781	0	1
NA18620_1	NA18620#1	TNXA	TNX	NA18620#1#JBHIJU010000014.1:28371273-33496778	3584058	3588662	-	4604	1.0	0.998262380538662	60	1
NA18620_1	NA18620#1	TNXA	TNX	NA18620#1#JBHIJU010000014.1:28371273-33496778	3616790	3621513	-	4604	1.0	0.9690939881456393	0	1
NA18620_1	NA18620#1	TNXB	TNX	NA18620#1#JBHIJU010000014.1:28371273-33496778	3616788	3684986	-	68186	1.0	0.9985781295807681	60	1
NA18620_1	NA18620#1	WHR1B	WHR1	NA18620#1#JBHIJU010000014.1:28371273-33496778	3588908	3589426	+	518	1.0	0.9980694980694981	60	1
NA18620_1	NA18620#1	WHR1B	WHR1	NA18620#1#JBHIJU010000014.1:28371273-33496778	3556170	3556688	+	518	1.0	0.9942084942084942	0	1
NA18620_2	NA18620#2	WHR1	WHR1	NA18620#2#JBHIJV010000064.1:28361084-33404871	3453254	3463527	+	10272	1.0	0.9998053149031442	60	1
NA18620_2	NA18620#2	CYP21A1P	CYP21	NA18620#2#JBHIJV010000064.1:28361084-33404871	3487716	3490989	+	3274	1.0	0.9975565058032987	60	1
NA18620_2	NA18620#2	CYP21A1P	CYP21	NA18620#2#JBHIJV010000064.1:28361084-33404871	3514077	3517351	+	3274	1.0	0.9771480804387569	0	1
NA18620_2	NA18620#2	CYP21A2	CYP21	NA18620#2#JBHIJV010000064.1:28361084-33404871	3514122	3517351	+	3230	1.0	0.9981424148606811	60	1
NA18620_2	NA18620#2	CYP21A2	CYP21	NA18620#2#JBHIJV010000064.1:28361084-33404871	3487761	3490989	+	3230	1.0	0.9771463866584311	0	1
NA18620_2	NA18620#2	TNXA	TNX	NA18620#2#JBHIJV010000064.1:28361084-33404871	3490499	3495103	-	4604	1.0	0.9969591659426585	54	1
NA18620_2	NA18620#2	TNXA	TNX	NA18620#2#JBHIJV010000064.1:28361084-33404871	3516861	3521584	-	4604	1.0	0.9697290431837426	0	1
NA18620_2	NA18620#2	TNXB	TNX	NA18620#2#JBHIJV010000064.1:28361084-33404871	3516859	3585046	-	68186	1.0	0.9989883439630526	60	1
NA18620_2	NA18620#2	WHR1B	WHR1	NA18620#2#JBHIJV010000064.1:28361084-33404871	3495349	3495867	+	518	1.0	0.9961389961389961	43	1
NA18620_2	NA18620#2	WHR1B	WHR1	NA18620#2#JBHIJV010000064.1:28361084-33404871	3462612	3463130	+	518	1.0	0.9942084942084942	0	1
NA18747_1	NA18747#1	WHR1	WHR1	NA18747#1#CM087202.1:28424227-33559019	3551172	3561444	+	10272	1.0	1.0	60	1
NA18747_1	NA18747#1	CYP21A1P	CYP21	NA18747#1#CM087202.1:28424227-33559019	3585633	3588907	+	3274	1.0	0.9996945632254124	60	1
NA18747_1	NA18747#1	CYP21A1P	CYP21	NA18747#1#CM087202.1:28424227-33559019	3618367	3621642	+	3274	1.0	0.9780688394760889	0	1
NA18747_1	NA18747#1	CYP21A2	CYP21	NA18747#1#CM087202.1:28424227-33559019	3618412	3621642	+	3230	1.0	0.9996904024767802	60	1
NA18747_1	NA18747#1	CYP21A2	CYP21	NA18747#1#CM087202.1:28424227-33559019	3585683	3588907	+	3230	0.9984520123839009	0.9783482833281781	0	1
NA18747_1	NA18747#1	TNXA	TNX	NA18747#1#CM087202.1:28424227-33559019	3588417	3593021	-	4604	1.0	0.9997827975673328	60	1
NA18747_1	NA18747#1	TNXA	TNX	NA18747#1#CM087202.1:28424227-33559019	3621152	3625875	-	4604	1.0	0.9701524132091448	0	1
NA18747_1	NA18747#1	TNXB	TNX	NA18747#1#CM087202.1:28424227-33559019	3621150	3689337	-	68186	1.0	0.999780032848428	60	1
NA18747_1	NA18747#1	WHR1B	WHR1	NA18747#1#CM087202.1:28424227-33559019	3593267	3593785	+	518	1.0	1.0	60	1
NA18747_1	NA18747#1	WHR1B	WHR1	NA18747#1#CM087202.1:28424227-33559019	3560529	3561047	+	518	1.0	0.9942084942084942	0	1
NA18747_2	NA18747#2	WHR1	WHR1	NA18747#2#CM087242.1:28408784-33568848	3552496	3562768	+	10272	1.0	0.9991239170641487	60	1
NA18747_2	NA18747#2	CYP21A1P	CYP21	NA18747#2#CM087242.1:28408784-33568848	3586957	3590231	+	3274	1.0	0.998167379352474	60	1
NA18747_2	NA18747#2	CYP21A1P	CYP21	NA18747#2#CM087242.1:28408784-33568848	3619692	3622964	+	3274	1.0	0.977459640572647	0	1
NA18747_2	NA18747#2	CYP21A2	CYP21	NA18747#2#CM087242.1:28408784-33568848	3619737	3622964	+	3230	1.0	0.9959752321981424	60	1
NA18747_2	NA18747#2	CYP21A2	CYP21	NA18747#2#CM087242.1:28408784-33568848	3587007	3590231	+	3230	0.9984520123839009	0.9780389730900093	0	1
NA18747_2	NA18747#2	TNXA	TNX	NA18747#2#CM087242.1:28408784-33568848	3589741	3594345	-	4604	1.0	0.998262380538662	60	1
NA18747_2	NA18747#2	TNXA	TNX	NA18747#2#CM087242.1:28408784-33568848	3622474	3627197	-	4604	1.0	0.9693056731583404	0	1
NA18747_2	NA18747#2	TNXB	TNX	NA18747#2#CM087242.1:28408784-33568848	3622472	3690655	-	68186	1.0	0.9985779836688021	60	1
NA18747_2	NA18747#2	WHR1B	WHR1	NA18747#2#CM087242.1:28408784-33568848	3594591	3595109	+	518	1.0	0.9980694980694981	60	1
NA18747_2	NA18747#2	WHR1B	WHR1	NA18747#2#CM087242.1:28408784-33568848	3561853	3562371	+	518	1.0	0.9942084942084942	0	1
NA18879_1	NA18879#1	WHR1	WHR1	NA18879#1#CM099716.1:28474558-33526652	3506192	3516464	+	10272	1.0	0.9994158878504673	60	1
NA18879_1	NA18879#1	CYP21A1P	CYP21	NA18879#1#CM099716.1:28474558-33526652	3534283	3537558	+	3274	1.0	0.976850441669205	60	1
NA18879_1	NA18879#1	CYP21A2	CYP21	NA18879#1#CM099716.1:28474558-33526652	3534328	3537558	+	3230	1.0	0.9978328173374613	60	1
NA18879_1	NA18879#1	TNXA	TNX	NA18879#1#CM099716.1:28474558-33526652	3537068	3541791	-	4604	1.0	0.970575783234547	60	1
NA18879_1	NA18879#1	TNXB	TNX	NA18879#1#CM099716.1:28474558-33526652	3537066	3605249	-	68186	1.0	0.999428093792618	60	1
NA18879_1	NA18879#1	WHR1B	WHR1	NA18879#1#CM099716.1:28474558-33526652	3515549	3516067	+	518	1.0	0.9942084942084942	60	1
NA18879_2	NA18879#2	WHR1	WHR1	NA18879#2#JBJUVN010000057.1:28495776-33652599	3560923	3571193	+	10272	1.0	0.9994158878504673	60	1
NA18879_2	NA18879#2	CYP21A1P	CYP21	NA18879#2#JBJUVN010000057.1:28495776-33652599	3595384	3598658	+	3274	1.0	0.9972510690287111	60	1
NA18879_2	NA18879#2	CYP21A1P	CYP21	NA18879#2#JBJUVN010000057.1:28495776-33652599	3621751	3625026	+	3274	1.0	0.978982637831252	0	1
NA18879_2	NA18879#2	CYP21A2	CYP21	NA18879#2#JBJUVN010000057.1:28495776-33652599	3621796	3625026	+	3230	1.0	0.9962848297213622	60	1
NA18879_2	NA18879#2	CYP21A2	CYP21	NA18879#2#JBJUVN010000057.1:28495776-33652599	3595434	3598658	+	3230	0.9984520123839009	0.9777296628518404	0	1
NA18879_2	NA18879#2	TNXA	TNX	NA18879#2#JBJUVN010000057.1:28495776-33652599	3624536	3629260	-	4604	1.0	0.9714225232853514	7	1
NA18879_2	NA18879#2	TNXA	TNX	NA18879#2#JBJUVN010000057.1:28495776-33652599	3598168	3602772	-	4604	1.0	0.9960903562119896	0	1
NA18879_2	NA18879#2	TNXB	TNX	NA18879#2#JBJUVN010000057.1:28495776-33652599	3624534	3692684	-	68186	1.0	0.9982552087151592	60	1
NA18879_2	NA18879#2	WHR1B	WHR1	NA18879#2#JBJUVN010000057.1:28495776-33652599	3603018	3603536	+	518	1.0	0.9980694980694981	60	1
NA18879_2	NA18879#2	WHR1B	WHR1	NA18879#2#JBJUVN010000057.1:28495776-33652599	3570278	3570796	+	518	1.0	0.9922779922779923	0	1
NA18906_1	NA18906#1	WHR1	WHR1	NA18906#1#JAHEOO020000008.1:28476372-33613648	3561583	3571847	+	10272	1.0	0.9981504915798696	60	1
NA18906_1	NA18906#1	CYP21A1P	CYP21	NA18906#1#JAHEOO020000008.1:28476372-33613648	3596036	3599310	+	3274	1.0	0.9966401954795358	60	1
NA18906_1	NA18906#1	CYP21A1P	CYP21	NA18906#1#JAHEOO020000008.1:28476372-33613648	3622402	3625677	+	3274	1.0	0.977459640572647	0	1
NA18906_1	NA18906#1	CYP21A2	CYP21	NA18906#1#JAHEOO020000008.1:28476372-33613648	3622447	3625677	+	3230	1.0	0.9975232198142415	60	1
NA18906_1	NA18906#1	CYP21A2	CYP21	NA18906#1#JAHEOO020000008.1:28476372-33613648	3596086	3599310	+	3230	0.9984520123839009	0.9789669038045159	0	1
NA18906_1	NA18906#1	TNXA	TNX	NA18906#1#JAHEOO020000008.1:28476372-33613648	3598820	3603424	-	4604	1.0	0.9963075586446568	49	1
NA18906_1	NA18906#1	TNXA	TNX	NA18906#1#JAHEOO020000008.1:28476372-33613648	3625187	3629910	-	4604	1.0	0.9693056731583404	0	1
NA18906_1	NA18906#1	TNXB	TNX	NA18906#1#JAHEOO020000008.1:28476372-33613648	3625185	3693376	-	68186	1.0	0.9989442815249266	60	1
NA18906_1	NA18906#1	WHR1B	WHR1	NA18906#1#JAHEOO020000008.1:28476372-33613648	3603670	3604188	+	518	1.0	0.9961389961389961	60	1
NA18906_1	NA18906#1	WHR1B	WHR1	NA18906#1#JAHEOO020000008.1:28476372-33613648	3570935	3571450	+	518	1.0	0.9884169884169884	0	1
NA18906_2	NA18906#2	WHR1	WHR1	NA18906#2#JAHEON020000009.1:28400633-33549040	3554175	3564446	+	10272	1.0	0.9989292319672929	60	1
NA18906_2	NA18906#2	CYP21A1P	CYP21	NA18906#2#JAHEON020000009.1:28400633-33549040	3588635	3591909	+	3274	1.0	0.9984728161270617	60	1
NA18906_2	NA18906#2	CYP21A1P	CYP21	NA18906#2#JAHEON020000009.1:28400633-33549040	3615002	3618277	+	3274	1.0	0.977459640572647	0	1
NA18906_2	NA18906#2	CYP21A2	CYP21	NA18906#2#JAHEON020000009.1:28400633-33549040	3615047	3618277	+	3230	1.0	0.9987616099071207	60	1
NA18906_2	NA18906#2	CYP21A2	CYP21	NA18906#2#JAHEON020000009.1:28400633-33549040	3588685	3591909	+	3230	0.9984520123839009	0.9783482833281781	0	1
NA18906_2	NA18906#2	TNXA	TNX	NA18906#2#JAHEON020000009.1:28400633-33549040	3591419	3596023	-	4604	1.0	0.9956559513466551	25	1
NA18906_2	NA18906#2	TNXA	TNX	NA18906#2#JAHEON020000009.1:28400633-33549040	3617787	3622511	-	4604	1.0	0.9697290431837426	0	1
NA18906_2	NA18906#2	TNXB	TNX	NA18906#2#JAHEON020000009.1:28400633-33549040	3617785	3682627	-	68186	1.0	0.9498130635583901	60	0
NA18906_2	NA18906#2	WHR1B	WHR1	NA18906#2#JAHEON020000009.1:28400633-33549040	3596269	3596787	+	518	1.0	0.9980694980694981	60	1
NA18906_2	NA18906#2	WHR1B	WHR1	NA18906#2#JAHEON020000009.1:28400633-33549040	3563531	3564049	+	518	1.0	0.9922779922779923	0	1
NA18940.JaSaPaGe_1	NA18940.JaSaPaGe#1	WHR1	WHR1	NA18940.JaSaPaGe#1#h1tg000082l:22521073-27655405_rc	3507364	3517636	+	10272	1.0	0.9999026479750779	60	1
NA18940.JaSaPaGe_1	NA18940.JaSaPaGe#1	CYP21A1P	CYP21	NA18940.JaSaPaGe#1#h1tg000082l:22521073-27655405_rc	3541825	3545099	+	3274	1.0	1.0	60	1
NA18940.JaSaPaGe_1	NA18940.JaSaPaGe#1	CYP21A1P	CYP21	NA18940.JaSaPaGe#1#h1tg000082l:22521073-27655405_rc	3574559	3577834	+	3274	1.0	0.9783734389278099	0	1
NA18940.JaSaPaGe_1	NA18940.JaSaPaGe#1	CYP21A2	CYP21	NA18940.JaSaPaGe#1#h1tg000082l:22521073-27655405_rc	3574604	3577834	+	3230	1.0	0.9993808049535604	60	1
NA18940.JaSaPaGe_1	NA18940.JaSaPaGe#1	CYP21A2	CYP21	NA18940.JaSaPaGe#1#h1tg000082l:22521073-27655405_rc	3541875	3545099	+	3230	0.9984520123839009	0.9780389730900093	0	1
NA18940.JaSaPaGe_1	NA18940.JaSaPaGe#1	TNXA	TNX	NA18940.JaSaPaGe#1#h1tg000082l:22521073-27655405_rc	3544609	3549213	-	4604	1.0	0.9997827975673328	60	1
NA18940.JaSaPaGe_1	NA18940.JaSaPaGe#1	TNXA	TNX	NA18940.JaSaPaGe#1#h1tg000082l:22521073-27655405_rc	3577344	3582067	-	4604	1.0	0.9701524132091448	0	1
NA18940.JaSaPaGe_1	NA18940.JaSaPaGe#1	TNXB	TNX	NA18940.JaSaPaGe#1#h1tg000082l:22521073-27655405_rc	3577342	3645549	-	68186	1.0	0.9995894969872011	60	1
NA18940.JaSaPaGe_1	NA18940.JaSaPaGe#1	WHR1B	WHR1	NA18940.JaSaPaGe#1#h1tg000082l:22521073-27655405_rc	3549459	3549977	+	518	1.0	1.0	60	1
NA18940.JaSaPaGe_1	NA18940.JaSaPaGe#1	WHR1B	WHR1	NA18940.JaSaPaGe#1#h1tg000082l:22521073-27655405_rc	3516721	3517239	+	518	1.0	0.9942084942084942	0	1
NA18940.JaSaPaGe_2	NA18940.JaSaPaGe#2	WHR1	WHR1	NA18940.JaSaPaGe#2#h2tg000159l:514-4713306	3199130	3209402	+	10272	1.0	0.9999026479750779	60	1
NA18940.JaSaPaGe_2	NA18940.JaSaPaGe#2	CYP21A1P	CYP21	NA18940.JaSaPaGe#2#h2tg000159l:514-4713306	3233590	3236863	+	3274	1.0	0.9975565058032987	60	1
NA18940.JaSaPaGe_2	NA18940.JaSaPaGe#2	CYP21A1P	CYP21	NA18940.JaSaPaGe#2#h2tg000159l:514-4713306	3259951	3263225	+	3274	1.0	0.9771480804387569	0	1
NA18940.JaSaPaGe_2	NA18940.JaSaPaGe#2	CYP21A2	CYP21	NA18940.JaSaPaGe#2#h2tg000159l:514-4713306	3259996	3263225	+	3230	1.0	0.9981424148606811	60	1
NA18940.JaSaPaGe_2	NA18940.JaSaPaGe#2	CYP21A2	CYP21	NA18940.JaSaPaGe#2#h2tg000159l:514-4713306	3233635	3236863	+	3230	1.0	0.9771463866584311	0	1
NA18940.JaSaPaGe_2	NA18940.JaSaPaGe#2	TNXA	TNX	NA18940.JaSaPaGe#2#h2tg000159l:514-4713306	3236373	3240977	-	4604	1.0	0.9978279756733276	60	1
NA18940.JaSaPaGe_2	NA18940.JaSaPaGe#2	TNXA	TNX	NA18940.JaSaPaGe#2#h2tg000159l:514-4713306	3262735	3267458	-	4604	1.0	0.9693056731583404	0	1
NA18940.JaSaPaGe_2	NA18940.JaSaPaGe#2	TNXB	TNX	NA18940.JaSaPaGe#2#h2tg000159l:514-4713306	3262733	3330939	-	68186	1.0	0.9986515009380863	60	1
NA18940.JaSaPaGe_2	NA18940.JaSaPaGe#2	WHR1B	WHR1	NA18940.JaSaPaGe#2#h2tg000159l:514-4713306	3241223	3241741	+	518	1.0	0.9961389961389961	43	1
NA18940.JaSaPaGe_2	NA18940.JaSaPaGe#2	WHR1B	WHR1	NA18940.JaSaPaGe#2#h2tg000159l:514-4713306	3208487	3209005	+	518	1.0	0.9942084942084942	0	1
NA18940_1	NA18940#1	WHR1	WHR1	NA18940#1#CM101704.1:28361445-33495650	3507217	3517489	+	10272	1.0	0.9999026479750779	60	1
NA18940_1	NA18940#1	CYP21A1P	CYP21	NA18940#1#CM101704.1:28361445-33495650	3541678	3544952	+	3274	1.0	1.0	60	1
NA18940_1	NA18940#1	CYP21A1P	CYP21	NA18940#1#CM101704.1:28361445-33495650	3574413	3577688	+	3274	1.0	0.9783734389278099	0	1
NA18940_1	NA18940#1	CYP21A2	CYP21	NA18940#1#CM101704.1:28361445-33495650	3574458	3577688	+	3230	1.0	0.9993808049535604	60	1
NA18940_1	NA18940#1	CYP21A2	CYP21	NA18940#1#CM101704.1:28361445-33495650	3541728	3544952	+	3230	0.9984520123839009	0.9780389730900093	0	1
NA18940_1	NA18940#1	TNXA	TNX	NA18940#1#CM101704.1:28361445-33495650	3544462	3549066	-	4604	1.0	0.9997827975673328	60	1
NA18940_1	NA18940#1	TNXA	TNX	NA18940#1#CM101704.1:28361445-33495650	3577198	3581921	-	4604	1.0	0.9701524132091448	0	1
NA18940_1	NA18940#1	TNXB	TNX	NA18940#1#CM101704.1:28361445-33495650	3577196	3645403	-	68186	1.0	0.9996188130424584	60	1
NA18940_1	NA18940#1	WHR1B	WHR1	NA18940#1#CM101704.1:28361445-33495650	3549312	3549830	+	518	1.0	1.0	60	1
NA18940_1	NA18940#1	WHR1B	WHR1	NA18940#1#CM101704.1:28361445-33495650	3516574	3517092	+	518	1.0	0.9942084942084942	0	1
NA18940_2	NA18940#2	WHR1	WHR1	NA18940#2#CM101718.1:28384276-33404776	3506874	3517146	+	10272	1.0	0.9999026479750779	60	1
NA18940_2	NA18940#2	CYP21A1P	CYP21	NA18940#2#CM101718.1:28384276-33404776	3541334	3544607	+	3274	1.0	0.9975565058032987	60	1
NA18940_2	NA18940#2	CYP21A1P	CYP21	NA18940#2#CM101718.1:28384276-33404776	3567695	3570969	+	3274	1.0	0.9771480804387569	0	1
NA18940_2	NA18940#2	CYP21A2	CYP21	NA18940#2#CM101718.1:28384276-33404776	3567740	3570969	+	3230	1.0	0.9981424148606811	60	1
NA18940_2	NA18940#2	CYP21A2	CYP21	NA18940#2#CM101718.1:28384276-33404776	3541379	3544607	+	3230	1.0	0.9771463866584311	0	1
NA18940_2	NA18940#2	TNXA	TNX	NA18940#2#CM101718.1:28384276-33404776	3544117	3548721	-	4604	1.0	0.9978279756733276	60	1
NA18940_2	NA18940#2	TNXA	TNX	NA18940#2#CM101718.1:28384276-33404776	3570479	3575202	-	4604	1.0	0.9693056731583404	0	1
NA18940_2	NA18940#2	TNXB	TNX	NA18940#2#CM101718.1:28384276-33404776	3570477	3638678	-	68186	1.0	0.9987246954660725	60	1
NA18940_2	NA18940#2	WHR1B	WHR1	NA18940#2#CM101718.1:28384276-33404776	3548967	3549485	+	518	1.0	0.9961389961389961	43	1
NA18940_2	NA18940#2	WHR1B	WHR1	NA18940#2#CM101718.1:28384276-33404776	3516231	3516749	+	518	1.0	0.9942084942084942	0	1
NA18943.JaSaPaGe_1	NA18943.JaSaPaGe#1	WHR1	WHR1	NA18943.JaSaPaGe#1#CM101660.1:28426731-33491938	3552121	3562393	+	10272	1.0	0.9998052959501558	60	1
NA18943.JaSaPaGe_1	NA18943.JaSaPaGe#1	CYP21A1P	CYP21	NA18943.JaSaPaGe#1#CM101660.1:28426731-33491938	3586581	3589854	+	3274	1.0	0.9975565058032987	60	1
NA18943.JaSaPaGe_1	NA18943.JaSaPaGe#1	CYP21A1P	CYP21	NA18943.JaSaPaGe#1#CM101660.1:28426731-33491938	3612942	3616216	+	3274	1.0	0.9771480804387569	0	1
NA18943.JaSaPaGe_1	NA18943.JaSaPaGe#1	CYP21A2	CYP21	NA18943.JaSaPaGe#1#CM101660.1:28426731-33491938	3612987	3616216	+	3230	1.0	0.9984520123839009	60	1
NA18943.JaSaPaGe_1	NA18943.JaSaPaGe#1	CYP21A2	CYP21	NA18943.JaSaPaGe#1#CM101660.1:28426731-33491938	3586626	3589854	+	3230	1.0	0.9777640518838789	0	1
NA18943.JaSaPaGe_1	NA18943.JaSaPaGe#1	TNXA	TNX	NA18943.JaSaPaGe#1#CM101660.1:28426731-33491938	3589364	3593968	-	4604	1.0	0.9973935708079931	57	1
NA18943.JaSaPaGe_1	NA18943.JaSaPaGe#1	TNXA	TNX	NA18943.JaSaPaGe#1#CM101660.1:28426731-33491938	3615726	3620329	-	4604	1.0	0.9950043440486533	0	1
NA18943.JaSaPaGe_1	NA18943.JaSaPaGe#1	TNXB	TNX	NA18943.JaSaPaGe#1#CM101660.1:28426731-33491938	3615724	3683801	-	68186	1.0	0.9970094553983728	60	1
NA18943.JaSaPaGe_1	NA18943.JaSaPaGe#1	WHR1B	WHR1	NA18943.JaSaPaGe#1#CM101660.1:28426731-33491938	3594214	3594732	+	518	1.0	0.9961389961389961	43	1
NA18943.JaSaPaGe_1	NA18943.JaSaPaGe#1	WHR1B	WHR1	NA18943.JaSaPaGe#1#CM101660.1:28426731-33491938	3561478	3561996	+	518	1.0	0.9942084942084942	0	1
NA18943.JaSaPaGe_2	NA18943.JaSaPaGe#2	WHR1	WHR1	NA18943.JaSaPaGe#2#CM101689.1:28413016-33476747	3543014	3553286	+	10272	1.0	0.9990265745157209	60	1
NA18943.JaSaPaGe_2	NA18943.JaSaPaGe#2	CYP21A1P	CYP21	NA18943.JaSaPaGe#2#CM101689.1:28413016-33476747	3577475	3580749	+	3274	1.0	0.998167379352474	60	1
NA18943.JaSaPaGe_2	NA18943.JaSaPaGe#2	CYP21A1P	CYP21	NA18943.JaSaPaGe#2#CM101689.1:28413016-33476747	3610210	3613482	+	3274	1.0	0.977459640572647	0	1
NA18943.JaSaPaGe_2	NA18943.JaSaPaGe#2	CYP21A2	CYP21	NA18943.JaSaPaGe#2#CM101689.1:28413016-33476747	3610255	3613482	+	3230	1.0	0.9959752321981424	60	1
NA18943.JaSaPaGe_2	NA18943.JaSaPaGe#2	CYP21A2	CYP21	NA18943.JaSaPaGe#2#CM101689.1:28413016-33476747	3577525	3580749	+	3230	0.9984520123839009	0.9780389730900093	0	1
NA18943.JaSaPaGe_2	NA18943.JaSaPaGe#2	TNXA	TNX	NA18943.JaSaPaGe#2#CM101689.1:28413016-33476747	3580259	3584863	-	4604	1.0	0.9980451781059948	60	1
NA18943.JaSaPaGe_2	NA18943.JaSaPaGe#2	TNXA	TNX	NA18943.JaSaPaGe#2#CM101689.1:28413016-33476747	3612992	3617715	-	4604	1.0	0.9688823031329382	0	1
NA18943.JaSaPaGe_2	NA18943.JaSaPaGe#2	TNXB	TNX	NA18943.JaSaPaGe#2#CM101689.1:28413016-33476747	3612990	3681184	-	68186	1.0	0.9989004222378607	60	1
NA18943.JaSaPaGe_2	NA18943.JaSaPaGe#2	WHR1B	WHR1	NA18943.JaSaPaGe#2#CM101689.1:28413016-33476747	3585109	3585627	+	518	1.0	0.9942084942084942	0	1
NA18943.JaSaPaGe_2	NA18943.JaSaPaGe#2	WHR1B	WHR1	NA18943.JaSaPaGe#2#CM101689.1:28413016-33476747	3552371	3552889	+	518	1.0	0.9942084942084942	0	1
NA18943_1	NA18943#1	WHR1	WHR1	NA18943#1#CM101660.1:28426731-33491938	3552121	3562393	+	10272	1.0	0.9998052959501558	60	1
NA18943_1	NA18943#1	CYP21A1P	CYP21	NA18943#1#CM101660.1:28426731-33491938	3586581	3589854	+	3274	1.0	0.9975565058032987	60	1
NA18943_1	NA18943#1	CYP21A1P	CYP21	NA18943#1#CM101660.1:28426731-33491938	3612942	3616216	+	3274	1.0	0.9771480804387569	0	1
NA18943_1	NA18943#1	CYP21A2	CYP21	NA18943#1#CM101660.1:28426731-33491938	3612987	3616216	+	3230	1.0	0.9984520123839009	60	1
NA18943_1	NA18943#1	CYP21A2	CYP21	NA18943#1#CM101660.1:28426731-33491938	3586626	3589854	+	3230	1.0	0.9777640518838789	0	1
NA18943_1	NA18943#1	TNXA	TNX	NA18943#1#CM101660.1:28426731-33491938	3589364	3593968	-	4604	1.0	0.9973935708079931	57	1
NA18943_1	NA18943#1	TNXA	TNX	NA18943#1#CM101660.1:28426731-33491938	3615726	3620329	-	4604	1.0	0.9950043440486533	0	1
NA18943_1	NA18943#1	TNXB	TNX	NA18943#1#CM101660.1:28426731-33491938	3615724	3683801	-	68186	1.0	0.9970094553983728	60	1
NA18943_1	NA18943#1	WHR1B	WHR1	NA18943#1#CM101660.1:28426731-33491938	3594214	3594732	+	518	1.0	0.9961389961389961	43	1
NA18943_1	NA18943#1	WHR1B	WHR1	NA18943#1#CM101660.1:28426731-33491938	3561478	3561996	+	518	1.0	0.9942084942084942	0	1
NA18943_2	NA18943#2	WHR1	WHR1	NA18943#2#CM101689.1:28413016-33476747	3543014	3553286	+	10272	1.0	0.9990265745157209	60	1
NA18943_2	NA18943#2	CYP21A1P	CYP21	NA18943#2#CM101689.1:28413016-33476747	3577475	3580749	+	3274	1.0	0.998167379352474	60	1
NA18943_2	NA18943#2	CYP21A1P	CYP21	NA18943#2#CM101689.1:28413016-33476747	3610210	3613482	+	3274	1.0	0.977459640572647	0	1
NA18943_2	NA18943#2	CYP21A2	CYP21	NA18943#2#CM101689.1:28413016-33476747	3610255	3613482	+	3230	1.0	0.9959752321981424	60	1
NA18943_2	NA18943#2	CYP21A2	CYP21	NA18943#2#CM101689.1:28413016-33476747	3577525	3580749	+	3230	0.9984520123839009	0.9780389730900093	0	1
NA18943_2	NA18943#2	TNXA	TNX	NA18943#2#CM101689.1:28413016-33476747	3580259	3584863	-	4604	1.0	0.9980451781059948	60	1
NA18943_2	NA18943#2	TNXA	TNX	NA18943#2#CM101689.1:28413016-33476747	3612992	3617715	-	4604	1.0	0.9688823031329382	0	1
NA18943_2	NA18943#2	TNXB	TNX	NA18943#2#CM101689.1:28413016-33476747	3612990	3681184	-	68186	1.0	0.9989004222378607	60	1
NA18943_2	NA18943#2	WHR1B	WHR1	NA18943#2#CM101689.1:28413016-33476747	3585109	3585627	+	518	1.0	0.9942084942084942	0	1
NA18943_2	NA18943#2	WHR1B	WHR1	NA18943#2#CM101689.1:28413016-33476747	3552371	3552889	+	518	1.0	0.9942084942084942	0	1
NA18944_1	NA18944#1	WHR1	WHR1	NA18944#1#CM101645.1:28385561-33526630	3544639	3554912	+	10272	1.0	0.9998053149031442	60	1
NA18944_1	NA18944#1	CYP21A1P	CYP21	NA18944#1#CM101645.1:28385561-33526630	3579101	3582374	+	3274	1.0	0.9972510690287111	60	1
NA18944_1	NA18944#1	CYP21A1P	CYP21	NA18944#1#CM101645.1:28385561-33526630	3605462	3608736	+	3274	1.0	0.97775746496039	0	1
NA18944_1	NA18944#1	CYP21A2	CYP21	NA18944#1#CM101645.1:28385561-33526630	3605507	3608736	+	3230	1.0	0.9981424148606811	60	1
NA18944_1	NA18944#1	CYP21A2	CYP21	NA18944#1#CM101645.1:28385561-33526630	3579146	3582374	+	3230	1.0	0.9774552192711551	0	1
NA18944_1	NA18944#1	TNXA	TNX	NA18944#1#CM101645.1:28385561-33526630	3581884	3586488	-	4604	1.0	0.9973935708079931	58	1
NA18944_1	NA18944#1	TNXA	TNX	NA18944#1#CM101645.1:28385561-33526630	3608246	3612969	-	4604	1.0	0.9699407281964437	0	1
NA18944_1	NA18944#1	TNXB	TNX	NA18944#1#CM101645.1:28385561-33526630	3608244	3676436	-	68186	1.0	0.998885810206565	60	1
NA18944_1	NA18944#1	WHR1B	WHR1	NA18944#1#CM101645.1:28385561-33526630	3553997	3554515	+	518	1.0	0.9961389961389961	0	1
NA18944_1	NA18944#1	WHR1B	WHR1	NA18944#1#CM101645.1:28385561-33526630	3586734	3587252	+	518	1.0	0.9961389961389961	0	1
NA18944_2	NA18944#2	WHR1	WHR1	NA18944#2#CM101674.1:28358440-33385619	3506055	3516327	+	10272	1.0	0.9991239170641487	60	1
NA18944_2	NA18944#2	CYP21A1P	CYP21	NA18944#2#CM101674.1:28358440-33385619	3540516	3543790	+	3274	1.0	0.998167379352474	60	1
NA18944_2	NA18944#2	CYP21A1P	CYP21	NA18944#2#CM101674.1:28358440-33385619	3573251	3576523	+	3274	1.0	0.977459640572647	0	1
NA18944_2	NA18944#2	CYP21A2	CYP21	NA18944#2#CM101674.1:28358440-33385619	3573296	3576523	+	3230	1.0	0.9959752321981424	60	1
NA18944_2	NA18944#2	CYP21A2	CYP21	NA18944#2#CM101674.1:28358440-33385619	3540566	3543790	+	3230	0.9984520123839009	0.9780389730900093	0	1
NA18944_2	NA18944#2	TNXA	TNX	NA18944#2#CM101674.1:28358440-33385619	3543300	3547904	-	4604	1.0	0.9980451781059948	60	1
NA18944_2	NA18944#2	TNXA	TNX	NA18944#2#CM101674.1:28358440-33385619	3576033	3580756	-	4604	1.0	0.9693056731583404	0	1
NA18944_2	NA18944#2	TNXB	TNX	NA18944#2#CM101674.1:28358440-33385619	3576031	3644197	-	68186	1.0	0.9987829198193442	60	1
NA18944_2	NA18944#2	WHR1B	WHR1	NA18944#2#CM101674.1:28358440-33385619	3548150	3548668	+	518	1.0	0.9980694980694981	60	1
NA18944_2	NA18944#2	WHR1B	WHR1	NA18944#2#CM101674.1:28358440-33385619	3515412	3515930	+	518	1.0	0.9942084942084942	0	1
NA18945.JaSaPaGe_1	NA18945.JaSaPaGe#1	WHR1	WHR1	NA18945.JaSaPaGe#1#h1tg000007l:25526793-30826391_rc	3612376	3622642	+	10272	1.0	0.9985397196261683	60	1
NA18945.JaSaPaGe_1	NA18945.JaSaPaGe#1	CYP21A1P	CYP21	NA18945.JaSaPaGe#1#h1tg000007l:25526793-30826391_rc	3646831	3650104	+	3274	1.0	0.9972510690287111	60	1
NA18945.JaSaPaGe_1	NA18945.JaSaPaGe#1	CYP21A1P	CYP21	NA18945.JaSaPaGe#1#h1tg000007l:25526793-30826391_rc	3673197	3676472	+	3274	1.0	0.9762412427657631	0	1
NA18945.JaSaPaGe_1	NA18945.JaSaPaGe#1	CYP21A2	CYP21	NA18945.JaSaPaGe#1#h1tg000007l:25526793-30826391_rc	3673242	3676472	+	3230	1.0	0.9969040247678018	60	1
NA18945.JaSaPaGe_1	NA18945.JaSaPaGe#1	CYP21A2	CYP21	NA18945.JaSaPaGe#1#h1tg000007l:25526793-30826391_rc	3646881	3650104	+	3230	0.9984520123839009	0.9771110423755026	0	1
NA18945.JaSaPaGe_1	NA18945.JaSaPaGe#1	TNXA	TNX	NA18945.JaSaPaGe#1#h1tg000007l:25526793-30826391_rc	3649614	3654218	-	4604	1.0	0.9950043440486533	34	1
NA18945.JaSaPaGe_1	NA18945.JaSaPaGe#1	TNXA	TNX	NA18945.JaSaPaGe#1#h1tg000007l:25526793-30826391_rc	3675982	3680706	-	4604	1.0	0.9686706181202371	0	1
NA18945.JaSaPaGe_1	NA18945.JaSaPaGe#1	TNXB	TNX	NA18945.JaSaPaGe#1#h1tg000007l:25526793-30826391_rc	3675980	3744144	-	68186	1.0	0.9981819781250917	60	1
NA18945.JaSaPaGe_1	NA18945.JaSaPaGe#1	WHR1B	WHR1	NA18945.JaSaPaGe#1#h1tg000007l:25526793-30826391_rc	3621727	3622245	+	518	1.0	0.9942084942084942	0	1
NA18945.JaSaPaGe_1	NA18945.JaSaPaGe#1	WHR1B	WHR1	NA18945.JaSaPaGe#1#h1tg000007l:25526793-30826391_rc	3654464	3654982	+	518	1.0	0.9942084942084942	0	1
NA18945.JaSaPaGe_2	NA18945.JaSaPaGe#2	WHR1	WHR1	NA18945.JaSaPaGe#2#h2tg000002l:28368005-33554919	3608867	3619139	+	10272	1.0	0.9993186021610045	60	1
NA18945.JaSaPaGe_2	NA18945.JaSaPaGe#2	CYP21A1P	CYP21	NA18945.JaSaPaGe#2#h2tg000002l:28368005-33554919	3643328	3646601	+	3274	1.0	0.996334758704948	60	1
NA18945.JaSaPaGe_2	NA18945.JaSaPaGe#2	CYP21A1P	CYP21	NA18945.JaSaPaGe#2#h2tg000002l:28368005-33554919	3669694	3672968	+	3274	1.0	0.9774527726995734	0	1
NA18945.JaSaPaGe_2	NA18945.JaSaPaGe#2	CYP21A2	CYP21	NA18945.JaSaPaGe#2#h2tg000002l:28368005-33554919	3669739	3672968	+	3230	1.0	0.9987616099071207	60	1
NA18945.JaSaPaGe_2	NA18945.JaSaPaGe#2	CYP21A2	CYP21	NA18945.JaSaPaGe#2#h2tg000002l:28368005-33554919	3643378	3646601	+	3230	0.9984520123839009	0.979269801980198	0	1
NA18945.JaSaPaGe_2	NA18945.JaSaPaGe#2	TNXA	TNX	NA18945.JaSaPaGe#2#h2tg000002l:28368005-33554919	3646111	3650715	-	4604	1.0	0.9976107732406603	60	1
NA18945.JaSaPaGe_2	NA18945.JaSaPaGe#2	TNXA	TNX	NA18945.JaSaPaGe#2#h2tg000002l:28368005-33554919	3672478	3677201	-	4604	1.0	0.9690939881456393	0	1
NA18945.JaSaPaGe_2	NA18945.JaSaPaGe#2	TNXB	TNX	NA18945.JaSaPaGe#2#h2tg000002l:28368005-33554919	3672476	3740655	-	68186	1.0	0.9992228283183765	60	1
NA18945.JaSaPaGe_2	NA18945.JaSaPaGe#2	WHR1B	WHR1	NA18945.JaSaPaGe#2#h2tg000002l:28368005-33554919	3650961	3651479	+	518	1.0	0.9980694980694981	34	1
NA18945.JaSaPaGe_2	NA18945.JaSaPaGe#2	WHR1B	WHR1	NA18945.JaSaPaGe#2#h2tg000002l:28368005-33554919	3618224	3618742	+	518	1.0	0.9961389961389961	0	1
NA18945_1	NA18945#1	WHR1	WHR1	NA18945#1#CM101613.1:28368965-33555846	3608851	3619123	+	10272	1.0	0.9993186021610045	60	1
NA18945_1	NA18945#1	CYP21A1P	CYP21	NA18945#1#CM101613.1:28368965-33555846	3643312	3646585	+	3274	1.0	0.996334758704948	60	1
NA18945_1	NA18945#1	CYP21A1P	CYP21	NA18945#1#CM101613.1:28368965-33555846	3669678	3672952	+	3274	1.0	0.9774527726995734	0	1
NA18945_1	NA18945#1	CYP21A2	CYP21	NA18945#1#CM101613.1:28368965-33555846	3669723	3672952	+	3230	1.0	0.9987616099071207	60	1
NA18945_1	NA18945#1	CYP21A2	CYP21	NA18945#1#CM101613.1:28368965-33555846	3643362	3646585	+	3230	0.9984520123839009	0.979269801980198	0	1
NA18945_1	NA18945#1	TNXA	TNX	NA18945#1#CM101613.1:28368965-33555846	3646095	3650699	-	4604	1.0	0.9976107732406603	60	1
NA18945_1	NA18945#1	TNXA	TNX	NA18945#1#CM101613.1:28368965-33555846	3672462	3677185	-	4604	1.0	0.9690939881456393	0	1
NA18945_1	NA18945#1	TNXB	TNX	NA18945#1#CM101613.1:28368965-33555846	3672460	3740639	-	68186	1.0	0.9992228283183765	60	1
NA18945_1	NA18945#1	WHR1B	WHR1	NA18945#1#CM101613.1:28368965-33555846	3650945	3651463	+	518	1.0	0.9980694980694981	34	1
NA18945_1	NA18945#1	WHR1B	WHR1	NA18945#1#CM101613.1:28368965-33555846	3618208	3618726	+	518	1.0	0.9961389961389961	0	1
NA18945_2	NA18945#2	WHR1	WHR1	NA18945#2#CM101630.1:28394844-33694406	3612297	3622563	+	10272	1.0	0.9985397196261683	60	1
NA18945_2	NA18945#2	CYP21A1P	CYP21	NA18945#2#CM101630.1:28394844-33694406	3646752	3650025	+	3274	1.0	0.9972510690287111	60	1
NA18945_2	NA18945#2	CYP21A1P	CYP21	NA18945#2#CM101630.1:28394844-33694406	3673118	3676393	+	3274	1.0	0.9762412427657631	0	1
NA18945_2	NA18945#2	CYP21A2	CYP21	NA18945#2#CM101630.1:28394844-33694406	3673163	3676393	+	3230	1.0	0.9969040247678018	60	1
NA18945_2	NA18945#2	CYP21A2	CYP21	NA18945#2#CM101630.1:28394844-33694406	3646802	3650025	+	3230	0.9984520123839009	0.9771110423755026	0	1
NA18945_2	NA18945#2	TNXA	TNX	NA18945#2#CM101630.1:28394844-33694406	3649535	3654139	-	4604	1.0	0.9950043440486533	34	1
NA18945_2	NA18945#2	TNXA	TNX	NA18945#2#CM101630.1:28394844-33694406	3675903	3680627	-	4604	1.0	0.9686706181202371	0	1
NA18945_2	NA18945#2	TNXB	TNX	NA18945#2#CM101630.1:28394844-33694406	3675901	3744065	-	68186	1.0	0.9981819781250917	60	1
NA18945_2	NA18945#2	WHR1B	WHR1	NA18945#2#CM101630.1:28394844-33694406	3621648	3622166	+	518	1.0	0.9942084942084942	0	1
NA18945_2	NA18945#2	WHR1B	WHR1	NA18945#2#CM101630.1:28394844-33694406	3654385	3654903	+	518	1.0	0.9942084942084942	0	1
NA18948_1	NA18948#1	WHR1	WHR1	NA18948#1#CM101600.1:28387406-33694585	3613015	3623286	+	10272	1.0	0.9993185358255452	60	1
NA18948_1	NA18948#1	CYP21A1P	CYP21	NA18948#1#CM101600.1:28387406-33694585	3647477	3650751	+	3274	1.0	0.9978619425778864	60	1
NA18948_1	NA18948#1	CYP21A1P	CYP21	NA18948#1#CM101600.1:28387406-33694585	3673844	3677119	+	3274	1.0	0.9805056350898569	0	1
NA18948_1	NA18948#1	CYP21A2	CYP21	NA18948#1#CM101600.1:28387406-33694585	3673889	3677119	+	3230	1.0	0.9953560371517027	60	1
NA18948_1	NA18948#1	CYP21A2	CYP21	NA18948#1#CM101600.1:28387406-33694585	3647527	3650751	+	3230	0.9984520123839009	0.9777296628518404	0	1
NA18948_1	NA18948#1	TNXA	TNX	NA18948#1#CM101600.1:28387406-33694585	3650261	3654865	-	4604	1.0	0.9963075586446568	18	1
NA18948_1	NA18948#1	TNXA	TNX	NA18948#1#CM101600.1:28387406-33694585	3676629	3681353	-	4604	1.0	0.970575783234547	0	1
NA18948_1	NA18948#1	TNXB	TNX	NA18948#1#CM101600.1:28387406-33694585	3676627	3744797	-	68186	1.0	0.9982701244630788	60	1
NA18948_1	NA18948#1	WHR1B	WHR1	NA18948#1#CM101600.1:28387406-33694585	3655111	3655629	+	518	1.0	0.9980694980694981	0	1
NA18948_1	NA18948#1	WHR1B	WHR1	NA18948#1#CM101600.1:28387406-33694585	3622371	3622889	+	518	1.0	0.9980694980694981	0	1
NA18948_2	NA18948#2	WHR1	WHR1	NA18948#2#CM101588.1:28449833-33675773	3551866	3562138	+	10272	1.0	0.9989293361884368	60	1
NA18948_2	NA18948#2	CYP21A1P	CYP21	NA18948#2#CM101588.1:28449833-33675773	3619065	3622339	+	3274	1.0	0.998167379352474	0	1
NA18948_2	NA18948#2	CYP21A1P	CYP21	NA18948#2#CM101588.1:28449833-33675773	3586327	3589601	+	3274	1.0	0.998167379352474	0	1
NA18948_2	NA18948#2	CYP21A1P	CYP21	NA18948#2#CM101588.1:28449833-33675773	3651803	3655077	+	3274	1.0	0.998167379352474	0	1
NA18948_2	NA18948#2	CYP21A1P	CYP21	NA18948#2#CM101588.1:28449833-33675773	3684537	3687809	+	3274	1.0	0.9777642400243679	0	1
NA18948_2	NA18948#2	CYP21A2	CYP21	NA18948#2#CM101588.1:28449833-33675773	3684582	3687809	+	3230	1.0	0.9962848297213622	60	1
NA18948_2	NA18948#2	CYP21A2	CYP21	NA18948#2#CM101588.1:28449833-33675773	3651853	3655077	+	3230	0.9984520123839009	0.9780389730900093	0	1
NA18948_2	NA18948#2	CYP21A2	CYP21	NA18948#2#CM101588.1:28449833-33675773	3619115	3622339	+	3230	0.9984520123839009	0.9780389730900093	0	1
NA18948_2	NA18948#2	CYP21A2	CYP21	NA18948#2#CM101588.1:28449833-33675773	3586377	3589601	+	3230	0.9984520123839009	0.9780389730900093	0	1
NA18948_2	NA18948#2	TNXA	TNX	NA18948#2#CM101588.1:28449833-33675773	3621849	3626453	-	4604	1.0	0.9980451781059948	0	1
NA18948_2	NA18948#2	TNXA	TNX	NA18948#2#CM101588.1:28449833-33675773	3654587	3659191	-	4604	1.0	0.9980451781059948	0	1
NA18948_2	NA18948#2	TNXA	TNX	NA18948#2#CM101588.1:28449833-33675773	3589111	3593715	-	4604	1.0	0.9978279756733276	0	1
NA18948_2	NA18948#2	TNXA	TNX	NA18948#2#CM101588.1:28449833-33675773	3687319	3692042	-	4604	1.0	0.9686706181202371	0	1
NA18948_2	NA18948#2	TNXB	TNX	NA18948#2#CM101588.1:28449833-33675773	3687317	3755494	-	68186	1.0	0.9988416422287391	60	1
NA18948_2	NA18948#2	WHR1B	WHR1	NA18948#2#CM101588.1:28449833-33675773	3626699	3627217	+	518	1.0	0.9980694980694981	0	1
NA18948_2	NA18948#2	WHR1B	WHR1	NA18948#2#CM101588.1:28449833-33675773	3593961	3594479	+	518	1.0	0.9980694980694981	0	1
NA18948_2	NA18948#2	WHR1B	WHR1	NA18948#2#CM101588.1:28449833-33675773	3659437	3659955	+	518	1.0	0.9980694980694981	0	1
NA18948_2	NA18948#2	WHR1B	WHR1	NA18948#2#CM101588.1:28449833-33675773	3561223	3561741	+	518	1.0	0.9942084942084942	0	1
NA18952.JaSaPaGe_1	NA18952.JaSaPaGe#1	WHR1	WHR1	NA18952.JaSaPaGe#1#h1tg000063l:25586722-30891845_rc	3611639	3621912	+	10272	1.0	0.9990266692622153	60	1
NA18952.JaSaPaGe_1	NA18952.JaSaPaGe#1	CYP21A1P	CYP21	NA18952.JaSaPaGe#1#h1tg000063l:25586722-30891845_rc	3646101	3649375	+	3274	1.0	0.998167379352474	60	1
NA18952.JaSaPaGe_1	NA18952.JaSaPaGe#1	CYP21A1P	CYP21	NA18952.JaSaPaGe#1#h1tg000063l:25586722-30891845_rc	3678836	3682107	+	3274	1.0	0.97775746496039	0	1
NA18952.JaSaPaGe_1	NA18952.JaSaPaGe#1	CYP21A2	CYP21	NA18952.JaSaPaGe#1#h1tg000063l:25586722-30891845_rc	3678881	3682107	+	3230	1.0	0.9956656346749226	60	1
NA18952.JaSaPaGe_1	NA18952.JaSaPaGe#1	CYP21A2	CYP21	NA18952.JaSaPaGe#1#h1tg000063l:25586722-30891845_rc	3646151	3649375	+	3230	0.9984520123839009	0.9780389730900093	0	1
NA18952.JaSaPaGe_1	NA18952.JaSaPaGe#1	TNXA	TNX	NA18952.JaSaPaGe#1#h1tg000063l:25586722-30891845_rc	3648885	3653489	-	4604	1.0	0.9980451781059948	60	1
NA18952.JaSaPaGe_1	NA18952.JaSaPaGe#1	TNXA	TNX	NA18952.JaSaPaGe#1#h1tg000063l:25586722-30891845_rc	3681617	3686340	-	4604	1.0	0.9693056731583404	0	1
NA18952.JaSaPaGe_1	NA18952.JaSaPaGe#1	TNXB	TNX	NA18952.JaSaPaGe#1#h1tg000063l:25586722-30891845_rc	3681615	3749793	-	68186	1.0	0.9988269794721407	60	1
NA18952.JaSaPaGe_1	NA18952.JaSaPaGe#1	WHR1B	WHR1	NA18952.JaSaPaGe#1#h1tg000063l:25586722-30891845_rc	3653735	3654253	+	518	1.0	0.9980694980694981	60	1
NA18952.JaSaPaGe_1	NA18952.JaSaPaGe#1	WHR1B	WHR1	NA18952.JaSaPaGe#1#h1tg000063l:25586722-30891845_rc	3620997	3621515	+	518	1.0	0.9942084942084942	0	1
NA18952.JaSaPaGe_2	NA18952.JaSaPaGe#2	WHR1	WHR1	NA18952.JaSaPaGe#2#JBHIJT010000011.1:27989065-33294169	3611577	3621849	+	10272	1.0	0.9991239170641487	60	1
NA18952.JaSaPaGe_2	NA18952.JaSaPaGe#2	CYP21A1P	CYP21	NA18952.JaSaPaGe#2#JBHIJT010000011.1:27989065-33294169	3646038	3649312	+	3274	1.0	0.998167379352474	60	1
NA18952.JaSaPaGe_2	NA18952.JaSaPaGe#2	CYP21A1P	CYP21	NA18952.JaSaPaGe#2#JBHIJT010000011.1:27989065-33294169	3678773	3682044	+	3274	1.0	0.97775746496039	0	1
NA18952.JaSaPaGe_2	NA18952.JaSaPaGe#2	CYP21A2	CYP21	NA18952.JaSaPaGe#2#JBHIJT010000011.1:27989065-33294169	3678818	3682044	+	3230	1.0	0.9956656346749226	60	1
NA18952.JaSaPaGe_2	NA18952.JaSaPaGe#2	CYP21A2	CYP21	NA18952.JaSaPaGe#2#JBHIJT010000011.1:27989065-33294169	3646088	3649312	+	3230	0.9984520123839009	0.9780389730900093	0	1
NA18952.JaSaPaGe_2	NA18952.JaSaPaGe#2	TNXA	TNX	NA18952.JaSaPaGe#2#JBHIJT010000011.1:27989065-33294169	3648822	3653426	-	4604	1.0	0.998262380538662	60	1
NA18952.JaSaPaGe_2	NA18952.JaSaPaGe#2	TNXA	TNX	NA18952.JaSaPaGe#2#JBHIJT010000011.1:27989065-33294169	3681554	3686277	-	4604	1.0	0.9693056731583404	0	1
NA18952.JaSaPaGe_2	NA18952.JaSaPaGe#2	TNXB	TNX	NA18952.JaSaPaGe#2#JBHIJT010000011.1:27989065-33294169	3681552	3749727	-	68186	1.0	0.9987830090467882	60	1
NA18952.JaSaPaGe_2	NA18952.JaSaPaGe#2	WHR1B	WHR1	NA18952.JaSaPaGe#2#JBHIJT010000011.1:27989065-33294169	3653672	3654190	+	518	1.0	0.9980694980694981	60	1
NA18952.JaSaPaGe_2	NA18952.JaSaPaGe#2	WHR1B	WHR1	NA18952.JaSaPaGe#2#JBHIJT010000011.1:27989065-33294169	3620934	3621452	+	518	1.0	0.9942084942084942	0	1
NA18952_1	NA18952#1	WHR1	WHR1	NA18952#1#JBHIJS010000065.1:28372748-33544581	3504692	3514965	+	10272	1.0	0.9990266692622153	60	1
NA18952_1	NA18952#1	CYP21A1P	CYP21	NA18952#1#JBHIJS010000065.1:28372748-33544581	3604630	3607904	+	3274	1.0	0.998167379352474	0	1
NA18952_1	NA18952#1	CYP21A1P	CYP21	NA18952#1#JBHIJS010000065.1:28372748-33544581	3539154	3542428	+	3274	1.0	0.998167379352474	0	1
NA18952_1	NA18952#1	CYP21A1P	CYP21	NA18952#1#JBHIJS010000065.1:28372748-33544581	3571892	3575166	+	3274	1.0	0.998167379352474	0	1
NA18952_1	NA18952#1	CYP21A1P	CYP21	NA18952#1#JBHIJS010000065.1:28372748-33544581	3637365	3640637	+	3274	1.0	0.9777642400243679	0	1
NA18952_1	NA18952#1	CYP21A2	CYP21	NA18952#1#JBHIJS010000065.1:28372748-33544581	3637410	3640637	+	3230	1.0	0.9962848297213622	60	1
NA18952_1	NA18952#1	CYP21A2	CYP21	NA18952#1#JBHIJS010000065.1:28372748-33544581	3571942	3575166	+	3230	0.9984520123839009	0.9780389730900093	0	1
NA18952_1	NA18952#1	CYP21A2	CYP21	NA18952#1#JBHIJS010000065.1:28372748-33544581	3604680	3607904	+	3230	0.9984520123839009	0.9780389730900093	0	1
NA18952_1	NA18952#1	CYP21A2	CYP21	NA18952#1#JBHIJS010000065.1:28372748-33544581	3539204	3542428	+	3230	0.9984520123839009	0.9780389730900093	0	1
NA18952_1	NA18952#1	TNXA	TNX	NA18952#1#JBHIJS010000065.1:28372748-33544581	3607414	3612018	-	4604	1.0	0.9980451781059948	5	1
NA18952_1	NA18952#1	TNXA	TNX	NA18952#1#JBHIJS010000065.1:28372748-33544581	3574676	3579280	-	4604	1.0	0.9978279756733276	0	1
NA18952_1	NA18952#1	TNXA	TNX	NA18952#1#JBHIJS010000065.1:28372748-33544581	3541938	3546542	-	4604	1.0	0.9978279756733276	0	1
NA18952_1	NA18952#1	TNXA	TNX	NA18952#1#JBHIJS010000065.1:28372748-33544581	3640147	3644870	-	4604	1.0	0.9686706181202371	0	1
NA18952_1	NA18952#1	TNXB	TNX	NA18952#1#JBHIJS010000065.1:28372748-33544581	3640145	3708323	-	68186	1.0	0.9988563049853373	60	1
NA18952_1	NA18952#1	WHR1B	WHR1	NA18952#1#JBHIJS010000065.1:28372748-33544581	3546788	3547306	+	518	1.0	0.9980694980694981	0	1
NA18952_1	NA18952#1	WHR1B	WHR1	NA18952#1#JBHIJS010000065.1:28372748-33544581	3579526	3580044	+	518	1.0	0.9980694980694981	0	1
NA18952_1	NA18952#1	WHR1B	WHR1	NA18952#1#JBHIJS010000065.1:28372748-33544581	3612264	3612782	+	518	1.0	0.9980694980694981	0	1
NA18952_1	NA18952#1	WHR1B	WHR1	NA18952#1#JBHIJS010000065.1:28372748-33544581	3514050	3514568	+	518	1.0	0.9942084942084942	0	1
NA18952_2	NA18952#2	WHR1	WHR1	NA18952#2#JBHIJT010000011.1:27989065-33294169	3611577	3621849	+	10272	1.0	0.9991239170641487	60	1
NA18952_2	NA18952#2	CYP21A1P	CYP21	NA18952#2#JBHIJT010000011.1:27989065-33294169	3646038	3649312	+	3274	1.0	0.998167379352474	60	1
NA18952_2	NA18952#2	CYP21A1P	CYP21	NA18952#2#JBHIJT010000011.1:27989065-33294169	3678773	3682044	+	3274	1.0	0.97775746496039	0	1
NA18952_2	NA18952#2	CYP21A2	CYP21	NA18952#2#JBHIJT010000011.1:27989065-33294169	3678818	3682044	+	3230	1.0	0.9956656346749226	60	1
NA18952_2	NA18952#2	CYP21A2	CYP21	NA18952#2#JBHIJT010000011.1:27989065-33294169	3646088	3649312	+	3230	0.9984520123839009	0.9780389730900093	0	1
NA18952_2	NA18952#2	TNXA	TNX	NA18952#2#JBHIJT010000011.1:27989065-33294169	3648822	3653426	-	4604	1.0	0.998262380538662	60	1
NA18952_2	NA18952#2	TNXA	TNX	NA18952#2#JBHIJT010000011.1:27989065-33294169	3681554	3686277	-	4604	1.0	0.9693056731583404	0	1
NA18952_2	NA18952#2	TNXB	TNX	NA18952#2#JBHIJT010000011.1:27989065-33294169	3681552	3749727	-	68186	1.0	0.9987830090467882	60	1
NA18952_2	NA18952#2	WHR1B	WHR1	NA18952#2#JBHIJT010000011.1:27989065-33294169	3653672	3654190	+	518	1.0	0.9980694980694981	60	1
NA18952_2	NA18952#2	WHR1B	WHR1	NA18952#2#JBHIJT010000011.1:27989065-33294169	3620934	3621452	+	518	1.0	0.9942084942084942	0	1
NA18959_1	NA18959#1	WHR1	WHR1	NA18959#1#CM101546.1:28370803-33504249	3507226	3517498	+	10272	1.0	0.9999026479750779	60	1
NA18959_1	NA18959#1	CYP21A1P	CYP21	NA18959#1#CM101546.1:28370803-33504249	3541686	3544960	+	3274	1.0	1.0	60	1
NA18959_1	NA18959#1	CYP21A1P	CYP21	NA18959#1#CM101546.1:28370803-33504249	3574421	3577696	+	3274	1.0	0.9783734389278099	0	1
NA18959_1	NA18959#1	CYP21A2	CYP21	NA18959#1#CM101546.1:28370803-33504249	3574466	3577696	+	3230	1.0	0.9993808049535604	60	1
NA18959_1	NA18959#1	CYP21A2	CYP21	NA18959#1#CM101546.1:28370803-33504249	3541736	3544960	+	3230	0.9984520123839009	0.9780389730900093	0	1
NA18959_1	NA18959#1	TNXA	TNX	NA18959#1#CM101546.1:28370803-33504249	3544470	3549074	-	4604	1.0	0.9997827975673328	60	1
NA18959_1	NA18959#1	TNXA	TNX	NA18959#1#CM101546.1:28370803-33504249	3577206	3581929	-	4604	1.0	0.9701524132091448	0	1
NA18959_1	NA18959#1	TNXB	TNX	NA18959#1#CM101546.1:28370803-33504249	3577204	3645407	-	68186	1.0	0.999677438273415	60	1
NA18959_1	NA18959#1	WHR1B	WHR1	NA18959#1#CM101546.1:28370803-33504249	3549320	3549838	+	518	1.0	1.0	60	1
NA18959_1	NA18959#1	WHR1B	WHR1	NA18959#1#CM101546.1:28370803-33504249	3516583	3517101	+	518	1.0	0.9942084942084942	0	1
NA18959_2	NA18959#2	WHR1	WHR1	NA18959#2#CM101574.1:28371257-33493892	3548493	3558765	+	10272	1.0	0.9990265745157209	60	1
NA18959_2	NA18959#2	CYP21A1P	CYP21	NA18959#2#CM101574.1:28371257-33493892	3582951	3586223	+	3274	1.0	0.977459640572647	60	1
NA18959_2	NA18959#2	CYP21A2	CYP21	NA18959#2#CM101574.1:28371257-33493892	3582996	3586223	+	3230	1.0	0.9959752321981424	60	1
NA18959_2	NA18959#2	TNXA	TNX	NA18959#2#CM101574.1:28371257-33493892	3585733	3590456	-	4604	1.0	0.9688823031329382	60	1
NA18959_2	NA18959#2	TNXB	TNX	NA18959#2#CM101574.1:28371257-33493892	3585731	3653919	-	68186	1.0	0.998739187802375	60	1
NA18959_2	NA18959#2	WHR1B	WHR1	NA18959#2#CM101574.1:28371257-33493892	3557850	3558368	+	518	1.0	0.9942084942084942	60	1
NA18960_1	NA18960#1	WHR1	WHR1	NA18960#1#CM101531.1:28387298-33581139	3500163	3510435	+	10272	1.0	0.9991239170641487	60	1
NA18960_1	NA18960#1	CYP21A1P	CYP21	NA18960#1#CM101531.1:28387298-33581139	3534624	3537898	+	3274	1.0	0.998167379352474	60	1
NA18960_1	NA18960#1	CYP21A1P	CYP21	NA18960#1#CM101531.1:28387298-33581139	3567359	3570631	+	3274	1.0	0.977459640572647	0	1
NA18960_1	NA18960#1	CYP21A2	CYP21	NA18960#1#CM101531.1:28387298-33581139	3567404	3570631	+	3230	1.0	0.9959752321981424	60	1
NA18960_1	NA18960#1	CYP21A2	CYP21	NA18960#1#CM101531.1:28387298-33581139	3534674	3537898	+	3230	0.9984520123839009	0.9780389730900093	0	1
NA18960_1	NA18960#1	TNXA	TNX	NA18960#1#CM101531.1:28387298-33581139	3537408	3542012	-	4604	1.0	0.9984795829713293	60	1
NA18960_1	NA18960#1	TNXA	TNX	NA18960#1#CM101531.1:28387298-33581139	3570141	3574864	-	4604	1.0	0.9688823031329382	0	1
NA18960_1	NA18960#1	TNXB	TNX	NA18960#1#CM101531.1:28387298-33581139	3570139	3638318	-	68186	1.0	0.9989735468355915	60	1
NA18960_1	NA18960#1	WHR1B	WHR1	NA18960#1#CM101531.1:28387298-33581139	3542258	3542776	+	518	1.0	0.9980694980694981	60	1
NA18960_1	NA18960#1	WHR1B	WHR1	NA18960#1#CM101531.1:28387298-33581139	3509520	3510038	+	518	1.0	0.9942084942084942	0	1
NA18960_2	NA18960#2	WHR1	WHR1	NA18960#2#CM101559.1:28352755-33558459	3503539	3513806	+	10272	1.0	0.9983451766767254	60	1
NA18960_2	NA18960#2	CYP21A1P	CYP21	NA18960#2#CM101559.1:28352755-33558459	3537995	3541268	+	3274	1.0	0.9969456322541234	60	1
NA18960_2	NA18960#2	CYP21A1P	CYP21	NA18960#2#CM101559.1:28352755-33558459	3564361	3567636	+	3274	1.0	0.976545842217484	0	1
NA18960_2	NA18960#2	CYP21A2	CYP21	NA18960#2#CM101559.1:28352755-33558459	3564406	3567636	+	3230	1.0	0.9969040247678018	60	1
NA18960_2	NA18960#2	CYP21A2	CYP21	NA18960#2#CM101559.1:28352755-33558459	3538045	3541268	+	3230	0.9984520123839009	0.9768017321373338	0	1
NA18960_2	NA18960#2	TNXA	TNX	NA18960#2#CM101559.1:28352755-33558459	3540778	3545382	-	4604	1.0	0.9963075586446568	60	1
NA18960_2	NA18960#2	TNXA	TNX	NA18960#2#CM101559.1:28352755-33558459	3567146	3571870	-	4604	1.0	0.9686706181202371	0	1
NA18960_2	NA18960#2	TNXB	TNX	NA18960#2#CM101559.1:28352755-33558459	3567144	3635303	-	68186	1.0	0.998137966424749	60	1
NA18960_2	NA18960#2	WHR1B	WHR1	NA18960#2#CM101559.1:28352755-33558459	3545628	3546146	+	518	1.0	0.9942084942084942	0	1
NA18960_2	NA18960#2	WHR1B	WHR1	NA18960#2#CM101559.1:28352755-33558459	3512891	3513409	+	518	1.0	0.9942084942084942	0	1
NA18967_1	NA18967#1	WHR1	WHR1	NA18967#1#CM101498.1:28415274-33499907	3500556	3510828	+	10272	1.0	0.9991239170641487	60	1
NA18967_1	NA18967#1	CYP21A1P	CYP21	NA18967#1#CM101498.1:28415274-33499907	3535017	3538291	+	3274	1.0	0.998167379352474	60	1
NA18967_1	NA18967#1	CYP21A1P	CYP21	NA18967#1#CM101498.1:28415274-33499907	3567752	3571024	+	3274	1.0	0.977459640572647	0	1
NA18967_1	NA18967#1	CYP21A2	CYP21	NA18967#1#CM101498.1:28415274-33499907	3567797	3571024	+	3230	1.0	0.9959752321981424	60	1
NA18967_1	NA18967#1	CYP21A2	CYP21	NA18967#1#CM101498.1:28415274-33499907	3535067	3538291	+	3230	0.9984520123839009	0.9780389730900093	0	1
NA18967_1	NA18967#1	TNXA	TNX	NA18967#1#CM101498.1:28415274-33499907	3537801	3542405	-	4604	1.0	0.9980451781059948	60	1
NA18967_1	NA18967#1	TNXA	TNX	NA18967#1#CM101498.1:28415274-33499907	3570534	3575257	-	4604	1.0	0.9688823031329382	0	1
NA18967_1	NA18967#1	TNXB	TNX	NA18967#1#CM101498.1:28415274-33499907	3570532	3638726	-	68186	1.0	0.9987538849469302	60	1
NA18967_1	NA18967#1	WHR1B	WHR1	NA18967#1#CM101498.1:28415274-33499907	3542651	3543169	+	518	1.0	0.9980694980694981	60	1
NA18967_1	NA18967#1	WHR1B	WHR1	NA18967#1#CM101498.1:28415274-33499907	3509913	3510431	+	518	1.0	0.9942084942084942	0	1
NA18967_2	NA18967#2	WHR1	WHR1	NA18967#2#JBKABX010000006.1:28395404-33553508	3496632	3506904	+	10272	1.0	1.0	60	1
NA18967_2	NA18967#2	CYP21A1P	CYP21	NA18967#2#JBKABX010000006.1:28395404-33553508	3531086	3534360	+	3274	1.0	0.9771480804387569	60	1
NA18967_2	NA18967#2	CYP21A2	CYP21	NA18967#2#JBKABX010000006.1:28395404-33553508	3531131	3534360	+	3230	1.0	0.9981424148606811	60	1
NA18967_2	NA18967#2	TNXA	TNX	NA18967#2#JBKABX010000006.1:28395404-33553508	3533870	3538593	-	4604	1.0	0.9693056731583404	60	1
NA18967_2	NA18967#2	TNXB	TNX	NA18967#2#JBKABX010000006.1:28395404-33553508	3533868	3602065	-	68186	1.0	0.998753939749322	60	1
NA18967_2	NA18967#2	WHR1B	WHR1	NA18967#2#JBKABX010000006.1:28395404-33553508	3505989	3506507	+	518	1.0	0.9942084942084942	60	1
NA18970.JaSaPaGe_1	NA18970.JaSaPaGe#1	WHR1	WHR1	NA18970.JaSaPaGe#1#CM101469.1:28338191-33472849	3550934	3561206	+	10272	1.0	0.9991239170641487	60	1
NA18970.JaSaPaGe_1	NA18970.JaSaPaGe#1	CYP21A1P	CYP21	NA18970.JaSaPaGe#1#CM101469.1:28338191-33472849	3585395	3588669	+	3274	1.0	0.998167379352474	60	1
NA18970.JaSaPaGe_1	NA18970.JaSaPaGe#1	CYP21A1P	CYP21	NA18970.JaSaPaGe#1#CM101469.1:28338191-33472849	3618130	3621402	+	3274	1.0	0.9777642400243679	0	1
NA18970.JaSaPaGe_1	NA18970.JaSaPaGe#1	CYP21A2	CYP21	NA18970.JaSaPaGe#1#CM101469.1:28338191-33472849	3618175	3621402	+	3230	1.0	0.9956656346749226	60	1
NA18970.JaSaPaGe_1	NA18970.JaSaPaGe#1	CYP21A2	CYP21	NA18970.JaSaPaGe#1#CM101469.1:28338191-33472849	3585445	3588669	+	3230	0.9984520123839009	0.9780389730900093	0	1
NA18970.JaSaPaGe_1	NA18970.JaSaPaGe#1	TNXA	TNX	NA18970.JaSaPaGe#1#CM101469.1:28338191-33472849	3588179	3592783	-	4604	1.0	0.9980451781059948	60	1
NA18970.JaSaPaGe_1	NA18970.JaSaPaGe#1	TNXA	TNX	NA18970.JaSaPaGe#1#CM101469.1:28338191-33472849	3620912	3625635	-	4604	1.0	0.9690939881456393	0	1
NA18970.JaSaPaGe_1	NA18970.JaSaPaGe#1	TNXB	TNX	NA18970.JaSaPaGe#1#CM101469.1:28338191-33472849	3620910	3689101	-	68186	1.0	0.9987977949800609	60	1
NA18970.JaSaPaGe_1	NA18970.JaSaPaGe#1	WHR1B	WHR1	NA18970.JaSaPaGe#1#CM101469.1:28338191-33472849	3593029	3593547	+	518	1.0	0.9980694980694981	60	1
NA18970.JaSaPaGe_1	NA18970.JaSaPaGe#1	WHR1B	WHR1	NA18970.JaSaPaGe#1#CM101469.1:28338191-33472849	3560291	3560809	+	518	1.0	0.9942084942084942	0	1
NA18970.JaSaPaGe_2	NA18970.JaSaPaGe#2	WHR1	WHR1	NA18970.JaSaPaGe#2#CM101481.1:28437781-33628491	3506099	3516372	+	10272	1.0	0.9994159447094325	60	1
NA18970.JaSaPaGe_2	NA18970.JaSaPaGe#2	CYP21A1P	CYP21	NA18970.JaSaPaGe#2#CM101481.1:28437781-33628491	3540559	3543833	+	3274	1.0	0.9987782529016493	60	1
NA18970.JaSaPaGe_2	NA18970.JaSaPaGe#2	CYP21A1P	CYP21	NA18970.JaSaPaGe#2#CM101481.1:28437781-33628491	3566924	3570199	+	3274	1.0	0.977155041120926	0	1
NA18970.JaSaPaGe_2	NA18970.JaSaPaGe#2	CYP21A2	CYP21	NA18970.JaSaPaGe#2#CM101481.1:28437781-33628491	3566974	3570199	+	3230	0.9984520123839009	0.9987596899224807	60	1
NA18970.JaSaPaGe_2	NA18970.JaSaPaGe#2	CYP21A2	CYP21	NA18970.JaSaPaGe#2#CM101481.1:28437781-33628491	3540609	3543833	+	3230	0.9984520123839009	0.9774203526136716	0	1
NA18970.JaSaPaGe_2	NA18970.JaSaPaGe#2	TNXA	TNX	NA18970.JaSaPaGe#2#CM101481.1:28437781-33628491	3543343	3547947	-	4604	1.0	0.9978279756733276	60	1
NA18970.JaSaPaGe_2	NA18970.JaSaPaGe#2	TNXA	TNX	NA18970.JaSaPaGe#2#CM101481.1:28437781-33628491	3569709	3574432	-	4604	1.0	0.9701524132091448	0	1
NA18970.JaSaPaGe_2	NA18970.JaSaPaGe#2	TNXB	TNX	NA18970.JaSaPaGe#2#CM101481.1:28437781-33628491	3569707	3637900	-	68186	1.0	0.9992229080832221	60	1
NA18970.JaSaPaGe_2	NA18970.JaSaPaGe#2	WHR1B	WHR1	NA18970.JaSaPaGe#2#CM101481.1:28437781-33628491	3548193	3548711	+	518	1.0	0.9961389961389961	43	1
NA18970.JaSaPaGe_2	NA18970.JaSaPaGe#2	WHR1B	WHR1	NA18970.JaSaPaGe#2#CM101481.1:28437781-33628491	3515457	3515975	+	518	1.0	0.9942084942084942	0	1
NA18970_1	NA18970#1	WHR1	WHR1	NA18970#1#CM101469.1:28338191-33472849	3550934	3561206	+	10272	1.0	0.9991239170641487	60	1
NA18970_1	NA18970#1	CYP21A1P	CYP21	NA18970#1#CM101469.1:28338191-33472849	3585395	3588669	+	3274	1.0	0.998167379352474	60	1
NA18970_1	NA18970#1	CYP21A1P	CYP21	NA18970#1#CM101469.1:28338191-33472849	3618130	3621402	+	3274	1.0	0.9777642400243679	0	1
NA18970_1	NA18970#1	CYP21A2	CYP21	NA18970#1#CM101469.1:28338191-33472849	3618175	3621402	+	3230	1.0	0.9956656346749226	60	1
NA18970_1	NA18970#1	CYP21A2	CYP21	NA18970#1#CM101469.1:28338191-33472849	3585445	3588669	+	3230	0.9984520123839009	0.9780389730900093	0	1
NA18970_1	NA18970#1	TNXA	TNX	NA18970#1#CM101469.1:28338191-33472849	3588179	3592783	-	4604	1.0	0.9980451781059948	60	1
NA18970_1	NA18970#1	TNXA	TNX	NA18970#1#CM101469.1:28338191-33472849	3620912	3625635	-	4604	1.0	0.9690939881456393	0	1
NA18970_1	NA18970#1	TNXB	TNX	NA18970#1#CM101469.1:28338191-33472849	3620910	3689101	-	68186	1.0	0.9987977949800609	60	1
NA18970_1	NA18970#1	WHR1B	WHR1	NA18970#1#CM101469.1:28338191-33472849	3593029	3593547	+	518	1.0	0.9980694980694981	60	1
NA18970_1	NA18970#1	WHR1B	WHR1	NA18970#1#CM101469.1:28338191-33472849	3560291	3560809	+	518	1.0	0.9942084942084942	0	1
NA18970_2	NA18970#2	WHR1	WHR1	NA18970#2#CM101481.1:28437781-33628491	3506099	3516372	+	10272	1.0	0.9994159447094325	60	1
NA18970_2	NA18970#2	CYP21A1P	CYP21	NA18970#2#CM101481.1:28437781-33628491	3540559	3543833	+	3274	1.0	0.9987782529016493	60	1
NA18970_2	NA18970#2	CYP21A1P	CYP21	NA18970#2#CM101481.1:28437781-33628491	3566924	3570199	+	3274	1.0	0.977155041120926	0	1
NA18970_2	NA18970#2	CYP21A2	CYP21	NA18970#2#CM101481.1:28437781-33628491	3566974	3570199	+	3230	0.9984520123839009	0.9987596899224807	60	1
NA18970_2	NA18970#2	CYP21A2	CYP21	NA18970#2#CM101481.1:28437781-33628491	3540609	3543833	+	3230	0.9984520123839009	0.9774203526136716	0	1
NA18970_2	NA18970#2	TNXA	TNX	NA18970#2#CM101481.1:28437781-33628491	3543343	3547947	-	4604	1.0	0.9978279756733276	60	1
NA18970_2	NA18970#2	TNXA	TNX	NA18970#2#CM101481.1:28437781-33628491	3569709	3574432	-	4604	1.0	0.9701524132091448	0	1
NA18970_2	NA18970#2	TNXB	TNX	NA18970#2#CM101481.1:28437781-33628491	3569707	3637900	-	68186	1.0	0.9992229080832221	60	1
NA18970_2	NA18970#2	WHR1B	WHR1	NA18970#2#CM101481.1:28437781-33628491	3548193	3548711	+	518	1.0	0.9961389961389961	43	1
NA18970_2	NA18970#2	WHR1B	WHR1	NA18970#2#CM101481.1:28437781-33628491	3515457	3515975	+	518	1.0	0.9942084942084942	0	1
NA18971_1	NA18971#1	WHR1	WHR1	NA18971#1#JBHDWK010000075.1:28353861-33541047	3493821	3504093	+	10272	1.0	1.0	60	1
NA18971_1	NA18971#1	CYP21A1P	CYP21	NA18971#1#JBHDWK010000075.1:28353861-33541047	3528282	3531556	+	3274	1.0	1.0	60	1
NA18971_1	NA18971#1	CYP21A1P	CYP21	NA18971#1#JBHDWK010000075.1:28353861-33541047	3561016	3564291	+	3274	1.0	0.9780688394760889	0	1
NA18971_1	NA18971#1	CYP21A2	CYP21	NA18971#1#JBHDWK010000075.1:28353861-33541047	3561061	3564291	+	3230	1.0	0.9996904024767802	60	1
NA18971_1	NA18971#1	CYP21A2	CYP21	NA18971#1#JBHDWK010000075.1:28353861-33541047	3528332	3531556	+	3230	0.9984520123839009	0.9780389730900093	0	1
NA18971_1	NA18971#1	TNXA	TNX	NA18971#1#JBHDWK010000075.1:28353861-33541047	3531066	3535670	-	4604	1.0	0.9995655951346655	60	1
NA18971_1	NA18971#1	TNXA	TNX	NA18971#1#JBHDWK010000075.1:28353861-33541047	3563801	3568524	-	4604	1.0	0.9701524132091448	0	1
NA18971_1	NA18971#1	TNXB	TNX	NA18971#1#JBHDWK010000075.1:28353861-33541047	3563799	3631989	-	68186	1.0	0.9998240236981419	60	1
NA18971_1	NA18971#1	WHR1B	WHR1	NA18971#1#JBHDWK010000075.1:28353861-33541047	3535916	3536434	+	518	1.0	1.0	60	1
NA18971_1	NA18971#1	WHR1B	WHR1	NA18971#1#JBHDWK010000075.1:28353861-33541047	3503178	3503696	+	518	1.0	0.9942084942084942	0	1
NA18971_2	NA18971#2	WHR1	WHR1	NA18971#2#CM087282.1:28370956-33557710	3603456	3613728	+	10272	1.0	0.9990265745157209	60	1
NA18971_2	NA18971#2	CYP21A1P	CYP21	NA18971#2#CM087282.1:28370956-33557710	3637917	3641191	+	3274	1.0	0.998167379352474	60	1
NA18971_2	NA18971#2	CYP21A1P	CYP21	NA18971#2#CM087282.1:28370956-33557710	3670652	3673924	+	3274	1.0	0.977459640572647	0	1
NA18971_2	NA18971#2	CYP21A2	CYP21	NA18971#2#CM087282.1:28370956-33557710	3670697	3673924	+	3230	1.0	0.9959752321981424	60	1
NA18971_2	NA18971#2	CYP21A2	CYP21	NA18971#2#CM087282.1:28370956-33557710	3637967	3641191	+	3230	0.9984520123839009	0.9780389730900093	0	1
NA18971_2	NA18971#2	TNXA	TNX	NA18971#2#CM087282.1:28370956-33557710	3640701	3645305	-	4604	1.0	0.9980451781059948	60	1
NA18971_2	NA18971#2	TNXA	TNX	NA18971#2#CM087282.1:28370956-33557710	3673434	3678157	-	4604	1.0	0.9688823031329382	0	1
NA18971_2	NA18971#2	TNXB	TNX	NA18971#2#CM087282.1:28370956-33557710	3673432	3741622	-	68186	1.0	0.9989590053369304	60	1
NA18971_2	NA18971#2	WHR1B	WHR1	NA18971#2#CM087282.1:28370956-33557710	3612813	3613331	+	518	1.0	0.9942084942084942	0	1
NA18971_2	NA18971#2	WHR1B	WHR1	NA18971#2#CM087282.1:28370956-33557710	3645551	3646069	+	518	1.0	0.9942084942084942	0	1
NA18974_1	NA18974#1	WHR1	WHR1	NA18974#1#JBHIJQ010000061.1:28438445-33702152	3541558	3551821	+	10272	1.0	0.9981503115264797	60	1
NA18974_1	NA18974#1	CYP21A1P	CYP21	NA18974#1#JBHIJQ010000061.1:28438445-33702152	3576011	3579285	+	3274	1.0	0.9966401954795358	0	1
NA18974_1	NA18974#1	CYP21A1P	CYP21	NA18974#1#JBHIJQ010000061.1:28438445-33702152	3602382	3605656	+	3274	1.0	0.9966401954795358	0	1
NA18974_1	NA18974#1	CYP21A1P	CYP21	NA18974#1#JBHIJQ010000061.1:28438445-33702152	3635116	3638391	+	3274	1.0	0.978982637831252	0	1
NA18974_1	NA18974#1	CYP21A2	CYP21	NA18974#1#JBHIJQ010000061.1:28438445-33702152	3635161	3638391	+	3230	1.0	0.9972136222910216	60	1
NA18974_1	NA18974#1	CYP21A2	CYP21	NA18974#1#JBHIJQ010000061.1:28438445-33702152	3602432	3605656	+	3230	0.9984520123839009	0.9789669038045159	0	1
NA18974_1	NA18974#1	CYP21A2	CYP21	NA18974#1#JBHIJQ010000061.1:28438445-33702152	3576061	3579285	+	3230	0.9984520123839009	0.9789669038045159	0	1
NA18974_1	NA18974#1	TNXA	TNX	NA18974#1#JBHIJQ010000061.1:28438445-33702152	3578795	3583399	-	4604	1.0	0.9969591659426585	0	1
NA18974_1	NA18974#1	TNXA	TNX	NA18974#1#JBHIJQ010000061.1:28438445-33702152	3605166	3609770	-	4604	1.0	0.9969591659426585	0	1
NA18974_1	NA18974#1	TNXA	TNX	NA18974#1#JBHIJQ010000061.1:28438445-33702152	3637901	3642624	-	4604	1.0	0.9688823031329382	0	1
NA18974_1	NA18974#1	TNXB	TNX	NA18974#1#JBHIJQ010000061.1:28438445-33702152	3637899	3706163	-	68186	1.0	0.9978029382039753	60	1
NA18974_1	NA18974#1	WHR1B	WHR1	NA18974#1#JBHIJQ010000061.1:28438445-33702152	3610016	3610534	+	518	1.0	0.9961389961389961	0	1
NA18974_1	NA18974#1	WHR1B	WHR1	NA18974#1#JBHIJQ010000061.1:28438445-33702152	3583645	3584163	+	518	1.0	0.9961389961389961	0	1
NA18974_1	NA18974#1	WHR1B	WHR1	NA18974#1#JBHIJQ010000061.1:28438445-33702152	3550909	3551424	+	518	1.0	0.9884169884169884	0	1
NA18974_2	NA18974#2	WHR1	WHR1	NA18974#2#JBHIJR010000002.1:28446464-33624399	3544335	3554598	+	10272	1.0	0.9981503115264797	60	1
NA18974_2	NA18974#2	CYP21A1P	CYP21	NA18974#2#JBHIJR010000002.1:28446464-33624399	3578788	3582062	+	3274	1.0	0.9966401954795358	0	1
NA18974_2	NA18974#2	CYP21A1P	CYP21	NA18974#2#JBHIJR010000002.1:28446464-33624399	3605159	3608433	+	3274	1.0	0.9966401954795358	0	1
NA18974_2	NA18974#2	CYP21A1P	CYP21	NA18974#2#JBHIJR010000002.1:28446464-33624399	3637895	3641170	+	3274	1.0	0.978982637831252	0	1
NA18974_2	NA18974#2	CYP21A2	CYP21	NA18974#2#JBHIJR010000002.1:28446464-33624399	3637940	3641170	+	3230	1.0	0.9972136222910216	60	1
NA18974_2	NA18974#2	CYP21A2	CYP21	NA18974#2#JBHIJR010000002.1:28446464-33624399	3605209	3608433	+	3230	0.9984520123839009	0.9789669038045159	0	1
NA18974_2	NA18974#2	CYP21A2	CYP21	NA18974#2#JBHIJR010000002.1:28446464-33624399	3578838	3582062	+	3230	0.9984520123839009	0.9789669038045159	0	1
NA18974_2	NA18974#2	TNXA	TNX	NA18974#2#JBHIJR010000002.1:28446464-33624399	3607943	3612547	-	4604	1.0	0.9967419635099913	0	1
NA18974_2	NA18974#2	TNXA	TNX	NA18974#2#JBHIJR010000002.1:28446464-33624399	3581572	3586176	-	4604	1.0	0.9967419635099913	0	1
NA18974_2	NA18974#2	TNXA	TNX	NA18974#2#JBHIJR010000002.1:28446464-33624399	3640680	3645403	-	4604	1.0	0.9693056731583404	0	1
NA18974_2	NA18974#2	TNXB	TNX	NA18974#2#JBHIJR010000002.1:28446464-33624399	3640678	3708934	-	68186	1.0	0.9979784662711492	60	1
NA18974_2	NA18974#2	WHR1B	WHR1	NA18974#2#JBHIJR010000002.1:28446464-33624399	3612793	3613311	+	518	1.0	0.9961389961389961	0	1
NA18974_2	NA18974#2	WHR1B	WHR1	NA18974#2#JBHIJR010000002.1:28446464-33624399	3586422	3586940	+	518	1.0	0.9961389961389961	0	1
NA18974_2	NA18974#2	WHR1B	WHR1	NA18974#2#JBHIJR010000002.1:28446464-33624399	3553686	3554201	+	518	1.0	0.9884169884169884	0	1
NA18976_1	NA18976#1	WHR1	WHR1	NA18976#1#CM089753.1:28424712-33611473	3608871	3619143	+	10272	1.0	0.9993186021610045	60	1
NA18976_1	NA18976#1	CYP21A1P	CYP21	NA18976#1#CM089753.1:28424712-33611473	3643332	3646605	+	3274	1.0	0.996334758704948	60	1
NA18976_1	NA18976#1	CYP21A1P	CYP21	NA18976#1#CM089753.1:28424712-33611473	3669698	3672972	+	3274	1.0	0.9774527726995734	0	1
NA18976_1	NA18976#1	CYP21A2	CYP21	NA18976#1#CM089753.1:28424712-33611473	3669743	3672972	+	3230	1.0	0.9987616099071207	60	1
NA18976_1	NA18976#1	CYP21A2	CYP21	NA18976#1#CM089753.1:28424712-33611473	3643382	3646605	+	3230	0.9984520123839009	0.979269801980198	0	1
NA18976_1	NA18976#1	TNXA	TNX	NA18976#1#CM089753.1:28424712-33611473	3646115	3650719	-	4604	1.0	0.9976107732406603	60	1
NA18976_1	NA18976#1	TNXA	TNX	NA18976#1#CM089753.1:28424712-33611473	3672482	3677205	-	4604	1.0	0.9690939881456393	0	1
NA18976_1	NA18976#1	TNXB	TNX	NA18976#1#CM089753.1:28424712-33611473	3672480	3740660	-	68186	1.0	0.9992081763127411	60	1
NA18976_1	NA18976#1	WHR1B	WHR1	NA18976#1#CM089753.1:28424712-33611473	3650965	3651483	+	518	1.0	0.9980694980694981	34	1
NA18976_1	NA18976#1	WHR1B	WHR1	NA18976#1#CM089753.1:28424712-33611473	3618228	3618746	+	518	1.0	0.9961389961389961	0	1
NA18976_2	NA18976#2	WHR1	WHR1	NA18976#2#CM089763.1:28447335-33634097	3608868	3619140	+	10272	1.0	0.9993186021610045	60	1
NA18976_2	NA18976#2	CYP21A1P	CYP21	NA18976#2#CM089763.1:28447335-33634097	3643329	3646602	+	3274	1.0	0.996334758704948	60	1
NA18976_2	NA18976#2	CYP21A1P	CYP21	NA18976#2#CM089763.1:28447335-33634097	3669695	3672969	+	3274	1.0	0.9774527726995734	0	1
NA18976_2	NA18976#2	CYP21A2	CYP21	NA18976#2#CM089763.1:28447335-33634097	3669740	3672969	+	3230	1.0	0.9987616099071207	60	1
NA18976_2	NA18976#2	CYP21A2	CYP21	NA18976#2#CM089763.1:28447335-33634097	3643379	3646602	+	3230	0.9984520123839009	0.979269801980198	0	1
NA18976_2	NA18976#2	TNXA	TNX	NA18976#2#CM089763.1:28447335-33634097	3646112	3650716	-	4604	1.0	0.9976107732406603	60	1
NA18976_2	NA18976#2	TNXA	TNX	NA18976#2#CM089763.1:28447335-33634097	3672479	3677202	-	4604	1.0	0.9690939881456393	0	1
NA18976_2	NA18976#2	TNXB	TNX	NA18976#2#CM089763.1:28447335-33634097	3672477	3740657	-	68186	1.0	0.9991788495095092	60	1
NA18976_2	NA18976#2	WHR1B	WHR1	NA18976#2#CM089763.1:28447335-33634097	3650962	3651480	+	518	1.0	0.9980694980694981	34	1
NA18976_2	NA18976#2	WHR1B	WHR1	NA18976#2#CM089763.1:28447335-33634097	3618225	3618743	+	518	1.0	0.9961389961389961	0	1
NA18982_1	NA18982#1	WHR1	WHR1	NA18982#1#CM101421.1:28415467-33548909	3507211	3517483	+	10272	1.0	0.9999026479750779	60	1
NA18982_1	NA18982#1	CYP21A1P	CYP21	NA18982#1#CM101421.1:28415467-33548909	3541672	3544946	+	3274	1.0	1.0	60	1
NA18982_1	NA18982#1	CYP21A1P	CYP21	NA18982#1#CM101421.1:28415467-33548909	3574407	3577682	+	3274	1.0	0.9783734389278099	0	1
NA18982_1	NA18982#1	CYP21A2	CYP21	NA18982#1#CM101421.1:28415467-33548909	3574452	3577682	+	3230	1.0	0.9993808049535604	60	1
NA18982_1	NA18982#1	CYP21A2	CYP21	NA18982#1#CM101421.1:28415467-33548909	3541722	3544946	+	3230	0.9984520123839009	0.9780389730900093	0	1
NA18982_1	NA18982#1	TNXA	TNX	NA18982#1#CM101421.1:28415467-33548909	3544456	3549060	-	4604	1.0	0.9997827975673328	60	1
NA18982_1	NA18982#1	TNXA	TNX	NA18982#1#CM101421.1:28415467-33548909	3577192	3581915	-	4604	1.0	0.9701524132091448	0	1
NA18982_1	NA18982#1	TNXB	TNX	NA18982#1#CM101421.1:28415467-33548909	3577190	3645397	-	68186	1.0	0.9996188130424584	60	1
NA18982_1	NA18982#1	WHR1B	WHR1	NA18982#1#CM101421.1:28415467-33548909	3549306	3549824	+	518	1.0	1.0	60	1
NA18982_1	NA18982#1	WHR1B	WHR1	NA18982#1#CM101421.1:28415467-33548909	3516568	3517086	+	518	1.0	0.9942084942084942	0	1
NA18982_2	NA18982#2	WHR1	WHR1	NA18982#2#JBKABT010000006.1:28433660-33435400	3408394	3418667	+	10272	1.0	0.999902657451572	60	1
NA18982_2	NA18982#2	CYP21A1P	CYP21	NA18982#2#JBKABT010000006.1:28433660-33435400	3442856	3446129	+	3274	1.0	0.9975565058032987	60	1
NA18982_2	NA18982#2	CYP21A1P	CYP21	NA18982#2#JBKABT010000006.1:28433660-33435400	3469217	3472491	+	3274	1.0	0.9771480804387569	0	1
NA18982_2	NA18982#2	CYP21A2	CYP21	NA18982#2#JBKABT010000006.1:28433660-33435400	3469262	3472491	+	3230	1.0	0.9981424148606811	60	1
NA18982_2	NA18982#2	CYP21A2	CYP21	NA18982#2#JBKABT010000006.1:28433660-33435400	3442901	3446129	+	3230	1.0	0.9771463866584311	0	1
NA18982_2	NA18982#2	TNXA	TNX	NA18982#2#JBKABT010000006.1:28433660-33435400	3445639	3450243	-	4604	1.0	0.9973935708079931	58	1
NA18982_2	NA18982#2	TNXA	TNX	NA18982#2#JBKABT010000006.1:28433660-33435400	3472001	3476724	-	4604	1.0	0.9699407281964437	0	1
NA18982_2	NA18982#2	TNXB	TNX	NA18982#2#JBKABT010000006.1:28433660-33435400	3471999	3540216	-	68186	1.0	0.9989299796256395	60	1
NA18982_2	NA18982#2	WHR1B	WHR1	NA18982#2#JBKABT010000006.1:28433660-33435400	3450489	3451007	+	518	1.0	0.9961389961389961	43	1
NA18982_2	NA18982#2	WHR1B	WHR1	NA18982#2#JBKABT010000006.1:28433660-33435400	3417752	3418270	+	518	1.0	0.9942084942084942	0	1
NA18983_1	NA18983#1	WHR1	WHR1	NA18983#1#CM087420.1:28378465-33528221	3554934	3565206	+	10272	1.0	0.9991239170641487	60	1
NA18983_1	NA18983#1	CYP21A1P	CYP21	NA18983#1#CM087420.1:28378465-33528221	3589395	3592669	+	3274	1.0	0.9978619425778864	60	1
NA18983_1	NA18983#1	CYP21A1P	CYP21	NA18983#1#CM087420.1:28378465-33528221	3622126	3625398	+	3274	1.0	0.977459640572647	0	1
NA18983_1	NA18983#1	CYP21A2	CYP21	NA18983#1#CM087420.1:28378465-33528221	3622171	3625398	+	3230	1.0	0.9959752321981424	60	1
NA18983_1	NA18983#1	CYP21A2	CYP21	NA18983#1#CM087420.1:28378465-33528221	3589445	3592669	+	3230	0.9984520123839009	0.9777296628518404	0	1
NA18983_1	NA18983#1	TNXA	TNX	NA18983#1#CM087420.1:28378465-33528221	3592179	3596783	-	4604	1.0	0.9980451781059948	60	1
NA18983_1	NA18983#1	TNXA	TNX	NA18983#1#CM087420.1:28378465-33528221	3624908	3629631	-	4604	1.0	0.9693056731583404	0	1
NA18983_1	NA18983#1	TNXB	TNX	NA18983#1#CM087420.1:28378465-33528221	3624906	3693081	-	68186	1.0	0.9987097720108497	60	1
NA18983_1	NA18983#1	WHR1B	WHR1	NA18983#1#CM087420.1:28378465-33528221	3597029	3597547	+	518	1.0	0.9980694980694981	60	1
NA18983_1	NA18983#1	WHR1B	WHR1	NA18983#1#CM087420.1:28378465-33528221	3564291	3564809	+	518	1.0	0.9942084942084942	0	1
NA18983_2	NA18983#2	WHR1	WHR1	NA18983#2#CM087432.1:28420692-33672818	3560257	3570530	+	10272	1.0	0.999902657451572	60	1
NA18983_2	NA18983#2	CYP21A1P	CYP21	NA18983#2#CM087432.1:28420692-33672818	3594718	3597992	+	3274	1.0	0.9993891264508247	60	1
NA18983_2	NA18983#2	CYP21A1P	CYP21	NA18983#2#CM087432.1:28420692-33672818	3627572	3630847	+	3274	1.0	0.9780688394760889	0	1
NA18983_2	NA18983#2	CYP21A2	CYP21	NA18983#2#CM087432.1:28420692-33672818	3627617	3630847	+	3230	1.0	0.9996904024767802	60	1
NA18983_2	NA18983#2	CYP21A2	CYP21	NA18983#2#CM087432.1:28420692-33672818	3594768	3597992	+	3230	0.9984520123839009	0.9786575935663471	0	1
NA18983_2	NA18983#2	TNXA	TNX	NA18983#2#CM087432.1:28420692-33672818	3597502	3602226	-	4604	1.0	0.972692633361558	57	1
NA18983_2	NA18983#2	TNXA	TNX	NA18983#2#CM087432.1:28420692-33672818	3630357	3635080	-	4604	1.0	0.9701524132091448	0	1
NA18983_2	NA18983#2	TNXB	TNX	NA18983#2#CM087432.1:28420692-33672818	3630355	3698558	-	68186	1.0	0.9996481144800892	60	1
NA18983_2	NA18983#2	WHR1B	WHR1	NA18983#2#CM087432.1:28420692-33672818	3602472	3602990	+	518	1.0	1.0	60	1
NA18983_2	NA18983#2	WHR1B	WHR1	NA18983#2#CM087432.1:28420692-33672818	3569615	3570133	+	518	1.0	0.9942084942084942	0	1
NA18990_1	NA18990#1	WHR1	WHR1	NA18990#1#h1tg000053l:1684255-6870690	3608932	3619205	+	10272	1.0	0.9992213354097722	60	1
NA18990_1	NA18990#1	CYP21A1P	CYP21	NA18990#1#h1tg000053l:1684255-6870690	3643394	3646667	+	3274	1.0	0.996334758704948	60	1
NA18990_1	NA18990#1	CYP21A1P	CYP21	NA18990#1#h1tg000053l:1684255-6870690	3669760	3673034	+	3274	1.0	0.9774527726995734	0	1
NA18990_1	NA18990#1	CYP21A2	CYP21	NA18990#1#h1tg000053l:1684255-6870690	3669805	3673034	+	3230	1.0	0.9987616099071207	60	1
NA18990_1	NA18990#1	CYP21A2	CYP21	NA18990#1#h1tg000053l:1684255-6870690	3643444	3646667	+	3230	0.9984520123839009	0.979269801980198	0	1
NA18990_1	NA18990#1	TNXA	TNX	NA18990#1#h1tg000053l:1684255-6870690	3646177	3650781	-	4604	1.0	0.9976107732406603	60	1
NA18990_1	NA18990#1	TNXA	TNX	NA18990#1#h1tg000053l:1684255-6870690	3672544	3677267	-	4604	1.0	0.9690939881456393	0	1
NA18990_1	NA18990#1	TNXB	TNX	NA18990#1#h1tg000053l:1684255-6870690	3672542	3740725	-	68186	1.0	0.999149560117302	60	1
NA18990_1	NA18990#1	WHR1B	WHR1	NA18990#1#h1tg000053l:1684255-6870690	3651027	3651545	+	518	1.0	0.9980694980694981	34	1
NA18990_1	NA18990#1	WHR1B	WHR1	NA18990#1#h1tg000053l:1684255-6870690	3618290	3618808	+	518	1.0	0.9961389961389961	0	1
NA18990_2	NA18990#2	WHR1	WHR1	NA18990#2#h2tg000012l:28380706-33571283	3501533	3511806	+	10272	1.0	0.999902657451572	60	1
NA18990_2	NA18990#2	CYP21A1P	CYP21	NA18990#2#h2tg000012l:28380706-33571283	3535995	3539268	+	3274	1.0	0.9975565058032987	60	1
NA18990_2	NA18990#2	CYP21A1P	CYP21	NA18990#2#h2tg000012l:28380706-33571283	3562356	3565630	+	3274	1.0	0.9771480804387569	0	1
NA18990_2	NA18990#2	CYP21A2	CYP21	NA18990#2#h2tg000012l:28380706-33571283	3562401	3565630	+	3230	1.0	0.9981424148606811	60	1
NA18990_2	NA18990#2	CYP21A2	CYP21	NA18990#2#h2tg000012l:28380706-33571283	3536040	3539268	+	3230	1.0	0.9771463866584311	0	1
NA18990_2	NA18990#2	TNXA	TNX	NA18990#2#h2tg000012l:28380706-33571283	3538778	3543382	-	4604	1.0	0.9971763683753258	58	1
NA18990_2	NA18990#2	TNXA	TNX	NA18990#2#h2tg000012l:28380706-33571283	3565140	3569863	-	4604	1.0	0.9697290431837426	0	1
NA18990_2	NA18990#2	TNXB	TNX	NA18990#2#h2tg000012l:28380706-33571283	3565138	3633320	-	68186	1.0	0.9989443279621131	60	1
NA18990_2	NA18990#2	WHR1B	WHR1	NA18990#2#h2tg000012l:28380706-33571283	3543628	3544146	+	518	1.0	0.9961389961389961	43	1
NA18990_2	NA18990#2	WHR1B	WHR1	NA18990#2#h2tg000012l:28380706-33571283	3510891	3511409	+	518	1.0	0.9942084942084942	0	1
NA19007_1	NA19007#1	WHR1	WHR1	NA19007#1#h1tg000006l:27239246-32454334_rc	3553798	3564070	+	10272	1.0	0.9991239170641487	60	1
NA19007_1	NA19007#1	CYP21A1P	CYP21	NA19007#1#h1tg000006l:27239246-32454334_rc	3588256	3591531	+	3274	1.0	0.977155041120926	60	1
NA19007_1	NA19007#1	CYP21A2	CYP21	NA19007#1#h1tg000006l:27239246-32454334_rc	3588301	3591531	+	3230	1.0	0.9975232198142415	60	1
NA19007_1	NA19007#1	TNXA	TNX	NA19007#1#h1tg000006l:27239246-32454334_rc	3591041	3595764	-	4604	1.0	0.970575783234547	60	1
NA19007_1	NA19007#1	TNXB	TNX	NA19007#1#h1tg000006l:27239246-32454334_rc	3591039	3659245	-	68186	1.0	0.9992376707910632	60	1
NA19007_1	NA19007#1	WHR1B	WHR1	NA19007#1#h1tg000006l:27239246-32454334_rc	3563155	3563673	+	518	1.0	0.9942084942084942	60	1
NA19007_2	NA19007#2	WHR1	WHR1	NA19007#2#h2tg000001l:28406882-33472999	3552167	3562439	+	10272	1.0	0.9999026479750779	60	1
NA19007_2	NA19007#2	CYP21A1P	CYP21	NA19007#2#h2tg000001l:28406882-33472999	3586627	3589900	+	3274	1.0	0.9975565058032987	60	1
NA19007_2	NA19007#2	CYP21A1P	CYP21	NA19007#2#h2tg000001l:28406882-33472999	3612992	3616266	+	3274	1.0	0.9771480804387569	0	1
NA19007_2	NA19007#2	CYP21A2	CYP21	NA19007#2#h2tg000001l:28406882-33472999	3613037	3616266	+	3230	1.0	0.9984520123839009	60	1
NA19007_2	NA19007#2	CYP21A2	CYP21	NA19007#2#h2tg000001l:28406882-33472999	3586672	3589900	+	3230	1.0	0.9777640518838789	0	1
NA19007_2	NA19007#2	TNXA	TNX	NA19007#2#h2tg000001l:28406882-33472999	3589410	3594014	-	4604	1.0	0.9978279756733276	60	1
NA19007_2	NA19007#2	TNXA	TNX	NA19007#2#h2tg000001l:28406882-33472999	3615776	3620499	-	4604	1.0	0.9695173581710415	0	1
NA19007_2	NA19007#2	TNXB	TNX	NA19007#2#h2tg000001l:28406882-33472999	3615774	3683971	-	68186	1.0	0.9988125778787657	60	1
NA19007_2	NA19007#2	WHR1B	WHR1	NA19007#2#h2tg000001l:28406882-33472999	3594260	3594778	+	518	1.0	0.9961389961389961	43	1
NA19007_2	NA19007#2	WHR1B	WHR1	NA19007#2#h2tg000001l:28406882-33472999	3561524	3562042	+	518	1.0	0.9942084942084942	0	1
NA19036_1	NA19036#1	WHR1	WHR1	NA19036#1#JBHIJM010000039.1:28463923-33608059	3546236	3556499	+	10272	1.0	0.9981503115264797	60	1
NA19036_1	NA19036#1	CYP21A1P	CYP21	NA19036#1#JBHIJM010000039.1:28463923-33608059	3580689	3583963	+	3274	1.0	0.9966401954795358	60	1
NA19036_1	NA19036#1	CYP21A1P	CYP21	NA19036#1#JBHIJM010000039.1:28463923-33608059	3607055	3610330	+	3274	1.0	0.977459640572647	0	1
NA19036_1	NA19036#1	CYP21A2	CYP21	NA19036#1#JBHIJM010000039.1:28463923-33608059	3607100	3610330	+	3230	1.0	0.9975232198142415	60	1
NA19036_1	NA19036#1	CYP21A2	CYP21	NA19036#1#JBHIJM010000039.1:28463923-33608059	3580739	3583963	+	3230	0.9984520123839009	0.9789669038045159	0	1
NA19036_1	NA19036#1	TNXA	TNX	NA19036#1#JBHIJM010000039.1:28463923-33608059	3583473	3588077	-	4604	1.0	0.9963075586446568	60	1
NA19036_1	NA19036#1	TNXA	TNX	NA19036#1#JBHIJM010000039.1:28463923-33608059	3609840	3614563	-	4604	1.0	0.9688823031329382	0	1
NA19036_1	NA19036#1	TNXB	TNX	NA19036#1#JBHIJM010000039.1:28463923-33608059	3609838	3678033	-	68186	1.0	0.9988563720602898	60	1
NA19036_1	NA19036#1	WHR1B	WHR1	NA19036#1#JBHIJM010000039.1:28463923-33608059	3588323	3588841	+	518	1.0	0.9980694980694981	60	1
NA19036_1	NA19036#1	WHR1B	WHR1	NA19036#1#JBHIJM010000039.1:28463923-33608059	3555587	3556102	+	518	1.0	0.9884169884169884	0	1
NA19036_2	NA19036#2	WHR1	WHR1	NA19036#2#CM089740.1:28304850-33443783	3561758	3572021	+	10272	1.0	0.9980531490314416	60	1
NA19036_2	NA19036#2	CYP21A1P	CYP21	NA19036#2#CM089740.1:28304850-33443783	3596210	3599484	+	3274	1.0	0.9966401954795358	60	1
NA19036_2	NA19036#2	CYP21A1P	CYP21	NA19036#2#CM089740.1:28304850-33443783	3622576	3625851	+	3274	1.0	0.977459640572647	0	1
NA19036_2	NA19036#2	CYP21A2	CYP21	NA19036#2#CM089740.1:28304850-33443783	3622621	3625851	+	3230	1.0	0.9975232198142415	60	1
NA19036_2	NA19036#2	CYP21A2	CYP21	NA19036#2#CM089740.1:28304850-33443783	3596260	3599484	+	3230	0.9984520123839009	0.9789669038045159	0	1
NA19036_2	NA19036#2	TNXA	TNX	NA19036#2#CM089740.1:28304850-33443783	3598994	3603598	-	4604	1.0	0.9963075586446568	49	1
NA19036_2	NA19036#2	TNXA	TNX	NA19036#2#CM089740.1:28304850-33443783	3625361	3630084	-	4604	1.0	0.9693056731583404	0	1
NA19036_2	NA19036#2	TNXB	TNX	NA19036#2#CM089740.1:28304850-33443783	3625359	3693549	-	68186	1.0	0.9989735919881523	60	1
NA19036_2	NA19036#2	WHR1B	WHR1	NA19036#2#CM089740.1:28304850-33443783	3603844	3604362	+	518	1.0	0.9961389961389961	60	1
NA19036_2	NA19036#2	WHR1B	WHR1	NA19036#2#CM089740.1:28304850-33443783	3571109	3571624	+	518	1.0	0.9884169884169884	0	1
NA19043_1	NA19043#1	WHR1	WHR1	NA19043#1#CM087046.1:28457117-33603533	3552024	3562286	+	10272	1.0	0.9980529595015576	60	1
NA19043_1	NA19043#1	CYP21A1P	CYP21	NA19043#1#CM087046.1:28457117-33603533	3586476	3589750	+	3274	1.0	0.9966401954795358	60	1
NA19043_1	NA19043#1	CYP21A1P	CYP21	NA19043#1#CM087046.1:28457117-33603533	3612844	3616119	+	3274	1.0	0.976850441669205	0	1
NA19043_1	NA19043#1	CYP21A2	CYP21	NA19043#1#CM087046.1:28457117-33603533	3612889	3616119	+	3230	1.0	0.9978328173374613	60	1
NA19043_1	NA19043#1	CYP21A2	CYP21	NA19043#1#CM087046.1:28457117-33603533	3586526	3589750	+	3230	0.9984520123839009	0.9789669038045159	0	1
NA19043_1	NA19043#1	TNXA	TNX	NA19043#1#CM087046.1:28457117-33603533	3589260	3593864	-	4604	1.0	0.9963075586446568	33	1
NA19043_1	NA19043#1	TNXA	TNX	NA19043#1#CM087046.1:28457117-33603533	3615629	3620352	-	4604	1.0	0.9699407281964437	0	1
NA19043_1	NA19043#1	TNXB	TNX	NA19043#1#CM087046.1:28457117-33603533	3615627	3683824	-	68186	1.0	0.999032428311734	60	1
NA19043_1	NA19043#1	WHR1B	WHR1	NA19043#1#CM087046.1:28457117-33603533	3594110	3594628	+	518	1.0	0.9961389961389961	60	1
NA19043_1	NA19043#1	WHR1B	WHR1	NA19043#1#CM087046.1:28457117-33603533	3561374	3561889	+	518	1.0	0.9884169884169884	0	1
NA19043_2	NA19043#2	WHR1	WHR1	NA19043#2#CM087072.1:28298892-33447476	3554673	3564935	+	10272	1.0	0.9980529595015576	60	1
NA19043_2	NA19043#2	CYP21A1P	CYP21	NA19043#2#CM087072.1:28298892-33447476	3589125	3592399	+	3274	1.0	0.9966401954795358	60	1
NA19043_2	NA19043#2	CYP21A1P	CYP21	NA19043#2#CM087072.1:28298892-33447476	3615493	3618768	+	3274	1.0	0.976850441669205	0	1
NA19043_2	NA19043#2	CYP21A2	CYP21	NA19043#2#CM087072.1:28298892-33447476	3615538	3618768	+	3230	1.0	0.9978328173374613	60	1
NA19043_2	NA19043#2	CYP21A2	CYP21	NA19043#2#CM087072.1:28298892-33447476	3589175	3592399	+	3230	0.9984520123839009	0.9789669038045159	0	1
NA19043_2	NA19043#2	TNXA	TNX	NA19043#2#CM087072.1:28298892-33447476	3591909	3596513	-	4604	1.0	0.9963075586446568	33	1
NA19043_2	NA19043#2	TNXA	TNX	NA19043#2#CM087072.1:28298892-33447476	3618278	3623001	-	4604	1.0	0.9699407281964437	0	1
NA19043_2	NA19043#2	TNXB	TNX	NA19043#2#CM087072.1:28298892-33447476	3618276	3686473	-	68186	1.0	0.999032428311734	60	1
NA19043_2	NA19043#2	WHR1B	WHR1	NA19043#2#CM087072.1:28298892-33447476	3596759	3597277	+	518	1.0	0.9961389961389961	60	1
NA19043_2	NA19043#2	WHR1B	WHR1	NA19043#2#CM087072.1:28298892-33447476	3564023	3564538	+	518	1.0	0.9884169884169884	0	1
NA19066_1	NA19066#1	WHR1	WHR1	NA19066#1#h1tg000041l:28321019-33454057	3507072	3517343	+	10272	1.0	0.9998052959501558	60	1
NA19066_1	NA19066#1	CYP21A1P	CYP21	NA19066#1#h1tg000041l:28321019-33454057	3541532	3544806	+	3274	1.0	1.0	60	1
NA19066_1	NA19066#1	CYP21A1P	CYP21	NA19066#1#h1tg000041l:28321019-33454057	3574267	3577542	+	3274	1.0	0.9783734389278099	0	1
NA19066_1	NA19066#1	CYP21A2	CYP21	NA19066#1#h1tg000041l:28321019-33454057	3574312	3577542	+	3230	1.0	0.9993808049535604	60	1
NA19066_1	NA19066#1	CYP21A2	CYP21	NA19066#1#h1tg000041l:28321019-33454057	3541582	3544806	+	3230	0.9984520123839009	0.9780389730900093	0	1
NA19066_1	NA19066#1	TNXA	TNX	NA19066#1#h1tg000041l:28321019-33454057	3544316	3548920	-	4604	1.0	0.9997827975673328	60	1
NA19066_1	NA19066#1	TNXA	TNX	NA19066#1#h1tg000041l:28321019-33454057	3577052	3581775	-	4604	1.0	0.9701524132091448	0	1
NA19066_1	NA19066#1	TNXB	TNX	NA19066#1#h1tg000041l:28321019-33454057	3577050	3645257	-	68186	1.0	0.9996188130424584	60	1
NA19066_1	NA19066#1	WHR1B	WHR1	NA19066#1#h1tg000041l:28321019-33454057	3549166	3549684	+	518	1.0	1.0	60	1
NA19066_1	NA19066#1	WHR1B	WHR1	NA19066#1#h1tg000041l:28321019-33454057	3516428	3516946	+	518	1.0	0.9942084942084942	0	1
NA19066_2	NA19066#2	WHR1	WHR1	NA19066#2#h2tg000023l:28379592-33689338	3615556	3625827	+	10272	1.0	0.9993185358255452	60	1
NA19066_2	NA19066#2	CYP21A1P	CYP21	NA19066#2#h2tg000023l:28379592-33689338	3650018	3653292	+	3274	1.0	0.9978619425778864	60	1
NA19066_2	NA19066#2	CYP21A1P	CYP21	NA19066#2#h2tg000023l:28379592-33689338	3676385	3679660	+	3274	1.0	0.9805056350898569	0	1
NA19066_2	NA19066#2	CYP21A2	CYP21	NA19066#2#h2tg000023l:28379592-33689338	3676430	3679660	+	3230	1.0	0.9953560371517027	60	1
NA19066_2	NA19066#2	CYP21A2	CYP21	NA19066#2#h2tg000023l:28379592-33689338	3650068	3653292	+	3230	0.9984520123839009	0.9777296628518404	0	1
NA19066_2	NA19066#2	TNXA	TNX	NA19066#2#h2tg000023l:28379592-33689338	3652802	3657406	-	4604	1.0	0.9963075586446568	18	1
NA19066_2	NA19066#2	TNXA	TNX	NA19066#2#h2tg000023l:28379592-33689338	3679170	3683894	-	4604	1.0	0.970575783234547	0	1
NA19066_2	NA19066#2	TNXB	TNX	NA19066#2#h2tg000023l:28379592-33689338	3679168	3747337	-	68186	1.0	0.9982700991027972	60	1
NA19066_2	NA19066#2	WHR1B	WHR1	NA19066#2#h2tg000023l:28379592-33689338	3624912	3625430	+	518	1.0	0.9980694980694981	0	1
NA19066_2	NA19066#2	WHR1B	WHR1	NA19066#2#h2tg000023l:28379592-33689338	3657652	3658170	+	518	1.0	0.9980694980694981	0	1
NA19079_1	NA19079#1	WHR1	WHR1	NA19079#1#h1tg000041l:25967753-30989063_rc	3335754	3346022	+	10272	1.0	0.9983453377457661	60	1
NA19079_1	NA19079#1	CYP21A1P	CYP21	NA19079#1#h1tg000041l:25967753-30989063_rc	3370211	3373484	+	3274	1.0	0.9978619425778864	60	1
NA19079_1	NA19079#1	CYP21A1P	CYP21	NA19079#1#h1tg000041l:25967753-30989063_rc	3396577	3399851	+	3274	1.0	0.9768433881779403	0	1
NA19079_1	NA19079#1	CYP21A2	CYP21	NA19079#1#h1tg000041l:25967753-30989063_rc	3396622	3399851	+	3230	1.0	0.9969040247678018	60	1
NA19079_1	NA19079#1	CYP21A2	CYP21	NA19079#1#h1tg000041l:25967753-30989063_rc	3370261	3373484	+	3230	0.9984520123839009	0.9771110423755026	0	1
NA19079_1	NA19079#1	TNXA	TNX	NA19079#1#h1tg000041l:25967753-30989063_rc	3372994	3377598	-	4604	1.0	0.9958731537793223	44	1
NA19079_1	NA19079#1	TNXA	TNX	NA19079#1#h1tg000041l:25967753-30989063_rc	3399361	3404085	-	4604	1.0	0.9690939881456393	0	1
NA19079_1	NA19079#1	TNXB	TNX	NA19079#1#h1tg000041l:25967753-30989063_rc	3399359	3467528	-	68186	1.0	0.9982991950500711	60	1
NA19079_1	NA19079#1	WHR1B	WHR1	NA19079#1#h1tg000041l:25967753-30989063_rc	3345107	3345625	+	518	1.0	0.9942084942084942	0	1
NA19079_1	NA19079#1	WHR1B	WHR1	NA19079#1#h1tg000041l:25967753-30989063_rc	3377844	3378362	+	518	1.0	0.9942084942084942	0	1
NA19079_2	NA19079#2	WHR1	WHR1	NA19079#2#h2tg000002l:1677209-6863053	3608945	3619217	+	10272	1.0	0.9993186021610045	60	1
NA19079_2	NA19079#2	CYP21A1P	CYP21	NA19079#2#h2tg000002l:1677209-6863053	3643406	3646679	+	3274	1.0	0.996334758704948	60	1
NA19079_2	NA19079#2	CYP21A1P	CYP21	NA19079#2#h2tg000002l:1677209-6863053	3669772	3673046	+	3274	1.0	0.9774527726995734	0	1
NA19079_2	NA19079#2	CYP21A2	CYP21	NA19079#2#h2tg000002l:1677209-6863053	3669817	3673046	+	3230	1.0	0.9987616099071207	60	1
NA19079_2	NA19079#2	CYP21A2	CYP21	NA19079#2#h2tg000002l:1677209-6863053	3643456	3646679	+	3230	0.9984520123839009	0.979269801980198	0	1
NA19079_2	NA19079#2	TNXA	TNX	NA19079#2#h2tg000002l:1677209-6863053	3646189	3650793	-	4604	1.0	0.9976107732406603	60	1
NA19079_2	NA19079#2	TNXA	TNX	NA19079#2#h2tg000002l:1677209-6863053	3672556	3677279	-	4604	1.0	0.9690939881456393	0	1
NA19079_2	NA19079#2	TNXB	TNX	NA19079#2#h2tg000002l:1677209-6863053	3672554	3740735	-	68186	1.0	0.9991935247367958	60	1
NA19079_2	NA19079#2	WHR1B	WHR1	NA19079#2#h2tg000002l:1677209-6863053	3651039	3651557	+	518	1.0	0.9980694980694981	34	1
NA19079_2	NA19079#2	WHR1B	WHR1	NA19079#2#h2tg000002l:1677209-6863053	3618302	3618820	+	518	1.0	0.9961389961389961	0	1
NA19087_1	NA19087#1	WHR1	WHR1	NA19087#1#CM087696.1:28331338-33576082	3551913	3562185	+	10272	1.0	0.9991239170641487	60	1
NA19087_1	NA19087#1	CYP21A1P	CYP21	NA19087#1#CM087696.1:28331338-33576082	3586374	3589648	+	3274	1.0	0.998167379352474	60	1
NA19087_1	NA19087#1	CYP21A1P	CYP21	NA19087#1#CM087696.1:28331338-33576082	3619109	3622381	+	3274	1.0	0.977459640572647	0	1
NA19087_1	NA19087#1	CYP21A2	CYP21	NA19087#1#CM087696.1:28331338-33576082	3619154	3622381	+	3230	1.0	0.9959752321981424	60	1
NA19087_1	NA19087#1	CYP21A2	CYP21	NA19087#1#CM087696.1:28331338-33576082	3586424	3589648	+	3230	0.9984520123839009	0.9780389730900093	0	1
NA19087_1	NA19087#1	TNXA	TNX	NA19087#1#CM087696.1:28331338-33576082	3589158	3593762	-	4604	1.0	0.998262380538662	60	1
NA19087_1	NA19087#1	TNXA	TNX	NA19087#1#CM087696.1:28331338-33576082	3621891	3626614	-	4604	1.0	0.9693056731583404	0	1
NA19087_1	NA19087#1	TNXB	TNX	NA19087#1#CM087696.1:28331338-33576082	3621889	3690068	-	68186	1.0	0.9986512043865179	60	1
NA19087_1	NA19087#1	WHR1B	WHR1	NA19087#1#CM087696.1:28331338-33576082	3594008	3594526	+	518	1.0	0.9980694980694981	60	1
NA19087_1	NA19087#1	WHR1B	WHR1	NA19087#1#CM087696.1:28331338-33576082	3561270	3561788	+	518	1.0	0.9942084942084942	0	1
NA19087_2	NA19087#2	WHR1	WHR1	NA19087#2#JBHDXQ010000012.1:23681967-28867579	3608873	3619145	+	10272	1.0	0.9993186021610045	60	1
NA19087_2	NA19087#2	CYP21A1P	CYP21	NA19087#2#JBHDXQ010000012.1:23681967-28867579	3643334	3646607	+	3274	1.0	0.996334758704948	60	1
NA19087_2	NA19087#2	CYP21A1P	CYP21	NA19087#2#JBHDXQ010000012.1:23681967-28867579	3669700	3672974	+	3274	1.0	0.9774527726995734	0	1
NA19087_2	NA19087#2	CYP21A2	CYP21	NA19087#2#JBHDXQ010000012.1:23681967-28867579	3669745	3672974	+	3230	1.0	0.9987616099071207	60	1
NA19087_2	NA19087#2	CYP21A2	CYP21	NA19087#2#JBHDXQ010000012.1:23681967-28867579	3643384	3646607	+	3230	0.9984520123839009	0.979269801980198	0	1
NA19087_2	NA19087#2	TNXA	TNX	NA19087#2#JBHDXQ010000012.1:23681967-28867579	3646117	3650721	-	4604	1.0	0.9976107732406603	60	1
NA19087_2	NA19087#2	TNXA	TNX	NA19087#2#JBHDXQ010000012.1:23681967-28867579	3672484	3677207	-	4604	1.0	0.9690939881456393	0	1
NA19087_2	NA19087#2	TNXB	TNX	NA19087#2#JBHDXQ010000012.1:23681967-28867579	3672482	3740661	-	68186	1.0	0.9992228283183765	60	1
NA19087_2	NA19087#2	WHR1B	WHR1	NA19087#2#JBHDXQ010000012.1:23681967-28867579	3650967	3651485	+	518	1.0	0.9980694980694981	34	1
NA19087_2	NA19087#2	WHR1B	WHR1	NA19087#2#JBHDXQ010000012.1:23681967-28867579	3618230	3618748	+	518	1.0	0.9961389961389961	0	1
NA19088_1	NA19088#1	WHR1	WHR1	NA19088#1#h1tg000014l:26283350-31418977_rc	3550277	3560549	+	10272	1.0	0.9991239170641487	60	1
NA19088_1	NA19088#1	CYP21A1P	CYP21	NA19088#1#h1tg000014l:26283350-31418977_rc	3584735	3588008	+	3274	1.0	0.9832470301553458	60	1
NA19088_1	NA19088#1	CYP21A1P	CYP21	NA19088#1#h1tg000014l:26283350-31418977_rc	3617469	3620741	+	3274	1.0	0.977459640572647	0	1
NA19088_1	NA19088#1	CYP21A2	CYP21	NA19088#1#h1tg000014l:26283350-31418977_rc	3617514	3620741	+	3230	1.0	0.9959752321981424	60	1
NA19088_1	NA19088#1	CYP21A2	CYP21	NA19088#1#h1tg000014l:26283350-31418977_rc	3584780	3588008	+	3230	1.0	0.9894769421231817	0	1
NA19088_1	NA19088#1	TNXA	TNX	NA19088#1#h1tg000014l:26283350-31418977_rc	3587518	3592122	-	4604	1.0	0.9980451781059948	60	1
NA19088_1	NA19088#1	TNXA	TNX	NA19088#1#h1tg000014l:26283350-31418977_rc	3620251	3624974	-	4604	1.0	0.9688823031329382	0	1
NA19088_1	NA19088#1	TNXB	TNX	NA19088#1#h1tg000014l:26283350-31418977_rc	3620249	3688434	-	68186	1.0	0.9988417271461036	60	1
NA19088_1	NA19088#1	WHR1B	WHR1	NA19088#1#h1tg000014l:26283350-31418977_rc	3592368	3592886	+	518	1.0	0.9980694980694981	60	1
NA19088_1	NA19088#1	WHR1B	WHR1	NA19088#1#h1tg000014l:26283350-31418977_rc	3559634	3560152	+	518	1.0	0.9942084942084942	0	1
NA19088_2	NA19088#2	WHR1	WHR1	NA19088#2#h2tg000004l:139364569-144598705_rc	3508282	3518554	+	10272	1.0	0.9991239170641487	60	1
NA19088_2	NA19088#2	CYP21A1P	CYP21	NA19088#2#h2tg000004l:139364569-144598705_rc	3575481	3578755	+	3274	1.0	0.998167379352474	0	1
NA19088_2	NA19088#2	CYP21A1P	CYP21	NA19088#2#h2tg000004l:139364569-144598705_rc	3542743	3546017	+	3274	1.0	0.998167379352474	0	1
NA19088_2	NA19088#2	CYP21A1P	CYP21	NA19088#2#h2tg000004l:139364569-144598705_rc	3608216	3611487	+	3274	1.0	0.97775746496039	0	1
NA19088_2	NA19088#2	CYP21A2	CYP21	NA19088#2#h2tg000004l:139364569-144598705_rc	3608261	3611487	+	3230	1.0	0.9959752321981424	60	1
NA19088_2	NA19088#2	CYP21A2	CYP21	NA19088#2#h2tg000004l:139364569-144598705_rc	3542793	3546017	+	3230	0.9984520123839009	0.9780389730900093	0	1
NA19088_2	NA19088#2	CYP21A2	CYP21	NA19088#2#h2tg000004l:139364569-144598705_rc	3575531	3578755	+	3230	0.9984520123839009	0.9780389730900093	0	1
NA19088_2	NA19088#2	TNXA	TNX	NA19088#2#h2tg000004l:139364569-144598705_rc	3545527	3550131	-	4604	1.0	0.9980451781059948	0	1
NA19088_2	NA19088#2	TNXA	TNX	NA19088#2#h2tg000004l:139364569-144598705_rc	3578265	3582869	-	4604	1.0	0.9980451781059948	0	1
NA19088_2	NA19088#2	TNXA	TNX	NA19088#2#h2tg000004l:139364569-144598705_rc	3610997	3615720	-	4604	1.0	0.9688823031329382	0	1
NA19088_2	NA19088#2	TNXB	TNX	NA19088#2#h2tg000004l:139364569-144598705_rc	3610995	3679180	-	68186	1.0	0.9988563888277986	60	1
NA19088_2	NA19088#2	WHR1B	WHR1	NA19088#2#h2tg000004l:139364569-144598705_rc	3550377	3550895	+	518	1.0	0.9980694980694981	0	1
NA19088_2	NA19088#2	WHR1B	WHR1	NA19088#2#h2tg000004l:139364569-144598705_rc	3583115	3583633	+	518	1.0	0.9980694980694981	0	1
NA19088_2	NA19088#2	WHR1B	WHR1	NA19088#2#h2tg000004l:139364569-144598705_rc	3517639	3518157	+	518	1.0	0.9942084942084942	0	1
NA19159_1	NA19159#1	WHR1	WHR1	NA19159#1#JBJXQL010000007.1:28425942-33548809	3500549	3510819	+	10272	1.0	0.9994158878504673	60	1
NA19159_1	NA19159#1	CYP21A1P	CYP21	NA19159#1#JBJXQL010000007.1:28425942-33548809	3561382	3564656	+	3274	1.0	0.9972510690287111	0	1
NA19159_1	NA19159#1	CYP21A1P	CYP21	NA19159#1#JBJXQL010000007.1:28425942-33548809	3535010	3538284	+	3274	1.0	0.9972510690287111	0	1
NA19159_1	NA19159#1	CYP21A1P	CYP21	NA19159#1#JBJXQL010000007.1:28425942-33548809	3587749	3591024	+	3274	1.0	0.978982637831252	0	1
NA19159_1	NA19159#1	CYP21A2	CYP21	NA19159#1#JBJXQL010000007.1:28425942-33548809	3587794	3591024	+	3230	1.0	0.9962848297213622	60	1
NA19159_1	NA19159#1	CYP21A2	CYP21	NA19159#1#JBJXQL010000007.1:28425942-33548809	3561432	3564656	+	3230	0.9984520123839009	0.9777296628518404	0	1
NA19159_1	NA19159#1	CYP21A2	CYP21	NA19159#1#JBJXQL010000007.1:28425942-33548809	3535060	3538284	+	3230	0.9984520123839009	0.9777296628518404	0	1
NA19159_1	NA19159#1	TNXA	TNX	NA19159#1#JBJXQL010000007.1:28425942-33548809	3590534	3595258	-	4604	1.0	0.9714225232853514	7	1
NA19159_1	NA19159#1	TNXA	TNX	NA19159#1#JBJXQL010000007.1:28425942-33548809	3537794	3542398	-	4604	1.0	0.9960903562119896	0	1
NA19159_1	NA19159#1	TNXA	TNX	NA19159#1#JBJXQL010000007.1:28425942-33548809	3564166	3568770	-	4604	1.0	0.9960903562119896	0	1
NA19159_1	NA19159#1	TNXB	TNX	NA19159#1#JBJXQL010000007.1:28425942-33548809	3590532	3658684	-	68186	1.0	0.9983138324389315	60	1
NA19159_1	NA19159#1	WHR1B	WHR1	NA19159#1#JBJXQL010000007.1:28425942-33548809	3542644	3543162	+	518	1.0	0.9980694980694981	0	1
NA19159_1	NA19159#1	WHR1B	WHR1	NA19159#1#JBJXQL010000007.1:28425942-33548809	3569016	3569534	+	518	1.0	0.9980694980694981	0	1
NA19159_1	NA19159#1	WHR1B	WHR1	NA19159#1#JBJXQL010000007.1:28425942-33548809	3509904	3510422	+	518	1.0	0.9922779922779923	0	1
NA19159_2	NA19159#2	WHR1	WHR1	NA19159#2#JBJXQM010000009.1:28479051-33767425	3567643	3577911	+	10272	1.0	0.9993185358255452	60	1
NA19159_2	NA19159#2	CYP21A1P	CYP21	NA19159#2#JBJXQM010000009.1:28479051-33767425	3628473	3631747	+	3274	1.0	0.998167379352474	19	1
NA19159_2	NA19159#2	CYP21A1P	CYP21	NA19159#2#JBJXQM010000009.1:28479051-33767425	3602102	3605376	+	3274	1.0	0.9972510690287111	0	1
NA19159_2	NA19159#2	CYP21A1P	CYP21	NA19159#2#JBJXQM010000009.1:28479051-33767425	3654840	3658115	+	3274	1.0	0.9808102345415778	0	1
NA19159_2	NA19159#2	CYP21A2	CYP21	NA19159#2#JBJXQM010000009.1:28479051-33767425	3654885	3658115	+	3230	1.0	0.9950464396284829	60	1
NA19159_2	NA19159#2	CYP21A2	CYP21	NA19159#2#JBJXQM010000009.1:28479051-33767425	3628523	3631747	+	3230	0.9984520123839009	0.9780389730900093	0	1
NA19159_2	NA19159#2	CYP21A2	CYP21	NA19159#2#JBJXQM010000009.1:28479051-33767425	3602152	3605376	+	3230	0.9984520123839009	0.9777296628518404	0	1
NA19159_2	NA19159#2	TNXA	TNX	NA19159#2#JBJXQM010000009.1:28479051-33767425	3604886	3609490	-	4604	1.0	0.9967419635099913	11	1
NA19159_2	NA19159#2	TNXA	TNX	NA19159#2#JBJXQM010000009.1:28479051-33767425	3631257	3635861	-	4604	1.0	0.9963075586446568	0	1
NA19159_2	NA19159#2	TNXA	TNX	NA19159#2#JBJXQM010000009.1:28479051-33767425	3657625	3662349	-	4604	1.0	0.9709991532599492	0	1
NA19159_2	NA19159#2	TNXB	TNX	NA19159#2#JBJXQM010000009.1:28479051-33767425	3657623	3725790	-	68186	1.0	0.9983287153098473	60	1
NA19159_2	NA19159#2	WHR1B	WHR1	NA19159#2#JBJXQM010000009.1:28479051-33767425	3609736	3610254	+	518	1.0	0.9980694980694981	0	1
NA19159_2	NA19159#2	WHR1B	WHR1	NA19159#2#JBJXQM010000009.1:28479051-33767425	3636107	3636625	+	518	1.0	0.9980694980694981	0	1
NA19159_2	NA19159#2	WHR1B	WHR1	NA19159#2#JBJXQM010000009.1:28479051-33767425	3576996	3577514	+	518	1.0	0.9942084942084942	0	1
NA19185_1	NA19185#1	WHR1	WHR1	NA19185#1#CM087724.1:28452686-33600537	3551128	3561398	+	10272	1.0	0.9994158878504673	60	1
NA19185_1	NA19185#1	CYP21A1P	CYP21	NA19185#1#CM087724.1:28452686-33600537	3585589	3588863	+	3274	1.0	0.9972510690287111	60	1
NA19185_1	NA19185#1	CYP21A1P	CYP21	NA19185#1#CM087724.1:28452686-33600537	3611956	3615231	+	3274	1.0	0.978982637831252	0	1
NA19185_1	NA19185#1	CYP21A2	CYP21	NA19185#1#CM087724.1:28452686-33600537	3612001	3615231	+	3230	1.0	0.9962848297213622	60	1
NA19185_1	NA19185#1	CYP21A2	CYP21	NA19185#1#CM087724.1:28452686-33600537	3585639	3588863	+	3230	0.9984520123839009	0.9777296628518404	0	1
NA19185_1	NA19185#1	TNXA	TNX	NA19185#1#CM087724.1:28452686-33600537	3614741	3619465	-	4604	1.0	0.9714225232853514	7	1
NA19185_1	NA19185#1	TNXA	TNX	NA19185#1#CM087724.1:28452686-33600537	3588373	3592977	-	4604	1.0	0.9960903562119896	0	1
NA19185_1	NA19185#1	TNXB	TNX	NA19185#1#CM087724.1:28452686-33600537	3614739	3682894	-	68186	1.0	0.9982992199870976	60	1
NA19185_1	NA19185#1	WHR1B	WHR1	NA19185#1#CM087724.1:28452686-33600537	3593223	3593741	+	518	1.0	0.9980694980694981	60	1
NA19185_1	NA19185#1	WHR1B	WHR1	NA19185#1#CM087724.1:28452686-33600537	3560483	3561001	+	518	1.0	0.9922779922779923	0	1
NA19185_2	NA19185#2	WHR1	WHR1	NA19185#2#CM087740.1:28365127-33559133	3619367	3629639	+	10272	1.0	0.9994158878504673	60	1
NA19185_2	NA19185#2	CYP21A1P	CYP21	NA19185#2#CM087740.1:28365127-33559133	3653828	3657102	+	3274	1.0	0.9966401954795358	60	1
NA19185_2	NA19185#2	CYP21A1P	CYP21	NA19185#2#CM087740.1:28365127-33559133	3680195	3683470	+	3274	1.0	0.976850441669205	0	1
NA19185_2	NA19185#2	CYP21A2	CYP21	NA19185#2#CM087740.1:28365127-33559133	3680240	3683470	+	3230	1.0	0.9978328173374613	60	1
NA19185_2	NA19185#2	CYP21A2	CYP21	NA19185#2#CM087740.1:28365127-33559133	3653878	3657102	+	3230	0.9984520123839009	0.9777296628518404	0	1
NA19185_2	NA19185#2	TNXA	TNX	NA19185#2#CM087740.1:28365127-33559133	3656612	3661216	-	4604	1.0	0.9963075586446568	14	1
NA19185_2	NA19185#2	TNXA	TNX	NA19185#2#CM087740.1:28365127-33559133	3682980	3687703	-	4604	1.0	0.970575783234547	0	1
NA19185_2	NA19185#2	TNXB	TNX	NA19185#2#CM087740.1:28365127-33559133	3682978	3751161	-	68186	1.0	0.999428093792618	60	1
NA19185_2	NA19185#2	WHR1B	WHR1	NA19185#2#CM087740.1:28365127-33559133	3661462	3661980	+	518	1.0	0.9961389961389961	35	1
NA19185_2	NA19185#2	WHR1B	WHR1	NA19185#2#CM087740.1:28365127-33559133	3628724	3629242	+	518	1.0	0.9942084942084942	0	1
NA19240_1	NA19240#1	WHR1	WHR1	NA19240#1#JAHEOM020000002.1:28462857-33656907	3619558	3629830	+	10272	1.0	0.9994158878504673	60	1
NA19240_1	NA19240#1	CYP21A1P	CYP21	NA19240#1#JAHEOM020000002.1:28462857-33656907	3654019	3657293	+	3274	1.0	0.9966401954795358	60	1
NA19240_1	NA19240#1	CYP21A1P	CYP21	NA19240#1#JAHEOM020000002.1:28462857-33656907	3680386	3683661	+	3274	1.0	0.977155041120926	0	1
NA19240_1	NA19240#1	CYP21A2	CYP21	NA19240#1#JAHEOM020000002.1:28462857-33656907	3680431	3683661	+	3230	1.0	0.9981424148606811	60	1
NA19240_1	NA19240#1	CYP21A2	CYP21	NA19240#1#JAHEOM020000002.1:28462857-33656907	3654069	3657293	+	3230	0.9984520123839009	0.9777296628518404	0	1
NA19240_1	NA19240#1	TNXA	TNX	NA19240#1#JAHEOM020000002.1:28462857-33656907	3656803	3661407	-	4604	1.0	0.9963075586446568	14	1
NA19240_1	NA19240#1	TNXA	TNX	NA19240#1#JAHEOM020000002.1:28462857-33656907	3683171	3687894	-	4604	1.0	0.970575783234547	0	1
NA19240_1	NA19240#1	TNXB	TNX	NA19240#1#JAHEOM020000002.1:28462857-33656907	3683169	3751366	-	68186	1.0	0.9992376149075608	60	1
NA19240_1	NA19240#1	WHR1B	WHR1	NA19240#1#JAHEOM020000002.1:28462857-33656907	3661653	3662171	+	518	1.0	0.9961389961389961	35	1
NA19240_1	NA19240#1	WHR1B	WHR1	NA19240#1#JAHEOM020000002.1:28462857-33656907	3628915	3629433	+	518	1.0	0.9942084942084942	0	1
NA19240_2	NA19240#2	WHR1	WHR1	NA19240#2#CM099616.1:28279408-33546879	3620881	3631152	+	10272	1.0	0.9993185358255452	60	1
NA19240_2	NA19240#2	CYP21A1P	CYP21	NA19240#2#CM099616.1:28279408-33546879	3655343	3658617	+	3274	1.0	0.998167379352474	0	1
NA19240_2	NA19240#2	CYP21A1P	CYP21	NA19240#2#CM099616.1:28279408-33546879	3681714	3684988	+	3274	1.0	0.998167379352474	0	1
NA19240_2	NA19240#2	CYP21A1P	CYP21	NA19240#2#CM099616.1:28279408-33546879	3708081	3711356	+	3274	1.0	0.9805056350898569	0	1
NA19240_2	NA19240#2	CYP21A2	CYP21	NA19240#2#CM099616.1:28279408-33546879	3708126	3711356	+	3230	1.0	0.9953560371517027	60	1
NA19240_2	NA19240#2	CYP21A2	CYP21	NA19240#2#CM099616.1:28279408-33546879	3681764	3684988	+	3230	0.9984520123839009	0.9780389730900093	0	1
NA19240_2	NA19240#2	CYP21A2	CYP21	NA19240#2#CM099616.1:28279408-33546879	3655393	3658617	+	3230	0.9984520123839009	0.9780389730900093	0	1
NA19240_2	NA19240#2	TNXA	TNX	NA19240#2#CM099616.1:28279408-33546879	3684498	3689102	-	4604	1.0	0.9963075586446568	1	1
NA19240_2	NA19240#2	TNXA	TNX	NA19240#2#CM099616.1:28279408-33546879	3658127	3662731	-	4604	1.0	0.9960903562119896	0	1
NA19240_2	NA19240#2	TNXA	TNX	NA19240#2#CM099616.1:28279408-33546879	3710866	3715590	-	4604	1.0	0.9709991532599492	0	1
NA19240_2	NA19240#2	TNXB	TNX	NA19240#2#CM099616.1:28279408-33546879	3710864	3779024	-	68186	1.0	0.9984164919431696	60	1
NA19240_2	NA19240#2	WHR1B	WHR1	NA19240#2#CM099616.1:28279408-33546879	3662977	3663495	+	518	1.0	0.9980694980694981	0	1
NA19240_2	NA19240#2	WHR1B	WHR1	NA19240#2#CM099616.1:28279408-33546879	3689348	3689866	+	518	1.0	0.9980694980694981	0	1
NA19240_2	NA19240#2	WHR1B	WHR1	NA19240#2#CM099616.1:28279408-33546879	3630237	3630755	+	518	1.0	0.9980694980694981	0	1
NA19338_1	NA19338#1	WHR1	WHR1	NA19338#1#CM087758.1:28448969-33579906	3550555	3560829	+	10272	1.0	0.9989293361884368	60	1
NA19338_1	NA19338#1	CYP21A1P	CYP21	NA19338#1#CM087758.1:28448969-33579906	3585018	3588292	+	3274	1.0	0.998167379352474	60	1
NA19338_1	NA19338#1	CYP21A1P	CYP21	NA19338#1#CM087758.1:28448969-33579906	3611386	3614661	+	3274	1.0	0.978982637831252	0	1
NA19338_1	NA19338#1	CYP21A2	CYP21	NA19338#1#CM087758.1:28448969-33579906	3611431	3614661	+	3230	1.0	0.9962848297213622	60	1
NA19338_1	NA19338#1	CYP21A2	CYP21	NA19338#1#CM087758.1:28448969-33579906	3585068	3588292	+	3230	0.9984520123839009	0.9786575935663471	0	1
NA19338_1	NA19338#1	TNXA	TNX	NA19338#1#CM087758.1:28448969-33579906	3587802	3592406	-	4604	1.0	0.9978279756733276	37	1
NA19338_1	NA19338#1	TNXA	TNX	NA19338#1#CM087758.1:28448969-33579906	3614171	3618895	-	4604	1.0	0.9712108382726503	0	1
NA19338_1	NA19338#1	TNXB	TNX	NA19338#1#CM087758.1:28448969-33579906	3614169	3682321	-	68186	1.0	0.9984749838700216	60	1
NA19338_1	NA19338#1	WHR1B	WHR1	NA19338#1#CM087758.1:28448969-33579906	3592652	3593170	+	518	1.0	0.9980694980694981	60	1
NA19338_1	NA19338#1	WHR1B	WHR1	NA19338#1#CM087758.1:28448969-33579906	3559914	3560432	+	518	1.0	0.9942084942084942	0	1
NA19338_2	NA19338#2	WHR1	WHR1	NA19338#2#CM087775.1:28453026-33605437	3551101	3561373	+	10272	1.0	0.9996105919003115	60	1
NA19338_2	NA19338#2	CYP21A1P	CYP21	NA19338#2#CM087775.1:28453026-33605437	3585562	3588836	+	3274	1.0	0.9969456322541234	60	1
NA19338_2	NA19338#2	CYP21A1P	CYP21	NA19338#2#CM087775.1:28453026-33605437	3611929	3615204	+	3274	1.0	0.977459640572647	0	1
NA19338_2	NA19338#2	CYP21A2	CYP21	NA19338#2#CM087775.1:28453026-33605437	3611974	3615204	+	3230	1.0	0.9978328173374613	60	1
NA19338_2	NA19338#2	CYP21A2	CYP21	NA19338#2#CM087775.1:28453026-33605437	3585612	3588836	+	3230	0.9984520123839009	0.9780389730900093	0	1
NA19338_2	NA19338#2	TNXA	TNX	NA19338#2#CM087775.1:28453026-33605437	3588346	3592950	-	4604	1.0	0.9976107732406603	47	1
NA19338_2	NA19338#2	TNXA	TNX	NA19338#2#CM087775.1:28453026-33605437	3614714	3619437	-	4604	1.0	0.970575783234547	0	1
NA19338_2	NA19338#2	TNXB	TNX	NA19338#2#CM087775.1:28453026-33605437	3614712	3682916	-	68186	1.0	0.9991790180469425	60	1
NA19338_2	NA19338#2	WHR1B	WHR1	NA19338#2#CM087775.1:28453026-33605437	3593196	3593714	+	518	1.0	0.9980694980694981	34	1
NA19338_2	NA19338#2	WHR1B	WHR1	NA19338#2#CM087775.1:28453026-33605437	3560458	3560976	+	518	1.0	0.9961389961389961	0	1
NA19391_1	NA19391#1	WHR1	WHR1	NA19391#1#CM087790.1:28288674-33392322	3522047	3532322	+	10272	1.0	0.9988321167883212	60	1
NA19391_1	NA19391#1	CYP21A1P	CYP21	NA19391#1#CM087790.1:28288674-33392322	3556511	3559785	+	3274	1.0	0.9978619425778864	60	1
NA19391_1	NA19391#1	CYP21A1P	CYP21	NA19391#1#CM087790.1:28288674-33392322	3582879	3586150	+	3274	1.0	0.97775746496039	0	1
NA19391_1	NA19391#1	CYP21A2	CYP21	NA19391#1#CM087790.1:28288674-33392322	3582924	3586150	+	3230	1.0	0.9962848297213622	60	1
NA19391_1	NA19391#1	CYP21A2	CYP21	NA19391#1#CM087790.1:28288674-33392322	3556561	3559785	+	3230	0.9984520123839009	0.9783482833281781	0	1
NA19391_1	NA19391#1	TNXA	TNX	NA19391#1#CM087790.1:28288674-33392322	3559295	3563899	-	4604	1.0	0.9978279756733276	60	1
NA19391_1	NA19391#1	TNXA	TNX	NA19391#1#CM087790.1:28288674-33392322	3585660	3590383	-	4604	1.0	0.9690939881456393	0	1
NA19391_1	NA19391#1	TNXB	TNX	NA19391#1#CM087790.1:28288674-33392322	3585658	3653852	-	68186	1.0	0.9989004544788154	60	1
NA19391_1	NA19391#1	WHR1B	WHR1	NA19391#1#CM087790.1:28288674-33392322	3564145	3564663	+	518	1.0	0.9980694980694981	60	1
NA19391_1	NA19391#1	WHR1B	WHR1	NA19391#1#CM087790.1:28288674-33392322	3531407	3531925	+	518	1.0	0.9942084942084942	0	1
NA19391_2	NA19391#2	WHR1	WHR1	NA19391#2#CM087804.1:28295746-33396359	3552495	3562764	+	10272	1.0	0.9994158878504673	60	1
NA19391_2	NA19391#2	CYP21A1P	CYP21	NA19391#2#CM087804.1:28295746-33396359	3586951	3590226	+	3274	1.0	0.9786780383795309	60	1
NA19391_2	NA19391#2	CYP21A2	CYP21	NA19391#2#CM087804.1:28295746-33396359	3586996	3590226	+	3230	1.0	0.996594427244582	60	1
NA19391_2	NA19391#2	TNXA	TNX	NA19391#2#CM087804.1:28295746-33396359	3589736	3594460	-	4604	1.0	0.9714225232853514	60	1
NA19391_2	NA19391#2	TNXB	TNX	NA19391#2#CM087804.1:28295746-33396359	3589734	3657903	-	68186	1.0	0.9982408045387243	60	1
NA19391_2	NA19391#2	WHR1B	WHR1	NA19391#2#CM087804.1:28295746-33396359	3561849	3562367	+	518	1.0	0.9942084942084942	60	1
NA19443_1	NA19443#1	WHR1	WHR1	NA19443#1#CM089448.1:28448109-33623879	3623993	3634256	+	10272	1.0	0.9982476635514018	60	1
NA19443_1	NA19443#1	CYP21A1P	CYP21	NA19443#1#CM089448.1:28448109-33623879	3658443	3661718	+	3274	1.0	0.9777642400243679	60	1
NA19443_1	NA19443#1	CYP21A2	CYP21	NA19443#1#CM089448.1:28448109-33623879	3658488	3661718	+	3230	1.0	0.9990712074303405	60	1
NA19443_1	NA19443#1	TNXA	TNX	NA19443#1#CM089448.1:28448109-33623879	3661228	3665951	-	4604	1.0	0.9699407281964437	60	1
NA19443_1	NA19443#1	TNXB	TNX	NA19443#1#CM089448.1:28448109-33623879	3661226	3729426	-	68186	1.0	0.9993695569304754	60	1
NA19443_1	NA19443#1	WHR1B	WHR1	NA19443#1#CM089448.1:28448109-33623879	3633344	3633859	+	518	1.0	0.9884169884169884	60	1
NA19443_2	NA19443#2	WHR1	WHR1	NA19443#2#CM089461.1:28435491-33566565	3621577	3631841	+	10272	1.0	0.9981504915798696	60	1
NA19443_2	NA19443#2	CYP21A1P	CYP21	NA19443#2#CM089461.1:28435491-33566565	3656030	3659304	+	3274	1.0	0.9966401954795358	60	1
NA19443_2	NA19443#2	CYP21A1P	CYP21	NA19443#2#CM089461.1:28435491-33566565	3682396	3685671	+	3274	1.0	0.977459640572647	0	1
NA19443_2	NA19443#2	CYP21A2	CYP21	NA19443#2#CM089461.1:28435491-33566565	3682441	3685671	+	3230	1.0	0.9975232198142415	60	1
NA19443_2	NA19443#2	CYP21A2	CYP21	NA19443#2#CM089461.1:28435491-33566565	3656080	3659304	+	3230	0.9984520123839009	0.9789669038045159	0	1
NA19443_2	NA19443#2	TNXA	TNX	NA19443#2#CM089461.1:28435491-33566565	3658814	3663418	-	4604	1.0	0.9960903562119896	45	1
NA19443_2	NA19443#2	TNXA	TNX	NA19443#2#CM089461.1:28435491-33566565	3685181	3689904	-	4604	1.0	0.9693056731583404	0	1
NA19443_2	NA19443#2	TNXB	TNX	NA19443#2#CM089461.1:28435491-33566565	3685179	3753369	-	68186	1.0	0.9989589290165545	60	1
NA19443_2	NA19443#2	WHR1B	WHR1	NA19443#2#CM089461.1:28435491-33566565	3663664	3664182	+	518	1.0	0.9961389961389961	60	1
NA19443_2	NA19443#2	WHR1B	WHR1	NA19443#2#CM089461.1:28435491-33566565	3630929	3631444	+	518	1.0	0.9884169884169884	0	1
NA19468_1	NA19468#1	WHR1	WHR1	NA19468#1#JBHDXX010000056.1:28478972-33624126	3554217	3564489	+	10272	1.0	0.9996106298062883	60	1
NA19468_1	NA19468#1	CYP21A1P	CYP21	NA19468#1#JBHDXX010000056.1:28478972-33624126	3588680	3591954	+	3274	1.0	0.9975565058032987	60	1
NA19468_1	NA19468#1	CYP21A1P	CYP21	NA19468#1#JBHDXX010000056.1:28478972-33624126	3615046	3618321	+	3274	1.0	0.977459640572647	0	1
NA19468_1	NA19468#1	CYP21A2	CYP21	NA19468#1#JBHDXX010000056.1:28478972-33624126	3615091	3618321	+	3230	1.0	0.9981424148606811	60	1
NA19468_1	NA19468#1	CYP21A2	CYP21	NA19468#1#JBHDXX010000056.1:28478972-33624126	3588730	3591954	+	3230	0.9984520123839009	0.9786575935663471	0	1
NA19468_1	NA19468#1	TNXA	TNX	NA19468#1#JBHDXX010000056.1:28478972-33624126	3591464	3596068	-	4604	1.0	0.9960903562119896	55	1
NA19468_1	NA19468#1	TNXA	TNX	NA19468#1#JBHDXX010000056.1:28478972-33624126	3617831	3622554	-	4604	1.0	0.9688823031329382	0	1
NA19468_1	NA19468#1	TNXB	TNX	NA19468#1#JBHDXX010000056.1:28478972-33624126	3617829	3686029	-	68186	1.0	0.9987392247698352	60	1
NA19468_1	NA19468#1	WHR1B	WHR1	NA19468#1#JBHDXX010000056.1:28478972-33624126	3596314	3596832	+	518	1.0	0.9961389961389961	38	1
NA19468_1	NA19468#1	WHR1B	WHR1	NA19468#1#JBHDXX010000056.1:28478972-33624126	3563574	3564092	+	518	1.0	0.9942084942084942	0	1
NA19468_2	NA19468#2	WHR1	WHR1	NA19468#2#JBHDXY010000045.1:28382628-33499947	3554988	3565260	+	10272	1.0	0.9999026479750779	60	1
NA19468_2	NA19468#2	CYP21A1P	CYP21	NA19468#2#JBHDXY010000045.1:28382628-33499947	3583078	3586353	+	3274	1.0	0.9762412427657631	60	1
NA19468_2	NA19468#2	CYP21A2	CYP21	NA19468#2#JBHDXY010000045.1:28382628-33499947	3583123	3586353	+	3230	1.0	0.9981424148606811	60	1
NA19468_2	NA19468#2	TNXA	TNX	NA19468#2#JBHDXY010000045.1:28382628-33499947	3585863	3590586	-	4604	1.0	0.9699407281964437	60	1
NA19468_2	NA19468#2	TNXB	TNX	NA19468#2#JBHDXY010000045.1:28382628-33499947	3585861	3654051	-	68186	1.0	0.9992375590158646	60	1
NA19468_2	NA19468#2	WHR1B	WHR1	NA19468#2#JBHDXY010000045.1:28382628-33499947	3564345	3564863	+	518	1.0	0.9942084942084942	60	1
NA19682_1	NA19682#1	WHR1	WHR1	NA19682#1#CM094150.1:28411407-33568676	3555072	3565344	+	10272	1.0	0.9992212596125767	60	1
NA19682_1	NA19682#1	CYP21A1P	CYP21	NA19682#1#CM094150.1:28411407-33568676	3589533	3592807	+	3274	1.0	0.998167379352474	60	1
NA19682_1	NA19682#1	CYP21A1P	CYP21	NA19682#1#CM094150.1:28411407-33568676	3622268	3625540	+	3274	1.0	0.977459640572647	0	1
NA19682_1	NA19682#1	CYP21A2	CYP21	NA19682#1#CM094150.1:28411407-33568676	3622313	3625540	+	3230	1.0	0.9959752321981424	60	1
NA19682_1	NA19682#1	CYP21A2	CYP21	NA19682#1#CM094150.1:28411407-33568676	3589583	3592807	+	3230	0.9984520123839009	0.9780389730900093	0	1
NA19682_1	NA19682#1	TNXA	TNX	NA19682#1#CM094150.1:28411407-33568676	3592317	3596921	-	4604	1.0	0.998262380538662	60	1
NA19682_1	NA19682#1	TNXA	TNX	NA19682#1#CM094150.1:28411407-33568676	3625050	3629773	-	4604	1.0	0.9693056731583404	0	1
NA19682_1	NA19682#1	TNXB	TNX	NA19682#1#CM094150.1:28411407-33568676	3625048	3693223	-	68186	1.0	0.9987097720108497	60	1
NA19682_1	NA19682#1	WHR1B	WHR1	NA19682#1#CM094150.1:28411407-33568676	3597167	3597685	+	518	1.0	0.9980694980694981	60	1
NA19682_1	NA19682#1	WHR1B	WHR1	NA19682#1#CM094150.1:28411407-33568676	3564429	3564947	+	518	1.0	0.9942084942084942	0	1
NA19682_2	NA19682#2	WHR1	WHR1	NA19682#2#CM094164.1:28463959-33644888	3609547	3619819	+	10272	1.0	0.9993186021610045	60	1
NA19682_2	NA19682#2	CYP21A1P	CYP21	NA19682#2#CM094164.1:28463959-33644888	3644008	3647281	+	3274	1.0	0.996334758704948	60	1
NA19682_2	NA19682#2	CYP21A1P	CYP21	NA19682#2#CM094164.1:28463959-33644888	3670374	3673648	+	3274	1.0	0.9774527726995734	0	1
NA19682_2	NA19682#2	CYP21A2	CYP21	NA19682#2#CM094164.1:28463959-33644888	3670419	3673648	+	3230	1.0	0.9987616099071207	60	1
NA19682_2	NA19682#2	CYP21A2	CYP21	NA19682#2#CM094164.1:28463959-33644888	3644058	3647281	+	3230	0.9984520123839009	0.979269801980198	0	1
NA19682_2	NA19682#2	TNXA	TNX	NA19682#2#CM094164.1:28463959-33644888	3646791	3651395	-	4604	1.0	0.9976107732406603	60	1
NA19682_2	NA19682#2	TNXA	TNX	NA19682#2#CM094164.1:28463959-33644888	3673158	3677881	-	4604	1.0	0.9690939881456393	0	1
NA19682_2	NA19682#2	TNXB	TNX	NA19682#2#CM094164.1:28463959-33644888	3673156	3741331	-	68186	1.0	0.9992667761614266	60	1
NA19682_2	NA19682#2	WHR1B	WHR1	NA19682#2#CM094164.1:28463959-33644888	3651641	3652159	+	518	1.0	0.9980694980694981	34	1
NA19682_2	NA19682#2	WHR1B	WHR1	NA19682#2#CM094164.1:28463959-33644888	3618904	3619422	+	518	1.0	0.9961389961389961	0	1
NA19700_1	NA19700#1	WHR1	WHR1	NA19700#1#CM089621.1:28376765-33517479	3558935	3569206	+	10272	1.0	0.9988317757009346	60	1
NA19700_1	NA19700#1	CYP21A1P	CYP21	NA19700#1#CM089621.1:28376765-33517479	3593395	3596669	+	3274	1.0	0.9960293219303604	60	1
NA19700_1	NA19700#1	CYP21A1P	CYP21	NA19700#1#CM089621.1:28376765-33517479	3619762	3623036	+	3274	1.0	0.9768433881779403	0	1
NA19700_1	NA19700#1	CYP21A2	CYP21	NA19700#1#CM089621.1:28376765-33517479	3619807	3623036	+	3230	1.0	0.9969040247678018	60	1
NA19700_1	NA19700#1	CYP21A2	CYP21	NA19700#1#CM089621.1:28376765-33517479	3593445	3596669	+	3230	0.9984520123839009	0.9802041447571914	0	1
NA19700_1	NA19700#1	TNXA	TNX	NA19700#1#CM089621.1:28376765-33517479	3596179	3600783	-	4604	1.0	0.9954387489139879	57	1
NA19700_1	NA19700#1	TNXA	TNX	NA19700#1#CM089621.1:28376765-33517479	3622546	3627269	-	4604	1.0	0.9682472480948349	0	1
NA19700_1	NA19700#1	TNXB	TNX	NA19700#1#CM089621.1:28376765-33517479	3622544	3690738	-	68186	1.0	0.9981385941255789	60	1
NA19700_1	NA19700#1	WHR1B	WHR1	NA19700#1#CM089621.1:28376765-33517479	3568291	3568809	+	518	1.0	0.9980694980694981	0	1
NA19700_1	NA19700#1	WHR1B	WHR1	NA19700#1#CM089621.1:28376765-33517479	3601029	3601547	+	518	1.0	0.9980694980694981	0	1
NA19700_2	NA19700#2	WHR1	WHR1	NA19700#2#CM089638.1:28426616-33709243	3619290	3629562	+	10272	1.0	0.9994158878504673	60	1
NA19700_2	NA19700#2	CYP21A1P	CYP21	NA19700#2#CM089638.1:28426616-33709243	3653748	3657023	+	3274	1.0	0.976850441669205	60	1
NA19700_2	NA19700#2	CYP21A2	CYP21	NA19700#2#CM089638.1:28426616-33709243	3653793	3657023	+	3230	1.0	0.9978328173374613	60	1
NA19700_2	NA19700#2	TNXA	TNX	NA19700#2#CM089638.1:28426616-33709243	3656533	3661256	-	4604	1.0	0.970575783234547	60	1
NA19700_2	NA19700#2	TNXB	TNX	NA19700#2#CM089638.1:28426616-33709243	3656531	3724722	-	68186	1.0	0.9993108605445667	60	1
NA19700_2	NA19700#2	WHR1B	WHR1	NA19700#2#CM089638.1:28426616-33709243	3628647	3629165	+	518	1.0	0.9942084942084942	60	1
NA19776_1	NA19776#1	WHR1	WHR1	NA19776#1#CM094012.1:28385884-33702873	3624028	3634300	+	10272	1.0	0.9991239170641487	60	1
NA19776_1	NA19776#1	CYP21A1P	CYP21	NA19776#1#CM094012.1:28385884-33702873	3658489	3661763	+	3274	1.0	0.998167379352474	60	1
NA19776_1	NA19776#1	CYP21A1P	CYP21	NA19776#1#CM094012.1:28385884-33702873	3691224	3694495	+	3274	1.0	0.97775746496039	0	1
NA19776_1	NA19776#1	CYP21A2	CYP21	NA19776#1#CM094012.1:28385884-33702873	3691269	3694495	+	3230	1.0	0.9956656346749226	60	1
NA19776_1	NA19776#1	CYP21A2	CYP21	NA19776#1#CM094012.1:28385884-33702873	3658539	3661763	+	3230	0.9984520123839009	0.9780389730900093	0	1
NA19776_1	NA19776#1	TNXA	TNX	NA19776#1#CM094012.1:28385884-33702873	3661273	3665877	-	4604	1.0	0.998262380538662	60	1
NA19776_1	NA19776#1	TNXA	TNX	NA19776#1#CM094012.1:28385884-33702873	3694005	3698728	-	4604	1.0	0.9693056731583404	0	1
NA19776_1	NA19776#1	TNXB	TNX	NA19776#1#CM094012.1:28385884-33702873	3694003	3762182	-	68186	1.0	0.9987684187376292	60	1
NA19776_1	NA19776#1	WHR1B	WHR1	NA19776#1#CM094012.1:28385884-33702873	3666123	3666641	+	518	1.0	0.9980694980694981	60	1
NA19776_1	NA19776#1	WHR1B	WHR1	NA19776#1#CM094012.1:28385884-33702873	3633385	3633903	+	518	1.0	0.9942084942084942	0	1
NA19776_2	NA19776#2	WHR1	WHR1	NA19776#2#CM094049.1:28416676-33523673	3504690	3514962	+	10272	1.0	0.9991239170641487	60	1
NA19776_2	NA19776#2	CYP21A1P	CYP21	NA19776#2#CM094049.1:28416676-33523673	3539151	3542425	+	3274	1.0	0.998167379352474	60	1
NA19776_2	NA19776#2	CYP21A1P	CYP21	NA19776#2#CM094049.1:28416676-33523673	3571886	3575161	+	3274	1.0	0.977155041120926	0	1
NA19776_2	NA19776#2	CYP21A2	CYP21	NA19776#2#CM094049.1:28416676-33523673	3571931	3575161	+	3230	1.0	0.9978328173374613	60	1
NA19776_2	NA19776#2	CYP21A2	CYP21	NA19776#2#CM094049.1:28416676-33523673	3539201	3542425	+	3230	0.9984520123839009	0.9780389730900093	0	1
NA19776_2	NA19776#2	TNXA	TNX	NA19776#2#CM094049.1:28416676-33523673	3541935	3546539	-	4604	1.0	0.998262380538662	60	1
NA19776_2	NA19776#2	TNXA	TNX	NA19776#2#CM094049.1:28416676-33523673	3574671	3579394	-	4604	1.0	0.970575783234547	0	1
NA19776_2	NA19776#2	TNXB	TNX	NA19776#2#CM094049.1:28416676-33523673	3574669	3642857	-	68186	1.0	0.999340166278098	60	1
NA19776_2	NA19776#2	WHR1B	WHR1	NA19776#2#CM094049.1:28416676-33523673	3546785	3547303	+	518	1.0	0.9980694980694981	60	1
NA19776_2	NA19776#2	WHR1B	WHR1	NA19776#2#CM094049.1:28416676-33523673	3514047	3514565	+	518	1.0	0.9942084942084942	0	1
NA19835_1	NA19835#1	WHR1	WHR1	NA19835#1#CM094026.1:28418644-33486956	3553554	3563818	+	10272	1.0	0.9981504915798696	60	1
NA19835_1	NA19835#1	CYP21A1P	CYP21	NA19835#1#CM094026.1:28418644-33486956	3588007	3591281	+	3274	1.0	0.9969456322541234	60	1
NA19835_1	NA19835#1	CYP21A1P	CYP21	NA19835#1#CM094026.1:28418644-33486956	3614372	3617647	+	3274	1.0	0.9780688394760889	0	1
NA19835_1	NA19835#1	CYP21A2	CYP21	NA19835#1#CM094026.1:28418644-33486956	3614417	3617647	+	3230	1.0	0.9975232198142415	60	1
NA19835_1	NA19835#1	CYP21A2	CYP21	NA19835#1#CM094026.1:28418644-33486956	3588057	3591281	+	3230	0.9984520123839009	0.9786575935663471	0	1
NA19835_1	NA19835#1	TNXA	TNX	NA19835#1#CM094026.1:28418644-33486956	3590791	3595395	-	4604	1.0	0.9963075586446568	49	1
NA19835_1	NA19835#1	TNXA	TNX	NA19835#1#CM094026.1:28418644-33486956	3617157	3621880	-	4604	1.0	0.9693056731583404	0	1
NA19835_1	NA19835#1	TNXB	TNX	NA19835#1#CM094026.1:28418644-33486956	3617155	3685340	-	68186	1.0	0.998900244878807	60	1
NA19835_1	NA19835#1	WHR1B	WHR1	NA19835#1#CM094026.1:28418644-33486956	3595641	3596159	+	518	1.0	0.9961389961389961	60	1
NA19835_1	NA19835#1	WHR1B	WHR1	NA19835#1#CM094026.1:28418644-33486956	3562906	3563421	+	518	1.0	0.9884169884169884	0	1
NA19835_2	NA19835#2	WHR1	WHR1	NA19835#2#CM094035.1:28457594-33528933	3488974	3499246	+	10272	1.0	0.9996105919003115	60	1
NA19835_2	NA19835#2	CYP21A1P	CYP21	NA19835#2#CM094035.1:28457594-33528933	3523436	3526710	+	3274	1.0	0.9969456322541234	60	1
NA19835_2	NA19835#2	CYP21A1P	CYP21	NA19835#2#CM094035.1:28457594-33528933	3549803	3553077	+	3274	1.0	0.9771480804387569	0	1
NA19835_2	NA19835#2	CYP21A2	CYP21	NA19835#2#CM094035.1:28457594-33528933	3549848	3553077	+	3230	1.0	0.9978328173374613	60	1
NA19835_2	NA19835#2	CYP21A2	CYP21	NA19835#2#CM094035.1:28457594-33528933	3523486	3526710	+	3230	0.9984520123839009	0.9780389730900093	0	1
NA19835_2	NA19835#2	TNXA	TNX	NA19835#2#CM094035.1:28457594-33528933	3526220	3530824	-	4604	1.0	0.9971763683753258	42	1
NA19835_2	NA19835#2	TNXA	TNX	NA19835#2#CM094035.1:28457594-33528933	3552587	3557310	-	4604	1.0	0.9703640982218459	0	1
NA19835_2	NA19835#2	TNXB	TNX	NA19835#2#CM094035.1:28457594-33528933	3552585	3620776	-	68186	1.0	0.9990031079575441	60	1
NA19835_2	NA19835#2	WHR1B	WHR1	NA19835#2#CM094035.1:28457594-33528933	3531070	3531588	+	518	1.0	0.9980694980694981	34	1
NA19835_2	NA19835#2	WHR1B	WHR1	NA19835#2#CM094035.1:28457594-33528933	3498331	3498849	+	518	1.0	0.9961389961389961	0	1
NA19909_1	NA19909#1	WHR1	WHR1	NA19909#1#JBIRDH010000012.1:28412877-33619076	3631577	3641850	+	10272	1.0	0.9993186021610045	60	1
NA19909_1	NA19909#1	CYP21A1P	CYP21	NA19909#1#JBIRDH010000012.1:28412877-33619076	3666039	3669313	+	3274	1.0	0.9966401954795358	60	1
NA19909_1	NA19909#1	CYP21A1P	CYP21	NA19909#1#JBIRDH010000012.1:28412877-33619076	3692406	3695681	+	3274	1.0	0.976850441669205	0	1
NA19909_1	NA19909#1	CYP21A2	CYP21	NA19909#1#JBIRDH010000012.1:28412877-33619076	3692451	3695681	+	3230	1.0	0.9978328173374613	60	1
NA19909_1	NA19909#1	CYP21A2	CYP21	NA19909#1#JBIRDH010000012.1:28412877-33619076	3666089	3669313	+	3230	0.9984520123839009	0.9777296628518404	0	1
NA19909_1	NA19909#1	TNXA	TNX	NA19909#1#JBIRDH010000012.1:28412877-33619076	3668823	3673427	-	4604	1.0	0.9963075586446568	14	1
NA19909_1	NA19909#1	TNXA	TNX	NA19909#1#JBIRDH010000012.1:28412877-33619076	3695191	3699914	-	4604	1.0	0.970575783234547	0	1
NA19909_1	NA19909#1	TNXB	TNX	NA19909#1#JBIRDH010000012.1:28412877-33619076	3695189	3763380	-	68186	1.0	0.9992815354613569	60	1
NA19909_1	NA19909#1	WHR1B	WHR1	NA19909#1#JBIRDH010000012.1:28412877-33619076	3673673	3674191	+	518	1.0	0.9961389961389961	35	1
NA19909_1	NA19909#1	WHR1B	WHR1	NA19909#1#JBIRDH010000012.1:28412877-33619076	3640935	3641453	+	518	1.0	0.9942084942084942	0	1
NA19909_2	NA19909#2	WHR1	WHR1	NA19909#2#JBIRDI010000053.1:28451896-33658066	3631552	3641825	+	10272	1.0	0.9993186021610045	60	1
NA19909_2	NA19909#2	CYP21A1P	CYP21	NA19909#2#JBIRDI010000053.1:28451896-33658066	3666014	3669288	+	3274	1.0	0.9966401954795358	60	1
NA19909_2	NA19909#2	CYP21A1P	CYP21	NA19909#2#JBIRDI010000053.1:28451896-33658066	3692381	3695656	+	3274	1.0	0.976850441669205	0	1
NA19909_2	NA19909#2	CYP21A2	CYP21	NA19909#2#JBIRDI010000053.1:28451896-33658066	3692426	3695656	+	3230	1.0	0.9978328173374613	60	1
NA19909_2	NA19909#2	CYP21A2	CYP21	NA19909#2#JBIRDI010000053.1:28451896-33658066	3666064	3669288	+	3230	0.9984520123839009	0.9777296628518404	0	1
NA19909_2	NA19909#2	TNXA	TNX	NA19909#2#JBIRDI010000053.1:28451896-33658066	3668798	3673402	-	4604	1.0	0.9963075586446568	14	1
NA19909_2	NA19909#2	TNXA	TNX	NA19909#2#JBIRDI010000053.1:28451896-33658066	3695166	3699889	-	4604	1.0	0.970575783234547	0	1
NA19909_2	NA19909#2	TNXB	TNX	NA19909#2#JBIRDI010000053.1:28451896-33658066	3695164	3763355	-	68186	1.0	0.9993108605445667	60	1
NA19909_2	NA19909#2	WHR1B	WHR1	NA19909#2#JBIRDI010000053.1:28451896-33658066	3673648	3674166	+	518	1.0	0.9961389961389961	35	1
NA19909_2	NA19909#2	WHR1B	WHR1	NA19909#2#JBIRDI010000053.1:28451896-33658066	3640910	3641428	+	518	1.0	0.9942084942084942	0	1
NA20129_1	NA20129#1	WHR1	WHR1	NA20129#1#JAHEPE020000006.1:162-4816795	3239209	3249472	+	10272	1.0	0.9981503115264797	60	1
NA20129_1	NA20129#1	CYP21A1P	CYP21	NA20129#1#JAHEPE020000006.1:162-4816795	3273662	3276936	+	3274	1.0	0.9969456322541234	60	1
NA20129_1	NA20129#1	CYP21A1P	CYP21	NA20129#1#JAHEPE020000006.1:162-4816795	3300029	3303303	+	3274	1.0	0.9774527726995734	0	1
NA20129_1	NA20129#1	CYP21A2	CYP21	NA20129#1#JAHEPE020000006.1:162-4816795	3300074	3303303	+	3230	1.0	0.9978328173374613	60	1
NA20129_1	NA20129#1	CYP21A2	CYP21	NA20129#1#JAHEPE020000006.1:162-4816795	3273712	3276936	+	3230	0.9984520123839009	0.9786575935663471	0	1
NA20129_1	NA20129#1	TNXA	TNX	NA20129#1#JAHEPE020000006.1:162-4816795	3276446	3281050	-	4604	1.0	0.9969591659426585	58	1
NA20129_1	NA20129#1	TNXA	TNX	NA20129#1#JAHEPE020000006.1:162-4816795	3302813	3307537	-	4604	1.0	0.9695173581710415	0	1
NA20129_1	NA20129#1	TNXB	TNX	NA20129#1#JAHEPE020000006.1:162-4816795	3302811	3371016	-	68186	1.0	0.998768563177107	60	1
NA20129_1	NA20129#1	WHR1B	WHR1	NA20129#1#JAHEPE020000006.1:162-4816795	3281296	3281814	+	518	1.0	0.9961389961389961	60	1
NA20129_1	NA20129#1	WHR1B	WHR1	NA20129#1#JAHEPE020000006.1:162-4816795	3248560	3249075	+	518	1.0	0.9884169884169884	0	1
NA20129_2	NA20129#2	WHR1	WHR1	NA20129#2#CM092121.1:28370806-33473927	3523883	3534149	+	10272	1.0	0.9985397196261683	60	1
NA20129_2	NA20129#2	CYP21A1P	CYP21	NA20129#2#CM092121.1:28370806-33473927	3558338	3561611	+	3274	1.0	0.9978619425778864	60	1
NA20129_2	NA20129#2	CYP21A1P	CYP21	NA20129#2#CM092121.1:28370806-33473927	3584704	3587978	+	3274	1.0	0.9771480804387569	0	1
NA20129_2	NA20129#2	CYP21A2	CYP21	NA20129#2#CM092121.1:28370806-33473927	3584749	3587978	+	3230	1.0	0.9972136222910216	60	1
NA20129_2	NA20129#2	CYP21A2	CYP21	NA20129#2#CM092121.1:28370806-33473927	3558388	3561611	+	3230	0.9984520123839009	0.9771110423755026	0	1
NA20129_2	NA20129#2	TNXA	TNX	NA20129#2#CM092121.1:28370806-33473927	3561121	3565725	-	4604	1.0	0.9958731537793223	54	1
NA20129_2	NA20129#2	TNXA	TNX	NA20129#2#CM092121.1:28370806-33473927	3587488	3592212	-	4604	1.0	0.9686706181202371	0	1
NA20129_2	NA20129#2	TNXB	TNX	NA20129#2#CM092121.1:28370806-33473927	3587486	3655655	-	68186	1.0	0.9983285192733458	60	1
NA20129_2	NA20129#2	WHR1B	WHR1	NA20129#2#CM092121.1:28370806-33473927	3533234	3533752	+	518	1.0	0.9942084942084942	0	1
NA20129_2	NA20129#2	WHR1B	WHR1	NA20129#2#CM092121.1:28370806-33473927	3565971	3566489	+	518	1.0	0.9942084942084942	0	1
NA20282_1	NA20282#1	WHR1	WHR1	NA20282#1#JBIRDT010000005.1:1683408-6782988	3564681	3574953	+	10272	1.0	0.9996105919003115	60	1
NA20282_1	NA20282#1	CYP21A1P	CYP21	NA20282#1#JBIRDT010000005.1:1683408-6782988	3599143	3602417	+	3274	1.0	0.9966401954795358	7	1
NA20282_1	NA20282#1	CYP21A1P	CYP21	NA20282#1#JBIRDT010000005.1:1683408-6782988	3625513	3628787	+	3274	1.0	0.996334758704948	0	1
NA20282_1	NA20282#1	CYP21A1P	CYP21	NA20282#1#JBIRDT010000005.1:1683408-6782988	3651880	3655155	+	3274	1.0	0.977155041120926	0	1
NA20282_1	NA20282#1	CYP21A2	CYP21	NA20282#1#JBIRDT010000005.1:1683408-6782988	3651925	3655155	+	3230	1.0	0.9981424148606811	60	1
NA20282_1	NA20282#1	CYP21A2	CYP21	NA20282#1#JBIRDT010000005.1:1683408-6782988	3599193	3602417	+	3230	0.9984520123839009	0.9777296628518404	0	1
NA20282_1	NA20282#1	CYP21A2	CYP21	NA20282#1#JBIRDT010000005.1:1683408-6782988	3625563	3628787	+	3230	0.9984520123839009	0.9774203526136716	0	1
NA20282_1	NA20282#1	TNXA	TNX	NA20282#1#JBIRDT010000005.1:1683408-6782988	3601927	3606531	-	4604	1.0	0.9973935708079931	0	1
NA20282_1	NA20282#1	TNXA	TNX	NA20282#1#JBIRDT010000005.1:1683408-6782988	3628297	3632901	-	4604	1.0	0.9973935708079931	0	1
NA20282_1	NA20282#1	TNXA	TNX	NA20282#1#JBIRDT010000005.1:1683408-6782988	3654665	3659388	-	4604	1.0	0.970575783234547	0	1
NA20282_1	NA20282#1	TNXB	TNX	NA20282#1#JBIRDT010000005.1:1683408-6782988	3654663	3722850	-	68186	1.0	0.9993988005337479	60	1
NA20282_1	NA20282#1	WHR1B	WHR1	NA20282#1#JBIRDT010000005.1:1683408-6782988	3606777	3607295	+	518	1.0	0.9980694980694981	0	1
NA20282_1	NA20282#1	WHR1B	WHR1	NA20282#1#JBIRDT010000005.1:1683408-6782988	3633147	3633665	+	518	1.0	0.9980694980694981	0	1
NA20282_1	NA20282#1	WHR1B	WHR1	NA20282#1#JBIRDT010000005.1:1683408-6782988	3574038	3574556	+	518	1.0	0.9961389961389961	0	1
NA20282_2	NA20282#2	WHR1	WHR1	NA20282#2#JBIRDU010000003.1:1683297-6763868	3505955	3516227	+	10272	1.0	0.9994158878504673	60	1
NA20282_2	NA20282#2	CYP21A1P	CYP21	NA20282#2#JBIRDU010000003.1:1683297-6763868	3540416	3543690	+	3274	1.0	0.9966401954795358	60	1
NA20282_2	NA20282#2	CYP21A1P	CYP21	NA20282#2#JBIRDU010000003.1:1683297-6763868	3566783	3570058	+	3274	1.0	0.976850441669205	0	1
NA20282_2	NA20282#2	CYP21A2	CYP21	NA20282#2#JBIRDU010000003.1:1683297-6763868	3566828	3570058	+	3230	1.0	0.9978328173374613	60	1
NA20282_2	NA20282#2	CYP21A2	CYP21	NA20282#2#JBIRDU010000003.1:1683297-6763868	3540466	3543690	+	3230	0.9984520123839009	0.9777296628518404	0	1
NA20282_2	NA20282#2	TNXA	TNX	NA20282#2#JBIRDU010000003.1:1683297-6763868	3543200	3547804	-	4604	1.0	0.9963075586446568	14	1
NA20282_2	NA20282#2	TNXA	TNX	NA20282#2#JBIRDU010000003.1:1683297-6763868	3569568	3574291	-	4604	1.0	0.970575783234547	0	1
NA20282_2	NA20282#2	TNXB	TNX	NA20282#2#JBIRDU010000003.1:1683297-6763868	3569566	3637751	-	68186	1.0	0.9994281021790773	60	1
NA20282_2	NA20282#2	WHR1B	WHR1	NA20282#2#JBIRDU010000003.1:1683297-6763868	3548050	3548568	+	518	1.0	0.9961389961389961	35	1
NA20282_2	NA20282#2	WHR1B	WHR1	NA20282#2#JBIRDU010000003.1:1683297-6763868	3515312	3515830	+	518	1.0	0.9942084942084942	0	1
NA20346_1	NA20346#1	WHR1	WHR1	NA20346#1#CM094251.1:28457185-33666384	3621244	3631516	+	10272	1.0	0.9996105919003115	60	1
NA20346_1	NA20346#1	CYP21A1P	CYP21	NA20346#1#CM094251.1:28457185-33666384	3655706	3658980	+	3274	1.0	0.9969456322541234	60	1
NA20346_1	NA20346#1	CYP21A1P	CYP21	NA20346#1#CM094251.1:28457185-33666384	3682073	3685347	+	3274	1.0	0.9771480804387569	0	1
NA20346_1	NA20346#1	CYP21A2	CYP21	NA20346#1#CM094251.1:28457185-33666384	3682118	3685347	+	3230	1.0	0.9978328173374613	60	1
NA20346_1	NA20346#1	CYP21A2	CYP21	NA20346#1#CM094251.1:28457185-33666384	3655756	3658980	+	3230	0.9984520123839009	0.9780389730900093	0	1
NA20346_1	NA20346#1	TNXA	TNX	NA20346#1#CM094251.1:28457185-33666384	3658490	3663094	-	4604	1.0	0.9969591659426585	38	1
NA20346_1	NA20346#1	TNXA	TNX	NA20346#1#CM094251.1:28457185-33666384	3684857	3689580	-	4604	1.0	0.9703640982218459	0	1
NA20346_1	NA20346#1	TNXB	TNX	NA20346#1#CM094251.1:28457185-33666384	3684855	3753041	-	68186	1.0	0.9990909890625458	60	1
NA20346_1	NA20346#1	WHR1B	WHR1	NA20346#1#CM094251.1:28457185-33666384	3663340	3663858	+	518	1.0	0.9980694980694981	34	1
NA20346_1	NA20346#1	WHR1B	WHR1	NA20346#1#CM094251.1:28457185-33666384	3630601	3631119	+	518	1.0	0.9961389961389961	0	1
NA20346_2	NA20346#2	WHR1	WHR1	NA20346#2#CM094262.1:28410681-33542038	3553915	3564183	+	10272	1.0	0.9993185358255452	60	1
NA20346_2	NA20346#2	CYP21A1P	CYP21	NA20346#2#CM094262.1:28410681-33542038	3588374	3591648	+	3274	1.0	0.9972510690287111	60	1
NA20346_2	NA20346#2	CYP21A1P	CYP21	NA20346#2#CM094262.1:28410681-33542038	3614741	3618015	+	3274	1.0	0.9774527726995734	0	1
NA20346_2	NA20346#2	CYP21A2	CYP21	NA20346#2#CM094262.1:28410681-33542038	3614786	3618015	+	3230	1.0	0.9987616099071207	60	1
NA20346_2	NA20346#2	CYP21A2	CYP21	NA20346#2#CM094262.1:28410681-33542038	3588424	3591648	+	3230	0.9984520123839009	0.9777296628518404	0	1
NA20346_2	NA20346#2	TNXA	TNX	NA20346#2#CM094262.1:28410681-33542038	3591158	3595762	-	4604	1.0	0.9969591659426585	51	1
NA20346_2	NA20346#2	TNXA	TNX	NA20346#2#CM094262.1:28410681-33542038	3617525	3622248	-	4604	1.0	0.9699407281964437	0	1
NA20346_2	NA20346#2	TNXB	TNX	NA20346#2#CM094262.1:28410681-33542038	3617523	3685686	-	68186	1.0	0.9992374472078837	60	1
NA20346_2	NA20346#2	WHR1B	WHR1	NA20346#2#CM094262.1:28410681-33542038	3596008	3596526	+	518	1.0	0.9980694980694981	60	1
NA20346_2	NA20346#2	WHR1B	WHR1	NA20346#2#CM094262.1:28410681-33542038	3563268	3563786	+	518	1.0	0.9942084942084942	0	1
NA20503_1	NA20503#1	WHR1	WHR1	NA20503#1#CM102459.1:28379297-33541270	3553890	3564162	+	10272	1.0	0.9994158878504673	60	1
NA20503_1	NA20503#1	CYP21A1P	CYP21	NA20503#1#CM102459.1:28379297-33541270	3588351	3591625	+	3274	1.0	0.9966401954795358	60	1
NA20503_1	NA20503#1	CYP21A1P	CYP21	NA20503#1#CM102459.1:28379297-33541270	3621086	3624361	+	3274	1.0	0.977459640572647	0	1
NA20503_1	NA20503#1	CYP21A2	CYP21	NA20503#1#CM102459.1:28379297-33541270	3621131	3624361	+	3230	1.0	0.9975232198142415	60	1
NA20503_1	NA20503#1	CYP21A2	CYP21	NA20503#1#CM102459.1:28379297-33541270	3588401	3591625	+	3230	0.9984520123839009	0.9777296628518404	0	1
NA20503_1	NA20503#1	TNXA	TNX	NA20503#1#CM102459.1:28379297-33541270	3591135	3595738	-	4604	1.0	0.9969591659426585	34	1
NA20503_1	NA20503#1	TNXA	TNX	NA20503#1#CM102459.1:28379297-33541270	3623871	3628594	-	4604	1.0	0.970575783234547	0	1
NA20503_1	NA20503#1	TNXB	TNX	NA20503#1#CM102459.1:28379297-33541270	3623869	3692058	-	68186	1.0	0.9993255131964809	60	1
NA20503_1	NA20503#1	WHR1B	WHR1	NA20503#1#CM102459.1:28379297-33541270	3595984	3596502	+	518	1.0	0.9961389961389961	35	1
NA20503_1	NA20503#1	WHR1B	WHR1	NA20503#1#CM102459.1:28379297-33541270	3563247	3563765	+	518	1.0	0.9942084942084942	0	1
NA20503_2	NA20503#2	WHR1	WHR1	NA20503#2#CM102476.1:28357590-33489275	3554202	3564473	+	10272	1.0	0.9993185358255452	60	1
NA20503_2	NA20503#2	CYP21A1P	CYP21	NA20503#2#CM102476.1:28357590-33489275	3588663	3591937	+	3274	1.0	0.9966401954795358	60	1
NA20503_2	NA20503#2	CYP21A1P	CYP21	NA20503#2#CM102476.1:28357590-33489275	3621398	3624673	+	3274	1.0	0.977155041120926	0	1
NA20503_2	NA20503#2	CYP21A2	CYP21	NA20503#2#CM102476.1:28357590-33489275	3621443	3624673	+	3230	1.0	0.9984520123839009	60	1
NA20503_2	NA20503#2	CYP21A2	CYP21	NA20503#2#CM102476.1:28357590-33489275	3588713	3591937	+	3230	0.9984520123839009	0.9777296628518404	0	1
NA20503_2	NA20503#2	TNXA	TNX	NA20503#2#CM102476.1:28357590-33489275	3591447	3596051	-	4604	1.0	0.9976107732406603	47	1
NA20503_2	NA20503#2	TNXA	TNX	NA20503#2#CM102476.1:28357590-33489275	3624183	3628906	-	4604	1.0	0.970575783234547	0	1
NA20503_2	NA20503#2	TNXB	TNX	NA20503#2#CM102476.1:28357590-33489275	3624181	3692363	-	68186	1.0	0.9991202604029208	60	1
NA20503_2	NA20503#2	WHR1B	WHR1	NA20503#2#CM102476.1:28357590-33489275	3596297	3596815	+	518	1.0	0.9980694980694981	34	1
NA20503_2	NA20503#2	WHR1B	WHR1	NA20503#2#CM102476.1:28357590-33489275	3563558	3564076	+	518	1.0	0.9961389961389961	0	1
NA20752_1	NA20752#1	WHR1	WHR1	NA20752#1#CM099770.1:28378820-33526332	3539608	3549880	+	10272	1.0	0.9995132398753894	60	1
NA20752_1	NA20752#1	CYP21A1P	CYP21	NA20752#1#CM099770.1:28378820-33526332	3574070	3577344	+	3274	1.0	0.9966401954795358	60	1
NA20752_1	NA20752#1	CYP21A1P	CYP21	NA20752#1#CM099770.1:28378820-33526332	3606808	3610083	+	3274	1.0	0.977459640572647	0	1
NA20752_1	NA20752#1	CYP21A2	CYP21	NA20752#1#CM099770.1:28378820-33526332	3606853	3610083	+	3230	1.0	0.9987616099071207	60	1
NA20752_1	NA20752#1	CYP21A2	CYP21	NA20752#1#CM099770.1:28378820-33526332	3574120	3577344	+	3230	0.9984520123839009	0.9777296628518404	0	1
NA20752_1	NA20752#1	TNXA	TNX	NA20752#1#CM099770.1:28378820-33526332	3576854	3581458	-	4604	1.0	0.9973935708079931	43	1
NA20752_1	NA20752#1	TNXA	TNX	NA20752#1#CM099770.1:28378820-33526332	3609593	3614316	-	4604	1.0	0.970575783234547	0	1
NA20752_1	NA20752#1	TNXB	TNX	NA20752#1#CM099770.1:28378820-33526332	3609591	3677781	-	68186	1.0	0.9993401759530792	60	1
NA20752_1	NA20752#1	WHR1B	WHR1	NA20752#1#CM099770.1:28378820-33526332	3581704	3582222	+	518	1.0	0.9980694980694981	34	1
NA20752_1	NA20752#1	WHR1B	WHR1	NA20752#1#CM099770.1:28378820-33526332	3548965	3549483	+	518	1.0	0.9961389961389961	0	1
NA20752_2	NA20752#2	WHR1	WHR1	NA20752#2#CM099783.1:28398107-33586251	3495633	3505904	+	10272	1.0	0.9993185358255452	60	1
NA20752_2	NA20752#2	CYP21A1P	CYP21	NA20752#2#CM099783.1:28398107-33586251	3530095	3533369	+	3274	1.0	0.9978619425778864	60	1
NA20752_2	NA20752#2	CYP21A1P	CYP21	NA20752#2#CM099783.1:28398107-33586251	3556462	3559737	+	3274	1.0	0.9805056350898569	0	1
NA20752_2	NA20752#2	CYP21A2	CYP21	NA20752#2#CM099783.1:28398107-33586251	3556507	3559737	+	3230	1.0	0.9953560371517027	60	1
NA20752_2	NA20752#2	CYP21A2	CYP21	NA20752#2#CM099783.1:28398107-33586251	3530145	3533369	+	3230	0.9984520123839009	0.9777296628518404	0	1
NA20752_2	NA20752#2	TNXA	TNX	NA20752#2#CM099783.1:28398107-33586251	3532879	3537483	-	4604	1.0	0.9963075586446568	1	1
NA20752_2	NA20752#2	TNXA	TNX	NA20752#2#CM099783.1:28398107-33586251	3559247	3563971	-	4604	1.0	0.9712108382726503	0	1
NA20752_2	NA20752#2	TNXB	TNX	NA20752#2#CM099783.1:28398107-33586251	3559245	3627417	-	68186	1.0	0.9982848347137726	60	1
NA20752_2	NA20752#2	WHR1B	WHR1	NA20752#2#CM099783.1:28398107-33586251	3504989	3505507	+	518	1.0	0.9980694980694981	0	1
NA20752_2	NA20752#2	WHR1B	WHR1	NA20752#2#CM099783.1:28398107-33586251	3537729	3538247	+	518	1.0	0.9980694980694981	0	1
NA20762_1	NA20762#1	WHR1	WHR1	NA20762#1#CM102512.1:28400125-33568157	3558053	3568325	+	10272	1.0	0.9995132398753894	60	1
NA20762_1	NA20762#1	CYP21A1P	CYP21	NA20762#1#CM102512.1:28400125-33568157	3592515	3595789	+	3274	1.0	0.9966401954795358	60	1
NA20762_1	NA20762#1	CYP21A1P	CYP21	NA20762#1#CM102512.1:28400125-33568157	3625249	3628524	+	3274	1.0	0.977155041120926	0	1
NA20762_1	NA20762#1	CYP21A2	CYP21	NA20762#1#CM102512.1:28400125-33568157	3625294	3628524	+	3230	1.0	0.9984520123839009	60	1
NA20762_1	NA20762#1	CYP21A2	CYP21	NA20762#1#CM102512.1:28400125-33568157	3592565	3595789	+	3230	0.9984520123839009	0.9777296628518404	0	1
NA20762_1	NA20762#1	TNXA	TNX	NA20762#1#CM102512.1:28400125-33568157	3595299	3599903	-	4604	1.0	0.9973935708079931	43	1
NA20762_1	NA20762#1	TNXA	TNX	NA20762#1#CM102512.1:28400125-33568157	3628034	3632757	-	4604	1.0	0.970575783234547	0	1
NA20762_1	NA20762#1	TNXB	TNX	NA20762#1#CM102512.1:28400125-33568157	3628032	3696225	-	68186	1.0	0.9992669051668523	60	1
NA20762_1	NA20762#1	WHR1B	WHR1	NA20762#1#CM102512.1:28400125-33568157	3600149	3600667	+	518	1.0	0.9980694980694981	34	1
NA20762_1	NA20762#1	WHR1B	WHR1	NA20762#1#CM102512.1:28400125-33568157	3567410	3567928	+	518	1.0	0.9961389961389961	0	1
NA20762_2	NA20762#2	WHR1	WHR1	NA20762#2#CM102528.1:28437013-33575799	3554168	3564439	+	10272	1.0	0.9993185358255452	60	1
NA20762_2	NA20762#2	CYP21A1P	CYP21	NA20762#2#CM102528.1:28437013-33575799	3588629	3591903	+	3274	1.0	0.9966401954795358	60	1
NA20762_2	NA20762#2	CYP21A1P	CYP21	NA20762#2#CM102528.1:28437013-33575799	3621363	3624638	+	3274	1.0	0.977155041120926	0	1
NA20762_2	NA20762#2	CYP21A2	CYP21	NA20762#2#CM102528.1:28437013-33575799	3621408	3624638	+	3230	1.0	0.9984520123839009	60	1
NA20762_2	NA20762#2	CYP21A2	CYP21	NA20762#2#CM102528.1:28437013-33575799	3588679	3591903	+	3230	0.9984520123839009	0.9777296628518404	0	1
NA20762_2	NA20762#2	TNXA	TNX	NA20762#2#CM102528.1:28437013-33575799	3591413	3596017	-	4604	1.0	0.9976107732406603	47	1
NA20762_2	NA20762#2	TNXA	TNX	NA20762#2#CM102528.1:28437013-33575799	3624148	3628871	-	4604	1.0	0.970575783234547	0	1
NA20762_2	NA20762#2	TNXB	TNX	NA20762#2#CM102528.1:28437013-33575799	3624146	3692333	-	68186	1.0	0.999076314053222	60	1
NA20762_2	NA20762#2	WHR1B	WHR1	NA20762#2#CM102528.1:28437013-33575799	3596263	3596781	+	518	1.0	0.9980694980694981	34	1
NA20762_2	NA20762#2	WHR1B	WHR1	NA20762#2#CM102528.1:28437013-33575799	3563524	3564042	+	518	1.0	0.9961389961389961	0	1
NA20799_1	NA20799#1	WHR1	WHR1	NA20799#1#CM098688.1:28368547-33505653	3560623	3570895	+	10272	1.0	0.9991239170641487	60	1
NA20799_1	NA20799#1	CYP21A1P	CYP21	NA20799#1#CM098688.1:28368547-33505653	3595084	3598358	+	3274	1.0	0.998167379352474	60	1
NA20799_1	NA20799#1	CYP21A1P	CYP21	NA20799#1#CM098688.1:28368547-33505653	3627819	3631090	+	3274	1.0	0.9780621572212066	0	1
NA20799_1	NA20799#1	CYP21A2	CYP21	NA20799#1#CM098688.1:28368547-33505653	3627864	3631090	+	3230	1.0	0.9962848297213622	60	1
NA20799_1	NA20799#1	CYP21A2	CYP21	NA20799#1#CM098688.1:28368547-33505653	3595134	3598358	+	3230	0.9984520123839009	0.9780389730900093	0	1
NA20799_1	NA20799#1	TNXA	TNX	NA20799#1#CM098688.1:28368547-33505653	3597868	3602472	-	4604	1.0	0.9980451781059948	60	1
NA20799_1	NA20799#1	TNXA	TNX	NA20799#1#CM098688.1:28368547-33505653	3630600	3635323	-	4604	1.0	0.9688823031329382	0	1
NA20799_1	NA20799#1	TNXB	TNX	NA20799#1#CM098688.1:28368547-33505653	3630598	3698782	-	68186	1.0	0.9991055456171736	60	1
NA20799_1	NA20799#1	WHR1B	WHR1	NA20799#1#CM098688.1:28368547-33505653	3602718	3603236	+	518	1.0	0.9980694980694981	60	1
NA20799_1	NA20799#1	WHR1B	WHR1	NA20799#1#CM098688.1:28368547-33505653	3569980	3570498	+	518	1.0	0.9942084942084942	0	1
NA20799_2	NA20799#2	WHR1	WHR1	NA20799#2#CM098717.1:28381748-33532360	3567773	3578035	+	10272	1.0	0.9980529595015576	60	1
NA20799_2	NA20799#2	CYP21A1P	CYP21	NA20799#2#CM098717.1:28381748-33532360	3602225	3605499	+	3274	1.0	0.9969456322541234	60	1
NA20799_2	NA20799#2	CYP21A1P	CYP21	NA20799#2#CM098717.1:28381748-33532360	3628593	3631868	+	3274	1.0	0.976850441669205	0	1
NA20799_2	NA20799#2	CYP21A2	CYP21	NA20799#2#CM098717.1:28381748-33532360	3628638	3631868	+	3230	1.0	0.9981424148606811	60	1
NA20799_2	NA20799#2	CYP21A2	CYP21	NA20799#2#CM098717.1:28381748-33532360	3602275	3605499	+	3230	0.9984520123839009	0.9786575935663471	0	1
NA20799_2	NA20799#2	TNXA	TNX	NA20799#2#CM098717.1:28381748-33532360	3605009	3609613	-	4604	1.0	0.9960903562119896	27	1
NA20799_2	NA20799#2	TNXA	TNX	NA20799#2#CM098717.1:28381748-33532360	3631378	3636101	-	4604	1.0	0.9699407281964437	0	1
NA20799_2	NA20799#2	TNXB	TNX	NA20799#2#CM098717.1:28381748-33532360	3631376	3699561	-	68186	1.0	0.9993694644847205	60	1
NA20799_2	NA20799#2	WHR1B	WHR1	NA20799#2#CM098717.1:28381748-33532360	3609859	3610377	+	518	1.0	0.9961389961389961	60	1
NA20799_2	NA20799#2	WHR1B	WHR1	NA20799#2#CM098717.1:28381748-33532360	3577123	3577638	+	518	1.0	0.9884169884169884	0	1
NA20805_1	NA20805#1	WHR1	WHR1	NA20805#1#CM091887.1:28444744-33554804	3560038	3570311	+	10272	1.0	0.9995132872578604	60	1
NA20805_1	NA20805#1	CYP21A1P	CYP21	NA20805#1#CM091887.1:28444744-33554804	3594498	3597773	+	3274	1.0	0.977459640572647	60	1
NA20805_1	NA20805#1	CYP21A2	CYP21	NA20805#1#CM091887.1:28444744-33554804	3594543	3597773	+	3230	1.0	0.9981424148606811	60	1
NA20805_1	NA20805#1	TNXA	TNX	NA20805#1#CM091887.1:28444744-33554804	3597283	3602006	-	4604	1.0	0.9699407281964437	60	1
NA20805_1	NA20805#1	TNXB	TNX	NA20805#1#CM091887.1:28444744-33554804	3597281	3665432	-	68186	1.0	0.9991494229274517	60	1
NA20805_1	NA20805#1	WHR1B	WHR1	NA20805#1#CM091887.1:28444744-33554804	3569396	3569914	+	518	1.0	0.9961389961389961	60	1
NA20805_2	NA20805#2	WHR1	WHR1	NA20805#2#CM091899.1:28375930-33456966	3505067	3515340	+	10272	1.0	0.9990266692622153	60	1
NA20805_2	NA20805#2	CYP21A1P	CYP21	NA20805#2#CM091899.1:28375930-33456966	3539529	3542803	+	3274	1.0	0.9978619425778864	60	1
NA20805_2	NA20805#2	CYP21A1P	CYP21	NA20805#2#CM091899.1:28375930-33456966	3572264	3575536	+	3274	1.0	0.9777642400243679	0	1
NA20805_2	NA20805#2	CYP21A2	CYP21	NA20805#2#CM091899.1:28375930-33456966	3572309	3575536	+	3230	1.0	0.9962848297213622	60	1
NA20805_2	NA20805#2	CYP21A2	CYP21	NA20805#2#CM091899.1:28375930-33456966	3539579	3542803	+	3230	0.9984520123839009	0.9777296628518404	0	1
NA20805_2	NA20805#2	TNXA	TNX	NA20805#2#CM091899.1:28375930-33456966	3542313	3546917	-	4604	1.0	0.9980451781059948	60	1
NA20805_2	NA20805#2	TNXA	TNX	NA20805#2#CM091899.1:28375930-33456966	3575046	3579769	-	4604	1.0	0.9690939881456393	0	1
NA20805_2	NA20805#2	TNXB	TNX	NA20805#2#CM091899.1:28375930-33456966	3575044	3643221	-	68186	1.0	0.998914892369054	60	1
NA20805_2	NA20805#2	WHR1B	WHR1	NA20805#2#CM091899.1:28375930-33456966	3547163	3547681	+	518	1.0	0.9980694980694981	60	1
NA20805_2	NA20805#2	WHR1B	WHR1	NA20805#2#CM091899.1:28375930-33456966	3514425	3514943	+	518	1.0	0.9942084942084942	0	1
NA20806_1	NA20806#1	WHR1	WHR1	NA20806#1#CM102442.1:28404226-33564454	3551165	3561437	+	10272	1.0	1.0	60	1
NA20806_1	NA20806#1	CYP21A1P	CYP21	NA20806#1#CM102442.1:28404226-33564454	3585625	3588899	+	3274	1.0	0.9993891264508247	60	1
NA20806_1	NA20806#1	CYP21A1P	CYP21	NA20806#1#CM102442.1:28404226-33564454	3618359	3621634	+	3274	1.0	0.9780688394760889	0	1
NA20806_1	NA20806#1	CYP21A2	CYP21	NA20806#1#CM102442.1:28404226-33564454	3618404	3621634	+	3230	1.0	0.9996904024767802	60	1
NA20806_1	NA20806#1	CYP21A2	CYP21	NA20806#1#CM102442.1:28404226-33564454	3585675	3588899	+	3230	0.9984520123839009	0.9786575935663471	0	1
NA20806_1	NA20806#1	TNXA	TNX	NA20806#1#CM102442.1:28404226-33564454	3588409	3593013	-	4604	1.0	1.0	60	1
NA20806_1	NA20806#1	TNXA	TNX	NA20806#1#CM102442.1:28404226-33564454	3621144	3625867	-	4604	1.0	0.9701524132091448	0	1
NA20806_1	NA20806#1	TNXB	TNX	NA20806#1#CM102442.1:28404226-33564454	3621142	3689326	-	68186	1.0	0.9999413377916612	60	1
NA20806_1	NA20806#1	WHR1B	WHR1	NA20806#1#CM102442.1:28404226-33564454	3593259	3593777	+	518	1.0	1.0	60	1
NA20806_1	NA20806#1	WHR1B	WHR1	NA20806#1#CM102442.1:28404226-33564454	3560522	3561040	+	518	1.0	0.9942084942084942	0	1
NA20806_2	NA20806#2	WHR1	WHR1	NA20806#2#CM102496.1:28385854-33548009	3553958	3564230	+	10272	1.0	0.9991239170641487	60	1
NA20806_2	NA20806#2	CYP21A1P	CYP21	NA20806#2#CM102496.1:28385854-33548009	3588419	3591693	+	3274	1.0	0.998167379352474	60	1
NA20806_2	NA20806#2	CYP21A1P	CYP21	NA20806#2#CM102496.1:28385854-33548009	3621152	3624423	+	3274	1.0	0.9780621572212066	0	1
NA20806_2	NA20806#2	CYP21A2	CYP21	NA20806#2#CM102496.1:28385854-33548009	3621197	3624423	+	3230	1.0	0.9962848297213622	60	1
NA20806_2	NA20806#2	CYP21A2	CYP21	NA20806#2#CM102496.1:28385854-33548009	3588469	3591693	+	3230	0.9984520123839009	0.9780389730900093	0	1
NA20806_2	NA20806#2	TNXA	TNX	NA20806#2#CM102496.1:28385854-33548009	3591203	3595807	-	4604	1.0	0.998262380538662	60	1
NA20806_2	NA20806#2	TNXA	TNX	NA20806#2#CM102496.1:28385854-33548009	3623933	3628656	-	4604	1.0	0.9688823031329382	0	1
NA20806_2	NA20806#2	TNXB	TNX	NA20806#2#CM102496.1:28385854-33548009	3623931	3692106	-	68186	1.0	0.9989735468355915	60	1
NA20806_2	NA20806#2	WHR1B	WHR1	NA20806#2#CM102496.1:28385854-33548009	3596053	3596571	+	518	1.0	0.9980694980694981	60	1
NA20806_2	NA20806#2	WHR1B	WHR1	NA20806#2#CM102496.1:28385854-33548009	3563315	3563833	+	518	1.0	0.9942084942084942	0	1
NA20809_1	NA20809#1	WHR1	WHR1	NA20809#1#CM094332.1:28435710-33676068	3553661	3563923	+	10272	1.0	0.9980529595015576	60	1
NA20809_1	NA20809#1	CYP21A1P	CYP21	NA20809#1#CM094332.1:28435710-33676068	3588113	3591387	+	3274	1.0	0.9969456322541234	60	1
NA20809_1	NA20809#1	CYP21A1P	CYP21	NA20809#1#CM094332.1:28435710-33676068	3614481	3617756	+	3274	1.0	0.976545842217484	0	1
NA20809_1	NA20809#1	CYP21A2	CYP21	NA20809#1#CM094332.1:28435710-33676068	3614526	3617756	+	3230	1.0	0.9975232198142415	60	1
NA20809_1	NA20809#1	CYP21A2	CYP21	NA20809#1#CM094332.1:28435710-33676068	3588163	3591387	+	3230	0.9984520123839009	0.9786575935663471	0	1
NA20809_1	NA20809#1	TNXA	TNX	NA20809#1#CM094332.1:28435710-33676068	3590897	3595501	-	4604	1.0	0.996524761077324	37	1
NA20809_1	NA20809#1	TNXA	TNX	NA20809#1#CM094332.1:28435710-33676068	3617266	3621989	-	4604	1.0	0.9699407281964437	0	1
NA20809_1	NA20809#1	TNXB	TNX	NA20809#1#CM094332.1:28435710-33676068	3617264	3685469	-	68186	1.0	0.9991497097284935	60	1
NA20809_1	NA20809#1	WHR1B	WHR1	NA20809#1#CM094332.1:28435710-33676068	3595747	3596265	+	518	1.0	0.9961389961389961	60	1
NA20809_1	NA20809#1	WHR1B	WHR1	NA20809#1#CM094332.1:28435710-33676068	3563011	3563526	+	518	1.0	0.9884169884169884	0	1
NA20809_2	NA20809#2	WHR1	WHR1	NA20809#2#CM094351.1:28373506-33544564	3562309	3572581	+	10272	1.0	1.0	60	1
NA20809_2	NA20809#2	CYP21A1P	CYP21	NA20809#2#CM094351.1:28373506-33544564	3596770	3600044	+	3274	1.0	1.0	60	1
NA20809_2	NA20809#2	CYP21A1P	CYP21	NA20809#2#CM094351.1:28373506-33544564	3629504	3632779	+	3274	1.0	0.9780688394760889	0	1
NA20809_2	NA20809#2	CYP21A2	CYP21	NA20809#2#CM094351.1:28373506-33544564	3629549	3632779	+	3230	1.0	0.9996904024767802	60	1
NA20809_2	NA20809#2	CYP21A2	CYP21	NA20809#2#CM094351.1:28373506-33544564	3596820	3600044	+	3230	0.9984520123839009	0.9780389730900093	0	1
NA20809_2	NA20809#2	TNXA	TNX	NA20809#2#CM094351.1:28373506-33544564	3599554	3604158	-	4604	1.0	1.0	60	1
NA20809_2	NA20809#2	TNXA	TNX	NA20809#2#CM094351.1:28373506-33544564	3632289	3637012	-	4604	1.0	0.9701524132091448	0	1
NA20809_2	NA20809#2	TNXB	TNX	NA20809#2#CM094351.1:28373506-33544564	3632287	3700472	-	68186	1.0	0.9999853342328338	60	1
NA20809_2	NA20809#2	WHR1B	WHR1	NA20809#2#CM094351.1:28373506-33544564	3604404	3604922	+	518	1.0	1.0	60	1
NA20809_2	NA20809#2	WHR1B	WHR1	NA20809#2#CM094351.1:28373506-33544564	3571666	3572184	+	518	1.0	0.9942084942084942	0	1
NA20827_1	NA20827#1	WHR1	WHR1	NA20827#1#CM102544.1:28306620-33546886	3546170	3556440	+	10272	1.0	0.9992211838006231	60	1
NA20827_1	NA20827#1	CYP21A1P	CYP21	NA20827#1#CM102544.1:28306620-33546886	3580630	3583904	+	3274	1.0	0.9978619425778864	60	1
NA20827_1	NA20827#1	CYP21A1P	CYP21	NA20827#1#CM102544.1:28306620-33546886	3606997	3610272	+	3274	1.0	0.9805056350898569	0	1
NA20827_1	NA20827#1	CYP21A2	CYP21	NA20827#1#CM102544.1:28306620-33546886	3607042	3610272	+	3230	1.0	0.9953560371517027	60	1
NA20827_1	NA20827#1	CYP21A2	CYP21	NA20827#1#CM102544.1:28306620-33546886	3580680	3583904	+	3230	0.9984520123839009	0.9777296628518404	0	1
NA20827_1	NA20827#1	TNXA	TNX	NA20827#1#CM102544.1:28306620-33546886	3583414	3588018	-	4604	1.0	0.9963075586446568	18	1
NA20827_1	NA20827#1	TNXA	TNX	NA20827#1#CM102544.1:28306620-33546886	3609782	3614506	-	4604	1.0	0.970575783234547	0	1
NA20827_1	NA20827#1	TNXB	TNX	NA20827#1#CM102544.1:28306620-33546886	3609780	3677948	-	68186	1.0	0.9982554389257022	60	1
NA20827_1	NA20827#1	WHR1B	WHR1	NA20827#1#CM102544.1:28306620-33546886	3555525	3556043	+	518	1.0	0.9980694980694981	0	1
NA20827_1	NA20827#1	WHR1B	WHR1	NA20827#1#CM102544.1:28306620-33546886	3588264	3588782	+	518	1.0	0.9980694980694981	0	1
NA20827_2	NA20827#2	WHR1	WHR1	NA20827#2#CM102564.1:28454949-33740832	3616432	3626704	+	10272	1.0	0.9991239170641487	60	1
NA20827_2	NA20827#2	CYP21A1P	CYP21	NA20827#2#CM102564.1:28454949-33740832	3650890	3654165	+	3274	1.0	0.977155041120926	60	1
NA20827_2	NA20827#2	CYP21A2	CYP21	NA20827#2#CM102564.1:28454949-33740832	3650935	3654165	+	3230	1.0	0.9975232198142415	60	1
NA20827_2	NA20827#2	TNXA	TNX	NA20827#2#CM102564.1:28454949-33740832	3653675	3658398	-	4604	1.0	0.9703640982218459	60	1
NA20827_2	NA20827#2	TNXB	TNX	NA20827#2#CM102564.1:28454949-33740832	3653673	3721874	-	68186	1.0	0.9992376260849167	60	1
NA20827_2	NA20827#2	WHR1B	WHR1	NA20827#2#CM102564.1:28454949-33740832	3625789	3626307	+	518	1.0	0.9942084942084942	60	1
NA20850_1	NA20850#1	WHR1	WHR1	NA20850#1#CM094293.1:28390909-33636624	3553694	3563965	+	10272	1.0	0.9992212596125767	60	1
NA20850_1	NA20850#1	CYP21A1P	CYP21	NA20850#1#CM094293.1:28390909-33636624	3588153	3591427	+	3274	1.0	0.9984728161270617	60	1
NA20850_1	NA20850#1	CYP21A1P	CYP21	NA20850#1#CM094293.1:28390909-33636624	3614519	3617794	+	3274	1.0	0.977155041120926	0	1
NA20850_1	NA20850#1	CYP21A2	CYP21	NA20850#1#CM094293.1:28390909-33636624	3614569	3617794	+	3230	0.9984520123839009	0.9987596899224807	60	1
NA20850_1	NA20850#1	CYP21A2	CYP21	NA20850#1#CM094293.1:28390909-33636624	3588203	3591427	+	3230	0.9984520123839009	0.9777296628518404	0	1
NA20850_1	NA20850#1	TNXA	TNX	NA20850#1#CM094293.1:28390909-33636624	3590937	3595541	-	4604	1.0	0.9980451781059948	58	1
NA20850_1	NA20850#1	TNXA	TNX	NA20850#1#CM094293.1:28390909-33636624	3617304	3622027	-	4604	1.0	0.970575783234547	0	1
NA20850_1	NA20850#1	TNXB	TNX	NA20850#1#CM094293.1:28390909-33636624	3617302	3682302	-	68186	1.0	0.9519621208789598	60	1
NA20850_1	NA20850#1	WHR1B	WHR1	NA20850#1#CM094293.1:28390909-33636624	3595787	3596305	+	518	1.0	0.9961389961389961	43	1
NA20850_1	NA20850#1	WHR1B	WHR1	NA20850#1#CM094293.1:28390909-33636624	3563050	3563568	+	518	1.0	0.9942084942084942	0	1
NA20850_2	NA20850#2	WHR1	WHR1	NA20850#2#CM094307.1:28446289-33597788	3547552	3557823	+	10272	1.0	0.9989292319672929	60	1
NA20850_2	NA20850#2	CYP21A1P	CYP21	NA20850#2#CM094307.1:28446289-33597788	3582012	3585286	+	3274	1.0	0.9987782529016493	60	1
NA20850_2	NA20850#2	CYP21A1P	CYP21	NA20850#2#CM094307.1:28446289-33597788	3608379	3611653	+	3274	1.0	0.9768433881779403	0	1
NA20850_2	NA20850#2	CYP21A2	CYP21	NA20850#2#CM094307.1:28446289-33597788	3608424	3611653	+	3230	1.0	0.9981424148606811	60	1
NA20850_2	NA20850#2	CYP21A2	CYP21	NA20850#2#CM094307.1:28446289-33597788	3582062	3585286	+	3230	0.9984520123839009	0.9780389730900093	0	1
NA20850_2	NA20850#2	TNXA	TNX	NA20850#2#CM094307.1:28446289-33597788	3584796	3589400	-	4604	1.0	0.9960903562119896	19	1
NA20850_2	NA20850#2	TNXA	TNX	NA20850#2#CM094307.1:28446289-33597788	3611163	3615886	-	4604	1.0	0.9701524132091448	0	1
NA20850_2	NA20850#2	TNXB	TNX	NA20850#2#CM094307.1:28446289-33597788	3611161	3679353	-	68186	1.0	0.9994134811360871	60	1
NA20850_2	NA20850#2	WHR1B	WHR1	NA20850#2#CM094307.1:28446289-33597788	3589646	3590164	+	518	1.0	0.9980694980694981	60	1
NA20850_2	NA20850#2	WHR1B	WHR1	NA20850#2#CM094307.1:28446289-33597788	3556908	3557426	+	518	1.0	0.9922779922779923	0	1
NA20870_1	NA20870#1	WHR1	WHR1	NA20870#1#JBHIJK010000014.1:28358726-33487328	3543472	3553744	+	10272	1.0	0.9991239170641487	60	1
NA20870_1	NA20870#1	CYP21A1P	CYP21	NA20870#1#JBHIJK010000014.1:28358726-33487328	3577933	3581206	+	3274	1.0	0.9975565058032987	60	1
NA20870_1	NA20870#1	CYP21A1P	CYP21	NA20870#1#JBHIJK010000014.1:28358726-33487328	3610667	3613939	+	3274	1.0	0.977459640572647	0	1
NA20870_1	NA20870#1	CYP21A2	CYP21	NA20870#1#JBHIJK010000014.1:28358726-33487328	3610712	3613939	+	3230	1.0	0.9962848297213622	60	1
NA20870_1	NA20870#1	CYP21A2	CYP21	NA20870#1#JBHIJK010000014.1:28358726-33487328	3577983	3581206	+	3230	0.9984520123839009	0.9774203526136716	0	1
NA20870_1	NA20870#1	TNXA	TNX	NA20870#1#JBHIJK010000014.1:28358726-33487328	3580716	3585320	-	4604	1.0	0.998262380538662	60	1
NA20870_1	NA20870#1	TNXA	TNX	NA20870#1#JBHIJK010000014.1:28358726-33487328	3613449	3618172	-	4604	1.0	0.9688823031329382	0	1
NA20870_1	NA20870#1	TNXB	TNX	NA20870#1#JBHIJK010000014.1:28358726-33487328	3613447	3681637	-	68186	1.0	0.9987977949800609	60	1
NA20870_1	NA20870#1	WHR1B	WHR1	NA20870#1#JBHIJK010000014.1:28358726-33487328	3585566	3586084	+	518	1.0	0.9980694980694981	60	1
NA20870_1	NA20870#1	WHR1B	WHR1	NA20870#1#JBHIJK010000014.1:28358726-33487328	3552829	3553347	+	518	1.0	0.9942084942084942	0	1
NA20870_2	NA20870#2	WHR1	WHR1	NA20870#2#JBHIJL010000043.1:28382928-33533945	3548750	3559013	+	10272	1.0	0.9981503115264797	60	1
NA20870_2	NA20870#2	CYP21A1P	CYP21	NA20870#2#JBHIJL010000043.1:28382928-33533945	3583203	3586477	+	3274	1.0	0.9969456322541234	60	1
NA20870_2	NA20870#2	CYP21A1P	CYP21	NA20870#2#JBHIJL010000043.1:28382928-33533945	3609569	3612844	+	3274	1.0	0.9780688394760889	0	1
NA20870_2	NA20870#2	CYP21A2	CYP21	NA20870#2#JBHIJL010000043.1:28382928-33533945	3609614	3612844	+	3230	1.0	0.9975232198142415	60	1
NA20870_2	NA20870#2	CYP21A2	CYP21	NA20870#2#JBHIJL010000043.1:28382928-33533945	3583253	3586477	+	3230	0.9984520123839009	0.9786575935663471	0	1
NA20870_2	NA20870#2	TNXA	TNX	NA20870#2#JBHIJL010000043.1:28382928-33533945	3585987	3590591	-	4604	1.0	0.9967419635099913	60	1
NA20870_2	NA20870#2	TNXA	TNX	NA20870#2#JBHIJL010000043.1:28382928-33533945	3612354	3617077	-	4604	1.0	0.9693056731583404	0	1
NA20870_2	NA20870#2	TNXB	TNX	NA20870#2#JBHIJL010000043.1:28382928-33533945	3612352	3680624	-	68186	1.0	0.9977153234428319	60	1
NA20870_2	NA20870#2	WHR1B	WHR1	NA20870#2#JBHIJL010000043.1:28382928-33533945	3590837	3591355	+	518	1.0	0.9961389961389961	60	1
NA20870_2	NA20870#2	WHR1B	WHR1	NA20870#2#JBHIJL010000043.1:28382928-33533945	3558101	3558616	+	518	1.0	0.9884169884169884	0	1
NA20905_1	NA20905#1	WHR1	WHR1	NA20905#1#CM087474.1:28381582-33489243	3545996	3556258	+	10272	1.0	0.9981503115264797	60	1
NA20905_1	NA20905#1	CYP21A1P	CYP21	NA20905#1#CM087474.1:28381582-33489243	3580444	3583718	+	3274	1.0	0.9780621572212066	60	1
NA20905_1	NA20905#1	CYP21A2	CYP21	NA20905#1#CM087474.1:28381582-33489243	3580489	3583718	+	3230	1.0	0.9978328173374613	60	1
NA20905_1	NA20905#1	TNXA	TNX	NA20905#1#CM087474.1:28381582-33489243	3583228	3587951	-	4604	1.0	0.9688823031329382	60	1
NA20905_1	NA20905#1	TNXB	TNX	NA20905#1#CM087474.1:28381582-33489243	3583226	3651404	-	68186	1.0	0.9987829733573806	60	1
NA20905_1	NA20905#1	WHR1B	WHR1	NA20905#1#CM087474.1:28381582-33489243	3555346	3555861	+	518	1.0	0.9884169884169884	60	1
NA20905_2	NA20905#2	WHR1	WHR1	NA20905#2#CM087508.1:28378316-33558408	3553623	3563895	+	10272	1.0	1.0	60	1
NA20905_2	NA20905#2	CYP21A1P	CYP21	NA20905#2#CM087508.1:28378316-33558408	3588084	3591358	+	3274	1.0	0.9996945632254124	60	1
NA20905_2	NA20905#2	CYP21A1P	CYP21	NA20905#2#CM087508.1:28378316-33558408	3620819	3624094	+	3274	1.0	0.9783734389278099	0	1
NA20905_2	NA20905#2	CYP21A2	CYP21	NA20905#2#CM087508.1:28378316-33558408	3620864	3624094	+	3230	1.0	0.9993808049535604	60	1
NA20905_2	NA20905#2	CYP21A2	CYP21	NA20905#2#CM087508.1:28378316-33558408	3588134	3591358	+	3230	0.9984520123839009	0.9783482833281781	0	1
NA20905_2	NA20905#2	TNXA	TNX	NA20905#2#CM087508.1:28378316-33558408	3590868	3595472	-	4604	1.0	0.9997827975673328	60	1
NA20905_2	NA20905#2	TNXA	TNX	NA20905#2#CM087508.1:28378316-33558408	3623604	3628327	-	4604	1.0	0.9701524132091448	0	1
NA20905_2	NA20905#2	TNXB	TNX	NA20905#2#CM087508.1:28378316-33558408	3623602	3691809	-	68186	1.0	0.9996188130424584	60	1
NA20905_2	NA20905#2	WHR1B	WHR1	NA20905#2#CM087508.1:28378316-33558408	3595718	3596236	+	518	1.0	1.0	60	1
NA20905_2	NA20905#2	WHR1B	WHR1	NA20905#2#CM087508.1:28378316-33558408	3562980	3563498	+	518	1.0	0.9942084942084942	0	1
NA21093_1	NA21093#1	WHR1	WHR1	NA21093#1#JBHIJC010000009.1:28380468-33627383	3551267	3561537	+	10272	1.0	0.9994158878504673	60	1
NA21093_1	NA21093#1	CYP21A1P	CYP21	NA21093#1#JBHIJC010000009.1:28380468-33627383	3585728	3589002	+	3274	1.0	0.9972510690287111	60	1
NA21093_1	NA21093#1	CYP21A1P	CYP21	NA21093#1#JBHIJC010000009.1:28380468-33627383	3612095	3615370	+	3274	1.0	0.978982637831252	0	1
NA21093_1	NA21093#1	CYP21A2	CYP21	NA21093#1#JBHIJC010000009.1:28380468-33627383	3612140	3615370	+	3230	1.0	0.9962848297213622	60	1
NA21093_1	NA21093#1	CYP21A2	CYP21	NA21093#1#JBHIJC010000009.1:28380468-33627383	3585778	3589002	+	3230	0.9984520123839009	0.9777296628518404	0	1
NA21093_1	NA21093#1	TNXA	TNX	NA21093#1#JBHIJC010000009.1:28380468-33627383	3588512	3593116	-	4604	1.0	0.996524761077324	1	1
NA21093_1	NA21093#1	TNXA	TNX	NA21093#1#JBHIJC010000009.1:28380468-33627383	3614880	3619604	-	4604	1.0	0.9714225232853514	0	1
NA21093_1	NA21093#1	TNXB	TNX	NA21093#1#JBHIJC010000009.1:28380468-33627383	3614878	3683025	-	68186	1.0	0.9982991202346041	60	1
NA21093_1	NA21093#1	WHR1B	WHR1	NA21093#1#JBHIJC010000009.1:28380468-33627383	3593362	3593880	+	518	1.0	0.9980694980694981	60	1
NA21093_1	NA21093#1	WHR1B	WHR1	NA21093#1#JBHIJC010000009.1:28380468-33627383	3560622	3561140	+	518	1.0	0.9942084942084942	0	1
NA21093_2	NA21093#2	WHR1	WHR1	NA21093#2#JBHIJD010000010.1:28371658-33502471	3540821	3551085	+	10272	1.0	0.9980531490314416	60	1
NA21093_2	NA21093#2	CYP21A1P	CYP21	NA21093#2#JBHIJD010000010.1:28371658-33502471	3575274	3578548	+	3274	1.0	0.9966401954795358	60	1
NA21093_2	NA21093#2	CYP21A1P	CYP21	NA21093#2#JBHIJD010000010.1:28371658-33502471	3601640	3604915	+	3274	1.0	0.9780688394760889	0	1
NA21093_2	NA21093#2	CYP21A2	CYP21	NA21093#2#JBHIJD010000010.1:28371658-33502471	3601685	3604915	+	3230	1.0	0.9975232198142415	60	1
NA21093_2	NA21093#2	CYP21A2	CYP21	NA21093#2#JBHIJD010000010.1:28371658-33502471	3575324	3578548	+	3230	0.9984520123839009	0.9783482833281781	0	1
NA21093_2	NA21093#2	TNXA	TNX	NA21093#2#JBHIJD010000010.1:28371658-33502471	3578058	3582662	-	4604	1.0	0.9958731537793223	40	1
NA21093_2	NA21093#2	TNXA	TNX	NA21093#2#JBHIJD010000010.1:28371658-33502471	3604425	3609148	-	4604	1.0	0.9693056731583404	0	1
NA21093_2	NA21093#2	TNXB	TNX	NA21093#2#JBHIJD010000010.1:28371658-33502471	3604423	3672608	-	68186	1.0	0.9989735468355915	60	1
NA21093_2	NA21093#2	WHR1B	WHR1	NA21093#2#JBHIJD010000010.1:28371658-33502471	3582908	3583426	+	518	1.0	0.9961389961389961	60	1
NA21093_2	NA21093#2	WHR1B	WHR1	NA21093#2#JBHIJD010000010.1:28371658-33502471	3550173	3550688	+	518	1.0	0.9884169884169884	0	1
NA21102_1	NA21102#1	WHR1	WHR1	NA21102#1#CM094427.1:28372690-33545460	3550445	3560709	+	10272	1.0	0.9980531490314416	60	1
NA21102_1	NA21102#1	CYP21A1P	CYP21	NA21102#1#CM094427.1:28372690-33545460	3617636	3620910	+	3274	1.0	0.9966401954795358	0	1
NA21102_1	NA21102#1	CYP21A1P	CYP21	NA21102#1#CM094427.1:28372690-33545460	3584898	3588172	+	3274	1.0	0.9966401954795358	0	1
NA21102_1	NA21102#1	CYP21A1P	CYP21	NA21102#1#CM094427.1:28372690-33545460	3644002	3647277	+	3274	1.0	0.9777642400243679	0	1
NA21102_1	NA21102#1	CYP21A2	CYP21	NA21102#1#CM094427.1:28372690-33545460	3644047	3647277	+	3230	1.0	0.9981424148606811	60	1
NA21102_1	NA21102#1	CYP21A2	CYP21	NA21102#1#CM094427.1:28372690-33545460	3584948	3588172	+	3230	0.9984520123839009	0.9783482833281781	0	1
NA21102_1	NA21102#1	CYP21A2	CYP21	NA21102#1#CM094427.1:28372690-33545460	3617686	3620910	+	3230	0.9984520123839009	0.9783482833281781	0	1
NA21102_1	NA21102#1	TNXA	TNX	NA21102#1#CM094427.1:28372690-33545460	3620420	3625024	-	4604	1.0	0.9960903562119896	0	1
NA21102_1	NA21102#1	TNXA	TNX	NA21102#1#CM094427.1:28372690-33545460	3587682	3592286	-	4604	1.0	0.9960903562119896	0	1
NA21102_1	NA21102#1	TNXA	TNX	NA21102#1#CM094427.1:28372690-33545460	3646787	3651510	-	4604	1.0	0.9693056731583404	0	1
NA21102_1	NA21102#1	TNXB	TNX	NA21102#1#CM094427.1:28372690-33545460	3646785	3714970	-	68186	1.0	0.9989735468355915	60	1
NA21102_1	NA21102#1	WHR1B	WHR1	NA21102#1#CM094427.1:28372690-33545460	3592532	3593050	+	518	1.0	0.9961389961389961	0	1
NA21102_1	NA21102#1	WHR1B	WHR1	NA21102#1#CM094427.1:28372690-33545460	3625270	3625788	+	518	1.0	0.9961389961389961	0	1
NA21102_1	NA21102#1	WHR1B	WHR1	NA21102#1#CM094427.1:28372690-33545460	3559797	3560312	+	518	1.0	0.9884169884169884	0	1
NA21102_2	NA21102#2	WHR1	WHR1	NA21102#2#CM094447.1:28385953-33511436	3552784	3563052	+	10272	1.0	0.9987345468704371	60	1
NA21102_2	NA21102#2	CYP21A1P	CYP21	NA21102#2#CM094447.1:28385953-33511436	3613726	3617000	+	3274	1.0	0.9771480804387569	0	1
NA21102_2	NA21102#2	CYP21A1P	CYP21	NA21102#2#CM094447.1:28385953-33511436	3587238	3590512	+	3274	1.0	0.9771480804387569	0	1
NA21102_2	NA21102#2	CYP21A2	CYP21	NA21102#2#CM094447.1:28385953-33511436	3613771	3617000	+	3230	1.0	0.9981424148606811	0	1
NA21102_2	NA21102#2	CYP21A2	CYP21	NA21102#2#CM094447.1:28385953-33511436	3587283	3590512	+	3230	1.0	0.9981424148606811	0	1
NA21102_2	NA21102#2	TNXA	TNX	NA21102#2#CM094447.1:28385953-33511436	3590022	3594745	-	4604	1.0	0.970575783234547	16	1
NA21102_2	NA21102#2	TNXA	TNX	NA21102#2#CM094447.1:28385953-33511436	3616510	3621233	-	4604	1.0	0.9699407281964437	0	1
NA21102_2	NA21102#2	TNXB	TNX	NA21102#2#CM094447.1:28385953-33511436	3616508	3684681	-	68186	1.0	0.9988122644691115	60	1
NA21102_2	NA21102#2	WHR1B	WHR1	NA21102#2#CM094447.1:28385953-33511436	3594991	3595509	+	518	1.0	0.9980694980694981	60	1
NA21102_2	NA21102#2	WHR1B	WHR1	NA21102#2#CM094447.1:28385953-33511436	3562137	3562655	+	518	1.0	0.9942084942084942	0	1
NA21106_1	NA21106#1	WHR1	WHR1	NA21106#1#JBHIJA010000045.1:28388869-33551331	3553408	3563680	+	10272	1.0	0.9991239170641487	60	1
NA21106_1	NA21106#1	CYP21A1P	CYP21	NA21106#1#JBHIJA010000045.1:28388869-33551331	3587869	3591143	+	3274	1.0	0.998167379352474	60	1
NA21106_1	NA21106#1	CYP21A1P	CYP21	NA21106#1#JBHIJA010000045.1:28388869-33551331	3620604	3623876	+	3274	1.0	0.977459640572647	0	1
NA21106_1	NA21106#1	CYP21A2	CYP21	NA21106#1#JBHIJA010000045.1:28388869-33551331	3620649	3623876	+	3230	1.0	0.9962848297213622	60	1
NA21106_1	NA21106#1	CYP21A2	CYP21	NA21106#1#JBHIJA010000045.1:28388869-33551331	3587919	3591143	+	3230	0.9984520123839009	0.9780389730900093	0	1
NA21106_1	NA21106#1	TNXA	TNX	NA21106#1#JBHIJA010000045.1:28388869-33551331	3590653	3595257	-	4604	1.0	0.9976107732406603	60	1
NA21106_1	NA21106#1	TNXA	TNX	NA21106#1#JBHIJA010000045.1:28388869-33551331	3623386	3628109	-	4604	1.0	0.9690939881456393	0	1
NA21106_1	NA21106#1	TNXB	TNX	NA21106#1#JBHIJA010000045.1:28388869-33551331	3623384	3691558	-	68186	1.0	0.998665786965765	60	1
NA21106_1	NA21106#1	WHR1B	WHR1	NA21106#1#JBHIJA010000045.1:28388869-33551331	3595503	3596021	+	518	1.0	0.9980694980694981	60	1
NA21106_1	NA21106#1	WHR1B	WHR1	NA21106#1#JBHIJA010000045.1:28388869-33551331	3562765	3563283	+	518	1.0	0.9942084942084942	0	1
NA21106_2	NA21106#2	WHR1	WHR1	NA21106#2#CM089587.1:28353662-33542210	3561337	3571609	+	10272	1.0	1.0	60	1
NA21106_2	NA21106#2	CYP21A1P	CYP21	NA21106#2#CM089587.1:28353662-33542210	3595798	3599072	+	3274	1.0	0.9996945632254124	60	1
NA21106_2	NA21106#2	CYP21A1P	CYP21	NA21106#2#CM089587.1:28353662-33542210	3628533	3631808	+	3274	1.0	0.9783734389278099	0	1
NA21106_2	NA21106#2	CYP21A2	CYP21	NA21106#2#CM089587.1:28353662-33542210	3628578	3631808	+	3230	1.0	0.9993808049535604	60	1
NA21106_2	NA21106#2	CYP21A2	CYP21	NA21106#2#CM089587.1:28353662-33542210	3595848	3599072	+	3230	0.9984520123839009	0.9783482833281781	0	1
NA21106_2	NA21106#2	TNXA	TNX	NA21106#2#CM089587.1:28353662-33542210	3598582	3603186	-	4604	1.0	0.9997827975673328	60	1
NA21106_2	NA21106#2	TNXA	TNX	NA21106#2#CM089587.1:28353662-33542210	3631318	3636041	-	4604	1.0	0.9701524132091448	0	1
NA21106_2	NA21106#2	TNXB	TNX	NA21106#2#CM089587.1:28353662-33542210	3631316	3699522	-	68186	1.0	0.9995894909688013	60	1
NA21106_2	NA21106#2	WHR1B	WHR1	NA21106#2#CM089587.1:28353662-33542210	3603432	3603950	+	518	1.0	1.0	60	1
NA21106_2	NA21106#2	WHR1B	WHR1	NA21106#2#CM089587.1:28353662-33542210	3570694	3571212	+	518	1.0	0.9942084942084942	0	1
NA21110_1	NA21110#1	WHR1	WHR1	NA21110#1#CM089667.1:28379039-33461462	3505492	3515765	+	10272	1.0	0.9990266692622153	60	1
NA21110_1	NA21110#1	CYP21A1P	CYP21	NA21110#1#CM089667.1:28379039-33461462	3539954	3543228	+	3274	1.0	0.998167379352474	60	1
NA21110_1	NA21110#1	CYP21A1P	CYP21	NA21110#1#CM089667.1:28379039-33461462	3572689	3575961	+	3274	1.0	0.9777642400243679	0	1
NA21110_1	NA21110#1	CYP21A2	CYP21	NA21110#1#CM089667.1:28379039-33461462	3572734	3575961	+	3230	1.0	0.9962848297213622	60	1
NA21110_1	NA21110#1	CYP21A2	CYP21	NA21110#1#CM089667.1:28379039-33461462	3540004	3543228	+	3230	0.9984520123839009	0.9780389730900093	0	1
NA21110_1	NA21110#1	TNXA	TNX	NA21110#1#CM089667.1:28379039-33461462	3542738	3547342	-	4604	1.0	0.9980451781059948	60	1
NA21110_1	NA21110#1	TNXA	TNX	NA21110#1#CM089667.1:28379039-33461462	3575471	3580194	-	4604	1.0	0.9690939881456393	0	1
NA21110_1	NA21110#1	TNXB	TNX	NA21110#1#CM089667.1:28379039-33461462	3575469	3643646	-	68186	1.0	0.9987976539589443	60	1
NA21110_1	NA21110#1	WHR1B	WHR1	NA21110#1#CM089667.1:28379039-33461462	3547588	3548106	+	518	1.0	0.9980694980694981	60	1
NA21110_1	NA21110#1	WHR1B	WHR1	NA21110#1#CM089667.1:28379039-33461462	3514850	3515368	+	518	1.0	0.9942084942084942	0	1
NA21110_2	NA21110#2	WHR1	WHR1	NA21110#2#CM089683.1:28365916-33548287	3555177	3565449	+	10272	1.0	1.0	60	1
NA21110_2	NA21110#2	CYP21A1P	CYP21	NA21110#2#CM089683.1:28365916-33548287	3589638	3592912	+	3274	1.0	0.9996945632254124	60	1
NA21110_2	NA21110#2	CYP21A1P	CYP21	NA21110#2#CM089683.1:28365916-33548287	3622373	3625648	+	3274	1.0	0.9783734389278099	0	1
NA21110_2	NA21110#2	CYP21A2	CYP21	NA21110#2#CM089683.1:28365916-33548287	3622418	3625648	+	3230	1.0	0.9993808049535604	60	1
NA21110_2	NA21110#2	CYP21A2	CYP21	NA21110#2#CM089683.1:28365916-33548287	3589688	3592912	+	3230	0.9984520123839009	0.9783482833281781	0	1
NA21110_2	NA21110#2	TNXA	TNX	NA21110#2#CM089683.1:28365916-33548287	3592422	3597026	-	4604	1.0	0.9997827975673328	60	1
NA21110_2	NA21110#2	TNXA	TNX	NA21110#2#CM089683.1:28365916-33548287	3625158	3629881	-	4604	1.0	0.9701524132091448	0	1
NA21110_2	NA21110#2	TNXB	TNX	NA21110#2#CM089683.1:28365916-33548287	3625156	3693362	-	68186	1.0	0.9995894909688013	60	1
NA21110_2	NA21110#2	WHR1B	WHR1	NA21110#2#CM089683.1:28365916-33548287	3597272	3597790	+	518	1.0	1.0	60	1
NA21110_2	NA21110#2	WHR1B	WHR1	NA21110#2#CM089683.1:28365916-33548287	3564534	3565052	+	518	1.0	0.9942084942084942	0	1
NA21144_1	NA21144#1	WHR1	WHR1	NA21144#1#JBIRDF010000052.1:22531832-27777573	3550786	3561056	+	10272	1.0	0.9992211838006231	60	1
NA21144_1	NA21144#1	CYP21A1P	CYP21	NA21144#1#JBIRDF010000052.1:22531832-27777573	3585247	3588521	+	3274	1.0	0.9972510690287111	60	1
NA21144_1	NA21144#1	CYP21A1P	CYP21	NA21144#1#JBIRDF010000052.1:22531832-27777573	3611614	3614889	+	3274	1.0	0.978982637831252	0	1
NA21144_1	NA21144#1	CYP21A2	CYP21	NA21144#1#JBIRDF010000052.1:22531832-27777573	3611659	3614889	+	3230	1.0	0.9962848297213622	60	1
NA21144_1	NA21144#1	CYP21A2	CYP21	NA21144#1#JBIRDF010000052.1:22531832-27777573	3585297	3588521	+	3230	0.9984520123839009	0.9777296628518404	0	1
NA21144_1	NA21144#1	TNXA	TNX	NA21144#1#JBIRDF010000052.1:22531832-27777573	3588031	3592635	-	4604	1.0	0.9967419635099913	4	1
NA21144_1	NA21144#1	TNXA	TNX	NA21144#1#JBIRDF010000052.1:22531832-27777573	3614399	3619123	-	4604	1.0	0.9714225232853514	0	1
NA21144_1	NA21144#1	TNXB	TNX	NA21144#1#JBIRDF010000052.1:22531832-27777573	3614397	3682546	-	68186	1.0	0.9982551831324594	60	1
NA21144_1	NA21144#1	WHR1B	WHR1	NA21144#1#JBIRDF010000052.1:22531832-27777573	3592881	3593399	+	518	1.0	0.9980694980694981	60	1
NA21144_1	NA21144#1	WHR1B	WHR1	NA21144#1#JBIRDF010000052.1:22531832-27777573	3560141	3560659	+	518	1.0	0.9922779922779923	0	1
NA21144_2	NA21144#2	WHR1	WHR1	NA21144#2#JBIRDG010000005.1:14666330-19853787	3615681	3625944	+	10272	1.0	0.9981503115264797	60	1
NA21144_2	NA21144#2	CYP21A1P	CYP21	NA21144#2#JBIRDG010000005.1:14666330-19853787	3650133	3653407	+	3274	1.0	0.9966401954795358	60	1
NA21144_2	NA21144#2	CYP21A1P	CYP21	NA21144#2#JBIRDG010000005.1:14666330-19853787	3676499	3679774	+	3274	1.0	0.977459640572647	0	1
NA21144_2	NA21144#2	CYP21A2	CYP21	NA21144#2#JBIRDG010000005.1:14666330-19853787	3676544	3679774	+	3230	1.0	0.9981424148606811	60	1
NA21144_2	NA21144#2	CYP21A2	CYP21	NA21144#2#JBIRDG010000005.1:14666330-19853787	3650183	3653407	+	3230	0.9984520123839009	0.9783482833281781	0	1
NA21144_2	NA21144#2	TNXA	TNX	NA21144#2#JBIRDG010000005.1:14666330-19853787	3652917	3657521	-	4604	1.0	0.9960903562119896	50	1
NA21144_2	NA21144#2	TNXA	TNX	NA21144#2#JBIRDG010000005.1:14666330-19853787	3679284	3684007	-	4604	1.0	0.9690939881456393	0	1
NA21144_2	NA21144#2	TNXB	TNX	NA21144#2#JBIRDG010000005.1:14666330-19853787	3679282	3747476	-	68186	1.0	0.9987098476740606	60	1
NA21144_2	NA21144#2	WHR1B	WHR1	NA21144#2#JBIRDG010000005.1:14666330-19853787	3657767	3658285	+	518	1.0	0.9961389961389961	60	1
NA21144_2	NA21144#2	WHR1B	WHR1	NA21144#2#JBIRDG010000005.1:14666330-19853787	3625032	3625547	+	518	1.0	0.9864864864864865	0	1
NA21309_1	NA21309#1	WHR1	WHR1	NA21309#1#CM092109.1:28406600-33562487	3553967	3564239	+	10272	1.0	0.9996105919003115	60	1
NA21309_1	NA21309#1	CYP21A1P	CYP21	NA21309#1#CM092109.1:28406600-33562487	3588429	3591703	+	3274	1.0	0.9966401954795358	60	1
NA21309_1	NA21309#1	CYP21A1P	CYP21	NA21309#1#CM092109.1:28406600-33562487	3614796	3618071	+	3274	1.0	0.977155041120926	0	1
NA21309_1	NA21309#1	CYP21A2	CYP21	NA21309#1#CM092109.1:28406600-33562487	3614841	3618071	+	3230	1.0	0.9984520123839009	60	1
NA21309_1	NA21309#1	CYP21A2	CYP21	NA21309#1#CM092109.1:28406600-33562487	3588479	3591703	+	3230	0.9984520123839009	0.9783482833281781	0	1
NA21309_1	NA21309#1	TNXA	TNX	NA21309#1#CM092109.1:28406600-33562487	3591213	3595817	-	4604	1.0	0.9973935708079931	46	1
NA21309_1	NA21309#1	TNXA	TNX	NA21309#1#CM092109.1:28406600-33562487	3617581	3622304	-	4604	1.0	0.9703640982218459	0	1
NA21309_1	NA21309#1	TNXB	TNX	NA21309#1#CM092109.1:28406600-33562487	3617579	3685759	-	68186	1.0	0.9992082227533321	60	1
NA21309_1	NA21309#1	WHR1B	WHR1	NA21309#1#CM092109.1:28406600-33562487	3596063	3596581	+	518	1.0	0.9980694980694981	34	1
NA21309_1	NA21309#1	WHR1B	WHR1	NA21309#1#CM092109.1:28406600-33562487	3563324	3563842	+	518	1.0	0.9961389961389961	0	1
NA21309_2	NA21309#2	WHR1	WHR1	NA21309#2#CM092100.1:28345467-33471001	3546323	3556595	+	10272	1.0	0.9993186021610045	60	1
NA21309_2	NA21309#2	CYP21A1P	CYP21	NA21309#2#CM092100.1:28345467-33471001	3580784	3584057	+	3274	1.0	0.996334758704948	60	1
NA21309_2	NA21309#2	CYP21A1P	CYP21	NA21309#2#CM092100.1:28345467-33471001	3607150	3610424	+	3274	1.0	0.9774527726995734	0	1
NA21309_2	NA21309#2	CYP21A2	CYP21	NA21309#2#CM092100.1:28345467-33471001	3607195	3610424	+	3230	1.0	0.9987616099071207	60	1
NA21309_2	NA21309#2	CYP21A2	CYP21	NA21309#2#CM092100.1:28345467-33471001	3580834	3584057	+	3230	0.9984520123839009	0.979269801980198	0	1
NA21309_2	NA21309#2	TNXA	TNX	NA21309#2#CM092100.1:28345467-33471001	3583567	3588171	-	4604	1.0	0.9976107732406603	60	1
NA21309_2	NA21309#2	TNXA	TNX	NA21309#2#CM092100.1:28345467-33471001	3609934	3614657	-	4604	1.0	0.9690939881456393	0	1
NA21309_2	NA21309#2	TNXB	TNX	NA21309#2#CM092100.1:28345467-33471001	3609932	3678111	-	68186	1.0	0.9992228283183765	60	1
NA21309_2	NA21309#2	WHR1B	WHR1	NA21309#2#CM092100.1:28345467-33471001	3588417	3588935	+	518	1.0	0.9980694980694981	34	1
NA21309_2	NA21309#2	WHR1B	WHR1	NA21309#2#CM092100.1:28345467-33471001	3555680	3556198	+	518	1.0	0.9961389961389961	0	1
RY01_1	RY01#1	WHR1	WHR1	RY01#1#h1tg000072l_0_0:608808-2720770_rc	539198	549469	+	10272	1.0	0.9989292319672929	60	1
RY01_1	RY01#1	CYP21A1P	CYP21	RY01#1#h1tg000072l_0_0:608808-2720770_rc	573658	576932	+	3274	1.0	0.9984728161270617	60	1
RY01_1	RY01#1	CYP21A1P	CYP21	RY01#1#h1tg000072l_0_0:608808-2720770_rc	600025	603299	+	3274	1.0	0.9768433881779403	0	1
RY01_1	RY01#1	CYP21A2	CYP21	RY01#1#h1tg000072l_0_0:608808-2720770_rc	600070	603299	+	3230	1.0	0.9981424148606811	60	1
RY01_1	RY01#1	CYP21A2	CYP21	RY01#1#h1tg000072l_0_0:608808-2720770_rc	573708	576932	+	3230	0.9984520123839009	0.9783482833281781	0	1
RY01_1	RY01#1	TNXA	TNX	RY01#1#h1tg000072l_0_0:608808-2720770_rc	576442	581046	-	4604	1.0	0.996524761077324	19	1
RY01_1	RY01#1	TNXA	TNX	RY01#1#h1tg000072l_0_0:608808-2720770_rc	602809	607532	-	4604	1.0	0.970575783234547	0	1
RY01_1	RY01#1	TNXB	TNX	RY01#1#h1tg000072l_0_0:608808-2720770_rc	602807	670997	-	68186	1.0	0.9993255230861717	60	1
RY01_1	RY01#1	WHR1B	WHR1	RY01#1#h1tg000072l_0_0:608808-2720770_rc	581292	581810	+	518	1.0	0.9980694980694981	60	1
RY01_1	RY01#1	WHR1B	WHR1	RY01#1#h1tg000072l_0_0:608808-2720770_rc	548554	549072	+	518	1.0	0.9922779922779923	0	1
RY01_2	RY01#2	WHR1	WHR1	RY01#2#h2tg000027l_0_0:608839-5846758_rc	3552014	3562286	+	10272	1.0	0.9998052959501558	60	1
RY01_2	RY01#2	CYP21A1P	CYP21	RY01#2#h2tg000027l_0_0:608839-5846758_rc	3586474	3589747	+	3274	1.0	0.9978619425778864	60	1
RY01_2	RY01#2	CYP21A1P	CYP21	RY01#2#h2tg000027l_0_0:608839-5846758_rc	3612835	3616109	+	3274	1.0	0.9771480804387569	0	1
RY01_2	RY01#2	CYP21A2	CYP21	RY01#2#h2tg000027l_0_0:608839-5846758_rc	3612880	3616109	+	3230	1.0	0.9981424148606811	60	1
RY01_2	RY01#2	CYP21A2	CYP21	RY01#2#h2tg000027l_0_0:608839-5846758_rc	3586519	3589747	+	3230	1.0	0.9774552192711551	0	1
RY01_2	RY01#2	TNXA	TNX	RY01#2#h2tg000027l_0_0:608839-5846758_rc	3589257	3593861	-	4604	1.0	0.9971763683753258	60	1
RY01_2	RY01#2	TNXA	TNX	RY01#2#h2tg000027l_0_0:608839-5846758_rc	3615619	3620342	-	4604	1.0	0.9695173581710415	0	1
RY01_2	RY01#2	TNXB	TNX	RY01#2#h2tg000027l_0_0:608839-5846758_rc	3615617	3683815	-	68186	1.0	0.9988418969434875	60	1
RY01_2	RY01#2	WHR1B	WHR1	RY01#2#h2tg000027l_0_0:608839-5846758_rc	3594107	3594625	+	518	1.0	0.9961389961389961	43	1
RY01_2	RY01#2	WHR1B	WHR1	RY01#2#h2tg000027l_0_0:608839-5846758_rc	3561371	3561889	+	518	1.0	0.9942084942084942	0	1
RY02_1	RY02#1	WHR1	WHR1	RY02#1#h1tg000066l_0_0:303777-5460230	3554945	3565217	+	10272	1.0	0.9999026479750779	60	1
RY02_1	RY02#1	CYP21A1P	CYP21	RY02#1#h1tg000066l_0_0:303777-5460230	3589406	3592679	+	3274	1.0	0.9975565058032987	60	1
RY02_1	RY02#1	CYP21A1P	CYP21	RY02#1#h1tg000066l_0_0:303777-5460230	3615767	3619041	+	3274	1.0	0.9771480804387569	0	1
RY02_1	RY02#1	CYP21A2	CYP21	RY02#1#h1tg000066l_0_0:303777-5460230	3615812	3619041	+	3230	1.0	0.9981424148606811	60	1
RY02_1	RY02#1	CYP21A2	CYP21	RY02#1#h1tg000066l_0_0:303777-5460230	3589451	3592679	+	3230	1.0	0.9777640518838789	0	1
RY02_1	RY02#1	TNXA	TNX	RY02#1#h1tg000066l_0_0:303777-5460230	3592189	3596793	-	4604	1.0	0.9978279756733276	58	1
RY02_1	RY02#1	TNXA	TNX	RY02#1#h1tg000066l_0_0:303777-5460230	3618551	3623274	-	4604	1.0	0.9703640982218459	0	1
RY02_1	RY02#1	TNXB	TNX	RY02#1#h1tg000066l_0_0:303777-5460230	3618549	3686761	-	68186	1.0	0.9990911622861666	60	1
RY02_1	RY02#1	WHR1B	WHR1	RY02#1#h1tg000066l_0_0:303777-5460230	3597039	3597557	+	518	1.0	0.9961389961389961	43	1
RY02_1	RY02#1	WHR1B	WHR1	RY02#1#h1tg000066l_0_0:303777-5460230	3564302	3564820	+	518	1.0	0.9942084942084942	0	1
RY02_2	RY02#2	WHR1	WHR1	RY02#2#h2tg000029l_0_0:607648-2774751_rc	540627	550899	+	10272	1.0	1.0	60	1
RY02_2	RY02#2	CYP21A1P	CYP21	RY02#2#h2tg000029l_0_0:607648-2774751_rc	575088	578362	+	3274	1.0	0.9996945632254124	60	1
RY02_2	RY02#2	CYP21A1P	CYP21	RY02#2#h2tg000029l_0_0:607648-2774751_rc	607823	611098	+	3274	1.0	0.9783734389278099	0	1
RY02_2	RY02#2	CYP21A2	CYP21	RY02#2#h2tg000029l_0_0:607648-2774751_rc	607868	611098	+	3230	1.0	0.9993808049535604	60	1
RY02_2	RY02#2	CYP21A2	CYP21	RY02#2#h2tg000029l_0_0:607648-2774751_rc	575138	578362	+	3230	0.9984520123839009	0.9783482833281781	0	1
RY02_2	RY02#2	TNXA	TNX	RY02#2#h2tg000029l_0_0:607648-2774751_rc	577872	582476	-	4604	1.0	0.9997827975673328	60	1
RY02_2	RY02#2	TNXA	TNX	RY02#2#h2tg000029l_0_0:607648-2774751_rc	610608	615331	-	4604	1.0	0.9701524132091448	0	1
RY02_2	RY02#2	TNXB	TNX	RY02#2#h2tg000029l_0_0:607648-2774751_rc	610606	678818	-	68186	1.0	0.9995455411725038	60	1
RY02_2	RY02#2	WHR1B	WHR1	RY02#2#h2tg000029l_0_0:607648-2774751_rc	582722	583240	+	518	1.0	1.0	60	1
RY02_2	RY02#2	WHR1B	WHR1	RY02#2#h2tg000029l_0_0:607648-2774751_rc	549984	550502	+	518	1.0	0.9942084942084942	0	1
RY03_1	RY03#1	WHR1	WHR1	RY03#1#h1tg000038l_0_0:610070-5917112_rc	3612841	3623112	+	10272	1.0	0.9993185358255452	60	1
RY03_1	RY03#1	CYP21A1P	CYP21	RY03#1#h1tg000038l_0_0:610070-5917112_rc	3647303	3650577	+	3274	1.0	0.9978619425778864	60	1
RY03_1	RY03#1	CYP21A1P	CYP21	RY03#1#h1tg000038l_0_0:610070-5917112_rc	3673670	3676945	+	3274	1.0	0.9805056350898569	0	1
RY03_1	RY03#1	CYP21A2	CYP21	RY03#1#h1tg000038l_0_0:610070-5917112_rc	3673715	3676945	+	3230	1.0	0.9953560371517027	60	1
RY03_1	RY03#1	CYP21A2	CYP21	RY03#1#h1tg000038l_0_0:610070-5917112_rc	3647353	3650577	+	3230	0.9984520123839009	0.9777296628518404	0	1
RY03_1	RY03#1	TNXA	TNX	RY03#1#h1tg000038l_0_0:610070-5917112_rc	3650087	3654691	-	4604	1.0	0.9963075586446568	18	1
RY03_1	RY03#1	TNXA	TNX	RY03#1#h1tg000038l_0_0:610070-5917112_rc	3676455	3681179	-	4604	1.0	0.970575783234547	0	1
RY03_1	RY03#1	TNXB	TNX	RY03#1#h1tg000038l_0_0:610070-5917112_rc	3676453	3744622	-	68186	1.0	0.9983140549178285	60	1
RY03_1	RY03#1	WHR1B	WHR1	RY03#1#h1tg000038l_0_0:610070-5917112_rc	3654937	3655455	+	518	1.0	0.9980694980694981	0	1
RY03_1	RY03#1	WHR1B	WHR1	RY03#1#h1tg000038l_0_0:610070-5917112_rc	3622197	3622715	+	518	1.0	0.9980694980694981	0	1
RY03_2	RY03#2	WHR1	WHR1	RY03#2#h2tg000088l_0_0:608725-5740832_rc	3553529	3563802	+	10272	1.0	0.999902657451572	60	1
RY03_2	RY03#2	CYP21A1P	CYP21	RY03#2#h2tg000088l_0_0:608725-5740832_rc	3587991	3591264	+	3274	1.0	0.9972510690287111	60	1
RY03_2	RY03#2	CYP21A1P	CYP21	RY03#2#h2tg000088l_0_0:608725-5740832_rc	3614352	3617628	+	3274	1.0	0.9771619975639464	0	1
RY03_2	RY03#2	CYP21A2	CYP21	RY03#2#h2tg000088l_0_0:608725-5740832_rc	3614397	3617628	+	3230	1.0	0.9975239863819251	60	1
RY03_2	RY03#2	CYP21A2	CYP21	RY03#2#h2tg000088l_0_0:608725-5740832_rc	3588036	3591264	+	3230	1.0	0.9768375540457073	0	1
RY03_2	RY03#2	TNXA	TNX	RY03#2#h2tg000088l_0_0:608725-5740832_rc	3590774	3595378	-	4604	1.0	0.9969591659426585	53	1
RY03_2	RY03#2	TNXA	TNX	RY03#2#h2tg000088l_0_0:608725-5740832_rc	3617138	3621861	-	4604	1.0	0.9697290431837426	0	1
RY03_2	RY03#2	TNXB	TNX	RY03#2#h2tg000088l_0_0:608725-5740832_rc	3617136	3685316	-	68186	1.0	0.9988856958536156	60	1
RY03_2	RY03#2	WHR1B	WHR1	RY03#2#h2tg000088l_0_0:608725-5740832_rc	3595624	3596142	+	518	1.0	0.9961389961389961	43	1
RY03_2	RY03#2	WHR1B	WHR1	RY03#2#h2tg000088l_0_0:608725-5740832_rc	3562887	3563405	+	518	1.0	0.9942084942084942	0	1
RY04_1	RY04#1	WHR1	WHR1	RY04#1#h1tg000045l_0_0:610227-5760897_rc	3546349	3556622	+	10272	1.0	0.9993186021610045	60	1
RY04_1	RY04#1	CYP21A1P	CYP21	RY04#1#h1tg000045l_0_0:610227-5760897_rc	3607178	3610452	+	3274	1.0	0.9984728161270617	0	1
RY04_1	RY04#1	CYP21A1P	CYP21	RY04#1#h1tg000045l_0_0:610227-5760897_rc	3580810	3584084	+	3274	1.0	0.9984728161270617	0	1
RY04_1	RY04#1	CYP21A1P	CYP21	RY04#1#h1tg000045l_0_0:610227-5760897_rc	3639914	3643188	+	3274	1.0	0.9768433881779403	0	1
RY04_1	RY04#1	CYP21A2	CYP21	RY04#1#h1tg000045l_0_0:610227-5760897_rc	3639959	3643188	+	3230	1.0	0.9981424148606811	60	1
RY04_1	RY04#1	CYP21A2	CYP21	RY04#1#h1tg000045l_0_0:610227-5760897_rc	3607228	3610452	+	3230	0.9984520123839009	0.9783482833281781	0	1
RY04_1	RY04#1	CYP21A2	CYP21	RY04#1#h1tg000045l_0_0:610227-5760897_rc	3580860	3584084	+	3230	0.9984520123839009	0.9777296628518404	0	1
RY04_1	RY04#1	TNXA	TNX	RY04#1#h1tg000045l_0_0:610227-5760897_rc	3583594	3588198	-	4604	1.0	0.9980451781059948	39	1
RY04_1	RY04#1	TNXA	TNX	RY04#1#h1tg000045l_0_0:610227-5760897_rc	3609962	3614566	-	4604	1.0	0.9963075586446568	0	1
RY04_1	RY04#1	TNXA	TNX	RY04#1#h1tg000045l_0_0:610227-5760897_rc	3642698	3647421	-	4604	1.0	0.9703640982218459	0	1
RY04_1	RY04#1	TNXB	TNX	RY04#1#h1tg000045l_0_0:610227-5760897_rc	3642696	3710884	-	68186	1.0	0.9994721020602684	60	1
RY04_1	RY04#1	WHR1B	WHR1	RY04#1#h1tg000045l_0_0:610227-5760897_rc	3614812	3615330	+	518	1.0	0.9980694980694981	30	1
RY04_1	RY04#1	WHR1B	WHR1	RY04#1#h1tg000045l_0_0:610227-5760897_rc	3588444	3588962	+	518	1.0	0.9961389961389961	0	1
RY04_1	RY04#1	WHR1B	WHR1	RY04#1#h1tg000045l_0_0:610227-5760897_rc	3555707	3556225	+	518	1.0	0.9942084942084942	0	1
RY04_2	RY04#2	WHR1	WHR1	RY04#2#h2tg000053l_0_0:304268-5412344	3558070	3568341	+	10272	1.0	0.9989292319672929	60	1
RY04_2	RY04#2	CYP21A1P	CYP21	RY04#2#h2tg000053l_0_0:304268-5412344	3592528	3595803	+	3274	1.0	0.977459640572647	60	1
RY04_2	RY04#2	CYP21A2	CYP21	RY04#2#h2tg000053l_0_0:304268-5412344	3592573	3595803	+	3230	1.0	0.9981424148606811	60	1
RY04_2	RY04#2	TNXA	TNX	RY04#2#h2tg000053l_0_0:304268-5412344	3595313	3600036	-	4604	1.0	0.9690939881456393	60	1
RY04_2	RY04#2	TNXB	TNX	RY04#2#h2tg000053l_0_0:304268-5412344	3595311	3663494	-	68186	1.0	0.9986512043865179	60	1
RY04_2	RY04#2	WHR1B	WHR1	RY04#2#h2tg000053l_0_0:304268-5412344	3567426	3567944	+	518	1.0	0.9922779922779923	60	1
RY05_1	RY05#1	WHR1	WHR1	RY05#1#h1tg000047l_0_0:611110-5457129_rc	3243305	3253568	+	10272	1.0	0.9981503115264797	60	1
RY05_1	RY05#1	CYP21A1P	CYP21	RY05#1#h1tg000047l_0_0:611110-5457129_rc	3304129	3307403	+	3274	1.0	0.9969456322541234	7	1
RY05_1	RY05#1	CYP21A1P	CYP21	RY05#1#h1tg000047l_0_0:611110-5457129_rc	3277758	3281032	+	3274	1.0	0.9966401954795358	0	1
RY05_1	RY05#1	CYP21A1P	CYP21	RY05#1#h1tg000047l_0_0:611110-5457129_rc	3336863	3340138	+	3274	1.0	0.9780688394760889	0	1
RY05_1	RY05#1	CYP21A2	CYP21	RY05#1#h1tg000047l_0_0:611110-5457129_rc	3336908	3340138	+	3230	1.0	0.9975232198142415	60	1
RY05_1	RY05#1	CYP21A2	CYP21	RY05#1#h1tg000047l_0_0:611110-5457129_rc	3304179	3307403	+	3230	0.9984520123839009	0.9792762140426848	0	1
RY05_1	RY05#1	CYP21A2	CYP21	RY05#1#h1tg000047l_0_0:611110-5457129_rc	3277808	3281032	+	3230	0.9984520123839009	0.9789669038045159	0	1
RY05_1	RY05#1	TNXA	TNX	RY05#1#h1tg000047l_0_0:611110-5457129_rc	3306913	3311517	-	4604	1.0	0.9971763683753258	9	1
RY05_1	RY05#1	TNXA	TNX	RY05#1#h1tg000047l_0_0:611110-5457129_rc	3280542	3285146	-	4604	1.0	0.9967419635099913	0	1
RY05_1	RY05#1	TNXA	TNX	RY05#1#h1tg000047l_0_0:611110-5457129_rc	3339648	3344371	-	4604	1.0	0.9690939881456393	0	1
RY05_1	RY05#1	TNXB	TNX	RY05#1#h1tg000047l_0_0:611110-5457129_rc	3339646	3407902	-	68186	1.0	0.9979199015615386	60	1
RY05_1	RY05#1	WHR1B	WHR1	RY05#1#h1tg000047l_0_0:611110-5457129_rc	3311763	3312281	+	518	1.0	0.9961389961389961	0	1
RY05_1	RY05#1	WHR1B	WHR1	RY05#1#h1tg000047l_0_0:611110-5457129_rc	3285392	3285910	+	518	1.0	0.9961389961389961	0	1
RY05_1	RY05#1	WHR1B	WHR1	RY05#1#h1tg000047l_0_0:611110-5457129_rc	3252656	3253171	+	518	1.0	0.9884169884169884	0	1
RY05_2	RY05#2	WHR1	WHR1	RY05#2#h2tg000014l_0_0:304266-5416626	3504785	3515058	+	10272	1.0	0.9990266692622153	60	1
RY05_2	RY05#2	CYP21A1P	CYP21	RY05#2#h2tg000014l_0_0:304266-5416626	3539247	3542521	+	3274	1.0	0.998167379352474	60	1
RY05_2	RY05#2	CYP21A1P	CYP21	RY05#2#h2tg000014l_0_0:304266-5416626	3571982	3575254	+	3274	1.0	0.9777642400243679	0	1
RY05_2	RY05#2	CYP21A2	CYP21	RY05#2#h2tg000014l_0_0:304266-5416626	3572027	3575254	+	3230	1.0	0.9962848297213622	60	1
RY05_2	RY05#2	CYP21A2	CYP21	RY05#2#h2tg000014l_0_0:304266-5416626	3539297	3542521	+	3230	0.9984520123839009	0.9780389730900093	0	1
RY05_2	RY05#2	TNXA	TNX	RY05#2#h2tg000014l_0_0:304266-5416626	3542031	3546635	-	4604	1.0	0.9978279756733276	60	1
RY05_2	RY05#2	TNXA	TNX	RY05#2#h2tg000014l_0_0:304266-5416626	3574764	3579487	-	4604	1.0	0.9686706181202371	0	1
RY05_2	RY05#2	TNXB	TNX	RY05#2#h2tg000014l_0_0:304266-5416626	3574762	3642940	-	68186	1.0	0.9988563049853373	60	1
RY05_2	RY05#2	WHR1B	WHR1	RY05#2#h2tg000014l_0_0:304266-5416626	3546881	3547399	+	518	1.0	0.9980694980694981	60	1
RY05_2	RY05#2	WHR1B	WHR1	RY05#2#h2tg000014l_0_0:304266-5416626	3514143	3514661	+	518	1.0	0.9942084942084942	0	1
RY06_1	RY06#1	WHR1	WHR1	RY06#1#h1tg000061l_0_0:607878-5429553_rc	3245026	3255300	+	10272	1.0	0.9989294403892944	60	1
RY06_1	RY06#1	CYP21A1P	CYP21	RY06#1#h1tg000061l_0_0:607878-5429553_rc	3279489	3282763	+	3274	1.0	0.9978619425778864	60	1
RY06_1	RY06#1	CYP21A1P	CYP21	RY06#1#h1tg000061l_0_0:607878-5429553_rc	3312224	3315499	+	3274	1.0	0.9786780383795309	0	1
RY06_1	RY06#1	CYP21A2	CYP21	RY06#1#h1tg000061l_0_0:607878-5429553_rc	3312269	3315499	+	3230	1.0	0.996594427244582	60	1
RY06_1	RY06#1	CYP21A2	CYP21	RY06#1#h1tg000061l_0_0:607878-5429553_rc	3279539	3282763	+	3230	0.9984520123839009	0.9783482833281781	0	1
RY06_1	RY06#1	TNXA	TNX	RY06#1#h1tg000061l_0_0:607878-5429553_rc	3282273	3286877	-	4604	1.0	0.9980451781059948	60	1
RY06_1	RY06#1	TNXA	TNX	RY06#1#h1tg000061l_0_0:607878-5429553_rc	3315009	3319732	-	4604	1.0	0.9690939881456393	0	1
RY06_1	RY06#1	TNXB	TNX	RY06#1#h1tg000061l_0_0:607878-5429553_rc	3315007	3383189	-	68186	1.0	0.9988123863703009	60	1
RY06_1	RY06#1	WHR1B	WHR1	RY06#1#h1tg000061l_0_0:607878-5429553_rc	3287123	3287641	+	518	1.0	0.9980694980694981	60	1
RY06_1	RY06#1	WHR1B	WHR1	RY06#1#h1tg000061l_0_0:607878-5429553_rc	3254385	3254903	+	518	1.0	0.9942084942084942	0	1
RY06_2	RY06#2	WHR1	WHR1	RY06#2#h2tg000061l_0_0:610637-5774002_rc	3554625	3564897	+	10272	1.0	1.0	60	1
RY06_2	RY06#2	CYP21A1P	CYP21	RY06#2#h2tg000061l_0_0:610637-5774002_rc	3589086	3592360	+	3274	1.0	1.0	60	1
RY06_2	RY06#2	CYP21A1P	CYP21	RY06#2#h2tg000061l_0_0:610637-5774002_rc	3621820	3625095	+	3274	1.0	0.9780688394760889	0	1
RY06_2	RY06#2	CYP21A2	CYP21	RY06#2#h2tg000061l_0_0:610637-5774002_rc	3621865	3625095	+	3230	1.0	0.9996904024767802	60	1
RY06_2	RY06#2	CYP21A2	CYP21	RY06#2#h2tg000061l_0_0:610637-5774002_rc	3589136	3592360	+	3230	0.9984520123839009	0.9780389730900093	0	1
RY06_2	RY06#2	TNXA	TNX	RY06#2#h2tg000061l_0_0:610637-5774002_rc	3591870	3596474	-	4604	1.0	1.0	60	1
RY06_2	RY06#2	TNXA	TNX	RY06#2#h2tg000061l_0_0:610637-5774002_rc	3624605	3629328	-	4604	1.0	0.9701524132091448	0	1
RY06_2	RY06#2	TNXB	TNX	RY06#2#h2tg000061l_0_0:610637-5774002_rc	3624603	3692803	-	68186	1.0	0.9997653993343206	60	1
RY06_2	RY06#2	WHR1B	WHR1	RY06#2#h2tg000061l_0_0:610637-5774002_rc	3596720	3597238	+	518	1.0	1.0	60	1
RY06_2	RY06#2	WHR1B	WHR1	RY06#2#h2tg000061l_0_0:610637-5774002_rc	3563982	3564500	+	518	1.0	0.9942084942084942	0	1
RY07_1	RY07#1	WHR1	WHR1	RY07#1#h1tg000003l_0_0:610203-5629754_rc	3503299	3513572	+	10272	1.0	0.9993186021610045	60	1
RY07_1	RY07#1	CYP21A1P	CYP21	RY07#1#h1tg000003l_0_0:610203-5629754_rc	3537760	3541034	+	3274	1.0	0.9984728161270617	60	1
RY07_1	RY07#1	CYP21A1P	CYP21	RY07#1#h1tg000003l_0_0:610203-5629754_rc	3564126	3567401	+	3274	1.0	0.977155041120926	0	1
RY07_1	RY07#1	CYP21A2	CYP21	RY07#1#h1tg000003l_0_0:610203-5629754_rc	3564176	3567401	+	3230	0.9984520123839009	0.9984496124031008	60	1
RY07_1	RY07#1	CYP21A2	CYP21	RY07#1#h1tg000003l_0_0:610203-5629754_rc	3537810	3541034	+	3230	0.9984520123839009	0.9777296628518404	0	1
RY07_1	RY07#1	TNXA	TNX	RY07#1#h1tg000003l_0_0:610203-5629754_rc	3540544	3545148	-	4604	1.0	0.9980451781059948	60	1
RY07_1	RY07#1	TNXA	TNX	RY07#1#h1tg000003l_0_0:610203-5629754_rc	3566911	3571634	-	4604	1.0	0.9701524132091448	0	1
RY07_1	RY07#1	TNXB	TNX	RY07#1#h1tg000003l_0_0:610203-5629754_rc	3566909	3635114	-	68186	1.0	0.9990910956695107	60	1
RY07_1	RY07#1	WHR1B	WHR1	RY07#1#h1tg000003l_0_0:610203-5629754_rc	3545394	3545912	+	518	1.0	0.9961389961389961	43	1
RY07_1	RY07#1	WHR1B	WHR1	RY07#1#h1tg000003l_0_0:610203-5629754_rc	3512657	3513175	+	518	1.0	0.9942084942084942	0	1
RY07_2	RY07#2	WHR1	WHR1	RY07#2#h2tg000005l_0_0:608790-5854922_rc	3551938	3562209	+	10272	1.0	0.9993185358255452	60	1
RY07_2	RY07#2	CYP21A1P	CYP21	RY07#2#h2tg000005l_0_0:608790-5854922_rc	3586400	3589674	+	3274	1.0	0.9978619425778864	60	1
RY07_2	RY07#2	CYP21A1P	CYP21	RY07#2#h2tg000005l_0_0:608790-5854922_rc	3612767	3616042	+	3274	1.0	0.9805056350898569	0	1
RY07_2	RY07#2	CYP21A2	CYP21	RY07#2#h2tg000005l_0_0:608790-5854922_rc	3612812	3616042	+	3230	1.0	0.9953560371517027	60	1
RY07_2	RY07#2	CYP21A2	CYP21	RY07#2#h2tg000005l_0_0:608790-5854922_rc	3586450	3589674	+	3230	0.9984520123839009	0.9777296628518404	0	1
RY07_2	RY07#2	TNXA	TNX	RY07#2#h2tg000005l_0_0:608790-5854922_rc	3589184	3593788	-	4604	1.0	0.9963075586446568	18	1
RY07_2	RY07#2	TNXA	TNX	RY07#2#h2tg000005l_0_0:608790-5854922_rc	3615552	3620276	-	4604	1.0	0.970575783234547	0	1
RY07_2	RY07#2	TNXB	TNX	RY07#2#h2tg000005l_0_0:608790-5854922_rc	3615550	3683722	-	68186	1.0	0.998226196584329	60	1
RY07_2	RY07#2	WHR1B	WHR1	RY07#2#h2tg000005l_0_0:608790-5854922_rc	3594034	3594552	+	518	1.0	0.9980694980694981	0	1
RY07_2	RY07#2	WHR1B	WHR1	RY07#2#h2tg000005l_0_0:608790-5854922_rc	3561294	3561812	+	518	1.0	0.9980694980694981	0	1
RY08_1	RY08#1	WHR1	WHR1	RY08#1#h1tg000075l_0_0:610655-5777427_rc	3563272	3573545	+	10272	1.0	0.9993186021610045	60	1
RY08_1	RY08#1	CYP21A1P	CYP21	RY08#1#h1tg000075l_0_0:610655-5777427_rc	3597733	3601007	+	3274	1.0	0.9984728161270617	60	1
RY08_1	RY08#1	CYP21A1P	CYP21	RY08#1#h1tg000075l_0_0:610655-5777427_rc	3624099	3627374	+	3274	1.0	0.977155041120926	0	1
RY08_1	RY08#1	CYP21A2	CYP21	RY08#1#h1tg000075l_0_0:610655-5777427_rc	3624149	3627374	+	3230	0.9984520123839009	0.9987596899224807	60	1
RY08_1	RY08#1	CYP21A2	CYP21	RY08#1#h1tg000075l_0_0:610655-5777427_rc	3597783	3601007	+	3230	0.9984520123839009	0.9777296628518404	0	1
RY08_1	RY08#1	TNXA	TNX	RY08#1#h1tg000075l_0_0:610655-5777427_rc	3600517	3605121	-	4604	1.0	0.9980451781059948	60	1
RY08_1	RY08#1	TNXA	TNX	RY08#1#h1tg000075l_0_0:610655-5777427_rc	3626884	3631607	-	4604	1.0	0.9701524132091448	0	1
RY08_1	RY08#1	TNXB	TNX	RY08#1#h1tg000075l_0_0:610655-5777427_rc	3626882	3695080	-	68186	1.0	0.9991789699004501	60	1
RY08_1	RY08#1	WHR1B	WHR1	RY08#1#h1tg000075l_0_0:610655-5777427_rc	3605367	3605885	+	518	1.0	0.9961389961389961	43	1
RY08_1	RY08#1	WHR1B	WHR1	RY08#1#h1tg000075l_0_0:610655-5777427_rc	3572630	3573148	+	518	1.0	0.9942084942084942	0	1
RY08_2	RY08#2	WHR1	WHR1	RY08#2#h2tg000087l_0_0:301757-5549861	3559794	3570066	+	10272	1.0	0.9999026479750779	60	1
RY08_2	RY08#2	CYP21A1P	CYP21	RY08#2#h2tg000087l_0_0:301757-5549861	3594254	3597527	+	3274	1.0	0.9978619425778864	60	1
RY08_2	RY08#2	CYP21A1P	CYP21	RY08#2#h2tg000087l_0_0:301757-5549861	3620615	3623889	+	3274	1.0	0.9771480804387569	0	1
RY08_2	RY08#2	CYP21A2	CYP21	RY08#2#h2tg000087l_0_0:301757-5549861	3620660	3623889	+	3230	1.0	0.9981424148606811	60	1
RY08_2	RY08#2	CYP21A2	CYP21	RY08#2#h2tg000087l_0_0:301757-5549861	3594299	3597527	+	3230	1.0	0.9774552192711551	0	1
RY08_2	RY08#2	TNXA	TNX	RY08#2#h2tg000087l_0_0:301757-5549861	3597037	3601641	-	4604	1.0	0.9978279756733276	60	1
RY08_2	RY08#2	TNXA	TNX	RY08#2#h2tg000087l_0_0:301757-5549861	3623399	3628122	-	4604	1.0	0.9693056731583404	0	1
RY08_2	RY08#2	TNXB	TNX	RY08#2#h2tg000087l_0_0:301757-5549861	3623397	3691599	-	68186	1.0	0.9987686714844838	60	1
RY08_2	RY08#2	WHR1B	WHR1	RY08#2#h2tg000087l_0_0:301757-5549861	3601887	3602405	+	518	1.0	0.9961389961389961	43	1
RY08_2	RY08#2	WHR1B	WHR1	RY08#2#h2tg000087l_0_0:301757-5549861	3569151	3569669	+	518	1.0	0.9942084942084942	0	1
RY09_1	RY09#1	WHR1	WHR1	RY09#1#h1tg000030l_0_0:608072-5880016_rc	3551067	3561335	+	10272	1.0	0.9993185358255452	60	1
RY09_1	RY09#1	CYP21A1P	CYP21	RY09#1#h1tg000030l_0_0:608072-5880016_rc	3611897	3615171	+	3274	1.0	0.998167379352474	19	1
RY09_1	RY09#1	CYP21A1P	CYP21	RY09#1#h1tg000030l_0_0:608072-5880016_rc	3585526	3588800	+	3274	1.0	0.9972510690287111	0	1
RY09_1	RY09#1	CYP21A1P	CYP21	RY09#1#h1tg000030l_0_0:608072-5880016_rc	3638264	3641539	+	3274	1.0	0.9808102345415778	0	1
RY09_1	RY09#1	CYP21A2	CYP21	RY09#1#h1tg000030l_0_0:608072-5880016_rc	3638309	3641539	+	3230	1.0	0.9950464396284829	60	1
RY09_1	RY09#1	CYP21A2	CYP21	RY09#1#h1tg000030l_0_0:608072-5880016_rc	3611947	3615171	+	3230	0.9984520123839009	0.9780389730900093	0	1
RY09_1	RY09#1	CYP21A2	CYP21	RY09#1#h1tg000030l_0_0:608072-5880016_rc	3585576	3588800	+	3230	0.9984520123839009	0.9777296628518404	0	1
RY09_1	RY09#1	TNXA	TNX	RY09#1#h1tg000030l_0_0:608072-5880016_rc	3588310	3592914	-	4604	1.0	0.9967419635099913	16	1
RY09_1	RY09#1	TNXA	TNX	RY09#1#h1tg000030l_0_0:608072-5880016_rc	3614681	3619285	-	4604	1.0	0.9960903562119896	0	1
RY09_1	RY09#1	TNXA	TNX	RY09#1#h1tg000030l_0_0:608072-5880016_rc	3641049	3645773	-	4604	1.0	0.9709991532599492	0	1
RY09_1	RY09#1	TNXB	TNX	RY09#1#h1tg000030l_0_0:608072-5880016_rc	3641047	3709224	-	68186	1.0	0.9982116419179408	60	1
RY09_1	RY09#1	WHR1B	WHR1	RY09#1#h1tg000030l_0_0:608072-5880016_rc	3619531	3620049	+	518	1.0	0.9980694980694981	0	1
RY09_1	RY09#1	WHR1B	WHR1	RY09#1#h1tg000030l_0_0:608072-5880016_rc	3593160	3593678	+	518	1.0	0.9980694980694981	0	1
RY09_1	RY09#1	WHR1B	WHR1	RY09#1#h1tg000030l_0_0:608072-5880016_rc	3560420	3560938	+	518	1.0	0.9942084942084942	0	1
RY09_2	RY09#2	WHR1	WHR1	RY09#2#h2tg000035l_0_0:611090-5918099_rc	3612888	3623160	+	10272	1.0	0.9992212596125767	60	1
RY09_2	RY09#2	CYP21A1P	CYP21	RY09#2#h2tg000035l_0_0:611090-5918099_rc	3647351	3650625	+	3274	1.0	0.9978619425778864	60	1
RY09_2	RY09#2	CYP21A1P	CYP21	RY09#2#h2tg000035l_0_0:611090-5918099_rc	3673718	3676993	+	3274	1.0	0.9805056350898569	0	1
RY09_2	RY09#2	CYP21A2	CYP21	RY09#2#h2tg000035l_0_0:611090-5918099_rc	3673763	3676993	+	3230	1.0	0.9953560371517027	60	1
RY09_2	RY09#2	CYP21A2	CYP21	RY09#2#h2tg000035l_0_0:611090-5918099_rc	3647401	3650625	+	3230	0.9984520123839009	0.9777296628518404	0	1
RY09_2	RY09#2	TNXA	TNX	RY09#2#h2tg000035l_0_0:611090-5918099_rc	3650135	3654739	-	4604	1.0	0.9963075586446568	18	1
RY09_2	RY09#2	TNXA	TNX	RY09#2#h2tg000035l_0_0:611090-5918099_rc	3676503	3681227	-	4604	1.0	0.970575783234547	0	1
RY09_2	RY09#2	TNXB	TNX	RY09#2#h2tg000035l_0_0:611090-5918099_rc	3676501	3744666	-	68186	1.0	0.9983726010526779	60	1
RY09_2	RY09#2	WHR1B	WHR1	RY09#2#h2tg000035l_0_0:611090-5918099_rc	3622245	3622763	+	518	1.0	0.9980694980694981	0	1
RY09_2	RY09#2	WHR1B	WHR1	RY09#2#h2tg000035l_0_0:611090-5918099_rc	3654985	3655503	+	518	1.0	0.9980694980694981	0	1
RY10_1	RY10#1	WHR1	WHR1	RY10#1#h1tg000024l_0_0:607475-5741963_rc	3507474	3517746	+	10272	1.0	0.9999026479750779	60	1
RY10_1	RY10#1	CYP21A1P	CYP21	RY10#1#h1tg000024l_0_0:607475-5741963_rc	3541935	3545209	+	3274	1.0	1.0	60	1
RY10_1	RY10#1	CYP21A1P	CYP21	RY10#1#h1tg000024l_0_0:607475-5741963_rc	3574670	3577945	+	3274	1.0	0.9783734389278099	0	1
RY10_1	RY10#1	CYP21A2	CYP21	RY10#1#h1tg000024l_0_0:607475-5741963_rc	3574715	3577945	+	3230	1.0	0.9993808049535604	60	1
RY10_1	RY10#1	CYP21A2	CYP21	RY10#1#h1tg000024l_0_0:607475-5741963_rc	3541985	3545209	+	3230	0.9984520123839009	0.9780389730900093	0	1
RY10_1	RY10#1	TNXA	TNX	RY10#1#h1tg000024l_0_0:607475-5741963_rc	3544719	3549323	-	4604	1.0	0.9997827975673328	60	1
RY10_1	RY10#1	TNXA	TNX	RY10#1#h1tg000024l_0_0:607475-5741963_rc	3577455	3582178	-	4604	1.0	0.9701524132091448	0	1
RY10_1	RY10#1	TNXB	TNX	RY10#1#h1tg000024l_0_0:607475-5741963_rc	3577453	3645665	-	68186	1.0	0.9995455411725038	60	1
RY10_1	RY10#1	WHR1B	WHR1	RY10#1#h1tg000024l_0_0:607475-5741963_rc	3549569	3550087	+	518	1.0	1.0	60	1
RY10_1	RY10#1	WHR1B	WHR1	RY10#1#h1tg000024l_0_0:607475-5741963_rc	3516831	3517349	+	518	1.0	0.9942084942084942	0	1
RY10_2	RY10#2	WHR1	WHR1	RY10#2#h2tg000100l_0_0:608786-5809719_rc	3507528	3517803	+	10272	1.0	0.9988322304398599	60	1
RY10_2	RY10#2	CYP21A1P	CYP21	RY10#2#h2tg000100l_0_0:608786-5809719_rc	3541992	3545266	+	3274	1.0	0.9978619425778864	60	1
RY10_2	RY10#2	CYP21A1P	CYP21	RY10#2#h2tg000100l_0_0:608786-5809719_rc	3574727	3577998	+	3274	1.0	0.9780621572212066	0	1
RY10_2	RY10#2	CYP21A2	CYP21	RY10#2#h2tg000100l_0_0:608786-5809719_rc	3574772	3577998	+	3230	1.0	0.9953560371517027	60	1
RY10_2	RY10#2	CYP21A2	CYP21	RY10#2#h2tg000100l_0_0:608786-5809719_rc	3542042	3545266	+	3230	0.9984520123839009	0.9783482833281781	0	1
RY10_2	RY10#2	TNXA	TNX	RY10#2#h2tg000100l_0_0:608786-5809719_rc	3544776	3549380	-	4604	1.0	0.9978279756733276	60	1
RY10_2	RY10#2	TNXA	TNX	RY10#2#h2tg000100l_0_0:608786-5809719_rc	3577508	3582231	-	4604	1.0	0.9690939881456393	0	1
RY10_2	RY10#2	TNXB	TNX	RY10#2#h2tg000100l_0_0:608786-5809719_rc	3577506	3645681	-	68186	1.0	0.9987976715883932	60	1
RY10_2	RY10#2	WHR1B	WHR1	RY10#2#h2tg000100l_0_0:608786-5809719_rc	3549626	3550144	+	518	1.0	0.9980694980694981	60	1
RY10_2	RY10#2	WHR1B	WHR1	RY10#2#h2tg000100l_0_0:608786-5809719_rc	3516888	3517406	+	518	1.0	0.9942084942084942	0	1
RY11_1	RY11#1	WHR1	WHR1	RY11#1#h1tg000032l_0_0:461-4925741	3214468	3224731	+	10272	1.0	0.9981503115264797	60	1
RY11_1	RY11#1	CYP21A1P	CYP21	RY11#1#h1tg000032l_0_0:461-4925741	3248921	3252195	+	3274	1.0	0.9969456322541234	60	1
RY11_1	RY11#1	CYP21A1P	CYP21	RY11#1#h1tg000032l_0_0:461-4925741	3281655	3284930	+	3274	1.0	0.9780688394760889	0	1
RY11_1	RY11#1	CYP21A2	CYP21	RY11#1#h1tg000032l_0_0:461-4925741	3281700	3284930	+	3230	1.0	0.9975232198142415	60	1
RY11_1	RY11#1	CYP21A2	CYP21	RY11#1#h1tg000032l_0_0:461-4925741	3248971	3252195	+	3230	0.9984520123839009	0.9786575935663471	0	1
RY11_1	RY11#1	TNXA	TNX	RY11#1#h1tg000032l_0_0:461-4925741	3251705	3256309	-	4604	1.0	0.9967419635099913	60	1
RY11_1	RY11#1	TNXA	TNX	RY11#1#h1tg000032l_0_0:461-4925741	3284440	3289163	-	4604	1.0	0.9688823031329382	0	1
RY11_1	RY11#1	TNXB	TNX	RY11#1#h1tg000032l_0_0:461-4925741	3284438	3352698	-	68186	1.0	0.9978614325472389	60	1
RY11_1	RY11#1	WHR1B	WHR1	RY11#1#h1tg000032l_0_0:461-4925741	3256555	3257073	+	518	1.0	0.9961389961389961	60	1
RY11_1	RY11#1	WHR1B	WHR1	RY11#1#h1tg000032l_0_0:461-4925741	3223819	3224334	+	518	1.0	0.9884169884169884	0	1
RY11_2	RY11#2	WHR1	WHR1	RY11#2#h2tg000061l_0_0:303495-5531509	3541837	3552110	+	10272	1.0	0.999902657451572	60	1
RY11_2	RY11#2	CYP21A1P	CYP21	RY11#2#h2tg000061l_0_0:303495-5531509	3576299	3579572	+	3274	1.0	0.9975565058032987	60	1
RY11_2	RY11#2	CYP21A1P	CYP21	RY11#2#h2tg000061l_0_0:303495-5531509	3602661	3605935	+	3274	1.0	0.9771480804387569	0	1
RY11_2	RY11#2	CYP21A2	CYP21	RY11#2#h2tg000061l_0_0:303495-5531509	3602706	3605935	+	3230	1.0	0.9981424148606811	60	1
RY11_2	RY11#2	CYP21A2	CYP21	RY11#2#h2tg000061l_0_0:303495-5531509	3576344	3579572	+	3230	1.0	0.9771463866584311	0	1
RY11_2	RY11#2	TNXA	TNX	RY11#2#h2tg000061l_0_0:303495-5531509	3579082	3583686	-	4604	1.0	0.9971763683753258	58	1
RY11_2	RY11#2	TNXA	TNX	RY11#2#h2tg000061l_0_0:303495-5531509	3605445	3610168	-	4604	1.0	0.9697290431837426	0	1
RY11_2	RY11#2	TNXB	TNX	RY11#2#h2tg000061l_0_0:303495-5531509	3605443	3673637	-	68186	1.0	0.9988125604714575	60	1
RY11_2	RY11#2	WHR1B	WHR1	RY11#2#h2tg000061l_0_0:303495-5531509	3583932	3584450	+	518	1.0	0.9961389961389961	43	1
RY11_2	RY11#2	WHR1B	WHR1	RY11#2#h2tg000061l_0_0:303495-5531509	3551195	3551713	+	518	1.0	0.9942084942084942	0	1
apr-f_1	apr-f#1	WHR1	WHR1	apr-f#1#h1tg000013l:28359072-33538103	3558012	3568285	+	10272	1.0	0.9994159447094325	60	1
apr-f_1	apr-f#1	CYP21A1P	CYP21	apr-f#1#h1tg000013l:28359072-33538103	3592474	3595748	+	3274	1.0	0.9984728161270617	60	1
apr-f_1	apr-f#1	CYP21A1P	CYP21	apr-f#1#h1tg000013l:28359072-33538103	3618840	3622115	+	3274	1.0	0.977155041120926	0	1
apr-f_1	apr-f#1	CYP21A2	CYP21	apr-f#1#h1tg000013l:28359072-33538103	3618890	3622115	+	3230	0.9984520123839009	0.9984496124031008	60	1
apr-f_1	apr-f#1	CYP21A2	CYP21	apr-f#1#h1tg000013l:28359072-33538103	3592524	3595748	+	3230	0.9984520123839009	0.9777296628518404	0	1
apr-f_1	apr-f#1	TNXA	TNX	apr-f#1#h1tg000013l:28359072-33538103	3595258	3599862	-	4604	1.0	0.9978279756733276	60	1
apr-f_1	apr-f#1	TNXA	TNX	apr-f#1#h1tg000013l:28359072-33538103	3621625	3626348	-	4604	1.0	0.9701524132091448	0	1
apr-f_1	apr-f#1	TNXB	TNX	apr-f#1#h1tg000013l:28359072-33538103	3621623	3689832	-	68186	1.0	0.999003210249344	60	1
apr-f_1	apr-f#1	WHR1B	WHR1	apr-f#1#h1tg000013l:28359072-33538103	3600108	3600626	+	518	1.0	0.9961389961389961	43	1
apr-f_1	apr-f#1	WHR1B	WHR1	apr-f#1#h1tg000013l:28359072-33538103	3567370	3567888	+	518	1.0	0.9942084942084942	0	1
apr-f_2	apr-f#2	WHR1	WHR1	apr-f#2#h2tg000007l:28398267-33550055	3549710	3559982	+	10272	1.0	1.0	60	1
apr-f_2	apr-f#2	CYP21A1P	CYP21	apr-f#2#h2tg000007l:28398267-33550055	3584171	3587444	+	3274	1.0	0.9978619425778864	60	1
apr-f_2	apr-f#2	CYP21A1P	CYP21	apr-f#2#h2tg000007l:28398267-33550055	3610534	3613808	+	3274	1.0	0.9771480804387569	0	1
apr-f_2	apr-f#2	CYP21A2	CYP21	apr-f#2#h2tg000007l:28398267-33550055	3610579	3613808	+	3230	1.0	0.9981424148606811	60	1
apr-f_2	apr-f#2	CYP21A2	CYP21	apr-f#2#h2tg000007l:28398267-33550055	3584216	3587444	+	3230	1.0	0.9774552192711551	0	1
apr-f_2	apr-f#2	TNXA	TNX	apr-f#2#h2tg000007l:28398267-33550055	3586954	3591558	-	4604	1.0	0.9976107732406603	60	1
apr-f_2	apr-f#2	TNXA	TNX	apr-f#2#h2tg000007l:28398267-33550055	3613318	3618041	-	4604	1.0	0.9697290431837426	0	1
apr-f_2	apr-f#2	TNXB	TNX	apr-f#2#h2tg000007l:28398267-33550055	3613316	3681525	-	68186	1.0	0.998680874140736	60	1
apr-f_2	apr-f#2	WHR1B	WHR1	apr-f#2#h2tg000007l:28398267-33550055	3591804	3592322	+	518	1.0	0.9961389961389961	43	1
apr-f_2	apr-f#2	WHR1B	WHR1	apr-f#2#h2tg000007l:28398267-33550055	3559067	3559585	+	518	1.0	0.9942084942084942	0	1
apr-m_1	apr-m#1	WHR1	WHR1	apr-m#1#h1tg000024l:27029616-32153356_rc	3547222	3557485	+	10272	1.0	0.9980531490314416	60	1
apr-m_1	apr-m#1	CYP21A1P	CYP21	apr-m#1#h1tg000024l:27029616-32153356_rc	3581672	3584947	+	3274	1.0	0.978982637831252	52	1
apr-m_1	apr-m#1	CYP21A1P	CYP21	apr-m#1#h1tg000024l:27029616-32153356_rc	3608039	3611314	+	3274	1.0	0.977459640572647	0	1
apr-m_1	apr-m#1	CYP21A2	CYP21	apr-m#1#h1tg000024l:27029616-32153356_rc	3608084	3611314	+	3230	1.0	0.9975232198142415	49	1
apr-m_1	apr-m#1	CYP21A2	CYP21	apr-m#1#h1tg000024l:27029616-32153356_rc	3581717	3584947	+	3230	1.0	0.9953560371517027	0	1
apr-m_1	apr-m#1	TNXA	TNX	apr-m#1#h1tg000024l:27029616-32153356_rc	3584457	3589061	-	4604	1.0	0.9967419635099913	58	1
apr-m_1	apr-m#1	TNXA	TNX	apr-m#1#h1tg000024l:27029616-32153356_rc	3610824	3615547	-	4604	1.0	0.9693056731583404	0	1
apr-m_1	apr-m#1	TNXB	TNX	apr-m#1#h1tg000024l:27029616-32153356_rc	3610822	3679011	-	68186	1.0	0.9988563049853373	60	1
apr-m_1	apr-m#1	WHR1B	WHR1	apr-m#1#h1tg000024l:27029616-32153356_rc	3589307	3589825	+	518	1.0	0.9961389961389961	60	1
apr-m_1	apr-m#1	WHR1B	WHR1	apr-m#1#h1tg000024l:27029616-32153356_rc	3556573	3557088	+	518	1.0	0.9884169884169884	0	1
apr-m_2	apr-m#2	WHR1	WHR1	apr-m#2#h2tg000013l:28339383-33475735	3559711	3569983	+	10272	1.0	0.9990265745157209	60	1
apr-m_2	apr-m#2	CYP21A1P	CYP21	apr-m#2#h2tg000013l:28339383-33475735	3594172	3597446	+	3274	1.0	0.998167379352474	60	1
apr-m_2	apr-m#2	CYP21A1P	CYP21	apr-m#2#h2tg000013l:28339383-33475735	3626907	3630178	+	3274	1.0	0.9780621572212066	0	1
apr-m_2	apr-m#2	CYP21A2	CYP21	apr-m#2#h2tg000013l:28339383-33475735	3626952	3630178	+	3230	1.0	0.9962848297213622	60	1
apr-m_2	apr-m#2	CYP21A2	CYP21	apr-m#2#h2tg000013l:28339383-33475735	3594222	3597446	+	3230	0.9984520123839009	0.9780389730900093	0	1
apr-m_2	apr-m#2	TNXA	TNX	apr-m#2#h2tg000013l:28339383-33475735	3596956	3601560	-	4604	1.0	0.9980451781059948	60	1
apr-m_2	apr-m#2	TNXA	TNX	apr-m#2#h2tg000013l:28339383-33475735	3629688	3634411	-	4604	1.0	0.9688823031329382	0	1
apr-m_2	apr-m#2	TNXB	TNX	apr-m#2#h2tg000013l:28339383-33475735	3629686	3697880	-	68186	1.0	0.9989444053483463	60	1
apr-m_2	apr-m#2	WHR1B	WHR1	apr-m#2#h2tg000013l:28339383-33475735	3601806	3602324	+	518	1.0	0.9980694980694981	60	1
apr-m_2	apr-m#2	WHR1B	WHR1	apr-m#2#h2tg000013l:28339383-33475735	3569068	3569586	+	518	1.0	0.9942084942084942	0	1
apr-s_1	apr-s#1	WHR1	WHR1	apr-s#1#h1tg000017l:28345655-33481940	3559653	3569925	+	10272	1.0	0.9990265745157209	60	1
apr-s_1	apr-s#1	CYP21A1P	CYP21	apr-s#1#h1tg000017l:28345655-33481940	3594114	3597388	+	3274	1.0	0.998167379352474	60	1
apr-s_1	apr-s#1	CYP21A1P	CYP21	apr-s#1#h1tg000017l:28345655-33481940	3626849	3630120	+	3274	1.0	0.9780621572212066	0	1
apr-s_1	apr-s#1	CYP21A2	CYP21	apr-s#1#h1tg000017l:28345655-33481940	3626894	3630120	+	3230	1.0	0.9962848297213622	60	1
apr-s_1	apr-s#1	CYP21A2	CYP21	apr-s#1#h1tg000017l:28345655-33481940	3594164	3597388	+	3230	0.9984520123839009	0.9780389730900093	0	1
apr-s_1	apr-s#1	TNXA	TNX	apr-s#1#h1tg000017l:28345655-33481940	3596898	3601502	-	4604	1.0	0.9980451781059948	60	1
apr-s_1	apr-s#1	TNXA	TNX	apr-s#1#h1tg000017l:28345655-33481940	3629630	3634353	-	4604	1.0	0.9688823031329382	0	1
apr-s_1	apr-s#1	TNXB	TNX	apr-s#1#h1tg000017l:28345655-33481940	3629628	3697821	-	68186	1.0	0.9989590511237849	60	1
apr-s_1	apr-s#1	WHR1B	WHR1	apr-s#1#h1tg000017l:28345655-33481940	3601748	3602266	+	518	1.0	0.9980694980694981	60	1
apr-s_1	apr-s#1	WHR1B	WHR1	apr-s#1#h1tg000017l:28345655-33481940	3569010	3569528	+	518	1.0	0.9942084942084942	0	1
apr-s_2	apr-s#2	WHR1	WHR1	apr-s#2#h2tg000009l:138522552-143696180_rc	3552708	3562981	+	10272	1.0	0.9994159447094325	60	1
apr-s_2	apr-s#2	CYP21A1P	CYP21	apr-s#2#h2tg000009l:138522552-143696180_rc	3587170	3590444	+	3274	1.0	0.9984728161270617	60	1
apr-s_2	apr-s#2	CYP21A1P	CYP21	apr-s#2#h2tg000009l:138522552-143696180_rc	3613536	3616811	+	3274	1.0	0.977155041120926	0	1
apr-s_2	apr-s#2	CYP21A2	CYP21	apr-s#2#h2tg000009l:138522552-143696180_rc	3613586	3616811	+	3230	0.9984520123839009	0.9984496124031008	60	1
apr-s_2	apr-s#2	CYP21A2	CYP21	apr-s#2#h2tg000009l:138522552-143696180_rc	3587220	3590444	+	3230	0.9984520123839009	0.9777296628518404	0	1
apr-s_2	apr-s#2	TNXA	TNX	apr-s#2#h2tg000009l:138522552-143696180_rc	3589954	3594558	-	4604	1.0	0.9978279756733276	60	1
apr-s_2	apr-s#2	TNXA	TNX	apr-s#2#h2tg000009l:138522552-143696180_rc	3616321	3621044	-	4604	1.0	0.9701524132091448	0	1
apr-s_2	apr-s#2	TNXB	TNX	apr-s#2#h2tg000009l:138522552-143696180_rc	3616319	3684523	-	68186	1.0	0.9990764359222447	60	1
apr-s_2	apr-s#2	WHR1B	WHR1	apr-s#2#h2tg000009l:138522552-143696180_rc	3594804	3595322	+	518	1.0	0.9961389961389961	43	1
apr-s_2	apr-s#2	WHR1B	WHR1	apr-s#2#h2tg000009l:138522552-143696180_rc	3562066	3562584	+	518	1.0	0.9942084942084942	0	1
apr001_1	apr001#1	WHR1	WHR1	apr001#1#h1tg000015l:28434817-33593090	3546615	3556888	+	10272	1.0	0.9990266692622153	60	1
apr001_1	apr001#1	CYP21A1P	CYP21	apr001#1#h1tg000015l:28434817-33593090	3581077	3584351	+	3274	1.0	0.998167379352474	60	1
apr001_1	apr001#1	CYP21A1P	CYP21	apr001#1#h1tg000015l:28434817-33593090	3613812	3617083	+	3274	1.0	0.9783668494820231	0	1
apr001_1	apr001#1	CYP21A2	CYP21	apr001#1#h1tg000015l:28434817-33593090	3613862	3617083	+	3230	0.9984520123839009	0.9962790697674418	60	1
apr001_1	apr001#1	CYP21A2	CYP21	apr001#1#h1tg000015l:28434817-33593090	3581127	3584351	+	3230	0.9984520123839009	0.9780389730900093	0	1
apr001_1	apr001#1	TNXA	TNX	apr001#1#h1tg000015l:28434817-33593090	3583861	3588465	-	4604	1.0	0.9980451781059948	60	1
apr001_1	apr001#1	TNXA	TNX	apr001#1#h1tg000015l:28434817-33593090	3616593	3621316	-	4604	1.0	0.9688823031329382	0	1
apr001_1	apr001#1	TNXB	TNX	apr001#1#h1tg000015l:28434817-33593090	3616591	3684768	-	68186	1.0	0.9989735769377401	60	1
apr001_1	apr001#1	WHR1B	WHR1	apr001#1#h1tg000015l:28434817-33593090	3588711	3589229	+	518	1.0	0.9980694980694981	60	1
apr001_1	apr001#1	WHR1B	WHR1	apr001#1#h1tg000015l:28434817-33593090	3555973	3556491	+	518	1.0	0.9942084942084942	0	1
apr001_2	apr001#2	WHR1	WHR1	apr001#2#h2tg000018l:28338056-33431257	3548635	3558908	+	10272	1.0	0.9995132872578604	60	1
apr001_2	apr001#2	CYP21A1P	CYP21	apr001#2#h2tg000018l:28338056-33431257	3583095	3586370	+	3274	1.0	0.977459640572647	60	1
apr001_2	apr001#2	CYP21A2	CYP21	apr001#2#h2tg000018l:28338056-33431257	3583140	3586370	+	3230	1.0	0.9981424148606811	60	1
apr001_2	apr001#2	TNXA	TNX	apr001#2#h2tg000018l:28338056-33431257	3585880	3590603	-	4604	1.0	0.9699407281964437	60	1
apr001_2	apr001#2	TNXB	TNX	apr001#2#h2tg000018l:28338056-33431257	3585878	3654034	-	68186	1.0	0.9991641003079631	60	1
apr001_2	apr001#2	WHR1B	WHR1	apr001#2#h2tg000018l:28338056-33431257	3557993	3558511	+	518	1.0	0.9961389961389961	60	1
apr002_1	apr002#1	WHR1	WHR1	apr002#1#h1tg000010l:28385462-33644194	3535788	3546062	+	10272	1.0	0.9991240023359937	60	1
apr002_1	apr002#1	CYP21A1P	CYP21	apr002#1#h1tg000010l:28385462-33644194	3570249	3573523	+	3274	1.0	0.9957238851557727	60	1
apr002_1	apr002#1	CYP21A1P	CYP21	apr002#1#h1tg000010l:28385462-33644194	3622983	3626258	+	3274	1.0	0.9777642400243679	0	1
apr002_1	apr002#1	CYP21A1P	CYP21	apr002#1#h1tg000010l:28385462-33644194	3596617	3599892	+	3274	1.0	0.976850441669205	0	1
apr002_1	apr002#1	CYP21A2	CYP21	apr002#1#h1tg000010l:28385462-33644194	3596662	3599892	+	3230	1.0	0.9981424148606811	24	1
apr002_1	apr002#1	CYP21A2	CYP21	apr002#1#h1tg000010l:28385462-33644194	3623028	3626258	+	3230	1.0	0.9969040247678018	0	1
apr002_1	apr002#1	CYP21A2	CYP21	apr002#1#h1tg000010l:28385462-33644194	3570299	3573523	+	3230	0.9984520123839009	0.9777296628518404	0	1
apr002_1	apr002#1	TNXA	TNX	apr002#1#h1tg000010l:28385462-33644194	3573033	3577637	-	4604	1.0	0.9978279756733276	36	1
apr002_1	apr002#1	TNXA	TNX	apr002#1#h1tg000010l:28385462-33644194	3599402	3604005	-	4604	1.0	0.9963075586446568	0	1
apr002_1	apr002#1	TNXA	TNX	apr002#1#h1tg000010l:28385462-33644194	3625768	3630491	-	4604	1.0	0.9688823031329382	0	1
apr002_1	apr002#1	TNXB	TNX	apr002#1#h1tg000010l:28385462-33644194	3625766	3693948	-	68186	1.0	0.9988709180755752	60	1
apr002_1	apr002#1	WHR1B	WHR1	apr002#1#h1tg000010l:28385462-33644194	3545147	3545665	+	518	1.0	1.0	29	1
apr002_1	apr002#1	WHR1B	WHR1	apr002#1#h1tg000010l:28385462-33644194	3577883	3578401	+	518	1.0	0.9980694980694981	0	1
apr002_1	apr002#1	WHR1B	WHR1	apr002#1#h1tg000010l:28385462-33644194	3604251	3604769	+	518	1.0	0.9961389961389961	0	1
apr002_2	apr002#2	WHR1	WHR1	apr002#2#h2tg000007l:138255095-143403132_rc	3557921	3568184	+	10272	1.0	0.9981503115264797	60	1
apr002_2	apr002#2	CYP21A1P	CYP21	apr002#2#h2tg000007l:138255095-143403132_rc	3592373	3595647	+	3274	1.0	0.9966401954795358	60	1
apr002_2	apr002#2	CYP21A1P	CYP21	apr002#2#h2tg000007l:138255095-143403132_rc	3618739	3622014	+	3274	1.0	0.9777642400243679	0	1
apr002_2	apr002#2	CYP21A2	CYP21	apr002#2#h2tg000007l:138255095-143403132_rc	3618784	3622014	+	3230	1.0	0.9978328173374613	60	1
apr002_2	apr002#2	CYP21A2	CYP21	apr002#2#h2tg000007l:138255095-143403132_rc	3592423	3595647	+	3230	0.9984520123839009	0.9783482833281781	0	1
apr002_2	apr002#2	TNXA	TNX	apr002#2#h2tg000007l:138255095-143403132_rc	3595157	3599761	-	4604	1.0	0.9958731537793223	39	1
apr002_2	apr002#2	TNXA	TNX	apr002#2#h2tg000007l:138255095-143403132_rc	3621524	3626247	-	4604	1.0	0.9693056731583404	0	1
apr002_2	apr002#2	TNXB	TNX	apr002#2#h2tg000007l:138255095-143403132_rc	3621522	3689704	-	68186	1.0	0.9989149082804228	60	1
apr002_2	apr002#2	WHR1B	WHR1	apr002#2#h2tg000007l:138255095-143403132_rc	3600007	3600525	+	518	1.0	0.9961389961389961	60	1
apr002_2	apr002#2	WHR1B	WHR1	apr002#2#h2tg000007l:138255095-143403132_rc	3567272	3567787	+	518	1.0	0.9884169884169884	0	1
apr003_1	apr003#1	WHR1	WHR1	apr003#1#h1tg000021l:28362599-33558558	3503768	3514041	+	10272	1.0	0.9990266692622153	60	1
apr003_1	apr003#1	CYP21A1P	CYP21	apr003#1#h1tg000021l:28362599-33558558	3538230	3541504	+	3274	1.0	0.998167379352474	60	1
apr003_1	apr003#1	CYP21A1P	CYP21	apr003#1#h1tg000021l:28362599-33558558	3570965	3574237	+	3274	1.0	0.977155041120926	0	1
apr003_1	apr003#1	CYP21A2	CYP21	apr003#1#h1tg000021l:28362599-33558558	3571010	3574237	+	3230	1.0	0.9969040247678018	60	1
apr003_1	apr003#1	CYP21A2	CYP21	apr003#1#h1tg000021l:28362599-33558558	3538280	3541504	+	3230	0.9984520123839009	0.9780389730900093	0	1
apr003_1	apr003#1	TNXA	TNX	apr003#1#h1tg000021l:28362599-33558558	3541014	3545618	-	4604	1.0	0.998262380538662	60	1
apr003_1	apr003#1	TNXA	TNX	apr003#1#h1tg000021l:28362599-33558558	3573747	3578470	-	4604	1.0	0.9690939881456393	0	1
apr003_1	apr003#1	TNXB	TNX	apr003#1#h1tg000021l:28362599-33558558	3573745	3641918	-	68186	1.0	0.9987536656891496	60	1
apr003_1	apr003#1	WHR1B	WHR1	apr003#1#h1tg000021l:28362599-33558558	3545864	3546382	+	518	1.0	0.9980694980694981	60	1
apr003_1	apr003#1	WHR1B	WHR1	apr003#1#h1tg000021l:28362599-33558558	3513126	3513644	+	518	1.0	0.9942084942084942	0	1
apr003_2	apr003#2	WHR1	WHR1	apr003#2#h2tg000014l:28401981-33557950	3552606	3562878	+	10272	1.0	0.9988320031146584	60	1
apr003_2	apr003#2	CYP21A1P	CYP21	apr003#2#h2tg000014l:28401981-33557950	3587067	3590341	+	3274	1.0	0.9987782529016493	60	1
apr003_2	apr003#2	CYP21A1P	CYP21	apr003#2#h2tg000014l:28401981-33557950	3613434	3616708	+	3274	1.0	0.9771480804387569	0	1
apr003_2	apr003#2	CYP21A2	CYP21	apr003#2#h2tg000014l:28401981-33557950	3613479	3616708	+	3230	1.0	0.9984520123839009	60	1
apr003_2	apr003#2	CYP21A2	CYP21	apr003#2#h2tg000014l:28401981-33557950	3587117	3590341	+	3230	0.9984520123839009	0.9780389730900093	0	1
apr003_2	apr003#2	TNXA	TNX	apr003#2#h2tg000014l:28401981-33557950	3589851	3594455	-	4604	1.0	0.9963075586446568	39	1
apr003_2	apr003#2	TNXA	TNX	apr003#2#h2tg000014l:28401981-33557950	3616218	3620941	-	4604	1.0	0.9697290431837426	0	1
apr003_2	apr003#2	TNXB	TNX	apr003#2#h2tg000014l:28401981-33557950	3616216	3684408	-	68186	1.0	0.9994428070792827	60	1
apr003_2	apr003#2	WHR1B	WHR1	apr003#2#h2tg000014l:28401981-33557950	3594701	3595219	+	518	1.0	0.9980694980694981	60	1
apr003_2	apr003#2	WHR1B	WHR1	apr003#2#h2tg000014l:28401981-33557950	3561963	3562481	+	518	1.0	0.9922779922779923	0	1
apr004_1	apr004#1	WHR1	WHR1	apr004#1#h1tg000015l:28405351-33543332	3535739	3546012	+	10272	1.0	0.9992212596125767	60	1
apr004_1	apr004#1	CYP21A1P	CYP21	apr004#1#h1tg000015l:28405351-33543332	3570199	3573473	+	3274	1.0	0.9957238851557727	60	1
apr004_1	apr004#1	CYP21A1P	CYP21	apr004#1#h1tg000015l:28405351-33543332	3596567	3599842	+	3274	1.0	0.9780688394760889	0	1
apr004_1	apr004#1	CYP21A2	CYP21	apr004#1#h1tg000015l:28405351-33543332	3596612	3599842	+	3230	1.0	0.9996904024767802	60	1
apr004_1	apr004#1	CYP21A2	CYP21	apr004#1#h1tg000015l:28405351-33543332	3570249	3573473	+	3230	0.9984520123839009	0.9777296628518404	0	1
apr004_1	apr004#1	TNXA	TNX	apr004#1#h1tg000015l:28405351-33543332	3572983	3577587	-	4604	1.0	0.9978279756733276	60	1
apr004_1	apr004#1	TNXA	TNX	apr004#1#h1tg000015l:28405351-33543332	3599352	3604075	-	4604	1.0	0.9701524132091448	0	1
apr004_1	apr004#1	TNXB	TNX	apr004#1#h1tg000015l:28405351-33543332	3599350	3667548	-	68186	1.0	0.9997947183976305	60	1
apr004_1	apr004#1	WHR1B	WHR1	apr004#1#h1tg000015l:28405351-33543332	3545097	3545615	+	518	1.0	1.0	29	1
apr004_1	apr004#1	WHR1B	WHR1	apr004#1#h1tg000015l:28405351-33543332	3577833	3578351	+	518	1.0	0.9980694980694981	0	1
apr004_2	apr004#2	WHR1	WHR1	apr004#2#h2tg000008l:138190707-143268823_rc	3505936	3516203	+	10272	1.0	0.9988317757009346	60	1
apr004_2	apr004#2	CYP21A1P	CYP21	apr004#2#h2tg000008l:138190707-143268823_rc	3540389	3543663	+	3274	1.0	0.9771480804387569	0	1
apr004_2	apr004#2	CYP21A1P	CYP21	apr004#2#h2tg000008l:138190707-143268823_rc	3566877	3570151	+	3274	1.0	0.9771480804387569	0	1
apr004_2	apr004#2	CYP21A2	CYP21	apr004#2#h2tg000008l:138190707-143268823_rc	3540434	3543663	+	3230	1.0	0.9981424148606811	0	1
apr004_2	apr004#2	CYP21A2	CYP21	apr004#2#h2tg000008l:138190707-143268823_rc	3566922	3570151	+	3230	1.0	0.9981424148606811	0	1
apr004_2	apr004#2	TNXA	TNX	apr004#2#h2tg000008l:138190707-143268823_rc	3543173	3547896	-	4604	1.0	0.970575783234547	16	1
apr004_2	apr004#2	TNXA	TNX	apr004#2#h2tg000008l:138190707-143268823_rc	3569661	3574384	-	4604	1.0	0.9699407281964437	0	1
apr004_2	apr004#2	TNXB	TNX	apr004#2#h2tg000008l:138190707-143268823_rc	3569659	3637832	-	68186	1.0	0.9988122644691115	60	1
apr004_2	apr004#2	WHR1B	WHR1	apr004#2#h2tg000008l:138190707-143268823_rc	3548142	3548660	+	518	1.0	0.9980694980694981	60	1
apr004_2	apr004#2	WHR1B	WHR1	apr004#2#h2tg000008l:138190707-143268823_rc	3515288	3515806	+	518	1.0	0.9942084942084942	0	1
apr005_1	apr005#1	WHR1	WHR1	apr005#1#h1tg000024l:25685419-30792368_rc	3561795	3572062	+	10272	1.0	0.9988317757009346	60	1
apr005_1	apr005#1	CYP21A1P	CYP21	apr005#1#h1tg000024l:25685419-30792368_rc	3596248	3599522	+	3274	1.0	0.9771480804387569	60	1
apr005_1	apr005#1	CYP21A2	CYP21	apr005#1#h1tg000024l:25685419-30792368_rc	3596293	3599522	+	3230	1.0	0.9981424148606811	60	1
apr005_1	apr005#1	TNXA	TNX	apr005#1#h1tg000024l:25685419-30792368_rc	3599032	3603755	-	4604	1.0	0.9703640982218459	60	1
apr005_1	apr005#1	TNXB	TNX	apr005#1#h1tg000024l:25685419-30792368_rc	3599030	3667204	-	68186	1.0	0.9987829555118919	60	1
apr005_1	apr005#1	WHR1B	WHR1	apr005#1#h1tg000024l:25685419-30792368_rc	3571147	3571665	+	518	1.0	0.9942084942084942	60	1
apr005_2	apr005#2	WHR1	WHR1	apr005#2#h2tg000025l:27505079-32631962_rc	3555241	3565508	+	10272	1.0	0.9988317757009346	60	1
apr005_2	apr005#2	CYP21A1P	CYP21	apr005#2#h2tg000025l:27505079-32631962_rc	3589694	3592968	+	3274	1.0	0.9771480804387569	0	1
apr005_2	apr005#2	CYP21A1P	CYP21	apr005#2#h2tg000025l:27505079-32631962_rc	3616182	3619456	+	3274	1.0	0.9771480804387569	0	1
apr005_2	apr005#2	CYP21A2	CYP21	apr005#2#h2tg000025l:27505079-32631962_rc	3589739	3592968	+	3230	1.0	0.9981424148606811	0	1
apr005_2	apr005#2	CYP21A2	CYP21	apr005#2#h2tg000025l:27505079-32631962_rc	3616227	3619456	+	3230	1.0	0.9981424148606811	0	1
apr005_2	apr005#2	TNXA	TNX	apr005#2#h2tg000025l:27505079-32631962_rc	3592478	3597201	-	4604	1.0	0.970575783234547	12	1
apr005_2	apr005#2	TNXA	TNX	apr005#2#h2tg000025l:27505079-32631962_rc	3618966	3623689	-	4604	1.0	0.9701524132091448	0	1
apr005_2	apr005#2	TNXB	TNX	apr005#2#h2tg000025l:27505079-32631962_rc	3618964	3687138	-	68186	1.0	0.9987829555118919	60	1
apr005_2	apr005#2	WHR1B	WHR1	apr005#2#h2tg000025l:27505079-32631962_rc	3597447	3597965	+	518	1.0	0.9980694980694981	60	1
apr005_2	apr005#2	WHR1B	WHR1	apr005#2#h2tg000025l:27505079-32631962_rc	3564593	3565111	+	518	1.0	0.9942084942084942	0	1
apr006_1	apr006#1	WHR1	WHR1	apr006#1#h1tg000006l:28429612-33564591	3562532	3572799	+	10272	1.0	0.9988317757009346	60	1
apr006_1	apr006#1	CYP21A1P	CYP21	apr006#1#h1tg000006l:28429612-33564591	3596985	3600259	+	3274	1.0	0.9771480804387569	0	1
apr006_1	apr006#1	CYP21A1P	CYP21	apr006#1#h1tg000006l:28429612-33564591	3623473	3626747	+	3274	1.0	0.9771480804387569	0	1
apr006_1	apr006#1	CYP21A2	CYP21	apr006#1#h1tg000006l:28429612-33564591	3597030	3600259	+	3230	1.0	0.9981424148606811	0	1
apr006_1	apr006#1	CYP21A2	CYP21	apr006#1#h1tg000006l:28429612-33564591	3623518	3626747	+	3230	1.0	0.9981424148606811	0	1
apr006_1	apr006#1	TNXA	TNX	apr006#1#h1tg000006l:28429612-33564591	3599769	3604492	-	4604	1.0	0.970575783234547	12	1
apr006_1	apr006#1	TNXA	TNX	apr006#1#h1tg000006l:28429612-33564591	3626257	3630980	-	4604	1.0	0.9701524132091448	0	1
apr006_1	apr006#1	TNXB	TNX	apr006#1#h1tg000006l:28429612-33564591	3626255	3694430	-	68186	1.0	0.9987976186984956	60	1
apr006_1	apr006#1	WHR1B	WHR1	apr006#1#h1tg000006l:28429612-33564591	3604738	3605256	+	518	1.0	0.9980694980694981	60	1
apr006_1	apr006#1	WHR1B	WHR1	apr006#1#h1tg000006l:28429612-33564591	3571884	3572402	+	518	1.0	0.9942084942084942	0	1
apr006_2	apr006#2	WHR1	WHR1	apr006#2#h2tg000002l:27458750-32609940_rc	3549199	3559470	+	10272	1.0	0.9989292319672929	60	1
apr006_2	apr006#2	CYP21A1P	CYP21	apr006#2#h2tg000002l:27458750-32609940_rc	3583659	3586933	+	3274	1.0	0.9984728161270617	60	1
apr006_2	apr006#2	CYP21A1P	CYP21	apr006#2#h2tg000002l:27458750-32609940_rc	3610026	3613300	+	3274	1.0	0.9768433881779403	0	1
apr006_2	apr006#2	CYP21A2	CYP21	apr006#2#h2tg000002l:27458750-32609940_rc	3610071	3613300	+	3230	1.0	0.9981424148606811	60	1
apr006_2	apr006#2	CYP21A2	CYP21	apr006#2#h2tg000002l:27458750-32609940_rc	3583709	3586933	+	3230	0.9984520123839009	0.9777296628518404	0	1
apr006_2	apr006#2	TNXA	TNX	apr006#2#h2tg000002l:27458750-32609940_rc	3586443	3591047	-	4604	1.0	0.9960903562119896	14	1
apr006_2	apr006#2	TNXA	TNX	apr006#2#h2tg000002l:27458750-32609940_rc	3612810	3617533	-	4604	1.0	0.9703640982218459	0	1
apr006_2	apr006#2	TNXB	TNX	apr006#2#h2tg000002l:27458750-32609940_rc	3612808	3680994	-	68186	1.0	0.9994134639353637	60	1
apr006_2	apr006#2	WHR1B	WHR1	apr006#2#h2tg000002l:27458750-32609940_rc	3591293	3591811	+	518	1.0	0.9980694980694981	60	1
apr006_2	apr006#2	WHR1B	WHR1	apr006#2#h2tg000002l:27458750-32609940_rc	3558555	3559073	+	518	1.0	0.9922779922779923	0	1
apr007_1	apr007#1	WHR1	WHR1	apr007#1#h1tg000009l:141020280-146179718_rc	3550928	3561201	+	10272	1.0	0.9990266692622153	60	1
apr007_1	apr007#1	CYP21A1P	CYP21	apr007#1#h1tg000009l:141020280-146179718_rc	3585390	3588664	+	3274	1.0	0.998167379352474	60	1
apr007_1	apr007#1	CYP21A1P	CYP21	apr007#1#h1tg000009l:141020280-146179718_rc	3618125	3621397	+	3274	1.0	0.977155041120926	0	1
apr007_1	apr007#1	CYP21A2	CYP21	apr007#1#h1tg000009l:141020280-146179718_rc	3618170	3621397	+	3230	1.0	0.9969040247678018	60	1
apr007_1	apr007#1	CYP21A2	CYP21	apr007#1#h1tg000009l:141020280-146179718_rc	3585440	3588664	+	3230	0.9984520123839009	0.9780389730900093	0	1
apr007_1	apr007#1	TNXA	TNX	apr007#1#h1tg000009l:141020280-146179718_rc	3588174	3592778	-	4604	1.0	0.998262380538662	60	1
apr007_1	apr007#1	TNXA	TNX	apr007#1#h1tg000009l:141020280-146179718_rc	3620907	3625630	-	4604	1.0	0.9690939881456393	0	1
apr007_1	apr007#1	TNXB	TNX	apr007#1#h1tg000009l:141020280-146179718_rc	3620905	3689083	-	68186	1.0	0.9986951103291547	60	1
apr007_1	apr007#1	WHR1B	WHR1	apr007#1#h1tg000009l:141020280-146179718_rc	3593024	3593542	+	518	1.0	0.9980694980694981	60	1
apr007_1	apr007#1	WHR1B	WHR1	apr007#1#h1tg000009l:141020280-146179718_rc	3560286	3560804	+	518	1.0	0.9942084942084942	0	1
apr007_2	apr007#2	WHR1	WHR1	apr007#2#h2tg000002l:137323480-142462680_rc	3535841	3546115	+	10272	1.0	0.9991240023359937	60	1
apr007_2	apr007#2	CYP21A1P	CYP21	apr007#2#h2tg000002l:137323480-142462680_rc	3570302	3573577	+	3274	1.0	0.9954198473282443	60	1
apr007_2	apr007#2	CYP21A1P	CYP21	apr007#2#h2tg000002l:137323480-142462680_rc	3596671	3599946	+	3274	1.0	0.9780688394760889	0	1
apr007_2	apr007#2	CYP21A2	CYP21	apr007#2#h2tg000002l:137323480-142462680_rc	3596716	3599946	+	3230	1.0	0.9996904024767802	60	1
apr007_2	apr007#2	CYP21A2	CYP21	apr007#2#h2tg000002l:137323480-142462680_rc	3570352	3573577	+	3230	0.9984520123839009	0.9774273345701917	0	1
apr007_2	apr007#2	TNXA	TNX	apr007#2#h2tg000002l:137323480-142462680_rc	3573087	3577691	-	4604	1.0	0.9978279756733276	60	1
apr007_2	apr007#2	TNXA	TNX	apr007#2#h2tg000002l:137323480-142462680_rc	3599456	3604179	-	4604	1.0	0.9701524132091448	0	1
apr007_2	apr007#2	TNXB	TNX	apr007#2#h2tg000002l:137323480-142462680_rc	3599454	3667651	-	68186	1.0	0.9998093785741518	60	1
apr007_2	apr007#2	WHR1B	WHR1	apr007#2#h2tg000002l:137323480-142462680_rc	3545200	3545718	+	518	1.0	1.0	29	1
apr007_2	apr007#2	WHR1B	WHR1	apr007#2#h2tg000002l:137323480-142462680_rc	3577937	3578455	+	518	1.0	0.9980694980694981	0	1
apr008_1	apr008#1	WHR1	WHR1	apr008#1#h1tg000006l:138382777-143548816_rc	3606400	3616671	+	10272	1.0	0.999123831775701	60	1
apr008_1	apr008#1	CYP21A1P	CYP21	apr008#1#h1tg000006l:138382777-143548816_rc	3640858	3644132	+	3274	1.0	0.9774527726995734	60	1
apr008_1	apr008#1	CYP21A2	CYP21	apr008#1#h1tg000006l:138382777-143548816_rc	3640908	3644132	+	3230	0.9984520123839009	0.9972093023255814	60	1
apr008_1	apr008#1	TNXA	TNX	apr008#1#h1tg000006l:138382777-143548816_rc	3643642	3648365	-	4604	1.0	0.9682472480948349	60	1
apr008_1	apr008#1	TNXB	TNX	apr008#1#h1tg000006l:138382777-143548816_rc	3643640	3711841	-	68186	1.0	0.9979775774895582	60	1
apr008_1	apr008#1	WHR1B	WHR1	apr008#1#h1tg000006l:138382777-143548816_rc	3615756	3616274	+	518	1.0	0.9922779922779923	60	1
apr008_2	apr008#2	WHR1	WHR1	apr008#2#h2tg000008l:28356191-33484508	3556312	3566579	+	10272	1.0	0.9988317757009346	60	1
apr008_2	apr008#2	CYP21A1P	CYP21	apr008#2#h2tg000008l:28356191-33484508	3590765	3594039	+	3274	1.0	0.9771480804387569	0	1
apr008_2	apr008#2	CYP21A1P	CYP21	apr008#2#h2tg000008l:28356191-33484508	3617253	3620527	+	3274	1.0	0.9771480804387569	0	1
apr008_2	apr008#2	CYP21A2	CYP21	apr008#2#h2tg000008l:28356191-33484508	3617298	3620527	+	3230	1.0	0.9981424148606811	0	1
apr008_2	apr008#2	CYP21A2	CYP21	apr008#2#h2tg000008l:28356191-33484508	3590810	3594039	+	3230	1.0	0.9981424148606811	0	1
apr008_2	apr008#2	TNXA	TNX	apr008#2#h2tg000008l:28356191-33484508	3593549	3598272	-	4604	1.0	0.970575783234547	16	1
apr008_2	apr008#2	TNXA	TNX	apr008#2#h2tg000008l:28356191-33484508	3620037	3624760	-	4604	1.0	0.9699407281964437	0	1
apr008_2	apr008#2	TNXB	TNX	apr008#2#h2tg000008l:28356191-33484508	3620035	3688211	-	68186	1.0	0.9987683284457478	60	1
apr008_2	apr008#2	WHR1B	WHR1	apr008#2#h2tg000008l:28356191-33484508	3598518	3599036	+	518	1.0	0.9980694980694981	60	1
apr008_2	apr008#2	WHR1B	WHR1	apr008#2#h2tg000008l:28356191-33484508	3565664	3566182	+	518	1.0	0.9942084942084942	0	1
apr009_1	apr009#1	WHR1	WHR1	apr009#1#h1tg000016l:28450181-33709541	3534335	3544606	+	10272	1.0	0.9988320031146584	60	1
apr009_1	apr009#1	CYP21A1P	CYP21	apr009#1#h1tg000016l:28450181-33709541	3568793	3572067	+	3274	1.0	0.9957238851557727	60	1
apr009_1	apr009#1	CYP21A1P	CYP21	apr009#1#h1tg000016l:28450181-33709541	3621527	3624802	+	3274	1.0	0.9777642400243679	0	1
apr009_1	apr009#1	CYP21A1P	CYP21	apr009#1#h1tg000016l:28450181-33709541	3595161	3598436	+	3274	1.0	0.976850441669205	0	1
apr009_1	apr009#1	CYP21A2	CYP21	apr009#1#h1tg000016l:28450181-33709541	3595206	3598436	+	3230	1.0	0.9981424148606811	24	1
apr009_1	apr009#1	CYP21A2	CYP21	apr009#1#h1tg000016l:28450181-33709541	3621572	3624802	+	3230	1.0	0.9969040247678018	0	1
apr009_1	apr009#1	CYP21A2	CYP21	apr009#1#h1tg000016l:28450181-33709541	3568843	3572067	+	3230	0.9984520123839009	0.9777296628518404	0	1
apr009_1	apr009#1	TNXA	TNX	apr009#1#h1tg000016l:28450181-33709541	3571577	3576181	-	4604	1.0	0.9978279756733276	40	1
apr009_1	apr009#1	TNXA	TNX	apr009#1#h1tg000016l:28450181-33709541	3597946	3602549	-	4604	1.0	0.9960903562119896	0	1
apr009_1	apr009#1	TNXA	TNX	apr009#1#h1tg000016l:28450181-33709541	3624312	3629035	-	4604	1.0	0.9688823031329382	0	1
apr009_1	apr009#1	TNXB	TNX	apr009#1#h1tg000016l:28450181-33709541	3624310	3692489	-	68186	1.0	0.9988855487938998	60	1
apr009_1	apr009#1	WHR1B	WHR1	apr009#1#h1tg000016l:28450181-33709541	3543691	3544209	+	518	1.0	1.0	29	1
apr009_1	apr009#1	WHR1B	WHR1	apr009#1#h1tg000016l:28450181-33709541	3576427	3576945	+	518	1.0	0.9980694980694981	0	1
apr009_1	apr009#1	WHR1B	WHR1	apr009#1#h1tg000016l:28450181-33709541	3602795	3603313	+	518	1.0	0.9961389961389961	0	1
apr009_2	apr009#2	WHR1	WHR1	apr009#2#h2tg000041l:28097238-33212102_rc	3505125	3515397	+	10272	1.0	0.9995132398753894	60	1
apr009_2	apr009#2	CYP21A1P	CYP21	apr009#2#h2tg000041l:28097238-33212102_rc	3539587	3542861	+	3274	1.0	0.9966401954795358	60	1
apr009_2	apr009#2	CYP21A1P	CYP21	apr009#2#h2tg000041l:28097238-33212102_rc	3572322	3575597	+	3274	1.0	0.977155041120926	0	1
apr009_2	apr009#2	CYP21A2	CYP21	apr009#2#h2tg000041l:28097238-33212102_rc	3572367	3575597	+	3230	1.0	0.9984520123839009	60	1
apr009_2	apr009#2	CYP21A2	CYP21	apr009#2#h2tg000041l:28097238-33212102_rc	3539637	3542861	+	3230	0.9984520123839009	0.9777296628518404	0	1
apr009_2	apr009#2	TNXA	TNX	apr009#2#h2tg000041l:28097238-33212102_rc	3542371	3546975	-	4604	1.0	0.9971763683753258	38	1
apr009_2	apr009#2	TNXA	TNX	apr009#2#h2tg000041l:28097238-33212102_rc	3575107	3579830	-	4604	1.0	0.970575783234547	0	1
apr009_2	apr009#2	TNXB	TNX	apr009#2#h2tg000041l:28097238-33212102_rc	3575105	3643296	-	68186	1.0	0.9994281273369796	60	1
apr009_2	apr009#2	WHR1B	WHR1	apr009#2#h2tg000041l:28097238-33212102_rc	3547221	3547739	+	518	1.0	0.9980694980694981	34	1
apr009_2	apr009#2	WHR1B	WHR1	apr009#2#h2tg000041l:28097238-33212102_rc	3514482	3515000	+	518	1.0	0.9961389961389961	0	1
apr010_1	apr010#1	WHR1	WHR1	apr010#1#h1tg000018l:28446120-33705764	3537813	3548086	+	10272	1.0	0.9992212596125767	60	1
apr010_1	apr010#1	CYP21A1P	CYP21	apr010#1#h1tg000018l:28446120-33705764	3572273	3575547	+	3274	1.0	0.9957238851557727	60	1
apr010_1	apr010#1	CYP21A1P	CYP21	apr010#1#h1tg000018l:28446120-33705764	3625007	3628282	+	3274	1.0	0.9777642400243679	0	1
apr010_1	apr010#1	CYP21A1P	CYP21	apr010#1#h1tg000018l:28446120-33705764	3598641	3601916	+	3274	1.0	0.976850441669205	0	1
apr010_1	apr010#1	CYP21A2	CYP21	apr010#1#h1tg000018l:28446120-33705764	3598686	3601916	+	3230	1.0	0.9981424148606811	24	1
apr010_1	apr010#1	CYP21A2	CYP21	apr010#1#h1tg000018l:28446120-33705764	3625052	3628282	+	3230	1.0	0.9969040247678018	0	1
apr010_1	apr010#1	CYP21A2	CYP21	apr010#1#h1tg000018l:28446120-33705764	3572323	3575547	+	3230	0.9984520123839009	0.9777296628518404	0	1
apr010_1	apr010#1	TNXA	TNX	apr010#1#h1tg000018l:28446120-33705764	3575057	3579661	-	4604	1.0	0.9978279756733276	40	1
apr010_1	apr010#1	TNXA	TNX	apr010#1#h1tg000018l:28446120-33705764	3601426	3606029	-	4604	1.0	0.9960903562119896	0	1
apr010_1	apr010#1	TNXA	TNX	apr010#1#h1tg000018l:28446120-33705764	3627792	3632515	-	4604	1.0	0.9688823031329382	0	1
apr010_1	apr010#1	TNXB	TNX	apr010#1#h1tg000018l:28446120-33705764	3627790	3695970	-	68186	1.0	0.9988709015191507	60	1
apr010_1	apr010#1	WHR1B	WHR1	apr010#1#h1tg000018l:28446120-33705764	3547171	3547689	+	518	1.0	1.0	29	1
apr010_1	apr010#1	WHR1B	WHR1	apr010#1#h1tg000018l:28446120-33705764	3579907	3580425	+	518	1.0	0.9980694980694981	0	1
apr010_1	apr010#1	WHR1B	WHR1	apr010#1#h1tg000018l:28446120-33705764	3606275	3606793	+	518	1.0	0.9961389961389961	0	1
apr010_2	apr010#2	WHR1	WHR1	apr010#2#h2tg000013l:28422940-33602432	3567986	3578258	+	10272	1.0	0.9989293361884368	60	1
apr010_2	apr010#2	CYP21A1P	CYP21	apr010#2#h2tg000013l:28422940-33602432	3602447	3605721	+	3274	1.0	0.9975565058032987	60	1
apr010_2	apr010#2	CYP21A1P	CYP21	apr010#2#h2tg000013l:28422940-33602432	3635182	3638454	+	3274	1.0	0.9777642400243679	0	1
apr010_2	apr010#2	CYP21A2	CYP21	apr010#2#h2tg000013l:28422940-33602432	3635227	3638454	+	3230	1.0	0.9962848297213622	60	1
apr010_2	apr010#2	CYP21A2	CYP21	apr010#2#h2tg000013l:28422940-33602432	3602497	3605721	+	3230	0.9984520123839009	0.9780389730900093	0	1
apr010_2	apr010#2	TNXA	TNX	apr010#2#h2tg000013l:28422940-33602432	3605231	3609835	-	4604	1.0	0.9973935708079931	60	1
apr010_2	apr010#2	TNXA	TNX	apr010#2#h2tg000013l:28422940-33602432	3637964	3642687	-	4604	1.0	0.9688823031329382	0	1
apr010_2	apr010#2	TNXB	TNX	apr010#2#h2tg000013l:28422940-33602432	3637962	3706144	-	68186	1.0	0.9987830804193241	60	1
apr010_2	apr010#2	WHR1B	WHR1	apr010#2#h2tg000013l:28422940-33602432	3610081	3610599	+	518	1.0	0.9980694980694981	60	1
apr010_2	apr010#2	WHR1B	WHR1	apr010#2#h2tg000013l:28422940-33602432	3577343	3577861	+	518	1.0	0.9942084942084942	0	1
apr011_1	apr011#1	WHR1	WHR1	apr011#1#h1tg000019l:138093078-143261017_rc	3623912	3634175	+	10272	1.0	0.9982476635514018	60	1
apr011_1	apr011#1	CYP21A1P	CYP21	apr011#1#h1tg000019l:138093078-143261017_rc	3658362	3661637	+	3274	1.0	0.9777642400243679	60	1
apr011_1	apr011#1	CYP21A2	CYP21	apr011#1#h1tg000019l:138093078-143261017_rc	3658407	3661637	+	3230	1.0	0.9990712074303405	60	1
apr011_1	apr011#1	TNXA	TNX	apr011#1#h1tg000019l:138093078-143261017_rc	3661147	3665870	-	4604	1.0	0.9701524132091448	60	1
apr011_1	apr011#1	TNXB	TNX	apr011#1#h1tg000019l:138093078-143261017_rc	3661145	3729333	-	68186	1.0	0.9995307505059096	60	1
apr011_1	apr011#1	WHR1B	WHR1	apr011#1#h1tg000019l:138093078-143261017_rc	3633263	3633778	+	518	1.0	0.9884169884169884	60	1
apr011_2	apr011#2	WHR1	WHR1	apr011#2#h2tg000011l:137856776-142978436_rc	3549770	3560032	+	10272	1.0	0.9983450155763239	60	1
apr011_2	apr011#2	CYP21A1P	CYP21	apr011#2#h2tg000011l:137856776-142978436_rc	3584217	3587491	+	3274	1.0	0.9771480804387569	0	1
apr011_2	apr011#2	CYP21A1P	CYP21	apr011#2#h2tg000011l:137856776-142978436_rc	3610705	3613979	+	3274	1.0	0.9771480804387569	0	1
apr011_2	apr011#2	CYP21A2	CYP21	apr011#2#h2tg000011l:137856776-142978436_rc	3584262	3587491	+	3230	1.0	0.9981424148606811	0	1
apr011_2	apr011#2	CYP21A2	CYP21	apr011#2#h2tg000011l:137856776-142978436_rc	3610750	3613979	+	3230	1.0	0.9981424148606811	0	1
apr011_2	apr011#2	TNXA	TNX	apr011#2#h2tg000011l:137856776-142978436_rc	3587001	3591724	-	4604	1.0	0.970575783234547	16	1
apr011_2	apr011#2	TNXA	TNX	apr011#2#h2tg000011l:137856776-142978436_rc	3613489	3618212	-	4604	1.0	0.9699407281964437	0	1
apr011_2	apr011#2	TNXB	TNX	apr011#2#h2tg000011l:137856776-142978436_rc	3613487	3681660	-	68186	1.0	0.9988122644691115	60	1
apr011_2	apr011#2	WHR1B	WHR1	apr011#2#h2tg000011l:137856776-142978436_rc	3591970	3592488	+	518	1.0	0.9980694980694981	60	1
apr011_2	apr011#2	WHR1B	WHR1	apr011#2#h2tg000011l:137856776-142978436_rc	3559117	3559635	+	518	1.0	0.9942084942084942	0	1
apr012_1	apr012#1	WHR1	WHR1	apr012#1#h1tg000008l:28396959-33512282	3542821	3553088	+	10272	1.0	0.9988317757009346	60	1
apr012_1	apr012#1	CYP21A1P	CYP21	apr012#1#h1tg000008l:28396959-33512282	3603762	3607036	+	3274	1.0	0.9771480804387569	0	1
apr012_1	apr012#1	CYP21A1P	CYP21	apr012#1#h1tg000008l:28396959-33512282	3577274	3580548	+	3274	1.0	0.9771480804387569	0	1
apr012_1	apr012#1	CYP21A2	CYP21	apr012#1#h1tg000008l:28396959-33512282	3603807	3607036	+	3230	1.0	0.9981424148606811	0	1
apr012_1	apr012#1	CYP21A2	CYP21	apr012#1#h1tg000008l:28396959-33512282	3577319	3580548	+	3230	1.0	0.9981424148606811	0	1
apr012_1	apr012#1	TNXA	TNX	apr012#1#h1tg000008l:28396959-33512282	3580058	3584781	-	4604	1.0	0.970575783234547	16	1
apr012_1	apr012#1	TNXA	TNX	apr012#1#h1tg000008l:28396959-33512282	3606546	3611269	-	4604	1.0	0.9699407281964437	0	1
apr012_1	apr012#1	TNXB	TNX	apr012#1#h1tg000008l:28396959-33512282	3606544	3674715	-	68186	1.0	0.9987682742642638	60	1
apr012_1	apr012#1	WHR1B	WHR1	apr012#1#h1tg000008l:28396959-33512282	3585027	3585545	+	518	1.0	0.9980694980694981	60	1
apr012_1	apr012#1	WHR1B	WHR1	apr012#1#h1tg000008l:28396959-33512282	3552173	3552691	+	518	1.0	0.9942084942084942	0	1
apr012_2	apr012#2	WHR1	WHR1	apr012#2#h2tg000016l:138252661-143421402_rc	3623343	3633616	+	10272	1.0	0.9995132872578604	60	1
apr012_2	apr012#2	CYP21A1P	CYP21	apr012#2#h2tg000016l:138252661-143421402_rc	3657803	3661078	+	3274	1.0	0.977459640572647	60	1
apr012_2	apr012#2	CYP21A2	CYP21	apr012#2#h2tg000016l:138252661-143421402_rc	3657848	3661078	+	3230	1.0	0.9981424148606811	60	1
apr012_2	apr012#2	TNXA	TNX	apr012#2#h2tg000016l:138252661-143421402_rc	3660588	3665311	-	4604	1.0	0.9699407281964437	60	1
apr012_2	apr012#2	TNXB	TNX	apr012#2#h2tg000016l:138252661-143421402_rc	3660586	3728741	-	68186	1.0	0.9992080834152136	60	1
apr012_2	apr012#2	WHR1B	WHR1	apr012#2#h2tg000016l:138252661-143421402_rc	3632701	3633219	+	518	1.0	0.9961389961389961	60	1
apr013_1	apr013#1	WHR1	WHR1	apr013#1#h1tg000002l:139940690-145014712_rc	3498051	3508321	+	10272	1.0	0.9990264797507789	60	1
apr013_1	apr013#1	CYP21A1P	CYP21	apr013#1#h1tg000002l:139940690-145014712_rc	3532507	3535782	+	3274	1.0	0.976850441669205	60	1
apr013_1	apr013#1	CYP21A2	CYP21	apr013#1#h1tg000002l:139940690-145014712_rc	3532552	3535782	+	3230	1.0	0.9972136222910216	60	1
apr013_1	apr013#1	TNXA	TNX	apr013#1#h1tg000002l:139940690-145014712_rc	3535292	3540015	-	4604	1.0	0.9703640982218459	60	1
apr013_1	apr013#1	TNXB	TNX	apr013#1#h1tg000002l:139940690-145014712_rc	3535290	3603487	-	68186	1.0	0.9993255428646833	60	1
apr013_1	apr013#1	WHR1B	WHR1	apr013#1#h1tg000002l:139940690-145014712_rc	3507406	3507924	+	518	1.0	0.9942084942084942	60	1
apr013_2	apr013#2	WHR1	WHR1	apr013#2#h2tg000027l:138555153-143729247_rc	3548154	3558426	+	10272	1.0	1.0	60	1
apr013_2	apr013#2	CYP21A1P	CYP21	apr013#2#h2tg000027l:138555153-143729247_rc	3582615	3585889	+	3274	1.0	1.0	60	1
apr013_2	apr013#2	CYP21A1P	CYP21	apr013#2#h2tg000027l:138555153-143729247_rc	3615350	3618625	+	3274	1.0	0.9783734389278099	0	1
apr013_2	apr013#2	CYP21A2	CYP21	apr013#2#h2tg000027l:138555153-143729247_rc	3615395	3618625	+	3230	1.0	0.9993808049535604	60	1
apr013_2	apr013#2	CYP21A2	CYP21	apr013#2#h2tg000027l:138555153-143729247_rc	3582665	3585889	+	3230	0.9984520123839009	0.9780389730900093	0	1
apr013_2	apr013#2	TNXA	TNX	apr013#2#h2tg000027l:138555153-143729247_rc	3585399	3590003	-	4604	1.0	0.9995655951346655	60	1
apr013_2	apr013#2	TNXA	TNX	apr013#2#h2tg000027l:138555153-143729247_rc	3618135	3622858	-	4604	1.0	0.970575783234547	0	1
apr013_2	apr013#2	TNXB	TNX	apr013#2#h2tg000027l:138555153-143729247_rc	3618133	3686348	-	68186	1.0	0.9994722645713615	60	1
apr013_2	apr013#2	WHR1B	WHR1	apr013#2#h2tg000027l:138555153-143729247_rc	3590249	3590767	+	518	1.0	1.0	60	1
apr013_2	apr013#2	WHR1B	WHR1	apr013#2#h2tg000027l:138555153-143729247_rc	3557511	3558029	+	518	1.0	0.9942084942084942	0	1
apr014_1	apr014#1	WHR1	WHR1	apr014#1#h1tg000020l:28366313-33554706	3616252	3626519	+	10272	1.0	0.9988317757009346	60	1
apr014_1	apr014#1	CYP21A1P	CYP21	apr014#1#h1tg000020l:28366313-33554706	3650705	3653979	+	3274	1.0	0.9771480804387569	0	1
apr014_1	apr014#1	CYP21A1P	CYP21	apr014#1#h1tg000020l:28366313-33554706	3677193	3680467	+	3274	1.0	0.9771480804387569	0	1
apr014_1	apr014#1	CYP21A2	CYP21	apr014#1#h1tg000020l:28366313-33554706	3677238	3680467	+	3230	1.0	0.9981424148606811	0	1
apr014_1	apr014#1	CYP21A2	CYP21	apr014#1#h1tg000020l:28366313-33554706	3650750	3653979	+	3230	1.0	0.9981424148606811	0	1
apr014_1	apr014#1	TNXA	TNX	apr014#1#h1tg000020l:28366313-33554706	3653489	3658212	-	4604	1.0	0.970575783234547	12	1
apr014_1	apr014#1	TNXA	TNX	apr014#1#h1tg000020l:28366313-33554706	3679977	3684700	-	4604	1.0	0.9701524132091448	0	1
apr014_1	apr014#1	TNXB	TNX	apr014#1#h1tg000020l:28366313-33554706	3679975	3748150	-	68186	1.0	0.9987683103857827	60	1
apr014_1	apr014#1	WHR1B	WHR1	apr014#1#h1tg000020l:28366313-33554706	3658458	3658976	+	518	1.0	0.9980694980694981	60	1
apr014_1	apr014#1	WHR1B	WHR1	apr014#1#h1tg000020l:28366313-33554706	3625604	3626122	+	518	1.0	0.9942084942084942	0	1
apr014_2	apr014#2	WHR1	WHR1	apr014#2#h2tg000006l:26691275-31885063_rc	3619224	3629496	+	10272	1.0	0.9994158878504673	60	1
apr014_2	apr014#2	CYP21A1P	CYP21	apr014#2#h2tg000006l:26691275-31885063_rc	3653685	3656959	+	3274	1.0	0.9966401954795358	60	1
apr014_2	apr014#2	CYP21A1P	CYP21	apr014#2#h2tg000006l:26691275-31885063_rc	3680052	3683327	+	3274	1.0	0.976850441669205	0	1
apr014_2	apr014#2	CYP21A2	CYP21	apr014#2#h2tg000006l:26691275-31885063_rc	3680097	3683327	+	3230	1.0	0.9978328173374613	60	1
apr014_2	apr014#2	CYP21A2	CYP21	apr014#2#h2tg000006l:26691275-31885063_rc	3653735	3656959	+	3230	0.9984520123839009	0.9777296628518404	0	1
apr014_2	apr014#2	TNXA	TNX	apr014#2#h2tg000006l:26691275-31885063_rc	3656469	3661073	-	4604	1.0	0.9963075586446568	23	1
apr014_2	apr014#2	TNXA	TNX	apr014#2#h2tg000006l:26691275-31885063_rc	3682837	3687560	-	4604	1.0	0.9703640982218459	0	1
apr014_2	apr014#2	TNXB	TNX	apr014#2#h2tg000006l:26691275-31885063_rc	3682835	3751018	-	68186	1.0	0.9994134295308903	60	1
apr014_2	apr014#2	WHR1B	WHR1	apr014#2#h2tg000006l:26691275-31885063_rc	3661319	3661837	+	518	1.0	0.9961389961389961	35	1
apr014_2	apr014#2	WHR1B	WHR1	apr014#2#h2tg000006l:26691275-31885063_rc	3628581	3629099	+	518	1.0	0.9942084942084942	0	1
apr015_1	apr015#1	WHR1	WHR1	apr015#1#h1tg000012l:28398223-33522774	3552743	3563010	+	10272	1.0	0.9988317757009346	60	1
apr015_1	apr015#1	CYP21A1P	CYP21	apr015#1#h1tg000012l:28398223-33522774	3613684	3616958	+	3274	1.0	0.9771480804387569	0	1
apr015_1	apr015#1	CYP21A1P	CYP21	apr015#1#h1tg000012l:28398223-33522774	3587196	3590470	+	3274	1.0	0.9771480804387569	0	1
apr015_1	apr015#1	CYP21A2	CYP21	apr015#1#h1tg000012l:28398223-33522774	3587241	3590470	+	3230	1.0	0.9981424148606811	0	1
apr015_1	apr015#1	CYP21A2	CYP21	apr015#1#h1tg000012l:28398223-33522774	3613729	3616958	+	3230	1.0	0.9981424148606811	0	1
apr015_1	apr015#1	TNXA	TNX	apr015#1#h1tg000012l:28398223-33522774	3589980	3594703	-	4604	1.0	0.970575783234547	16	1
apr015_1	apr015#1	TNXA	TNX	apr015#1#h1tg000012l:28398223-33522774	3616468	3621191	-	4604	1.0	0.9699407281964437	0	1
apr015_1	apr015#1	TNXB	TNX	apr015#1#h1tg000012l:28398223-33522774	3616466	3684640	-	68186	1.0	0.9987976186984956	60	1
apr015_1	apr015#1	WHR1B	WHR1	apr015#1#h1tg000012l:28398223-33522774	3594949	3595467	+	518	1.0	0.9980694980694981	60	1
apr015_1	apr015#1	WHR1B	WHR1	apr015#1#h1tg000012l:28398223-33522774	3562095	3562613	+	518	1.0	0.9942084942084942	0	1
apr015_2	apr015#2	WHR1	WHR1	apr015#2#h2tg000018l:138433262-143524291_rc	3552468	3562735	+	10272	1.0	0.9988317757009346	60	1
apr015_2	apr015#2	CYP21A1P	CYP21	apr015#2#h2tg000018l:138433262-143524291_rc	3586921	3590195	+	3274	1.0	0.9771480804387569	60	1
apr015_2	apr015#2	CYP21A2	CYP21	apr015#2#h2tg000018l:138433262-143524291_rc	3586966	3590195	+	3230	1.0	0.9981424148606811	60	1
apr015_2	apr015#2	TNXA	TNX	apr015#2#h2tg000018l:138433262-143524291_rc	3589705	3594428	-	4604	1.0	0.9699407281964437	60	1
apr015_2	apr015#2	TNXB	TNX	apr015#2#h2tg000018l:138433262-143524291_rc	3589703	3657877	-	68186	1.0	0.9987976186984956	60	1
apr015_2	apr015#2	WHR1B	WHR1	apr015#2#h2tg000018l:138433262-143524291_rc	3561820	3562338	+	518	1.0	0.9942084942084942	60	1
apr016_1	apr016#1	WHR1	WHR1	apr016#1#h1tg000012l:137906206-143057420_rc	3548170	3558442	+	10272	1.0	0.9988320031146584	60	1
apr016_1	apr016#1	CYP21A1P	CYP21	apr016#1#h1tg000012l:137906206-143057420_rc	3582631	3585905	+	3274	1.0	0.9987782529016493	60	1
apr016_1	apr016#1	CYP21A1P	CYP21	apr016#1#h1tg000012l:137906206-143057420_rc	3608998	3612272	+	3274	1.0	0.9771480804387569	0	1
apr016_1	apr016#1	CYP21A2	CYP21	apr016#1#h1tg000012l:137906206-143057420_rc	3609043	3612272	+	3230	1.0	0.9984520123839009	60	1
apr016_1	apr016#1	CYP21A2	CYP21	apr016#1#h1tg000012l:137906206-143057420_rc	3582681	3585905	+	3230	0.9984520123839009	0.9780389730900093	0	1
apr016_1	apr016#1	TNXA	TNX	apr016#1#h1tg000012l:137906206-143057420_rc	3585415	3590019	-	4604	1.0	0.9963075586446568	39	1
apr016_1	apr016#1	TNXA	TNX	apr016#1#h1tg000012l:137906206-143057420_rc	3611782	3616505	-	4604	1.0	0.9697290431837426	0	1
apr016_1	apr016#1	TNXB	TNX	apr016#1#h1tg000012l:137906206-143057420_rc	3611780	3679980	-	68186	1.0	0.9993255824182269	60	1
apr016_1	apr016#1	WHR1B	WHR1	apr016#1#h1tg000012l:137906206-143057420_rc	3590265	3590783	+	518	1.0	0.9980694980694981	60	1
apr016_1	apr016#1	WHR1B	WHR1	apr016#1#h1tg000012l:137906206-143057420_rc	3557527	3558045	+	518	1.0	0.9922779922779923	0	1
apr016_2	apr016#2	WHR1	WHR1	apr016#2#h2tg000005l:138332729-143447191_rc	3537935	3548208	+	10272	1.0	0.9990266692622153	60	1
apr016_2	apr016#2	CYP21A1P	CYP21	apr016#2#h2tg000005l:138332729-143447191_rc	3572397	3575671	+	3274	1.0	0.998167379352474	60	1
apr016_2	apr016#2	CYP21A1P	CYP21	apr016#2#h2tg000005l:138332729-143447191_rc	3605132	3608404	+	3274	1.0	0.9777642400243679	0	1
apr016_2	apr016#2	CYP21A2	CYP21	apr016#2#h2tg000005l:138332729-143447191_rc	3605177	3608404	+	3230	1.0	0.9962848297213622	60	1
apr016_2	apr016#2	CYP21A2	CYP21	apr016#2#h2tg000005l:138332729-143447191_rc	3572447	3575671	+	3230	0.9984520123839009	0.9780389730900093	0	1
apr016_2	apr016#2	TNXA	TNX	apr016#2#h2tg000005l:138332729-143447191_rc	3575181	3579785	-	4604	1.0	0.9980451781059948	60	1
apr016_2	apr016#2	TNXA	TNX	apr016#2#h2tg000005l:138332729-143447191_rc	3607914	3612637	-	4604	1.0	0.9690939881456393	0	1
apr016_2	apr016#2	TNXB	TNX	apr016#2#h2tg000005l:138332729-143447191_rc	3607912	3676093	-	68186	1.0	0.9987390768869862	60	1
apr016_2	apr016#2	WHR1B	WHR1	apr016#2#h2tg000005l:138332729-143447191_rc	3580031	3580549	+	518	1.0	0.9980694980694981	60	1
apr016_2	apr016#2	WHR1B	WHR1	apr016#2#h2tg000005l:138332729-143447191_rc	3547293	3547811	+	518	1.0	0.9942084942084942	0	1
apr018_1	apr018#1	WHR1	WHR1	apr018#1#h1tg000018l:28377039-33450879	3553423	3563697	+	10272	1.0	0.9991240023359937	60	1
apr018_1	apr018#1	CYP21A1P	CYP21	apr018#1#h1tg000018l:28377039-33450879	3587886	3591160	+	3274	1.0	0.998167379352474	60	1
apr018_1	apr018#1	CYP21A1P	CYP21	apr018#1#h1tg000018l:28377039-33450879	3620621	3623893	+	3274	1.0	0.977459640572647	0	1
apr018_1	apr018#1	CYP21A2	CYP21	apr018#1#h1tg000018l:28377039-33450879	3620666	3623893	+	3230	1.0	0.9962848297213622	60	1
apr018_1	apr018#1	CYP21A2	CYP21	apr018#1#h1tg000018l:28377039-33450879	3587936	3591160	+	3230	0.9984520123839009	0.9780389730900093	0	1
apr018_1	apr018#1	TNXA	TNX	apr018#1#h1tg000018l:28377039-33450879	3590670	3595274	-	4604	1.0	0.998262380538662	60	1
apr018_1	apr018#1	TNXA	TNX	apr018#1#h1tg000018l:28377039-33450879	3623403	3628126	-	4604	1.0	0.9688823031329382	0	1
apr018_1	apr018#1	TNXB	TNX	apr018#1#h1tg000018l:28377039-33450879	3623401	3691595	-	68186	1.0	0.9988711001642037	60	1
apr018_1	apr018#1	WHR1B	WHR1	apr018#1#h1tg000018l:28377039-33450879	3595520	3596038	+	518	1.0	0.9980694980694981	60	1
apr018_1	apr018#1	WHR1B	WHR1	apr018#1#h1tg000018l:28377039-33450879	3562782	3563300	+	518	1.0	0.9942084942084942	0	1
apr018_2	apr018#2	WHR1	WHR1	apr018#2#h2tg000022l:28395345-33526946	3542017	3552281	+	10272	1.0	0.9980531490314416	60	1
apr018_2	apr018#2	CYP21A1P	CYP21	apr018#2#h2tg000022l:28395345-33526946	3576470	3579744	+	3274	1.0	0.9957238851557727	60	1
apr018_2	apr018#2	CYP21A1P	CYP21	apr018#2#h2tg000022l:28395345-33526946	3602836	3606111	+	3274	1.0	0.9777642400243679	0	1
apr018_2	apr018#2	CYP21A2	CYP21	apr018#2#h2tg000022l:28395345-33526946	3602881	3606111	+	3230	1.0	0.9978328173374613	60	1
apr018_2	apr018#2	CYP21A2	CYP21	apr018#2#h2tg000022l:28395345-33526946	3576520	3579744	+	3230	0.9984520123839009	0.9798948345190226	0	1
apr018_2	apr018#2	TNXA	TNX	apr018#2#h2tg000022l:28395345-33526946	3579254	3583858	-	4604	1.0	0.9956559513466551	34	1
apr018_2	apr018#2	TNXA	TNX	apr018#2#h2tg000022l:28395345-33526946	3605621	3610344	-	4604	1.0	0.9693056731583404	0	1
apr018_2	apr018#2	TNXB	TNX	apr018#2#h2tg000022l:28395345-33526946	3605619	3673805	-	68186	1.0	0.9989735618868866	60	1
apr018_2	apr018#2	WHR1B	WHR1	apr018#2#h2tg000022l:28395345-33526946	3584104	3584622	+	518	1.0	0.9961389961389961	60	1
apr018_2	apr018#2	WHR1B	WHR1	apr018#2#h2tg000022l:28395345-33526946	3551369	3551884	+	518	1.0	0.9884169884169884	0	1
apr019_1	apr019#1	WHR1	WHR1	apr019#1#h1tg000006l:137597617-142800733_rc	3545142	3555404	+	10272	1.0	0.9979558064830137	60	1
apr019_1	apr019#1	CYP21A1P	CYP21	apr019#1#h1tg000006l:137597617-142800733_rc	3579589	3582864	+	3274	1.0	0.977459640572647	60	1
apr019_1	apr019#1	CYP21A2	CYP21	apr019#1#h1tg000006l:137597617-142800733_rc	3579634	3582864	+	3230	1.0	0.9975232198142415	60	1
apr019_1	apr019#1	TNXA	TNX	apr019#1#h1tg000006l:137597617-142800733_rc	3582374	3587097	-	4604	1.0	0.9695173581710415	60	1
apr019_1	apr019#1	TNXB	TNX	apr019#1#h1tg000006l:137597617-142800733_rc	3582372	3650558	-	68186	1.0	0.9989735618868866	60	1
apr019_1	apr019#1	WHR1B	WHR1	apr019#1#h1tg000006l:137597617-142800733_rc	3554492	3555007	+	518	1.0	0.9884169884169884	60	1
apr019_2	apr019#2	WHR1	WHR1	apr019#2#h2tg000009l:25947834-31066127_rc	3552274	3562535	+	10272	1.0	0.9978582554517134	60	1
apr019_2	apr019#2	CYP21A1P	CYP21	apr019#2#h2tg000009l:25947834-31066127_rc	3586723	3589997	+	3274	1.0	0.9771480804387569	60	1
apr019_2	apr019#2	CYP21A2	CYP21	apr019#2#h2tg000009l:25947834-31066127_rc	3586768	3589997	+	3230	1.0	0.9975232198142415	60	1
apr019_2	apr019#2	TNXA	TNX	apr019#2#h2tg000009l:25947834-31066127_rc	3589507	3594242	-	4604	1.0	0.9668426610348468	60	1
apr019_2	apr019#2	TNXB	TNX	apr019#2#h2tg000009l:25947834-31066127_rc	3589505	3657712	-	68186	1.0	0.9984902894833272	60	1
apr019_2	apr019#2	WHR1B	WHR1	apr019#2#h2tg000009l:25947834-31066127_rc	3561623	3562138	+	518	1.0	0.9884169884169884	60	1
apr020_1	apr020#1	WHR1	WHR1	apr020#1#h1tg000001l:28463230-33620049	3553708	3563982	+	10272	1.0	0.9992213354097722	60	1
apr020_1	apr020#1	CYP21A1P	CYP21	apr020#1#h1tg000001l:28463230-33620049	3588170	3591444	+	3274	1.0	0.9987782529016493	60	1
apr020_1	apr020#1	CYP21A1P	CYP21	apr020#1#h1tg000001l:28463230-33620049	3614536	3617811	+	3274	1.0	0.977155041120926	0	1
apr020_1	apr020#1	CYP21A2	CYP21	apr020#1#h1tg000001l:28463230-33620049	3614586	3617811	+	3230	0.9984520123839009	0.9987596899224807	60	1
apr020_1	apr020#1	CYP21A2	CYP21	apr020#1#h1tg000001l:28463230-33620049	3588220	3591444	+	3230	0.9984520123839009	0.9774203526136716	0	1
apr020_1	apr020#1	TNXA	TNX	apr020#1#h1tg000001l:28463230-33620049	3590954	3595558	-	4604	1.0	0.9980451781059948	52	1
apr020_1	apr020#1	TNXA	TNX	apr020#1#h1tg000001l:28463230-33620049	3617321	3622044	-	4604	1.0	0.970787468247248	0	1
apr020_1	apr020#1	TNXB	TNX	apr020#1#h1tg000001l:28463230-33620049	3617319	3685524	-	68186	1.0	0.9990764359222447	60	1
apr020_1	apr020#1	WHR1B	WHR1	apr020#1#h1tg000001l:28463230-33620049	3595804	3596322	+	518	1.0	0.9961389961389961	43	1
apr020_1	apr020#1	WHR1B	WHR1	apr020#1#h1tg000001l:28463230-33620049	3563067	3563585	+	518	1.0	0.9942084942084942	0	1
apr020_2	apr020#2	WHR1	WHR1	apr020#2#h2tg000007l:137677150-142774159_rc	3549943	3560216	+	10272	1.0	0.9995132872578604	60	1
apr020_2	apr020#2	CYP21A1P	CYP21	apr020#2#h2tg000007l:137677150-142774159_rc	3584403	3587678	+	3274	1.0	0.977459640572647	60	1
apr020_2	apr020#2	CYP21A2	CYP21	apr020#2#h2tg000007l:137677150-142774159_rc	3584448	3587678	+	3230	1.0	0.9981424148606811	60	1
apr020_2	apr020#2	TNXA	TNX	apr020#2#h2tg000007l:137677150-142774159_rc	3587188	3591911	-	4604	1.0	0.9699407281964437	60	1
apr020_2	apr020#2	TNXB	TNX	apr020#2#h2tg000007l:137677150-142774159_rc	3587186	3655336	-	68186	1.0	0.9991054275616301	60	1
apr020_2	apr020#2	WHR1B	WHR1	apr020#2#h2tg000007l:137677150-142774159_rc	3559301	3559819	+	518	1.0	0.9961389961389961	60	1
apr021_1	apr021#1	WHR1	WHR1	apr021#1#h1tg000013l:137920389-143048373_rc	3550104	3560377	+	10272	1.0	0.9994159447094325	60	1
apr021_1	apr021#1	CYP21A1P	CYP21	apr021#1#h1tg000013l:137920389-143048373_rc	3584567	3587841	+	3274	1.0	0.9966401954795358	60	1
apr021_1	apr021#1	CYP21A1P	CYP21	apr021#1#h1tg000013l:137920389-143048373_rc	3617302	3620578	+	3274	1.0	0.9777642400243679	0	1
apr021_1	apr021#1	CYP21A2	CYP21	apr021#1#h1tg000013l:137920389-143048373_rc	3617347	3620578	+	3230	1.0	0.9972144846796658	60	1
apr021_1	apr021#1	CYP21A2	CYP21	apr021#1#h1tg000013l:137920389-143048373_rc	3584617	3587841	+	3230	0.9984520123839009	0.9777296628518404	0	1
apr021_1	apr021#1	TNXA	TNX	apr021#1#h1tg000013l:137920389-143048373_rc	3587351	3591955	-	4604	1.0	0.9976107732406603	40	1
apr021_1	apr021#1	TNXA	TNX	apr021#1#h1tg000013l:137920389-143048373_rc	3620088	3624811	-	4604	1.0	0.970787468247248	0	1
apr021_1	apr021#1	TNXB	TNX	apr021#1#h1tg000013l:137920389-143048373_rc	3620086	3688265	-	68186	1.0	0.9993401082222515	60	1
apr021_1	apr021#1	WHR1B	WHR1	apr021#1#h1tg000013l:137920389-143048373_rc	3592201	3592719	+	518	1.0	0.9980694980694981	34	1
apr021_1	apr021#1	WHR1B	WHR1	apr021#1#h1tg000013l:137920389-143048373_rc	3559462	3559980	+	518	1.0	0.9961389961389961	0	1
apr021_2	apr021#2	WHR1	WHR1	apr021#2#h2tg000011l:138901647-144060314_rc	3553506	3563768	+	10272	1.0	0.9978582554517134	60	1
apr021_2	apr021#2	CYP21A1P	CYP21	apr021#2#h2tg000011l:138901647-144060314_rc	3614329	3617603	+	3274	1.0	0.9969456322541234	6	1
apr021_2	apr021#2	CYP21A1P	CYP21	apr021#2#h2tg000011l:138901647-144060314_rc	3587958	3591232	+	3274	1.0	0.9966401954795358	0	1
apr021_2	apr021#2	CYP21A1P	CYP21	apr021#2#h2tg000011l:138901647-144060314_rc	3647063	3650338	+	3274	1.0	0.9780688394760889	0	1
apr021_2	apr021#2	CYP21A2	CYP21	apr021#2#h2tg000011l:138901647-144060314_rc	3647108	3650338	+	3230	1.0	0.9975232198142415	60	1
apr021_2	apr021#2	CYP21A2	CYP21	apr021#2#h2tg000011l:138901647-144060314_rc	3588008	3591232	+	3230	0.9984520123839009	0.9789669038045159	0	1
apr021_2	apr021#2	CYP21A2	CYP21	apr021#2#h2tg000011l:138901647-144060314_rc	3614379	3617603	+	3230	0.9984520123839009	0.9786575935663471	0	1
apr021_2	apr021#2	TNXA	TNX	apr021#2#h2tg000011l:138901647-144060314_rc	3617113	3621717	-	4604	1.0	0.9967419635099913	0	1
apr021_2	apr021#2	TNXA	TNX	apr021#2#h2tg000011l:138901647-144060314_rc	3590742	3595346	-	4604	1.0	0.9967419635099913	0	1
apr021_2	apr021#2	TNXA	TNX	apr021#2#h2tg000011l:138901647-144060314_rc	3649848	3654571	-	4604	1.0	0.9695173581710415	0	1
apr021_2	apr021#2	TNXB	TNX	apr021#2#h2tg000011l:138901647-144060314_rc	3649846	3718099	-	68186	1.0	0.9979345501420912	60	1
apr021_2	apr021#2	WHR1B	WHR1	apr021#2#h2tg000011l:138901647-144060314_rc	3621963	3622481	+	518	1.0	0.9961389961389961	0	1
apr021_2	apr021#2	WHR1B	WHR1	apr021#2#h2tg000011l:138901647-144060314_rc	3595592	3596110	+	518	1.0	0.9961389961389961	0	1
apr021_2	apr021#2	WHR1B	WHR1	apr021#2#h2tg000011l:138901647-144060314_rc	3562856	3563371	+	518	1.0	0.9884169884169884	0	1
apr022_1	apr022#1	WHR1	WHR1	apr022#1#h1tg000011l:137924391-143077833_rc	3550309	3560581	+	10272	1.0	0.9988320031146584	60	1
apr022_1	apr022#1	CYP21A1P	CYP21	apr022#1#h1tg000011l:137924391-143077833_rc	3584770	3588044	+	3274	1.0	0.9984728161270617	60	1
apr022_1	apr022#1	CYP21A1P	CYP21	apr022#1#h1tg000011l:137924391-143077833_rc	3611137	3614412	+	3274	1.0	0.976850441669205	0	1
apr022_1	apr022#1	CYP21A2	CYP21	apr022#1#h1tg000011l:137924391-143077833_rc	3611182	3614412	+	3230	1.0	0.9987616099071207	60	1
apr022_1	apr022#1	CYP21A2	CYP21	apr022#1#h1tg000011l:137924391-143077833_rc	3584820	3588044	+	3230	0.9984520123839009	0.9777296628518404	0	1
apr022_1	apr022#1	TNXA	TNX	apr022#1#h1tg000011l:137924391-143077833_rc	3587554	3592158	-	4604	1.0	0.9960903562119896	40	1
apr022_1	apr022#1	TNXA	TNX	apr022#1#h1tg000011l:137924391-143077833_rc	3613922	3618645	-	4604	1.0	0.9695173581710415	0	1
apr022_1	apr022#1	TNXB	TNX	apr022#1#h1tg000011l:137924391-143077833_rc	3613920	3682129	-	68186	1.0	0.9991790782221179	60	1
apr022_1	apr022#1	WHR1B	WHR1	apr022#1#h1tg000011l:137924391-143077833_rc	3592404	3592922	+	518	1.0	0.9980694980694981	60	1
apr022_1	apr022#1	WHR1B	WHR1	apr022#1#h1tg000011l:137924391-143077833_rc	3559666	3560184	+	518	1.0	0.9922779922779923	0	1
apr022_2	apr022#2	WHR1	WHR1	apr022#2#h2tg000013l:138031891-143184813_rc	3554421	3564695	+	10272	1.0	0.9991240023359937	60	1
apr022_2	apr022#2	CYP21A1P	CYP21	apr022#2#h2tg000013l:138031891-143184813_rc	3588881	3592155	+	3274	1.0	0.9960293219303604	60	1
apr022_2	apr022#2	CYP21A1P	CYP21	apr022#2#h2tg000013l:138031891-143184813_rc	3641616	3644891	+	3274	1.0	0.9777642400243679	0	1
apr022_2	apr022#2	CYP21A1P	CYP21	apr022#2#h2tg000013l:138031891-143184813_rc	3615249	3618524	+	3274	1.0	0.976850441669205	0	1
apr022_2	apr022#2	CYP21A2	CYP21	apr022#2#h2tg000013l:138031891-143184813_rc	3615294	3618524	+	3230	1.0	0.9981424148606811	24	1
apr022_2	apr022#2	CYP21A2	CYP21	apr022#2#h2tg000013l:138031891-143184813_rc	3641661	3644891	+	3230	1.0	0.9969040247678018	0	1
apr022_2	apr022#2	CYP21A2	CYP21	apr022#2#h2tg000013l:138031891-143184813_rc	3588931	3592155	+	3230	0.9984520123839009	0.9780389730900093	0	1
apr022_2	apr022#2	TNXA	TNX	apr022#2#h2tg000013l:138031891-143184813_rc	3591665	3596269	-	4604	1.0	0.9980451781059948	45	1
apr022_2	apr022#2	TNXA	TNX	apr022#2#h2tg000013l:138031891-143184813_rc	3618034	3622637	-	4604	1.0	0.9960903562119896	0	1
apr022_2	apr022#2	TNXA	TNX	apr022#2#h2tg000013l:138031891-143184813_rc	3644401	3649124	-	4604	1.0	0.9688823031329382	0	1
apr022_2	apr022#2	TNXB	TNX	apr022#2#h2tg000013l:138031891-143184813_rc	3644399	3712579	-	68186	1.0	0.9988855651357851	60	1
apr022_2	apr022#2	WHR1B	WHR1	apr022#2#h2tg000013l:138031891-143184813_rc	3563780	3564298	+	518	1.0	1.0	29	1
apr022_2	apr022#2	WHR1B	WHR1	apr022#2#h2tg000013l:138031891-143184813_rc	3596515	3597033	+	518	1.0	0.9980694980694981	0	1
apr022_2	apr022#2	WHR1B	WHR1	apr022#2#h2tg000013l:138031891-143184813_rc	3622883	3623401	+	518	1.0	0.9961389961389961	0	1
apr023_1	apr023#1	WHR1	WHR1	apr023#1#h1tg000014l:137929515-143086735_rc	3555326	3565599	+	10272	1.0	0.9995132872578604	60	1
apr023_1	apr023#1	CYP21A1P	CYP21	apr023#1#h1tg000014l:137929515-143086735_rc	3583421	3586695	+	3274	1.0	0.9966401954795358	60	1
apr023_1	apr023#1	CYP21A1P	CYP21	apr023#1#h1tg000014l:137929515-143086735_rc	3616156	3619430	+	3274	1.0	0.9774527726995734	0	1
apr023_1	apr023#1	CYP21A2	CYP21	apr023#1#h1tg000014l:137929515-143086735_rc	3616201	3619430	+	3230	1.0	0.9987616099071207	60	1
apr023_1	apr023#1	CYP21A2	CYP21	apr023#1#h1tg000014l:137929515-143086735_rc	3583471	3586695	+	3230	0.9984520123839009	0.9783482833281781	0	1
apr023_1	apr023#1	TNXA	TNX	apr023#1#h1tg000014l:137929515-143086735_rc	3586205	3590809	-	4604	1.0	0.9973935708079931	60	1
apr023_1	apr023#1	TNXA	TNX	apr023#1#h1tg000014l:137929515-143086735_rc	3618940	3623663	-	4604	1.0	0.9690939881456393	0	1
apr023_1	apr023#1	TNXB	TNX	apr023#1#h1tg000014l:137929515-143086735_rc	3618938	3687112	-	68186	1.0	0.9993107594843894	60	1
apr023_1	apr023#1	WHR1B	WHR1	apr023#1#h1tg000014l:137929515-143086735_rc	3591055	3591573	+	518	1.0	0.9980694980694981	34	1
apr023_1	apr023#1	WHR1B	WHR1	apr023#1#h1tg000014l:137929515-143086735_rc	3564684	3565202	+	518	1.0	0.9961389961389961	0	1
apr023_2	apr023#2	WHR1	WHR1	apr023#2#h2tg000022l:26641068-31656450_rc	3507538	3517811	+	10272	1.0	0.9995132872578604	60	1
apr023_2	apr023#2	CYP21A1P	CYP21	apr023#2#h2tg000022l:26641068-31656450_rc	3541998	3545273	+	3274	1.0	0.977155041120926	60	1
apr023_2	apr023#2	CYP21A2	CYP21	apr023#2#h2tg000022l:26641068-31656450_rc	3542043	3545273	+	3230	1.0	0.9984520123839009	60	1
apr023_2	apr023#2	TNXA	TNX	apr023#2#h2tg000022l:26641068-31656450_rc	3544783	3549506	-	4604	1.0	0.970575783234547	60	1
apr023_2	apr023#2	TNXB	TNX	apr023#2#h2tg000022l:26641068-31656450_rc	3544781	3612948	-	68186	1.0	0.999281440638198	60	1
apr023_2	apr023#2	WHR1B	WHR1	apr023#2#h2tg000022l:26641068-31656450_rc	3516896	3517414	+	518	1.0	0.9961389961389961	60	1
apr024_1	apr024#1	WHR1	WHR1	apr024#1#h1tg000001l:137801575-142959579_rc	3548545	3558817	+	10272	1.0	1.0	60	1
apr024_1	apr024#1	CYP21A1P	CYP21	apr024#1#h1tg000001l:137801575-142959579_rc	3583006	3586280	+	3274	1.0	1.0	60	1
apr024_1	apr024#1	CYP21A1P	CYP21	apr024#1#h1tg000001l:137801575-142959579_rc	3615740	3619015	+	3274	1.0	0.9780688394760889	0	1
apr024_1	apr024#1	CYP21A2	CYP21	apr024#1#h1tg000001l:137801575-142959579_rc	3615785	3619015	+	3230	1.0	0.9996904024767802	60	1
apr024_1	apr024#1	CYP21A2	CYP21	apr024#1#h1tg000001l:137801575-142959579_rc	3583056	3586280	+	3230	0.9984520123839009	0.9780389730900093	0	1
apr024_1	apr024#1	TNXA	TNX	apr024#1#h1tg000001l:137801575-142959579_rc	3585790	3590394	-	4604	1.0	1.0	60	1
apr024_1	apr024#1	TNXA	TNX	apr024#1#h1tg000001l:137801575-142959579_rc	3618525	3623248	-	4604	1.0	0.9701524132091448	0	1
apr024_1	apr024#1	TNXB	TNX	apr024#1#h1tg000001l:137801575-142959579_rc	3618523	3686717	-	68186	1.0	0.9998386978517486	60	1
apr024_1	apr024#1	WHR1B	WHR1	apr024#1#h1tg000001l:137801575-142959579_rc	3590640	3591158	+	518	1.0	1.0	60	1
apr024_1	apr024#1	WHR1B	WHR1	apr024#1#h1tg000001l:137801575-142959579_rc	3557902	3558420	+	518	1.0	0.9942084942084942	0	1
apr024_2	apr024#2	WHR1	WHR1	apr024#2#h2tg000014l:137766819-142943455_rc	3567364	3577637	+	10272	1.0	0.9990266692622153	60	1
apr024_2	apr024#2	CYP21A1P	CYP21	apr024#2#h2tg000014l:137766819-142943455_rc	3601826	3605100	+	3274	1.0	0.998167379352474	60	1
apr024_2	apr024#2	CYP21A1P	CYP21	apr024#2#h2tg000014l:137766819-142943455_rc	3634561	3637833	+	3274	1.0	0.9777642400243679	0	1
apr024_2	apr024#2	CYP21A2	CYP21	apr024#2#h2tg000014l:137766819-142943455_rc	3634606	3637833	+	3230	1.0	0.996594427244582	60	1
apr024_2	apr024#2	CYP21A2	CYP21	apr024#2#h2tg000014l:137766819-142943455_rc	3601876	3605100	+	3230	0.9984520123839009	0.9780389730900093	0	1
apr024_2	apr024#2	TNXA	TNX	apr024#2#h2tg000014l:137766819-142943455_rc	3604610	3609214	-	4604	1.0	0.998262380538662	60	1
apr024_2	apr024#2	TNXA	TNX	apr024#2#h2tg000014l:137766819-142943455_rc	3637343	3642066	-	4604	1.0	0.9688823031329382	0	1
apr024_2	apr024#2	TNXB	TNX	apr024#2#h2tg000014l:137766819-142943455_rc	3637341	3705533	-	68186	1.0	0.9986952442385504	60	1
apr024_2	apr024#2	WHR1B	WHR1	apr024#2#h2tg000014l:137766819-142943455_rc	3609460	3609978	+	518	1.0	0.9980694980694981	60	1
apr024_2	apr024#2	WHR1B	WHR1	apr024#2#h2tg000014l:137766819-142943455_rc	3576722	3577240	+	518	1.0	0.9942084942084942	0	1
apr025_1	apr025#1	WHR1	WHR1	apr025#1#h1tg000007l:139497787-144647520_rc	3559935	3570199	+	10272	1.0	0.9981504915798696	60	1
apr025_1	apr025#1	CYP21A1P	CYP21	apr025#1#h1tg000007l:139497787-144647520_rc	3594388	3597662	+	3274	1.0	0.9969456322541234	60	1
apr025_1	apr025#1	CYP21A1P	CYP21	apr025#1#h1tg000007l:139497787-144647520_rc	3620754	3624029	+	3274	1.0	0.977459640572647	0	1
apr025_1	apr025#1	CYP21A2	CYP21	apr025#1#h1tg000007l:139497787-144647520_rc	3620799	3624029	+	3230	1.0	0.9975232198142415	60	1
apr025_1	apr025#1	CYP21A2	CYP21	apr025#1#h1tg000007l:139497787-144647520_rc	3594438	3597662	+	3230	0.9984520123839009	0.9786575935663471	0	1
apr025_1	apr025#1	TNXA	TNX	apr025#1#h1tg000007l:139497787-144647520_rc	3597172	3601776	-	4604	1.0	0.9963075586446568	49	1
apr025_1	apr025#1	TNXA	TNX	apr025#1#h1tg000007l:139497787-144647520_rc	3623539	3628262	-	4604	1.0	0.9693056731583404	0	1
apr025_1	apr025#1	TNXB	TNX	apr025#1#h1tg000007l:139497787-144647520_rc	3623537	3691723	-	68186	1.0	0.9990028740688603	60	1
apr025_1	apr025#1	WHR1B	WHR1	apr025#1#h1tg000007l:139497787-144647520_rc	3602022	3602540	+	518	1.0	0.9961389961389961	60	1
apr025_1	apr025#1	WHR1B	WHR1	apr025#1#h1tg000007l:139497787-144647520_rc	3569287	3569802	+	518	1.0	0.9884169884169884	0	1
apr025_2	apr025#2	WHR1	WHR1	apr025#2#h2tg000006l:138571729-143809751_rc	3550912	3561175	+	10272	1.0	0.9981503115264797	60	1
apr025_2	apr025#2	CYP21A1P	CYP21	apr025#2#h2tg000006l:138571729-143809751_rc	3585365	3588639	+	3274	1.0	0.9966401954795358	60	1
apr025_2	apr025#2	CYP21A1P	CYP21	apr025#2#h2tg000006l:138571729-143809751_rc	3611731	3615006	+	3274	1.0	0.9777642400243679	0	1
apr025_2	apr025#2	CYP21A2	CYP21	apr025#2#h2tg000006l:138571729-143809751_rc	3611776	3615006	+	3230	1.0	0.9975232198142415	60	1
apr025_2	apr025#2	CYP21A2	CYP21	apr025#2#h2tg000006l:138571729-143809751_rc	3585415	3588639	+	3230	0.9984520123839009	0.9789669038045159	0	1
apr025_2	apr025#2	TNXA	TNX	apr025#2#h2tg000006l:138571729-143809751_rc	3588149	3592753	-	4604	1.0	0.996524761077324	59	1
apr025_2	apr025#2	TNXA	TNX	apr025#2#h2tg000006l:138571729-143809751_rc	3614516	3619239	-	4604	1.0	0.9690939881456393	0	1
apr025_2	apr025#2	TNXB	TNX	apr025#2#h2tg000006l:138571729-143809751_rc	3614514	3682709	-	68186	1.0	0.9988710174039265	60	1
apr025_2	apr025#2	WHR1B	WHR1	apr025#2#h2tg000006l:138571729-143809751_rc	3592999	3593517	+	518	1.0	0.9980694980694981	60	1
apr025_2	apr025#2	WHR1B	WHR1	apr025#2#h2tg000006l:138571729-143809751_rc	3560263	3560778	+	518	1.0	0.9884169884169884	0	1
apr026_1	apr026#1	WHR1	WHR1	apr026#1#h1tg000019l:28393961-33702327	3613309	3623580	+	10272	1.0	0.9993185358255452	60	1
apr026_1	apr026#1	CYP21A1P	CYP21	apr026#1#h1tg000019l:28393961-33702327	3647771	3651045	+	3274	1.0	0.9978619425778864	60	1
apr026_1	apr026#1	CYP21A1P	CYP21	apr026#1#h1tg000019l:28393961-33702327	3674138	3677413	+	3274	1.0	0.9805056350898569	0	1
apr026_1	apr026#1	CYP21A2	CYP21	apr026#1#h1tg000019l:28393961-33702327	3674183	3677413	+	3230	1.0	0.9953560371517027	60	1
apr026_1	apr026#1	CYP21A2	CYP21	apr026#1#h1tg000019l:28393961-33702327	3647821	3651045	+	3230	0.9984520123839009	0.9777296628518404	0	1
apr026_1	apr026#1	TNXA	TNX	apr026#1#h1tg000019l:28393961-33702327	3650555	3655159	-	4604	1.0	0.9963075586446568	18	1
apr026_1	apr026#1	TNXA	TNX	apr026#1#h1tg000019l:28393961-33702327	3676923	3681647	-	4604	1.0	0.970575783234547	0	1
apr026_1	apr026#1	TNXB	TNX	apr026#1#h1tg000019l:28393961-33702327	3676921	3745083	-	68186	1.0	0.9982993197278912	60	1
apr026_1	apr026#1	WHR1B	WHR1	apr026#1#h1tg000019l:28393961-33702327	3622665	3623183	+	518	1.0	0.9980694980694981	0	1
apr026_1	apr026#1	WHR1B	WHR1	apr026#1#h1tg000019l:28393961-33702327	3655405	3655923	+	518	1.0	0.9980694980694981	0	1
apr026_2	apr026#2	WHR1	WHR1	apr026#2#h2tg000012l:28359568-33574257	3555947	3566209	+	10272	1.0	0.9979558064830137	60	1
apr026_2	apr026#2	CYP21A1P	CYP21	apr026#2#h2tg000012l:28359568-33574257	3590394	3593669	+	3274	1.0	0.977459640572647	60	1
apr026_2	apr026#2	CYP21A2	CYP21	apr026#2#h2tg000012l:28359568-33574257	3590439	3593669	+	3230	1.0	0.9975232198142415	60	1
apr026_2	apr026#2	TNXA	TNX	apr026#2#h2tg000012l:28359568-33574257	3593179	3597902	-	4604	1.0	0.9695173581710415	60	1
apr026_2	apr026#2	TNXB	TNX	apr026#2#h2tg000012l:28359568-33574257	3593177	3661363	-	68186	1.0	0.9989735618868866	60	1
apr026_2	apr026#2	WHR1B	WHR1	apr026#2#h2tg000012l:28359568-33574257	3565297	3565812	+	518	1.0	0.9884169884169884	60	1
apr027_1	apr027#1	WHR1	WHR1	apr027#1#h1tg000004l:28384126-33662392	3555898	3566172	+	10272	1.0	0.9991240023359937	60	1
apr027_1	apr027#1	CYP21A1P	CYP21	apr027#1#h1tg000004l:28384126-33662392	3590359	3593633	+	3274	1.0	0.9957238851557727	60	1
apr027_1	apr027#1	CYP21A1P	CYP21	apr027#1#h1tg000004l:28384126-33662392	3643094	3646369	+	3274	1.0	0.9777642400243679	0	1
apr027_1	apr027#1	CYP21A1P	CYP21	apr027#1#h1tg000004l:28384126-33662392	3616727	3620002	+	3274	1.0	0.976850441669205	0	1
apr027_1	apr027#1	CYP21A2	CYP21	apr027#1#h1tg000004l:28384126-33662392	3616772	3620002	+	3230	1.0	0.9981424148606811	24	1
apr027_1	apr027#1	CYP21A2	CYP21	apr027#1#h1tg000004l:28384126-33662392	3643139	3646369	+	3230	1.0	0.9969040247678018	0	1
apr027_1	apr027#1	CYP21A2	CYP21	apr027#1#h1tg000004l:28384126-33662392	3590409	3593633	+	3230	0.9984520123839009	0.9777296628518404	0	1
apr027_1	apr027#1	TNXA	TNX	apr027#1#h1tg000004l:28384126-33662392	3593143	3597747	-	4604	1.0	0.9978279756733276	44	1
apr027_1	apr027#1	TNXA	TNX	apr027#1#h1tg000004l:28384126-33662392	3619512	3624116	-	4604	1.0	0.9958740499457112	0	1
apr027_1	apr027#1	TNXA	TNX	apr027#1#h1tg000004l:28384126-33662392	3645879	3650602	-	4604	1.0	0.9688823031329382	0	1
apr027_1	apr027#1	TNXB	TNX	apr027#1#h1tg000004l:28384126-33662392	3645877	3714052	-	68186	1.0	0.9988268934672629	60	1
apr027_1	apr027#1	WHR1B	WHR1	apr027#1#h1tg000004l:28384126-33662392	3565257	3565775	+	518	1.0	1.0	29	1
apr027_1	apr027#1	WHR1B	WHR1	apr027#1#h1tg000004l:28384126-33662392	3597993	3598511	+	518	1.0	0.9980694980694981	0	1
apr027_1	apr027#1	WHR1B	WHR1	apr027#1#h1tg000004l:28384126-33662392	3624362	3624880	+	518	1.0	0.9961389961389961	0	1
apr027_2	apr027#2	WHR1	WHR1	apr027#2#h2tg000013l:11085473-16306923_rc	3610178	3620466	+	10272	1.0	0.9972786470988434	60	1
apr027_2	apr027#2	CYP21A1P	CYP21	apr027#2#h2tg000013l:11085473-16306923_rc	3644657	3647931	+	3274	1.0	0.9972510690287111	25	1
apr027_2	apr027#2	CYP21A1P	CYP21	apr027#2#h2tg000013l:11085473-16306923_rc	3671026	3674300	+	3274	1.0	0.996334758704948	0	1
apr027_2	apr027#2	CYP21A1P	CYP21	apr027#2#h2tg000013l:11085473-16306923_rc	3697393	3700668	+	3274	1.0	0.9786780383795309	0	1
apr027_2	apr027#2	CYP21A2	CYP21	apr027#2#h2tg000013l:11085473-16306923_rc	3697438	3700668	+	3230	1.0	0.9962848297213622	60	1
apr027_2	apr027#2	CYP21A2	CYP21	apr027#2#h2tg000013l:11085473-16306923_rc	3671076	3674300	+	3230	0.9984520123839009	0.9805134549953604	0	1
apr027_2	apr027#2	CYP21A2	CYP21	apr027#2#h2tg000013l:11085473-16306923_rc	3644707	3647931	+	3230	0.9984520123839009	0.9771110423755026	0	1
apr027_2	apr027#2	TNXA	TNX	apr027#2#h2tg000013l:11085473-16306923_rc	3647441	3652045	-	4604	1.0	0.9958731537793223	13	1
apr027_2	apr027#2	TNXA	TNX	apr027#2#h2tg000013l:11085473-16306923_rc	3673810	3678414	-	4604	1.0	0.9954387489139879	0	1
apr027_2	apr027#2	TNXA	TNX	apr027#2#h2tg000013l:11085473-16306923_rc	3700178	3704901	-	4604	1.0	0.9697290431837426	0	1
apr027_2	apr027#2	TNXB	TNX	apr027#2#h2tg000013l:11085473-16306923_rc	3700176	3768365	-	68186	1.0	0.9992668406698144	60	1
apr027_2	apr027#2	WHR1B	WHR1	apr027#2#h2tg000013l:11085473-16306923_rc	3678660	3679178	+	518	1.0	0.9980694980694981	0	1
apr027_2	apr027#2	WHR1B	WHR1	apr027#2#h2tg000013l:11085473-16306923_rc	3652291	3652809	+	518	1.0	0.9980694980694981	0	1
apr027_2	apr027#2	WHR1B	WHR1	apr027#2#h2tg000013l:11085473-16306923_rc	3619551	3620069	+	518	1.0	0.9942084942084942	0	1
apr029_1	apr029#1	WHR1	WHR1	apr029#1#h1tg000032l:28462821-33705004	3547968	3558239	+	10272	1.0	0.9993185358255452	60	1
apr029_1	apr029#1	CYP21A1P	CYP21	apr029#1#h1tg000032l:28462821-33705004	3582430	3585704	+	3274	1.0	0.9978619425778864	60	1
apr029_1	apr029#1	CYP21A1P	CYP21	apr029#1#h1tg000032l:28462821-33705004	3608797	3612072	+	3274	1.0	0.9805056350898569	0	1
apr029_1	apr029#1	CYP21A2	CYP21	apr029#1#h1tg000032l:28462821-33705004	3608842	3612072	+	3230	1.0	0.9953560371517027	60	1
apr029_1	apr029#1	CYP21A2	CYP21	apr029#1#h1tg000032l:28462821-33705004	3582480	3585704	+	3230	0.9984520123839009	0.9777296628518404	0	1
apr029_1	apr029#1	TNXA	TNX	apr029#1#h1tg000032l:28462821-33705004	3585214	3589818	-	4604	1.0	0.9963075586446568	18	1
apr029_1	apr029#1	TNXA	TNX	apr029#1#h1tg000032l:28462821-33705004	3611582	3616306	-	4604	1.0	0.970575783234547	0	1
apr029_1	apr029#1	TNXB	TNX	apr029#1#h1tg000032l:28462821-33705004	3611580	3679755	-	68186	1.0	0.9982262485890614	60	1
apr029_1	apr029#1	WHR1B	WHR1	apr029#1#h1tg000032l:28462821-33705004	3557324	3557842	+	518	1.0	0.9980694980694981	0	1
apr029_1	apr029#1	WHR1B	WHR1	apr029#1#h1tg000032l:28462821-33705004	3590064	3590582	+	518	1.0	0.9980694980694981	0	1
apr029_2	apr029#2	WHR1	WHR1	apr029#2#h2tg000012l:28417575-33541972	3552530	3562797	+	10272	1.0	0.9988317757009346	60	1
apr029_2	apr029#2	CYP21A1P	CYP21	apr029#2#h2tg000012l:28417575-33541972	3613471	3616745	+	3274	1.0	0.9771480804387569	0	1
apr029_2	apr029#2	CYP21A1P	CYP21	apr029#2#h2tg000012l:28417575-33541972	3586983	3590257	+	3274	1.0	0.9771480804387569	0	1
apr029_2	apr029#2	CYP21A2	CYP21	apr029#2#h2tg000012l:28417575-33541972	3587028	3590257	+	3230	1.0	0.9981424148606811	0	1
apr029_2	apr029#2	CYP21A2	CYP21	apr029#2#h2tg000012l:28417575-33541972	3613516	3616745	+	3230	1.0	0.9981424148606811	0	1
apr029_2	apr029#2	TNXA	TNX	apr029#2#h2tg000012l:28417575-33541972	3589767	3594490	-	4604	1.0	0.970575783234547	16	1
apr029_2	apr029#2	TNXA	TNX	apr029#2#h2tg000012l:28417575-33541972	3616255	3620978	-	4604	1.0	0.9699407281964437	0	1
apr029_2	apr029#2	TNXB	TNX	apr029#2#h2tg000012l:28417575-33541972	3616253	3684426	-	68186	1.0	0.9988122644691115	60	1
apr029_2	apr029#2	WHR1B	WHR1	apr029#2#h2tg000012l:28417575-33541972	3594736	3595254	+	518	1.0	0.9980694980694981	60	1
apr029_2	apr029#2	WHR1B	WHR1	apr029#2#h2tg000012l:28417575-33541972	3561882	3562400	+	518	1.0	0.9942084942084942	0	1
apr030_1	apr030#1	WHR1	WHR1	apr030#1#h1tg000001l:28446903-33506362	3506105	3516377	+	10272	1.0	0.9994158878504673	60	1
apr030_1	apr030#1	CYP21A1P	CYP21	apr030#1#h1tg000001l:28446903-33506362	3540563	3543838	+	3274	1.0	0.976850441669205	60	1
apr030_1	apr030#1	CYP21A2	CYP21	apr030#1#h1tg000001l:28446903-33506362	3540608	3543838	+	3230	1.0	0.9972136222910216	60	1
apr030_1	apr030#1	TNXA	TNX	apr030#1#h1tg000001l:28446903-33506362	3543348	3548071	-	4604	1.0	0.9701524132091448	60	1
apr030_1	apr030#1	TNXB	TNX	apr030#1#h1tg000001l:28446903-33506362	3543346	3611538	-	68186	1.0	0.9992669051668523	60	1
apr030_1	apr030#1	WHR1B	WHR1	apr030#1#h1tg000001l:28446903-33506362	3515462	3515980	+	518	1.0	0.9961389961389961	60	1
apr030_2	apr030#2	WHR1	WHR1	apr030#2#h2tg000012l:28433288-33581296	3557850	3568113	+	10272	1.0	0.9981503115264797	60	1
apr030_2	apr030#2	CYP21A1P	CYP21	apr030#2#h2tg000012l:28433288-33581296	3592302	3595576	+	3274	1.0	0.9966401954795358	60	1
apr030_2	apr030#2	CYP21A1P	CYP21	apr030#2#h2tg000012l:28433288-33581296	3618668	3621943	+	3274	1.0	0.9777642400243679	0	1
apr030_2	apr030#2	CYP21A2	CYP21	apr030#2#h2tg000012l:28433288-33581296	3618713	3621943	+	3230	1.0	0.9978328173374613	60	1
apr030_2	apr030#2	CYP21A2	CYP21	apr030#2#h2tg000012l:28433288-33581296	3592352	3595576	+	3230	0.9984520123839009	0.9783482833281781	0	1
apr030_2	apr030#2	TNXA	TNX	apr030#2#h2tg000012l:28433288-33581296	3595086	3599690	-	4604	1.0	0.9958731537793223	39	1
apr030_2	apr030#2	TNXA	TNX	apr030#2#h2tg000012l:28433288-33581296	3621453	3626176	-	4604	1.0	0.9693056731583404	0	1
apr030_2	apr030#2	TNXB	TNX	apr030#2#h2tg000012l:28433288-33581296	3621451	3689637	-	68186	1.0	0.9989735618868866	60	1
apr030_2	apr030#2	WHR1B	WHR1	apr030#2#h2tg000012l:28433288-33581296	3599936	3600454	+	518	1.0	0.9961389961389961	60	1
apr030_2	apr030#2	WHR1B	WHR1	apr030#2#h2tg000012l:28433288-33581296	3567201	3567716	+	518	1.0	0.9884169884169884	0	1
apr031_1	apr031#1	WHR1	WHR1	apr031#1#h1tg000019l:26371881-31586781_rc	3612875	3623146	+	10272	1.0	0.9993185358255452	60	1
apr031_1	apr031#1	CYP21A1P	CYP21	apr031#1#h1tg000019l:26371881-31586781_rc	3647337	3650611	+	3274	1.0	0.9978619425778864	60	1
apr031_1	apr031#1	CYP21A1P	CYP21	apr031#1#h1tg000019l:26371881-31586781_rc	3673704	3676979	+	3274	1.0	0.9805056350898569	0	1
apr031_1	apr031#1	CYP21A2	CYP21	apr031#1#h1tg000019l:26371881-31586781_rc	3673749	3676979	+	3230	1.0	0.9953560371517027	60	1
apr031_1	apr031#1	CYP21A2	CYP21	apr031#1#h1tg000019l:26371881-31586781_rc	3647387	3650611	+	3230	0.9984520123839009	0.9777296628518404	0	1
apr031_1	apr031#1	TNXA	TNX	apr031#1#h1tg000019l:26371881-31586781_rc	3650121	3654725	-	4604	1.0	0.9963075586446568	18	1
apr031_1	apr031#1	TNXA	TNX	apr031#1#h1tg000019l:26371881-31586781_rc	3676489	3681213	-	4604	1.0	0.970575783234547	0	1
apr031_1	apr031#1	TNXB	TNX	apr031#1#h1tg000019l:26371881-31586781_rc	3676487	3744663	-	68186	1.0	0.9981823245723332	60	1
apr031_1	apr031#1	WHR1B	WHR1	apr031#1#h1tg000019l:26371881-31586781_rc	3654971	3655489	+	518	1.0	0.9980694980694981	0	1
apr031_1	apr031#1	WHR1B	WHR1	apr031#1#h1tg000019l:26371881-31586781_rc	3622231	3622749	+	518	1.0	0.9980694980694981	0	1
apr031_2	apr031#2	WHR1	WHR1	apr031#2#h2tg000036l:28402991-33519712	3506979	3517251	+	10272	1.0	0.9994158878504673	60	1
apr031_2	apr031#2	CYP21A1P	CYP21	apr031#2#h2tg000036l:28402991-33519712	3541439	3544713	+	3274	1.0	0.9969456322541234	60	1
apr031_2	apr031#2	CYP21A1P	CYP21	apr031#2#h2tg000036l:28402991-33519712	3574174	3577449	+	3274	1.0	0.976850441669205	0	1
apr031_2	apr031#2	CYP21A2	CYP21	apr031#2#h2tg000036l:28402991-33519712	3574219	3577449	+	3230	1.0	0.9972136222910216	60	1
apr031_2	apr031#2	CYP21A2	CYP21	apr031#2#h2tg000036l:28402991-33519712	3541489	3544713	+	3230	0.9984520123839009	0.9768017321373338	0	1
apr031_2	apr031#2	TNXA	TNX	apr031#2#h2tg000036l:28402991-33519712	3544223	3548827	-	4604	1.0	0.9980451781059948	60	1
apr031_2	apr031#2	TNXA	TNX	apr031#2#h2tg000036l:28402991-33519712	3576959	3581682	-	4604	1.0	0.9703640982218459	0	1
apr031_2	apr031#2	TNXB	TNX	apr031#2#h2tg000036l:28402991-33519712	3576957	3645137	-	68186	1.0	0.9991935483870967	60	1
apr031_2	apr031#2	WHR1B	WHR1	apr031#2#h2tg000036l:28402991-33519712	3549073	3549591	+	518	1.0	0.9980694980694981	34	1
apr031_2	apr031#2	WHR1B	WHR1	apr031#2#h2tg000036l:28402991-33519712	3516336	3516854	+	518	1.0	0.9961389961389961	0	1
apr032_1	apr032#1	WHR1	WHR1	apr032#1#h1tg000006l:28452318-33694285	3546535	3556799	+	10272	1.0	0.9981504915798696	60	1
apr032_1	apr032#1	CYP21A1P	CYP21	apr032#1#h1tg000006l:28452318-33694285	3580988	3584262	+	3274	1.0	0.9969456322541234	60	1
apr032_1	apr032#1	CYP21A1P	CYP21	apr032#1#h1tg000006l:28452318-33694285	3607353	3610628	+	3274	1.0	0.9777642400243679	0	1
apr032_1	apr032#1	CYP21A2	CYP21	apr032#1#h1tg000006l:28452318-33694285	3607398	3610628	+	3230	1.0	0.9972136222910216	60	1
apr032_1	apr032#1	CYP21A2	CYP21	apr032#1#h1tg000006l:28452318-33694285	3581038	3584262	+	3230	0.9984520123839009	0.9786575935663471	0	1
apr032_1	apr032#1	TNXA	TNX	apr032#1#h1tg000006l:28452318-33694285	3583772	3588376	-	4604	1.0	0.9963075586446568	49	1
apr032_1	apr032#1	TNXA	TNX	apr032#1#h1tg000006l:28452318-33694285	3610138	3614861	-	4604	1.0	0.9693056731583404	0	1
apr032_1	apr032#1	TNXB	TNX	apr032#1#h1tg000006l:28452318-33694285	3610136	3678323	-	68186	1.0	0.9989002610047215	60	1
apr032_1	apr032#1	WHR1B	WHR1	apr032#1#h1tg000006l:28452318-33694285	3588622	3589140	+	518	1.0	0.9961389961389961	60	1
apr032_1	apr032#1	WHR1B	WHR1	apr032#1#h1tg000006l:28452318-33694285	3555887	3556402	+	518	1.0	0.9884169884169884	0	1
apr032_2	apr032#2	WHR1	WHR1	apr032#2#h2tg000014l:28405263-33673740	3546603	3556877	+	10272	1.0	0.9991240023359937	60	1
apr032_2	apr032#2	CYP21A1P	CYP21	apr032#2#h2tg000014l:28405263-33673740	3581064	3584338	+	3274	1.0	0.9957238851557727	60	1
apr032_2	apr032#2	CYP21A1P	CYP21	apr032#2#h2tg000014l:28405263-33673740	3633798	3637073	+	3274	1.0	0.9777642400243679	0	1
apr032_2	apr032#2	CYP21A1P	CYP21	apr032#2#h2tg000014l:28405263-33673740	3607432	3610707	+	3274	1.0	0.976850441669205	0	1
apr032_2	apr032#2	CYP21A2	CYP21	apr032#2#h2tg000014l:28405263-33673740	3607477	3610707	+	3230	1.0	0.9981424148606811	24	1
apr032_2	apr032#2	CYP21A2	CYP21	apr032#2#h2tg000014l:28405263-33673740	3633843	3637073	+	3230	1.0	0.9969040247678018	0	1
apr032_2	apr032#2	CYP21A2	CYP21	apr032#2#h2tg000014l:28405263-33673740	3581114	3584338	+	3230	0.9984520123839009	0.9777296628518404	0	1
apr032_2	apr032#2	TNXA	TNX	apr032#2#h2tg000014l:28405263-33673740	3583848	3588452	-	4604	1.0	0.9978279756733276	40	1
apr032_2	apr032#2	TNXA	TNX	apr032#2#h2tg000014l:28405263-33673740	3610217	3614820	-	4604	1.0	0.9960903562119896	0	1
apr032_2	apr032#2	TNXA	TNX	apr032#2#h2tg000014l:28405263-33673740	3636583	3641306	-	4604	1.0	0.9688823031329382	0	1
apr032_2	apr032#2	TNXB	TNX	apr032#2#h2tg000014l:28405263-33673740	3636581	3704763	-	68186	1.0	0.9988416082583067	60	1
apr032_2	apr032#2	WHR1B	WHR1	apr032#2#h2tg000014l:28405263-33673740	3555962	3556480	+	518	1.0	1.0	29	1
apr032_2	apr032#2	WHR1B	WHR1	apr032#2#h2tg000014l:28405263-33673740	3588698	3589216	+	518	1.0	0.9980694980694981	0	1
apr032_2	apr032#2	WHR1B	WHR1	apr032#2#h2tg000014l:28405263-33673740	3615066	3615584	+	518	1.0	0.9961389961389961	0	1
apr033_1	apr033#1	WHR1	WHR1	apr033#1#h1tg000008l:27149396-32366749_rc	3618508	3628771	+	10272	1.0	0.9981503115264797	60	1
apr033_1	apr033#1	CYP21A1P	CYP21	apr033#1#h1tg000008l:27149396-32366749_rc	3652961	3656235	+	3274	1.0	0.9966401954795358	60	1
apr033_1	apr033#1	CYP21A1P	CYP21	apr033#1#h1tg000008l:27149396-32366749_rc	3679327	3682602	+	3274	1.0	0.9777642400243679	0	1
apr033_1	apr033#1	CYP21A2	CYP21	apr033#1#h1tg000008l:27149396-32366749_rc	3679372	3682602	+	3230	1.0	0.9978328173374613	60	1
apr033_1	apr033#1	CYP21A2	CYP21	apr033#1#h1tg000008l:27149396-32366749_rc	3653011	3656235	+	3230	0.9984520123839009	0.9789669038045159	0	1
apr033_1	apr033#1	TNXA	TNX	apr033#1#h1tg000008l:27149396-32366749_rc	3655745	3660349	-	4604	1.0	0.9963075586446568	55	1
apr033_1	apr033#1	TNXA	TNX	apr033#1#h1tg000008l:27149396-32366749_rc	3682112	3686835	-	4604	1.0	0.9690939881456393	0	1
apr033_1	apr033#1	TNXB	TNX	apr033#1#h1tg000008l:27149396-32366749_rc	3682110	3750310	-	68186	1.0	0.9988124734272603	60	1
apr033_1	apr033#1	WHR1B	WHR1	apr033#1#h1tg000008l:27149396-32366749_rc	3660595	3661113	+	518	1.0	0.9980694980694981	60	1
apr033_1	apr033#1	WHR1B	WHR1	apr033#1#h1tg000008l:27149396-32366749_rc	3627859	3628374	+	518	1.0	0.9884169884169884	0	1
apr033_2	apr033#2	WHR1	WHR1	apr033#2#h2tg000008l:28349631-33452614	3502275	3512539	+	10272	1.0	0.9981504915798696	60	1
apr033_2	apr033#2	CYP21A1P	CYP21	apr033#2#h2tg000008l:28349631-33452614	3536728	3540002	+	3274	1.0	0.9969456322541234	60	1
apr033_2	apr033#2	CYP21A1P	CYP21	apr033#2#h2tg000008l:28349631-33452614	3563093	3566368	+	3274	1.0	0.9777642400243679	0	1
apr033_2	apr033#2	CYP21A2	CYP21	apr033#2#h2tg000008l:28349631-33452614	3563138	3566368	+	3230	1.0	0.9972136222910216	60	1
apr033_2	apr033#2	CYP21A2	CYP21	apr033#2#h2tg000008l:28349631-33452614	3536778	3540002	+	3230	0.9984520123839009	0.9786575935663471	0	1
apr033_2	apr033#2	TNXA	TNX	apr033#2#h2tg000008l:28349631-33452614	3539512	3544116	-	4604	1.0	0.9963075586446568	49	1
apr033_2	apr033#2	TNXA	TNX	apr033#2#h2tg000008l:28349631-33452614	3565878	3570601	-	4604	1.0	0.9693056731583404	0	1
apr033_2	apr033#2	TNXB	TNX	apr033#2#h2tg000008l:28349631-33452614	3565876	3634061	-	68186	1.0	0.998914892369054	60	1
apr033_2	apr033#2	WHR1B	WHR1	apr033#2#h2tg000008l:28349631-33452614	3544362	3544880	+	518	1.0	0.9961389961389961	60	1
apr033_2	apr033#2	WHR1B	WHR1	apr033#2#h2tg000008l:28349631-33452614	3511627	3512142	+	518	1.0	0.9884169884169884	0	1
apr034_1	apr034#1	WHR1	WHR1	apr034#1#h1tg000032l:26576741-31706138_rc	3553827	3564099	+	10272	1.0	0.9990265745157209	60	1
apr034_1	apr034#1	CYP21A1P	CYP21	apr034#1#h1tg000032l:26576741-31706138_rc	3588285	3591557	+	3274	1.0	0.977155041120926	60	1
apr034_1	apr034#1	CYP21A2	CYP21	apr034#1#h1tg000032l:26576741-31706138_rc	3588330	3591557	+	3230	1.0	0.9959752321981424	60	1
apr034_1	apr034#1	TNXA	TNX	apr034#1#h1tg000032l:26576741-31706138_rc	3591067	3595790	-	4604	1.0	0.9690939881456393	60	1
apr034_1	apr034#1	TNXB	TNX	apr034#1#h1tg000032l:26576741-31706138_rc	3591065	3659244	-	68186	1.0	0.998826996671603	60	1
apr034_1	apr034#1	WHR1B	WHR1	apr034#1#h1tg000032l:26576741-31706138_rc	3563184	3563702	+	518	1.0	0.9922779922779923	60	1
apr034_2	apr034#2	WHR1	WHR1	apr034#2#h2tg000008l:28434563-33559669	3550527	3560799	+	10272	1.0	0.9991239170641487	60	1
apr034_2	apr034#2	CYP21A1P	CYP21	apr034#2#h2tg000008l:28434563-33559669	3584988	3588262	+	3274	1.0	0.998167379352474	60	1
apr034_2	apr034#2	CYP21A1P	CYP21	apr034#2#h2tg000008l:28434563-33559669	3617723	3620995	+	3274	1.0	0.9777642400243679	0	1
apr034_2	apr034#2	CYP21A2	CYP21	apr034#2#h2tg000008l:28434563-33559669	3617768	3620995	+	3230	1.0	0.9962848297213622	60	1
apr034_2	apr034#2	CYP21A2	CYP21	apr034#2#h2tg000008l:28434563-33559669	3585038	3588262	+	3230	0.9984520123839009	0.9780389730900093	0	1
apr034_2	apr034#2	TNXA	TNX	apr034#2#h2tg000008l:28434563-33559669	3587772	3592376	-	4604	1.0	0.9980451781059948	60	1
apr034_2	apr034#2	TNXA	TNX	apr034#2#h2tg000008l:28434563-33559669	3620505	3625228	-	4604	1.0	0.9690939881456393	0	1
apr034_2	apr034#2	TNXB	TNX	apr034#2#h2tg000008l:28434563-33559669	3620503	3688681	-	68186	1.0	0.9987976539589443	60	1
apr034_2	apr034#2	WHR1B	WHR1	apr034#2#h2tg000008l:28434563-33559669	3592622	3593140	+	518	1.0	0.9980694980694981	60	1
apr034_2	apr034#2	WHR1B	WHR1	apr034#2#h2tg000008l:28434563-33559669	3559884	3560402	+	518	1.0	0.9942084942084942	0	1
apr035_1	apr035#1	WHR1	WHR1	apr035#1#h1tg000018l:27655502-32798707_rc	3560164	3570437	+	10272	1.0	0.9990266692622153	60	1
apr035_1	apr035#1	CYP21A1P	CYP21	apr035#1#h1tg000018l:27655502-32798707_rc	3594626	3597900	+	3274	1.0	0.998167379352474	60	1
apr035_1	apr035#1	CYP21A1P	CYP21	apr035#1#h1tg000018l:27655502-32798707_rc	3627361	3630633	+	3274	1.0	0.9777642400243679	0	1
apr035_1	apr035#1	CYP21A2	CYP21	apr035#1#h1tg000018l:27655502-32798707_rc	3627406	3630633	+	3230	1.0	0.996594427244582	60	1
apr035_1	apr035#1	CYP21A2	CYP21	apr035#1#h1tg000018l:27655502-32798707_rc	3594676	3597900	+	3230	0.9984520123839009	0.9780389730900093	0	1
apr035_1	apr035#1	TNXA	TNX	apr035#1#h1tg000018l:27655502-32798707_rc	3597410	3602014	-	4604	1.0	0.9980451781059948	60	1
apr035_1	apr035#1	TNXA	TNX	apr035#1#h1tg000018l:27655502-32798707_rc	3630143	3634866	-	4604	1.0	0.9688823031329382	0	1
apr035_1	apr035#1	TNXB	TNX	apr035#1#h1tg000018l:27655502-32798707_rc	3630141	3698324	-	68186	1.0	0.9987977244736379	60	1
apr035_1	apr035#1	WHR1B	WHR1	apr035#1#h1tg000018l:27655502-32798707_rc	3602260	3602778	+	518	1.0	0.9980694980694981	60	1
apr035_1	apr035#1	WHR1B	WHR1	apr035#1#h1tg000018l:27655502-32798707_rc	3569522	3570040	+	518	1.0	0.9942084942084942	0	1
apr035_2	apr035#2	WHR1	WHR1	apr035#2#h2tg000011l:27516869-32663681_rc	3561041	3571304	+	10272	1.0	0.9981503115264797	60	1
apr035_2	apr035#2	CYP21A1P	CYP21	apr035#2#h2tg000011l:27516869-32663681_rc	3595493	3598767	+	3274	1.0	0.9969456322541234	60	1
apr035_2	apr035#2	CYP21A1P	CYP21	apr035#2#h2tg000011l:27516869-32663681_rc	3628227	3631502	+	3274	1.0	0.9786780383795309	0	1
apr035_2	apr035#2	CYP21A2	CYP21	apr035#2#h2tg000011l:27516869-32663681_rc	3628272	3631502	+	3230	1.0	0.9962848297213622	60	1
apr035_2	apr035#2	CYP21A2	CYP21	apr035#2#h2tg000011l:27516869-32663681_rc	3595543	3598767	+	3230	0.9984520123839009	0.9786575935663471	0	1
apr035_2	apr035#2	TNXA	TNX	apr035#2#h2tg000011l:27516869-32663681_rc	3598277	3602881	-	4604	1.0	0.9958731537793223	39	1
apr035_2	apr035#2	TNXA	TNX	apr035#2#h2tg000011l:27516869-32663681_rc	3631012	3635735	-	4604	1.0	0.9693056731583404	0	1
apr035_2	apr035#2	TNXB	TNX	apr035#2#h2tg000011l:27516869-32663681_rc	3631010	3699208	-	68186	1.0	0.9987830804193241	60	1
apr035_2	apr035#2	WHR1B	WHR1	apr035#2#h2tg000011l:27516869-32663681_rc	3603127	3603645	+	518	1.0	0.9961389961389961	60	1
apr035_2	apr035#2	WHR1B	WHR1	apr035#2#h2tg000011l:27516869-32663681_rc	3570392	3570907	+	518	1.0	0.9884169884169884	0	1
apr036_1	apr036#1	WHR1	WHR1	apr036#1#h1tg000026l:25218090-30345004_rc	3552992	3563264	+	10272	1.0	0.9987345468704371	60	1
apr036_1	apr036#1	CYP21A1P	CYP21	apr036#1#h1tg000026l:25218090-30345004_rc	3587453	3590727	+	3274	1.0	0.9987782529016493	60	1
apr036_1	apr036#1	CYP21A1P	CYP21	apr036#1#h1tg000026l:25218090-30345004_rc	3613820	3617095	+	3274	1.0	0.9780688394760889	0	1
apr036_1	apr036#1	CYP21A2	CYP21	apr036#1#h1tg000026l:25218090-30345004_rc	3613865	3617095	+	3230	1.0	0.9981424148606811	60	1
apr036_1	apr036#1	CYP21A2	CYP21	apr036#1#h1tg000026l:25218090-30345004_rc	3587503	3590727	+	3230	0.9984520123839009	0.9780389730900093	0	1
apr036_1	apr036#1	TNXA	TNX	apr036#1#h1tg000026l:25218090-30345004_rc	3590237	3594841	-	4604	1.0	0.9967419635099913	32	1
apr036_1	apr036#1	TNXA	TNX	apr036#1#h1tg000026l:25218090-30345004_rc	3616605	3621328	-	4604	1.0	0.9703640982218459	0	1
apr036_1	apr036#1	TNXB	TNX	apr036#1#h1tg000026l:25218090-30345004_rc	3616603	3684803	-	68186	1.0	0.9993109110635428	60	1
apr036_1	apr036#1	WHR1B	WHR1	apr036#1#h1tg000026l:25218090-30345004_rc	3595087	3595605	+	518	1.0	0.9980694980694981	60	1
apr036_1	apr036#1	WHR1B	WHR1	apr036#1#h1tg000026l:25218090-30345004_rc	3562349	3562867	+	518	1.0	0.9922779922779923	0	1
apr036_2	apr036#2	WHR1	WHR1	apr036#2#h2tg000017l:1678659-6817558	3558584	3568848	+	10272	1.0	0.9982476635514018	60	1
apr036_2	apr036#2	CYP21A1P	CYP21	apr036#2#h2tg000017l:1678659-6817558	3593038	3596312	+	3274	1.0	0.9966401954795358	60	1
apr036_2	apr036#2	CYP21A1P	CYP21	apr036#2#h2tg000017l:1678659-6817558	3619404	3622679	+	3274	1.0	0.9777642400243679	0	1
apr036_2	apr036#2	CYP21A2	CYP21	apr036#2#h2tg000017l:1678659-6817558	3619449	3622679	+	3230	1.0	0.9978328173374613	60	1
apr036_2	apr036#2	CYP21A2	CYP21	apr036#2#h2tg000017l:1678659-6817558	3593088	3596312	+	3230	0.9984520123839009	0.9789669038045159	0	1
apr036_2	apr036#2	TNXA	TNX	apr036#2#h2tg000017l:1678659-6817558	3595822	3600426	-	4604	1.0	0.9963075586446568	55	1
apr036_2	apr036#2	TNXA	TNX	apr036#2#h2tg000017l:1678659-6817558	3622189	3626912	-	4604	1.0	0.9690939881456393	0	1
apr036_2	apr036#2	TNXB	TNX	apr036#2#h2tg000017l:1678659-6817558	3622187	3690385	-	68186	1.0	0.9988417441280826	60	1
apr036_2	apr036#2	WHR1B	WHR1	apr036#2#h2tg000017l:1678659-6817558	3600672	3601190	+	518	1.0	0.9980694980694981	60	1
apr036_2	apr036#2	WHR1B	WHR1	apr036#2#h2tg000017l:1678659-6817558	3567936	3568451	+	518	1.0	0.9884169884169884	0	1
apr037_1	apr037#1	WHR1	WHR1	apr037#1#h1tg000004l:138070351-143231345_rc	3552194	3562467	+	10272	1.0	0.9994159447094325	60	1
apr037_1	apr037#1	CYP21A1P	CYP21	apr037#1#h1tg000004l:138070351-143231345_rc	3586657	3589931	+	3274	1.0	0.9966401954795358	60	1
apr037_1	apr037#1	CYP21A1P	CYP21	apr037#1#h1tg000004l:138070351-143231345_rc	3619393	3622668	+	3274	1.0	0.977459640572647	0	1
apr037_1	apr037#1	CYP21A2	CYP21	apr037#1#h1tg000004l:138070351-143231345_rc	3619438	3622668	+	3230	1.0	0.9975232198142415	60	1
apr037_1	apr037#1	CYP21A2	CYP21	apr037#1#h1tg000004l:138070351-143231345_rc	3586707	3589931	+	3230	0.9984520123839009	0.9777296628518404	0	1
apr037_1	apr037#1	TNXA	TNX	apr037#1#h1tg000004l:138070351-143231345_rc	3589441	3594045	-	4604	1.0	0.9976107732406603	47	1
apr037_1	apr037#1	TNXA	TNX	apr037#1#h1tg000004l:138070351-143231345_rc	3622178	3626901	-	4604	1.0	0.970575783234547	0	1
apr037_1	apr037#1	TNXB	TNX	apr037#1#h1tg000004l:138070351-143231345_rc	3622176	3690367	-	68186	1.0	0.9993548387096775	60	1
apr037_1	apr037#1	WHR1B	WHR1	apr037#1#h1tg000004l:138070351-143231345_rc	3594291	3594809	+	518	1.0	0.9980694980694981	34	1
apr037_1	apr037#1	WHR1B	WHR1	apr037#1#h1tg000004l:138070351-143231345_rc	3561552	3562070	+	518	1.0	0.9961389961389961	0	1
apr037_2	apr037#2	WHR1	WHR1	apr037#2#h2tg000014l:138095539-143312355_rc	3608491	3618764	+	10272	1.0	0.999902657451572	60	1
apr037_2	apr037#2	CYP21A1P	CYP21	apr037#2#h2tg000014l:138095539-143312355_rc	3642953	3646227	+	3274	1.0	1.0	60	1
apr037_2	apr037#2	CYP21A1P	CYP21	apr037#2#h2tg000014l:138095539-143312355_rc	3675687	3678962	+	3274	1.0	0.9780688394760889	0	1
apr037_2	apr037#2	CYP21A2	CYP21	apr037#2#h2tg000014l:138095539-143312355_rc	3675732	3678962	+	3230	1.0	0.9996904024767802	60	1
apr037_2	apr037#2	CYP21A2	CYP21	apr037#2#h2tg000014l:138095539-143312355_rc	3643003	3646227	+	3230	0.9984520123839009	0.9780389730900093	0	1
apr037_2	apr037#2	TNXA	TNX	apr037#2#h2tg000014l:138095539-143312355_rc	3645737	3650341	-	4604	1.0	1.0	60	1
apr037_2	apr037#2	TNXA	TNX	apr037#2#h2tg000014l:138095539-143312355_rc	3678472	3683195	-	4604	1.0	0.9699407281964437	0	1
apr037_2	apr037#2	TNXB	TNX	apr037#2#h2tg000014l:138095539-143312355_rc	3678470	3746663	-	68186	1.0	0.9998533595330967	60	1
apr037_2	apr037#2	WHR1B	WHR1	apr037#2#h2tg000014l:138095539-143312355_rc	3650587	3651105	+	518	1.0	1.0	60	1
apr037_2	apr037#2	WHR1B	WHR1	apr037#2#h2tg000014l:138095539-143312355_rc	3617849	3618367	+	518	1.0	0.9942084942084942	0	1
apr038_1	apr038#1	WHR1	WHR1	apr038#1#h1tg000017l:1654472-6798671	3561032	3571294	+	10272	1.0	0.9980529595015576	60	1
apr038_1	apr038#1	CYP21A1P	CYP21	apr038#1#h1tg000017l:1654472-6798671	3595484	3598758	+	3274	1.0	0.9969456322541234	60	1
apr038_1	apr038#1	CYP21A1P	CYP21	apr038#1#h1tg000017l:1654472-6798671	3621852	3625127	+	3274	1.0	0.976850441669205	0	1
apr038_1	apr038#1	CYP21A2	CYP21	apr038#1#h1tg000017l:1654472-6798671	3621897	3625127	+	3230	1.0	0.9981424148606811	60	1
apr038_1	apr038#1	CYP21A2	CYP21	apr038#1#h1tg000017l:1654472-6798671	3595534	3598758	+	3230	0.9984520123839009	0.9786575935663471	0	1
apr038_1	apr038#1	TNXA	TNX	apr038#1#h1tg000017l:1654472-6798671	3598268	3602872	-	4604	1.0	0.9960903562119896	27	1
apr038_1	apr038#1	TNXA	TNX	apr038#1#h1tg000017l:1654472-6798671	3624637	3629360	-	4604	1.0	0.9699407281964437	0	1
apr038_1	apr038#1	TNXB	TNX	apr038#1#h1tg000017l:1654472-6798671	3624635	3692823	-	68186	1.0	0.9992228966892467	60	1
apr038_1	apr038#1	WHR1B	WHR1	apr038#1#h1tg000017l:1654472-6798671	3603118	3603636	+	518	1.0	0.9961389961389961	60	1
apr038_1	apr038#1	WHR1B	WHR1	apr038#1#h1tg000017l:1654472-6798671	3570382	3570897	+	518	1.0	0.9884169884169884	0	1
apr038_2	apr038#2	WHR1	WHR1	apr038#2#h2tg000022l:127876238-133012041_rc	3553221	3563494	+	10272	1.0	0.9990266692622153	60	1
apr038_2	apr038#2	CYP21A1P	CYP21	apr038#2#h2tg000022l:127876238-133012041_rc	3587683	3590957	+	3274	1.0	0.998167379352474	60	1
apr038_2	apr038#2	CYP21A1P	CYP21	apr038#2#h2tg000022l:127876238-133012041_rc	3620418	3623689	+	3274	1.0	0.9780621572212066	0	1
apr038_2	apr038#2	CYP21A2	CYP21	apr038#2#h2tg000022l:127876238-133012041_rc	3620463	3623689	+	3230	1.0	0.9962848297213622	60	1
apr038_2	apr038#2	CYP21A2	CYP21	apr038#2#h2tg000022l:127876238-133012041_rc	3587733	3590957	+	3230	0.9984520123839009	0.9780389730900093	0	1
apr038_2	apr038#2	TNXA	TNX	apr038#2#h2tg000022l:127876238-133012041_rc	3590467	3595071	-	4604	1.0	0.998262380538662	60	1
apr038_2	apr038#2	TNXA	TNX	apr038#2#h2tg000022l:127876238-133012041_rc	3623199	3627922	-	4604	1.0	0.9693056731583404	0	1
apr038_2	apr038#2	TNXB	TNX	apr038#2#h2tg000022l:127876238-133012041_rc	3623197	3691380	-	68186	1.0	0.9986072219208609	60	1
apr038_2	apr038#2	WHR1B	WHR1	apr038#2#h2tg000022l:127876238-133012041_rc	3595317	3595835	+	518	1.0	0.9980694980694981	60	1
apr038_2	apr038#2	WHR1B	WHR1	apr038#2#h2tg000022l:127876238-133012041_rc	3562579	3563097	+	518	1.0	0.9942084942084942	0	1
apr039_1	apr039#1	WHR1	WHR1	apr039#1#h1tg000005l:28445311-33640507	3558616	3568879	+	10272	1.0	0.9981503115264797	60	1
apr039_1	apr039#1	CYP21A1P	CYP21	apr039#1#h1tg000005l:28445311-33640507	3619439	3622713	+	3274	1.0	0.9969456322541234	6	1
apr039_1	apr039#1	CYP21A1P	CYP21	apr039#1#h1tg000005l:28445311-33640507	3593069	3596343	+	3274	1.0	0.9966401954795358	0	1
apr039_1	apr039#1	CYP21A1P	CYP21	apr039#1#h1tg000005l:28445311-33640507	3652173	3655448	+	3274	1.0	0.9783734389278099	0	1
apr039_1	apr039#1	CYP21A2	CYP21	apr039#1#h1tg000005l:28445311-33640507	3652218	3655448	+	3230	1.0	0.9978328173374613	60	1
apr039_1	apr039#1	CYP21A2	CYP21	apr039#1#h1tg000005l:28445311-33640507	3593119	3596343	+	3230	0.9984520123839009	0.9789669038045159	0	1
apr039_1	apr039#1	CYP21A2	CYP21	apr039#1#h1tg000005l:28445311-33640507	3619489	3622713	+	3230	0.9984520123839009	0.9786575935663471	0	1
apr039_1	apr039#1	TNXA	TNX	apr039#1#h1tg000005l:28445311-33640507	3622223	3626827	-	4604	1.0	0.9967419635099913	16	1
apr039_1	apr039#1	TNXA	TNX	apr039#1#h1tg000005l:28445311-33640507	3595853	3600457	-	4604	1.0	0.9960903562119896	0	1
apr039_1	apr039#1	TNXA	TNX	apr039#1#h1tg000005l:28445311-33640507	3654958	3659681	-	4604	1.0	0.9693056731583404	0	1
apr039_1	apr039#1	TNXB	TNX	apr039#1#h1tg000005l:28445311-33640507	3654956	3723211	-	68186	1.0	0.9979784366576819	60	1
apr039_1	apr039#1	WHR1B	WHR1	apr039#1#h1tg000005l:28445311-33640507	3627073	3627591	+	518	1.0	0.9961389961389961	0	1
apr039_1	apr039#1	WHR1B	WHR1	apr039#1#h1tg000005l:28445311-33640507	3600703	3601221	+	518	1.0	0.9961389961389961	0	1
apr039_1	apr039#1	WHR1B	WHR1	apr039#1#h1tg000005l:28445311-33640507	3567967	3568482	+	518	1.0	0.9884169884169884	0	1
apr039_2	apr039#2	WHR1	WHR1	apr039#2#h2tg000012l:28411824-33614466	3619214	3629476	+	10272	1.0	0.9980529595015576	60	1
apr039_2	apr039#2	CYP21A1P	CYP21	apr039#2#h2tg000012l:28411824-33614466	3653666	3656940	+	3274	1.0	0.9969456322541234	60	1
apr039_2	apr039#2	CYP21A1P	CYP21	apr039#2#h2tg000012l:28411824-33614466	3680034	3683309	+	3274	1.0	0.976850441669205	0	1
apr039_2	apr039#2	CYP21A2	CYP21	apr039#2#h2tg000012l:28411824-33614466	3680079	3683309	+	3230	1.0	0.9981424148606811	60	1
apr039_2	apr039#2	CYP21A2	CYP21	apr039#2#h2tg000012l:28411824-33614466	3653716	3656940	+	3230	0.9984520123839009	0.9786575935663471	0	1
apr039_2	apr039#2	TNXA	TNX	apr039#2#h2tg000012l:28411824-33614466	3656450	3661054	-	4604	1.0	0.9960903562119896	27	1
apr039_2	apr039#2	TNXA	TNX	apr039#2#h2tg000012l:28411824-33614466	3682819	3687542	-	4604	1.0	0.9699407281964437	0	1
apr039_2	apr039#2	TNXB	TNX	apr039#2#h2tg000012l:28411824-33614466	3682817	3751001	-	68186	1.0	0.9993548008680861	60	1
apr039_2	apr039#2	WHR1B	WHR1	apr039#2#h2tg000012l:28411824-33614466	3661300	3661818	+	518	1.0	0.9961389961389961	60	1
apr039_2	apr039#2	WHR1B	WHR1	apr039#2#h2tg000012l:28411824-33614466	3628564	3629079	+	518	1.0	0.9884169884169884	0	1
apr040_1	apr040#1	WHR1	WHR1	apr040#1#h1tg000032l:25914346-31039269_rc	3555139	3565410	+	10272	1.0	0.9992211838006231	60	1
apr040_1	apr040#1	CYP21A1P	CYP21	apr040#1#h1tg000032l:25914346-31039269_rc	3583230	3586504	+	3274	1.0	0.9771480804387569	60	1
apr040_1	apr040#1	CYP21A2	CYP21	apr040#1#h1tg000032l:25914346-31039269_rc	3583275	3586504	+	3230	1.0	0.9981424148606811	60	1
apr040_1	apr040#1	TNXA	TNX	apr040#1#h1tg000032l:25914346-31039269_rc	3586014	3590737	-	4604	1.0	0.9701524132091448	60	1
apr040_1	apr040#1	TNXB	TNX	apr040#1#h1tg000032l:25914346-31039269_rc	3586012	3654186	-	68186	1.0	0.9988417950710317	60	1
apr040_1	apr040#1	WHR1B	WHR1	apr040#1#h1tg000032l:25914346-31039269_rc	3564495	3565013	+	518	1.0	0.9942084942084942	60	1
apr040_2	apr040#2	WHR1	WHR1	apr040#2#h2tg000023l:25605134-30732063_rc	3558149	3568421	+	10272	1.0	0.9998052959501558	60	1
apr040_2	apr040#2	CYP21A1P	CYP21	apr040#2#h2tg000023l:25605134-30732063_rc	3586239	3589514	+	3274	1.0	0.976545842217484	60	1
apr040_2	apr040#2	CYP21A2	CYP21	apr040#2#h2tg000023l:25605134-30732063_rc	3586284	3589514	+	3230	1.0	0.9981424148606811	60	1
apr040_2	apr040#2	TNXA	TNX	apr040#2#h2tg000023l:25605134-30732063_rc	3589024	3593747	-	4604	1.0	0.9699407281964437	60	1
apr040_2	apr040#2	TNXB	TNX	apr040#2#h2tg000023l:25605134-30732063_rc	3589022	3657212	-	68186	1.0	0.9991642963962115	60	1
apr040_2	apr040#2	WHR1B	WHR1	apr040#2#h2tg000023l:25605134-30732063_rc	3567506	3568024	+	518	1.0	0.9942084942084942	60	1
apr041_1	apr041#1	WHR1	WHR1	apr041#1#h1tg000024l:23526305-28655372_rc	3551942	3562212	+	10272	1.0	0.9993185358255452	60	1
apr041_1	apr041#1	CYP21A1P	CYP21	apr041#1#h1tg000024l:23526305-28655372_rc	3586403	3589677	+	3274	1.0	0.9972510690287111	60	1
apr041_1	apr041#1	CYP21A1P	CYP21	apr041#1#h1tg000024l:23526305-28655372_rc	3612770	3616045	+	3274	1.0	0.978982637831252	0	1
apr041_1	apr041#1	CYP21A2	CYP21	apr041#1#h1tg000024l:23526305-28655372_rc	3612815	3616045	+	3230	1.0	0.9962848297213622	60	1
apr041_1	apr041#1	CYP21A2	CYP21	apr041#1#h1tg000024l:23526305-28655372_rc	3586453	3589677	+	3230	0.9984520123839009	0.9777296628518404	0	1
apr041_1	apr041#1	TNXA	TNX	apr041#1#h1tg000024l:23526305-28655372_rc	3589187	3593791	-	4604	1.0	0.9969591659426585	14	1
apr041_1	apr041#1	TNXA	TNX	apr041#1#h1tg000024l:23526305-28655372_rc	3615555	3620279	-	4604	1.0	0.9714225232853514	0	1
apr041_1	apr041#1	TNXB	TNX	apr041#1#h1tg000024l:23526305-28655372_rc	3615553	3683698	-	68186	1.0	0.9983723624206343	60	1
apr041_1	apr041#1	WHR1B	WHR1	apr041#1#h1tg000024l:23526305-28655372_rc	3594037	3594555	+	518	1.0	0.9980694980694981	60	1
apr041_1	apr041#1	WHR1B	WHR1	apr041#1#h1tg000024l:23526305-28655372_rc	3561297	3561815	+	518	1.0	0.9942084942084942	0	1
apr041_2	apr041#2	WHR1	WHR1	apr041#2#h2tg000015l:28437008-33578583	3539336	3549610	+	10272	1.0	0.9991240023359937	60	1
apr041_2	apr041#2	CYP21A1P	CYP21	apr041#2#h2tg000015l:28437008-33578583	3573797	3577071	+	3274	1.0	0.9957238851557727	60	1
apr041_2	apr041#2	CYP21A1P	CYP21	apr041#2#h2tg000015l:28437008-33578583	3600165	3603440	+	3274	1.0	0.9780688394760889	0	1
apr041_2	apr041#2	CYP21A2	CYP21	apr041#2#h2tg000015l:28437008-33578583	3600210	3603440	+	3230	1.0	0.9996904024767802	60	1
apr041_2	apr041#2	CYP21A2	CYP21	apr041#2#h2tg000015l:28437008-33578583	3573847	3577071	+	3230	0.9984520123839009	0.9777296628518404	0	1
apr041_2	apr041#2	TNXA	TNX	apr041#2#h2tg000015l:28437008-33578583	3576581	3581185	-	4604	1.0	0.9978279756733276	60	1
apr041_2	apr041#2	TNXA	TNX	apr041#2#h2tg000015l:28437008-33578583	3602950	3607673	-	4604	1.0	0.9701524132091448	0	1
apr041_2	apr041#2	TNXB	TNX	apr041#2#h2tg000015l:28437008-33578583	3602948	3671145	-	68186	1.0	0.9998093785741518	60	1
apr041_2	apr041#2	WHR1B	WHR1	apr041#2#h2tg000015l:28437008-33578583	3548695	3549213	+	518	1.0	1.0	29	1
apr041_2	apr041#2	WHR1B	WHR1	apr041#2#h2tg000015l:28437008-33578583	3581431	3581949	+	518	1.0	0.9980694980694981	0	1
apr042_1	apr042#1	WHR1	WHR1	apr042#1#h1tg000024l:28343014-33430082	3505483	3515755	+	10272	1.0	0.9991239170641487	60	1
apr042_1	apr042#1	CYP21A1P	CYP21	apr042#1#h1tg000024l:28343014-33430082	3539944	3543215	+	3274	1.0	0.9978619425778864	60	1
apr042_1	apr042#1	CYP21A1P	CYP21	apr042#1#h1tg000024l:28343014-33430082	3572676	3575949	+	3274	1.0	0.976857490864799	0	1
apr042_1	apr042#1	CYP21A2	CYP21	apr042#1#h1tg000024l:28343014-33430082	3572721	3575949	+	3230	1.0	0.9962859795728877	60	1
apr042_1	apr042#1	CYP21A2	CYP21	apr042#1#h1tg000024l:28343014-33430082	3539994	3543215	+	3230	0.9984520123839009	0.9768017321373338	0	1
apr042_1	apr042#1	TNXA	TNX	apr042#1#h1tg000024l:28343014-33430082	3542725	3547329	-	4604	1.0	0.9980451781059948	60	1
apr042_1	apr042#1	TNXA	TNX	apr042#1#h1tg000024l:28343014-33430082	3575459	3580182	-	4604	1.0	0.9688823031329382	0	1
apr042_1	apr042#1	TNXB	TNX	apr042#1#h1tg000024l:28343014-33430082	3575457	3643662	-	68186	1.0	0.9987100367932688	60	1
apr042_1	apr042#1	WHR1B	WHR1	apr042#1#h1tg000024l:28343014-33430082	3547575	3548093	+	518	1.0	0.9980694980694981	60	1
apr042_1	apr042#1	WHR1B	WHR1	apr042#1#h1tg000024l:28343014-33430082	3514840	3515358	+	518	1.0	0.9942084942084942	0	1
apr042_2	apr042#2	WHR1	WHR1	apr042#2#h2tg000022l:28456692-33606982	3549531	3559803	+	10272	1.0	0.9991239170641487	60	1
apr042_2	apr042#2	CYP21A1P	CYP21	apr042#2#h2tg000022l:28456692-33606982	3583992	3587266	+	3274	1.0	0.998167379352474	60	1
apr042_2	apr042#2	CYP21A1P	CYP21	apr042#2#h2tg000022l:28456692-33606982	3616727	3619999	+	3274	1.0	0.9777642400243679	0	1
apr042_2	apr042#2	CYP21A2	CYP21	apr042#2#h2tg000022l:28456692-33606982	3616772	3619999	+	3230	1.0	0.9962848297213622	60	1
apr042_2	apr042#2	CYP21A2	CYP21	apr042#2#h2tg000022l:28456692-33606982	3584042	3587266	+	3230	0.9984520123839009	0.9780389730900093	0	1
apr042_2	apr042#2	TNXA	TNX	apr042#2#h2tg000022l:28456692-33606982	3586776	3591380	-	4604	1.0	0.998262380538662	60	1
apr042_2	apr042#2	TNXA	TNX	apr042#2#h2tg000022l:28456692-33606982	3619509	3624232	-	4604	1.0	0.9690939881456393	0	1
apr042_2	apr042#2	TNXB	TNX	apr042#2#h2tg000022l:28456692-33606982	3619507	3687698	-	68186	1.0	0.9988270998577858	60	1
apr042_2	apr042#2	WHR1B	WHR1	apr042#2#h2tg000022l:28456692-33606982	3591626	3592144	+	518	1.0	0.9980694980694981	60	1
apr042_2	apr042#2	WHR1B	WHR1	apr042#2#h2tg000022l:28456692-33606982	3558888	3559406	+	518	1.0	0.9942084942084942	0	1
apr043_1	apr043#1	WHR1	WHR1	apr043#1#h1tg000012l:139593152-144731880_rc	3544215	3554485	+	10272	1.0	0.9994158878504673	60	1
apr043_1	apr043#1	CYP21A1P	CYP21	apr043#1#h1tg000012l:139593152-144731880_rc	3578676	3581950	+	3274	1.0	0.9975565058032987	60	1
apr043_1	apr043#1	CYP21A1P	CYP21	apr043#1#h1tg000012l:139593152-144731880_rc	3605043	3608318	+	3274	1.0	0.9786780383795309	0	1
apr043_1	apr043#1	CYP21A2	CYP21	apr043#1#h1tg000012l:139593152-144731880_rc	3605088	3608318	+	3230	1.0	0.9959752321981424	60	1
apr043_1	apr043#1	CYP21A2	CYP21	apr043#1#h1tg000012l:139593152-144731880_rc	3578726	3581950	+	3230	0.9984520123839009	0.9780389730900093	0	1
apr043_1	apr043#1	TNXA	TNX	apr043#1#h1tg000012l:139593152-144731880_rc	3581460	3586064	-	4604	1.0	0.996524761077324	1	1
apr043_1	apr043#1	TNXA	TNX	apr043#1#h1tg000012l:139593152-144731880_rc	3607828	3612552	-	4604	1.0	0.9714225232853514	0	1
apr043_1	apr043#1	TNXB	TNX	apr043#1#h1tg000012l:139593152-144731880_rc	3607826	3675984	-	68186	1.0	0.9982113272831235	60	1
apr043_1	apr043#1	WHR1B	WHR1	apr043#1#h1tg000012l:139593152-144731880_rc	3586310	3586828	+	518	1.0	0.9980694980694981	60	1
apr043_1	apr043#1	WHR1B	WHR1	apr043#1#h1tg000012l:139593152-144731880_rc	3553570	3554088	+	518	1.0	0.9922779922779923	0	1
apr043_2	apr043#2	WHR1	WHR1	apr043#2#h2tg000007l:28374571-33634772	3564034	3574305	+	10272	1.0	0.9993185358255452	60	1
apr043_2	apr043#2	CYP21A1P	CYP21	apr043#2#h2tg000007l:28374571-33634772	3598496	3601770	+	3274	1.0	0.9978619425778864	60	1
apr043_2	apr043#2	CYP21A1P	CYP21	apr043#2#h2tg000007l:28374571-33634772	3624863	3628138	+	3274	1.0	0.9805056350898569	0	1
apr043_2	apr043#2	CYP21A2	CYP21	apr043#2#h2tg000007l:28374571-33634772	3624908	3628138	+	3230	1.0	0.9953560371517027	60	1
apr043_2	apr043#2	CYP21A2	CYP21	apr043#2#h2tg000007l:28374571-33634772	3598546	3601770	+	3230	0.9984520123839009	0.9777296628518404	0	1
apr043_2	apr043#2	TNXA	TNX	apr043#2#h2tg000007l:28374571-33634772	3601280	3605884	-	4604	1.0	0.9963075586446568	18	1
apr043_2	apr043#2	TNXA	TNX	apr043#2#h2tg000007l:28374571-33634772	3627648	3632372	-	4604	1.0	0.970575783234547	0	1
apr043_2	apr043#2	TNXB	TNX	apr043#2#h2tg000007l:28374571-33634772	3627646	3695815	-	68186	1.0	0.9982847592798921	60	1
apr043_2	apr043#2	WHR1B	WHR1	apr043#2#h2tg000007l:28374571-33634772	3606130	3606648	+	518	1.0	0.9980694980694981	0	1
apr043_2	apr043#2	WHR1B	WHR1	apr043#2#h2tg000007l:28374571-33634772	3573390	3573908	+	518	1.0	0.9980694980694981	0	1
apr044_1	apr044#1	WHR1	WHR1	apr044#1#h1tg000020l:28254023-33444694	3562673	3572946	+	10272	1.0	0.999902657451572	60	1
apr044_1	apr044#1	CYP21A1P	CYP21	apr044#1#h1tg000020l:28254023-33444694	3597135	3600409	+	3274	1.0	0.9996945632254124	60	1
apr044_1	apr044#1	CYP21A1P	CYP21	apr044#1#h1tg000020l:28254023-33444694	3629870	3633145	+	3274	1.0	0.9783734389278099	0	1
apr044_1	apr044#1	CYP21A2	CYP21	apr044#1#h1tg000020l:28254023-33444694	3629915	3633145	+	3230	1.0	0.9993808049535604	60	1
apr044_1	apr044#1	CYP21A2	CYP21	apr044#1#h1tg000020l:28254023-33444694	3597185	3600409	+	3230	0.9984520123839009	0.9783482833281781	0	1
apr044_1	apr044#1	TNXA	TNX	apr044#1#h1tg000020l:28254023-33444694	3599919	3604523	-	4604	1.0	0.9997827975673328	60	1
apr044_1	apr044#1	TNXA	TNX	apr044#1#h1tg000020l:28254023-33444694	3632655	3637378	-	4604	1.0	0.9701524132091448	0	1
apr044_1	apr044#1	TNXB	TNX	apr044#1#h1tg000020l:28254023-33444694	3632653	3700864	-	68186	1.0	0.9995601946871518	60	1
apr044_1	apr044#1	WHR1B	WHR1	apr044#1#h1tg000020l:28254023-33444694	3604769	3605287	+	518	1.0	1.0	60	1
apr044_1	apr044#1	WHR1B	WHR1	apr044#1#h1tg000020l:28254023-33444694	3572031	3572549	+	518	1.0	0.9942084942084942	0	1
apr044_2	apr044#2	WHR1	WHR1	apr044#2#h2tg000019l:138732995-143879453_rc	3568473	3578745	+	10272	1.0	0.9990265745157209	60	1
apr044_2	apr044#2	CYP21A1P	CYP21	apr044#2#h2tg000019l:138732995-143879453_rc	3602934	3606208	+	3274	1.0	0.998167379352474	60	1
apr044_2	apr044#2	CYP21A1P	CYP21	apr044#2#h2tg000019l:138732995-143879453_rc	3635669	3638940	+	3274	1.0	0.9780621572212066	0	1
apr044_2	apr044#2	CYP21A2	CYP21	apr044#2#h2tg000019l:138732995-143879453_rc	3635714	3638940	+	3230	1.0	0.9962848297213622	60	1
apr044_2	apr044#2	CYP21A2	CYP21	apr044#2#h2tg000019l:138732995-143879453_rc	3602984	3606208	+	3230	0.9984520123839009	0.9780389730900093	0	1
apr044_2	apr044#2	TNXA	TNX	apr044#2#h2tg000019l:138732995-143879453_rc	3605718	3610322	-	4604	1.0	0.9978279756733276	60	1
apr044_2	apr044#2	TNXA	TNX	apr044#2#h2tg000019l:138732995-143879453_rc	3638450	3643173	-	4604	1.0	0.9686706181202371	0	1
apr044_2	apr044#2	TNXB	TNX	apr044#2#h2tg000019l:138732995-143879453_rc	3638448	3706635	-	68186	1.0	0.9988563720602898	60	1
apr044_2	apr044#2	WHR1B	WHR1	apr044#2#h2tg000019l:138732995-143879453_rc	3610568	3611086	+	518	1.0	0.9980694980694981	60	1
apr044_2	apr044#2	WHR1B	WHR1	apr044#2#h2tg000019l:138732995-143879453_rc	3577830	3578348	+	518	1.0	0.9922779922779923	0	1
apr045_1	apr045#1	WHR1	WHR1	apr045#1#h1tg000014l:28436066-33585265	3552324	3562594	+	10272	1.0	0.9994158878504673	60	1
apr045_1	apr045#1	CYP21A1P	CYP21	apr045#1#h1tg000014l:28436066-33585265	3586785	3590059	+	3274	1.0	0.9972510690287111	60	1
apr045_1	apr045#1	CYP21A1P	CYP21	apr045#1#h1tg000014l:28436066-33585265	3613152	3616427	+	3274	1.0	0.978982637831252	0	1
apr045_1	apr045#1	CYP21A2	CYP21	apr045#1#h1tg000014l:28436066-33585265	3613197	3616427	+	3230	1.0	0.9962848297213622	60	1
apr045_1	apr045#1	CYP21A2	CYP21	apr045#1#h1tg000014l:28436066-33585265	3586835	3590059	+	3230	0.9984520123839009	0.9777296628518404	0	1
apr045_1	apr045#1	TNXA	TNX	apr045#1#h1tg000014l:28436066-33585265	3589569	3594173	-	4604	1.0	0.9967419635099913	4	1
apr045_1	apr045#1	TNXA	TNX	apr045#1#h1tg000014l:28436066-33585265	3615937	3620661	-	4604	1.0	0.9714225232853514	0	1
apr045_1	apr045#1	TNXB	TNX	apr045#1#h1tg000014l:28436066-33585265	3615935	3684087	-	68186	1.0	0.9982259365149183	60	1
apr045_1	apr045#1	WHR1B	WHR1	apr045#1#h1tg000014l:28436066-33585265	3594419	3594937	+	518	1.0	0.9980694980694981	60	1
apr045_1	apr045#1	WHR1B	WHR1	apr045#1#h1tg000014l:28436066-33585265	3561679	3562197	+	518	1.0	0.9942084942084942	0	1
apr045_2	apr045#2	WHR1	WHR1	apr045#2#h2tg000020l:28349553-33649005	3612858	3623130	+	10272	1.0	0.9995132398753894	60	1
apr045_2	apr045#2	CYP21A1P	CYP21	apr045#2#h2tg000020l:28349553-33649005	3673804	3677079	+	3274	1.0	0.977459640572647	0	1
apr045_2	apr045#2	CYP21A1P	CYP21	apr045#2#h2tg000020l:28349553-33649005	3647316	3650590	+	3274	1.0	0.9774527726995734	0	1
apr045_2	apr045#2	CYP21A2	CYP21	apr045#2#h2tg000020l:28349553-33649005	3673849	3677079	+	3230	1.0	0.9990712074303405	14	1
apr045_2	apr045#2	CYP21A2	CYP21	apr045#2#h2tg000020l:28349553-33649005	3647361	3650590	+	3230	1.0	0.9984520123839009	0	1
apr045_2	apr045#2	TNXA	TNX	apr045#2#h2tg000020l:28349553-33649005	3650100	3654823	-	4604	1.0	0.970575783234547	15	1
apr045_2	apr045#2	TNXA	TNX	apr045#2#h2tg000020l:28349553-33649005	3676589	3681312	-	4604	1.0	0.9699407281964437	0	1
apr045_2	apr045#2	TNXB	TNX	apr045#2#h2tg000020l:28349553-33649005	3676587	3744778	-	68186	1.0	0.9992229080832221	60	1
apr045_2	apr045#2	WHR1B	WHR1	apr045#2#h2tg000020l:28349553-33649005	3655069	3655587	+	518	1.0	0.9980694980694981	34	1
apr045_2	apr045#2	WHR1B	WHR1	apr045#2#h2tg000020l:28349553-33649005	3622215	3622733	+	518	1.0	0.9961389961389961	0	1
apr046_1	apr046#1	WHR1	WHR1	apr046#1#h1tg000020l:28428626-33509292	3498389	3508663	+	10272	1.0	0.9993186684835507	60	1
apr046_1	apr046#1	CYP21A1P	CYP21	apr046#1#h1tg000020l:28428626-33509292	3532851	3536125	+	3274	1.0	0.998167379352474	60	1
apr046_1	apr046#1	CYP21A1P	CYP21	apr046#1#h1tg000020l:28428626-33509292	3565586	3568857	+	3274	1.0	0.9780621572212066	0	1
apr046_1	apr046#1	CYP21A2	CYP21	apr046#1#h1tg000020l:28428626-33509292	3565631	3568857	+	3230	1.0	0.9962848297213622	60	1
apr046_1	apr046#1	CYP21A2	CYP21	apr046#1#h1tg000020l:28428626-33509292	3532901	3536125	+	3230	0.9984520123839009	0.9780389730900093	0	1
apr046_1	apr046#1	TNXA	TNX	apr046#1#h1tg000020l:28428626-33509292	3535635	3540239	-	4604	1.0	0.9976107732406603	60	1
apr046_1	apr046#1	TNXA	TNX	apr046#1#h1tg000020l:28428626-33509292	3568367	3573090	-	4604	1.0	0.9688823031329382	0	1
apr046_1	apr046#1	TNXB	TNX	apr046#1#h1tg000020l:28428626-33509292	3568365	3636545	-	68186	1.0	0.9984900017592212	60	1
apr046_1	apr046#1	WHR1B	WHR1	apr046#1#h1tg000020l:28428626-33509292	3540485	3541003	+	518	1.0	0.9980694980694981	60	1
apr046_1	apr046#1	WHR1B	WHR1	apr046#1#h1tg000020l:28428626-33509292	3507748	3508266	+	518	1.0	0.9942084942084942	0	1
apr046_2	apr046#2	WHR1	WHR1	apr046#2#h2tg000002l:138874465-144007848_rc	3555664	3565934	+	10272	1.0	0.9995132398753894	60	1
apr046_2	apr046#2	CYP21A1P	CYP21	apr046#2#h2tg000002l:138874465-144007848_rc	3590125	3593399	+	3274	1.0	0.9972510690287111	60	1
apr046_2	apr046#2	CYP21A1P	CYP21	apr046#2#h2tg000002l:138874465-144007848_rc	3616492	3619767	+	3274	1.0	0.976850441669205	0	1
apr046_2	apr046#2	CYP21A2	CYP21	apr046#2#h2tg000002l:138874465-144007848_rc	3616537	3619767	+	3230	1.0	0.9981424148606811	60	1
apr046_2	apr046#2	CYP21A2	CYP21	apr046#2#h2tg000002l:138874465-144007848_rc	3590175	3593399	+	3230	0.9984520123839009	0.9777296628518404	0	1
apr046_2	apr046#2	TNXA	TNX	apr046#2#h2tg000002l:138874465-144007848_rc	3592909	3597513	-	4604	1.0	0.996524761077324	54	1
apr046_2	apr046#2	TNXA	TNX	apr046#2#h2tg000002l:138874465-144007848_rc	3619277	3624001	-	4604	1.0	0.9693056731583404	0	1
apr046_2	apr046#2	TNXB	TNX	apr046#2#h2tg000002l:138874465-144007848_rc	3619275	3687462	-	68186	1.0	0.9990029764086624	60	1
apr046_2	apr046#2	WHR1B	WHR1	apr046#2#h2tg000002l:138874465-144007848_rc	3597759	3598277	+	518	1.0	0.9980694980694981	60	1
apr046_2	apr046#2	WHR1B	WHR1	apr046#2#h2tg000002l:138874465-144007848_rc	3565019	3565537	+	518	1.0	0.9942084942084942	0	1
apr047_1	apr047#1	WHR1	WHR1	apr047#1#h1tg000022l:124629191-129940792_rc	3624278	3634550	+	10272	1.0	0.9995132398753894	60	1
apr047_1	apr047#1	CYP21A1P	CYP21	apr047#1#h1tg000022l:124629191-129940792_rc	3658736	3662010	+	3274	1.0	0.9774527726995734	0	1
apr047_1	apr047#1	CYP21A1P	CYP21	apr047#1#h1tg000022l:124629191-129940792_rc	3685224	3688499	+	3274	1.0	0.977459640572647	0	1
apr047_1	apr047#1	CYP21A2	CYP21	apr047#1#h1tg000022l:124629191-129940792_rc	3685269	3688499	+	3230	1.0	0.9990712074303405	14	1
apr047_1	apr047#1	CYP21A2	CYP21	apr047#1#h1tg000022l:124629191-129940792_rc	3658781	3662010	+	3230	1.0	0.9984520123839009	0	1
apr047_1	apr047#1	TNXA	TNX	apr047#1#h1tg000022l:124629191-129940792_rc	3661520	3666243	-	4604	1.0	0.970575783234547	5	1
apr047_1	apr047#1	TNXA	TNX	apr047#1#h1tg000022l:124629191-129940792_rc	3688009	3692732	-	4604	1.0	0.9703640982218459	0	1
apr047_1	apr047#1	TNXB	TNX	apr047#1#h1tg000022l:124629191-129940792_rc	3688007	3756211	-	68186	1.0	0.9990471303965404	60	1
apr047_1	apr047#1	WHR1B	WHR1	apr047#1#h1tg000022l:124629191-129940792_rc	3666489	3667007	+	518	1.0	0.9980694980694981	34	1
apr047_1	apr047#1	WHR1B	WHR1	apr047#1#h1tg000022l:124629191-129940792_rc	3633635	3634153	+	518	1.0	0.9961389961389961	0	1
apr047_2	apr047#2	WHR1	WHR1	apr047#2#h2tg000009l:28374338-33555921	3555226	3565498	+	10272	1.0	1.0	60	1
apr047_2	apr047#2	CYP21A1P	CYP21	apr047#2#h2tg000009l:28374338-33555921	3589687	3592961	+	3274	1.0	1.0	60	1
apr047_2	apr047#2	CYP21A1P	CYP21	apr047#2#h2tg000009l:28374338-33555921	3622421	3625696	+	3274	1.0	0.9780688394760889	0	1
apr047_2	apr047#2	CYP21A2	CYP21	apr047#2#h2tg000009l:28374338-33555921	3622466	3625696	+	3230	1.0	0.9996904024767802	60	1
apr047_2	apr047#2	CYP21A2	CYP21	apr047#2#h2tg000009l:28374338-33555921	3589737	3592961	+	3230	0.9984520123839009	0.9780389730900093	0	1
apr047_2	apr047#2	TNXA	TNX	apr047#2#h2tg000009l:28374338-33555921	3592471	3597075	-	4604	1.0	0.9997827975673328	60	1
apr047_2	apr047#2	TNXA	TNX	apr047#2#h2tg000009l:28374338-33555921	3625206	3629929	-	4604	1.0	0.970575783234547	0	1
apr047_2	apr047#2	TNXB	TNX	apr047#2#h2tg000009l:28374338-33555921	3625204	3693414	-	68186	1.0	0.9994722413616173	60	1
apr047_2	apr047#2	WHR1B	WHR1	apr047#2#h2tg000009l:28374338-33555921	3597321	3597839	+	518	1.0	1.0	60	1
apr047_2	apr047#2	WHR1B	WHR1	apr047#2#h2tg000009l:28374338-33555921	3564583	3565101	+	518	1.0	0.9942084942084942	0	1
apr048_1	apr048#1	WHR1	WHR1	apr048#1#h1tg000017l:28263896-33470594	3552596	3562859	+	10272	1.0	0.9981503115264797	60	1
apr048_1	apr048#1	CYP21A1P	CYP21	apr048#1#h1tg000017l:28263896-33470594	3639812	3643086	+	3274	1.0	0.9966401954795358	0	1
apr048_1	apr048#1	CYP21A1P	CYP21	apr048#1#h1tg000017l:28263896-33470594	3587071	3590345	+	3274	1.0	0.9966401954795358	0	1
apr048_1	apr048#1	CYP21A1P	CYP21	apr048#1#h1tg000017l:28263896-33470594	3613442	3616716	+	3274	1.0	0.9966401954795358	0	1
apr048_1	apr048#1	CYP21A1P	CYP21	apr048#1#h1tg000017l:28263896-33470594	3666178	3669453	+	3274	1.0	0.9780688394760889	0	1
apr048_1	apr048#1	CYP21A2	CYP21	apr048#1#h1tg000017l:28263896-33470594	3666223	3669453	+	3230	1.0	0.9975232198142415	60	1
apr048_1	apr048#1	CYP21A2	CYP21	apr048#1#h1tg000017l:28263896-33470594	3587121	3590345	+	3230	0.9984520123839009	0.9789669038045159	0	1
apr048_1	apr048#1	CYP21A2	CYP21	apr048#1#h1tg000017l:28263896-33470594	3639862	3643086	+	3230	0.9984520123839009	0.9789669038045159	0	1
apr048_1	apr048#1	CYP21A2	CYP21	apr048#1#h1tg000017l:28263896-33470594	3613492	3616716	+	3230	0.9984520123839009	0.9789669038045159	0	1
apr048_1	apr048#1	TNXA	TNX	apr048#1#h1tg000017l:28263896-33470594	3616226	3620830	-	4604	1.0	0.996524761077324	0	1
apr048_1	apr048#1	TNXA	TNX	apr048#1#h1tg000017l:28263896-33470594	3642596	3647200	-	4604	1.0	0.996524761077324	0	1
apr048_1	apr048#1	TNXA	TNX	apr048#1#h1tg000017l:28263896-33470594	3589855	3594459	-	4604	1.0	0.996524761077324	0	1
apr048_1	apr048#1	TNXA	TNX	apr048#1#h1tg000017l:28263896-33470594	3668963	3673686	-	4604	1.0	0.9690939881456393	0	1
apr048_1	apr048#1	TNXB	TNX	apr048#1#h1tg000017l:28263896-33470594	3668961	3737219	-	68186	1.0	0.9979052836656072	60	1
apr048_1	apr048#1	WHR1B	WHR1	apr048#1#h1tg000017l:28263896-33470594	3594705	3595223	+	518	1.0	0.9961389961389961	0	1
apr048_1	apr048#1	WHR1B	WHR1	apr048#1#h1tg000017l:28263896-33470594	3621076	3621594	+	518	1.0	0.9961389961389961	0	1
apr048_1	apr048#1	WHR1B	WHR1	apr048#1#h1tg000017l:28263896-33470594	3647446	3647964	+	518	1.0	0.9961389961389961	0	1
apr048_1	apr048#1	WHR1B	WHR1	apr048#1#h1tg000017l:28263896-33470594	3561947	3562462	+	518	1.0	0.9884169884169884	0	1
apr048_2	apr048#2	WHR1	WHR1	apr048#2#h2tg000004l:138392377-143552020_rc	3556568	3566840	+	10272	1.0	0.9988320031146584	60	1
apr048_2	apr048#2	CYP21A1P	CYP21	apr048#2#h2tg000004l:138392377-143552020_rc	3591029	3594303	+	3274	1.0	0.9984728161270617	60	1
apr048_2	apr048#2	CYP21A1P	CYP21	apr048#2#h2tg000004l:138392377-143552020_rc	3617396	3620670	+	3274	1.0	0.9771480804387569	0	1
apr048_2	apr048#2	CYP21A2	CYP21	apr048#2#h2tg000004l:138392377-143552020_rc	3617441	3620670	+	3230	1.0	0.9984520123839009	60	1
apr048_2	apr048#2	CYP21A2	CYP21	apr048#2#h2tg000004l:138392377-143552020_rc	3591079	3594303	+	3230	0.9984520123839009	0.9777296628518404	0	1
apr048_2	apr048#2	TNXA	TNX	apr048#2#h2tg000004l:138392377-143552020_rc	3593813	3598417	-	4604	1.0	0.9960903562119896	34	1
apr048_2	apr048#2	TNXA	TNX	apr048#2#h2tg000004l:138392377-143552020_rc	3620180	3624903	-	4604	1.0	0.9697290431837426	0	1
apr048_2	apr048#2	TNXB	TNX	apr048#2#h2tg000004l:138392377-143552020_rc	3620178	3688369	-	68186	1.0	0.9994574620956627	60	1
apr048_2	apr048#2	WHR1B	WHR1	apr048#2#h2tg000004l:138392377-143552020_rc	3598663	3599181	+	518	1.0	0.9980694980694981	60	1
apr048_2	apr048#2	WHR1B	WHR1	apr048#2#h2tg000004l:138392377-143552020_rc	3565925	3566443	+	518	1.0	0.9922779922779923	0	1
apr049_1	apr049#1	WHR1	WHR1	apr049#1#h1tg000006l:28277333-33430073	3541417	3551689	+	10272	1.0	0.9990265745157209	60	1
apr049_1	apr049#1	CYP21A1P	CYP21	apr049#1#h1tg000006l:28277333-33430073	3575878	3579152	+	3274	1.0	0.998167379352474	60	1
apr049_1	apr049#1	CYP21A1P	CYP21	apr049#1#h1tg000006l:28277333-33430073	3608613	3611884	+	3274	1.0	0.9780621572212066	0	1
apr049_1	apr049#1	CYP21A2	CYP21	apr049#1#h1tg000006l:28277333-33430073	3608658	3611884	+	3230	1.0	0.9962848297213622	60	1
apr049_1	apr049#1	CYP21A2	CYP21	apr049#1#h1tg000006l:28277333-33430073	3575928	3579152	+	3230	0.9984520123839009	0.9780389730900093	0	1
apr049_1	apr049#1	TNXA	TNX	apr049#1#h1tg000006l:28277333-33430073	3578662	3583266	-	4604	1.0	0.9978279756733276	60	1
apr049_1	apr049#1	TNXA	TNX	apr049#1#h1tg000006l:28277333-33430073	3611394	3616117	-	4604	1.0	0.9688823031329382	0	1
apr049_1	apr049#1	TNXB	TNX	apr049#1#h1tg000006l:28277333-33430073	3611392	3679575	-	68186	1.0	0.9988710339569526	60	1
apr049_1	apr049#1	WHR1B	WHR1	apr049#1#h1tg000006l:28277333-33430073	3583512	3584030	+	518	1.0	0.9980694980694981	60	1
apr049_1	apr049#1	WHR1B	WHR1	apr049#1#h1tg000006l:28277333-33430073	3550774	3551292	+	518	1.0	0.9942084942084942	0	1
apr049_2	apr049#2	WHR1	WHR1	apr049#2#h2tg000002l:138418227-143654758_rc	3623699	3633971	+	10272	1.0	0.9991239170641487	60	1
apr049_2	apr049#2	CYP21A1P	CYP21	apr049#2#h2tg000002l:138418227-143654758_rc	3658160	3661434	+	3274	1.0	0.998167379352474	60	1
apr049_2	apr049#2	CYP21A1P	CYP21	apr049#2#h2tg000002l:138418227-143654758_rc	3690895	3694166	+	3274	1.0	0.9780621572212066	0	1
apr049_2	apr049#2	CYP21A2	CYP21	apr049#2#h2tg000002l:138418227-143654758_rc	3690940	3694166	+	3230	1.0	0.9962848297213622	60	1
apr049_2	apr049#2	CYP21A2	CYP21	apr049#2#h2tg000002l:138418227-143654758_rc	3658210	3661434	+	3230	0.9984520123839009	0.9780389730900093	0	1
apr049_2	apr049#2	TNXA	TNX	apr049#2#h2tg000002l:138418227-143654758_rc	3660944	3665548	-	4604	1.0	0.9976107732406603	60	1
apr049_2	apr049#2	TNXA	TNX	apr049#2#h2tg000002l:138418227-143654758_rc	3693676	3698399	-	4604	1.0	0.9688823031329382	0	1
apr049_2	apr049#2	TNXB	TNX	apr049#2#h2tg000002l:138418227-143654758_rc	3693674	3761857	-	68186	1.0	0.9988710339569526	60	1
apr049_2	apr049#2	WHR1B	WHR1	apr049#2#h2tg000002l:138418227-143654758_rc	3665794	3666312	+	518	1.0	0.9980694980694981	60	1
apr049_2	apr049#2	WHR1B	WHR1	apr049#2#h2tg000002l:138418227-143654758_rc	3633056	3633574	+	518	1.0	0.9942084942084942	0	1
apr050_1	apr050#1	WHR1	WHR1	apr050#1#h1tg000015l:138045880-143321309_rc	3562723	3572997	+	10272	1.0	0.9991240023359937	60	1
apr050_1	apr050#1	CYP21A1P	CYP21	apr050#1#h1tg000015l:138045880-143321309_rc	3597184	3600458	+	3274	1.0	0.9957238851557727	60	1
apr050_1	apr050#1	CYP21A1P	CYP21	apr050#1#h1tg000015l:138045880-143321309_rc	3649919	3653194	+	3274	1.0	0.9777642400243679	0	1
apr050_1	apr050#1	CYP21A1P	CYP21	apr050#1#h1tg000015l:138045880-143321309_rc	3623552	3626827	+	3274	1.0	0.976850441669205	0	1
apr050_1	apr050#1	CYP21A2	CYP21	apr050#1#h1tg000015l:138045880-143321309_rc	3623597	3626827	+	3230	1.0	0.9981424148606811	24	1
apr050_1	apr050#1	CYP21A2	CYP21	apr050#1#h1tg000015l:138045880-143321309_rc	3649964	3653194	+	3230	1.0	0.9969040247678018	0	1
apr050_1	apr050#1	CYP21A2	CYP21	apr050#1#h1tg000015l:138045880-143321309_rc	3597234	3600458	+	3230	0.9984520123839009	0.9777296628518404	0	1
apr050_1	apr050#1	TNXA	TNX	apr050#1#h1tg000015l:138045880-143321309_rc	3599968	3604572	-	4604	1.0	0.9978279756733276	40	1
apr050_1	apr050#1	TNXA	TNX	apr050#1#h1tg000015l:138045880-143321309_rc	3626337	3630940	-	4604	1.0	0.9960903562119896	0	1
apr050_1	apr050#1	TNXA	TNX	apr050#1#h1tg000015l:138045880-143321309_rc	3652704	3657427	-	4604	1.0	0.9688823031329382	0	1
apr050_1	apr050#1	TNXB	TNX	apr050#1#h1tg000015l:138045880-143321309_rc	3652702	3720886	-	68186	1.0	0.998841625243772	60	1
apr050_1	apr050#1	WHR1B	WHR1	apr050#1#h1tg000015l:138045880-143321309_rc	3572082	3572600	+	518	1.0	1.0	29	1
apr050_1	apr050#1	WHR1B	WHR1	apr050#1#h1tg000015l:138045880-143321309_rc	3604818	3605336	+	518	1.0	0.9980694980694981	0	1
apr050_1	apr050#1	WHR1B	WHR1	apr050#1#h1tg000015l:138045880-143321309_rc	3631186	3631704	+	518	1.0	0.9961389961389961	0	1
apr050_2	apr050#2	WHR1	WHR1	apr050#2#h2tg000017l:28548291-33713388	3617550	3627823	+	10272	1.0	0.9995132872578604	60	1
apr050_2	apr050#2	CYP21A1P	CYP21	apr050#2#h2tg000017l:28548291-33713388	3652010	3655285	+	3274	1.0	0.977459640572647	60	1
apr050_2	apr050#2	CYP21A2	CYP21	apr050#2#h2tg000017l:28548291-33713388	3652055	3655285	+	3230	1.0	0.9981424148606811	60	1
apr050_2	apr050#2	TNXA	TNX	apr050#2#h2tg000017l:28548291-33713388	3654795	3659518	-	4604	1.0	0.9699407281964437	60	1
apr050_2	apr050#2	TNXB	TNX	apr050#2#h2tg000017l:28548291-33713388	3654793	3722944	-	68186	1.0	0.9991494229274517	60	1
apr050_2	apr050#2	WHR1B	WHR1	apr050#2#h2tg000017l:28548291-33713388	3626908	3627426	+	518	1.0	0.9961389961389961	60	1
apr051_1	apr051#1	WHR1	WHR1	apr051#1#h1tg000003l:138076138-143233361_rc	3549281	3559552	+	10272	1.0	0.9999026479750779	60	1
apr051_1	apr051#1	CYP21A1P	CYP21	apr051#1#h1tg000003l:138076138-143233361_rc	3583741	3587015	+	3274	1.0	1.0	60	1
apr051_1	apr051#1	CYP21A1P	CYP21	apr051#1#h1tg000003l:138076138-143233361_rc	3616475	3619750	+	3274	1.0	0.9780688394760889	0	1
apr051_1	apr051#1	CYP21A2	CYP21	apr051#1#h1tg000003l:138076138-143233361_rc	3616520	3619750	+	3230	1.0	1.0	60	1
apr051_1	apr051#1	CYP21A2	CYP21	apr051#1#h1tg000003l:138076138-143233361_rc	3583791	3587015	+	3230	0.9984520123839009	0.9780389730900093	0	1
apr051_1	apr051#1	TNXA	TNX	apr051#1#h1tg000003l:138076138-143233361_rc	3586525	3591129	-	4604	1.0	1.0	60	1
apr051_1	apr051#1	TNXA	TNX	apr051#1#h1tg000003l:138076138-143233361_rc	3619260	3623983	-	4604	1.0	0.9701524132091448	0	1
apr051_1	apr051#1	TNXB	TNX	apr051#1#h1tg000003l:138076138-143233361_rc	3619258	3687449	-	68186	1.0	0.9998240314397161	60	1
apr051_1	apr051#1	WHR1B	WHR1	apr051#1#h1tg000003l:138076138-143233361_rc	3591375	3591893	+	518	1.0	1.0	60	1
apr051_1	apr051#1	WHR1B	WHR1	apr051#1#h1tg000003l:138076138-143233361_rc	3558637	3559155	+	518	1.0	0.9942084942084942	0	1
apr051_2	apr051#2	WHR1	WHR1	apr051#2#h2tg000005l:138189744-143327910_rc	3556990	3567252	+	10272	1.0	0.9980529595015576	60	1
apr051_2	apr051#2	CYP21A1P	CYP21	apr051#2#h2tg000005l:138189744-143327910_rc	3591442	3594716	+	3274	1.0	0.9969456322541234	60	1
apr051_2	apr051#2	CYP21A1P	CYP21	apr051#2#h2tg000005l:138189744-143327910_rc	3617810	3621084	+	3274	1.0	0.9771480804387569	0	1
apr051_2	apr051#2	CYP21A2	CYP21	apr051#2#h2tg000005l:138189744-143327910_rc	3617855	3621084	+	3230	1.0	0.9978328173374613	60	1
apr051_2	apr051#2	CYP21A2	CYP21	apr051#2#h2tg000005l:138189744-143327910_rc	3591492	3594716	+	3230	0.9984520123839009	0.9786575935663471	0	1
apr051_2	apr051#2	TNXA	TNX	apr051#2#h2tg000005l:138189744-143327910_rc	3594226	3598830	-	4604	1.0	0.9960903562119896	32	1
apr051_2	apr051#2	TNXA	TNX	apr051#2#h2tg000005l:138189744-143327910_rc	3620594	3625317	-	4604	1.0	0.9697290431837426	0	1
apr051_2	apr051#2	TNXB	TNX	apr051#2#h2tg000005l:138189744-143327910_rc	3620592	3688777	-	68186	1.0	0.9992375366568915	60	1
apr051_2	apr051#2	WHR1B	WHR1	apr051#2#h2tg000005l:138189744-143327910_rc	3599076	3599594	+	518	1.0	0.9961389961389961	60	1
apr051_2	apr051#2	WHR1B	WHR1	apr051#2#h2tg000005l:138189744-143327910_rc	3566340	3566855	+	518	1.0	0.9884169884169884	0	1
apr52_1	apr52#1	WHR1	WHR1	apr52#1#h1tg000012l:138556531-143810417_rc	3551779	3562051	+	10272	1.0	0.9991239170641487	60	1
apr52_1	apr52#1	CYP21A1P	CYP21	apr52#1#h1tg000012l:138556531-143810417_rc	3586240	3589514	+	3274	1.0	0.9978619425778864	60	1
apr52_1	apr52#1	CYP21A1P	CYP21	apr52#1#h1tg000012l:138556531-143810417_rc	3618975	3622247	+	3274	1.0	0.9777642400243679	0	1
apr52_1	apr52#1	CYP21A2	CYP21	apr52#1#h1tg000012l:138556531-143810417_rc	3619020	3622247	+	3230	1.0	0.9956656346749226	60	1
apr52_1	apr52#1	CYP21A2	CYP21	apr52#1#h1tg000012l:138556531-143810417_rc	3586290	3589514	+	3230	0.9984520123839009	0.9783482833281781	0	1
apr52_1	apr52#1	TNXA	TNX	apr52#1#h1tg000012l:138556531-143810417_rc	3589024	3593628	-	4604	1.0	0.998262380538662	60	1
apr52_1	apr52#1	TNXA	TNX	apr52#1#h1tg000012l:138556531-143810417_rc	3621757	3626480	-	4604	1.0	0.9688823031329382	0	1
apr52_1	apr52#1	TNXB	TNX	apr52#1#h1tg000012l:138556531-143810417_rc	3621755	3689937	-	68186	1.0	0.9988417101636268	60	1
apr52_1	apr52#1	WHR1B	WHR1	apr52#1#h1tg000012l:138556531-143810417_rc	3593874	3594392	+	518	1.0	0.9980694980694981	60	1
apr52_1	apr52#1	WHR1B	WHR1	apr52#1#h1tg000012l:138556531-143810417_rc	3561136	3561654	+	518	1.0	0.9942084942084942	0	1
apr52_2	apr52#2	WHR1	WHR1	apr52#2#h2tg000003l:137805510-143003962_rc	3506505	3516777	+	10272	1.0	0.9991239170641487	60	1
apr52_2	apr52#2	CYP21A1P	CYP21	apr52#2#h2tg000003l:137805510-143003962_rc	3540966	3544240	+	3274	1.0	0.998167379352474	60	1
apr52_2	apr52#2	CYP21A1P	CYP21	apr52#2#h2tg000003l:137805510-143003962_rc	3573701	3576976	+	3274	1.0	0.977155041120926	0	1
apr52_2	apr52#2	CYP21A2	CYP21	apr52#2#h2tg000003l:137805510-143003962_rc	3573746	3576976	+	3230	1.0	0.9984520123839009	60	1
apr52_2	apr52#2	CYP21A2	CYP21	apr52#2#h2tg000003l:137805510-143003962_rc	3541016	3544240	+	3230	0.9984520123839009	0.9780389730900093	0	1
apr52_2	apr52#2	TNXA	TNX	apr52#2#h2tg000003l:137805510-143003962_rc	3543750	3548354	-	4604	1.0	0.998262380538662	60	1
apr52_2	apr52#2	TNXA	TNX	apr52#2#h2tg000003l:137805510-143003962_rc	3576486	3581209	-	4604	1.0	0.9701524132091448	0	1
apr52_2	apr52#2	TNXB	TNX	apr52#2#h2tg000003l:137805510-143003962_rc	3576484	3644679	-	68186	1.0	0.9992669051668523	60	1
apr52_2	apr52#2	WHR1B	WHR1	apr52#2#h2tg000003l:137805510-143003962_rc	3548600	3549118	+	518	1.0	0.9980694980694981	60	1
apr52_2	apr52#2	WHR1B	WHR1	apr52#2#h2tg000003l:137805510-143003962_rc	3515862	3516380	+	518	1.0	0.9942084942084942	0	1
chm13_0	chm13#0	WHR1	WHR1	chm13#0#chr6:28282159-33401678	3542221	3552494	+	10272	1.0	0.9990266692622153	60	1
chm13_0	chm13#0	CYP21A1P	CYP21	chm13#0#chr6:28282159-33401678	3576683	3579957	+	3274	1.0	0.9978619425778864	60	1
chm13_0	chm13#0	CYP21A1P	CYP21	chm13#0#chr6:28282159-33401678	3609418	3612690	+	3274	1.0	0.9777642400243679	0	1
chm13_0	chm13#0	CYP21A2	CYP21	chm13#0#chr6:28282159-33401678	3609463	3612690	+	3230	1.0	0.9956656346749226	60	1
chm13_0	chm13#0	CYP21A2	CYP21	chm13#0#chr6:28282159-33401678	3576733	3579957	+	3230	0.9984520123839009	0.9783482833281781	0	1
chm13_0	chm13#0	TNXA	TNX	chm13#0#chr6:28282159-33401678	3579467	3584071	-	4604	1.0	0.998262380538662	60	1
chm13_0	chm13#0	TNXA	TNX	chm13#0#chr6:28282159-33401678	3612200	3616923	-	4604	1.0	0.9688823031329382	0	1
chm13_0	chm13#0	TNXB	TNX	chm13#0#chr6:28282159-33401678	3612198	3680372	-	68186	1.0	0.9987244149903232	60	1
chm13_0	chm13#0	WHR1B	WHR1	chm13#0#chr6:28282159-33401678	3584317	3584835	+	518	1.0	0.9980694980694981	60	1
chm13_0	chm13#0	WHR1B	WHR1	chm13#0#chr6:28282159-33401678	3551579	3552097	+	518	1.0	0.9942084942084942	0	1
hg002_1	hg002#1	WHR1	WHR1	hg002#1#chr6:28367269-33609101	3549291	3559563	+	10272	1.0	0.9991239170641487	60	1
hg002_1	hg002#1	CYP21A1P	CYP21	hg002#1#chr6:28367269-33609101	3583752	3587023	+	3274	1.0	0.9978619425778864	60	1
hg002_1	hg002#1	CYP21A1P	CYP21	hg002#1#chr6:28367269-33609101	3616484	3619756	+	3274	1.0	0.977155041120926	0	1
hg002_1	hg002#1	CYP21A2	CYP21	hg002#1#chr6:28367269-33609101	3616529	3619756	+	3230	1.0	0.996594427244582	60	1
hg002_1	hg002#1	CYP21A2	CYP21	hg002#1#chr6:28367269-33609101	3583802	3587023	+	3230	0.9984520123839009	0.9768017321373338	0	1
hg002_1	hg002#1	TNXA	TNX	hg002#1#chr6:28367269-33609101	3586533	3591137	-	4604	1.0	0.9980451781059948	60	1
hg002_1	hg002#1	TNXA	TNX	hg002#1#chr6:28367269-33609101	3619266	3623989	-	4604	1.0	0.9693056731583404	0	1
hg002_1	hg002#1	TNXB	TNX	hg002#1#chr6:28367269-33609101	3619264	3687474	-	68186	1.0	0.9986075281425891	60	1
hg002_1	hg002#1	WHR1B	WHR1	hg002#1#chr6:28367269-33609101	3591383	3591901	+	518	1.0	0.9980694980694981	60	1
hg002_1	hg002#1	WHR1B	WHR1	hg002#1#chr6:28367269-33609101	3558648	3559166	+	518	1.0	0.9942084942084942	0	1
hg002_2	hg002#2	WHR1	WHR1	hg002#2#chr6:28364349-33511960	3551211	3561484	+	10272	1.0	0.9990266692622153	60	1
hg002_2	hg002#2	CYP21A1P	CYP21	hg002#2#chr6:28364349-33511960	3585673	3588947	+	3274	1.0	0.9975565058032987	60	1
hg002_2	hg002#2	CYP21A1P	CYP21	hg002#2#chr6:28364349-33511960	3618407	3621682	+	3274	1.0	0.9777642400243679	0	1
hg002_2	hg002#2	CYP21A2	CYP21	hg002#2#chr6:28364349-33511960	3618452	3621682	+	3230	1.0	0.9978328173374613	60	1
hg002_2	hg002#2	CYP21A2	CYP21	hg002#2#chr6:28364349-33511960	3585723	3588947	+	3230	0.9984520123839009	0.9774203526136716	0	1
hg002_2	hg002#2	TNXA	TNX	hg002#2#chr6:28364349-33511960	3588457	3593061	-	4604	1.0	0.9980451781059948	60	1
hg002_2	hg002#2	TNXA	TNX	hg002#2#chr6:28364349-33511960	3621192	3625915	-	4604	1.0	0.9697290431837426	0	1
hg002_2	hg002#2	TNXB	TNX	hg002#2#chr6:28364349-33511960	3621190	3689375	-	68186	1.0	0.9989588832189571	60	1
hg002_2	hg002#2	WHR1B	WHR1	hg002#2#chr6:28364349-33511960	3593307	3593825	+	518	1.0	0.9980694980694981	60	1
hg002_2	hg002#2	WHR1B	WHR1	hg002#2#chr6:28364349-33511960	3560569	3561087	+	518	1.0	0.9942084942084942	0	1
ksa001_1	ksa001#1	WHR1	WHR1	ksa001#1#P01_compress.k30.hapmer-0000008:28390148-33635536	3552400	3562672	+	10272	1.0	0.9991239170641487	60	1
ksa001_1	ksa001#1	CYP21A1P	CYP21	ksa001#1#P01_compress.k30.hapmer-0000008:28390148-33635536	3586861	3590135	+	3274	1.0	0.9978619425778864	60	1
ksa001_1	ksa001#1	CYP21A1P	CYP21	ksa001#1#P01_compress.k30.hapmer-0000008:28390148-33635536	3619596	3622868	+	3274	1.0	0.977459640572647	0	1
ksa001_1	ksa001#1	CYP21A2	CYP21	ksa001#1#P01_compress.k30.hapmer-0000008:28390148-33635536	3619641	3622868	+	3230	1.0	0.9969040247678018	60	1
ksa001_1	ksa001#1	CYP21A2	CYP21	ksa001#1#P01_compress.k30.hapmer-0000008:28390148-33635536	3586911	3590135	+	3230	0.9984520123839009	0.9777296628518404	0	1
ksa001_1	ksa001#1	TNXA	TNX	ksa001#1#P01_compress.k30.hapmer-0000008:28390148-33635536	3589645	3594249	-	4604	1.0	0.9980451781059948	60	1
ksa001_1	ksa001#1	TNXA	TNX	ksa001#1#P01_compress.k30.hapmer-0000008:28390148-33635536	3622378	3627101	-	4604	1.0	0.9690939881456393	0	1
ksa001_1	ksa001#1	TNXB	TNX	ksa001#1#P01_compress.k30.hapmer-0000008:28390148-33635536	3622376	3690561	-	68186	1.0	0.9986951677222613	60	1
ksa001_1	ksa001#1	WHR1B	WHR1	ksa001#1#P01_compress.k30.hapmer-0000008:28390148-33635536	3594495	3595013	+	518	1.0	0.9980694980694981	60	1
ksa001_1	ksa001#1	WHR1B	WHR1	ksa001#1#P01_compress.k30.hapmer-0000008:28390148-33635536	3561757	3562275	+	518	1.0	0.9942084942084942	0	1
ksa001_2	ksa001#2	WHR1	WHR1	ksa001#2#P02_compress.k30.hapmer-0000137:138158892-143358025_rc	3621922	3632194	+	10272	1.0	0.9991239170641487	60	1
ksa001_2	ksa001#2	CYP21A1P	CYP21	ksa001#2#P02_compress.k30.hapmer-0000137:138158892-143358025_rc	3656383	3659657	+	3274	1.0	0.998167379352474	60	1
ksa001_2	ksa001#2	CYP21A1P	CYP21	ksa001#2#P02_compress.k30.hapmer-0000137:138158892-143358025_rc	3689118	3692389	+	3274	1.0	0.9783668494820231	0	1
ksa001_2	ksa001#2	CYP21A2	CYP21	ksa001#2#P02_compress.k30.hapmer-0000137:138158892-143358025_rc	3689163	3692389	+	3230	1.0	0.9959752321981424	60	1
ksa001_2	ksa001#2	CYP21A2	CYP21	ksa001#2#P02_compress.k30.hapmer-0000137:138158892-143358025_rc	3656433	3659657	+	3230	0.9984520123839009	0.9780389730900093	0	1
ksa001_2	ksa001#2	TNXA	TNX	ksa001#2#P02_compress.k30.hapmer-0000137:138158892-143358025_rc	3659167	3663771	-	4604	1.0	0.9980451781059948	60	1
ksa001_2	ksa001#2	TNXA	TNX	ksa001#2#P02_compress.k30.hapmer-0000137:138158892-143358025_rc	3691899	3696622	-	4604	1.0	0.9688823031329382	0	1
ksa001_2	ksa001#2	TNXB	TNX	ksa001#2#P02_compress.k30.hapmer-0000137:138158892-143358025_rc	3691897	3760074	-	68186	1.0	0.9984900017592212	60	1
ksa001_2	ksa001#2	WHR1B	WHR1	ksa001#2#P02_compress.k30.hapmer-0000137:138158892-143358025_rc	3664017	3664535	+	518	1.0	0.9980694980694981	60	1
ksa001_2	ksa001#2	WHR1B	WHR1	ksa001#2#P02_compress.k30.hapmer-0000137:138158892-143358025_rc	3631279	3631797	+	518	1.0	0.9942084942084942	0	1
ksa002_1	ksa002#1	WHR1	WHR1	ksa002#1#h1tg000032l:22528800-27353974_rc	3239805	3250067	+	10272	1.0	0.9979556074766355	60	1
ksa002_1	ksa002#1	CYP21A1P	CYP21	ksa002#1#h1tg000032l:22528800-27353974_rc	3274257	3277531	+	3274	1.0	0.9966401954795358	60	1
ksa002_1	ksa002#1	CYP21A1P	CYP21	ksa002#1#h1tg000032l:22528800-27353974_rc	3300625	3303900	+	3274	1.0	0.977155041120926	0	1
ksa002_1	ksa002#1	CYP21A2	CYP21	ksa002#1#h1tg000032l:22528800-27353974_rc	3300670	3303900	+	3230	1.0	0.9981424148606811	60	1
ksa002_1	ksa002#1	CYP21A2	CYP21	ksa002#1#h1tg000032l:22528800-27353974_rc	3274302	3277531	+	3230	1.0	0.9786905497220506	0	1
ksa002_1	ksa002#1	TNXA	TNX	ksa002#1#h1tg000032l:22528800-27353974_rc	3277041	3281645	-	4604	1.0	0.9969591659426585	45	1
ksa002_1	ksa002#1	TNXA	TNX	ksa002#1#h1tg000032l:22528800-27353974_rc	3303410	3308133	-	4604	1.0	0.9701524132091448	0	1
ksa002_1	ksa002#1	TNXB	TNX	ksa002#1#h1tg000032l:22528800-27353974_rc	3303408	3371575	-	68186	1.0	0.9992667223957646	60	1
ksa002_1	ksa002#1	WHR1B	WHR1	ksa002#1#h1tg000032l:22528800-27353974_rc	3281891	3282409	+	518	1.0	0.9961389961389961	60	1
ksa002_1	ksa002#1	WHR1B	WHR1	ksa002#1#h1tg000032l:22528800-27353974_rc	3249155	3249670	+	518	1.0	0.9884169884169884	0	1
ksa002_2	ksa002#2	WHR1	WHR1	ksa002#2#h2tg000047l:28364582-33489388	3549809	3560077	+	10272	1.0	0.9987345468704371	60	1
ksa002_2	ksa002#2	CYP21A1P	CYP21	ksa002#2#h2tg000047l:28364582-33489388	3584263	3587537	+	3274	1.0	0.9771480804387569	0	1
ksa002_2	ksa002#2	CYP21A1P	CYP21	ksa002#2#h2tg000047l:28364582-33489388	3610751	3614025	+	3274	1.0	0.9771480804387569	0	1
ksa002_2	ksa002#2	CYP21A2	CYP21	ksa002#2#h2tg000047l:28364582-33489388	3610796	3614025	+	3230	1.0	0.9981424148606811	0	1
ksa002_2	ksa002#2	CYP21A2	CYP21	ksa002#2#h2tg000047l:28364582-33489388	3584308	3587537	+	3230	1.0	0.9981424148606811	0	1
ksa002_2	ksa002#2	TNXA	TNX	ksa002#2#h2tg000047l:28364582-33489388	3587047	3591770	-	4604	1.0	0.970575783234547	16	1
ksa002_2	ksa002#2	TNXA	TNX	ksa002#2#h2tg000047l:28364582-33489388	3613535	3618258	-	4604	1.0	0.9699407281964437	0	1
ksa002_2	ksa002#2	TNXB	TNX	ksa002#2#h2tg000047l:28364582-33489388	3613533	3681707	-	68186	1.0	0.9987976186984956	60	1
ksa002_2	ksa002#2	WHR1B	WHR1	ksa002#2#h2tg000047l:28364582-33489388	3592016	3592534	+	518	1.0	0.9980694980694981	60	1
ksa002_2	ksa002#2	WHR1B	WHR1	ksa002#2#h2tg000047l:28364582-33489388	3559162	3559680	+	518	1.0	0.9942084942084942	0	1
ksa003_1	ksa003#1	WHR1	WHR1	ksa003#1#h1tg000003l:26282372-31531568_rc	3563134	3573401	+	10272	1.0	0.9988317757009346	60	1
ksa003_1	ksa003#1	CYP21A1P	CYP21	ksa003#1#h1tg000003l:26282372-31531568_rc	3597587	3600861	+	3274	1.0	0.9771480804387569	0	1
ksa003_1	ksa003#1	CYP21A1P	CYP21	ksa003#1#h1tg000003l:26282372-31531568_rc	3624075	3627349	+	3274	1.0	0.9771480804387569	0	1
ksa003_1	ksa003#1	CYP21A2	CYP21	ksa003#1#h1tg000003l:26282372-31531568_rc	3624120	3627349	+	3230	1.0	0.9981424148606811	0	1
ksa003_1	ksa003#1	CYP21A2	CYP21	ksa003#1#h1tg000003l:26282372-31531568_rc	3597632	3600861	+	3230	1.0	0.9981424148606811	0	1
ksa003_1	ksa003#1	TNXA	TNX	ksa003#1#h1tg000003l:26282372-31531568_rc	3600371	3605094	-	4604	1.0	0.970575783234547	16	1
ksa003_1	ksa003#1	TNXA	TNX	ksa003#1#h1tg000003l:26282372-31531568_rc	3626859	3631582	-	4604	1.0	0.9699407281964437	0	1
ksa003_1	ksa003#1	TNXB	TNX	ksa003#1#h1tg000003l:26282372-31531568_rc	3626857	3695031	-	68186	1.0	0.9987829555118919	60	1
ksa003_1	ksa003#1	WHR1B	WHR1	ksa003#1#h1tg000003l:26282372-31531568_rc	3605340	3605858	+	518	1.0	0.9980694980694981	60	1
ksa003_1	ksa003#1	WHR1B	WHR1	ksa003#1#h1tg000003l:26282372-31531568_rc	3572486	3573004	+	518	1.0	0.9942084942084942	0	1
ksa003_2	ksa003#2	WHR1	WHR1	ksa003#2#h2tg000004l:28111634-33359120_rc	3554707	3564980	+	10272	1.0	0.9990266692622153	60	1
ksa003_2	ksa003#2	CYP21A1P	CYP21	ksa003#2#h2tg000004l:28111634-33359120_rc	3589169	3592443	+	3274	1.0	0.998167379352474	60	1
ksa003_2	ksa003#2	CYP21A1P	CYP21	ksa003#2#h2tg000004l:28111634-33359120_rc	3621904	3625175	+	3274	1.0	0.9783668494820231	0	1
ksa003_2	ksa003#2	CYP21A2	CYP21	ksa003#2#h2tg000004l:28111634-33359120_rc	3621949	3625175	+	3230	1.0	0.9959752321981424	60	1
ksa003_2	ksa003#2	CYP21A2	CYP21	ksa003#2#h2tg000004l:28111634-33359120_rc	3589219	3592443	+	3230	0.9984520123839009	0.9780389730900093	0	1
ksa003_2	ksa003#2	TNXA	TNX	ksa003#2#h2tg000004l:28111634-33359120_rc	3591953	3596557	-	4604	1.0	0.998262380538662	60	1
ksa003_2	ksa003#2	TNXA	TNX	ksa003#2#h2tg000004l:28111634-33359120_rc	3624685	3629408	-	4604	1.0	0.9690939881456393	0	1
ksa003_2	ksa003#2	TNXB	TNX	ksa003#2#h2tg000004l:28111634-33359120_rc	3624683	3692866	-	68186	1.0	0.9985486637444475	60	1
ksa003_2	ksa003#2	WHR1B	WHR1	ksa003#2#h2tg000004l:28111634-33359120_rc	3596803	3597321	+	518	1.0	0.9980694980694981	60	1
ksa003_2	ksa003#2	WHR1B	WHR1	ksa003#2#h2tg000004l:28111634-33359120_rc	3564065	3564583	+	518	1.0	0.9942084942084942	0	1
ksa004_1	ksa004#1	WHR1	WHR1	ksa004#1#h1tg000606l:1559-2019480_rc	464543	474818	+	10272	1.0	0.9987349163098482	60	1
ksa004_1	ksa004#1	CYP21A1P	CYP21	ksa004#1#h1tg000606l:1559-2019480_rc	499006	502280	+	3274	1.0	0.9972519083969466	60	1
ksa004_1	ksa004#1	CYP21A1P	CYP21	ksa004#1#h1tg000606l:1559-2019480_rc	531741	535013	+	3274	1.0	0.9777642400243679	0	1
ksa004_1	ksa004#1	CYP21A2	CYP21	ksa004#1#h1tg000606l:1559-2019480_rc	531786	535013	+	3230	1.0	0.9962848297213622	60	1
ksa004_1	ksa004#1	CYP21A2	CYP21	ksa004#1#h1tg000606l:1559-2019480_rc	499056	502280	+	3230	0.9984520123839009	0.9774273345701917	0	1
ksa004_1	ksa004#1	TNXA	TNX	ksa004#1#h1tg000606l:1559-2019480_rc	501790	506394	-	4604	1.0	0.9978279756733276	60	1
ksa004_1	ksa004#1	TNXA	TNX	ksa004#1#h1tg000606l:1559-2019480_rc	534523	539245	-	4604	1.0	0.968042328042328	0	1
ksa004_1	ksa004#1	TNXB	TNX	ksa004#1#h1tg000606l:1559-2019480_rc	534521	602721	-	68186	1.0	0.9979777849418247	60	1
ksa004_1	ksa004#1	WHR1B	WHR1	ksa004#1#h1tg000606l:1559-2019480_rc	506640	507158	+	518	1.0	0.9980694980694981	60	1
ksa004_1	ksa004#1	WHR1B	WHR1	ksa004#1#h1tg000606l:1559-2019480_rc	473903	474421	+	518	1.0	0.9942084942084942	0	1
ksa004_2	ksa004#2	WHR1	WHR1	ksa004#2#h2tg000267l:728-1057414_rc	218681	220172	+	10272	0.1313278816199377	0.8391188251001335	11	0
ksa004_2	ksa004#2	WHR1	WHR1	ksa004#2#h2tg000267l:728-1057414_rc	869500	870921	+	10272	0.1346378504672897	0.8385345997286295	0	0
ksa004_2	ksa004#2	WHR1	WHR1	ksa004#2#h2tg000991l:396-865615_rc	640444	641763	+	10272	0.11322040498442368	0.831570996978852	0	0
ksa004_2	ksa004#2	WHR1	WHR1	ksa004#2#h2tg002266l:468-67664_rc	38201	39672	+	10272	0.1346378504672897	0.8316766070245195	0	0
ksa004_2	ksa004#2	WHR1	WHR1	ksa004#2#h2tg002266l:468-67664_rc	38368	39672	+	10272	0.10601635514018691	0.7754010695187166	0	0
ksa004_2	ksa004#2	WHR1	WHR1	ksa004#2#h2tg000991l:396-865615_rc	640617	641763	+	10272	0.11322040498442368	0.7556420233463035	0	0
ksa004_2	ksa004#2	WHR1	WHR1	ksa004#2#h2tg000991l:396-865615_rc	495126	496037	-	10272	0.084696261682243	0.9045005488474204	0	0
ksa004_2	ksa004#2	WHR1	WHR1	ksa004#2#h2tg000267l:728-1057414_rc	219025	220172	+	10272	0.10241433021806853	0.841421143847487	0	0
ksa004_2	ksa004#2	WHR1	WHR1	ksa004#2#h2tg000991l:396-865615_rc	255641	256504	+	10272	0.0842095015576324	0.9317919075144508	0	0
ksa004_2	ksa004#2	WHR1	WHR1	ksa004#2#h2tg000267l:728-1057414_rc	219270	220172	+	10272	0.10991043613707165	0.7431597528684908	0	0
ksa004_2	ksa004#2	WHR1	WHR1	ksa004#2#h2tg000583l:42263-292225_rc	155353	156239	+	10272	0.09491822429906542	0.7794117647058824	0	0
ksa004_2	ksa004#2	WHR1	WHR1	ksa004#2#h2tg000267l:728-1057414_rc	218901	220172	+	10272	0.09258177570093458	0.6873040752351097	0	0
ksa004_2	ksa004#2	WHR1	WHR1	ksa004#2#h2tg000991l:396-865615_rc	181351	182201	+	10272	0.07476635514018691	0.8576470588235294	0	0
ksa004_2	ksa004#2	WHR1	WHR1	ksa004#2#h2tg000726l:671-1805991_rc	1596144	1596833	-	10272	0.07087227414330217	0.8729508196721312	0	0
ksa004_2	ksa004#2	WHR1	WHR1	ksa004#2#h2tg000174l:736-458462_rc	90952	91878	-	10272	0.08323598130841121	0.8213903743315508	0	0
ksa004_2	ksa004#2	WHR1	WHR1	ksa004#2#h2tg000991l:396-865615_rc	639438	640245	+	10272	0.0630841121495327	0.7141133896260555	0	0
ksa004_2	ksa004#2	WHR1	WHR1	ksa004#2#h2tg000726l:671-1805991_rc	1018983	1019631	+	10272	0.0746690031152648	0.7653194263363755	0	0
ksa004_2	ksa004#2	WHR1	WHR1	ksa004#2#h2tg000991l:396-865615_rc	640110	640612	+	10272	0.04419781931464174	0.8412698412698413	0	0
ksa004_2	ksa004#2	WHR1	WHR1	ksa004#2#h2tg000583l:42263-292225_rc	194905	195315	-	10272	0.03485202492211838	0.8414634146341463	0	0
ksa004_2	ksa004#2	WHR1	WHR1	ksa004#2#h2tg000991l:396-865615_rc	639499	640005	+	10272	0.05383566978193147	0.8345323741007195	0	0
ksa004_2	ksa004#2	TNXB	TNX	ksa004#2#h2tg001246l:491-65787	0	18537	-	68186	0.27193265479717244	0.9977363371779671	60	0
ksa005_1	ksa005#1	WHR1	WHR1	ksa005#1#h1tg000012l:28289164-33471875	3562885	3573158	+	10272	1.0	0.9990266692622153	60	1
ksa005_1	ksa005#1	CYP21A1P	CYP21	ksa005#1#h1tg000012l:28289164-33471875	3630085	3633359	+	3274	1.0	0.9978619425778864	0	1
ksa005_1	ksa005#1	CYP21A1P	CYP21	ksa005#1#h1tg000012l:28289164-33471875	3597347	3600621	+	3274	1.0	0.9978619425778864	0	1
ksa005_1	ksa005#1	CYP21A1P	CYP21	ksa005#1#h1tg000012l:28289164-33471875	3662820	3666092	+	3274	1.0	0.9777642400243679	0	1
ksa005_1	ksa005#1	CYP21A2	CYP21	ksa005#1#h1tg000012l:28289164-33471875	3662865	3666092	+	3230	1.0	0.9962848297213622	60	1
ksa005_1	ksa005#1	CYP21A2	CYP21	ksa005#1#h1tg000012l:28289164-33471875	3597397	3600621	+	3230	0.9984520123839009	0.9777296628518404	0	1
ksa005_1	ksa005#1	CYP21A2	CYP21	ksa005#1#h1tg000012l:28289164-33471875	3630135	3633359	+	3230	0.9984520123839009	0.9777296628518404	0	1
ksa005_1	ksa005#1	TNXA	TNX	ksa005#1#h1tg000012l:28289164-33471875	3632869	3637473	-	4604	1.0	0.9980451781059948	0	1
ksa005_1	ksa005#1	TNXA	TNX	ksa005#1#h1tg000012l:28289164-33471875	3600131	3604735	-	4604	1.0	0.9980451781059948	0	1
ksa005_1	ksa005#1	TNXA	TNX	ksa005#1#h1tg000012l:28289164-33471875	3665602	3670325	-	4604	1.0	0.9688823031329382	0	1
ksa005_1	ksa005#1	TNXB	TNX	ksa005#1#h1tg000012l:28289164-33471875	3665600	3733782	-	68186	1.0	0.998856338523797	60	1
ksa005_1	ksa005#1	WHR1B	WHR1	ksa005#1#h1tg000012l:28289164-33471875	3637719	3638237	+	518	1.0	0.9980694980694981	0	1
ksa005_1	ksa005#1	WHR1B	WHR1	ksa005#1#h1tg000012l:28289164-33471875	3604981	3605499	+	518	1.0	0.9980694980694981	0	1
ksa005_1	ksa005#1	WHR1B	WHR1	ksa005#1#h1tg000012l:28289164-33471875	3572243	3572761	+	518	1.0	0.9942084942084942	0	1
ksa005_2	ksa005#2	WHR1	WHR1	ksa005#2#h2tg000015l:28455196-33802696	3622562	3632835	+	10272	1.0	0.9990266692622153	60	1
ksa005_2	ksa005#2	CYP21A1P	CYP21	ksa005#2#h2tg000015l:28455196-33802696	3689762	3693036	+	3274	1.0	0.9978619425778864	0	1
ksa005_2	ksa005#2	CYP21A1P	CYP21	ksa005#2#h2tg000015l:28455196-33802696	3657024	3660298	+	3274	1.0	0.9978619425778864	0	1
ksa005_2	ksa005#2	CYP21A1P	CYP21	ksa005#2#h2tg000015l:28455196-33802696	3722497	3725769	+	3274	1.0	0.9777642400243679	0	1
ksa005_2	ksa005#2	CYP21A2	CYP21	ksa005#2#h2tg000015l:28455196-33802696	3722542	3725769	+	3230	1.0	0.9962848297213622	60	1
ksa005_2	ksa005#2	CYP21A2	CYP21	ksa005#2#h2tg000015l:28455196-33802696	3657074	3660298	+	3230	0.9984520123839009	0.9777296628518404	0	1
ksa005_2	ksa005#2	CYP21A2	CYP21	ksa005#2#h2tg000015l:28455196-33802696	3689812	3693036	+	3230	0.9984520123839009	0.9777296628518404	0	1
ksa005_2	ksa005#2	TNXA	TNX	ksa005#2#h2tg000015l:28455196-33802696	3659808	3664412	-	4604	1.0	0.9980451781059948	0	1
ksa005_2	ksa005#2	TNXA	TNX	ksa005#2#h2tg000015l:28455196-33802696	3692546	3697150	-	4604	1.0	0.9980451781059948	0	1
ksa005_2	ksa005#2	TNXA	TNX	ksa005#2#h2tg000015l:28455196-33802696	3725279	3730002	-	4604	1.0	0.9688823031329382	0	1
ksa005_2	ksa005#2	TNXB	TNX	ksa005#2#h2tg000015l:28455196-33802696	3725277	3793458	-	68186	1.0	0.998841659213208	60	1
ksa005_2	ksa005#2	WHR1B	WHR1	ksa005#2#h2tg000015l:28455196-33802696	3697396	3697914	+	518	1.0	0.9980694980694981	0	1
ksa005_2	ksa005#2	WHR1B	WHR1	ksa005#2#h2tg000015l:28455196-33802696	3664658	3665176	+	518	1.0	0.9980694980694981	0	1
ksa005_2	ksa005#2	WHR1B	WHR1	ksa005#2#h2tg000015l:28455196-33802696	3631920	3632438	+	518	1.0	0.9942084942084942	0	1
ksa006_1	ksa006#1	WHR1	WHR1	ksa006#1#h1tg000023l:24976893-30234320_rc	3534400	3544674	+	10272	1.0	0.9991240023359937	60	1
ksa006_1	ksa006#1	CYP21A1P	CYP21	ksa006#1#h1tg000023l:24976893-30234320_rc	3568861	3572135	+	3274	1.0	0.9957238851557727	60	1
ksa006_1	ksa006#1	CYP21A1P	CYP21	ksa006#1#h1tg000023l:24976893-30234320_rc	3621589	3624864	+	3274	1.0	0.9777642400243679	0	1
ksa006_1	ksa006#1	CYP21A1P	CYP21	ksa006#1#h1tg000023l:24976893-30234320_rc	3595224	3598499	+	3274	1.0	0.976850441669205	0	1
ksa006_1	ksa006#1	CYP21A2	CYP21	ksa006#1#h1tg000023l:24976893-30234320_rc	3595269	3598499	+	3230	1.0	0.9981424148606811	24	1
ksa006_1	ksa006#1	CYP21A2	CYP21	ksa006#1#h1tg000023l:24976893-30234320_rc	3621634	3624864	+	3230	1.0	0.9969040247678018	0	1
ksa006_1	ksa006#1	CYP21A2	CYP21	ksa006#1#h1tg000023l:24976893-30234320_rc	3568911	3572135	+	3230	0.9984520123839009	0.9777296628518404	0	1
ksa006_1	ksa006#1	TNXA	TNX	ksa006#1#h1tg000023l:24976893-30234320_rc	3571645	3576249	-	4604	1.0	0.9978279756733276	40	1
ksa006_1	ksa006#1	TNXA	TNX	ksa006#1#h1tg000023l:24976893-30234320_rc	3598009	3602612	-	4604	1.0	0.9960903562119896	0	1
ksa006_1	ksa006#1	TNXA	TNX	ksa006#1#h1tg000023l:24976893-30234320_rc	3624374	3629097	-	4604	1.0	0.9688823031329382	0	1
ksa006_1	ksa006#1	TNXB	TNX	ksa006#1#h1tg000023l:24976893-30234320_rc	3624372	3692560	-	68186	1.0	0.9989588984852706	60	1
ksa006_1	ksa006#1	WHR1B	WHR1	ksa006#1#h1tg000023l:24976893-30234320_rc	3543759	3544277	+	518	1.0	1.0	29	1
ksa006_1	ksa006#1	WHR1B	WHR1	ksa006#1#h1tg000023l:24976893-30234320_rc	3576495	3577013	+	518	1.0	0.9980694980694981	0	1
ksa006_1	ksa006#1	WHR1B	WHR1	ksa006#1#h1tg000023l:24976893-30234320_rc	3602858	3603376	+	518	1.0	0.9961389961389961	0	1
ksa006_2	ksa006#2	WHR1	WHR1	ksa006#2#h2tg000156l:3140686-4857840_rc	58184	68446	+	10272	1.0	0.9979558064830137	60	1
ksa006_2	ksa006#2	CYP21A1P	CYP21	ksa006#2#h2tg000156l:3140686-4857840_rc	92631	95906	+	3274	1.0	0.977459640572647	60	1
ksa006_2	ksa006#2	CYP21A2	CYP21	ksa006#2#h2tg000156l:3140686-4857840_rc	92676	95906	+	3230	1.0	0.9975232198142415	60	1
ksa006_2	ksa006#2	TNXA	TNX	ksa006#2#h2tg000156l:3140686-4857840_rc	95416	100139	-	4604	1.0	0.9695173581710415	60	1
ksa006_2	ksa006#2	TNXB	TNX	ksa006#2#h2tg000156l:3140686-4857840_rc	95414	163601	-	68186	1.0	0.9989882252885024	60	1
ksa006_2	ksa006#2	WHR1B	WHR1	ksa006#2#h2tg000156l:3140686-4857840_rc	67534	68049	+	518	1.0	0.9884169884169884	60	1
ksa007_1	ksa007#1	WHR1	WHR1	ksa007#1#h1tg000051l:6349428-11505741_rc	3552000	3562273	+	10272	1.0	0.9990266692622153	60	1
ksa007_1	ksa007#1	CYP21A1P	CYP21	ksa007#1#h1tg000051l:6349428-11505741_rc	3586462	3589736	+	3274	1.0	0.9978619425778864	60	1
ksa007_1	ksa007#1	CYP21A1P	CYP21	ksa007#1#h1tg000051l:6349428-11505741_rc	3619197	3622469	+	3274	1.0	0.9777642400243679	0	1
ksa007_1	ksa007#1	CYP21A2	CYP21	ksa007#1#h1tg000051l:6349428-11505741_rc	3619242	3622469	+	3230	1.0	0.9956656346749226	60	1
ksa007_1	ksa007#1	CYP21A2	CYP21	ksa007#1#h1tg000051l:6349428-11505741_rc	3586512	3589736	+	3230	0.9984520123839009	0.9783482833281781	0	1
ksa007_1	ksa007#1	TNXA	TNX	ksa007#1#h1tg000051l:6349428-11505741_rc	3589246	3593850	-	4604	1.0	0.998262380538662	60	1
ksa007_1	ksa007#1	TNXA	TNX	ksa007#1#h1tg000051l:6349428-11505741_rc	3621979	3626702	-	4604	1.0	0.9690939881456393	0	1
ksa007_1	ksa007#1	TNXB	TNX	ksa007#1#h1tg000051l:6349428-11505741_rc	3621977	3690159	-	68186	1.0	0.9987391508327469	60	1
ksa007_1	ksa007#1	WHR1B	WHR1	ksa007#1#h1tg000051l:6349428-11505741_rc	3594096	3594614	+	518	1.0	0.9980694980694981	60	1
ksa007_1	ksa007#1	WHR1B	WHR1	ksa007#1#h1tg000051l:6349428-11505741_rc	3561358	3561876	+	518	1.0	0.9942084942084942	0	1
ksa007_2	ksa007#2	WHR1	WHR1	ksa007#2#h2tg000027l:3344535-8478308	3507008	3517280	+	10272	1.0	1.0	60	1
ksa007_2	ksa007#2	CYP21A1P	CYP21	ksa007#2#h2tg000027l:3344535-8478308	3541469	3544743	+	3274	1.0	0.9996945632254124	60	1
ksa007_2	ksa007#2	CYP21A1P	CYP21	ksa007#2#h2tg000027l:3344535-8478308	3574204	3577479	+	3274	1.0	0.9783734389278099	0	1
ksa007_2	ksa007#2	CYP21A2	CYP21	ksa007#2#h2tg000027l:3344535-8478308	3574249	3577479	+	3230	1.0	0.9993808049535604	60	1
ksa007_2	ksa007#2	CYP21A2	CYP21	ksa007#2#h2tg000027l:3344535-8478308	3541519	3544743	+	3230	0.9984520123839009	0.9783482833281781	0	1
ksa007_2	ksa007#2	TNXA	TNX	ksa007#2#h2tg000027l:3344535-8478308	3544253	3548857	-	4604	1.0	0.9997827975673328	60	1
ksa007_2	ksa007#2	TNXA	TNX	ksa007#2#h2tg000027l:3344535-8478308	3576989	3581712	-	4604	1.0	0.9701524132091448	0	1
ksa007_2	ksa007#2	TNXB	TNX	ksa007#2#h2tg000027l:3344535-8478308	3576987	3645202	-	68186	1.0	0.9994869238888238	60	1
ksa007_2	ksa007#2	WHR1B	WHR1	ksa007#2#h2tg000027l:3344535-8478308	3549103	3549621	+	518	1.0	1.0	60	1
ksa007_2	ksa007#2	WHR1B	WHR1	ksa007#2#h2tg000027l:3344535-8478308	3516365	3516883	+	518	1.0	0.9942084942084942	0	1
ksa008_1	ksa008#1	WHR1	WHR1	ksa008#1#h1tg000006l:28325815-33557944	3535762	3546037	+	10272	1.0	0.9990267639902677	60	1
ksa008_1	ksa008#1	CYP21A1P	CYP21	ksa008#1#h1tg000006l:28325815-33557944	3570224	3573498	+	3274	1.0	0.9957238851557727	60	1
ksa008_1	ksa008#1	CYP21A1P	CYP21	ksa008#1#h1tg000006l:28325815-33557944	3596591	3599866	+	3274	1.0	0.9777642400243679	0	1
ksa008_1	ksa008#1	CYP21A2	CYP21	ksa008#1#h1tg000006l:28325815-33557944	3596636	3599866	+	3230	1.0	0.9969040247678018	60	1
ksa008_1	ksa008#1	CYP21A2	CYP21	ksa008#1#h1tg000006l:28325815-33557944	3570274	3573498	+	3230	0.9984520123839009	0.9777296628518404	0	1
ksa008_1	ksa008#1	TNXA	TNX	ksa008#1#h1tg000006l:28325815-33557944	3573008	3577612	-	4604	1.0	0.9978279756733276	60	1
ksa008_1	ksa008#1	TNXA	TNX	ksa008#1#h1tg000006l:28325815-33557944	3599376	3604099	-	4604	1.0	0.9688823031329382	0	1
ksa008_1	ksa008#1	TNXB	TNX	ksa008#1#h1tg000006l:28325815-33557944	3599374	3667552	-	68186	1.0	0.9987536474141849	60	1
ksa008_1	ksa008#1	WHR1B	WHR1	ksa008#1#h1tg000006l:28325815-33557944	3545122	3545640	+	518	1.0	1.0	29	1
ksa008_1	ksa008#1	WHR1B	WHR1	ksa008#1#h1tg000006l:28325815-33557944	3577858	3578376	+	518	1.0	0.9980694980694981	0	1
ksa008_2	ksa008#2	WHR1	WHR1	ksa008#2#h2tg000040l:26875251-31991332_rc	3539050	3549315	+	10272	1.0	0.9979560054506521	60	1
ksa008_2	ksa008#2	CYP21A1P	CYP21	ksa008#2#h2tg000040l:26875251-31991332_rc	3573505	3576779	+	3274	1.0	0.9969456322541234	60	1
ksa008_2	ksa008#2	CYP21A1P	CYP21	ksa008#2#h2tg000040l:26875251-31991332_rc	3599871	3603145	+	3274	1.0	0.97775746496039	0	1
ksa008_2	ksa008#2	CYP21A2	CYP21	ksa008#2#h2tg000040l:26875251-31991332_rc	3599916	3603145	+	3230	1.0	0.9978328173374613	60	1
ksa008_2	ksa008#2	CYP21A2	CYP21	ksa008#2#h2tg000040l:26875251-31991332_rc	3573555	3576779	+	3230	0.9984520123839009	0.9786575935663471	0	1
ksa008_2	ksa008#2	TNXA	TNX	ksa008#2#h2tg000040l:26875251-31991332_rc	3576289	3580893	-	4604	1.0	0.9967419635099913	60	1
ksa008_2	ksa008#2	TNXA	TNX	ksa008#2#h2tg000040l:26875251-31991332_rc	3602655	3607378	-	4604	1.0	0.9688823031329382	0	1
ksa008_2	ksa008#2	TNXB	TNX	ksa008#2#h2tg000040l:26875251-31991332_rc	3602653	3670900	-	68186	1.0	0.9977440855489635	60	1
ksa008_2	ksa008#2	WHR1B	WHR1	ksa008#2#h2tg000040l:26875251-31991332_rc	3581139	3581657	+	518	1.0	0.9961389961389961	60	1
ksa008_2	ksa008#2	WHR1B	WHR1	ksa008#2#h2tg000040l:26875251-31991332_rc	3548403	3548918	+	518	1.0	0.9884169884169884	0	1
ksa009_1	ksa009#1	WHR1	WHR1	ksa009#1#h1tg000831l:87-411352_rc	306470	316742	+	10272	1.0	0.9992212596125767	60	1
ksa009_1	ksa009#1	CYP21A1P	CYP21	ksa009#1#h1tg000831l:87-411352_rc	340933	344204	+	3274	1.0	0.9941967012828344	60	1
ksa009_1	ksa009#1	CYP21A1P	CYP21	ksa009#1#h1tg000831l:87-411352_rc	367299	370574	+	3274	1.0	0.976850441669205	0	1
ksa009_1	ksa009#1	CYP21A2	CYP21	ksa009#1#h1tg000831l:87-411352_rc	367349	370574	+	3230	0.9984520123839009	0.998139534883721	60	1
ksa009_1	ksa009#1	CYP21A2	CYP21	ksa009#1#h1tg000831l:87-411352_rc	340983	344204	+	3230	0.9984520123839009	0.9808049535603716	0	1
ksa009_1	ksa009#1	TNXA	TNX	ksa009#1#h1tg000831l:87-411352_rc	343714	348318	-	4604	1.0	0.9973935708079931	59	1
ksa009_1	ksa009#1	TNXA	TNX	ksa009#1#h1tg000831l:87-411352_rc	370084	374807	-	4604	1.0	0.9699407281964437	0	1
ksa009_1	ksa009#1	TNXB	TNX	ksa009#1#h1tg000831l:87-411352_rc	370082	411266	-	68186	0.6043909306895844	0.9990051199922351	60	0
ksa009_1	ksa009#1	TNXB	TNX	ksa009#1#h1tg000085l:13174598-14754728_rc	0	25720	-	68186	0.37757017569589063	0.9986017788480211	60	0
ksa009_1	ksa009#1	TNXB	TNX	ksa009#1#h1tg000831l:87-411352_rc	343712	348568	-	68186	0.07296219165224532	0.9694533762057878	0	0
ksa009_1	ksa009#1	WHR1B	WHR1	ksa009#1#h1tg000831l:87-411352_rc	348564	349082	+	518	1.0	0.9980694980694981	34	1
ksa009_1	ksa009#1	WHR1B	WHR1	ksa009#1#h1tg000831l:87-411352_rc	315827	316345	+	518	1.0	0.9961389961389961	0	1
ksa009_2	ksa009#2	WHR1	WHR1	ksa009#2#h2tg000180l:126-2719313_rc	1154252	1164526	+	10272	1.0	0.9989294403892944	60	1
ksa009_2	ksa009#2	CYP21A1P	CYP21	ksa009#2#h2tg000180l:126-2719313_rc	1188715	1191989	+	3274	1.0	0.998167379352474	60	1
ksa009_2	ksa009#2	CYP21A1P	CYP21	ksa009#2#h2tg000180l:126-2719313_rc	1221450	1224722	+	3274	1.0	0.9777642400243679	0	1
ksa009_2	ksa009#2	CYP21A2	CYP21	ksa009#2#h2tg000180l:126-2719313_rc	1221495	1224722	+	3230	1.0	0.9962848297213622	60	1
ksa009_2	ksa009#2	CYP21A2	CYP21	ksa009#2#h2tg000180l:126-2719313_rc	1188765	1191989	+	3230	0.9984520123839009	0.9780389730900093	0	1
ksa009_2	ksa009#2	TNXA	TNX	ksa009#2#h2tg000180l:126-2719313_rc	1191499	1196103	-	4604	1.0	0.9980451781059948	60	1
ksa009_2	ksa009#2	TNXA	TNX	ksa009#2#h2tg000180l:126-2719313_rc	1224232	1228955	-	4604	1.0	0.9690939881456393	0	1
ksa009_2	ksa009#2	TNXB	TNX	ksa009#2#h2tg000180l:126-2719313_rc	1224230	1292406	-	68186	1.0	0.998826962272174	60	1
ksa009_2	ksa009#2	WHR1B	WHR1	ksa009#2#h2tg000180l:126-2719313_rc	1196349	1196867	+	518	1.0	0.9980694980694981	60	1
ksa009_2	ksa009#2	WHR1B	WHR1	ksa009#2#h2tg000180l:126-2719313_rc	1163611	1164129	+	518	1.0	0.9942084942084942	0	1
