hap_id	donor	cohort	source_type	panel_flags	c4_annotated_copies	cyp21_like_loci	tnx_like_loci	whr1_like_loci	same_contig	span_contig	span_start0	span_end0	balanced_module_components	screen_signature	signature_id	classification	limitation
GRCh38#0	GRCh38	REF	assembly_or_reference	reference_not_independent_donor	2	2	2	2	1	GRCh38#0#chr6:28410701-33580488	3560474	3698638	1	WHR1-like+|C4AL+|CYP21A1P-like+|TNXA-like-|WHR1B-like+|C4BL+|CYP21A2-like+|TNXB-like-	RCCX-SCREEN-c91a117646c15232	component_counts_consistent	Nearest prototype is not functional gene identity; no fusion or gene-conversion classification; C4 annotation inherited
HG00097#1	HG00097	HPRC-Rest	assembly_or_reference		2	2	2	2	1	HG00097#1#JBIRDD010000044.1:28461910-33634610	3563987	3702158	1	WHR1-like+|C4AL+|CYP21A1P-like+|TNXA-like-|WHR1B-like+|C4BL+|CYP21A2-like+|TNXB-like-	RCCX-SCREEN-c91a117646c15232	component_counts_consistent	Nearest prototype is not functional gene identity; no fusion or gene-conversion classification; C4 annotation inherited
HG00097#2	HG00097	HPRC-Rest	assembly_or_reference	DR_DQ_candidate_novel_annotation;downstream_graph_clipping_loss	2	2	2	2	1	HG00097#2#JBIRDE010000007.1:28438526-33548333	3508803	3646970	1	WHR1-like+|C4AL+|CYP21A1P-like+|TNXA-like-|WHR1B-like+|C4BL+|CYP21A2-like+|TNXB-like-	RCCX-SCREEN-c91a117646c15232	component_counts_consistent	Nearest prototype is not functional gene identity; no fusion or gene-conversion classification; C4 annotation inherited
HG00099#1	HG00099	HPRC-Rest	assembly_or_reference		2	2	2	2	1	HG00099#1#JBHDWO010000057.1:28378111-33500321	3544822	3682976	1	WHR1-like+|C4AL+|CYP21A1P-like+|TNXA-like-|WHR1B-like+|C4BL+|CYP21A2-like+|TNXB-like-	RCCX-SCREEN-c91a117646c15232	component_counts_consistent	Nearest prototype is not functional gene identity; no fusion or gene-conversion classification; C4 annotation inherited
HG00099#2	HG00099	HPRC-Rest	assembly_or_reference		1	1	1	1	1	HG00099#2#CM087361.1:28397166-33493833	3553094	3652167	1	WHR1-like+|C4BS+|CYP21A2-like+|TNXB-like-	RCCX-SCREEN-a002f576cdda62b4	component_counts_consistent	Nearest prototype is not functional gene identity; no fusion or gene-conversion classification; C4 annotation inherited
HG00126#1	HG00126	HPRC-Rest	assembly_or_reference	DR_DQ_candidate_novel_annotation	2	2	2	2	1	HG00126#1#CM090112.1:28356760-33437962	3498958	3637116	1	WHR1-like+|C4AL+|CYP21A1P-like+|TNXA-like-|WHR1B-like+|C4BL+|CYP21A2-like+|TNXB-like-	RCCX-SCREEN-c91a117646c15232	component_counts_consistent	Nearest prototype is not functional gene identity; no fusion or gene-conversion classification; C4 annotation inherited
HG00126#2	HG00126	HPRC-Rest	assembly_or_reference		2	2	2	2	1	HG00126#2#CM090124.1:28373995-33623206	3553597	3685401	1	WHR1-like+|C4AL+|CYP21A1P-like+|TNXA-like-|WHR1B-like+|C4BS+|CYP21A2-like+|TNXB-like-	RCCX-SCREEN-08dc6d3cd5c804e4	component_counts_consistent	Nearest prototype is not functional gene identity; no fusion or gene-conversion classification; C4 annotation inherited
HG00128#1	HG00128	HPRC-Rest	assembly_or_reference		3	3	3	3	1	HG00128#1#CM090080.1:28391628-33572064	3552336	3710506	1	WHR1-like+|C4AL+|CYP21A1P-like+|TNXA-like-|WHR1B-like+|C4BS+|CYP21A1P-like+|TNXA-like-|WHR1B-like+|C4BS+|CYP21A2-like+|TNXB-like-	RCCX-SCREEN-0c843ef37c4c8a9d	component_counts_consistent	Nearest prototype is not functional gene identity; no fusion or gene-conversion classification; C4 annotation inherited
HG00128#2	HG00128	HPRC-Rest	assembly_or_reference	DR_DQ_candidate_novel_annotation	2	2	2	2	1	HG00128#2#CM090096.1:28379634-33499179	3536596	3674737	1	WHR1-like+|C4AL+|CYP21A1P-like+|TNXA-like-|WHR1B-like+|C4BL+|CYP21A2-like+|TNXB-like-	RCCX-SCREEN-c91a117646c15232	component_counts_consistent	Nearest prototype is not functional gene identity; no fusion or gene-conversion classification; C4 annotation inherited
HG00133#1	HG00133	HPRC-Rest	assembly_or_reference	DR_DQ_candidate_novel_annotation	2	2	2	2	1	HG00133#1#CM090050.1:28455191-33589633	3556786	3688577	1	WHR1-like+|C4AL+|CYP21A1P-like+|TNXA-like-|WHR1B-like+|C4BS+|CYP21A2-like+|TNXB-like-	RCCX-SCREEN-08dc6d3cd5c804e4	component_counts_consistent	Nearest prototype is not functional gene identity; no fusion or gene-conversion classification; C4 annotation inherited
HG00133#2	HG00133	HPRC-Rest	assembly_or_reference		2	2	2	2	1	HG00133#2#CM090065.1:28391702-33637176	3552810	3690958	1	WHR1-like+|C4AL+|CYP21A1P-like+|TNXA-like-|WHR1B-like+|C4AL+|CYP21A2-like+|TNXB-like-	RCCX-SCREEN-109f6cb2c3c027c8	component_counts_consistent	Nearest prototype is not functional gene identity; no fusion or gene-conversion classification; C4 annotation inherited
HG00140#1	HG00140	HPRC-Rest	assembly_or_reference		2	2	2	2	1	HG00140#1#CM087111.1:28362821-33594371	3623101	3761270	1	WHR1-like+|C4AL+|CYP21A2-like+|TNXA-like-|WHR1B-like+|C4BL+|CYP21A2-like+|TNXB-like-	RCCX-SCREEN-4c34865fcf2a50f9	component_counts_consistent	Nearest prototype is not functional gene identity; no fusion or gene-conversion classification; C4 annotation inherited
HG00140#2	HG00140	HPRC-Rest	assembly_or_reference		2	2	2	2	1	HG00140#2#CM087137.1:28381998-33511941	3552009	3683776	1	WHR1-like+|C4AL+|CYP21A1P-like+|TNXA-like-|WHR1B-like+|C4BS+|CYP21A2-like+|TNXB-like-	RCCX-SCREEN-08dc6d3cd5c804e4	component_counts_consistent	Nearest prototype is not functional gene identity; no fusion or gene-conversion classification; C4 annotation inherited
HG00146#1	HG00146	HPRC-Rest	assembly_or_reference		1	1	1	1	1	HG00146#1#CM090015.1:28391294-33489055	3553118	3652189	1	WHR1-like+|C4BS+|CYP21A2-like+|TNXB-like-	RCCX-SCREEN-a002f576cdda62b4	component_counts_consistent	Nearest prototype is not functional gene identity; no fusion or gene-conversion classification; C4 annotation inherited
HG00146#2	HG00146	HPRC-Rest	assembly_or_reference		1	1	1	1	1	HG00146#2#JBHIKP010000006.1:28398454-33526840	3553178	3658606	1	WHR1-like+|C4AL+|CYP21A1P-like+|TNXB-like-	RCCX-SCREEN-f3f0f2d8f59c7414	component_counts_consistent	Nearest prototype is not functional gene identity; no fusion or gene-conversion classification; C4 annotation inherited
HG00232#1	HG00232	HPRC-Rest	assembly_or_reference		2	2	2	2	1	HG00232#1#JBHIKM010000014.1:28302939-33474178	3562598	3700761	1	WHR1-like+|C4AL+|CYP21A1P-like+|TNXA-like-|WHR1B-like+|C4BL+|CYP21A2-like+|TNXB-like-	RCCX-SCREEN-c91a117646c15232	component_counts_consistent	Nearest prototype is not functional gene identity; no fusion or gene-conversion classification; C4 annotation inherited
HG00232#2	HG00232	HPRC-Rest	assembly_or_reference	DR_DQ_candidate_novel_annotation	3	3	3	3	1	HG00232#2#JBHIKN010000040.1:28366410-33541603	3559433	3730340	1	WHR1-like+|C4AL+|CYP21A1P-like+|TNXA-like-|WHR1B-like+|C4AL+|CYP21A1P-like+|TNXA-like-|WHR1B-like+|C4AL+|CYP21A2-like+|TNXB-like-	RCCX-SCREEN-daf9913a8b810e06	component_counts_consistent	Nearest prototype is not functional gene identity; no fusion or gene-conversion classification; C4 annotation inherited
HG00235#1	HG00235	HPRC-Rest	assembly_or_reference	DR_DQ_candidate_novel_annotation	2	2	2	2	1	HG00235#1#JBIRED010000015.1:28430445-33672471	3549429	3687584	1	WHR1-like+|C4AL+|CYP21A1P-like+|TNXA-like-|WHR1B-like+|C4BL+|CYP21A2-like+|TNXB-like-	RCCX-SCREEN-c91a117646c15232	component_counts_consistent	Nearest prototype is not functional gene identity; no fusion or gene-conversion classification; C4 annotation inherited
HG00235#2	HG00235	HPRC-Rest	assembly_or_reference	DR_DQ_candidate_novel_annotation	2	2	2	2	1	HG00235#2#JBIREE010000012.1:28440799-33687305	3552966	3691120	1	WHR1-like+|C4AL+|CYP21A1P-like+|TNXA-like-|WHR1B-like+|C4BL+|CYP21A2-like+|TNXB-like-	RCCX-SCREEN-c91a117646c15232	component_counts_consistent	Nearest prototype is not functional gene identity; no fusion or gene-conversion classification; C4 annotation inherited
HG00253#1	HG00253	HPRC-Rest	assembly_or_reference	DR_DQ_candidate_novel_annotation	2	2	2	2	1	HG00253#1#CM094460.1:28362997-33511495	3554970	3686774	1	WHR1-like+|C4AL+|CYP21A1P-like+|TNXA-like-|WHR1B-like+|C4BS+|CYP21A2-like+|TNXB-like-	RCCX-SCREEN-08dc6d3cd5c804e4	component_counts_consistent	Nearest prototype is not functional gene identity; no fusion or gene-conversion classification; C4 annotation inherited
HG00253#2	HG00253	HPRC-Rest	assembly_or_reference		2	2	2	2	1	HG00253#2#CM094482.1:28362559-33525998	3554289	3692448	1	WHR1-like+|C4AL+|CYP21A1P-like+|TNXA-like-|WHR1B-like+|C4BL+|CYP21A2-like+|TNXB-like-	RCCX-SCREEN-c91a117646c15232	component_counts_consistent	Nearest prototype is not functional gene identity; no fusion or gene-conversion classification; C4 annotation inherited
HG00272#1	HG00272	HPRC-Rest	assembly_or_reference		2	2	2	2	1	HG00272#1#CM094189.1:28268096-33422158	3550160	3688306	1	WHR1-like+|C4AL+|CYP21A1P-like+|TNXA-like-|WHR1B-like+|C4AL+|CYP21A2-like+|TNXB-like-	RCCX-SCREEN-109f6cb2c3c027c8	component_counts_consistent	Nearest prototype is not functional gene identity; no fusion or gene-conversion classification; C4 annotation inherited
HG00272#2	HG00272	HPRC-Rest	assembly_or_reference		1	1	1	1	1	HG00272#2#CM094216.1:28400431-33497055	3553064	3652138	1	WHR1-like+|C4BS+|CYP21A2-like+|TNXB-like-	RCCX-SCREEN-a002f576cdda62b4	component_counts_consistent	Nearest prototype is not functional gene identity; no fusion or gene-conversion classification; C4 annotation inherited
HG00280#1	HG00280	HPRC-Rest	assembly_or_reference	DR_DQ_candidate_novel_annotation	2	2	2	2	1	HG00280#1#CM087149.1:28404965-33542525	3553113	3691266	1	WHR1-like+|C4AL+|CYP21A1P-like+|TNXA-like-|WHR1B-like+|C4BL+|CYP21A2-like+|TNXB-like-	RCCX-SCREEN-c91a117646c15232	component_counts_consistent	Nearest prototype is not functional gene identity; no fusion or gene-conversion classification; C4 annotation inherited
HG00280#2	HG00280	HPRC-Rest	assembly_or_reference		1	1	1	1	1	HG00280#2#CM087160.1:28390542-33496389	3562308	3661373	1	WHR1-like+|C4BS+|CYP21A2-like+|TNXB-like-	RCCX-SCREEN-a002f576cdda62b4	component_counts_consistent	Nearest prototype is not functional gene identity; no fusion or gene-conversion classification; C4 annotation inherited
HG00290#1	HG00290	HPRC-Rest	assembly_or_reference		1	1	1	1	1	HG00290#1#CM089982.1:28384478-33524366	3563957	3669400	1	WHR1-like+|C4AL+|CYP21A2-like+|TNXB-like-	RCCX-SCREEN-80c1563b57f16898	component_counts_consistent	Nearest prototype is not functional gene identity; no fusion or gene-conversion classification; C4 annotation inherited
HG00290#2	HG00290	HPRC-Rest	assembly_or_reference		2	2	2	2	1	HG00290#2#CM090006.1:28396532-33558743	3554268	3692443	1	WHR1-like+|C4AL+|CYP21A1P-like+|TNXA-like-|WHR1B-like+|C4AL+|CYP21A2-like+|TNXB-like-	RCCX-SCREEN-109f6cb2c3c027c8	component_counts_consistent	Nearest prototype is not functional gene identity; no fusion or gene-conversion classification; C4 annotation inherited
HG00320#1	HG00320	HPRC-Rest	assembly_or_reference		1	1	1	1	1	HG00320#1#CM089951.1:28434922-33547606	3624508	3729933	1	WHR1-like+|C4AL+|CYP21A2-like+|TNXB-like-	RCCX-SCREEN-80c1563b57f16898	component_counts_consistent	Nearest prototype is not functional gene identity; no fusion or gene-conversion classification; C4 annotation inherited
HG00320#2	HG00320	HPRC-Rest	assembly_or_reference	DR_DQ_candidate_novel_annotation	2	2	2	2	1	HG00320#2#CM089965.1:28395668-33476154	3566328	3698131	1	WHR1-like+|C4AL+|CYP21A1P-like+|TNXA-like-|WHR1B-like+|C4BS+|CYP21A2-like+|TNXB-like-	RCCX-SCREEN-08dc6d3cd5c804e4	component_counts_consistent	Nearest prototype is not functional gene identity; no fusion or gene-conversion classification; C4 annotation inherited
HG00321#1	HG00321	HPRC-Rest	assembly_or_reference		2	2	2	2	1	HG00321#1#CM089541.1:28422537-33579208	3555897	3687700	1	WHR1-like+|C4AL+|CYP21A1P-like+|TNXA-like-|WHR1B-like+|C4BS+|CYP21A2-like+|TNXB-like-	RCCX-SCREEN-08dc6d3cd5c804e4	component_counts_consistent	Nearest prototype is not functional gene identity; no fusion or gene-conversion classification; C4 annotation inherited
HG00321#2	HG00321	HPRC-Rest	assembly_or_reference	DR_DQ_candidate_novel_annotation;downstream_graph_clipping_loss	1	1	1	1	1	HG00321#2#CM089572.1:28378789-33420293	3553400	3658824	1	WHR1-like+|C4AL+|CYP21A2-like+|TNXB-like-	RCCX-SCREEN-80c1563b57f16898	component_counts_consistent	Nearest prototype is not functional gene identity; no fusion or gene-conversion classification; C4 annotation inherited
HG00323#1	HG00323	HPRC-Rest	assembly_or_reference	DR_DQ_candidate_novel_annotation	2	2	2	2	1	HG00323#1#CM087306.1:28385818-33469846	3505533	3637336	1	WHR1-like+|C4AL+|CYP21A1P-like+|TNXA-like-|WHR1B-like+|C4BS+|CYP21A2-like+|TNXB-like-	RCCX-SCREEN-08dc6d3cd5c804e4	component_counts_consistent	Nearest prototype is not functional gene identity; no fusion or gene-conversion classification; C4 annotation inherited
HG00323#2	HG00323	HPRC-Rest	assembly_or_reference		2	2	2	2	1	HG00323#2#CM087331.1:28400279-33501006	3498159	3629961	1	WHR1-like+|C4AL+|CYP21A1P-like+|TNXA-like-|WHR1B-like+|C4BS+|CYP21A2-like+|TNXB-like-	RCCX-SCREEN-08dc6d3cd5c804e4	component_counts_consistent	Nearest prototype is not functional gene identity; no fusion or gene-conversion classification; C4 annotation inherited
HG00329#1	HG00329	HPRC-Rest	assembly_or_reference		3	3	3	3	1	HG00329#1#CM094227.1:28398918-33572031	3563901	3728516	1	WHR1-like+|C4AL+|CYP21A1P-like+|TNXA-like-|WHR1B-like+|C4AS+|CYP21A1P-like+|TNXA-like-|WHR1B-like+|C4BL+|CYP21A2-like+|TNXB-like-	RCCX-SCREEN-e92677dc4f8b8aff	component_counts_consistent	Nearest prototype is not functional gene identity; no fusion or gene-conversion classification; C4 annotation inherited
HG00329#2	HG00329	HPRC-Rest	assembly_or_reference		2	2	2	2	1	HG00329#2#JBIRDQ010000006.1:28383055-33548759	3557706	3695877	1	WHR1-like+|C4AL+|CYP21A1P-like+|TNXA-like-|WHR1B-like+|C4BL+|CYP21A2-like+|TNXB-like-	RCCX-SCREEN-c91a117646c15232	component_counts_consistent	Nearest prototype is not functional gene identity; no fusion or gene-conversion classification; C4 annotation inherited
HG00344#1	HG00344	HPRC-Rest	assembly_or_reference		2	2	2	2	1	HG00344#1#JBIREN010000005.1:28404553-33569861	3558088	3696255	1	WHR1-like+|C4AL+|CYP21A1P-like+|TNXA-like-|WHR1B-like+|C4BL+|CYP21A2-like+|TNXB-like-	RCCX-SCREEN-c91a117646c15232	component_counts_consistent	Nearest prototype is not functional gene identity; no fusion or gene-conversion classification; C4 annotation inherited
HG00344#2	HG00344	HPRC-Rest	assembly_or_reference		2	2	2	2	1	HG00344#2#JBIREO010000046.1:28507887-33680519	3564009	3702176	1	WHR1-like+|C4AL+|CYP21A1P-like+|TNXA-like-|WHR1B-like+|C4BL+|CYP21A2-like+|TNXB-like-	RCCX-SCREEN-c91a117646c15232	component_counts_consistent	Nearest prototype is not functional gene identity; no fusion or gene-conversion classification; C4 annotation inherited
HG00350#1	HG00350	HPRC-Rest	assembly_or_reference		2	2	2	2	1	HG00350#1#JBIREL010000054.1:28392042-33553743	3553813	3691978	1	WHR1-like+|C4AL+|CYP21A1P-like+|TNXA-like-|WHR1B-like+|C4BL+|CYP21A2-like+|TNXB-like-	RCCX-SCREEN-c91a117646c15232	component_counts_consistent	Nearest prototype is not functional gene identity; no fusion or gene-conversion classification; C4 annotation inherited
HG00350#2	HG00350	HPRC-Rest	assembly_or_reference		2	2	2	2	1	HG00350#2#JBIREM010000045.1:28412158-33655472	3551884	3690053	1	WHR1-like+|C4AL+|CYP21A1P-like+|TNXA-like-|WHR1B-like+|C4BL+|CYP21A2-like+|TNXB-like-	RCCX-SCREEN-c91a117646c15232	component_counts_consistent	Nearest prototype is not functional gene identity; no fusion or gene-conversion classification; C4 annotation inherited
HG00408#1	HG00408	HPRC-EastAsian	assembly_or_reference	DR_DQ_candidate_novel_annotation	3	3	3	3	1	HG00408#1#CM085956.1:28367209-33537812	3557966	3722500	1	WHR1-like+|C4AL+|CYP21A1P-like+|TNXA-like-|WHR1B-like+|C4AL+|CYP21A1P-like+|TNXA-like-|WHR1B-like+|C4BS+|CYP21A2-like+|TNXB-like-	RCCX-SCREEN-f3965b9e0fe6783a	component_counts_consistent	Nearest prototype is not functional gene identity; no fusion or gene-conversion classification; C4 annotation inherited
HG00408#2	HG00408	HPRC-EastAsian	assembly_or_reference		2	2	2	2	1	HG00408#2#CM085969.1:28371022-33519581	3546936	3678733	1	WHR1-like+|C4AL+|CYP21A1P-like+|TNXA-like-|WHR1B-like+|C4BS+|CYP21A2-like+|TNXB-like-	RCCX-SCREEN-08dc6d3cd5c804e4	component_counts_consistent	Nearest prototype is not functional gene identity; no fusion or gene-conversion classification; C4 annotation inherited
HG00423#1	HG00423	HPRC-EastAsian	assembly_or_reference	DR_DQ_candidate_novel_annotation	2	2	2	2	1	HG00423#1#CM089400.1:28362185-33602188	3551713	3683525	1	WHR1-like+|C4AL+|CYP21A1P-like+|TNXA-like-|WHR1B-like+|C4BS+|CYP21A2-like+|TNXB-like-	RCCX-SCREEN-08dc6d3cd5c804e4	component_counts_consistent	Nearest prototype is not functional gene identity; no fusion or gene-conversion classification; C4 annotation inherited
HG00423#2	HG00423	HPRC-EastAsian	assembly_or_reference		2	2	2	2	1	HG00423#2#CM089416.1:28353255-33428495	3555610	3693784	1	WHR1-like+|C4AL+|CYP21A1P-like+|TNXA-like-|WHR1B-like+|C4BL+|CYP21A2-like+|TNXB-like-	RCCX-SCREEN-c91a117646c15232	component_counts_consistent	Nearest prototype is not functional gene identity; no fusion or gene-conversion classification; C4 annotation inherited
HG00438#1	HG00438	HPRC-EastAsian	assembly_or_reference	DR_DQ_candidate_novel_annotation	1	1	1	1	1	HG00438#1#CM089172.1:28419975-33475943	3503119	3608567	1	WHR1-like+|C4AL+|CYP21A2-like+|TNXB-like-	RCCX-SCREEN-80c1563b57f16898	component_counts_consistent	Nearest prototype is not functional gene identity; no fusion or gene-conversion classification; C4 annotation inherited
HG00438#2	HG00438	HPRC-EastAsian	assembly_or_reference	DR_DQ_candidate_novel_annotation	1	1	1	1	1	HG00438#2#CM089191.1:28355071-33575312	3544654	3650048	1	WHR1-like+|C4AL+|CYP21A2-like+|TNXB-like-	RCCX-SCREEN-80c1563b57f16898	component_counts_consistent	Nearest prototype is not functional gene identity; no fusion or gene-conversion classification; C4 annotation inherited
HG005#1	HG005	HPRC-EastAsian	assembly_or_reference	DR_DQ_candidate_novel_annotation	2	2	2	2	1	HG005#1#CM099986.1:28343337-33540760	3505592	3643764	1	WHR1-like+|C4AL+|CYP21A1P-like+|TNXA-like-|WHR1B-like+|C4BL+|CYP21A2-like+|TNXB-like-	RCCX-SCREEN-c91a117646c15232	component_counts_consistent	Nearest prototype is not functional gene identity; no fusion or gene-conversion classification; C4 annotation inherited
HG005#2	HG005	HPRC-EastAsian	assembly_or_reference	DR_DQ_candidate_novel_annotation	2	2	2	2	1	HG005#2#CM099975.1:28427209-33625676	3504982	3643137	1	WHR1-like+|C4AL+|CYP21A1P-like+|TNXA-like-|WHR1B-like+|C4BL+|CYP21A2-like+|TNXB-like-	RCCX-SCREEN-c91a117646c15232	component_counts_consistent	Nearest prototype is not functional gene identity; no fusion or gene-conversion classification; C4 annotation inherited
HG00544#1	HG00544	HPRC-EastAsian	assembly_or_reference	DR_DQ_candidate_novel_annotation;downstream_graph_clipping_loss	2	2	2	2	1	HG00544#1#CM089373.1:28382951-33635750	3564737	3696548	1	WHR1-like+|C4AL+|CYP21A1P-like+|TNXA-like-|WHR1B-like+|C4BS+|CYP21A1P-like+|TNXB-like-	RCCX-SCREEN-4b4b6e68dd2a2a5d	component_counts_consistent	Nearest prototype is not functional gene identity; no fusion or gene-conversion classification; C4 annotation inherited
HG00544#2	HG00544	HPRC-EastAsian	assembly_or_reference	DR_DQ_candidate_novel_annotation	2	2	2	2	1	HG00544#2#CM089387.1:28377663-33617357	3551687	3683488	1	WHR1-like+|C4AL+|CYP21A1P-like+|TNXA-like-|WHR1B-like+|C4BS+|CYP21A2-like+|TNXB-like-	RCCX-SCREEN-08dc6d3cd5c804e4	component_counts_consistent	Nearest prototype is not functional gene identity; no fusion or gene-conversion classification; C4 annotation inherited
HG00558#1	HG00558	HPRC-EastAsian	assembly_or_reference	DR_DQ_candidate_novel_annotation;downstream_graph_clipping_loss	2	2	2	2	1	HG00558#1#CM088495.1:28611632-33843761	3545168	3676957	1	WHR1-like+|C4AL+|CYP21A1P-like+|TNXA-like-|WHR1B-like+|C4BS+|CYP21A2-like+|TNXB-like-	RCCX-SCREEN-08dc6d3cd5c804e4	component_counts_consistent	Nearest prototype is not functional gene identity; no fusion or gene-conversion classification; C4 annotation inherited
HG00558#2	HG00558	HPRC-EastAsian	assembly_or_reference		2	2	2	2	1	HG00558#2#CM088524.1:28472433-33604465	3542267	3674055	1	WHR1-like+|C4AL+|CYP21A1P-like+|TNXA-like-|WHR1B-like+|C4BS+|CYP21A2-like+|TNXB-like-	RCCX-SCREEN-08dc6d3cd5c804e4	component_counts_consistent	Nearest prototype is not functional gene identity; no fusion or gene-conversion classification; C4 annotation inherited
HG00597#1	HG00597	HPRC-EastAsian	assembly_or_reference	DR_DQ_candidate_novel_annotation	3	3	3	3	1	HG00597#1#JBHDUU010000003.1:28248152-33413616	3558010	3722544	1	WHR1-like+|C4AL+|CYP21A1P-like+|TNXA-like-|WHR1B-like+|C4AL+|CYP21A1P-like+|TNXA-like-|WHR1B-like+|C4BS+|CYP21A2-like+|TNXB-like-	RCCX-SCREEN-f3965b9e0fe6783a	component_counts_consistent	Nearest prototype is not functional gene identity; no fusion or gene-conversion classification; C4 annotation inherited
HG00597#2	HG00597	HPRC-EastAsian	assembly_or_reference		2	2	2	2	1	HG00597#2#CM085784.1:28381176-33466863	3508783	3646963	1	WHR1-like+|C4AL+|CYP21A1P-like+|TNXA-like-|WHR1B-like+|C4BL+|CYP21A2-like+|TNXB-like-	RCCX-SCREEN-c91a117646c15232	component_counts_consistent	Nearest prototype is not functional gene identity; no fusion or gene-conversion classification; C4 annotation inherited
HG00609#1	HG00609	HPRC-EastAsian	assembly_or_reference		2	2	2	2	1	HG00609#1#CM086351.1:28557002-33710805	3553425	3685222	1	WHR1-like+|C4AL+|CYP21A1P-like+|TNXA-like-|WHR1B-like+|C4BS+|CYP21A2-like+|TNXB-like-	RCCX-SCREEN-08dc6d3cd5c804e4	component_counts_consistent	Nearest prototype is not functional gene identity; no fusion or gene-conversion classification; C4 annotation inherited
HG00609#2	HG00609	HPRC-EastAsian	assembly_or_reference	DR_DQ_candidate_novel_annotation	2	2	2	2	1	HG00609#2#CM086361.1:28373908-33563607	3497376	3635540	1	WHR1-like+|C4AL+|CYP21A1P-like+|TNXA-like-|WHR1B-like+|C4AL+|CYP21A2-like+|TNXB-like-	RCCX-SCREEN-109f6cb2c3c027c8	component_counts_consistent	Nearest prototype is not functional gene identity; no fusion or gene-conversion classification; C4 annotation inherited
HG00621#1	HG00621	HPRC-EastAsian	assembly_or_reference	DR_DQ_candidate_novel_annotation	2	2	2	2	1	HG00621#1#CM087851.1:28412809-33652212	3552512	3684309	1	WHR1-like+|C4AL+|CYP21A1P-like+|TNXA-like-|WHR1B-like+|C4BS+|CYP21A2-like+|TNXB-like-	RCCX-SCREEN-08dc6d3cd5c804e4	component_counts_consistent	Nearest prototype is not functional gene identity; no fusion or gene-conversion classification; C4 annotation inherited
HG00621#2	HG00621	HPRC-EastAsian	assembly_or_reference	downstream_graph_clipping_loss	2	2	2	2	1	HG00621#2#CM087865.1:28365619-33503852	3561736	3699888	1	WHR1-like+|C4AL+|CYP21A1P-like+|TNXA-like-|WHR1B-like+|C4BL+|CYP21A2-like+|TNXB-like-	RCCX-SCREEN-c91a117646c15232	component_counts_consistent	Nearest prototype is not functional gene identity; no fusion or gene-conversion classification; C4 annotation inherited
HG00639#1	HG00639	HPRC-Rest	assembly_or_reference	DR_DQ_candidate_novel_annotation	2	2	2	2	1	HG00639#1#CM088540.1:28385584-33628081	3549504	3687653	1	WHR1-like+|C4AL+|CYP21A1P-like+|TNXA-like-|WHR1B-like+|C4BL+|CYP21A2-like+|TNXB-like-	RCCX-SCREEN-c91a117646c15232	component_counts_consistent	Nearest prototype is not functional gene identity; no fusion or gene-conversion classification; C4 annotation inherited
HG00639#2	HG00639	HPRC-Rest	assembly_or_reference	DR_DQ_candidate_novel_annotation	2	2	2	2	1	HG00639#2#CM088555.1:28389308-33644836	3563495	3701646	1	WHR1-like+|C4AL+|CYP21A1P-like+|TNXA-like-|WHR1B-like+|C4BL+|CYP21A2-like+|TNXB-like-	RCCX-SCREEN-c91a117646c15232	component_counts_consistent	Nearest prototype is not functional gene identity; no fusion or gene-conversion classification; C4 annotation inherited
HG00642#1	HG00642	HPRC-Rest	assembly_or_reference		1	1	1	1	1	HG00642#1#JBHDST010000009.1:28352295-33459982	3560115	3665509	1	WHR1-like+|C4AL+|CYP21A2-like+|TNXB-like-	RCCX-SCREEN-80c1563b57f16898	component_counts_consistent	Nearest prototype is not functional gene identity; no fusion or gene-conversion classification; C4 annotation inherited
HG00642#2	HG00642	HPRC-Rest	assembly_or_reference	DR_DQ_candidate_novel_annotation;downstream_graph_clipping_loss	2	2	2	2	1	HG00642#2#CM086622.1:28408489-33506502	3504637	3636425	1	WHR1-like+|C4AL+|CYP21A1P-like+|TNXA-like-|WHR1B-like+|C4BS+|CYP21A2-like+|TNXB-like-	RCCX-SCREEN-08dc6d3cd5c804e4	component_counts_consistent	Nearest prototype is not functional gene identity; no fusion or gene-conversion classification; C4 annotation inherited
HG00658#1	HG00658	HPRC-EastAsian	assembly_or_reference	downstream_graph_clipping_loss	2	2	2	2	1	HG00658#1#CM088776.1:28382214-33455895	3554050	3692219	1	WHR1-like+|C4AL+|CYP21A1P-like+|TNXA-like-|WHR1B-like+|C4BL+|CYP21A2-like+|TNXB-like-	RCCX-SCREEN-c91a117646c15232	component_counts_consistent	Nearest prototype is not functional gene identity; no fusion or gene-conversion classification; C4 annotation inherited
HG00658#2	HG00658	HPRC-EastAsian	assembly_or_reference	DR_DQ_candidate_novel_annotation	3	3	3	3	1	HG00658#2#CM088798.1:28345511-33527662	3552428	3717027	1	WHR1-like+|C4AL+|CYP21A1P-like+|TNXA-like-|WHR1B-like+|C4AS+|CYP21A1P-like+|TNXA-like-|WHR1B-like+|C4BL+|CYP21A2-like+|TNXB-like-	RCCX-SCREEN-e92677dc4f8b8aff	component_counts_consistent	Nearest prototype is not functional gene identity; no fusion or gene-conversion classification; C4 annotation inherited
HG00673#1	HG00673	HPRC-EastAsian	assembly_or_reference	DR_DQ_candidate_novel_annotation;downstream_graph_clipping_loss	2	2	2	2	1	HG00673#1#CM089145.1:28380395-33412996	3456266	3594448	1	WHR1-like+|C4AL+|CYP21A1P-like+|TNXA-like-|WHR1B-like+|C4BL+|CYP21A2-like+|TNXB-like-	RCCX-SCREEN-c91a117646c15232	component_counts_consistent	Nearest prototype is not functional gene identity; no fusion or gene-conversion classification; C4 annotation inherited
HG00673#2	HG00673	HPRC-EastAsian	assembly_or_reference		2	2	2	2	1	HG00673#2#CM089157.1:28378967-33442230	3549256	3681057	1	WHR1-like+|C4AL+|CYP21A1P-like+|TNXA-like-|WHR1B-like+|C4AS+|CYP21A2-like+|TNXB-like-	RCCX-SCREEN-b8ca310d36f0396c	component_counts_consistent	Nearest prototype is not functional gene identity; no fusion or gene-conversion classification; C4 annotation inherited
HG00706#1	HG00706	HPRC-EastAsian	assembly_or_reference	DR_DQ_candidate_novel_annotation	2	2	2	2	1	HG00706#1#CM100016.1:28396497-33554012	3555517	3687407	1	WHR1-like+|C4BL+|CYP21A2-like+|TNXA-like-|WHR1B-like+|C4BS+|CYP21A2-like+|TNXB-like-	RCCX-SCREEN-c23deea26722f529	component_counts_consistent	Nearest prototype is not functional gene identity; no fusion or gene-conversion classification; C4 annotation inherited
HG00706#2	HG00706	HPRC-EastAsian	assembly_or_reference	DR_DQ_candidate_novel_annotation	2	2	2	2	1	HG00706#2#CM100060.1:28411727-33571906	3553179	3691349	1	WHR1-like+|C4AL+|CYP21A1P-like+|TNXA-like-|WHR1B-like+|C4BL+|CYP21A2-like+|TNXB-like-	RCCX-SCREEN-c91a117646c15232	component_counts_consistent	Nearest prototype is not functional gene identity; no fusion or gene-conversion classification; C4 annotation inherited
HG00733#1	HG00733	HPRC-Rest	assembly_or_reference		2	2	2	2	1	HG00733#1#JAHEPQ020000004.1:28448883-33531506	3505520	3643682	1	WHR1-like+|C4AL+|CYP21A1P-like+|TNXA-like-|WHR1B-like+|C4BL+|CYP21A2-like+|TNXB-like-	RCCX-SCREEN-c91a117646c15232	component_counts_consistent	Nearest prototype is not functional gene identity; no fusion or gene-conversion classification; C4 annotation inherited
HG00733#2	HG00733	HPRC-Rest	assembly_or_reference		1	1	1	1	1	HG00733#2#JAHEPP020000013.1:28389728-33496160	3560094	3665487	1	WHR1-like+|C4AL+|CYP21A2-like+|TNXB-like-	RCCX-SCREEN-80c1563b57f16898	component_counts_consistent	Nearest prototype is not functional gene identity; no fusion or gene-conversion classification; C4 annotation inherited
HG00735#1	HG00735	HPRC-Rest	assembly_or_reference		2	2	2	2	1	HG00735#1#CM087879.1:28400157-33626272	3624398	3756202	1	WHR1-like+|C4AL+|CYP21A1P-like+|TNXA-like-|WHR1B-like+|C4BS+|CYP21A2-like+|TNXB-like-	RCCX-SCREEN-08dc6d3cd5c804e4	component_counts_consistent	Nearest prototype is not functional gene identity; no fusion or gene-conversion classification; C4 annotation inherited
HG00735#2	HG00735	HPRC-Rest	assembly_or_reference	DR_DQ_candidate_novel_annotation	2	2	2	2	1	HG00735#2#CM087888.1:28407279-33712571	3619549	3751337	1	WHR1-like+|C4AL+|CYP21A1P-like+|TNXA-like-|WHR1B-like+|C4BS+|CYP21A2-like+|TNXB-like-	RCCX-SCREEN-08dc6d3cd5c804e4	component_counts_consistent	Nearest prototype is not functional gene identity; no fusion or gene-conversion classification; C4 annotation inherited
HG00738#1	HG00738	HPRC-Rest	assembly_or_reference		1	1	1	1	1	HG00738#1#CM086647.1:28420303-33517291	3553126	3652200	1	WHR1-like+|C4BS+|CYP21A2-like+|TNXB-like-	RCCX-SCREEN-a002f576cdda62b4	component_counts_consistent	Nearest prototype is not functional gene identity; no fusion or gene-conversion classification; C4 annotation inherited
HG00738#2	HG00738	HPRC-Rest	assembly_or_reference	DR_DQ_candidate_novel_annotation	2	2	2	2	1	HG00738#2#CM086684.1:28399019-33553590	3551292	3689438	1	WHR1-like+|C4AL+|CYP21A1P-like+|TNXA-like-|WHR1B-like+|C4AL+|CYP21A2-like+|TNXB-like-	RCCX-SCREEN-109f6cb2c3c027c8	component_counts_consistent	Nearest prototype is not functional gene identity; no fusion or gene-conversion classification; C4 annotation inherited
HG00741#1	HG00741	HPRC-Rest	assembly_or_reference	DR_DQ_candidate_novel_annotation	2	2	2	2	1	HG00741#1#CM087899.1:28395234-33528259	3561953	3693771	1	WHR1-like+|C4AL+|CYP21A1P-like+|TNXA-like-|WHR1B-like+|C4BS+|CYP21A2-like+|TNXB-like-	RCCX-SCREEN-08dc6d3cd5c804e4	component_counts_consistent	Nearest prototype is not functional gene identity; no fusion or gene-conversion classification; C4 annotation inherited
HG00741#2	HG00741	HPRC-Rest	assembly_or_reference	DR_DQ_candidate_novel_annotation	2	2	2	2	1	HG00741#2#CM087911.1:28428150-33619756	3617898	3749690	1	WHR1-like+|C4AL+|CYP21A1P-like+|TNXA-like-|WHR1B-like+|C4BS+|CYP21A2-like+|TNXB-like-	RCCX-SCREEN-08dc6d3cd5c804e4	component_counts_consistent	Nearest prototype is not functional gene identity; no fusion or gene-conversion classification; C4 annotation inherited
HG01071#1	HG01071	HPRC-Rest	assembly_or_reference		2	2	2	2	1	HG01071#1#CM089116.1:28400399-33605490	3508189	3639976	1	WHR1-like+|C4AL+|CYP21A1P-like+|TNXA-like-|WHR1B-like+|C4BS+|CYP21A2-like+|TNXB-like-	RCCX-SCREEN-08dc6d3cd5c804e4	component_counts_consistent	Nearest prototype is not functional gene identity; no fusion or gene-conversion classification; C4 annotation inherited
HG01071#2	HG01071	HPRC-Rest	assembly_or_reference		3	3	3	3	1	HG01071#2#JAHBCE020000004.1:28353469-33512869	3561228	3719382	1	WHR1-like+|C4BL+|CYP21A1P-like+|TNXA-like-|WHR1B-like+|C4AS+|CYP21A2-like+|TNXA-like-|WHR1B-like+|C4BS+|CYP21A2-like+|TNXB-like-	RCCX-SCREEN-8904b92121a5f1e8	component_counts_consistent	Nearest prototype is not functional gene identity; no fusion or gene-conversion classification; C4 annotation inherited
HG01074#1	HG01074	HPRC-Rest	assembly_or_reference		2	2	2	2	1	HG01074#1#CM088786.1:28385433-33531927	3538005	3676168	1	WHR1-like+|C4BL+|CYP21A1P-like+|TNXA-like-|WHR1B-like+|C4BL+|CYP21A2-like+|TNXB-like-	RCCX-SCREEN-684f24a39886a3ee	component_counts_consistent	Nearest prototype is not functional gene identity; no fusion or gene-conversion classification; C4 annotation inherited
HG01074#2	HG01074	HPRC-Rest	assembly_or_reference		2	2	2	2	1	HG01074#2#CM088812.1:28367163-33616085	3553327	3685134	1	WHR1-like+|C4AL+|CYP21A1P-like+|TNXA-like-|WHR1B-like+|C4BS+|CYP21A2-like+|TNXB-like-	RCCX-SCREEN-08dc6d3cd5c804e4	component_counts_consistent	Nearest prototype is not functional gene identity; no fusion or gene-conversion classification; C4 annotation inherited
HG01081#1	HG01081	HPRC-Rest	assembly_or_reference	DR_DQ_candidate_novel_annotation	3	3	3	3	1	HG01081#1#CM088567.1:28461361-33570671	3500089	3670994	1	WHR1-like+|C4AL+|CYP21A1P-like+|TNXA-like-|WHR1B-like+|C4AL+|CYP21A1P-like+|TNXA-like-|WHR1B-like+|C4BL+|CYP21A2-like+|TNXB-like-	RCCX-SCREEN-ca928f07d032036f	component_counts_consistent	Nearest prototype is not functional gene identity; no fusion or gene-conversion classification; C4 annotation inherited
HG01081#2	HG01081	HPRC-Rest	assembly_or_reference	DR_DQ_candidate_novel_annotation;downstream_graph_clipping_loss	2	2	2	2	1	HG01081#2#CM088583.1:28313947-33411923	3504615	3636403	1	WHR1-like+|C4AL+|CYP21A1P-like+|TNXA-like-|WHR1B-like+|C4BS+|CYP21A2-like+|TNXB-like-	RCCX-SCREEN-08dc6d3cd5c804e4	component_counts_consistent	Nearest prototype is not functional gene identity; no fusion or gene-conversion classification; C4 annotation inherited
HG01099#1	HG01099	HPRC-Rest	assembly_or_reference		2	2	2	2	1	HG01099#1#CM086260.1:28473499-33727222	3558144	3689931	1	WHR1-like+|C4AL+|CYP21A1P-like+|TNXA-like-|WHR1B-like+|C4BS+|CYP21A2-like+|TNXB-like-	RCCX-SCREEN-08dc6d3cd5c804e4	component_counts_consistent	Nearest prototype is not functional gene identity; no fusion or gene-conversion classification; C4 annotation inherited
HG01099#2	HG01099	HPRC-Rest	assembly_or_reference		2	2	2	2	1	HG01099#2#CM086271.1:28372897-33623240	3553631	3685439	1	WHR1-like+|C4AL+|CYP21A1P-like+|TNXA-like-|WHR1B-like+|C4BS+|CYP21A2-like+|TNXB-like-	RCCX-SCREEN-08dc6d3cd5c804e4	component_counts_consistent	Nearest prototype is not functional gene identity; no fusion or gene-conversion classification; C4 annotation inherited
HG01106#1	HG01106	HPRC-Rest	assembly_or_reference		1	1	1	1	1	HG01106#1#CM087952.1:28365981-33527455	3614816	3720214	1	WHR1-like+|C4AL+|CYP21A2-like+|TNXB-like-	RCCX-SCREEN-80c1563b57f16898	component_counts_consistent	Nearest prototype is not functional gene identity; no fusion or gene-conversion classification; C4 annotation inherited
HG01106#2	HG01106	HPRC-Rest	assembly_or_reference	DR_DQ_candidate_novel_annotation	1	1	1	1	1	HG01106#2#CM087965.1:28447447-33606093	3611955	3717353	1	WHR1-like+|C4AL+|CYP21A2-like+|TNXB-like-	RCCX-SCREEN-80c1563b57f16898	component_counts_consistent	Nearest prototype is not functional gene identity; no fusion or gene-conversion classification; C4 annotation inherited
HG01109#1	HG01109	HPRC-Rest	assembly_or_reference		2	2	2	2	1	HG01109#1#CM092087.1:28385979-33527092	3618991	3757145	1	WHR1-like+|C4AL+|CYP21A1P-like+|TNXA-like-|WHR1B-like+|C4BL+|CYP21A2-like+|TNXB-like-	RCCX-SCREEN-c91a117646c15232	component_counts_consistent	Nearest prototype is not functional gene identity; no fusion or gene-conversion classification; C4 annotation inherited
HG01109#2	HG01109	HPRC-Rest	assembly_or_reference		2	2	2	2	1	HG01109#2#CM092075.1:28375676-33512099	3553646	3685444	1	WHR1-like+|C4AL+|CYP21A1P-like+|TNXA-like-|WHR1B-like+|C4BS+|CYP21A2-like+|TNXB-like-	RCCX-SCREEN-08dc6d3cd5c804e4	component_counts_consistent	Nearest prototype is not functional gene identity; no fusion or gene-conversion classification; C4 annotation inherited
HG01123#1	HG01123	HPRC-Rest	assembly_or_reference		2	2	2	2	1	HG01123#1#CM089083.1:28404843-33659990	3554392	3692549	1	WHR1-like+|C4AL+|CYP21A1P-like+|TNXA-like-|WHR1B-like+|C4BL+|CYP21A2-like+|TNXB-like-	RCCX-SCREEN-c91a117646c15232	component_counts_consistent	Nearest prototype is not functional gene identity; no fusion or gene-conversion classification; C4 annotation inherited
HG01123#2	HG01123	HPRC-Rest	assembly_or_reference		2	2	2	2	1	HG01123#2#CM089098.1:28415807-33563460	3543398	3681552	1	WHR1-like+|C4AL+|CYP21A1P-like+|TNXA-like-|WHR1B-like+|C4AL+|CYP21A2-like+|TNXB-like-	RCCX-SCREEN-109f6cb2c3c027c8	component_counts_consistent	Nearest prototype is not functional gene identity; no fusion or gene-conversion classification; C4 annotation inherited
HG01150#1	HG01150	HPRC-Rest	assembly_or_reference	DR_DQ_candidate_novel_annotation	2	2	2	2	1	HG01150#1#CM088598.1:28377562-33536105	3548758	3686907	1	WHR1-like+|C4AL+|CYP21A1P-like+|TNXA-like-|WHR1B-like+|C4BL+|CYP21A2-like+|TNXB-like-	RCCX-SCREEN-c91a117646c15232	component_counts_consistent	Nearest prototype is not functional gene identity; no fusion or gene-conversion classification; C4 annotation inherited
HG01150#2	HG01150	HPRC-Rest	assembly_or_reference	DR_DQ_candidate_novel_annotation	2	2	2	2	1	HG01150#2#CM088614.1:28600391-33807062	3622058	3760216	1	WHR1-like+|C4AL+|CYP21A1P-like+|TNXA-like-|WHR1B-like+|C4BL+|CYP21A2-like+|TNXB-like-	RCCX-SCREEN-c91a117646c15232	component_counts_consistent	Nearest prototype is not functional gene identity; no fusion or gene-conversion classification; C4 annotation inherited
HG01167#1	HG01167	HPRC-Rest	assembly_or_reference	DR_DQ_candidate_novel_annotation	2	2	2	2	1	HG01167#1#CM094528.1:28408993-33550950	3455615	3587414	1	WHR1-like+|C4AL+|CYP21A1P-like+|TNXA-like-|WHR1B-like+|C4BS+|CYP21A2-like+|TNXB-like-	RCCX-SCREEN-08dc6d3cd5c804e4	component_counts_consistent	Nearest prototype is not functional gene identity; no fusion or gene-conversion classification; C4 annotation inherited
HG01167#2	HG01167	HPRC-Rest	assembly_or_reference		2	2	2	2	1	HG01167#2#CM094543.1:28383235-33548638	3563172	3694957	1	WHR1-like+|C4AL+|CYP21A1P-like+|TNXA-like-|WHR1B-like+|C4BS+|CYP21A2-like+|TNXB-like-	RCCX-SCREEN-08dc6d3cd5c804e4	component_counts_consistent	Nearest prototype is not functional gene identity; no fusion or gene-conversion classification; C4 annotation inherited
HG01175#1	HG01175	HPRC-Rest	assembly_or_reference		2	2	2	2	1	HG01175#1#CM087925.1:28388857-33560219	3562251	3700414	1	WHR1-like+|C4AL+|CYP21A1P-like+|TNXA-like-|WHR1B-like+|C4BL+|CYP21A2-like+|TNXB-like-	RCCX-SCREEN-c91a117646c15232	component_counts_consistent	Nearest prototype is not functional gene identity; no fusion or gene-conversion classification; C4 annotation inherited
HG01175#2	HG01175	HPRC-Rest	assembly_or_reference		2	2	2	2	1	HG01175#2#CM087940.1:28426263-33594671	3566926	3698718	1	WHR1-like+|C4AL+|CYP21A1P-like+|TNXA-like-|WHR1B-like+|C4BS+|CYP21A2-like+|TNXB-like-	RCCX-SCREEN-08dc6d3cd5c804e4	component_counts_consistent	Nearest prototype is not functional gene identity; no fusion or gene-conversion classification; C4 annotation inherited
HG01192#1	HG01192	HPRC-Rest	assembly_or_reference		2	2	2	2	1	HG01192#1#JBHDVI010000008.1:28423245-33497113	3553305	3691458	1	WHR1-like+|C4AL+|CYP21A1P-like+|TNXA-like-|WHR1B-like+|C4BL+|CYP21A2-like+|TNXB-like-	RCCX-SCREEN-c91a117646c15232	component_counts_consistent	Nearest prototype is not functional gene identity; no fusion or gene-conversion classification; C4 annotation inherited
HG01192#2	HG01192	HPRC-Rest	assembly_or_reference		2	2	2	2	1	HG01192#2#JBHDVJ010000035.1:28425182-33556403	3560312	3692111	1	WHR1-like+|C4AL+|CYP21A1P-like+|TNXA-like-|WHR1B-like+|C4BS+|CYP21A2-like+|TNXB-like-	RCCX-SCREEN-08dc6d3cd5c804e4	component_counts_consistent	Nearest prototype is not functional gene identity; no fusion or gene-conversion classification; C4 annotation inherited
HG01243#1	HG01243	HPRC-Rest	assembly_or_reference		2	2	2	2	1	HG01243#1#JAHEOY020000051.1:28395858-33529902	3554682	3686473	1	WHR1-like+|C4AL+|CYP21A1P-like+|TNXA-like-|WHR1B-like+|C4BS+|CYP21A2-like+|TNXB-like-	RCCX-SCREEN-08dc6d3cd5c804e4	component_counts_consistent	Nearest prototype is not functional gene identity; no fusion or gene-conversion classification; C4 annotation inherited
HG01243#2	HG01243	HPRC-Rest	assembly_or_reference	downstream_graph_clipping_loss	2	2	2	2	1	HG01243#2#JAHEOX020000061.1:28429017-33652180	3619653	3757799	1	WHR1-like+|C4AL+|CYP21A1P-like+|TNXA-like-|WHR1B-like+|C4AL+|CYP21A2-like+|TNXB-like-	RCCX-SCREEN-109f6cb2c3c027c8	component_counts_consistent	Nearest prototype is not functional gene identity; no fusion or gene-conversion classification; C4 annotation inherited
HG01252#1	HG01252	HPRC-Rest	assembly_or_reference	DR_DQ_candidate_novel_annotation;downstream_graph_clipping_loss	2	2	2	2	1	HG01252#1#CM088824.1:28394713-33593325	3506201	3644361	1	WHR1-like+|C4AL+|CYP21A1P-like+|TNXA-like-|WHR1B-like+|C4BL+|CYP21A2-like+|TNXB-like-	RCCX-SCREEN-c91a117646c15232	component_counts_consistent	Nearest prototype is not functional gene identity; no fusion or gene-conversion classification; C4 annotation inherited
HG01252#2	HG01252	HPRC-Rest	assembly_or_reference	DR_DQ_candidate_novel_annotation;downstream_graph_clipping_loss	2	2	2	2	1	HG01252#2#CM088855.1:28339611-33537772	3505945	3644122	1	WHR1-like+|C4AL+|CYP21A1P-like+|TNXA-like-|WHR1B-like+|C4BL+|CYP21A2-like+|TNXB-like-	RCCX-SCREEN-c91a117646c15232	component_counts_consistent	Nearest prototype is not functional gene identity; no fusion or gene-conversion classification; C4 annotation inherited
HG01255#1	HG01255	HPRC-Rest	assembly_or_reference		2	2	2	2	1	HG01255#1#CM086707.1:28387912-33538917	3553259	3685063	1	WHR1-like+|C4AL+|CYP21A1P-like+|TNXA-like-|WHR1B-like+|C4BS+|CYP21A2-like+|TNXB-like-	RCCX-SCREEN-08dc6d3cd5c804e4	component_counts_consistent	Nearest prototype is not functional gene identity; no fusion or gene-conversion classification; C4 annotation inherited
HG01255#2	HG01255	HPRC-Rest	assembly_or_reference	downstream_graph_clipping_loss	2	2	2	2	1	HG01255#2#CM086721.1:28434597-33610529	3552771	3690932	1	WHR1-like+|C4AL+|CYP21A1P-like+|TNXA-like-|WHR1B-like+|C4BL+|CYP21A2-like+|TNXB-like-	RCCX-SCREEN-c91a117646c15232	component_counts_consistent	Nearest prototype is not functional gene identity; no fusion or gene-conversion classification; C4 annotation inherited
HG01258#1	HG01258	HPRC-Rest	assembly_or_reference		2	2	2	2	1	HG01258#1#CM088113.1:28436863-33569447	3555930	3687729	1	WHR1-like+|C4AL+|CYP21A1P-like+|TNXA-like-|WHR1B-like+|C4BS+|CYP21A2-like+|TNXB-like-	RCCX-SCREEN-08dc6d3cd5c804e4	component_counts_consistent	Nearest prototype is not functional gene identity; no fusion or gene-conversion classification; C4 annotation inherited
HG01258#2	HG01258	HPRC-Rest	assembly_or_reference		2	2	2	2	1	HG01258#2#JAGYYU020000010.1:28495340-33647216	3562260	3694047	1	WHR1-like+|C4AL+|CYP21A1P-like+|TNXA-like-|WHR1B-like+|C4BS+|CYP21A2-like+|TNXB-like-	RCCX-SCREEN-08dc6d3cd5c804e4	component_counts_consistent	Nearest prototype is not functional gene identity; no fusion or gene-conversion classification; C4 annotation inherited
HG01261#1	HG01261	HPRC-Rest	assembly_or_reference		2	2	2	2	1	HG01261#1#JBHDVG010000007.1:28479273-33732193	3559213	3697376	1	WHR1-like+|C4AL+|CYP21A1P-like+|TNXA-like-|WHR1B-like+|C4BL+|CYP21A2-like+|TNXB-like-	RCCX-SCREEN-c91a117646c15232	component_counts_consistent	Nearest prototype is not functional gene identity; no fusion or gene-conversion classification; C4 annotation inherited
HG01261#2	HG01261	HPRC-Rest	assembly_or_reference		3	3	3	3	1	HG01261#2#JBHDVH010000044.1:28397284-33514117	3563740	3734625	1	WHR1-like+|C4AL+|CYP21A1P-like+|TNXA-like-|WHR1B-like+|C4BL+|CYP21A1P-like+|TNXA-like-|WHR1B-like+|C4BL+|CYP21A2-like+|TNXB-like-	RCCX-SCREEN-750ba4509b0b305f	component_counts_consistent	Nearest prototype is not functional gene identity; no fusion or gene-conversion classification; C4 annotation inherited
HG01346#1	HG01346	HPRC-Rest	assembly_or_reference	DR_DQ_candidate_novel_annotation	2	2	2	2	1	HG01346#1#CM086588.1:28433990-33540363	3503980	3642145	1	WHR1-like+|C4AL+|CYP21A1P-like+|TNXA-like-|WHR1B-like+|C4BL+|CYP21A2-like+|TNXB-like-	RCCX-SCREEN-c91a117646c15232	component_counts_consistent	Nearest prototype is not functional gene identity; no fusion or gene-conversion classification; C4 annotation inherited
HG01346#2	HG01346	HPRC-Rest	assembly_or_reference	DR_DQ_candidate_novel_annotation	2	2	2	2	1	HG01346#2#JBHDSS010000002.1:28289708-33434702	3560188	3698359	1	WHR1-like+|C4BL+|CYP21A1P-like+|TNXA-like-|WHR1B-like+|C4BL+|CYP21A2-like+|TNXB-like-	RCCX-SCREEN-684f24a39886a3ee	component_counts_consistent	Nearest prototype is not functional gene identity; no fusion or gene-conversion classification; C4 annotation inherited
HG01358#1	HG01358	HPRC-Rest	assembly_or_reference	DR_DQ_candidate_novel_annotation;downstream_graph_clipping_loss	2	2	2	2	1	HG01358#1#CM089055.1:28447322-33645210	3505962	3644121	1	WHR1-like+|C4AL+|CYP21A1P-like+|TNXA-like-|WHR1B-like+|C4BL+|CYP21A2-like+|TNXB-like-	RCCX-SCREEN-c91a117646c15232	component_counts_consistent	Nearest prototype is not functional gene identity; no fusion or gene-conversion classification; C4 annotation inherited
HG01358#2	HG01358	HPRC-Rest	assembly_or_reference	DR_DQ_candidate_novel_annotation	2	2	2	2	1	HG01358#2#CM089068.1:28448274-33504819	3477932	3609699	1	WHR1-like+|C4AL+|CYP21A1P-like+|TNXA-like-|WHR1B-like+|C4BS+|CYP21A2-like+|TNXB-like-	RCCX-SCREEN-08dc6d3cd5c804e4	component_counts_consistent	Nearest prototype is not functional gene identity; no fusion or gene-conversion classification; C4 annotation inherited
HG01361#1	HG01361	HPRC-Rest	assembly_or_reference	DR_DQ_candidate_novel_annotation	2	2	2	2	1	HG01361#1#CM089024.1:28417386-33535858	3545059	3676868	1	WHR1-like+|C4AL+|CYP21A1P-like+|TNXA-like-|WHR1B-like+|C4BS+|CYP21A2-like+|TNXB-like-	RCCX-SCREEN-08dc6d3cd5c804e4	component_counts_consistent	Nearest prototype is not functional gene identity; no fusion or gene-conversion classification; C4 annotation inherited
HG01361#2	HG01361	HPRC-Rest	assembly_or_reference		2	2	2	2	1	HG01361#2#CM089040.1:28439662-33687433	3552256	3684064	1	WHR1-like+|C4AL+|CYP21A1P-like+|TNXA-like-|WHR1B-like+|C4BS+|CYP21A2-like+|TNXB-like-	RCCX-SCREEN-08dc6d3cd5c804e4	component_counts_consistent	Nearest prototype is not functional gene identity; no fusion or gene-conversion classification; C4 annotation inherited
HG01433#1	HG01433	HPRC-Rest	assembly_or_reference	DR_DQ_candidate_novel_annotation;downstream_graph_clipping_loss	2	2	2	2	1	HG01433#1#CM086483.1:28472310-33714767	3549949	3688107	1	WHR1-like+|C4AL+|CYP21A1P-like+|TNXA-like-|WHR1B-like+|C4BL+|CYP21A2-like+|TNXB-like-	RCCX-SCREEN-c91a117646c15232	component_counts_consistent	Nearest prototype is not functional gene identity; no fusion or gene-conversion classification; C4 annotation inherited
HG01433#2	HG01433	HPRC-Rest	assembly_or_reference		2	2	2	2	1	HG01433#2#CM086511.1:28432606-33680115	3551846	3683633	1	WHR1-like+|C4AL+|CYP21A1P-like+|TNXA-like-|WHR1B-like+|C4BS+|CYP21A2-like+|TNXB-like-	RCCX-SCREEN-08dc6d3cd5c804e4	component_counts_consistent	Nearest prototype is not functional gene identity; no fusion or gene-conversion classification; C4 annotation inherited
HG01496#1	HG01496	HPRC-Rest	assembly_or_reference		2	2	2	2	1	HG01496#1#CM086373.1:28374305-33527298	3552543	3684341	1	WHR1-like+|C4AL+|CYP21A1P-like+|TNXA-like-|WHR1B-like+|C4BS+|CYP21A2-like+|TNXB-like-	RCCX-SCREEN-08dc6d3cd5c804e4	component_counts_consistent	Nearest prototype is not functional gene identity; no fusion or gene-conversion classification; C4 annotation inherited
HG01496#2	HG01496	HPRC-Rest	assembly_or_reference	DR_DQ_candidate_novel_annotation;downstream_graph_clipping_loss	3	3	3	3	1	HG01496#2#CM086388.1:28388376-33615208	3501627	3672515	1	WHR1-like+|C4AL+|CYP21A1P-like+|TNXA-like-|WHR1B-like+|C4BL+|CYP21A1P-like+|TNXA-like-|WHR1B-like+|C4BL+|CYP21A2-like+|TNXB-like-	RCCX-SCREEN-750ba4509b0b305f	component_counts_consistent	Nearest prototype is not functional gene identity; no fusion or gene-conversion classification; C4 annotation inherited
HG01530#1	HG01530	HPRC-Rest	assembly_or_reference		2	2	2	2	1	HG01530#1#CM087536.1:28292231-33446470	3552622	3684421	1	WHR1-like+|C4AL+|CYP21A1P-like+|TNXA-like-|WHR1B-like+|C4BS+|CYP21A2-like+|TNXB-like-	RCCX-SCREEN-08dc6d3cd5c804e4	component_counts_consistent	Nearest prototype is not functional gene identity; no fusion or gene-conversion classification; C4 annotation inherited
HG01530#2	HG01530	HPRC-Rest	assembly_or_reference		2	2	2	2	1	HG01530#2#CM087560.1:28372601-33566242	3497864	3629651	1	WHR1-like+|C4AL+|CYP21A1P-like+|TNXA-like-|WHR1B-like+|C4BS+|CYP21A2-like+|TNXB-like-	RCCX-SCREEN-08dc6d3cd5c804e4	component_counts_consistent	Nearest prototype is not functional gene identity; no fusion or gene-conversion classification; C4 annotation inherited
HG01784#1	HG01784	HPRC-Rest	assembly_or_reference	DR_DQ_candidate_novel_annotation	2	2	2	2	1	HG01784#1#CM087570.1:28443802-33693813	3554282	3692431	1	WHR1-like+|C4AL+|CYP21A1P-like+|TNXA-like-|WHR1B-like+|C4AL+|CYP21A2-like+|TNXB-like-	RCCX-SCREEN-109f6cb2c3c027c8	component_counts_consistent	Nearest prototype is not functional gene identity; no fusion or gene-conversion classification; C4 annotation inherited
HG01784#2	HG01784	HPRC-Rest	assembly_or_reference	DR_DQ_candidate_novel_annotation	2	2	2	2	1	HG01784#2#CM087597.1:28389780-33578100	3502039	3633827	1	WHR1-like+|C4AL+|CYP21A1P-like+|TNXA-like-|WHR1B-like+|C4BS+|CYP21A2-like+|TNXB-like-	RCCX-SCREEN-08dc6d3cd5c804e4	component_counts_consistent	Nearest prototype is not functional gene identity; no fusion or gene-conversion classification; C4 annotation inherited
HG01786#1	HG01786	HPRC-Rest	assembly_or_reference	DR_DQ_candidate_novel_annotation	2	2	2	2	1	HG01786#1#CM089504.1:28430581-33555976	3549143	3687297	1	WHR1-like+|C4AL+|CYP21A1P-like+|TNXA-like-|WHR1B-like+|C4AL+|CYP21A2-like+|TNXB-like-	RCCX-SCREEN-109f6cb2c3c027c8	component_counts_consistent	Nearest prototype is not functional gene identity; no fusion or gene-conversion classification; C4 annotation inherited
HG01786#2	HG01786	HPRC-Rest	assembly_or_reference	DR_DQ_candidate_novel_annotation	2	2	2	2	1	HG01786#2#JBHIIX010000001.1:28291277-33427374	3559439	3691223	1	WHR1-like+|C4AL+|CYP21A1P-like+|TNXA-like-|WHR1B-like+|C4BS+|CYP21A2-like+|TNXB-like-	RCCX-SCREEN-08dc6d3cd5c804e4	component_counts_consistent	Nearest prototype is not functional gene identity; no fusion or gene-conversion classification; C4 annotation inherited
HG01884#1	HG01884	HPRC-Rest	assembly_or_reference	DR_DQ_candidate_novel_annotation	2	2	2	2	1	HG01884#1#JBHDSB010000050.1:28364997-33565662	3624984	3756776	1	WHR1-like+|C4AL+|CYP21A1P-like+|TNXA-like-|WHR1B-like+|C4BS+|CYP21A2-like+|TNXB-like-	RCCX-SCREEN-08dc6d3cd5c804e4	component_counts_consistent	Nearest prototype is not functional gene identity; no fusion or gene-conversion classification; C4 annotation inherited
HG01884#2	HG01884	HPRC-Rest	assembly_or_reference	DR_DQ_candidate_novel_annotation	3	3	3	3	1	HG01884#2#CM086422.1:28486017-33727367	3620273	3778401	1	WHR1-like+|C4BL+|CYP21A1P-like+|TNXA-like-|WHR1B-like+|C4BS+|CYP21A1P-like+|TNXA-like-|WHR1B-like+|C4BS+|CYP21A2-like+|TNXB-like-	RCCX-SCREEN-5ad6ee42a7b40a00	component_counts_consistent	Nearest prototype is not functional gene identity; no fusion or gene-conversion classification; C4 annotation inherited
HG01891#1	HG01891	HPRC-Rest	assembly_or_reference		2	2	2	2	1	HG01891#1#JAGYVO020000076.1:2900811-8125517	3621624	3753436	1	WHR1-like+|C4AL+|CYP21A1P-like+|TNXA-like-|WHR1B-like+|C4BS+|CYP21A2-like+|TNXB-like-	RCCX-SCREEN-08dc6d3cd5c804e4	component_counts_consistent	Nearest prototype is not functional gene identity; no fusion or gene-conversion classification; C4 annotation inherited
HG01891#2	HG01891	HPRC-Rest	assembly_or_reference		2	2	2	2	1	HG01891#2#JAGYVN020000007.1:1681129-6883010	3619377	3751161	1	WHR1-like+|C4AL+|CYP21A1P-like+|TNXA-like-|WHR1B-like+|C4BS+|CYP21A2-like+|TNXB-like-	RCCX-SCREEN-08dc6d3cd5c804e4	component_counts_consistent	Nearest prototype is not functional gene identity; no fusion or gene-conversion classification; C4 annotation inherited
HG01928#1	HG01928	HPRC-Rest	assembly_or_reference	DR_DQ_candidate_novel_annotation	2	2	2	2	1	HG01928#1#CM088988.1:28420054-33667363	3554832	3692982	1	WHR1-like+|C4AL+|CYP21A1P-like+|TNXA-like-|WHR1B-like+|C4BL+|CYP21A2-like+|TNXB-like-	RCCX-SCREEN-c91a117646c15232	component_counts_consistent	Nearest prototype is not functional gene identity; no fusion or gene-conversion classification; C4 annotation inherited
HG01928#2	HG01928	HPRC-Rest	assembly_or_reference	DR_DQ_candidate_novel_annotation	2	2	2	2	1	HG01928#2#CM089004.1:28358676-33609094	3554943	3693217	1	WHR1-like+|C4AL+|CYP21A1P-like+|TNXA-like-|WHR1B-like+|C4BL+|CYP21A2-like+|TNXB-like-	RCCX-SCREEN-c91a117646c15232	component_counts_consistent	Nearest prototype is not functional gene identity; no fusion or gene-conversion classification; C4 annotation inherited
HG01934#1	HG01934	HPRC-Rest	assembly_or_reference		2	2	2	2	1	HG01934#1#CM088840.1:28381638-33543037	3553869	3692027	1	WHR1-like+|C4AL+|CYP21A1P-like+|TNXA-like-|WHR1B-like+|C4BL+|CYP21A2-like+|TNXB-like-	RCCX-SCREEN-c91a117646c15232	component_counts_consistent	Nearest prototype is not functional gene identity; no fusion or gene-conversion classification; C4 annotation inherited
HG01934#2	HG01934	HPRC-Rest	assembly_or_reference	DR_DQ_candidate_novel_annotation	2	2	2	2	1	HG01934#2#CM088881.1:28393788-33621610	3547164	3672597	1	WHR1-like+|C4AS+|CYP21A1P-like+|TNXA-like-|WHR1B-like+|C4BS+|CYP21A2-like+|TNXB-like-	RCCX-SCREEN-3d82c5351ccfb664	component_counts_consistent	Nearest prototype is not functional gene identity; no fusion or gene-conversion classification; C4 annotation inherited
HG01940#1	HG01940	HPRC-Rest	assembly_or_reference	DR_DQ_candidate_novel_annotation	2	2	2	2	1	HG01940#1#CM088633.1:28416533-33550847	3544916	3670352	1	WHR1-like+|C4AS+|CYP21A1P-like+|TNXA-like-|WHR1B-like+|C4BS+|CYP21A2-like+|TNXB-like-	RCCX-SCREEN-3d82c5351ccfb664	component_counts_consistent	Nearest prototype is not functional gene identity; no fusion or gene-conversion classification; C4 annotation inherited
HG01940#2	HG01940	HPRC-Rest	assembly_or_reference	DR_DQ_candidate_novel_annotation	2	2	2	2	1	HG01940#2#JBHIHL010000009.1:28391811-33519262	3554376	3679820	1	WHR1-like+|C4AS+|CYP21A1P-like+|TNXA-like-|WHR1B-like+|C4BS+|CYP21A2-like+|TNXB-like-	RCCX-SCREEN-3d82c5351ccfb664	component_counts_consistent	Nearest prototype is not functional gene identity; no fusion or gene-conversion classification; C4 annotation inherited
HG01943#1	HG01943	HPRC-Rest	assembly_or_reference	DR_DQ_candidate_novel_annotation	2	2	2	2	1	HG01943#1#JBHIIK010000008.1:28388608-33634739	3553582	3691741	1	WHR1-like+|C4AL+|CYP21A1P-like+|TNXA-like-|WHR1B-like+|C4BL+|CYP21A2-like+|TNXB-like-	RCCX-SCREEN-c91a117646c15232	component_counts_consistent	Nearest prototype is not functional gene identity; no fusion or gene-conversion classification; C4 annotation inherited
HG01943#2	HG01943	HPRC-Rest	assembly_or_reference	DR_DQ_candidate_novel_annotation	2	2	2	2	1	HG01943#2#JBHIIL010000059.1:28384336-33527821	3454707	3586520	1	WHR1-like+|C4AL+|CYP21A1P-like+|TNXA-like-|WHR1B-like+|C4BS+|CYP21A2-like+|TNXB-like-	RCCX-SCREEN-08dc6d3cd5c804e4	component_counts_consistent	Nearest prototype is not functional gene identity; no fusion or gene-conversion classification; C4 annotation inherited
HG01952#1	HG01952	HPRC-Rest	assembly_or_reference	DR_DQ_candidate_novel_annotation	2	2	2	2	1	HG01952#1#JAHAME020000003.1:28509779-33725990	3625037	3750467	1	WHR1-like+|C4AS+|CYP21A1P-like+|TNXA-like-|WHR1B-like+|C4BS+|CYP21A2-like+|TNXB-like-	RCCX-SCREEN-3d82c5351ccfb664	component_counts_consistent	Nearest prototype is not functional gene identity; no fusion or gene-conversion classification; C4 annotation inherited
HG01952#2	HG01952	HPRC-Rest	assembly_or_reference	DR_DQ_candidate_novel_annotation	2	2	2	2	1	HG01952#2#CM087999.1:28438146-33670995	3546769	3678541	1	WHR1-like+|C4AL+|CYP21A1P-like+|TNXA-like-|WHR1B-like+|C4AS+|CYP21A2-like+|TNXB-like-	RCCX-SCREEN-b8ca310d36f0396c	component_counts_consistent	Nearest prototype is not functional gene identity; no fusion or gene-conversion classification; C4 annotation inherited
HG01960#1	HG01960	HPRC-Rest	assembly_or_reference	DR_DQ_candidate_novel_annotation	2	2	2	2	1	HG01960#1#JBHIHM010000013.1:28299727-33553963	3559855	3691639	1	WHR1-like+|C4AL+|CYP21A1P-like+|TNXA-like-|WHR1B-like+|C4BS+|CYP21A2-like+|TNXB-like-	RCCX-SCREEN-08dc6d3cd5c804e4	component_counts_consistent	Nearest prototype is not functional gene identity; no fusion or gene-conversion classification; C4 annotation inherited
HG01960#2	HG01960	HPRC-Rest	assembly_or_reference	DR_DQ_candidate_novel_annotation	2	2	2	2	1	HG01960#2#JBHIHN010000011.1:28515170-33644789	3552594	3684388	1	WHR1-like+|C4AL+|CYP21A1P-like+|TNXA-like-|WHR1B-like+|C4BS+|CYP21A2-like+|TNXB-like-	RCCX-SCREEN-08dc6d3cd5c804e4	component_counts_consistent	Nearest prototype is not functional gene identity; no fusion or gene-conversion classification; C4 annotation inherited
HG01969#1	HG01969	HPRC-Rest	assembly_or_reference	DR_DQ_candidate_novel_annotation	2	2	2	2	1	HG01969#1#CM088687.1:28438493-33684979	3550845	3682653	1	WHR1-like+|C4AL+|CYP21A1P-like+|TNXA-like-|WHR1B-like+|C4BS+|CYP21A2-like+|TNXB-like-	RCCX-SCREEN-08dc6d3cd5c804e4	component_counts_consistent	Nearest prototype is not functional gene identity; no fusion or gene-conversion classification; C4 annotation inherited
HG01969#2	HG01969	HPRC-Rest	assembly_or_reference		2	2	2	2	1	HG01969#2#CM088699.1:28424697-33581502	3555126	3686929	1	WHR1-like+|C4AL+|CYP21A1P-like+|TNXA-like-|WHR1B-like+|C4BS+|CYP21A2-like+|TNXB-like-	RCCX-SCREEN-08dc6d3cd5c804e4	component_counts_consistent	Nearest prototype is not functional gene identity; no fusion or gene-conversion classification; C4 annotation inherited
HG01975#1	HG01975	HPRC-Rest	assembly_or_reference	DR_DQ_candidate_novel_annotation	3	3	3	3	1	HG01975#1#JBJUVS010000062.1:28446168-33791199	3620554	3791442	1	WHR1-like+|C4AL+|CYP21A1P-like+|TNXA-like-|WHR1B-like+|C4BL+|CYP21A1P-like+|TNXA-like-|WHR1B-like+|C4BL+|CYP21A2-like+|TNXB-like-	RCCX-SCREEN-750ba4509b0b305f	component_counts_consistent	Nearest prototype is not functional gene identity; no fusion or gene-conversion classification; C4 annotation inherited
HG01975#2	HG01975	HPRC-Rest	assembly_or_reference	DR_DQ_candidate_novel_annotation;downstream_graph_clipping_loss	2	2	2	2	1	HG01975#2#CM099812.1:28391516-33619784	3547046	3672491	1	WHR1-like+|C4AS+|CYP21A1P-like+|TNXA-like-|WHR1B-like+|C4BS+|CYP21A2-like+|TNXB-like-	RCCX-SCREEN-3d82c5351ccfb664	component_counts_consistent	Nearest prototype is not functional gene identity; no fusion or gene-conversion classification; C4 annotation inherited
HG01978#1	HG01978	HPRC-Rest	assembly_or_reference		2	2	2	2	1	HG01978#1#CM089247.1:28385214-33602216	3619729	3751520	1	WHR1-like+|C4AL+|CYP21A1P-like+|TNXA-like-|WHR1B-like+|C4BS+|CYP21A2-like+|TNXB-like-	RCCX-SCREEN-08dc6d3cd5c804e4	component_counts_consistent	Nearest prototype is not functional gene identity; no fusion or gene-conversion classification; C4 annotation inherited
HG01978#2	HG01978	HPRC-Rest	assembly_or_reference	DR_DQ_candidate_novel_annotation	3	3	3	3	1	HG01978#2#CM089273.1:28354032-33630223	3549466	3720303	1	WHR1-like+|C4AL+|CYP21A1P-like+|TNXA-like-|WHR1B-like+|C4BL+|CYP21A1P-like+|TNXA-like-|WHR1B-like+|C4BL+|CYP21A2-like+|TNXB-like-	RCCX-SCREEN-750ba4509b0b305f	component_counts_consistent	Nearest prototype is not functional gene identity; no fusion or gene-conversion classification; C4 annotation inherited
HG01981#1	HG01981	HPRC-Rest	assembly_or_reference	DR_DQ_candidate_novel_annotation	2	2	2	2	1	HG01981#1#JBHDRV010000009.1:28410315-33655950	3552965	3691119	1	WHR1-like+|C4AL+|CYP21A1P-like+|TNXA-like-|WHR1B-like+|C4BL+|CYP21A2-like+|TNXB-like-	RCCX-SCREEN-c91a117646c15232	component_counts_consistent	Nearest prototype is not functional gene identity; no fusion or gene-conversion classification; C4 annotation inherited
HG01981#2	HG01981	HPRC-Rest	assembly_or_reference	DR_DQ_candidate_novel_annotation	3	3	3	3	1	HG01981#2#JBHDRW010000010.1:28410780-33681446	3545408	3716292	1	WHR1-like+|C4AL+|CYP21A1P-like+|TNXA-like-|WHR1B-like+|C4BL+|CYP21A1P-like+|TNXA-like-|WHR1B-like+|C4BL+|CYP21A2-like+|TNXB-like-	RCCX-SCREEN-750ba4509b0b305f	component_counts_consistent	Nearest prototype is not functional gene identity; no fusion or gene-conversion classification; C4 annotation inherited
HG01993#1	HG01993	HPRC-Rest	assembly_or_reference	DR_DQ_candidate_novel_annotation	2	2	2	2	1	HG01993#1#JBHDSL010000047.1:28406826-33615858	3611774	3743577	1	WHR1-like+|C4AL+|CYP21A1P-like+|TNXA-like-|WHR1B-like+|C4BS+|CYP21A2-like+|TNXB-like-	RCCX-SCREEN-08dc6d3cd5c804e4	component_counts_consistent	Nearest prototype is not functional gene identity; no fusion or gene-conversion classification; C4 annotation inherited
HG01993#2	HG01993	HPRC-Rest	assembly_or_reference		2	2	2	2	1	HG01993#2#JBHDSM010000062.1:28431770-33594269	3560904	3692707	1	WHR1-like+|C4AL+|CYP21A1P-like+|TNXA-like-|WHR1B-like+|C4BS+|CYP21A2-like+|TNXB-like-	RCCX-SCREEN-08dc6d3cd5c804e4	component_counts_consistent	Nearest prototype is not functional gene identity; no fusion or gene-conversion classification; C4 annotation inherited
HG02004#1	HG02004	HPRC-Rest	assembly_or_reference	DR_DQ_candidate_novel_annotation	2	2	2	2	1	HG02004#1#JBHDRT010000003.1:28425702-33656904	3549735	3675175	1	WHR1-like+|C4AS+|CYP21A1P-like+|TNXA-like-|WHR1B-like+|C4BS+|CYP21A2-like+|TNXB-like-	RCCX-SCREEN-3d82c5351ccfb664	component_counts_consistent	Nearest prototype is not functional gene identity; no fusion or gene-conversion classification; C4 annotation inherited
HG02004#2	HG02004	HPRC-Rest	assembly_or_reference	DR_DQ_candidate_novel_annotation	3	3	3	3	1	HG02004#2#JBHDRU010000054.1:28359862-33635123	3548027	3718907	1	WHR1-like+|C4AL+|CYP21A1P-like+|TNXA-like-|WHR1B-like+|C4BL+|CYP21A1P-like+|TNXA-like-|WHR1B-like+|C4BL+|CYP21A2-like+|TNXB-like-	RCCX-SCREEN-750ba4509b0b305f	component_counts_consistent	Nearest prototype is not functional gene identity; no fusion or gene-conversion classification; C4 annotation inherited
HG02015#1	HG02015	HPRC-EastAsian	assembly_or_reference		3	3	3	3	1	HG02015#1#CM085893.1:28402846-33586394	3554005	3712167	1	WHR1-like+|C4AL+|CYP21A1P-like+|TNXA-like-|WHR1B-like+|C4AS+|CYP21A1P-like+|TNXA-like-|WHR1B-like+|C4BS+|CYP21A2-like+|TNXB-like-	RCCX-SCREEN-43779c00c9747168	component_counts_consistent	Nearest prototype is not functional gene identity; no fusion or gene-conversion classification; C4 annotation inherited
HG02015#2	HG02015	HPRC-EastAsian	assembly_or_reference	DR_DQ_candidate_novel_annotation	2	2	2	2	1	HG02015#2#CM085899.1:28383446-33717143	3623873	3762036	1	WHR1-like+|C4AL+|CYP21A2-like+|TNXA-like-|WHR1B-like+|C4BL+|CYP21A2-like+|TNXB-like-	RCCX-SCREEN-4c34865fcf2a50f9	component_counts_consistent	Nearest prototype is not functional gene identity; no fusion or gene-conversion classification; C4 annotation inherited
HG02027#1	HG02027	HPRC-EastAsian	assembly_or_reference	DR_DQ_candidate_novel_annotation	3	3	3	3	1	HG02027#1#JBHDTX010000002.1:1623368-6786940	3557755	3722288	1	WHR1-like+|C4AL+|CYP21A1P-like+|TNXA-like-|WHR1B-like+|C4AL+|CYP21A1P-like+|TNXA-like-|WHR1B-like+|C4BS+|CYP21A2-like+|TNXB-like-	RCCX-SCREEN-f3965b9e0fe6783a	component_counts_consistent	Nearest prototype is not functional gene identity; no fusion or gene-conversion classification; C4 annotation inherited
HG02027#2	HG02027	HPRC-EastAsian	assembly_or_reference	DR_DQ_candidate_novel_annotation;downstream_graph_clipping_loss	2	2	2	2	1	HG02027#2#JBHDTY010000008.1:1623003-6755193	3554543	3686311	1	WHR1-like+|C4AL+|CYP21A1P-like+|TNXA-like-|WHR1B-like+|C4BS+|CYP21A2-like+|TNXB-like-	RCCX-SCREEN-08dc6d3cd5c804e4	component_counts_consistent	Nearest prototype is not functional gene identity; no fusion or gene-conversion classification; C4 annotation inherited
HG02040#1	HG02040	HPRC-EastAsian	assembly_or_reference		2	2	2	2	1	HG02040#1#CM087376.1:28407779-33615862	3618871	3750653	1	WHR1-like+|C4AL+|CYP21A1P-like+|TNXA-like-|WHR1B-like+|C4BS+|CYP21A2-like+|TNXB-like-	RCCX-SCREEN-08dc6d3cd5c804e4	component_counts_consistent	Nearest prototype is not functional gene identity; no fusion or gene-conversion classification; C4 annotation inherited
HG02040#2	HG02040	HPRC-EastAsian	assembly_or_reference	DR_DQ_candidate_novel_annotation;downstream_graph_clipping_loss	2	2	2	2	1	HG02040#2#CM087404.1:28421077-33661960	3553297	3685097	1	WHR1-like+|C4AL+|CYP21A1P-like+|TNXA-like-|WHR1B-like+|C4BS+|CYP21A2-like+|TNXB-like-	RCCX-SCREEN-08dc6d3cd5c804e4	component_counts_consistent	Nearest prototype is not functional gene identity; no fusion or gene-conversion classification; C4 annotation inherited
HG02055#1	HG02055	HPRC-Rest	assembly_or_reference	DR_DQ_candidate_novel_annotation	2	2	2	2	1	HG02055#1#JAHEPK020000065.1:28422841-33550861	3618701	3750494	1	WHR1-like+|C4AL+|CYP21A1P-like+|TNXA-like-|WHR1B-like+|C4BS+|CYP21A2-like+|TNXB-like-	RCCX-SCREEN-08dc6d3cd5c804e4	component_counts_consistent	Nearest prototype is not functional gene identity; no fusion or gene-conversion classification; C4 annotation inherited
HG02055#2	HG02055	HPRC-Rest	assembly_or_reference	DR_DQ_candidate_novel_annotation	1	1	1	1	1	HG02055#2#JAHEPJ020000062.1:28297948-33346879	3504905	3610303	1	WHR1-like+|C4AL+|CYP21A2-like+|TNXB-like-	RCCX-SCREEN-80c1563b57f16898	component_counts_consistent	Nearest prototype is not functional gene identity; no fusion or gene-conversion classification; C4 annotation inherited
HG02056#1	HG02056	HPRC-EastAsian	assembly_or_reference	DR_DQ_candidate_novel_annotation	2	2	2	2	1	HG02056#1#JBHDVC010000047.1:28415946-33618338	3621047	3759206	1	WHR1-like+|C4AL+|CYP21A2-like+|TNXA-like-|WHR1B-like+|C4BL+|CYP21A2-like+|TNXB-like-	RCCX-SCREEN-4c34865fcf2a50f9	component_counts_consistent	Nearest prototype is not functional gene identity; no fusion or gene-conversion classification; C4 annotation inherited
HG02056#2	HG02056	HPRC-EastAsian	assembly_or_reference	DR_DQ_candidate_novel_annotation	2	2	2	2	1	HG02056#2#JBHDVD010000050.1:28353386-33462193	3527996	3666166	1	WHR1-like+|C4AL+|CYP21A1P-like+|TNXA-like-|WHR1B-like+|C4BL+|CYP21A2-like+|TNXB-like-	RCCX-SCREEN-c91a117646c15232	component_counts_consistent	Nearest prototype is not functional gene identity; no fusion or gene-conversion classification; C4 annotation inherited
HG02071#1	HG02071	HPRC-EastAsian	assembly_or_reference	DR_DQ_candidate_novel_annotation;downstream_graph_clipping_loss	2	2	2	2	1	HG02071#1#CM088260.1:28423541-33557862	3553479	3691628	1	WHR1-like+|C4AL+|CYP21A1P-like+|TNXA-like-|WHR1B-like+|C4BL+|CYP21A2-like+|TNXB-like-	RCCX-SCREEN-c91a117646c15232	component_counts_consistent	Nearest prototype is not functional gene identity; no fusion or gene-conversion classification; C4 annotation inherited
HG02071#2	HG02071	HPRC-EastAsian	assembly_or_reference	DR_DQ_candidate_novel_annotation	2	2	2	2	1	HG02071#2#CM088283.1:28360932-33442152	3507010	3638795	1	WHR1-like+|C4AL+|CYP21A1P-like+|TNXA-like-|WHR1B-like+|C4BS+|CYP21A2-like+|TNXB-like-	RCCX-SCREEN-08dc6d3cd5c804e4	component_counts_consistent	Nearest prototype is not functional gene identity; no fusion or gene-conversion classification; C4 annotation inherited
HG02074#1	HG02074	HPRC-EastAsian	assembly_or_reference		2	2	2	2	1	HG02074#1#JBHIGK010000076.1:28344776-33475569	3552159	3683956	1	WHR1-like+|C4AL+|CYP21A1P-like+|TNXA-like-|WHR1B-like+|C4BS+|CYP21A2-like+|TNXB-like-	RCCX-SCREEN-08dc6d3cd5c804e4	component_counts_consistent	Nearest prototype is not functional gene identity; no fusion or gene-conversion classification; C4 annotation inherited
HG02074#2	HG02074	HPRC-EastAsian	assembly_or_reference	DR_DQ_candidate_novel_annotation	2	2	2	2	1	HG02074#2#JBHIGL010000008.1:28378730-33632643	3559932	3698111	1	WHR1-like+|C4AL+|CYP21A1P-like+|TNXA-like-|WHR1B-like+|C4BL+|CYP21A2-like+|TNXB-like-	RCCX-SCREEN-c91a117646c15232	component_counts_consistent	Nearest prototype is not functional gene identity; no fusion or gene-conversion classification; C4 annotation inherited
HG02080#1	HG02080	HPRC-EastAsian	assembly_or_reference		1	1	1	1	1	HG02080#1#CM092061.1:28425542-33593192	3623313	3728710	1	WHR1-like+|C4AL+|CYP21A2-like+|TNXB-like-	RCCX-SCREEN-80c1563b57f16898	component_counts_consistent	Nearest prototype is not functional gene identity; no fusion or gene-conversion classification; C4 annotation inherited
HG02080#2	HG02080	HPRC-EastAsian	assembly_or_reference	DR_DQ_candidate_novel_annotation	2	2	2	2	1	HG02080#2#CM092047.1:28460929-33706794	3550711	3682467	1	WHR1-like+|C4AL+|CYP21A1P-like+|TNXA-like-|WHR1B-like+|C4BS+|CYP21A2-like+|TNXB-like-	RCCX-SCREEN-08dc6d3cd5c804e4	component_counts_consistent	Nearest prototype is not functional gene identity; no fusion or gene-conversion classification; C4 annotation inherited
HG02083#1	HG02083	HPRC-EastAsian	assembly_or_reference	DR_DQ_candidate_novel_annotation;downstream_graph_clipping_loss	3	3	3	3	1	HG02083#1#JBHDTV010000048.1:28371858-33537852	3553644	3724516	1	WHR1-like+|C4AL+|CYP21A1P-like+|TNXA-like-|WHR1B-like+|C4BL+|CYP21A1P-like+|TNXA-like-|WHR1B-like+|C4BL+|CYP21A2-like+|TNXB-like-	RCCX-SCREEN-750ba4509b0b305f	component_counts_consistent	Nearest prototype is not functional gene identity; no fusion or gene-conversion classification; C4 annotation inherited
HG02083#2	HG02083	HPRC-EastAsian	assembly_or_reference	DR_DQ_candidate_novel_annotation	2	2	2	2	1	HG02083#2#CM086965.1:28472527-33711689	3550723	3682516	1	WHR1-like+|C4AL+|CYP21A1P-like+|TNXA-like-|WHR1B-like+|C4BS+|CYP21A2-like+|TNXB-like-	RCCX-SCREEN-08dc6d3cd5c804e4	component_counts_consistent	Nearest prototype is not functional gene identity; no fusion or gene-conversion classification; C4 annotation inherited
HG02109#1	HG02109	HPRC-Rest	assembly_or_reference	DR_DQ_candidate_novel_annotation	2	2	2	2	1	HG02109#1#CM092161.1:28294553-33395631	3502660	3634458	1	WHR1-like+|C4AL+|CYP21A1P-like+|TNXA-like-|WHR1B-like+|C4BS+|CYP21A2-like+|TNXB-like-	RCCX-SCREEN-08dc6d3cd5c804e4	component_counts_consistent	Nearest prototype is not functional gene identity; no fusion or gene-conversion classification; C4 annotation inherited
HG02109#2	HG02109	HPRC-Rest	assembly_or_reference	DR_DQ_candidate_novel_annotation	2	2	2	2	1	HG02109#2#CM092147.1:28420239-33580817	3633455	3765243	1	WHR1-like+|C4AL+|CYP21A1P-like+|TNXA-like-|WHR1B-like+|C4BS+|CYP21A2-like+|TNXB-like-	RCCX-SCREEN-08dc6d3cd5c804e4	component_counts_consistent	Nearest prototype is not functional gene identity; no fusion or gene-conversion classification; C4 annotation inherited
HG02129#1	HG02129	HPRC-EastAsian	assembly_or_reference	downstream_graph_clipping_loss	2	2	2	2	1	HG02129#1#CM085849.1:28352001-33545967	3616314	3748111	1	WHR1-like+|C4BL+|CYP21A1P-like+|TNXA-like-|WHR1B-like+|C4BS+|CYP21A1P-like+|TNXB-like-	RCCX-SCREEN-f110abe9b93df8a5	component_counts_consistent	Nearest prototype is not functional gene identity; no fusion or gene-conversion classification; C4 annotation inherited
HG02129#2	HG02129	HPRC-EastAsian	assembly_or_reference	DR_DQ_candidate_novel_annotation	2	2	2	2	1	HG02129#2#CM085860.1:28366606-33493917	3502531	3640690	1	WHR1-like+|C4AL+|CYP21A1P-like+|TNXA-like-|WHR1B-like+|C4BL+|CYP21A2-like+|TNXB-like-	RCCX-SCREEN-c91a117646c15232	component_counts_consistent	Nearest prototype is not functional gene identity; no fusion or gene-conversion classification; C4 annotation inherited
HG02132#1	HG02132	HPRC-EastAsian	assembly_or_reference	DR_DQ_candidate_novel_annotation	2	2	2	2	1	HG02132#1#CM086897.1:28372349-33619790	3552192	3690372	1	WHR1-like+|C4AL+|CYP21A1P-like+|TNXA-like-|WHR1B-like+|C4BL+|CYP21A2-like+|TNXB-like-	RCCX-SCREEN-c91a117646c15232	component_counts_consistent	Nearest prototype is not functional gene identity; no fusion or gene-conversion classification; C4 annotation inherited
HG02132#2	HG02132	HPRC-EastAsian	assembly_or_reference	DR_DQ_candidate_novel_annotation	2	2	2	2	1	HG02132#2#CM086908.1:28367828-33688656	3618842	3750607	1	WHR1-like+|C4AL+|CYP21A1P-like+|TNXA-like-|WHR1B-like+|C4BS+|CYP21A2-like+|TNXB-like-	RCCX-SCREEN-08dc6d3cd5c804e4	component_counts_consistent	Nearest prototype is not functional gene identity; no fusion or gene-conversion classification; C4 annotation inherited
HG02135#1	HG02135	HPRC-EastAsian	assembly_or_reference	DR_DQ_candidate_novel_annotation	2	2	2	2	1	HG02135#1#CM088309.1:28410959-33520604	3508002	3639795	1	WHR1-like+|C4AL+|CYP21A1P-like+|TNXA-like-|WHR1B-like+|C4BS+|CYP21A2-like+|TNXB-like-	RCCX-SCREEN-08dc6d3cd5c804e4	component_counts_consistent	Nearest prototype is not functional gene identity; no fusion or gene-conversion classification; C4 annotation inherited
HG02135#2	HG02135	HPRC-EastAsian	assembly_or_reference		2	2	2	2	1	HG02135#2#CM088319.1:28377765-33615244	3549795	3681589	1	WHR1-like+|C4AL+|CYP21A1P-like+|TNXA-like-|WHR1B-like+|C4BS+|CYP21A2-like+|TNXB-like-	RCCX-SCREEN-08dc6d3cd5c804e4	component_counts_consistent	Nearest prototype is not functional gene identity; no fusion or gene-conversion classification; C4 annotation inherited
HG02145#1	HG02145	HPRC-Rest	assembly_or_reference		2	2	2	2	1	HG02145#1#CM099672.1:28303733-33469758	3561076	3699238	1	WHR1-like+|C4AL+|CYP21A1P-like+|TNXA-like-|WHR1B-like+|C4BL+|CYP21A2-like+|TNXB-like-	RCCX-SCREEN-c91a117646c15232	component_counts_consistent	Nearest prototype is not functional gene identity; no fusion or gene-conversion classification; C4 annotation inherited
HG02145#2	HG02145	HPRC-Rest	assembly_or_reference	DR_DQ_candidate_novel_annotation	2	2	2	2	1	HG02145#2#CM099657.1:28376784-33593129	3617812	3749617	1	WHR1-like+|C4AL+|CYP21A1P-like+|TNXA-like-|WHR1B-like+|C4BS+|CYP21A2-like+|TNXB-like-	RCCX-SCREEN-08dc6d3cd5c804e4	component_counts_consistent	Nearest prototype is not functional gene identity; no fusion or gene-conversion classification; C4 annotation inherited
HG02148#1	HG02148	HPRC-Rest	assembly_or_reference	DR_DQ_candidate_novel_annotation	2	2	2	2	1	HG02148#1#JAHAMG020000062.1:28379085-33505835	3553695	3679127	1	WHR1-like+|C4AS+|CYP21A1P-like+|TNXA-like-|WHR1B-like+|C4BS+|CYP21A2-like+|TNXB-like-	RCCX-SCREEN-3d82c5351ccfb664	component_counts_consistent	Nearest prototype is not functional gene identity; no fusion or gene-conversion classification; C4 annotation inherited
HG02148#2	HG02148	HPRC-Rest	assembly_or_reference		1	1	1	1	1	HG02148#2#JAHAMF020000005.1:28427628-33536175	3560969	3666364	1	WHR1-like+|C4AL+|CYP21A2-like+|TNXB-like-	RCCX-SCREEN-80c1563b57f16898	component_counts_consistent	Nearest prototype is not functional gene identity; no fusion or gene-conversion classification; C4 annotation inherited
HG02155#1	HG02155	HPRC-EastAsian	assembly_or_reference	DR_DQ_candidate_novel_annotation;downstream_graph_clipping_loss	1	1	1	1	1	HG02155#1#JBIECB010000043.1:28423029-33561929	3564159	3669557	1	WHR1-like+|C4BL+|CYP21A2-like+|TNXB-like-	RCCX-SCREEN-7b1f207074474ef0	component_counts_consistent	Nearest prototype is not functional gene identity; no fusion or gene-conversion classification; C4 annotation inherited
HG02155#2	HG02155	HPRC-EastAsian	assembly_or_reference	DR_DQ_candidate_novel_annotation	2	2	2	2	1	HG02155#2#CM091924.1:28362729-33591130	3619300	3757447	1	WHR1-like+|C4AL+|CYP21A1P-like+|TNXA-like-|WHR1B-like+|C4AL+|CYP21A2-like+|TNXB-like-	RCCX-SCREEN-109f6cb2c3c027c8	component_counts_consistent	Nearest prototype is not functional gene identity; no fusion or gene-conversion classification; C4 annotation inherited
HG02165#1	HG02165	HPRC-EastAsian	assembly_or_reference		2	2	2	2	1	HG02165#1#CM087444.1:28424290-33561901	3547454	3685606	1	WHR1-like+|C4AL+|CYP21A1P-like+|TNXA-like-|WHR1B-like+|C4BL+|CYP21A2-like+|TNXB-like-	RCCX-SCREEN-c91a117646c15232	component_counts_consistent	Nearest prototype is not functional gene identity; no fusion or gene-conversion classification; C4 annotation inherited
HG02165#2	HG02165	HPRC-EastAsian	assembly_or_reference		2	2	2	2	1	HG02165#2#JBHDWX010000045.1:28431174-33561779	3551997	3683794	1	WHR1-like+|C4AL+|CYP21A1P-like+|TNXA-like-|WHR1B-like+|C4BS+|CYP21A2-like+|TNXB-like-	RCCX-SCREEN-08dc6d3cd5c804e4	component_counts_consistent	Nearest prototype is not functional gene identity; no fusion or gene-conversion classification; C4 annotation inherited
HG02178#1	HG02178	HPRC-EastAsian	assembly_or_reference	DR_DQ_candidate_novel_annotation	2	2	2	2	1	HG02178#1#CM089925.1:28399752-33646110	3558779	3690580	1	WHR1-like+|C4AL+|CYP21A1P-like+|TNXA-like-|WHR1B-like+|C4BS+|CYP21A2-like+|TNXB-like-	RCCX-SCREEN-08dc6d3cd5c804e4	component_counts_consistent	Nearest prototype is not functional gene identity; no fusion or gene-conversion classification; C4 annotation inherited
HG02178#2	HG02178	HPRC-EastAsian	assembly_or_reference	DR_DQ_candidate_novel_annotation	3	3	3	3	1	HG02178#2#CM089938.1:28370915-33566694	3561523	3726151	1	WHR1-like+|C4AL+|CYP21A1P-like+|TNXA-like-|WHR1B-like+|C4AS+|CYP21A1P-like+|TNXA-like-|WHR1B-like+|C4BL+|CYP21A2-like+|TNXB-like-	RCCX-SCREEN-e92677dc4f8b8aff	component_counts_consistent	Nearest prototype is not functional gene identity; no fusion or gene-conversion classification; C4 annotation inherited
HG02257#1	HG02257	HPRC-Rest	assembly_or_reference	DR_DQ_candidate_novel_annotation	2	2	2	2	1	HG02257#1#CM089221.1:28424772-33551966	3549988	3688130	1	WHR1-like+|C4AL+|CYP21A1P-like+|TNXA-like-|WHR1B-like+|C4AL+|CYP21A2-like+|TNXB-like-	RCCX-SCREEN-109f6cb2c3c027c8	component_counts_consistent	Nearest prototype is not functional gene identity; no fusion or gene-conversion classification; C4 annotation inherited
HG02257#2	HG02257	HPRC-Rest	assembly_or_reference	DR_DQ_candidate_novel_annotation	2	2	2	2	1	HG02257#2#CM089260.1:28471160-33602067	3547536	3679327	1	WHR1-like+|C4AL+|CYP21A1P-like+|TNXA-like-|WHR1B-like+|C4BS+|CYP21A2-like+|TNXB-like-	RCCX-SCREEN-08dc6d3cd5c804e4	component_counts_consistent	Nearest prototype is not functional gene identity; no fusion or gene-conversion classification; C4 annotation inherited
HG02258#1	HG02258	HPRC-Rest	assembly_or_reference		2	2	2	2	1	HG02258#1#CM085826.1:28431405-33595237	3558988	3690780	1	WHR1-like+|C4AL+|CYP21A1P-like+|TNXA-like-|WHR1B-like+|C4BS+|CYP21A2-like+|TNXB-like-	RCCX-SCREEN-08dc6d3cd5c804e4	component_counts_consistent	Nearest prototype is not functional gene identity; no fusion or gene-conversion classification; C4 annotation inherited
HG02258#2	HG02258	HPRC-Rest	assembly_or_reference	DR_DQ_candidate_novel_annotation	1	1	1	1	1	HG02258#2#CM085837.1:28401788-33525465	3554562	3653634	1	WHR1-like+|C4BS+|CYP21A2-like+|TNXB-like-	RCCX-SCREEN-a002f576cdda62b4	component_counts_consistent	Nearest prototype is not functional gene identity; no fusion or gene-conversion classification; C4 annotation inherited
HG02273#1	HG02273	HPRC-Rest	assembly_or_reference	DR_DQ_candidate_novel_annotation	2	2	2	2	1	HG02273#1#JBHDVQ010000050.1:28386453-33633535	3554274	3692421	1	WHR1-like+|C4AL+|CYP21A1P-like+|TNXA-like-|WHR1B-like+|C4BL+|CYP21A2-like+|TNXB-like-	RCCX-SCREEN-c91a117646c15232	component_counts_consistent	Nearest prototype is not functional gene identity; no fusion or gene-conversion classification; C4 annotation inherited
HG02273#2	HG02273	HPRC-Rest	assembly_or_reference	DR_DQ_candidate_novel_annotation	2	2	2	2	1	HG02273#2#CM087034.1:28375859-33514787	3554793	3692940	1	WHR1-like+|C4AL+|CYP21A1P-like+|TNXA-like-|WHR1B-like+|C4BL+|CYP21A2-like+|TNXB-like-	RCCX-SCREEN-c91a117646c15232	component_counts_consistent	Nearest prototype is not functional gene identity; no fusion or gene-conversion classification; C4 annotation inherited
HG02280#1	HG02280	HPRC-Rest	assembly_or_reference	DR_DQ_candidate_novel_annotation	2	2	2	2	1	HG02280#1#JBHDRR010000050.1:28462941-33680751	3622784	3754549	1	WHR1-like+|C4AL+|CYP21A1P-like+|TNXA-like-|WHR1B-like+|C4BS+|CYP21A2-like+|TNXB-like-	RCCX-SCREEN-08dc6d3cd5c804e4	component_counts_consistent	Nearest prototype is not functional gene identity; no fusion or gene-conversion classification; C4 annotation inherited
HG02280#2	HG02280	HPRC-Rest	assembly_or_reference		2	2	2	2	1	HG02280#2#JBHDRS010000063.1:28438025-33473174	3454159	3522495	1	WHR1-like+|C4AL+|CYP21A1P-like+|TNXA-like-|WHR1B-like+|C4BS+|CYP21A2-like+|TNXA-like-	RCCX-SCREEN-6493188f61335fa0	component_counts_consistent	Nearest prototype is not functional gene identity; no fusion or gene-conversion classification; C4 annotation inherited
HG02293#1	HG02293	HPRC-Rest	assembly_or_reference	DR_DQ_candidate_novel_annotation;downstream_graph_clipping_loss	2	2	2	2	1	HG02293#1#CM086249.1:28376541-33683950	3613017	3751184	1	WHR1-like+|C4AL+|CYP21A1P-like+|TNXA-like-|WHR1B-like+|C4BL+|CYP21A2-like+|TNXB-like-	RCCX-SCREEN-c91a117646c15232	component_counts_consistent	Nearest prototype is not functional gene identity; no fusion or gene-conversion classification; C4 annotation inherited
HG02293#2	HG02293	HPRC-Rest	assembly_or_reference	DR_DQ_candidate_novel_annotation	2	2	2	2	1	HG02293#2#CM086237.1:28436443-33671517	3549472	3681285	1	WHR1-like+|C4AL+|CYP21A1P-like+|TNXA-like-|WHR1B-like+|C4BS+|CYP21A2-like+|TNXB-like-	RCCX-SCREEN-08dc6d3cd5c804e4	component_counts_consistent	Nearest prototype is not functional gene identity; no fusion or gene-conversion classification; C4 annotation inherited
HG02300#1	HG02300	HPRC-Rest	assembly_or_reference	DR_DQ_candidate_novel_annotation	2	2	2	2	1	HG02300#1#JBHDSD010000065.1:28384265-33632330	3555524	3693675	1	WHR1-like+|C4AL+|CYP21A1P-like+|TNXA-like-|WHR1B-like+|C4BL+|CYP21A2-like+|TNXB-like-	RCCX-SCREEN-c91a117646c15232	component_counts_consistent	Nearest prototype is not functional gene identity; no fusion or gene-conversion classification; C4 annotation inherited
HG02300#2	HG02300	HPRC-Rest	assembly_or_reference	DR_DQ_candidate_novel_annotation	2	2	2	2	1	HG02300#2#JBHDSE010000015.1:28383936-33525808	3454211	3586021	1	WHR1-like+|C4AL+|CYP21A1P-like+|TNXA-like-|WHR1B-like+|C4BS+|CYP21A2-like+|TNXB-like-	RCCX-SCREEN-08dc6d3cd5c804e4	component_counts_consistent	Nearest prototype is not functional gene identity; no fusion or gene-conversion classification; C4 annotation inherited
HG02391#1	HG02391	HPRC-EastAsian	assembly_or_reference	downstream_graph_clipping_loss	2	2	2	2	1	HG02391#1#CM087584.1:28379784-33548956	3566574	3698374	1	WHR1-like+|C4AL+|CYP21A1P-like+|TNXA-like-|WHR1B-like+|C4BS+|CYP21A2-like+|TNXB-like-	RCCX-SCREEN-08dc6d3cd5c804e4	component_counts_consistent	Nearest prototype is not functional gene identity; no fusion or gene-conversion classification; C4 annotation inherited
HG02391#2	HG02391	HPRC-EastAsian	assembly_or_reference	downstream_graph_clipping_loss	2	2	2	2	1	HG02391#2#CM087613.1:28373481-33549853	3565299	3703460	1	WHR1-like+|C4AL+|CYP21A1P-like+|TNXA-like-|WHR1B-like+|C4BL+|CYP21A2-like+|TNXB-like-	RCCX-SCREEN-c91a117646c15232	component_counts_consistent	Nearest prototype is not functional gene identity; no fusion or gene-conversion classification; C4 annotation inherited
HG02392#1	HG02392	HPRC-EastAsian	assembly_or_reference	DR_DQ_candidate_novel_annotation	4	4	4	4	1	HG02392#1#CM099882.1:28340512-33566823	3565755	3756719	1	WHR1-like+|C4AL+|CYP21A1P-like+|TNXA-like-|WHR1B-like+|C4BS+|CYP21A2-like+|TNXA-like-|WHR1B-like+|C4AL+|CYP21A2-like+|TNXA-like-|WHR1B-like+|C4BS+|CYP21A2-like+|TNXB-like-	RCCX-SCREEN-716f40e69c45c13d	component_counts_consistent	Nearest prototype is not functional gene identity; no fusion or gene-conversion classification; C4 annotation inherited
HG02392#2	HG02392	HPRC-EastAsian	assembly_or_reference	DR_DQ_candidate_novel_annotation;downstream_graph_clipping_loss	2	2	2	2	1	HG02392#2#CM099892.1:28378060-33485526	3505248	3637044	1	WHR1-like+|C4AL+|CYP21A1P-like+|TNXA-like-|WHR1B-like+|C4BS+|CYP21A2-like+|TNXB-like-	RCCX-SCREEN-08dc6d3cd5c804e4	component_counts_consistent	Nearest prototype is not functional gene identity; no fusion or gene-conversion classification; C4 annotation inherited
HG02451#1	HG02451	HPRC-Rest	assembly_or_reference	DR_DQ_candidate_novel_annotation	2	2	2	2	1	HG02451#1#CM086202.1:28416438-33496141	3502857	3634649	1	WHR1-like+|C4AL+|CYP21A1P-like+|TNXA-like-|WHR1B-like+|C4BS+|CYP21A2-like+|TNXB-like-	RCCX-SCREEN-08dc6d3cd5c804e4	component_counts_consistent	Nearest prototype is not functional gene identity; no fusion or gene-conversion classification; C4 annotation inherited
HG02451#2	HG02451	HPRC-Rest	assembly_or_reference		2	2	2	2	1	HG02451#2#CM086226.1:28455260-33610103	3551764	3683556	1	WHR1-like+|C4AL+|CYP21A1P-like+|TNXA-like-|WHR1B-like+|C4BS+|CYP21A2-like+|TNXB-like-	RCCX-SCREEN-08dc6d3cd5c804e4	component_counts_consistent	Nearest prototype is not functional gene identity; no fusion or gene-conversion classification; C4 annotation inherited
HG02486#1	HG02486	HPRC-Rest	assembly_or_reference		2	2	2	2	1	HG02486#1#CM088195.1:28400032-33557891	3554955	3686708	1	WHR1-like+|C4AL+|CYP21A1P-like+|TNXA-like-|WHR1B-like+|C4BS+|CYP21A2-like+|TNXB-like-	RCCX-SCREEN-08dc6d3cd5c804e4	component_counts_consistent	Nearest prototype is not functional gene identity; no fusion or gene-conversion classification; C4 annotation inherited
HG02486#2	HG02486	HPRC-Rest	assembly_or_reference	DR_DQ_candidate_novel_annotation	2	2	2	2	1	HG02486#2#CM088219.1:28305765-33500079	3619686	3751488	1	WHR1-like+|C4AL+|CYP21A1P-like+|TNXA-like-|WHR1B-like+|C4AS+|CYP21A2-like+|TNXB-like-	RCCX-SCREEN-b8ca310d36f0396c	component_counts_consistent	Nearest prototype is not functional gene identity; no fusion or gene-conversion classification; C4 annotation inherited
HG02514#1	HG02514	HPRC-EastAsian	assembly_or_reference	DR_DQ_candidate_novel_annotation	3	3	3	3	1	HG02514#1#CM098732.1:28373958-33711051	3614328	3772476	1	WHR1-like+|C4AL+|CYP21A1P-like+|TNXA-like-|WHR1B-like+|C4BS+|CYP21A1P-like+|TNXA-like-|WHR1B-like+|C4BS+|CYP21A2-like+|TNXB-like-	RCCX-SCREEN-0c843ef37c4c8a9d	component_counts_consistent	Nearest prototype is not functional gene identity; no fusion or gene-conversion classification; C4 annotation inherited
HG02514#2	HG02514	HPRC-EastAsian	assembly_or_reference	DR_DQ_candidate_novel_annotation	3	3	3	3	1	HG02514#2#CM098748.1:28370171-33533737	3557826	3722360	1	WHR1-like+|C4AL+|CYP21A1P-like+|TNXA-like-|WHR1B-like+|C4AL+|CYP21A1P-like+|TNXA-like-|WHR1B-like+|C4BS+|CYP21A2-like+|TNXB-like-	RCCX-SCREEN-f3965b9e0fe6783a	component_counts_consistent	Nearest prototype is not functional gene identity; no fusion or gene-conversion classification; C4 annotation inherited
HG02523#1	HG02523	HPRC-EastAsian	assembly_or_reference	downstream_graph_clipping_loss	2	2	2	2	1	HG02523#1#CM086922.1:28564085-33712113	3558884	3690670	1	WHR1-like+|C4AL+|CYP21A1P-like+|TNXA-like-|WHR1B-like+|C4BS+|CYP21A2-like+|TNXB-like-	RCCX-SCREEN-08dc6d3cd5c804e4	component_counts_consistent	Nearest prototype is not functional gene identity; no fusion or gene-conversion classification; C4 annotation inherited
HG02523#2	HG02523	HPRC-EastAsian	assembly_or_reference	DR_DQ_candidate_novel_annotation;downstream_graph_clipping_loss	2	2	2	2	1	HG02523#2#CM086938.1:28380315-33619374	3551480	3683285	1	WHR1-like+|C4AL+|CYP21A1P-like+|TNXA-like-|WHR1B-like+|C4BS+|CYP21A2-like+|TNXB-like-	RCCX-SCREEN-08dc6d3cd5c804e4	component_counts_consistent	Nearest prototype is not functional gene identity; no fusion or gene-conversion classification; C4 annotation inherited
HG02559#1	HG02559	HPRC-Rest	assembly_or_reference	DR_DQ_candidate_novel_annotation	2	2	2	2	1	HG02559#1#CM088234.1:28438650-33681676	3551296	3689455	1	WHR1-like+|C4AL+|CYP21A1P-like+|TNXA-like-|WHR1B-like+|C4BL+|CYP21A2-like+|TNXB-like-	RCCX-SCREEN-c91a117646c15232	component_counts_consistent	Nearest prototype is not functional gene identity; no fusion or gene-conversion classification; C4 annotation inherited
HG02559#2	HG02559	HPRC-Rest	assembly_or_reference	DR_DQ_candidate_novel_annotation	2	2	2	2	1	HG02559#2#CM088248.1:28392101-33544670	3550275	3688446	1	WHR1-like+|C4AL+|CYP21A1P-like+|TNXA-like-|WHR1B-like+|C4BL+|CYP21A2-like+|TNXB-like-	RCCX-SCREEN-c91a117646c15232	component_counts_consistent	Nearest prototype is not functional gene identity; no fusion or gene-conversion classification; C4 annotation inherited
HG02572#1	HG02572	HPRC-Rest	assembly_or_reference	DR_DQ_candidate_novel_annotation	2	2	2	2	1	HG02572#1#CM088155.1:28443542-33635020	3618768	3750536	1	WHR1-like+|C4AL+|CYP21A1P-like+|TNXA-like-|WHR1B-like+|C4BS+|CYP21A2-like+|TNXB-like-	RCCX-SCREEN-08dc6d3cd5c804e4	component_counts_consistent	Nearest prototype is not functional gene identity; no fusion or gene-conversion classification; C4 annotation inherited
HG02572#2	HG02572	HPRC-Rest	assembly_or_reference	DR_DQ_candidate_novel_annotation;downstream_graph_clipping_loss	1	1	1	1	1	HG02572#2#CM088173.1:28510650-33610925	3549120	3654543	1	WHR1-like+|C4AL+|CYP21A2-like+|TNXB-like-	RCCX-SCREEN-80c1563b57f16898	component_counts_consistent	Nearest prototype is not functional gene identity; no fusion or gene-conversion classification; C4 annotation inherited
HG02583#1	HG02583	HPRC-Rest	assembly_or_reference	DR_DQ_candidate_novel_annotation	2	2	2	2	1	HG02583#1#CM089490.1:28310454-33519991	3619008	3750801	1	WHR1-like+|C4AL+|CYP21A1P-like+|TNXA-like-|WHR1B-like+|C4BS+|CYP21A2-like+|TNXB-like-	RCCX-SCREEN-08dc6d3cd5c804e4	component_counts_consistent	Nearest prototype is not functional gene identity; no fusion or gene-conversion classification; C4 annotation inherited
HG02583#2	HG02583	HPRC-Rest	assembly_or_reference		1	1	1	1	1	HG02583#2#JBHIIV010000002.1:28450971-33556797	3549989	3655417	1	WHR1-like+|C4AL+|CYP21A2-like+|TNXB-like-	RCCX-SCREEN-80c1563b57f16898	component_counts_consistent	Nearest prototype is not functional gene identity; no fusion or gene-conversion classification; C4 annotation inherited
HG02602#1	HG02602	HPRC-Rest	assembly_or_reference		2	2	2	2	1	HG02602#1#CM099687.1:28473876-33718939	3549814	3681574	1	WHR1-like+|C4AL+|CYP21A1P-like+|TNXA-like-|WHR1B-like+|C4BS+|CYP21A2-like+|TNXB-like-	RCCX-SCREEN-08dc6d3cd5c804e4	component_counts_consistent	Nearest prototype is not functional gene identity; no fusion or gene-conversion classification; C4 annotation inherited
HG02602#2	HG02602	HPRC-Rest	assembly_or_reference	DR_DQ_candidate_novel_annotation;downstream_graph_clipping_loss	2	2	2	2	1	HG02602#2#CM099701.1:28378684-33507166	3544296	3682461	1	WHR1-like+|C4AL+|CYP21A1P-like+|TNXA-like-|WHR1B-like+|C4BL+|CYP21A2-like+|TNXB-like-	RCCX-SCREEN-c91a117646c15232	component_counts_consistent	Nearest prototype is not functional gene identity; no fusion or gene-conversion classification; C4 annotation inherited
HG02615#1	HG02615	HPRC-Rest	assembly_or_reference	DR_DQ_candidate_novel_annotation	2	2	2	2	1	HG02615#1#JBHDSZ010000007.1:28292880-33505607	3617938	3749702	1	WHR1-like+|C4AL+|CYP21A2-like+|TNXA-like-|WHR1B-like+|C4BS+|CYP21A2-like+|TNXB-like-	RCCX-SCREEN-804d53b600bb619f	component_counts_consistent	Nearest prototype is not functional gene identity; no fusion or gene-conversion classification; C4 annotation inherited
HG02615#2	HG02615	HPRC-Rest	assembly_or_reference	DR_DQ_candidate_novel_annotation	2	2	2	2	1	HG02615#2#JBHDTA010000044.1:28450215-33517590	3491682	3560010	1	WHR1-like+|C4AL+|CYP21A1P-like+|TNXA-like-|WHR1B-like+|C4BS+|CYP21A2-like+|TNXA-like-	RCCX-SCREEN-6493188f61335fa0	component_counts_consistent	Nearest prototype is not functional gene identity; no fusion or gene-conversion classification; C4 annotation inherited
HG02622#1	HG02622	HPRC-Rest	assembly_or_reference	DR_DQ_candidate_novel_annotation;downstream_graph_clipping_loss	3	3	3	3	1	HG02622#1#JAHAOO020000001.1:28509085-33851733	3620893	3779041	1	WHR1-like+|C4AL+|CYP21A1P-like+|TNXA-like-|WHR1B-like+|C4BS+|CYP21A1P-like+|TNXA-like-|WHR1B-like+|C4BS+|CYP21A2-like+|TNXB-like-	RCCX-SCREEN-0c843ef37c4c8a9d	component_counts_consistent	Nearest prototype is not functional gene identity; no fusion or gene-conversion classification; C4 annotation inherited
HG02622#2	HG02622	HPRC-Rest	assembly_or_reference	DR_DQ_candidate_novel_annotation;downstream_graph_clipping_loss	1	1	1	1	1	HG02622#2#CM088099.1:28439700-33655942	3539774	3645188	1	WHR1-like+|C4AL+|CYP21A2-like+|TNXB-like-	RCCX-SCREEN-80c1563b57f16898	component_counts_consistent	Nearest prototype is not functional gene identity; no fusion or gene-conversion classification; C4 annotation inherited
HG02630#1	HG02630	HPRC-Rest	assembly_or_reference		2	2	2	2	1	HG02630#1#CM091809.1:28389334-33629412	3549306	3681068	1	WHR1-like+|C4AL+|CYP21A1P-like+|TNXA-like-|WHR1B-like+|C4BS+|CYP21A2-like+|TNXB-like-	RCCX-SCREEN-08dc6d3cd5c804e4	component_counts_consistent	Nearest prototype is not functional gene identity; no fusion or gene-conversion classification; C4 annotation inherited
HG02630#2	HG02630	HPRC-Rest	assembly_or_reference	DR_DQ_candidate_novel_annotation	2	2	2	2	1	HG02630#2#CM091740.1:28323618-33574655	3561527	3693318	1	WHR1-like+|C4AL+|CYP21A1P-like+|TNXA-like-|WHR1B-like+|C4BS+|CYP21A2-like+|TNXB-like-	RCCX-SCREEN-08dc6d3cd5c804e4	component_counts_consistent	Nearest prototype is not functional gene identity; no fusion or gene-conversion classification; C4 annotation inherited
HG02647#1	HG02647	HPRC-Rest	assembly_or_reference	DR_DQ_candidate_novel_annotation	2	2	2	2	1	HG02647#1#CM086559.1:28392022-33525944	3554544	3686337	1	WHR1-like+|C4AL+|CYP21A1P-like+|TNXA-like-|WHR1B-like+|C4BS+|CYP21A2-like+|TNXB-like-	RCCX-SCREEN-08dc6d3cd5c804e4	component_counts_consistent	Nearest prototype is not functional gene identity; no fusion or gene-conversion classification; C4 annotation inherited
HG02647#2	HG02647	HPRC-Rest	assembly_or_reference		1	1	1	1	1	HG02647#2#JBHDSQ010000039.1:28453965-33628541	3502381	3607771	1	WHR1-like+|C4AL+|CYP21A2-like+|TNXB-like-	RCCX-SCREEN-80c1563b57f16898	component_counts_consistent	Nearest prototype is not functional gene identity; no fusion or gene-conversion classification; C4 annotation inherited
HG02668#1	HG02668	HPRC-Rest	assembly_or_reference	DR_DQ_candidate_novel_annotation	2	2	2	2	1	HG02668#1#JBHIIC010000010.1:28453356-33594908	3549000	3680765	1	WHR1-like+|C4AL+|CYP21A1P-like+|TNXA-like-|WHR1B-like+|C4BS+|CYP21A2-like+|TNXB-like-	RCCX-SCREEN-08dc6d3cd5c804e4	component_counts_consistent	Nearest prototype is not functional gene identity; no fusion or gene-conversion classification; C4 annotation inherited
HG02668#2	HG02668	HPRC-Rest	assembly_or_reference	DR_DQ_candidate_novel_annotation	2	2	2	2	1	HG02668#2#JBHIID010000047.1:28501762-33634486	3554851	3686653	1	WHR1-like+|C4AL+|CYP21A1P-like+|TNXA-like-|WHR1B-like+|C4BS+|CYP21A2-like+|TNXB-like-	RCCX-SCREEN-08dc6d3cd5c804e4	component_counts_consistent	Nearest prototype is not functional gene identity; no fusion or gene-conversion classification; C4 annotation inherited
HG02698#1	HG02698	HPRC-Rest	assembly_or_reference		3	3	3	3	1	HG02698#1#CM086825.1:28387663-33565022	3548744	3706989	1	WHR1-like+|C4AL+|CYP21A1P-like+|TNXA-like-|WHR1B-like+|C4AS+|CYP21A1P-like+|TNXA-like-|WHR1B-like+|C4BS+|CYP21A2-like+|TNXB-like-	RCCX-SCREEN-43779c00c9747168	component_counts_consistent	Nearest prototype is not functional gene identity; no fusion or gene-conversion classification; C4 annotation inherited
HG02698#2	HG02698	HPRC-Rest	assembly_or_reference	DR_DQ_candidate_novel_annotation	2	2	2	2	1	HG02698#2#CM086846.1:28436213-33571880	3552497	3690651	1	WHR1-like+|C4AL+|CYP21A2-like+|TNXA-like-|WHR1B-like+|C4BL+|CYP21A2-like+|TNXB-like-	RCCX-SCREEN-4c34865fcf2a50f9	component_counts_consistent	Nearest prototype is not functional gene identity; no fusion or gene-conversion classification; C4 annotation inherited
HG02717#1	HG02717	HPRC-Rest	assembly_or_reference	DR_DQ_candidate_novel_annotation	2	2	2	2	1	HG02717#1#JAHAOS020000006.1:28453373-33608309	3557008	3688787	1	WHR1-like+|C4AL+|CYP21A1P-like+|TNXA-like-|WHR1B-like+|C4BS+|CYP21A2-like+|TNXB-like-	RCCX-SCREEN-08dc6d3cd5c804e4	component_counts_consistent	Nearest prototype is not functional gene identity; no fusion or gene-conversion classification; C4 annotation inherited
HG02717#2	HG02717	HPRC-Rest	assembly_or_reference	DR_DQ_candidate_novel_annotation	3	3	3	3	1	HG02717#2#JAHAOR020000010.1:28390930-33657668	3551744	3709902	1	WHR1-like+|C4BL+|CYP21A1P-like+|TNXA-like-|WHR1B-like+|C4AS+|CYP21A2-like+|TNXA-like-|WHR1B-like+|C4BS+|CYP21A2-like+|TNXB-like-	RCCX-SCREEN-8904b92121a5f1e8	component_counts_consistent	Nearest prototype is not functional gene identity; no fusion or gene-conversion classification; C4 annotation inherited
HG02723#1	HG02723	HPRC-Rest	assembly_or_reference	DR_DQ_candidate_novel_annotation	2	2	2	2	1	HG02723#1#CM092031.1:28492941-33618283	3552326	3684123	1	WHR1-like+|C4AL+|CYP21A1P-like+|TNXA-like-|WHR1B-like+|C4BS+|CYP21A2-like+|TNXB-like-	RCCX-SCREEN-08dc6d3cd5c804e4	component_counts_consistent	Nearest prototype is not functional gene identity; no fusion or gene-conversion classification; C4 annotation inherited
HG02723#2	HG02723	HPRC-Rest	assembly_or_reference	DR_DQ_candidate_novel_annotation;downstream_graph_clipping_loss	2	2	2	2	1	HG02723#2#JAHEOT020000028.1:24121290-29433497	3617809	3749593	1	WHR1-like+|C4AL+|CYP21A1P-like+|TNXA-like-|WHR1B-like+|C4BS+|CYP21A2-like+|TNXB-like-	RCCX-SCREEN-08dc6d3cd5c804e4	component_counts_consistent	Nearest prototype is not functional gene identity; no fusion or gene-conversion classification; C4 annotation inherited
HG02735#1	HG02735	HPRC-Rest	assembly_or_reference	DR_DQ_candidate_novel_annotation	2	2	2	2	1	HG02735#1#JBHIII010000062.1:28453541-33709307	3558223	3690008	1	WHR1-like+|C4AL+|CYP21A1P-like+|TNXA-like-|WHR1B-like+|C4BS+|CYP21A2-like+|TNXB-like-	RCCX-SCREEN-08dc6d3cd5c804e4	component_counts_consistent	Nearest prototype is not functional gene identity; no fusion or gene-conversion classification; C4 annotation inherited
HG02735#2	HG02735	HPRC-Rest	assembly_or_reference		1	1	1	1	1	HG02735#2#JBHIIJ010000060.1:28392355-33560534	3623287	3728685	1	WHR1-like+|C4AL+|CYP21A2-like+|TNXB-like-	RCCX-SCREEN-80c1563b57f16898	component_counts_consistent	Nearest prototype is not functional gene identity; no fusion or gene-conversion classification; C4 annotation inherited
HG02738#1	HG02738	HPRC-Rest	assembly_or_reference		2	2	2	2	1	HG02738#1#JBJXQJ010000012.1:28448720-33571060	3550050	3681947	1	WHR1-like+|C4AL+|CYP21A2-like+|TNXA-like-|WHR1B-like+|C4BS+|CYP21A2-like+|TNXB-like-	RCCX-SCREEN-804d53b600bb619f	component_counts_consistent	Nearest prototype is not functional gene identity; no fusion or gene-conversion classification; C4 annotation inherited
HG02738#2	HG02738	HPRC-Rest	assembly_or_reference		3	3	3	3	1	HG02738#2#JBJXQK010000005.1:28378589-33465078	3488678	3646836	1	WHR1-like+|C4BL+|CYP21A1P-like+|TNXA-like-|WHR1B-like+|C4AS+|CYP21A2-like+|TNXA-like-|WHR1B-like+|C4BS+|CYP21A2-like+|TNXB-like-	RCCX-SCREEN-8904b92121a5f1e8	component_counts_consistent	Nearest prototype is not functional gene identity; no fusion or gene-conversion classification; C4 annotation inherited
HG02809#1	HG02809	HPRC-Rest	assembly_or_reference	DR_DQ_candidate_novel_annotation	2	2	2	2	1	HG02809#1#CM088345.1:28415797-33540379	3551557	3683349	1	WHR1-like+|C4AL+|CYP21A1P-like+|TNXA-like-|WHR1B-like+|C4BS+|CYP21A2-like+|TNXB-like-	RCCX-SCREEN-08dc6d3cd5c804e4	component_counts_consistent	Nearest prototype is not functional gene identity; no fusion or gene-conversion classification; C4 annotation inherited
HG02809#2	HG02809	HPRC-Rest	assembly_or_reference	DR_DQ_candidate_novel_annotation	2	2	2	2	1	HG02809#2#CM088363.1:28447535-33684835	3552664	3684449	1	WHR1-like+|C4AL+|CYP21A1P-like+|TNXA-like-|WHR1B-like+|C4BS+|CYP21A2-like+|TNXB-like-	RCCX-SCREEN-08dc6d3cd5c804e4	component_counts_consistent	Nearest prototype is not functional gene identity; no fusion or gene-conversion classification; C4 annotation inherited
HG02818#1	HG02818	HPRC-Rest	assembly_or_reference	DR_DQ_candidate_novel_annotation	2	2	2	2	1	HG02818#1#JAHEOS020000050.1:28390726-33610396	3621281	3753086	1	WHR1-like+|C4AL+|CYP21A1P-like+|TNXA-like-|WHR1B-like+|C4BS+|CYP21A2-like+|TNXB-like-	RCCX-SCREEN-08dc6d3cd5c804e4	component_counts_consistent	Nearest prototype is not functional gene identity; no fusion or gene-conversion classification; C4 annotation inherited
HG02818#2	HG02818	HPRC-Rest	assembly_or_reference	DR_DQ_candidate_novel_annotation	2	2	2	2	1	HG02818#2#JAHEOR020000002.1:28395424-33521433	3552226	3684018	1	WHR1-like+|C4AL+|CYP21A1P-like+|TNXA-like-|WHR1B-like+|C4BS+|CYP21A2-like+|TNXB-like-	RCCX-SCREEN-08dc6d3cd5c804e4	component_counts_consistent	Nearest prototype is not functional gene identity; no fusion or gene-conversion classification; C4 annotation inherited
HG02841#1	HG02841	HPRC-Rest	assembly_or_reference	DR_DQ_candidate_novel_annotation	2	2	2	2	1	HG02841#1#JBJKOG010000054.1:28472700-33602015	3550668	3682459	1	WHR1-like+|C4AL+|CYP21A1P-like+|TNXA-like-|WHR1B-like+|C4BS+|CYP21A2-like+|TNXB-like-	RCCX-SCREEN-08dc6d3cd5c804e4	component_counts_consistent	Nearest prototype is not functional gene identity; no fusion or gene-conversion classification; C4 annotation inherited
HG02841#2	HG02841	HPRC-Rest	assembly_or_reference	DR_DQ_candidate_novel_annotation;downstream_graph_clipping_loss	2	2	2	2	1	HG02841#2#JBJKOH010000051.1:28480911-33779808	3612858	3744650	1	WHR1-like+|C4AL+|CYP21A1P-like+|TNXA-like-|WHR1B-like+|C4BS+|CYP21A2-like+|TNXB-like-	RCCX-SCREEN-08dc6d3cd5c804e4	component_counts_consistent	Nearest prototype is not functional gene identity; no fusion or gene-conversion classification; C4 annotation inherited
HG02886#1	HG02886	HPRC-Rest	assembly_or_reference	DR_DQ_candidate_novel_annotation;downstream_graph_clipping_loss	2	2	2	2	1	HG02886#1#CM088086.1:28449049-33579727	3553941	3685730	1	WHR1-like+|C4AL+|CYP21A1P-like+|TNXA-like-|WHR1B-like+|C4BS+|CYP21A2-like+|TNXB-like-	RCCX-SCREEN-08dc6d3cd5c804e4	component_counts_consistent	Nearest prototype is not functional gene identity; no fusion or gene-conversion classification; C4 annotation inherited
HG02886#2	HG02886	HPRC-Rest	assembly_or_reference	DR_DQ_candidate_novel_annotation;downstream_graph_clipping_loss	1	1	1	1	1	HG02886#2#CM088127.1:28408235-33704386	3629229	3734662	1	WHR1-like+|C4AL+|CYP21A2-like+|TNXB-like-	RCCX-SCREEN-80c1563b57f16898	component_counts_consistent	Nearest prototype is not functional gene identity; no fusion or gene-conversion classification; C4 annotation inherited
HG02922#1	HG02922	HPRC-Rest	assembly_or_reference		2	2	2	2	1	HG02922#1#JBHDVO010000050.1:28463778-33607859	3550836	3682632	1	WHR1-like+|C4AL+|CYP21A1P-like+|TNXA-like-|WHR1B-like+|C4BS+|CYP21A2-like+|TNXB-like-	RCCX-SCREEN-08dc6d3cd5c804e4	component_counts_consistent	Nearest prototype is not functional gene identity; no fusion or gene-conversion classification; C4 annotation inherited
HG02922#2	HG02922	HPRC-Rest	assembly_or_reference		2	2	2	2	1	HG02922#2#JBHDVP010000048.1:28393533-33529937	3622293	3754080	1	WHR1-like+|C4AL+|CYP21A1P-like+|TNXA-like-|WHR1B-like+|C4BS+|CYP21A2-like+|TNXB-like-	RCCX-SCREEN-08dc6d3cd5c804e4	component_counts_consistent	Nearest prototype is not functional gene identity; no fusion or gene-conversion classification; C4 annotation inherited
HG02965#1	HG02965	HPRC-Rest	assembly_or_reference	DR_DQ_candidate_novel_annotation	2	2	2	2	1	HG02965#1#CM087346.1:28413853-33616010	3622748	3754552	1	WHR1-like+|C4AL+|CYP21A1P-like+|TNXA-like-|WHR1B-like+|C4AS+|CYP21A2-like+|TNXB-like-	RCCX-SCREEN-b8ca310d36f0396c	component_counts_consistent	Nearest prototype is not functional gene identity; no fusion or gene-conversion classification; C4 annotation inherited
HG02965#2	HG02965	HPRC-Rest	assembly_or_reference		2	2	2	2	1	HG02965#2#CM087389.1:28497212-33562374	3550994	3682781	1	WHR1-like+|C4AL+|CYP21A1P-like+|TNXA-like-|WHR1B-like+|C4BS+|CYP21A2-like+|TNXB-like-	RCCX-SCREEN-08dc6d3cd5c804e4	component_counts_consistent	Nearest prototype is not functional gene identity; no fusion or gene-conversion classification; C4 annotation inherited
HG02976#1	HG02976	HPRC-Rest	assembly_or_reference		1	1	1	1	1	HG02976#1#JBHDVW010000052.1:28458918-33596444	3562767	3668184	1	WHR1-like+|C4AL+|CYP21A2-like+|TNXB-like-	RCCX-SCREEN-80c1563b57f16898	component_counts_consistent	Nearest prototype is not functional gene identity; no fusion or gene-conversion classification; C4 annotation inherited
HG02976#2	HG02976	HPRC-Rest	assembly_or_reference	DR_DQ_candidate_novel_annotation	2	2	2	2	1	HG02976#2#JBHDVX010000061.1:28449910-33601091	3556301	3688068	1	WHR1-like+|C4AL+|CYP21A1P-like+|TNXA-like-|WHR1B-like+|C4BS+|CYP21A2-like+|TNXB-like-	RCCX-SCREEN-08dc6d3cd5c804e4	component_counts_consistent	Nearest prototype is not functional gene identity; no fusion or gene-conversion classification; C4 annotation inherited
HG02984#1	HG02984	HPRC-Rest	assembly_or_reference	DR_DQ_candidate_novel_annotation	2	2	2	2	1	HG02984#1#CM098791.1:28424082-33554288	3555631	3681055	1	WHR1-like+|C4BS+|CYP21A1P-like+|TNXA-like-|WHR1B-like+|C4BS+|CYP21A2-like+|TNXB-like-	RCCX-SCREEN-a672720635c58ced	component_counts_consistent	Nearest prototype is not functional gene identity; no fusion or gene-conversion classification; C4 annotation inherited
HG02984#2	HG02984	HPRC-Rest	assembly_or_reference	DR_DQ_candidate_novel_annotation	2	2	2	2	1	HG02984#2#CM098805.1:28288416-33435352	3556068	3687859	1	WHR1-like+|C4AL+|CYP21A1P-like+|TNXA-like-|WHR1B-like+|C4BS+|CYP21A2-like+|TNXB-like-	RCCX-SCREEN-08dc6d3cd5c804e4	component_counts_consistent	Nearest prototype is not functional gene identity; no fusion or gene-conversion classification; C4 annotation inherited
HG03017#1	HG03017	HPRC-Rest	assembly_or_reference	DR_DQ_candidate_novel_annotation	1	1	1	1	1	HG03017#1#CM088912.1:28366322-33354914	3501564	3606982	1	WHR1-like+|C4BL+|CYP21A2-like+|TNXB-like-	RCCX-SCREEN-7b1f207074474ef0	component_counts_consistent	Nearest prototype is not functional gene identity; no fusion or gene-conversion classification; C4 annotation inherited
HG03017#2	HG03017	HPRC-Rest	assembly_or_reference		1	1	1	1	1	HG03017#2#CM088928.1:28386890-33518406	3562682	3661721	1	WHR1-like+|C4BS+|CYP21A2-like+|TNXB-like-	RCCX-SCREEN-a002f576cdda62b4	component_counts_consistent	Nearest prototype is not functional gene identity; no fusion or gene-conversion classification; C4 annotation inherited
HG03041#1	HG03041	HPRC-Rest	assembly_or_reference		2	2	2	2	1	HG03041#1#JBHIHQ010000010.1:28523162-33664914	3627591	3759378	1	WHR1-like+|C4AL+|CYP21A1P-like+|TNXA-like-|WHR1B-like+|C4BS+|CYP21A2-like+|TNXB-like-	RCCX-SCREEN-08dc6d3cd5c804e4	component_counts_consistent	Nearest prototype is not functional gene identity; no fusion or gene-conversion classification; C4 annotation inherited
HG03041#2	HG03041	HPRC-Rest	assembly_or_reference		2	2	2	2	1	HG03041#2#JBHIHR010000035.1:28469379-33626082	3556436	3688224	1	WHR1-like+|C4AL+|CYP21A1P-like+|TNXA-like-|WHR1B-like+|C4BS+|CYP21A2-like+|TNXB-like-	RCCX-SCREEN-08dc6d3cd5c804e4	component_counts_consistent	Nearest prototype is not functional gene identity; no fusion or gene-conversion classification; C4 annotation inherited
HG03050#1	HG03050	HPRC-Rest	assembly_or_reference	DR_DQ_candidate_novel_annotation	2	2	2	2	1	HG03050#1#CM098763.1:28357910-33541888	3494271	3626071	1	WHR1-like+|C4AL+|CYP21A1P-like+|TNXA-like-|WHR1B-like+|C4BS+|CYP21A2-like+|TNXB-like-	RCCX-SCREEN-08dc6d3cd5c804e4	component_counts_consistent	Nearest prototype is not functional gene identity; no fusion or gene-conversion classification; C4 annotation inherited
HG03050#2	HG03050	HPRC-Rest	assembly_or_reference	DR_DQ_candidate_novel_annotation	2	2	2	2	1	HG03050#2#CM098777.1:28436251-33634749	3619316	3751126	1	WHR1-like+|C4AL+|CYP21A1P-like+|TNXA-like-|WHR1B-like+|C4AS+|CYP21A2-like+|TNXB-like-	RCCX-SCREEN-b8ca310d36f0396c	component_counts_consistent	Nearest prototype is not functional gene identity; no fusion or gene-conversion classification; C4 annotation inherited
HG03098#1	HG03098	HPRC-Rest	assembly_or_reference	DR_DQ_candidate_novel_annotation	2	2	2	2	1	HG03098#1#CM092231.1:28431361-33758681	3619304	3751098	1	WHR1-like+|C4AL+|CYP21A1P-like+|TNXA-like-|WHR1B-like+|C4BS+|CYP21A2-like+|TNXB-like-	RCCX-SCREEN-08dc6d3cd5c804e4	component_counts_consistent	Nearest prototype is not functional gene identity; no fusion or gene-conversion classification; C4 annotation inherited
HG03098#2	HG03098	HPRC-Rest	assembly_or_reference	DR_DQ_candidate_novel_annotation	1	1	1	1	1	HG03098#2#CM092219.1:28417176-33625650	3549274	3654706	1	WHR1-like+|C4AL+|CYP21A2-like+|TNXB-like-	RCCX-SCREEN-80c1563b57f16898	component_counts_consistent	Nearest prototype is not functional gene identity; no fusion or gene-conversion classification; C4 annotation inherited
HG03130#1	HG03130	HPRC-Rest	assembly_or_reference		2	2	2	2	1	HG03130#1#JBHDWI010000052.1:28368259-33497302	3550909	3619245	1	WHR1-like+|C4AL+|CYP21A1P-like+|TNXA-like-|WHR1B-like+|C4BS+|CYP21A2-like+|TNXA-like-	RCCX-SCREEN-6493188f61335fa0	component_counts_consistent	Nearest prototype is not functional gene identity; no fusion or gene-conversion classification; C4 annotation inherited
HG03130#2	HG03130	HPRC-Rest	assembly_or_reference	DR_DQ_candidate_novel_annotation	2	2	2	2	1	HG03130#2#JBHDWJ010000015.1:28300492-33501344	3620830	3752615	1	WHR1-like+|C4AL+|CYP21A1P-like+|TNXA-like-|WHR1B-like+|C4BS+|CYP21A2-like+|TNXB-like-	RCCX-SCREEN-08dc6d3cd5c804e4	component_counts_consistent	Nearest prototype is not functional gene identity; no fusion or gene-conversion classification; C4 annotation inherited
HG03139#1	HG03139	HPRC-Rest	assembly_or_reference		1	1	1	1	1	HG03139#1#JBIEBX010000038.1:1708286-6750584	3552029	3657447	1	WHR1-like+|C4AL+|CYP21A2-like+|TNXB-like-	RCCX-SCREEN-80c1563b57f16898	component_counts_consistent	Nearest prototype is not functional gene identity; no fusion or gene-conversion classification; C4 annotation inherited
HG03139#2	HG03139	HPRC-Rest	assembly_or_reference	downstream_graph_clipping_loss	2	2	2	2	1	HG03139#2#JBIEBY010000006.1:1675799-6810645	3549157	3680945	1	WHR1-like+|C4AL+|CYP21A1P-like+|TNXA-like-|WHR1B-like+|C4BS+|CYP21A2-like+|TNXB-like-	RCCX-SCREEN-08dc6d3cd5c804e4	component_counts_consistent	Nearest prototype is not functional gene identity; no fusion or gene-conversion classification; C4 annotation inherited
HG03195#1	HG03195	HPRC-Rest	assembly_or_reference		2	2	2	2	1	HG03195#1#JBHDVU010000053.1:28475373-33604548	3550992	3619328	1	WHR1-like+|C4AL+|CYP21A1P-like+|TNXA-like-|WHR1B-like+|C4BS+|CYP21A2-like+|TNXA-like-	RCCX-SCREEN-6493188f61335fa0	component_counts_consistent	Nearest prototype is not functional gene identity; no fusion or gene-conversion classification; C4 annotation inherited
HG03195#2	HG03195	HPRC-Rest	assembly_or_reference		2	2	2	2	1	HG03195#2#JBHDVV010000014.1:28451324-33606358	3554562	3686352	1	WHR1-like+|C4AL+|CYP21A1P-like+|TNXA-like-|WHR1B-like+|C4BS+|CYP21A2-like+|TNXB-like-	RCCX-SCREEN-08dc6d3cd5c804e4	component_counts_consistent	Nearest prototype is not functional gene identity; no fusion or gene-conversion classification; C4 annotation inherited
HG03209#1	HG03209	HPRC-Rest	assembly_or_reference	DR_DQ_candidate_novel_annotation	2	2	2	2	1	HG03209#1#CM087213.1:28462168-33702122	3554539	3686322	1	WHR1-like+|C4AL+|CYP21A1P-like+|TNXA-like-|WHR1B-like+|C4BS+|CYP21A2-like+|TNXB-like-	RCCX-SCREEN-08dc6d3cd5c804e4	component_counts_consistent	Nearest prototype is not functional gene identity; no fusion or gene-conversion classification; C4 annotation inherited
HG03209#2	HG03209	HPRC-Rest	assembly_or_reference	DR_DQ_candidate_novel_annotation	2	2	2	2	1	HG03209#2#CM087231.1:28521401-33595827	3544214	3675991	1	WHR1-like+|C4AL+|CYP21A1P-like+|TNXA-like-|WHR1B-like+|C4BS+|CYP21A2-like+|TNXB-like-	RCCX-SCREEN-08dc6d3cd5c804e4	component_counts_consistent	Nearest prototype is not functional gene identity; no fusion or gene-conversion classification; C4 annotation inherited
HG03225#1	HG03225	HPRC-Rest	assembly_or_reference	DR_DQ_candidate_novel_annotation	2	2	2	2	1	HG03225#1#CM089301.1:28387857-33521155	3557074	3688827	1	WHR1-like+|C4AL+|CYP21A2-like+|TNXA-like-|WHR1B-like+|C4BS+|CYP21A2-like+|TNXB-like-	RCCX-SCREEN-804d53b600bb619f	component_counts_consistent	Nearest prototype is not functional gene identity; no fusion or gene-conversion classification; C4 annotation inherited
HG03225#2	HG03225	HPRC-Rest	assembly_or_reference	DR_DQ_candidate_novel_annotation	2	2	2	2	1	HG03225#2#CM089317.1:28460302-33665041	3622013	3753805	1	WHR1-like+|C4AL+|CYP21A1P-like+|TNXA-like-|WHR1B-like+|C4BS+|CYP21A2-like+|TNXB-like-	RCCX-SCREEN-08dc6d3cd5c804e4	component_counts_consistent	Nearest prototype is not functional gene identity; no fusion or gene-conversion classification; C4 annotation inherited
HG03239#1	HG03239	HPRC-Rest	assembly_or_reference	DR_DQ_candidate_novel_annotation	1	1	1	1	1	HG03239#1#CM088748.1:28379983-33543593	3504559	3609982	1	WHR1-like+|C4AL+|CYP21A2-like+|TNXB-like-	RCCX-SCREEN-80c1563b57f16898	component_counts_consistent	Nearest prototype is not functional gene identity; no fusion or gene-conversion classification; C4 annotation inherited
HG03239#2	HG03239	HPRC-Rest	assembly_or_reference	DR_DQ_candidate_novel_annotation	3	3	3	3	1	HG03239#2#CM088761.1:28289569-33563315	3551665	3709813	1	WHR1-like+|C4AL+|CYP21A1P-like+|TNXA-like-|WHR1B-like+|C4BS+|CYP21A1P-like+|TNXA-like-|WHR1B-like+|C4BS+|CYP21A2-like+|TNXB-like-	RCCX-SCREEN-0c843ef37c4c8a9d	component_counts_consistent	Nearest prototype is not functional gene identity; no fusion or gene-conversion classification; C4 annotation inherited
HG03270#1	HG03270	HPRC-Rest	assembly_or_reference	DR_DQ_candidate_novel_annotation	2	2	2	2	1	HG03270#1#CM089901.1:28457303-33619918	3560662	3692440	1	WHR1-like+|C4AL+|CYP21A1P-like+|TNXA-like-|WHR1B-like+|C4BS+|CYP21A2-like+|TNXB-like-	RCCX-SCREEN-08dc6d3cd5c804e4	component_counts_consistent	Nearest prototype is not functional gene identity; no fusion or gene-conversion classification; C4 annotation inherited
HG03270#2	HG03270	HPRC-Rest	assembly_or_reference	DR_DQ_candidate_novel_annotation	2	2	2	2	1	HG03270#2#CM089913.1:28461664-33600109	3561752	3693544	1	WHR1-like+|C4AL+|CYP21A1P-like+|TNXA-like-|WHR1B-like+|C4BS+|CYP21A2-like+|TNXB-like-	RCCX-SCREEN-08dc6d3cd5c804e4	component_counts_consistent	Nearest prototype is not functional gene identity; no fusion or gene-conversion classification; C4 annotation inherited
HG03369#1	HG03369	HPRC-Rest	assembly_or_reference	DR_DQ_candidate_novel_annotation	2	2	2	2	1	HG03369#1#CM094384.1:28448143-33595830	3567255	3699052	1	WHR1-like+|C4AL+|CYP21A1P-like+|TNXA-like-|WHR1B-like+|C4BS+|CYP21A2-like+|TNXB-like-	RCCX-SCREEN-08dc6d3cd5c804e4	component_counts_consistent	Nearest prototype is not functional gene identity; no fusion or gene-conversion classification; C4 annotation inherited
HG03369#2	HG03369	HPRC-Rest	assembly_or_reference	DR_DQ_candidate_novel_annotation	2	2	2	2	1	HG03369#2#CM094359.1:28412805-33626591	3617450	3749211	1	WHR1-like+|C4AL+|CYP21A1P-like+|TNXA-like-|WHR1B-like+|C4BS+|CYP21A2-like+|TNXB-like-	RCCX-SCREEN-08dc6d3cd5c804e4	component_counts_consistent	Nearest prototype is not functional gene identity; no fusion or gene-conversion classification; C4 annotation inherited
HG03453#1	HG03453	HPRC-Rest	assembly_or_reference	DR_DQ_candidate_novel_annotation	2	2	2	2	1	HG03453#1#JAGYVW020000075.1:28403120-33611389	3519258	3651062	1	WHR1-like+|C4AL+|CYP21A1P-like+|TNXA-like-|WHR1B-like+|C4BS+|CYP21A2-like+|TNXB-like-	RCCX-SCREEN-08dc6d3cd5c804e4	component_counts_consistent	Nearest prototype is not functional gene identity; no fusion or gene-conversion classification; C4 annotation inherited
HG03453#2	HG03453	HPRC-Rest	assembly_or_reference	DR_DQ_candidate_novel_annotation	1	1	1	1	1	HG03453#2#JAGYVV020000081.1:28470880-33567163	3548865	3654259	1	WHR1-like+|C4AL+|CYP21A2-like+|TNXB-like-	RCCX-SCREEN-80c1563b57f16898	component_counts_consistent	Nearest prototype is not functional gene identity; no fusion or gene-conversion classification; C4 annotation inherited
HG03470#1	HG03470	HPRC-Rest	assembly_or_reference	DR_DQ_candidate_novel_annotation	2	2	2	2	1	HG03470#1#CM091822.1:28475508-33736647	3547053	3678841	1	WHR1-like+|C4AL+|CYP21A1P-like+|TNXA-like-|WHR1B-like+|C4BS+|CYP21A2-like+|TNXB-like-	RCCX-SCREEN-08dc6d3cd5c804e4	component_counts_consistent	Nearest prototype is not functional gene identity; no fusion or gene-conversion classification; C4 annotation inherited
HG03470#2	HG03470	HPRC-Rest	assembly_or_reference	DR_DQ_candidate_novel_annotation	2	2	2	2	1	HG03470#2#CM091870.1:28404010-33497478	3494227	3626027	1	WHR1-like+|C4AL+|CYP21A1P-like+|TNXA-like-|WHR1B-like+|C4BS+|CYP21A2-like+|TNXB-like-	RCCX-SCREEN-08dc6d3cd5c804e4	component_counts_consistent	Nearest prototype is not functional gene identity; no fusion or gene-conversion classification; C4 annotation inherited
HG03471#1	HG03471	HPRC-Rest	assembly_or_reference	DR_DQ_candidate_novel_annotation	2	2	2	2	1	HG03471#1#CM087523.1:28468339-33683868	3519466	3651266	1	WHR1-like+|C4AL+|CYP21A1P-like+|TNXA-like-|WHR1B-like+|C4BS+|CYP21A2-like+|TNXB-like-	RCCX-SCREEN-08dc6d3cd5c804e4	component_counts_consistent	Nearest prototype is not functional gene identity; no fusion or gene-conversion classification; C4 annotation inherited
HG03471#2	HG03471	HPRC-Rest	assembly_or_reference	DR_DQ_candidate_novel_annotation;downstream_graph_clipping_loss	2	2	2	2	1	HG03471#2#CM087546.1:28512656-33707046	3619769	3751572	1	WHR1-like+|C4AL+|CYP21A1P-like+|TNXA-like-|WHR1B-like+|C4AS+|CYP21A2-like+|TNXB-like-	RCCX-SCREEN-b8ca310d36f0396c	component_counts_consistent	Nearest prototype is not functional gene identity; no fusion or gene-conversion classification; C4 annotation inherited
HG03486#1	HG03486	HPRC-Rest	assembly_or_reference	DR_DQ_candidate_novel_annotation;downstream_graph_clipping_loss	2	2	2	2	1	HG03486#1#CM091974.1:28459101-33585338	3551601	3683401	1	WHR1-like+|C4AL+|CYP21A1P-like+|TNXA-like-|WHR1B-like+|C4AS+|CYP21A2-like+|TNXB-like-	RCCX-SCREEN-b8ca310d36f0396c	component_counts_consistent	Nearest prototype is not functional gene identity; no fusion or gene-conversion classification; C4 annotation inherited
HG03486#2	HG03486	HPRC-Rest	assembly_or_reference		2	2	2	2	1	HG03486#2#CM091960.1:28459830-33596099	3555378	3687169	1	WHR1-like+|C4AL+|CYP21A1P-like+|TNXA-like-|WHR1B-like+|C4BS+|CYP21A2-like+|TNXB-like-	RCCX-SCREEN-08dc6d3cd5c804e4	component_counts_consistent	Nearest prototype is not functional gene identity; no fusion or gene-conversion classification; C4 annotation inherited
HG03516#1	HG03516	HPRC-Rest	assembly_or_reference	DR_DQ_candidate_novel_annotation	2	2	2	2	1	HG03516#1#JAGYYS020000049.1:28451043-33589535	3561639	3693436	1	WHR1-like+|C4AL+|CYP21A1P-like+|TNXA-like-|WHR1B-like+|C4BS+|CYP21A2-like+|TNXB-like-	RCCX-SCREEN-08dc6d3cd5c804e4	component_counts_consistent	Nearest prototype is not functional gene identity; no fusion or gene-conversion classification; C4 annotation inherited
HG03516#2	HG03516	HPRC-Rest	assembly_or_reference	DR_DQ_candidate_novel_annotation	2	2	2	2	1	HG03516#2#JAGYYT020000030.1:28478688-33696340	3618171	3749932	1	WHR1-like+|C4AL+|CYP21A1P-like+|TNXA-like-|WHR1B-like+|C4BS+|CYP21A2-like+|TNXB-like-	RCCX-SCREEN-08dc6d3cd5c804e4	component_counts_consistent	Nearest prototype is not functional gene identity; no fusion or gene-conversion classification; C4 annotation inherited
HG03521#1	HG03521	HPRC-Rest	assembly_or_reference	DR_DQ_candidate_novel_annotation	2	2	2	2	1	HG03521#1#JBIREF010000004.1:28517918-33642180	3548094	3679890	1	WHR1-like+|C4AL+|CYP21A1P-like+|TNXA-like-|WHR1B-like+|C4BS+|CYP21A2-like+|TNXB-like-	RCCX-SCREEN-08dc6d3cd5c804e4	component_counts_consistent	Nearest prototype is not functional gene identity; no fusion or gene-conversion classification; C4 annotation inherited
HG03521#2	HG03521	HPRC-Rest	assembly_or_reference	DR_DQ_candidate_novel_annotation	2	2	2	2	1	HG03521#2#JBIREG010000058.1:28429727-33569421	3550206	3682002	1	WHR1-like+|C4AL+|CYP21A1P-like+|TNXA-like-|WHR1B-like+|C4BS+|CYP21A2-like+|TNXB-like-	RCCX-SCREEN-08dc6d3cd5c804e4	component_counts_consistent	Nearest prototype is not functional gene identity; no fusion or gene-conversion classification; C4 annotation inherited
HG03540#1	HG03540	HPRC-Rest	assembly_or_reference		3	3	3	3	1	HG03540#1#CM088050.1:28448847-33686414	3622072	3780226	1	WHR1-like+|C4AL+|CYP21A1P-like+|TNXA-like-|WHR1B-like+|C4BS+|CYP21A2-like+|TNXA-like-|WHR1B-like+|C4BS+|CYP21A2-like+|TNXB-like-	RCCX-SCREEN-dcc3d8c1def31e41	component_counts_consistent	Nearest prototype is not functional gene identity; no fusion or gene-conversion classification; C4 annotation inherited
HG03540#2	HG03540	HPRC-Rest	assembly_or_reference	downstream_graph_clipping_loss	2	2	2	2	1	HG03540#2#CM088063.1:28474762-33566125	3553760	3691939	1	WHR1-like+|C4AL+|CYP21A1P-like+|TNXA-like-|WHR1B-like+|C4BL+|CYP21A2-like+|TNXB-like-	RCCX-SCREEN-c91a117646c15232	component_counts_consistent	Nearest prototype is not functional gene identity; no fusion or gene-conversion classification; C4 annotation inherited
HG03579#1	HG03579	HPRC-Rest	assembly_or_reference	DR_DQ_candidate_novel_annotation	2	2	2	2	1	HG03579#1#CM088945.1:28415698-33501766	3511394	3643190	1	WHR1-like+|C4AL+|CYP21A1P-like+|TNXA-like-|WHR1B-like+|C4BS+|CYP21A2-like+|TNXB-like-	RCCX-SCREEN-08dc6d3cd5c804e4	component_counts_consistent	Nearest prototype is not functional gene identity; no fusion or gene-conversion classification; C4 annotation inherited
HG03579#2	HG03579	HPRC-Rest	assembly_or_reference	DR_DQ_candidate_novel_annotation	2	2	2	2	1	HG03579#2#CM089288.1:28450187-33638583	3608917	3740715	1	WHR1-like+|C4AL+|CYP21A1P-like+|TNXA-like-|WHR1B-like+|C4AS+|CYP21A2-like+|TNXB-like-	RCCX-SCREEN-b8ca310d36f0396c	component_counts_consistent	Nearest prototype is not functional gene identity; no fusion or gene-conversion classification; C4 annotation inherited
HG03583#1	HG03583	HPRC-Rest	assembly_or_reference	DR_DQ_candidate_novel_annotation;downstream_graph_clipping_loss	2	2	2	2	1	HG03583#1#CM089881.1:28309910-33645117	3627970	3759741	1	WHR1-like+|C4AL+|CYP21A1P-like+|TNXA-like-|WHR1B-like+|C4BS+|CYP21A2-like+|TNXB-like-	RCCX-SCREEN-08dc6d3cd5c804e4	component_counts_consistent	Nearest prototype is not functional gene identity; no fusion or gene-conversion classification; C4 annotation inherited
HG03583#2	HG03583	HPRC-Rest	assembly_or_reference		2	2	2	2	1	HG03583#2#CM089891.1:28443100-33514916	3552956	3684743	1	WHR1-like+|C4AL+|CYP21A1P-like+|TNXA-like-|WHR1B-like+|C4BS+|CYP21A2-like+|TNXB-like-	RCCX-SCREEN-08dc6d3cd5c804e4	component_counts_consistent	Nearest prototype is not functional gene identity; no fusion or gene-conversion classification; C4 annotation inherited
HG03654#1	HG03654	HPRC-Rest	assembly_or_reference	DR_DQ_candidate_novel_annotation	2	2	2	2	1	HG03654#1#CM086836.1:28373117-33516554	3560787	3698941	1	WHR1-like+|C4AL+|CYP21A1P-like+|TNXA-like-|WHR1B-like+|C4BL+|CYP21A2-like+|TNXB-like-	RCCX-SCREEN-c91a117646c15232	component_counts_consistent	Nearest prototype is not functional gene identity; no fusion or gene-conversion classification; C4 annotation inherited
HG03654#2	HG03654	HPRC-Rest	assembly_or_reference		2	2	2	2	1	HG03654#2#JBHDTO010000045.1:28372677-33498093	3552776	3684672	1	WHR1-like+|C4AL+|CYP21A2-like+|TNXA-like-|WHR1B-like+|C4BS+|CYP21A2-like+|TNXB-like-	RCCX-SCREEN-804d53b600bb619f	component_counts_consistent	Nearest prototype is not functional gene identity; no fusion or gene-conversion classification; C4 annotation inherited
HG03669#1	HG03669	HPRC-Rest	assembly_or_reference	DR_DQ_candidate_novel_annotation	2	2	2	2	1	HG03669#1#JBHDTD010000072.1:28410266-33591784	3555206	3693365	1	WHR1-like+|C4AL+|CYP21A1P-like+|TNXA-like-|WHR1B-like+|C4BL+|CYP21A2-like+|TNXB-like-	RCCX-SCREEN-c91a117646c15232	component_counts_consistent	Nearest prototype is not functional gene identity; no fusion or gene-conversion classification; C4 annotation inherited
HG03669#2	HG03669	HPRC-Rest	assembly_or_reference	DR_DQ_candidate_novel_annotation	2	2	2	2	1	HG03669#2#JBHDTE010000046.1:28389062-33618253	3537349	3675507	1	WHR1-like+|C4AL+|CYP21A1P-like+|TNXA-like-|WHR1B-like+|C4BL+|CYP21A2-like+|TNXB-like-	RCCX-SCREEN-c91a117646c15232	component_counts_consistent	Nearest prototype is not functional gene identity; no fusion or gene-conversion classification; C4 annotation inherited
HG03688#1	HG03688	HPRC-Rest	assembly_or_reference	DR_DQ_candidate_novel_annotation	2	2	2	2	1	HG03688#1#JBHDTJ010000054.1:28390921-33637286	3554951	3693232	1	WHR1-like+|C4AL+|CYP21A1P-like+|TNXA-like-|WHR1B-like+|C4BL+|CYP21A2-like+|TNXB-like-	RCCX-SCREEN-c91a117646c15232	component_counts_consistent	Nearest prototype is not functional gene identity; no fusion or gene-conversion classification; C4 annotation inherited
HG03688#2	HG03688	HPRC-Rest	assembly_or_reference		2	2	2	2	1	HG03688#2#JBHDTK010000054.1:28442317-33604941	3553989	3692144	1	WHR1-like+|C4AL+|CYP21A1P-like+|TNXA-like-|WHR1B-like+|C4BL+|CYP21A2-like+|TNXB-like-	RCCX-SCREEN-c91a117646c15232	component_counts_consistent	Nearest prototype is not functional gene identity; no fusion or gene-conversion classification; C4 annotation inherited
HG03704#1	HG03704	HPRC-Rest	assembly_or_reference	DR_DQ_candidate_novel_annotation	2	2	2	2	1	HG03704#1#JBHDRL010000035.1:28385510-33544273	3561517	3693328	1	WHR1-like+|C4AL+|CYP21A1P-like+|TNXA-like-|WHR1B-like+|C4BS+|CYP21A2-like+|TNXB-like-	RCCX-SCREEN-08dc6d3cd5c804e4	component_counts_consistent	Nearest prototype is not functional gene identity; no fusion or gene-conversion classification; C4 annotation inherited
HG03704#2	HG03704	HPRC-Rest	assembly_or_reference		2	2	2	2	1	HG03704#2#CM086190.1:28367307-33613199	3550853	3682612	1	WHR1-like+|C4AL+|CYP21A1P-like+|TNXA-like-|WHR1B-like+|C4BS+|CYP21A2-like+|TNXB-like-	RCCX-SCREEN-08dc6d3cd5c804e4	component_counts_consistent	Nearest prototype is not functional gene identity; no fusion or gene-conversion classification; C4 annotation inherited
HG03710#1	HG03710	HPRC-Rest	assembly_or_reference	DR_DQ_candidate_novel_annotation	2	2	2	2	1	HG03710#1#CM086869.1:28406453-33664140	3554647	3692809	1	WHR1-like+|C4AL+|CYP21A1P-like+|TNXA-like-|WHR1B-like+|C4BL+|CYP21A2-like+|TNXB-like-	RCCX-SCREEN-c91a117646c15232	component_counts_consistent	Nearest prototype is not functional gene identity; no fusion or gene-conversion classification; C4 annotation inherited
HG03710#2	HG03710	HPRC-Rest	assembly_or_reference	DR_DQ_candidate_novel_annotation	2	2	2	2	1	HG03710#2#CM086882.1:28406463-33546644	3557490	3695733	1	WHR1-like+|C4AL+|CYP21A1P-like+|TNXA-like-|WHR1B-like+|C4BL+|CYP21A2-like+|TNXB-like-	RCCX-SCREEN-c91a117646c15232	component_counts_consistent	Nearest prototype is not functional gene identity; no fusion or gene-conversion classification; C4 annotation inherited
HG03742#1	HG03742	HPRC-Rest	assembly_or_reference	DR_DQ_candidate_novel_annotation	2	2	2	2	1	HG03742#1#CM087628.1:28422273-33665592	3550596	3688755	1	WHR1-like+|C4AL+|CYP21A1P-like+|TNXA-like-|WHR1B-like+|C4BL+|CYP21A2-like+|TNXB-like-	RCCX-SCREEN-c91a117646c15232	component_counts_consistent	Nearest prototype is not functional gene identity; no fusion or gene-conversion classification; C4 annotation inherited
HG03742#2	HG03742	HPRC-Rest	assembly_or_reference		2	2	2	2	1	HG03742#2#JBHDXM010000003.1:28462365-33593791	3541011	3672798	1	WHR1-like+|C4AL+|CYP21A1P-like+|TNXA-like-|WHR1B-like+|C4BS+|CYP21A2-like+|TNXB-like-	RCCX-SCREEN-08dc6d3cd5c804e4	component_counts_consistent	Nearest prototype is not functional gene identity; no fusion or gene-conversion classification; C4 annotation inherited
HG03784#1	HG03784	HPRC-Rest	assembly_or_reference		2	2	2	2	1	HG03784#1#CM094174.1:28377153-33515338	3555536	3693812	1	WHR1-like+|C4AL+|CYP21A1P-like+|TNXA-like-|WHR1B-like+|C4BL+|CYP21A2-like+|TNXB-like-	RCCX-SCREEN-c91a117646c15232	component_counts_consistent	Nearest prototype is not functional gene identity; no fusion or gene-conversion classification; C4 annotation inherited
HG03784#2	HG03784	HPRC-Rest	assembly_or_reference	DR_DQ_candidate_novel_annotation	3	3	3	3	1	HG03784#2#CM094203.1:28433118-33600593	3557480	3722085	1	WHR1-like+|C4AL+|CYP21A1P-like+|TNXA-like-|WHR1B-like+|C4AS+|CYP21A1P-like+|TNXA-like-|WHR1B-like+|C4BL+|CYP21A2-like+|TNXB-like-	RCCX-SCREEN-e92677dc4f8b8aff	component_counts_consistent	Nearest prototype is not functional gene identity; no fusion or gene-conversion classification; C4 annotation inherited
HG03804#1	HG03804	HPRC-Rest	assembly_or_reference		3	3	3	3	1	HG03804#1#CM088331.1:28384562-33565798	3551690	3709935	1	WHR1-like+|C4AL+|CYP21A1P-like+|TNXA-like-|WHR1B-like+|C4AS+|CYP21A1P-like+|TNXA-like-|WHR1B-like+|C4BS+|CYP21A2-like+|TNXB-like-	RCCX-SCREEN-43779c00c9747168	component_counts_consistent	Nearest prototype is not functional gene identity; no fusion or gene-conversion classification; C4 annotation inherited
HG03804#2	HG03804	HPRC-Rest	assembly_or_reference	DR_DQ_candidate_novel_annotation	2	2	2	2	1	HG03804#2#CM088379.1:28362365-33467265	3501774	3633530	1	WHR1-like+|C4AL+|CYP21A1P-like+|TNXA-like-|WHR1B-like+|C4BS+|CYP21A2-like+|TNXB-like-	RCCX-SCREEN-08dc6d3cd5c804e4	component_counts_consistent	Nearest prototype is not functional gene identity; no fusion or gene-conversion classification; C4 annotation inherited
HG03816#1	HG03816	HPRC-Rest	assembly_or_reference	DR_DQ_candidate_novel_annotation	3	3	3	3	1	HG03816#1#JBJXWF010000049.1:28427684-33714593	3563964	3722117	1	WHR1-like+|C4AL+|CYP21A1P-like+|TNXA-like-|WHR1B-like+|C4BS+|CYP21A1P-like+|TNXA-like-|WHR1B-like+|C4BS+|CYP21A2-like+|TNXB-like-	RCCX-SCREEN-0c843ef37c4c8a9d	component_counts_consistent	Nearest prototype is not functional gene identity; no fusion or gene-conversion classification; C4 annotation inherited
HG03816#2	HG03816	HPRC-Rest	assembly_or_reference		2	2	2	2	1	HG03816#2#JBJXWG010000046.1:28406441-33636019	3621664	3759818	1	WHR1-like+|C4AL+|CYP21A1P-like+|TNXA-like-|WHR1B-like+|C4BL+|CYP21A2-like+|TNXB-like-	RCCX-SCREEN-c91a117646c15232	component_counts_consistent	Nearest prototype is not functional gene identity; no fusion or gene-conversion classification; C4 annotation inherited
HG03831#1	HG03831	HPRC-Rest	assembly_or_reference	DR_DQ_candidate_novel_annotation	2	2	2	2	1	HG03831#1#JBHDSN010000045.1:28374864-33602539	3617859	3756049	1	WHR1-like+|C4AL+|CYP21A1P-like+|TNXA-like-|WHR1B-like+|C4BL+|CYP21A2-like+|TNXB-like-	RCCX-SCREEN-c91a117646c15232	component_counts_consistent	Nearest prototype is not functional gene identity; no fusion or gene-conversion classification; C4 annotation inherited
HG03831#2	HG03831	HPRC-Rest	assembly_or_reference	DR_DQ_candidate_novel_annotation	3	3	3	3	1	HG03831#2#JBHDSO010000065.1:28430318-33704666	3621302	3785903	1	WHR1-like+|C4AL+|CYP21A1P-like+|TNXA-like-|WHR1B-like+|C4BS+|CYP21A1P-like+|TNXA-like-|WHR1B-like+|C4AL+|CYP21A2-like+|TNXB-like-	RCCX-SCREEN-42dd7f832dff3c86	component_counts_consistent	Nearest prototype is not functional gene identity; no fusion or gene-conversion classification; C4 annotation inherited
HG03834#1	HG03834	HPRC-Rest	assembly_or_reference		2	2	2	2	1	HG03834#1#CM085797.1:28395320-33703328	3613245	3745029	1	WHR1-like+|C4AL+|CYP21A1P-like+|TNXA-like-|WHR1B-like+|C4BS+|CYP21A2-like+|TNXB-like-	RCCX-SCREEN-08dc6d3cd5c804e4	component_counts_consistent	Nearest prototype is not functional gene identity; no fusion or gene-conversion classification; C4 annotation inherited
HG03834#2	HG03834	HPRC-Rest	assembly_or_reference		2	2	2	2	1	HG03834#2#CM085813.1:28455324-33598071	3540917	3672694	1	WHR1-like+|C4AL+|CYP21A1P-like+|TNXA-like-|WHR1B-like+|C4BS+|CYP21A2-like+|TNXB-like-	RCCX-SCREEN-08dc6d3cd5c804e4	component_counts_consistent	Nearest prototype is not functional gene identity; no fusion or gene-conversion classification; C4 annotation inherited
HG03874#1	HG03874	HPRC-Rest	assembly_or_reference	DR_DQ_candidate_novel_annotation	3	3	3	3	1	HG03874#1#CM089432.1:28353581-33507962	3550896	3715523	1	WHR1-like+|C4AL+|CYP21A1P-like+|TNXA-like-|WHR1B-like+|C4AS+|CYP21A1P-like+|TNXA-like-|WHR1B-like+|C4BL+|CYP21A2-like+|TNXB-like-	RCCX-SCREEN-e92677dc4f8b8aff	component_counts_consistent	Nearest prototype is not functional gene identity; no fusion or gene-conversion classification; C4 annotation inherited
HG03874#2	HG03874	HPRC-Rest	assembly_or_reference	DR_DQ_candidate_novel_annotation	2	2	2	2	1	HG03874#2#CM089475.1:28434562-33680043	3550627	3682386	1	WHR1-like+|C4AL+|CYP21A1P-like+|TNXA-like-|WHR1B-like+|C4BS+|CYP21A2-like+|TNXB-like-	RCCX-SCREEN-08dc6d3cd5c804e4	component_counts_consistent	Nearest prototype is not functional gene identity; no fusion or gene-conversion classification; C4 annotation inherited
HG03927#1	HG03927	HPRC-Rest	assembly_or_reference	DR_DQ_candidate_novel_annotation	2	2	2	2	1	HG03927#1#CM086636.1:28465203-33551033	3502177	3640407	1	WHR1-like+|C4AL+|CYP21A1P-like+|TNXA-like-|WHR1B-like+|C4BL+|CYP21A2-like+|TNXB-like-	RCCX-SCREEN-c91a117646c15232	component_counts_consistent	Nearest prototype is not functional gene identity; no fusion or gene-conversion classification; C4 annotation inherited
HG03927#2	HG03927	HPRC-Rest	assembly_or_reference	DR_DQ_candidate_novel_annotation	2	2	2	2	1	HG03927#2#CM086659.1:28395712-33710667	3619069	3750830	1	WHR1-like+|C4AL+|CYP21A1P-like+|TNXA-like-|WHR1B-like+|C4BS+|CYP21A2-like+|TNXB-like-	RCCX-SCREEN-08dc6d3cd5c804e4	component_counts_consistent	Nearest prototype is not functional gene identity; no fusion or gene-conversion classification; C4 annotation inherited
HG03942#1	HG03942	HPRC-Rest	assembly_or_reference		2	2	2	2	1	HG03942#1#CM088393.1:28271517-33427607	3553860	3685730	1	WHR1-like+|C4AL+|CYP21A1P-like+|TNXA-like-|WHR1B-like+|C4BS+|CYP21A2-like+|TNXB-like-	RCCX-SCREEN-08dc6d3cd5c804e4	component_counts_consistent	Nearest prototype is not functional gene identity; no fusion or gene-conversion classification; C4 annotation inherited
HG03942#2	HG03942	HPRC-Rest	assembly_or_reference		3	3	3	3	1	HG03942#2#CM088404.1:29036351-34210946	3545372	3703613	1	WHR1-like+|C4AL+|CYP21A1P-like+|TNXA-like-|WHR1B-like+|C4AS+|CYP21A1P-like+|TNXA-like-|WHR1B-like+|C4BS+|CYP21A2-like+|TNXB-like-	RCCX-SCREEN-43779c00c9747168	component_counts_consistent	Nearest prototype is not functional gene identity; no fusion or gene-conversion classification; C4 annotation inherited
HG04115#1	HG04115	HPRC-Rest	assembly_or_reference		2	2	2	2	1	HG04115#1#JBHDTF010000057.1:28438850-33586926	3558240	3690028	1	WHR1-like+|C4AL+|CYP21A1P-like+|TNXA-like-|WHR1B-like+|C4BS+|CYP21A2-like+|TNXB-like-	RCCX-SCREEN-08dc6d3cd5c804e4	component_counts_consistent	Nearest prototype is not functional gene identity; no fusion or gene-conversion classification; C4 annotation inherited
HG04115#2	HG04115	HPRC-Rest	assembly_or_reference	DR_DQ_candidate_novel_annotation;downstream_graph_clipping_loss	2	2	2	2	1	HG04115#2#JBHDTG010000049.1:28423339-33670470	3551982	3683739	1	WHR1-like+|C4AL+|CYP21A1P-like+|TNXA-like-|WHR1B-like+|C4BS+|CYP21A2-like+|TNXB-like-	RCCX-SCREEN-08dc6d3cd5c804e4	component_counts_consistent	Nearest prototype is not functional gene identity; no fusion or gene-conversion classification; C4 annotation inherited
HG04157#1	HG04157	HPRC-Rest	assembly_or_reference	DR_DQ_candidate_novel_annotation	3	3	3	3	1	HG04157#1#CM088414.1:28397949-33735050	3615830	3773986	1	WHR1-like+|C4AL+|CYP21A1P-like+|TNXA-like-|WHR1B-like+|C4BS+|CYP21A1P-like+|TNXA-like-|WHR1B-like+|C4BS+|CYP21A2-like+|TNXB-like-	RCCX-SCREEN-0c843ef37c4c8a9d	component_counts_consistent	Nearest prototype is not functional gene identity; no fusion or gene-conversion classification; C4 annotation inherited
HG04157#2	HG04157	HPRC-Rest	assembly_or_reference	DR_DQ_candidate_novel_annotation	1	1	1	1	1	HG04157#2#CM088438.1:28355512-33488875	3539795	3645218	1	WHR1-like+|C4AL+|CYP21A2-like+|TNXB-like-	RCCX-SCREEN-80c1563b57f16898	component_counts_consistent	Nearest prototype is not functional gene identity; no fusion or gene-conversion classification; C4 annotation inherited
HG04160#1	HG04160	HPRC-Rest	assembly_or_reference		2	2	2	2	1	HG04160#1#JBHIGW010000016.1:28356435-33564314	3618795	3750582	1	WHR1-like+|C4AL+|CYP21A1P-like+|TNXA-like-|WHR1B-like+|C4BS+|CYP21A2-like+|TNXB-like-	RCCX-SCREEN-08dc6d3cd5c804e4	component_counts_consistent	Nearest prototype is not functional gene identity; no fusion or gene-conversion classification; C4 annotation inherited
HG04160#2	HG04160	HPRC-Rest	assembly_or_reference	DR_DQ_candidate_novel_annotation	2	2	2	2	1	HG04160#2#JBHIGX010000055.1:28422741-33644744	3618917	3750722	1	WHR1-like+|C4AL+|CYP21A1P-like+|TNXA-like-|WHR1B-like+|C4BS+|CYP21A2-like+|TNXB-like-	RCCX-SCREEN-08dc6d3cd5c804e4	component_counts_consistent	Nearest prototype is not functional gene identity; no fusion or gene-conversion classification; C4 annotation inherited
HG04184#1	HG04184	HPRC-Rest	assembly_or_reference		2	2	2	2	1	HG04184#1#CM086460.1:28371226-33616523	3550097	3681858	1	WHR1-like+|C4AL+|CYP21A1P-like+|TNXA-like-|WHR1B-like+|C4BS+|CYP21A2-like+|TNXB-like-	RCCX-SCREEN-08dc6d3cd5c804e4	component_counts_consistent	Nearest prototype is not functional gene identity; no fusion or gene-conversion classification; C4 annotation inherited
HG04184#2	HG04184	HPRC-Rest	assembly_or_reference	DR_DQ_candidate_novel_annotation	3	3	3	3	1	HG04184#2#CM086472.1:28433511-33770331	3614318	3772471	1	WHR1-like+|C4AL+|CYP21A1P-like+|TNXA-like-|WHR1B-like+|C4BS+|CYP21A1P-like+|TNXA-like-|WHR1B-like+|C4BS+|CYP21A2-like+|TNXB-like-	RCCX-SCREEN-0c843ef37c4c8a9d	component_counts_consistent	Nearest prototype is not functional gene identity; no fusion or gene-conversion classification; C4 annotation inherited
HG04187#1	HG04187	HPRC-Rest	assembly_or_reference		2	2	2	2	1	HG04187#1#CM099742.1:28415864-33609347	3620845	3752741	1	WHR1-like+|C4AL+|CYP21A2-like+|TNXA-like-|WHR1B-like+|C4BS+|CYP21A2-like+|TNXB-like-	RCCX-SCREEN-804d53b600bb619f	component_counts_consistent	Nearest prototype is not functional gene identity; no fusion or gene-conversion classification; C4 annotation inherited
HG04187#2	HG04187	HPRC-Rest	assembly_or_reference	DR_DQ_candidate_novel_annotation	2	2	2	2	1	HG04187#2#CM099756.1:28400738-33533288	3555899	3694065	1	WHR1-like+|C4AL+|CYP21A1P-like+|TNXA-like-|WHR1B-like+|C4BL+|CYP21A2-like+|TNXB-like-	RCCX-SCREEN-c91a117646c15232	component_counts_consistent	Nearest prototype is not functional gene identity; no fusion or gene-conversion classification; C4 annotation inherited
HG04199#1	HG04199	HPRC-Rest	assembly_or_reference	DR_DQ_candidate_novel_annotation	1	1	1	1	1	HG04199#1#JBHDTH010000059.1:28382492-33668076	3623302	3728700	1	WHR1-like+|C4AL+|CYP21A2-like+|TNXB-like-	RCCX-SCREEN-80c1563b57f16898	component_counts_consistent	Nearest prototype is not functional gene identity; no fusion or gene-conversion classification; C4 annotation inherited
HG04199#2	HG04199	HPRC-Rest	assembly_or_reference	DR_DQ_candidate_novel_annotation	2	2	2	2	1	HG04199#2#JBHDTI010000015.1:28378462-33549536	3563416	3701583	1	WHR1-like+|C4AL+|CYP21A1P-like+|TNXA-like-|WHR1B-like+|C4BL+|CYP21A2-like+|TNXB-like-	RCCX-SCREEN-c91a117646c15232	component_counts_consistent	Nearest prototype is not functional gene identity; no fusion or gene-conversion classification; C4 annotation inherited
HG04204#1	HG04204	HPRC-Rest	assembly_or_reference	DR_DQ_candidate_novel_annotation	2	2	2	2	1	HG04204#1#JBHIGY010000015.1:28376780-33510758	3507008	3645201	1	WHR1-like+|C4AL+|CYP21A1P-like+|TNXA-like-|WHR1B-like+|C4BL+|CYP21A2-like+|TNXB-like-	RCCX-SCREEN-c91a117646c15232	component_counts_consistent	Nearest prototype is not functional gene identity; no fusion or gene-conversion classification; C4 annotation inherited
HG04204#2	HG04204	HPRC-Rest	assembly_or_reference	DR_DQ_candidate_novel_annotation	2	2	2	2	1	HG04204#2#JBHIGZ010000014.1:28378310-33624751	3550538	3682313	1	WHR1-like+|C4AL+|CYP21A1P-like+|TNXA-like-|WHR1B-like+|C4BS+|CYP21A2-like+|TNXB-like-	RCCX-SCREEN-08dc6d3cd5c804e4	component_counts_consistent	Nearest prototype is not functional gene identity; no fusion or gene-conversion classification; C4 annotation inherited
HG04228#1	HG04228	HPRC-Rest	assembly_or_reference		2	2	2	2	1	HG04228#1#CM088480.1:28407255-33566968	3550607	3688778	1	WHR1-like+|C4AL+|CYP21A1P-like+|TNXA-like-|WHR1B-like+|C4BL+|CYP21A2-like+|TNXB-like-	RCCX-SCREEN-c91a117646c15232	component_counts_consistent	Nearest prototype is not functional gene identity; no fusion or gene-conversion classification; C4 annotation inherited
HG04228#2	HG04228	HPRC-Rest	assembly_or_reference	DR_DQ_candidate_novel_annotation	2	2	2	2	1	HG04228#2#CM088508.1:28466048-33622943	3549175	3687411	1	WHR1-like+|C4AL+|CYP21A1P-like+|TNXA-like-|WHR1B-like+|C4BL+|CYP21A2-like+|TNXB-like-	RCCX-SCREEN-c91a117646c15232	component_counts_consistent	Nearest prototype is not functional gene identity; no fusion or gene-conversion classification; C4 annotation inherited
HG06807#1	HG06807	HPRC-Rest	assembly_or_reference	DR_DQ_candidate_novel_annotation	2	2	2	2	1	HG06807#1#CM101400.1:28463683-33619551	3554091	3685873	1	WHR1-like+|C4AL+|CYP21A1P-like+|TNXA-like-|WHR1B-like+|C4BS+|CYP21A2-like+|TNXB-like-	RCCX-SCREEN-08dc6d3cd5c804e4	component_counts_consistent	Nearest prototype is not functional gene identity; no fusion or gene-conversion classification; C4 annotation inherited
HG06807#2	HG06807	HPRC-Rest	assembly_or_reference		1	1	1	1	1	HG06807#2#CM101434.1:28441503-33631596	3621105	3720169	1	WHR1-like+|C4BS+|CYP21A2-like+|TNXB-like-	RCCX-SCREEN-a002f576cdda62b4	component_counts_consistent	Nearest prototype is not functional gene identity; no fusion or gene-conversion classification; C4 annotation inherited
HIFI032007D#1	HIFI032007D	CPC-Chinese	clipped_graph_paths	upstream_clipped_graph_source;DR_DQ_candidate_novel_annotation	3	3	3	3	1	HIFI032007D#1#h1tg000073l_0_0:608286-5760441_rc	3546287	3710822	1	WHR1-like+|C4AL+|CYP21A1P-like+|TNXA-like-|WHR1B-like+|C4AL+|CYP21A1P-like+|TNXA-like-|WHR1B-like+|C4BS+|CYP21A2-like+|TNXB-like-	RCCX-SCREEN-f3965b9e0fe6783a	component_counts_consistent	Nearest prototype is not functional gene identity; no fusion or gene-conversion classification; C4 annotation inherited
HIFI032007D#2	HIFI032007D	CPC-Chinese	clipped_graph_paths	upstream_clipped_graph_source;DR_DQ_candidate_novel_annotation	0	1	2	2	0				0			unresolved_component_or_contiguity	Nearest prototype is not functional gene identity; no fusion or gene-conversion classification; C4 annotation inherited
HIFI032018D#1	HIFI032018D	CPC-Chinese	clipped_graph_paths	upstream_clipped_graph_source;DR_DQ_candidate_novel_annotation	2	2	2	2	1	HIFI032018D#1#h1tg000037l_0_0:304267-5382862	3506272	3638066	1	WHR1-like+|C4AL+|CYP21A1P-like+|TNXA-like-|WHR1B-like+|C4BS+|CYP21A2-like+|TNXB-like-	RCCX-SCREEN-08dc6d3cd5c804e4	component_counts_consistent	Nearest prototype is not functional gene identity; no fusion or gene-conversion classification; C4 annotation inherited
HIFI032018D#2	HIFI032018D	CPC-Chinese	clipped_graph_paths	upstream_clipped_graph_source;DR_DQ_candidate_novel_annotation	2	2	2	2	1	HIFI032018D#2#h2tg000056l_0_0:307668-5563326	3553254	3685016	1	WHR1-like+|C4AL+|CYP21A1P-like+|TNXA-like-|WHR1B-like+|C4BS+|CYP21A2-like+|TNXB-like-	RCCX-SCREEN-08dc6d3cd5c804e4	component_counts_consistent	Nearest prototype is not functional gene identity; no fusion or gene-conversion classification; C4 annotation inherited
HIFI032069D#1	HIFI032069D	CPC-Chinese	clipped_graph_paths	upstream_clipped_graph_source;DR_DQ_candidate_novel_annotation	2	2	2	2	1	HIFI032069D#1#h1tg000026l_0_0:610788-5743677_rc	3560640	3692462	1	WHR1-like+|C4AL+|CYP21A1P-like+|TNXA-like-|WHR1B-like+|C4BS+|CYP21A2-like+|TNXB-like-	RCCX-SCREEN-08dc6d3cd5c804e4	component_counts_consistent	Nearest prototype is not functional gene identity; no fusion or gene-conversion classification; C4 annotation inherited
HIFI032069D#2	HIFI032069D	CPC-Chinese	clipped_graph_paths	upstream_clipped_graph_source;DR_DQ_candidate_novel_annotation;downstream_graph_clipping_loss	3	3	3	3	1	HIFI032069D#2#h2tg000171l_0_0:608783-5720475_rc	3455971	3620570	1	WHR1-like+|C4AL+|CYP21A1P-like+|TNXA-like-|WHR1B-like+|C4AS+|CYP21A1P-like+|TNXA-like-|WHR1B-like+|C4BL+|CYP21A2-like+|TNXB-like-	RCCX-SCREEN-e92677dc4f8b8aff	component_counts_consistent	Nearest prototype is not functional gene identity; no fusion or gene-conversion classification; C4 annotation inherited
HIFI032097D#1	HIFI032097D	CPC-Chinese	clipped_graph_paths	upstream_clipped_graph_source;DR_DQ_candidate_novel_annotation;downstream_graph_clipping_loss	2	2	2	2	1	HIFI032097D#1#h1tg000023l_0_0:611330-5798061_rc	3608917	3740703	1	WHR1-like+|C4AL+|CYP21A1P-like+|TNXA-like-|WHR1B-like+|C4BS+|CYP21A2-like+|TNXB-like-	RCCX-SCREEN-08dc6d3cd5c804e4	component_counts_consistent	Nearest prototype is not functional gene identity; no fusion or gene-conversion classification; C4 annotation inherited
HIFI032097D#2	HIFI032097D	CPC-Chinese	clipped_graph_paths	upstream_clipped_graph_source;DR_DQ_candidate_novel_annotation;downstream_graph_clipping_loss	2	2	2	2	1	HIFI032097D#2#h2tg000077l_0_0:609524-5764255_rc	3552990	3684880	1	WHR1-like+|C4BL+|CYP21A2-like+|TNXA-like-|WHR1B-like+|C4BS+|CYP21A2-like+|TNXB-like-	RCCX-SCREEN-c23deea26722f529	component_counts_consistent	Nearest prototype is not functional gene identity; no fusion or gene-conversion classification; C4 annotation inherited
HIFI032103D#1	HIFI032103D	CPC-Chinese	clipped_graph_paths	upstream_clipped_graph_source;DR_DQ_candidate_novel_annotation;downstream_graph_clipping_loss	2	2	2	2	1	HIFI032103D#1#h1tg000059l_0_0:611631-3016887_rc	815095	946888	1	WHR1-like+|C4AL+|CYP21A1P-like+|TNXA-like-|WHR1B-like+|C4BS+|CYP21A2-like+|TNXB-like-	RCCX-SCREEN-08dc6d3cd5c804e4	component_counts_consistent	Nearest prototype is not functional gene identity; no fusion or gene-conversion classification; C4 annotation inherited
HIFI032103D#2	HIFI032103D	CPC-Chinese	clipped_graph_paths	upstream_clipped_graph_source;DR_DQ_candidate_novel_annotation	2	2	2	2	1	HIFI032103D#2#h2tg000045l_0_0:303195-5607722	3618789	3750576	1	WHR1-like+|C4AL+|CYP21A1P-like+|TNXA-like-|WHR1B-like+|C4AS+|CYP21A2-like+|TNXB-like-	RCCX-SCREEN-b8ca310d36f0396c	component_counts_consistent	Nearest prototype is not functional gene identity; no fusion or gene-conversion classification; C4 annotation inherited
HIFI032161D#1	HIFI032161D	CPC-Chinese	clipped_graph_paths	upstream_clipped_graph_source;DR_DQ_core_missing_or_multiple_annotations;DR_DQ_candidate_novel_annotation;downstream_graph_clipping_loss	2	2	2	2	1	HIFI032161D#1#h1tg000029l_0_0:607863-5752234_rc	3564073	3702231	1	WHR1-like+|C4AL+|CYP21A1P-like+|TNXA-like-|WHR1B-like+|C4BL+|CYP21A2-like+|TNXB-like-	RCCX-SCREEN-c91a117646c15232	component_counts_consistent	Nearest prototype is not functional gene identity; no fusion or gene-conversion classification; C4 annotation inherited
HIFI032161D#2	HIFI032161D	CPC-Chinese	clipped_graph_paths	upstream_clipped_graph_source;DR_DQ_candidate_novel_annotation;downstream_graph_clipping_loss	2	2	2	2	1	HIFI032161D#2#h2tg000024l_0_0:611651-5758120_rc	3560773	3698932	1	WHR1-like+|C4AL+|CYP21A1P-like+|TNXA-like-|WHR1B-like+|C4BL+|CYP21A2-like+|TNXB-like-	RCCX-SCREEN-c91a117646c15232	component_counts_consistent	Nearest prototype is not functional gene identity; no fusion or gene-conversion classification; C4 annotation inherited
HIFI032164D#1	HIFI032164D	CPC-Chinese	clipped_graph_paths	upstream_clipped_graph_source;downstream_graph_clipping_loss	5	5	5	5	0				0			unresolved_component_or_contiguity	Nearest prototype is not functional gene identity; no fusion or gene-conversion classification; C4 annotation inherited
HIFI032164D#2	HIFI032164D	CPC-Chinese	clipped_graph_paths	upstream_clipped_graph_source;DR_DQ_candidate_novel_annotation;downstream_graph_clipping_loss	3	3	3	3	1	HIFI032164D#2#h2tg000476l_0_0:107-368968_rc	192191	363087	1	WHR1-like+|C4AL+|CYP21A1P-like+|TNXA-like-|WHR1B-like+|C4AL+|CYP21A1P-like+|TNXA-like-|WHR1B-like+|C4BL+|CYP21A2-like+|TNXB-like-	RCCX-SCREEN-ca928f07d032036f	component_counts_consistent	Nearest prototype is not functional gene identity; no fusion or gene-conversion classification; C4 annotation inherited
HIFI032167D#1	HIFI032167D	CPC-Chinese	clipped_graph_paths	upstream_clipped_graph_source;DR_DQ_candidate_novel_annotation;downstream_graph_clipping_loss	3	3	3	3	1	HIFI032167D#1#h1tg000006l_0_0:609993-5773840_rc	3558060	3722578	1	WHR1-like+|C4AL+|CYP21A1P-like+|TNXA-like-|WHR1B-like+|C4AL+|CYP21A1P-like+|TNXA-like-|WHR1B-like+|C4BS+|CYP21A2-like+|TNXB-like-	RCCX-SCREEN-f3965b9e0fe6783a	component_counts_consistent	Nearest prototype is not functional gene identity; no fusion or gene-conversion classification; C4 annotation inherited
HIFI032167D#2	HIFI032167D	CPC-Chinese	clipped_graph_paths	upstream_clipped_graph_source;DR_DQ_candidate_novel_annotation;downstream_graph_clipping_loss	3	3	3	3	1	HIFI032167D#2#h2tg000184l_0_0:578-3410834_rc	3154042	3318560	1	WHR1-like+|C4AL+|CYP21A1P-like+|TNXA-like-|WHR1B-like+|C4AL+|CYP21A1P-like+|TNXA-like-|WHR1B-like+|C4BS+|CYP21A2-like+|TNXB-like-	RCCX-SCREEN-f3965b9e0fe6783a	component_counts_consistent	Nearest prototype is not functional gene identity; no fusion or gene-conversion classification; C4 annotation inherited
HIFI032182D#1	HIFI032182D	CPC-Chinese	clipped_graph_paths	upstream_clipped_graph_source;DR_DQ_candidate_novel_annotation;downstream_graph_clipping_loss	2	2	2	2	1	HIFI032182D#1#h1tg000062l_0_0:608743-5774270_rc	3561559	3693352	1	WHR1-like+|C4AL+|CYP21A1P-like+|TNXA-like-|WHR1B-like+|C4BS+|CYP21A2-like+|TNXB-like-	RCCX-SCREEN-08dc6d3cd5c804e4	component_counts_consistent	Nearest prototype is not functional gene identity; no fusion or gene-conversion classification; C4 annotation inherited
HIFI032182D#2	HIFI032182D	CPC-Chinese	clipped_graph_paths	upstream_clipped_graph_source	2	2	2	2	1	HIFI032182D#2#h2tg000020l_0_0:304162-5451064	3545113	3676877	1	WHR1-like+|C4AL+|CYP21A1P-like+|TNXA-like-|WHR1B-like+|C4BS+|CYP21A2-like+|TNXB-like-	RCCX-SCREEN-08dc6d3cd5c804e4	component_counts_consistent	Nearest prototype is not functional gene identity; no fusion or gene-conversion classification; C4 annotation inherited
HIFI032289D#1	HIFI032289D	CPC-Chinese	clipped_graph_paths	upstream_clipped_graph_source;DR_DQ_candidate_novel_annotation	3	3	3	3	1	HIFI032289D#1#h1tg000057l_0_0:611762-5895636_rc	3549232	3713835	1	WHR1-like+|C4AL+|CYP21A1P-like+|TNXA-like-|WHR1B-like+|C4AS+|CYP21A1P-like+|TNXA-like-|WHR1B-like+|C4BL+|CYP21A2-like+|TNXB-like-	RCCX-SCREEN-e92677dc4f8b8aff	component_counts_consistent	Nearest prototype is not functional gene identity; no fusion or gene-conversion classification; C4 annotation inherited
HIFI032289D#2	HIFI032289D	CPC-Chinese	clipped_graph_paths	upstream_clipped_graph_source;DR_DQ_candidate_novel_annotation;downstream_graph_clipping_loss	2	2	2	2	1	HIFI032289D#2#h2tg000050l_0_0:302987-5547842	3552947	3691117	1	WHR1-like+|C4AL+|CYP21A1P-like+|TNXA-like-|WHR1B-like+|C4BL+|CYP21A2-like+|TNXB-like-	RCCX-SCREEN-c91a117646c15232	component_counts_consistent	Nearest prototype is not functional gene identity; no fusion or gene-conversion classification; C4 annotation inherited
HIFI032292D#1	HIFI032292D	CPC-Chinese	clipped_graph_paths	upstream_clipped_graph_source;DR_DQ_candidate_novel_annotation;downstream_graph_clipping_loss	2	2	2	2	1	HIFI032292D#1#h1tg000202l_0_0:610779-5026306_rc	2835620	2973782	1	WHR1-like+|C4AL+|CYP21A1P-like+|TNXA-like-|WHR1B-like+|C4BL+|CYP21A2-like+|TNXB-like-	RCCX-SCREEN-c91a117646c15232	component_counts_consistent	Nearest prototype is not functional gene identity; no fusion or gene-conversion classification; C4 annotation inherited
HIFI032292D#2	HIFI032292D	CPC-Chinese	clipped_graph_paths	upstream_clipped_graph_source;DR_DQ_candidate_novel_annotation	2	2	2	2	1	HIFI032292D#2#h2tg000202l_0_0:301746-5442974	3561494	3699657	1	WHR1-like+|C4AL+|CYP21A1P-like+|TNXA-like-|WHR1B-like+|C4BL+|CYP21A2-like+|TNXB-like-	RCCX-SCREEN-c91a117646c15232	component_counts_consistent	Nearest prototype is not functional gene identity; no fusion or gene-conversion classification; C4 annotation inherited
HIFI032302D#1	HIFI032302D	CPC-Chinese	clipped_graph_paths	upstream_clipped_graph_source;DR_DQ_candidate_novel_annotation;downstream_graph_clipping_loss	2	2	2	2	1	HIFI032302D#1#h1tg000118l_0_0:546-2591024	1077274	1209069	1	WHR1-like+|C4AL+|CYP21A1P-like+|TNXA-like-|WHR1B-like+|C4BS+|CYP21A2-like+|TNXB-like-	RCCX-SCREEN-08dc6d3cd5c804e4	component_counts_consistent	Nearest prototype is not functional gene identity; no fusion or gene-conversion classification; C4 annotation inherited
HIFI032302D#2	HIFI032302D	CPC-Chinese	clipped_graph_paths	upstream_clipped_graph_source;downstream_graph_clipping_loss	1	1	1	1	1	HIFI032302D#2#h2tg000125l_0_0:607201-5502153_rc	3350115	3455510	1	WHR1-like+|C4AL+|CYP21A2-like+|TNXB-like-	RCCX-SCREEN-80c1563b57f16898	component_counts_consistent	Nearest prototype is not functional gene identity; no fusion or gene-conversion classification; C4 annotation inherited
HIFI032306D#1	HIFI032306D	CPC-Chinese	clipped_graph_paths	upstream_clipped_graph_source;downstream_graph_clipping_loss	2	2	2	2	1	HIFI032306D#1#h1tg000062l_0_0:611306-5769353_rc	3550866	3689020	1	WHR1-like+|C4AL+|CYP21A1P-like+|TNXA-like-|WHR1B-like+|C4BL+|CYP21A2-like+|TNXB-like-	RCCX-SCREEN-c91a117646c15232	component_counts_consistent	Nearest prototype is not functional gene identity; no fusion or gene-conversion classification; C4 annotation inherited
HIFI032306D#2	HIFI032306D	CPC-Chinese	clipped_graph_paths	upstream_clipped_graph_source;DR_DQ_candidate_novel_annotation	2	2	2	2	1	HIFI032306D#2#h2tg000068l_0_0:608736-5852116_rc	3549797	3687979	1	WHR1-like+|C4BL+|CYP21A1P-like+|TNXA-like-|WHR1B-like+|C4AL+|CYP21A2-like+|TNXB-like-	RCCX-SCREEN-ddd7bb6699f86670	component_counts_consistent	Nearest prototype is not functional gene identity; no fusion or gene-conversion classification; C4 annotation inherited
HIFI032335D#1	HIFI032335D	CPC-Chinese	clipped_graph_paths	upstream_clipped_graph_source	2	2	2	2	1	HIFI032335D#1#h1tg000010l_0_0:301759-5500911	3504447	3636227	1	WHR1-like+|C4AL+|CYP21A1P-like+|TNXA-like-|WHR1B-like+|C4BS+|CYP21A2-like+|TNXB-like-	RCCX-SCREEN-08dc6d3cd5c804e4	component_counts_consistent	Nearest prototype is not functional gene identity; no fusion or gene-conversion classification; C4 annotation inherited
HIFI032335D#2	HIFI032335D	CPC-Chinese	clipped_graph_paths	upstream_clipped_graph_source;DR_DQ_candidate_novel_annotation	2	2	2	2	1	HIFI032335D#2#h2tg000219l_0_0:2273-2943040	1647786	1785948	1	WHR1-like+|C4AL+|CYP21A1P-like+|TNXA-like-|WHR1B-like+|C4BL+|CYP21A2-like+|TNXB-like-	RCCX-SCREEN-c91a117646c15232	component_counts_consistent	Nearest prototype is not functional gene identity; no fusion or gene-conversion classification; C4 annotation inherited
HIFI032349D#1	HIFI032349D	CPC-Chinese	clipped_graph_paths	upstream_clipped_graph_source;DR_DQ_candidate_novel_annotation	2	2	2	2	1	HIFI032349D#1#h1tg000020l_0_0:301733-5566658	3562372	3694169	1	WHR1-like+|C4AL+|CYP21A1P-like+|TNXA-like-|WHR1B-like+|C4BS+|CYP21A2-like+|TNXB-like-	RCCX-SCREEN-08dc6d3cd5c804e4	component_counts_consistent	Nearest prototype is not functional gene identity; no fusion or gene-conversion classification; C4 annotation inherited
HIFI032349D#2	HIFI032349D	CPC-Chinese	clipped_graph_paths	upstream_clipped_graph_source;DR_DQ_candidate_novel_annotation;downstream_graph_clipping_loss	2	2	2	2	1	HIFI032349D#2#h2tg000060l_0_0:608410-5739806_rc	3555099	3693280	1	WHR1-like+|C4AL+|CYP21A1P-like+|TNXA-like-|WHR1B-like+|C4BL+|CYP21A2-like+|TNXB-like-	RCCX-SCREEN-c91a117646c15232	component_counts_consistent	Nearest prototype is not functional gene identity; no fusion or gene-conversion classification; C4 annotation inherited
HIFI032373D#1	HIFI032373D	CPC-Chinese	clipped_graph_paths	upstream_clipped_graph_source;downstream_graph_clipping_loss	2	2	2	2	1	HIFI032373D#1#h1tg000049l_0_0:608867-5740038_rc	3551627	3683427	1	WHR1-like+|C4AL+|CYP21A1P-like+|TNXA-like-|WHR1B-like+|C4BS+|CYP21A2-like+|TNXB-like-	RCCX-SCREEN-08dc6d3cd5c804e4	component_counts_consistent	Nearest prototype is not functional gene identity; no fusion or gene-conversion classification; C4 annotation inherited
HIFI032373D#2	HIFI032373D	CPC-Chinese	clipped_graph_paths	upstream_clipped_graph_source;DR_DQ_candidate_novel_annotation	2	2	2	2	1	HIFI032373D#2#h2tg000139l_0_0:112-485361_rc	212289	350454	1	WHR1-like+|C4AL+|CYP21A1P-like+|TNXA-like-|WHR1B-like+|C4AL+|CYP21A2-like+|TNXB-like-	RCCX-SCREEN-109f6cb2c3c027c8	component_counts_consistent	Nearest prototype is not functional gene identity; no fusion or gene-conversion classification; C4 annotation inherited
HIFI032420D#1	HIFI032420D	CPC-Chinese	clipped_graph_paths	upstream_clipped_graph_source;DR_DQ_candidate_novel_annotation;downstream_graph_clipping_loss	2	2	2	2	1	HIFI032420D#1#h1tg000074l_0_0:303007-5500336	3507807	3639602	1	WHR1-like+|C4AL+|CYP21A1P-like+|TNXA-like-|WHR1B-like+|C4BS+|CYP21A2-like+|TNXB-like-	RCCX-SCREEN-08dc6d3cd5c804e4	component_counts_consistent	Nearest prototype is not functional gene identity; no fusion or gene-conversion classification; C4 annotation inherited
HIFI032420D#2	HIFI032420D	CPC-Chinese	clipped_graph_paths	upstream_clipped_graph_source;DR_DQ_candidate_novel_annotation	2	2	2	2	1	HIFI032420D#2#h2tg000028l_0_0:302171-5561704	3556255	3688019	1	WHR1-like+|C4AL+|CYP21A1P-like+|TNXA-like-|WHR1B-like+|C4BS+|CYP21A2-like+|TNXB-like-	RCCX-SCREEN-08dc6d3cd5c804e4	component_counts_consistent	Nearest prototype is not functional gene identity; no fusion or gene-conversion classification; C4 annotation inherited
HIFI032422D#1	HIFI032422D	CPC-Chinese	clipped_graph_paths	upstream_clipped_graph_source;DR_DQ_candidate_novel_annotation;downstream_graph_clipping_loss	1	1	1	1	1	HIFI032422D#1#h1tg000015l_0_0:303813-5358931	3503225	3608652	1	WHR1-like+|C4BL+|CYP21A2-like+|TNXB-like-	RCCX-SCREEN-7b1f207074474ef0	component_counts_consistent	Nearest prototype is not functional gene identity; no fusion or gene-conversion classification; C4 annotation inherited
HIFI032422D#2	HIFI032422D	CPC-Chinese	clipped_graph_paths	upstream_clipped_graph_source;DR_DQ_candidate_novel_annotation;downstream_graph_clipping_loss	2	2	2	2	1	HIFI032422D#2#h2tg000138l_0_0:303022-5459818	3559212	3697396	1	WHR1-like+|C4AL+|CYP21A1P-like+|TNXA-like-|WHR1B-like+|C4BL+|CYP21A2-like+|TNXB-like-	RCCX-SCREEN-c91a117646c15232	component_counts_consistent	Nearest prototype is not functional gene identity; no fusion or gene-conversion classification; C4 annotation inherited
HIFI032429D#1	HIFI032429D	CPC-Chinese	clipped_graph_paths	upstream_clipped_graph_source;DR_DQ_candidate_novel_annotation;downstream_graph_clipping_loss	3	3	3	3	1	HIFI032429D#1#h1tg000176l_0_0:611631-5819632_rc	3553547	3718091	1	WHR1-like+|C4AL+|CYP21A2-like+|TNXA-like-|WHR1B-like+|C4BS+|CYP21A1P-like+|TNXA-like-|WHR1B-like+|C4AL+|CYP21A2-like+|TNXB-like-	RCCX-SCREEN-ad387575bd5130e9	component_counts_consistent	Nearest prototype is not functional gene identity; no fusion or gene-conversion classification; C4 annotation inherited
HIFI032429D#2	HIFI032429D	CPC-Chinese	clipped_graph_paths	upstream_clipped_graph_source;DR_DQ_candidate_novel_annotation;downstream_graph_clipping_loss	2	2	2	2	1	HIFI032429D#2#h2tg000236l_0_0:366-3775085	2193876	2332052	1	WHR1-like+|C4AL+|CYP21A1P-like+|TNXA-like-|WHR1B-like+|C4BL+|CYP21A2-like+|TNXB-like-	RCCX-SCREEN-c91a117646c15232	component_counts_consistent	Nearest prototype is not functional gene identity; no fusion or gene-conversion classification; C4 annotation inherited
HIFI032440D#1	HIFI032440D	CPC-Chinese	clipped_graph_paths	upstream_clipped_graph_source;DR_DQ_candidate_novel_annotation;downstream_graph_clipping_loss	2	2	2	2	1	HIFI032440D#1#h1tg000035l_0_0:610298-5756202_rc	3561142	3699288	1	WHR1-like+|C4AL+|CYP21A1P-like+|TNXA-like-|WHR1B-like+|C4BL+|CYP21A2-like+|TNXB-like-	RCCX-SCREEN-c91a117646c15232	component_counts_consistent	Nearest prototype is not functional gene identity; no fusion or gene-conversion classification; C4 annotation inherited
HIFI032440D#2	HIFI032440D	CPC-Chinese	clipped_graph_paths	upstream_clipped_graph_source;DR_DQ_candidate_novel_annotation	1	1	1	1	1	HIFI032440D#2#h2tg000090l_0_0:301809-5292738	3502930	3608344	1	WHR1-like+|C4BL+|CYP21A2-like+|TNXB-like-	RCCX-SCREEN-7b1f207074474ef0	component_counts_consistent	Nearest prototype is not functional gene identity; no fusion or gene-conversion classification; C4 annotation inherited
HIFI032450D#1	HIFI032450D	CPC-Chinese	clipped_graph_paths	upstream_clipped_graph_source;DR_DQ_candidate_novel_annotation	2	2	2	2	1	HIFI032450D#1#h1tg000008l_0_0:301757-5443675	3564052	3695843	1	WHR1-like+|C4AL+|CYP21A1P-like+|TNXA-like-|WHR1B-like+|C4BS+|CYP21A2-like+|TNXB-like-	RCCX-SCREEN-08dc6d3cd5c804e4	component_counts_consistent	Nearest prototype is not functional gene identity; no fusion or gene-conversion classification; C4 annotation inherited
HIFI032450D#2	HIFI032450D	CPC-Chinese	clipped_graph_paths	upstream_clipped_graph_source;absent_from_existing_DRA_DMA_span;DR_DQ_candidate_novel_annotation;downstream_graph_clipping_loss	3	3	3	3	1	HIFI032450D#2#h2tg000141l_0_0:744-4499104_rc	3552586	3717183	1	WHR1-like+|C4AL+|CYP21A1P-like+|TNXA-like-|WHR1B-like+|C4AS+|CYP21A1P-like+|TNXA-like-|WHR1B-like+|C4BL+|CYP21A2-like+|TNXB-like-	RCCX-SCREEN-e92677dc4f8b8aff	component_counts_consistent	Nearest prototype is not functional gene identity; no fusion or gene-conversion classification; C4 annotation inherited
HIFI032453D#1	HIFI032453D	CPC-Chinese	clipped_graph_paths	upstream_clipped_graph_source;downstream_graph_clipping_loss	2	2	2	2	1	HIFI032453D#1#h1tg000016l_0_0:608084-5737533_rc	3550774	3688947	1	WHR1-like+|C4AL+|CYP21A1P-like+|TNXA-like-|WHR1B-like+|C4AL+|CYP21A2-like+|TNXB-like-	RCCX-SCREEN-109f6cb2c3c027c8	component_counts_consistent	Nearest prototype is not functional gene identity; no fusion or gene-conversion classification; C4 annotation inherited
HIFI032453D#2	HIFI032453D	CPC-Chinese	clipped_graph_paths	upstream_clipped_graph_source;DR_DQ_candidate_novel_annotation;downstream_graph_clipping_loss	2	2	2	2	1	HIFI032453D#2#h2tg000022l_0_0:611013-5690080_rc	3493211	3631366	1	WHR1-like+|C4AL+|CYP21A1P-like+|TNXA-like-|WHR1B-like+|C4BL+|CYP21A2-like+|TNXB-like-	RCCX-SCREEN-c91a117646c15232	component_counts_consistent	Nearest prototype is not functional gene identity; no fusion or gene-conversion classification; C4 annotation inherited
HIFI032454D#1	HIFI032454D	CPC-Chinese	clipped_graph_paths	upstream_clipped_graph_source;DR_DQ_candidate_novel_annotation;downstream_graph_clipping_loss	2	2	2	2	1	HIFI032454D#1#h1tg000050l_0_0:610949-5688146_rc	3505013	3636803	1	WHR1-like+|C4AL+|CYP21A1P-like+|TNXA-like-|WHR1B-like+|C4BS+|CYP21A2-like+|TNXB-like-	RCCX-SCREEN-08dc6d3cd5c804e4	component_counts_consistent	Nearest prototype is not functional gene identity; no fusion or gene-conversion classification; C4 annotation inherited
HIFI032454D#2	HIFI032454D	CPC-Chinese	clipped_graph_paths	upstream_clipped_graph_source	1	1	1	1	1	HIFI032454D#2#h2tg000014l_0_0:303195-5343983	3495580	3600978	1	WHR1-like+|C4AL+|CYP21A2-like+|TNXB-like-	RCCX-SCREEN-80c1563b57f16898	component_counts_consistent	Nearest prototype is not functional gene identity; no fusion or gene-conversion classification; C4 annotation inherited
HIFI032462D#1	HIFI032462D	CPC-Chinese	clipped_graph_paths	upstream_clipped_graph_source;DR_DQ_candidate_novel_annotation;downstream_graph_clipping_loss	2	2	2	2	1	HIFI032462D#1#h1tg000018l_0_0:608249-5847965_rc	3553634	3685454	1	WHR1-like+|C4AL+|CYP21A1P-like+|TNXA-like-|WHR1B-like+|C4BS+|CYP21A2-like+|TNXB-like-	RCCX-SCREEN-08dc6d3cd5c804e4	component_counts_consistent	Nearest prototype is not functional gene identity; no fusion or gene-conversion classification; C4 annotation inherited
HIFI032462D#2	HIFI032462D	CPC-Chinese	clipped_graph_paths	upstream_clipped_graph_source;DR_DQ_candidate_novel_annotation;downstream_graph_clipping_loss	1	1	1	2	1	HIFI032462D#2#h2tg000305l_0_0:304337-3862556	3500605	3543218	0	WHR1-like+|C4AL+|CYP21A1P-like+|TNXA-like-|WHR1B-like+	RCCX-SCREEN-94edfc4c6ce16227	unresolved_component_or_contiguity	Nearest prototype is not functional gene identity; no fusion or gene-conversion classification; C4 annotation inherited
HIFI032473D#1	HIFI032473D	CPC-Chinese	clipped_graph_paths	upstream_clipped_graph_source;DR_DQ_candidate_novel_annotation;downstream_graph_clipping_loss	2	2	2	2	1	HIFI032473D#1#h1tg000017l_0_0:611279-5848073_rc	3548965	3680764	1	WHR1-like+|C4AL+|CYP21A1P-like+|TNXA-like-|WHR1B-like+|C4AS+|CYP21A2-like+|TNXB-like-	RCCX-SCREEN-b8ca310d36f0396c	component_counts_consistent	Nearest prototype is not functional gene identity; no fusion or gene-conversion classification; C4 annotation inherited
HIFI032473D#2	HIFI032473D	CPC-Chinese	clipped_graph_paths	upstream_clipped_graph_source;DR_DQ_candidate_novel_annotation;downstream_graph_clipping_loss	2	2	2	2	1	HIFI032473D#2#h2tg000041l_0_0:611187-5777378_rc	3563688	3695577	1	WHR1-like+|C4BL+|CYP21A2-like+|TNXA-like-|WHR1B-like+|C4BS+|CYP21A2-like+|TNXB-like-	RCCX-SCREEN-c23deea26722f529	component_counts_consistent	Nearest prototype is not functional gene identity; no fusion or gene-conversion classification; C4 annotation inherited
HIFI032487D#1	HIFI032487D	CPC-Chinese	clipped_graph_paths	upstream_clipped_graph_source;DR_DQ_candidate_novel_annotation;downstream_graph_clipping_loss	2	2	2	2	1	HIFI032487D#1#h1tg000160l_0_0:610978-5805510_rc	3623339	3755110	1	WHR1-like+|C4AL+|CYP21A2-like+|TNXA-like-|WHR1B-like+|C4BS+|CYP21A2-like+|TNXB-like-	RCCX-SCREEN-804d53b600bb619f	component_counts_consistent	Nearest prototype is not functional gene identity; no fusion or gene-conversion classification; C4 annotation inherited
HIFI032487D#2	HIFI032487D	CPC-Chinese	clipped_graph_paths	upstream_clipped_graph_source;DR_DQ_candidate_novel_annotation	2	2	2	2	1	HIFI032487D#2#h2tg000061l_0_0:608057-5671065_rc	3549135	3680931	1	WHR1-like+|C4AL+|CYP21A1P-like+|TNXA-like-|WHR1B-like+|C4AS+|CYP21A2-like+|TNXB-like-	RCCX-SCREEN-b8ca310d36f0396c	component_counts_consistent	Nearest prototype is not functional gene identity; no fusion or gene-conversion classification; C4 annotation inherited
HIFI032501D#1	HIFI032501D	CPC-Chinese	clipped_graph_paths	upstream_clipped_graph_source;DR_DQ_candidate_novel_annotation	2	2	2	2	1	HIFI032501D#1#h1tg000023l_0_0:303660-5553387	3547687	3679485	1	WHR1-like+|C4AL+|CYP21A1P-like+|TNXA-like-|WHR1B-like+|C4BS+|CYP21A2-like+|TNXB-like-	RCCX-SCREEN-08dc6d3cd5c804e4	component_counts_consistent	Nearest prototype is not functional gene identity; no fusion or gene-conversion classification; C4 annotation inherited
HIFI032501D#2	HIFI032501D	CPC-Chinese	clipped_graph_paths	upstream_clipped_graph_source;DR_DQ_candidate_novel_annotation;downstream_graph_clipping_loss	2	2	2	2	1	HIFI032501D#2#h2tg000105l_0_0:441-3022934	1438378	1576506	1	WHR1-like+|C4AL+|CYP21A1P-like+|TNXA-like-|WHR1B-like+|C4BL+|CYP21A2-like+|TNXB-like-	RCCX-SCREEN-c91a117646c15232	component_counts_consistent	Nearest prototype is not functional gene identity; no fusion or gene-conversion classification; C4 annotation inherited
HIFI032510D#1	HIFI032510D	CPC-Chinese	clipped_graph_paths	upstream_clipped_graph_source	2	2	2	2	1	HIFI032510D#1#h1tg000002l_0_0:607731-5770322_rc	3555378	3693546	1	WHR1-like+|C4AL+|CYP21A1P-like+|TNXA-like-|WHR1B-like+|C4BL+|CYP21A2-like+|TNXB-like-	RCCX-SCREEN-c91a117646c15232	component_counts_consistent	Nearest prototype is not functional gene identity; no fusion or gene-conversion classification; C4 annotation inherited
HIFI032510D#2	HIFI032510D	CPC-Chinese	clipped_graph_paths	upstream_clipped_graph_source;DR_DQ_candidate_novel_annotation;downstream_graph_clipping_loss	2	2	2	2	1	HIFI032510D#2#h2tg000003l_0_0:608800-5732063_rc	3538585	3676749	1	WHR1-like+|C4AL+|CYP21A1P-like+|TNXA-like-|WHR1B-like+|C4BL+|CYP21A2-like+|TNXB-like-	RCCX-SCREEN-c91a117646c15232	component_counts_consistent	Nearest prototype is not functional gene identity; no fusion or gene-conversion classification; C4 annotation inherited
HIFI032513D#1	HIFI032513D	CPC-Chinese	clipped_graph_paths	upstream_clipped_graph_source;DR_DQ_candidate_novel_annotation	3	3	3	3	1	HIFI032513D#1#h1tg000077l_0_0:303957-5592528	3551292	3715826	1	WHR1-like+|C4AL+|CYP21A1P-like+|TNXA-like-|WHR1B-like+|C4AL+|CYP21A1P-like+|TNXA-like-|WHR1B-like+|C4BS+|CYP21A2-like+|TNXB-like-	RCCX-SCREEN-f3965b9e0fe6783a	component_counts_consistent	Nearest prototype is not functional gene identity; no fusion or gene-conversion classification; C4 annotation inherited
HIFI032513D#2	HIFI032513D	CPC-Chinese	clipped_graph_paths	upstream_clipped_graph_source;DR_DQ_candidate_novel_annotation;downstream_graph_clipping_loss	1	1	1	1	1	HIFI032513D#2#h2tg000054l_0_0:609439-5765230_rc	3565632	3671032	1	WHR1-like+|C4AL+|CYP21A2-like+|TNXB-like-	RCCX-SCREEN-80c1563b57f16898	component_counts_consistent	Nearest prototype is not functional gene identity; no fusion or gene-conversion classification; C4 annotation inherited
HIFI032529D#1	HIFI032529D	CPC-Chinese	clipped_graph_paths	upstream_clipped_graph_source;DR_DQ_candidate_novel_annotation;downstream_graph_clipping_loss	2	2	2	2	1	HIFI032529D#1#h1tg000121l_0_0:607870-5787538_rc	3552362	3690517	1	WHR1-like+|C4AL+|CYP21A2-like+|TNXA-like-|WHR1B-like+|C4BL+|CYP21A2-like+|TNXB-like-	RCCX-SCREEN-4c34865fcf2a50f9	component_counts_consistent	Nearest prototype is not functional gene identity; no fusion or gene-conversion classification; C4 annotation inherited
HIFI032529D#2	HIFI032529D	CPC-Chinese	clipped_graph_paths	upstream_clipped_graph_source;DR_DQ_candidate_novel_annotation	2	2	2	2	1	HIFI032529D#2#h2tg000123l_0_0:672-2712603_rc	1291798	1423561	1	WHR1-like+|C4AL+|CYP21A1P-like+|TNXA-like-|WHR1B-like+|C4BS+|CYP21A2-like+|TNXB-like-	RCCX-SCREEN-08dc6d3cd5c804e4	component_counts_consistent	Nearest prototype is not functional gene identity; no fusion or gene-conversion classification; C4 annotation inherited
HIFI032566D#1	HIFI032566D	CPC-Chinese	clipped_graph_paths	upstream_clipped_graph_source;downstream_graph_clipping_loss	1	1	1	1	1	HIFI032566D#1#h1tg000029l_0_0:611087-5707519_rc	3551629	3657025	1	WHR1-like+|C4AL+|CYP21A2-like+|TNXB-like-	RCCX-SCREEN-80c1563b57f16898	component_counts_consistent	Nearest prototype is not functional gene identity; no fusion or gene-conversion classification; C4 annotation inherited
HIFI032566D#2	HIFI032566D	CPC-Chinese	clipped_graph_paths	upstream_clipped_graph_source;DR_DQ_candidate_novel_annotation;downstream_graph_clipping_loss	2	2	2	2	1	HIFI032566D#2#h2tg000123l_0_0:610347-5693123_rc	3505924	3637711	1	WHR1-like+|C4AL+|CYP21A1P-like+|TNXA-like-|WHR1B-like+|C4BS+|CYP21A2-like+|TNXB-like-	RCCX-SCREEN-08dc6d3cd5c804e4	component_counts_consistent	Nearest prototype is not functional gene identity; no fusion or gene-conversion classification; C4 annotation inherited
HIFI032567D#1	HIFI032567D	CPC-Chinese	clipped_graph_paths	upstream_clipped_graph_source;DR_DQ_candidate_novel_annotation;downstream_graph_clipping_loss	2	2	2	2	1	HIFI032567D#1#h1tg000065l_0_0:610944-3834657_rc	1645535	1783703	1	WHR1-like+|C4AL+|CYP21A1P-like+|TNXA-like-|WHR1B-like+|C4BL+|CYP21A2-like+|TNXB-like-	RCCX-SCREEN-c91a117646c15232	component_counts_consistent	Nearest prototype is not functional gene identity; no fusion or gene-conversion classification; C4 annotation inherited
HIFI032567D#2	HIFI032567D	CPC-Chinese	clipped_graph_paths	upstream_clipped_graph_source	2	2	2	2	1	HIFI032567D#2#h2tg000021l_0_0:303467-5616058	3615985	3747773	1	WHR1-like+|C4AL+|CYP21A1P-like+|TNXA-like-|WHR1B-like+|C4BS+|CYP21A2-like+|TNXB-like-	RCCX-SCREEN-08dc6d3cd5c804e4	component_counts_consistent	Nearest prototype is not functional gene identity; no fusion or gene-conversion classification; C4 annotation inherited
HIFI032585D#1	HIFI032585D	CPC-Chinese	clipped_graph_paths	upstream_clipped_graph_source;DR_DQ_candidate_novel_annotation	3	3	3	3	1	HIFI032585D#1#h1tg000015l_0_0:608714-5788197_rc	3551884	3716480	1	WHR1-like+|C4AL+|CYP21A1P-like+|TNXA-like-|WHR1B-like+|C4AS+|CYP21A1P-like+|TNXA-like-|WHR1B-like+|C4BL+|CYP21A2-like+|TNXB-like-	RCCX-SCREEN-e92677dc4f8b8aff	component_counts_consistent	Nearest prototype is not functional gene identity; no fusion or gene-conversion classification; C4 annotation inherited
HIFI032585D#2	HIFI032585D	CPC-Chinese	clipped_graph_paths	upstream_clipped_graph_source;downstream_graph_clipping_loss	2	2	2	2	1	HIFI032585D#2#h2tg000251l_0_0:608786-5272448_rc	3061933	3193823	1	WHR1-like+|C4BL+|CYP21A2-like+|TNXA-like-|WHR1B-like+|C4BS+|CYP21A2-like+|TNXB-like-	RCCX-SCREEN-c23deea26722f529	component_counts_consistent	Nearest prototype is not functional gene identity; no fusion or gene-conversion classification; C4 annotation inherited
HIFI032586D#1	HIFI032586D	CPC-Chinese	clipped_graph_paths	upstream_clipped_graph_source;DR_DQ_candidate_novel_annotation;downstream_graph_clipping_loss	2	2	2	2	1	HIFI032586D#1#h1tg000082l_0_0:608380-5862391_rc	3551944	3683708	1	WHR1-like+|C4AL+|CYP21A1P-like+|TNXA-like-|WHR1B-like+|C4BS+|CYP21A2-like+|TNXB-like-	RCCX-SCREEN-08dc6d3cd5c804e4	component_counts_consistent	Nearest prototype is not functional gene identity; no fusion or gene-conversion classification; C4 annotation inherited
HIFI032586D#2	HIFI032586D	CPC-Chinese	clipped_graph_paths	upstream_clipped_graph_source	2	2	2	2	1	HIFI032586D#2#h2tg000068l_0_0:610961-5682003_rc	3556815	3688610	1	WHR1-like+|C4AL+|CYP21A1P-like+|TNXA-like-|WHR1B-like+|C4BS+|CYP21A2-like+|TNXB-like-	RCCX-SCREEN-08dc6d3cd5c804e4	component_counts_consistent	Nearest prototype is not functional gene identity; no fusion or gene-conversion classification; C4 annotation inherited
HIFI032591D#1	HIFI032591D	CPC-Chinese	clipped_graph_paths	upstream_clipped_graph_source;DR_DQ_candidate_novel_annotation	2	2	2	2	1	HIFI032591D#1#h1tg000008l_0_0:304261-5535645	3544994	3676796	1	WHR1-like+|C4AL+|CYP21A1P-like+|TNXA-like-|WHR1B-like+|C4BS+|CYP21A2-like+|TNXB-like-	RCCX-SCREEN-08dc6d3cd5c804e4	component_counts_consistent	Nearest prototype is not functional gene identity; no fusion or gene-conversion classification; C4 annotation inherited
HIFI032591D#2	HIFI032591D	CPC-Chinese	clipped_graph_paths	upstream_clipped_graph_source;DR_DQ_candidate_novel_annotation	2	2	2	2	1	HIFI032591D#2#h2tg000191l_0_0:608144-5628514_rc	3500770	3638944	1	WHR1-like+|C4AL+|CYP21A1P-like+|TNXA-like-|WHR1B-like+|C4BL+|CYP21A2-like+|TNXB-like-	RCCX-SCREEN-c91a117646c15232	component_counts_consistent	Nearest prototype is not functional gene identity; no fusion or gene-conversion classification; C4 annotation inherited
HIFI032604D#1	HIFI032604D	CPC-Chinese	clipped_graph_paths	upstream_clipped_graph_source;DR_DQ_candidate_novel_annotation;downstream_graph_clipping_loss	2	2	2	2	1	HIFI032604D#1#h1tg000033l_0_0:608804-5838950_rc	3541782	3673578	1	WHR1-like+|C4AL+|CYP21A1P-like+|TNXA-like-|WHR1B-like+|C4BS+|CYP21A2-like+|TNXB-like-	RCCX-SCREEN-08dc6d3cd5c804e4	component_counts_consistent	Nearest prototype is not functional gene identity; no fusion or gene-conversion classification; C4 annotation inherited
HIFI032604D#2	HIFI032604D	CPC-Chinese	clipped_graph_paths	upstream_clipped_graph_source;DR_DQ_candidate_novel_annotation;downstream_graph_clipping_loss	2	2	2	2	1	HIFI032604D#2#h2tg000003l_0_0:608544-5741103_rc	3558531	3690335	1	WHR1-like+|C4AL+|CYP21A1P-like+|TNXA-like-|WHR1B-like+|C4BS+|CYP21A2-like+|TNXB-like-	RCCX-SCREEN-08dc6d3cd5c804e4	component_counts_consistent	Nearest prototype is not functional gene identity; no fusion or gene-conversion classification; C4 annotation inherited
HIFI032607D#1	HIFI032607D	CPC-Chinese	clipped_graph_paths	upstream_clipped_graph_source;DR_DQ_candidate_novel_annotation	2	2	2	2	1	HIFI032607D#1#h1tg000001l_0_0:304265-5604718	3612262	3744047	1	WHR1-like+|C4AL+|CYP21A1P-like+|TNXA-like-|WHR1B-like+|C4BS+|CYP21A2-like+|TNXB-like-	RCCX-SCREEN-08dc6d3cd5c804e4	component_counts_consistent	Nearest prototype is not functional gene identity; no fusion or gene-conversion classification; C4 annotation inherited
HIFI032607D#2	HIFI032607D	CPC-Chinese	clipped_graph_paths	upstream_clipped_graph_source;DR_DQ_candidate_novel_annotation;downstream_graph_clipping_loss	1	1	1	1	1	HIFI032607D#2#h2tg000007l_0_0:611122-5743055_rc	3561360	3666766	1	WHR1-like+|C4AL+|CYP21A2-like+|TNXB-like-	RCCX-SCREEN-80c1563b57f16898	component_counts_consistent	Nearest prototype is not functional gene identity; no fusion or gene-conversion classification; C4 annotation inherited
HIFI032662D#1	HIFI032662D	CPC-Chinese	clipped_graph_paths	upstream_clipped_graph_source;DR_DQ_candidate_novel_annotation;downstream_graph_clipping_loss	2	2	2	2	1	HIFI032662D#1#h1tg000154l_0_0:610481-5807545_rc	3615510	3753653	1	WHR1-like+|C4AL+|CYP21A1P-like+|TNXA-like-|WHR1B-like+|C4BL+|CYP21A2-like+|TNXB-like-	RCCX-SCREEN-c91a117646c15232	component_counts_consistent	Nearest prototype is not functional gene identity; no fusion or gene-conversion classification; C4 annotation inherited
HIFI032662D#2	HIFI032662D	CPC-Chinese	clipped_graph_paths	upstream_clipped_graph_source;DR_DQ_candidate_novel_annotation;downstream_graph_clipping_loss	2	2	2	2	1	HIFI032662D#2#h2tg000203l_0_0:478869-5255088_rc	3256181	3394326	1	WHR1-like+|C4AL+|CYP21A1P-like+|TNXA-like-|WHR1B-like+|C4BL+|CYP21A2-like+|TNXB-like-	RCCX-SCREEN-c91a117646c15232	component_counts_consistent	Nearest prototype is not functional gene identity; no fusion or gene-conversion classification; C4 annotation inherited
HIFI032668D#1	HIFI032668D	CPC-Chinese	clipped_graph_paths	upstream_clipped_graph_source;DR_DQ_candidate_novel_annotation;downstream_graph_clipping_loss	2	2	2	2	1	HIFI032668D#1#h1tg000009l_0_0:611120-5919133_rc	3619961	3751771	1	WHR1-like+|C4AL+|CYP21A1P-like+|TNXA-like-|WHR1B-like+|C4BS+|CYP21A2-like+|TNXB-like-	RCCX-SCREEN-08dc6d3cd5c804e4	component_counts_consistent	Nearest prototype is not functional gene identity; no fusion or gene-conversion classification; C4 annotation inherited
HIFI032668D#2	HIFI032668D	CPC-Chinese	clipped_graph_paths	upstream_clipped_graph_source;downstream_graph_clipping_loss	2	2	2	2	1	HIFI032668D#2#h2tg000066l_0_0:608094-5719634_rc	3503013	3641186	1	WHR1-like+|C4AL+|CYP21A1P-like+|TNXA-like-|WHR1B-like+|C4BL+|CYP21A2-like+|TNXB-like-	RCCX-SCREEN-c91a117646c15232	component_counts_consistent	Nearest prototype is not functional gene identity; no fusion or gene-conversion classification; C4 annotation inherited
HIFI032682D#1	HIFI032682D	CPC-Chinese	clipped_graph_paths	upstream_clipped_graph_source;DR_DQ_candidate_novel_annotation;downstream_graph_clipping_loss	2	2	2	2	1	HIFI032682D#1#h1tg000013l_0_0:608436-5749936_rc	3560472	3698624	1	WHR1-like+|C4AL+|CYP21A1P-like+|TNXA-like-|WHR1B-like+|C4BL+|CYP21A2-like+|TNXB-like-	RCCX-SCREEN-c91a117646c15232	component_counts_consistent	Nearest prototype is not functional gene identity; no fusion or gene-conversion classification; C4 annotation inherited
HIFI032682D#2	HIFI032682D	CPC-Chinese	clipped_graph_paths	upstream_clipped_graph_source;downstream_graph_clipping_loss	2	2	2	2	1	HIFI032682D#2#h2tg000065l_0_0:608744-5741883_rc	3554207	3686014	1	WHR1-like+|C4BL+|CYP21A1P-like+|TNXA-like-|WHR1B-like+|C4BS+|CYP21A2-like+|TNXB-like-	RCCX-SCREEN-005a3eadf9cf15cd	component_counts_consistent	Nearest prototype is not functional gene identity; no fusion or gene-conversion classification; C4 annotation inherited
HIFI032685D#1	HIFI032685D	CPC-Chinese	clipped_graph_paths	upstream_clipped_graph_source;DR_DQ_candidate_novel_annotation	3	3	3	3	1	HIFI032685D#1#h1tg000048l_0_0:302205-5467452	3557943	3722483	1	WHR1-like+|C4AL+|CYP21A1P-like+|TNXA-like-|WHR1B-like+|C4AL+|CYP21A1P-like+|TNXA-like-|WHR1B-like+|C4BS+|CYP21A2-like+|TNXB-like-	RCCX-SCREEN-f3965b9e0fe6783a	component_counts_consistent	Nearest prototype is not functional gene identity; no fusion or gene-conversion classification; C4 annotation inherited
HIFI032685D#2	HIFI032685D	CPC-Chinese	clipped_graph_paths	upstream_clipped_graph_source;DR_DQ_candidate_novel_annotation	2	2	2	2	1	HIFI032685D#2#h2tg000153l_0_0:301738-5322457	3504480	3636295	1	WHR1-like+|C4AL+|CYP21A1P-like+|TNXA-like-|WHR1B-like+|C4BS+|CYP21A2-like+|TNXB-like-	RCCX-SCREEN-08dc6d3cd5c804e4	component_counts_consistent	Nearest prototype is not functional gene identity; no fusion or gene-conversion classification; C4 annotation inherited
HIFI032692D#1	HIFI032692D	CPC-Chinese	clipped_graph_paths	upstream_clipped_graph_source;DR_DQ_candidate_novel_annotation	3	3	3	3	1	HIFI032692D#1#h1tg000123l_0_0:303312-5470118	3552892	3723793	1	WHR1-like+|C4AL+|CYP21A1P-like+|TNXA-like-|WHR1B-like+|C4AL+|CYP21A1P-like+|TNXA-like-|WHR1B-like+|C4BL+|CYP21A2-like+|TNXB-like-	RCCX-SCREEN-ca928f07d032036f	component_counts_consistent	Nearest prototype is not functional gene identity; no fusion or gene-conversion classification; C4 annotation inherited
HIFI032692D#2	HIFI032692D	CPC-Chinese	clipped_graph_paths	upstream_clipped_graph_source;DR_DQ_candidate_novel_annotation	2	2	2	2	1	HIFI032692D#2#h2tg000020l_0_0:304295-5612497	3612620	3744401	1	WHR1-like+|C4AL+|CYP21A1P-like+|TNXA-like-|WHR1B-like+|C4BS+|CYP21A2-like+|TNXB-like-	RCCX-SCREEN-08dc6d3cd5c804e4	component_counts_consistent	Nearest prototype is not functional gene identity; no fusion or gene-conversion classification; C4 annotation inherited
HIFI032693D#1	HIFI032693D	CPC-Chinese	clipped_graph_paths	upstream_clipped_graph_source;DR_DQ_candidate_novel_annotation;downstream_graph_clipping_loss	2	2	2	2	1	HIFI032693D#1#h1tg000062l_0_0:608433-5733453_rc	3550409	3682206	1	WHR1-like+|C4AL+|CYP21A1P-like+|TNXA-like-|WHR1B-like+|C4BS+|CYP21A2-like+|TNXB-like-	RCCX-SCREEN-08dc6d3cd5c804e4	component_counts_consistent	Nearest prototype is not functional gene identity; no fusion or gene-conversion classification; C4 annotation inherited
HIFI032693D#2	HIFI032693D	CPC-Chinese	clipped_graph_paths	upstream_clipped_graph_source;DR_DQ_candidate_novel_annotation;downstream_graph_clipping_loss	2	2	2	2	1	HIFI032693D#2#h2tg000033l_0_0:607815-5813555_rc	3626372	3764525	1	WHR1-like+|C4AL+|CYP21A1P-like+|TNXA-like-|WHR1B-like+|C4BL+|CYP21A2-like+|TNXB-like-	RCCX-SCREEN-c91a117646c15232	component_counts_consistent	Nearest prototype is not functional gene identity; no fusion or gene-conversion classification; C4 annotation inherited
HIFI032698D#1	HIFI032698D	CPC-Chinese	clipped_graph_paths	upstream_clipped_graph_source;DR_DQ_candidate_novel_annotation;downstream_graph_clipping_loss	2	2	2	2	1	HIFI032698D#1#h1tg000101l_0_0:610392-3981084_rc	1791504	1923322	1	WHR1-like+|C4AL+|CYP21A1P-like+|TNXA-like-|WHR1B-like+|C4BS+|CYP21A2-like+|TNXB-like-	RCCX-SCREEN-08dc6d3cd5c804e4	component_counts_consistent	Nearest prototype is not functional gene identity; no fusion or gene-conversion classification; C4 annotation inherited
HIFI032698D#2	HIFI032698D	CPC-Chinese	clipped_graph_paths	upstream_clipped_graph_source;DR_DQ_candidate_novel_annotation;downstream_graph_clipping_loss	2	2	2	2	1	HIFI032698D#2#h2tg000030l_0_0:608806-5742659_rc	3548315	3686459	1	WHR1-like+|C4AL+|CYP21A1P-like+|TNXA-like-|WHR1B-like+|C4BL+|CYP21A2-like+|TNXB-like-	RCCX-SCREEN-c91a117646c15232	component_counts_consistent	Nearest prototype is not functional gene identity; no fusion or gene-conversion classification; C4 annotation inherited
HIFI032706D#1	HIFI032706D	CPC-Chinese	clipped_graph_paths	upstream_clipped_graph_source;downstream_graph_clipping_loss	2	2	2	2	1	HIFI032706D#1#h1tg000016l_0_0:611062-5619397_rc	3500790	3626236	1	WHR1-like+|C4AS+|CYP21A1P-like+|TNXA-like-|WHR1B-like+|C4BS+|CYP21A2-like+|TNXB-like-	RCCX-SCREEN-3d82c5351ccfb664	component_counts_consistent	Nearest prototype is not functional gene identity; no fusion or gene-conversion classification; C4 annotation inherited
HIFI032706D#2	HIFI032706D	CPC-Chinese	clipped_graph_paths	upstream_clipped_graph_source;DR_DQ_candidate_novel_annotation;downstream_graph_clipping_loss	2	2	2	2	1	HIFI032706D#2#h2tg000095l_0_0:607465-5690513_rc	3552249	3684035	1	WHR1-like+|C4AL+|CYP21A1P-like+|TNXA-like-|WHR1B-like+|C4BS+|CYP21A2-like+|TNXB-like-	RCCX-SCREEN-08dc6d3cd5c804e4	component_counts_consistent	Nearest prototype is not functional gene identity; no fusion or gene-conversion classification; C4 annotation inherited
HIFI032711D#1	HIFI032711D	CPC-Chinese	clipped_graph_paths	upstream_clipped_graph_source;DR_DQ_candidate_novel_annotation;downstream_graph_clipping_loss	2	2	2	2	1	HIFI032711D#1#h1tg000033l_0_0:609337-5753811_rc	3561523	3699753	1	WHR1-like+|C4AL+|CYP21A1P-like+|TNXA-like-|WHR1B-like+|C4BL+|CYP21A2-like+|TNXB-like-	RCCX-SCREEN-c91a117646c15232	component_counts_consistent	Nearest prototype is not functional gene identity; no fusion or gene-conversion classification; C4 annotation inherited
HIFI032711D#2	HIFI032711D	CPC-Chinese	clipped_graph_paths	upstream_clipped_graph_source;DR_DQ_candidate_novel_annotation;downstream_graph_clipping_loss	3	3	3	3	1	HIFI032711D#2#h2tg000080l_0_0:611264-5763252_rc	3546471	3711004	1	WHR1-like+|C4AL+|CYP21A1P-like+|TNXA-like-|WHR1B-like+|C4AL+|CYP21A1P-like+|TNXA-like-|WHR1B-like+|C4BS+|CYP21A2-like+|TNXB-like-	RCCX-SCREEN-f3965b9e0fe6783a	component_counts_consistent	Nearest prototype is not functional gene identity; no fusion or gene-conversion classification; C4 annotation inherited
HIFI032731D#1	HIFI032731D	CPC-Chinese	clipped_graph_paths	upstream_clipped_graph_source;DR_DQ_candidate_novel_annotation;downstream_graph_clipping_loss	2	2	2	2	1	HIFI032731D#1#h1tg000273l_0_0:606929-5771846_rc	3561193	3692958	1	WHR1-like+|C4AL+|CYP21A1P-like+|TNXA-like-|WHR1B-like+|C4BS+|CYP21A2-like+|TNXB-like-	RCCX-SCREEN-08dc6d3cd5c804e4	component_counts_consistent	Nearest prototype is not functional gene identity; no fusion or gene-conversion classification; C4 annotation inherited
HIFI032731D#2	HIFI032731D	CPC-Chinese	clipped_graph_paths	upstream_clipped_graph_source;DR_DQ_core_missing_or_multiple_annotations;DR_DQ_candidate_novel_annotation	3	3	3	3	1	HIFI032731D#2#h2tg000012l_0_0:303976-5468014	3557798	3722336	1	WHR1-like+|C4AL+|CYP21A1P-like+|TNXA-like-|WHR1B-like+|C4AL+|CYP21A1P-like+|TNXA-like-|WHR1B-like+|C4BS+|CYP21A2-like+|TNXB-like-	RCCX-SCREEN-f3965b9e0fe6783a	component_counts_consistent	Nearest prototype is not functional gene identity; no fusion or gene-conversion classification; C4 annotation inherited
KOREF1#1	KOREF1	KPanRef-Korean	clipped_graph_paths	upstream_clipped_graph_source;DR_DQ_candidate_novel_annotation	2	2	2	2	1	KOREF1#1#chr6_85671:28288069-33527843	3552165	3683973	1	WHR1-like+|C4AL+|CYP21A1P-like+|TNXA-like-|WHR1B-like+|C4BS+|CYP21A2-like+|TNXB-like-	RCCX-SCREEN-08dc6d3cd5c804e4	component_counts_consistent	Nearest prototype is not functional gene identity; no fusion or gene-conversion classification; C4 annotation inherited
KOREF1#2	KOREF1	KPanRef-Korean	clipped_graph_paths	upstream_clipped_graph_source;DR_DQ_candidate_novel_annotation	2	2	2	2	1	KOREF1#2#chr6_93216:28299861-33486856	3608882	3740671	1	WHR1-like+|C4AL+|CYP21A1P-like+|TNXA-like-|WHR1B-like+|C4BS+|CYP21A2-like+|TNXB-like-	RCCX-SCREEN-08dc6d3cd5c804e4	component_counts_consistent	Nearest prototype is not functional gene identity; no fusion or gene-conversion classification; C4 annotation inherited
KOREF2#1	KOREF2	KPanRef-Korean	clipped_graph_paths	upstream_clipped_graph_source;downstream_graph_clipping_loss	2	2	2	2	1	KOREF2#1#Unplaced_h1tg000017l_2237953:24965590-30159345_rc	3615649	3747444	1	WHR1-like+|C4BL+|CYP21A1P-like+|TNXA-like-|WHR1B-like+|C4BS+|CYP21A2-like+|TNXB-like-	RCCX-SCREEN-005a3eadf9cf15cd	component_counts_consistent	Nearest prototype is not functional gene identity; no fusion or gene-conversion classification; C4 annotation inherited
KOREF2#2	KOREF2	KPanRef-Korean	clipped_graph_paths	upstream_clipped_graph_source;DR_DQ_candidate_novel_annotation	2	2	2	2	1	KOREF2#2#Unplaced_h2tg000026l_88481:28271060-33401074	3552621	3690797	1	WHR1-like+|C4AL+|CYP21A1P-like+|TNXA-like-|WHR1B-like+|C4BL+|CYP21A2-like+|TNXB-like-	RCCX-SCREEN-c91a117646c15232	component_counts_consistent	Nearest prototype is not functional gene identity; no fusion or gene-conversion classification; C4 annotation inherited
KPanRef-071#1	KPanRef-071	KPanRef-Korean	clipped_graph_paths	upstream_clipped_graph_source;downstream_graph_clipping_loss	2	2	2	2	1	KPanRef-071#1#Unplaced_h1tg000003l_114042770:24917513-29983750_rc	3552398	3684197	1	WHR1-like+|C4AL+|CYP21A1P-like+|TNXA-like-|WHR1B-like+|C4BS+|CYP21A2-like+|TNXB-like-	RCCX-SCREEN-08dc6d3cd5c804e4	component_counts_consistent	Nearest prototype is not functional gene identity; no fusion or gene-conversion classification; C4 annotation inherited
KPanRef-071#2	KPanRef-071	KPanRef-Korean	clipped_graph_paths	upstream_clipped_graph_source;DR_DQ_candidate_novel_annotation	2	2	2	2	1	KPanRef-071#2#Unplaced_h2tg000014l_93768:28304957-33536275	3622762	3760932	1	WHR1-like+|C4AL+|CYP21A1P-like+|TNXA-like-|WHR1B-like+|C4BL+|CYP21A2-like+|TNXB-like-	RCCX-SCREEN-c91a117646c15232	component_counts_consistent	Nearest prototype is not functional gene identity; no fusion or gene-conversion classification; C4 annotation inherited
KPanRef-072#1	KPanRef-072	KPanRef-Korean	clipped_graph_paths	upstream_clipped_graph_source;DR_DQ_candidate_novel_annotation	2	2	2	2	1	KPanRef-072#1#Unplaced_h1tg000009l_150514:28287169-33594415	3613054	3744838	1	WHR1-like+|C4AL+|CYP21A1P-like+|TNXA-like-|WHR1B-like+|C4BS+|CYP21A2-like+|TNXB-like-	RCCX-SCREEN-08dc6d3cd5c804e4	component_counts_consistent	Nearest prototype is not functional gene identity; no fusion or gene-conversion classification; C4 annotation inherited
KPanRef-072#2	KPanRef-072	KPanRef-Korean	clipped_graph_paths	upstream_clipped_graph_source;DR_DQ_candidate_novel_annotation	2	2	2	2	1	KPanRef-072#2#Unplaced_h2tg000010l_88675:28260606-33499306	3551150	3682954	1	WHR1-like+|C4AL+|CYP21A1P-like+|TNXA-like-|WHR1B-like+|C4BS+|CYP21A2-like+|TNXB-like-	RCCX-SCREEN-08dc6d3cd5c804e4	component_counts_consistent	Nearest prototype is not functional gene identity; no fusion or gene-conversion classification; C4 annotation inherited
KPanRef-073#1	KPanRef-073	KPanRef-Korean	clipped_graph_paths	upstream_clipped_graph_source	2	2	2	2	1	KPanRef-073#1#Unplaced_h1tg000024l_134765:28276974-33409736	3542344	3674135	1	WHR1-like+|C4AL+|CYP21A1P-like+|TNXA-like-|WHR1B-like+|C4AS+|CYP21A2-like+|TNXB-like-	RCCX-SCREEN-b8ca310d36f0396c	component_counts_consistent	Nearest prototype is not functional gene identity; no fusion or gene-conversion classification; C4 annotation inherited
KPanRef-073#2	KPanRef-073	KPanRef-Korean	clipped_graph_paths	upstream_clipped_graph_source;DR_DQ_candidate_novel_annotation	3	3	3	3	1	KPanRef-073#2#Unplaced_h2tg000022l_97593:28283212-33436845	3550761	3715358	1	WHR1-like+|C4AL+|CYP21A1P-like+|TNXA-like-|WHR1B-like+|C4AS+|CYP21A1P-like+|TNXA-like-|WHR1B-like+|C4BL+|CYP21A2-like+|TNXB-like-	RCCX-SCREEN-e92677dc4f8b8aff	component_counts_consistent	Nearest prototype is not functional gene identity; no fusion or gene-conversion classification; C4 annotation inherited
KPanRef-074#1	KPanRef-074	KPanRef-Korean	clipped_graph_paths	upstream_clipped_graph_source;DR_DQ_candidate_novel_annotation	2	2	2	2	1	KPanRef-074#1#Unplaced_h1tg000001l_114533789:24969372-30048015_rc	3502681	3634477	1	WHR1-like+|C4AL+|CYP21A1P-like+|TNXA-like-|WHR1B-like+|C4AS+|CYP21A2-like+|TNXB-like-	RCCX-SCREEN-b8ca310d36f0396c	component_counts_consistent	Nearest prototype is not functional gene identity; no fusion or gene-conversion classification; C4 annotation inherited
KPanRef-074#2	KPanRef-074	KPanRef-Korean	clipped_graph_paths	upstream_clipped_graph_source;DR_DQ_candidate_novel_annotation	2	2	2	2	1	KPanRef-074#2#Unplaced_h2tg000011l_115279241:24957451-30204750_rc	3545433	3677226	1	WHR1-like+|C4AL+|CYP21A1P-like+|TNXA-like-|WHR1B-like+|C4BS+|CYP21A2-like+|TNXB-like-	RCCX-SCREEN-08dc6d3cd5c804e4	component_counts_consistent	Nearest prototype is not functional gene identity; no fusion or gene-conversion classification; C4 annotation inherited
KPanRef-075#1	KPanRef-075	KPanRef-Korean	clipped_graph_paths	upstream_clipped_graph_source;DR_DQ_candidate_novel_annotation;downstream_graph_clipping_loss	2	2	2	2	1	KPanRef-075#1#Unplaced_h1tg000004l_92225:28285449-33448865	3562546	3694341	1	WHR1-like+|C4AL+|CYP21A1P-like+|TNXA-like-|WHR1B-like+|C4BS+|CYP21A2-like+|TNXB-like-	RCCX-SCREEN-08dc6d3cd5c804e4	component_counts_consistent	Nearest prototype is not functional gene identity; no fusion or gene-conversion classification; C4 annotation inherited
KPanRef-075#2	KPanRef-075	KPanRef-Korean	clipped_graph_paths	upstream_clipped_graph_source;DR_DQ_candidate_novel_annotation	2	2	2	2	1	KPanRef-075#2#Unplaced_h2tg000001l_113483410:24951192-30017318_rc	3551943	3683747	1	WHR1-like+|C4AL+|CYP21A1P-like+|TNXA-like-|WHR1B-like+|C4BS+|CYP21A2-like+|TNXB-like-	RCCX-SCREEN-08dc6d3cd5c804e4	component_counts_consistent	Nearest prototype is not functional gene identity; no fusion or gene-conversion classification; C4 annotation inherited
KPanRef-076#1	KPanRef-076	KPanRef-Korean	clipped_graph_paths	upstream_clipped_graph_source;DR_DQ_candidate_novel_annotation;downstream_graph_clipping_loss	2	2	2	2	1	KPanRef-076#1#Unplaced_h1tg000013l_113155204:24959153-30136228_rc	3551462	3689609	1	WHR1-like+|C4AL+|CYP21A1P-like+|TNXA-like-|WHR1B-like+|C4BL+|CYP21A2-like+|TNXB-like-	RCCX-SCREEN-c91a117646c15232	component_counts_consistent	Nearest prototype is not functional gene identity; no fusion or gene-conversion classification; C4 annotation inherited
KPanRef-076#2	KPanRef-076	KPanRef-Korean	clipped_graph_paths	upstream_clipped_graph_source;DR_DQ_candidate_novel_annotation	2	2	2	2	1	KPanRef-076#2#Unplaced_h2tg000010l_154444:28276223-33472018	3505310	3643487	1	WHR1-like+|C4AL+|CYP21A1P-like+|TNXA-like-|WHR1B-like+|C4BL+|CYP21A2-like+|TNXB-like-	RCCX-SCREEN-c91a117646c15232	component_counts_consistent	Nearest prototype is not functional gene identity; no fusion or gene-conversion classification; C4 annotation inherited
KPanRef-076-M#1	KPanRef-076-M	KPanRef-Korean	clipped_graph_paths	upstream_clipped_graph_source;DR_DQ_core_missing_or_multiple_annotations;downstream_graph_clipping_loss	2	2	2	2	1	KPanRef-076-M#1#Unplaced_h1tg000027l_2825028:24973969-30280824_rc	3612769	3744554	1	WHR1-like+|C4AL+|CYP21A1P-like+|TNXA-like-|WHR1B-like+|C4BS+|CYP21A2-like+|TNXB-like-	RCCX-SCREEN-08dc6d3cd5c804e4	component_counts_consistent	Nearest prototype is not functional gene identity; no fusion or gene-conversion classification; C4 annotation inherited
KPanRef-076-M#2	KPanRef-076-M	KPanRef-Korean	clipped_graph_paths	upstream_clipped_graph_source;DR_DQ_candidate_novel_annotation;downstream_graph_clipping_loss	2	2	2	2	1	KPanRef-076-M#2#Unplaced_h2tg000025l_2760357:24964198-30160929_rc	3505383	3643559	1	WHR1-like+|C4AL+|CYP21A1P-like+|TNXA-like-|WHR1B-like+|C4BL+|CYP21A2-like+|TNXB-like-	RCCX-SCREEN-c91a117646c15232	component_counts_consistent	Nearest prototype is not functional gene identity; no fusion or gene-conversion classification; C4 annotation inherited
KPanRef-076-P#1	KPanRef-076-P	KPanRef-Korean	clipped_graph_paths	upstream_clipped_graph_source;DR_DQ_candidate_novel_annotation	2	2	2	2	1	KPanRef-076-P#1#Unplaced_h1tg000017l_88124:28282601-33357961	3555091	3693263	1	WHR1-like+|C4AL+|CYP21A1P-like+|TNXA-like-|WHR1B-like+|C4BL+|CYP21A2-like+|TNXB-like-	RCCX-SCREEN-c91a117646c15232	component_counts_consistent	Nearest prototype is not functional gene identity; no fusion or gene-conversion classification; C4 annotation inherited
KPanRef-076-P#2	KPanRef-076-P	KPanRef-Korean	clipped_graph_paths	upstream_clipped_graph_source;DR_DQ_candidate_novel_annotation;downstream_graph_clipping_loss	2	2	2	2	1	KPanRef-076-P#2#Unplaced_h2tg000017l_137908:28277062-33454172	3551428	3689575	1	WHR1-like+|C4AL+|CYP21A1P-like+|TNXA-like-|WHR1B-like+|C4BL+|CYP21A2-like+|TNXB-like-	RCCX-SCREEN-c91a117646c15232	component_counts_consistent	Nearest prototype is not functional gene identity; no fusion or gene-conversion classification; C4 annotation inherited
KPanRef-077#1	KPanRef-077	KPanRef-Korean	clipped_graph_paths	upstream_clipped_graph_source;DR_DQ_candidate_novel_annotation	1	1	1	1	1	KPanRef-077#1#Unplaced_h1tg000001l_137091:28284173-33492210	3544597	3650033	1	WHR1-like+|C4AL+|CYP21A2-like+|TNXB-like-	RCCX-SCREEN-80c1563b57f16898	component_counts_consistent	Nearest prototype is not functional gene identity; no fusion or gene-conversion classification; C4 annotation inherited
KPanRef-077#2	KPanRef-077	KPanRef-Korean	clipped_graph_paths	upstream_clipped_graph_source;DR_DQ_candidate_novel_annotation	2	2	2	2	1	KPanRef-077#2#Unplaced_h2tg000012l_78944:28291410-33360216	3549180	3687352	1	WHR1-like+|C4AL+|CYP21A1P-like+|TNXA-like-|WHR1B-like+|C4BL+|CYP21A2-like+|TNXB-like-	RCCX-SCREEN-c91a117646c15232	component_counts_consistent	Nearest prototype is not functional gene identity; no fusion or gene-conversion classification; C4 annotation inherited
KPanRef-078#1	KPanRef-078	KPanRef-Korean	clipped_graph_paths	upstream_clipped_graph_source;DR_DQ_candidate_novel_annotation;downstream_graph_clipping_loss	3	3	3	3	1	KPanRef-078#1#Unplaced_h1tg000001l_114758335:24960658-30030886_rc	3458284	3622880	1	WHR1-like+|C4AL+|CYP21A1P-like+|TNXA-like-|WHR1B-like+|C4AS+|CYP21A1P-like+|TNXA-like-|WHR1B-like+|C4BL+|CYP21A2-like+|TNXB-like-	RCCX-SCREEN-e92677dc4f8b8aff	component_counts_consistent	Nearest prototype is not functional gene identity; no fusion or gene-conversion classification; C4 annotation inherited
KPanRef-078#2	KPanRef-078	KPanRef-Korean	clipped_graph_paths	upstream_clipped_graph_source	3	3	3	3	1	KPanRef-078#2#Unplaced_h2tg000009l_0:3358197-8522429	3553611	3724502	1	WHR1-like+|C4AL+|CYP21A1P-like+|TNXA-like-|WHR1B-like+|C4AL+|CYP21A1P-like+|TNXA-like-|WHR1B-like+|C4BL+|CYP21A2-like+|TNXB-like-	RCCX-SCREEN-ca928f07d032036f	component_counts_consistent	Nearest prototype is not functional gene identity; no fusion or gene-conversion classification; C4 annotation inherited
KPanRef-079#1	KPanRef-079	KPanRef-Korean	clipped_graph_paths	upstream_clipped_graph_source;DR_DQ_candidate_novel_annotation	3	3	3	3	1	KPanRef-079#1#Unplaced_h1tg000005l_91609:28264818-33599109	3613046	3771187	1	WHR1-like+|C4AL+|CYP21A1P-like+|TNXA-like-|WHR1B-like+|C4BS+|CYP21A1P-like+|TNXA-like-|WHR1B-like+|C4BS+|CYP21A2-like+|TNXB-like-	RCCX-SCREEN-0c843ef37c4c8a9d	component_counts_consistent	Nearest prototype is not functional gene identity; no fusion or gene-conversion classification; C4 annotation inherited
KPanRef-079#2	KPanRef-079	KPanRef-Korean	clipped_graph_paths	upstream_clipped_graph_source;DR_DQ_candidate_novel_annotation;downstream_graph_clipping_loss	2	2	2	2	1	KPanRef-079#2#Unplaced_h2tg000026l_4253567:24954773-30064329_rc	3507400	3645631	1	WHR1-like+|C4AL+|CYP21A1P-like+|TNXA-like-|WHR1B-like+|C4BL+|CYP21A2-like+|TNXB-like-	RCCX-SCREEN-c91a117646c15232	component_counts_consistent	Nearest prototype is not functional gene identity; no fusion or gene-conversion classification; C4 annotation inherited
KPanRef-080#1	KPanRef-080	KPanRef-Korean	clipped_graph_paths	upstream_clipped_graph_source;DR_DQ_candidate_novel_annotation	2	2	2	2	1	KPanRef-080#1#Unplaced_h1tg000006l_134640:28341348-33585111	3551803	3689978	1	WHR1-like+|C4AL+|CYP21A1P-like+|TNXA-like-|WHR1B-like+|C4BL+|CYP21A2-like+|TNXB-like-	RCCX-SCREEN-c91a117646c15232	component_counts_consistent	Nearest prototype is not functional gene identity; no fusion or gene-conversion classification; C4 annotation inherited
KPanRef-080#2	KPanRef-080	KPanRef-Korean	clipped_graph_paths	upstream_clipped_graph_source;DR_DQ_candidate_novel_annotation	1	1	1	1	1	KPanRef-080#2#Unplaced_h2tg000008l_103230300:24952389-30156782_rc	3541859	3647296	1	WHR1-like+|C4AL+|CYP21A2-like+|TNXB-like-	RCCX-SCREEN-80c1563b57f16898	component_counts_consistent	Nearest prototype is not functional gene identity; no fusion or gene-conversion classification; C4 annotation inherited
NA18505#1	NA18505	HPRC-Rest	assembly_or_reference	DR_DQ_candidate_novel_annotation	1	1	1	1	1	NA18505#1#JBHIJY010000048.1:28445967-33542979	3552412	3657845	1	WHR1-like+|C4AL+|CYP21A2-like+|TNXB-like-	RCCX-SCREEN-80c1563b57f16898	component_counts_consistent	Nearest prototype is not functional gene identity; no fusion or gene-conversion classification; C4 annotation inherited
NA18505#2	NA18505	HPRC-Rest	assembly_or_reference		2	2	2	2	1	NA18505#2#JBHIJZ010000041.1:28452551-33607869	3554488	3686241	1	WHR1-like+|C4AL+|CYP21A1P-like+|TNXA-like-|WHR1B-like+|C4BS+|CYP21A2-like+|TNXB-like-	RCCX-SCREEN-08dc6d3cd5c804e4	component_counts_consistent	Nearest prototype is not functional gene identity; no fusion or gene-conversion classification; C4 annotation inherited
NA18508#1	NA18508	HPRC-Rest	assembly_or_reference	DR_DQ_candidate_novel_annotation	2	2	2	2	1	NA18508#1#CM089650.1:28440826-33645342	3626009	3757803	1	WHR1-like+|C4AL+|CYP21A1P-like+|TNXA-like-|WHR1B-like+|C4AS+|CYP21A2-like+|TNXB-like-	RCCX-SCREEN-b8ca310d36f0396c	component_counts_consistent	Nearest prototype is not functional gene identity; no fusion or gene-conversion classification; C4 annotation inherited
NA18508#2	NA18508	HPRC-Rest	assembly_or_reference	DR_DQ_candidate_novel_annotation	2	2	2	2	1	NA18508#2#JBHIJH010000001.1:28282775-33492562	3621538	3753335	1	WHR1-like+|C4AL+|CYP21A1P-like+|TNXA-like-|WHR1B-like+|C4BS+|CYP21A2-like+|TNXB-like-	RCCX-SCREEN-08dc6d3cd5c804e4	component_counts_consistent	Nearest prototype is not functional gene identity; no fusion or gene-conversion classification; C4 annotation inherited
NA18522#1	NA18522	HPRC-Rest	assembly_or_reference		2	2	2	2	1	NA18522#1#CM087176.1:28457728-33607889	3554871	3686640	1	WHR1-like+|C4AL+|CYP21A1P-like+|TNXA-like-|WHR1B-like+|C4BS+|CYP21A2-like+|TNXB-like-	RCCX-SCREEN-08dc6d3cd5c804e4	component_counts_consistent	Nearest prototype is not functional gene identity; no fusion or gene-conversion classification; C4 annotation inherited
NA18522#2	NA18522	HPRC-Rest	assembly_or_reference	DR_DQ_candidate_novel_annotation	2	2	2	2	1	NA18522#2#CM087191.1:28461290-33621227	3560716	3692507	1	WHR1-like+|C4AL+|CYP21A1P-like+|TNXA-like-|WHR1B-like+|C4BS+|CYP21A2-like+|TNXB-like-	RCCX-SCREEN-08dc6d3cd5c804e4	component_counts_consistent	Nearest prototype is not functional gene identity; no fusion or gene-conversion classification; C4 annotation inherited
NA18565#1	NA18565	HPRC-EastAsian	assembly_or_reference	DR_DQ_candidate_novel_annotation	2	2	2	2	1	NA18565#1#CM094320.1:28406009-33589453	3493952	3625745	1	WHR1-like+|C4AL+|CYP21A1P-like+|TNXA-like-|WHR1B-like+|C4BS+|CYP21A2-like+|TNXB-like-	RCCX-SCREEN-08dc6d3cd5c804e4	component_counts_consistent	Nearest prototype is not functional gene identity; no fusion or gene-conversion classification; C4 annotation inherited
NA18565#2	NA18565	HPRC-EastAsian	assembly_or_reference	DR_DQ_candidate_novel_annotation	2	2	2	2	1	NA18565#2#CM094342.1:28359389-33490962	3559001	3690769	1	WHR1-like+|C4AL+|CYP21A1P-like+|TNXA-like-|WHR1B-like+|C4BS+|CYP21A2-like+|TNXB-like-	RCCX-SCREEN-08dc6d3cd5c804e4	component_counts_consistent	Nearest prototype is not functional gene identity; no fusion or gene-conversion classification; C4 annotation inherited
NA18570#1	NA18570	HPRC-EastAsian	assembly_or_reference	DR_DQ_candidate_novel_annotation	2	2	2	2	1	NA18570#1#CM087659.1:28377747-33503647	3555439	3687220	1	WHR1-like+|C4AL+|CYP21A1P-like+|TNXA-like-|WHR1B-like+|C4BS+|CYP21A2-like+|TNXB-like-	RCCX-SCREEN-08dc6d3cd5c804e4	component_counts_consistent	Nearest prototype is not functional gene identity; no fusion or gene-conversion classification; C4 annotation inherited
NA18570#2	NA18570	HPRC-EastAsian	assembly_or_reference	DR_DQ_candidate_novel_annotation;downstream_graph_clipping_loss	2	2	2	2	1	NA18570#2#JBHDXO010000039.1:12253641-17492124	3552885	3684809	1	WHR1-like+|C4AL+|CYP21A1P-like+|TNXA-like-|WHR1B-like+|C4BS+|CYP21A2-like+|TNXB-like-	RCCX-SCREEN-08dc6d3cd5c804e4	component_counts_consistent	Nearest prototype is not functional gene identity; no fusion or gene-conversion classification; C4 annotation inherited
NA18608#1	NA18608	HPRC-EastAsian	assembly_or_reference	DR_DQ_candidate_novel_annotation	2	2	2	2	1	NA18608#1#JBHIJW010000005.1:28379380-33466928	3504566	3642739	1	WHR1-like+|C4AL+|CYP21A2-like+|TNXA-like-|WHR1B-like+|C4BL+|CYP21A2-like+|TNXB-like-	RCCX-SCREEN-4c34865fcf2a50f9	component_counts_consistent	Nearest prototype is not functional gene identity; no fusion or gene-conversion classification; C4 annotation inherited
NA18608#2	NA18608	HPRC-EastAsian	assembly_or_reference	DR_DQ_candidate_novel_annotation	2	2	2	2	1	NA18608#2#JBHIJX010000014.1:28375523-33585552	3625356	3763509	1	WHR1-like+|C4AL+|CYP21A1P-like+|TNXA-like-|WHR1B-like+|C4BL+|CYP21A2-like+|TNXB-like-	RCCX-SCREEN-c91a117646c15232	component_counts_consistent	Nearest prototype is not functional gene identity; no fusion or gene-conversion classification; C4 annotation inherited
NA18620#1	NA18620	HPRC-EastAsian	assembly_or_reference	DR_DQ_candidate_novel_annotation	2	2	2	2	1	NA18620#1#JBHIJU010000014.1:28371273-33496778	3546813	3684986	1	WHR1-like+|C4AL+|CYP21A1P-like+|TNXA-like-|WHR1B-like+|C4BL+|CYP21A2-like+|TNXB-like-	RCCX-SCREEN-c91a117646c15232	component_counts_consistent	Nearest prototype is not functional gene identity; no fusion or gene-conversion classification; C4 annotation inherited
NA18620#2	NA18620	HPRC-EastAsian	assembly_or_reference	DR_DQ_candidate_novel_annotation	2	2	2	2	1	NA18620#2#JBHIJV010000064.1:28361084-33404871	3453254	3585046	1	WHR1-like+|C4AL+|CYP21A1P-like+|TNXA-like-|WHR1B-like+|C4AS+|CYP21A2-like+|TNXB-like-	RCCX-SCREEN-b8ca310d36f0396c	component_counts_consistent	Nearest prototype is not functional gene identity; no fusion or gene-conversion classification; C4 annotation inherited
NA18747#1	NA18747	HPRC-EastAsian	assembly_or_reference	DR_DQ_candidate_novel_annotation	2	2	2	2	1	NA18747#1#CM087202.1:28424227-33559019	3551172	3689337	1	WHR1-like+|C4AL+|CYP21A1P-like+|TNXA-like-|WHR1B-like+|C4BL+|CYP21A2-like+|TNXB-like-	RCCX-SCREEN-c91a117646c15232	component_counts_consistent	Nearest prototype is not functional gene identity; no fusion or gene-conversion classification; C4 annotation inherited
NA18747#2	NA18747	HPRC-EastAsian	assembly_or_reference		2	2	2	2	1	NA18747#2#CM087242.1:28408784-33568848	3552496	3690655	1	WHR1-like+|C4AL+|CYP21A1P-like+|TNXA-like-|WHR1B-like+|C4BL+|CYP21A2-like+|TNXB-like-	RCCX-SCREEN-c91a117646c15232	component_counts_consistent	Nearest prototype is not functional gene identity; no fusion or gene-conversion classification; C4 annotation inherited
NA18879#1	NA18879	HPRC-Rest	assembly_or_reference	DR_DQ_candidate_novel_annotation	1	1	1	1	1	NA18879#1#CM099716.1:28474558-33526652	3506192	3605249	1	WHR1-like+|C4AS+|CYP21A2-like+|TNXB-like-	RCCX-SCREEN-12355a86c207700e	component_counts_consistent	Nearest prototype is not functional gene identity; no fusion or gene-conversion classification; C4 annotation inherited
NA18879#2	NA18879	HPRC-Rest	assembly_or_reference	DR_DQ_candidate_novel_annotation	2	2	2	2	1	NA18879#2#JBJUVN010000057.1:28495776-33652599	3560923	3692684	1	WHR1-like+|C4AL+|CYP21A1P-like+|TNXA-like-|WHR1B-like+|C4BS+|CYP21A2-like+|TNXB-like-	RCCX-SCREEN-08dc6d3cd5c804e4	component_counts_consistent	Nearest prototype is not functional gene identity; no fusion or gene-conversion classification; C4 annotation inherited
NA18906#1	NA18906	HPRC-Rest	assembly_or_reference	DR_DQ_candidate_novel_annotation	2	2	2	2	1	NA18906#1#JAHEOO020000008.1:28476372-33613648	3561583	3693376	1	WHR1-like+|C4AL+|CYP21A1P-like+|TNXA-like-|WHR1B-like+|C4BS+|CYP21A2-like+|TNXB-like-	RCCX-SCREEN-08dc6d3cd5c804e4	component_counts_consistent	Nearest prototype is not functional gene identity; no fusion or gene-conversion classification; C4 annotation inherited
NA18906#2	NA18906	HPRC-Rest	assembly_or_reference	DR_DQ_candidate_novel_annotation	2	2	2	2	1	NA18906#2#JAHEON020000009.1:28400633-33549040	3554175	3622511	1	WHR1-like+|C4AL+|CYP21A1P-like+|TNXA-like-|WHR1B-like+|C4BS+|CYP21A2-like+|TNXA-like-	RCCX-SCREEN-6493188f61335fa0	component_counts_consistent	Nearest prototype is not functional gene identity; no fusion or gene-conversion classification; C4 annotation inherited
NA18940#1	NA18940	HPRC-Japanese	assembly_or_reference	cross_cohort_duplicate_donor;DR_DQ_candidate_novel_annotation	2	2	2	2	1	NA18940#1#CM101704.1:28361445-33495650	3507217	3645403	1	WHR1-like+|C4AL+|CYP21A1P-like+|TNXA-like-|WHR1B-like+|C4AL+|CYP21A2-like+|TNXB-like-	RCCX-SCREEN-109f6cb2c3c027c8	component_counts_consistent	Nearest prototype is not functional gene identity; no fusion or gene-conversion classification; C4 annotation inherited
NA18940#2	NA18940	HPRC-Japanese	assembly_or_reference	cross_cohort_duplicate_donor;DR_DQ_candidate_novel_annotation	2	2	2	2	1	NA18940#2#CM101718.1:28384276-33404776	3506874	3638678	1	WHR1-like+|C4AL+|CYP21A1P-like+|TNXA-like-|WHR1B-like+|C4BS+|CYP21A2-like+|TNXB-like-	RCCX-SCREEN-08dc6d3cd5c804e4	component_counts_consistent	Nearest prototype is not functional gene identity; no fusion or gene-conversion classification; C4 annotation inherited
NA18940.JaSaPaGe#1	NA18940	JaSaPaGe-Japanese	assembly_or_reference	cross_cohort_duplicate_donor;DR_DQ_candidate_novel_annotation;downstream_graph_clipping_loss	2	2	2	2	1	NA18940.JaSaPaGe#1#h1tg000082l:22521073-27655405_rc	3507364	3645549	1	WHR1-like+|C4AL+|CYP21A1P-like+|TNXA-like-|WHR1B-like+|C4AL+|CYP21A2-like+|TNXB-like-	RCCX-SCREEN-109f6cb2c3c027c8	component_counts_consistent	Nearest prototype is not functional gene identity; no fusion or gene-conversion classification; C4 annotation inherited
NA18940.JaSaPaGe#2	NA18940	JaSaPaGe-Japanese	assembly_or_reference	cross_cohort_duplicate_donor;DR_DQ_candidate_novel_annotation	2	2	2	2	1	NA18940.JaSaPaGe#2#h2tg000159l:514-4713306	3199130	3330939	1	WHR1-like+|C4AL+|CYP21A1P-like+|TNXA-like-|WHR1B-like+|C4BS+|CYP21A2-like+|TNXB-like-	RCCX-SCREEN-08dc6d3cd5c804e4	component_counts_consistent	Nearest prototype is not functional gene identity; no fusion or gene-conversion classification; C4 annotation inherited
NA18943#1	NA18943	HPRC-Japanese	assembly_or_reference	cross_cohort_duplicate_donor	2	2	2	2	1	NA18943#1#CM101660.1:28426731-33491938	3552121	3683801	1	WHR1-like+|C4AL+|CYP21A1P-like+|TNXA-like-|WHR1B-like+|C4BS+|CYP21A2-like+|TNXB-like-	RCCX-SCREEN-08dc6d3cd5c804e4	component_counts_consistent	Nearest prototype is not functional gene identity; no fusion or gene-conversion classification; C4 annotation inherited
NA18943#2	NA18943	HPRC-Japanese	assembly_or_reference	cross_cohort_duplicate_donor	2	2	2	2	1	NA18943#2#CM101689.1:28413016-33476747	3543014	3681184	1	WHR1-like+|C4AL+|CYP21A1P-like+|TNXA-like-|WHR1B-like+|C4BL+|CYP21A2-like+|TNXB-like-	RCCX-SCREEN-c91a117646c15232	component_counts_consistent	Nearest prototype is not functional gene identity; no fusion or gene-conversion classification; C4 annotation inherited
NA18943.JaSaPaGe#1	NA18943	JaSaPaGe-Japanese	assembly_or_reference	cross_cohort_duplicate_donor	2	2	2	2	1	NA18943.JaSaPaGe#1#CM101660.1:28426731-33491938	3552121	3683801	1	WHR1-like+|C4AL+|CYP21A1P-like+|TNXA-like-|WHR1B-like+|C4BS+|CYP21A2-like+|TNXB-like-	RCCX-SCREEN-08dc6d3cd5c804e4	component_counts_consistent	Nearest prototype is not functional gene identity; no fusion or gene-conversion classification; C4 annotation inherited
NA18943.JaSaPaGe#2	NA18943	JaSaPaGe-Japanese	assembly_or_reference	cross_cohort_duplicate_donor	2	2	2	2	1	NA18943.JaSaPaGe#2#CM101689.1:28413016-33476747	3543014	3681184	1	WHR1-like+|C4AL+|CYP21A1P-like+|TNXA-like-|WHR1B-like+|C4BL+|CYP21A2-like+|TNXB-like-	RCCX-SCREEN-c91a117646c15232	component_counts_consistent	Nearest prototype is not functional gene identity; no fusion or gene-conversion classification; C4 annotation inherited
NA18944#1	NA18944	HPRC-Japanese	assembly_or_reference	downstream_graph_clipping_loss	2	2	2	2	1	NA18944#1#CM101645.1:28385561-33526630	3544639	3676436	1	WHR1-like+|C4AL+|CYP21A1P-like+|TNXA-like-|WHR1B-like+|C4BS+|CYP21A2-like+|TNXB-like-	RCCX-SCREEN-08dc6d3cd5c804e4	component_counts_consistent	Nearest prototype is not functional gene identity; no fusion or gene-conversion classification; C4 annotation inherited
NA18944#2	NA18944	HPRC-Japanese	assembly_or_reference	DR_DQ_candidate_novel_annotation;downstream_graph_clipping_loss	2	2	2	2	1	NA18944#2#CM101674.1:28358440-33385619	3506055	3644197	1	WHR1-like+|C4AL+|CYP21A1P-like+|TNXA-like-|WHR1B-like+|C4BL+|CYP21A2-like+|TNXB-like-	RCCX-SCREEN-c91a117646c15232	component_counts_consistent	Nearest prototype is not functional gene identity; no fusion or gene-conversion classification; C4 annotation inherited
NA18945#1	NA18945	HPRC-Japanese	assembly_or_reference	cross_cohort_duplicate_donor;DR_DQ_candidate_novel_annotation	2	2	2	2	1	NA18945#1#CM101613.1:28368965-33555846	3608851	3740639	1	WHR1-like+|C4AL+|CYP21A1P-like+|TNXA-like-|WHR1B-like+|C4BS+|CYP21A2-like+|TNXB-like-	RCCX-SCREEN-08dc6d3cd5c804e4	component_counts_consistent	Nearest prototype is not functional gene identity; no fusion or gene-conversion classification; C4 annotation inherited
NA18945#2	NA18945	HPRC-Japanese	assembly_or_reference	cross_cohort_duplicate_donor;DR_DQ_candidate_novel_annotation;downstream_graph_clipping_loss	2	2	2	2	1	NA18945#2#CM101630.1:28394844-33694406	3612297	3744065	1	WHR1-like+|C4AL+|CYP21A1P-like+|TNXA-like-|WHR1B-like+|C4AS+|CYP21A2-like+|TNXB-like-	RCCX-SCREEN-b8ca310d36f0396c	component_counts_consistent	Nearest prototype is not functional gene identity; no fusion or gene-conversion classification; C4 annotation inherited
NA18945.JaSaPaGe#1	NA18945	JaSaPaGe-Japanese	assembly_or_reference	cross_cohort_duplicate_donor;DR_DQ_candidate_novel_annotation;downstream_graph_clipping_loss	2	2	2	2	1	NA18945.JaSaPaGe#1#h1tg000007l:25526793-30826391_rc	3612376	3744144	1	WHR1-like+|C4AL+|CYP21A1P-like+|TNXA-like-|WHR1B-like+|C4AS+|CYP21A2-like+|TNXB-like-	RCCX-SCREEN-b8ca310d36f0396c	component_counts_consistent	Nearest prototype is not functional gene identity; no fusion or gene-conversion classification; C4 annotation inherited
NA18945.JaSaPaGe#2	NA18945	JaSaPaGe-Japanese	assembly_or_reference	cross_cohort_duplicate_donor;DR_DQ_candidate_novel_annotation	2	2	2	2	1	NA18945.JaSaPaGe#2#h2tg000002l:28368005-33554919	3608867	3740655	1	WHR1-like+|C4AL+|CYP21A1P-like+|TNXA-like-|WHR1B-like+|C4BS+|CYP21A2-like+|TNXB-like-	RCCX-SCREEN-08dc6d3cd5c804e4	component_counts_consistent	Nearest prototype is not functional gene identity; no fusion or gene-conversion classification; C4 annotation inherited
NA18948#1	NA18948	HPRC-Japanese	assembly_or_reference		2	2	2	2	1	NA18948#1#CM101600.1:28387406-33694585	3613015	3744797	1	WHR1-like+|C4AL+|CYP21A1P-like+|TNXA-like-|WHR1B-like+|C4BS+|CYP21A2-like+|TNXB-like-	RCCX-SCREEN-08dc6d3cd5c804e4	component_counts_consistent	Nearest prototype is not functional gene identity; no fusion or gene-conversion classification; C4 annotation inherited
NA18948#2	NA18948	HPRC-Japanese	assembly_or_reference		4	4	4	4	1	NA18948#2#CM101588.1:28449833-33675773	3551866	3755494	1	WHR1-like+|C4AL+|CYP21A1P-like+|TNXA-like-|WHR1B-like+|C4AL+|CYP21A1P-like+|TNXA-like-|WHR1B-like+|C4AL+|CYP21A1P-like+|TNXA-like-|WHR1B-like+|C4BL+|CYP21A2-like+|TNXB-like-	RCCX-SCREEN-c043bb7aaa1cb89c	component_counts_consistent	Nearest prototype is not functional gene identity; no fusion or gene-conversion classification; C4 annotation inherited
NA18952#1	NA18952	HPRC-Japanese	assembly_or_reference	cross_cohort_duplicate_donor;DR_DQ_candidate_novel_annotation	4	4	4	4	1	NA18952#1#JBHIJS010000065.1:28372748-33544581	3504692	3708323	1	WHR1-like+|C4AL+|CYP21A1P-like+|TNXA-like-|WHR1B-like+|C4AL+|CYP21A1P-like+|TNXA-like-|WHR1B-like+|C4AL+|CYP21A1P-like+|TNXA-like-|WHR1B-like+|C4BL+|CYP21A2-like+|TNXB-like-	RCCX-SCREEN-c043bb7aaa1cb89c	component_counts_consistent	Nearest prototype is not functional gene identity; no fusion or gene-conversion classification; C4 annotation inherited
NA18952#2	NA18952	HPRC-Japanese	assembly_or_reference	cross_cohort_duplicate_donor;DR_DQ_candidate_novel_annotation	2	2	2	2	1	NA18952#2#JBHIJT010000011.1:27989065-33294169	3611577	3749727	1	WHR1-like+|C4AL+|CYP21A1P-like+|TNXA-like-|WHR1B-like+|C4BL+|CYP21A2-like+|TNXB-like-	RCCX-SCREEN-c91a117646c15232	component_counts_consistent	Nearest prototype is not functional gene identity; no fusion or gene-conversion classification; C4 annotation inherited
NA18952.JaSaPaGe#1	NA18952	JaSaPaGe-Japanese	assembly_or_reference	cross_cohort_duplicate_donor;previously_reported_duplicated_haplotype;DR_DQ_candidate_novel_annotation;downstream_graph_clipping_loss	2	2	2	2	1	NA18952.JaSaPaGe#1#h1tg000063l:25586722-30891845_rc	3611639	3749793	1	WHR1-like+|C4AL+|CYP21A1P-like+|TNXA-like-|WHR1B-like+|C4BL+|CYP21A2-like+|TNXB-like-	RCCX-SCREEN-c91a117646c15232	component_counts_consistent	Nearest prototype is not functional gene identity; no fusion or gene-conversion classification; C4 annotation inherited
NA18952.JaSaPaGe#2	NA18952	JaSaPaGe-Japanese	assembly_or_reference	cross_cohort_duplicate_donor;previously_reported_duplicated_haplotype;DR_DQ_candidate_novel_annotation	2	2	2	2	1	NA18952.JaSaPaGe#2#JBHIJT010000011.1:27989065-33294169	3611577	3749727	1	WHR1-like+|C4AL+|CYP21A1P-like+|TNXA-like-|WHR1B-like+|C4BL+|CYP21A2-like+|TNXB-like-	RCCX-SCREEN-c91a117646c15232	component_counts_consistent	Nearest prototype is not functional gene identity; no fusion or gene-conversion classification; C4 annotation inherited
NA18959#1	NA18959	HPRC-Japanese	assembly_or_reference	DR_DQ_candidate_novel_annotation	2	2	2	2	1	NA18959#1#CM101546.1:28370803-33504249	3507226	3645407	1	WHR1-like+|C4AL+|CYP21A1P-like+|TNXA-like-|WHR1B-like+|C4AL+|CYP21A2-like+|TNXB-like-	RCCX-SCREEN-109f6cb2c3c027c8	component_counts_consistent	Nearest prototype is not functional gene identity; no fusion or gene-conversion classification; C4 annotation inherited
NA18959#2	NA18959	HPRC-Japanese	assembly_or_reference		1	1	1	1	1	NA18959#2#CM101574.1:28371257-33493892	3548493	3653919	1	WHR1-like+|C4BL+|CYP21A2-like+|TNXB-like-	RCCX-SCREEN-7b1f207074474ef0	component_counts_consistent	Nearest prototype is not functional gene identity; no fusion or gene-conversion classification; C4 annotation inherited
NA18960#1	NA18960	HPRC-Japanese	assembly_or_reference	DR_DQ_candidate_novel_annotation	2	2	2	2	1	NA18960#1#CM101531.1:28387298-33581139	3500163	3638318	1	WHR1-like+|C4AL+|CYP21A1P-like+|TNXA-like-|WHR1B-like+|C4BL+|CYP21A2-like+|TNXB-like-	RCCX-SCREEN-c91a117646c15232	component_counts_consistent	Nearest prototype is not functional gene identity; no fusion or gene-conversion classification; C4 annotation inherited
NA18960#2	NA18960	HPRC-Japanese	assembly_or_reference	DR_DQ_candidate_novel_annotation;downstream_graph_clipping_loss	2	2	2	2	1	NA18960#2#CM101559.1:28352755-33558459	3503539	3635303	1	WHR1-like+|C4AL+|CYP21A1P-like+|TNXA-like-|WHR1B-like+|C4BS+|CYP21A2-like+|TNXB-like-	RCCX-SCREEN-08dc6d3cd5c804e4	component_counts_consistent	Nearest prototype is not functional gene identity; no fusion or gene-conversion classification; C4 annotation inherited
NA18967#1	NA18967	HPRC-Japanese	assembly_or_reference	DR_DQ_candidate_novel_annotation	2	2	2	2	1	NA18967#1#CM101498.1:28415274-33499907	3500556	3638726	1	WHR1-like+|C4AL+|CYP21A1P-like+|TNXA-like-|WHR1B-like+|C4BL+|CYP21A2-like+|TNXB-like-	RCCX-SCREEN-c91a117646c15232	component_counts_consistent	Nearest prototype is not functional gene identity; no fusion or gene-conversion classification; C4 annotation inherited
NA18967#2	NA18967	HPRC-Japanese	assembly_or_reference	DR_DQ_candidate_novel_annotation;downstream_graph_clipping_loss	1	1	1	1	1	NA18967#2#JBKABX010000006.1:28395404-33553508	3496632	3602065	1	WHR1-like+|C4AL+|CYP21A2-like+|TNXB-like-	RCCX-SCREEN-80c1563b57f16898	component_counts_consistent	Nearest prototype is not functional gene identity; no fusion or gene-conversion classification; C4 annotation inherited
NA18970#1	NA18970	HPRC-Japanese	assembly_or_reference	cross_cohort_duplicate_donor;DR_DQ_candidate_novel_annotation	2	2	2	2	1	NA18970#1#CM101469.1:28338191-33472849	3550934	3689101	1	WHR1-like+|C4AL+|CYP21A1P-like+|TNXA-like-|WHR1B-like+|C4BL+|CYP21A2-like+|TNXB-like-	RCCX-SCREEN-c91a117646c15232	component_counts_consistent	Nearest prototype is not functional gene identity; no fusion or gene-conversion classification; C4 annotation inherited
NA18970#2	NA18970	HPRC-Japanese	assembly_or_reference	cross_cohort_duplicate_donor;DR_DQ_candidate_novel_annotation	2	2	2	2	1	NA18970#2#CM101481.1:28437781-33628491	3506099	3637900	1	WHR1-like+|C4AL+|CYP21A1P-like+|TNXA-like-|WHR1B-like+|C4BS+|CYP21A2-like+|TNXB-like-	RCCX-SCREEN-08dc6d3cd5c804e4	component_counts_consistent	Nearest prototype is not functional gene identity; no fusion or gene-conversion classification; C4 annotation inherited
NA18970.JaSaPaGe#1	NA18970	JaSaPaGe-Japanese	assembly_or_reference	cross_cohort_duplicate_donor;DR_DQ_candidate_novel_annotation	2	2	2	2	1	NA18970.JaSaPaGe#1#CM101469.1:28338191-33472849	3550934	3689101	1	WHR1-like+|C4AL+|CYP21A1P-like+|TNXA-like-|WHR1B-like+|C4BL+|CYP21A2-like+|TNXB-like-	RCCX-SCREEN-c91a117646c15232	component_counts_consistent	Nearest prototype is not functional gene identity; no fusion or gene-conversion classification; C4 annotation inherited
NA18970.JaSaPaGe#2	NA18970	JaSaPaGe-Japanese	assembly_or_reference	cross_cohort_duplicate_donor;DR_DQ_candidate_novel_annotation	2	2	2	2	1	NA18970.JaSaPaGe#2#CM101481.1:28437781-33628491	3506099	3637900	1	WHR1-like+|C4AL+|CYP21A1P-like+|TNXA-like-|WHR1B-like+|C4BS+|CYP21A2-like+|TNXB-like-	RCCX-SCREEN-08dc6d3cd5c804e4	component_counts_consistent	Nearest prototype is not functional gene identity; no fusion or gene-conversion classification; C4 annotation inherited
NA18971#1	NA18971	HPRC-Japanese	assembly_or_reference	DR_DQ_candidate_novel_annotation;downstream_graph_clipping_loss	2	2	2	2	1	NA18971#1#JBHDWK010000075.1:28353861-33541047	3493821	3631989	1	WHR1-like+|C4AL+|CYP21A1P-like+|TNXA-like-|WHR1B-like+|C4BL+|CYP21A2-like+|TNXB-like-	RCCX-SCREEN-c91a117646c15232	component_counts_consistent	Nearest prototype is not functional gene identity; no fusion or gene-conversion classification; C4 annotation inherited
NA18971#2	NA18971	HPRC-Japanese	assembly_or_reference	DR_DQ_candidate_novel_annotation;downstream_graph_clipping_loss	2	2	2	2	1	NA18971#2#CM087282.1:28370956-33557710	3603456	3741622	1	WHR1-like+|C4AL+|CYP21A1P-like+|TNXA-like-|WHR1B-like+|C4BL+|CYP21A2-like+|TNXB-like-	RCCX-SCREEN-c91a117646c15232	component_counts_consistent	Nearest prototype is not functional gene identity; no fusion or gene-conversion classification; C4 annotation inherited
NA18974#1	NA18974	HPRC-Japanese	assembly_or_reference	DR_DQ_candidate_novel_annotation;downstream_graph_clipping_loss	3	3	3	3	1	NA18974#1#JBHIJQ010000061.1:28438445-33702152	3541558	3706163	1	WHR1-like+|C4AL+|CYP21A1P-like+|TNXA-like-|WHR1B-like+|C4AS+|CYP21A1P-like+|TNXA-like-|WHR1B-like+|C4BL+|CYP21A2-like+|TNXB-like-	RCCX-SCREEN-e92677dc4f8b8aff	component_counts_consistent	Nearest prototype is not functional gene identity; no fusion or gene-conversion classification; C4 annotation inherited
NA18974#2	NA18974	HPRC-Japanese	assembly_or_reference	downstream_graph_clipping_loss	3	3	3	3	1	NA18974#2#JBHIJR010000002.1:28446464-33624399	3544335	3708934	1	WHR1-like+|C4AL+|CYP21A1P-like+|TNXA-like-|WHR1B-like+|C4AS+|CYP21A1P-like+|TNXA-like-|WHR1B-like+|C4BL+|CYP21A2-like+|TNXB-like-	RCCX-SCREEN-e92677dc4f8b8aff	component_counts_consistent	Nearest prototype is not functional gene identity; no fusion or gene-conversion classification; C4 annotation inherited
NA18976#1	NA18976	HPRC-Japanese	assembly_or_reference	DR_DQ_candidate_novel_annotation	2	2	2	2	1	NA18976#1#CM089753.1:28424712-33611473	3608871	3740660	1	WHR1-like+|C4AL+|CYP21A1P-like+|TNXA-like-|WHR1B-like+|C4BS+|CYP21A2-like+|TNXB-like-	RCCX-SCREEN-08dc6d3cd5c804e4	component_counts_consistent	Nearest prototype is not functional gene identity; no fusion or gene-conversion classification; C4 annotation inherited
NA18976#2	NA18976	HPRC-Japanese	assembly_or_reference	DR_DQ_candidate_novel_annotation	2	2	2	2	1	NA18976#2#CM089763.1:28447335-33634097	3608868	3740657	1	WHR1-like+|C4AL+|CYP21A1P-like+|TNXA-like-|WHR1B-like+|C4BS+|CYP21A2-like+|TNXB-like-	RCCX-SCREEN-08dc6d3cd5c804e4	component_counts_consistent	Nearest prototype is not functional gene identity; no fusion or gene-conversion classification; C4 annotation inherited
NA18982#1	NA18982	HPRC-Japanese	assembly_or_reference	DR_DQ_candidate_novel_annotation	2	2	2	2	1	NA18982#1#CM101421.1:28415467-33548909	3507211	3645397	1	WHR1-like+|C4AL+|CYP21A1P-like+|TNXA-like-|WHR1B-like+|C4AL+|CYP21A2-like+|TNXB-like-	RCCX-SCREEN-109f6cb2c3c027c8	component_counts_consistent	Nearest prototype is not functional gene identity; no fusion or gene-conversion classification; C4 annotation inherited
NA18982#2	NA18982	HPRC-Japanese	assembly_or_reference		2	2	2	2	1	NA18982#2#JBKABT010000006.1:28433660-33435400	3408394	3540216	1	WHR1-like+|C4AL+|CYP21A1P-like+|TNXA-like-|WHR1B-like+|C4BS+|CYP21A2-like+|TNXB-like-	RCCX-SCREEN-08dc6d3cd5c804e4	component_counts_consistent	Nearest prototype is not functional gene identity; no fusion or gene-conversion classification; C4 annotation inherited
NA18983#1	NA18983	HPRC-Japanese	assembly_or_reference	DR_DQ_candidate_novel_annotation	2	2	2	2	1	NA18983#1#CM087420.1:28378465-33528221	3554934	3693081	1	WHR1-like+|C4AL+|CYP21A1P-like+|TNXA-like-|WHR1B-like+|C4BL+|CYP21A2-like+|TNXB-like-	RCCX-SCREEN-c91a117646c15232	component_counts_consistent	Nearest prototype is not functional gene identity; no fusion or gene-conversion classification; C4 annotation inherited
NA18983#2	NA18983	HPRC-Japanese	assembly_or_reference	DR_DQ_candidate_novel_annotation;downstream_graph_clipping_loss	2	2	2	2	1	NA18983#2#CM087432.1:28420692-33672818	3560257	3698558	1	WHR1-like+|C4AL+|CYP21A1P-like+|TNXA-like-|WHR1B-like+|C4BL+|CYP21A2-like+|TNXB-like-	RCCX-SCREEN-c91a117646c15232	component_counts_consistent	Nearest prototype is not functional gene identity; no fusion or gene-conversion classification; C4 annotation inherited
NA18990#1	NA18990	JaSaPaGe-Japanese	assembly_or_reference		2	2	2	2	1	NA18990#1#h1tg000053l:1684255-6870690	3608932	3740725	1	WHR1-like+|C4AL+|CYP21A1P-like+|TNXA-like-|WHR1B-like+|C4BS+|CYP21A2-like+|TNXB-like-	RCCX-SCREEN-08dc6d3cd5c804e4	component_counts_consistent	Nearest prototype is not functional gene identity; no fusion or gene-conversion classification; C4 annotation inherited
NA18990#2	NA18990	JaSaPaGe-Japanese	assembly_or_reference	DR_DQ_candidate_novel_annotation	2	2	2	2	1	NA18990#2#h2tg000012l:28380706-33571283	3501533	3633320	1	WHR1-like+|C4AL+|CYP21A1P-like+|TNXA-like-|WHR1B-like+|C4BS+|CYP21A2-like+|TNXB-like-	RCCX-SCREEN-08dc6d3cd5c804e4	component_counts_consistent	Nearest prototype is not functional gene identity; no fusion or gene-conversion classification; C4 annotation inherited
NA19007#1	NA19007	JaSaPaGe-Japanese	assembly_or_reference	DR_DQ_candidate_novel_annotation	1	1	1	1	1	NA19007#1#h1tg000006l:27239246-32454334_rc	3553798	3659245	1	WHR1-like+|C4AL+|CYP21A2-like+|TNXB-like-	RCCX-SCREEN-80c1563b57f16898	component_counts_consistent	Nearest prototype is not functional gene identity; no fusion or gene-conversion classification; C4 annotation inherited
NA19007#2	NA19007	JaSaPaGe-Japanese	assembly_or_reference		2	2	2	2	1	NA19007#2#h2tg000001l:28406882-33472999	3552167	3683971	1	WHR1-like+|C4AL+|CYP21A1P-like+|TNXA-like-|WHR1B-like+|C4BS+|CYP21A2-like+|TNXB-like-	RCCX-SCREEN-08dc6d3cd5c804e4	component_counts_consistent	Nearest prototype is not functional gene identity; no fusion or gene-conversion classification; C4 annotation inherited
NA19036#1	NA19036	HPRC-Rest	assembly_or_reference		2	2	2	2	1	NA19036#1#JBHIJM010000039.1:28463923-33608059	3546236	3678033	1	WHR1-like+|C4AL+|CYP21A1P-like+|TNXA-like-|WHR1B-like+|C4BS+|CYP21A2-like+|TNXB-like-	RCCX-SCREEN-08dc6d3cd5c804e4	component_counts_consistent	Nearest prototype is not functional gene identity; no fusion or gene-conversion classification; C4 annotation inherited
NA19036#2	NA19036	HPRC-Rest	assembly_or_reference	DR_DQ_candidate_novel_annotation	2	2	2	2	1	NA19036#2#CM089740.1:28304850-33443783	3561758	3693549	1	WHR1-like+|C4AL+|CYP21A1P-like+|TNXA-like-|WHR1B-like+|C4BS+|CYP21A2-like+|TNXB-like-	RCCX-SCREEN-08dc6d3cd5c804e4	component_counts_consistent	Nearest prototype is not functional gene identity; no fusion or gene-conversion classification; C4 annotation inherited
NA19043#1	NA19043	HPRC-Rest	assembly_or_reference		2	2	2	2	1	NA19043#1#CM087046.1:28457117-33603533	3552024	3683824	1	WHR1-like+|C4AL+|CYP21A1P-like+|TNXA-like-|WHR1B-like+|C4BS+|CYP21A2-like+|TNXB-like-	RCCX-SCREEN-08dc6d3cd5c804e4	component_counts_consistent	Nearest prototype is not functional gene identity; no fusion or gene-conversion classification; C4 annotation inherited
NA19043#2	NA19043	HPRC-Rest	assembly_or_reference		2	2	2	2	1	NA19043#2#CM087072.1:28298892-33447476	3554673	3686473	1	WHR1-like+|C4AL+|CYP21A1P-like+|TNXA-like-|WHR1B-like+|C4BS+|CYP21A2-like+|TNXB-like-	RCCX-SCREEN-08dc6d3cd5c804e4	component_counts_consistent	Nearest prototype is not functional gene identity; no fusion or gene-conversion classification; C4 annotation inherited
NA19066#1	NA19066	JaSaPaGe-Japanese	assembly_or_reference	DR_DQ_candidate_novel_annotation	2	2	2	2	1	NA19066#1#h1tg000041l:28321019-33454057	3507072	3645257	1	WHR1-like+|C4AL+|CYP21A1P-like+|TNXA-like-|WHR1B-like+|C4AL+|CYP21A2-like+|TNXB-like-	RCCX-SCREEN-109f6cb2c3c027c8	component_counts_consistent	Nearest prototype is not functional gene identity; no fusion or gene-conversion classification; C4 annotation inherited
NA19066#2	NA19066	JaSaPaGe-Japanese	assembly_or_reference		2	2	2	2	1	NA19066#2#h2tg000023l:28379592-33689338	3615556	3747337	1	WHR1-like+|C4AL+|CYP21A1P-like+|TNXA-like-|WHR1B-like+|C4BS+|CYP21A2-like+|TNXB-like-	RCCX-SCREEN-08dc6d3cd5c804e4	component_counts_consistent	Nearest prototype is not functional gene identity; no fusion or gene-conversion classification; C4 annotation inherited
NA19079#1	NA19079	JaSaPaGe-Japanese	assembly_or_reference	DR_DQ_candidate_novel_annotation;downstream_graph_clipping_loss	2	2	2	2	1	NA19079#1#h1tg000041l:25967753-30989063_rc	3335754	3467528	1	WHR1-like+|C4AL+|CYP21A1P-like+|TNXA-like-|WHR1B-like+|C4AS+|CYP21A2-like+|TNXB-like-	RCCX-SCREEN-b8ca310d36f0396c	component_counts_consistent	Nearest prototype is not functional gene identity; no fusion or gene-conversion classification; C4 annotation inherited
NA19079#2	NA19079	JaSaPaGe-Japanese	assembly_or_reference	DR_DQ_candidate_novel_annotation	2	2	2	2	1	NA19079#2#h2tg000002l:1677209-6863053	3608945	3740735	1	WHR1-like+|C4AL+|CYP21A1P-like+|TNXA-like-|WHR1B-like+|C4BS+|CYP21A2-like+|TNXB-like-	RCCX-SCREEN-08dc6d3cd5c804e4	component_counts_consistent	Nearest prototype is not functional gene identity; no fusion or gene-conversion classification; C4 annotation inherited
NA19087#1	NA19087	HPRC-Japanese	assembly_or_reference	DR_DQ_candidate_novel_annotation	2	2	2	2	1	NA19087#1#CM087696.1:28331338-33576082	3551913	3690068	1	WHR1-like+|C4AL+|CYP21A1P-like+|TNXA-like-|WHR1B-like+|C4BL+|CYP21A2-like+|TNXB-like-	RCCX-SCREEN-c91a117646c15232	component_counts_consistent	Nearest prototype is not functional gene identity; no fusion or gene-conversion classification; C4 annotation inherited
NA19087#2	NA19087	HPRC-Japanese	assembly_or_reference	DR_DQ_candidate_novel_annotation	2	2	2	2	1	NA19087#2#JBHDXQ010000012.1:23681967-28867579	3608873	3740661	1	WHR1-like+|C4AL+|CYP21A1P-like+|TNXA-like-|WHR1B-like+|C4BS+|CYP21A2-like+|TNXB-like-	RCCX-SCREEN-08dc6d3cd5c804e4	component_counts_consistent	Nearest prototype is not functional gene identity; no fusion or gene-conversion classification; C4 annotation inherited
NA19088#1	NA19088	JaSaPaGe-Japanese	assembly_or_reference	DR_DQ_candidate_novel_annotation	2	2	2	2	1	NA19088#1#h1tg000014l:26283350-31418977_rc	3550277	3688434	1	WHR1-like+|C4AL+|CYP21A2-like+|TNXA-like-|WHR1B-like+|C4BL+|CYP21A2-like+|TNXB-like-	RCCX-SCREEN-4c34865fcf2a50f9	component_counts_consistent	Nearest prototype is not functional gene identity; no fusion or gene-conversion classification; C4 annotation inherited
NA19088#2	NA19088	JaSaPaGe-Japanese	assembly_or_reference	DR_DQ_candidate_novel_annotation;downstream_graph_clipping_loss	3	3	3	3	1	NA19088#2#h2tg000004l:139364569-144598705_rc	3508282	3679180	1	WHR1-like+|C4BL+|CYP21A1P-like+|TNXA-like-|WHR1B-like+|C4BL+|CYP21A1P-like+|TNXA-like-|WHR1B-like+|C4BL+|CYP21A2-like+|TNXB-like-	RCCX-SCREEN-772019bbe8032c14	component_counts_consistent	Nearest prototype is not functional gene identity; no fusion or gene-conversion classification; C4 annotation inherited
NA19159#1	NA19159	HPRC-Rest	assembly_or_reference	DR_DQ_candidate_novel_annotation	3	3	3	3	1	NA19159#1#JBJXQL010000007.1:28425942-33548809	3500549	3658684	1	WHR1-like+|C4AL+|CYP21A1P-like+|TNXA-like-|WHR1B-like+|C4AS+|CYP21A1P-like+|TNXA-like-|WHR1B-like+|C4BS+|CYP21A2-like+|TNXB-like-	RCCX-SCREEN-43779c00c9747168	component_counts_consistent	Nearest prototype is not functional gene identity; no fusion or gene-conversion classification; C4 annotation inherited
NA19159#2	NA19159	HPRC-Rest	assembly_or_reference	DR_DQ_candidate_novel_annotation	3	3	3	3	1	NA19159#2#JBJXQM010000009.1:28479051-33767425	3567643	3725790	1	WHR1-like+|C4AL+|CYP21A1P-like+|TNXA-like-|WHR1B-like+|C4BS+|CYP21A1P-like+|TNXA-like-|WHR1B-like+|C4BS+|CYP21A2-like+|TNXB-like-	RCCX-SCREEN-0c843ef37c4c8a9d	component_counts_consistent	Nearest prototype is not functional gene identity; no fusion or gene-conversion classification; C4 annotation inherited
NA19185#1	NA19185	HPRC-Rest	assembly_or_reference	DR_DQ_candidate_novel_annotation	2	2	2	2	1	NA19185#1#CM087724.1:28452686-33600537	3551128	3682894	1	WHR1-like+|C4AL+|CYP21A1P-like+|TNXA-like-|WHR1B-like+|C4BS+|CYP21A2-like+|TNXB-like-	RCCX-SCREEN-08dc6d3cd5c804e4	component_counts_consistent	Nearest prototype is not functional gene identity; no fusion or gene-conversion classification; C4 annotation inherited
NA19185#2	NA19185	HPRC-Rest	assembly_or_reference	DR_DQ_candidate_novel_annotation	2	2	2	2	1	NA19185#2#CM087740.1:28365127-33559133	3619367	3751161	1	WHR1-like+|C4AL+|CYP21A1P-like+|TNXA-like-|WHR1B-like+|C4AS+|CYP21A2-like+|TNXB-like-	RCCX-SCREEN-b8ca310d36f0396c	component_counts_consistent	Nearest prototype is not functional gene identity; no fusion or gene-conversion classification; C4 annotation inherited
NA19240#1	NA19240	HPRC-Rest	assembly_or_reference	DR_DQ_candidate_novel_annotation	2	2	2	2	1	NA19240#1#JAHEOM020000002.1:28462857-33656907	3619558	3751366	1	WHR1-like+|C4AL+|CYP21A1P-like+|TNXA-like-|WHR1B-like+|C4BS+|CYP21A2-like+|TNXB-like-	RCCX-SCREEN-08dc6d3cd5c804e4	component_counts_consistent	Nearest prototype is not functional gene identity; no fusion or gene-conversion classification; C4 annotation inherited
NA19240#2	NA19240	HPRC-Rest	assembly_or_reference	DR_DQ_candidate_novel_annotation	3	3	3	3	1	NA19240#2#CM099616.1:28279408-33546879	3620881	3779024	1	WHR1-like+|C4AL+|CYP21A1P-like+|TNXA-like-|WHR1B-like+|C4BS+|CYP21A1P-like+|TNXA-like-|WHR1B-like+|C4BS+|CYP21A2-like+|TNXB-like-	RCCX-SCREEN-0c843ef37c4c8a9d	component_counts_consistent	Nearest prototype is not functional gene identity; no fusion or gene-conversion classification; C4 annotation inherited
NA19338#1	NA19338	HPRC-Rest	assembly_or_reference	DR_DQ_candidate_novel_annotation	2	2	2	2	1	NA19338#1#CM087758.1:28448969-33579906	3550555	3682321	1	WHR1-like+|C4AL+|CYP21A1P-like+|TNXA-like-|WHR1B-like+|C4BS+|CYP21A2-like+|TNXB-like-	RCCX-SCREEN-08dc6d3cd5c804e4	component_counts_consistent	Nearest prototype is not functional gene identity; no fusion or gene-conversion classification; C4 annotation inherited
NA19338#2	NA19338	HPRC-Rest	assembly_or_reference		2	2	2	2	1	NA19338#2#CM087775.1:28453026-33605437	3551101	3682916	1	WHR1-like+|C4AL+|CYP21A1P-like+|TNXA-like-|WHR1B-like+|C4BS+|CYP21A2-like+|TNXB-like-	RCCX-SCREEN-08dc6d3cd5c804e4	component_counts_consistent	Nearest prototype is not functional gene identity; no fusion or gene-conversion classification; C4 annotation inherited
NA19391#1	NA19391	HPRC-Rest	assembly_or_reference	DR_DQ_candidate_novel_annotation	2	2	2	2	1	NA19391#1#CM087790.1:28288674-33392322	3522047	3653852	1	WHR1-like+|C4AL+|CYP21A1P-like+|TNXA-like-|WHR1B-like+|C4BS+|CYP21A2-like+|TNXB-like-	RCCX-SCREEN-08dc6d3cd5c804e4	component_counts_consistent	Nearest prototype is not functional gene identity; no fusion or gene-conversion classification; C4 annotation inherited
NA19391#2	NA19391	HPRC-Rest	assembly_or_reference	DR_DQ_candidate_novel_annotation	1	1	1	1	1	NA19391#2#CM087804.1:28295746-33396359	3552495	3657903	1	WHR1-like+|C4AL+|CYP21A2-like+|TNXB-like-	RCCX-SCREEN-80c1563b57f16898	component_counts_consistent	Nearest prototype is not functional gene identity; no fusion or gene-conversion classification; C4 annotation inherited
NA19443#1	NA19443	HPRC-Rest	assembly_or_reference		1	1	1	1	1	NA19443#1#CM089448.1:28448109-33623879	3623993	3729426	1	WHR1-like+|C4AL+|CYP21A2-like+|TNXB-like-	RCCX-SCREEN-80c1563b57f16898	component_counts_consistent	Nearest prototype is not functional gene identity; no fusion or gene-conversion classification; C4 annotation inherited
NA19443#2	NA19443	HPRC-Rest	assembly_or_reference	DR_DQ_candidate_novel_annotation	2	2	2	2	1	NA19443#2#CM089461.1:28435491-33566565	3621577	3753369	1	WHR1-like+|C4AL+|CYP21A1P-like+|TNXA-like-|WHR1B-like+|C4BS+|CYP21A2-like+|TNXB-like-	RCCX-SCREEN-08dc6d3cd5c804e4	component_counts_consistent	Nearest prototype is not functional gene identity; no fusion or gene-conversion classification; C4 annotation inherited
NA19468#1	NA19468	HPRC-Rest	assembly_or_reference	DR_DQ_candidate_novel_annotation	2	2	2	2	1	NA19468#1#JBHDXX010000056.1:28478972-33624126	3554217	3686029	1	WHR1-like+|C4AL+|CYP21A1P-like+|TNXA-like-|WHR1B-like+|C4BS+|CYP21A2-like+|TNXB-like-	RCCX-SCREEN-08dc6d3cd5c804e4	component_counts_consistent	Nearest prototype is not functional gene identity; no fusion or gene-conversion classification; C4 annotation inherited
NA19468#2	NA19468	HPRC-Rest	assembly_or_reference	DR_DQ_candidate_novel_annotation	1	1	1	1	1	NA19468#2#JBHDXY010000045.1:28382628-33499947	3554988	3654051	1	WHR1-like+|C4BS+|CYP21A2-like+|TNXB-like-	RCCX-SCREEN-a002f576cdda62b4	component_counts_consistent	Nearest prototype is not functional gene identity; no fusion or gene-conversion classification; C4 annotation inherited
NA19682#1	NA19682	HPRC-Rest	assembly_or_reference	DR_DQ_candidate_novel_annotation	2	2	2	2	1	NA19682#1#CM094150.1:28411407-33568676	3555072	3693223	1	WHR1-like+|C4AL+|CYP21A1P-like+|TNXA-like-|WHR1B-like+|C4BL+|CYP21A2-like+|TNXB-like-	RCCX-SCREEN-c91a117646c15232	component_counts_consistent	Nearest prototype is not functional gene identity; no fusion or gene-conversion classification; C4 annotation inherited
NA19682#2	NA19682	HPRC-Rest	assembly_or_reference		2	2	2	2	1	NA19682#2#CM094164.1:28463959-33644888	3609547	3741331	1	WHR1-like+|C4AL+|CYP21A1P-like+|TNXA-like-|WHR1B-like+|C4BS+|CYP21A2-like+|TNXB-like-	RCCX-SCREEN-08dc6d3cd5c804e4	component_counts_consistent	Nearest prototype is not functional gene identity; no fusion or gene-conversion classification; C4 annotation inherited
NA19700#1	NA19700	HPRC-Rest	assembly_or_reference	DR_DQ_candidate_novel_annotation;downstream_graph_clipping_loss	2	2	2	2	1	NA19700#1#CM089621.1:28376765-33517479	3558935	3690738	1	WHR1-like+|C4AL+|CYP21A1P-like+|TNXA-like-|WHR1B-like+|C4BS+|CYP21A2-like+|TNXB-like-	RCCX-SCREEN-08dc6d3cd5c804e4	component_counts_consistent	Nearest prototype is not functional gene identity; no fusion or gene-conversion classification; C4 annotation inherited
NA19700#2	NA19700	HPRC-Rest	assembly_or_reference	DR_DQ_candidate_novel_annotation	1	1	1	1	1	NA19700#2#CM089638.1:28426616-33709243	3619290	3724722	1	WHR1-like+|C4AL+|CYP21A2-like+|TNXB-like-	RCCX-SCREEN-80c1563b57f16898	component_counts_consistent	Nearest prototype is not functional gene identity; no fusion or gene-conversion classification; C4 annotation inherited
NA19776#1	NA19776	HPRC-Rest	assembly_or_reference	DR_DQ_candidate_novel_annotation	2	2	2	2	1	NA19776#1#CM094012.1:28385884-33702873	3624028	3762182	1	WHR1-like+|C4AL+|CYP21A1P-like+|TNXA-like-|WHR1B-like+|C4BL+|CYP21A2-like+|TNXB-like-	RCCX-SCREEN-c91a117646c15232	component_counts_consistent	Nearest prototype is not functional gene identity; no fusion or gene-conversion classification; C4 annotation inherited
NA19776#2	NA19776	HPRC-Rest	assembly_or_reference	DR_DQ_candidate_novel_annotation	2	2	2	2	1	NA19776#2#CM094049.1:28416676-33523673	3504690	3642857	1	WHR1-like+|C4AL+|CYP21A1P-like+|TNXA-like-|WHR1B-like+|C4BL+|CYP21A2-like+|TNXB-like-	RCCX-SCREEN-c91a117646c15232	component_counts_consistent	Nearest prototype is not functional gene identity; no fusion or gene-conversion classification; C4 annotation inherited
NA19835#1	NA19835	HPRC-Rest	assembly_or_reference	DR_DQ_candidate_novel_annotation	2	2	2	2	1	NA19835#1#CM094026.1:28418644-33486956	3553554	3685340	1	WHR1-like+|C4AL+|CYP21A1P-like+|TNXA-like-|WHR1B-like+|C4BS+|CYP21A2-like+|TNXB-like-	RCCX-SCREEN-08dc6d3cd5c804e4	component_counts_consistent	Nearest prototype is not functional gene identity; no fusion or gene-conversion classification; C4 annotation inherited
NA19835#2	NA19835	HPRC-Rest	assembly_or_reference	DR_DQ_candidate_novel_annotation	2	2	2	2	1	NA19835#2#CM094035.1:28457594-33528933	3488974	3620776	1	WHR1-like+|C4AL+|CYP21A1P-like+|TNXA-like-|WHR1B-like+|C4BS+|CYP21A2-like+|TNXB-like-	RCCX-SCREEN-08dc6d3cd5c804e4	component_counts_consistent	Nearest prototype is not functional gene identity; no fusion or gene-conversion classification; C4 annotation inherited
NA19909#1	NA19909	HPRC-Rest	assembly_or_reference	DR_DQ_candidate_novel_annotation	2	2	2	2	1	NA19909#1#JBIRDH010000012.1:28412877-33619076	3631577	3763380	1	WHR1-like+|C4AL+|CYP21A1P-like+|TNXA-like-|WHR1B-like+|C4AS+|CYP21A2-like+|TNXB-like-	RCCX-SCREEN-b8ca310d36f0396c	component_counts_consistent	Nearest prototype is not functional gene identity; no fusion or gene-conversion classification; C4 annotation inherited
NA19909#2	NA19909	HPRC-Rest	assembly_or_reference	DR_DQ_candidate_novel_annotation	2	2	2	2	1	NA19909#2#JBIRDI010000053.1:28451896-33658066	3631552	3763355	1	WHR1-like+|C4AL+|CYP21A1P-like+|TNXA-like-|WHR1B-like+|C4AS+|CYP21A2-like+|TNXB-like-	RCCX-SCREEN-b8ca310d36f0396c	component_counts_consistent	Nearest prototype is not functional gene identity; no fusion or gene-conversion classification; C4 annotation inherited
NA20129#1	NA20129	HPRC-Rest	assembly_or_reference	DR_DQ_candidate_novel_annotation	2	2	2	2	1	NA20129#1#JAHEPE020000006.1:162-4816795	3239209	3371016	1	WHR1-like+|C4AL+|CYP21A1P-like+|TNXA-like-|WHR1B-like+|C4BS+|CYP21A2-like+|TNXB-like-	RCCX-SCREEN-08dc6d3cd5c804e4	component_counts_consistent	Nearest prototype is not functional gene identity; no fusion or gene-conversion classification; C4 annotation inherited
NA20129#2	NA20129	HPRC-Rest	assembly_or_reference	DR_DQ_candidate_novel_annotation	2	2	2	2	1	NA20129#2#CM092121.1:28370806-33473927	3523883	3655655	1	WHR1-like+|C4AL+|CYP21A1P-like+|TNXA-like-|WHR1B-like+|C4AS+|CYP21A2-like+|TNXB-like-	RCCX-SCREEN-b8ca310d36f0396c	component_counts_consistent	Nearest prototype is not functional gene identity; no fusion or gene-conversion classification; C4 annotation inherited
NA20282#1	NA20282	HPRC-Rest	assembly_or_reference	DR_DQ_candidate_novel_annotation	3	3	3	3	1	NA20282#1#JBIRDT010000005.1:1683408-6782988	3564681	3722850	1	WHR1-like+|C4AL+|CYP21A1P-like+|TNXA-like-|WHR1B-like+|C4BS+|CYP21A1P-like+|TNXA-like-|WHR1B-like+|C4BS+|CYP21A2-like+|TNXB-like-	RCCX-SCREEN-0c843ef37c4c8a9d	component_counts_consistent	Nearest prototype is not functional gene identity; no fusion or gene-conversion classification; C4 annotation inherited
NA20282#2	NA20282	HPRC-Rest	assembly_or_reference	DR_DQ_candidate_novel_annotation	2	2	2	2	1	NA20282#2#JBIRDU010000003.1:1683297-6763868	3505955	3637751	1	WHR1-like+|C4AL+|CYP21A1P-like+|TNXA-like-|WHR1B-like+|C4AS+|CYP21A2-like+|TNXB-like-	RCCX-SCREEN-b8ca310d36f0396c	component_counts_consistent	Nearest prototype is not functional gene identity; no fusion or gene-conversion classification; C4 annotation inherited
NA20346#1	NA20346	HPRC-Rest	assembly_or_reference	DR_DQ_candidate_novel_annotation	2	2	2	2	1	NA20346#1#CM094251.1:28457185-33666384	3621244	3753041	1	WHR1-like+|C4AL+|CYP21A1P-like+|TNXA-like-|WHR1B-like+|C4BS+|CYP21A2-like+|TNXB-like-	RCCX-SCREEN-08dc6d3cd5c804e4	component_counts_consistent	Nearest prototype is not functional gene identity; no fusion or gene-conversion classification; C4 annotation inherited
NA20346#2	NA20346	HPRC-Rest	assembly_or_reference	DR_DQ_candidate_novel_annotation	2	2	2	2	1	NA20346#2#CM094262.1:28410681-33542038	3553915	3685686	1	WHR1-like+|C4AL+|CYP21A1P-like+|TNXA-like-|WHR1B-like+|C4BS+|CYP21A2-like+|TNXB-like-	RCCX-SCREEN-08dc6d3cd5c804e4	component_counts_consistent	Nearest prototype is not functional gene identity; no fusion or gene-conversion classification; C4 annotation inherited
NA20503#1	NA20503	HPRC-Rest	assembly_or_reference		2	2	2	2	1	NA20503#1#CM102459.1:28379297-33541270	3553890	3692058	1	WHR1-like+|C4AL+|CYP21A1P-like+|TNXA-like-|WHR1B-like+|C4AL+|CYP21A2-like+|TNXB-like-	RCCX-SCREEN-109f6cb2c3c027c8	component_counts_consistent	Nearest prototype is not functional gene identity; no fusion or gene-conversion classification; C4 annotation inherited
NA20503#2	NA20503	HPRC-Rest	assembly_or_reference		2	2	2	2	1	NA20503#2#CM102476.1:28357590-33489275	3554202	3692363	1	WHR1-like+|C4AL+|CYP21A1P-like+|TNXA-like-|WHR1B-like+|C4BL+|CYP21A2-like+|TNXB-like-	RCCX-SCREEN-c91a117646c15232	component_counts_consistent	Nearest prototype is not functional gene identity; no fusion or gene-conversion classification; C4 annotation inherited
NA20752#1	NA20752	HPRC-Rest	assembly_or_reference		2	2	2	2	1	NA20752#1#CM099770.1:28378820-33526332	3539608	3677781	1	WHR1-like+|C4AL+|CYP21A1P-like+|TNXA-like-|WHR1B-like+|C4AL+|CYP21A2-like+|TNXB-like-	RCCX-SCREEN-109f6cb2c3c027c8	component_counts_consistent	Nearest prototype is not functional gene identity; no fusion or gene-conversion classification; C4 annotation inherited
NA20752#2	NA20752	HPRC-Rest	assembly_or_reference		2	2	2	2	1	NA20752#2#CM099783.1:28398107-33586251	3495633	3627417	1	WHR1-like+|C4AL+|CYP21A1P-like+|TNXA-like-|WHR1B-like+|C4BS+|CYP21A2-like+|TNXB-like-	RCCX-SCREEN-08dc6d3cd5c804e4	component_counts_consistent	Nearest prototype is not functional gene identity; no fusion or gene-conversion classification; C4 annotation inherited
NA20762#1	NA20762	HPRC-Rest	assembly_or_reference		2	2	2	2	1	NA20762#1#CM102512.1:28400125-33568157	3558053	3696225	1	WHR1-like+|C4AL+|CYP21A1P-like+|TNXA-like-|WHR1B-like+|C4BL+|CYP21A2-like+|TNXB-like-	RCCX-SCREEN-c91a117646c15232	component_counts_consistent	Nearest prototype is not functional gene identity; no fusion or gene-conversion classification; C4 annotation inherited
NA20762#2	NA20762	HPRC-Rest	assembly_or_reference	DR_DQ_candidate_novel_annotation	2	2	2	2	1	NA20762#2#CM102528.1:28437013-33575799	3554168	3692333	1	WHR1-like+|C4AL+|CYP21A1P-like+|TNXA-like-|WHR1B-like+|C4BL+|CYP21A2-like+|TNXB-like-	RCCX-SCREEN-c91a117646c15232	component_counts_consistent	Nearest prototype is not functional gene identity; no fusion or gene-conversion classification; C4 annotation inherited
NA20799#1	NA20799	HPRC-Rest	assembly_or_reference	DR_DQ_candidate_novel_annotation	2	2	2	2	1	NA20799#1#CM098688.1:28368547-33505653	3560623	3698782	1	WHR1-like+|C4AL+|CYP21A1P-like+|TNXA-like-|WHR1B-like+|C4BL+|CYP21A2-like+|TNXB-like-	RCCX-SCREEN-c91a117646c15232	component_counts_consistent	Nearest prototype is not functional gene identity; no fusion or gene-conversion classification; C4 annotation inherited
NA20799#2	NA20799	HPRC-Rest	assembly_or_reference	downstream_graph_clipping_loss	2	2	2	2	1	NA20799#2#CM098717.1:28381748-33532360	3567773	3699561	1	WHR1-like+|C4AL+|CYP21A1P-like+|TNXA-like-|WHR1B-like+|C4BS+|CYP21A2-like+|TNXB-like-	RCCX-SCREEN-08dc6d3cd5c804e4	component_counts_consistent	Nearest prototype is not functional gene identity; no fusion or gene-conversion classification; C4 annotation inherited
NA20805#1	NA20805	HPRC-Rest	assembly_or_reference		1	1	1	1	1	NA20805#1#CM091887.1:28444744-33554804	3560038	3665432	1	WHR1-like+|C4AL+|CYP21A2-like+|TNXB-like-	RCCX-SCREEN-80c1563b57f16898	component_counts_consistent	Nearest prototype is not functional gene identity; no fusion or gene-conversion classification; C4 annotation inherited
NA20805#2	NA20805	HPRC-Rest	assembly_or_reference		2	2	2	2	1	NA20805#2#CM091899.1:28375930-33456966	3505067	3643221	1	WHR1-like+|C4AL+|CYP21A1P-like+|TNXA-like-|WHR1B-like+|C4BL+|CYP21A2-like+|TNXB-like-	RCCX-SCREEN-c91a117646c15232	component_counts_consistent	Nearest prototype is not functional gene identity; no fusion or gene-conversion classification; C4 annotation inherited
NA20806#1	NA20806	HPRC-Rest	assembly_or_reference		2	2	2	2	1	NA20806#1#CM102442.1:28404226-33564454	3551165	3689326	1	WHR1-like+|C4BL+|CYP21A1P-like+|TNXA-like-|WHR1B-like+|C4BL+|CYP21A2-like+|TNXB-like-	RCCX-SCREEN-684f24a39886a3ee	component_counts_consistent	Nearest prototype is not functional gene identity; no fusion or gene-conversion classification; C4 annotation inherited
NA20806#2	NA20806	HPRC-Rest	assembly_or_reference		2	2	2	2	1	NA20806#2#CM102496.1:28385854-33548009	3553958	3692106	1	WHR1-like+|C4AL+|CYP21A1P-like+|TNXA-like-|WHR1B-like+|C4BL+|CYP21A2-like+|TNXB-like-	RCCX-SCREEN-c91a117646c15232	component_counts_consistent	Nearest prototype is not functional gene identity; no fusion or gene-conversion classification; C4 annotation inherited
NA20809#1	NA20809	HPRC-Rest	assembly_or_reference		2	2	2	2	1	NA20809#1#CM094332.1:28435710-33676068	3553661	3685469	1	WHR1-like+|C4AL+|CYP21A1P-like+|TNXA-like-|WHR1B-like+|C4BS+|CYP21A2-like+|TNXB-like-	RCCX-SCREEN-08dc6d3cd5c804e4	component_counts_consistent	Nearest prototype is not functional gene identity; no fusion or gene-conversion classification; C4 annotation inherited
NA20809#2	NA20809	HPRC-Rest	assembly_or_reference		2	2	2	2	1	NA20809#2#CM094351.1:28373506-33544564	3562309	3700472	1	WHR1-like+|C4AL+|CYP21A1P-like+|TNXA-like-|WHR1B-like+|C4BL+|CYP21A2-like+|TNXB-like-	RCCX-SCREEN-c91a117646c15232	component_counts_consistent	Nearest prototype is not functional gene identity; no fusion or gene-conversion classification; C4 annotation inherited
NA20827#1	NA20827	HPRC-Rest	assembly_or_reference		2	2	2	2	1	NA20827#1#CM102544.1:28306620-33546886	3546170	3677948	1	WHR1-like+|C4AL+|CYP21A1P-like+|TNXA-like-|WHR1B-like+|C4BS+|CYP21A2-like+|TNXB-like-	RCCX-SCREEN-08dc6d3cd5c804e4	component_counts_consistent	Nearest prototype is not functional gene identity; no fusion or gene-conversion classification; C4 annotation inherited
NA20827#2	NA20827	HPRC-Rest	assembly_or_reference		1	1	1	1	1	NA20827#2#CM102564.1:28454949-33740832	3616432	3721874	1	WHR1-like+|C4AL+|CYP21A2-like+|TNXB-like-	RCCX-SCREEN-80c1563b57f16898	component_counts_consistent	Nearest prototype is not functional gene identity; no fusion or gene-conversion classification; C4 annotation inherited
NA20850#1	NA20850	HPRC-Rest	assembly_or_reference		2	2	2	2	1	NA20850#1#CM094293.1:28390909-33636624	3553694	3682302	1	WHR1-like+|C4AL+|CYP21A1P-like+|TNXA-like-|WHR1B-like+|C4BS+|CYP21A2-like+|TNXB-like-	RCCX-SCREEN-08dc6d3cd5c804e4	component_counts_consistent	Nearest prototype is not functional gene identity; no fusion or gene-conversion classification; C4 annotation inherited
NA20850#2	NA20850	HPRC-Rest	assembly_or_reference	DR_DQ_candidate_novel_annotation	2	2	2	2	1	NA20850#2#CM094307.1:28446289-33597788	3547552	3679353	1	WHR1-like+|C4AL+|CYP21A1P-like+|TNXA-like-|WHR1B-like+|C4BS+|CYP21A2-like+|TNXB-like-	RCCX-SCREEN-08dc6d3cd5c804e4	component_counts_consistent	Nearest prototype is not functional gene identity; no fusion or gene-conversion classification; C4 annotation inherited
NA20870#1	NA20870	HPRC-Rest	assembly_or_reference		2	2	2	2	1	NA20870#1#JBHIJK010000014.1:28358726-33487328	3543472	3681637	1	WHR1-like+|C4AL+|CYP21A1P-like+|TNXA-like-|WHR1B-like+|C4BL+|CYP21A2-like+|TNXB-like-	RCCX-SCREEN-c91a117646c15232	component_counts_consistent	Nearest prototype is not functional gene identity; no fusion or gene-conversion classification; C4 annotation inherited
NA20870#2	NA20870	HPRC-Rest	assembly_or_reference		2	2	2	2	1	NA20870#2#JBHIJL010000043.1:28382928-33533945	3548750	3680624	1	WHR1-like+|C4AL+|CYP21A1P-like+|TNXA-like-|WHR1B-like+|C4BS+|CYP21A2-like+|TNXB-like-	RCCX-SCREEN-08dc6d3cd5c804e4	component_counts_consistent	Nearest prototype is not functional gene identity; no fusion or gene-conversion classification; C4 annotation inherited
NA20905#1	NA20905	HPRC-Rest	assembly_or_reference	DR_DQ_candidate_novel_annotation	1	1	1	1	1	NA20905#1#CM087474.1:28381582-33489243	3545996	3651404	1	WHR1-like+|C4AL+|CYP21A2-like+|TNXB-like-	RCCX-SCREEN-80c1563b57f16898	component_counts_consistent	Nearest prototype is not functional gene identity; no fusion or gene-conversion classification; C4 annotation inherited
NA20905#2	NA20905	HPRC-Rest	assembly_or_reference	DR_DQ_candidate_novel_annotation	2	2	2	2	1	NA20905#2#CM087508.1:28378316-33558408	3553623	3691809	1	WHR1-like+|C4AL+|CYP21A1P-like+|TNXA-like-|WHR1B-like+|C4AL+|CYP21A2-like+|TNXB-like-	RCCX-SCREEN-109f6cb2c3c027c8	component_counts_consistent	Nearest prototype is not functional gene identity; no fusion or gene-conversion classification; C4 annotation inherited
NA21093#1	NA21093	HPRC-Rest	assembly_or_reference	downstream_graph_clipping_loss	2	2	2	2	1	NA21093#1#JBHIJC010000009.1:28380468-33627383	3551267	3683025	1	WHR1-like+|C4AL+|CYP21A1P-like+|TNXA-like-|WHR1B-like+|C4BS+|CYP21A2-like+|TNXB-like-	RCCX-SCREEN-08dc6d3cd5c804e4	component_counts_consistent	Nearest prototype is not functional gene identity; no fusion or gene-conversion classification; C4 annotation inherited
NA21093#2	NA21093	HPRC-Rest	assembly_or_reference		2	2	2	2	1	NA21093#2#JBHIJD010000010.1:28371658-33502471	3540821	3672608	1	WHR1-like+|C4AL+|CYP21A1P-like+|TNXA-like-|WHR1B-like+|C4BS+|CYP21A2-like+|TNXB-like-	RCCX-SCREEN-08dc6d3cd5c804e4	component_counts_consistent	Nearest prototype is not functional gene identity; no fusion or gene-conversion classification; C4 annotation inherited
NA21102#1	NA21102	HPRC-Rest	assembly_or_reference		3	3	3	3	1	NA21102#1#CM094427.1:28372690-33545460	3550445	3714970	1	WHR1-like+|C4AL+|CYP21A1P-like+|TNXA-like-|WHR1B-like+|C4AL+|CYP21A1P-like+|TNXA-like-|WHR1B-like+|C4BS+|CYP21A2-like+|TNXB-like-	RCCX-SCREEN-f3965b9e0fe6783a	component_counts_consistent	Nearest prototype is not functional gene identity; no fusion or gene-conversion classification; C4 annotation inherited
NA21102#2	NA21102	HPRC-Rest	assembly_or_reference		2	2	2	2	1	NA21102#2#CM094447.1:28385953-33511436	3552784	3684681	1	WHR1-like+|C4AL+|CYP21A2-like+|TNXA-like-|WHR1B-like+|C4BS+|CYP21A2-like+|TNXB-like-	RCCX-SCREEN-804d53b600bb619f	component_counts_consistent	Nearest prototype is not functional gene identity; no fusion or gene-conversion classification; C4 annotation inherited
NA21106#1	NA21106	HPRC-Rest	assembly_or_reference		2	2	2	2	1	NA21106#1#JBHIJA010000045.1:28388869-33551331	3553408	3691558	1	WHR1-like+|C4AL+|CYP21A1P-like+|TNXA-like-|WHR1B-like+|C4BL+|CYP21A2-like+|TNXB-like-	RCCX-SCREEN-c91a117646c15232	component_counts_consistent	Nearest prototype is not functional gene identity; no fusion or gene-conversion classification; C4 annotation inherited
NA21106#2	NA21106	HPRC-Rest	assembly_or_reference	DR_DQ_candidate_novel_annotation	2	2	2	2	1	NA21106#2#CM089587.1:28353662-33542210	3561337	3699522	1	WHR1-like+|C4AL+|CYP21A1P-like+|TNXA-like-|WHR1B-like+|C4AL+|CYP21A2-like+|TNXB-like-	RCCX-SCREEN-109f6cb2c3c027c8	component_counts_consistent	Nearest prototype is not functional gene identity; no fusion or gene-conversion classification; C4 annotation inherited
NA21110#1	NA21110	HPRC-Rest	assembly_or_reference	DR_DQ_candidate_novel_annotation	2	2	2	2	1	NA21110#1#CM089667.1:28379039-33461462	3505492	3643646	1	WHR1-like+|C4AL+|CYP21A1P-like+|TNXA-like-|WHR1B-like+|C4BL+|CYP21A2-like+|TNXB-like-	RCCX-SCREEN-c91a117646c15232	component_counts_consistent	Nearest prototype is not functional gene identity; no fusion or gene-conversion classification; C4 annotation inherited
NA21110#2	NA21110	HPRC-Rest	assembly_or_reference	DR_DQ_candidate_novel_annotation	2	2	2	2	1	NA21110#2#CM089683.1:28365916-33548287	3555177	3693362	1	WHR1-like+|C4AL+|CYP21A1P-like+|TNXA-like-|WHR1B-like+|C4AL+|CYP21A2-like+|TNXB-like-	RCCX-SCREEN-109f6cb2c3c027c8	component_counts_consistent	Nearest prototype is not functional gene identity; no fusion or gene-conversion classification; C4 annotation inherited
NA21144#1	NA21144	HPRC-Rest	assembly_or_reference		2	2	2	2	1	NA21144#1#JBIRDF010000052.1:22531832-27777573	3550786	3682546	1	WHR1-like+|C4AL+|CYP21A1P-like+|TNXA-like-|WHR1B-like+|C4BS+|CYP21A2-like+|TNXB-like-	RCCX-SCREEN-08dc6d3cd5c804e4	component_counts_consistent	Nearest prototype is not functional gene identity; no fusion or gene-conversion classification; C4 annotation inherited
NA21144#2	NA21144	HPRC-Rest	assembly_or_reference		2	2	2	2	1	NA21144#2#JBIRDG010000005.1:14666330-19853787	3615681	3747476	1	WHR1-like+|C4BL+|CYP21A1P-like+|TNXA-like-|WHR1B-like+|C4BS+|CYP21A2-like+|TNXB-like-	RCCX-SCREEN-005a3eadf9cf15cd	component_counts_consistent	Nearest prototype is not functional gene identity; no fusion or gene-conversion classification; C4 annotation inherited
NA21309#1	NA21309	HPRC-Rest	assembly_or_reference		2	2	2	2	1	NA21309#1#CM092109.1:28406600-33562487	3553967	3685759	1	WHR1-like+|C4AL+|CYP21A1P-like+|TNXA-like-|WHR1B-like+|C4BS+|CYP21A2-like+|TNXB-like-	RCCX-SCREEN-08dc6d3cd5c804e4	component_counts_consistent	Nearest prototype is not functional gene identity; no fusion or gene-conversion classification; C4 annotation inherited
NA21309#2	NA21309	HPRC-Rest	assembly_or_reference	DR_DQ_candidate_novel_annotation	2	2	2	2	1	NA21309#2#CM092100.1:28345467-33471001	3546323	3678111	1	WHR1-like+|C4AL+|CYP21A1P-like+|TNXA-like-|WHR1B-like+|C4BS+|CYP21A2-like+|TNXB-like-	RCCX-SCREEN-08dc6d3cd5c804e4	component_counts_consistent	Nearest prototype is not functional gene identity; no fusion or gene-conversion classification; C4 annotation inherited
RY01#1	RY01	CPC-Chinese	clipped_graph_paths	upstream_clipped_graph_source;DR_DQ_candidate_novel_annotation;downstream_graph_clipping_loss	2	2	2	2	1	RY01#1#h1tg000072l_0_0:608808-2720770_rc	539198	670997	1	WHR1-like+|C4AL+|CYP21A1P-like+|TNXA-like-|WHR1B-like+|C4BS+|CYP21A2-like+|TNXB-like-	RCCX-SCREEN-08dc6d3cd5c804e4	component_counts_consistent	Nearest prototype is not functional gene identity; no fusion or gene-conversion classification; C4 annotation inherited
RY01#2	RY01	CPC-Chinese	clipped_graph_paths	upstream_clipped_graph_source;DR_DQ_candidate_novel_annotation;downstream_graph_clipping_loss	2	2	2	2	1	RY01#2#h2tg000027l_0_0:608839-5846758_rc	3552014	3683815	1	WHR1-like+|C4AL+|CYP21A1P-like+|TNXA-like-|WHR1B-like+|C4BS+|CYP21A2-like+|TNXB-like-	RCCX-SCREEN-08dc6d3cd5c804e4	component_counts_consistent	Nearest prototype is not functional gene identity; no fusion or gene-conversion classification; C4 annotation inherited
RY02#1	RY02	CPC-Chinese	clipped_graph_paths	upstream_clipped_graph_source;downstream_graph_clipping_loss	2	2	2	2	1	RY02#1#h1tg000066l_0_0:303777-5460230	3554945	3686761	1	WHR1-like+|C4AL+|CYP21A1P-like+|TNXA-like-|WHR1B-like+|C4BS+|CYP21A2-like+|TNXB-like-	RCCX-SCREEN-08dc6d3cd5c804e4	component_counts_consistent	Nearest prototype is not functional gene identity; no fusion or gene-conversion classification; C4 annotation inherited
RY02#2	RY02	CPC-Chinese	clipped_graph_paths	upstream_clipped_graph_source;DR_DQ_candidate_novel_annotation;downstream_graph_clipping_loss	2	2	2	2	1	RY02#2#h2tg000029l_0_0:607648-2774751_rc	540627	678818	1	WHR1-like+|C4AL+|CYP21A1P-like+|TNXA-like-|WHR1B-like+|C4AL+|CYP21A2-like+|TNXB-like-	RCCX-SCREEN-109f6cb2c3c027c8	component_counts_consistent	Nearest prototype is not functional gene identity; no fusion or gene-conversion classification; C4 annotation inherited
RY03#1	RY03	CPC-Chinese	clipped_graph_paths	upstream_clipped_graph_source;DR_DQ_candidate_novel_annotation;downstream_graph_clipping_loss	2	2	2	2	1	RY03#1#h1tg000038l_0_0:610070-5917112_rc	3612841	3744622	1	WHR1-like+|C4AL+|CYP21A1P-like+|TNXA-like-|WHR1B-like+|C4BS+|CYP21A2-like+|TNXB-like-	RCCX-SCREEN-08dc6d3cd5c804e4	component_counts_consistent	Nearest prototype is not functional gene identity; no fusion or gene-conversion classification; C4 annotation inherited
RY03#2	RY03	CPC-Chinese	clipped_graph_paths	upstream_clipped_graph_source;DR_DQ_candidate_novel_annotation;downstream_graph_clipping_loss	2	2	2	2	1	RY03#2#h2tg000088l_0_0:608725-5740832_rc	3553529	3685316	1	WHR1-like+|C4AL+|CYP21A1P-like+|TNXA-like-|WHR1B-like+|C4BS+|CYP21A2-like+|TNXB-like-	RCCX-SCREEN-08dc6d3cd5c804e4	component_counts_consistent	Nearest prototype is not functional gene identity; no fusion or gene-conversion classification; C4 annotation inherited
RY04#1	RY04	CPC-Chinese	clipped_graph_paths	upstream_clipped_graph_source;DR_DQ_candidate_novel_annotation	3	3	3	3	1	RY04#1#h1tg000045l_0_0:610227-5760897_rc	3546349	3710884	1	WHR1-like+|C4AL+|CYP21A1P-like+|TNXA-like-|WHR1B-like+|C4BS+|CYP21A1P-like+|TNXA-like-|WHR1B-like+|C4BL+|CYP21A2-like+|TNXB-like-	RCCX-SCREEN-3448b7c309a42550	component_counts_consistent	Nearest prototype is not functional gene identity; no fusion or gene-conversion classification; C4 annotation inherited
RY04#2	RY04	CPC-Chinese	clipped_graph_paths	upstream_clipped_graph_source;DR_DQ_candidate_novel_annotation	1	1	1	1	1	RY04#2#h2tg000053l_0_0:304268-5412344	3558070	3663494	1	WHR1-like+|C4AL+|CYP21A2-like+|TNXB-like-	RCCX-SCREEN-80c1563b57f16898	component_counts_consistent	Nearest prototype is not functional gene identity; no fusion or gene-conversion classification; C4 annotation inherited
RY05#1	RY05	CPC-Chinese	clipped_graph_paths	upstream_clipped_graph_source;DR_DQ_candidate_novel_annotation	3	3	3	3	1	RY05#1#h1tg000047l_0_0:611110-5457129_rc	3243305	3407902	1	WHR1-like+|C4AL+|CYP21A1P-like+|TNXA-like-|WHR1B-like+|C4AS+|CYP21A1P-like+|TNXA-like-|WHR1B-like+|C4BL+|CYP21A2-like+|TNXB-like-	RCCX-SCREEN-e92677dc4f8b8aff	component_counts_consistent	Nearest prototype is not functional gene identity; no fusion or gene-conversion classification; C4 annotation inherited
RY05#2	RY05	CPC-Chinese	clipped_graph_paths	upstream_clipped_graph_source	2	2	2	2	1	RY05#2#h2tg000014l_0_0:304266-5416626	3504785	3642940	1	WHR1-like+|C4AL+|CYP21A1P-like+|TNXA-like-|WHR1B-like+|C4BL+|CYP21A2-like+|TNXB-like-	RCCX-SCREEN-c91a117646c15232	component_counts_consistent	Nearest prototype is not functional gene identity; no fusion or gene-conversion classification; C4 annotation inherited
RY06#1	RY06	CPC-Chinese	clipped_graph_paths	upstream_clipped_graph_source;DR_DQ_candidate_novel_annotation	2	2	2	2	1	RY06#1#h1tg000061l_0_0:607878-5429553_rc	3245026	3383189	1	WHR1-like+|C4AL+|CYP21A1P-like+|TNXA-like-|WHR1B-like+|C4BL+|CYP21A2-like+|TNXB-like-	RCCX-SCREEN-c91a117646c15232	component_counts_consistent	Nearest prototype is not functional gene identity; no fusion or gene-conversion classification; C4 annotation inherited
RY06#2	RY06	CPC-Chinese	clipped_graph_paths	upstream_clipped_graph_source;DR_DQ_candidate_novel_annotation;downstream_graph_clipping_loss	2	2	2	2	1	RY06#2#h2tg000061l_0_0:610637-5774002_rc	3554625	3692803	1	WHR1-like+|C4AL+|CYP21A1P-like+|TNXA-like-|WHR1B-like+|C4BL+|CYP21A2-like+|TNXB-like-	RCCX-SCREEN-c91a117646c15232	component_counts_consistent	Nearest prototype is not functional gene identity; no fusion or gene-conversion classification; C4 annotation inherited
RY07#1	RY07	CPC-Chinese	clipped_graph_paths	upstream_clipped_graph_source;DR_DQ_candidate_novel_annotation	2	2	2	2	1	RY07#1#h1tg000003l_0_0:610203-5629754_rc	3503299	3635114	1	WHR1-like+|C4AL+|CYP21A1P-like+|TNXA-like-|WHR1B-like+|C4BS+|CYP21A2-like+|TNXB-like-	RCCX-SCREEN-08dc6d3cd5c804e4	component_counts_consistent	Nearest prototype is not functional gene identity; no fusion or gene-conversion classification; C4 annotation inherited
RY07#2	RY07	CPC-Chinese	clipped_graph_paths	upstream_clipped_graph_source;downstream_graph_clipping_loss	2	2	2	2	1	RY07#2#h2tg000005l_0_0:608790-5854922_rc	3551938	3683722	1	WHR1-like+|C4AL+|CYP21A1P-like+|TNXA-like-|WHR1B-like+|C4BS+|CYP21A2-like+|TNXB-like-	RCCX-SCREEN-08dc6d3cd5c804e4	component_counts_consistent	Nearest prototype is not functional gene identity; no fusion or gene-conversion classification; C4 annotation inherited
RY08#1	RY08	CPC-Chinese	clipped_graph_paths	upstream_clipped_graph_source;downstream_graph_clipping_loss	2	2	2	2	1	RY08#1#h1tg000075l_0_0:610655-5777427_rc	3563272	3695080	1	WHR1-like+|C4AL+|CYP21A1P-like+|TNXA-like-|WHR1B-like+|C4BS+|CYP21A2-like+|TNXB-like-	RCCX-SCREEN-08dc6d3cd5c804e4	component_counts_consistent	Nearest prototype is not functional gene identity; no fusion or gene-conversion classification; C4 annotation inherited
RY08#2	RY08	CPC-Chinese	clipped_graph_paths	upstream_clipped_graph_source;DR_DQ_candidate_novel_annotation	2	2	2	2	1	RY08#2#h2tg000087l_0_0:301757-5549861	3559794	3691599	1	WHR1-like+|C4AL+|CYP21A1P-like+|TNXA-like-|WHR1B-like+|C4BS+|CYP21A2-like+|TNXB-like-	RCCX-SCREEN-08dc6d3cd5c804e4	component_counts_consistent	Nearest prototype is not functional gene identity; no fusion or gene-conversion classification; C4 annotation inherited
RY09#1	RY09	CPC-Chinese	clipped_graph_paths	upstream_clipped_graph_source;DR_DQ_candidate_novel_annotation;downstream_graph_clipping_loss	3	3	3	3	1	RY09#1#h1tg000030l_0_0:608072-5880016_rc	3551067	3709224	1	WHR1-like+|C4AL+|CYP21A1P-like+|TNXA-like-|WHR1B-like+|C4BS+|CYP21A1P-like+|TNXA-like-|WHR1B-like+|C4BS+|CYP21A2-like+|TNXB-like-	RCCX-SCREEN-0c843ef37c4c8a9d	component_counts_consistent	Nearest prototype is not functional gene identity; no fusion or gene-conversion classification; C4 annotation inherited
RY09#2	RY09	CPC-Chinese	clipped_graph_paths	upstream_clipped_graph_source;DR_DQ_candidate_novel_annotation;downstream_graph_clipping_loss	2	2	2	2	1	RY09#2#h2tg000035l_0_0:611090-5918099_rc	3612888	3744666	1	WHR1-like+|C4AL+|CYP21A1P-like+|TNXA-like-|WHR1B-like+|C4BS+|CYP21A2-like+|TNXB-like-	RCCX-SCREEN-08dc6d3cd5c804e4	component_counts_consistent	Nearest prototype is not functional gene identity; no fusion or gene-conversion classification; C4 annotation inherited
RY10#1	RY10	CPC-Chinese	clipped_graph_paths	upstream_clipped_graph_source;downstream_graph_clipping_loss	2	2	2	2	1	RY10#1#h1tg000024l_0_0:607475-5741963_rc	3507474	3645665	1	WHR1-like+|C4AL+|CYP21A1P-like+|TNXA-like-|WHR1B-like+|C4AL+|CYP21A2-like+|TNXB-like-	RCCX-SCREEN-109f6cb2c3c027c8	component_counts_consistent	Nearest prototype is not functional gene identity; no fusion or gene-conversion classification; C4 annotation inherited
RY10#2	RY10	CPC-Chinese	clipped_graph_paths	upstream_clipped_graph_source;DR_DQ_candidate_novel_annotation;downstream_graph_clipping_loss	2	2	2	2	1	RY10#2#h2tg000100l_0_0:608786-5809719_rc	3507528	3645681	1	WHR1-like+|C4AL+|CYP21A1P-like+|TNXA-like-|WHR1B-like+|C4BL+|CYP21A2-like+|TNXB-like-	RCCX-SCREEN-c91a117646c15232	component_counts_consistent	Nearest prototype is not functional gene identity; no fusion or gene-conversion classification; C4 annotation inherited
RY11#1	RY11	CPC-Chinese	clipped_graph_paths	upstream_clipped_graph_source;DR_DQ_candidate_novel_annotation	2	2	2	2	1	RY11#1#h1tg000032l_0_0:461-4925741	3214468	3352698	1	WHR1-like+|C4AL+|CYP21A1P-like+|TNXA-like-|WHR1B-like+|C4BL+|CYP21A2-like+|TNXB-like-	RCCX-SCREEN-c91a117646c15232	component_counts_consistent	Nearest prototype is not functional gene identity; no fusion or gene-conversion classification; C4 annotation inherited
RY11#2	RY11	CPC-Chinese	clipped_graph_paths	upstream_clipped_graph_source;DR_DQ_candidate_novel_annotation;downstream_graph_clipping_loss	2	2	2	2	1	RY11#2#h2tg000061l_0_0:303495-5531509	3541837	3673637	1	WHR1-like+|C4AL+|CYP21A1P-like+|TNXA-like-|WHR1B-like+|C4BS+|CYP21A2-like+|TNXB-like-	RCCX-SCREEN-08dc6d3cd5c804e4	component_counts_consistent	Nearest prototype is not functional gene identity; no fusion or gene-conversion classification; C4 annotation inherited
apr-f#1	apr-f	APR	assembly_or_reference	DR_DQ_candidate_novel_annotation	2	2	2	2	1	apr-f#1#h1tg000013l:28359072-33538103	3558012	3689832	1	WHR1-like+|C4AL+|CYP21A1P-like+|TNXA-like-|WHR1B-like+|C4BS+|CYP21A2-like+|TNXB-like-	RCCX-SCREEN-08dc6d3cd5c804e4	component_counts_consistent	Nearest prototype is not functional gene identity; no fusion or gene-conversion classification; C4 annotation inherited
apr-f#2	apr-f	APR	assembly_or_reference	DR_DQ_candidate_novel_annotation	2	2	2	2	1	apr-f#2#h2tg000007l:28398267-33550055	3549710	3681525	1	WHR1-like+|C4AL+|CYP21A1P-like+|TNXA-like-|WHR1B-like+|C4AS+|CYP21A2-like+|TNXB-like-	RCCX-SCREEN-b8ca310d36f0396c	component_counts_consistent	Nearest prototype is not functional gene identity; no fusion or gene-conversion classification; C4 annotation inherited
apr-m#1	apr-m	APR	assembly_or_reference	DR_DQ_candidate_novel_annotation	2	2	2	2	1	apr-m#1#h1tg000024l:27029616-32153356_rc	3547222	3679011	1	WHR1-like+|C4AL+|CYP21A2-like+|TNXA-like-|WHR1B-like+|C4BS+|CYP21A2-like+|TNXB-like-	RCCX-SCREEN-804d53b600bb619f	component_counts_consistent	Nearest prototype is not functional gene identity; no fusion or gene-conversion classification; C4 annotation inherited
apr-m#2	apr-m	APR	assembly_or_reference	DR_DQ_candidate_novel_annotation	2	2	2	2	1	apr-m#2#h2tg000013l:28339383-33475735	3559711	3697880	1	WHR1-like+|C4AL+|CYP21A1P-like+|TNXA-like-|WHR1B-like+|C4BL+|CYP21A2-like+|TNXB-like-	RCCX-SCREEN-c91a117646c15232	component_counts_consistent	Nearest prototype is not functional gene identity; no fusion or gene-conversion classification; C4 annotation inherited
apr-s#1	apr-s	APR	assembly_or_reference	DR_DQ_candidate_novel_annotation	2	2	2	2	1	apr-s#1#h1tg000017l:28345655-33481940	3559653	3697821	1	WHR1-like+|C4AL+|CYP21A1P-like+|TNXA-like-|WHR1B-like+|C4BL+|CYP21A2-like+|TNXB-like-	RCCX-SCREEN-c91a117646c15232	component_counts_consistent	Nearest prototype is not functional gene identity; no fusion or gene-conversion classification; C4 annotation inherited
apr-s#2	apr-s	APR	assembly_or_reference	DR_DQ_candidate_novel_annotation;downstream_graph_clipping_loss	2	2	2	2	1	apr-s#2#h2tg000009l:138522552-143696180_rc	3552708	3684523	1	WHR1-like+|C4AL+|CYP21A1P-like+|TNXA-like-|WHR1B-like+|C4BS+|CYP21A2-like+|TNXB-like-	RCCX-SCREEN-08dc6d3cd5c804e4	component_counts_consistent	Nearest prototype is not functional gene identity; no fusion or gene-conversion classification; C4 annotation inherited
apr001#1	apr001	APR	assembly_or_reference	DR_DQ_candidate_novel_annotation	2	2	2	2	1	apr001#1#h1tg000015l:28434817-33593090	3546615	3684768	1	WHR1-like+|C4AL+|CYP21A1P-like+|TNXA-like-|WHR1B-like+|C4BL+|CYP21A2-like+|TNXB-like-	RCCX-SCREEN-c91a117646c15232	component_counts_consistent	Nearest prototype is not functional gene identity; no fusion or gene-conversion classification; C4 annotation inherited
apr001#2	apr001	APR	assembly_or_reference		1	1	1	1	1	apr001#2#h2tg000018l:28338056-33431257	3548635	3654034	1	WHR1-like+|C4AL+|CYP21A2-like+|TNXB-like-	RCCX-SCREEN-80c1563b57f16898	component_counts_consistent	Nearest prototype is not functional gene identity; no fusion or gene-conversion classification; C4 annotation inherited
apr002#1	apr002	APR	assembly_or_reference	DR_DQ_candidate_novel_annotation	3	3	3	3	1	apr002#1#h1tg000010l:28385462-33644194	3535788	3693948	1	WHR1-like+|C4BL+|CYP21A1P-like+|TNXA-like-|WHR1B-like+|C4AS+|CYP21A2-like+|TNXA-like-|WHR1B-like+|C4BS+|CYP21A2-like+|TNXB-like-	RCCX-SCREEN-8904b92121a5f1e8	component_counts_consistent	Nearest prototype is not functional gene identity; no fusion or gene-conversion classification; C4 annotation inherited
apr002#2	apr002	APR	assembly_or_reference	DR_DQ_candidate_novel_annotation;downstream_graph_clipping_loss	2	2	2	2	1	apr002#2#h2tg000007l:138255095-143403132_rc	3557921	3689704	1	WHR1-like+|C4AL+|CYP21A1P-like+|TNXA-like-|WHR1B-like+|C4BS+|CYP21A2-like+|TNXB-like-	RCCX-SCREEN-08dc6d3cd5c804e4	component_counts_consistent	Nearest prototype is not functional gene identity; no fusion or gene-conversion classification; C4 annotation inherited
apr003#1	apr003	APR	assembly_or_reference	DR_DQ_candidate_novel_annotation	2	2	2	2	1	apr003#1#h1tg000021l:28362599-33558558	3503768	3641918	1	WHR1-like+|C4AL+|CYP21A1P-like+|TNXA-like-|WHR1B-like+|C4BL+|CYP21A2-like+|TNXB-like-	RCCX-SCREEN-c91a117646c15232	component_counts_consistent	Nearest prototype is not functional gene identity; no fusion or gene-conversion classification; C4 annotation inherited
apr003#2	apr003	APR	assembly_or_reference	DR_DQ_candidate_novel_annotation	2	2	2	2	1	apr003#2#h2tg000014l:28401981-33557950	3552606	3684408	1	WHR1-like+|C4AL+|CYP21A1P-like+|TNXA-like-|WHR1B-like+|C4BS+|CYP21A2-like+|TNXB-like-	RCCX-SCREEN-08dc6d3cd5c804e4	component_counts_consistent	Nearest prototype is not functional gene identity; no fusion or gene-conversion classification; C4 annotation inherited
apr004#1	apr004	APR	assembly_or_reference		2	2	2	2	1	apr004#1#h1tg000015l:28405351-33543332	3535739	3667548	1	WHR1-like+|C4BL+|CYP21A1P-like+|TNXA-like-|WHR1B-like+|C4AS+|CYP21A2-like+|TNXB-like-	RCCX-SCREEN-fc96b32fa448cea2	component_counts_consistent	Nearest prototype is not functional gene identity; no fusion or gene-conversion classification; C4 annotation inherited
apr004#2	apr004	APR	assembly_or_reference	downstream_graph_clipping_loss	2	2	2	2	1	apr004#2#h2tg000008l:138190707-143268823_rc	3505936	3637832	1	WHR1-like+|C4AL+|CYP21A2-like+|TNXA-like-|WHR1B-like+|C4BS+|CYP21A2-like+|TNXB-like-	RCCX-SCREEN-804d53b600bb619f	component_counts_consistent	Nearest prototype is not functional gene identity; no fusion or gene-conversion classification; C4 annotation inherited
apr005#1	apr005	APR	assembly_or_reference	downstream_graph_clipping_loss	1	1	1	1	1	apr005#1#h1tg000024l:25685419-30792368_rc	3561795	3667204	1	WHR1-like+|C4AL+|CYP21A2-like+|TNXB-like-	RCCX-SCREEN-80c1563b57f16898	component_counts_consistent	Nearest prototype is not functional gene identity; no fusion or gene-conversion classification; C4 annotation inherited
apr005#2	apr005	APR	assembly_or_reference	downstream_graph_clipping_loss	2	2	2	2	1	apr005#2#h2tg000025l:27505079-32631962_rc	3555241	3687138	1	WHR1-like+|C4AL+|CYP21A2-like+|TNXA-like-|WHR1B-like+|C4BS+|CYP21A2-like+|TNXB-like-	RCCX-SCREEN-804d53b600bb619f	component_counts_consistent	Nearest prototype is not functional gene identity; no fusion or gene-conversion classification; C4 annotation inherited
apr006#1	apr006	APR	assembly_or_reference	DR_DQ_candidate_novel_annotation	2	2	2	2	1	apr006#1#h1tg000006l:28429612-33564591	3562532	3694430	1	WHR1-like+|C4AL+|CYP21A2-like+|TNXA-like-|WHR1B-like+|C4BS+|CYP21A2-like+|TNXB-like-	RCCX-SCREEN-804d53b600bb619f	component_counts_consistent	Nearest prototype is not functional gene identity; no fusion or gene-conversion classification; C4 annotation inherited
apr006#2	apr006	APR	assembly_or_reference	DR_DQ_candidate_novel_annotation;downstream_graph_clipping_loss	2	2	2	2	1	apr006#2#h2tg000002l:27458750-32609940_rc	3549199	3680994	1	WHR1-like+|C4AL+|CYP21A1P-like+|TNXA-like-|WHR1B-like+|C4BS+|CYP21A2-like+|TNXB-like-	RCCX-SCREEN-08dc6d3cd5c804e4	component_counts_consistent	Nearest prototype is not functional gene identity; no fusion or gene-conversion classification; C4 annotation inherited
apr007#1	apr007	APR	assembly_or_reference	downstream_graph_clipping_loss	2	2	2	2	1	apr007#1#h1tg000009l:141020280-146179718_rc	3550928	3689083	1	WHR1-like+|C4AL+|CYP21A1P-like+|TNXA-like-|WHR1B-like+|C4BL+|CYP21A2-like+|TNXB-like-	RCCX-SCREEN-c91a117646c15232	component_counts_consistent	Nearest prototype is not functional gene identity; no fusion or gene-conversion classification; C4 annotation inherited
apr007#2	apr007	APR	assembly_or_reference	downstream_graph_clipping_loss	2	2	2	2	1	apr007#2#h2tg000002l:137323480-142462680_rc	3535841	3667651	1	WHR1-like+|C4BL+|CYP21A1P-like+|TNXA-like-|WHR1B-like+|C4AS+|CYP21A2-like+|TNXB-like-	RCCX-SCREEN-fc96b32fa448cea2	component_counts_consistent	Nearest prototype is not functional gene identity; no fusion or gene-conversion classification; C4 annotation inherited
apr008#1	apr008	APR	assembly_or_reference	DR_DQ_candidate_novel_annotation;downstream_graph_clipping_loss	1	1	1	1	1	apr008#1#h1tg000006l:138382777-143548816_rc	3606400	3711841	1	WHR1-like+|C4AL+|CYP21A2-like+|TNXB-like-	RCCX-SCREEN-80c1563b57f16898	component_counts_consistent	Nearest prototype is not functional gene identity; no fusion or gene-conversion classification; C4 annotation inherited
apr008#2	apr008	APR	assembly_or_reference		2	2	2	2	1	apr008#2#h2tg000008l:28356191-33484508	3556312	3688211	1	WHR1-like+|C4AL+|CYP21A2-like+|TNXA-like-|WHR1B-like+|C4BS+|CYP21A2-like+|TNXB-like-	RCCX-SCREEN-804d53b600bb619f	component_counts_consistent	Nearest prototype is not functional gene identity; no fusion or gene-conversion classification; C4 annotation inherited
apr009#1	apr009	APR	assembly_or_reference		3	3	3	3	1	apr009#1#h1tg000016l:28450181-33709541	3534335	3692489	1	WHR1-like+|C4BL+|CYP21A1P-like+|TNXA-like-|WHR1B-like+|C4AS+|CYP21A2-like+|TNXA-like-|WHR1B-like+|C4BS+|CYP21A2-like+|TNXB-like-	RCCX-SCREEN-8904b92121a5f1e8	component_counts_consistent	Nearest prototype is not functional gene identity; no fusion or gene-conversion classification; C4 annotation inherited
apr009#2	apr009	APR	assembly_or_reference	DR_DQ_candidate_novel_annotation;downstream_graph_clipping_loss	2	2	2	2	1	apr009#2#h2tg000041l:28097238-33212102_rc	3505125	3643296	1	WHR1-like+|C4AL+|CYP21A1P-like+|TNXA-like-|WHR1B-like+|C4AL+|CYP21A2-like+|TNXB-like-	RCCX-SCREEN-109f6cb2c3c027c8	component_counts_consistent	Nearest prototype is not functional gene identity; no fusion or gene-conversion classification; C4 annotation inherited
apr010#1	apr010	APR	assembly_or_reference		3	3	3	3	1	apr010#1#h1tg000018l:28446120-33705764	3537813	3695970	1	WHR1-like+|C4BL+|CYP21A1P-like+|TNXA-like-|WHR1B-like+|C4AS+|CYP21A2-like+|TNXA-like-|WHR1B-like+|C4BS+|CYP21A2-like+|TNXB-like-	RCCX-SCREEN-8904b92121a5f1e8	component_counts_consistent	Nearest prototype is not functional gene identity; no fusion or gene-conversion classification; C4 annotation inherited
apr010#2	apr010	APR	assembly_or_reference		2	2	2	2	1	apr010#2#h2tg000013l:28422940-33602432	3567986	3706144	1	WHR1-like+|C4BL+|CYP21A1P-like+|TNXA-like-|WHR1B-like+|C4AL+|CYP21A2-like+|TNXB-like-	RCCX-SCREEN-ddd7bb6699f86670	component_counts_consistent	Nearest prototype is not functional gene identity; no fusion or gene-conversion classification; C4 annotation inherited
apr011#1	apr011	APR	assembly_or_reference	DR_DQ_candidate_novel_annotation	1	1	1	1	1	apr011#1#h1tg000019l:138093078-143261017_rc	3623912	3729333	1	WHR1-like+|C4AL+|CYP21A2-like+|TNXB-like-	RCCX-SCREEN-80c1563b57f16898	component_counts_consistent	Nearest prototype is not functional gene identity; no fusion or gene-conversion classification; C4 annotation inherited
apr011#2	apr011	APR	assembly_or_reference	downstream_graph_clipping_loss	2	2	2	2	1	apr011#2#h2tg000011l:137856776-142978436_rc	3549770	3681660	1	WHR1-like+|C4AL+|CYP21A2-like+|TNXA-like-|WHR1B-like+|C4BS+|CYP21A2-like+|TNXB-like-	RCCX-SCREEN-804d53b600bb619f	component_counts_consistent	Nearest prototype is not functional gene identity; no fusion or gene-conversion classification; C4 annotation inherited
apr012#1	apr012	APR	assembly_or_reference		2	2	2	2	1	apr012#1#h1tg000008l:28396959-33512282	3542821	3674715	1	WHR1-like+|C4AL+|CYP21A2-like+|TNXA-like-|WHR1B-like+|C4BS+|CYP21A2-like+|TNXB-like-	RCCX-SCREEN-804d53b600bb619f	component_counts_consistent	Nearest prototype is not functional gene identity; no fusion or gene-conversion classification; C4 annotation inherited
apr012#2	apr012	APR	assembly_or_reference	downstream_graph_clipping_loss	1	1	1	1	1	apr012#2#h2tg000016l:138252661-143421402_rc	3623343	3728741	1	WHR1-like+|C4AL+|CYP21A2-like+|TNXB-like-	RCCX-SCREEN-80c1563b57f16898	component_counts_consistent	Nearest prototype is not functional gene identity; no fusion or gene-conversion classification; C4 annotation inherited
apr013#1	apr013	APR	assembly_or_reference	DR_DQ_candidate_novel_annotation;downstream_graph_clipping_loss	1	1	1	1	1	apr013#1#h1tg000002l:139940690-145014712_rc	3498051	3603487	1	WHR1-like+|C4AL+|CYP21A2-like+|TNXB-like-	RCCX-SCREEN-80c1563b57f16898	component_counts_consistent	Nearest prototype is not functional gene identity; no fusion or gene-conversion classification; C4 annotation inherited
apr013#2	apr013	APR	assembly_or_reference	DR_DQ_candidate_novel_annotation;downstream_graph_clipping_loss	2	2	2	2	1	apr013#2#h2tg000027l:138555153-143729247_rc	3548154	3686348	1	WHR1-like+|C4AL+|CYP21A1P-like+|TNXA-like-|WHR1B-like+|C4AL+|CYP21A2-like+|TNXB-like-	RCCX-SCREEN-109f6cb2c3c027c8	component_counts_consistent	Nearest prototype is not functional gene identity; no fusion or gene-conversion classification; C4 annotation inherited
apr014#1	apr014	APR	assembly_or_reference		2	2	2	2	1	apr014#1#h1tg000020l:28366313-33554706	3616252	3748150	1	WHR1-like+|C4AL+|CYP21A2-like+|TNXA-like-|WHR1B-like+|C4BS+|CYP21A2-like+|TNXB-like-	RCCX-SCREEN-804d53b600bb619f	component_counts_consistent	Nearest prototype is not functional gene identity; no fusion or gene-conversion classification; C4 annotation inherited
apr014#2	apr014	APR	assembly_or_reference	DR_DQ_candidate_novel_annotation;downstream_graph_clipping_loss	2	2	2	2	1	apr014#2#h2tg000006l:26691275-31885063_rc	3619224	3751018	1	WHR1-like+|C4AL+|CYP21A1P-like+|TNXA-like-|WHR1B-like+|C4AS+|CYP21A2-like+|TNXB-like-	RCCX-SCREEN-b8ca310d36f0396c	component_counts_consistent	Nearest prototype is not functional gene identity; no fusion or gene-conversion classification; C4 annotation inherited
apr015#1	apr015	APR	assembly_or_reference		2	2	2	2	1	apr015#1#h1tg000012l:28398223-33522774	3552743	3684640	1	WHR1-like+|C4AL+|CYP21A2-like+|TNXA-like-|WHR1B-like+|C4BS+|CYP21A2-like+|TNXB-like-	RCCX-SCREEN-804d53b600bb619f	component_counts_consistent	Nearest prototype is not functional gene identity; no fusion or gene-conversion classification; C4 annotation inherited
apr015#2	apr015	APR	assembly_or_reference	downstream_graph_clipping_loss	1	1	1	1	1	apr015#2#h2tg000018l:138433262-143524291_rc	3552468	3657877	1	WHR1-like+|C4AL+|CYP21A2-like+|TNXB-like-	RCCX-SCREEN-80c1563b57f16898	component_counts_consistent	Nearest prototype is not functional gene identity; no fusion or gene-conversion classification; C4 annotation inherited
apr016#1	apr016	APR	assembly_or_reference	DR_DQ_candidate_novel_annotation;downstream_graph_clipping_loss	2	2	2	2	1	apr016#1#h1tg000012l:137906206-143057420_rc	3548170	3679980	1	WHR1-like+|C4AL+|CYP21A1P-like+|TNXA-like-|WHR1B-like+|C4BS+|CYP21A2-like+|TNXB-like-	RCCX-SCREEN-08dc6d3cd5c804e4	component_counts_consistent	Nearest prototype is not functional gene identity; no fusion or gene-conversion classification; C4 annotation inherited
apr016#2	apr016	APR	assembly_or_reference	DR_DQ_candidate_novel_annotation;downstream_graph_clipping_loss	2	2	2	2	1	apr016#2#h2tg000005l:138332729-143447191_rc	3537935	3676093	1	WHR1-like+|C4AL+|CYP21A1P-like+|TNXA-like-|WHR1B-like+|C4BL+|CYP21A2-like+|TNXB-like-	RCCX-SCREEN-c91a117646c15232	component_counts_consistent	Nearest prototype is not functional gene identity; no fusion or gene-conversion classification; C4 annotation inherited
apr018#1	apr018	APR	assembly_or_reference		2	2	2	2	1	apr018#1#h1tg000018l:28377039-33450879	3553423	3691595	1	WHR1-like+|C4AL+|CYP21A1P-like+|TNXA-like-|WHR1B-like+|C4BL+|CYP21A2-like+|TNXB-like-	RCCX-SCREEN-c91a117646c15232	component_counts_consistent	Nearest prototype is not functional gene identity; no fusion or gene-conversion classification; C4 annotation inherited
apr018#2	apr018	APR	assembly_or_reference	DR_DQ_candidate_novel_annotation	2	2	2	2	1	apr018#2#h2tg000022l:28395345-33526946	3542017	3673805	1	WHR1-like+|C4AL+|CYP21A1P-like+|TNXA-like-|WHR1B-like+|C4BS+|CYP21A2-like+|TNXB-like-	RCCX-SCREEN-08dc6d3cd5c804e4	component_counts_consistent	Nearest prototype is not functional gene identity; no fusion or gene-conversion classification; C4 annotation inherited
apr019#1	apr019	APR	assembly_or_reference	DR_DQ_candidate_novel_annotation;downstream_graph_clipping_loss	1	1	1	1	1	apr019#1#h1tg000006l:137597617-142800733_rc	3545142	3650558	1	WHR1-like+|C4AL+|CYP21A2-like+|TNXB-like-	RCCX-SCREEN-80c1563b57f16898	component_counts_consistent	Nearest prototype is not functional gene identity; no fusion or gene-conversion classification; C4 annotation inherited
apr019#2	apr019	APR	assembly_or_reference	DR_DQ_candidate_novel_annotation	1	1	1	1	1	apr019#2#h2tg000009l:25947834-31066127_rc	3552274	3657712	1	WHR1-like+|C4AL+|CYP21A2-like+|TNXB-like-	RCCX-SCREEN-80c1563b57f16898	component_counts_consistent	Nearest prototype is not functional gene identity; no fusion or gene-conversion classification; C4 annotation inherited
apr020#1	apr020	APR	assembly_or_reference	DR_DQ_candidate_novel_annotation	2	2	2	2	1	apr020#1#h1tg000001l:28463230-33620049	3553708	3685524	1	WHR1-like+|C4AL+|CYP21A1P-like+|TNXA-like-|WHR1B-like+|C4BS+|CYP21A2-like+|TNXB-like-	RCCX-SCREEN-08dc6d3cd5c804e4	component_counts_consistent	Nearest prototype is not functional gene identity; no fusion or gene-conversion classification; C4 annotation inherited
apr020#2	apr020	APR	assembly_or_reference	DR_DQ_candidate_novel_annotation	1	1	1	1	1	apr020#2#h2tg000007l:137677150-142774159_rc	3549943	3655336	1	WHR1-like+|C4AL+|CYP21A2-like+|TNXB-like-	RCCX-SCREEN-80c1563b57f16898	component_counts_consistent	Nearest prototype is not functional gene identity; no fusion or gene-conversion classification; C4 annotation inherited
apr021#1	apr021	APR	assembly_or_reference	DR_DQ_candidate_novel_annotation;downstream_graph_clipping_loss	2	2	2	2	1	apr021#1#h1tg000013l:137920389-143048373_rc	3550104	3688265	1	WHR1-like+|C4AL+|CYP21A1P-like+|TNXA-like-|WHR1B-like+|C4AL+|CYP21A2-like+|TNXB-like-	RCCX-SCREEN-109f6cb2c3c027c8	component_counts_consistent	Nearest prototype is not functional gene identity; no fusion or gene-conversion classification; C4 annotation inherited
apr021#2	apr021	APR	assembly_or_reference	downstream_graph_clipping_loss	3	3	3	3	1	apr021#2#h2tg000011l:138901647-144060314_rc	3553506	3718099	1	WHR1-like+|C4AL+|CYP21A1P-like+|TNXA-like-|WHR1B-like+|C4AS+|CYP21A1P-like+|TNXA-like-|WHR1B-like+|C4BL+|CYP21A2-like+|TNXB-like-	RCCX-SCREEN-e92677dc4f8b8aff	component_counts_consistent	Nearest prototype is not functional gene identity; no fusion or gene-conversion classification; C4 annotation inherited
apr022#1	apr022	APR	assembly_or_reference	DR_DQ_candidate_novel_annotation;downstream_graph_clipping_loss	2	2	2	2	1	apr022#1#h1tg000011l:137924391-143077833_rc	3550309	3682129	1	WHR1-like+|C4AL+|CYP21A1P-like+|TNXA-like-|WHR1B-like+|C4BS+|CYP21A2-like+|TNXB-like-	RCCX-SCREEN-08dc6d3cd5c804e4	component_counts_consistent	Nearest prototype is not functional gene identity; no fusion or gene-conversion classification; C4 annotation inherited
apr022#2	apr022	APR	assembly_or_reference	downstream_graph_clipping_loss	3	3	3	3	1	apr022#2#h2tg000013l:138031891-143184813_rc	3554421	3712579	1	WHR1-like+|C4BL+|CYP21A1P-like+|TNXA-like-|WHR1B-like+|C4AS+|CYP21A2-like+|TNXA-like-|WHR1B-like+|C4BS+|CYP21A2-like+|TNXB-like-	RCCX-SCREEN-8904b92121a5f1e8	component_counts_consistent	Nearest prototype is not functional gene identity; no fusion or gene-conversion classification; C4 annotation inherited
apr023#1	apr023	APR	assembly_or_reference	DR_DQ_candidate_novel_annotation	2	2	2	2	1	apr023#1#h1tg000014l:137929515-143086735_rc	3555326	3687112	1	WHR1-like+|C4AS+|CYP21A1P-like+|TNXA-like-|WHR1B-like+|C4BL+|CYP21A2-like+|TNXB-like-	RCCX-SCREEN-7ed3bad7d86d2b59	component_counts_consistent	Nearest prototype is not functional gene identity; no fusion or gene-conversion classification; C4 annotation inherited
apr023#2	apr023	APR	assembly_or_reference	DR_DQ_candidate_novel_annotation	1	1	1	1	1	apr023#2#h2tg000022l:26641068-31656450_rc	3507538	3612948	1	WHR1-like+|C4AL+|CYP21A2-like+|TNXB-like-	RCCX-SCREEN-80c1563b57f16898	component_counts_consistent	Nearest prototype is not functional gene identity; no fusion or gene-conversion classification; C4 annotation inherited
apr024#1	apr024	APR	assembly_or_reference	downstream_graph_clipping_loss	2	2	2	2	1	apr024#1#h1tg000001l:137801575-142959579_rc	3548545	3686717	1	WHR1-like+|C4AL+|CYP21A1P-like+|TNXA-like-|WHR1B-like+|C4BL+|CYP21A2-like+|TNXB-like-	RCCX-SCREEN-c91a117646c15232	component_counts_consistent	Nearest prototype is not functional gene identity; no fusion or gene-conversion classification; C4 annotation inherited
apr024#2	apr024	APR	assembly_or_reference		2	2	2	2	1	apr024#2#h2tg000014l:137766819-142943455_rc	3567364	3705533	1	WHR1-like+|C4AL+|CYP21A1P-like+|TNXA-like-|WHR1B-like+|C4BL+|CYP21A2-like+|TNXB-like-	RCCX-SCREEN-c91a117646c15232	component_counts_consistent	Nearest prototype is not functional gene identity; no fusion or gene-conversion classification; C4 annotation inherited
apr025#1	apr025	APR	assembly_or_reference	downstream_graph_clipping_loss	2	2	2	2	1	apr025#1#h1tg000007l:139497787-144647520_rc	3559935	3691723	1	WHR1-like+|C4AL+|CYP21A1P-like+|TNXA-like-|WHR1B-like+|C4BS+|CYP21A2-like+|TNXB-like-	RCCX-SCREEN-08dc6d3cd5c804e4	component_counts_consistent	Nearest prototype is not functional gene identity; no fusion or gene-conversion classification; C4 annotation inherited
apr025#2	apr025	APR	assembly_or_reference	DR_DQ_candidate_novel_annotation	2	2	2	2	1	apr025#2#h2tg000006l:138571729-143809751_rc	3550912	3682709	1	WHR1-like+|C4AL+|CYP21A1P-like+|TNXA-like-|WHR1B-like+|C4BS+|CYP21A2-like+|TNXB-like-	RCCX-SCREEN-08dc6d3cd5c804e4	component_counts_consistent	Nearest prototype is not functional gene identity; no fusion or gene-conversion classification; C4 annotation inherited
apr026#1	apr026	APR	assembly_or_reference		2	2	2	2	1	apr026#1#h1tg000019l:28393961-33702327	3613309	3745083	1	WHR1-like+|C4AL+|CYP21A1P-like+|TNXA-like-|WHR1B-like+|C4BS+|CYP21A2-like+|TNXB-like-	RCCX-SCREEN-08dc6d3cd5c804e4	component_counts_consistent	Nearest prototype is not functional gene identity; no fusion or gene-conversion classification; C4 annotation inherited
apr026#2	apr026	APR	assembly_or_reference	DR_DQ_candidate_novel_annotation	1	1	1	1	1	apr026#2#h2tg000012l:28359568-33574257	3555947	3661363	1	WHR1-like+|C4AL+|CYP21A2-like+|TNXB-like-	RCCX-SCREEN-80c1563b57f16898	component_counts_consistent	Nearest prototype is not functional gene identity; no fusion or gene-conversion classification; C4 annotation inherited
apr027#1	apr027	APR	assembly_or_reference	DR_DQ_core_missing_or_multiple_annotations	3	3	3	3	1	apr027#1#h1tg000004l:28384126-33662392	3555898	3714052	1	WHR1-like+|C4BL+|CYP21A1P-like+|TNXA-like-|WHR1B-like+|C4AS+|CYP21A2-like+|TNXA-like-|WHR1B-like+|C4BS+|CYP21A2-like+|TNXB-like-	RCCX-SCREEN-8904b92121a5f1e8	component_counts_consistent	Nearest prototype is not functional gene identity; no fusion or gene-conversion classification; C4 annotation inherited
apr027#2	apr027	APR	assembly_or_reference	DR_DQ_candidate_novel_annotation;downstream_graph_clipping_loss	3	3	3	3	1	apr027#2#h2tg000013l:11085473-16306923_rc	3610178	3768365	1	WHR1-like+|C4AL+|CYP21A1P-like+|TNXA-like-|WHR1B-like+|C4BS+|CYP21A1P-like+|TNXA-like-|WHR1B-like+|C4BS+|CYP21A2-like+|TNXB-like-	RCCX-SCREEN-0c843ef37c4c8a9d	component_counts_consistent	Nearest prototype is not functional gene identity; no fusion or gene-conversion classification; C4 annotation inherited
apr029#1	apr029	APR	assembly_or_reference		2	2	2	2	1	apr029#1#h1tg000032l:28462821-33705004	3547968	3679755	1	WHR1-like+|C4AL+|CYP21A1P-like+|TNXA-like-|WHR1B-like+|C4BS+|CYP21A2-like+|TNXB-like-	RCCX-SCREEN-08dc6d3cd5c804e4	component_counts_consistent	Nearest prototype is not functional gene identity; no fusion or gene-conversion classification; C4 annotation inherited
apr029#2	apr029	APR	assembly_or_reference		2	2	2	2	1	apr029#2#h2tg000012l:28417575-33541972	3552530	3684426	1	WHR1-like+|C4AL+|CYP21A2-like+|TNXA-like-|WHR1B-like+|C4BS+|CYP21A2-like+|TNXB-like-	RCCX-SCREEN-804d53b600bb619f	component_counts_consistent	Nearest prototype is not functional gene identity; no fusion or gene-conversion classification; C4 annotation inherited
apr030#1	apr030	APR	assembly_or_reference	DR_DQ_candidate_novel_annotation	1	1	1	1	1	apr030#1#h1tg000001l:28446903-33506362	3506105	3611538	1	WHR1-like+|C4AL+|CYP21A2-like+|TNXB-like-	RCCX-SCREEN-80c1563b57f16898	component_counts_consistent	Nearest prototype is not functional gene identity; no fusion or gene-conversion classification; C4 annotation inherited
apr030#2	apr030	APR	assembly_or_reference	DR_DQ_candidate_novel_annotation	2	2	2	2	1	apr030#2#h2tg000012l:28433288-33581296	3557850	3689637	1	WHR1-like+|C4AL+|CYP21A1P-like+|TNXA-like-|WHR1B-like+|C4BS+|CYP21A2-like+|TNXB-like-	RCCX-SCREEN-08dc6d3cd5c804e4	component_counts_consistent	Nearest prototype is not functional gene identity; no fusion or gene-conversion classification; C4 annotation inherited
apr031#1	apr031	APR	assembly_or_reference	DR_DQ_candidate_novel_annotation;downstream_graph_clipping_loss	2	2	2	2	1	apr031#1#h1tg000019l:26371881-31586781_rc	3612875	3744663	1	WHR1-like+|C4AL+|CYP21A1P-like+|TNXA-like-|WHR1B-like+|C4BS+|CYP21A2-like+|TNXB-like-	RCCX-SCREEN-08dc6d3cd5c804e4	component_counts_consistent	Nearest prototype is not functional gene identity; no fusion or gene-conversion classification; C4 annotation inherited
apr031#2	apr031	APR	assembly_or_reference		2	2	2	2	1	apr031#2#h2tg000036l:28402991-33519712	3506979	3645137	1	WHR1-like+|C4AL+|CYP21A1P-like+|TNXA-like-|WHR1B-like+|C4AL+|CYP21A2-like+|TNXB-like-	RCCX-SCREEN-109f6cb2c3c027c8	component_counts_consistent	Nearest prototype is not functional gene identity; no fusion or gene-conversion classification; C4 annotation inherited
apr032#1	apr032	APR	assembly_or_reference		2	2	2	2	1	apr032#1#h1tg000006l:28452318-33694285	3546535	3678323	1	WHR1-like+|C4AL+|CYP21A1P-like+|TNXA-like-|WHR1B-like+|C4BS+|CYP21A2-like+|TNXB-like-	RCCX-SCREEN-08dc6d3cd5c804e4	component_counts_consistent	Nearest prototype is not functional gene identity; no fusion or gene-conversion classification; C4 annotation inherited
apr032#2	apr032	APR	assembly_or_reference	DR_DQ_candidate_novel_annotation	3	3	3	3	1	apr032#2#h2tg000014l:28405263-33673740	3546603	3704763	1	WHR1-like+|C4BL+|CYP21A1P-like+|TNXA-like-|WHR1B-like+|C4AS+|CYP21A2-like+|TNXA-like-|WHR1B-like+|C4BS+|CYP21A2-like+|TNXB-like-	RCCX-SCREEN-8904b92121a5f1e8	component_counts_consistent	Nearest prototype is not functional gene identity; no fusion or gene-conversion classification; C4 annotation inherited
apr033#1	apr033	APR	assembly_or_reference	downstream_graph_clipping_loss	2	2	2	2	1	apr033#1#h1tg000008l:27149396-32366749_rc	3618508	3750310	1	WHR1-like+|C4AL+|CYP21A1P-like+|TNXA-like-|WHR1B-like+|C4BS+|CYP21A2-like+|TNXB-like-	RCCX-SCREEN-08dc6d3cd5c804e4	component_counts_consistent	Nearest prototype is not functional gene identity; no fusion or gene-conversion classification; C4 annotation inherited
apr033#2	apr033	APR	assembly_or_reference		2	2	2	2	1	apr033#2#h2tg000008l:28349631-33452614	3502275	3634061	1	WHR1-like+|C4AL+|CYP21A1P-like+|TNXA-like-|WHR1B-like+|C4BS+|CYP21A2-like+|TNXB-like-	RCCX-SCREEN-08dc6d3cd5c804e4	component_counts_consistent	Nearest prototype is not functional gene identity; no fusion or gene-conversion classification; C4 annotation inherited
apr034#1	apr034	APR	assembly_or_reference	DR_DQ_candidate_novel_annotation	1	1	1	1	1	apr034#1#h1tg000032l:26576741-31706138_rc	3553827	3659244	1	WHR1-like+|C4AL+|CYP21A2-like+|TNXB-like-	RCCX-SCREEN-80c1563b57f16898	component_counts_consistent	Nearest prototype is not functional gene identity; no fusion or gene-conversion classification; C4 annotation inherited
apr034#2	apr034	APR	assembly_or_reference	DR_DQ_candidate_novel_annotation	2	2	2	2	1	apr034#2#h2tg000008l:28434563-33559669	3550527	3688681	1	WHR1-like+|C4AL+|CYP21A1P-like+|TNXA-like-|WHR1B-like+|C4BL+|CYP21A2-like+|TNXB-like-	RCCX-SCREEN-c91a117646c15232	component_counts_consistent	Nearest prototype is not functional gene identity; no fusion or gene-conversion classification; C4 annotation inherited
apr035#1	apr035	APR	assembly_or_reference	DR_DQ_candidate_novel_annotation;downstream_graph_clipping_loss	2	2	2	2	1	apr035#1#h1tg000018l:27655502-32798707_rc	3560164	3698324	1	WHR1-like+|C4AL+|CYP21A1P-like+|TNXA-like-|WHR1B-like+|C4BL+|CYP21A2-like+|TNXB-like-	RCCX-SCREEN-c91a117646c15232	component_counts_consistent	Nearest prototype is not functional gene identity; no fusion or gene-conversion classification; C4 annotation inherited
apr035#2	apr035	APR	assembly_or_reference	DR_DQ_candidate_novel_annotation;downstream_graph_clipping_loss	2	2	2	2	1	apr035#2#h2tg000011l:27516869-32663681_rc	3561041	3699208	1	WHR1-like+|C4AL+|CYP21A1P-like+|TNXA-like-|WHR1B-like+|C4BL+|CYP21A2-like+|TNXB-like-	RCCX-SCREEN-c91a117646c15232	component_counts_consistent	Nearest prototype is not functional gene identity; no fusion or gene-conversion classification; C4 annotation inherited
apr036#1	apr036	APR	assembly_or_reference	DR_DQ_candidate_novel_annotation;downstream_graph_clipping_loss	2	2	2	2	1	apr036#1#h1tg000026l:25218090-30345004_rc	3552992	3684803	1	WHR1-like+|C4AL+|CYP21A1P-like+|TNXA-like-|WHR1B-like+|C4BS+|CYP21A2-like+|TNXB-like-	RCCX-SCREEN-08dc6d3cd5c804e4	component_counts_consistent	Nearest prototype is not functional gene identity; no fusion or gene-conversion classification; C4 annotation inherited
apr036#2	apr036	APR	assembly_or_reference	DR_DQ_candidate_novel_annotation	2	2	2	2	1	apr036#2#h2tg000017l:1678659-6817558	3558584	3690385	1	WHR1-like+|C4AL+|CYP21A1P-like+|TNXA-like-|WHR1B-like+|C4BS+|CYP21A2-like+|TNXB-like-	RCCX-SCREEN-08dc6d3cd5c804e4	component_counts_consistent	Nearest prototype is not functional gene identity; no fusion or gene-conversion classification; C4 annotation inherited
apr037#1	apr037	APR	assembly_or_reference	DR_DQ_candidate_novel_annotation	2	2	2	2	1	apr037#1#h1tg000004l:138070351-143231345_rc	3552194	3690367	1	WHR1-like+|C4AL+|CYP21A1P-like+|TNXA-like-|WHR1B-like+|C4AL+|CYP21A2-like+|TNXB-like-	RCCX-SCREEN-109f6cb2c3c027c8	component_counts_consistent	Nearest prototype is not functional gene identity; no fusion or gene-conversion classification; C4 annotation inherited
apr037#2	apr037	APR	assembly_or_reference	DR_DQ_candidate_novel_annotation;downstream_graph_clipping_loss	2	2	2	2	1	apr037#2#h2tg000014l:138095539-143312355_rc	3608491	3746663	1	WHR1-like+|C4AL+|CYP21A1P-like+|TNXA-like-|WHR1B-like+|C4BL+|CYP21A2-like+|TNXB-like-	RCCX-SCREEN-c91a117646c15232	component_counts_consistent	Nearest prototype is not functional gene identity; no fusion or gene-conversion classification; C4 annotation inherited
apr038#1	apr038	APR	assembly_or_reference	DR_DQ_candidate_novel_annotation	2	2	2	2	1	apr038#1#h1tg000017l:1654472-6798671	3561032	3692823	1	WHR1-like+|C4AL+|CYP21A1P-like+|TNXA-like-|WHR1B-like+|C4BS+|CYP21A2-like+|TNXB-like-	RCCX-SCREEN-08dc6d3cd5c804e4	component_counts_consistent	Nearest prototype is not functional gene identity; no fusion or gene-conversion classification; C4 annotation inherited
apr038#2	apr038	APR	assembly_or_reference	DR_DQ_candidate_novel_annotation;downstream_graph_clipping_loss	2	2	2	2	1	apr038#2#h2tg000022l:127876238-133012041_rc	3553221	3691380	1	WHR1-like+|C4AL+|CYP21A1P-like+|TNXA-like-|WHR1B-like+|C4BL+|CYP21A2-like+|TNXB-like-	RCCX-SCREEN-c91a117646c15232	component_counts_consistent	Nearest prototype is not functional gene identity; no fusion or gene-conversion classification; C4 annotation inherited
apr039#1	apr039	APR	assembly_or_reference	DR_DQ_candidate_novel_annotation	3	3	3	3	1	apr039#1#h1tg000005l:28445311-33640507	3558616	3723211	1	WHR1-like+|C4AL+|CYP21A1P-like+|TNXA-like-|WHR1B-like+|C4BS+|CYP21A1P-like+|TNXA-like-|WHR1B-like+|C4BL+|CYP21A2-like+|TNXB-like-	RCCX-SCREEN-3448b7c309a42550	component_counts_consistent	Nearest prototype is not functional gene identity; no fusion or gene-conversion classification; C4 annotation inherited
apr039#2	apr039	APR	assembly_or_reference		2	2	2	2	1	apr039#2#h2tg000012l:28411824-33614466	3619214	3751001	1	WHR1-like+|C4AL+|CYP21A1P-like+|TNXA-like-|WHR1B-like+|C4BS+|CYP21A2-like+|TNXB-like-	RCCX-SCREEN-08dc6d3cd5c804e4	component_counts_consistent	Nearest prototype is not functional gene identity; no fusion or gene-conversion classification; C4 annotation inherited
apr040#1	apr040	APR	assembly_or_reference	downstream_graph_clipping_loss	1	1	1	1	1	apr040#1#h1tg000032l:25914346-31039269_rc	3555139	3654186	1	WHR1-like+|C4BS+|CYP21A2-like+|TNXB-like-	RCCX-SCREEN-a002f576cdda62b4	component_counts_consistent	Nearest prototype is not functional gene identity; no fusion or gene-conversion classification; C4 annotation inherited
apr040#2	apr040	APR	assembly_or_reference	DR_DQ_candidate_novel_annotation;downstream_graph_clipping_loss	1	1	1	1	1	apr040#2#h2tg000023l:25605134-30732063_rc	3558149	3657212	1	WHR1-like+|C4BS+|CYP21A2-like+|TNXB-like-	RCCX-SCREEN-a002f576cdda62b4	component_counts_consistent	Nearest prototype is not functional gene identity; no fusion or gene-conversion classification; C4 annotation inherited
apr041#1	apr041	APR	assembly_or_reference	DR_DQ_candidate_novel_annotation;downstream_graph_clipping_loss	2	2	2	2	1	apr041#1#h1tg000024l:23526305-28655372_rc	3551942	3683698	1	WHR1-like+|C4AL+|CYP21A1P-like+|TNXA-like-|WHR1B-like+|C4BS+|CYP21A2-like+|TNXB-like-	RCCX-SCREEN-08dc6d3cd5c804e4	component_counts_consistent	Nearest prototype is not functional gene identity; no fusion or gene-conversion classification; C4 annotation inherited
apr041#2	apr041	APR	assembly_or_reference		2	2	2	2	1	apr041#2#h2tg000015l:28437008-33578583	3539336	3671145	1	WHR1-like+|C4BL+|CYP21A1P-like+|TNXA-like-|WHR1B-like+|C4AS+|CYP21A2-like+|TNXB-like-	RCCX-SCREEN-fc96b32fa448cea2	component_counts_consistent	Nearest prototype is not functional gene identity; no fusion or gene-conversion classification; C4 annotation inherited
apr042#1	apr042	APR	assembly_or_reference		2	2	2	2	1	apr042#1#h1tg000024l:28343014-33430082	3505483	3643662	1	WHR1-like+|C4AL+|CYP21A1P-like+|TNXA-like-|WHR1B-like+|C4BL+|CYP21A2-like+|TNXB-like-	RCCX-SCREEN-c91a117646c15232	component_counts_consistent	Nearest prototype is not functional gene identity; no fusion or gene-conversion classification; C4 annotation inherited
apr042#2	apr042	APR	assembly_or_reference	DR_DQ_candidate_novel_annotation	2	2	2	2	1	apr042#2#h2tg000022l:28456692-33606982	3549531	3687698	1	WHR1-like+|C4AL+|CYP21A1P-like+|TNXA-like-|WHR1B-like+|C4BL+|CYP21A2-like+|TNXB-like-	RCCX-SCREEN-c91a117646c15232	component_counts_consistent	Nearest prototype is not functional gene identity; no fusion or gene-conversion classification; C4 annotation inherited
apr043#1	apr043	APR	assembly_or_reference	DR_DQ_candidate_novel_annotation;downstream_graph_clipping_loss	2	2	2	2	1	apr043#1#h1tg000012l:139593152-144731880_rc	3544215	3675984	1	WHR1-like+|C4AL+|CYP21A1P-like+|TNXA-like-|WHR1B-like+|C4BS+|CYP21A2-like+|TNXB-like-	RCCX-SCREEN-08dc6d3cd5c804e4	component_counts_consistent	Nearest prototype is not functional gene identity; no fusion or gene-conversion classification; C4 annotation inherited
apr043#2	apr043	APR	assembly_or_reference	DR_DQ_candidate_novel_annotation	2	2	2	2	1	apr043#2#h2tg000007l:28374571-33634772	3564034	3695815	1	WHR1-like+|C4AL+|CYP21A1P-like+|TNXA-like-|WHR1B-like+|C4BS+|CYP21A2-like+|TNXB-like-	RCCX-SCREEN-08dc6d3cd5c804e4	component_counts_consistent	Nearest prototype is not functional gene identity; no fusion or gene-conversion classification; C4 annotation inherited
apr044#1	apr044	APR	assembly_or_reference	DR_DQ_candidate_novel_annotation	2	2	2	2	1	apr044#1#h1tg000020l:28254023-33444694	3562673	3700864	1	WHR1-like+|C4AL+|CYP21A1P-like+|TNXA-like-|WHR1B-like+|C4AL+|CYP21A2-like+|TNXB-like-	RCCX-SCREEN-109f6cb2c3c027c8	component_counts_consistent	Nearest prototype is not functional gene identity; no fusion or gene-conversion classification; C4 annotation inherited
apr044#2	apr044	APR	assembly_or_reference	DR_DQ_candidate_novel_annotation	2	2	2	2	1	apr044#2#h2tg000019l:138732995-143879453_rc	3568473	3706635	1	WHR1-like+|C4AL+|CYP21A1P-like+|TNXA-like-|WHR1B-like+|C4BL+|CYP21A2-like+|TNXB-like-	RCCX-SCREEN-c91a117646c15232	component_counts_consistent	Nearest prototype is not functional gene identity; no fusion or gene-conversion classification; C4 annotation inherited
apr045#1	apr045	APR	assembly_or_reference	DR_DQ_candidate_novel_annotation	2	2	2	2	1	apr045#1#h1tg000014l:28436066-33585265	3552324	3684087	1	WHR1-like+|C4AL+|CYP21A1P-like+|TNXA-like-|WHR1B-like+|C4BS+|CYP21A2-like+|TNXB-like-	RCCX-SCREEN-08dc6d3cd5c804e4	component_counts_consistent	Nearest prototype is not functional gene identity; no fusion or gene-conversion classification; C4 annotation inherited
apr045#2	apr045	APR	assembly_or_reference	DR_DQ_candidate_novel_annotation	2	2	2	2	1	apr045#2#h2tg000020l:28349553-33649005	3612858	3744778	1	WHR1-like+|C4AL+|CYP21A2-like+|TNXA-like-|WHR1B-like+|C4BS+|CYP21A2-like+|TNXB-like-	RCCX-SCREEN-804d53b600bb619f	component_counts_consistent	Nearest prototype is not functional gene identity; no fusion or gene-conversion classification; C4 annotation inherited
apr046#1	apr046	APR	assembly_or_reference	DR_DQ_candidate_novel_annotation	2	2	2	2	1	apr046#1#h1tg000020l:28428626-33509292	3498389	3636545	1	WHR1-like+|C4AL+|CYP21A1P-like+|TNXA-like-|WHR1B-like+|C4BL+|CYP21A2-like+|TNXB-like-	RCCX-SCREEN-c91a117646c15232	component_counts_consistent	Nearest prototype is not functional gene identity; no fusion or gene-conversion classification; C4 annotation inherited
apr046#2	apr046	APR	assembly_or_reference	DR_DQ_candidate_novel_annotation	2	2	2	2	1	apr046#2#h2tg000002l:138874465-144007848_rc	3555664	3687462	1	WHR1-like+|C4AL+|CYP21A1P-like+|TNXA-like-|WHR1B-like+|C4BS+|CYP21A2-like+|TNXB-like-	RCCX-SCREEN-08dc6d3cd5c804e4	component_counts_consistent	Nearest prototype is not functional gene identity; no fusion or gene-conversion classification; C4 annotation inherited
apr047#1	apr047	APR	assembly_or_reference	DR_DQ_candidate_novel_annotation;downstream_graph_clipping_loss	2	2	2	2	1	apr047#1#h1tg000022l:124629191-129940792_rc	3624278	3756211	1	WHR1-like+|C4AL+|CYP21A2-like+|TNXA-like-|WHR1B-like+|C4BS+|CYP21A2-like+|TNXB-like-	RCCX-SCREEN-804d53b600bb619f	component_counts_consistent	Nearest prototype is not functional gene identity; no fusion or gene-conversion classification; C4 annotation inherited
apr047#2	apr047	APR	assembly_or_reference	DR_DQ_candidate_novel_annotation	2	2	2	2	1	apr047#2#h2tg000009l:28374338-33555921	3555226	3693414	1	WHR1-like+|C4AL+|CYP21A1P-like+|TNXA-like-|WHR1B-like+|C4BL+|CYP21A2-like+|TNXB-like-	RCCX-SCREEN-c91a117646c15232	component_counts_consistent	Nearest prototype is not functional gene identity; no fusion or gene-conversion classification; C4 annotation inherited
apr048#1	apr048	APR	assembly_or_reference	DR_DQ_candidate_novel_annotation	4	4	4	4	1	apr048#1#h1tg000017l:28263896-33470594	3552596	3737219	1	WHR1-like+|C4AL+|CYP21A1P-like+|TNXA-like-|WHR1B-like+|C4AS+|CYP21A1P-like+|TNXA-like-|WHR1B-like+|C4BS+|CYP21A1P-like+|TNXA-like-|WHR1B-like+|C4BS+|CYP21A2-like+|TNXB-like-	RCCX-SCREEN-1f022f87af7ce1ed	component_counts_consistent	Nearest prototype is not functional gene identity; no fusion or gene-conversion classification; C4 annotation inherited
apr048#2	apr048	APR	assembly_or_reference	DR_DQ_candidate_novel_annotation	2	2	2	2	1	apr048#2#h2tg000004l:138392377-143552020_rc	3556568	3688369	1	WHR1-like+|C4AL+|CYP21A1P-like+|TNXA-like-|WHR1B-like+|C4BS+|CYP21A2-like+|TNXB-like-	RCCX-SCREEN-08dc6d3cd5c804e4	component_counts_consistent	Nearest prototype is not functional gene identity; no fusion or gene-conversion classification; C4 annotation inherited
apr049#1	apr049	APR	assembly_or_reference	DR_DQ_candidate_novel_annotation	2	2	2	2	1	apr049#1#h1tg000006l:28277333-33430073	3541417	3679575	1	WHR1-like+|C4AL+|CYP21A1P-like+|TNXA-like-|WHR1B-like+|C4BL+|CYP21A2-like+|TNXB-like-	RCCX-SCREEN-c91a117646c15232	component_counts_consistent	Nearest prototype is not functional gene identity; no fusion or gene-conversion classification; C4 annotation inherited
apr049#2	apr049	APR	assembly_or_reference	DR_DQ_candidate_novel_annotation;downstream_graph_clipping_loss	2	2	2	2	1	apr049#2#h2tg000002l:138418227-143654758_rc	3623699	3761857	1	WHR1-like+|C4AL+|CYP21A1P-like+|TNXA-like-|WHR1B-like+|C4BL+|CYP21A2-like+|TNXB-like-	RCCX-SCREEN-c91a117646c15232	component_counts_consistent	Nearest prototype is not functional gene identity; no fusion or gene-conversion classification; C4 annotation inherited
apr050#1	apr050	APR	assembly_or_reference	DR_DQ_candidate_novel_annotation	3	3	3	3	1	apr050#1#h1tg000015l:138045880-143321309_rc	3562723	3720886	1	WHR1-like+|C4BL+|CYP21A1P-like+|TNXA-like-|WHR1B-like+|C4AS+|CYP21A2-like+|TNXA-like-|WHR1B-like+|C4BS+|CYP21A2-like+|TNXB-like-	RCCX-SCREEN-8904b92121a5f1e8	component_counts_consistent	Nearest prototype is not functional gene identity; no fusion or gene-conversion classification; C4 annotation inherited
apr050#2	apr050	APR	assembly_or_reference		1	1	1	1	1	apr050#2#h2tg000017l:28548291-33713388	3617550	3722944	1	WHR1-like+|C4AL+|CYP21A2-like+|TNXB-like-	RCCX-SCREEN-80c1563b57f16898	component_counts_consistent	Nearest prototype is not functional gene identity; no fusion or gene-conversion classification; C4 annotation inherited
apr051#1	apr051	APR	assembly_or_reference	downstream_graph_clipping_loss	2	2	2	2	1	apr051#1#h1tg000003l:138076138-143233361_rc	3549281	3687449	1	WHR1-like+|C4AL+|CYP21A1P-like+|TNXA-like-|WHR1B-like+|C4BL+|CYP21A2-like+|TNXB-like-	RCCX-SCREEN-c91a117646c15232	component_counts_consistent	Nearest prototype is not functional gene identity; no fusion or gene-conversion classification; C4 annotation inherited
apr051#2	apr051	APR	assembly_or_reference	DR_DQ_candidate_novel_annotation;downstream_graph_clipping_loss	2	2	2	2	1	apr051#2#h2tg000005l:138189744-143327910_rc	3556990	3688777	1	WHR1-like+|C4AL+|CYP21A1P-like+|TNXA-like-|WHR1B-like+|C4BS+|CYP21A2-like+|TNXB-like-	RCCX-SCREEN-08dc6d3cd5c804e4	component_counts_consistent	Nearest prototype is not functional gene identity; no fusion or gene-conversion classification; C4 annotation inherited
apr52#1	apr52	APR	assembly_or_reference	downstream_graph_clipping_loss	2	2	2	2	1	apr52#1#h1tg000012l:138556531-143810417_rc	3551779	3689937	1	WHR1-like+|C4AL+|CYP21A1P-like+|TNXA-like-|WHR1B-like+|C4BL+|CYP21A2-like+|TNXB-like-	RCCX-SCREEN-c91a117646c15232	component_counts_consistent	Nearest prototype is not functional gene identity; no fusion or gene-conversion classification; C4 annotation inherited
apr52#2	apr52	APR	assembly_or_reference	DR_DQ_candidate_novel_annotation;downstream_graph_clipping_loss	2	2	2	2	1	apr52#2#h2tg000003l:137805510-143003962_rc	3506505	3644679	1	WHR1-like+|C4AL+|CYP21A1P-like+|TNXA-like-|WHR1B-like+|C4BL+|CYP21A2-like+|TNXB-like-	RCCX-SCREEN-c91a117646c15232	component_counts_consistent	Nearest prototype is not functional gene identity; no fusion or gene-conversion classification; C4 annotation inherited
chm13#0	chm13	REF	assembly_or_reference	reference_not_independent_donor	2	2	2	2	1	chm13#0#chr6:28282159-33401678	3542221	3680372	1	WHR1-like+|C4AL+|CYP21A1P-like+|TNXA-like-|WHR1B-like+|C4BL+|CYP21A2-like+|TNXB-like-	RCCX-SCREEN-c91a117646c15232	component_counts_consistent	Nearest prototype is not functional gene identity; no fusion or gene-conversion classification; C4 annotation inherited
hg002#1	hg002	HPRC-Jewish	assembly_or_reference	DR_DQ_candidate_novel_annotation	2	2	2	2	1	hg002#1#chr6:28367269-33609101	3549291	3687474	1	WHR1-like+|C4AL+|CYP21A1P-like+|TNXA-like-|WHR1B-like+|C4BL+|CYP21A2-like+|TNXB-like-	RCCX-SCREEN-c91a117646c15232	component_counts_consistent	Nearest prototype is not functional gene identity; no fusion or gene-conversion classification; C4 annotation inherited
hg002#2	hg002	HPRC-Jewish	assembly_or_reference		2	2	2	2	1	hg002#2#chr6:28364349-33511960	3551211	3689375	1	WHR1-like+|C4AL+|CYP21A1P-like+|TNXA-like-|WHR1B-like+|C4BL+|CYP21A2-like+|TNXB-like-	RCCX-SCREEN-c91a117646c15232	component_counts_consistent	Nearest prototype is not functional gene identity; no fusion or gene-conversion classification; C4 annotation inherited
ksa001#1	ksa001	JaSaPaGe-Saudi	assembly_or_reference	DR_DQ_candidate_novel_annotation	2	2	2	2	1	ksa001#1#P01_compress.k30.hapmer-0000008:28390148-33635536	3552400	3690561	1	WHR1-like+|C4AL+|CYP21A1P-like+|TNXA-like-|WHR1B-like+|C4BL+|CYP21A2-like+|TNXB-like-	RCCX-SCREEN-c91a117646c15232	component_counts_consistent	Nearest prototype is not functional gene identity; no fusion or gene-conversion classification; C4 annotation inherited
ksa001#2	ksa001	JaSaPaGe-Saudi	assembly_or_reference	DR_DQ_candidate_novel_annotation;downstream_graph_clipping_loss	2	2	2	2	1	ksa001#2#P02_compress.k30.hapmer-0000137:138158892-143358025_rc	3621922	3760074	1	WHR1-like+|C4AL+|CYP21A1P-like+|TNXA-like-|WHR1B-like+|C4BL+|CYP21A2-like+|TNXB-like-	RCCX-SCREEN-c91a117646c15232	component_counts_consistent	Nearest prototype is not functional gene identity; no fusion or gene-conversion classification; C4 annotation inherited
ksa002#1	ksa002	JaSaPaGe-Saudi	assembly_or_reference	DR_DQ_candidate_novel_annotation	2	2	2	2	1	ksa002#1#h1tg000032l:22528800-27353974_rc	3239805	3371575	1	WHR1-like+|C4AL+|CYP21A1P-like+|TNXA-like-|WHR1B-like+|C4AS+|CYP21A2-like+|TNXB-like-	RCCX-SCREEN-b8ca310d36f0396c	component_counts_consistent	Nearest prototype is not functional gene identity; no fusion or gene-conversion classification; C4 annotation inherited
ksa002#2	ksa002	JaSaPaGe-Saudi	assembly_or_reference		2	2	2	2	1	ksa002#2#h2tg000047l:28364582-33489388	3549809	3681707	1	WHR1-like+|C4AL+|CYP21A2-like+|TNXA-like-|WHR1B-like+|C4BS+|CYP21A2-like+|TNXB-like-	RCCX-SCREEN-804d53b600bb619f	component_counts_consistent	Nearest prototype is not functional gene identity; no fusion or gene-conversion classification; C4 annotation inherited
ksa003#1	ksa003	JaSaPaGe-Saudi	assembly_or_reference	DR_DQ_candidate_novel_annotation;downstream_graph_clipping_loss	2	2	2	2	1	ksa003#1#h1tg000003l:26282372-31531568_rc	3563134	3695031	1	WHR1-like+|C4AL+|CYP21A2-like+|TNXA-like-|WHR1B-like+|C4BS+|CYP21A2-like+|TNXB-like-	RCCX-SCREEN-804d53b600bb619f	component_counts_consistent	Nearest prototype is not functional gene identity; no fusion or gene-conversion classification; C4 annotation inherited
ksa003#2	ksa003	JaSaPaGe-Saudi	assembly_or_reference	DR_DQ_candidate_novel_annotation;downstream_graph_clipping_loss	2	2	2	2	1	ksa003#2#h2tg000004l:28111634-33359120_rc	3554707	3692866	1	WHR1-like+|C4AL+|CYP21A1P-like+|TNXA-like-|WHR1B-like+|C4BL+|CYP21A2-like+|TNXB-like-	RCCX-SCREEN-c91a117646c15232	component_counts_consistent	Nearest prototype is not functional gene identity; no fusion or gene-conversion classification; C4 annotation inherited
ksa004#1	ksa004	JaSaPaGe-Saudi	assembly_or_reference	DR_DQ_candidate_novel_annotation;downstream_graph_clipping_loss	2	2	2	2	1	ksa004#1#h1tg000606l:1559-2019480_rc	464543	602721	1	WHR1-like+|C4AL+|CYP21A1P-like+|TNXA-like-|WHR1B-like+|C4BL+|CYP21A2-like+|TNXB-like-	RCCX-SCREEN-c91a117646c15232	component_counts_consistent	Nearest prototype is not functional gene identity; no fusion or gene-conversion classification; C4 annotation inherited
ksa004#2	ksa004	JaSaPaGe-Saudi	assembly_or_reference	DR_DQ_candidate_novel_annotation;downstream_graph_clipping_loss	0	0	0	0	0				0			unresolved_component_or_contiguity	Nearest prototype is not functional gene identity; no fusion or gene-conversion classification; C4 annotation inherited
ksa005#1	ksa005	JaSaPaGe-Saudi	assembly_or_reference		3	3	3	3	1	ksa005#1#h1tg000012l:28289164-33471875	3562885	3733782	1	WHR1-like+|C4AL+|CYP21A1P-like+|TNXA-like-|WHR1B-like+|C4AL+|CYP21A1P-like+|TNXA-like-|WHR1B-like+|C4BL+|CYP21A2-like+|TNXB-like-	RCCX-SCREEN-ca928f07d032036f	component_counts_consistent	Nearest prototype is not functional gene identity; no fusion or gene-conversion classification; C4 annotation inherited
ksa005#2	ksa005	JaSaPaGe-Saudi	assembly_or_reference	DR_DQ_candidate_novel_annotation	3	3	3	3	1	ksa005#2#h2tg000015l:28455196-33802696	3622562	3793458	1	WHR1-like+|C4AL+|CYP21A1P-like+|TNXA-like-|WHR1B-like+|C4AL+|CYP21A1P-like+|TNXA-like-|WHR1B-like+|C4BL+|CYP21A2-like+|TNXB-like-	RCCX-SCREEN-ca928f07d032036f	component_counts_consistent	Nearest prototype is not functional gene identity; no fusion or gene-conversion classification; C4 annotation inherited
ksa006#1	ksa006	JaSaPaGe-Saudi	assembly_or_reference	downstream_graph_clipping_loss	3	3	3	3	1	ksa006#1#h1tg000023l:24976893-30234320_rc	3534400	3692560	1	WHR1-like+|C4BL+|CYP21A1P-like+|TNXA-like-|WHR1B-like+|C4AS+|CYP21A2-like+|TNXA-like-|WHR1B-like+|C4BS+|CYP21A2-like+|TNXB-like-	RCCX-SCREEN-8904b92121a5f1e8	component_counts_consistent	Nearest prototype is not functional gene identity; no fusion or gene-conversion classification; C4 annotation inherited
ksa006#2	ksa006	JaSaPaGe-Saudi	assembly_or_reference	DR_DQ_candidate_novel_annotation;downstream_graph_clipping_loss	1	1	1	1	1	ksa006#2#h2tg000156l:3140686-4857840_rc	58184	163601	1	WHR1-like+|C4AL+|CYP21A2-like+|TNXB-like-	RCCX-SCREEN-80c1563b57f16898	component_counts_consistent	Nearest prototype is not functional gene identity; no fusion or gene-conversion classification; C4 annotation inherited
ksa007#1	ksa007	JaSaPaGe-Saudi	assembly_or_reference	DR_DQ_candidate_novel_annotation	2	2	2	2	1	ksa007#1#h1tg000051l:6349428-11505741_rc	3552000	3690159	1	WHR1-like+|C4AL+|CYP21A1P-like+|TNXA-like-|WHR1B-like+|C4BL+|CYP21A2-like+|TNXB-like-	RCCX-SCREEN-c91a117646c15232	component_counts_consistent	Nearest prototype is not functional gene identity; no fusion or gene-conversion classification; C4 annotation inherited
ksa007#2	ksa007	JaSaPaGe-Saudi	assembly_or_reference	DR_DQ_candidate_novel_annotation	2	2	2	2	1	ksa007#2#h2tg000027l:3344535-8478308	3507008	3645202	1	WHR1-like+|C4AL+|CYP21A1P-like+|TNXA-like-|WHR1B-like+|C4AL+|CYP21A2-like+|TNXB-like-	RCCX-SCREEN-109f6cb2c3c027c8	component_counts_consistent	Nearest prototype is not functional gene identity; no fusion or gene-conversion classification; C4 annotation inherited
ksa008#1	ksa008	JaSaPaGe-Saudi	assembly_or_reference		2	2	2	2	1	ksa008#1#h1tg000006l:28325815-33557944	3535762	3667552	1	WHR1-like+|C4BL+|CYP21A1P-like+|TNXA-like-|WHR1B-like+|C4AS+|CYP21A2-like+|TNXB-like-	RCCX-SCREEN-fc96b32fa448cea2	component_counts_consistent	Nearest prototype is not functional gene identity; no fusion or gene-conversion classification; C4 annotation inherited
ksa008#2	ksa008	JaSaPaGe-Saudi	assembly_or_reference	DR_DQ_candidate_novel_annotation;downstream_graph_clipping_loss	2	2	2	2	1	ksa008#2#h2tg000040l:26875251-31991332_rc	3539050	3670900	1	WHR1-like+|C4AL+|CYP21A1P-like+|TNXA-like-|WHR1B-like+|C4BS+|CYP21A2-like+|TNXB-like-	RCCX-SCREEN-08dc6d3cd5c804e4	component_counts_consistent	Nearest prototype is not functional gene identity; no fusion or gene-conversion classification; C4 annotation inherited
ksa009#1	ksa009	JaSaPaGe-Saudi	assembly_or_reference	DR_DQ_candidate_novel_annotation;downstream_graph_clipping_loss	2	2	2	2	1	ksa009#1#h1tg000831l:87-411352_rc	306470	374807	1	WHR1-like+|C4AL+|CYP21A1P-like+|TNXA-like-|WHR1B-like+|C4BS+|CYP21A2-like+|TNXA-like-	RCCX-SCREEN-6493188f61335fa0	component_counts_consistent	Nearest prototype is not functional gene identity; no fusion or gene-conversion classification; C4 annotation inherited
ksa009#2	ksa009	JaSaPaGe-Saudi	assembly_or_reference	DR_DQ_candidate_novel_annotation;downstream_graph_clipping_loss	2	2	2	2	1	ksa009#2#h2tg000180l:126-2719313_rc	1154252	1292406	1	WHR1-like+|C4BL+|CYP21A1P-like+|TNXA-like-|WHR1B-like+|C4BL+|CYP21A2-like+|TNXB-like-	RCCX-SCREEN-684f24a39886a3ee	component_counts_consistent	Nearest prototype is not functional gene identity; no fusion or gene-conversion classification; C4 annotation inherited
