hap_id	contig	start0	end0	span_bp	N_bases	other_ambiguous_bases	contig_edge_distance	span_sha256
GRCh38#0	GRCh38#0#chr6:28410701-33580488	3560474	3698638	138164	0	0	1471150	22588c00e5833dbd6b79dc72da9354ad1f6ac45a95397fafcdd001724a96e03b
HG00097#1	HG00097#1#JBIRDD010000044.1:28461910-33634610	3563987	3702158	138171	0	0	1470543	b551518d4b564098a1636c7ab7c8f5ecbf47451d9151504da01839bec0a15aa1
HG00097#2	HG00097#2#JBIRDE010000007.1:28438526-33548333	3508803	3646970	138167	0	0	1462838	b5137f1f8e3732b65546757d9fbf004948607e4524c19675c745e2b877b137ce
HG00099#1	HG00099#1#JBHDWO010000057.1:28378111-33500321	3544822	3682976	138154	0	0	1439235	ea90dbdededbe73a3e1e401daf41a4fe88ce6bc297151ca5a6ebf6acfe1c0f41
HG00099#2	HG00099#2#CM087361.1:28397166-33493833	3553094	3652167	99073	0	0	1444501	3bba95d8de0db1dc79a10271118c5050e0440b02a503b6f3cdb544ec0ca5a369
HG00126#1	HG00126#1#CM090112.1:28356760-33437962	3498958	3637116	138158	0	0	1444087	6d40c4dd0d32cdeec50679ace180b8b3ef84f35384b026328e849cf271ef731a
HG00126#2	HG00126#2#CM090124.1:28373995-33623206	3553597	3685401	131804	0	0	1563811	8315b08e94e340b036bd3aad0d4ba878d23a071a4036885e2fc386c0865346e6
HG00128#1	HG00128#1#CM090080.1:28391628-33572064	3552336	3710506	158170	0	0	1469931	07d2cba688c9d0acab008c5bbd2c6d3a525c0125e70e1a482315f2b308c4505d
HG00128#2	HG00128#2#CM090096.1:28379634-33499179	3536596	3674737	138141	0	0	1444809	22a3e5eb597c9de17b33a82536742b2ecfb14a82c6abf5d2d0219c01bb3dae4b
HG00133#1	HG00133#1#CM090050.1:28455191-33589633	3556786	3688577	131791	0	0	1445866	73ab6ed8cb020558733a7ed0edacb724a6b4d2b673079f9c4b9a00eec46a8e76
HG00133#2	HG00133#2#CM090065.1:28391702-33637176	3552810	3690958	138148	0	0	1554517	1e56e02e72d3062ac72cbf4ea92e8a62311052a8facb2fc64b3fd4a8aaf28359
HG00140#1	HG00140#1#CM087111.1:28362821-33594371	3623101	3761270	138169	0	0	1470281	8f5e6180146124f12c2d313dc85fd4e488ee4093c57485e9333c24edbc6c68fd
HG00140#2	HG00140#2#CM087137.1:28381998-33511941	3552009	3683776	131767	0	0	1446168	7cc3dcd36037e8fcb589c135843af2fb0aa0a4271019629e38292abd5e13b3f1
HG00146#1	HG00146#1#CM090015.1:28391294-33489055	3553118	3652189	99071	0	0	1445573	ab9c5fb47d7e4224765a4d608aedd9a2d47d8b09a9d7e3e8a651ebef29078cd6
HG00146#2	HG00146#2#JBHIKP010000006.1:28398454-33526840	3553178	3658606	105428	0	0	1469781	4741f766638b92ea0718cd61ddce2a63439dad5b771de7fb0c01b2520cefe018
HG00232#1	HG00232#1#JBHIKM010000014.1:28302939-33474178	3562598	3700761	138163	0	0	1470479	72e01af6e48983567cebbcc26a49935094f9842923f396ec0af291d1e568f2c1
HG00232#2	HG00232#2#JBHIKN010000040.1:28366410-33541603	3559433	3730340	170907	0	0	1444854	3b0daad471ded2964912b9e260335fe89896705627120e8a3af633775f0cacad
HG00235#1	HG00235#1#JBIRED010000015.1:28430445-33672471	3549429	3687584	138155	0	0	1554443	81389117f59632259aa7eaa6e62aeec5fa231c5663c7e022b7a9e56aa95fc29b
HG00235#2	HG00235#2#JBIREE010000012.1:28440799-33687305	3552966	3691120	138154	0	0	1555387	71aaa1a6cafb749c337dc6d2459fa06bed48a78130118784e698e3f624c5b3cd
HG00253#1	HG00253#1#CM094460.1:28362997-33511495	3554970	3686774	131804	0	0	1461725	d06347395165c5981206370299b979a2055a188e601d18d0ff1069978118060c
HG00253#2	HG00253#2#CM094482.1:28362559-33525998	3554289	3692448	138159	0	0	1470992	37420e93ddab4f62447f3040f396e327da0f3c399df1572a5a2ee129c212f448
HG00272#1	HG00272#1#CM094189.1:28268096-33422158	3550160	3688306	138146	0	0	1465757	1f654b668a8724af1668fde8b585df2682aa0ed81c2b8dfa5944b426b533bc30
HG00272#2	HG00272#2#CM094216.1:28400431-33497055	3553064	3652138	99074	0	0	1444487	8363c1ef3fd765a1d9aa1d3ec6078434323ebccb7061bbf7844e48c6afde5986
HG00280#1	HG00280#1#CM087149.1:28404965-33542525	3553113	3691266	138153	0	0	1446295	130464a0037ef67142438681c690c0ab060bd05ad347b5f16d2e8ae08900010b
HG00280#2	HG00280#2#CM087160.1:28390542-33496389	3562308	3661373	99065	0	0	1444475	0082d366416bb5c35140dbbc9c82d3cb9484e819cccf2d0ce4884aaf90353e13
HG00290#1	HG00290#1#CM089982.1:28384478-33524366	3563957	3669400	105443	0	0	1470489	3e746d38be377d2cc4dc4e09191ea4e977a939028a7546e973b9a92d9e293505
HG00290#2	HG00290#2#CM090006.1:28396532-33558743	3554268	3692443	138175	0	0	1469769	a8cdf4251cff098233b0937776a4fabcb5a97dcdf0d684f0fe10bb3211563032
HG00320#1	HG00320#1#CM089951.1:28434922-33547606	3624508	3729933	105425	0	0	1382752	6db7df30bf2ca3adb082db09fd52d326d01441fbe9f0490ecb15b577aa3db01d
HG00320#2	HG00320#2#CM089965.1:28395668-33476154	3566328	3698131	131803	0	0	1382356	f840a0ad657dd76c8b8098cc130f0d385597d6b820c040c5d63f28a705f67301
HG00321#1	HG00321#1#CM089541.1:28422537-33579208	3555897	3687700	131803	0	0	1468972	f7e0b0232bc13b5968fbe3906a1efe50f6d81b700e5fb0ecab418118647a6868
HG00321#2	HG00321#2#CM089572.1:28378789-33420293	3553400	3658824	105424	0	0	1382681	eb1b8e790a76d182b002852dc9a61ae197ad9aedffc3b510a13725638dd1bb0b
HG00323#1	HG00323#1#CM087306.1:28385818-33469846	3505533	3637336	131803	0	0	1446693	d4058d849d7a4bec43fff4239b7af53547e83f15f0a478a4e66bb93f2a958be4
HG00323#2	HG00323#2#CM087331.1:28400279-33501006	3498159	3629961	131802	0	0	1470767	dcc758dc91633a24cf9a9039ec3487fec98b0f03e32c5a30c57d30256100b1ce
HG00329#1	HG00329#1#CM094227.1:28398918-33572031	3563901	3728516	164615	0	0	1444598	dfb55ccad1dc88621597bad213028b8a63660c72885f8d09fec7f0d3d759c79e
HG00329#2	HG00329#2#JBIRDQ010000006.1:28383055-33548759	3557706	3695877	138171	0	0	1469828	247cefeba5dbdc964ded211ac5bea2c4c9a996768d264d08983590cedc06f394
HG00344#1	HG00344#1#JBIREN010000005.1:28404553-33569861	3558088	3696255	138167	0	0	1469054	c4c3d74ebeb93f03d76ce78b7089682770cbc3cc4f154f5717328cf2fe585345
HG00344#2	HG00344#2#JBIREO010000046.1:28507887-33680519	3564009	3702176	138167	0	0	1470457	c508ea439175ada3ac9d754d450eb6770c9a14a3c66de3d9fb072c4a94a96049
HG00350#1	HG00350#1#JBIREL010000054.1:28392042-33553743	3553813	3691978	138165	0	0	1469724	263a88e57438195c447d97d5aedeb686047619d0148f553de2d1f33ce81f7d6d
HG00350#2	HG00350#2#JBIREM010000045.1:28412158-33655472	3551884	3690053	138169	0	0	1553262	7d47ad9b368b26c4e28f4465d3af9c85f5d9ce4866212a7743067ff92b13e867
HG00408#1	HG00408#1#CM085956.1:28367209-33537812	3557966	3722500	164534	0	0	1448104	feb2f477c5ed2eda468a415974c6caf607c87c3d591ad95e2c2a4aad404e87fb
HG00408#2	HG00408#2#CM085969.1:28371022-33519581	3546936	3678733	131797	0	0	1469827	2c7db8ca28094b203d33fa15b829d6c3a6c88764649a92f05af17bfef2d30f82
HG00423#1	HG00423#1#CM089400.1:28362185-33602188	3551713	3683525	131812	0	0	1556479	027ac35e254e23dffb9c2c43c36e302c7a574a2ae90ad37cbbeebbdc9d722343
HG00423#2	HG00423#2#CM089416.1:28353255-33428495	3555610	3693784	138174	0	0	1381457	a7ab9ac67a0136c21d768964ee287386492eb338f101092ae3d2954e8f316ba5
HG00438#1	HG00438#1#CM089172.1:28419975-33475943	3503119	3608567	105448	0	0	1447402	ad7a19bd234fe5ca49abb6b0dbbddf74623b75c9e09bc79c40b5db0883fa8d2b
HG00438#2	HG00438#2#CM089191.1:28355071-33575312	3544654	3650048	105394	0	0	1570194	03458473235327d30e977d6c1d70e48973ecf71020db9c7197652d3b174df682
HG005#1	HG005#1#CM099986.1:28343337-33540760	3505592	3643764	138172	0	0	1553660	b4464f09b60f8abb7ed55ff1d00c0d2b9d7b3c26ef024c2c45b4d316c10199d7
HG005#2	HG005#2#CM099975.1:28427209-33625676	3504982	3643137	138155	0	0	1555331	7592f30ddb40fa04a69bc02c89f6ab231c268b4ee06275d640b5a09e61569645
HG00544#1	HG00544#1#CM089373.1:28382951-33635750	3564737	3696548	131811	0	0	1556252	659ae8f1b8a6a9eb3d526a692bfecd36e19eebedd0fcbb73b804d9fd140a07dd
HG00544#2	HG00544#2#CM089387.1:28377663-33617357	3551687	3683488	131801	0	0	1556207	625b1b2343b192d053a350c364248f7a85b04957e96df8260e414077ee8c5189
HG00558#1	HG00558#1#CM088495.1:28611632-33843761	3545168	3676957	131789	0	0	1555173	befc5cce0781e6c11c2feaf11c8379669cd9d350692b5d09ab0d6c413f42f821
HG00558#2	HG00558#2#CM088524.1:28472433-33604465	3542267	3674055	131788	0	0	1457978	3057321ad8091bfaa16d9b6f54741f63db267d67c6b6fa4ef5d4a0c2eb2bd818
HG00597#1	HG00597#1#JBHDUU010000003.1:28248152-33413616	3558010	3722544	164534	0	0	1442921	c2a03e8d2f9046f4208e317a21dc1ffea80f662fa11cd3e6f070d7c8f64dcb77
HG00597#2	HG00597#2#CM085784.1:28381176-33466863	3508783	3646963	138180	0	0	1438725	31c7ef10948497cada11376d1836c06f06dfd1fbb497101572643a77bb398fec
HG00609#1	HG00609#1#CM086351.1:28557002-33710805	3553425	3685222	131797	0	0	1468582	ff402d47236a88e75522a8ab9af4e9e065d3fbe0a933cf824fceaa4df3509cd1
HG00609#2	HG00609#2#CM086361.1:28373908-33563607	3497376	3635540	138164	0	0	1554160	86515049693e0514c64ecc188b297895deb683538025645b298de4caa11611ac
HG00621#1	HG00621#1#CM087851.1:28412809-33652212	3552512	3684309	131797	0	0	1555095	0dfb38cc3e233f1ee334f9a7bc619cb20721d2db2790c2e5c57ca58363393e07
HG00621#2	HG00621#2#CM087865.1:28365619-33503852	3561736	3699888	138152	0	0	1438346	339902c005bbffcd3b8a9b26709c90c377b08820301500ad9195c5b8a8af3160
HG00639#1	HG00639#1#CM088540.1:28385584-33628081	3549504	3687653	138149	0	0	1554845	7f606f39dc9eae63e3c747fa9d65d7200a097c24e4f93d3a4a6ee9fcd0f97f10
HG00639#2	HG00639#2#CM088555.1:28389308-33644836	3563495	3701646	138151	0	0	1553883	3917d549999c05cd75a1e554109ed1fd6ea9c0164252924841a025c679b54e46
HG00642#1	HG00642#1#JBHDST010000009.1:28352295-33459982	3560115	3665509	105394	0	0	1442179	dc3260a3b89092cd141c40eeecbbb91aea36c5aa2e692085e4cb46a15a917c43
HG00642#2	HG00642#2#CM086622.1:28408489-33506502	3504637	3636425	131788	0	0	1461589	f7b1acca25e66954fb066cea7dcb8a5b4b2ec55ba578a91e72b9b694327697ea
HG00658#1	HG00658#1#CM088776.1:28382214-33455895	3554050	3692219	138169	0	0	1381463	6e35df88c6e4a6814375f0f8e3b35f5c595b4ae0ca5c94d8b8b279d9cd91824f
HG00658#2	HG00658#2#CM088798.1:28345511-33527662	3552428	3717027	164599	0	0	1465125	161a4ae61ce87731d25bd8ae1276c692ee4c333de0111d483afa30faf4611377
HG00673#1	HG00673#1#CM089145.1:28380395-33412996	3456266	3594448	138182	0	0	1438154	d6e6e5fcc39b446e31378600b29c66e93b8def33669067cfbcc4b7f4dc15c614
HG00673#2	HG00673#2#CM089157.1:28378967-33442230	3549256	3681057	131801	0	0	1382207	6ad9e078aa29ffa2b107b29230d583f39fb1635d7a55f72c67f9c806bb8ebbb7
HG00706#1	HG00706#1#CM100016.1:28396497-33554012	3555517	3687407	131890	0	0	1470109	866dc49cf3a2cf578bb0483173a8b21efcff0a27b8f8e5db294eaac7030c0f52
HG00706#2	HG00706#2#CM100060.1:28411727-33571906	3553179	3691349	138170	0	0	1468831	1f5e4ee5233cc4813b3acf3bd93135c5071aad3b20a43da9044567f7cb1dff1f
HG00733#1	HG00733#1#JAHEPQ020000004.1:28448883-33531506	3505520	3643682	138162	0	0	1438942	7d5fe502d633c90597d8cd12ccab32df7dd17703ec729f1dbd4cc31c59f58966
HG00733#2	HG00733#2#JAHEPP020000013.1:28389728-33496160	3560094	3665487	105393	0	0	1440946	51446795461f145f6eca09e392b018a235e3c4948492a77d94112a99eba3366c
HG00735#1	HG00735#1#CM087879.1:28400157-33626272	3624398	3756202	131804	0	0	1469914	d48f5375e875bc188d3d602631b6c26456a63a51394108f9ca498f0ba4dfbec7
HG00735#2	HG00735#2#CM087888.1:28407279-33712571	3619549	3751337	131788	0	0	1553956	f697439164a97e154f9b9d5c5ff805b246cb85d71a5e7375fef8c8b81bee3ae4
HG00738#1	HG00738#1#CM086647.1:28420303-33517291	3553126	3652200	99074	0	0	1444789	8363c1ef3fd765a1d9aa1d3ec6078434323ebccb7061bbf7844e48c6afde5986
HG00738#2	HG00738#2#CM086684.1:28399019-33553590	3551292	3689438	138146	0	0	1465134	c822b1504e73f7ec11f36ba4a90e024fde281099b0ff0ef17a1b299405c2422c
HG00741#1	HG00741#1#CM087899.1:28395234-33528259	3561953	3693771	131818	0	0	1439255	0528f98f9194d49149611d3f30648b13fee67adfa403353afc63d273ff94dc21
HG00741#2	HG00741#2#CM087911.1:28428150-33619756	3617898	3749690	131792	0	0	1441917	7cb20c84ddec5fbe3521f1fba09fe774d9e624ad401ec830799232fb2cccbfb0
HG01071#1	HG01071#1#CM089116.1:28400399-33605490	3508189	3639976	131787	0	0	1565116	363db24cc7ebfc4fefe57ddd4bf274bfb46d67bd392c1a30ee1019b76bc26237
HG01071#2	HG01071#2#JAHBCE020000004.1:28353469-33512869	3561228	3719382	158154	0	0	1440019	e60d75414c11867ba525d92d572f6fc0ce30560d9ba121ade673da0e6b403a8e
HG01074#1	HG01074#1#CM088786.1:28385433-33531927	3538005	3676168	138163	0	0	1470327	b1c757741079ea9e37ef86b3ab733ce00e29ca4ac395ec43459475517d8cf3ed
HG01074#2	HG01074#2#CM088812.1:28367163-33616085	3553327	3685134	131807	0	0	1563789	a90aa34d2467bc0a2bc7c1e3b31b8b1498ad248d643a612edebdeac1c98192c3
HG01081#1	HG01081#1#CM088567.1:28461361-33570671	3500089	3670994	170905	0	0	1438317	39de947286df29d78240f7c981b85ef26c80bef336dbf148f726e08218a9e64c
HG01081#2	HG01081#2#CM088583.1:28313947-33411923	3504615	3636403	131788	0	0	1461574	479b42277ba18fe7967a6978938a9049b5253759c9b81f94e36dc0c7c589f79c
HG01099#1	HG01099#1#CM086260.1:28473499-33727222	3558144	3689931	131787	0	0	1563793	261a3e2ab450b1206cc888bba6b25d7b19a040e7f193caa6b808fdcd5458c367
HG01099#2	HG01099#2#CM086271.1:28372897-33623240	3553631	3685439	131808	0	0	1564905	c3a5fa388140d8535ce61e46ce462ab56f8e420154d283386fb7edeb825403cb
HG01106#1	HG01106#1#CM087952.1:28365981-33527455	3614816	3720214	105398	0	0	1441261	0fba65261113c8ed407ce34449a8b34b10cae98af566f8782753d1bb95906d0c
HG01106#2	HG01106#2#CM087965.1:28447447-33606093	3611955	3717353	105398	0	0	1441294	acf88dc3bae7129ceb142a5fac0951ccf781c0af7cbcbec0d37e9ef20777ebe0
HG01109#1	HG01109#1#CM092087.1:28385979-33527092	3618991	3757145	138154	0	0	1383969	833ff8041a77160e60f059c26f6e5e4268c81cb043af43a3a36455f5cfd674ab
HG01109#2	HG01109#2#CM092075.1:28375676-33512099	3553646	3685444	131798	0	0	1450980	d982a1a6f0565319e1db9f0d0679d478a3ba36353e74319ef44ead9c449014f8
HG01123#1	HG01123#1#CM089083.1:28404843-33659990	3554392	3692549	138157	0	0	1562599	09c65922b4f466f15f9159630568d73d22bc0a782befc2951b45fcbf224ec643
HG01123#2	HG01123#2#CM089098.1:28415807-33563460	3543398	3681552	138154	0	0	1466102	c838d86a6a7d6d181825d3397fed0e182dc249cce1ba1c2998a9d10362cfce16
HG01150#1	HG01150#1#CM088598.1:28377562-33536105	3548758	3686907	138149	0	0	1471637	f119e9550d2336c80666e87b49de7df295e8255695f599a1be5a5e03ba0019c9
HG01150#2	HG01150#2#CM088614.1:28600391-33807062	3622058	3760216	138158	0	0	1446456	390e3ff5cfa90250765718d826e9cff9709885abb5a6bf9597d3426a57aa7aa3
HG01167#1	HG01167#1#CM094528.1:28408993-33550950	3455615	3587414	131799	0	0	1554544	be6d7f49a44c45110629d1cf993e0c054a93117735a3c0f804ce07e034682ff4
HG01167#2	HG01167#2#CM094543.1:28383235-33548638	3563172	3694957	131785	0	0	1470447	4161fc35ad0848d2d14ce4fe8c7cd633e6ecccc5e705562f870a272d8dc0ba42
HG01175#1	HG01175#1#CM087925.1:28388857-33560219	3562251	3700414	138163	0	0	1470949	ce3bae98cb5b7918e2bf013aa5662e62a7b284df10888eb47d19136e9fefe9de
HG01175#2	HG01175#2#CM087940.1:28426263-33594671	3566926	3698718	131792	0	0	1469691	0b40d0587171f0cb5618682159f9144da92d8580e39a499dc93bd51b97c0704b
HG01192#1	HG01192#1#JBHDVI010000008.1:28423245-33497113	3553305	3691458	138153	0	0	1382411	506053ef211be763f28caf2a5fe9c5736adb0c247098542a19ac8c805b6c284f
HG01192#2	HG01192#2#JBHDVJ010000035.1:28425182-33556403	3560312	3692111	131799	0	0	1439111	be6d7f49a44c45110629d1cf993e0c054a93117735a3c0f804ce07e034682ff4
HG01243#1	HG01243#1#JAHEOY020000051.1:28395858-33529902	3554682	3686473	131791	0	0	1447572	ce8423328ec25de77e43f4129ef47e69fb88fde20d4b67e3aa41968dd4f6201b
HG01243#2	HG01243#2#JAHEOX020000061.1:28429017-33652180	3619653	3757799	138146	0	0	1465365	0ceec4aa69320331005029dbece0419eaf93fa72cb547c238a77f226501474f4
HG01252#1	HG01252#1#CM088824.1:28394713-33593325	3506201	3644361	138160	0	0	1554252	4e28bd146a3a8a938932c859202faa7baeac7f24db418a3a409e72e075f6f3ce
HG01252#2	HG01252#2#CM088855.1:28339611-33537772	3505945	3644122	138177	0	0	1554040	11d76891a8b4a0ef2cf08232dfef01a05eeb12087e4695c7224bd8691a56e624
HG01255#1	HG01255#1#CM086707.1:28387912-33538917	3553259	3685063	131804	0	0	1465943	d4a251751de09f427ce60e3030e6e15463a63961983d1b1fce82ffb7d9b9dec2
HG01255#2	HG01255#2#CM086721.1:28434597-33610529	3552771	3690932	138161	0	0	1485001	3a9c8dd541f7a454ed5bb53b8c00858cb0dc39753d5a3b384994b5cbbea712e1
HG01258#1	HG01258#1#CM088113.1:28436863-33569447	3555930	3687729	131799	0	0	1444856	21fb91646fe5ddb6870b218aa1d1402cfac8a5a7a5a0e40413c53d5b178a4bdc
HG01258#2	HG01258#2#JAGYYU020000010.1:28495340-33647216	3562260	3694047	131787	0	0	1457830	ad35ed1c655389d5e5ddcf7f9d0ac3f291fecdd7c0130434d824655ba98ca74a
HG01261#1	HG01261#1#JBHDVG010000007.1:28479273-33732193	3559213	3697376	138163	0	0	1555545	d6990950912d70c0c8553585a6989c2685f808721c9a54929aafe01d4cec92d5
HG01261#2	HG01261#2#JBHDVH010000044.1:28397284-33514117	3563740	3734625	170885	0	0	1382209	37b498a80f4b6f9e99469c0c068ddce6c4f0c82923267209e23d156c10840528
HG01346#1	HG01346#1#CM086588.1:28433990-33540363	3503980	3642145	138165	0	0	1464229	8cb07239eb411942541d65cdac42e4a2a4e7c937c3bea70460d7a0504aa3b6f1
HG01346#2	HG01346#2#JBHDSS010000002.1:28289708-33434702	3560188	3698359	138171	0	0	1446636	45b153083e30d69af6cd618cb6d99e0a49ec5e2aeb93373769eee66c305fd61b
HG01358#1	HG01358#1#CM089055.1:28447322-33645210	3505962	3644121	138159	0	0	1553768	7cc12fb21c25372da24b5df102c21448a820a9a60a15be66c34f10c5c2b3302e
HG01358#2	HG01358#2#CM089068.1:28448274-33504819	3477932	3609699	131767	0	0	1446847	35ab43c87e221199326b284c2f80efe7f26228d8b2f9df7af948fd44e5ec075e
HG01361#1	HG01361#1#CM089024.1:28417386-33535858	3545059	3676868	131809	0	0	1441605	ce0981502bd1aaa41287ca9fd876155fc4bf6761e24af4a5ee7cf2662ee978a3
HG01361#2	HG01361#2#CM089040.1:28439662-33687433	3552256	3684064	131808	0	0	1563708	84df8ea2e02d50cd40d52edfd119f214b2b8a47e75f46ae89e352f0b7fffe333
HG01433#1	HG01433#1#CM086483.1:28472310-33714767	3549949	3688107	138158	0	0	1554351	1943590adce9678a118afe38025ab2462ed69b179ec040df2912f7f42226903d
HG01433#2	HG01433#2#CM086511.1:28432606-33680115	3551846	3683633	131787	0	0	1563877	d2c6a2f72b83122d51e1fcc94ae5aa00b8705dbf0fa854a701cb9b2d51355e63
HG01496#1	HG01496#1#CM086373.1:28374305-33527298	3552543	3684341	131798	0	0	1468653	659d8b9c52c0e3a8d556d5907b250ca5a51e37a44d489de566321ee2b3ea93de
HG01496#2	HG01496#2#CM086388.1:28388376-33615208	3501627	3672515	170888	0	0	1554318	cd62233411e81b2144f660eebaa17b446ba8298b15c06330783eb55e7fe0554b
HG01530#1	HG01530#1#CM087536.1:28292231-33446470	3552622	3684421	131799	0	0	1469819	0891c10307a0e08827cd8f0e9b07281609350dfa73cd1a6d00c9bb43181a87b9
HG01530#2	HG01530#2#CM087560.1:28372601-33566242	3497864	3629651	131787	0	0	1563991	21ed17fc52f5d623563f200d38a202c89bcdc494c829c9016f0e3036d8a67066
HG01784#1	HG01784#1#CM087570.1:28443802-33693813	3554282	3692431	138149	0	0	1557581	c8601441da65e8bb1f81adc0bec01cc171ee802baf32ebf7e3c64123f027258e
HG01784#2	HG01784#2#CM087597.1:28389780-33578100	3502039	3633827	131788	0	0	1554494	2559d4d2298910e5462d7fe7e2f8096fc5f4eea9c31dc56c5256b8c4768f76b9
HG01786#1	HG01786#1#CM089504.1:28430581-33555976	3549143	3687297	138154	0	0	1438099	5152f582915f1e75c7331548061a8aa50ea66242569aba1db4fab6ec5ffa8b25
HG01786#2	HG01786#2#JBHIIX010000001.1:28291277-33427374	3559439	3691223	131784	0	0	1444875	fbefcdae0a972d03483d298422455f9b3b3d9cd888d071285deb8aa5289e284c
HG01884#1	HG01884#1#JBHDSB010000050.1:28364997-33565662	3624984	3756776	131792	0	0	1443890	8a6e61166fcc4b55af8f59bee5a2b5b575c49f68f0687faecaf5cca49bc25b3e
HG01884#2	HG01884#2#CM086422.1:28486017-33727367	3620273	3778401	158128	0	0	1462950	9e12ed6351388154d5e67c493df890100bbff774e32cbbcd7563cfe3440e824f
HG01891#1	HG01891#1#JAGYVO020000076.1:2900811-8125517	3621624	3753436	131812	0	0	1471271	c03d4d8fd95e4c3eb5da117b4e4d39fb7d8e3b648738dc3e4d23e35c65be5aec
HG01891#2	HG01891#2#JAGYVN020000007.1:1681129-6883010	3619377	3751161	131784	0	0	1450721	efa3b0ac204e677e33bde01d38c852b5c89f044255bfa2f99d680bb909a5100f
HG01928#1	HG01928#1#CM088988.1:28420054-33667363	3554832	3692982	138150	0	0	1554328	437131c4832b54748046540471e152b709a226ba05996a1383e019ca303edeeb
HG01928#2	HG01928#2#CM089004.1:28358676-33609094	3554943	3693217	138274	0	0	1557202	21db0febdb47ca2de9eb664efc74a7a2330d9b86145059955ee1a2849bf16257
HG01934#1	HG01934#1#CM088840.1:28381638-33543037	3553869	3692027	138158	0	0	1469373	a269bbc3528eda343fcf8428478d9233e9b9a42fbdfd246f749e1fe2235eef29
HG01934#2	HG01934#2#CM088881.1:28393788-33621610	3547164	3672597	125433	0	0	1555226	b58d07f29c658937b928710dc915826588af4fa6fd6d9c4a85f3f10f615384bb
HG01940#1	HG01940#1#CM088633.1:28416533-33550847	3544916	3670352	125436	0	0	1463963	63656e70a3f7e7c59fc188c319795f2986c097684f0d66ae966e9289581a9653
HG01940#2	HG01940#2#JBHIHL010000009.1:28391811-33519262	3554376	3679820	125444	0	0	1447632	269b5a728597da2ace39c8661a31a75bb09aa948e845357c3905e734dbde3b53
HG01943#1	HG01943#1#JBHIIK010000008.1:28388608-33634739	3553582	3691741	138159	0	0	1554391	bf92f25494aaf4a209e8e60ae4ff64794ecde325eed2a68cea1deb0516555c95
HG01943#2	HG01943#2#JBHIIL010000059.1:28384336-33527821	3454707	3586520	131813	0	0	1556966	45759dd1d91b447a8a553a6477ae85a80b7f70a3fbcada2d512cfaf2ede2727e
HG01952#1	HG01952#1#JAHAME020000003.1:28509779-33725990	3625037	3750467	125430	0	0	1465745	f92462478e9dd25671732ded6e7acabe19847e770dc256a9d8af978fc2f0ca82
HG01952#2	HG01952#2#CM087999.1:28438146-33670995	3546769	3678541	131772	0	0	1554309	680228fffb723ffc409f604d4ad83aea420273ff2066a568b32d085c8374349d
HG01960#1	HG01960#1#JBHIHM010000013.1:28299727-33553963	3559855	3691639	131784	0	0	1562598	952e1c904ca2c318985ff08810db058eada6fad0a8bada07a24e8f864c70f65e
HG01960#2	HG01960#2#JBHIHN010000011.1:28515170-33644789	3552594	3684388	131794	0	0	1445232	d47903cbc2d5f773574f2fcf290a318d02aa6c1f1d65aae55656e113ef56fa00
HG01969#1	HG01969#1#CM088687.1:28438493-33684979	3550845	3682653	131808	0	0	1563834	3c86504c8a20f9a08b4d89f59fc578e5e34277545d16244c72f40e72cc17ac66
HG01969#2	HG01969#2#CM088699.1:28424697-33581502	3555126	3686929	131803	0	0	1469877	1a63835ceed8b70ba0b01b5205ca60c1e1c59aa2e91b6400db3f6a6ac5763d97
HG01975#1	HG01975#1#JBJUVS010000062.1:28446168-33791199	3620554	3791442	170888	0	0	1553590	2ea3dab5fdacce7e63ba4c6639eb33a59e5f2c470d089a0d03e18cc277432e53
HG01975#2	HG01975#2#CM099812.1:28391516-33619784	3547046	3672491	125445	0	0	1555778	e79c40073c2c657b4e5568dd14ddf3fc3bb04524ea715bbe38c000b14517e25f
HG01978#1	HG01978#1#CM089247.1:28385214-33602216	3619729	3751520	131791	0	0	1465483	e34a6dfe5a96f4c4ac05737c563d06385462ce6b87303bd02b2e9695c64bf35d
HG01978#2	HG01978#2#CM089273.1:28354032-33630223	3549466	3720303	170837	0	0	1555889	1b47a60369b0201ed890312cb783aefe49e5fe6e5d6c6532eee9cd22ca55ae3e
HG01981#1	HG01981#1#JBHDRV010000009.1:28410315-33655950	3552965	3691119	138154	0	0	1554517	b78e4476bb714c5509e6d0d309cb8b91f705392d89536f5b014a891f1d3b34cd
HG01981#2	HG01981#2#JBHDRW010000010.1:28410780-33681446	3545408	3716292	170884	0	0	1554375	7f78d4a9db51a7211411e214caadcd56e27ab515c12a0b8eabc419955f5e6066
HG01993#1	HG01993#1#JBHDSL010000047.1:28406826-33615858	3611774	3743577	131803	0	0	1465456	148783b30f2c95fef789b2225581e212344ae91fb042d086f781eccb84660ce7
HG01993#2	HG01993#2#JBHDSM010000062.1:28431770-33594269	3560904	3692707	131803	0	0	1469793	0579bcf996998dacdfaea7f4255b64de3baba5cd56eb6dbac2b5ea976f04ddea
HG02004#1	HG02004#1#JBHDRT010000003.1:28425702-33656904	3549735	3675175	125440	0	0	1556028	656fa9bee0fe3b09b9f46f083a11ae68a2edc3612d0651d8dd877b0a27daf550
HG02004#2	HG02004#2#JBHDRU010000054.1:28359862-33635123	3548027	3718907	170880	0	0	1556355	86ac06d9b4a5dae32c2519020470e0b91eb0402cbdf0570e42bd923c665ae2c6
HG02015#1	HG02015#1#CM085893.1:28402846-33586394	3554005	3712167	158162	0	0	1471382	31da7d834fce5024e4e61468117e0048c6d28e5566e7e80638755173bcc39ab5
HG02015#2	HG02015#2#CM085899.1:28383446-33717143	3623873	3762036	138163	0	0	1571662	add5977914804ea4d1547c6135c2000d7322e9c77f9052765b0fd7159ca5a4e0
HG02027#1	HG02027#1#JBHDTX010000002.1:1623368-6786940	3557755	3722288	164533	0	0	1441285	2c2ed11ed48763d4e1e9ca274f35b93ffd74ff03c1d3781da578ed86351481cf
HG02027#2	HG02027#2#JBHDTY010000008.1:1623003-6755193	3554543	3686311	131768	0	0	1445880	a29274964095d9c6444464e9950ca79126f7aab483bd40f1ce84f99a68fa5411
HG02040#1	HG02040#1#CM087376.1:28407779-33615862	3618871	3750653	131782	0	0	1457431	717a700ed3c310a5a3247192d56fb560e58ea6ba0fde0eb6e15d572096da1c8b
HG02040#2	HG02040#2#CM087404.1:28421077-33661960	3553297	3685097	131800	0	0	1555787	825b2b083b056ce32ea1bbcee229f2fbc27f0cf36651ce5ea7ce100164ff06ce
HG02055#1	HG02055#1#JAHEPK020000065.1:28422841-33550861	3618701	3750494	131793	0	0	1377527	9972c0cd3ad9f26d1b83bc582cd7e5a42a684b1b0ba95cce05c144454347f8c2
HG02055#2	HG02055#2#JAHEPJ020000062.1:28297948-33346879	3504905	3610303	105398	0	0	1438629	cf82b0752e665a6b9e271d2801a40894960832c3d6fcd1b34b9f121e3700eb81
HG02056#1	HG02056#1#JBHDVC010000047.1:28415946-33618338	3621047	3759206	138159	0	0	1443187	6e38ddfabc434b537485865f6d75ffd0cf6a007e45ed337b4c4575a15bd0e23a
HG02056#2	HG02056#2#JBHDVD010000050.1:28353386-33462193	3527996	3666166	138170	0	0	1442642	472504ae584dfae4b8c389bf5a354eca62810370c18e5f596a79988eb751a466
HG02071#1	HG02071#1#CM088260.1:28423541-33557862	3553479	3691628	138149	0	0	1442694	087b1c787dcba3c5d3b5f846828cc99d9b8122d7743ddf157453f4c2101b15f0
HG02071#2	HG02071#2#CM088283.1:28360932-33442152	3507010	3638795	131785	0	0	1442426	cdb6c14258179cd632400e034a502c582be04b144928586501f8818875e62c70
HG02074#1	HG02074#1#JBHIGK010000076.1:28344776-33475569	3552159	3683956	131797	0	0	1446838	99e3e93439f91acfdc41d04d20821a5faa7ceaa6d5e8a16dd226181ea778dd3d
HG02074#2	HG02074#2#JBHIGL010000008.1:28378730-33632643	3559932	3698111	138179	0	0	1555803	5c96a5da38e8382a78a0784feda0613389b7ef9e5ba2bfbdfd88086b9eb77000
HG02080#1	HG02080#1#CM092061.1:28425542-33593192	3623313	3728710	105397	0	0	1438941	28142eb6fd22c5a270f66ce669f131aec05016479ec1f869b620fe4ee20be580
HG02080#2	HG02080#2#CM092047.1:28460929-33706794	3550711	3682467	131756	0	0	1563399	640d55bfa7b21fa102a2d06fceac744bd0843fdeacdc81134b47447231b3aadc
HG02083#1	HG02083#1#JBHDTV010000048.1:28371858-33537852	3553644	3724516	170872	0	0	1441479	18a7f2315844e9db12a5291a42e6e99f1f2efb4ccc1fd0efff843f0cef369505
HG02083#2	HG02083#2#CM086965.1:28472527-33711689	3550723	3682516	131793	0	0	1556647	83a26791985e29f36fcf3dc2b8546b4ce9243f7690b19a9fece40a089c4d5e40
HG02109#1	HG02109#1#CM092161.1:28294553-33395631	3502660	3634458	131798	0	0	1466621	7572b560bece08a566b29b4ffb5a68b4ef9f9792158b4d60f26f7a7c8e368b18
HG02109#2	HG02109#2#CM092147.1:28420239-33580817	3633455	3765243	131788	0	0	1395336	7b55495f9b0c5c6f4b470ac33f96b22c801357f705b5ba9cf19335afe2a7b8c5
HG02129#1	HG02129#1#CM085849.1:28352001-33545967	3616314	3748111	131797	0	0	1445856	bb2f5dd5bed0930b84036c2b4c1b867e6c5e681a5c1c003201e091b16b90d883
HG02129#2	HG02129#2#CM085860.1:28366606-33493917	3502531	3640690	138159	0	0	1486622	bca6bce17231194a6f21bd2fa966347f5ff3763a2a77df30a5f515d0aaa4ff8e
HG02132#1	HG02132#1#CM086897.1:28372349-33619790	3552192	3690372	138180	0	0	1557070	ff2cfea7a6e0c3b5ff7fb51f42f3b2cd7ec2d991f7593c81b49d52754128918d
HG02132#2	HG02132#2#CM086908.1:28367828-33688656	3618842	3750607	131765	0	0	1570222	4baad4d9188a2aeee8a0d68b12ca783919e6479edd3d8a3f7ce912431d7b8f74
HG02135#1	HG02135#1#CM088309.1:28410959-33520604	3508002	3639795	131793	0	0	1469851	fd0903979b5c76b10d0c09e4d9ca323c85681a664ca6a6166a71eba6a87a2475
HG02135#2	HG02135#2#CM088319.1:28377765-33615244	3549795	3681589	131794	0	0	1555891	06f31bbd2824be9ea5e115cd59364ea38f3edc7625bf1f9d4c93fc0412e9577a
HG02145#1	HG02145#1#CM099672.1:28303733-33469758	3561076	3699238	138162	0	0	1466788	a206607261e46f9dd39fad6279a3b1d2e4ea1e7ac482df4ff2b504285480df03
HG02145#2	HG02145#2#CM099657.1:28376784-33593129	3617812	3749617	131805	0	0	1466729	9a6e66ef34f4086c3dfc6a466ea85e8ac3d8efe277c1671f08e4ce738296ba30
HG02148#1	HG02148#1#JAHAMG020000062.1:28379085-33505835	3553695	3679127	125432	0	0	1447624	42e90c9a9ef8e0ca5b323e3f0cfe5d6da0126dc5d8c38ca10c8f186c3a1e331b
HG02148#2	HG02148#2#JAHAMF020000005.1:28427628-33536175	3560969	3666364	105395	0	0	1442184	2b401c5019071aed56143b5bbaea9f0895ab69373e1381acfbdca02db14cd5ce
HG02155#1	HG02155#1#JBIECB010000043.1:28423029-33561929	3564159	3669557	105398	0	0	1469344	7fd09070525b905d8ad75f2ee4a34850934ed8a587d41791850060823793bd66
HG02155#2	HG02155#2#CM091924.1:28362729-33591130	3619300	3757447	138147	0	0	1470955	77cc18ba7cbae3643d0ac2cd60502dc856f9bd251e1fda0ab8fc603cdfddb0b5
HG02165#1	HG02165#1#CM087444.1:28424290-33561901	3547454	3685606	138152	0	0	1452006	2ae443e09147411faf49e28fa81599fb3fb304a2feb47b8495c4fd4b6953d5c8
HG02165#2	HG02165#2#JBHDWX010000045.1:28431174-33561779	3551997	3683794	131797	0	0	1446812	998aa8011e56f2ae3433753b90060a7bd0d19327a20761b06bb1769325e33b8d
HG02178#1	HG02178#1#CM089925.1:28399752-33646110	3558779	3690580	131801	0	0	1555779	330750e87ac8f35f27cb45362e511668eaafe06c679f50c9acff5f1c1ecdf1e0
HG02178#2	HG02178#2#CM089938.1:28370915-33566694	3561523	3726151	164628	0	0	1469629	ed0645dc31ee3b5e3bf2a7eafc825263df7534fd3598da870baac8729cdfa753
HG02257#1	HG02257#1#CM089221.1:28424772-33551966	3549988	3688130	138142	0	0	1439065	36e5600f0684d580464c37cf4ce0d093dc517def16706dfd489ebef134a46171
HG02257#2	HG02257#2#CM089260.1:28471160-33602067	3547536	3679327	131791	0	0	1451581	82cb2eb02f994a6a4756a1bb62d4f3af25932e27a0ddbe8319726a1c7b6d0e31
HG02258#1	HG02258#1#CM085826.1:28431405-33595237	3558988	3690780	131792	0	0	1473053	f748c6d5b55ab3615a78d0dd10fa4de12eb29f611c141336421748d7578a3045
HG02258#2	HG02258#2#CM085837.1:28401788-33525465	3554562	3653634	99072	0	0	1470044	63762bd0484781fd841fcf1aa24f5691c689b3df34ea32f1cfd737803b4aa47b
HG02273#1	HG02273#1#JBHDVQ010000050.1:28386453-33633535	3554274	3692421	138147	0	0	1554662	3579a6ebdc1bac99b50a420229c915a286ea98a552dc50d9563c31d596efccfa
HG02273#2	HG02273#2#CM087034.1:28375859-33514787	3554793	3692940	138147	0	0	1445989	184c4b5bdeee34b6c5046e67fc5be080f711d17543bcc3230be48576d48b5c5c
HG02280#1	HG02280#1#JBHDRR010000050.1:28462941-33680751	3622784	3754549	131765	0	0	1463262	e776c12a72f93984a7014b5014eaa5c31d37e3c113f6954bf68ffc22bcf7a230
HG02280#2	HG02280#2#JBHDRS010000063.1:28438025-33473174	3454159	3522495	68336	0	0	1512655	66a1f6c9c7b44eb1093837626f8208290fb99250c96ad30358179d7adff15198
HG02293#1	HG02293#1#CM086249.1:28376541-33683950	3613017	3751184	138167	0	0	1556226	c10f703b5e1f714394b4575dcf9842a87c9bbc3ae9d36f0fec958126ac0cbe93
HG02293#2	HG02293#2#CM086237.1:28436443-33671517	3549472	3681285	131813	0	0	1553790	9ddd29d4ede66edbd069dfbbd5ab72b29f37d12ca83ab51a58c0c1f7831c988b
HG02300#1	HG02300#1#JBHDSD010000065.1:28384265-33632330	3555524	3693675	138151	0	0	1554391	e0a2fccf56a41303c1e30594e7c5440331734e22a777bb2c14b53cebfe405005
HG02300#2	HG02300#2#JBHDSE010000015.1:28383936-33525808	3454211	3586021	131810	0	0	1555852	b1b633c777444437d9c44359e790af8cf3e1748ec1ac56431bf40fb768fdd9e7
HG02391#1	HG02391#1#CM087584.1:28379784-33548956	3566574	3698374	131800	0	0	1470799	aba367dae11e4df228f5a796b32a8592d93a81cb8290dfbace05eb12f8a53da3
HG02391#2	HG02391#2#CM087613.1:28373481-33549853	3565299	3703460	138161	0	0	1472913	712880168d8276cf125c07e6651e11b200068974477ff6646a48a2443cb2e7b0
HG02392#1	HG02392#1#CM099882.1:28340512-33566823	3565755	3756719	190964	0	0	1469593	11c4cc29b295f0269cc1f80ead91f890c289baa83111635a5aed2d6168193430
HG02392#2	HG02392#2#CM099892.1:28378060-33485526	3505248	3637044	131796	0	0	1470423	4f9e9f62e94fbf85daa82bcc675cc3a8925d1bd5d295f9f4d6b612010419304f
HG02451#1	HG02451#1#CM086202.1:28416438-33496141	3502857	3634649	131792	0	0	1445055	bc2c35c5a837c1ce3e60319a0db4779a7322487ecf1b81ce764a671c47f6e66b
HG02451#2	HG02451#2#CM086226.1:28455260-33610103	3551764	3683556	131792	0	0	1471288	beaa1cb9d847be13b956cfcd05303f4c5b2f3190f708f97feecda7222cd7c184
HG02486#1	HG02486#1#CM088195.1:28400032-33557891	3554955	3686708	131753	0	0	1471152	6a32a0703a340d043bf8f35a0906966b11c9b7de346316444acb79c35fb17c07
HG02486#2	HG02486#2#CM088219.1:28305765-33500079	3619686	3751488	131802	0	0	1442827	95d8f062e6cfd94c4f1d6e1c83305258f50f97c251d2400b23589ae23d3a3332
HG02514#1	HG02514#1#CM098732.1:28373958-33711051	3614328	3772476	158148	0	0	1564618	4390be3e29fcb2651fe7af5bf5bfac161cb888ac36571564f47a172cccf2c304
HG02514#2	HG02514#2#CM098748.1:28370171-33533737	3557826	3722360	164534	0	0	1441207	feb2f477c5ed2eda468a415974c6caf607c87c3d591ad95e2c2a4aad404e87fb
HG02523#1	HG02523#1#CM086922.1:28564085-33712113	3558884	3690670	131786	0	0	1457359	5b250f266230a3126783fe72b15824b554eb90395dda97d46fdfd8ed8011bcc4
HG02523#2	HG02523#2#CM086938.1:28380315-33619374	3551480	3683285	131805	0	0	1555775	e19c3a6b1f5b0d9523bf47d4ee7d62abe23d8151a406f3805deedf52e0888d23
HG02559#1	HG02559#1#CM088234.1:28438650-33681676	3551296	3689455	138159	0	0	1553572	aad364929102234c7dec497b6ad184521dcc7aeff49d2724306dc5c8f9103837
HG02559#2	HG02559#2#CM088248.1:28392101-33544670	3550275	3688446	138171	0	0	1464124	8762533b5ce0740a7a7bbb3674f0d5461bd4679134859fc525cf7f6f33f019b4
HG02572#1	HG02572#1#CM088155.1:28443542-33635020	3618768	3750536	131768	0	0	1440943	628c6b3c93c9ab2828913f359445dce1eb635e10e43362f71c568486e54c7e99
HG02572#2	HG02572#2#CM088173.1:28510650-33610925	3549120	3654543	105423	0	0	1445733	fa0af0e881b1638bc128bb7482523cb4c098858691ee60e898bcfa0163632971
HG02583#1	HG02583#1#CM089490.1:28310454-33519991	3619008	3750801	131793	0	0	1458737	f970f7604225cb1f2b5ae6cd56d108484ac0e961323f03b2064959a05444525e
HG02583#2	HG02583#2#JBHIIV010000002.1:28450971-33556797	3549989	3655417	105428	0	0	1450410	8d00d5e889d1b2fea91443d1878697ec3f2a7cb4986a348baea63e127da0c2de
HG02602#1	HG02602#1#CM099687.1:28473876-33718939	3549814	3681574	131760	0	0	1563490	dbe3344d466e144df514dc20d106dc4e8644bdca0ac9d3c9b1e46b7257fde4b6
HG02602#2	HG02602#2#CM099701.1:28378684-33507166	3544296	3682461	138165	0	0	1446022	9efb75682271540456fc7baf9188c1d1de58b14ea9804e6edd178dbefb0e2142
HG02615#1	HG02615#1#JBHDSZ010000007.1:28292880-33505607	3617938	3749702	131764	0	0	1463026	92fe535a95c3af64e2ed0a22650fdca22986b649a49bc8ab0b7b5f6108891d39
HG02615#2	HG02615#2#JBHDTA010000044.1:28450215-33517590	3491682	3560010	68328	0	0	1507366	e39d4cfccfcb60099af959d7ca38c626e4fd192225c803717ca77cd54acb38e4
HG02622#1	HG02622#1#JAHAOO020000001.1:28509085-33851733	3620893	3779041	158148	0	0	1563608	7c49ca58a417b647df8e9868f623a2f4539320200e6649d84e7c3efd2a0b9c29
HG02622#2	HG02622#2#CM088099.1:28439700-33655942	3539774	3645188	105414	0	0	1571055	f212232f46eec0f15514d212b8d751fb187f4325f24d78b437bca7def837cdbb
HG02630#1	HG02630#1#CM091809.1:28389334-33629412	3549306	3681068	131762	0	0	1559011	2850f379fb8ab43ee188dcbf34eee580a45d235926dc22814c8908d64772686d
HG02630#2	HG02630#2#CM091740.1:28323618-33574655	3561527	3693318	131791	0	0	1557720	79f0f0f7e40a432d1babba0bad4f796c0f2e01bdc917f71615dbd83720556219
HG02647#1	HG02647#1#CM086559.1:28392022-33525944	3554544	3686337	131793	0	0	1447586	050ee1c337181f25164fb8896970853af060477bc25ee80127d6d47dfa4f6b0d
HG02647#2	HG02647#2#JBHDSQ010000039.1:28453965-33628541	3502381	3607771	105390	0	0	1566806	b560d5440d3bd19f628de70d5d9a4be8b2bcedbee0c563dbb696b1459cba51d8
HG02668#1	HG02668#1#JBHIIC010000010.1:28453356-33594908	3549000	3680765	131765	0	0	1460788	0d692022c36083182a73115ca76c09aeeba9aa2291c9c2c54c17e07a0cf4b63d
HG02668#2	HG02668#2#JBHIID010000047.1:28501762-33634486	3554851	3686653	131802	0	0	1446072	129948c6fb75f61e6b17896c5b427bd35c4fa3070bd16906518b8185a658213c
HG02698#1	HG02698#1#CM086825.1:28387663-33565022	3548744	3706989	158245	0	0	1470371	de46f07fd523129aabca134260fbf3ce6f5b3fef6e42e017d1516ae3511515a0
HG02698#2	HG02698#2#CM086846.1:28436213-33571880	3552497	3690651	138154	0	0	1445017	0218eeb90d8fd863dd06814a64fb5f55711bf36271f58f74a6c8e69543eb28b6
HG02717#1	HG02717#1#JAHAOS020000006.1:28453373-33608309	3557008	3688787	131779	0	0	1466150	7e8d2b901f80f6b39a60b7a4029689d7291720ebc3e07473a8aa24aeb4c64fa8
HG02717#2	HG02717#2#JAHAOR020000010.1:28390930-33657668	3551744	3709902	158158	0	0	1556837	f0b44044ad2a8126f9603f61d60e65d205a803f3235f150be879d0c45b5dd994
HG02723#1	HG02723#1#CM092031.1:28492941-33618283	3552326	3684123	131797	0	0	1441220	6672e2b95298820e826e8918b9762d7daf1ff22e48af1c6e6e39d2eeac6b03e3
HG02723#2	HG02723#2#JAHEOT020000028.1:24121290-29433497	3617809	3749593	131784	0	0	1562615	db2a85c79bd42e50542c0580291b00c53a3191ffa2942780e1e06123b62f0514
HG02735#1	HG02735#1#JBHIII010000062.1:28453541-33709307	3558223	3690008	131785	0	0	1565759	db3439554bf979432de828518917acd7dd0a857e259749cc1f5aa0693f266429
HG02735#2	HG02735#2#JBHIIJ010000060.1:28392355-33560534	3623287	3728685	105398	0	0	1439495	b7af82d500502b74e43df13b1fbbbb7916e252587350642e43d5f70095c3b3dc
HG02738#1	HG02738#1#JBJXQJ010000012.1:28448720-33571060	3550050	3681947	131897	0	0	1440394	2e32e2ec03f991c1621962a985158a6ae68fa2b6b5134c1ff9bc6d89e8e8e3a1
HG02738#2	HG02738#2#JBJXQK010000005.1:28378589-33465078	3488678	3646836	158158	0	0	1439654	c0c8d82be4f8e14ca2325c6d19d8e2ef579b6ed41104dabb144d7c492624f74e
HG02809#1	HG02809#1#CM088345.1:28415797-33540379	3551557	3683349	131792	0	0	1441234	f1acdded37d1d90183afaea1dd7f38e7cf160b85205bd480efb4aa896dd01889
HG02809#2	HG02809#2#CM088363.1:28447535-33684835	3552664	3684449	131785	0	0	1552852	ea8c003fdfc7d8f6c19cb4a3e7ed177e5d1d1bf2751709e2452da5859ade4ce0
HG02818#1	HG02818#1#JAHEOS020000050.1:28390726-33610396	3621281	3753086	131805	0	0	1466585	7456914b11a38885b079cd3ae5594f2898c14fc9a0b2c83586cf5091be3ebe42
HG02818#2	HG02818#2#JAHEOR020000002.1:28395424-33521433	3552226	3684018	131792	0	0	1441992	1819fe67f3f5161bffbddc5bc7c65ee2697c930d6beb6c21995c4507f80dbe73
HG02841#1	HG02841#1#JBJKOG010000054.1:28472700-33602015	3550668	3682459	131791	0	0	1446857	04969125eedd539a7dfea85d19946bca84c8a5b9a88c4c3e09e30019f41facc7
HG02841#2	HG02841#2#JBJKOH010000051.1:28480911-33779808	3612858	3744650	131792	0	0	1554248	5b8f73285d37ac2dde5435a67562eca51a6ff752d945f446671049eba847af67
HG02886#1	HG02886#1#CM088086.1:28449049-33579727	3553941	3685730	131789	0	0	1444949	0fa8dba0b5d243a36e2f331b0b42e98aac053373cca1080feb53cf90abc4bd8e
HG02886#2	HG02886#2#CM088127.1:28408235-33704386	3629229	3734662	105433	0	0	1561490	42a4252d623b85a2bf0cd78100b6211d5c5751395a1194ac851927e4c4b37059
HG02922#1	HG02922#1#JBHDVO010000050.1:28463778-33607859	3550836	3682632	131796	0	0	1461450	d15ec8dc28f59eddd759b31c9e7e90adac6d728029eab9128d52b76721604309
HG02922#2	HG02922#2#JBHDVP010000048.1:28393533-33529937	3622293	3754080	131787	0	0	1382325	123bec71cf1924188706c982828e66ebec9924e30b307a4ed0c8dbb5bf7ea933
HG02965#1	HG02965#1#CM087346.1:28413853-33616010	3622748	3754552	131804	0	0	1447606	a9e8e3d56fc9149f927d013b9badf41a500513e33e30bcee963c1e457f2a3bbf
HG02965#2	HG02965#2#CM087389.1:28497212-33562374	3550994	3682781	131787	0	0	1382382	5e07a3b2aa3b45cecb2f39ba8ee253edb6c5feea89c24be25bf5423ba22a1eb6
HG02976#1	HG02976#1#JBHDVW010000052.1:28458918-33596444	3562767	3668184	105417	0	0	1469343	ca3128eaf7521062b4b50d9dc07af1ab239cb2cb893ff32a4ba76bb66d0e2153
HG02976#2	HG02976#2#JBHDVX010000061.1:28449910-33601091	3556301	3688068	131767	0	0	1463114	4d9463fecac7a888b3065f8199eeca2231858be0513269bcdccac421b2debd7d
HG02984#1	HG02984#1#CM098791.1:28424082-33554288	3555631	3681055	125424	0	0	1449152	d6df927ba6fd700ced8efbb68cb7d598bc9dd5abc3c59ff240697ecde22173e4
HG02984#2	HG02984#2#CM098805.1:28288416-33435352	3556068	3687859	131791	0	0	1459078	cbac369f8627285917e8424c65bff670b471682d6b682a0f268629cb5c45c708
HG03017#1	HG03017#1#CM088912.1:28366322-33354914	3501564	3606982	105418	0	0	1381611	f3c652dc70c329c42c772dad2a2e25703a67c9e94ca88ff0c5d4b0a32fb1786d
HG03017#2	HG03017#2#CM088928.1:28386890-33518406	3562682	3661721	99039	0	0	1469796	3955542fe294710d372bdb8a7028c4877327de7c6461ccb1c3fedcd99c1ce026
HG03041#1	HG03041#1#JBHIHQ010000010.1:28523162-33664914	3627591	3759378	131787	0	0	1382375	a4b62349981ea3dda2986070ff75a69aa1f690cbfed16aa4db5b3f8b07a678bf
HG03041#2	HG03041#2#JBHIHR010000035.1:28469379-33626082	3556436	3688224	131788	0	0	1468480	f452c6dcc440f7cc2857dbf289965ba813eeeb3fe6bf3680fad7d98f01ac9be0
HG03050#1	HG03050#1#CM098763.1:28357910-33541888	3494271	3626071	131800	0	0	1557908	74b2abb9657848465c995ccb8fb40c673b42a321a063ba169812e8b66c71a562
HG03050#2	HG03050#2#CM098777.1:28436251-33634749	3619316	3751126	131810	0	0	1447373	f907024ea02935fc8aaa47e81004c03e44d6faa495e79bdf047d23747469ca81
HG03098#1	HG03098#1#CM092231.1:28431361-33758681	3619304	3751098	131794	0	0	1576223	d073bf0950f81dbab793feb61b7d928aac1dc418ebbd0d40bc22fade371f5122
HG03098#2	HG03098#2#CM092219.1:28417176-33625650	3549274	3654706	105432	0	0	1553769	89e2f1fcd1deaa57a9a7ee23cdeeba609a6690fe486495d4d51e0174b1bb4817
HG03130#1	HG03130#1#JBHDWI010000052.1:28368259-33497302	3550909	3619245	68336	0	0	1509799	66a1f6c9c7b44eb1093837626f8208290fb99250c96ad30358179d7adff15198
HG03130#2	HG03130#2#JBHDWJ010000015.1:28300492-33501344	3620830	3752615	131785	0	0	1448238	bc02e8cb7f201fc502b9be3ec9bb441843e2af25e40a3daa8ae06aa1b031822f
HG03139#1	HG03139#1#JBIEBX010000038.1:1708286-6750584	3552029	3657447	105418	0	0	1384852	7e6cc45fa557b20a1a6f592c841d6af9eb151ddd3d6a2c7f1af435a4640d4a4b
HG03139#2	HG03139#2#JBIEBY010000006.1:1675799-6810645	3549157	3680945	131788	0	0	1453902	d3713074e5b1fdd5f1bc20a7edc207054f125d2116ebc564055ec4023bc7959b
HG03195#1	HG03195#1#JBHDVU010000053.1:28475373-33604548	3550992	3619328	68336	0	0	1509848	66a1f6c9c7b44eb1093837626f8208290fb99250c96ad30358179d7adff15198
HG03195#2	HG03195#2#JBHDVV010000014.1:28451324-33606358	3554562	3686352	131790	0	0	1468683	51e9be56dba89b65e5171c46a1b0fbc7dd5305a711fa2437b4401f9b1954bbed
HG03209#1	HG03209#1#CM087213.1:28462168-33702122	3554539	3686322	131783	0	0	1553633	2d832da00355566129a6c7995ba4b85c77164517b655ef041ab100220e350fd1
HG03209#2	HG03209#2#CM087231.1:28521401-33595827	3544214	3675991	131777	0	0	1398436	aab4912a3b0ace53a8db61f9c7f6cc1251ea306329bb50fe225f6b2c720c669c
HG03225#1	HG03225#1#CM089301.1:28387857-33521155	3557074	3688827	131753	0	0	1444472	aee89ba54ab8d0a61e55105d48420dde9b9666068cf9df9c76cb94f202cd0aca
HG03225#2	HG03225#2#CM089317.1:28460302-33665041	3622013	3753805	131792	0	0	1450935	dfafa043c3c5835ae743400e64f3211ec2f6ee304ef28588bb38cf8939805ac0
HG03239#1	HG03239#1#CM088748.1:28379983-33543593	3504559	3609982	105423	0	0	1553629	4f960f9f31ee5e7e86719c350bd0a31256156423c57a9c042f1a2bdd7c543941
HG03239#2	HG03239#2#CM088761.1:28289569-33563315	3551665	3709813	158148	0	0	1563934	e0497a91ef0a6298f013b30d32a7618202334fcd926b229cde96a2f18f47bdd3
HG03270#1	HG03270#1#CM089901.1:28457303-33619918	3560662	3692440	131778	0	0	1470176	f17580a61f8a257e946c5af124fe9730e8a952661a2f5c5a0a926a677c3d4ff7
HG03270#2	HG03270#2#CM089913.1:28461664-33600109	3561752	3693544	131792	0	0	1444902	bc2c35c5a837c1ce3e60319a0db4779a7322487ecf1b81ce764a671c47f6e66b
HG03369#1	HG03369#1#CM094384.1:28448143-33595830	3567255	3699052	131797	0	0	1448636	a978bc8999252f88c301509a2818958635b423147cca2003c65721d5a892bb05
HG03369#2	HG03369#2#CM094359.1:28412805-33626591	3617450	3749211	131761	0	0	1464576	a23715d8cd101f603009fcd5f8ced3aed15c226fd0e6e860c0e615a47b0d9b9f
HG03453#1	HG03453#1#JAGYVW020000075.1:28403120-33611389	3519258	3651062	131804	0	0	1557208	242cb16a5efcbbb08e7102ec1e234903e6cd941dc8c28de347e249a07ce6b754
HG03453#2	HG03453#2#JAGYVV020000081.1:28470880-33567163	3548865	3654259	105394	0	0	1442025	718e9e3ef5bce748c694024869f41586f83de7771a621bda98cb48fbca1017c4
HG03470#1	HG03470#1#CM091822.1:28475508-33736647	3547053	3678841	131788	0	0	1582299	0f934d96e2b601e2740c3db600b96f2245042db4465b6ffe3f0627bd8267baa9
HG03470#2	HG03470#2#CM091870.1:28404010-33497478	3494227	3626027	131800	0	0	1467442	111457fb180d5f69c8f9e3bbc17190e2aaae2863365f98792e6d887b33ae83d8
HG03471#1	HG03471#1#CM087523.1:28468339-33683868	3519466	3651266	131800	0	0	1564264	8478a16990cf3aee241819010e0eb5e49999592960c3818dd087818a99b82a64
HG03471#2	HG03471#2#CM087546.1:28512656-33707046	3619769	3751572	131803	0	0	1442819	861bbbbeb0df4b9c601d8639466c0f284afc6c21d6193b309bdb91e585e9a302
HG03486#1	HG03486#1#CM091974.1:28459101-33585338	3551601	3683401	131800	0	0	1442837	a2e8ad6eee5c19f7875d475d97affcd974d619b845f7f0a17146da94596ce077
HG03486#2	HG03486#2#CM091960.1:28459830-33596099	3555378	3687169	131791	0	0	1449101	d14fd18e9ae45f8e5af61084557d3ba5c1dfb42de0c2e3bdcd47ccca4e49e3ad
HG03516#1	HG03516#1#JAGYYS020000049.1:28451043-33589535	3561639	3693436	131797	0	0	1445057	20134865fa7beb9c148bcd1ed008aba9184ba84d23f19c1ff850e71f22f05da7
HG03516#2	HG03516#2#JAGYYT020000030.1:28478688-33696340	3618171	3749932	131761	0	0	1467721	096984fc5650dba6fd4416bc7f5e8d30e623081a9da52ebc0a4de51c4a1f4ac4
HG03521#1	HG03521#1#JBIREF010000004.1:28517918-33642180	3548094	3679890	131796	0	0	1444373	b212f77a21438d2f4d4339f308d8deb72fd776268e07a47908126ec4b12899f6
HG03521#2	HG03521#2#JBIREG010000058.1:28429727-33569421	3550206	3682002	131796	0	0	1457693	076e83df6032d7011a2361be049f1ba57984d6afbf25aabd4ec73c765bb48c34
HG03540#1	HG03540#1#CM088050.1:28448847-33686414	3622072	3780226	158154	0	0	1457342	63ce3d05b5fdc02270d928a195c654860e4cd2fe17d91fc232e93b0c496aa462
HG03540#2	HG03540#2#CM088063.1:28474762-33566125	3553760	3691939	138179	0	0	1399425	a4b8bad8853e4a6bdddf7c8122ff53c986e4d7e0d429f3cbcb44dffed3b09151
HG03579#1	HG03579#1#CM088945.1:28415698-33501766	3511394	3643190	131796	0	0	1442879	ad918f9586a75e61be66e2d18d0c38b3bfa9b6de33bf89654438ed04d1b0d415
HG03579#2	HG03579#2#CM089288.1:28450187-33638583	3608917	3740715	131798	0	0	1447682	9a6424a88d34ca89da40f3cdf1079d702847af13d28d25377ea3eddec68838d4
HG03583#1	HG03583#1#CM089881.1:28309910-33645117	3627970	3759741	131771	0	0	1575467	761149345e613762a65fe695caeb701946873df962433f3b9c1bc89737b02fa2
HG03583#2	HG03583#2#CM089891.1:28443100-33514916	3552956	3684743	131787	0	0	1387074	123bec71cf1924188706c982828e66ebec9924e30b307a4ed0c8dbb5bf7ea933
HG03654#1	HG03654#1#CM086836.1:28373117-33516554	3560787	3698941	138154	0	0	1444497	e1292a2b066cd339e7520ea4c1ff7a12c6ccb52ae786ed7eb43b13124243b948
HG03654#2	HG03654#2#JBHDTO010000045.1:28372677-33498093	3552776	3684672	131896	0	0	1440745	3aab33ff1261b43d1d7be5fbc83e1d6736ad0af7fdb7e003e666b7388c8c1007
HG03669#1	HG03669#1#JBHDTD010000072.1:28410266-33591784	3555206	3693365	138159	0	0	1488154	d790fcac73cec6dec42109e7e00cc12df972bebe333875e48345f36a70f2195d
HG03669#2	HG03669#2#JBHDTE010000046.1:28389062-33618253	3537349	3675507	138158	0	0	1553685	c64a3ffc5903bfdb8f3497d2b65731cc29ade48a9fca934d1fa725b0282bb8df
HG03688#1	HG03688#1#JBHDTJ010000054.1:28390921-33637286	3554951	3693232	138281	0	0	1553134	dc5bcfd30e9f33cc9f74cde7f1dbcef8b1e97e05a2d244eefd03c1a1cec375fe
HG03688#2	HG03688#2#JBHDTK010000054.1:28442317-33604941	3553989	3692144	138155	0	0	1470481	d2f9181d945f677238388a7b90cb5906a7d590ec845997166aad5a5b8fecb3fd
HG03704#1	HG03704#1#JBHDRL010000035.1:28385510-33544273	3561517	3693328	131811	0	0	1465436	8d237dcb5c455cc62f1674a72684f0c5d506be15484eec8dbe5c656030c43dfd
HG03704#2	HG03704#2#CM086190.1:28367307-33613199	3550853	3682612	131759	0	0	1563281	a900d6b770cc20a7651884dab59824dc5cca460299041d1f9299768a4e0d8a32
HG03710#1	HG03710#1#CM086869.1:28406453-33664140	3554647	3692809	138162	0	0	1564879	c66edb8e3e09324467a5b4745025d0525fab2d35890fdcd8dd4b8424c9316803
HG03710#2	HG03710#2#CM086882.1:28406463-33546644	3557490	3695733	138243	0	0	1444449	7e4ec9a62193c860ffd2ac80644090eedc60704a6f2ee67ff7320968d391c1f4
HG03742#1	HG03742#1#CM087628.1:28422273-33665592	3550596	3688755	138159	0	0	1554565	71d9f6844c272842b88ac15f825d4438956b33192b8f1a83e5332ac03906ed85
HG03742#2	HG03742#2#JBHDXM010000003.1:28462365-33593791	3541011	3672798	131787	0	0	1458629	35c57b7e5d2208db2ace31704a9602d8b0eeca47131f60e7da401461f2f6df70
HG03784#1	HG03784#1#CM094174.1:28377153-33515338	3555536	3693812	138276	0	0	1444374	dcfab9dc93437b8d1075d5b4612017c8c3c2b7f0ab84697b718a75d1dfa5e971
HG03784#2	HG03784#2#CM094203.1:28433118-33600593	3557480	3722085	164605	0	0	1445391	d57203beaa22cfd27adf77ef21b30e0f1c02048faa7e518888d27279f9987404
HG03804#1	HG03804#1#CM088331.1:28384562-33565798	3551690	3709935	158245	0	0	1471302	65f1143315da28dbfaa0d6cec49a14bc5e228c49f800a49acdffb6117deb2c53
HG03804#2	HG03804#2#CM088379.1:28362365-33467265	3501774	3633530	131756	0	0	1471371	950b0af55ab07ccd4e7b8967846f6dd878667b89bd4b59ff3c3e5e8defacca2f
HG03816#1	HG03816#1#JBJXWF010000049.1:28427684-33714593	3563964	3722117	158153	0	0	1564793	7c12f78c3e9f2255d0a889dc703018a6a514c4258e9a6019be48efac4240f0cf
HG03816#2	HG03816#2#JBJXWG010000046.1:28406441-33636019	3621664	3759818	138154	0	0	1469761	55c738424327114370b95f7ce957636fc4f0da90fe591814f6de04eeb6db3582
HG03831#1	HG03831#1#JBHDSN010000045.1:28374864-33602539	3617859	3756049	138190	0	0	1471627	dc15371f1f2ee3ab18af01d9af82dd905357f3cfe9362ce48ffdc1fd732708aa
HG03831#2	HG03831#2#JBHDSO010000065.1:28430318-33704666	3621302	3785903	164601	0	0	1488446	e1806ea754be0fbb3e44e111d62a75f084c63a343e124f28b8a17f78c5400c6e
HG03834#1	HG03834#1#CM085797.1:28395320-33703328	3613245	3745029	131784	0	0	1562980	21e09e3919a05ffec34033a70cdfacac5a3b53ef9f752659314ac668d2305da0
HG03834#2	HG03834#2#CM085813.1:28455324-33598071	3540917	3672694	131777	0	0	1470054	c485d197c84fc0e7dc2b1d6b321cd6b8c260da1efeca946b513b0eb91d69f7a7
HG03874#1	HG03874#1#CM089432.1:28353581-33507962	3550896	3715523	164627	0	0	1438859	a66db6fc124f93107df0274d2aef9ab780e3459d0e89fd00bbe1157ff34f4733
HG03874#2	HG03874#2#CM089475.1:28434562-33680043	3550627	3682386	131759	0	0	1563096	90b6d6757cb4be253b179482da21862396673218b109ac38021229b91e6cb4cb
HG03927#1	HG03927#1#CM086636.1:28465203-33551033	3502177	3640407	138230	0	0	1445424	e184fc89766cbc2858a07c3f0979de18f351b6c58f296c9eb35c8c1778b83598
HG03927#2	HG03927#2#CM086659.1:28395712-33710667	3619069	3750830	131761	0	0	1564126	da2ca5931ae2595602efe51f794380e0670833dcd748ec9d04390d8dc5c452c0
HG03942#1	HG03942#1#CM088393.1:28271517-33427607	3553860	3685730	131870	0	0	1470361	cc508231fbe7f98ebd1f0d7f29a7eb6352859864bff72e1c91625f4b20bd0183
HG03942#2	HG03942#2#CM088404.1:29036351-34210946	3545372	3703613	158241	0	0	1470983	58b7b0ae161555d488b93a9fabafabf0b504a6e7337834fc25aa1d33a3d403ee
HG04115#1	HG04115#1#JBHDTF010000057.1:28438850-33586926	3558240	3690028	131788	0	0	1458049	0dc73e8c618c93812c52c5dcb641b59f829430d4abbcb4ec6bfee5491c5f0b8a
HG04115#2	HG04115#2#JBHDTG010000049.1:28423339-33670470	3551982	3683739	131757	0	0	1563393	c5bde4ec8bc6c84e8a0f557fdeec54a094168aa323e143a4a4d4414a9f278e65
HG04157#1	HG04157#1#CM088414.1:28397949-33735050	3615830	3773986	158156	0	0	1563116	90aa3ec55225c86a86f4fca1fe38e0a77a809b9d6aa824b1c7a935bddb96ddc7
HG04157#2	HG04157#2#CM088438.1:28355512-33488875	3539795	3645218	105423	0	0	1488146	b03de54c78ed80234574c5ee1b0527666e43e53503dbc6cbd7c4a984d3a4819e
HG04160#1	HG04160#1#JBHIGW010000016.1:28356435-33564314	3618795	3750582	131787	0	0	1457298	70d022300973aa20145975b1051ed38a76fd2ee403d8382237d1a9213839ccc3
HG04160#2	HG04160#2#JBHIGX010000055.1:28422741-33644744	3618917	3750722	131805	0	0	1471282	ca3caa9d9d9af7205ea2651ce764e720f3d02a6759453d0d9ed5ccda3fdac4ac
HG04184#1	HG04184#1#CM086460.1:28371226-33616523	3550097	3681858	131761	0	0	1563440	da2068b7addc2a5d471bfda2a49f5ae03145aafab2dce1da63006f754d85342a
HG04184#2	HG04184#2#CM086472.1:28433511-33770331	3614318	3772471	158153	0	0	1564350	e3dce142abb69de58fe81c6abc527b9a0de9a6fb11814c7f52423fb588e17608
HG04187#1	HG04187#1#CM099742.1:28415864-33609347	3620845	3752741	131896	0	0	1440743	3aab33ff1261b43d1d7be5fbc83e1d6736ad0af7fdb7e003e666b7388c8c1007
HG04187#2	HG04187#2#CM099756.1:28400738-33533288	3555899	3694065	138166	0	0	1438486	3910ec5474837116d6b013cfe20c957790d61515c67a81d68635f3f4c481bad1
HG04199#1	HG04199#1#JBHDTH010000059.1:28382492-33668076	3623302	3728700	105398	0	0	1556885	b7af82d500502b74e43df13b1fbbbb7916e252587350642e43d5f70095c3b3dc
HG04199#2	HG04199#2#JBHDTI010000015.1:28378462-33549536	3563416	3701583	138167	0	0	1469492	d95a4c4f29b60fa2264d764dbe4dd1354b7c2d97ee2136ab80a4adcca17f6639
HG04204#1	HG04204#1#JBHIGY010000015.1:28376780-33510758	3507008	3645201	138193	0	0	1488778	ccd5c38f861565430b9cbbc9734376d52c9ea93a227db6b4604557f26e1a11d2
HG04204#2	HG04204#2#JBHIGZ010000014.1:28378310-33624751	3550538	3682313	131775	0	0	1564129	bdf312bcf8eec3031f597836d6a2be4595d29d5108a44959344b726b4404c72a
HG04228#1	HG04228#1#CM088480.1:28407255-33566968	3550607	3688778	138171	0	0	1470936	da3d39c617b1e6cfc5f14a54ccc2c64a4da6c65a211bcc19470f4674ad100e2b
HG04228#2	HG04228#2#CM088508.1:28466048-33622943	3549175	3687411	138236	0	0	1469485	50468994702ff31ca22b6e7a88e19136efd836caf6c0c47206c96613d25275f0
HG06807#1	HG06807#1#CM101400.1:28463683-33619551	3554091	3685873	131782	0	0	1469996	e353658064635005a2b54b867623e3c58b489ce3e9e033e537daf4c4a6aa249a
HG06807#2	HG06807#2#CM101434.1:28441503-33631596	3621105	3720169	99064	0	0	1469925	526d3bdfadc6caac1238d640b12b47fa0343e8693b317f7d9720c0ac1a7ab4ea
HIFI032007D#1	HIFI032007D#1#h1tg000073l_0_0:608286-5760441_rc	3546287	3710822	164535	0	0	1441334	e34e812a55589c9b4ad59b17f07132bbcf8233b2f21c43a48a6c0df413583023
HIFI032018D#1	HIFI032018D#1#h1tg000037l_0_0:304267-5382862	3506272	3638066	131794	0	0	1440530	9f0a6547cbd91f272b1e739c9559a67e6f3b677e3a6e111f69fb828f63ff1b9b
HIFI032018D#2	HIFI032018D#2#h2tg000056l_0_0:307668-5563326	3553254	3685016	131762	0	0	1570643	be9ceffb533256cff8eb0412b67ddf00e9ccd094d3a2299d2de300689a6dbb00
HIFI032069D#1	HIFI032069D#1#h1tg000026l_0_0:610788-5743677_rc	3560640	3692462	131822	0	0	1440428	44cbcb51f6f760087f52ff88577fe8b5f56def306f4b3d36422d13c151acacd1
HIFI032069D#2	HIFI032069D#2#h2tg000171l_0_0:608783-5720475_rc	3455971	3620570	164599	0	0	1491123	2ca6a343eebf8d7ccd8f689e2b7d4a9acba6b81789722b0b7a27a7ea4fb6e4fb
HIFI032097D#1	HIFI032097D#1#h1tg000023l_0_0:611330-5798061_rc	3608917	3740703	131786	0	0	1446029	e5117f118cf6cad73bd20bd5f0d78812abc0be784e7d569d5f334d9f5e44ccfd
HIFI032097D#2	HIFI032097D#2#h2tg000077l_0_0:609524-5764255_rc	3552990	3684880	131890	0	0	1469852	7ab26cde7b7c8b558b133a9449e5a6e924f389ac0a1a02c5fc51dcbe821c03f7
HIFI032103D#1	HIFI032103D#1#h1tg000059l_0_0:611631-3016887_rc	815095	946888	131793	0	0	815095	a0c63449d08c3f535c10ff286a21a8f200e3097a4a6bc3817e365fb29e266add
HIFI032103D#2	HIFI032103D#2#h2tg000045l_0_0:303195-5607722	3618789	3750576	131787	0	0	1553952	843f85869da91ca303efe4b234007693a1af5ec4ec3aac80e39072ab0a1aeec8
HIFI032161D#1	HIFI032161D#1#h1tg000029l_0_0:607863-5752234_rc	3564073	3702231	138158	0	0	1442141	df3dbc74f3a66abcaa608f460437ccfb5a6835e95ae030bc8e630388ccde51d9
HIFI032161D#2	HIFI032161D#2#h2tg000024l_0_0:611651-5758120_rc	3560773	3698932	138159	0	0	1447538	e88406334afe71c024ed597fb9fc221b3720cd599ef72fcf20b1a52a2039da5e
HIFI032164D#2	HIFI032164D#2#h2tg000476l_0_0:107-368968_rc	192191	363087	170896	0	0	5775	177b45ab74c3d4f3d520139573a128b0ffbff7ad6e55c6cc20ce39996168f96a
HIFI032167D#1	HIFI032167D#1#h1tg000006l_0_0:609993-5773840_rc	3558060	3722578	164518	0	0	1441270	75a2ef7c52d89460bbc5747acb32f98f3a8e6cab83e184845d2bacc0c428f3fb
HIFI032167D#2	HIFI032167D#2#h2tg000184l_0_0:578-3410834_rc	3154042	3318560	164518	0	0	91697	75a2ef7c52d89460bbc5747acb32f98f3a8e6cab83e184845d2bacc0c428f3fb
HIFI032182D#1	HIFI032182D#1#h1tg000062l_0_0:608743-5774270_rc	3561559	3693352	131793	0	0	1472176	58c4f75fadcc0232af64a061c047f1a417782ced8c5d8e8bbf1428b4841eecd3
HIFI032182D#2	HIFI032182D#2#h2tg000020l_0_0:304162-5451064	3545113	3676877	131764	0	0	1470026	11276c101ac939e5ea2a866f11b61b1ea970077bc9bb2cf52540f7de0a8506be
HIFI032289D#1	HIFI032289D#1#h1tg000057l_0_0:611762-5895636_rc	3549232	3713835	164603	0	0	1570040	b8b09e58506477bc6ab299ea499c8ccb9ecb6c0426b884cb8cabacf2e54c4a7a
HIFI032289D#2	HIFI032289D#2#h2tg000050l_0_0:302987-5547842	3552947	3691117	138170	0	0	1553739	2d805209e324daffcd7f98559fa11adca5bf582b818c79ef673029477934768e
HIFI032292D#1	HIFI032292D#1#h1tg000202l_0_0:610779-5026306_rc	2835620	2973782	138162	0	0	1441746	f002c2ab411582ce35c1f6588eabf50bd230465024a9060efd9156ee2e5a169c
HIFI032292D#2	HIFI032292D#2#h2tg000202l_0_0:301746-5442974	3561494	3699657	138163	0	0	1441572	b9403fa37c816ecf044578344d46af6ae20183f2d1a90b9d9fd8838228a27e95
HIFI032302D#1	HIFI032302D#1#h1tg000118l_0_0:546-2591024	1077274	1209069	131795	0	0	1077274	a74cd76b3baf1ba5a9f654314b6916143912d5ef45b8f24e01972782b5603425
HIFI032302D#2	HIFI032302D#2#h2tg000125l_0_0:607201-5502153_rc	3350115	3455510	105395	0	0	1439443	08770d229e88699bf917f5665e997e0cc390334c34ff5c350d852931a4737f11
HIFI032306D#1	HIFI032306D#1#h1tg000062l_0_0:611306-5769353_rc	3550866	3689020	138154	0	0	1469028	5da57da261c9c28e909a7f461ef230430d39036c926895b3858f6746f0d890d3
HIFI032306D#2	HIFI032306D#2#h2tg000068l_0_0:608736-5852116_rc	3549797	3687979	138182	0	0	1555402	9b4ed8798cbd808d17688cc3b1a9cfc535f2c63a5d88105b73b663cb13443f8a
HIFI032335D#1	HIFI032335D#1#h1tg000010l_0_0:301759-5500911	3504447	3636227	131780	0	0	1562926	df3ee45cb0b2daaac1c3d281580cdec1bbf6721fa812ea8edff387795562f62a
HIFI032335D#2	HIFI032335D#2#h2tg000219l_0_0:2273-2943040	1647786	1785948	138162	0	0	1154820	41c35c699516d034746e1f5c619aea0227c5c01f713b90a20671892aaa39aab9
HIFI032349D#1	HIFI032349D#1#h1tg000020l_0_0:301733-5566658	3562372	3694169	131797	0	0	1570757	a801a4cb10fb3459d663803e579a1fe0978ecc0f671f989ccf2dbff677620afa
HIFI032349D#2	HIFI032349D#2#h2tg000060l_0_0:608410-5739806_rc	3555099	3693280	138181	0	0	1438117	b80b6a616fb02d46a0887c25f9113a961d16bc5f63df117a4d1b268c0691503f
HIFI032373D#1	HIFI032373D#1#h1tg000049l_0_0:608867-5740038_rc	3551627	3683427	131800	0	0	1447745	79da2c6a8a08f23588e38dce299a0bc232d3c053b6f36cd7f9e337b3275f0064
HIFI032373D#2	HIFI032373D#2#h2tg000139l_0_0:112-485361_rc	212289	350454	138165	0	0	134796	c561e9cf10a9fce5555ecf37e7df121b7124f6e86985174117eba6be34c0a0b5
HIFI032420D#1	HIFI032420D#1#h1tg000074l_0_0:303007-5500336	3507807	3639602	131795	0	0	1557728	2a3fbb8aec4089ab8c034cf595bfdb486b7fe085aa5f34d3912a0eeb042c6fd1
HIFI032420D#2	HIFI032420D#2#h2tg000028l_0_0:302171-5561704	3556255	3688019	131764	0	0	1571515	d46ab241e461729c7df516db39814cfaa13542ad426e37a736c43ada2d576b7b
HIFI032422D#1	HIFI032422D#1#h1tg000015l_0_0:303813-5358931	3503225	3608652	105427	0	0	1446467	676f3fff11f32204a0fae1beb5a5224b3e989749839738c0ce5b576f1a3b2e27
HIFI032422D#2	HIFI032422D#2#h2tg000138l_0_0:303022-5459818	3559212	3697396	138184	0	0	1459401	734aa080e13749c3b96d91d787ceebbb4df1c60caea5644cbe43248fe50f33be
HIFI032429D#1	HIFI032429D#1#h1tg000176l_0_0:611631-5819632_rc	3553547	3718091	164544	0	0	1489911	ce86ee459ee85dfbaab1bb2868c549007e63efc964a07a084f7b21cd0062fed0
HIFI032429D#2	HIFI032429D#2#h2tg000236l_0_0:366-3775085	2193876	2332052	138176	0	0	1442668	2ba9f9575299c16f8f80c4919a734d340ff9b796ef57f6280114abaa14823f75
HIFI032440D#1	HIFI032440D#1#h1tg000035l_0_0:610298-5756202_rc	3561142	3699288	138146	0	0	1446617	19c3a8efe4d4164fa6b6f694ab919b0a8d099e14e030cdcfb3c4ba3f55ff7b91
HIFI032440D#2	HIFI032440D#2#h2tg000090l_0_0:301809-5292738	3502930	3608344	105414	0	0	1382586	1a022492fefec8266d9c13dd42e22bd0d4e1d147687fe94bd8dfa549ae715aad
HIFI032450D#1	HIFI032450D#1#h1tg000008l_0_0:301757-5443675	3564052	3695843	131791	0	0	1446076	306dd99e433443d1a9638e38d8205fd0909220e4c9edcbfd0b23e20d5999c79b
HIFI032450D#2	HIFI032450D#2#h2tg000141l_0_0:744-4499104_rc	3552586	3717183	164597	0	0	781178	5dd5ef7917531d9eb6f7ae048502630001b78eb13a2bfe3c2557b1c7b15824fb
HIFI032453D#1	HIFI032453D#1#h1tg000016l_0_0:608084-5737533_rc	3550774	3688947	138173	0	0	1440503	b00725bb0d9668faea2b0d615f651d2dc152f7396af10b4ad1966b5cde42e00d
HIFI032453D#2	HIFI032453D#2#h2tg000022l_0_0:611013-5690080_rc	3493211	3631366	138155	0	0	1447702	678cbbe79185545270f7c9bdf8d603fa34d36371d1d34a3465482704381a7050
HIFI032454D#1	HIFI032454D#1#h1tg000050l_0_0:610949-5688146_rc	3505013	3636803	131790	0	0	1440395	9dd6774145bdd1c030c356cee7e661ec449611afbe57dddc7310c389b27c93a1
HIFI032454D#2	HIFI032454D#2#h2tg000014l_0_0:303195-5343983	3495580	3600978	105398	0	0	1439811	db5cb5a533a73384301001dae10e3b33eefde5a5e4d18abba4d632b94b449fab
HIFI032462D#1	HIFI032462D#1#h1tg000018l_0_0:608249-5847965_rc	3553634	3685454	131820	0	0	1554263	425993a7dd0598d44eda9d6e4286cc2934b9fe1114aafbe8cbf95c83097fc619
HIFI032462D#2	HIFI032462D#2#h2tg000305l_0_0:304337-3862556	3500605	3543218	42613	0	0	15002	3c6b8c52bfc30f1352e66416f1f5514f4e5afc562eade0eda50298aca8fb7de4
HIFI032473D#1	HIFI032473D#1#h1tg000017l_0_0:611279-5848073_rc	3548965	3680764	131799	0	0	1556031	b60ff2c3923984151d08f8e3ee2bdf3655dda85d631452ed8301d5c8cbc8eb14
HIFI032473D#2	HIFI032473D#2#h2tg000041l_0_0:611187-5777378_rc	3563688	3695577	131889	0	0	1470615	20f3c57914ef7337bdb68fc3252ad8d04c940959d789d53d9190958680e74fbd
HIFI032487D#1	HIFI032487D#1#h1tg000160l_0_0:610978-5805510_rc	3623339	3755110	131771	0	0	1439423	cf5f1c8f369c21870bc4a6549a8dc1c42d9319b779b3dedb4ae9b9a0d52f811a
HIFI032487D#2	HIFI032487D#2#h2tg000061l_0_0:608057-5671065_rc	3549135	3680931	131796	0	0	1382078	c8afcb31686fff69203dcfe99b40c19403d84692d03377f257bc52c0a14073be
HIFI032501D#1	HIFI032501D#1#h1tg000023l_0_0:303660-5553387	3547687	3679485	131798	0	0	1570243	885fbb02dd4b1f0cc50c8e4b7ee7342aa84528e863a64c8e6f81475340f8fd5c
HIFI032501D#2	HIFI032501D#2#h2tg000105l_0_0:441-3022934	1438378	1576506	138128	0	0	1438378	535d7917e27de247aebbf218b69217521048bbec2e636edc56f1566210c06ef8
HIFI032510D#1	HIFI032510D#1#h1tg000002l_0_0:607731-5770322_rc	3555378	3693546	138168	0	0	1469046	4677b755eccc28f15963f2a5d0eee6daf8353142a9f0ccb71757883c07f18398
HIFI032510D#2	HIFI032510D#2#h2tg000003l_0_0:608800-5732063_rc	3538585	3676749	138164	0	0	1446515	ea298ffbf273af270a49f006cec63cd5dc57735fe8f5cdbffda24e16955da37f
HIFI032513D#1	HIFI032513D#1#h1tg000077l_0_0:303957-5592528	3551292	3715826	164534	0	0	1572746	e51676f7a3bd9583a7f8af29224e4724b32d056376bc3214fbc6b322c0b26ffd
HIFI032513D#2	HIFI032513D#2#h2tg000054l_0_0:609439-5765230_rc	3565632	3671032	105400	0	0	1484760	0c49bb19ad661286701a1c68f1bc2e2ca96b5f04a0c78dc1b09a35d8fa29e21a
HIFI032529D#1	HIFI032529D#1#h1tg000121l_0_0:607870-5787538_rc	3552362	3690517	138155	0	0	1489152	99eea8430a6295386f8cc7176a93839e2640a557db2b22af32a358c04d9c1ae5
HIFI032529D#2	HIFI032529D#2#h2tg000123l_0_0:672-2712603_rc	1291798	1423561	131763	0	0	1288371	51712ea12ac08d97672996ed9db12d790d896b40fa71c7ba6bbaa44a3b54f666
HIFI032566D#1	HIFI032566D#1#h1tg000029l_0_0:611087-5707519_rc	3551629	3657025	105396	0	0	1439408	4934664aaa6598423c74b4a1e4a27296c3949549a2d4c3aa689daf0bdd31f5f2
HIFI032566D#2	HIFI032566D#2#h2tg000123l_0_0:610347-5693123_rc	3505924	3637711	131787	0	0	1445066	4ad76c15f9e412f5286ee2cae61579f09c17685c2635ad43ea70e8f628e6869f
HIFI032567D#1	HIFI032567D#1#h1tg000065l_0_0:610944-3834657_rc	1645535	1783703	138168	0	0	1440011	c84d6cc9d0b5a5aff57f467aa99a47c8f7e137d410ef4e81d9ac9fe4905580e2
HIFI032567D#2	HIFI032567D#2#h2tg000021l_0_0:303467-5616058	3615985	3747773	131788	0	0	1564819	b5b1af3f2c40828f117928290c106bb56f690078cf725058048769f0f8983c86
HIFI032585D#1	HIFI032585D#1#h1tg000015l_0_0:608714-5788197_rc	3551884	3716480	164596	0	0	1463004	dcca8e4183cc907a711fa0399f1c371f279a3927d3f5ca24e2201935bd326e13
HIFI032585D#2	HIFI032585D#2#h2tg000251l_0_0:608786-5272448_rc	3061933	3193823	131890	0	0	1469840	866dc49cf3a2cf578bb0483173a8b21efcff0a27b8f8e5db294eaac7030c0f52
HIFI032586D#1	HIFI032586D#1#h1tg000082l_0_0:608380-5862391_rc	3551944	3683708	131764	0	0	1570304	1e1ce87e1a3b4b6c2d9b699341cf921f2f0e962c29018aacfde42935551cb47b
HIFI032586D#2	HIFI032586D#2#h2tg000068l_0_0:610961-5682003_rc	3556815	3688610	131795	0	0	1382433	ceff2dedd123f84d0d8a3f33ba175a058eff0963d86845b486273047dcb2aa84
HIFI032591D#1	HIFI032591D#1#h1tg000008l_0_0:304261-5535645	3544994	3676796	131802	0	0	1554589	df2b1dafef6ad0db5114a7ec32bc690c4400ac152391149acd41429cf3a465a2
HIFI032591D#2	HIFI032591D#2#h2tg000191l_0_0:608144-5628514_rc	3500770	3638944	138174	0	0	1381427	595032703dbe12bf50474be412e73f42489bdb9623ba9d11c32b818fc9cbf76e
HIFI032604D#1	HIFI032604D#1#h1tg000033l_0_0:608804-5838950_rc	3541782	3673578	131796	0	0	1556569	15162c7a9a65f1caf591a1dd1e837dc7125753937e296368303616894001a689
HIFI032604D#2	HIFI032604D#2#h2tg000003l_0_0:608544-5741103_rc	3558531	3690335	131804	0	0	1442225	96cc332a18fff47625384c4eaf14576c3fc8af3160b2c27b028b023d7c9cfa08
HIFI032607D#1	HIFI032607D#1#h1tg000001l_0_0:304265-5604718	3612262	3744047	131785	0	0	1556407	c1098bc4d8becdaa1cb12a19ec602d77c7fe6c3fbc86237fbd26c428e1c75f65
HIFI032607D#2	HIFI032607D#2#h2tg000007l_0_0:611122-5743055_rc	3561360	3666766	105406	0	0	1465168	6fafef21ff1b96858b3200b715a308dd4bb68c684ba4c683ee012b3600de3208
HIFI032662D#1	HIFI032662D#1#h1tg000154l_0_0:610481-5807545_rc	3615510	3753653	138143	0	0	1443412	4c716db4c6a74c77651f2af093d4d7a34d52fc8c02a5cb66fa5602328726b703
HIFI032662D#2	HIFI032662D#2#h2tg000203l_0_0:478869-5255088_rc	3256181	3394326	138145	0	0	1381894	907faa11c0f8db13ac7b3109e460dca881d3efb96f86b182640e7e46f3732b8e
HIFI032668D#1	HIFI032668D#1#h1tg000009l_0_0:611120-5919133_rc	3619961	3751771	131810	0	0	1556243	a58067fda830a67b6f6f18391c7479ac61df96427260c5174ee635e63f9a076e
HIFI032668D#2	HIFI032668D#2#h2tg000066l_0_0:608094-5719634_rc	3503013	3641186	138173	0	0	1470355	c2d9d88a0507673c6330b1924930c22fad1e54423ee344691c537dd1e17eeede
HIFI032682D#1	HIFI032682D#1#h1tg000013l_0_0:608436-5749936_rc	3560472	3698624	138152	0	0	1442877	4102aa13178ab64f88145ed49fbf47bdf3cc7c0c72b16aaa97f70a0ed78154ad
HIFI032682D#2	HIFI032682D#2#h2tg000065l_0_0:608744-5741883_rc	3554207	3686014	131807	0	0	1447126	e67a0ceaf8dad318bf414125e6d3debff41c6a8bc3d0da76835836b27a7ce752
HIFI032685D#1	HIFI032685D#1#h1tg000048l_0_0:302205-5467452	3557943	3722483	164540	0	0	1442765	91e30ceed561d798140f0c938db61760bfb8da76e19c8877a9af6d492cf282d3
HIFI032685D#2	HIFI032685D#2#h2tg000153l_0_0:301738-5322457	3504480	3636295	131815	0	0	1384425	a91134bd0669aef458e5d0e0a233c3dac4f038f59889347ecabd3e491d9acc05
HIFI032692D#1	HIFI032692D#1#h1tg000123l_0_0:303312-5470118	3552892	3723793	170901	0	0	1443014	7b75a0d009589ea950bd56db2908b25e06b64380c640622a8f71f52579498873
HIFI032692D#2	HIFI032692D#2#h2tg000020l_0_0:304295-5612497	3612620	3744401	131781	0	0	1563802	8ab90f1b79da61984b9a11a1af727abb8f5f2094634c6020c0a9a4736ede2661
HIFI032693D#1	HIFI032693D#1#h1tg000062l_0_0:608433-5733453_rc	3550409	3682206	131797	0	0	1442815	156d6078a2024f29e788ca5fe61489422ada93372ada9a462ef7552e0a864da0
HIFI032693D#2	HIFI032693D#2#h2tg000033l_0_0:607815-5813555_rc	3626372	3764525	138153	0	0	1441216	8c43c3ab36a0da340729b9042ed3ac2c20e7a9f4124d9beb90b01c40ab57827a
HIFI032698D#1	HIFI032698D#1#h1tg000101l_0_0:610392-3981084_rc	1791504	1923322	131818	0	0	1447371	804e494813880be4cbd20527c1ea27ad3849aaa593cf65a36b2d7896cb3c3684
HIFI032698D#2	HIFI032698D#2#h2tg000030l_0_0:608806-5742659_rc	3548315	3686459	138144	0	0	1447395	c466bd16a6986f32ade394f0ed7408bac2a2c02902318b82b9de6495240a5fe6
HIFI032706D#1	HIFI032706D#1#h1tg000016l_0_0:611062-5619397_rc	3500790	3626236	125446	0	0	1382100	ca20cca10d2860d66a8df9af7b47dddef3e98c0ee2f839760ea828177c23ae9d
HIFI032706D#2	HIFI032706D#2#h2tg000095l_0_0:607465-5690513_rc	3552249	3684035	131786	0	0	1399014	5dba3435468997e6a5e83f43368781169a0f6814c211298a7dc94e28140115e8
HIFI032711D#1	HIFI032711D#1#h1tg000033l_0_0:609337-5753811_rc	3561523	3699753	138230	0	0	1444722	d332f94c56238b4b13c814f5b7de7ce91228cfd742c1534f2dc06c6993c3633a
HIFI032711D#2	HIFI032711D#2#h2tg000080l_0_0:611264-5763252_rc	3546471	3711004	164533	0	0	1440985	8be91cf5dbfe89e214765dc971015be0f9681837cf65e59bfbba1d1d2f52817f
HIFI032731D#1	HIFI032731D#1#h1tg000273l_0_0:606929-5771846_rc	3561193	3692958	131765	0	0	1471960	994a294ff9dd5922d736696418e78eed3440a3573f189c160ad03097a160cfa5
HIFI032731D#2	HIFI032731D#2#h2tg000012l_0_0:303976-5468014	3557798	3722336	164538	0	0	1441703	af220192db9d9e110b1e5a9c262813432fc3db9899007c48ee32aaff664bccdf
KOREF1#1	KOREF1#1#chr6_85671:28288069-33527843	3552165	3683973	131808	0	0	1555802	ff6b7d94b3b7f26b3913d902beb10f7f94fdf9277cce3cbb2d600bb6d5357e3a
KOREF1#2	KOREF1#2#chr6_93216:28299861-33486856	3608882	3740671	131789	0	0	1446325	83a3a427870786b495e235346affd97b673dc5010abda63c959773bf94da3b5a
KOREF2#1	KOREF2#1#Unplaced_h1tg000017l_2237953:24965590-30159345_rc	3615649	3747444	131795	0	0	1446312	b5fb647f452ba95100da05457433f62d803aa20d13031f66469e56abd640af3e
KOREF2#2	KOREF2#2#Unplaced_h2tg000026l_88481:28271060-33401074	3552621	3690797	138176	0	0	1439218	f8659e5a81753f136f7e56be9617e2beb73e2b04dfe86671e9b7fce068ecaad8
KPanRef-071#1	KPanRef-071#1#Unplaced_h1tg000003l_114042770:24917513-29983750_rc	3552398	3684197	131799	0	0	1382041	c86074a2d4629cb3724e1c10f2d8d61278a5fb54d055ad77498c05378433b94c
KPanRef-071#2	KPanRef-071#2#Unplaced_h2tg000014l_93768:28304957-33536275	3622762	3760932	138170	0	0	1470387	06e80c20a5c3c06078c8e8492cca1746aec9eb95156daecc09e9e744e3c00109
KPanRef-072#1	KPanRef-072#1#Unplaced_h1tg000009l_150514:28287169-33594415	3613054	3744838	131784	0	0	1562409	415ba2e272d6f6ba04314859bc0723491c4577c39409e0d38803584614f0bd7c
KPanRef-072#2	KPanRef-072#2#Unplaced_h2tg000010l_88675:28260606-33499306	3551150	3682954	131804	0	0	1555747	53a757bfa0c04914b7d62463fdf9939a66d84c3290f2bcb8ae31e6b28efedc97
KPanRef-073#1	KPanRef-073#1#Unplaced_h1tg000024l_134765:28276974-33409736	3542344	3674135	131791	0	0	1458628	fb2b41adafab504c82e11959ae3e08bedcf98a57de47e90530b976d9f9a50c1c
KPanRef-073#2	KPanRef-073#2#Unplaced_h2tg000022l_97593:28283212-33436845	3550761	3715358	164597	0	0	1438276	a2eb8e8029f64bad53b1e8774dbd60072242d1ee2d470996003e1450b665c76f
KPanRef-074#1	KPanRef-074#1#Unplaced_h1tg000001l_114533789:24969372-30048015_rc	3502681	3634477	131796	0	0	1444167	30910d79bb6dd9a3b808066c6a55cbe10fc47870d9a36b9739a91a10486810b1
KPanRef-074#2	KPanRef-074#2#Unplaced_h2tg000011l_115279241:24957451-30204750_rc	3545433	3677226	131793	0	0	1570074	6f09d1012f7f75fcff7f983a4046ec12e94cbc6501a1a9404640185ce00ed8f3
KPanRef-075#1	KPanRef-075#1#Unplaced_h1tg000004l_92225:28285449-33448865	3562546	3694341	131795	0	0	1469076	3302bffc0e858c5bb5037237800953ecf0449637fa7318c008012b47b158524e
KPanRef-075#2	KPanRef-075#2#Unplaced_h2tg000001l_113483410:24951192-30017318_rc	3551943	3683747	131804	0	0	1382380	723252a06e25c22fb891cdcd3298ecf42032afdc1f03b8a2889b2b68919002e4
KPanRef-076#1	KPanRef-076#1#Unplaced_h1tg000013l_113155204:24959153-30136228_rc	3551462	3689609	138147	0	0	1487467	e1ee2d5372a701ef177c20f0fca86d1e23aa4e06f8d9c880cf474141cd7bda59
KPanRef-076#2	KPanRef-076#2#Unplaced_h2tg000010l_154444:28276223-33472018	3505310	3643487	138177	0	0	1552309	82ca353817e4e2da070de68415a0c370032650165fede9164bb7b39c5f60de67
KPanRef-076-M#1	KPanRef-076-M#1#Unplaced_h1tg000027l_2825028:24973969-30280824_rc	3612769	3744554	131785	0	0	1562302	1d7bb062e775226acd6b04042cef925cd4179095734d2a348c9dd03c92725cf4
KPanRef-076-M#2	KPanRef-076-M#2#Unplaced_h2tg000025l_2760357:24964198-30160929_rc	3505383	3643559	138176	0	0	1553173	4718cdd902ac34fc6118a1b781c482aa74f96673871b5bd02b073b7e6093ab86
KPanRef-076-P#1	KPanRef-076-P#1#Unplaced_h1tg000017l_88124:28282601-33357961	3555091	3693263	138172	0	0	1382098	04c09ebc018c1a14ba0d42db8d5c1aa9b652bd6bdd3f0fda4822be76fdd69e9c
KPanRef-076-P#2	KPanRef-076-P#2#Unplaced_h2tg000017l_137908:28277062-33454172	3551428	3689575	138147	0	0	1487536	e1ee2d5372a701ef177c20f0fca86d1e23aa4e06f8d9c880cf474141cd7bda59
KPanRef-077#1	KPanRef-077#1#Unplaced_h1tg000001l_137091:28284173-33492210	3544597	3650033	105436	0	0	1558005	d16cefcc305238b79f3f8c8ec93c41403b520cd84667bdc5948f84f5b08032f6
KPanRef-077#2	KPanRef-077#2#Unplaced_h2tg000012l_78944:28291410-33360216	3549180	3687352	138172	0	0	1381455	eedfa8183c0bd5a38e93f0d4d7447ca5c8a960c7bfea644b2be86277d24e81dc
KPanRef-078#1	KPanRef-078#1#Unplaced_h1tg000001l_114758335:24960658-30030886_rc	3458284	3622880	164596	0	0	1447349	1f647b9d3a615a6e526a4cf78d32053d8a79a572f2bda7fb4a3c64ceedf40809
KPanRef-078#2	KPanRef-078#2#Unplaced_h2tg000009l_0:3358197-8522429	3553611	3724502	170891	0	0	1439731	10183feab2883856eedd0ce5671a3216d2784cb338f1bcd32b78729ae0f547f6
KPanRef-079#1	KPanRef-079#1#Unplaced_h1tg000005l_91609:28264818-33599109	3613046	3771187	158141	0	0	1563105	7bc00151b482651b18b94184da4f85a47d27c5d8469ca1f60d4961e43b92a5bb
KPanRef-079#2	KPanRef-079#2#Unplaced_h2tg000026l_4253567:24954773-30064329_rc	3507400	3645631	138231	0	0	1463926	62daaed83cdafe724c90dcee6c8c5d4fc7a8c8b0cb3c5d4cfbdfaa3345039e7d
KPanRef-080#1	KPanRef-080#1#Unplaced_h1tg000006l_134640:28341348-33585111	3551803	3689978	138175	0	0	1553786	dcbb281c2b918e90fb871590be03325de4ebc27714ebb7b2692629cfe76f7f6e
KPanRef-080#2	KPanRef-080#2#Unplaced_h2tg000008l_103230300:24952389-30156782_rc	3541859	3647296	105437	0	0	1557098	7e759bb8aa81b9a31d9bb95a21edc1dbc1269e2e4980115309453b59a12ca852
NA18505#1	NA18505#1#JBHIJY010000048.1:28445967-33542979	3552412	3657845	105433	0	0	1439168	49e610e62e5686ce3614be4ba592946ed48b5231ffa06a9682badc456206ba6f
NA18505#2	NA18505#2#JBHIJZ010000041.1:28452551-33607869	3554488	3686241	131753	0	0	1469078	6a32a0703a340d043bf8f35a0906966b11c9b7de346316444acb79c35fb17c07
NA18508#1	NA18508#1#CM089650.1:28440826-33645342	3626009	3757803	131794	0	0	1446714	c6a7584ee8c0d86edcdc01f9755b425fa80844c42d810d2678e575035454eae6
NA18508#2	NA18508#2#JBHIJH010000001.1:28282775-33492562	3621538	3753335	131797	0	0	1456453	3eb36a67b5efa3b9fc444d7d2ba4fefe44e9a36c358f2d7b51575bb5ab01494c
NA18522#1	NA18522#1#CM087176.1:28457728-33607889	3554871	3686640	131769	0	0	1463522	6dd5bcf82f449f00d55d8ba5f7c2306ea7fa397f701eee4513b51b70eb5e05b6
NA18522#2	NA18522#2#CM087191.1:28461290-33621227	3560716	3692507	131791	0	0	1467431	d14fd18e9ae45f8e5af61084557d3ba5c1dfb42de0c2e3bdcd47ccca4e49e3ad
NA18565#1	NA18565#1#CM094320.1:28406009-33589453	3493952	3625745	131793	0	0	1557700	de1794703f692b1da2cd468789404349e01062dd39f12dff66b53141d3b009e1
NA18565#2	NA18565#2#CM094342.1:28359389-33490962	3559001	3690769	131768	0	0	1440805	8e48568ce18a07e0f2e0ace02ef4fb92c64cd5d53092957c38be49a33451b2fc
NA18570#1	NA18570#1#CM087659.1:28377747-33503647	3555439	3687220	131781	0	0	1438681	512a4c07d627541978e2ba81aa7a81bc222bbf8eaa68ad045d72dd7a9a14889e
NA18570#2	NA18570#2#JBHDXO010000039.1:12253641-17492124	3552885	3684809	131924	0	0	1553675	aea73b78cb8216a0932ee9ff3f5e004d6ed95acb227e635f0bad60543f3c36fc
NA18608#1	NA18608#1#JBHIJW010000005.1:28379380-33466928	3504566	3642739	138173	0	0	1444810	be6d454e2cec930172b3a8766bb5ee2e8749c10aa37b0b35de993ea090524bca
NA18608#2	NA18608#2#JBHIJX010000014.1:28375523-33585552	3625356	3763509	138153	0	0	1446521	404d22afb9b7bacef087040708e5e69d295d3cf92e26c47ce6075cc529799daa
NA18620#1	NA18620#1#JBHIJU010000014.1:28371273-33496778	3546813	3684986	138173	0	0	1440520	8482c41e080077d2ddcff3faf4d59cb9edc201def10c4533f4e339a4a2fe7521
NA18620#2	NA18620#2#JBHIJV010000064.1:28361084-33404871	3453254	3585046	131792	0	0	1458742	aa2b81a1d6d1a6d19fc0996604ed42baf32d1224f8de2adf6b9f1aac6728d16d
NA18747#1	NA18747#1#CM087202.1:28424227-33559019	3551172	3689337	138165	0	0	1445456	9e45ca12d089ca45f1ea6024d5b394b0a1a827bb784a753e18ba3d662562f8d7
NA18747#2	NA18747#2#CM087242.1:28408784-33568848	3552496	3690655	138159	0	0	1469410	2fefbf926e2459593f9cef0761cf32375341987a9d4f13705aab4367e1b23598
NA18879#1	NA18879#1#CM099716.1:28474558-33526652	3506192	3605249	99057	0	0	1446846	5ca3f3dd961f55967f8ac4ed2afe1eb080ed724e9771b1ed105e2550ac4f395d
NA18879#2	NA18879#2#JBJUVN010000057.1:28495776-33652599	3560923	3692684	131761	0	0	1464140	61cc12aca691a7ea7157e88699385be83d7131e484b064dd71b529dc60cb0e60
NA18906#1	NA18906#1#JAHEOO020000008.1:28476372-33613648	3561583	3693376	131793	0	0	1443901	2247bffe51ab558991f06757681943723ec34ebab4014d3421612c88b867c48a
NA18906#2	NA18906#2#JAHEON020000009.1:28400633-33549040	3554175	3622511	68336	0	0	1525897	66a1f6c9c7b44eb1093837626f8208290fb99250c96ad30358179d7adff15198
NA18940#1	NA18940#1#CM101704.1:28361445-33495650	3507217	3645403	138186	0	0	1488803	a873a9e0f729fd45d18a3bcbeeb80475c77f8f33614f4f07bfd234413e66756b
NA18940#2	NA18940#2#CM101718.1:28384276-33404776	3506874	3638678	131804	0	0	1381823	4cf23ce635c23f980675a5ca1b23f1f61bf76693853c2867927bc1fe4c685ee6
NA18940.JaSaPaGe#1	NA18940.JaSaPaGe#1#h1tg000082l:22521073-27655405_rc	3507364	3645549	138185	0	0	1488784	d060b3c13989230a60e68d758dc73f282819984a32548660a3762a30be3efa43
NA18940.JaSaPaGe#2	NA18940.JaSaPaGe#2#h2tg000159l:514-4713306	3199130	3330939	131809	0	0	1381854	661c748d3d4d41b69825b3e27f69c973bc4cf4ffa311768c682594d1ad2eefab
NA18943#1	NA18943#1#CM101660.1:28426731-33491938	3552121	3683801	131680	0	0	1381407	abbf913ab761e5d7def50ce56b93eecc94e6fe3ae6ca77de1518ea7a9ca01e41
NA18943#2	NA18943#2#CM101689.1:28413016-33476747	3543014	3681184	138170	0	0	1382548	85413ff76f05c95f6c6507eaa3db12f45109ef1e674321be5cb4157cce09efcd
NA18943.JaSaPaGe#1	NA18943.JaSaPaGe#1#CM101660.1:28426731-33491938	3552121	3683801	131680	0	0	1381407	abbf913ab761e5d7def50ce56b93eecc94e6fe3ae6ca77de1518ea7a9ca01e41
NA18943.JaSaPaGe#2	NA18943.JaSaPaGe#2#CM101689.1:28413016-33476747	3543014	3681184	138170	0	0	1382548	85413ff76f05c95f6c6507eaa3db12f45109ef1e674321be5cb4157cce09efcd
NA18944#1	NA18944#1#CM101645.1:28385561-33526630	3544639	3676436	131797	0	0	1464634	ab981ac42cccbb23380baf267eee640bb2eb7cabb2182250f2c9f7dfa4264fae
NA18944#2	NA18944#2#CM101674.1:28358440-33385619	3506055	3644197	138142	0	0	1382983	20a0e976e8131a54117d26e01f5552bb52b5cdee49e946940042d6c2f03c8c23
NA18945#1	NA18945#1#CM101613.1:28368965-33555846	3608851	3740639	131788	0	0	1446243	97afbbc2ffdbb0c348acea8c10686489d1ef7612e1faaa8970221ec40ea7c55c
NA18945#2	NA18945#2#CM101630.1:28394844-33694406	3612297	3744065	131768	0	0	1555498	3b9ce5a31bf81d1b667d38f489ec7a1a980ee112893ca71be8d138acc826afe8
NA18945.JaSaPaGe#1	NA18945.JaSaPaGe#1#h1tg000007l:25526793-30826391_rc	3612376	3744144	131768	0	0	1555455	3b9ce5a31bf81d1b667d38f489ec7a1a980ee112893ca71be8d138acc826afe8
NA18945.JaSaPaGe#2	NA18945.JaSaPaGe#2#h2tg000002l:28368005-33554919	3608867	3740655	131788	0	0	1446260	97afbbc2ffdbb0c348acea8c10686489d1ef7612e1faaa8970221ec40ea7c55c
NA18948#1	NA18948#1#CM101600.1:28387406-33694585	3613015	3744797	131782	0	0	1562383	610c9f7c0d51b66303c188ce79efadc08aab3625397132b85f0c849ce5aa5609
NA18948#2	NA18948#2#CM101588.1:28449833-33675773	3551866	3755494	203628	0	0	1470447	cfd10e00585e37857fda27749bce40a8f2921776671677508a74b45445e09e12
NA18952#1	NA18952#1#JBHIJS010000065.1:28372748-33544581	3504692	3708323	203631	0	0	1463511	8030de2d83d459b4013b66d817d8487d4d934dd8cf3828c54337299411b47e9a
NA18952#2	NA18952#2#JBHIJT010000011.1:27989065-33294169	3611577	3749727	138150	0	0	1555378	02661168e2662f0cee17a8c8584bf79de139b47ef692944917e29dadcb86afd0
NA18952.JaSaPaGe#1	NA18952.JaSaPaGe#1#h1tg000063l:25586722-30891845_rc	3611639	3749793	138154	0	0	1555331	74604f42100fda028b51a26a8949aa46505ef4c3cc20848b3812aa02dc025bd3
NA18952.JaSaPaGe#2	NA18952.JaSaPaGe#2#JBHIJT010000011.1:27989065-33294169	3611577	3749727	138150	0	0	1555378	02661168e2662f0cee17a8c8584bf79de139b47ef692944917e29dadcb86afd0
NA18959#1	NA18959#1#CM101546.1:28370803-33504249	3507226	3645407	138181	0	0	1488040	81455acec47aa47a5708bac2864f5421ad6ba2da5dba0dc9c43099d3afd05a5d
NA18959#2	NA18959#2#CM101574.1:28371257-33493892	3548493	3653919	105426	0	0	1468717	0486d2bded4af9727c01e8236ed5ab7385e3cb6a70608be2d70f3306e8b6347a
NA18960#1	NA18960#1#CM101531.1:28387298-33581139	3500163	3638318	138155	0	0	1555524	ec103356da98d49a33478aac7f3761b31c0e9b819fb61a6a9af5492b14ee6757
NA18960#2	NA18960#2#CM101559.1:28352755-33558459	3503539	3635303	131764	0	0	1570402	11c226d0d760c022e8800aa97e332bee50fcf39cd2e8d92ded0dc0b5124141ea
NA18967#1	NA18967#1#CM101498.1:28415274-33499907	3500556	3638726	138170	0	0	1445908	2b13edcebf2072a4c21a3e847080cb8e7004dbd4fe425b25ca19f30281d2b6ac
NA18967#2	NA18967#2#JBKABX010000006.1:28395404-33553508	3496632	3602065	105433	0	0	1556040	a747ace433f1f77bbf2565914e652e5877ed6b33f8a1d31ff2156b349ff409f1
NA18970#1	NA18970#1#CM101469.1:28338191-33472849	3550934	3689101	138167	0	0	1445558	7fdb75255d335a573aa62828ac3423ef8ea5a825cf71d87878bbd4565f4e3511
NA18970#2	NA18970#2#CM101481.1:28437781-33628491	3506099	3637900	131801	0	0	1552811	222e7469041886884b7fc54daee0b52511799c0dfa9542bcc743d8b84aae0191
NA18970.JaSaPaGe#1	NA18970.JaSaPaGe#1#CM101469.1:28338191-33472849	3550934	3689101	138167	0	0	1445558	7fdb75255d335a573aa62828ac3423ef8ea5a825cf71d87878bbd4565f4e3511
NA18970.JaSaPaGe#2	NA18970.JaSaPaGe#2#CM101481.1:28437781-33628491	3506099	3637900	131801	0	0	1552811	222e7469041886884b7fc54daee0b52511799c0dfa9542bcc743d8b84aae0191
NA18971#1	NA18971#1#JBHDWK010000075.1:28353861-33541047	3493821	3631989	138168	0	0	1555198	068578c79ad905ea8b73c21867632a68940d1a3eea13434a764d7844b7bab456
NA18971#2	NA18971#2#CM087282.1:28370956-33557710	3603456	3741622	138166	0	0	1445133	040101d0bc739baf93cbbe03e9db86f008f51da7f540e90fa56e68b3a69775c8
NA18974#1	NA18974#1#JBHIJQ010000061.1:28438445-33702152	3541558	3706163	164605	0	0	1557545	7101da1aa7fcaf296b0ed20be5ca113fd117184c014f7f23c8230aa1fb32eb12
NA18974#2	NA18974#2#JBHIJR010000002.1:28446464-33624399	3544335	3708934	164599	0	0	1469002	d5f1ac5e27903c872763b3eb6c567705579ef75f0dafeee07dae069b7f3d38ad
NA18976#1	NA18976#1#CM089753.1:28424712-33611473	3608871	3740660	131789	0	0	1446102	bc52fb79270873cbcf09edfdcf7aa50b01c82eb568c2d17229488c7bf768ca3c
NA18976#2	NA18976#2#CM089763.1:28447335-33634097	3608868	3740657	131789	0	0	1446106	7d00d9921367e115b3ab38cb0e89305b585935855eeba9105f8d6d4c668a7423
NA18982#1	NA18982#1#CM101421.1:28415467-33548909	3507211	3645397	138186	0	0	1488046	a873a9e0f729fd45d18a3bcbeeb80475c77f8f33614f4f07bfd234413e66756b
NA18982#2	NA18982#2#JBKABT010000006.1:28433660-33435400	3408394	3540216	131822	0	0	1461525	73e66a95ed68dc1f72da24120c5979d1f7904d069b87ba34bc5b0071303dc27e
NA18983#1	NA18983#1#CM087420.1:28378465-33528221	3554934	3693081	138147	0	0	1456676	001b0c82cc232e163048f9704e9a921cff45f1ec768150838816b636ca0628b2
NA18983#2	NA18983#2#CM087432.1:28420692-33672818	3560257	3698558	138301	0	0	1553569	9114046b988e1b582985b052afd8ba71aaa7622149476b585c24f4dd9adf22f0
NA18990#1	NA18990#1#h1tg000053l:1684255-6870690	3608932	3740725	131793	0	0	1445711	c0612b884dec493c2c96aae6fb3299d46e2c56afa91d0ec07d0a4f4c33a4b1b7
NA18990#2	NA18990#2#h2tg000012l:28380706-33571283	3501533	3633320	131787	0	0	1557258	39ef24205322151aeb63e17e18fabf13c732097a708aa4bd534c652a57885e8a
NA19007#1	NA19007#1#h1tg000006l:27239246-32454334_rc	3553798	3659245	105447	0	0	1555844	0f9d59e4d74e62149e631adcd408eceb360e6d5f58ad505170e1567f654e427d
NA19007#2	NA19007#2#h2tg000001l:28406882-33472999	3552167	3683971	131804	0	0	1382147	edff93e0262eaa4e4f9e1131a3a11f7c7a44e5d31e6090686a8420bdf0c44a09
NA19036#1	NA19036#1#JBHIJM010000039.1:28463923-33608059	3546236	3678033	131797	0	0	1466104	dcf624df7873336c0e51b2e6b8df9a8c579963c420749d5d90239e822cd1cf10
NA19036#2	NA19036#2#CM089740.1:28304850-33443783	3561758	3693549	131791	0	0	1445385	e84deef18fc2ef2fcc8774372f69c97a1153c5296269fdb06033fc8758ba89a8
NA19043#1	NA19043#1#CM087046.1:28457117-33603533	3552024	3683824	131800	0	0	1462593	c37433ce53d37fc23d872a2406d29f6ed2baf98c0599911fd1789b89766a2006
NA19043#2	NA19043#2#CM087072.1:28298892-33447476	3554673	3686473	131800	0	0	1462112	c37433ce53d37fc23d872a2406d29f6ed2baf98c0599911fd1789b89766a2006
NA19066#1	NA19066#1#h1tg000041l:28321019-33454057	3507072	3645257	138185	0	0	1487782	87337e1189c5209ccdd210bd8c0aafdbcff1eb29393e2f5bdfe82123fe4f46db
NA19066#2	NA19066#2#h2tg000023l:28379592-33689338	3615556	3747337	131781	0	0	1562410	4b0c40f4b108d04d80f6f968a442d94bb0215345a28574aa5c36242902575ef4
NA19079#1	NA19079#1#h1tg000041l:25967753-30989063_rc	3335754	3467528	131774	0	0	1553783	7049bd4aaaa40d884028651b386f7f51407f0342aabfd9543945bcd2f128d4cf
NA19079#2	NA19079#2#h2tg000002l:1677209-6863053	3608945	3740735	131790	0	0	1445110	49a8c36c71bfa554cf935dd043c2afe01386e3530f20a4a0c3ef099a942c10e6
NA19087#1	NA19087#1#CM087696.1:28331338-33576082	3551913	3690068	138155	0	0	1554677	ceee2dc284a499af43a0f532354e251b17cc23aabd7f8a70f025f49838c9b36f
NA19087#2	NA19087#2#JBHDXQ010000012.1:23681967-28867579	3608873	3740661	131788	0	0	1444952	97afbbc2ffdbb0c348acea8c10686489d1ef7612e1faaa8970221ec40ea7c55c
NA19088#1	NA19088#1#h1tg000014l:26283350-31418977_rc	3550277	3688434	138157	0	0	1447194	9820543c680b1e0c4c3194f9552dda3f09dce9a9ce18e36c619a53bc56e6fed9
NA19088#2	NA19088#2#h2tg000004l:139364569-144598705_rc	3508282	3679180	170898	0	0	1554957	c2da6f3a360d67da91809b763cf73030157530a8fa40c741fd6861e647920537
NA19159#1	NA19159#1#JBJXQL010000007.1:28425942-33548809	3500549	3658684	158135	0	0	1464184	2d03b4ef5d681cb970071155ab9a7f7916d73b79c951bcb22101791c1ee34aab
NA19159#2	NA19159#2#JBJXQM010000009.1:28479051-33767425	3567643	3725790	158147	0	0	1562585	f37ba5029432f4548dec48d3f5c55b49d30c8de01c8d928db21dd1073f4b9206
NA19185#1	NA19185#1#CM087724.1:28452686-33600537	3551128	3682894	131766	0	0	1464958	8a6293f969f2d1ef263b515a591561d53c5c6e84c9f749406d7036bbd3dbcaee
NA19185#2	NA19185#2#CM087740.1:28365127-33559133	3619367	3751161	131794	0	0	1442846	dde1c5f63f975a9c64ef8781c3b12b6b28585109febd86f0be409f2620700072
NA19240#1	NA19240#1#JAHEOM020000002.1:28462857-33656907	3619558	3751366	131808	0	0	1442685	69a10eb1f4449c28d707b95a64856eed906263d98ecfbf4926d1c02a188a8ec7
NA19240#2	NA19240#2#CM099616.1:28279408-33546879	3620881	3779024	158143	0	0	1488448	054b2bddccc9c3c45808adad0aed17491b82a914c324f36dbf17a918efc83472
NA19338#1	NA19338#1#CM087758.1:28448969-33579906	3550555	3682321	131766	0	0	1448617	1e6feb057723878a792f6869cd1fd4bcdb59f6fa56ba45f2830804367e5f926b
NA19338#2	NA19338#2#CM087775.1:28453026-33605437	3551101	3682916	131815	0	0	1469496	cbd9a7df9973f2f1e199797e46932064223994988b152ef0a46623b651487400
NA19391#1	NA19391#1#CM087790.1:28288674-33392322	3522047	3653852	131805	0	0	1449797	27da80c40e562cefcef116e1afacd5635f16e672344107a0b200fae1f20714b6
NA19391#2	NA19391#2#CM087804.1:28295746-33396359	3552495	3657903	105408	0	0	1442711	7a44f83df624f35b57e87c50363df3a07676654e8f838ca1ed2205d380098145
NA19443#1	NA19443#1#CM089448.1:28448109-33623879	3623993	3729426	105433	0	0	1446345	8f93d85cb22b5649d61c5913774cc49251e6b3b729668c71e5c4b256873cafe2
NA19443#2	NA19443#2#CM089461.1:28435491-33566565	3621577	3753369	131792	0	0	1377706	dd5a4251a46aa35fd7128bf74657a22c540f1f355f068ef4200e114ab5a07357
NA19468#1	NA19468#1#JBHDXX010000056.1:28478972-33624126	3554217	3686029	131812	0	0	1459126	3d6f1a9d285a0fdbad399eaa2904b8e7a6743c21286ad39528598f77e5f5b18a
NA19468#2	NA19468#2#JBHDXY010000045.1:28382628-33499947	3554988	3654051	99063	0	0	1463269	0e3d9a487852a5641d041a24fc89818842d6fe8ea1c2163d70f03311117e0ee6
NA19682#1	NA19682#1#CM094150.1:28411407-33568676	3555072	3693223	138151	0	0	1464047	d342b0361541be3573f6c0ed51e1ea4193396b8bb5b9c7aae617b36d1b83ea16
NA19682#2	NA19682#2#CM094164.1:28463959-33644888	3609547	3741331	131784	0	0	1439599	7da4ca0e513388cf72cca45312e644392441143b4579d82a7fdf01f5a9337a74
NA19700#1	NA19700#1#CM089621.1:28376765-33517479	3558935	3690738	131803	0	0	1449977	602e160c796d7c64a3adde43401d5b4da213adf8cdba4d63592926cdbae1a718
NA19700#2	NA19700#2#CM089638.1:28426616-33709243	3619290	3724722	105432	0	0	1557906	6bc1d79058bc485ebfa9ba7bc03e8ed6bbf3697b30a7b30dcd7f637c136f4f52
NA19776#1	NA19776#1#CM094012.1:28385884-33702873	3624028	3762182	138154	0	0	1554808	39413cfd04df9627aac8ae7a629a078ac6989044f7b9a9a9a62fa08983f956ea
NA19776#2	NA19776#2#CM094049.1:28416676-33523673	3504690	3642857	138167	0	0	1464141	381390900a61b332ab7cff90a529c3ab0ada7ef7e13374bfa7d9a02e6f076a38
NA19835#1	NA19835#1#CM094026.1:28418644-33486956	3553554	3685340	131786	0	0	1382973	d52b49bf0f6582e9428459fa452db61f482c56f4a64b0f834620b9ae1d9db1c4
NA19835#2	NA19835#2#CM094035.1:28457594-33528933	3488974	3620776	131802	0	0	1450564	09dc393e65f7f1a8c12f8410ec48a91f0c245327069cc627cea4648ad42bd14d
NA19909#1	NA19909#1#JBIRDH010000012.1:28412877-33619076	3631577	3763380	131803	0	0	1442820	353d1eddb9dac112f056d383dc8305275749bb75242af9764360e74b127dd02f
NA19909#2	NA19909#2#JBIRDI010000053.1:28451896-33658066	3631552	3763355	131803	0	0	1442816	d5c00916c3d0f61cc3a5ea10abe3b141c9f9a755b629a345b618f222441c53e5
NA20129#1	NA20129#1#JAHEPE020000006.1:162-4816795	3239209	3371016	131807	0	0	1445618	22ba8a7e0dcb9b909261953ebb465a306ba9397686b3ff9afb917c90601d2a04
NA20129#2	NA20129#2#CM092121.1:28370806-33473927	3523883	3655655	131772	0	0	1447467	075c08bd35cb5fe7c62d2c3e8ee972a9c072554faf336575fd9a6a008e7e0fb0
NA20282#1	NA20282#1#JBIRDT010000005.1:1683408-6782988	3564681	3722850	158169	0	0	1376731	a224b90691b7e1fe964c443d3ac52560edc557068c4bea363447a6194fe2f010
NA20282#2	NA20282#2#JBIRDU010000003.1:1683297-6763868	3505955	3637751	131796	0	0	1442821	10d9223048f10c8aa72081f8f603bfe8df251fc0a5cbfaf437ca88d3d53745f4
NA20346#1	NA20346#1#CM094251.1:28457185-33666384	3621244	3753041	131797	0	0	1456159	1ef56e5ab5d1955d18190bc1885b73f58d10dd5a5a869a4b26c7af759420ef08
NA20346#2	NA20346#2#CM094262.1:28410681-33542038	3553915	3685686	131771	0	0	1445672	3495eceed60c1bd6cc48ca60f1b8e8536dca601a81e9bf78032145ae21df40aa
NA20503#1	NA20503#1#CM102459.1:28379297-33541270	3553890	3692058	138168	0	0	1469916	736dbab51f9a820b18fa5591afe3be8ed766dfd0c5351dea12ba022a216fb1f2
NA20503#2	NA20503#2#CM102476.1:28357590-33489275	3554202	3692363	138161	0	0	1439323	51be0bddf6eb461b20b569f96c51e178c5891b9be6555ffc11fc799073b45cfc
NA20752#1	NA20752#1#CM099770.1:28378820-33526332	3539608	3677781	138173	0	0	1469732	035a38cb9ce71d41aeb24428a61912a44fd6829cf5decaa7ae4ab5fbc3c2182b
NA20752#2	NA20752#2#CM099783.1:28398107-33586251	3495633	3627417	131784	0	0	1560728	7b66a03b920639b61f6c022431e3b93a223c2b21edc5c351112438c616266fca
NA20762#1	NA20762#1#CM102512.1:28400125-33568157	3558053	3696225	138172	0	0	1471808	e4a8d003f1dfeb5e42f3d49380a407333d1b816ac7c4f4a214a7fa7ab1e0fead
NA20762#2	NA20762#2#CM102528.1:28437013-33575799	3554168	3692333	138165	0	0	1446454	db5d71111007912cc7836612c7d29e5cc2d213932e86768eff94a251dc3bec57
NA20799#1	NA20799#1#CM098688.1:28368547-33505653	3560623	3698782	138159	0	0	1438325	e9b0a7f700103c3df53a693f3ef5f09cf304b7f5f1dc957c17f401ae22af0cd7
NA20799#2	NA20799#2#CM098717.1:28381748-33532360	3567773	3699561	131788	0	0	1451052	81f12d0e794d6fbf533493592bbb540e46acf785f819f702e123e589e04610ad
NA20805#1	NA20805#1#CM091887.1:28444744-33554804	3560038	3665432	105394	0	0	1444629	dc3260a3b89092cd141c40eeecbbb91aea36c5aa2e692085e4cb46a15a917c43
NA20805#2	NA20805#2#CM091899.1:28375930-33456966	3505067	3643221	138154	0	0	1437816	b6e7eaa43fa0c62650747103f9c1b56c84407c54fa05ba6b25f6dc447982ab80
NA20806#1	NA20806#1#CM102442.1:28404226-33564454	3551165	3689326	138161	0	0	1470903	5220f2b2645db3a444cbb491026ec7c61def1d7fbddf4976bf9217483e09e4ed
NA20806#2	NA20806#2#CM102496.1:28385854-33548009	3553958	3692106	138148	0	0	1470050	1b9bea6d15b51a70d35102552a627635f9cae412f8d5431a63b6a09386f47b47
NA20809#1	NA20809#1#CM094332.1:28435710-33676068	3553661	3685469	131808	0	0	1554890	50be89c7ba8b678a500f4bf93daa9e05adc795467e749ba5ca109efa9dc73aeb
NA20809#2	NA20809#2#CM094351.1:28373506-33544564	3562309	3700472	138163	0	0	1470587	ce3bae98cb5b7918e2bf013aa5662e62a7b284df10888eb47d19136e9fefe9de
NA20827#1	NA20827#1#CM102544.1:28306620-33546886	3546170	3677948	131778	0	0	1562319	a6367762f5c1d7fe43ddc83e0bd561398f283460cb48537fb98859f4443665aa
NA20827#2	NA20827#2#CM102564.1:28454949-33740832	3616432	3721874	105442	0	0	1564010	0e1453e9170d5e87693237675f1f2722cc0d73b20b3c91c68c6b5cf9a313018e
NA20850#1	NA20850#1#CM094293.1:28390909-33636624	3553694	3682302	128608	0	0	1563414	fa883ab5e1e4ce1654bd0836b7533f10d072f9dd85f837c099ca8839f76e5e61
NA20850#2	NA20850#2#CM094307.1:28446289-33597788	3547552	3679353	131801	0	0	1472147	fdcb234e4e903e6a56edbb23301b892495c5b06e85d8df95cf358e63d65abab1
NA20870#1	NA20870#1#JBHIJK010000014.1:28358726-33487328	3543472	3681637	138165	0	0	1446966	3ef18eede2216d94ddf1077e49357af9e7e3759ca51a42f24e375b68e2424d5b
NA20870#2	NA20870#2#JBHIJL010000043.1:28382928-33533945	3548750	3680624	131874	0	0	1470394	bfb995604ceaab008f9e10dad14dd665496a35ebbda2fe4aeb0ac4d2e455ed5f
NA20905#1	NA20905#1#CM087474.1:28381582-33489243	3545996	3651404	105408	0	0	1456258	a29b301d7eab726174e0d4b2149ef816c0130e27c98db5c751f5e886c791c986
NA20905#2	NA20905#2#CM087508.1:28378316-33558408	3553623	3691809	138186	0	0	1488284	ddaafb989b22c71687e0de0f61524f630edf7e60f508ae45925e5405a22a8b8e
NA21093#1	NA21093#1#JBHIJC010000009.1:28380468-33627383	3551267	3683025	131758	0	0	1563891	03abc4eb68feba6dd9cf53c45d85fa7b3bcae214581031852cea2e377f334398
NA21093#2	NA21093#2#JBHIJD010000010.1:28371658-33502471	3540821	3672608	131787	0	0	1458206	f19f18562743161c5521ad3eb0cea13c970348e18671af032fc674c2df6b0147
NA21102#1	NA21102#1#CM094427.1:28372690-33545460	3550445	3714970	164525	0	0	1457801	d665ffb9528efeea3017683596ab418776946e84808f74783a6e49cb6647adbb
NA21102#2	NA21102#2#CM094447.1:28385953-33511436	3552784	3684681	131897	0	0	1440803	7d2e6c6b9893419e8609d99861ac0739db4813df5b3a83af645bc820b3f2692d
NA21106#1	NA21106#1#JBHIJA010000045.1:28388869-33551331	3553408	3691558	138150	0	0	1470905	ccd5089084638c4a497cfee9649ee3bf9304ee34526ccb551fce94d3fc322c04
NA21106#2	NA21106#2#CM089587.1:28353662-33542210	3561337	3699522	138185	0	0	1489027	9e4996930dda3309b23992d6cba1f0ba1daff448e4cff6173882468e2f207701
NA21110#1	NA21110#1#CM089667.1:28379039-33461462	3505492	3643646	138154	0	0	1438778	b3f51e7f08fd2b1dae3d791e709383ec8f51a8eb1061851079b3d20e9bb5edfe
NA21110#2	NA21110#2#CM089683.1:28365916-33548287	3555177	3693362	138185	0	0	1489010	7fe1c4215ece289905dcc741867b3bf9d6f96bdb61f6b339eece369b847c1e9e
NA21144#1	NA21144#1#JBIRDF010000052.1:22531832-27777573	3550786	3682546	131760	0	0	1563196	d54179c4ea73ff540662c19cf18d3418a6f66e49d292ea32aabca973502e9a3c
NA21144#2	NA21144#2#JBIRDG010000005.1:14666330-19853787	3615681	3747476	131795	0	0	1439982	d887d1568161f0cd72afbbcd9af70c0a10d21444d4124eef61436b47e860bffd
NA21309#1	NA21309#1#CM092109.1:28406600-33562487	3553967	3685759	131792	0	0	1470129	60edc7d6255c58e156f1de8b3bf5448bfc594b4fed12e1af11f336f65be293c1
NA21309#2	NA21309#2#CM092100.1:28345467-33471001	3546323	3678111	131788	0	0	1447424	8ba5492e34a4e2009b633ba92515bdd4bb56b6553dfe9c2f473b78625fd3327b
RY01#1	RY01#1#h1tg000072l_0_0:608808-2720770_rc	539198	670997	131799	0	0	539198	3c7bcdb2751b64f8f5d1b3c140d238bae29fb21ceaf6423b283dd80cd6eed70d
RY01#2	RY01#2#h2tg000027l_0_0:608839-5846758_rc	3552014	3683815	131801	0	0	1554105	3327f596ab8360f7f73b0888b132aa9e5a434fb3849fd90d17a526da2ddc54ac
RY02#1	RY02#1#h1tg000066l_0_0:303777-5460230	3554945	3686761	131816	0	0	1469693	a403fc5845fef645f475ef959eb89d47b44208990086241858e73f7a9fdc420c
RY02#2	RY02#2#h2tg000029l_0_0:607648-2774751_rc	540627	678818	138191	0	0	540627	fef1ba5844c1860e7cf680d6b9d100de38767b166c6527642cc86dfb0cf775cf
RY03#1	RY03#1#h1tg000038l_0_0:610070-5917112_rc	3612841	3744622	131781	0	0	1562421	21596e41fd5551c5951e756fe2ae66335eee5c52ecdac646ee3eb71f0a24b3e7
RY03#2	RY03#2#h2tg000088l_0_0:608725-5740832_rc	3553529	3685316	131787	0	0	1446792	5f7e350b7bea583d9afcdf174a7e82fa0b47bc0a5877955a1c3ca057571b9e8b
RY04#1	RY04#1#h1tg000045l_0_0:610227-5760897_rc	3546349	3710884	164535	0	0	1439787	4ea70df5b9ff0d4c5489f1edb2bbbf92222c95c5e1b963a029d6da53a27d4bc7
RY04#2	RY04#2#h2tg000053l_0_0:304268-5412344	3558070	3663494	105424	0	0	1444583	328d87fef84061d8f84211657817a594ea345157a97dd7e01b263c2aa8766c74
RY05#1	RY05#1#h1tg000047l_0_0:611110-5457129_rc	3243305	3407902	164597	0	0	1438118	ada7583301b405551d031d3213c40246d922318d511b87f1392e46f63316b0ce
RY05#2	RY05#2#h2tg000014l_0_0:304266-5416626	3504785	3642940	138155	0	0	1469421	8d856c4d5b7e6b9d5925b30cda9ccc2b105fd4ca0d978d66cb060334b09af1e5
RY06#1	RY06#1#h1tg000061l_0_0:607878-5429553_rc	3245026	3383189	138163	0	0	1438487	0bee6da73925fe0f8b062da37e2764a51f0e6b4ad708c7c220e4155b2e6d6f2f
RY06#2	RY06#2#h2tg000061l_0_0:610637-5774002_rc	3554625	3692803	138178	0	0	1470563	062e2f5c4c85bb8251a8d48d4598e1de812d5b4a620cacf4773b0ad2df49502f
RY07#1	RY07#1#h1tg000003l_0_0:610203-5629754_rc	3503299	3635114	131815	0	0	1384438	7fde91d9f7cd08adecc850d8eea0f592473ba34d0642536098f19ed43bf4b04c
RY07#2	RY07#2#h2tg000005l_0_0:608790-5854922_rc	3551938	3683722	131784	0	0	1562411	c1a6df12bd318f8058d79943e165a2797541170de00b1f7f71628c86f90ce6c8
RY08#1	RY08#1#h1tg000075l_0_0:610655-5777427_rc	3563272	3695080	131808	0	0	1471693	cf4c759db57856dcf4b502de4fb610d98f3a150336344798d5e60447412ad7b3
RY08#2	RY08#2#h2tg000087l_0_0:301757-5549861	3559794	3691599	131805	0	0	1556506	2cae9f671bbe974e4027cb0107a194cd545d31d4b13631e42df2c7518ac28c3f
RY09#1	RY09#1#h1tg000030l_0_0:608072-5880016_rc	3551067	3709224	158157	0	0	1562721	cc05c265501cd4bbdb2e36b14c64464997757e8650d65f86d5f6abef40e2ea45
RY09#2	RY09#2#h2tg000035l_0_0:611090-5918099_rc	3612888	3744666	131778	0	0	1562344	0dd67a1df9ceb0b9a8b37f69a0416182ef03d0c07fc55edd47c69c85eeab90f0
RY10#1	RY10#1#h1tg000024l_0_0:607475-5741963_rc	3507474	3645665	138191	0	0	1488824	124872ec0ecc247a64e223143166b5e570f1f5fe0f2d0bb346b9fb9bb4340f4b
RY10#2	RY10#2#h2tg000100l_0_0:608786-5809719_rc	3507528	3645681	138153	0	0	1555253	3ca611479aac6c435121909315fa10bbdebe05096daf5d75f1bdc5260bd16737
RY11#1	RY11#1#h1tg000032l_0_0:461-4925741	3214468	3352698	138230	0	0	1572583	23009a31950b23d2d190bc3d596b47304494c8dcea1ef0012f26792d18e74911
RY11#2	RY11#2#h2tg000061l_0_0:303495-5531509	3541837	3673637	131800	0	0	1554378	1ccd927ed252787a01a5aab2aa802842e4c6109695ee1b9a6dba29d71277de0c
apr-f#1	apr-f#1#h1tg000013l:28359072-33538103	3558012	3689832	131820	0	0	1489200	a661ec825b2f87ef73c12fccc77221e540ec267f31fc3e97dea217408195978e
apr-f#2	apr-f#2#h2tg000007l:28398267-33550055	3549710	3681525	131815	0	0	1470264	518183c963232deb058ddf59d01b2a1633acd0e5930f54fbe9e47e046b2a88e3
apr-m#1	apr-m#1#h1tg000024l:27029616-32153356_rc	3547222	3679011	131789	0	0	1444730	5f16ac89cfcc54f4a94438eaccbc62a60ba410c9460d695bbaa2e9ec6dc48595
apr-m#2	apr-m#2#h2tg000013l:28339383-33475735	3559711	3697880	138169	0	0	1438473	433c3db3853f803d6065243a97ae21e45fec3b26bcffe6767f3b4e036231a644
apr-s#1	apr-s#1#h1tg000017l:28345655-33481940	3559653	3697821	138168	0	0	1438465	d82f0f34a88270b4f56944a8d598feba6227c1d037d739544bb492df44083d67
apr-s#2	apr-s#2#h2tg000009l:138522552-143696180_rc	3552708	3684523	131815	0	0	1489106	e125ccac7f83556ab17aca75df64ffee5a5b957a0db7603c878bad9dffce2692
apr001#1	apr001#1#h1tg000015l:28434817-33593090	3546615	3684768	138153	0	0	1473506	69906be08abc81292e22cc0ffd87c472cb3fe9596a39f35c006ad615fc5d6efb
apr001#2	apr001#2#h2tg000018l:28338056-33431257	3548635	3654034	105399	0	0	1439168	58c44dbf4fa8a8b3653a226ff64b9f97a8e844079199c27889daee934f03a428
apr002#1	apr002#1#h1tg000010l:28385462-33644194	3535788	3693948	158160	0	0	1564785	c950e15b5f58f53be3b91137052e45f118172c2c917ea40e5769e1c2579da54d
apr002#2	apr002#2#h2tg000007l:138255095-143403132_rc	3557921	3689704	131783	0	0	1458334	08684f798c417817cd5f58f17c5707aa4ce0b180f75cf9f6e57932c09632b418
apr003#1	apr003#1#h1tg000021l:28362599-33558558	3503768	3641918	138150	0	0	1554042	8f95ee8a445efbacb2be6a65a6834b89875c6fc9cd55e5452efadf4149f28b78
apr003#2	apr003#2#h2tg000014l:28401981-33557950	3552606	3684408	131802	0	0	1471562	9561afc3762817e984c8e6552544ae73e78802b56708ea9cba88af8f5e5461cd
apr004#1	apr004#1#h1tg000015l:28405351-33543332	3535739	3667548	131809	0	0	1470434	6e12162880dbac5e054322c5601ad27d3aa6537e55052e6414b9e48e4a84f95d
apr004#2	apr004#2#h2tg000008l:138190707-143268823_rc	3505936	3637832	131896	0	0	1440285	3aab33ff1261b43d1d7be5fbc83e1d6736ad0af7fdb7e003e666b7388c8c1007
apr005#1	apr005#1#h1tg000024l:25685419-30792368_rc	3561795	3667204	105409	0	0	1439746	39a2c0067319d83e53b4bb9cd2ff85c7da03f2f7a56b5f2f35c5faeda7da23b0
apr005#2	apr005#2#h2tg000025l:27505079-32631962_rc	3555241	3687138	131897	0	0	1439746	ce9d7c605191d04d110e2f4bf6fa29c2b7cf9211e84dda05d49e712649ff7714
apr006#1	apr006#1#h1tg000006l:28429612-33564591	3562532	3694430	131898	0	0	1440550	1a9e6ec88815702f40952de583d92b862df0daf6651eb51d64dafd950f8933d7
apr006#2	apr006#2#h2tg000002l:27458750-32609940_rc	3549199	3680994	131795	0	0	1470197	33f4048635054e8a5a61cd90be7b4d79a128be7f8c344d2df52cd780443f7992
apr007#1	apr007#1#h1tg000009l:141020280-146179718_rc	3550928	3689083	138155	0	0	1470356	30f738c00d3aa7781fb7b25d3ef22b95ac015be0a8bab73037741ab57a253807
apr007#2	apr007#2#h2tg000002l:137323480-142462680_rc	3535841	3667651	131810	0	0	1471550	68f69c010e9d77d0c0afecd1bf63b64a41c382e82ee76961658963bd072133d3
apr008#1	apr008#1#h1tg000006l:138382777-143548816_rc	3606400	3711841	105441	0	0	1454199	b578f19cae9910c67dbd7aa38244b1914194bab9534676c9e2d0ccd51105844f
apr008#2	apr008#2#h2tg000008l:28356191-33484508	3556312	3688211	131899	0	0	1440107	21ee18fde49e399ae135941be14e94cb6f30ea43864e60c2147edb5ecba3f3b9
apr009#1	apr009#1#h1tg000016l:28450181-33709541	3534335	3692489	158154	0	0	1566872	c90b27ad7e2763db3e74deda987f8943a69207ff8e2cebb9d743d5d52a52ee02
apr009#2	apr009#2#h2tg000041l:28097238-33212102_rc	3505125	3643296	138171	0	0	1471569	6ef448a7b3c598e201ebd85314cb804e9589018c5e7169067b2455d55ca91e51
apr010#1	apr010#1#h1tg000018l:28446120-33705764	3537813	3695970	158157	0	0	1563675	d8cf419884998efaff96548540344dc1e513e9c118131f05d143dafb34c7f560
apr010#2	apr010#2#h2tg000013l:28422940-33602432	3567986	3706144	138158	0	0	1473349	d50bc9ce8503ce5dd3c4bb5d5d9f41aac9a322ed50d21f443ba22ea5c788b1aa
apr011#1	apr011#1#h1tg000019l:138093078-143261017_rc	3623912	3729333	105421	0	0	1438607	5a7359da0da077a1c974ac2c6261af783f84c207b48ec09d3c1d1aee178905d5
apr011#2	apr011#2#h2tg000011l:137856776-142978436_rc	3549770	3681660	131890	0	0	1440001	372a87475d07faef157fc87d55c6d313781d83a8e16adfede7f5c13c4d61d8ca
apr012#1	apr012#1#h1tg000008l:28396959-33512282	3542821	3674715	131894	0	0	1440609	8ccf35d6c82f2e9f5e4e1e0af097f22020979ec14609eeb4ebf000006e4b9260
apr012#2	apr012#2#h2tg000016l:138252661-143421402_rc	3623343	3728741	105398	0	0	1440001	0fba65261113c8ed407ce34449a8b34b10cae98af566f8782753d1bb95906d0c
apr013#1	apr013#1#h1tg000002l:139940690-145014712_rc	3498051	3603487	105436	0	0	1470536	54cc2ebae505c9662d52d6d10b8b51d9c8dca1b2e8d9aa79144dc09b9f63addf
apr013#2	apr013#2#h2tg000027l:138555153-143729247_rc	3548154	3686348	138194	0	0	1487747	6f9e7357e1ec8e58a79b0d145f17c1d7572a3f13535a43f03220bebe8453c08f
apr014#1	apr014#1#h1tg000020l:28366313-33554706	3616252	3748150	131898	0	0	1440244	4e97b8a4678fce44399b9915e99b38dd35bd62a1a0ee3a5cf1f5c5826249d39d
apr014#2	apr014#2#h2tg000006l:26691275-31885063_rc	3619224	3751018	131794	0	0	1442771	c02047769428e64c8bfd9087efa8b817590dce7fce1329afc00bbaa61be4690e
apr015#1	apr015#1#h1tg000012l:28398223-33522774	3552743	3684640	131897	0	0	1439912	2865e65cdf1d349524e5c7158044ada0c31c641f9a1ab0488aadd31eee44df48
apr015#2	apr015#2#h2tg000018l:138433262-143524291_rc	3552468	3657877	105409	0	0	1433153	cb4e7e7fe15b6b25182cfdbdf3ade9818880ecb49ab9cb5e1f0c47634f3ef2ca
apr016#1	apr016#1#h1tg000012l:137906206-143057420_rc	3548170	3679980	131810	0	0	1471235	d448f92ff5746b4b5ee8e9c19a8f2cd948d4111f5e15530d0cebcbecfd00304f
apr016#2	apr016#2#h2tg000005l:138332729-143447191_rc	3537935	3676093	138158	0	0	1438370	4bef509e5c39980cf016f06af4c2134402d6835a6067ab80876f1564daa2fcbd
apr018#1	apr018#1#h1tg000018l:28377039-33450879	3553423	3691595	138172	0	0	1382246	934fcd0761acadc368145b307608599b6e4a3527c856e9f2d105ade24173db11
apr018#2	apr018#2#h2tg000022l:28395345-33526946	3542017	3673805	131788	0	0	1457797	edd21b43ff648268ddd92ecff45194401885b9b35640785ddfd8a9e226999d3c
apr019#1	apr019#1#h1tg000006l:137597617-142800733_rc	3545142	3650558	105416	0	0	1552559	66fb4d1104e1ff466bd63b7e7bea37a83a7d3bab003d9150fc711a8dcfb83bb8
apr019#2	apr019#2#h2tg000009l:25947834-31066127_rc	3552274	3657712	105438	0	0	1460582	0b33ea97e549e4387f45fade91dca542370e6153437ed8c0bc321b97392154c7
apr020#1	apr020#1#h1tg000001l:28463230-33620049	3553708	3685524	131816	0	0	1471296	fa009f631a4c2a8038dade2378693c274559b9893a0bed2be4a5da0f577c7b45
apr020#2	apr020#2#h2tg000007l:137677150-142774159_rc	3549943	3655336	105393	0	0	1441674	e378964a64a4f7dc37f7880e21ff989921735e5bd2910e3a2194a847e2f16025
apr021#1	apr021#1#h1tg000013l:137920389-143048373_rc	3550104	3688265	138161	0	0	1439720	3eac4ea315ebbf07108539d778e976ad60f2670990e5204638ccea52d928f2dd
apr021#2	apr021#2#h2tg000011l:138901647-144060314_rc	3553506	3718099	164593	0	0	1440569	9861364313f7ba3440cf6e3bb43dffce7aff9c4aeae2c17bc4c34a17fc867630
apr022#1	apr022#1#h1tg000011l:137924391-143077833_rc	3550309	3682129	131820	0	0	1471314	d8cae915ba6d6ebb8cfa0949aa1da9b0f50d31be9e255e1bf7288062d8a872b2
apr022#2	apr022#2#h2tg000013l:138031891-143184813_rc	3554421	3712579	158158	0	0	1440344	9f53d90efb1a46235ef894fc407d79a0fa65b5328aa0ddd05ff198e0ee496eab
apr023#1	apr023#1#h1tg000014l:137929515-143086735_rc	3555326	3687112	131786	0	0	1470109	13cc05c52d4b10ac415cec98dc9bf21177be20aa781927751a948a7c1636c143
apr023#2	apr023#2#h2tg000022l:26641068-31656450_rc	3507538	3612948	105410	0	0	1402435	9c218f123665f20de5e493be7d03ebd45a1a4a7d11f360bbd14890e352170183
apr024#1	apr024#1#h1tg000001l:137801575-142959579_rc	3548545	3686717	138172	0	0	1471288	34d89c533d227ab9114a81b2fcf7da4a266f5307b0b76fd0716cfa077e283dec
apr024#2	apr024#2#h2tg000014l:137766819-142943455_rc	3567364	3705533	138169	0	0	1471104	2121b67d0ce5eda78229fc63d0954eaad6101f323f720139cde2562a1182a005
apr025#1	apr025#1#h1tg000007l:139497787-144647520_rc	3559935	3691723	131788	0	0	1458011	b0a3d3b5626926465b8f65c2694b6e5067420e1df606f16b7a87382f439717a1
apr025#2	apr025#2#h2tg000006l:138571729-143809751_rc	3550912	3682709	131797	0	0	1555314	e2476bed206812ba88f3c679e1d3906166f6db200d7d64d1564e2a51d94f31ad
apr026#1	apr026#1#h1tg000019l:28393961-33702327	3613309	3745083	131774	0	0	1563284	02e3743bcaea2b267977d63087a527acb68a61621fdce46f0aec61ddd2a58132
apr026#2	apr026#2#h2tg000012l:28359568-33574257	3555947	3661363	105416	0	0	1553327	66fb4d1104e1ff466bd63b7e7bea37a83a7d3bab003d9150fc711a8dcfb83bb8
apr027#1	apr027#1#h1tg000004l:28384126-33662392	3555898	3714052	158154	0	0	1564215	2593a5d95110074a817f70d2283c811dbb8ba651ee04ff513449f11d347452e7
apr027#2	apr027#2#h2tg000013l:11085473-16306923_rc	3610178	3768365	158187	0	0	1453086	ef08a432a9d8f87a7fce6c5c6b271f8baf400a08108db541b2606cefb93dcdc2
apr029#1	apr029#1#h1tg000032l:28462821-33705004	3547968	3679755	131787	0	0	1562429	29e0e26c63f32cfa33e561f03fdc412f93c0fca7f3bd52c2669941acf41f7f3a
apr029#2	apr029#2#h2tg000012l:28417575-33541972	3552530	3684426	131896	0	0	1439972	3aab33ff1261b43d1d7be5fbc83e1d6736ad0af7fdb7e003e666b7388c8c1007
apr030#1	apr030#1#h1tg000001l:28446903-33506362	3506105	3611538	105433	0	0	1447922	d076e6279db315f894b9205af6c0488fecc4cb2e4336b7817d0b2b8b01b9dad8
apr030#2	apr030#2#h2tg000012l:28433288-33581296	3557850	3689637	131787	0	0	1458372	b5f846233b5f8978519b462a9de025a34e04bb27b2d33f39c49a47066a848886
apr031#1	apr031#1#h1tg000019l:26371881-31586781_rc	3612875	3744663	131788	0	0	1470238	92d818243974dbf5da8babd1224f566fc5dbe675bea2ac29866543693859e1d2
apr031#2	apr031#2#h2tg000036l:28402991-33519712	3506979	3645137	138158	0	0	1471585	9b5f4f211c8deb0ad484fa0b44d3df0d59e167410fb925f60cd82235866c29da
apr032#1	apr032#1#h1tg000006l:28452318-33694285	3546535	3678323	131788	0	0	1563645	d8aa12a7e8d8de23078d673c0e9461efafd601e85fd7d3bafe53732f04659418
apr032#2	apr032#2#h2tg000014l:28405263-33673740	3546603	3704763	158160	0	0	1563715	88825c9d4a5d8dd36b0228ba05cacc2ea84596d088335b4f1b7af6cd09a3cd78
apr033#1	apr033#1#h1tg000008l:27149396-32366749_rc	3618508	3750310	131802	0	0	1467044	97597ac2e988de870ed90d1b54c250b863e16294dc3a1ef10b72c53e0076dc20
apr033#2	apr033#2#h2tg000008l:28349631-33452614	3502275	3634061	131786	0	0	1468923	7d4d7c7e875ffed66915ff91b42e635e0a5b06b78c5eb3e68e0343fcf04ad11e
apr034#1	apr034#1#h1tg000032l:26576741-31706138_rc	3553827	3659244	105417	0	0	1470154	fe710033ed3533f3e68b8240d4822c341e554d0b16f3ffc995fde0770824f159
apr034#2	apr034#2#h2tg000008l:28434563-33559669	3550527	3688681	138154	0	0	1436426	17c1d80de99747e979bce583567ece2c9e6cab4fbf72dc6782f9ddaeb3719731
apr035#1	apr035#1#h1tg000018l:27655502-32798707_rc	3560164	3698324	138160	0	0	1444882	85f2d4ddc825c3bb4ce5b26072ec12aae57f6a0d228303e0cba62233424e1fc3
apr035#2	apr035#2#h2tg000011l:27516869-32663681_rc	3561041	3699208	138167	0	0	1447605	7e1894985efe95a545f5e656ebb76e9342b4661b41fd0080691dae41171769d4
apr036#1	apr036#1#h1tg000026l:25218090-30345004_rc	3552992	3684803	131811	0	0	1442112	e2d6ba030ed72c2afb998c833745feb7942c8f57c3bd2ac53615d50c027456cd
apr036#2	apr036#2#h2tg000017l:1678659-6817558	3558584	3690385	131801	0	0	1448515	7ba0e6d546a25d7238ae2f322fc4a34ef334240df0a423f287e8e84ebe197550
apr037#1	apr037#1#h1tg000004l:138070351-143231345_rc	3552194	3690367	138173	0	0	1470628	78a8d817371add0289e3d34f25b44c843bc204a07ffebd82b1de45fb8acf65c2
apr037#2	apr037#2#h2tg000014l:138095539-143312355_rc	3608491	3746663	138172	0	0	1470154	0c82638ab366ff57e895d98e96eabc5912f6c8f4aabe5609aa05f1ec15372618
apr038#1	apr038#1#h1tg000017l:1654472-6798671	3561032	3692823	131791	0	0	1451377	7286cd31627886dd39a5b4cb58b75f609ebec05c0f16b4ad1044d8e199f7fbe8
apr038#2	apr038#2#h2tg000022l:127876238-133012041_rc	3553221	3691380	138159	0	0	1444424	b24f2b00a0397db11197c0db69883429270949d176e25397fb97de1d5ff88adb
apr039#1	apr039#1#h1tg000005l:28445311-33640507	3558616	3723211	164595	0	0	1471986	708e769c8038bf955d035954723c16dbec8475cee7d1e152e270f01c1b311f6a
apr039#2	apr039#2#h2tg000012l:28411824-33614466	3619214	3751001	131787	0	0	1451642	e259a104cbdc0bde0ea9a2f3a221ebd32d747833f33e2b9d5ee1052ba1adaa69
apr040#1	apr040#1#h1tg000032l:25914346-31039269_rc	3555139	3654186	99047	0	0	1470738	a6f96c2a3bc93b16825880fa2010f99b8e5688a1b14a204999ad327910cab2c1
apr040#2	apr040#2#h2tg000023l:25605134-30732063_rc	3558149	3657212	99063	0	0	1469718	147d59408e361a31ef74a6fdd7d705f078438252ed88fe75a7b8e91e2c318208
apr041#1	apr041#1#h1tg000024l:23526305-28655372_rc	3551942	3683698	131756	0	0	1445370	4116ce988906cc717c309372c20cfe963975e098d56e02510350ceaca607bf6b
apr041#2	apr041#2#h2tg000015l:28437008-33578583	3539336	3671145	131809	0	0	1470431	b9e6356a29ead94c91658f8079ddc7a6695cad6b1bd1fe4a4043a2713ba96d60
apr042#1	apr042#1#h1tg000024l:28343014-33430082	3505483	3643662	138179	0	0	1443407	99af25eddd87ef9465647f7a96a006f778442d723fe24aae1e3d501800d3dfe7
apr042#2	apr042#2#h2tg000022l:28456692-33606982	3549531	3687698	138167	0	0	1462593	700b0b320ef1cbdfd9a1895034ab2639e8605395763effd812a3f31d2f4800ec
apr043#1	apr043#1#h1tg000012l:139593152-144731880_rc	3544215	3675984	131769	0	0	1462745	54e77075d754a189b779d6722415148eb35ba72daa830a16918547830883127c
apr043#2	apr043#2#h2tg000007l:28374571-33634772	3564034	3695815	131781	0	0	1564387	ad4f48fb9d3893917e98181fc7058428164b8a5c9eef9d38785a4d4b65eef617
apr044#1	apr044#1#h1tg000020l:28254023-33444694	3562673	3700864	138191	0	0	1489808	228a69480c781919facb866e3d3b00055796bdd56bc6b03f1e6383bb4c0c1cb2
apr044#2	apr044#2#h2tg000019l:138732995-143879453_rc	3568473	3706635	138162	0	0	1439824	025fe3a8a1d58ad1cdb9c4c62bb750a77028420b087f9c6d34565dcdfd231c13
apr045#1	apr045#1#h1tg000014l:28436066-33585265	3552324	3684087	131763	0	0	1465113	559e03344809d138e48e9c04c4a0a693015df6630bafe41cb94150f861b79c12
apr045#2	apr045#2#h2tg000020l:28349553-33649005	3612858	3744778	131920	0	0	1554675	6458a25975b32e344647eb02e5a71e90283ebb4a3aea317b07ed00ac742197dc
apr046#1	apr046#1#h1tg000020l:28428626-33509292	3498389	3636545	138156	0	0	1444122	13c89ccc9196bf1a95a78e51e444f9f07eb47d38a190e3a1e89ec51afaff0dc5
apr046#2	apr046#2#h2tg000002l:138874465-144007848_rc	3555664	3687462	131798	0	0	1445922	0126b90fc4042387f1fcac4a234b513219163544b98638f56d1a52a6d365e5da
apr047#1	apr047#1#h1tg000022l:124629191-129940792_rc	3624278	3756211	131933	0	0	1555391	5b143c3e8c2a71cfb72170dfc8b116d20b7976d5ec99538e66200f8d931782ee
apr047#2	apr047#2#h2tg000009l:28374338-33555921	3555226	3693414	138188	0	0	1488170	cdb5f4b88dbb2a9f4a9f2224e5b661df0b786d5aab87deff03e95e279392399a
apr048#1	apr048#1#h1tg000017l:28263896-33470594	3552596	3737219	184623	0	0	1469480	5f318c4665c5b08a9c6fc1874d9015d6dc0e1bc45ab2e34a11187aff0828e2f5
apr048#2	apr048#2#h2tg000004l:138392377-143552020_rc	3556568	3688369	131801	0	0	1471275	e12981577b3aa50556bb7f6452b87aee47ddc2404bdf461cbd81d0094aa59f29
apr049#1	apr049#1#h1tg000006l:28277333-33430073	3541417	3679575	138158	0	0	1473166	72ad73c7e32fae94f1f7af264a750460e495b72f30ddc15d9bc59a683a897e08
apr049#2	apr049#2#h2tg000002l:138418227-143654758_rc	3623699	3761857	138158	0	0	1474675	8aefdc124b4bf6fbbb98f8ddd9044818854250851ec884ac203b9d51462dfe86
apr050#1	apr050#1#h1tg000015l:138045880-143321309_rc	3562723	3720886	158163	0	0	1554544	b2a33559c8e22b244287449489b996cfd481a2e09b440513e39e95d3b0d8dfce
apr050#2	apr050#2#h2tg000017l:28548291-33713388	3617550	3722944	105394	0	0	1442154	dc3260a3b89092cd141c40eeecbbb91aea36c5aa2e692085e4cb46a15a917c43
apr051#1	apr051#1#h1tg000003l:138076138-143233361_rc	3549281	3687449	138168	0	0	1469775	ac4d555b7770cd9153bf3702f716e0c74f934b1584ea900b860cfd1ee3812950
apr051#2	apr051#2#h2tg000005l:138189744-143327910_rc	3556990	3688777	131787	0	0	1449390	518254b78ae8eaf12869f12bc86028663acda6ef5a3c69df306c0f8bb70e9beb
apr52#1	apr52#1#h1tg000012l:138556531-143810417_rc	3551779	3689937	138158	0	0	1563950	a716c294967d5fe39bcd822aee13ce3bcdc5ee1df9f95b3261d98d6b83882403
apr52#2	apr52#2#h2tg000003l:137805510-143003962_rc	3506505	3644679	138174	0	0	1553774	bd068cde10e75284e8b7d39da6f83d7768f3a8dccec5ee00e572f90dc600a321
chm13#0	chm13#0#chr6:28282159-33401678	3542221	3680372	138151	0	0	1439148	3eb1e93b5e53a1ce5a2dac9d541bb69622e0b7305dc6fe419e15963a2ef0deb4
hg002#1	hg002#1#chr6:28367269-33609101	3549291	3687474	138183	0	0	1554359	273bb83d3a1d2ee0f878c8b0ed1ed82e0ae34394fb92bcd29335ef2cd37e4e84
hg002#2	hg002#2#chr6:28364349-33511960	3551211	3689375	138164	0	0	1458237	c37b150ae484eec33b6996cd152604f116945445737a1a2c9921b2a1591f5964
ksa001#1	ksa001#1#P01_compress.k30.hapmer-0000008:28390148-33635536	3552400	3690561	138161	0	0	1554828	e9596787c028945cbd8ca902c4d21feafe7c966a8b0e14f9cefda4aa5fa4124e
ksa001#2	ksa001#2#P02_compress.k30.hapmer-0000137:138158892-143358025_rc	3621922	3760074	138152	0	0	1439060	59e3d29f7435a0548b2426fbe2ae67b0622406e0d9f18441f9bcd8df959bd2f9
ksa002#1	ksa002#1#h1tg000032l:22528800-27353974_rc	3239805	3371575	131770	0	0	1453600	58b37188220110174a9b54ff84a9c61ead3e67d2367741eed3406c6627e44ba2
ksa002#2	ksa002#2#h2tg000047l:28364582-33489388	3549809	3681707	131898	0	0	1443100	8482f7bee45378a8f1c5bd6af878438c289af9f5ba022d8110cf1972b6cf7275
ksa003#1	ksa003#1#h1tg000003l:26282372-31531568_rc	3563134	3695031	131897	0	0	1554166	bb6d0a6cd7d0a2839ffa9fe33e3b74e4e3540aa2bafab3c7ce13a7e1cd01536e
ksa003#2	ksa003#2#h2tg000004l:28111634-33359120_rc	3554707	3692866	138159	0	0	1554621	685775bd7f2453bb58cdf4143523a4692c8d831f6532d3851de0b572c853465d
ksa004#1	ksa004#1#h1tg000606l:1559-2019480_rc	464543	602721	138178	0	0	464543	5196f5cd02d7df1d2971059a197f528f3f85eaf4b00ce504457ce0dbe605ef6a
ksa005#1	ksa005#1#h1tg000012l:28289164-33471875	3562885	3733782	170897	0	0	1448930	d2bd0f2fe7a34917b43abd18fb705ade7cf8e6368052bf5ae924bfee592e0f7d
ksa005#2	ksa005#2#h2tg000015l:28455196-33802696	3622562	3793458	170896	0	0	1554043	fdefc4d82ee2ef201faafc14a4165ff239dfa48f77bc3c3c8bd93fa6c9fd6248
ksa006#1	ksa006#1#h1tg000023l:24976893-30234320_rc	3534400	3692560	158160	0	0	1564868	271ba6842e83053efba0e665f63dd680519928705cffaad77fcff1e4aa463ef9
ksa006#2	ksa006#2#h2tg000156l:3140686-4857840_rc	58184	163601	105417	0	0	58184	b4b7ea0817f909dd95d8670498f757e063a6991531affabded7e4d5e87be5b0f
ksa007#1	ksa007#1#h1tg000051l:6349428-11505741_rc	3552000	3690159	138159	0	0	1466155	91695b9ed257138d861eb8f5697f1a3b747dcc979c66cf776525ccce131fbc66
ksa007#2	ksa007#2#h2tg000027l:3344535-8478308	3507008	3645202	138194	0	0	1488572	4d8b7dac82c1dc2f9d0321e9389aad1a30843f0f4b5b7c41e09cd0ee1bad9fcb
ksa008#1	ksa008#1#h1tg000006l:28325815-33557944	3535762	3667552	131790	0	0	1564578	bcfa26e495f97a57224af1fae252d5721288cb4d3c0a34f5273a136353da42cf
ksa008#2	ksa008#2#h2tg000040l:26875251-31991332_rc	3539050	3670900	131850	0	0	1445182	fc94a67dcce56f7aad5199aa14594eadd639d7bee636fc76b2fe9b2ba3a9a5e2
ksa009#1	ksa009#1#h1tg000831l:87-411352_rc	306470	374807	68337	0	0	36459	682c6896500ebe4d286c198288d7ea089e59a95193fcd68929dfde3659c7949f
ksa009#2	ksa009#2#h2tg000180l:126-2719313_rc	1154252	1292406	138154	0	0	1154252	728db4b1d710d23ea1031bfd968f42103346166d555a474aeec9cd56d8f3fadc
