hap_id	gene	eligible_current_cds	current_twofield	old_twofield	qc_flags	assessment
apr-f#1	HLA-A	1	HLA-A*31:01	HLA-A*31:01		known_exact_genomic
apr-f#2	HLA-A	1	HLA-A*01:01	HLA-A*01:01		known_exact_genomic
apr-m#1	HLA-A	1	HLA-A*02:22	HLA-A*02:22		known_exact_genomic
apr-m#2	HLA-A	1	HLA-A*11:01	HLA-A*11:01		known_exact_genomic
apr-s#1	HLA-A	1	HLA-A*11:01	HLA-A*11:01		known_exact_genomic
apr-s#2	HLA-A	1	HLA-A*01:01	HLA-A*01:01		known_exact_genomic
apr001#1	HLA-A	1	HLA-A*01:01	HLA-A*01:01		known_exact_genomic
apr001#2	HLA-A	1	HLA-A*31:01	HLA-A*31:01		known_exact_genomic
apr002#1	HLA-A	1	HLA-A*02:05	HLA-A*02:05		known_exact_genomic
apr002#2	HLA-A	1	HLA-A*29:02	HLA-A*29:02		known_exact_genomic
apr003#1	HLA-A	0			annotation:partial_CDS;incomplete_codon;no_terminal_stop	unresolved_incomplete_or_abnormal_cds
apr003#2	HLA-A	1	HLA-A*01:01	HLA-A*01:01		known_exact_genomic
apr004#1	HLA-A	1	HLA-A*02:05	HLA-A*02:05		known_exact_genomic
apr004#2	HLA-A	1	HLA-A*24:02	HLA-A*24:02		known_exact_genomic
apr005#1	HLA-A	1	HLA-A*11:01	HLA-A*11:01		known_exact_genomic
apr005#2	HLA-A	1	HLA-A*30:02	HLA-A*30:02		known_exact_genomic
apr006#1	HLA-A	1	HLA-A*11:01	HLA-A*11:01		known_exact_genomic
apr006#2	HLA-A	1	HLA-A*68:01	HLA-A*68:01		known_exact_genomic
apr007#1	HLA-A	1	HLA-A*02:01	HLA-A*02:01		known_exact_genomic
apr007#2	HLA-A	1	HLA-A*02:05	HLA-A*02:05		known_exact_genomic
apr008#1	HLA-A	1	HLA-A*30:01	HLA-A*30:01		known_exact_genomic
apr008#2	HLA-A	1	HLA-A*31:01	HLA-A*31:01		known_exact_genomic
apr009#1	HLA-A	1	HLA-A*02:05	HLA-A*02:05		known_exact_genomic
apr009#2	HLA-A	1	HLA-A*24:02	HLA-A*24:02		known_exact_genomic
apr010#1	HLA-A	1	HLA-A*01:01	HLA-A*01:01		known_exact_genomic
apr010#2	HLA-A	1	HLA-A*03:01	HLA-A*03:01		known_exact_genomic
apr011#1	HLA-A	1	HLA-A*33:03	HLA-A*33:03		known_exact_genomic
apr011#2	HLA-A	1	HLA-A*68:01	HLA-A*68:01		known_exact_genomic
apr012#1	HLA-A	1	HLA-A*29:02	HLA-A*29:02		known_exact_genomic
apr012#2	HLA-A	1	HLA-A*33:03	HLA-A*33:03		known_exact_genomic
apr013#1	HLA-A	1	HLA-A*24:02	HLA-A*24:02		known_exact_genomic
apr013#2	HLA-A	1	HLA-A*02:11	HLA-A*02:11		known_exact_genomic
apr014#1	HLA-A	1	HLA-A*31:01	HLA-A*31:01		known_exact_genomic
apr014#2	HLA-A	1	HLA-A*30:01	HLA-A*30:01		known_exact_genomic
apr015#1	HLA-A	1	HLA-A*26:01	HLA-A*26:01		known_exact_genomic
apr015#2	HLA-A	1	HLA-A*02:01	HLA-A*02:01		known_exact_genomic
apr016#1	HLA-A	1	HLA-A*02:01	HLA-A*02:01		known_exact_genomic
apr016#2	HLA-A	1	HLA-A*02:05	HLA-A*02:05		known_exact_genomic
apr018#1	HLA-A	1	HLA-A*26:01	HLA-A*26:01		known_exact_genomic
apr018#2	HLA-A	1	HLA-A*32:01	HLA-A*32:01		known_exact_genomic
apr019#1	HLA-A	1	HLA-A*02:05	HLA-A*02:05		known_exact_genomic
apr019#2	HLA-A	1	HLA-A*02:01	HLA-A*02:01		known_exact_genomic
apr020#1	HLA-A	1	HLA-A*30:02	HLA-A*30:02		known_exact_genomic
apr020#2	HLA-A	1	HLA-A*02:01	HLA-A*02:01		known_exact_genomic
apr021#1	HLA-A	1	HLA-A*26:01	HLA-A*26:01		known_exact_genomic
apr021#2	HLA-A	1	HLA-A*01:01	HLA-A*01:01		known_exact_genomic
apr022#1	HLA-A	1	HLA-A*01:01	HLA-A*01:01		known_exact_genomic
apr022#2	HLA-A	1	HLA-A*02:01	HLA-A*02:01		known_exact_genomic
apr023#1	HLA-A	1	HLA-A*66:01	HLA-A*66:01		known_exact_genomic
apr023#2	HLA-A	1	HLA-A*23:17	HLA-A*23:17		known_exact_genomic
apr024#1	HLA-A	1	HLA-A*01:01	HLA-A*01:01		known_exact_genomic
apr024#2	HLA-A	1	HLA-A*11:01	HLA-A*11:01		known_exact_genomic
apr025#1	HLA-A	1	HLA-A*03:02	HLA-A*03:02		known_exact_genomic
apr025#2	HLA-A	1	HLA-A*34:02	HLA-A*34:02		known_exact_genomic
apr026#1	HLA-A	1	HLA-A*30:01	HLA-A*30:01		known_exact_genomic
apr026#2	HLA-A	1	HLA-A*68:01	HLA-A*68:01		known_exact_genomic
apr027#1	HLA-A	1	HLA-A*02:01	HLA-A*02:01		known_exact_genomic
apr027#2	HLA-A	1	HLA-A*33:03	HLA-A*33:03		known_exact_genomic
apr029#1	HLA-A	1	HLA-A*68:01	HLA-A*68:01		known_exact_genomic
apr029#2	HLA-A	1	HLA-A*68:01	HLA-A*68:01		known_exact_genomic
apr030#1	HLA-A	1	HLA-A*24:02	HLA-A*24:02		known_exact_genomic
apr030#2	HLA-A	1	HLA-A*29:02	HLA-A*29:02		known_exact_genomic
apr031#1	HLA-A	1	HLA-A*30:01	HLA-A*30:01		known_exact_genomic
apr031#2	HLA-A	1	HLA-A*24:02	HLA-A*24:02		known_exact_genomic
apr032#1	HLA-A	1	HLA-A*02:01	HLA-A*02:01		known_exact_genomic
apr032#2	HLA-A	1	HLA-A*03:01	HLA-A*03:01		known_exact_genomic
apr033#1	HLA-A	1	HLA-A*30:01	HLA-A*30:01		known_exact_genomic
apr033#2	HLA-A	1	HLA-A*23:01	HLA-A*23:01		known_exact_genomic
apr034#1	HLA-A	1	HLA-A*02:01	HLA-A*02:01		known_exact_genomic
apr034#2	HLA-A	1	HLA-A*32:01	HLA-A*32:01		known_exact_genomic
apr035#1	HLA-A	1	HLA-A*11:01	HLA-A*11:01		known_exact_genomic
apr035#2	HLA-A	1	HLA-A*30:02	HLA-A*30:02		known_exact_genomic
apr036#1	HLA-A	1	HLA-A*36:01	HLA-A*36:01		known_exact_genomic
apr036#2	HLA-A	1	HLA-A*34:02	HLA-A*34:02		known_exact_genomic
apr037#1	HLA-A	1	HLA-A*26:01	HLA-A*26:01		known_exact_genomic
apr037#2	HLA-A	1	HLA-A*32:01	HLA-A*32:01		known_exact_genomic
apr038#1	HLA-A	1	HLA-A*30:02	HLA-A*30:02		known_exact_genomic
apr038#2	HLA-A	1	HLA-A*68:01	HLA-A*68:01		known_exact_genomic
apr039#1	HLA-A	1	HLA-A*32:01	HLA-A*32:01		known_exact_genomic
apr039#2	HLA-A	1	HLA-A*33:01	HLA-A*33:01		known_exact_genomic
apr040#1	HLA-A	1	HLA-A*02:06	HLA-A*02:06		known_exact_genomic
apr040#2	HLA-A	1	HLA-A*03:01	HLA-A*03:01		known_exact_genomic
apr041#1	HLA-A	1	HLA-A*01:01	HLA-A*01:01		known_exact_genomic
apr041#2	HLA-A	1	HLA-A*02:01	HLA-A*02:01		known_exact_genomic
apr042#1	HLA-A	1	HLA-A*24:02	HLA-A*24:02		known_exact_genomic
apr042#2	HLA-A	1	HLA-A*26:01	HLA-A*26:01		known_exact_genomic
apr043#1	HLA-A	1	HLA-A*30:10	HLA-A*30:10		known_exact_genomic
apr043#2	HLA-A	1	HLA-A*03:01	HLA-A*03:01		known_exact_genomic
apr044#1	HLA-A	1	HLA-A*03:02	HLA-A*03:02		known_exact_genomic
apr044#2	HLA-A	1	HLA-A*11:01	HLA-A*11:01		known_exact_genomic
apr045#1	HLA-A	1	HLA-A*25:01	HLA-A*25:01		known_exact_genomic
apr045#2	HLA-A	1	HLA-A*30:01	HLA-A*30:01		known_exact_genomic
apr046#1	HLA-A	1	HLA-A*24:02	HLA-A*24:02		known_exact_genomic
apr046#2	HLA-A	1	HLA-A*01:01	HLA-A*01:01		known_exact_genomic
apr047#1	HLA-A	1	HLA-A*33:01	HLA-A*33:01		known_exact_genomic
apr047#2	HLA-A	1	HLA-A*32:01	HLA-A*32:01		known_exact_genomic
apr048#1	HLA-A	1	HLA-A*11:01	HLA-A*11:01		known_exact_genomic
apr048#2	HLA-A	1	HLA-A*11:01	HLA-A*11:01		known_exact_genomic
apr049#1	HLA-A	1	HLA-A*02:01	HLA-A*02:01		known_exact_genomic
apr049#2	HLA-A	1	HLA-A*33:03	HLA-A*33:03		known_exact_genomic
apr050#1	HLA-A	1	HLA-A*03:01	HLA-A*03:01		known_exact_genomic
apr050#2	HLA-A	1	HLA-A*68:02	HLA-A*68:02		known_exact_genomic
apr051#1	HLA-A	1	HLA-A*26:01	HLA-A*26:01		known_exact_genomic
apr051#2	HLA-A	1	HLA-A*02:01	HLA-A*02:01		known_exact_genomic
apr52#1	HLA-A	1	HLA-A*68:01	HLA-A*68:01		known_exact_genomic
apr52#2	HLA-A	1	HLA-A*24:02	HLA-A*24:02		known_exact_genomic
HIFI032007D#1	HLA-A	1	HLA-A*02:06	HLA-A*02:06		known_exact_genomic
HIFI032007D#2	HLA-A	0		HLA-A*02:355		unresolved_no_exact_match
HIFI032018D#1	HLA-A	1	HLA-A*24:02	HLA-A*24:02		known_exact_genomic
HIFI032018D#2	HLA-A	1	HLA-A*11:01	HLA-A*11:01		known_exact_genomic
HIFI032069D#1	HLA-A	1	HLA-A*11:01	HLA-A*11:01		known_exact_cds
HIFI032069D#2	HLA-A	1	HLA-A*02:03	HLA-A*02:03		known_exact_genomic
HIFI032097D#1	HLA-A	1	HLA-A*33:03	HLA-A*33:03		known_exact_genomic
HIFI032097D#2	HLA-A	0				unresolved_no_exact_match
HIFI032103D#1	HLA-A	1	HLA-A*26:01	HLA-A*26:01		known_exact_cds
HIFI032103D#2	HLA-A	1	HLA-A*29:01	HLA-A*29:01		known_exact_genomic
HIFI032161D#1	HLA-A	1	HLA-A*11:01	HLA-A*11:01		known_exact_genomic
HIFI032161D#2	HLA-A	1	HLA-A*11:01	HLA-A*11:01		known_exact_genomic
HIFI032164D#1	HLA-A	1	HLA-A*11:01	HLA-A*11:01		known_exact_genomic
HIFI032164D#2	HLA-A	1	HLA-A*26:01	HLA-A*26:01		known_exact_genomic
HIFI032167D#1	HLA-A	1	HLA-A*11:01	HLA-A*11:01		known_exact_genomic
HIFI032167D#2	HLA-A	1	HLA-A*02:07	HLA-A*02:07		known_exact_genomic
HIFI032182D#1	HLA-A	1	HLA-A*11:01	HLA-A*11:01		known_exact_genomic
HIFI032182D#2	HLA-A	1	HLA-A*02:03	HLA-A*02:03		known_exact_genomic
HIFI032289D#1	HLA-A	1	HLA-A*02:06	HLA-A*02:06		known_exact_genomic
HIFI032289D#2	HLA-A	1	HLA-A*02:01	HLA-A*02:01		known_exact_genomic
HIFI032292D#1	HLA-A	1	HLA-A*24:07	HLA-A*24:07		known_exact_genomic
HIFI032292D#2	HLA-A	1	HLA-A*11:01	HLA-A*11:01		known_exact_genomic
HIFI032302D#1	HLA-A	1	HLA-A*33:03	HLA-A*33:03		known_exact_genomic
HIFI032302D#2	HLA-A	0				unresolved_no_exact_match
HIFI032306D#1	HLA-A	1	HLA-A*26:18	HLA-A*26:18		known_exact_genomic
HIFI032306D#2	HLA-A	1	HLA-A*26:01	HLA-A*26:01		known_exact_genomic
HIFI032335D#1	HLA-A	1	HLA-A*24:02	HLA-A*24:02		known_exact_genomic
HIFI032349D#1	HLA-A	1	HLA-A*03:01	HLA-A*03:01		known_exact_genomic
HIFI032349D#2	HLA-A	1	HLA-A*02:01	HLA-A*02:01		known_exact_genomic
HIFI032373D#1	HLA-A	1	HLA-A*02:07	HLA-A*02:07		known_exact_genomic
HIFI032373D#2	HLA-A	1	HLA-A*24:02	HLA-A*24:02		known_exact_genomic
HIFI032420D#1	HLA-A	1	HLA-A*24:02	HLA-A*24:02		known_exact_genomic
HIFI032420D#2	HLA-A	1	HLA-A*11:01	HLA-A*11:01		known_exact_genomic
HIFI032422D#1	HLA-A	0			annotation:partial_CDS;incomplete_codon;no_terminal_stop	unresolved_incomplete_or_abnormal_cds
HIFI032422D#2	HLA-A	1	HLA-A*11:02	HLA-A*11:02		known_exact_genomic
HIFI032429D#1	HLA-A	1	HLA-A*11:01	HLA-A*11:01		known_exact_cds
HIFI032429D#2	HLA-A	1	HLA-A*11:01	HLA-A*11:01		known_exact_genomic
HIFI032440D#1	HLA-A	1	HLA-A*11:01	HLA-A*11:01		known_exact_genomic
HIFI032440D#2	HLA-A	0		HLA-A*24:15	annotation:partial_CDS;incomplete_codon;no_terminal_stop	unresolved_incomplete_or_abnormal_cds
HIFI032450D#1	HLA-A	1	HLA-A*11:01	HLA-A*11:01		known_exact_genomic
HIFI032450D#2	HLA-A	1	HLA-A*02:01	HLA-A*02:01		known_exact_genomic
HIFI032453D#1	HLA-A	1	HLA-A*02:01	HLA-A*02:01		known_exact_genomic
HIFI032453D#2	HLA-A	0			annotation:partial_CDS;incomplete_codon;no_terminal_stop	unresolved_incomplete_or_abnormal_cds
HIFI032454D#1	HLA-A	1	HLA-A*23:01	HLA-A*23:01		known_exact_genomic
HIFI032454D#2	HLA-A	1	HLA-A*24:02	HLA-A*24:02		known_exact_genomic
HIFI032462D#1	HLA-A	1	HLA-A*26:01	HLA-A*26:01		known_exact_genomic
HIFI032462D#2	HLA-A	1	HLA-A*24:02	HLA-A*24:02		known_exact_genomic
HIFI032473D#1	HLA-A	1	HLA-A*02:03	HLA-A*02:03		known_exact_genomic
HIFI032473D#2	HLA-A	1	HLA-A*11:02	HLA-A*11:02		known_exact_genomic
HIFI032487D#1	HLA-A	0				unresolved_no_exact_match
HIFI032487D#2	HLA-A	1	HLA-A*02:03	HLA-A*02:03		known_exact_genomic
HIFI032501D#1	HLA-A	1	HLA-A*02:06	HLA-A*02:06		known_exact_genomic
HIFI032501D#2	HLA-A	1	HLA-A*31:01	HLA-A*31:01		known_exact_genomic
HIFI032510D#1	HLA-A	1	HLA-A*02:03	HLA-A*02:03		known_exact_genomic
HIFI032510D#2	HLA-A	1	HLA-A*02:03	HLA-A*02:03		known_exact_genomic
HIFI032513D#1	HLA-A	1	HLA-A*02:03	HLA-A*02:03		known_exact_genomic
HIFI032513D#2	HLA-A	1	HLA-A*11:01	HLA-A*11:01		known_exact_genomic
HIFI032529D#1	HLA-A	1	HLA-A*11:01	HLA-A*11:01		known_exact_genomic
HIFI032529D#2	HLA-A	1	HLA-A*11:01	HLA-A*11:01		known_exact_cds
HIFI032566D#1	HLA-A	1	HLA-A*02:06	HLA-A*02:06		known_exact_genomic
HIFI032566D#2	HLA-A	1	HLA-A*24:02	HLA-A*24:02		known_exact_cds
HIFI032567D#1	HLA-A	1	HLA-A*02:01	HLA-A*02:01		known_exact_genomic
HIFI032567D#2	HLA-A	1	HLA-A*31:01	HLA-A*31:01		known_exact_genomic
HIFI032585D#1	HLA-A	1	HLA-A*02:01	HLA-A*02:01		known_exact_genomic
HIFI032585D#2	HLA-A	1	HLA-A*11:01	HLA-A*11:01		known_exact_genomic
HIFI032586D#1	HLA-A	1	HLA-A*11:01	HLA-A*11:01		known_exact_genomic
HIFI032586D#2	HLA-A	1	HLA-A*11:01	HLA-A*11:01		known_exact_genomic
HIFI032591D#1	HLA-A	1	HLA-A*02:01	HLA-A*02:01		known_exact_genomic
HIFI032591D#2	HLA-A	1	HLA-A*24:02	HLA-A*24:02		known_exact_cds
HIFI032604D#1	HLA-A	1	HLA-A*02:06	HLA-A*02:06		known_exact_genomic
HIFI032604D#2	HLA-A	1	HLA-A*11:01	HLA-A*11:01		known_exact_genomic
HIFI032607D#1	HLA-A	1	HLA-A*30:01	HLA-A*30:01		known_exact_genomic
HIFI032607D#2	HLA-A	1	HLA-A*03:01	HLA-A*03:01		known_exact_genomic
HIFI032662D#1	HLA-A	1	HLA-A*31:01	HLA-A*31:01		known_exact_genomic
HIFI032662D#2	HLA-A	1	HLA-A*11:01	HLA-A*11:01		known_exact_genomic
HIFI032668D#1	HLA-A	1	HLA-A*30:01	HLA-A*30:01		known_exact_genomic
HIFI032668D#2	HLA-A	1	HLA-A*24:02	HLA-A*24:02		known_exact_genomic
HIFI032682D#1	HLA-A	1	HLA-A*11:01	HLA-A*11:01		known_exact_genomic
HIFI032682D#2	HLA-A	1	HLA-A*11:01	HLA-A*11:01		known_exact_genomic
HIFI032685D#1	HLA-A	1	HLA-A*11:01	HLA-A*11:01		known_exact_genomic
HIFI032685D#2	HLA-A	0			annotation:partial_CDS;incomplete_codon;no_terminal_stop	unresolved_incomplete_or_abnormal_cds
HIFI032692D#1	HLA-A	1	HLA-A*02:01	HLA-A*02:01		known_exact_cds
HIFI032692D#2	HLA-A	1	HLA-A*30:01	HLA-A*30:01		known_exact_genomic
HIFI032693D#1	HLA-A	0				unresolved_no_exact_match
HIFI032693D#2	HLA-A	1	HLA-A*31:01	HLA-A*31:01		known_exact_genomic
HIFI032698D#1	HLA-A	1	HLA-A*31:01	HLA-A*31:01		known_exact_genomic
HIFI032698D#2	HLA-A	1	HLA-A*02:06	HLA-A*02:06		known_exact_genomic
HIFI032706D#1	HLA-A	1	HLA-A*24:02	HLA-A*24:02		known_exact_genomic
HIFI032706D#2	HLA-A	1	HLA-A*02:05	HLA-A*02:05		known_exact_genomic
HIFI032711D#1	HLA-A	1	HLA-A*11:01	HLA-A*11:01		known_exact_genomic
HIFI032711D#2	HLA-A	1	HLA-A*11:01	HLA-A*11:01		known_exact_genomic
HIFI032731D#1	HLA-A	1	HLA-A*11:01	HLA-A*11:01		known_exact_genomic
HIFI032731D#2	HLA-A	1	HLA-A*11:03	HLA-A*11:03		known_exact_genomic
RY01#1	HLA-A	1	HLA-A*11:01	HLA-A*11:01		known_exact_genomic
RY01#2	HLA-A	1	HLA-A*11:01	HLA-A*11:01		known_exact_genomic
RY02#1	HLA-A	1	HLA-A*02:01	HLA-A*02:01		known_exact_genomic
RY02#2	HLA-A	1	HLA-A*02:07	HLA-A*02:07		known_exact_genomic
RY03#1	HLA-A	1	HLA-A*30:01	HLA-A*30:01		known_exact_genomic
RY03#2	HLA-A	0				known_exact_protein
RY04#1	HLA-A	1	HLA-A*11:01	HLA-A*11:01		known_exact_genomic
RY04#2	HLA-A	1	HLA-A*11:01	HLA-A*11:01		known_exact_genomic
RY05#1	HLA-A	1	HLA-A*02:01	HLA-A*02:01		known_exact_genomic
RY05#2	HLA-A	1	HLA-A*24:02	HLA-A*24:02		known_exact_genomic
RY06#1	HLA-A	1	HLA-A*32:01	HLA-A*32:01		known_exact_genomic
RY06#2	HLA-A	1	HLA-A*02:01	HLA-A*02:01		known_exact_genomic
RY07#1	HLA-A	1	HLA-A*24:02	HLA-A*24:02		known_exact_genomic
RY07#2	HLA-A	1	HLA-A*02:01	HLA-A*02:01		known_exact_genomic
RY08#1	HLA-A	1	HLA-A*11:01	HLA-A*11:01		known_exact_genomic
RY08#2	HLA-A	1	HLA-A*11:01	HLA-A*11:01		known_exact_genomic
RY09#1	HLA-A	1	HLA-A*02:06	HLA-A*02:06		known_exact_genomic
RY09#2	HLA-A	1	HLA-A*30:01	HLA-A*30:01		known_exact_genomic
RY10#1	HLA-A	1	HLA-A*24:02	HLA-A*24:02		known_exact_genomic
RY10#2	HLA-A	1	HLA-A*24:02	HLA-A*24:02		known_exact_genomic
RY11#1	HLA-A	0			annotation:partial_CDS;incomplete_codon;no_terminal_stop	unresolved_incomplete_or_abnormal_cds
RY11#2	HLA-A	1	HLA-A*02:06	HLA-A*02:06		known_exact_genomic
HG00408#1	HLA-A	1	HLA-A*11:01	HLA-A*11:01		known_exact_genomic
HG00408#2	HLA-A	1	HLA-A*02:07	HLA-A*02:07		known_exact_genomic
HG00423#1	HLA-A	1	HLA-A*02:07	HLA-A*02:07		known_exact_genomic
HG00423#2	HLA-A	1	HLA-A*11:01	HLA-A*11:01		known_exact_genomic
HG00438#1	HLA-A	1	HLA-A*24:02	HLA-A*24:02		known_exact_genomic
HG00438#2	HLA-A	1	HLA-A*02:06	HLA-A*02:06		known_exact_genomic
HG005#1	HLA-A	1	HLA-A*24:02	HLA-A*24:02		known_exact_genomic
HG005#2	HLA-A	1	HLA-A*24:02	HLA-A*24:02		known_exact_genomic
HG00544#1	HLA-A	1	HLA-A*11:01	HLA-A*11:01		known_exact_genomic
HG00544#2	HLA-A	1	HLA-A*02:07	HLA-A*02:07		known_exact_genomic
HG00558#1	HLA-A	1	HLA-A*02:01	HLA-A*02:01		known_exact_genomic
HG00558#2	HLA-A	1	HLA-A*01:01	HLA-A*01:01		known_exact_genomic
HG00597#1	HLA-A	1	HLA-A*11:01	HLA-A*11:01		known_exact_genomic
HG00597#2	HLA-A	1	HLA-A*24:02	HLA-A*24:02		known_exact_genomic
HG00609#1	HLA-A	1	HLA-A*26:01	HLA-A*26:01		known_exact_genomic
HG00609#2	HLA-A	1	HLA-A*24:02	HLA-A*24:02		known_exact_genomic
HG00621#1	HLA-A	1	HLA-A*02:01	HLA-A*02:01		known_exact_genomic
HG00621#2	HLA-A	1	HLA-A*11:01	HLA-A*11:01		known_exact_genomic
HG00658#1	HLA-A	1	HLA-A*11:01	HLA-A*11:01		known_exact_genomic
HG00658#2	HLA-A	1	HLA-A*11:01	HLA-A*11:01		known_exact_genomic
HG00673#1	HLA-A	1	HLA-A*02:06	HLA-A*02:06		known_exact_genomic
HG00673#2	HLA-A	1	HLA-A*02:03	HLA-A*02:03		known_exact_genomic
HG00706#1	HLA-A	1	HLA-A*02:01	HLA-A*02:01		known_exact_genomic
HG00706#2	HLA-A	1	HLA-A*11:01	HLA-A*11:01		known_exact_genomic
HG02015#1	HLA-A	1	HLA-A*03:01	HLA-A*03:01		known_exact_genomic
HG02015#2	HLA-A	1	HLA-A*33:03	HLA-A*33:03		known_exact_genomic
HG02027#1	HLA-A	1	HLA-A*11:01	HLA-A*11:01		known_exact_genomic
HG02027#2	HLA-A	1	HLA-A*02:03	HLA-A*02:03		known_exact_genomic
HG02040#1	HLA-A	1	HLA-A*29:01	HLA-A*29:01		known_exact_genomic
HG02040#2	HLA-A	1	HLA-A*02:03	HLA-A*02:03		known_exact_genomic
HG02056#1	HLA-A	1	HLA-A*33:03	HLA-A*33:03		known_exact_genomic
HG02056#2	HLA-A	1	HLA-A*31:01	HLA-A*31:01		known_exact_genomic
HG02071#1	HLA-A	1	HLA-A*02:07	HLA-A*02:07		known_exact_genomic
HG02071#2	HLA-A	1	HLA-A*24:07	HLA-A*24:07		known_exact_genomic
HG02074#1	HLA-A	1	HLA-A*02:07	HLA-A*02:07		known_exact_genomic
HG02074#2	HLA-A	1	HLA-A*11:01	HLA-A*11:01		known_exact_cds
HG02080#1	HLA-A	1	HLA-A*33:03	HLA-A*33:03		known_exact_genomic
HG02080#2	HLA-A	1	HLA-A*01:01	HLA-A*01:01		known_exact_genomic
HG02083#1	HLA-A	1	HLA-A*11:01	HLA-A*11:01		known_exact_genomic
HG02083#2	HLA-A	1	HLA-A*01:01	HLA-A*01:01		known_exact_genomic
HG02129#1	HLA-A	1	HLA-A*33:03	HLA-A*33:03		known_exact_genomic
HG02129#2	HLA-A	1	HLA-A*24:02	HLA-A*24:02		known_exact_genomic
HG02132#1	HLA-A	1	HLA-A*26:01	HLA-A*26:01		known_exact_genomic
HG02132#2	HLA-A	1	HLA-A*29:01	HLA-A*29:01		known_exact_genomic
HG02135#1	HLA-A	1	HLA-A*24:02	HLA-A*24:02		known_exact_genomic
HG02135#2	HLA-A	1	HLA-A*02:03	HLA-A*02:03		known_exact_genomic
HG02155#1	HLA-A	1	HLA-A*11:01	HLA-A*11:01		known_exact_cds
HG02155#2	HLA-A	1	HLA-A*02:01	HLA-A*02:01		known_exact_genomic
HG02165#1	HLA-A	1	HLA-A*11:02	HLA-A*11:02		known_exact_genomic
HG02165#2	HLA-A	1	HLA-A*02:07	HLA-A*02:07		known_exact_genomic
HG02178#1	HLA-A	1	HLA-A*11:02	HLA-A*11:02		known_exact_genomic
HG02178#2	HLA-A	1	HLA-A*11:01	HLA-A*11:01		known_exact_genomic
HG02391#1	HLA-A	1	HLA-A*11:01	HLA-A*11:01		known_exact_genomic
HG02391#2	HLA-A	1	HLA-A*11:02	HLA-A*11:02		known_exact_genomic
HG02392#1	HLA-A	1	HLA-A*11:01	HLA-A*11:01		known_exact_genomic
HG02392#2	HLA-A	1	HLA-A*24:07	HLA-A*24:07		known_exact_genomic
HG02514#1	HLA-A	1	HLA-A*33:03	HLA-A*33:03		known_exact_cds
HG02514#2	HLA-A	1	HLA-A*11:01	HLA-A*11:01		known_exact_genomic
HG02523#1	HLA-A	1	HLA-A*11:01	HLA-A*11:01		known_exact_genomic
HG02523#2	HLA-A	1	HLA-A*02:07	HLA-A*02:07		known_exact_genomic
NA18565#1	HLA-A	1	HLA-A*24:02	HLA-A*24:02		known_exact_genomic
NA18565#2	HLA-A	1	HLA-A*11:01	HLA-A*11:01		known_exact_genomic
NA18570#1	HLA-A	1	HLA-A*02:01	HLA-A*02:01		known_exact_genomic
NA18570#2	HLA-A	1	HLA-A*02:06	HLA-A*02:06		known_exact_genomic
NA18608#1	HLA-A	1	HLA-A*24:02	HLA-A*24:02		known_exact_genomic
NA18608#2	HLA-A	1	HLA-A*31:01	HLA-A*31:01		known_exact_genomic
NA18620#1	HLA-A	1	HLA-A*32:01	HLA-A*32:01		known_exact_genomic
NA18620#2	HLA-A	1	HLA-A*02:01	HLA-A*02:01		known_exact_genomic
NA18747#1	HLA-A	1	HLA-A*02:01	HLA-A*02:01		known_exact_genomic
NA18747#2	HLA-A	1	HLA-A*01:01	HLA-A*01:01		known_exact_genomic
NA18940#1	HLA-A	1	HLA-A*24:02	HLA-A*24:02		known_exact_genomic
NA18940#2	HLA-A	1	HLA-A*24:02	HLA-A*24:02		known_exact_genomic
NA18943#1	HLA-A	1	HLA-A*02:07	HLA-A*02:07		known_exact_genomic
NA18943#2	HLA-A	1	HLA-A*02:06	HLA-A*02:06		known_exact_genomic
NA18944#1	HLA-A	1	HLA-A*02:06	HLA-A*02:06		known_exact_genomic
NA18944#2	HLA-A	1	HLA-A*24:02	HLA-A*24:02		known_exact_genomic
NA18945#1	HLA-A	1	HLA-A*33:03	HLA-A*33:03		known_exact_genomic
NA18945#2	HLA-A	1	HLA-A*31:01	HLA-A*31:01		known_exact_genomic
NA18948#1	HLA-A	1	HLA-A*30:01	HLA-A*30:01		known_exact_genomic
NA18948#2	HLA-A	1	HLA-A*26:01	HLA-A*26:01		known_exact_genomic
NA18952#1	HLA-A	1	HLA-A*24:02	HLA-A*24:02		known_exact_genomic
NA18952#2	HLA-A	1	HLA-A*31:01	HLA-A*31:01		known_exact_genomic
NA18959#1	HLA-A	1	HLA-A*24:02	HLA-A*24:02		known_exact_genomic
NA18959#2	HLA-A	1	HLA-A*11:01	HLA-A*11:01		known_exact_genomic
NA18960#1	HLA-A	1	HLA-A*24:02	HLA-A*24:02		known_exact_genomic
NA18960#2	HLA-A	1	HLA-A*24:02	HLA-A*24:02		known_exact_genomic
NA18967#1	HLA-A	1	HLA-A*24:02	HLA-A*24:02		known_exact_genomic
NA18967#2	HLA-A	1	HLA-A*24:02	HLA-A*24:02		known_exact_genomic
NA18970#1	HLA-A	1	HLA-A*26:01	HLA-A*26:01		known_exact_genomic
NA18970#2	HLA-A	1	HLA-A*24:02	HLA-A*24:02		known_exact_genomic
NA18971#1	HLA-A	1	HLA-A*24:02	HLA-A*24:02		known_exact_genomic
NA18971#2	HLA-A	1	HLA-A*02:06	HLA-A*02:06		known_exact_genomic
NA18974#1	HLA-A	1	HLA-A*26:01	HLA-A*26:01		known_exact_genomic
NA18974#2	HLA-A	1	HLA-A*02:01	HLA-A*02:01		known_exact_genomic
NA18976#1	HLA-A	1	HLA-A*33:03	HLA-A*33:03		known_exact_genomic
NA18976#2	HLA-A	1	HLA-A*33:03	HLA-A*33:03		known_exact_genomic
NA18982#1	HLA-A	1	HLA-A*24:02	HLA-A*24:02		known_exact_genomic
NA18982#2	HLA-A	1	HLA-A*24:02	HLA-A*24:02		known_exact_genomic
NA18983#1	HLA-A	1	HLA-A*02:06	HLA-A*02:06		known_exact_genomic
NA18983#2	HLA-A	1	HLA-A*11:01	HLA-A*11:01		known_exact_genomic
NA19087#1	HLA-A	1	HLA-A*02:01	HLA-A*02:01		known_exact_genomic
NA19087#2	HLA-A	1	HLA-A*33:03	HLA-A*33:03		known_exact_genomic
hg002#1	HLA-A	1	HLA-A*26:01	HLA-A*26:01		known_exact_genomic
hg002#2	HLA-A	1	HLA-A*01:01	HLA-A*01:01		known_exact_genomic
HG00097#1	HLA-A	1	HLA-A*03:01	HLA-A*03:01		known_exact_genomic
HG00097#2	HLA-A	1	HLA-A*24:02	HLA-A*24:02		known_exact_genomic
HG00099#1	HLA-A	1	HLA-A*68:01	HLA-A*68:01		known_exact_genomic
HG00099#2	HLA-A	1	HLA-A*01:01	HLA-A*01:01		known_exact_genomic
HG00126#1	HLA-A	1	HLA-A*24:02	HLA-A*24:02		known_exact_genomic
HG00126#2	HLA-A	1	HLA-A*29:02	HLA-A*29:02		known_exact_genomic
HG00128#1	HLA-A	1	HLA-A*02:01	HLA-A*02:01		known_exact_genomic
HG00128#2	HLA-A	1	HLA-A*02:01	HLA-A*02:01		known_exact_genomic
HG00133#1	HLA-A	1	HLA-A*32:01	HLA-A*32:01		known_exact_genomic
HG00133#2	HLA-A	1	HLA-A*02:01	HLA-A*02:01		known_exact_genomic
HG00140#1	HLA-A	1	HLA-A*31:01	HLA-A*31:01		known_exact_genomic
HG00140#2	HLA-A	1	HLA-A*01:01	HLA-A*01:01		known_exact_genomic
HG00146#1	HLA-A	1	HLA-A*01:01	HLA-A*01:01		known_exact_genomic
HG00146#2	HLA-A	1	HLA-A*25:01	HLA-A*25:01		known_exact_genomic
HG00232#1	HLA-A	1	HLA-A*03:01	HLA-A*03:01		known_exact_genomic
HG00232#2	HLA-A	1	HLA-A*03:01	HLA-A*03:01		known_exact_genomic
HG00235#1	HLA-A	1	HLA-A*68:01	HLA-A*68:01		known_exact_genomic
HG00235#2	HLA-A	1	HLA-A*26:01	HLA-A*26:01		known_exact_genomic
HG00253#1	HLA-A	1	HLA-A*25:01	HLA-A*25:01		known_exact_genomic
HG00253#2	HLA-A	1	HLA-A*01:01	HLA-A*01:01		known_exact_genomic
HG00272#1	HLA-A	1	HLA-A*32:01	HLA-A*32:01		known_exact_genomic
HG00272#2	HLA-A	1	HLA-A*01:01	HLA-A*01:01		known_exact_genomic
HG00280#1	HLA-A	1	HLA-A*02:01	HLA-A*02:01		known_exact_genomic
HG00280#2	HLA-A	1	HLA-A*03:01	HLA-A*03:01		known_exact_genomic
HG00290#1	HLA-A	1	HLA-A*03:01	HLA-A*03:01		known_exact_genomic
HG00290#2	HLA-A	1	HLA-A*02:01	HLA-A*02:01		known_exact_genomic
HG00320#1	HLA-A	1	HLA-A*30:01	HLA-A*30:01		known_exact_genomic
HG00320#2	HLA-A	1	HLA-A*03:01	HLA-A*03:01		known_exact_genomic
HG00321#1	HLA-A	1	HLA-A*02:01	HLA-A*02:01		known_exact_genomic
HG00321#2	HLA-A	1	HLA-A*02:01	HLA-A*02:01		known_exact_genomic
HG00323#1	HLA-A	1	HLA-A*24:02	HLA-A*24:02		known_exact_genomic
HG00323#2	HLA-A	1	HLA-A*24:02	HLA-A*24:02		known_exact_genomic
HG00329#1	HLA-A	1	HLA-A*02:01	HLA-A*02:01		known_exact_genomic
HG00329#2	HLA-A	1	HLA-A*31:01	HLA-A*31:01		known_exact_genomic
HG00344#1	HLA-A	1	HLA-A*02:01	HLA-A*02:01		known_exact_genomic
HG00344#2	HLA-A	1	HLA-A*03:01	HLA-A*03:01		known_exact_genomic
HG00350#1	HLA-A	1	HLA-A*02:01	HLA-A*02:01		known_exact_genomic
HG00350#2	HLA-A	1	HLA-A*02:01	HLA-A*02:01		known_exact_genomic
HG00639#1	HLA-A	1	HLA-A*02:01	HLA-A*02:01		known_exact_genomic
HG00639#2	HLA-A	1	HLA-A*03:01	HLA-A*03:01		known_exact_genomic
HG00642#1	HLA-A	1	HLA-A*30:02	HLA-A*30:02		known_exact_genomic
HG00642#2	HLA-A	1	HLA-A*23:17	HLA-A*23:17		known_exact_genomic
HG00733#1	HLA-A	1	HLA-A*24:02	HLA-A*24:02		known_exact_genomic
HG00733#2	HLA-A	1	HLA-A*30:02	HLA-A*30:02		known_exact_genomic
HG00735#1	HLA-A	1	HLA-A*31:01	HLA-A*31:01		known_exact_genomic
HG00735#2	HLA-A	1	HLA-A*33:01	HLA-A*33:01		known_exact_genomic
HG00738#1	HLA-A	1	HLA-A*01:01	HLA-A*01:01		known_exact_genomic
HG00738#2	HLA-A	1	HLA-A*68:01	HLA-A*68:01		known_exact_genomic
HG00741#1	HLA-A	1	HLA-A*11:01	HLA-A*11:01		known_exact_genomic
HG00741#2	HLA-A	1	HLA-A*68:02	HLA-A*68:02		known_exact_genomic
HG01071#1	HLA-A	1	HLA-A*24:02	HLA-A*24:02		known_exact_cds
HG01071#2	HLA-A	1	HLA-A*03:01	HLA-A*03:01		known_exact_genomic
HG01074#1	HLA-A	1	HLA-A*01:01	HLA-A*01:01		known_exact_genomic
HG01074#2	HLA-A	1	HLA-A*29:02	HLA-A*29:02		known_exact_genomic
HG01081#1	HLA-A	1	HLA-A*24:02	HLA-A*24:02		known_exact_genomic
HG01081#2	HLA-A	1	HLA-A*23:17	HLA-A*23:17		known_exact_genomic
HG01099#1	HLA-A	1	HLA-A*11:01	HLA-A*11:01		known_exact_genomic
HG01099#2	HLA-A	1	HLA-A*29:02	HLA-A*29:02		known_exact_genomic
HG01106#1	HLA-A	1	HLA-A*68:02	HLA-A*68:02		known_exact_genomic
HG01106#2	HLA-A	1	HLA-A*31:01	HLA-A*31:01		known_exact_genomic
HG01109#1	HLA-A	1	HLA-A*68:01	HLA-A*68:01		known_exact_genomic
HG01109#2	HLA-A	1	HLA-A*30:02	HLA-A*30:02		known_exact_genomic
HG01123#1	HLA-A	1	HLA-A*02:01	HLA-A*02:01		known_exact_genomic
HG01123#2	HLA-A	1	HLA-A*25:01	HLA-A*25:01		known_exact_genomic
HG01150#1	HLA-A	1	HLA-A*32:01	HLA-A*32:01		known_exact_genomic
HG01150#2	HLA-A	1	HLA-A*31:01	HLA-A*31:01		known_exact_genomic
HG01167#1	HLA-A	1	HLA-A*02:11	HLA-A*02:11		known_exact_genomic
HG01167#2	HLA-A	1	HLA-A*29:02	HLA-A*29:02		known_exact_genomic
HG01175#1	HLA-A	1	HLA-A*03:01	HLA-A*03:01		known_exact_genomic
HG01175#2	HLA-A	1	HLA-A*03:01	HLA-A*03:01		known_exact_genomic
HG01192#1	HLA-A	1	HLA-A*02:01	HLA-A*02:01		known_exact_genomic
HG01192#2	HLA-A	1	HLA-A*02:01	HLA-A*02:01		known_exact_genomic
HG01243#1	HLA-A	1	HLA-A*74:01	HLA-A*74:01		known_exact_genomic
HG01243#2	HLA-A	1	HLA-A*02:02	HLA-A*02:02		known_exact_genomic
HG01252#1	HLA-A	1	HLA-A*24:02	HLA-A*24:02		known_exact_genomic
HG01252#2	HLA-A	1	HLA-A*24:02	HLA-A*24:02		known_exact_genomic
HG01255#1	HLA-A	1	HLA-A*30:02	HLA-A*30:02		known_exact_genomic
HG01255#2	HLA-A	1	HLA-A*02:02	HLA-A*02:02		known_exact_genomic
HG01258#1	HLA-A	1	HLA-A*02:147	HLA-A*02:147		known_exact_genomic
HG01258#2	HLA-A	1	HLA-A*03:01	HLA-A*03:01		known_exact_genomic
HG01261#1	HLA-A	1	HLA-A*03:01	HLA-A*03:01		known_exact_genomic
HG01261#2	HLA-A	1	HLA-A*03:01	HLA-A*03:01		known_exact_genomic
HG01346#1	HLA-A	1	HLA-A*24:02	HLA-A*24:02		known_exact_genomic
HG01346#2	HLA-A	1	HLA-A*03:01	HLA-A*03:01		known_exact_genomic
HG01358#1	HLA-A	1	HLA-A*24:02	HLA-A*24:02		known_exact_genomic
HG01358#2	HLA-A	1	HLA-A*30:02	HLA-A*30:02		known_exact_genomic
HG01361#1	HLA-A	1	HLA-A*34:02	HLA-A*34:02		known_exact_genomic
HG01361#2	HLA-A	1	HLA-A*02:01	HLA-A*02:01		known_exact_genomic
HG01433#1	HLA-A	1	HLA-A*02:01	HLA-A*02:01		known_exact_genomic
HG01433#2	HLA-A	1	HLA-A*02:01	HLA-A*02:01		known_exact_genomic
HG01496#1	HLA-A	1	HLA-A*02:01	HLA-A*02:01		known_exact_genomic
HG01496#2	HLA-A	1	HLA-A*24:02	HLA-A*24:02		known_exact_genomic
HG01530#1	HLA-A	1	HLA-A*02:01	HLA-A*02:01		known_exact_genomic
HG01530#2	HLA-A	1	HLA-A*24:02	HLA-A*24:02		known_exact_genomic
HG01784#1	HLA-A	1	HLA-A*02:01	HLA-A*02:01		known_exact_genomic
HG01784#2	HLA-A	1	HLA-A*23:01	HLA-A*23:01		known_exact_genomic
HG01786#1	HLA-A	1	HLA-A*02:01	HLA-A*02:01		known_exact_genomic
HG01786#2	HLA-A	1	HLA-A*03:01	HLA-A*03:01		known_exact_genomic
HG01884#1	HLA-A	1	HLA-A*33:03	HLA-A*33:03		known_exact_genomic
HG01884#2	HLA-A	1	HLA-A*30:01	HLA-A*30:01		known_exact_genomic
HG01891#1	HLA-A	1	HLA-A*30:01	HLA-A*30:01		known_exact_genomic
HG01891#2	HLA-A	1	HLA-A*30:01	HLA-A*30:01		known_exact_genomic
HG01928#1	HLA-A	1	HLA-A*02:01	HLA-A*02:01		known_exact_genomic
HG01928#2	HLA-A	1	HLA-A*02:01	HLA-A*02:01		known_exact_genomic
HG01934#1	HLA-A	1	HLA-A*29:02	HLA-A*29:02		known_exact_genomic
HG01934#2	HLA-A	1	HLA-A*02:64	HLA-A*02:64		known_exact_genomic
HG01940#1	HLA-A	1	HLA-A*02:11	HLA-A*02:11		known_exact_genomic
HG01940#2	HLA-A	1	HLA-A*02:01	HLA-A*02:01		known_exact_genomic
HG01943#1	HLA-A	1	HLA-A*02:01	HLA-A*02:01		known_exact_genomic
HG01943#2	HLA-A	1	HLA-A*02:01	HLA-A*02:01		known_exact_genomic
HG01952#1	HLA-A	1	HLA-A*68:01	HLA-A*68:01		known_exact_genomic
HG01952#2	HLA-A	1	HLA-A*02:11	HLA-A*02:11		known_exact_cds
HG01960#1	HLA-A	1	HLA-A*03:01	HLA-A*03:01		known_exact_genomic
HG01960#2	HLA-A	1	HLA-A*34:02	HLA-A*34:02		known_exact_genomic
HG01969#1	HLA-A	1	HLA-A*01:01	HLA-A*01:01		known_exact_genomic
HG01969#2	HLA-A	1	HLA-A*02:01	HLA-A*02:01		known_exact_genomic
HG01975#1	HLA-A	1	HLA-A*68:01	HLA-A*68:01		known_exact_genomic
HG01975#2	HLA-A	1	HLA-A*02:01	HLA-A*02:01		known_exact_genomic
HG01978#1	HLA-A	1	HLA-A*68:17	HLA-A*68:17		known_exact_genomic
HG01978#2	HLA-A	1	HLA-A*68:01	HLA-A*68:01		known_exact_genomic
HG01981#1	HLA-A	1	HLA-A*02:01	HLA-A*02:01		known_exact_genomic
HG01981#2	HLA-A	1	HLA-A*02:11	HLA-A*02:11		known_exact_genomic
HG01993#1	HLA-A	1	HLA-A*02:01	HLA-A*02:01		known_exact_genomic
HG01993#2	HLA-A	1	HLA-A*11:01	HLA-A*11:01		known_exact_genomic
HG02004#1	HLA-A	1	HLA-A*02:11	HLA-A*02:11		known_exact_genomic
HG02004#2	HLA-A	1	HLA-A*02:01	HLA-A*02:01		known_exact_genomic
HG02055#1	HLA-A	1	HLA-A*30:01	HLA-A*30:01		known_exact_genomic
HG02055#2	HLA-A	1	HLA-A*23:01	HLA-A*23:01		known_exact_genomic
HG02109#1	HLA-A	1	HLA-A*23:01	HLA-A*23:01		known_exact_genomic
HG02109#2	HLA-A	1	HLA-A*33:03	HLA-A*33:03		known_exact_genomic
HG02145#1	HLA-A	1	HLA-A*01:01	HLA-A*01:01		known_exact_genomic
HG02145#2	HLA-A	1	HLA-A*33:01	HLA-A*33:01		known_exact_genomic
HG02148#1	HLA-A	1	HLA-A*02:01	HLA-A*02:01		known_exact_genomic
HG02148#2	HLA-A	1	HLA-A*30:02	HLA-A*30:02		known_exact_genomic
HG02257#1	HLA-A	1	HLA-A*32:01	HLA-A*32:01		known_exact_genomic
HG02257#2	HLA-A	1	HLA-A*68:01	HLA-A*68:01		known_exact_genomic
HG02258#1	HLA-A	1	HLA-A*34:02	HLA-A*34:02		known_exact_genomic
HG02258#2	HLA-A	1	HLA-A*34:02	HLA-A*34:02		known_exact_genomic
HG02273#1	HLA-A	1	HLA-A*02:01	HLA-A*02:01		known_exact_genomic
HG02273#2	HLA-A	1	HLA-A*02:01	HLA-A*02:01		known_exact_genomic
HG02280#1	HLA-A	1	HLA-A*30:01	HLA-A*30:01		known_exact_genomic
HG02280#2	HLA-A	1	HLA-A*74:01	HLA-A*74:01		known_exact_genomic
HG02293#1	HLA-A	1	HLA-A*68:17	HLA-A*68:17		known_exact_genomic
HG02293#2	HLA-A	1	HLA-A*02:01	HLA-A*02:01		known_exact_genomic
HG02300#1	HLA-A	1	HLA-A*02:39	HLA-A*02:39		known_exact_genomic
HG02300#2	HLA-A	1	HLA-A*02:01	HLA-A*02:01		known_exact_genomic
HG02451#1	HLA-A	1	HLA-A*23:01	HLA-A*23:01		known_exact_genomic
HG02451#2	HLA-A	1	HLA-A*74:01	HLA-A*74:01		known_exact_genomic
HG02486#1	HLA-A	1	HLA-A*74:01	HLA-A*74:01		known_exact_genomic
HG02486#2	HLA-A	1	HLA-A*30:01	HLA-A*30:01		known_exact_genomic
HG02559#1	HLA-A	1	HLA-A*01:01	HLA-A*01:01		known_exact_genomic
HG02559#2	HLA-A	1	HLA-A*66:01	HLA-A*66:01		known_exact_genomic
HG02572#1	HLA-A	1	HLA-A*68:02	HLA-A*68:02		known_exact_genomic
HG02572#2	HLA-A	1	HLA-A*34:02	HLA-A*34:02		known_exact_genomic
HG02583#1	HLA-A	1	HLA-A*30:01	HLA-A*30:01		known_exact_genomic
HG02583#2	HLA-A	1	HLA-A*26:01	HLA-A*26:01		known_exact_genomic
HG02602#1	HLA-A	1	HLA-A*02:05	HLA-A*02:05		known_exact_genomic
HG02602#2	HLA-A	1	HLA-A*68:01	HLA-A*68:01		known_exact_genomic
HG02615#1	HLA-A	1	HLA-A*30:01	HLA-A*30:01		known_exact_genomic
HG02615#2	HLA-A	1	HLA-A*23:01	HLA-A*23:01		known_exact_genomic
HG02622#1	HLA-A	1	HLA-A*68:02	HLA-A*68:02		known_exact_genomic
HG02622#2	HLA-A	1	HLA-A*74:01	HLA-A*74:01		known_exact_genomic
HG02630#1	HLA-A	1	HLA-A*02:01	HLA-A*02:01		known_exact_genomic
HG02630#2	HLA-A	1	HLA-A*03:01	HLA-A*03:01		known_exact_genomic
HG02647#1	HLA-A	1	HLA-A*34:02	HLA-A*34:02		known_exact_genomic
HG02647#2	HLA-A	1	HLA-A*23:01	HLA-A*23:01		known_exact_genomic
HG02668#1	HLA-A	1	HLA-A*30:02	HLA-A*30:02		known_exact_genomic
HG02668#2	HLA-A	1	HLA-A*68:01	HLA-A*68:01		known_exact_genomic
HG02698#1	HLA-A	1	HLA-A*32:01	HLA-A*32:01		known_exact_genomic
HG02698#2	HLA-A	1	HLA-A*68:01	HLA-A*68:01		known_exact_genomic
HG02717#1	HLA-A	1	HLA-A*66:01	HLA-A*66:01		known_exact_genomic
HG02717#2	HLA-A	1	HLA-A*30:02	HLA-A*30:02		known_exact_genomic
HG02723#1	HLA-A	1	HLA-A*26:01	HLA-A*26:01		known_exact_genomic
HG02723#2	HLA-A	1	HLA-A*33:01	HLA-A*33:01		known_exact_genomic
HG02735#1	HLA-A	1	HLA-A*11:01	HLA-A*11:01		known_exact_genomic
HG02735#2	HLA-A	1	HLA-A*33:03	HLA-A*33:03		known_exact_genomic
HG02738#1	HLA-A	1	HLA-A*26:01	HLA-A*26:01		known_exact_genomic
HG02738#2	HLA-A	1	HLA-A*23:01	HLA-A*23:01		known_exact_genomic
HG02809#1	HLA-A	1	HLA-A*26:01	HLA-A*26:01		known_exact_genomic
HG02809#2	HLA-A	1	HLA-A*30:02	HLA-A*30:02		known_exact_genomic
HG02818#1	HLA-A	1	HLA-A*33:03	HLA-A*33:03		known_exact_genomic
HG02818#2	HLA-A	1	HLA-A*02:01	HLA-A*02:01		known_exact_cds
HG02841#1	HLA-A	1	HLA-A*30:02	HLA-A*30:02		known_exact_genomic
HG02841#2	HLA-A	1	HLA-A*26:01	HLA-A*26:01		known_exact_genomic
HG02886#1	HLA-A	1	HLA-A*30:02	HLA-A*30:02		known_exact_genomic
HG02886#2	HLA-A	1	HLA-A*31:01	HLA-A*31:01		known_exact_cds
HG02922#1	HLA-A	1	HLA-A*02:01	HLA-A*02:01		known_exact_genomic
HG02922#2	HLA-A	1	HLA-A*30:01	HLA-A*30:01		known_exact_genomic
HG02965#1	HLA-A	1	HLA-A*30:01	HLA-A*30:01		known_exact_genomic
HG02965#2	HLA-A	1	HLA-A*02:01	HLA-A*02:01		known_exact_genomic
HG02976#1	HLA-A	1	HLA-A*03:01	HLA-A*03:01		known_exact_genomic
HG02976#2	HLA-A	1	HLA-A*01:01	HLA-A*01:01		known_exact_genomic
HG02984#1	HLA-A	1	HLA-A*02:01	HLA-A*02:01		known_exact_genomic
HG02984#2	HLA-A	1	HLA-A*02:02	HLA-A*02:02		known_exact_genomic
HG03017#1	HLA-A	1	HLA-A*24:02	HLA-A*24:02		known_exact_genomic
HG03017#2	HLA-A	1	HLA-A*11:01	HLA-A*11:01		known_exact_genomic
HG03041#1	HLA-A	1	HLA-A*33:03	HLA-A*33:03		known_exact_genomic
HG03041#2	HLA-A	1	HLA-A*02:01	HLA-A*02:01		known_exact_genomic
HG03050#1	HLA-A	1	HLA-A*23:01	HLA-A*23:01		known_exact_genomic
HG03050#2	HLA-A	1	HLA-A*30:01	HLA-A*30:01		known_exact_genomic
HG03098#1	HLA-A	1	HLA-A*30:01	HLA-A*30:01		known_exact_genomic
HG03098#2	HLA-A	1	HLA-A*02:02	HLA-A*02:02		known_exact_genomic
HG03130#1	HLA-A	1	HLA-A*02:01	HLA-A*02:01		known_exact_genomic
HG03130#2	HLA-A	1	HLA-A*68:02	HLA-A*68:02		known_exact_genomic
HG03139#1	HLA-A	1	HLA-A*34:02	HLA-A*34:02		known_exact_genomic
HG03139#2	HLA-A	1	HLA-A*02:01	HLA-A*02:01		known_exact_genomic
HG03195#1	HLA-A	1	HLA-A*02:01	HLA-A*02:01		known_exact_genomic
HG03195#2	HLA-A	1	HLA-A*74:01	HLA-A*74:01		known_exact_genomic
HG03209#1	HLA-A	1	HLA-A*30:02	HLA-A*30:02		known_exact_genomic
HG03209#2	HLA-A	1	HLA-A*01:01	HLA-A*01:01		known_exact_genomic
HG03225#1	HLA-A	1	HLA-A*34:02	HLA-A*34:02		known_exact_genomic
HG03225#2	HLA-A	1	HLA-A*33:03	HLA-A*33:03		known_exact_genomic
HG03239#1	HLA-A	1	HLA-A*24:07	HLA-A*24:07		known_exact_genomic
HG03239#2	HLA-A	1	HLA-A*26:01	HLA-A*26:01		known_exact_genomic
HG03270#1	HLA-A	1	HLA-A*03:01	HLA-A*03:01		known_exact_genomic
HG03270#2	HLA-A	1	HLA-A*36:01	HLA-A*36:01		known_exact_genomic
HG03369#1	HLA-A	1	HLA-A*03:01	HLA-A*03:01		known_exact_genomic
HG03369#2	HLA-A	1	HLA-A*30:01	HLA-A*30:01		known_exact_genomic
HG03453#1	HLA-A	1	HLA-A*66:03	HLA-A*66:03		known_exact_genomic
HG03453#2	HLA-A	1	HLA-A*74:01	HLA-A*74:01		known_exact_genomic
HG03470#1	HLA-A	1	HLA-A*34:02	HLA-A*34:02		known_exact_genomic
HG03470#2	HLA-A	1	HLA-A*23:01	HLA-A*23:01		known_exact_genomic
HG03471#1	HLA-A	1	HLA-A*33:03	HLA-A*33:03		known_exact_genomic
HG03471#2	HLA-A	1	HLA-A*30:02	HLA-A*30:02		known_exact_genomic
HG03486#1	HLA-A	1	HLA-A*02:01	HLA-A*02:01		known_exact_genomic
HG03486#2	HLA-A	1	HLA-A*74:01	HLA-A*74:01		known_exact_genomic
HG03516#1	HLA-A	1	HLA-A*36:01	HLA-A*36:01		known_exact_genomic
HG03516#2	HLA-A	1	HLA-A*30:01	HLA-A*30:01		known_exact_genomic
HG03521#1	HLA-A	1	HLA-A*74:01	HLA-A*74:01		known_exact_genomic
HG03521#2	HLA-A	1	HLA-A*74:01	HLA-A*74:01		known_exact_genomic
HG03540#1	HLA-A	1	HLA-A*33:03	HLA-A*33:03		known_exact_genomic
HG03540#2	HLA-A	1	HLA-A*02:05	HLA-A*02:05		known_exact_genomic
HG03579#1	HLA-A	1	HLA-A*23:01	HLA-A*23:01		known_exact_genomic
HG03579#2	HLA-A	1	HLA-A*33:01	HLA-A*33:01		known_exact_genomic
HG03583#1	HLA-A	1	HLA-A*30:01	HLA-A*30:01		known_exact_genomic
HG03583#2	HLA-A	1	HLA-A*02:01	HLA-A*02:01		known_exact_genomic
HG03654#1	HLA-A	1	HLA-A*11:01	HLA-A*11:01		known_exact_genomic
HG03654#2	HLA-A	1	HLA-A*26:01	HLA-A*26:01		known_exact_genomic
HG03669#1	HLA-A	1	HLA-A*31:01	HLA-A*31:01		known_exact_genomic
HG03669#2	HLA-A	1	HLA-A*68:01	HLA-A*68:01		known_exact_genomic
HG03688#1	HLA-A	1	HLA-A*68:01	HLA-A*68:01		known_exact_genomic
HG03688#2	HLA-A	1	HLA-A*02:11	HLA-A*02:11		known_exact_genomic
HG03704#1	HLA-A	1	HLA-A*11:01	HLA-A*11:01		known_exact_genomic
HG03704#2	HLA-A	1	HLA-A*01:01	HLA-A*01:01		known_exact_genomic
HG03710#1	HLA-A	1	HLA-A*01:01	HLA-A*01:01		known_exact_genomic
HG03710#2	HLA-A	1	HLA-A*31:01	HLA-A*31:01		known_exact_genomic
HG03742#1	HLA-A	1	HLA-A*02:01	HLA-A*02:01		known_exact_genomic
HG03742#2	HLA-A	1	HLA-A*01:01	HLA-A*01:01		known_exact_genomic
HG03784#1	HLA-A	1	HLA-A*02:09	HLA-A*02:09		known_exact_cds
HG03784#2	HLA-A	1	HLA-A*02:11	HLA-A*02:11		known_exact_genomic
HG03804#1	HLA-A	1	HLA-A*01:01	HLA-A*01:01		known_exact_genomic
HG03804#2	HLA-A	1	HLA-A*24:02	HLA-A*24:02		known_exact_genomic
HG03816#1	HLA-A	1	HLA-A*11:01	HLA-A*11:01		known_exact_genomic
HG03816#2	HLA-A	1	HLA-A*30:01	HLA-A*30:01		known_exact_genomic
HG03831#1	HLA-A	1	HLA-A*33:03	HLA-A*33:03		known_exact_genomic
HG03831#2	HLA-A	1	HLA-A*31:01	HLA-A*31:01		known_exact_genomic
HG03834#1	HLA-A	1	HLA-A*30:01	HLA-A*30:01		known_exact_genomic
HG03834#2	HLA-A	1	HLA-A*02:11	HLA-A*02:11		known_exact_genomic
HG03874#1	HLA-A	1	HLA-A*01:01	HLA-A*01:01		known_exact_genomic
HG03874#2	HLA-A	1	HLA-A*01:01	HLA-A*01:01		known_exact_genomic
HG03927#1	HLA-A	1	HLA-A*24:02	HLA-A*24:02		known_exact_genomic
HG03927#2	HLA-A	1	HLA-A*31:01	HLA-A*31:01		known_exact_genomic
HG03942#1	HLA-A	1	HLA-A*11:01	HLA-A*11:01		known_exact_genomic
HG03942#2	HLA-A	1	HLA-A*68:01	HLA-A*68:01		known_exact_genomic
HG04115#1	HLA-A	1	HLA-A*11:01	HLA-A*11:01		known_exact_genomic
HG04115#2	HLA-A	1	HLA-A*74:02	HLA-A*74:02		known_exact_genomic
HG04157#1	HLA-A	1	HLA-A*33:03	HLA-A*33:03		known_exact_genomic
HG04157#2	HLA-A	1	HLA-A*01:01	HLA-A*01:01		known_exact_genomic
HG04160#1	HLA-A	1	HLA-A*29:01	HLA-A*29:01		known_exact_genomic
HG04160#2	HLA-A	1	HLA-A*31:01	HLA-A*31:01		known_exact_genomic
HG04184#1	HLA-A	1	HLA-A*01:01	HLA-A*01:01		known_exact_genomic
HG04184#2	HLA-A	1	HLA-A*33:03	HLA-A*33:03		known_exact_genomic
HG04187#1	HLA-A	1	HLA-A*33:03	HLA-A*33:03		known_exact_genomic
HG04187#2	HLA-A	1	HLA-A*32:01	HLA-A*32:01		known_exact_genomic
HG04199#1	HLA-A	1	HLA-A*33:03	HLA-A*33:03		known_exact_genomic
HG04199#2	HLA-A	1	HLA-A*03:01	HLA-A*03:01		known_exact_genomic
HG04204#1	HLA-A	1	HLA-A*24:02	HLA-A*24:02		known_exact_genomic
HG04204#2	HLA-A	1	HLA-A*01:01	HLA-A*01:01		known_exact_genomic
HG04228#1	HLA-A	1	HLA-A*11:01	HLA-A*11:01		known_exact_genomic
HG04228#2	HLA-A	1	HLA-A*01:01	HLA-A*01:01		known_exact_genomic
HG06807#1	HLA-A	1	HLA-A*30:02	HLA-A*30:02		known_exact_genomic
HG06807#2	HLA-A	1	HLA-A*33:03	HLA-A*33:03		known_exact_genomic
NA18505#1	HLA-A	1	HLA-A*26:01	HLA-A*26:01		known_exact_genomic
NA18505#2	HLA-A	1	HLA-A*74:01	HLA-A*74:01		known_exact_genomic
NA18508#1	HLA-A	1	HLA-A*33:03	HLA-A*33:03		known_exact_genomic
NA18508#2	HLA-A	1	HLA-A*68:02	HLA-A*68:02		known_exact_genomic
NA18522#1	HLA-A	1	HLA-A*03:01	HLA-A*03:01		known_exact_genomic
NA18522#2	HLA-A	1	HLA-A*36:01	HLA-A*36:01		known_exact_genomic
NA18879#1	HLA-A	1	HLA-A*23:17	HLA-A*23:17		known_exact_genomic
NA18879#2	HLA-A	1	HLA-A*03:01	HLA-A*03:01		known_exact_genomic
NA18906#1	HLA-A	1	HLA-A*36:01	HLA-A*36:01		known_exact_genomic
NA18906#2	HLA-A	1	HLA-A*74:01	HLA-A*74:01		known_exact_genomic
NA19036#1	HLA-A	1	HLA-A*02:02	HLA-A*02:02		known_exact_genomic
NA19036#2	HLA-A	1	HLA-A*36:01	HLA-A*36:01		known_exact_genomic
NA19043#1	HLA-A	1	HLA-A*30:02	HLA-A*30:02		known_exact_genomic
NA19043#2	HLA-A	1	HLA-A*02:01	HLA-A*02:01		known_exact_genomic
NA19159#1	HLA-A	1	HLA-A*23:01	HLA-A*23:01		known_exact_genomic
NA19159#2	HLA-A	1	HLA-A*03:01	HLA-A*03:01		known_exact_genomic
NA19185#1	HLA-A	1	HLA-A*30:02	HLA-A*30:02		known_exact_genomic
NA19185#2	HLA-A	1	HLA-A*30:01	HLA-A*30:01		known_exact_genomic
NA19240#1	HLA-A	1	HLA-A*68:02	HLA-A*68:02		known_exact_genomic
NA19240#2	HLA-A	1	HLA-A*30:01	HLA-A*30:01		known_exact_genomic
NA19338#1	HLA-A	1	HLA-A*01:01	HLA-A*01:01		known_exact_genomic
NA19338#2	HLA-A	1	HLA-A*30:02	HLA-A*30:02		known_exact_genomic
NA19391#1	HLA-A	1	HLA-A*66:02	HLA-A*66:02		known_exact_cds
NA19391#2	HLA-A	1	HLA-A*34:02	HLA-A*34:02		known_exact_genomic
NA19443#1	HLA-A	1	HLA-A*30:01	HLA-A*30:01		known_exact_genomic
NA19443#2	HLA-A	1	HLA-A*68:02	HLA-A*68:02		known_exact_genomic
NA19468#1	HLA-A	1	HLA-A*74:01	HLA-A*74:01		known_exact_genomic
NA19468#2	HLA-A	1	HLA-A*66:01	HLA-A*66:01		known_exact_genomic
NA19682#1	HLA-A	1	HLA-A*02:06	HLA-A*02:06		known_exact_genomic
NA19682#2	HLA-A	1	HLA-A*30:01	HLA-A*30:01		known_exact_genomic
NA19700#1	HLA-A	1	HLA-A*03:01	HLA-A*03:01		known_exact_genomic
NA19700#2	HLA-A	1	HLA-A*30:01	HLA-A*30:01		known_exact_genomic
NA19776#1	HLA-A	1	HLA-A*31:01	HLA-A*31:01		known_exact_genomic
NA19776#2	HLA-A	1	HLA-A*24:02	HLA-A*24:02		known_exact_genomic
NA19835#1	HLA-A	1	HLA-A*02:01	HLA-A*02:01		known_exact_genomic
NA19835#2	HLA-A	1	HLA-A*24:02	HLA-A*24:02		known_exact_genomic
NA19909#1	HLA-A	1	HLA-A*30:01	HLA-A*30:01		known_exact_genomic
NA19909#2	HLA-A	1	HLA-A*30:01	HLA-A*30:01		known_exact_genomic
NA20129#1	HLA-A	1	HLA-A*30:02	HLA-A*30:02		known_exact_genomic
NA20129#2	HLA-A	1	HLA-A*31:01	HLA-A*31:01		known_exact_cds
NA20282#1	HLA-A	1	HLA-A*03:01	HLA-A*03:01		known_exact_genomic
NA20282#2	HLA-A	1	HLA-A*23:01	HLA-A*23:01		known_exact_genomic
NA20346#1	HLA-A	1	HLA-A*68:02	HLA-A*68:02		known_exact_genomic
NA20346#2	HLA-A	1	HLA-A*30:02	HLA-A*30:02		known_exact_genomic
NA20503#1	HLA-A	1	HLA-A*01:01	HLA-A*01:01		known_exact_genomic
NA20503#2	HLA-A	1	HLA-A*02:01	HLA-A*02:01		known_exact_genomic
NA20752#1	HLA-A	1	HLA-A*26:01	HLA-A*26:01		known_exact_genomic
NA20752#2	HLA-A	1	HLA-A*24:02	HLA-A*24:02		known_exact_genomic
NA20762#1	HLA-A	1	HLA-A*33:01	HLA-A*33:01		known_exact_genomic
NA20762#2	HLA-A	1	HLA-A*02:01	HLA-A*02:01		known_exact_genomic
NA20799#1	HLA-A	1	HLA-A*03:01	HLA-A*03:01		known_exact_genomic
NA20799#2	HLA-A	1	HLA-A*03:01	HLA-A*03:01		known_exact_genomic
NA20805#1	HLA-A	1	HLA-A*30:02	HLA-A*30:02		known_exact_genomic
NA20805#2	HLA-A	1	HLA-A*24:02	HLA-A*24:02		known_exact_genomic
NA20806#1	HLA-A	1	HLA-A*02:01	HLA-A*02:01		known_exact_genomic
NA20806#2	HLA-A	1	HLA-A*26:01	HLA-A*26:01		known_exact_genomic
NA20809#1	HLA-A	1	HLA-A*29:02	HLA-A*29:02		known_exact_genomic
NA20809#2	HLA-A	1	HLA-A*03:01	HLA-A*03:01		known_exact_genomic
NA20827#1	HLA-A	1	HLA-A*02:01	HLA-A*02:01		known_exact_genomic
NA20827#2	HLA-A	1	HLA-A*33:03	HLA-A*33:03		known_exact_genomic
NA20850#1	HLA-A	1	HLA-A*01:01	HLA-A*01:01		known_exact_genomic
NA20850#2	HLA-A	1	HLA-A*02:03	HLA-A*02:03		known_exact_genomic
NA20870#1	HLA-A	1	HLA-A*68:01	HLA-A*68:01		known_exact_genomic
NA20870#2	HLA-A	1	HLA-A*02:11	HLA-A*02:11		known_exact_genomic
NA20905#1	HLA-A	1	HLA-A*32:01	HLA-A*32:01		known_exact_genomic
NA20905#2	HLA-A	1	HLA-A*11:01	HLA-A*11:01		known_exact_genomic
NA21093#1	HLA-A	1	HLA-A*01:01	HLA-A*01:01		known_exact_genomic
NA21093#2	HLA-A	1	HLA-A*01:01	HLA-A*01:01		known_exact_genomic
NA21102#1	HLA-A	1	HLA-A*02:11	HLA-A*02:11		known_exact_genomic
NA21102#2	HLA-A	1	HLA-A*26:01	HLA-A*26:01		known_exact_genomic
NA21106#1	HLA-A	1	HLA-A*32:01	HLA-A*32:01		known_exact_genomic
NA21106#2	HLA-A	1	HLA-A*11:01	HLA-A*11:01		known_exact_genomic
NA21110#1	HLA-A	1	HLA-A*24:02	HLA-A*24:02		known_exact_genomic
NA21110#2	HLA-A	1	HLA-A*32:01	HLA-A*32:01		known_exact_genomic
NA21144#1	HLA-A	1	HLA-A*02:01	HLA-A*02:01		known_exact_genomic
NA21144#2	HLA-A	1	HLA-A*33:03	HLA-A*33:03		known_exact_genomic
NA21309#1	HLA-A	1	HLA-A*01:03	HLA-A*01:03		known_exact_genomic
NA21309#2	HLA-A	1	HLA-A*02:02	HLA-A*02:02		known_exact_genomic
NA18990#1	HLA-A	1	HLA-A*33:03	HLA-A*33:03		known_exact_genomic
NA18990#2	HLA-A	1	HLA-A*24:02	HLA-A*24:02		known_exact_genomic
NA19007#1	HLA-A	1	HLA-A*26:03	HLA-A*26:03		known_exact_genomic
NA19007#2	HLA-A	1	HLA-A*02:07	HLA-A*02:07		known_exact_genomic
NA19066#1	HLA-A	1	HLA-A*24:02	HLA-A*24:02		known_exact_genomic
NA19066#2	HLA-A	1	HLA-A*31:01	HLA-A*31:01		known_exact_genomic
NA19079#1	HLA-A	1	HLA-A*24:02	HLA-A*24:02		known_exact_genomic
NA19079#2	HLA-A	1	HLA-A*33:03	HLA-A*33:03		known_exact_genomic
NA19088#1	HLA-A	1	HLA-A*26:03	HLA-A*26:03		known_exact_genomic
NA19088#2	HLA-A	1	HLA-A*24:02	HLA-A*24:02		known_exact_genomic
ksa001#1	HLA-A	1	HLA-A*69:01	HLA-A*69:01		known_exact_genomic
ksa001#2	HLA-A	1	HLA-A*31:01	HLA-A*31:01		known_exact_genomic
ksa002#1	HLA-A	1	HLA-A*68:01	HLA-A*68:01		known_exact_genomic
ksa002#2	HLA-A	1	HLA-A*68:01	HLA-A*68:01		known_exact_genomic
ksa003#1	HLA-A	1	HLA-A*11:01	HLA-A*11:01		known_exact_genomic
ksa003#2	HLA-A	1	HLA-A*32:01	HLA-A*32:01		known_exact_genomic
ksa004#1	HLA-A	0			annotation:partial_CDS;incomplete_codon;internal_stop	unresolved_incomplete_or_abnormal_cds
ksa004#2	HLA-A	1	HLA-A*01:01	HLA-A*01:01		known_exact_genomic
ksa005#1	HLA-A	1	HLA-A*03:01	HLA-A*03:01		known_exact_genomic
ksa005#2	HLA-A	1	HLA-A*31:01	HLA-A*31:01		known_exact_genomic
ksa006#1	HLA-A	1	HLA-A*02:05	HLA-A*02:05		known_exact_genomic
ksa006#2	HLA-A	1	HLA-A*74:01	HLA-A*74:01		known_exact_genomic
ksa007#1	HLA-A	1	HLA-A*68:01	HLA-A*68:01		known_exact_genomic
ksa007#2	HLA-A	1	HLA-A*24:02	HLA-A*24:02		known_exact_genomic
ksa008#1	HLA-A	1	HLA-A*02:05	HLA-A*02:05		known_exact_genomic
ksa008#2	HLA-A	1	HLA-A*29:02	HLA-A*29:02		known_exact_genomic
ksa009#1	HLA-A	1	HLA-A*29:02	HLA-A*29:02		known_exact_genomic
ksa009#2	HLA-A	1	HLA-A*24:02	HLA-A*24:02		known_exact_genomic
KOREF1#1	HLA-A	1	HLA-A*02:07	HLA-A*02:07		known_exact_genomic
KOREF1#2	HLA-A	1	HLA-A*33:03	HLA-A*33:03		known_exact_genomic
KOREF2#1	HLA-A	1	HLA-A*33:03	HLA-A*33:03		known_exact_genomic
KOREF2#2	HLA-A	1	HLA-A*26:01	HLA-A*26:01		known_exact_genomic
KPanRef-071#1	HLA-A	0				unresolved_no_exact_match
KPanRef-071#2	HLA-A	1	HLA-A*33:03	HLA-A*33:03		known_exact_genomic
KPanRef-072#1	HLA-A	1	HLA-A*30:01	HLA-A*30:01		known_exact_genomic
KPanRef-072#2	HLA-A	1	HLA-A*02:07	HLA-A*02:07		known_exact_genomic
KPanRef-073#1	HLA-A	1	HLA-A*01:01	HLA-A*01:01		known_exact_genomic
KPanRef-073#2	HLA-A	1	HLA-A*02:01	HLA-A*02:01		known_exact_genomic
KPanRef-074#1	HLA-A	1	HLA-A*24:02	HLA-A*24:02		known_exact_genomic
KPanRef-074#2	HLA-A	1	HLA-A*26:01	HLA-A*26:01		known_exact_genomic
KPanRef-075#1	HLA-A	1	HLA-A*11:01	HLA-A*11:01		known_exact_genomic
KPanRef-075#2	HLA-A	1	HLA-A*02:06	HLA-A*02:06		known_exact_genomic
KPanRef-076#1	HLA-A	1	HLA-A*02:03	HLA-A*02:03		known_exact_genomic
KPanRef-076#2	HLA-A	1	HLA-A*24:02	HLA-A*24:02		known_exact_genomic
KPanRef-076-M#1	HLA-A	1	HLA-A*30:01	HLA-A*30:01		known_exact_genomic
KPanRef-076-M#2	HLA-A	1	HLA-A*24:02	HLA-A*24:02		known_exact_genomic
KPanRef-076-P#1	HLA-A	1	HLA-A*11:01	HLA-A*11:01		known_exact_genomic
KPanRef-076-P#2	HLA-A	1	HLA-A*02:03	HLA-A*02:03		known_exact_genomic
KPanRef-077#1	HLA-A	1	HLA-A*11:01	HLA-A*11:01		known_exact_genomic
KPanRef-077#2	HLA-A	1	HLA-A*02:01	HLA-A*02:01		known_exact_genomic
KPanRef-078#1	HLA-A	1	HLA-A*02:06	HLA-A*02:06		known_exact_genomic
KPanRef-078#2	HLA-A	1	HLA-A*02:01	HLA-A*02:01		known_exact_genomic
KPanRef-079#1	HLA-A	1	HLA-A*30:01	HLA-A*30:01		known_exact_genomic
KPanRef-079#2	HLA-A	0			annotation:partial_CDS;incomplete_codon;no_terminal_stop	unresolved_incomplete_or_abnormal_cds
KPanRef-080#1	HLA-A	1	HLA-A*02:06	HLA-A*02:06		known_exact_genomic
KPanRef-080#2	HLA-A	1	HLA-A*11:01	HLA-A*11:01		known_exact_genomic
apr-f#1	HLA-B	1	HLA-B*52:01	HLA-B*52:01		known_exact_genomic
apr-f#2	HLA-B	1	HLA-B*40:06	HLA-B*40:06		known_exact_cds
apr-m#1	HLA-B	1	HLA-B*18:01	HLA-B*18:01		known_exact_cds
apr-m#2	HLA-B	1	HLA-B*40:06	HLA-B*40:06		known_exact_cds
apr-s#1	HLA-B	1	HLA-B*40:06	HLA-B*40:06		known_exact_cds
apr-s#2	HLA-B	1	HLA-B*52:01	HLA-B*52:01		known_exact_genomic
apr001#1	HLA-B	1	HLA-B*39:01	HLA-B*39:01		known_exact_cds
apr001#2	HLA-B	1	HLA-B*40:06	HLA-B*40:06		known_exact_cds
apr002#1	HLA-B	1	HLA-B*50:01	HLA-B*50:01		known_exact_genomic
apr002#2	HLA-B	1	HLA-B*40:06	HLA-B*40:06		known_exact_cds
apr003#1	HLA-B	1	HLA-B*14:02	HLA-B*14:02		known_exact_genomic
apr003#2	HLA-B	1	HLA-B*40:06	HLA-B*40:06		known_exact_cds
apr004#1	HLA-B	1	HLA-B*50:01	HLA-B*50:01		known_exact_genomic
apr004#2	HLA-B	1	HLA-B*08:01	HLA-B*08:01		known_exact_genomic
apr005#1	HLA-B	1	HLA-B*57:01	HLA-B*57:01		known_exact_cds
apr005#2	HLA-B	1	HLA-B*53:01	HLA-B*53:01		known_exact_cds
apr006#1	HLA-B	1	HLA-B*53:01	HLA-B*53:01		known_exact_cds
apr006#2	HLA-B	1	HLA-B*51:01	HLA-B*51:01		known_exact_genomic
apr007#1	HLA-B	1	HLA-B*44:03	HLA-B*44:03		known_exact_cds
apr007#2	HLA-B	1	HLA-B*50:01	HLA-B*50:01		known_exact_cds
apr008#1	HLA-B	1	HLA-B*45:01	HLA-B*45:01		known_exact_genomic
apr008#2	HLA-B	1	HLA-B*51:01	HLA-B*51:01		known_exact_cds
apr009#1	HLA-B	1	HLA-B*50:01	HLA-B*50:01		known_exact_genomic
apr009#2	HLA-B	1	HLA-B*51:01	HLA-B*51:01		known_exact_genomic
apr010#1	HLA-B	1	HLA-B*50:01	HLA-B*50:01		known_exact_genomic
apr010#2	HLA-B	1	HLA-B*51:01	HLA-B*51:01		known_exact_cds
apr011#1	HLA-B	1	HLA-B*58:01	HLA-B*58:01		known_exact_cds
apr011#2	HLA-B	1	HLA-B*08:01	HLA-B*08:01		known_exact_genomic
apr012#1	HLA-B	1	HLA-B*45:01	HLA-B*45:01		known_exact_genomic
apr012#2	HLA-B	1	HLA-B*58:01	HLA-B*58:01		known_exact_cds
apr013#1	HLA-B	1	HLA-B*51:01	HLA-B*51:01		known_exact_genomic
apr013#2	HLA-B	1	HLA-B*40:06	HLA-B*40:06		known_exact_cds
apr014#1	HLA-B	1	HLA-B*39:06	HLA-B*39:06		known_exact_genomic
apr014#2	HLA-B	1	HLA-B*42:01	HLA-B*42:01		known_exact_genomic
apr015#1	HLA-B	1	HLA-B*08:01	HLA-B*08:01		known_exact_genomic
apr015#2	HLA-B	1	HLA-B*35:08	HLA-B*35:08		known_exact_cds
apr016#1	HLA-B	1	HLA-B*40:06	HLA-B*40:06		known_exact_cds
apr016#2	HLA-B	1	HLA-B*50:01	HLA-B*50:01		known_exact_genomic
apr018#1	HLA-B	1	HLA-B*08:01	HLA-B*08:01		known_exact_genomic
apr018#2	HLA-B	1	HLA-B*51:07	HLA-B*51:07		known_exact_genomic
apr019#1	HLA-B	1	HLA-B*44:05	HLA-B*44:05		known_exact_genomic
apr019#2	HLA-B	1	HLA-B*73:01	HLA-B*73:01		known_exact_genomic
apr020#1	HLA-B	1	HLA-B*35:08	HLA-B*35:08		known_exact_cds
apr020#2	HLA-B	1	HLA-B*08:01	HLA-B*08:01		known_exact_cds
apr021#1	HLA-B	1	HLA-B*38:01	HLA-B*38:01		known_exact_genomic
apr021#2	HLA-B	1	HLA-B*51:01	HLA-B*51:01		known_exact_cds
apr022#1	HLA-B	1	HLA-B*40:06	HLA-B*40:06		known_exact_cds
apr022#2	HLA-B	1	HLA-B*35:01	HLA-B*35:01		known_exact_genomic
apr023#1	HLA-B	1	HLA-B*58:02	HLA-B*58:02		known_exact_cds
apr023#2	HLA-B	1	HLA-B*15:220	HLA-B*15:220		known_exact_genomic
apr024#1	HLA-B	1	HLA-B*41:01	HLA-B*41:01		known_exact_cds
apr024#2	HLA-B	1	HLA-B*51:01	HLA-B*51:01		known_exact_genomic
apr025#1	HLA-B	1	HLA-B*07:05	HLA-B*07:05		known_exact_genomic
apr025#2	HLA-B	1	HLA-B*44:03	HLA-B*44:03		known_exact_cds
apr026#1	HLA-B	1	HLA-B*13:02	HLA-B*13:02		known_exact_cds
apr026#2	HLA-B	1	HLA-B*35:03	HLA-B*35:03		known_exact_genomic
apr027#1	HLA-B	1	HLA-B*14:02	HLA-B*14:02		known_exact_genomic
apr027#2	HLA-B	1	HLA-B*50:01	HLA-B*50:01		known_exact_genomic
apr029#1	HLA-B	1	HLA-B*38:01	HLA-B*38:01		known_exact_genomic
apr029#2	HLA-B	1	HLA-B*08:01	HLA-B*08:01		known_exact_genomic
apr030#1	HLA-B	1	HLA-B*40:06	HLA-B*40:06		known_exact_cds
apr030#2	HLA-B	1	HLA-B*40:06	HLA-B*40:06		known_exact_cds
apr031#1	HLA-B	1	HLA-B*13:02	HLA-B*13:02		known_exact_cds
apr031#2	HLA-B	1	HLA-B*13:01	HLA-B*13:01		known_exact_cds
apr032#1	HLA-B	1	HLA-B*44:05	HLA-B*44:05		known_exact_genomic
apr032#2	HLA-B	1	HLA-B*50:01	HLA-B*50:01		known_exact_genomic
apr033#1	HLA-B	1	HLA-B*42:02	HLA-B*42:02		known_exact_genomic
apr033#2	HLA-B	1	HLA-B*44:03	HLA-B*44:03		known_exact_cds
apr034#1	HLA-B	1	HLA-B*51:01	HLA-B*51:01		known_exact_cds
apr034#2	HLA-B	1	HLA-B*35:02	HLA-B*35:02		known_exact_genomic
apr035#1	HLA-B	1	HLA-B*55:01	HLA-B*55:01		known_exact_genomic
apr035#2	HLA-B	1	HLA-B*45:01	HLA-B*45:01		known_exact_cds
apr036#1	HLA-B	1	HLA-B*58:02	HLA-B*58:02		known_exact_genomic
apr036#2	HLA-B	1	HLA-B*81:01	HLA-B*81:01		known_exact_genomic
apr037#1	HLA-B	1	HLA-B*55:01	HLA-B*55:01		known_exact_genomic
apr037#2	HLA-B	1	HLA-B*35:01	HLA-B*35:01		known_exact_genomic
apr038#1	HLA-B	1	HLA-B*45:01	HLA-B*45:01		known_exact_cds
apr038#2	HLA-B	1	HLA-B*51:01	HLA-B*51:01		known_exact_genomic
apr039#1	HLA-B	1	HLA-B*13:01	HLA-B*13:01		known_exact_genomic
apr039#2	HLA-B	1	HLA-B*50:01	HLA-B*50:01		known_exact_genomic
apr040#1	HLA-B	1	HLA-B*15:02	HLA-B*15:02		known_exact_cds
apr040#2	HLA-B	1	HLA-B*14:02	HLA-B*14:02		known_exact_genomic
apr041#1	HLA-B	1	HLA-B*57:01	HLA-B*57:01		known_exact_genomic
apr041#2	HLA-B	1	HLA-B*50:01	HLA-B*50:01		known_exact_genomic
apr042#1	HLA-B	1	HLA-B*35:01	HLA-B*35:01		known_exact_genomic
apr042#2	HLA-B	1	HLA-B*38:01	HLA-B*38:01		known_exact_genomic
apr043#1	HLA-B	1	HLA-B*13:02	HLA-B*13:02		known_exact_cds
apr043#2	HLA-B	1	HLA-B*41:02	HLA-B*41:02		known_exact_cds
apr044#1	HLA-B	1	HLA-B*51:01	HLA-B*51:01		known_exact_genomic
apr044#2	HLA-B	1	HLA-B*52:01	HLA-B*52:01		known_exact_genomic
apr045#1	HLA-B	1	HLA-B*44:02	HLA-B*44:02		known_exact_genomic
apr045#2	HLA-B	1	HLA-B*13:02	HLA-B*13:02		known_exact_cds
apr046#1	HLA-B	1	HLA-B*35:03	HLA-B*35:03		known_exact_genomic
apr046#2	HLA-B	1	HLA-B*57:03	HLA-B*57:03		known_exact_genomic
apr047#1	HLA-B	1	HLA-B*14:02	HLA-B*14:02		known_exact_genomic
apr047#2	HLA-B	1	HLA-B*52:01	HLA-B*52:01		known_exact_cds
apr048#1	HLA-B	1	HLA-B*40:01	HLA-B*40:01		known_exact_genomic
apr048#2	HLA-B	1	HLA-B*40:06	HLA-B*40:06		known_exact_cds
apr049#1	HLA-B	1	HLA-B*37:01	HLA-B*37:01		known_exact_genomic
apr049#2	HLA-B	1	HLA-B*58:01	HLA-B*58:01		known_exact_cds
apr050#1	HLA-B	1	HLA-B*07:06	HLA-B*07:06		known_exact_cds
apr050#2	HLA-B	1	HLA-B*58:01	HLA-B*58:01		known_exact_cds
apr051#1	HLA-B	1	HLA-B*38:01	HLA-B*38:01		known_exact_genomic
apr051#2	HLA-B	1	HLA-B*45:01	HLA-B*45:01		known_exact_cds
apr52#1	HLA-B	1	HLA-B*51:01	HLA-B*51:01		known_exact_genomic
apr52#2	HLA-B	1	HLA-B*18:01	HLA-B*18:01		known_exact_cds
HIFI032007D#1	HLA-B	1	HLA-B*15:25	HLA-B*15:25		known_exact_genomic
HIFI032007D#2	HLA-B	1	HLA-B*15:02	HLA-B*15:02		known_exact_cds
HIFI032018D#1	HLA-B	0		HLA-B*55:22		unresolved_no_exact_match
HIFI032018D#2	HLA-B	1	HLA-B*55:02	HLA-B*55:02		known_exact_cds
HIFI032069D#1	HLA-B	1	HLA-B*18:02	HLA-B*18:02		known_exact_cds
HIFI032069D#2	HLA-B	1	HLA-B*48:01	HLA-B*48:01		known_exact_genomic
HIFI032097D#1	HLA-B	1	HLA-B*44:03	HLA-B*44:03		known_exact_genomic
HIFI032097D#2	HLA-B	1	HLA-B*13:01	HLA-B*13:01		known_exact_genomic
HIFI032103D#1	HLA-B	1	HLA-B*35:01	HLA-B*35:01		known_exact_genomic
HIFI032103D#2	HLA-B	1	HLA-B*07:05	HLA-B*07:05		known_exact_genomic
HIFI032161D#1	HLA-B	1	HLA-B*51:02	HLA-B*51:02		known_exact_cds
HIFI032161D#2	HLA-B	1	HLA-B*52:01	HLA-B*52:01		known_exact_genomic
HIFI032164D#1	HLA-B	1	HLA-B*27:05	HLA-B*27:05		known_exact_cds
HIFI032164D#2	HLA-B	1	HLA-B*46:01	HLA-B*46:01		known_exact_genomic
HIFI032167D#1	HLA-B	1	HLA-B*15:02	HLA-B*15:02		known_exact_cds
HIFI032167D#2	HLA-B	1	HLA-B*46:01	HLA-B*46:01		known_exact_genomic
HIFI032182D#1	HLA-B	1	HLA-B*40:01	HLA-B*40:01		known_exact_cds
HIFI032182D#2	HLA-B	1	HLA-B*15:32	HLA-B*15:32		known_exact_genomic
HIFI032289D#1	HLA-B	1	HLA-B*55:02	HLA-B*55:02		known_exact_genomic
HIFI032289D#2	HLA-B	1	HLA-B*44:02	HLA-B*44:02		known_exact_genomic
HIFI032292D#1	HLA-B	1	HLA-B*56:01	HLA-B*56:01		known_exact_cds
HIFI032292D#2	HLA-B	1	HLA-B*15:02	HLA-B*15:02		known_exact_cds
HIFI032302D#1	HLA-B	1	HLA-B*46:01	HLA-B*46:01		known_exact_genomic
HIFI032302D#2	HLA-B	1	HLA-B*58:01	HLA-B*58:01		known_exact_cds
HIFI032306D#1	HLA-B	1	HLA-B*40:01	HLA-B*40:01		known_exact_genomic
HIFI032306D#2	HLA-B	1	HLA-B*27:05	HLA-B*27:05		known_exact_cds
HIFI032335D#1	HLA-B	1	HLA-B*51:02	HLA-B*51:02		known_exact_genomic
HIFI032335D#2	HLA-B	1	HLA-B*48:01	HLA-B*48:01		known_exact_genomic
HIFI032349D#1	HLA-B	1	HLA-B*07:02	HLA-B*07:02		known_exact_genomic
HIFI032349D#2	HLA-B	1	HLA-B*35:01	HLA-B*35:01		known_exact_genomic
HIFI032373D#1	HLA-B	1	HLA-B*46:01	HLA-B*46:01		known_exact_genomic
HIFI032373D#2	HLA-B	1	HLA-B*40:01	HLA-B*40:01		known_exact_genomic
HIFI032420D#1	HLA-B	1	HLA-B*56:01	HLA-B*56:01		known_exact_genomic
HIFI032420D#2	HLA-B	1	HLA-B*59:01	HLA-B*59:01		known_exact_genomic
HIFI032422D#1	HLA-B	1	HLA-B*15:11	HLA-B*15:11		known_exact_genomic
HIFI032422D#2	HLA-B	1	HLA-B*15:01	HLA-B*15:01		known_exact_genomic
HIFI032429D#1	HLA-B	1	HLA-B*40:01	HLA-B*40:01		known_exact_cds
HIFI032429D#2	HLA-B	1	HLA-B*13:01	HLA-B*13:01		known_exact_genomic
HIFI032440D#1	HLA-B	1	HLA-B*56:01	HLA-B*56:01		known_exact_cds
HIFI032440D#2	HLA-B	1	HLA-B*38:02	HLA-B*38:02		known_exact_genomic
HIFI032450D#1	HLA-B	1	HLA-B*40:01	HLA-B*40:01		known_exact_cds
HIFI032450D#2	HLA-B	1	HLA-B*56:01	HLA-B*56:01		known_exact_cds
HIFI032453D#1	HLA-B	1	HLA-B*07:10	HLA-B*07:10		known_exact_genomic
HIFI032453D#2	HLA-B	1	HLA-B*27:04	HLA-B*27:04		known_exact_genomic
HIFI032454D#1	HLA-B	1	HLA-B*13:01	HLA-B*13:01		known_exact_cds
HIFI032454D#2	HLA-B	1	HLA-B*45:01	HLA-B*45:01		known_exact_genomic
HIFI032462D#1	HLA-B	1	HLA-B*15:01	HLA-B*15:01		known_exact_genomic
HIFI032462D#2	HLA-B	1	HLA-B*38:02	HLA-B*38:02		known_exact_genomic
HIFI032473D#1	HLA-B	1	HLA-B*38:02	HLA-B*38:02		known_exact_genomic
HIFI032473D#2	HLA-B	1	HLA-B*13:01	HLA-B*13:01		known_exact_genomic
HIFI032487D#1	HLA-B	1	HLA-B*58:01	HLA-B*58:01		known_exact_cds
HIFI032487D#2	HLA-B	1	HLA-B*38:02	HLA-B*38:02		known_exact_genomic
HIFI032501D#1	HLA-B	1	HLA-B*40:02	HLA-B*40:02		known_exact_genomic
HIFI032501D#2	HLA-B	1	HLA-B*46:01	HLA-B*46:01		known_exact_genomic
HIFI032510D#1	HLA-B	1	HLA-B*13:01	HLA-B*13:01		known_exact_genomic
HIFI032510D#2	HLA-B	1	HLA-B*27:04	HLA-B*27:04		known_exact_genomic
HIFI032513D#1	HLA-B	1	HLA-B*40:01	HLA-B*40:01		known_exact_genomic
HIFI032513D#2	HLA-B	1	HLA-B*15:25	HLA-B*15:25		known_exact_genomic
HIFI032529D#1	HLA-B	1	HLA-B*15:32	HLA-B*15:32		known_exact_genomic
HIFI032529D#2	HLA-B	1	HLA-B*56:01	HLA-B*56:01		known_exact_cds
HIFI032566D#1	HLA-B	1	HLA-B*40:02	HLA-B*40:02		known_exact_genomic
HIFI032566D#2	HLA-B	1	HLA-B*15:01	HLA-B*15:01		known_exact_genomic
HIFI032567D#1	HLA-B	1	HLA-B*15:01	HLA-B*15:01		known_exact_genomic
HIFI032567D#2	HLA-B	1	HLA-B*13:02	HLA-B*13:02		known_exact_cds
HIFI032585D#1	HLA-B	1	HLA-B*55:02	HLA-B*55:02		known_exact_genomic
HIFI032585D#2	HLA-B	1	HLA-B*13:01	HLA-B*13:01		known_exact_genomic
HIFI032586D#1	HLA-B	1	HLA-B*54:01	HLA-B*54:01		known_exact_genomic
HIFI032586D#2	HLA-B	1	HLA-B*40:01	HLA-B*40:01		known_exact_cds
HIFI032591D#1	HLA-B	1	HLA-B*39:01	HLA-B*39:01		known_exact_cds
HIFI032591D#2	HLA-B	1	HLA-B*46:01	HLA-B*46:01		known_exact_genomic
HIFI032604D#1	HLA-B	1	HLA-B*51:01	HLA-B*51:01		known_exact_genomic
HIFI032604D#2	HLA-B	1	HLA-B*15:02	HLA-B*15:02		known_exact_cds
HIFI032607D#1	HLA-B	1	HLA-B*13:02	HLA-B*13:02		known_exact_cds
HIFI032607D#2	HLA-B	1	HLA-B*44:02	HLA-B*44:02		known_exact_genomic
HIFI032662D#1	HLA-B	1	HLA-B*51:01	HLA-B*51:01		known_exact_genomic
HIFI032662D#2	HLA-B	1	HLA-B*40:01	HLA-B*40:01		known_exact_cds
HIFI032668D#1	HLA-B	1	HLA-B*07:02	HLA-B*07:02		known_exact_genomic
HIFI032668D#2	HLA-B	1	HLA-B*46:01	HLA-B*46:01		known_exact_genomic
HIFI032682D#1	HLA-B	1	HLA-B*15:02	HLA-B*15:02		known_exact_cds
HIFI032682D#2	HLA-B	1	HLA-B*35:03	HLA-B*35:03		known_exact_genomic
HIFI032685D#1	HLA-B	1	HLA-B*15:02	HLA-B*15:02		known_exact_cds
HIFI032685D#2	HLA-B	1	HLA-B*40:02	HLA-B*40:02		known_exact_genomic
HIFI032692D#1	HLA-B	1	HLA-B*40:01	HLA-B*40:01		known_exact_cds
HIFI032692D#2	HLA-B	1	HLA-B*13:02	HLA-B*13:02		known_exact_cds
HIFI032693D#1	HLA-B	1	HLA-B*15:12	HLA-B*15:12		known_exact_genomic
HIFI032693D#2	HLA-B	1	HLA-B*35:01	HLA-B*35:01		known_exact_genomic
HIFI032698D#1	HLA-B	1	HLA-B*35:01	HLA-B*35:01		known_exact_genomic
HIFI032698D#2	HLA-B	1	HLA-B*40:02	HLA-B*40:02		known_exact_genomic
HIFI032706D#1	HLA-B	1	HLA-B*40:02	HLA-B*40:02		known_exact_genomic
HIFI032706D#2	HLA-B	1	HLA-B*15:220	HLA-B*15:220		known_exact_genomic
HIFI032711D#1	HLA-B	1	HLA-B*52:01	HLA-B*52:01		known_exact_genomic
HIFI032711D#2	HLA-B	1	HLA-B*15:02	HLA-B*15:02		known_exact_cds
HIFI032731D#1	HLA-B	1	HLA-B*55:02	HLA-B*55:02		known_exact_genomic
HIFI032731D#2	HLA-B	1	HLA-B*15:02	HLA-B*15:02		known_exact_cds
RY01#1	HLA-B	1	HLA-B*13:01	HLA-B*13:01		known_exact_genomic
RY01#2	HLA-B	1	HLA-B*56:01	HLA-B*56:01		known_exact_cds
RY02#1	HLA-B	1	HLA-B*56:01	HLA-B*56:01		known_exact_cds
RY02#2	HLA-B	1	HLA-B*52:01	HLA-B*52:01		known_exact_genomic
RY03#1	HLA-B	1	HLA-B*13:02	HLA-B*13:02		known_exact_cds
RY03#2	HLA-B	1	HLA-B*40:01	HLA-B*40:01		known_exact_genomic
RY04#1	HLA-B	1	HLA-B*51:01	HLA-B*51:01		known_exact_genomic
RY04#2	HLA-B	1	HLA-B*56:01	HLA-B*56:01		known_exact_cds
RY05#1	HLA-B	1	HLA-B*40:03	HLA-B*40:03		known_exact_cds
RY05#2	HLA-B	1	HLA-B*07:02	HLA-B*07:02		known_exact_genomic
RY06#1	HLA-B	1	HLA-B*49:01	HLA-B*49:01		known_exact_genomic
RY06#2	HLA-B	1	HLA-B*07:02	HLA-B*07:02		known_exact_genomic
RY07#1	HLA-B	1	HLA-B*40:02	HLA-B*40:02		known_exact_genomic
RY07#2	HLA-B	1	HLA-B*73:01	HLA-B*73:01		known_exact_genomic
RY08#1	HLA-B	1	HLA-B*13:01	HLA-B*13:01		known_exact_genomic
RY08#2	HLA-B	1	HLA-B*46:01	HLA-B*46:01		known_exact_genomic
RY09#1	HLA-B	1	HLA-B*44:03	HLA-B*44:03		known_exact_genomic
RY09#2	HLA-B	1	HLA-B*13:02	HLA-B*13:02		known_exact_cds
RY10#1	HLA-B	1	HLA-B*52:01	HLA-B*52:01		known_exact_genomic
RY10#2	HLA-B	1	HLA-B*15:11	HLA-B*15:11		known_exact_genomic
RY11#1	HLA-B	1	HLA-B*15:01	HLA-B*15:01		known_exact_genomic
RY11#2	HLA-B	1	HLA-B*51:01	HLA-B*51:01		known_exact_genomic
HG00408#1	HLA-B	1	HLA-B*15:02	HLA-B*15:02		known_exact_cds
HG00408#2	HLA-B	1	HLA-B*40:02	HLA-B*40:02		known_exact_genomic
HG00423#1	HLA-B	1	HLA-B*46:01	HLA-B*46:01		known_exact_genomic
HG00423#2	HLA-B	1	HLA-B*44:03	HLA-B*44:03		known_exact_genomic
HG00438#1	HLA-B	1	HLA-B*54:01	HLA-B*54:01		known_exact_genomic
HG00438#2	HLA-B	1	HLA-B*51:01	HLA-B*51:01		known_exact_genomic
HG005#1	HLA-B	1	HLA-B*15:01	HLA-B*15:01		known_exact_genomic
HG005#2	HLA-B	1	HLA-B*40:06	HLA-B*40:06		known_exact_genomic
HG00544#1	HLA-B	1	HLA-B*46:01	HLA-B*46:01		known_exact_genomic
HG00544#2	HLA-B	1	HLA-B*46:01	HLA-B*46:01		known_exact_genomic
HG00558#1	HLA-B	1	HLA-B*40:01	HLA-B*40:01		known_exact_genomic
HG00558#2	HLA-B	1	HLA-B*37:01	HLA-B*37:01		known_exact_genomic
HG00597#1	HLA-B	1	HLA-B*15:02	HLA-B*15:02		known_exact_cds
HG00597#2	HLA-B	1	HLA-B*40:01	HLA-B*40:01		known_exact_genomic
HG00609#1	HLA-B	1	HLA-B*40:01	HLA-B*40:01		known_exact_genomic
HG00609#2	HLA-B	1	HLA-B*40:01	HLA-B*40:01		known_exact_genomic
HG00621#1	HLA-B	1	HLA-B*56:01	HLA-B*56:01		known_exact_cds
HG00621#2	HLA-B	1	HLA-B*51:01	HLA-B*51:01		known_exact_cds
HG00658#1	HLA-B	1	HLA-B*39:01	HLA-B*39:01		known_exact_genomic
HG00658#2	HLA-B	1	HLA-B*51:01	HLA-B*51:01		known_exact_genomic
HG00673#1	HLA-B	1	HLA-B*48:03	HLA-B*48:03		known_exact_genomic
HG00673#2	HLA-B	1	HLA-B*38:02	HLA-B*38:02		known_exact_genomic
HG00706#1	HLA-B	1	HLA-B*13:01	HLA-B*13:01		known_exact_genomic
HG00706#2	HLA-B	1	HLA-B*27:04	HLA-B*27:04		known_exact_genomic
HG02015#1	HLA-B	1	HLA-B*38:01	HLA-B*38:01		known_exact_genomic
HG02015#2	HLA-B	1	HLA-B*58:01	HLA-B*58:01		known_exact_cds
HG02027#1	HLA-B	1	HLA-B*15:02	HLA-B*15:02		known_exact_cds
HG02027#2	HLA-B	1	HLA-B*15:25	HLA-B*15:25		known_exact_genomic
HG02040#1	HLA-B	1	HLA-B*07:05	HLA-B*07:05		known_exact_genomic
HG02040#2	HLA-B	1	HLA-B*46:01	HLA-B*46:01		known_exact_genomic
HG02056#1	HLA-B	1	HLA-B*15:02	HLA-B*15:02		known_exact_cds
HG02056#2	HLA-B	1	HLA-B*48:01	HLA-B*48:01		known_exact_genomic
HG02071#1	HLA-B	1	HLA-B*15:12	HLA-B*15:12		known_exact_genomic
HG02071#2	HLA-B	1	HLA-B*35:05	HLA-B*35:05		known_exact_genomic
HG02074#1	HLA-B	1	HLA-B*46:01	HLA-B*46:01		known_exact_genomic
HG02074#2	HLA-B	1	HLA-B*15:12	HLA-B*15:12		known_exact_genomic
HG02080#1	HLA-B	1	HLA-B*58:01	HLA-B*58:01		known_exact_cds
HG02080#2	HLA-B	1	HLA-B*57:01	HLA-B*57:01		known_exact_genomic
HG02083#1	HLA-B	1	HLA-B*40:01	HLA-B*40:01		known_exact_genomic
HG02083#2	HLA-B	1	HLA-B*57:01	HLA-B*57:01		known_exact_genomic
HG02129#1	HLA-B	1	HLA-B*58:01	HLA-B*58:01		known_exact_cds
HG02129#2	HLA-B	1	HLA-B*38:02	HLA-B*38:02		known_exact_genomic
HG02132#1	HLA-B	1	HLA-B*15:11	HLA-B*15:11		known_exact_genomic
HG02132#2	HLA-B	1	HLA-B*55:02	HLA-B*55:02		known_exact_genomic
HG02135#1	HLA-B	1	HLA-B*15:01	HLA-B*15:01		known_exact_cds
HG02135#2	HLA-B	1	HLA-B*15:01	HLA-B*15:01		known_exact_genomic
HG02155#1	HLA-B	1	HLA-B*13:01	HLA-B*13:01		known_exact_genomic
HG02155#2	HLA-B	1	HLA-B*40:02	HLA-B*40:02		known_exact_genomic
HG02165#1	HLA-B	1	HLA-B*27:04	HLA-B*27:04		known_exact_genomic
HG02165#2	HLA-B	1	HLA-B*46:01	HLA-B*46:01		known_exact_genomic
HG02178#1	HLA-B	1	HLA-B*46:01	HLA-B*46:01		known_exact_genomic
HG02178#2	HLA-B	1	HLA-B*52:01	HLA-B*52:01		known_exact_genomic
HG02391#1	HLA-B	1	HLA-B*13:01	HLA-B*13:01		known_exact_genomic
HG02391#2	HLA-B	1	HLA-B*40:01	HLA-B*40:01		known_exact_genomic
HG02392#1	HLA-B	1	HLA-B*27:06	HLA-B*27:06		known_exact_cds
HG02392#2	HLA-B	1	HLA-B*40:01	HLA-B*40:01		known_exact_genomic
HG02514#1	HLA-B	1	HLA-B*44:03	HLA-B*44:03		known_exact_genomic
HG02514#2	HLA-B	1	HLA-B*15:02	HLA-B*15:02		known_exact_cds
HG02523#1	HLA-B	1	HLA-B*07:05	HLA-B*07:05		known_exact_genomic
HG02523#2	HLA-B	1	HLA-B*46:01	HLA-B*46:01		known_exact_genomic
NA18565#1	HLA-B	1	HLA-B*51:01	HLA-B*51:01		known_exact_genomic
NA18565#2	HLA-B	1	HLA-B*15:25	HLA-B*15:25		known_exact_genomic
NA18570#1	HLA-B	1	HLA-B*15:01	HLA-B*15:01		known_exact_genomic
NA18570#2	HLA-B	1	HLA-B*15:11	HLA-B*15:11		known_exact_genomic
NA18608#1	HLA-B	1	HLA-B*48:01	HLA-B*48:01		known_exact_genomic
NA18608#2	HLA-B	1	HLA-B*51:01	HLA-B*51:01		known_exact_genomic
NA18620#1	HLA-B	1	HLA-B*40:01	HLA-B*40:01		known_exact_genomic
NA18620#2	HLA-B	1	HLA-B*48:01	HLA-B*48:01		known_exact_cds
NA18747#1	HLA-B	1	HLA-B*15:27	HLA-B*15:27		known_exact_genomic
NA18747#2	HLA-B	1	HLA-B*35:03	HLA-B*35:03		known_exact_genomic
NA18940#1	HLA-B	1	HLA-B*52:01	HLA-B*52:01		known_exact_genomic
NA18940#2	HLA-B	1	HLA-B*46:01	HLA-B*46:01		known_exact_genomic
NA18943#1	HLA-B	1	HLA-B*46:01	HLA-B*46:01		known_exact_genomic
NA18943#2	HLA-B	1	HLA-B*35:01	HLA-B*35:01		known_exact_genomic
NA18944#1	HLA-B	1	HLA-B*51:01	HLA-B*51:01		known_exact_genomic
NA18944#2	HLA-B	1	HLA-B*40:02	HLA-B*40:02		known_exact_genomic
NA18945#1	HLA-B	1	HLA-B*44:03	HLA-B*44:03		known_exact_genomic
NA18945#2	HLA-B	1	HLA-B*15:01	HLA-B*15:01		known_exact_genomic
NA18948#1	HLA-B	1	HLA-B*13:02	HLA-B*13:02		known_exact_cds
NA18948#2	HLA-B	1	HLA-B*07:02	HLA-B*07:02		known_exact_genomic
NA18952#1	HLA-B	1	HLA-B*07:02	HLA-B*07:02		known_exact_genomic
NA18952#2	HLA-B	1	HLA-B*51:01	HLA-B*51:01		known_exact_genomic
NA18959#1	HLA-B	1	HLA-B*52:01	HLA-B*52:01		known_exact_genomic
NA18959#2	HLA-B	1	HLA-B*67:01	HLA-B*67:01		known_exact_genomic
NA18960#1	HLA-B	1	HLA-B*40:06	HLA-B*40:06		known_exact_genomic
NA18960#2	HLA-B	1	HLA-B*54:01	HLA-B*54:01		known_exact_genomic
NA18967#1	HLA-B	1	HLA-B*40:02	HLA-B*40:02		known_exact_genomic
NA18967#2	HLA-B	1	HLA-B*51:01	HLA-B*51:01		known_exact_genomic
NA18970#1	HLA-B	1	HLA-B*54:01	HLA-B*54:01		known_exact_genomic
NA18970#2	HLA-B	1	HLA-B*15:18	HLA-B*15:18		known_exact_genomic
NA18971#1	HLA-B	1	HLA-B*40:02	HLA-B*40:02		known_exact_genomic
NA18971#2	HLA-B	1	HLA-B*40:02	HLA-B*40:02		known_exact_genomic
NA18974#1	HLA-B	1	HLA-B*40:01	HLA-B*40:01		known_exact_genomic
NA18974#2	HLA-B	1	HLA-B*39:01	HLA-B*39:01		known_exact_cds
NA18976#1	HLA-B	1	HLA-B*44:03	HLA-B*44:03		known_exact_genomic
NA18976#2	HLA-B	1	HLA-B*44:03	HLA-B*44:03		known_exact_genomic
NA18982#1	HLA-B	1	HLA-B*52:01	HLA-B*52:01		known_exact_genomic
NA18982#2	HLA-B	1	HLA-B*48:01	HLA-B*48:01		known_exact_genomic
NA18983#1	HLA-B	1	HLA-B*35:01	HLA-B*35:01		known_exact_genomic
NA18983#2	HLA-B	1	HLA-B*15:01	HLA-B*15:01		known_exact_genomic
NA19087#1	HLA-B	1	HLA-B*35:01	HLA-B*35:01		known_exact_genomic
NA19087#2	HLA-B	1	HLA-B*44:03	HLA-B*44:03		known_exact_genomic
hg002#1	HLA-B	1	HLA-B*38:01	HLA-B*38:01		known_exact_genomic
hg002#2	HLA-B	1	HLA-B*35:08	HLA-B*35:08		known_exact_cds
HG00097#1	HLA-B	1	HLA-B*07:02	HLA-B*07:02		known_exact_genomic
HG00097#2	HLA-B	1	HLA-B*07:02	HLA-B*07:02		known_exact_genomic
HG00099#1	HLA-B	1	HLA-B*44:02	HLA-B*44:02		known_exact_genomic
HG00099#2	HLA-B	1	HLA-B*08:01	HLA-B*08:01		known_exact_genomic
HG00126#1	HLA-B	1	HLA-B*35:03	HLA-B*35:03		known_exact_genomic
HG00126#2	HLA-B	1	HLA-B*44:03	HLA-B*44:03		known_exact_genomic
HG00128#1	HLA-B	1	HLA-B*14:02	HLA-B*14:02		known_exact_genomic
HG00128#2	HLA-B	1	HLA-B*27:05	HLA-B*27:05		known_exact_cds
HG00133#1	HLA-B	1	HLA-B*53:01	HLA-B*53:01		known_exact_cds
HG00133#2	HLA-B	1	HLA-B*44:02	HLA-B*44:02		known_exact_genomic
HG00140#1	HLA-B	1	HLA-B*40:01	HLA-B*40:01		known_exact_genomic
HG00140#2	HLA-B	1	HLA-B*57:01	HLA-B*57:01		known_exact_genomic
HG00146#1	HLA-B	1	HLA-B*08:01	HLA-B*08:01		known_exact_genomic
HG00146#2	HLA-B	1	HLA-B*35:01	HLA-B*35:01		known_exact_genomic
HG00232#1	HLA-B	1	HLA-B*07:02	HLA-B*07:02		known_exact_genomic
HG00232#2	HLA-B	1	HLA-B*27:05	HLA-B*27:05		known_exact_cds
HG00235#1	HLA-B	1	HLA-B*44:02	HLA-B*44:02		known_exact_genomic
HG00235#2	HLA-B	1	HLA-B*07:02	HLA-B*07:02		known_exact_genomic
HG00253#1	HLA-B	1	HLA-B*58:01	HLA-B*58:01		known_exact_genomic
HG00253#2	HLA-B	1	HLA-B*07:02	HLA-B*07:02		known_exact_genomic
HG00272#1	HLA-B	1	HLA-B*15:01	HLA-B*15:01		known_exact_genomic
HG00272#2	HLA-B	1	HLA-B*08:01	HLA-B*08:01		known_exact_genomic
HG00280#1	HLA-B	1	HLA-B*27:05	HLA-B*27:05		known_exact_cds
HG00280#2	HLA-B	1	HLA-B*08:01	HLA-B*08:01		known_exact_genomic
HG00290#1	HLA-B	1	HLA-B*07:02	HLA-B*07:02		known_exact_genomic
HG00290#2	HLA-B	1	HLA-B*35:01	HLA-B*35:01		known_exact_genomic
HG00320#1	HLA-B	1	HLA-B*35:01	HLA-B*35:01		known_exact_genomic
HG00320#2	HLA-B	1	HLA-B*15:01	HLA-B*15:01		known_exact_genomic
HG00321#1	HLA-B	1	HLA-B*15:01	HLA-B*15:01		known_exact_genomic
HG00321#2	HLA-B	1	HLA-B*40:01	HLA-B*40:01		known_exact_genomic
HG00323#1	HLA-B	1	HLA-B*40:01	HLA-B*40:01		known_exact_genomic
HG00323#2	HLA-B	1	HLA-B*18:01	HLA-B*18:01		known_exact_cds
HG00329#1	HLA-B	1	HLA-B*15:01	HLA-B*15:01		known_exact_genomic
HG00329#2	HLA-B	1	HLA-B*51:01	HLA-B*51:01		known_exact_cds
HG00344#1	HLA-B	1	HLA-B*07:02	HLA-B*07:02		known_exact_genomic
HG00344#2	HLA-B	1	HLA-B*07:02	HLA-B*07:02		known_exact_genomic
HG00350#1	HLA-B	1	HLA-B*15:01	HLA-B*15:01		known_exact_genomic
HG00350#2	HLA-B	1	HLA-B*15:01	HLA-B*15:01		known_exact_genomic
HG00639#1	HLA-B	1	HLA-B*44:02	HLA-B*44:02		known_exact_genomic
HG00639#2	HLA-B	1	HLA-B*51:01	HLA-B*51:01		known_exact_genomic
HG00642#1	HLA-B	1	HLA-B*18:01	HLA-B*18:01		known_exact_genomic
HG00642#2	HLA-B	1	HLA-B*15:03	HLA-B*15:03		known_exact_cds
HG00733#1	HLA-B	1	HLA-B*35:02	HLA-B*35:02		known_exact_genomic
HG00733#2	HLA-B	1	HLA-B*18:01	HLA-B*18:01		known_exact_genomic
HG00735#1	HLA-B	1	HLA-B*07:02	HLA-B*07:02		known_exact_genomic
HG00735#2	HLA-B	1	HLA-B*14:02	HLA-B*14:02		known_exact_genomic
HG00738#1	HLA-B	1	HLA-B*08:01	HLA-B*08:01		known_exact_genomic
HG00738#2	HLA-B	1	HLA-B*51:01	HLA-B*51:01		known_exact_genomic
HG00741#1	HLA-B	1	HLA-B*35:01	HLA-B*35:01		known_exact_genomic
HG00741#2	HLA-B	1	HLA-B*57:03	HLA-B*57:03		known_exact_genomic
HG01071#1	HLA-B	1	HLA-B*44:02	HLA-B*44:02		known_exact_genomic
HG01071#2	HLA-B	1	HLA-B*40:01	HLA-B*40:01		known_exact_genomic
HG01074#1	HLA-B	1	HLA-B*50:01	HLA-B*50:01		known_exact_genomic
HG01074#2	HLA-B	1	HLA-B*44:03	HLA-B*44:03		known_exact_genomic
HG01081#1	HLA-B	1	HLA-B*39:01	HLA-B*39:01		known_exact_cds
HG01081#2	HLA-B	1	HLA-B*15:03	HLA-B*15:03		known_exact_cds
HG01099#1	HLA-B	1	HLA-B*51:01	HLA-B*51:01		known_exact_genomic
HG01099#2	HLA-B	1	HLA-B*44:03	HLA-B*44:03		known_exact_genomic
HG01106#1	HLA-B	1	HLA-B*14:02	HLA-B*14:02		known_exact_genomic
HG01106#2	HLA-B	1	HLA-B*49:01	HLA-B*49:01		known_exact_cds
HG01109#1	HLA-B	1	HLA-B*52:01	HLA-B*52:01		known_exact_cds
HG01109#2	HLA-B	1	HLA-B*35:01	HLA-B*35:01		known_exact_genomic
HG01123#1	HLA-B	1	HLA-B*51:01	HLA-B*51:01		known_exact_cds
HG01123#2	HLA-B	1	HLA-B*18:01	HLA-B*18:01		known_exact_cds
HG01150#1	HLA-B	1	HLA-B*35:08	HLA-B*35:08		known_exact_cds
HG01150#2	HLA-B	1	HLA-B*35:43	HLA-B*35:43		known_exact_genomic
HG01167#1	HLA-B	1	HLA-B*48:02	HLA-B*48:02		known_exact_genomic
HG01167#2	HLA-B	1	HLA-B*45:01	HLA-B*45:01		known_exact_genomic
HG01175#1	HLA-B	1	HLA-B*07:02	HLA-B*07:02		known_exact_genomic
HG01175#2	HLA-B	1	HLA-B*53:01	HLA-B*53:01		known_exact_cds
HG01192#1	HLA-B	1	HLA-B*18:01	HLA-B*18:01		known_exact_genomic
HG01192#2	HLA-B	1	HLA-B*39:05	HLA-B*39:05		known_exact_genomic
HG01243#1	HLA-B	1	HLA-B*15:03	HLA-B*15:03		known_exact_cds
HG01243#2	HLA-B	1	HLA-B*44:03	HLA-B*44:03		known_exact_genomic
HG01252#1	HLA-B	1	HLA-B*35:43	HLA-B*35:43		known_exact_genomic
HG01252#2	HLA-B	1	HLA-B*35:43	HLA-B*35:43		known_exact_genomic
HG01255#1	HLA-B	1	HLA-B*27:05	HLA-B*27:05		known_exact_cds
HG01255#2	HLA-B	1	HLA-B*07:02	HLA-B*07:02		known_exact_genomic
HG01258#1	HLA-B	1	HLA-B*15:01	HLA-B*15:01		known_exact_genomic
HG01258#2	HLA-B	1	HLA-B*07:02	HLA-B*07:02		known_exact_genomic
HG01261#1	HLA-B	1	HLA-B*51:193	HLA-B*51:193		known_exact_genomic
HG01261#2	HLA-B	1	HLA-B*14:02	HLA-B*14:02		known_exact_genomic
HG01346#1	HLA-B	1	HLA-B*35:12	HLA-B*35:12		known_exact_genomic
HG01346#2	HLA-B	1	HLA-B*38:01	HLA-B*38:01		known_exact_genomic
HG01358#1	HLA-B	1	HLA-B*35:43	HLA-B*35:43		known_exact_genomic
HG01358#2	HLA-B	1	HLA-B*49:01	HLA-B*49:01		known_exact_genomic
HG01361#1	HLA-B	1	HLA-B*58:02	HLA-B*58:02		known_exact_genomic
HG01361#2	HLA-B	1	HLA-B*44:03	HLA-B*44:03		known_exact_genomic
HG01433#1	HLA-B	1	HLA-B*27:05	HLA-B*27:05		known_exact_cds
HG01433#2	HLA-B	1	HLA-B*08:01	HLA-B*08:01		known_exact_genomic
HG01496#1	HLA-B	1	HLA-B*07:02	HLA-B*07:02		known_exact_genomic
HG01496#2	HLA-B	1	HLA-B*40:02	HLA-B*40:02		known_exact_genomic
HG01530#1	HLA-B	1	HLA-B*07:02	HLA-B*07:02		known_exact_genomic
HG01530#2	HLA-B	1	HLA-B*35:03	HLA-B*35:03		known_exact_cds
HG01784#1	HLA-B	1	HLA-B*44:02	HLA-B*44:02		known_exact_genomic
HG01784#2	HLA-B	1	HLA-B*44:03	HLA-B*44:03		known_exact_cds
HG01786#1	HLA-B	1	HLA-B*44:02	HLA-B*44:02		known_exact_genomic
HG01786#2	HLA-B	1	HLA-B*15:17	HLA-B*15:17		known_exact_cds
HG01884#1	HLA-B	1	HLA-B*35:01	HLA-B*35:01		known_exact_cds
HG01884#2	HLA-B	1	HLA-B*57:03	HLA-B*57:03		known_exact_cds
HG01891#1	HLA-B	1	HLA-B*07:02	HLA-B*07:02		known_exact_genomic
HG01891#2	HLA-B	1	HLA-B*42:01	HLA-B*42:01		known_exact_genomic
HG01928#1	HLA-B	1	HLA-B*35:01	HLA-B*35:01		known_exact_genomic
HG01928#2	HLA-B	1	HLA-B*35:10	HLA-B*35:10		known_exact_cds
HG01934#1	HLA-B	1	HLA-B*44:03	HLA-B*44:03		known_exact_genomic
HG01934#2	HLA-B	1	HLA-B*40:111	HLA-B*40:111		known_exact_genomic
HG01940#1	HLA-B	1	HLA-B*39:05	HLA-B*39:05		known_exact_genomic
HG01940#2	HLA-B	1	HLA-B*35:05	HLA-B*35:05		known_exact_cds
HG01943#1	HLA-B	1	HLA-B*35:10	HLA-B*35:10		known_exact_cds
HG01943#2	HLA-B	1	HLA-B*35:05	HLA-B*35:05		known_exact_cds
HG01952#1	HLA-B	1	HLA-B*39:09	HLA-B*39:09		known_exact_genomic
HG01952#2	HLA-B	1	HLA-B*40:02	HLA-B*40:02		known_exact_genomic
HG01960#1	HLA-B	1	HLA-B*35:01	HLA-B*35:01		known_exact_cds
HG01960#2	HLA-B	1	HLA-B*35:01	HLA-B*35:01		known_exact_genomic
HG01969#1	HLA-B	1	HLA-B*08:01	HLA-B*08:01		known_exact_genomic
HG01969#2	HLA-B	1	HLA-B*07:02	HLA-B*07:02		known_exact_genomic
HG01975#1	HLA-B	1	HLA-B*40:04	HLA-B*40:04		known_exact_genomic
HG01975#2	HLA-B	1	HLA-B*40:02	HLA-B*40:02		known_exact_genomic
HG01978#1	HLA-B	1	HLA-B*39:14	HLA-B*39:14		known_exact_genomic
HG01978#2	HLA-B	1	HLA-B*40:02	HLA-B*40:02		known_exact_genomic
HG01981#1	HLA-B	1	HLA-B*44:02	HLA-B*44:02		known_exact_genomic
HG01981#2	HLA-B	1	HLA-B*35:06	HLA-B*35:06		known_exact_genomic
HG01993#1	HLA-B	1	HLA-B*39:12	HLA-B*39:12		known_exact_genomic
HG01993#2	HLA-B	1	HLA-B*35:01	HLA-B*35:01		known_exact_genomic
HG02004#1	HLA-B	1	HLA-B*40:04	HLA-B*40:04		known_exact_genomic
HG02004#2	HLA-B	1	HLA-B*40:64	HLA-B*40:64		known_exact_genomic
HG02055#1	HLA-B	1	HLA-B*42:02	HLA-B*42:02		known_exact_genomic
HG02055#2	HLA-B	1	HLA-B*07:02	HLA-B*07:02		known_exact_genomic
HG02109#1	HLA-B	1	HLA-B*15:16	HLA-B*15:16		known_exact_cds
HG02109#2	HLA-B	1	HLA-B*45:01	HLA-B*45:01		known_exact_cds
HG02145#1	HLA-B	1	HLA-B*15:18	HLA-B*15:18		known_exact_cds
HG02145#2	HLA-B	1	HLA-B*78:01	HLA-B*78:01		known_exact_cds
HG02148#1	HLA-B	1	HLA-B*51:01	HLA-B*51:01		known_exact_cds
HG02148#2	HLA-B	1	HLA-B*18:01	HLA-B*18:01		known_exact_genomic
HG02257#1	HLA-B	1	HLA-B*41:01	HLA-B*41:01		known_exact_cds
HG02257#2	HLA-B	1	HLA-B*42:01	HLA-B*42:01		known_exact_genomic
HG02258#1	HLA-B	1	HLA-B*53:01	HLA-B*53:01		known_exact_cds
HG02258#2	HLA-B	1	HLA-B*07:02	HLA-B*07:02		known_exact_cds
HG02273#1	HLA-B	1	HLA-B*15:04	HLA-B*15:04		known_exact_genomic
HG02273#2	HLA-B	1	HLA-B*15:04	HLA-B*15:04		known_exact_genomic
HG02280#1	HLA-B	1	HLA-B*35:01	HLA-B*35:01		known_exact_cds
HG02280#2	HLA-B	1	HLA-B*15:16	HLA-B*15:16		known_exact_cds
HG02293#1	HLA-B	1	HLA-B*39:06	HLA-B*39:06		known_exact_genomic
HG02293#2	HLA-B	1	HLA-B*15:05	HLA-B*15:05		known_exact_genomic
HG02300#1	HLA-B	1	HLA-B*51:01	HLA-B*51:01		known_exact_cds
HG02300#2	HLA-B	1	HLA-B*48:01	HLA-B*48:01		known_exact_genomic
HG02451#1	HLA-B	1	HLA-B*15:03	HLA-B*15:03		known_exact_cds
HG02451#2	HLA-B	1	HLA-B*35:01	HLA-B*35:01		known_exact_cds
HG02486#1	HLA-B	1	HLA-B*15:03	HLA-B*15:03		known_exact_cds
HG02486#2	HLA-B	1	HLA-B*42:01	HLA-B*42:01		known_exact_genomic
HG02559#1	HLA-B	1	HLA-B*15:01	HLA-B*15:01		known_exact_genomic
HG02559#2	HLA-B	1	HLA-B*51:01	HLA-B*51:01		known_exact_cds
HG02572#1	HLA-B	1	HLA-B*27:03	HLA-B*27:03		known_exact_cds
HG02572#2	HLA-B	1	HLA-B*78:01	HLA-B*78:01		known_exact_cds
HG02583#1	HLA-B	1	HLA-B*42:02	HLA-B*42:02		known_exact_genomic
HG02583#2	HLA-B	1	HLA-B*41:02	HLA-B*41:02		known_exact_cds
HG02602#1	HLA-B	1	HLA-B*44:02	HLA-B*44:02		known_exact_genomic
HG02602#2	HLA-B	1	HLA-B*49:01	HLA-B*49:01		known_exact_genomic
HG02615#1	HLA-B	1	HLA-B*52:01	HLA-B*52:01		known_exact_cds
HG02615#2	HLA-B	1	HLA-B*44:03	HLA-B*44:03		known_exact_genomic
HG02622#1	HLA-B	1	HLA-B*15:03	HLA-B*15:03		known_exact_cds
HG02622#2	HLA-B	1	HLA-B*50:01	HLA-B*50:01		known_exact_genomic
HG02630#1	HLA-B	1	HLA-B*41:02	HLA-B*41:02		known_exact_cds
HG02630#2	HLA-B	1	HLA-B*53:01	HLA-B*53:01		known_exact_cds
HG02647#1	HLA-B	1	HLA-B*53:01	HLA-B*53:01		known_exact_cds
HG02647#2	HLA-B	1	HLA-B*39:10	HLA-B*39:10		known_exact_cds
HG02668#1	HLA-B	1	HLA-B*52:01	HLA-B*52:01		known_exact_cds
HG02668#2	HLA-B	1	HLA-B*15:03	HLA-B*15:03		known_exact_cds
HG02698#1	HLA-B	1	HLA-B*40:06	HLA-B*40:06		known_exact_cds
HG02698#2	HLA-B	1	HLA-B*15:220	HLA-B*15:220		known_exact_genomic
HG02717#1	HLA-B	1	HLA-B*45:01	HLA-B*45:01		known_exact_cds
HG02717#2	HLA-B	1	HLA-B*15:03	HLA-B*15:03		known_exact_cds
HG02723#1	HLA-B	1	HLA-B*08:01	HLA-B*08:01		known_exact_genomic
HG02723#2	HLA-B	1	HLA-B*49:01	HLA-B*49:01		known_exact_genomic
HG02735#1	HLA-B	1	HLA-B*44:03	HLA-B*44:03		known_exact_cds
HG02735#2	HLA-B	1	HLA-B*58:01	HLA-B*58:01		known_exact_cds
HG02738#1	HLA-B	1	HLA-B*08:01	HLA-B*08:01		known_exact_genomic
HG02738#2	HLA-B	1	HLA-B*50:01	HLA-B*50:01		known_exact_genomic
HG02809#1	HLA-B	1	HLA-B*08:01	HLA-B*08:01		known_exact_genomic
HG02809#2	HLA-B	1	HLA-B*57:03	HLA-B*57:03		known_exact_cds
HG02818#1	HLA-B	1	HLA-B*58:01	HLA-B*58:01		known_exact_cds
HG02818#2	HLA-B	1	HLA-B*53:01	HLA-B*53:01		known_exact_cds
HG02841#1	HLA-B	1	HLA-B*08:01	HLA-B*08:01		known_exact_genomic
HG02841#2	HLA-B	1	HLA-B*58:01	HLA-B*58:01		known_exact_genomic
HG02886#1	HLA-B	1	HLA-B*51:01	HLA-B*51:01		known_exact_cds
HG02886#2	HLA-B	1	HLA-B*35:01	HLA-B*35:01		known_exact_cds
HG02922#1	HLA-B	1	HLA-B*18:01	HLA-B*18:01		known_exact_cds
HG02922#2	HLA-B	1	HLA-B*15:10	HLA-B*15:10		known_exact_genomic
HG02965#1	HLA-B	1	HLA-B*35:01	HLA-B*35:01		known_exact_genomic
HG02965#2	HLA-B	1	HLA-B*35:01	HLA-B*35:01		known_exact_genomic
HG02976#1	HLA-B	1	HLA-B*15:10	HLA-B*15:10		known_exact_genomic
HG02976#2	HLA-B	1	HLA-B*15:03	HLA-B*15:03		known_exact_cds
HG02984#1	HLA-B	1	HLA-B*58:01	HLA-B*58:01		known_exact_cds
HG02984#2	HLA-B	1	HLA-B*58:01	HLA-B*58:01		known_exact_genomic
HG03017#1	HLA-B	1	HLA-B*15:08	HLA-B*15:08		known_exact_genomic
HG03017#2	HLA-B	1	HLA-B*15:02	HLA-B*15:02		known_exact_cds
HG03041#1	HLA-B	1	HLA-B*53:01	HLA-B*53:01		known_exact_cds
HG03041#2	HLA-B	1	HLA-B*53:01	HLA-B*53:01		known_exact_cds
HG03050#1	HLA-B	1	HLA-B*53:01	HLA-B*53:01		known_exact_cds
HG03050#2	HLA-B	1	HLA-B*42:01	HLA-B*42:01		known_exact_genomic
HG03098#1	HLA-B	1	HLA-B*42:01	HLA-B*42:01		known_exact_genomic
HG03098#2	HLA-B	1	HLA-B*27:03	HLA-B*27:03		known_exact_cds
HG03130#1	HLA-B	1	HLA-B*35:01	HLA-B*35:01		known_exact_genomic
HG03130#2	HLA-B	1	HLA-B*15:03	HLA-B*15:03		known_exact_cds
HG03139#1	HLA-B	1	HLA-B*42:01	HLA-B*42:01		known_exact_genomic
HG03139#2	HLA-B	1	HLA-B*51:01	HLA-B*51:01		known_exact_cds
HG03195#1	HLA-B	1	HLA-B*35:01	HLA-B*35:01		known_exact_genomic
HG03195#2	HLA-B	1	HLA-B*15:03	HLA-B*15:03		known_exact_cds
HG03209#1	HLA-B	1	HLA-B*27:03	HLA-B*27:03		known_exact_cds
HG03209#2	HLA-B	1	HLA-B*50:01	HLA-B*50:01		known_exact_genomic
HG03225#1	HLA-B	1	HLA-B*41:03	HLA-B*41:03		known_exact_genomic
HG03225#2	HLA-B	1	HLA-B*78:01	HLA-B*78:01		known_exact_cds
HG03239#1	HLA-B	1	HLA-B*52:01	HLA-B*52:01		known_exact_genomic
HG03239#2	HLA-B	1	HLA-B*44:03	HLA-B*44:03		known_exact_genomic
HG03270#1	HLA-B	1	HLA-B*07:02	HLA-B*07:02		known_exact_genomic
HG03270#2	HLA-B	1	HLA-B*53:01	HLA-B*53:01		known_exact_cds
HG03369#1	HLA-B	1	HLA-B*35:01	HLA-B*35:01		known_exact_cds
HG03369#2	HLA-B	1	HLA-B*52:01	HLA-B*52:01		known_exact_cds
HG03453#1	HLA-B	1	HLA-B*53:01	HLA-B*53:01		known_exact_cds
HG03453#2	HLA-B	1	HLA-B*15:10	HLA-B*15:10		known_exact_genomic
HG03470#1	HLA-B	1	HLA-B*44:10	HLA-B*44:10		known_exact_genomic
HG03470#2	HLA-B	1	HLA-B*53:01	HLA-B*53:01		known_exact_cds
HG03471#1	HLA-B	1	HLA-B*15:16	HLA-B*15:16		known_exact_cds
HG03471#2	HLA-B	1	HLA-B*42:01	HLA-B*42:01		known_exact_genomic
HG03486#1	HLA-B	1	HLA-B*35:01	HLA-B*35:01		known_exact_genomic
HG03486#2	HLA-B	1	HLA-B*15:03	HLA-B*15:03		known_exact_cds
HG03516#1	HLA-B	1	HLA-B*53:01	HLA-B*53:01		known_exact_cds
HG03516#2	HLA-B	1	HLA-B*52:01	HLA-B*52:01		known_exact_cds
HG03521#1	HLA-B	1	HLA-B*39:10	HLA-B*39:10		known_exact_cds
HG03521#2	HLA-B	1	HLA-B*57:03	HLA-B*57:03		known_exact_genomic
HG03540#1	HLA-B	1	HLA-B*15:10	HLA-B*15:10		known_exact_genomic
HG03540#2	HLA-B	1	HLA-B*27:03	HLA-B*27:03		known_exact_cds
HG03579#1	HLA-B	1	HLA-B*14:02	HLA-B*14:02		known_exact_genomic
HG03579#2	HLA-B	1	HLA-B*50:01	HLA-B*50:01		known_exact_genomic
HG03583#1	HLA-B	1	HLA-B*58:01	HLA-B*58:01		known_exact_cds
HG03583#2	HLA-B	1	HLA-B*15:03	HLA-B*15:03		known_exact_cds
HG03654#1	HLA-B	1	HLA-B*35:03	HLA-B*35:03		known_exact_genomic
HG03654#2	HLA-B	1	HLA-B*08:01	HLA-B*08:01		known_exact_genomic
HG03669#1	HLA-B	1	HLA-B*52:01	HLA-B*52:01		known_exact_genomic
HG03669#2	HLA-B	1	HLA-B*51:01	HLA-B*51:01		known_exact_genomic
HG03688#1	HLA-B	1	HLA-B*35:01	HLA-B*35:01		known_exact_genomic
HG03688#2	HLA-B	1	HLA-B*52:01	HLA-B*52:01		known_exact_genomic
HG03704#1	HLA-B	1	HLA-B*40:01	HLA-B*40:01		known_exact_genomic
HG03704#2	HLA-B	1	HLA-B*57:01	HLA-B*57:01		known_exact_genomic
HG03710#1	HLA-B	1	HLA-B*51:01	HLA-B*51:01		known_exact_cds
HG03710#2	HLA-B	1	HLA-B*40:01	HLA-B*40:01		known_exact_genomic
HG03742#1	HLA-B	1	HLA-B*52:01	HLA-B*52:01		known_exact_genomic
HG03742#2	HLA-B	1	HLA-B*37:01	HLA-B*37:01		known_exact_genomic
HG03784#1	HLA-B	1	HLA-B*35:01	HLA-B*35:01		known_exact_genomic
HG03784#2	HLA-B	1	HLA-B*35:03	HLA-B*35:03		known_exact_genomic
HG03804#1	HLA-B	1	HLA-B*57:01	HLA-B*57:01		known_exact_genomic
HG03804#2	HLA-B	1	HLA-B*57:01	HLA-B*57:01		known_exact_genomic
HG03816#1	HLA-B	1	HLA-B*44:03	HLA-B*44:03		known_exact_cds
HG03816#2	HLA-B	1	HLA-B*27:05	HLA-B*27:05		known_exact_cds
HG03831#1	HLA-B	1	HLA-B*52:01	HLA-B*52:01		known_exact_genomic
HG03831#2	HLA-B	1	HLA-B*15:08	HLA-B*15:08		known_exact_genomic
HG03834#1	HLA-B	1	HLA-B*13:02	HLA-B*13:02		known_exact_cds
HG03834#2	HLA-B	1	HLA-B*37:01	HLA-B*37:01		known_exact_genomic
HG03874#1	HLA-B	1	HLA-B*44:02	HLA-B*44:02		known_exact_genomic
HG03874#2	HLA-B	1	HLA-B*57:01	HLA-B*57:01		known_exact_genomic
HG03927#1	HLA-B	1	HLA-B*52:01	HLA-B*52:01		known_exact_genomic
HG03927#2	HLA-B	1	HLA-B*15:08	HLA-B*15:08		known_exact_genomic
HG03942#1	HLA-B	1	HLA-B*40:06	HLA-B*40:06		known_exact_cds
HG03942#2	HLA-B	1	HLA-B*40:06	HLA-B*40:06		known_exact_cds
HG04115#1	HLA-B	1	HLA-B*40:06	HLA-B*40:06		known_exact_cds
HG04115#2	HLA-B	1	HLA-B*57:01	HLA-B*57:01		known_exact_genomic
HG04157#1	HLA-B	1	HLA-B*44:03	HLA-B*44:03		known_exact_genomic
HG04157#2	HLA-B	1	HLA-B*40:06	HLA-B*40:06		known_exact_cds
HG04160#1	HLA-B	1	HLA-B*07:05	HLA-B*07:05		known_exact_genomic
HG04160#2	HLA-B	1	HLA-B*15:08	HLA-B*15:08		known_exact_genomic
HG04184#1	HLA-B	1	HLA-B*57:01	HLA-B*57:01		known_exact_genomic
HG04184#2	HLA-B	1	HLA-B*44:03	HLA-B*44:03		known_exact_genomic
HG04187#1	HLA-B	1	HLA-B*08:01	HLA-B*08:01		known_exact_genomic
HG04187#2	HLA-B	1	HLA-B*35:03	HLA-B*35:03		known_exact_genomic
HG04199#1	HLA-B	1	HLA-B*58:01	HLA-B*58:01		known_exact_cds
HG04199#2	HLA-B	1	HLA-B*07:02	HLA-B*07:02		known_exact_genomic
HG04204#1	HLA-B	1	HLA-B*56:01	HLA-B*56:01		known_exact_cds
HG04204#2	HLA-B	1	HLA-B*44:03	HLA-B*44:03		known_exact_genomic
HG04228#1	HLA-B	1	HLA-B*37:01	HLA-B*37:01		known_exact_genomic
HG04228#2	HLA-B	1	HLA-B*44:03	HLA-B*44:03		known_exact_genomic
HG06807#1	HLA-B	1	HLA-B*15:03	HLA-B*15:03		known_exact_cds
HG06807#2	HLA-B	1	HLA-B*44:03	HLA-B*44:03		known_exact_cds
NA18505#1	HLA-B	1	HLA-B*53:01	HLA-B*53:01		known_exact_cds
NA18505#2	HLA-B	1	HLA-B*15:03	HLA-B*15:03		known_exact_cds
NA18508#1	HLA-B	1	HLA-B*42:01	HLA-B*42:01		known_exact_genomic
NA18508#2	HLA-B	1	HLA-B*53:01	HLA-B*53:01		known_exact_cds
NA18522#1	HLA-B	1	HLA-B*49:01	HLA-B*49:01		known_exact_genomic
NA18522#2	HLA-B	1	HLA-B*15:03	HLA-B*15:03		known_exact_cds
NA18879#1	HLA-B	1	HLA-B*42:01	HLA-B*42:01		known_exact_genomic
NA18879#2	HLA-B	1	HLA-B*35:01	HLA-B*35:01		known_exact_cds
NA18906#1	HLA-B	1	HLA-B*53:01	HLA-B*53:01		known_exact_cds
NA18906#2	HLA-B	1	HLA-B*15:03	HLA-B*15:03		known_exact_cds
NA19036#1	HLA-B	1	HLA-B*58:02	HLA-B*58:02		known_exact_genomic
NA19036#2	HLA-B	1	HLA-B*53:01	HLA-B*53:01		known_exact_cds
NA19043#1	HLA-B	1	HLA-B*18:01	HLA-B*18:01		known_exact_cds
NA19043#2	HLA-B	1	HLA-B*18:01	HLA-B*18:01		known_exact_cds
NA19159#1	HLA-B	1	HLA-B*52:01	HLA-B*52:01		known_exact_cds
NA19159#2	HLA-B	1	HLA-B*57:02	HLA-B*57:02		known_exact_cds
NA19185#1	HLA-B	1	HLA-B*52:01	HLA-B*52:01		known_exact_cds
NA19185#2	HLA-B	1	HLA-B*42:01	HLA-B*42:01		known_exact_genomic
NA19240#1	HLA-B	1	HLA-B*35:01	HLA-B*35:01		known_exact_cds
NA19240#2	HLA-B	1	HLA-B*57:03	HLA-B*57:03		known_exact_cds
NA19338#1	HLA-B	1	HLA-B*81:01	HLA-B*81:01		known_exact_genomic
NA19338#2	HLA-B	1	HLA-B*14:02	HLA-B*14:02		known_exact_genomic
NA19391#1	HLA-B	1	HLA-B*53:01	HLA-B*53:01		known_exact_cds
NA19391#2	HLA-B	1	HLA-B*57:03	HLA-B*57:03		known_exact_cds
NA19443#1	HLA-B	1	HLA-B*08:01	HLA-B*08:01		known_exact_genomic
NA19443#2	HLA-B	1	HLA-B*53:01	HLA-B*53:01		known_exact_cds
NA19468#1	HLA-B	1	HLA-B*81:01	HLA-B*81:01		known_exact_genomic
NA19468#2	HLA-B	1	HLA-B*81:01	HLA-B*81:01		known_exact_genomic
NA19682#1	HLA-B	1	HLA-B*35:17	HLA-B*35:17		known_exact_genomic
NA19682#2	HLA-B	1	HLA-B*47:01	HLA-B*47:01		known_exact_genomic
NA19700#1	HLA-B	1	HLA-B*15:10	HLA-B*15:10		known_exact_genomic
NA19700#2	HLA-B	1	HLA-B*42:01	HLA-B*42:01		known_exact_genomic
NA19776#1	HLA-B	1	HLA-B*35:01	HLA-B*35:01		known_exact_genomic
NA19776#2	HLA-B	1	HLA-B*07:02	HLA-B*07:02		known_exact_genomic
NA19835#1	HLA-B	1	HLA-B*53:01	HLA-B*53:01		known_exact_cds
NA19835#2	HLA-B	1	HLA-B*50:01	HLA-B*50:01		known_exact_genomic
NA19909#1	HLA-B	1	HLA-B*42:01	HLA-B*42:01		known_exact_genomic
NA19909#2	HLA-B	1	HLA-B*42:01	HLA-B*42:01		known_exact_genomic
NA20129#1	HLA-B	1	HLA-B*08:01	HLA-B*08:01		known_exact_genomic
NA20129#2	HLA-B	1	HLA-B*48:01	HLA-B*48:01		known_exact_genomic
NA20282#1	HLA-B	1	HLA-B*53:01	HLA-B*53:01		known_exact_cds
NA20282#2	HLA-B	1	HLA-B*81:01	HLA-B*81:01		known_exact_genomic
NA20346#1	HLA-B	1	HLA-B*53:01	HLA-B*53:01		known_exact_cds
NA20346#2	HLA-B	1	HLA-B*15:10	HLA-B*15:10		known_exact_genomic
NA20503#1	HLA-B	1	HLA-B*35:01	HLA-B*35:01		known_exact_genomic
NA20503#2	HLA-B	1	HLA-B*35:01	HLA-B*35:01		known_exact_genomic
NA20752#1	HLA-B	1	HLA-B*51:01	HLA-B*51:01		known_exact_genomic
NA20752#2	HLA-B	1	HLA-B*13:02	HLA-B*13:02		known_exact_cds
NA20762#1	HLA-B	1	HLA-B*38:01	HLA-B*38:01		known_exact_genomic
NA20762#2	HLA-B	1	HLA-B*35:01	HLA-B*35:01		known_exact_genomic
NA20799#1	HLA-B	1	HLA-B*15:18	HLA-B*15:18		known_exact_genomic
NA20799#2	HLA-B	1	HLA-B*57:02	HLA-B*57:02		known_exact_cds
NA20805#1	HLA-B	1	HLA-B*18:01	HLA-B*18:01		known_exact_genomic
NA20805#2	HLA-B	1	HLA-B*44:02	HLA-B*44:02		known_exact_genomic
NA20806#1	HLA-B	1	HLA-B*51:01	HLA-B*51:01		known_exact_genomic
NA20806#2	HLA-B	1	HLA-B*35:03	HLA-B*35:03		known_exact_genomic
NA20809#1	HLA-B	1	HLA-B*44:03	HLA-B*44:03		known_exact_cds
NA20809#2	HLA-B	1	HLA-B*07:02	HLA-B*07:02		known_exact_genomic
NA20827#1	HLA-B	1	HLA-B*13:02	HLA-B*13:02		known_exact_cds
NA20827#2	HLA-B	1	HLA-B*41:01	HLA-B*41:01		known_exact_cds
NA20850#1	HLA-B	1	HLA-B*35:03	HLA-B*35:03		known_exact_genomic
NA20850#2	HLA-B	1	HLA-B*38:02	HLA-B*38:02		known_exact_cds
NA20870#1	HLA-B	1	HLA-B*18:01	HLA-B*18:01		known_exact_cds
NA20870#2	HLA-B	1	HLA-B*40:06	HLA-B*40:06		known_exact_cds
NA20905#1	HLA-B	1	HLA-B*40:06	HLA-B*40:06		known_exact_cds
NA20905#2	HLA-B	1	HLA-B*49:01	HLA-B*49:01		known_exact_genomic
NA21093#1	HLA-B	1	HLA-B*57:01	HLA-B*57:01		known_exact_genomic
NA21093#2	HLA-B	1	HLA-B*37:01	HLA-B*37:01		known_exact_genomic
NA21102#1	HLA-B	1	HLA-B*40:06	HLA-B*40:06		known_exact_cds
NA21102#2	HLA-B	1	HLA-B*08:01	HLA-B*08:01		known_exact_genomic
NA21106#1	HLA-B	1	HLA-B*57:01	HLA-B*57:01		known_exact_genomic
NA21106#2	HLA-B	1	HLA-B*52:01	HLA-B*52:01		known_exact_genomic
NA21110#1	HLA-B	1	HLA-B*35:02	HLA-B*35:02		known_exact_genomic
NA21110#2	HLA-B	1	HLA-B*52:01	HLA-B*52:01		known_exact_genomic
NA21144#1	HLA-B	1	HLA-B*57:01	HLA-B*57:01		known_exact_genomic
NA21144#2	HLA-B	1	HLA-B*58:01	HLA-B*58:01		known_exact_cds
NA21309#1	HLA-B	1	HLA-B*08:01	HLA-B*08:01		known_exact_genomic
NA21309#2	HLA-B	1	HLA-B*49:01	HLA-B*49:01		known_exact_genomic
NA18990#1	HLA-B	1	HLA-B*44:03	HLA-B*44:03		known_exact_genomic
NA18990#2	HLA-B	1	HLA-B*40:02	HLA-B*40:02		known_exact_genomic
NA19007#1	HLA-B	1	HLA-B*35:01	HLA-B*35:01		known_exact_genomic
NA19007#2	HLA-B	1	HLA-B*46:01	HLA-B*46:01		known_exact_genomic
NA19066#1	HLA-B	1	HLA-B*52:01	HLA-B*52:01		known_exact_genomic
NA19066#2	HLA-B	1	HLA-B*51:01	HLA-B*51:01		known_exact_genomic
NA19079#1	HLA-B	1	HLA-B*48:01	HLA-B*48:01		known_exact_genomic
NA19079#2	HLA-B	1	HLA-B*44:03	HLA-B*44:03		known_exact_genomic
NA19088#1	HLA-B	1	HLA-B*15:01	HLA-B*15:01		known_exact_cds
NA19088#2	HLA-B	1	HLA-B*15:07	HLA-B*15:07		known_exact_genomic
ksa001#1	HLA-B	1	HLA-B*44:03	HLA-B*44:03		known_exact_cds
ksa001#2	HLA-B	1	HLA-B*35:03	HLA-B*35:03		known_exact_genomic
ksa002#1	HLA-B	1	HLA-B*15:17	HLA-B*15:17		known_exact_cds
ksa002#2	HLA-B	1	HLA-B*08:01	HLA-B*08:01		known_exact_genomic
ksa003#1	HLA-B	1	HLA-B*51:01	HLA-B*51:01		known_exact_genomic
ksa003#2	HLA-B	1	HLA-B*51:01	HLA-B*51:01		known_exact_genomic
ksa004#1	HLA-B	1	HLA-B*51:01	HLA-B*51:01		known_exact_cds
ksa004#2	HLA-B	1	HLA-B*15:17	HLA-B*15:17		known_exact_cds
ksa005#1	HLA-B	1	HLA-B*51:01	HLA-B*51:01		known_exact_cds
ksa005#2	HLA-B	1	HLA-B*35:08	HLA-B*35:08		known_exact_cds
ksa006#1	HLA-B	1	HLA-B*50:01	HLA-B*50:01		known_exact_genomic
ksa006#2	HLA-B	1	HLA-B*35:03	HLA-B*35:03		known_exact_genomic
ksa007#1	HLA-B	1	HLA-B*51:01	HLA-B*51:01		known_exact_cds
ksa007#2	HLA-B	1	HLA-B*52:01	HLA-B*52:01		known_exact_genomic
ksa008#1	HLA-B	1	HLA-B*50:01	HLA-B*50:01		known_exact_genomic
ksa008#2	HLA-B	1	HLA-B*45:01	HLA-B*45:01		known_exact_cds
ksa009#1	HLA-B	1	HLA-B*45:01	HLA-B*45:01		known_exact_genomic
ksa009#2	HLA-B	1	HLA-B*35:02	HLA-B*35:02		known_exact_genomic
KOREF1#1	HLA-B	1	HLA-B*46:01	HLA-B*46:01		known_exact_genomic
KOREF1#2	HLA-B	1	HLA-B*44:03	HLA-B*44:03		known_exact_genomic
KOREF2#1	HLA-B	1	HLA-B*58:01	HLA-B*58:01		known_exact_cds
KOREF2#2	HLA-B	1	HLA-B*40:01	HLA-B*40:01		known_exact_genomic
KPanRef-071#1	HLA-B	1	HLA-B*46:01	HLA-B*46:01		known_exact_genomic
KPanRef-071#2	HLA-B	1	HLA-B*58:01	HLA-B*58:01		known_exact_cds
KPanRef-072#1	HLA-B	1	HLA-B*13:02	HLA-B*13:02		known_exact_cds
KPanRef-072#2	HLA-B	1	HLA-B*46:01	HLA-B*46:01		known_exact_genomic
KPanRef-073#1	HLA-B	1	HLA-B*37:01	HLA-B*37:01		known_exact_genomic
KPanRef-073#2	HLA-B	1	HLA-B*40:02	HLA-B*40:02		known_exact_genomic
KPanRef-074#1	HLA-B	1	HLA-B*15:01	HLA-B*15:01		known_exact_genomic
KPanRef-074#2	HLA-B	1	HLA-B*51:01	HLA-B*51:01		known_exact_genomic
KPanRef-075#1	HLA-B	1	HLA-B*15:01	HLA-B*15:01		known_exact_genomic
KPanRef-075#2	HLA-B	1	HLA-B*15:11	HLA-B*15:11		known_exact_genomic
KPanRef-076#1	HLA-B	1	HLA-B*38:02	HLA-B*38:02		known_exact_genomic
KPanRef-076#2	HLA-B	1	HLA-B*15:01	HLA-B*15:01		known_exact_genomic
KPanRef-076-M#1	HLA-B	1	HLA-B*13:02	HLA-B*13:02		known_exact_cds
KPanRef-076-M#2	HLA-B	1	HLA-B*15:01	HLA-B*15:01		known_exact_genomic
KPanRef-076-P#1	HLA-B	1	HLA-B*39:01	HLA-B*39:01		known_exact_genomic
KPanRef-076-P#2	HLA-B	1	HLA-B*38:02	HLA-B*38:02		known_exact_genomic
KPanRef-077#1	HLA-B	1	HLA-B*51:01	HLA-B*51:01		known_exact_genomic
KPanRef-077#2	HLA-B	1	HLA-B*46:01	HLA-B*46:01		known_exact_genomic
KPanRef-078#1	HLA-B	1	HLA-B*48:01	HLA-B*48:01		known_exact_genomic
KPanRef-078#2	HLA-B	1	HLA-B*27:05	HLA-B*27:05		known_exact_cds
KPanRef-079#1	HLA-B	1	HLA-B*13:02	HLA-B*13:02		known_exact_cds
KPanRef-079#2	HLA-B	1	HLA-B*35:01	HLA-B*35:01		known_exact_genomic
KPanRef-080#1	HLA-B	1	HLA-B*35:01	HLA-B*35:01		known_exact_genomic
KPanRef-080#2	HLA-B	1	HLA-B*51:01	HLA-B*51:01		known_exact_genomic
apr-f#1	HLA-C	1	HLA-C*12:02	HLA-C*12:02		known_exact_genomic
apr-f#2	HLA-C	1	HLA-C*15:02	HLA-C*15:02		known_exact_genomic
apr-m#1	HLA-C	1	HLA-C*07:04	HLA-C*07:04		known_exact_genomic
apr-m#2	HLA-C	1	HLA-C*15:02	HLA-C*15:02		known_exact_genomic
apr-s#1	HLA-C	1	HLA-C*15:02	HLA-C*15:02		known_exact_genomic
apr-s#2	HLA-C	1	HLA-C*12:02	HLA-C*12:02		known_exact_genomic
apr001#1	HLA-C	1	HLA-C*12:03	HLA-C*12:03		known_exact_genomic
apr001#2	HLA-C	1	HLA-C*15:02	HLA-C*15:02		known_exact_genomic
apr002#1	HLA-C	1	HLA-C*06:02	HLA-C*06:02		known_exact_genomic
apr002#2	HLA-C	1	HLA-C*15:02	HLA-C*15:02		known_exact_genomic
apr003#1	HLA-C	1	HLA-C*08:02	HLA-C*08:02		known_exact_genomic
apr003#2	HLA-C	1	HLA-C*15:02	HLA-C*15:02		known_exact_genomic
apr004#1	HLA-C	1	HLA-C*06:02	HLA-C*06:02		known_exact_genomic
apr004#2	HLA-C	1	HLA-C*07:02	HLA-C*07:02		known_exact_genomic
apr005#1	HLA-C	1	HLA-C*06:02	HLA-C*06:02		known_exact_genomic
apr005#2	HLA-C	1	HLA-C*04:01	HLA-C*04:01		known_exact_genomic
apr006#1	HLA-C	1	HLA-C*04:01	HLA-C*04:01		known_exact_genomic
apr006#2	HLA-C	1	HLA-C*15:02	HLA-C*15:02		known_exact_genomic
apr007#1	HLA-C	1	HLA-C*04:01	HLA-C*04:01		known_exact_genomic
apr007#2	HLA-C	1	HLA-C*06:02	HLA-C*06:02		known_exact_genomic
apr008#1	HLA-C	1	HLA-C*06:02	HLA-C*06:02		known_exact_genomic
apr008#2	HLA-C	1	HLA-C*15:02	HLA-C*15:02		known_exact_genomic
apr009#1	HLA-C	1	HLA-C*06:02	HLA-C*06:02		known_exact_genomic
apr009#2	HLA-C	1	HLA-C*03:16	HLA-C*03:16		known_exact_genomic
apr010#1	HLA-C	1	HLA-C*06:02	HLA-C*06:02		known_exact_genomic
apr010#2	HLA-C	1	HLA-C*15:02	HLA-C*15:02		known_exact_genomic
apr011#1	HLA-C	0				unresolved_no_exact_match
apr011#2	HLA-C	1	HLA-C*07:02	HLA-C*07:02		known_exact_genomic
apr012#1	HLA-C	1	HLA-C*06:02	HLA-C*06:02		known_exact_genomic
apr012#2	HLA-C	1	HLA-C*03:02	HLA-C*03:02		known_exact_genomic
apr013#1	HLA-C	1	HLA-C*14:02	HLA-C*14:02		known_exact_genomic
apr013#2	HLA-C	1	HLA-C*15:02	HLA-C*15:02		known_exact_genomic
apr014#1	HLA-C	1	HLA-C*12:03	HLA-C*12:03		known_exact_genomic
apr014#2	HLA-C	1	HLA-C*17:01	HLA-C*17:01		known_exact_genomic
apr015#1	HLA-C	1	HLA-C*07:02	HLA-C*07:02		known_exact_genomic
apr015#2	HLA-C	1	HLA-C*04:01	HLA-C*04:01		known_exact_cds
apr016#1	HLA-C	1	HLA-C*15:02	HLA-C*15:02		known_exact_genomic
apr016#2	HLA-C	1	HLA-C*06:02	HLA-C*06:02		known_exact_genomic
apr018#1	HLA-C	1	HLA-C*07:02	HLA-C*07:02		known_exact_genomic
apr018#2	HLA-C	1	HLA-C*14:02	HLA-C*14:02		known_exact_genomic
apr019#1	HLA-C	1	HLA-C*02:02	HLA-C*02:02		known_exact_genomic
apr019#2	HLA-C	1	HLA-C*15:05	HLA-C*15:05		known_exact_genomic
apr020#1	HLA-C	1	HLA-C*04:01	HLA-C*04:01		known_exact_cds
apr020#2	HLA-C	1	HLA-C*07:18	HLA-C*07:18		known_exact_cds
apr021#1	HLA-C	1	HLA-C*12:03	HLA-C*12:03		known_exact_genomic
apr021#2	HLA-C	1	HLA-C*15:02	HLA-C*15:02		known_exact_genomic
apr022#1	HLA-C	1	HLA-C*15:02	HLA-C*15:02		known_exact_genomic
apr022#2	HLA-C	1	HLA-C*03:03	HLA-C*03:03		known_exact_genomic
apr023#1	HLA-C	1	HLA-C*04:339	HLA-C*04:339		known_exact_cds
apr023#2	HLA-C	1	HLA-C*04:01	HLA-C*04:01		known_exact_cds
apr024#1	HLA-C	1	HLA-C*16:02	HLA-C*16:02		known_exact_genomic
apr024#2	HLA-C	1	HLA-C*07:02	HLA-C*07:02		known_exact_genomic
apr025#1	HLA-C	1	HLA-C*15:05	HLA-C*15:05		known_exact_cds
apr025#2	HLA-C	1	HLA-C*04:01	HLA-C*04:01		known_exact_genomic
apr026#1	HLA-C	1	HLA-C*06:02	HLA-C*06:02		known_exact_genomic
apr026#2	HLA-C	1	HLA-C*04:01	HLA-C*04:01		known_exact_genomic
apr027#1	HLA-C	1	HLA-C*08:02	HLA-C*08:02		known_exact_genomic
apr027#2	HLA-C	1	HLA-C*06:02	HLA-C*06:02		known_exact_genomic
apr029#1	HLA-C	1	HLA-C*12:03	HLA-C*12:03		known_exact_genomic
apr029#2	HLA-C	1	HLA-C*07:02	HLA-C*07:02		known_exact_genomic
apr030#1	HLA-C	1	HLA-C*15:02	HLA-C*15:02		known_exact_genomic
apr030#2	HLA-C	1	HLA-C*15:02	HLA-C*15:02		known_exact_genomic
apr031#1	HLA-C	1	HLA-C*06:02	HLA-C*06:02		known_exact_genomic
apr031#2	HLA-C	1	HLA-C*04:03	HLA-C*04:03		known_exact_genomic
apr032#1	HLA-C	1	HLA-C*02:02	HLA-C*02:02		known_exact_genomic
apr032#2	HLA-C	1	HLA-C*06:02	HLA-C*06:02		known_exact_genomic
apr033#1	HLA-C	1	HLA-C*17:01	HLA-C*17:01		known_exact_genomic
apr033#2	HLA-C	1	HLA-C*04:01	HLA-C*04:01		known_exact_genomic
apr034#1	HLA-C	1	HLA-C*15:02	HLA-C*15:02		known_exact_genomic
apr034#2	HLA-C	1	HLA-C*04:01	HLA-C*04:01		known_exact_cds
apr035#1	HLA-C	1	HLA-C*01:02	HLA-C*01:02		known_exact_genomic
apr035#2	HLA-C	1	HLA-C*16:01	HLA-C*16:01		known_exact_cds
apr036#1	HLA-C	1	HLA-C*06:02	HLA-C*06:02		known_exact_genomic
apr036#2	HLA-C	1	HLA-C*08:04	HLA-C*08:04		known_exact_cds
apr037#1	HLA-C	1	HLA-C*01:02	HLA-C*01:02		known_exact_genomic
apr037#2	HLA-C	1	HLA-C*04:01	HLA-C*04:01		known_exact_genomic
apr038#1	HLA-C	1	HLA-C*16:01	HLA-C*16:01		known_exact_cds
apr038#2	HLA-C	1	HLA-C*12:02	HLA-C*12:02		known_exact_genomic
apr039#1	HLA-C	1	HLA-C*04:03	HLA-C*04:03		known_exact_genomic
apr039#2	HLA-C	1	HLA-C*04:01	HLA-C*04:01		known_exact_genomic
apr040#1	HLA-C	1	HLA-C*08:01	HLA-C*08:01		known_exact_genomic
apr040#2	HLA-C	1	HLA-C*08:02	HLA-C*08:02		known_exact_genomic
apr041#1	HLA-C	1	HLA-C*06:02	HLA-C*06:02		known_exact_genomic
apr041#2	HLA-C	1	HLA-C*06:02	HLA-C*06:02		known_exact_genomic
apr042#1	HLA-C	1	HLA-C*04:01	HLA-C*04:01		known_exact_cds
apr042#2	HLA-C	1	HLA-C*12:03	HLA-C*12:03		known_exact_genomic
apr043#1	HLA-C	1	HLA-C*06:02	HLA-C*06:02		known_exact_genomic
apr043#2	HLA-C	1	HLA-C*17:03	HLA-C*17:03		known_exact_cds
apr044#1	HLA-C	1	HLA-C*15:02	HLA-C*15:02		known_exact_cds
apr044#2	HLA-C	1	HLA-C*12:02	HLA-C*12:02		known_exact_genomic
apr045#1	HLA-C	1	HLA-C*16:04	HLA-C*16:04		known_exact_genomic
apr045#2	HLA-C	1	HLA-C*06:02	HLA-C*06:02		known_exact_genomic
apr046#1	HLA-C	1	HLA-C*12:03	HLA-C*12:03		known_exact_genomic
apr046#2	HLA-C	1	HLA-C*07:01	HLA-C*07:01		known_exact_cds
apr047#1	HLA-C	1	HLA-C*08:02	HLA-C*08:02		known_exact_genomic
apr047#2	HLA-C	1	HLA-C*12:02	HLA-C*12:02		known_exact_genomic
apr048#1	HLA-C	1	HLA-C*12:03	HLA-C*12:03		known_exact_cds
apr048#2	HLA-C	1	HLA-C*15:02	HLA-C*15:02		known_exact_genomic
apr049#1	HLA-C	1	HLA-C*06:02	HLA-C*06:02		known_exact_genomic
apr049#2	HLA-C	1	HLA-C*03:02	HLA-C*03:02		known_exact_genomic
apr050#1	HLA-C	1	HLA-C*15:05	HLA-C*15:05		known_exact_genomic
apr050#2	HLA-C	1	HLA-C*03:02	HLA-C*03:02		known_exact_genomic
apr051#1	HLA-C	1	HLA-C*12:03	HLA-C*12:03		known_exact_genomic
apr051#2	HLA-C	1	HLA-C*16:01	HLA-C*16:01		known_exact_genomic
apr52#1	HLA-C	1	HLA-C*15:02	HLA-C*15:02		known_exact_genomic
apr52#2	HLA-C	1	HLA-C*07:01	HLA-C*07:01		known_exact_genomic
HIFI032007D#1	HLA-C	1	HLA-C*07:02	HLA-C*07:02		known_exact_genomic
HIFI032007D#2	HLA-C	1	HLA-C*08:01	HLA-C*08:01		known_exact_genomic
HIFI032018D#1	HLA-C	1	HLA-C*03:04	HLA-C*03:04		known_exact_genomic
HIFI032018D#2	HLA-C	1	HLA-C*01:02	HLA-C*01:02		known_exact_genomic
HIFI032069D#1	HLA-C	1	HLA-C*07:04	HLA-C*07:04		known_exact_genomic
HIFI032069D#2	HLA-C	1	HLA-C*08:01	HLA-C*08:01		known_exact_genomic
HIFI032097D#1	HLA-C	1	HLA-C*14:03	HLA-C*14:03		known_exact_genomic
HIFI032097D#2	HLA-C	1	HLA-C*03:04	HLA-C*03:04		known_exact_genomic
HIFI032103D#1	HLA-C	1	HLA-C*04:01	HLA-C*04:01		known_exact_genomic
HIFI032103D#2	HLA-C	1	HLA-C*15:05	HLA-C*15:05		known_exact_cds
HIFI032161D#1	HLA-C	1	HLA-C*03:04	HLA-C*03:04		known_exact_genomic
HIFI032161D#2	HLA-C	1	HLA-C*12:02	HLA-C*12:02		known_exact_genomic
HIFI032164D#1	HLA-C	1	HLA-C*01:02	HLA-C*01:02		known_exact_genomic
HIFI032164D#2	HLA-C	1	HLA-C*01:03	HLA-C*01:03		known_exact_cds
HIFI032167D#1	HLA-C	1	HLA-C*08:01	HLA-C*08:01		known_exact_genomic
HIFI032167D#2	HLA-C	1	HLA-C*01:02	HLA-C*01:02		known_exact_genomic
HIFI032182D#1	HLA-C	1	HLA-C*04:03	HLA-C*04:03		known_exact_genomic
HIFI032182D#2	HLA-C	1	HLA-C*12:03	HLA-C*12:03		known_exact_cds
HIFI032289D#1	HLA-C	1	HLA-C*01:02	HLA-C*01:02		known_exact_genomic
HIFI032289D#2	HLA-C	1	HLA-C*05:01	HLA-C*05:01		known_exact_genomic
HIFI032292D#1	HLA-C	1	HLA-C*01:02	HLA-C*01:02		known_exact_genomic
HIFI032292D#2	HLA-C	1	HLA-C*08:01	HLA-C*08:01		known_exact_genomic
HIFI032302D#1	HLA-C	1	HLA-C*01:02	HLA-C*01:02		known_exact_genomic
HIFI032302D#2	HLA-C	1	HLA-C*03:02	HLA-C*03:02		known_exact_genomic
HIFI032306D#1	HLA-C	1	HLA-C*03:04	HLA-C*03:04		known_exact_genomic
HIFI032306D#2	HLA-C	1	HLA-C*02:02	HLA-C*02:02		known_exact_genomic
HIFI032335D#1	HLA-C	1	HLA-C*15:02	HLA-C*15:02		known_exact_genomic
HIFI032335D#2	HLA-C	1	HLA-C*08:01	HLA-C*08:01		known_exact_genomic
HIFI032349D#1	HLA-C	1	HLA-C*07:02	HLA-C*07:02		known_exact_genomic
HIFI032349D#2	HLA-C	1	HLA-C*03:03	HLA-C*03:03		known_exact_genomic
HIFI032373D#1	HLA-C	1	HLA-C*01:02	HLA-C*01:02		known_exact_genomic
HIFI032373D#2	HLA-C	1	HLA-C*03:04	HLA-C*03:04		known_exact_genomic
HIFI032420D#1	HLA-C	1	HLA-C*07:02	HLA-C*07:02		known_exact_cds
HIFI032420D#2	HLA-C	1	HLA-C*01:02	HLA-C*01:02		known_exact_genomic
HIFI032422D#1	HLA-C	1	HLA-C*04:01	HLA-C*04:01		known_exact_genomic
HIFI032422D#2	HLA-C	1	HLA-C*03:03	HLA-C*03:03		known_exact_genomic
HIFI032429D#1	HLA-C	1	HLA-C*12:02	HLA-C*12:02		known_exact_cds
HIFI032429D#2	HLA-C	1	HLA-C*03:04	HLA-C*03:04		known_exact_genomic
HIFI032440D#1	HLA-C	1	HLA-C*01:02	HLA-C*01:02		known_exact_genomic
HIFI032440D#2	HLA-C	1	HLA-C*07:02	HLA-C*07:02		known_exact_genomic
HIFI032450D#1	HLA-C	1	HLA-C*03:04	HLA-C*03:04		known_exact_genomic
HIFI032450D#2	HLA-C	1	HLA-C*07:02	HLA-C*07:02		known_exact_genomic
HIFI032453D#1	HLA-C	1	HLA-C*07:02	HLA-C*07:02		known_exact_genomic
HIFI032453D#2	HLA-C	1	HLA-C*14:02	HLA-C*14:02		known_exact_genomic
HIFI032454D#1	HLA-C	0				unresolved_no_exact_match
HIFI032454D#2	HLA-C	1	HLA-C*06:02	HLA-C*06:02		known_exact_genomic
HIFI032462D#1	HLA-C	1	HLA-C*04:01	HLA-C*04:01		known_exact_genomic
HIFI032462D#2	HLA-C	1	HLA-C*07:02	HLA-C*07:02		known_exact_genomic
HIFI032473D#1	HLA-C	1	HLA-C*07:02	HLA-C*07:02		known_exact_genomic
HIFI032473D#2	HLA-C	1	HLA-C*03:04	HLA-C*03:04		known_exact_genomic
HIFI032487D#1	HLA-C	1	HLA-C*03:02	HLA-C*03:02		known_exact_genomic
HIFI032487D#2	HLA-C	1	HLA-C*07:02	HLA-C*07:02		known_exact_genomic
HIFI032501D#1	HLA-C	1	HLA-C*03:04	HLA-C*03:04		known_exact_genomic
HIFI032501D#2	HLA-C	1	HLA-C*01:02	HLA-C*01:02		known_exact_genomic
HIFI032510D#1	HLA-C	1	HLA-C*03:04	HLA-C*03:04		known_exact_genomic
HIFI032510D#2	HLA-C	1	HLA-C*12:02	HLA-C*12:02		known_exact_cds
HIFI032513D#1	HLA-C	1	HLA-C*03:04	HLA-C*03:04		known_exact_genomic
HIFI032513D#2	HLA-C	1	HLA-C*04:03	HLA-C*04:03		known_exact_genomic
HIFI032529D#1	HLA-C	1	HLA-C*12:03	HLA-C*12:03		known_exact_cds
HIFI032529D#2	HLA-C	1	HLA-C*01:02	HLA-C*01:02		known_exact_genomic
HIFI032566D#1	HLA-C	1	HLA-C*15:02	HLA-C*15:02		known_exact_genomic
HIFI032566D#2	HLA-C	1	HLA-C*04:01	HLA-C*04:01		known_exact_cds
HIFI032567D#1	HLA-C	1	HLA-C*01:02	HLA-C*01:02		known_exact_genomic
HIFI032567D#2	HLA-C	1	HLA-C*06:02	HLA-C*06:02		known_exact_genomic
HIFI032585D#1	HLA-C	1	HLA-C*03:03	HLA-C*03:03		known_exact_cds
HIFI032585D#2	HLA-C	1	HLA-C*03:04	HLA-C*03:04		known_exact_genomic
HIFI032586D#1	HLA-C	1	HLA-C*01:02	HLA-C*01:02		known_exact_genomic
HIFI032586D#2	HLA-C	1	HLA-C*03:04	HLA-C*03:04		known_exact_genomic
HIFI032591D#1	HLA-C	1	HLA-C*07:02	HLA-C*07:02		known_exact_genomic
HIFI032591D#2	HLA-C	1	HLA-C*01:02	HLA-C*01:02		known_exact_genomic
HIFI032604D#1	HLA-C	1	HLA-C*08:250	HLA-C*08:250		known_exact_cds
HIFI032604D#2	HLA-C	1	HLA-C*08:01	HLA-C*08:01		known_exact_genomic
HIFI032607D#1	HLA-C	1	HLA-C*06:02	HLA-C*06:02		known_exact_genomic
HIFI032607D#2	HLA-C	1	HLA-C*05:01	HLA-C*05:01		known_exact_genomic
HIFI032662D#1	HLA-C	1	HLA-C*14:02	HLA-C*14:02		known_exact_genomic
HIFI032662D#2	HLA-C	1	HLA-C*03:04	HLA-C*03:04		known_exact_cds
HIFI032668D#1	HLA-C	1	HLA-C*07:02	HLA-C*07:02		known_exact_genomic
HIFI032668D#2	HLA-C	1	HLA-C*01:02	HLA-C*01:02		known_exact_genomic
HIFI032682D#1	HLA-C	1	HLA-C*08:01	HLA-C*08:01		known_exact_genomic
HIFI032682D#2	HLA-C	1	HLA-C*04:01	HLA-C*04:01		known_exact_genomic
HIFI032685D#1	HLA-C	1	HLA-C*08:01	HLA-C*08:01		known_exact_genomic
HIFI032685D#2	HLA-C	1	HLA-C*03:04	HLA-C*03:04		known_exact_genomic
HIFI032692D#1	HLA-C	1	HLA-C*03:04	HLA-C*03:04		known_exact_genomic
HIFI032692D#2	HLA-C	1	HLA-C*06:02	HLA-C*06:02		known_exact_genomic
HIFI032693D#1	HLA-C	1	HLA-C*03:03	HLA-C*03:03		known_exact_genomic
HIFI032693D#2	HLA-C	1	HLA-C*04:01	HLA-C*04:01		known_exact_genomic
HIFI032698D#1	HLA-C	1	HLA-C*04:01	HLA-C*04:01		known_exact_genomic
HIFI032698D#2	HLA-C	1	HLA-C*03:04	HLA-C*03:04		known_exact_genomic
HIFI032706D#1	HLA-C	1	HLA-C*03:04	HLA-C*03:04		known_exact_cds
HIFI032706D#2	HLA-C	1	HLA-C*12:03	HLA-C*12:03		known_exact_genomic
HIFI032711D#1	HLA-C	1	HLA-C*07:02	HLA-C*07:02		known_exact_genomic
HIFI032711D#2	HLA-C	1	HLA-C*08:01	HLA-C*08:01		known_exact_genomic
HIFI032731D#1	HLA-C	1	HLA-C*01:02	HLA-C*01:02		known_exact_cds
HIFI032731D#2	HLA-C	1	HLA-C*08:01	HLA-C*08:01		known_exact_genomic
RY01#1	HLA-C	1	HLA-C*03:04	HLA-C*03:04		known_exact_genomic
RY01#2	HLA-C	1	HLA-C*01:02	HLA-C*01:02		known_exact_genomic
RY02#1	HLA-C	1	HLA-C*01:02	HLA-C*01:02		known_exact_genomic
RY02#2	HLA-C	1	HLA-C*12:02	HLA-C*12:02		known_exact_genomic
RY03#1	HLA-C	1	HLA-C*06:02	HLA-C*06:02		known_exact_genomic
RY03#2	HLA-C	1	HLA-C*03:04	HLA-C*03:04		known_exact_genomic
RY04#1	HLA-C	1	HLA-C*14:02	HLA-C*14:02		known_exact_genomic
RY04#2	HLA-C	1	HLA-C*01:02	HLA-C*01:02		known_exact_genomic
RY05#1	HLA-C	1	HLA-C*03:04	HLA-C*03:04		known_exact_genomic
RY05#2	HLA-C	1	HLA-C*07:02	HLA-C*07:02		known_exact_genomic
RY06#1	HLA-C	1	HLA-C*07:01	HLA-C*07:01		known_exact_genomic
RY06#2	HLA-C	1	HLA-C*07:02	HLA-C*07:02		known_exact_genomic
RY07#1	HLA-C	1	HLA-C*03:04	HLA-C*03:04		known_exact_genomic
RY07#2	HLA-C	1	HLA-C*15:05	HLA-C*15:05		known_exact_genomic
RY08#1	HLA-C	1	HLA-C*03:04	HLA-C*03:04		known_exact_genomic
RY08#2	HLA-C	1	HLA-C*01:02	HLA-C*01:02		known_exact_genomic
RY09#1	HLA-C	1	HLA-C*07:06	HLA-C*07:06		known_exact_genomic
RY09#2	HLA-C	1	HLA-C*06:02	HLA-C*06:02		known_exact_genomic
RY10#1	HLA-C	1	HLA-C*12:02	HLA-C*12:02		known_exact_genomic
RY10#2	HLA-C	1	HLA-C*03:03	HLA-C*03:03		known_exact_genomic
RY11#1	HLA-C	1	HLA-C*03:03	HLA-C*03:03		known_exact_genomic
RY11#2	HLA-C	1	HLA-C*14:02	HLA-C*14:02		known_exact_genomic
HG00408#1	HLA-C	1	HLA-C*08:01	HLA-C*08:01		known_exact_genomic
HG00408#2	HLA-C	1	HLA-C*03:03	HLA-C*03:03		known_exact_genomic
HG00423#1	HLA-C	1	HLA-C*01:02	HLA-C*01:02		known_exact_genomic
HG00423#2	HLA-C	1	HLA-C*04:01	HLA-C*04:01		known_exact_genomic
HG00438#1	HLA-C	1	HLA-C*01:02	HLA-C*01:02		known_exact_genomic
HG00438#2	HLA-C	1	HLA-C*14:02	HLA-C*14:02		known_exact_genomic
HG005#1	HLA-C	1	HLA-C*04:01	HLA-C*04:01		known_exact_genomic
HG005#2	HLA-C	1	HLA-C*08:01	HLA-C*08:01		known_exact_genomic
HG00544#1	HLA-C	1	HLA-C*01:02	HLA-C*01:02		known_exact_genomic
HG00544#2	HLA-C	1	HLA-C*01:02	HLA-C*01:02		known_exact_genomic
HG00558#1	HLA-C	1	HLA-C*07:02	HLA-C*07:02		known_exact_genomic
HG00558#2	HLA-C	1	HLA-C*06:02	HLA-C*06:02		known_exact_genomic
HG00597#1	HLA-C	1	HLA-C*08:01	HLA-C*08:01		known_exact_genomic
HG00597#2	HLA-C	1	HLA-C*03:04	HLA-C*03:04		known_exact_genomic
HG00609#1	HLA-C	1	HLA-C*03:04	HLA-C*03:04		known_exact_genomic
HG00609#2	HLA-C	1	HLA-C*07:02	HLA-C*07:02		known_exact_genomic
HG00621#1	HLA-C	1	HLA-C*07:02	HLA-C*07:02		known_exact_genomic
HG00621#2	HLA-C	1	HLA-C*15:02	HLA-C*15:02		known_exact_genomic
HG00658#1	HLA-C	1	HLA-C*07:02	HLA-C*07:02		known_exact_genomic
HG00658#2	HLA-C	1	HLA-C*14:02	HLA-C*14:02		known_exact_genomic
HG00673#1	HLA-C	1	HLA-C*08:01	HLA-C*08:01		known_exact_genomic
HG00673#2	HLA-C	1	HLA-C*07:02	HLA-C*07:02		known_exact_genomic
HG00706#1	HLA-C	1	HLA-C*03:04	HLA-C*03:04		known_exact_genomic
HG00706#2	HLA-C	1	HLA-C*08:01	HLA-C*08:01		known_exact_cds
HG02015#1	HLA-C	1	HLA-C*12:03	HLA-C*12:03		known_exact_genomic
HG02015#2	HLA-C	1	HLA-C*03:02	HLA-C*03:02		known_exact_genomic
HG02027#1	HLA-C	1	HLA-C*08:01	HLA-C*08:01		known_exact_genomic
HG02027#2	HLA-C	1	HLA-C*04:03	HLA-C*04:03		known_exact_genomic
HG02040#1	HLA-C	1	HLA-C*15:05	HLA-C*15:05		known_exact_cds
HG02040#2	HLA-C	1	HLA-C*01:02	HLA-C*01:02		known_exact_genomic
HG02056#1	HLA-C	1	HLA-C*03:02	HLA-C*03:02		known_exact_genomic
HG02056#2	HLA-C	1	HLA-C*03:03	HLA-C*03:03		known_exact_genomic
HG02071#1	HLA-C	1	HLA-C*03:03	HLA-C*03:03		known_exact_genomic
HG02071#2	HLA-C	1	HLA-C*04:01	HLA-C*04:01		known_exact_genomic
HG02074#1	HLA-C	1	HLA-C*01:02	HLA-C*01:02		known_exact_genomic
HG02074#2	HLA-C	1	HLA-C*03:03	HLA-C*03:03		known_exact_genomic
HG02080#1	HLA-C	1	HLA-C*03:02	HLA-C*03:02		known_exact_genomic
HG02080#2	HLA-C	1	HLA-C*06:02	HLA-C*06:02		known_exact_genomic
HG02083#1	HLA-C	1	HLA-C*07:02	HLA-C*07:02		known_exact_genomic
HG02083#2	HLA-C	1	HLA-C*06:02	HLA-C*06:02		known_exact_genomic
HG02129#1	HLA-C	1	HLA-C*03:02	HLA-C*03:02		known_exact_genomic
HG02129#2	HLA-C	1	HLA-C*07:02	HLA-C*07:02		known_exact_genomic
HG02132#1	HLA-C	1	HLA-C*03:03	HLA-C*03:03		known_exact_genomic
HG02132#2	HLA-C	1	HLA-C*01:02	HLA-C*01:02		known_exact_genomic
HG02135#1	HLA-C	1	HLA-C*03:03	HLA-C*03:03		known_exact_genomic
HG02135#2	HLA-C	1	HLA-C*01:02	HLA-C*01:02		known_exact_genomic
HG02155#1	HLA-C	1	HLA-C*03:04	HLA-C*03:04		known_exact_genomic
HG02155#2	HLA-C	1	HLA-C*15:02	HLA-C*15:02		known_exact_genomic
HG02165#1	HLA-C	1	HLA-C*12:02	HLA-C*12:02		known_exact_cds
HG02165#2	HLA-C	1	HLA-C*01:02	HLA-C*01:02		known_exact_genomic
HG02178#1	HLA-C	1	HLA-C*01:02	HLA-C*01:02		known_exact_genomic
HG02178#2	HLA-C	1	HLA-C*07:02	HLA-C*07:02		known_exact_genomic
HG02391#1	HLA-C	1	HLA-C*03:04	HLA-C*03:04		known_exact_genomic
HG02391#2	HLA-C	1	HLA-C*07:02	HLA-C*07:02		known_exact_genomic
HG02392#1	HLA-C	1	HLA-C*03:04	HLA-C*03:04		known_exact_genomic
HG02392#2	HLA-C	1	HLA-C*04:01	HLA-C*04:01		known_exact_genomic
HG02514#1	HLA-C	1	HLA-C*07:06	HLA-C*07:06		known_exact_genomic
HG02514#2	HLA-C	1	HLA-C*08:01	HLA-C*08:01		known_exact_genomic
HG02523#1	HLA-C	1	HLA-C*15:05	HLA-C*15:05		known_exact_cds
HG02523#2	HLA-C	1	HLA-C*01:02	HLA-C*01:02		known_exact_genomic
NA18565#1	HLA-C	1	HLA-C*14:02	HLA-C*14:02		known_exact_genomic
NA18565#2	HLA-C	1	HLA-C*07:02	HLA-C*07:02		known_exact_genomic
NA18570#1	HLA-C	1	HLA-C*03:03	HLA-C*03:03		known_exact_genomic
NA18570#2	HLA-C	1	HLA-C*03:03	HLA-C*03:03		known_exact_genomic
NA18608#1	HLA-C	1	HLA-C*08:01	HLA-C*08:01		known_exact_genomic
NA18608#2	HLA-C	1	HLA-C*15:02	HLA-C*15:02		known_exact_genomic
NA18620#1	HLA-C	1	HLA-C*07:02	HLA-C*07:02		known_exact_genomic
NA18620#2	HLA-C	0		HLA-C*04:81		unresolved_no_exact_match
NA18747#1	HLA-C	1	HLA-C*04:01	HLA-C*04:01		known_exact_genomic
NA18747#2	HLA-C	1	HLA-C*04:01	HLA-C*04:01		known_exact_genomic
NA18940#1	HLA-C	1	HLA-C*12:02	HLA-C*12:02		known_exact_genomic
NA18940#2	HLA-C	1	HLA-C*01:03	HLA-C*01:03		known_exact_cds
NA18943#1	HLA-C	1	HLA-C*01:02	HLA-C*01:02		known_exact_genomic
NA18943#2	HLA-C	1	HLA-C*03:03	HLA-C*03:03		known_exact_genomic
NA18944#1	HLA-C	1	HLA-C*14:02	HLA-C*14:02		known_exact_genomic
NA18944#2	HLA-C	1	HLA-C*03:04	HLA-C*03:04		known_exact_genomic
NA18945#1	HLA-C	1	HLA-C*14:03	HLA-C*14:03		known_exact_genomic
NA18945#2	HLA-C	1	HLA-C*07:02	HLA-C*07:02		known_exact_genomic
NA18948#1	HLA-C	1	HLA-C*06:02	HLA-C*06:02		known_exact_genomic
NA18948#2	HLA-C	1	HLA-C*07:02	HLA-C*07:02		known_exact_genomic
NA18952#1	HLA-C	1	HLA-C*07:02	HLA-C*07:02		known_exact_genomic
NA18952#2	HLA-C	1	HLA-C*14:02	HLA-C*14:02		known_exact_genomic
NA18959#1	HLA-C	1	HLA-C*12:02	HLA-C*12:02		known_exact_genomic
NA18959#2	HLA-C	1	HLA-C*07:02	HLA-C*07:02		known_exact_genomic
NA18960#1	HLA-C	1	HLA-C*08:01	HLA-C*08:01		known_exact_genomic
NA18960#2	HLA-C	1	HLA-C*01:02	HLA-C*01:02		known_exact_genomic
NA18967#1	HLA-C	1	HLA-C*03:04	HLA-C*03:04		known_exact_genomic
NA18967#2	HLA-C	1	HLA-C*14:02	HLA-C*14:02		known_exact_genomic
NA18970#1	HLA-C	1	HLA-C*01:02	HLA-C*01:02		known_exact_genomic
NA18970#2	HLA-C	1	HLA-C*07:04	HLA-C*07:04		known_exact_genomic
NA18971#1	HLA-C	1	HLA-C*03:04	HLA-C*03:04		known_exact_genomic
NA18971#2	HLA-C	1	HLA-C*07:02	HLA-C*07:02		known_exact_genomic
NA18974#1	HLA-C	1	HLA-C*07:02	HLA-C*07:02		known_exact_genomic
NA18974#2	HLA-C	1	HLA-C*07:02	HLA-C*07:02		known_exact_genomic
NA18976#1	HLA-C	1	HLA-C*14:03	HLA-C*14:03		known_exact_genomic
NA18976#2	HLA-C	1	HLA-C*14:03	HLA-C*14:03		known_exact_genomic
NA18982#1	HLA-C	1	HLA-C*12:02	HLA-C*12:02		known_exact_genomic
NA18982#2	HLA-C	1	HLA-C*08:03	HLA-C*08:03		known_exact_genomic
NA18983#1	HLA-C	1	HLA-C*03:03	HLA-C*03:03		known_exact_genomic
NA18983#2	HLA-C	1	HLA-C*04:01	HLA-C*04:01		known_exact_genomic
NA19087#1	HLA-C	1	HLA-C*03:03	HLA-C*03:03		known_exact_genomic
NA19087#2	HLA-C	1	HLA-C*14:03	HLA-C*14:03		known_exact_genomic
hg002#1	HLA-C	1	HLA-C*12:03	HLA-C*12:03		known_exact_genomic
hg002#2	HLA-C	1	HLA-C*04:01	HLA-C*04:01		known_exact_cds
HG00097#1	HLA-C	1	HLA-C*07:02	HLA-C*07:02		known_exact_genomic
HG00097#2	HLA-C	1	HLA-C*07:02	HLA-C*07:02		known_exact_genomic
HG00099#1	HLA-C	1	HLA-C*07:04	HLA-C*07:04		known_exact_genomic
HG00099#2	HLA-C	1	HLA-C*07:01	HLA-C*07:01		known_exact_genomic
HG00126#1	HLA-C	1	HLA-C*12:03	HLA-C*12:03		known_exact_genomic
HG00126#2	HLA-C	1	HLA-C*16:01	HLA-C*16:01		known_exact_genomic
HG00128#1	HLA-C	1	HLA-C*08:02	HLA-C*08:02		known_exact_genomic
HG00128#2	HLA-C	1	HLA-C*02:02	HLA-C*02:02		known_exact_genomic
HG00133#1	HLA-C	1	HLA-C*04:01	HLA-C*04:01		known_exact_genomic
HG00133#2	HLA-C	1	HLA-C*05:01	HLA-C*05:01		known_exact_genomic
HG00140#1	HLA-C	1	HLA-C*03:04	HLA-C*03:04		known_exact_genomic
HG00140#2	HLA-C	1	HLA-C*06:02	HLA-C*06:02		known_exact_genomic
HG00146#1	HLA-C	1	HLA-C*07:01	HLA-C*07:01		known_exact_genomic
HG00146#2	HLA-C	1	HLA-C*04:01	HLA-C*04:01		known_exact_genomic
HG00232#1	HLA-C	1	HLA-C*07:02	HLA-C*07:02		known_exact_genomic
HG00232#2	HLA-C	1	HLA-C*02:02	HLA-C*02:02		known_exact_genomic
HG00235#1	HLA-C	1	HLA-C*05:01	HLA-C*05:01		known_exact_genomic
HG00235#2	HLA-C	1	HLA-C*07:02	HLA-C*07:02		known_exact_genomic
HG00253#1	HLA-C	1	HLA-C*07:18	HLA-C*07:18		known_exact_cds
HG00253#2	HLA-C	1	HLA-C*07:02	HLA-C*07:02		known_exact_genomic
HG00272#1	HLA-C	1	HLA-C*03:03	HLA-C*03:03		known_exact_genomic
HG00272#2	HLA-C	1	HLA-C*07:01	HLA-C*07:01		known_exact_genomic
HG00280#1	HLA-C	1	HLA-C*01:02	HLA-C*01:02		known_exact_genomic
HG00280#2	HLA-C	1	HLA-C*07:01	HLA-C*07:01		known_exact_genomic
HG00290#1	HLA-C	1	HLA-C*03:04	HLA-C*03:04		known_exact_genomic
HG00290#2	HLA-C	1	HLA-C*04:01	HLA-C*04:01		known_exact_genomic
HG00320#1	HLA-C	1	HLA-C*03:03	HLA-C*03:03		known_exact_genomic
HG00320#2	HLA-C	1	HLA-C*03:03	HLA-C*03:03		known_exact_genomic
HG00321#1	HLA-C	1	HLA-C*03:03	HLA-C*03:03		known_exact_genomic
HG00321#2	HLA-C	1	HLA-C*03:04	HLA-C*03:04		known_exact_genomic
HG00323#1	HLA-C	1	HLA-C*03:04	HLA-C*03:04		known_exact_genomic
HG00323#2	HLA-C	1	HLA-C*12:03	HLA-C*12:03		known_exact_genomic
HG00329#1	HLA-C	1	HLA-C*03:03	HLA-C*03:03		known_exact_genomic
HG00329#2	HLA-C	1	HLA-C*15:02	HLA-C*15:02		known_exact_genomic
HG00344#1	HLA-C	1	HLA-C*07:02	HLA-C*07:02		known_exact_genomic
HG00344#2	HLA-C	1	HLA-C*07:02	HLA-C*07:02		known_exact_genomic
HG00350#1	HLA-C	1	HLA-C*04:01	HLA-C*04:01		known_exact_cds
HG00350#2	HLA-C	1	HLA-C*03:04	HLA-C*03:04		known_exact_genomic
HG00639#1	HLA-C	1	HLA-C*05:01	HLA-C*05:01		known_exact_cds
HG00639#2	HLA-C	1	HLA-C*04:01	HLA-C*04:01		known_exact_genomic
HG00642#1	HLA-C	1	HLA-C*05:01	HLA-C*05:01		known_exact_genomic
HG00642#2	HLA-C	1	HLA-C*02:10	HLA-C*02:10		known_exact_cds
HG00733#1	HLA-C	1	HLA-C*04:01	HLA-C*04:01		known_exact_cds
HG00733#2	HLA-C	1	HLA-C*05:01	HLA-C*05:01		known_exact_genomic
HG00735#1	HLA-C	1	HLA-C*07:02	HLA-C*07:02		known_exact_genomic
HG00735#2	HLA-C	1	HLA-C*08:02	HLA-C*08:02		known_exact_genomic
HG00738#1	HLA-C	1	HLA-C*07:01	HLA-C*07:01		known_exact_genomic
HG00738#2	HLA-C	1	HLA-C*15:02	HLA-C*15:02		known_exact_genomic
HG00741#1	HLA-C	1	HLA-C*04:01	HLA-C*04:01		known_exact_cds
HG00741#2	HLA-C	1	HLA-C*07:01	HLA-C*07:01		known_exact_cds
HG01071#1	HLA-C	1	HLA-C*05:01	HLA-C*05:01		known_exact_genomic
HG01071#2	HLA-C	1	HLA-C*03:04	HLA-C*03:04		known_exact_genomic
HG01074#1	HLA-C	1	HLA-C*06:02	HLA-C*06:02		known_exact_genomic
HG01074#2	HLA-C	1	HLA-C*16:01	HLA-C*16:01		known_exact_genomic
HG01081#1	HLA-C	1	HLA-C*12:03	HLA-C*12:03		known_exact_genomic
HG01081#2	HLA-C	1	HLA-C*02:10	HLA-C*02:10		known_exact_cds
HG01099#1	HLA-C	1	HLA-C*02:02	HLA-C*02:02		known_exact_genomic
HG01099#2	HLA-C	1	HLA-C*16:01	HLA-C*16:01		known_exact_genomic
HG01106#1	HLA-C	1	HLA-C*08:02	HLA-C*08:02		known_exact_genomic
HG01106#2	HLA-C	1	HLA-C*07:02	HLA-C*07:02		known_exact_genomic
HG01109#1	HLA-C	1	HLA-C*03:04	HLA-C*03:04		known_exact_genomic
HG01109#2	HLA-C	1	HLA-C*04:01	HLA-C*04:01		known_exact_genomic
HG01123#1	HLA-C	1	HLA-C*15:02	HLA-C*15:02		known_exact_genomic
HG01123#2	HLA-C	1	HLA-C*12:03	HLA-C*12:03		known_exact_genomic
HG01150#1	HLA-C	1	HLA-C*04:01	HLA-C*04:01		known_exact_cds
HG01150#2	HLA-C	1	HLA-C*01:02	HLA-C*01:02		known_exact_genomic
HG01167#1	HLA-C	1	HLA-C*04:01	HLA-C*04:01		known_exact_genomic
HG01167#2	HLA-C	1	HLA-C*16:01	HLA-C*16:01		known_exact_genomic
HG01175#1	HLA-C	1	HLA-C*07:02	HLA-C*07:02		known_exact_genomic
HG01175#2	HLA-C	1	HLA-C*04:01	HLA-C*04:01		known_exact_genomic
HG01192#1	HLA-C	1	HLA-C*07:01	HLA-C*07:01		known_exact_genomic
HG01192#2	HLA-C	1	HLA-C*03:05	HLA-C*03:05		known_exact_genomic
HG01243#1	HLA-C	1	HLA-C*02:10	HLA-C*02:10		known_exact_cds
HG01243#2	HLA-C	1	HLA-C*16:01	HLA-C*16:01		known_exact_genomic
HG01252#1	HLA-C	1	HLA-C*01:02	HLA-C*01:02		known_exact_genomic
HG01252#2	HLA-C	1	HLA-C*01:02	HLA-C*01:02		known_exact_genomic
HG01255#1	HLA-C	1	HLA-C*01:02	HLA-C*01:02		known_exact_genomic
HG01255#2	HLA-C	1	HLA-C*07:02	HLA-C*07:02		known_exact_genomic
HG01258#1	HLA-C	1	HLA-C*03:03	HLA-C*03:03		known_exact_genomic
HG01258#2	HLA-C	1	HLA-C*07:02	HLA-C*07:02		known_exact_genomic
HG01261#1	HLA-C	1	HLA-C*15:02	HLA-C*15:02		known_exact_genomic
HG01261#2	HLA-C	1	HLA-C*08:02	HLA-C*08:02		known_exact_genomic
HG01346#1	HLA-C	1	HLA-C*04:01	HLA-C*04:01		known_exact_genomic
HG01346#2	HLA-C	1	HLA-C*12:03	HLA-C*12:03		known_exact_genomic
HG01358#1	HLA-C	1	HLA-C*01:02	HLA-C*01:02		known_exact_genomic
HG01358#2	HLA-C	1	HLA-C*07:01	HLA-C*07:01		known_exact_genomic
HG01361#1	HLA-C	1	HLA-C*06:02	HLA-C*06:02		known_exact_genomic
HG01361#2	HLA-C	1	HLA-C*16:01	HLA-C*16:01		known_exact_genomic
HG01433#1	HLA-C	1	HLA-C*02:02	HLA-C*02:02		known_exact_genomic
HG01433#2	HLA-C	1	HLA-C*07:01	HLA-C*07:01		known_exact_genomic
HG01496#1	HLA-C	1	HLA-C*07:02	HLA-C*07:02		known_exact_genomic
HG01496#2	HLA-C	1	HLA-C*03:05	HLA-C*03:05		known_exact_genomic
HG01530#1	HLA-C	1	HLA-C*07:02	HLA-C*07:02		known_exact_genomic
HG01530#2	HLA-C	1	HLA-C*12:03	HLA-C*12:03		known_exact_genomic
HG01784#1	HLA-C	1	HLA-C*05:01	HLA-C*05:01		known_exact_genomic
HG01784#2	HLA-C	1	HLA-C*04:01	HLA-C*04:01		known_exact_genomic
HG01786#1	HLA-C	1	HLA-C*05:01	HLA-C*05:01		known_exact_cds
HG01786#2	HLA-C	1	HLA-C*07:01	HLA-C*07:01		known_exact_cds
HG01884#1	HLA-C	1	HLA-C*07:18	HLA-C*07:18		known_exact_cds
HG01884#2	HLA-C	1	HLA-C*18:02	HLA-C*18:02		known_exact_genomic
HG01891#1	HLA-C	1	HLA-C*07:02	HLA-C*07:02		known_exact_genomic
HG01891#2	HLA-C	1	HLA-C*17:01	HLA-C*17:01		known_exact_cds
HG01928#1	HLA-C	1	HLA-C*04:01	HLA-C*04:01		known_exact_genomic
HG01928#2	HLA-C	1	HLA-C*04:01	HLA-C*04:01		known_exact_genomic
HG01934#1	HLA-C	1	HLA-C*16:01	HLA-C*16:01		known_exact_genomic
HG01934#2	HLA-C	1	HLA-C*03:78	HLA-C*03:78		known_exact_cds
HG01940#1	HLA-C	1	HLA-C*07:02	HLA-C*07:02		known_exact_genomic
HG01940#2	HLA-C	1	HLA-C*04:01	HLA-C*04:01		known_exact_genomic
HG01943#1	HLA-C	1	HLA-C*03:04	HLA-C*03:04		known_exact_genomic
HG01943#2	HLA-C	1	HLA-C*04:01	HLA-C*04:01		known_exact_genomic
HG01952#1	HLA-C	1	HLA-C*03:04	HLA-C*03:04		known_exact_genomic
HG01952#2	HLA-C	1	HLA-C*03:05	HLA-C*03:05		known_exact_cds
HG01960#1	HLA-C	1	HLA-C*04:01	HLA-C*04:01		known_exact_genomic
HG01960#2	HLA-C	1	HLA-C*04:01	HLA-C*04:01		known_exact_genomic
HG01969#1	HLA-C	1	HLA-C*07:01	HLA-C*07:01		known_exact_genomic
HG01969#2	HLA-C	1	HLA-C*07:02	HLA-C*07:02		known_exact_genomic
HG01975#1	HLA-C	1	HLA-C*03:04	HLA-C*03:04		known_exact_genomic
HG01975#2	HLA-C	1	HLA-C*03:04	HLA-C*03:04		known_exact_genomic
HG01978#1	HLA-C	1	HLA-C*04:01	HLA-C*04:01		known_exact_genomic
HG01978#2	HLA-C	1	HLA-C*03:04	HLA-C*03:04		known_exact_genomic
HG01981#1	HLA-C	1	HLA-C*05:01	HLA-C*05:01		known_exact_genomic
HG01981#2	HLA-C	1	HLA-C*07:02	HLA-C*07:02		known_exact_genomic
HG01993#1	HLA-C	1	HLA-C*07:02	HLA-C*07:02		known_exact_genomic
HG01993#2	HLA-C	1	HLA-C*04:01	HLA-C*04:01		known_exact_cds
HG02004#1	HLA-C	1	HLA-C*03:04	HLA-C*03:04		known_exact_genomic
HG02004#2	HLA-C	1	HLA-C*03:04	HLA-C*03:04		known_exact_genomic
HG02055#1	HLA-C	1	HLA-C*17:01	HLA-C*17:01		known_exact_genomic
HG02055#2	HLA-C	1	HLA-C*07:02	HLA-C*07:02		known_exact_genomic
HG02109#1	HLA-C	1	HLA-C*14:02	HLA-C*14:02		known_exact_cds
HG02109#2	HLA-C	1	HLA-C*16:01	HLA-C*16:01		known_exact_genomic
HG02145#1	HLA-C	1	HLA-C*07:01	HLA-C*07:01		known_exact_genomic
HG02145#2	HLA-C	1	HLA-C*16:01	HLA-C*16:01		known_exact_genomic
HG02148#1	HLA-C	1	HLA-C*15:02	HLA-C*15:02		known_exact_genomic
HG02148#2	HLA-C	1	HLA-C*05:01	HLA-C*05:01		known_exact_genomic
HG02257#1	HLA-C	1	HLA-C*07:01	HLA-C*07:01		known_exact_genomic
HG02257#2	HLA-C	1	HLA-C*17:01	HLA-C*17:01		known_exact_genomic
HG02258#1	HLA-C	1	HLA-C*04:01	HLA-C*04:01		known_exact_genomic
HG02258#2	HLA-C	1	HLA-C*15:05	HLA-C*15:05		known_exact_cds
HG02273#1	HLA-C	1	HLA-C*01:02	HLA-C*01:02		known_exact_genomic
HG02273#2	HLA-C	1	HLA-C*01:02	HLA-C*01:02		known_exact_genomic
HG02280#1	HLA-C	1	HLA-C*04:01	HLA-C*04:01		known_exact_genomic
HG02280#2	HLA-C	1	HLA-C*16:01	HLA-C*16:01		known_exact_genomic
HG02293#1	HLA-C	1	HLA-C*07:02	HLA-C*07:02		known_exact_genomic
HG02293#2	HLA-C	1	HLA-C*01:02	HLA-C*01:02		known_exact_genomic
HG02300#1	HLA-C	1	HLA-C*15:02	HLA-C*15:02		known_exact_genomic
HG02300#2	HLA-C	1	HLA-C*08:03	HLA-C*08:03		known_exact_genomic
HG02451#1	HLA-C	1	HLA-C*02:10	HLA-C*02:10		known_exact_cds
HG02451#2	HLA-C	1	HLA-C*04:01	HLA-C*04:01		known_exact_genomic
HG02486#1	HLA-C	1	HLA-C*02:10	HLA-C*02:10		known_exact_cds
HG02486#2	HLA-C	1	HLA-C*17:01	HLA-C*17:01		known_exact_genomic
HG02559#1	HLA-C	1	HLA-C*03:04	HLA-C*03:04		known_exact_genomic
HG02559#2	HLA-C	1	HLA-C*18:02	HLA-C*18:02		known_exact_genomic
HG02572#1	HLA-C	1	HLA-C*02:02	HLA-C*02:02		known_exact_cds
HG02572#2	HLA-C	1	HLA-C*02:10	HLA-C*02:10		known_exact_cds
HG02583#1	HLA-C	1	HLA-C*17:01	HLA-C*17:01		known_exact_genomic
HG02583#2	HLA-C	1	HLA-C*17:01	HLA-C*17:01		known_exact_genomic
HG02602#1	HLA-C	1	HLA-C*05:01	HLA-C*05:01		known_exact_genomic
HG02602#2	HLA-C	1	HLA-C*07:01	HLA-C*07:01		known_exact_genomic
HG02615#1	HLA-C	1	HLA-C*16:01	HLA-C*16:01		known_exact_cds
HG02615#2	HLA-C	1	HLA-C*06:02	HLA-C*06:02		known_exact_cds
HG02622#1	HLA-C	1	HLA-C*02:10	HLA-C*02:10		known_exact_cds
HG02622#2	HLA-C	1	HLA-C*06:02	HLA-C*06:02		known_exact_genomic
HG02630#1	HLA-C	1	HLA-C*17:01	HLA-C*17:01		known_exact_genomic
HG02630#2	HLA-C	1	HLA-C*04:01	HLA-C*04:01		known_exact_genomic
HG02647#1	HLA-C	1	HLA-C*06:02	HLA-C*06:02		known_exact_cds
HG02647#2	HLA-C	1	HLA-C*05:01	HLA-C*05:01		known_exact_genomic
HG02668#1	HLA-C	1	HLA-C*01:02	HLA-C*01:02		known_exact_genomic
HG02668#2	HLA-C	1	HLA-C*02:10	HLA-C*02:10		known_exact_cds
HG02698#1	HLA-C	1	HLA-C*15:02	HLA-C*15:02		known_exact_genomic
HG02698#2	HLA-C	1	HLA-C*04:01	HLA-C*04:01		known_exact_cds
HG02717#1	HLA-C	1	HLA-C*16:01	HLA-C*16:01		known_exact_genomic
HG02717#2	HLA-C	1	HLA-C*04:01	HLA-C*04:01		known_exact_genomic
HG02723#1	HLA-C	1	HLA-C*03:04	HLA-C*03:04		known_exact_genomic
HG02723#2	HLA-C	1	HLA-C*07:01	HLA-C*07:01		known_exact_genomic
HG02735#1	HLA-C	1	HLA-C*07:06	HLA-C*07:06		known_exact_genomic
HG02735#2	HLA-C	1	HLA-C*03:02	HLA-C*03:02		known_exact_genomic
HG02738#1	HLA-C	1	HLA-C*07:02	HLA-C*07:02		known_exact_genomic
HG02738#2	HLA-C	1	HLA-C*06:02	HLA-C*06:02		known_exact_genomic
HG02809#1	HLA-C	1	HLA-C*03:04	HLA-C*03:04		known_exact_genomic
HG02809#2	HLA-C	1	HLA-C*07:28	HLA-C*07:28		known_exact_genomic
HG02818#1	HLA-C	1	HLA-C*03:02	HLA-C*03:02		known_exact_genomic
HG02818#2	HLA-C	1	HLA-C*04:01	HLA-C*04:01		known_exact_genomic
HG02841#1	HLA-C	1	HLA-C*07:01	HLA-C*07:01		known_exact_genomic
HG02841#2	HLA-C	1	HLA-C*07:18	HLA-C*07:18		known_exact_cds
HG02886#1	HLA-C	1	HLA-C*16:01	HLA-C*16:01		known_exact_genomic
HG02886#2	HLA-C	1	HLA-C*04:01	HLA-C*04:01		known_exact_genomic
HG02922#1	HLA-C	1	HLA-C*07:04	HLA-C*07:04		known_exact_genomic
HG02922#2	HLA-C	1	HLA-C*17:01	HLA-C*17:01		known_exact_genomic
HG02965#1	HLA-C	1	HLA-C*16:01	HLA-C*16:01		known_exact_genomic
HG02965#2	HLA-C	1	HLA-C*16:01	HLA-C*16:01		known_exact_genomic
HG02976#1	HLA-C	1	HLA-C*04:01	HLA-C*04:01		known_exact_genomic
HG02976#2	HLA-C	1	HLA-C*02:10	HLA-C*02:10		known_exact_cds
HG02984#1	HLA-C	1	HLA-C*07:18	HLA-C*07:18		known_exact_cds
HG02984#2	HLA-C	1	HLA-C*07:18	HLA-C*07:18		known_exact_cds
HG03017#1	HLA-C	1	HLA-C*01:02	HLA-C*01:02		known_exact_genomic
HG03017#2	HLA-C	1	HLA-C*08:01	HLA-C*08:01		known_exact_genomic
HG03041#1	HLA-C	1	HLA-C*04:01	HLA-C*04:01		known_exact_genomic
HG03041#2	HLA-C	1	HLA-C*04:01	HLA-C*04:01		known_exact_genomic
HG03050#1	HLA-C	1	HLA-C*06:02	HLA-C*06:02		known_exact_cds
HG03050#2	HLA-C	1	HLA-C*17:01	HLA-C*17:01		known_exact_genomic
HG03098#1	HLA-C	1	HLA-C*17:01	HLA-C*17:01		known_exact_genomic
HG03098#2	HLA-C	1	HLA-C*02:02	HLA-C*02:02		known_exact_cds
HG03130#1	HLA-C	1	HLA-C*16:01	HLA-C*16:01		known_exact_genomic
HG03130#2	HLA-C	1	HLA-C*02:10	HLA-C*02:10		known_exact_cds
HG03139#1	HLA-C	1	HLA-C*17:01	HLA-C*17:01		known_exact_genomic
HG03139#2	HLA-C	1	HLA-C*16:01	HLA-C*16:01		known_exact_genomic
HG03195#1	HLA-C	1	HLA-C*16:01	HLA-C*16:01		known_exact_genomic
HG03195#2	HLA-C	1	HLA-C*02:10	HLA-C*02:10		known_exact_cds
HG03209#1	HLA-C	1	HLA-C*07:18	HLA-C*07:18		known_exact_cds
HG03209#2	HLA-C	1	HLA-C*06:02	HLA-C*06:02		known_exact_genomic
HG03225#1	HLA-C	1	HLA-C*17:03	HLA-C*17:03		known_exact_cds
HG03225#2	HLA-C	1	HLA-C*16:01	HLA-C*16:01		known_exact_genomic
HG03239#1	HLA-C	1	HLA-C*12:02	HLA-C*12:02		known_exact_genomic
HG03239#2	HLA-C	1	HLA-C*07:06	HLA-C*07:06		known_exact_genomic
HG03270#1	HLA-C	1	HLA-C*07:02	HLA-C*07:02		known_exact_genomic
HG03270#2	HLA-C	1	HLA-C*04:01	HLA-C*04:01		known_exact_genomic
HG03369#1	HLA-C	1	HLA-C*04:01	HLA-C*04:01		known_exact_genomic
HG03369#2	HLA-C	1	HLA-C*16:01	HLA-C*16:01		known_exact_genomic
HG03453#1	HLA-C	1	HLA-C*06:02	HLA-C*06:02		known_exact_cds
HG03453#2	HLA-C	1	HLA-C*03:04	HLA-C*03:04		known_exact_cds
HG03470#1	HLA-C	1	HLA-C*04:01	HLA-C*04:01		known_exact_genomic
HG03470#2	HLA-C	1	HLA-C*06:02	HLA-C*06:02		known_exact_cds
HG03471#1	HLA-C	1	HLA-C*14:02	HLA-C*14:02		known_exact_cds
HG03471#2	HLA-C	1	HLA-C*17:01	HLA-C*17:01		known_exact_genomic
HG03486#1	HLA-C	1	HLA-C*16:01	HLA-C*16:01		known_exact_genomic
HG03486#2	HLA-C	1	HLA-C*02:10	HLA-C*02:10		known_exact_cds
HG03516#1	HLA-C	1	HLA-C*04:01	HLA-C*04:01		known_exact_genomic
HG03516#2	HLA-C	1	HLA-C*16:01	HLA-C*16:01		known_exact_genomic
HG03521#1	HLA-C	1	HLA-C*12:03	HLA-C*12:03		known_exact_genomic
HG03521#2	HLA-C	1	HLA-C*07:01	HLA-C*07:01		known_exact_cds
HG03540#1	HLA-C	1	HLA-C*03:04	HLA-C*03:04		known_exact_cds
HG03540#2	HLA-C	1	HLA-C*02:02	HLA-C*02:02		known_exact_cds
HG03579#1	HLA-C	1	HLA-C*08:02	HLA-C*08:02		known_exact_genomic
HG03579#2	HLA-C	1	HLA-C*06:02	HLA-C*06:02		known_exact_genomic
HG03583#1	HLA-C	1	HLA-C*03:02	HLA-C*03:02		known_exact_genomic
HG03583#2	HLA-C	1	HLA-C*02:10	HLA-C*02:10		known_exact_cds
HG03654#1	HLA-C	1	HLA-C*12:03	HLA-C*12:03		known_exact_genomic
HG03654#2	HLA-C	1	HLA-C*07:02	HLA-C*07:02		known_exact_genomic
HG03669#1	HLA-C	1	HLA-C*12:02	HLA-C*12:02		known_exact_genomic
HG03669#2	HLA-C	1	HLA-C*14:02	HLA-C*14:02		known_exact_genomic
HG03688#1	HLA-C	1	HLA-C*04:01	HLA-C*04:01		known_exact_genomic
HG03688#2	HLA-C	1	HLA-C*05:01	HLA-C*05:01		known_exact_genomic
HG03704#1	HLA-C	1	HLA-C*03:04	HLA-C*03:04		known_exact_genomic
HG03704#2	HLA-C	1	HLA-C*06:02	HLA-C*06:02		known_exact_genomic
HG03710#1	HLA-C	1	HLA-C*16:02	HLA-C*16:02		known_exact_genomic
HG03710#2	HLA-C	1	HLA-C*03:04	HLA-C*03:04		known_exact_genomic
HG03742#1	HLA-C	1	HLA-C*12:02	HLA-C*12:02		known_exact_genomic
HG03742#2	HLA-C	1	HLA-C*06:02	HLA-C*06:02		known_exact_genomic
HG03784#1	HLA-C	1	HLA-C*03:04	HLA-C*03:04		known_exact_genomic
HG03784#2	HLA-C	1	HLA-C*04:01	HLA-C*04:01		known_exact_genomic
HG03804#1	HLA-C	1	HLA-C*06:02	HLA-C*06:02		known_exact_genomic
HG03804#2	HLA-C	1	HLA-C*06:02	HLA-C*06:02		known_exact_genomic
HG03816#1	HLA-C	1	HLA-C*05:01	HLA-C*05:01		known_exact_genomic
HG03816#2	HLA-C	1	HLA-C*01:02	HLA-C*01:02		known_exact_genomic
HG03831#1	HLA-C	1	HLA-C*12:02	HLA-C*12:02		known_exact_genomic
HG03831#2	HLA-C	1	HLA-C*01:02	HLA-C*01:02		known_exact_genomic
HG03834#1	HLA-C	1	HLA-C*06:02	HLA-C*06:02		known_exact_genomic
HG03834#2	HLA-C	1	HLA-C*06:02	HLA-C*06:02		known_exact_genomic
HG03874#1	HLA-C	1	HLA-C*05:01	HLA-C*05:01		known_exact_genomic
HG03874#2	HLA-C	1	HLA-C*06:02	HLA-C*06:02		known_exact_genomic
HG03927#1	HLA-C	1	HLA-C*12:02	HLA-C*12:02		known_exact_genomic
HG03927#2	HLA-C	1	HLA-C*01:02	HLA-C*01:02		known_exact_genomic
HG03942#1	HLA-C	1	HLA-C*15:02	HLA-C*15:02		known_exact_genomic
HG03942#2	HLA-C	1	HLA-C*15:02	HLA-C*15:02		known_exact_genomic
HG04115#1	HLA-C	1	HLA-C*15:02	HLA-C*15:02		known_exact_genomic
HG04115#2	HLA-C	1	HLA-C*06:02	HLA-C*06:02		known_exact_genomic
HG04157#1	HLA-C	1	HLA-C*07:06	HLA-C*07:06		known_exact_genomic
HG04157#2	HLA-C	1	HLA-C*06:02	HLA-C*06:02		known_exact_genomic
HG04160#1	HLA-C	1	HLA-C*15:05	HLA-C*15:05		known_exact_cds
HG04160#2	HLA-C	1	HLA-C*01:02	HLA-C*01:02		known_exact_genomic
HG04184#1	HLA-C	1	HLA-C*06:02	HLA-C*06:02		known_exact_genomic
HG04184#2	HLA-C	1	HLA-C*07:06	HLA-C*07:06		known_exact_genomic
HG04187#1	HLA-C	1	HLA-C*07:02	HLA-C*07:02		known_exact_genomic
HG04187#2	HLA-C	1	HLA-C*04:01	HLA-C*04:01		known_exact_genomic
HG04199#1	HLA-C	1	HLA-C*03:02	HLA-C*03:02		known_exact_genomic
HG04199#2	HLA-C	1	HLA-C*07:02	HLA-C*07:02		known_exact_genomic
HG04204#1	HLA-C	1	HLA-C*03:03	HLA-C*03:03		known_exact_cds
HG04204#2	HLA-C	1	HLA-C*07:06	HLA-C*07:06		known_exact_genomic
HG04228#1	HLA-C	1	HLA-C*06:02	HLA-C*06:02		known_exact_genomic
HG04228#2	HLA-C	1	HLA-C*07:06	HLA-C*07:06		known_exact_genomic
HG06807#1	HLA-C	1	HLA-C*02:10	HLA-C*02:10		known_exact_cds
HG06807#2	HLA-C	1	HLA-C*14:02	HLA-C*14:02		known_exact_cds
NA18505#1	HLA-C	1	HLA-C*07:01	HLA-C*07:01		known_exact_genomic
NA18505#2	HLA-C	1	HLA-C*02:10	HLA-C*02:10		known_exact_cds
NA18508#1	HLA-C	1	HLA-C*17:01	HLA-C*17:01		known_exact_genomic
NA18508#2	HLA-C	1	HLA-C*04:01	HLA-C*04:01		known_exact_genomic
NA18522#1	HLA-C	1	HLA-C*07:01	HLA-C*07:01		known_exact_cds
NA18522#2	HLA-C	1	HLA-C*02:10	HLA-C*02:10		known_exact_cds
NA18879#1	HLA-C	1	HLA-C*17:01	HLA-C*17:01		known_exact_genomic
NA18879#2	HLA-C	1	HLA-C*04:01	HLA-C*04:01		known_exact_genomic
NA18906#1	HLA-C	1	HLA-C*04:01	HLA-C*04:01		known_exact_genomic
NA18906#2	HLA-C	1	HLA-C*02:10	HLA-C*02:10		known_exact_genomic
NA19036#1	HLA-C	1	HLA-C*06:02	HLA-C*06:02		known_exact_genomic
NA19036#2	HLA-C	1	HLA-C*04:01	HLA-C*04:01		known_exact_genomic
NA19043#1	HLA-C	1	HLA-C*07:04	HLA-C*07:04		known_exact_genomic
NA19043#2	HLA-C	1	HLA-C*07:04	HLA-C*07:04		known_exact_genomic
NA19159#1	HLA-C	1	HLA-C*16:01	HLA-C*16:01		known_exact_genomic
NA19159#2	HLA-C	1	HLA-C*18:02	HLA-C*18:02		known_exact_genomic
NA19185#1	HLA-C	1	HLA-C*16:01	HLA-C*16:01		known_exact_genomic
NA19185#2	HLA-C	1	HLA-C*17:01	HLA-C*17:01		known_exact_genomic
NA19240#1	HLA-C	1	HLA-C*04:01	HLA-C*04:01		known_exact_genomic
NA19240#2	HLA-C	1	HLA-C*18:02	HLA-C*18:02		known_exact_genomic
NA19338#1	HLA-C	1	HLA-C*18:01	HLA-C*18:01		known_exact_genomic
NA19338#2	HLA-C	1	HLA-C*08:02	HLA-C*08:02		known_exact_genomic
NA19391#1	HLA-C	1	HLA-C*06:02	HLA-C*06:02		known_exact_genomic
NA19391#2	HLA-C	1	HLA-C*07:01	HLA-C*07:01		known_exact_cds
NA19443#1	HLA-C	1	HLA-C*07:02	HLA-C*07:02		known_exact_genomic
NA19443#2	HLA-C	1	HLA-C*04:01	HLA-C*04:01		known_exact_genomic
NA19468#1	HLA-C	1	HLA-C*18:01	HLA-C*18:01		known_exact_genomic
NA19468#2	HLA-C	1	HLA-C*18:01	HLA-C*18:01		known_exact_genomic
NA19682#1	HLA-C	1	HLA-C*03:03	HLA-C*03:03		known_exact_genomic
NA19682#2	HLA-C	1	HLA-C*06:02	HLA-C*06:02		known_exact_genomic
NA19700#1	HLA-C	1	HLA-C*08:04	HLA-C*08:04		known_exact_genomic
NA19700#2	HLA-C	1	HLA-C*17:01	HLA-C*17:01		known_exact_genomic
NA19776#1	HLA-C	1	HLA-C*04:01	HLA-C*04:01		known_exact_genomic
NA19776#2	HLA-C	1	HLA-C*07:02	HLA-C*07:02		known_exact_genomic
NA19835#1	HLA-C	1	HLA-C*04:01	HLA-C*04:01		known_exact_genomic
NA19835#2	HLA-C	1	HLA-C*06:02	HLA-C*06:02		known_exact_genomic
NA19909#1	HLA-C	1	HLA-C*17:01	HLA-C*17:01		known_exact_genomic
NA19909#2	HLA-C	1	HLA-C*17:01	HLA-C*17:01		known_exact_genomic
NA20129#1	HLA-C	1	HLA-C*07:01	HLA-C*07:01		known_exact_genomic
NA20129#2	HLA-C	1	HLA-C*04:01	HLA-C*04:01		known_exact_genomic
NA20282#1	HLA-C	1	HLA-C*04:01	HLA-C*04:01		known_exact_genomic
NA20282#2	HLA-C	1	HLA-C*08:04	HLA-C*08:04		known_exact_cds
NA20346#1	HLA-C	1	HLA-C*04:01	HLA-C*04:01		known_exact_genomic
NA20346#2	HLA-C	1	HLA-C*08:04	HLA-C*08:04		known_exact_cds
NA20503#1	HLA-C	1	HLA-C*04:01	HLA-C*04:01		known_exact_genomic
NA20503#2	HLA-C	1	HLA-C*04:01	HLA-C*04:01		known_exact_cds
NA20752#1	HLA-C	1	HLA-C*14:02	HLA-C*14:02		known_exact_genomic
NA20752#2	HLA-C	1	HLA-C*06:02	HLA-C*06:02		known_exact_genomic
NA20762#1	HLA-C	1	HLA-C*12:03	HLA-C*12:03		known_exact_genomic
NA20762#2	HLA-C	1	HLA-C*04:01	HLA-C*04:01		known_exact_cds
NA20799#1	HLA-C	1	HLA-C*03:03	HLA-C*03:03		known_exact_genomic
NA20799#2	HLA-C	1	HLA-C*18:02	HLA-C*18:02		known_exact_genomic
NA20805#1	HLA-C	1	HLA-C*05:37	HLA-C*05:37		known_exact_genomic
NA20805#2	HLA-C	1	HLA-C*16:04	HLA-C*16:04		known_exact_genomic
NA20806#1	HLA-C	1	HLA-C*07:02	HLA-C*07:02		known_exact_genomic
NA20806#2	HLA-C	1	HLA-C*04:01	HLA-C*04:01		known_exact_genomic
NA20809#1	HLA-C	1	HLA-C*16:01	HLA-C*16:01		known_exact_genomic
NA20809#2	HLA-C	1	HLA-C*07:02	HLA-C*07:02		known_exact_genomic
NA20827#1	HLA-C	1	HLA-C*06:02	HLA-C*06:02		known_exact_cds
NA20827#2	HLA-C	1	HLA-C*17:01	HLA-C*17:01		known_exact_cds
NA20850#1	HLA-C	1	HLA-C*04:01	HLA-C*04:01		known_exact_genomic
NA20850#2	HLA-C	1	HLA-C*07:02	HLA-C*07:02		known_exact_genomic
NA20870#1	HLA-C	1	HLA-C*12:05	HLA-C*12:05		known_exact_genomic
NA20870#2	HLA-C	1	HLA-C*15:02	HLA-C*15:02		known_exact_genomic
NA20905#1	HLA-C	1	HLA-C*15:02	HLA-C*15:02		known_exact_genomic
NA20905#2	HLA-C	1	HLA-C*07:01	HLA-C*07:01		known_exact_genomic
NA21093#1	HLA-C	1	HLA-C*06:02	HLA-C*06:02		known_exact_genomic
NA21093#2	HLA-C	1	HLA-C*06:02	HLA-C*06:02		known_exact_genomic
NA21102#1	HLA-C	1	HLA-C*15:02	HLA-C*15:02		known_exact_genomic
NA21102#2	HLA-C	1	HLA-C*07:02	HLA-C*07:02		known_exact_genomic
NA21106#1	HLA-C	1	HLA-C*06:02	HLA-C*06:02		known_exact_genomic
NA21106#2	HLA-C	1	HLA-C*12:02	HLA-C*12:02		known_exact_genomic
NA21110#1	HLA-C	1	HLA-C*04:01	HLA-C*04:01		known_exact_cds
NA21110#2	HLA-C	1	HLA-C*12:02	HLA-C*12:02		known_exact_genomic
NA21144#1	HLA-C	1	HLA-C*06:02	HLA-C*06:02		known_exact_genomic
NA21144#2	HLA-C	1	HLA-C*03:02	HLA-C*03:02		known_exact_genomic
NA21309#1	HLA-C	1	HLA-C*07:04	HLA-C*07:04		known_exact_genomic
NA21309#2	HLA-C	1	HLA-C*07:01	HLA-C*07:01		known_exact_genomic
NA18990#1	HLA-C	1	HLA-C*14:03	HLA-C*14:03		known_exact_genomic
NA18990#2	HLA-C	1	HLA-C*03:03	HLA-C*03:03		known_exact_genomic
NA19007#1	HLA-C	1	HLA-C*03:03	HLA-C*03:03		known_exact_genomic
NA19007#2	HLA-C	1	HLA-C*01:02	HLA-C*01:02		known_exact_genomic
NA19066#1	HLA-C	1	HLA-C*12:02	HLA-C*12:02		known_exact_genomic
NA19066#2	HLA-C	1	HLA-C*14:02	HLA-C*14:02		known_exact_genomic
NA19079#1	HLA-C	1	HLA-C*08:01	HLA-C*08:01		known_exact_genomic
NA19079#2	HLA-C	1	HLA-C*14:03	HLA-C*14:03		known_exact_genomic
NA19088#1	HLA-C	1	HLA-C*03:03	HLA-C*03:03		known_exact_genomic
NA19088#2	HLA-C	1	HLA-C*03:03	HLA-C*03:03		known_exact_genomic
ksa001#1	HLA-C	1	HLA-C*16:02	HLA-C*16:02		known_exact_genomic
ksa001#2	HLA-C	1	HLA-C*01:02	HLA-C*01:02		known_exact_genomic
ksa002#1	HLA-C	1	HLA-C*07:01	HLA-C*07:01		known_exact_genomic
ksa002#2	HLA-C	1	HLA-C*07:02	HLA-C*07:02		known_exact_genomic
ksa003#1	HLA-C	1	HLA-C*07:02	HLA-C*07:02		known_exact_genomic
ksa003#2	HLA-C	1	HLA-C*15:02	HLA-C*15:02		known_exact_genomic
ksa004#1	HLA-C	1	HLA-C*16:02	HLA-C*16:02		known_exact_genomic
ksa004#2	HLA-C	1	HLA-C*07:01	HLA-C*07:01		known_exact_cds
ksa005#1	HLA-C	1	HLA-C*15:02	HLA-C*15:02		known_exact_genomic
ksa005#2	HLA-C	1	HLA-C*04:01	HLA-C*04:01		known_exact_cds
ksa006#1	HLA-C	1	HLA-C*06:02	HLA-C*06:02		known_exact_genomic
ksa006#2	HLA-C	1	HLA-C*04:01	HLA-C*04:01		known_exact_genomic
ksa007#1	HLA-C	1	HLA-C*15:02	HLA-C*15:02		known_exact_genomic
ksa007#2	HLA-C	1	HLA-C*12:02	HLA-C*12:02		known_exact_genomic
ksa008#1	HLA-C	1	HLA-C*06:02	HLA-C*06:02		known_exact_genomic
ksa008#2	HLA-C	1	HLA-C*06:02	HLA-C*06:02		known_exact_genomic
ksa009#1	HLA-C	1	HLA-C*06:02	HLA-C*06:02		known_exact_genomic
ksa009#2	HLA-C	1	HLA-C*04:01	HLA-C*04:01		known_exact_cds
KOREF1#1	HLA-C	1	HLA-C*01:03	HLA-C*01:03		known_exact_cds
KOREF1#2	HLA-C	1	HLA-C*14:03	HLA-C*14:03		known_exact_genomic
KOREF2#1	HLA-C	1	HLA-C*03:02	HLA-C*03:02		known_exact_genomic
KOREF2#2	HLA-C	1	HLA-C*15:02	HLA-C*15:02		known_exact_genomic
KPanRef-071#1	HLA-C	1	HLA-C*01:02	HLA-C*01:02		known_exact_genomic
KPanRef-071#2	HLA-C	1	HLA-C*03:02	HLA-C*03:02		known_exact_genomic
KPanRef-072#1	HLA-C	1	HLA-C*06:02	HLA-C*06:02		known_exact_genomic
KPanRef-072#2	HLA-C	1	HLA-C*01:03	HLA-C*01:03		known_exact_cds
KPanRef-073#1	HLA-C	1	HLA-C*06:02	HLA-C*06:02		known_exact_genomic
KPanRef-073#2	HLA-C	1	HLA-C*03:04	HLA-C*03:04		known_exact_genomic
KPanRef-074#1	HLA-C	1	HLA-C*03:03	HLA-C*03:03		known_exact_cds
KPanRef-074#2	HLA-C	1	HLA-C*14:02	HLA-C*14:02		known_exact_genomic
KPanRef-075#1	HLA-C	1	HLA-C*08:01	HLA-C*08:01		known_exact_genomic
KPanRef-075#2	HLA-C	1	HLA-C*03:03	HLA-C*03:03		known_exact_genomic
KPanRef-076#1	HLA-C	1	HLA-C*07:02	HLA-C*07:02		known_exact_genomic
KPanRef-076#2	HLA-C	1	HLA-C*03:04	HLA-C*03:04		known_exact_genomic
KPanRef-076-M#1	HLA-C	1	HLA-C*06:02	HLA-C*06:02		known_exact_genomic
KPanRef-076-M#2	HLA-C	1	HLA-C*03:04	HLA-C*03:04		known_exact_genomic
KPanRef-076-P#1	HLA-C	1	HLA-C*07:02	HLA-C*07:02		known_exact_genomic
KPanRef-076-P#2	HLA-C	1	HLA-C*07:02	HLA-C*07:02		known_exact_genomic
KPanRef-077#1	HLA-C	1	HLA-C*14:02	HLA-C*14:02		known_exact_genomic
KPanRef-077#2	HLA-C	1	HLA-C*01:03	HLA-C*01:03		known_exact_cds
KPanRef-078#1	HLA-C	1	HLA-C*03:04	HLA-C*03:04		known_exact_cds
KPanRef-078#2	HLA-C	1	HLA-C*01:02	HLA-C*01:02		known_exact_genomic
KPanRef-079#1	HLA-C	1	HLA-C*06:02	HLA-C*06:02		known_exact_genomic
KPanRef-079#2	HLA-C	1	HLA-C*08:01	HLA-C*08:01		known_exact_genomic
KPanRef-080#1	HLA-C	1	HLA-C*03:03	HLA-C*03:03		known_exact_genomic
KPanRef-080#2	HLA-C	1	HLA-C*14:02	HLA-C*14:02		known_exact_genomic
apr-f#1	HLA-DRB1	1	HLA-DRB1*15:02	HLA-DRB1*15:02		known_exact_cds
apr-f#2	HLA-DRB1	1	HLA-DRB1*15:01	HLA-DRB1*15:01		known_exact_cds
apr-m#1	HLA-DRB1	1	HLA-DRB1*13:02	HLA-DRB1*13:02		known_exact_cds
apr-m#2	HLA-DRB1	1	HLA-DRB1*11:01	HLA-DRB1*11:01		known_exact_cds
apr-s#1	HLA-DRB1	1	HLA-DRB1*11:01	HLA-DRB1*11:01		known_exact_cds
apr-s#2	HLA-DRB1	1	HLA-DRB1*15:02	HLA-DRB1*15:02		known_exact_cds
apr001#1	HLA-DRB1	0				unresolved_no_exact_match
apr001#2	HLA-DRB1	1	HLA-DRB1*03:01	HLA-DRB1*03:01		known_exact_genomic
apr002#1	HLA-DRB1	1	HLA-DRB1*07:01	HLA-DRB1*07:01		known_exact_genomic
apr002#2	HLA-DRB1	1	HLA-DRB1*10:01	HLA-DRB1*10:01		known_exact_cds
apr003#1	HLA-DRB1	1	HLA-DRB1*04:03	HLA-DRB1*04:03		known_exact_cds
apr003#2	HLA-DRB1	1	HLA-DRB1*16:76	HLA-DRB1*16:76		known_exact_cds
apr004#1	HLA-DRB1	1	HLA-DRB1*15:01	HLA-DRB1*15:01		known_exact_genomic
apr004#2	HLA-DRB1	1	HLA-DRB1*03:01	HLA-DRB1*03:01		known_exact_genomic
apr005#1	HLA-DRB1	1	HLA-DRB1*03:01	HLA-DRB1*03:01		known_exact_genomic
apr005#2	HLA-DRB1	1	HLA-DRB1*03:01	HLA-DRB1*03:01		known_exact_genomic
apr006#1	HLA-DRB1	0		HLA-DRB1*03:147		unresolved_no_exact_match
apr006#2	HLA-DRB1	1	HLA-DRB1*15:06	HLA-DRB1*15:06		known_exact_cds
apr007#1	HLA-DRB1	1	HLA-DRB1*15:01	HLA-DRB1*15:01		known_exact_cds
apr007#2	HLA-DRB1	1	HLA-DRB1*15:01	HLA-DRB1*15:01		known_exact_cds
apr008#1	HLA-DRB1	1	HLA-DRB1*01:01	HLA-DRB1*01:01		known_exact_cds
apr008#2	HLA-DRB1	1	HLA-DRB1*03:01	HLA-DRB1*03:01		known_exact_genomic
apr009#1	HLA-DRB1	1	HLA-DRB1*07:01	HLA-DRB1*07:01		known_exact_genomic
apr009#2	HLA-DRB1	1	HLA-DRB1*16:02	HLA-DRB1*16:02		known_exact_cds
apr010#1	HLA-DRB1	1	HLA-DRB1*07:01	HLA-DRB1*07:01		known_exact_genomic
apr010#2	HLA-DRB1	1	HLA-DRB1*15:01	HLA-DRB1*15:01		known_exact_cds
apr011#1	HLA-DRB1	1	HLA-DRB1*11:01	HLA-DRB1*11:01		known_exact_cds
apr011#2	HLA-DRB1	1	HLA-DRB1*03:01	HLA-DRB1*03:01		known_exact_genomic
apr012#1	HLA-DRB1	1	HLA-DRB1*03:01	HLA-DRB1*03:01		known_exact_genomic
apr012#2	HLA-DRB1	1	HLA-DRB1*03:01	HLA-DRB1*03:01		known_exact_genomic
apr013#1	HLA-DRB1	1	HLA-DRB1*15:02	HLA-DRB1*15:02		known_exact_cds
apr013#2	HLA-DRB1	1	HLA-DRB1*15:02	HLA-DRB1*15:02		known_exact_cds
apr014#1	HLA-DRB1	1	HLA-DRB1*03:01	HLA-DRB1*03:01		known_exact_genomic
apr014#2	HLA-DRB1	1	HLA-DRB1*03:02	HLA-DRB1*03:02		known_exact_cds
apr015#1	HLA-DRB1	1	HLA-DRB1*03:01	HLA-DRB1*03:01		known_exact_genomic
apr015#2	HLA-DRB1	1	HLA-DRB1*03:01	HLA-DRB1*03:01		known_exact_genomic
apr016#1	HLA-DRB1	1	HLA-DRB1*16:02	HLA-DRB1*16:02		known_exact_cds
apr016#2	HLA-DRB1	1	HLA-DRB1*11:04	HLA-DRB1*11:04		known_exact_cds
apr018#1	HLA-DRB1	1	HLA-DRB1*08:01	HLA-DRB1*08:01		known_exact_cds
apr018#2	HLA-DRB1	1	HLA-DRB1*10:01	HLA-DRB1*10:01		known_exact_cds
apr019#1	HLA-DRB1	1	HLA-DRB1*04:05	HLA-DRB1*04:05		known_exact_cds
apr019#2	HLA-DRB1	1	HLA-DRB1*10:01	HLA-DRB1*10:01		known_exact_cds
apr020#1	HLA-DRB1	1	HLA-DRB1*16:02	HLA-DRB1*16:02		known_exact_cds
apr020#2	HLA-DRB1	1	HLA-DRB1*03:01	HLA-DRB1*03:01		known_exact_cds
apr021#1	HLA-DRB1	1	HLA-DRB1*11:01	HLA-DRB1*11:01		known_exact_genomic
apr021#2	HLA-DRB1	1	HLA-DRB1*03:01	HLA-DRB1*03:01		known_exact_genomic
apr022#1	HLA-DRB1	1	HLA-DRB1*16:75	HLA-DRB1*16:75		known_exact_cds
apr022#2	HLA-DRB1	1	HLA-DRB1*03:01	HLA-DRB1*03:01		known_exact_genomic
apr023#1	HLA-DRB1	1	HLA-DRB1*15:03	HLA-DRB1*15:03		known_exact_cds
apr023#2	HLA-DRB1	1	HLA-DRB1*08:04	HLA-DRB1*08:04		known_exact_cds
apr024#1	HLA-DRB1	1	HLA-DRB1*15:01	HLA-DRB1*15:01		known_exact_genomic
apr024#2	HLA-DRB1	1	HLA-DRB1*16:02	HLA-DRB1*16:02		known_exact_genomic
apr025#1	HLA-DRB1	1	HLA-DRB1*10:01	HLA-DRB1*10:01		known_exact_genomic
apr025#2	HLA-DRB1	1	HLA-DRB1*07:01	HLA-DRB1*07:01		known_exact_cds
apr026#1	HLA-DRB1	1	HLA-DRB1*07:01	HLA-DRB1*07:01		known_exact_genomic
apr026#2	HLA-DRB1	1	HLA-DRB1*04:05	HLA-DRB1*04:05		known_exact_cds
apr027#1	HLA-DRB1	1	HLA-DRB1*07:01	HLA-DRB1*07:01		known_exact_genomic
apr027#2	HLA-DRB1	1	HLA-DRB1*01:126	HLA-DRB1*01:126		known_exact_cds
apr029#1	HLA-DRB1	1	HLA-DRB1*07:01	HLA-DRB1*07:01		known_exact_genomic
apr029#2	HLA-DRB1	1	HLA-DRB1*03:01	HLA-DRB1*03:01		known_exact_genomic
apr030#1	HLA-DRB1	1	HLA-DRB1*11:01	HLA-DRB1*11:01		known_exact_cds
apr030#2	HLA-DRB1	1	HLA-DRB1*10:01	HLA-DRB1*10:01		known_exact_cds
apr031#1	HLA-DRB1	1	HLA-DRB1*01:01	HLA-DRB1*01:01		known_exact_cds
apr031#2	HLA-DRB1	1	HLA-DRB1*16:02	HLA-DRB1*16:02		known_exact_genomic
apr032#1	HLA-DRB1	1	HLA-DRB1*07:01	HLA-DRB1*07:01		known_exact_genomic
apr032#2	HLA-DRB1	1	HLA-DRB1*07:01	HLA-DRB1*07:01		known_exact_cds
apr033#1	HLA-DRB1	1	HLA-DRB1*12:01	HLA-DRB1*12:01		known_exact_genomic
apr033#2	HLA-DRB1	1	HLA-DRB1*01:01	HLA-DRB1*01:01		known_exact_cds
apr034#1	HLA-DRB1	0		HLA-DRB1*01:08		unresolved_no_exact_match
apr034#2	HLA-DRB1	1	HLA-DRB1*11:04	HLA-DRB1*11:04		known_exact_cds
apr035#1	HLA-DRB1	1	HLA-DRB1*13:01	HLA-DRB1*13:01		known_exact_cds
apr035#2	HLA-DRB1	1	HLA-DRB1*03:01	HLA-DRB1*03:01		known_exact_cds
apr036#1	HLA-DRB1	1	HLA-DRB1*11:02	HLA-DRB1*11:02		known_exact_cds
apr036#2	HLA-DRB1	1	HLA-DRB1*03:01	HLA-DRB1*03:01		known_exact_cds
apr037#1	HLA-DRB1	1	HLA-DRB1*01:01	HLA-DRB1*01:01		known_exact_cds
apr037#2	HLA-DRB1	1	HLA-DRB1*15:01	HLA-DRB1*15:01		known_exact_genomic
apr038#1	HLA-DRB1	0				unresolved_no_exact_match
apr038#2	HLA-DRB1	1	HLA-DRB1*13:01	HLA-DRB1*13:01		known_exact_cds
apr039#1	HLA-DRB1	1	HLA-DRB1*16:02	HLA-DRB1*16:02		known_exact_cds
apr039#2	HLA-DRB1	1	HLA-DRB1*01:02	HLA-DRB1*01:02		known_exact_genomic
apr040#1	HLA-DRB1	1	HLA-DRB1*15:01	HLA-DRB1*15:01		known_exact_genomic
apr040#2	HLA-DRB1	1	HLA-DRB1*15:03	HLA-DRB1*15:03		known_exact_cds
apr041#1	HLA-DRB1	1	HLA-DRB1*14:04	HLA-DRB1*14:04		known_exact_cds
apr041#2	HLA-DRB1	1	HLA-DRB1*15:01	HLA-DRB1*15:01		known_exact_genomic
apr042#1	HLA-DRB1	1	HLA-DRB1*03:01	HLA-DRB1*03:01		known_exact_genomic
apr042#2	HLA-DRB1	1	HLA-DRB1*13:03	HLA-DRB1*13:03		known_exact_cds
apr043#1	HLA-DRB1	1	HLA-DRB1*13:03	HLA-DRB1*13:03		known_exact_cds
apr043#2	HLA-DRB1	1	HLA-DRB1*07:01	HLA-DRB1*07:01		known_exact_cds
apr044#1	HLA-DRB1	1	HLA-DRB1*15:02	HLA-DRB1*15:02		known_exact_cds
apr044#2	HLA-DRB1	1	HLA-DRB1*11:01	HLA-DRB1*11:01		known_exact_cds
apr045#1	HLA-DRB1	1	HLA-DRB1*13:03	HLA-DRB1*13:03		known_exact_cds
apr045#2	HLA-DRB1	1	HLA-DRB1*04:04	HLA-DRB1*04:04		known_exact_cds
apr046#1	HLA-DRB1	1	HLA-DRB1*14:54	HLA-DRB1*14:54		known_exact_cds
apr046#2	HLA-DRB1	1	HLA-DRB1*13:02	HLA-DRB1*13:02		known_exact_cds
apr047#1	HLA-DRB1	1	HLA-DRB1*04:04	HLA-DRB1*04:04		known_exact_cds
apr047#2	HLA-DRB1	1	HLA-DRB1*15:02	HLA-DRB1*15:02		known_exact_cds
apr048#1	HLA-DRB1	1	HLA-DRB1*15:02	HLA-DRB1*15:02		known_exact_cds
apr048#2	HLA-DRB1	1	HLA-DRB1*16:75	HLA-DRB1*16:75		known_exact_cds
apr049#1	HLA-DRB1	1	HLA-DRB1*16:01	HLA-DRB1*16:01		known_exact_cds
apr049#2	HLA-DRB1	1	HLA-DRB1*16:01	HLA-DRB1*16:01		known_exact_cds
apr050#1	HLA-DRB1	1	HLA-DRB1*04:06	HLA-DRB1*04:06		known_exact_cds
apr050#2	HLA-DRB1	1	HLA-DRB1*03:01	HLA-DRB1*03:01		known_exact_cds
apr051#1	HLA-DRB1	1	HLA-DRB1*15:01	HLA-DRB1*15:01		known_exact_cds
apr051#2	HLA-DRB1	1	HLA-DRB1*11:01	HLA-DRB1*11:01		known_exact_cds
apr52#1	HLA-DRB1	1	HLA-DRB1*07:01	HLA-DRB1*07:01		known_exact_genomic
apr52#2	HLA-DRB1	1	HLA-DRB1*04:03	HLA-DRB1*04:03		known_exact_cds
HIFI032007D#1	HLA-DRB1	1	HLA-DRB1*12:02	HLA-DRB1*12:02		known_exact_cds
HIFI032007D#2	HLA-DRB1	1	HLA-DRB1*12:02	HLA-DRB1*12:02		known_exact_cds
HIFI032018D#1	HLA-DRB1	1	HLA-DRB1*12:02	HLA-DRB1*12:02		known_exact_cds
HIFI032018D#2	HLA-DRB1	1	HLA-DRB1*04:05	HLA-DRB1*04:05		known_exact_cds
HIFI032069D#1	HLA-DRB1	1	HLA-DRB1*12:02	HLA-DRB1*12:02		known_exact_cds
HIFI032069D#2	HLA-DRB1	1	HLA-DRB1*15:02	HLA-DRB1*15:02		known_exact_cds
HIFI032097D#1	HLA-DRB1	1	HLA-DRB1*13:02	HLA-DRB1*13:02		known_exact_cds
HIFI032097D#2	HLA-DRB1	1	HLA-DRB1*15:01	HLA-DRB1*15:01		known_exact_cds
HIFI032103D#1	HLA-DRB1	0				unresolved_no_exact_match
HIFI032103D#2	HLA-DRB1	1	HLA-DRB1*04:10	HLA-DRB1*04:10		known_exact_cds
HIFI032161D#1	HLA-DRB1	1	HLA-DRB1*12:02	HLA-DRB1*12:02		known_exact_cds
HIFI032161D#2	HLA-DRB1	1	HLA-DRB1*12:02	HLA-DRB1*12:02		known_exact_cds
HIFI032164D#1	HLA-DRB1	1	HLA-DRB1*01:01	HLA-DRB1*01:01		known_exact_cds
HIFI032164D#2	HLA-DRB1	1	HLA-DRB1*11:01	HLA-DRB1*11:01		known_exact_cds
HIFI032167D#1	HLA-DRB1	1	HLA-DRB1*12:02	HLA-DRB1*12:02		known_exact_cds
HIFI032167D#2	HLA-DRB1	1	HLA-DRB1*12:02	HLA-DRB1*12:02		known_exact_cds
HIFI032182D#1	HLA-DRB1	0		HLA-DRB1*15:88		unresolved_no_exact_match
HIFI032182D#2	HLA-DRB1	1	HLA-DRB1*15:01	HLA-DRB1*15:01		known_exact_genomic
HIFI032289D#1	HLA-DRB1	1	HLA-DRB1*04:05	HLA-DRB1*04:05		known_exact_cds
HIFI032289D#2	HLA-DRB1	1	HLA-DRB1*04:06	HLA-DRB1*04:06		known_exact_cds
HIFI032292D#1	HLA-DRB1	1	HLA-DRB1*12:02	HLA-DRB1*12:02		known_exact_cds
HIFI032292D#2	HLA-DRB1	1	HLA-DRB1*12:02	HLA-DRB1*12:02		known_exact_cds
HIFI032302D#1	HLA-DRB1	0		HLA-DRB1*08:03		known_exact_protein
HIFI032302D#2	HLA-DRB1	1	HLA-DRB1*03:01	HLA-DRB1*03:01		known_exact_genomic
HIFI032306D#1	HLA-DRB1	1	HLA-DRB1*15:01	HLA-DRB1*15:01		known_exact_genomic
HIFI032306D#2	HLA-DRB1	1	HLA-DRB1*04:04	HLA-DRB1*04:04		known_exact_cds
HIFI032335D#1	HLA-DRB1	1	HLA-DRB1*07:01	HLA-DRB1*07:01		known_exact_genomic
HIFI032335D#2	HLA-DRB1	0				unresolved_no_exact_match
HIFI032349D#1	HLA-DRB1	1	HLA-DRB1*04:05	HLA-DRB1*04:05		known_exact_cds
HIFI032349D#2	HLA-DRB1	1	HLA-DRB1*11:01	HLA-DRB1*11:01		known_exact_cds
HIFI032373D#1	HLA-DRB1	1	HLA-DRB1*14:54	HLA-DRB1*14:54		known_exact_genomic
HIFI032373D#2	HLA-DRB1	1	HLA-DRB1*15:01	HLA-DRB1*15:01		known_exact_cds
HIFI032420D#1	HLA-DRB1	1	HLA-DRB1*09:01	HLA-DRB1*09:01		known_exact_cds
HIFI032420D#2	HLA-DRB1	1	HLA-DRB1*04:05	HLA-DRB1*04:05		known_exact_cds
HIFI032422D#1	HLA-DRB1	1	HLA-DRB1*14:03	HLA-DRB1*14:03		known_exact_cds
HIFI032422D#2	HLA-DRB1	1	HLA-DRB1*12:01	HLA-DRB1*12:01		known_exact_genomic
HIFI032429D#1	HLA-DRB1	0				unresolved_no_exact_match
HIFI032429D#2	HLA-DRB1	1	HLA-DRB1*12:02	HLA-DRB1*12:02		known_exact_cds
HIFI032440D#1	HLA-DRB1	1	HLA-DRB1*12:02	HLA-DRB1*12:02		known_exact_cds
HIFI032440D#2	HLA-DRB1	1	HLA-DRB1*08:03	HLA-DRB1*08:03		known_exact_cds
HIFI032450D#1	HLA-DRB1	1	HLA-DRB1*12:01	HLA-DRB1*12:01		known_exact_cds
HIFI032450D#2	HLA-DRB1	0				unresolved_no_exact_match
HIFI032453D#1	HLA-DRB1	1	HLA-DRB1*03:01	HLA-DRB1*03:01		known_exact_genomic
HIFI032453D#2	HLA-DRB1	1	HLA-DRB1*12:02	HLA-DRB1*12:02		known_exact_cds
HIFI032454D#1	HLA-DRB1	0				unresolved_no_exact_match
HIFI032454D#2	HLA-DRB1	1	HLA-DRB1*03:01	HLA-DRB1*03:01		known_exact_genomic
HIFI032462D#1	HLA-DRB1	1	HLA-DRB1*04:06	HLA-DRB1*04:06		known_exact_cds
HIFI032462D#2	HLA-DRB1	0				unresolved_no_exact_match
HIFI032473D#1	HLA-DRB1	1	HLA-DRB1*09:01	HLA-DRB1*09:01		known_exact_cds
HIFI032473D#2	HLA-DRB1	0		HLA-DRB1*15:204		known_exact_protein
HIFI032487D#1	HLA-DRB1	1	HLA-DRB1*03:01	HLA-DRB1*03:01		known_exact_cds
HIFI032487D#2	HLA-DRB1	1	HLA-DRB1*08:03	HLA-DRB1*08:03		known_exact_cds
HIFI032501D#1	HLA-DRB1	1	HLA-DRB1*04:05	HLA-DRB1*04:05		known_exact_cds
HIFI032501D#2	HLA-DRB1	1	HLA-DRB1*14:03	HLA-DRB1*14:03		known_exact_cds
HIFI032510D#1	HLA-DRB1	1	HLA-DRB1*15:01	HLA-DRB1*15:01		known_exact_genomic
HIFI032510D#2	HLA-DRB1	1	HLA-DRB1*12:02	HLA-DRB1*12:02		known_exact_cds
HIFI032513D#1	HLA-DRB1	1	HLA-DRB1*04:05	HLA-DRB1*04:05		known_exact_cds
HIFI032513D#2	HLA-DRB1	1	HLA-DRB1*15:02	HLA-DRB1*15:02		known_exact_cds
HIFI032529D#1	HLA-DRB1	1	HLA-DRB1*15:02	HLA-DRB1*15:02		known_exact_cds
HIFI032529D#2	HLA-DRB1	1	HLA-DRB1*15:04	HLA-DRB1*15:04		known_exact_cds
HIFI032566D#1	HLA-DRB1	1	HLA-DRB1*03:01	HLA-DRB1*03:01		known_exact_genomic
HIFI032566D#2	HLA-DRB1	1	HLA-DRB1*12:01	HLA-DRB1*12:01		known_exact_cds
HIFI032567D#1	HLA-DRB1	0				unresolved_no_exact_match
HIFI032567D#2	HLA-DRB1	1	HLA-DRB1*07:01	HLA-DRB1*07:01		known_exact_genomic
HIFI032585D#1	HLA-DRB1	1	HLA-DRB1*12:01	HLA-DRB1*12:01		known_exact_cds
HIFI032585D#2	HLA-DRB1	1	HLA-DRB1*15:01	HLA-DRB1*15:01		known_exact_genomic
HIFI032586D#1	HLA-DRB1	1	HLA-DRB1*04:05	HLA-DRB1*04:05		known_exact_cds
HIFI032586D#2	HLA-DRB1	1	HLA-DRB1*08:03	HLA-DRB1*08:03		known_exact_genomic
HIFI032591D#1	HLA-DRB1	1	HLA-DRB1*09:01	HLA-DRB1*09:01		known_exact_cds
HIFI032591D#2	HLA-DRB1	1	HLA-DRB1*08:03	HLA-DRB1*08:03		known_exact_cds
HIFI032604D#1	HLA-DRB1	1	HLA-DRB1*09:01	HLA-DRB1*09:01		known_exact_cds
HIFI032604D#2	HLA-DRB1	0				unresolved_no_exact_match
HIFI032607D#1	HLA-DRB1	1	HLA-DRB1*09:01	HLA-DRB1*09:01		known_exact_cds
HIFI032607D#2	HLA-DRB1	0				unresolved_no_exact_match
HIFI032662D#1	HLA-DRB1	1	HLA-DRB1*11:01	HLA-DRB1*11:01		known_exact_cds
HIFI032662D#2	HLA-DRB1	1	HLA-DRB1*08:02	HLA-DRB1*08:02		known_exact_cds
HIFI032668D#1	HLA-DRB1	1	HLA-DRB1*09:01	HLA-DRB1*09:01		known_exact_cds
HIFI032668D#2	HLA-DRB1	1	HLA-DRB1*15:01	HLA-DRB1*15:01		known_exact_genomic
HIFI032682D#1	HLA-DRB1	1	HLA-DRB1*12:02	HLA-DRB1*12:02		known_exact_cds
HIFI032682D#2	HLA-DRB1	1	HLA-DRB1*13:02	HLA-DRB1*13:02		known_exact_genomic
HIFI032685D#1	HLA-DRB1	1	HLA-DRB1*13:12	HLA-DRB1*13:12		known_exact_cds
HIFI032685D#2	HLA-DRB1	1	HLA-DRB1*08:02	HLA-DRB1*08:02		known_exact_cds
HIFI032692D#1	HLA-DRB1	0				unresolved_no_exact_match
HIFI032692D#2	HLA-DRB1	1	HLA-DRB1*07:01	HLA-DRB1*07:01		known_exact_cds
HIFI032693D#1	HLA-DRB1	1	HLA-DRB1*11:01	HLA-DRB1*11:01		known_exact_cds
HIFI032693D#2	HLA-DRB1	1	HLA-DRB1*12:02	HLA-DRB1*12:02		known_exact_cds
HIFI032698D#1	HLA-DRB1	1	HLA-DRB1*14:03	HLA-DRB1*14:03		known_exact_cds
HIFI032698D#2	HLA-DRB1	1	HLA-DRB1*14:54	HLA-DRB1*14:54		known_exact_cds
HIFI032706D#1	HLA-DRB1	1	HLA-DRB1*08:02	HLA-DRB1*08:02		known_exact_genomic
HIFI032706D#2	HLA-DRB1	1	HLA-DRB1*08:04	HLA-DRB1*08:04		known_exact_cds
HIFI032711D#1	HLA-DRB1	1	HLA-DRB1*14:04	HLA-DRB1*14:04		known_exact_cds
HIFI032711D#2	HLA-DRB1	1	HLA-DRB1*12:02	HLA-DRB1*12:02		known_exact_cds
HIFI032731D#1	HLA-DRB1	1	HLA-DRB1*15:04	HLA-DRB1*15:04		known_exact_cds
HIFI032731D#2	HLA-DRB1	1	HLA-DRB1*12:02	HLA-DRB1*12:02		known_exact_cds
RY01#1	HLA-DRB1	0				unresolved_no_exact_match
RY01#2	HLA-DRB1	1	HLA-DRB1*09:01	HLA-DRB1*09:01		known_exact_cds
RY02#1	HLA-DRB1	1	HLA-DRB1*01:01	HLA-DRB1*01:01		known_exact_cds
RY02#2	HLA-DRB1	1	HLA-DRB1*15:02	HLA-DRB1*15:02		known_exact_cds
RY03#1	HLA-DRB1	1	HLA-DRB1*07:01	HLA-DRB1*07:01		known_exact_genomic
RY03#2	HLA-DRB1	1	HLA-DRB1*14:54	HLA-DRB1*14:54		known_exact_cds
RY04#1	HLA-DRB1	1	HLA-DRB1*11:01	HLA-DRB1*11:01		known_exact_cds
RY04#2	HLA-DRB1	1	HLA-DRB1*13:12	HLA-DRB1*13:12		known_exact_cds
RY05#1	HLA-DRB1	1	HLA-DRB1*11:01	HLA-DRB1*11:01		known_exact_cds
RY05#2	HLA-DRB1	1	HLA-DRB1*01:01	HLA-DRB1*01:01		known_exact_cds
RY06#1	HLA-DRB1	0				unresolved_no_exact_match
RY06#2	HLA-DRB1	1	HLA-DRB1*15:01	HLA-DRB1*15:01		known_exact_cds
RY07#1	HLA-DRB1	0				unresolved_no_exact_match
RY07#2	HLA-DRB1	1	HLA-DRB1*07:01	HLA-DRB1*07:01		known_exact_genomic
RY08#1	HLA-DRB1	1	HLA-DRB1*16:02	HLA-DRB1*16:02		known_exact_genomic
RY08#2	HLA-DRB1	1	HLA-DRB1*09:01	HLA-DRB1*09:01		known_exact_cds
RY09#1	HLA-DRB1	1	HLA-DRB1*07:01	HLA-DRB1*07:01		known_exact_cds
RY09#2	HLA-DRB1	1	HLA-DRB1*07:01	HLA-DRB1*07:01		known_exact_cds
RY10#1	HLA-DRB1	1	HLA-DRB1*15:02	HLA-DRB1*15:02		known_exact_genomic
RY10#2	HLA-DRB1	1	HLA-DRB1*09:01	HLA-DRB1*09:01		known_exact_cds
RY11#1	HLA-DRB1	1	HLA-DRB1*04:05	HLA-DRB1*04:05		known_exact_cds
RY11#2	HLA-DRB1	1	HLA-DRB1*04:05	HLA-DRB1*04:05		known_exact_cds
HG00408#1	HLA-DRB1	1	HLA-DRB1*14:54	HLA-DRB1*14:54		known_exact_cds
HG00408#2	HLA-DRB1	1	HLA-DRB1*15:01	HLA-DRB1*15:01		known_exact_genomic
HG00423#1	HLA-DRB1	1	HLA-DRB1*09:01	HLA-DRB1*09:01		known_exact_cds
HG00423#2	HLA-DRB1	1	HLA-DRB1*08:03	HLA-DRB1*08:03		known_exact_genomic
HG00438#1	HLA-DRB1	1	HLA-DRB1*14:05	HLA-DRB1*14:05		known_exact_cds
HG00438#2	HLA-DRB1	1	HLA-DRB1*04:05	HLA-DRB1*04:05		known_exact_cds
HG005#1	HLA-DRB1	1	HLA-DRB1*04:05	HLA-DRB1*04:05		known_exact_cds
HG005#2	HLA-DRB1	1	HLA-DRB1*09:01	HLA-DRB1*09:01		known_exact_cds
HG00544#1	HLA-DRB1	1	HLA-DRB1*09:01	HLA-DRB1*09:01		known_exact_cds
HG00544#2	HLA-DRB1	1	HLA-DRB1*09:01	HLA-DRB1*09:01		known_exact_cds
HG00558#1	HLA-DRB1	1	HLA-DRB1*09:01	HLA-DRB1*09:01		known_exact_cds
HG00558#2	HLA-DRB1	1	HLA-DRB1*10:01	HLA-DRB1*10:01		known_exact_genomic
HG00597#1	HLA-DRB1	1	HLA-DRB1*12:02	HLA-DRB1*12:02		known_exact_cds
HG00597#2	HLA-DRB1	1	HLA-DRB1*11:01	HLA-DRB1*11:01		known_exact_genomic
HG00609#1	HLA-DRB1	1	HLA-DRB1*15:01	HLA-DRB1*15:01		known_exact_genomic
HG00609#2	HLA-DRB1	1	HLA-DRB1*09:01	HLA-DRB1*09:01		known_exact_cds
HG00621#1	HLA-DRB1	1	HLA-DRB1*09:01	HLA-DRB1*09:01		known_exact_cds
HG00621#2	HLA-DRB1	1	HLA-DRB1*11:01	HLA-DRB1*11:01		known_exact_genomic
HG00658#1	HLA-DRB1	1	HLA-DRB1*08:03	HLA-DRB1*08:03		known_exact_genomic
HG00658#2	HLA-DRB1	1	HLA-DRB1*14:04	HLA-DRB1*14:04		known_exact_cds
HG00673#1	HLA-DRB1	1	HLA-DRB1*11:01	HLA-DRB1*11:01		known_exact_cds
HG00673#2	HLA-DRB1	1	HLA-DRB1*08:03	HLA-DRB1*08:03		known_exact_genomic
HG00706#1	HLA-DRB1	1	HLA-DRB1*15:01	HLA-DRB1*15:01		known_exact_cds
HG00706#2	HLA-DRB1	1	HLA-DRB1*15:01	HLA-DRB1*15:01		known_exact_cds
HG02015#1	HLA-DRB1	1	HLA-DRB1*16:02	HLA-DRB1*16:02		known_exact_genomic
HG02015#2	HLA-DRB1	1	HLA-DRB1*04:05	HLA-DRB1*04:05		known_exact_cds
HG02027#1	HLA-DRB1	1	HLA-DRB1*12:02	HLA-DRB1*12:02		known_exact_cds
HG02027#2	HLA-DRB1	1	HLA-DRB1*12:02	HLA-DRB1*12:02		known_exact_cds
HG02040#1	HLA-DRB1	1	HLA-DRB1*10:01	HLA-DRB1*10:01		known_exact_genomic
HG02040#2	HLA-DRB1	1	HLA-DRB1*09:01	HLA-DRB1*09:01		known_exact_cds
HG02056#1	HLA-DRB1	1	HLA-DRB1*13:12	HLA-DRB1*13:12		known_exact_cds
HG02056#2	HLA-DRB1	1	HLA-DRB1*13:12	HLA-DRB1*13:12		known_exact_cds
HG02071#1	HLA-DRB1	1	HLA-DRB1*12:02	HLA-DRB1*12:02		known_exact_cds
HG02071#2	HLA-DRB1	1	HLA-DRB1*12:02	HLA-DRB1*12:02		known_exact_cds
HG02074#1	HLA-DRB1	1	HLA-DRB1*14:54	HLA-DRB1*14:54		known_exact_genomic
HG02074#2	HLA-DRB1	1	HLA-DRB1*09:01	HLA-DRB1*09:01		known_exact_cds
HG02080#1	HLA-DRB1	1	HLA-DRB1*03:01	HLA-DRB1*03:01		known_exact_genomic
HG02080#2	HLA-DRB1	1	HLA-DRB1*07:01	HLA-DRB1*07:01		known_exact_cds
HG02083#1	HLA-DRB1	1	HLA-DRB1*12:02	HLA-DRB1*12:02		known_exact_cds
HG02083#2	HLA-DRB1	1	HLA-DRB1*09:01	HLA-DRB1*09:01		known_exact_cds
HG02129#1	HLA-DRB1	1	HLA-DRB1*13:02	HLA-DRB1*13:02		known_exact_genomic
HG02129#2	HLA-DRB1	1	HLA-DRB1*15:02	HLA-DRB1*15:02		known_exact_cds
HG02132#1	HLA-DRB1	1	HLA-DRB1*09:01	HLA-DRB1*09:01		known_exact_cds
HG02132#2	HLA-DRB1	1	HLA-DRB1*04:05	HLA-DRB1*04:05		known_exact_cds
HG02135#1	HLA-DRB1	1	HLA-DRB1*15:02	HLA-DRB1*15:02		known_exact_cds
HG02135#2	HLA-DRB1	1	HLA-DRB1*09:01	HLA-DRB1*09:01		known_exact_genomic
HG02155#1	HLA-DRB1	1	HLA-DRB1*15:01	HLA-DRB1*15:01		known_exact_cds
HG02155#2	HLA-DRB1	1	HLA-DRB1*15:01	HLA-DRB1*15:01		known_exact_cds
HG02165#1	HLA-DRB1	1	HLA-DRB1*14:54	HLA-DRB1*14:54		known_exact_genomic
HG02165#2	HLA-DRB1	1	HLA-DRB1*14:54	HLA-DRB1*14:54		known_exact_genomic
HG02178#1	HLA-DRB1	1	HLA-DRB1*09:01	HLA-DRB1*09:01		known_exact_cds
HG02178#2	HLA-DRB1	1	HLA-DRB1*15:02	HLA-DRB1*15:02		known_exact_cds
HG02391#1	HLA-DRB1	1	HLA-DRB1*16:02	HLA-DRB1*16:02		known_exact_genomic
HG02391#2	HLA-DRB1	1	HLA-DRB1*15:01	HLA-DRB1*15:01		known_exact_genomic
HG02392#1	HLA-DRB1	1	HLA-DRB1*15:02	HLA-DRB1*15:02		known_exact_cds
HG02392#2	HLA-DRB1	1	HLA-DRB1*15:01	HLA-DRB1*15:01		known_exact_genomic
HG02514#1	HLA-DRB1	1	HLA-DRB1*07:01	HLA-DRB1*07:01		known_exact_cds
HG02514#2	HLA-DRB1	1	HLA-DRB1*12:02	HLA-DRB1*12:02		known_exact_cds
HG02523#1	HLA-DRB1	1	HLA-DRB1*10:01	HLA-DRB1*10:01		known_exact_genomic
HG02523#2	HLA-DRB1	1	HLA-DRB1*09:01	HLA-DRB1*09:01		known_exact_cds
NA18565#1	HLA-DRB1	1	HLA-DRB1*09:01	HLA-DRB1*09:01		known_exact_cds
NA18565#2	HLA-DRB1	1	HLA-DRB1*12:02	HLA-DRB1*12:02		known_exact_cds
NA18570#1	HLA-DRB1	1	HLA-DRB1*11:01	HLA-DRB1*11:01		known_exact_cds
NA18570#2	HLA-DRB1	1	HLA-DRB1*04:04	HLA-DRB1*04:04		known_exact_cds
NA18608#1	HLA-DRB1	1	HLA-DRB1*14:05	HLA-DRB1*14:05		known_exact_cds
NA18608#2	HLA-DRB1	1	HLA-DRB1*14:07	HLA-DRB1*14:07		known_exact_cds
NA18620#1	HLA-DRB1	1	HLA-DRB1*12:02	HLA-DRB1*12:02		known_exact_cds
NA18620#2	HLA-DRB1	1	HLA-DRB1*12:01	HLA-DRB1*12:01		known_exact_cds
NA18747#1	HLA-DRB1	1	HLA-DRB1*14:05	HLA-DRB1*14:05		known_exact_cds
NA18747#2	HLA-DRB1	1	HLA-DRB1*15:01	HLA-DRB1*15:01		known_exact_genomic
NA18940#1	HLA-DRB1	1	HLA-DRB1*15:02	HLA-DRB1*15:02		known_exact_cds
NA18940#2	HLA-DRB1	1	HLA-DRB1*08:02	HLA-DRB1*08:02		known_exact_cds
NA18943#1	HLA-DRB1	1	HLA-DRB1*08:03	HLA-DRB1*08:03		known_exact_genomic
NA18943#2	HLA-DRB1	1	HLA-DRB1*08:02	HLA-DRB1*08:02		known_exact_genomic
NA18944#1	HLA-DRB1	1	HLA-DRB1*12:01	HLA-DRB1*12:01		known_exact_genomic
NA18944#2	HLA-DRB1	1	HLA-DRB1*08:02	HLA-DRB1*08:02		known_exact_cds
NA18945#1	HLA-DRB1	1	HLA-DRB1*13:02	HLA-DRB1*13:02		known_exact_cds
NA18945#2	HLA-DRB1	1	HLA-DRB1*09:01	HLA-DRB1*09:01		known_exact_cds
NA18948#1	HLA-DRB1	1	HLA-DRB1*07:01	HLA-DRB1*07:01		known_exact_genomic
NA18948#2	HLA-DRB1	1	HLA-DRB1*01:01	HLA-DRB1*01:01		known_exact_cds
NA18952#1	HLA-DRB1	1	HLA-DRB1*14:54	HLA-DRB1*14:54		known_exact_cds
NA18952#2	HLA-DRB1	1	HLA-DRB1*09:01	HLA-DRB1*09:01		known_exact_cds
NA18959#1	HLA-DRB1	1	HLA-DRB1*15:02	HLA-DRB1*15:02		known_exact_cds
NA18959#2	HLA-DRB1	1	HLA-DRB1*15:01	HLA-DRB1*15:01		known_exact_genomic
NA18960#1	HLA-DRB1	1	HLA-DRB1*09:01	HLA-DRB1*09:01		known_exact_cds
NA18960#2	HLA-DRB1	1	HLA-DRB1*04:05	HLA-DRB1*04:05		known_exact_cds
NA18967#1	HLA-DRB1	1	HLA-DRB1*14:05	HLA-DRB1*14:05		known_exact_cds
NA18967#2	HLA-DRB1	1	HLA-DRB1*09:01	HLA-DRB1*09:01		known_exact_cds
NA18970#1	HLA-DRB1	1	HLA-DRB1*14:05	HLA-DRB1*14:05		known_exact_cds
NA18970#2	HLA-DRB1	1	HLA-DRB1*04:01	HLA-DRB1*04:01		known_exact_cds
NA18971#1	HLA-DRB1	1	HLA-DRB1*09:01	HLA-DRB1*09:01		known_exact_cds
NA18971#2	HLA-DRB1	1	HLA-DRB1*14:54	HLA-DRB1*14:54		known_exact_cds
NA18974#1	HLA-DRB1	1	HLA-DRB1*09:01	HLA-DRB1*09:01		known_exact_cds
NA18974#2	HLA-DRB1	1	HLA-DRB1*15:01	HLA-DRB1*15:01		known_exact_genomic
NA18976#1	HLA-DRB1	1	HLA-DRB1*13:02	HLA-DRB1*13:02		known_exact_cds
NA18976#2	HLA-DRB1	1	HLA-DRB1*13:02	HLA-DRB1*13:02		known_exact_cds
NA18982#1	HLA-DRB1	1	HLA-DRB1*15:02	HLA-DRB1*15:02		known_exact_cds
NA18982#2	HLA-DRB1	1	HLA-DRB1*15:01	HLA-DRB1*15:01		known_exact_genomic
NA18983#1	HLA-DRB1	1	HLA-DRB1*11:01	HLA-DRB1*11:01		known_exact_cds
NA18983#2	HLA-DRB1	1	HLA-DRB1*04:06	HLA-DRB1*04:06		known_exact_cds
NA19087#1	HLA-DRB1	1	HLA-DRB1*04:10	HLA-DRB1*04:10		known_exact_cds
NA19087#2	HLA-DRB1	1	HLA-DRB1*13:02	HLA-DRB1*13:02		known_exact_cds
hg002#1	HLA-DRB1	1	HLA-DRB1*04:02	HLA-DRB1*04:02		known_exact_cds
hg002#2	HLA-DRB1	1	HLA-DRB1*10:01	HLA-DRB1*10:01		known_exact_genomic
HG00097#1	HLA-DRB1	1	HLA-DRB1*15:01	HLA-DRB1*15:01		known_exact_genomic
HG00097#2	HLA-DRB1	1	HLA-DRB1*13:03	HLA-DRB1*13:03		known_exact_cds
HG00099#1	HLA-DRB1	1	HLA-DRB1*11:01	HLA-DRB1*11:01		known_exact_genomic
HG00099#2	HLA-DRB1	1	HLA-DRB1*03:01	HLA-DRB1*03:01		known_exact_genomic
HG00126#1	HLA-DRB1	1	HLA-DRB1*14:54	HLA-DRB1*14:54		known_exact_cds
HG00126#2	HLA-DRB1	1	HLA-DRB1*07:01	HLA-DRB1*07:01		known_exact_genomic
HG00128#1	HLA-DRB1	1	HLA-DRB1*01:01	HLA-DRB1*01:01		known_exact_cds
HG00128#2	HLA-DRB1	1	HLA-DRB1*12:01	HLA-DRB1*12:01		known_exact_cds
HG00133#1	HLA-DRB1	1	HLA-DRB1*13:02	HLA-DRB1*13:02		known_exact_cds
HG00133#2	HLA-DRB1	1	HLA-DRB1*04:04	HLA-DRB1*04:04		known_exact_genomic
HG00140#1	HLA-DRB1	1	HLA-DRB1*01:01	HLA-DRB1*01:01		known_exact_cds
HG00140#2	HLA-DRB1	1	HLA-DRB1*03:01	HLA-DRB1*03:01		known_exact_genomic
HG00146#1	HLA-DRB1	1	HLA-DRB1*03:01	HLA-DRB1*03:01		known_exact_genomic
HG00146#2	HLA-DRB1	1	HLA-DRB1*01:01	HLA-DRB1*01:01		known_exact_cds
HG00232#1	HLA-DRB1	1	HLA-DRB1*15:01	HLA-DRB1*15:01		known_exact_cds
HG00232#2	HLA-DRB1	1	HLA-DRB1*14:54	HLA-DRB1*14:54		known_exact_cds
HG00235#1	HLA-DRB1	1	HLA-DRB1*04:04	HLA-DRB1*04:04		known_exact_cds
HG00235#2	HLA-DRB1	1	HLA-DRB1*09:01	HLA-DRB1*09:01		known_exact_cds
HG00253#1	HLA-DRB1	1	HLA-DRB1*13:03	HLA-DRB1*13:03		known_exact_cds
HG00253#2	HLA-DRB1	1	HLA-DRB1*15:01	HLA-DRB1*15:01		known_exact_cds
HG00272#1	HLA-DRB1	1	HLA-DRB1*13:01	HLA-DRB1*13:01		known_exact_cds
HG00272#2	HLA-DRB1	1	HLA-DRB1*03:01	HLA-DRB1*03:01		known_exact_genomic
HG00280#1	HLA-DRB1	1	HLA-DRB1*12:01	HLA-DRB1*12:01		known_exact_cds
HG00280#2	HLA-DRB1	1	HLA-DRB1*03:01	HLA-DRB1*03:01		known_exact_genomic
HG00290#1	HLA-DRB1	1	HLA-DRB1*01:01	HLA-DRB1*01:01		known_exact_cds
HG00290#2	HLA-DRB1	1	HLA-DRB1*01:01	HLA-DRB1*01:01		known_exact_cds
HG00320#1	HLA-DRB1	1	HLA-DRB1*08:01	HLA-DRB1*08:01		known_exact_cds
HG00320#2	HLA-DRB1	1	HLA-DRB1*08:01	HLA-DRB1*08:01		known_exact_cds
HG00321#1	HLA-DRB1	1	HLA-DRB1*15:01	HLA-DRB1*15:01		known_exact_genomic
HG00321#2	HLA-DRB1	1	HLA-DRB1*08:01	HLA-DRB1*08:01		known_exact_cds
HG00323#1	HLA-DRB1	1	HLA-DRB1*13:02	HLA-DRB1*13:02		known_exact_cds
HG00323#2	HLA-DRB1	1	HLA-DRB1*15:01	HLA-DRB1*15:01		known_exact_genomic
HG00329#1	HLA-DRB1	1	HLA-DRB1*13:01	HLA-DRB1*13:01		known_exact_genomic
HG00329#2	HLA-DRB1	1	HLA-DRB1*01:01	HLA-DRB1*01:01		known_exact_cds
HG00344#1	HLA-DRB1	1	HLA-DRB1*15:01	HLA-DRB1*15:01		known_exact_cds
HG00344#2	HLA-DRB1	1	HLA-DRB1*15:01	HLA-DRB1*15:01		known_exact_genomic
HG00350#1	HLA-DRB1	1	HLA-DRB1*01:01	HLA-DRB1*01:01		known_exact_cds
HG00350#2	HLA-DRB1	1	HLA-DRB1*04:01	HLA-DRB1*04:01		known_exact_cds
HG00639#1	HLA-DRB1	1	HLA-DRB1*04:03	HLA-DRB1*04:03		known_exact_cds
HG00639#2	HLA-DRB1	1	HLA-DRB1*04:03	HLA-DRB1*04:03		known_exact_cds
HG00642#1	HLA-DRB1	1	HLA-DRB1*03:01	HLA-DRB1*03:01		known_exact_cds
HG00642#2	HLA-DRB1	1	HLA-DRB1*11:01	HLA-DRB1*11:01		known_exact_cds
HG00733#1	HLA-DRB1	1	HLA-DRB1*11:04	HLA-DRB1*11:04		known_exact_genomic
HG00733#2	HLA-DRB1	1	HLA-DRB1*03:01	HLA-DRB1*03:01		known_exact_cds
HG00735#1	HLA-DRB1	1	HLA-DRB1*01:01	HLA-DRB1*01:01		known_exact_cds
HG00735#2	HLA-DRB1	1	HLA-DRB1*04:11	HLA-DRB1*04:11		known_exact_cds
HG00738#1	HLA-DRB1	1	HLA-DRB1*03:01	HLA-DRB1*03:01		known_exact_genomic
HG00738#2	HLA-DRB1	1	HLA-DRB1*13:01	HLA-DRB1*13:01		known_exact_cds
HG00741#1	HLA-DRB1	1	HLA-DRB1*11:01	HLA-DRB1*11:01		known_exact_cds
HG00741#2	HLA-DRB1	1	HLA-DRB1*03:02	HLA-DRB1*03:02		known_exact_cds
HG01071#1	HLA-DRB1	1	HLA-DRB1*07:01	HLA-DRB1*07:01		known_exact_genomic
HG01071#2	HLA-DRB1	1	HLA-DRB1*03:01	HLA-DRB1*03:01		known_exact_genomic
HG01074#1	HLA-DRB1	1	HLA-DRB1*15:01	HLA-DRB1*15:01		known_exact_cds
HG01074#2	HLA-DRB1	1	HLA-DRB1*07:01	HLA-DRB1*07:01		known_exact_genomic
HG01081#1	HLA-DRB1	1	HLA-DRB1*11:01	HLA-DRB1*11:01		known_exact_cds
HG01081#2	HLA-DRB1	1	HLA-DRB1*11:01	HLA-DRB1*11:01		known_exact_cds
HG01099#1	HLA-DRB1	1	HLA-DRB1*07:01	HLA-DRB1*07:01		known_exact_genomic
HG01099#2	HLA-DRB1	1	HLA-DRB1*07:01	HLA-DRB1*07:01		known_exact_genomic
HG01106#1	HLA-DRB1	1	HLA-DRB1*03:01	HLA-DRB1*03:01		known_exact_cds
HG01106#2	HLA-DRB1	1	HLA-DRB1*11:02	HLA-DRB1*11:02		known_exact_cds
HG01109#1	HLA-DRB1	1	HLA-DRB1*08:02	HLA-DRB1*08:02		known_exact_genomic
HG01109#2	HLA-DRB1	1	HLA-DRB1*01:02	HLA-DRB1*01:02		known_exact_genomic
HG01123#1	HLA-DRB1	1	HLA-DRB1*07:01	HLA-DRB1*07:01		known_exact_genomic
HG01123#2	HLA-DRB1	1	HLA-DRB1*13:01	HLA-DRB1*13:01		known_exact_cds
HG01150#1	HLA-DRB1	1	HLA-DRB1*15:01	HLA-DRB1*15:01		known_exact_genomic
HG01150#2	HLA-DRB1	1	HLA-DRB1*14:02	HLA-DRB1*14:02		known_exact_cds
HG01167#1	HLA-DRB1	1	HLA-DRB1*04:11	HLA-DRB1*04:11		known_exact_cds
HG01167#2	HLA-DRB1	1	HLA-DRB1*15:01	HLA-DRB1*15:01		known_exact_genomic
HG01175#1	HLA-DRB1	1	HLA-DRB1*15:01	HLA-DRB1*15:01		known_exact_cds
HG01175#2	HLA-DRB1	1	HLA-DRB1*01:01	HLA-DRB1*01:01		known_exact_cds
HG01192#1	HLA-DRB1	1	HLA-DRB1*08:01	HLA-DRB1*08:01		known_exact_cds
HG01192#2	HLA-DRB1	1	HLA-DRB1*03:01	HLA-DRB1*03:01		known_exact_cds
HG01243#1	HLA-DRB1	1	HLA-DRB1*13:02	HLA-DRB1*13:02		known_exact_genomic
HG01243#2	HLA-DRB1	1	HLA-DRB1*13:01	HLA-DRB1*13:01		known_exact_cds
HG01252#1	HLA-DRB1	1	HLA-DRB1*04:04	HLA-DRB1*04:04		known_exact_cds
HG01252#2	HLA-DRB1	0		HLA-DRB1*04:92		unresolved_no_exact_match
HG01255#1	HLA-DRB1	1	HLA-DRB1*13:01	HLA-DRB1*13:01		known_exact_cds
HG01255#2	HLA-DRB1	1	HLA-DRB1*15:03	HLA-DRB1*15:03		known_exact_cds
HG01258#1	HLA-DRB1	1	HLA-DRB1*13:01	HLA-DRB1*13:01		known_exact_cds
HG01258#2	HLA-DRB1	1	HLA-DRB1*10:01	HLA-DRB1*10:01		known_exact_genomic
HG01261#1	HLA-DRB1	1	HLA-DRB1*09:01	HLA-DRB1*09:01		known_exact_genomic
HG01261#2	HLA-DRB1	1	HLA-DRB1*08:02	HLA-DRB1*08:02		known_exact_genomic
HG01346#1	HLA-DRB1	1	HLA-DRB1*14:02	HLA-DRB1*14:02		known_exact_cds
HG01346#2	HLA-DRB1	1	HLA-DRB1*13:02	HLA-DRB1*13:02		known_exact_cds
HG01358#1	HLA-DRB1	0		HLA-DRB1*04:92		unresolved_no_exact_match
HG01358#2	HLA-DRB1	1	HLA-DRB1*13:02	HLA-DRB1*13:02		known_exact_cds
HG01361#1	HLA-DRB1	1	HLA-DRB1*11:02	HLA-DRB1*11:02		known_exact_cds
HG01361#2	HLA-DRB1	1	HLA-DRB1*07:01	HLA-DRB1*07:01		known_exact_genomic
HG01433#1	HLA-DRB1	1	HLA-DRB1*04:03	HLA-DRB1*04:03		known_exact_cds
HG01433#2	HLA-DRB1	1	HLA-DRB1*07:01	HLA-DRB1*07:01		known_exact_genomic
HG01496#1	HLA-DRB1	1	HLA-DRB1*01:03	HLA-DRB1*01:03		known_exact_genomic
HG01496#2	HLA-DRB1	1	HLA-DRB1*04:03	HLA-DRB1*04:03		known_exact_cds
HG01530#1	HLA-DRB1	1	HLA-DRB1*01:03	HLA-DRB1*01:03		known_exact_genomic
HG01530#2	HLA-DRB1	1	HLA-DRB1*07:01	HLA-DRB1*07:01		known_exact_genomic
HG01784#1	HLA-DRB1	1	HLA-DRB1*04:05	HLA-DRB1*04:05		known_exact_cds
HG01784#2	HLA-DRB1	1	HLA-DRB1*04:01	HLA-DRB1*04:01		known_exact_cds
HG01786#1	HLA-DRB1	1	HLA-DRB1*11:01	HLA-DRB1*11:01		known_exact_cds
HG01786#2	HLA-DRB1	1	HLA-DRB1*13:02	HLA-DRB1*13:02		known_exact_cds
HG01884#1	HLA-DRB1	1	HLA-DRB1*13:04	HLA-DRB1*13:04		known_exact_genomic
HG01884#2	HLA-DRB1	1	HLA-DRB1*13:01	HLA-DRB1*13:01		known_exact_cds
HG01891#1	HLA-DRB1	1	HLA-DRB1*15:03	HLA-DRB1*15:03		known_exact_cds
HG01891#2	HLA-DRB1	1	HLA-DRB1*01:02	HLA-DRB1*01:02		known_exact_genomic
HG01928#1	HLA-DRB1	1	HLA-DRB1*04:04	HLA-DRB1*04:04		known_exact_cds
HG01928#2	HLA-DRB1	1	HLA-DRB1*09:01	HLA-DRB1*09:01		known_exact_cds
HG01934#1	HLA-DRB1	1	HLA-DRB1*15:01	HLA-DRB1*15:01		known_exact_genomic
HG01934#2	HLA-DRB1	1	HLA-DRB1*04:04	HLA-DRB1*04:04		known_exact_cds
HG01940#1	HLA-DRB1	1	HLA-DRB1*14:02	HLA-DRB1*14:02		known_exact_cds
HG01940#2	HLA-DRB1	1	HLA-DRB1*14:02	HLA-DRB1*14:02		known_exact_cds
HG01943#1	HLA-DRB1	0		HLA-DRB1*04:92		unresolved_no_exact_match
HG01943#2	HLA-DRB1	0		HLA-DRB1*09:06		unresolved_no_exact_match
HG01952#1	HLA-DRB1	1	HLA-DRB1*14:02	HLA-DRB1*14:02		known_exact_cds
HG01952#2	HLA-DRB1	1	HLA-DRB1*04:10	HLA-DRB1*04:10		known_exact_cds
HG01960#1	HLA-DRB1	1	HLA-DRB1*07:01	HLA-DRB1*07:01		known_exact_cds
HG01960#2	HLA-DRB1	1	HLA-DRB1*13:01	HLA-DRB1*13:01		known_exact_cds
HG01969#1	HLA-DRB1	1	HLA-DRB1*07:01	HLA-DRB1*07:01		known_exact_cds
HG01969#2	HLA-DRB1	1	HLA-DRB1*01:03	HLA-DRB1*01:03		known_exact_genomic
HG01975#1	HLA-DRB1	1	HLA-DRB1*04:07	HLA-DRB1*04:07		known_exact_cds
HG01975#2	HLA-DRB1	1	HLA-DRB1*09:01	HLA-DRB1*09:01		known_exact_cds
HG01978#1	HLA-DRB1	1	HLA-DRB1*16:02	HLA-DRB1*16:02		known_exact_cds
HG01978#2	HLA-DRB1	1	HLA-DRB1*09:01	HLA-DRB1*09:01		known_exact_cds
HG01981#1	HLA-DRB1	1	HLA-DRB1*04:04	HLA-DRB1*04:04		known_exact_cds
HG01981#2	HLA-DRB1	1	HLA-DRB1*04:04	HLA-DRB1*04:04		known_exact_cds
HG01993#1	HLA-DRB1	1	HLA-DRB1*16:02	HLA-DRB1*16:02		known_exact_cds
HG01993#2	HLA-DRB1	1	HLA-DRB1*01:03	HLA-DRB1*01:03		known_exact_genomic
HG02004#1	HLA-DRB1	1	HLA-DRB1*09:01	HLA-DRB1*09:01		known_exact_cds
HG02004#2	HLA-DRB1	1	HLA-DRB1*09:01	HLA-DRB1*09:01		known_exact_cds
HG02055#1	HLA-DRB1	1	HLA-DRB1*08:04	HLA-DRB1*08:04		known_exact_cds
HG02055#2	HLA-DRB1	1	HLA-DRB1*11:02	HLA-DRB1*11:02		known_exact_cds
HG02109#1	HLA-DRB1	1	HLA-DRB1*03:02	HLA-DRB1*03:02		known_exact_cds
HG02109#2	HLA-DRB1	1	HLA-DRB1*08:06	HLA-DRB1*08:06		known_exact_cds
HG02145#1	HLA-DRB1	1	HLA-DRB1*15:03	HLA-DRB1*15:03		known_exact_genomic
HG02145#2	HLA-DRB1	1	HLA-DRB1*13:01	HLA-DRB1*13:01		known_exact_cds
HG02148#1	HLA-DRB1	1	HLA-DRB1*14:02	HLA-DRB1*14:02		known_exact_cds
HG02148#2	HLA-DRB1	1	HLA-DRB1*03:01	HLA-DRB1*03:01		known_exact_cds
HG02257#1	HLA-DRB1	1	HLA-DRB1*13:05	HLA-DRB1*13:05		known_exact_cds
HG02257#2	HLA-DRB1	1	HLA-DRB1*01:01	HLA-DRB1*01:01		known_exact_cds
HG02258#1	HLA-DRB1	1	HLA-DRB1*15:03	HLA-DRB1*15:03		known_exact_cds
HG02258#2	HLA-DRB1	1	HLA-DRB1*15:03	HLA-DRB1*15:03		known_exact_cds
HG02273#1	HLA-DRB1	1	HLA-DRB1*04:03	HLA-DRB1*04:03		known_exact_cds
HG02273#2	HLA-DRB1	1	HLA-DRB1*14:02	HLA-DRB1*14:02		known_exact_cds
HG02280#1	HLA-DRB1	1	HLA-DRB1*13:03	HLA-DRB1*13:03		known_exact_cds
HG02280#2	HLA-DRB1	1	HLA-DRB1*01:02	HLA-DRB1*01:02		known_exact_genomic
HG02293#1	HLA-DRB1	1	HLA-DRB1*09:01	HLA-DRB1*09:01		known_exact_cds
HG02293#2	HLA-DRB1	1	HLA-DRB1*04:07	HLA-DRB1*04:07		known_exact_cds
HG02300#1	HLA-DRB1	1	HLA-DRB1*04:03	HLA-DRB1*04:03		known_exact_cds
HG02300#2	HLA-DRB1	1	HLA-DRB1*09:01	HLA-DRB1*09:01		known_exact_cds
HG02451#1	HLA-DRB1	1	HLA-DRB1*11:01	HLA-DRB1*11:01		known_exact_cds
HG02451#2	HLA-DRB1	1	HLA-DRB1*15:03	HLA-DRB1*15:03		known_exact_cds
HG02486#1	HLA-DRB1	1	HLA-DRB1*15:03	HLA-DRB1*15:03		known_exact_cds
HG02486#2	HLA-DRB1	1	HLA-DRB1*03:02	HLA-DRB1*03:02		known_exact_cds
HG02559#1	HLA-DRB1	1	HLA-DRB1*04:01	HLA-DRB1*04:01		known_exact_cds
HG02559#2	HLA-DRB1	1	HLA-DRB1*12:01	HLA-DRB1*12:01		known_exact_cds
HG02572#1	HLA-DRB1	1	HLA-DRB1*03:01	HLA-DRB1*03:01		known_exact_cds
HG02572#2	HLA-DRB1	1	HLA-DRB1*13:02	HLA-DRB1*13:02		known_exact_cds
HG02583#1	HLA-DRB1	1	HLA-DRB1*10:01	HLA-DRB1*10:01		known_exact_genomic
HG02583#2	HLA-DRB1	1	HLA-DRB1*01:02	HLA-DRB1*01:02		known_exact_genomic
HG02602#1	HLA-DRB1	1	HLA-DRB1*07:01	HLA-DRB1*07:01		known_exact_genomic
HG02602#2	HLA-DRB1	1	HLA-DRB1*14:04	HLA-DRB1*14:04		known_exact_cds
HG02615#1	HLA-DRB1	1	HLA-DRB1*13:02	HLA-DRB1*13:02		known_exact_cds
HG02615#2	HLA-DRB1	1	HLA-DRB1*13:02	HLA-DRB1*13:02		known_exact_cds
HG02622#1	HLA-DRB1	1	HLA-DRB1*07:01	HLA-DRB1*07:01		known_exact_cds
HG02622#2	HLA-DRB1	1	HLA-DRB1*09:01	HLA-DRB1*09:01		known_exact_cds
HG02630#1	HLA-DRB1	1	HLA-DRB1*09:01	HLA-DRB1*09:01		known_exact_genomic
HG02630#2	HLA-DRB1	1	HLA-DRB1*09:01	HLA-DRB1*09:01		known_exact_cds
HG02647#1	HLA-DRB1	1	HLA-DRB1*14:54	HLA-DRB1*14:54		known_exact_cds
HG02647#2	HLA-DRB1	1	HLA-DRB1*07:01	HLA-DRB1*07:01		known_exact_genomic
HG02668#1	HLA-DRB1	1	HLA-DRB1*13:03	HLA-DRB1*13:03		known_exact_cds
HG02668#2	HLA-DRB1	1	HLA-DRB1*11:01	HLA-DRB1*11:01		known_exact_cds
HG02698#1	HLA-DRB1	1	HLA-DRB1*15:01	HLA-DRB1*15:01		known_exact_genomic
HG02698#2	HLA-DRB1	1	HLA-DRB1*13:02	HLA-DRB1*13:02		known_exact_cds
HG02717#1	HLA-DRB1	1	HLA-DRB1*03:02	HLA-DRB1*03:02		known_exact_cds
HG02717#2	HLA-DRB1	1	HLA-DRB1*09:01	HLA-DRB1*09:01		known_exact_cds
HG02723#1	HLA-DRB1	1	HLA-DRB1*13:04	HLA-DRB1*13:04		known_exact_cds
HG02723#2	HLA-DRB1	1	HLA-DRB1*07:01	HLA-DRB1*07:01		known_exact_cds
HG02735#1	HLA-DRB1	1	HLA-DRB1*07:01	HLA-DRB1*07:01		known_exact_cds
HG02735#2	HLA-DRB1	1	HLA-DRB1*03:01	HLA-DRB1*03:01		known_exact_genomic
HG02738#1	HLA-DRB1	1	HLA-DRB1*03:01	HLA-DRB1*03:01		known_exact_genomic
HG02738#2	HLA-DRB1	1	HLA-DRB1*03:01	HLA-DRB1*03:01		known_exact_genomic
HG02809#1	HLA-DRB1	1	HLA-DRB1*13:04	HLA-DRB1*13:04		known_exact_cds
HG02809#2	HLA-DRB1	1	HLA-DRB1*04:01	HLA-DRB1*04:01		known_exact_cds
HG02818#1	HLA-DRB1	1	HLA-DRB1*13:01	HLA-DRB1*13:01		known_exact_cds
HG02818#2	HLA-DRB1	1	HLA-DRB1*11:01	HLA-DRB1*11:01		known_exact_cds
HG02841#1	HLA-DRB1	1	HLA-DRB1*13:01	HLA-DRB1*13:01		known_exact_cds
HG02841#2	HLA-DRB1	1	HLA-DRB1*04:05	HLA-DRB1*04:05		known_exact_cds
HG02886#1	HLA-DRB1	1	HLA-DRB1*03:02	HLA-DRB1*03:02		known_exact_cds
HG02886#2	HLA-DRB1	1	HLA-DRB1*09:01	HLA-DRB1*09:01		known_exact_cds
HG02922#1	HLA-DRB1	1	HLA-DRB1*11:01	HLA-DRB1*11:01		known_exact_genomic
HG02922#2	HLA-DRB1	1	HLA-DRB1*08:04	HLA-DRB1*08:04		known_exact_genomic
HG02965#1	HLA-DRB1	1	HLA-DRB1*03:02	HLA-DRB1*03:02		known_exact_cds
HG02965#2	HLA-DRB1	1	HLA-DRB1*08:04	HLA-DRB1*08:04		known_exact_genomic
HG02976#1	HLA-DRB1	1	HLA-DRB1*15:03	HLA-DRB1*15:03		known_exact_cds
HG02976#2	HLA-DRB1	0		HLA-DRB1*11:10		unresolved_no_exact_match
HG02984#1	HLA-DRB1	1	HLA-DRB1*11:01	HLA-DRB1*11:01		known_exact_cds
HG02984#2	HLA-DRB1	1	HLA-DRB1*10:01	HLA-DRB1*10:01		known_exact_cds
HG03017#1	HLA-DRB1	1	HLA-DRB1*08:02	HLA-DRB1*08:02		known_exact_cds
HG03017#2	HLA-DRB1	1	HLA-DRB1*15:01	HLA-DRB1*15:01		known_exact_genomic
HG03041#1	HLA-DRB1	1	HLA-DRB1*08:04	HLA-DRB1*08:04		known_exact_genomic
HG03041#2	HLA-DRB1	1	HLA-DRB1*15:03	HLA-DRB1*15:03		known_exact_cds
HG03050#1	HLA-DRB1	1	HLA-DRB1*09:01	HLA-DRB1*09:01		known_exact_cds
HG03050#2	HLA-DRB1	1	HLA-DRB1*03:02	HLA-DRB1*03:02		known_exact_cds
HG03098#1	HLA-DRB1	1	HLA-DRB1*09:01	HLA-DRB1*09:01		known_exact_cds
HG03098#2	HLA-DRB1	1	HLA-DRB1*04:05	HLA-DRB1*04:05		known_exact_cds
HG03130#1	HLA-DRB1	1	HLA-DRB1*01:02	HLA-DRB1*01:02		known_exact_genomic
HG03130#2	HLA-DRB1	1	HLA-DRB1*13:03	HLA-DRB1*13:03		known_exact_cds
HG03139#1	HLA-DRB1	1	HLA-DRB1*08:04	HLA-DRB1*08:04		known_exact_genomic
HG03139#2	HLA-DRB1	1	HLA-DRB1*15:03	HLA-DRB1*15:03		known_exact_cds
HG03195#1	HLA-DRB1	1	HLA-DRB1*01:02	HLA-DRB1*01:02		known_exact_genomic
HG03195#2	HLA-DRB1	1	HLA-DRB1*15:03	HLA-DRB1*15:03		known_exact_genomic
HG03209#1	HLA-DRB1	1	HLA-DRB1*04:05	HLA-DRB1*04:05		known_exact_cds
HG03209#2	HLA-DRB1	1	HLA-DRB1*08:06	HLA-DRB1*08:06		known_exact_genomic
HG03225#1	HLA-DRB1	1	HLA-DRB1*03:01	HLA-DRB1*03:01		known_exact_cds
HG03225#2	HLA-DRB1	1	HLA-DRB1*01:02	HLA-DRB1*01:02		known_exact_cds
HG03239#1	HLA-DRB1	1	HLA-DRB1*04:03	HLA-DRB1*04:03		known_exact_cds
HG03239#2	HLA-DRB1	1	HLA-DRB1*07:01	HLA-DRB1*07:01		known_exact_cds
HG03270#1	HLA-DRB1	1	HLA-DRB1*15:03	HLA-DRB1*15:03		known_exact_genomic
HG03270#2	HLA-DRB1	1	HLA-DRB1*11:01	HLA-DRB1*11:01		known_exact_cds
HG03369#1	HLA-DRB1	1	HLA-DRB1*13:02	HLA-DRB1*13:02		known_exact_cds
HG03369#2	HLA-DRB1	1	HLA-DRB1*13:01	HLA-DRB1*13:01		known_exact_cds
HG03453#1	HLA-DRB1	1	HLA-DRB1*09:01	HLA-DRB1*09:01		known_exact_cds
HG03453#2	HLA-DRB1	1	HLA-DRB1*03:01	HLA-DRB1*03:01		known_exact_cds
HG03470#1	HLA-DRB1	1	HLA-DRB1*07:01	HLA-DRB1*07:01		known_exact_cds
HG03470#2	HLA-DRB1	1	HLA-DRB1*01:01	HLA-DRB1*01:01		known_exact_cds
HG03471#1	HLA-DRB1	1	HLA-DRB1*07:01	HLA-DRB1*07:01		known_exact_cds
HG03471#2	HLA-DRB1	1	HLA-DRB1*03:02	HLA-DRB1*03:02		known_exact_cds
HG03486#1	HLA-DRB1	1	HLA-DRB1*03:02	HLA-DRB1*03:02		known_exact_cds
HG03486#2	HLA-DRB1	1	HLA-DRB1*13:02	HLA-DRB1*13:02		known_exact_genomic
HG03516#1	HLA-DRB1	1	HLA-DRB1*11:01	HLA-DRB1*11:01		known_exact_cds
HG03516#2	HLA-DRB1	1	HLA-DRB1*13:01	HLA-DRB1*13:01		known_exact_cds
HG03521#1	HLA-DRB1	1	HLA-DRB1*13:01	HLA-DRB1*13:01		known_exact_cds
HG03521#2	HLA-DRB1	1	HLA-DRB1*13:03	HLA-DRB1*13:03		known_exact_cds
HG03540#1	HLA-DRB1	1	HLA-DRB1*10:01	HLA-DRB1*10:01		known_exact_genomic
HG03540#2	HLA-DRB1	1	HLA-DRB1*08:04	HLA-DRB1*08:04		known_exact_genomic
HG03579#1	HLA-DRB1	1	HLA-DRB1*03:02	HLA-DRB1*03:02		known_exact_cds
HG03579#2	HLA-DRB1	1	HLA-DRB1*03:02	HLA-DRB1*03:02		known_exact_cds
HG03583#1	HLA-DRB1	1	HLA-DRB1*09:01	HLA-DRB1*09:01		known_exact_cds
HG03583#2	HLA-DRB1	1	HLA-DRB1*08:04	HLA-DRB1*08:04		known_exact_genomic
HG03654#1	HLA-DRB1	1	HLA-DRB1*14:54	HLA-DRB1*14:54		known_exact_cds
HG03654#2	HLA-DRB1	1	HLA-DRB1*03:01	HLA-DRB1*03:01		known_exact_genomic
HG03669#1	HLA-DRB1	1	HLA-DRB1*15:02	HLA-DRB1*15:02		known_exact_cds
HG03669#2	HLA-DRB1	1	HLA-DRB1*04:02	HLA-DRB1*04:02		known_exact_cds
HG03688#1	HLA-DRB1	1	HLA-DRB1*04:03	HLA-DRB1*04:03		known_exact_cds
HG03688#2	HLA-DRB1	1	HLA-DRB1*15:01	HLA-DRB1*15:01		known_exact_genomic
HG03704#1	HLA-DRB1	1	HLA-DRB1*13:01	HLA-DRB1*13:01		known_exact_cds
HG03704#2	HLA-DRB1	1	HLA-DRB1*07:01	HLA-DRB1*07:01		known_exact_genomic
HG03710#1	HLA-DRB1	1	HLA-DRB1*07:01	HLA-DRB1*07:01		known_exact_cds
HG03710#2	HLA-DRB1	1	HLA-DRB1*14:04	HLA-DRB1*14:04		known_exact_cds
HG03742#1	HLA-DRB1	1	HLA-DRB1*04:03	HLA-DRB1*04:03		known_exact_cds
HG03742#2	HLA-DRB1	1	HLA-DRB1*10:01	HLA-DRB1*10:01		known_exact_genomic
HG03784#1	HLA-DRB1	1	HLA-DRB1*12:01	HLA-DRB1*12:01		known_exact_genomic
HG03784#2	HLA-DRB1	1	HLA-DRB1*14:04	HLA-DRB1*14:04		known_exact_cds
HG03804#1	HLA-DRB1	1	HLA-DRB1*15:01	HLA-DRB1*15:01		known_exact_genomic
HG03804#2	HLA-DRB1	1	HLA-DRB1*15:04	HLA-DRB1*15:04		known_exact_cds
HG03816#1	HLA-DRB1	1	HLA-DRB1*07:01	HLA-DRB1*07:01		known_exact_cds
HG03816#2	HLA-DRB1	1	HLA-DRB1*01:01	HLA-DRB1*01:01		known_exact_cds
HG03831#1	HLA-DRB1	1	HLA-DRB1*15:06	HLA-DRB1*15:06		known_exact_cds
HG03831#2	HLA-DRB1	1	HLA-DRB1*15:02	HLA-DRB1*15:02		known_exact_cds
HG03834#1	HLA-DRB1	1	HLA-DRB1*07:01	HLA-DRB1*07:01		known_exact_genomic
HG03834#2	HLA-DRB1	1	HLA-DRB1*01:01	HLA-DRB1*01:01		known_exact_cds
HG03874#1	HLA-DRB1	1	HLA-DRB1*11:01	HLA-DRB1*11:01		known_exact_cds
HG03874#2	HLA-DRB1	1	HLA-DRB1*07:01	HLA-DRB1*07:01		known_exact_cds
HG03927#1	HLA-DRB1	1	HLA-DRB1*14:04	HLA-DRB1*14:04		known_exact_cds
HG03927#2	HLA-DRB1	1	HLA-DRB1*07:01	HLA-DRB1*07:01		known_exact_cds
HG03942#1	HLA-DRB1	1	HLA-DRB1*15:01	HLA-DRB1*15:01		known_exact_genomic
HG03942#2	HLA-DRB1	1	HLA-DRB1*15:01	HLA-DRB1*15:01		known_exact_genomic
HG04115#1	HLA-DRB1	1	HLA-DRB1*10:01	HLA-DRB1*10:01		known_exact_genomic
HG04115#2	HLA-DRB1	1	HLA-DRB1*07:01	HLA-DRB1*07:01		known_exact_cds
HG04157#1	HLA-DRB1	1	HLA-DRB1*07:01	HLA-DRB1*07:01		known_exact_cds
HG04157#2	HLA-DRB1	1	HLA-DRB1*15:02	HLA-DRB1*15:02		known_exact_cds
HG04160#1	HLA-DRB1	1	HLA-DRB1*10:01	HLA-DRB1*10:01		known_exact_genomic
HG04160#2	HLA-DRB1	1	HLA-DRB1*15:04	HLA-DRB1*15:04		known_exact_cds
HG04184#1	HLA-DRB1	1	HLA-DRB1*07:01	HLA-DRB1*07:01		known_exact_genomic
HG04184#2	HLA-DRB1	1	HLA-DRB1*07:01	HLA-DRB1*07:01		known_exact_cds
HG04187#1	HLA-DRB1	1	HLA-DRB1*03:01	HLA-DRB1*03:01		known_exact_genomic
HG04187#2	HLA-DRB1	1	HLA-DRB1*11:01	HLA-DRB1*11:01		known_exact_cds
HG04199#1	HLA-DRB1	1	HLA-DRB1*04:03	HLA-DRB1*04:03		known_exact_cds
HG04199#2	HLA-DRB1	1	HLA-DRB1*01:01	HLA-DRB1*01:01		known_exact_cds
HG04204#1	HLA-DRB1	1	HLA-DRB1*15:02	HLA-DRB1*15:02		known_exact_cds
HG04204#2	HLA-DRB1	1	HLA-DRB1*07:01	HLA-DRB1*07:01		known_exact_cds
HG04228#1	HLA-DRB1	1	HLA-DRB1*15:01	HLA-DRB1*15:01		known_exact_genomic
HG04228#2	HLA-DRB1	1	HLA-DRB1*15:01	HLA-DRB1*15:01		known_exact_cds
HG06807#1	HLA-DRB1	1	HLA-DRB1*15:03	HLA-DRB1*15:03		known_exact_cds
HG06807#2	HLA-DRB1	1	HLA-DRB1*15:03	HLA-DRB1*15:03		known_exact_genomic
NA18505#1	HLA-DRB1	1	HLA-DRB1*03:01	HLA-DRB1*03:01		known_exact_cds
NA18505#2	HLA-DRB1	1	HLA-DRB1*15:03	HLA-DRB1*15:03		known_exact_cds
NA18508#1	HLA-DRB1	1	HLA-DRB1*03:02	HLA-DRB1*03:02		known_exact_cds
NA18508#2	HLA-DRB1	1	HLA-DRB1*13:03	HLA-DRB1*13:03		known_exact_cds
NA18522#1	HLA-DRB1	1	HLA-DRB1*13:03	HLA-DRB1*13:03		known_exact_genomic
NA18522#2	HLA-DRB1	1	HLA-DRB1*13:01	HLA-DRB1*13:01		known_exact_cds
NA18879#1	HLA-DRB1	1	HLA-DRB1*03:02	HLA-DRB1*03:02		known_exact_cds
NA18879#2	HLA-DRB1	1	HLA-DRB1*13:01	HLA-DRB1*13:01		known_exact_cds
NA18906#1	HLA-DRB1	1	HLA-DRB1*11:01	HLA-DRB1*11:01		known_exact_cds
NA18906#2	HLA-DRB1	1	HLA-DRB1*13:01	HLA-DRB1*13:01		known_exact_cds
NA19036#1	HLA-DRB1	1	HLA-DRB1*12:01	HLA-DRB1*12:01		known_exact_genomic
NA19036#2	HLA-DRB1	1	HLA-DRB1*11:01	HLA-DRB1*11:01		known_exact_cds
NA19043#1	HLA-DRB1	1	HLA-DRB1*11:01	HLA-DRB1*11:01		known_exact_genomic
NA19043#2	HLA-DRB1	1	HLA-DRB1*11:01	HLA-DRB1*11:01		known_exact_genomic
NA19159#1	HLA-DRB1	0		HLA-DRB1*13:177		unresolved_no_exact_match
NA19159#2	HLA-DRB1	1	HLA-DRB1*07:01	HLA-DRB1*07:01		known_exact_cds
NA19185#1	HLA-DRB1	1	HLA-DRB1*13:01	HLA-DRB1*13:01		known_exact_cds
NA19185#2	HLA-DRB1	1	HLA-DRB1*03:02	HLA-DRB1*03:02		known_exact_cds
NA19240#1	HLA-DRB1	1	HLA-DRB1*12:01	HLA-DRB1*12:01		known_exact_cds
NA19240#2	HLA-DRB1	1	HLA-DRB1*16:02	HLA-DRB1*16:02		known_exact_cds
NA19338#1	HLA-DRB1	1	HLA-DRB1*13:02	HLA-DRB1*13:02		known_exact_cds
NA19338#2	HLA-DRB1	1	HLA-DRB1*15:03	HLA-DRB1*15:03		known_exact_cds
NA19391#1	HLA-DRB1	1	HLA-DRB1*14:54	HLA-DRB1*14:54		known_exact_cds
NA19391#2	HLA-DRB1	1	HLA-DRB1*11:02	HLA-DRB1*11:02		known_exact_cds
NA19443#1	HLA-DRB1	1	HLA-DRB1*13:02	HLA-DRB1*13:02		known_exact_genomic
NA19443#2	HLA-DRB1	1	HLA-DRB1*08:04	HLA-DRB1*08:04		known_exact_cds
NA19468#1	HLA-DRB1	1	HLA-DRB1*10:01	HLA-DRB1*10:01		known_exact_cds
NA19468#2	HLA-DRB1	1	HLA-DRB1*13:01	HLA-DRB1*13:01		known_exact_cds
NA19682#1	HLA-DRB1	1	HLA-DRB1*14:02	HLA-DRB1*14:02		known_exact_cds
NA19682#2	HLA-DRB1	1	HLA-DRB1*03:01	HLA-DRB1*03:01		known_exact_genomic
NA19700#1	HLA-DRB1	1	HLA-DRB1*11:04	HLA-DRB1*11:04		known_exact_cds
NA19700#2	HLA-DRB1	1	HLA-DRB1*09:01	HLA-DRB1*09:01		known_exact_cds
NA19776#1	HLA-DRB1	1	HLA-DRB1*04:03	HLA-DRB1*04:03		known_exact_cds
NA19776#2	HLA-DRB1	1	HLA-DRB1*14:06	HLA-DRB1*14:06		known_exact_cds
NA19835#1	HLA-DRB1	1	HLA-DRB1*08:04	HLA-DRB1*08:04		known_exact_cds
NA19835#2	HLA-DRB1	1	HLA-DRB1*14:54	HLA-DRB1*14:54		known_exact_cds
NA19909#1	HLA-DRB1	1	HLA-DRB1*03:02	HLA-DRB1*03:02		known_exact_cds
NA19909#2	HLA-DRB1	1	HLA-DRB1*03:02	HLA-DRB1*03:02		known_exact_cds
NA20129#1	HLA-DRB1	1	HLA-DRB1*03:01	HLA-DRB1*03:01		known_exact_cds
NA20129#2	HLA-DRB1	1	HLA-DRB1*14:02	HLA-DRB1*14:02		known_exact_cds
NA20282#1	HLA-DRB1	1	HLA-DRB1*08:04	HLA-DRB1*08:04		known_exact_cds
NA20282#2	HLA-DRB1	1	HLA-DRB1*03:02	HLA-DRB1*03:02		known_exact_cds
NA20346#1	HLA-DRB1	1	HLA-DRB1*13:03	HLA-DRB1*13:03		known_exact_cds
NA20346#2	HLA-DRB1	1	HLA-DRB1*13:02	HLA-DRB1*13:02		known_exact_cds
NA20503#1	HLA-DRB1	1	HLA-DRB1*01:01	HLA-DRB1*01:01		known_exact_cds
NA20503#2	HLA-DRB1	1	HLA-DRB1*11:04	HLA-DRB1*11:04		known_exact_genomic
NA20752#1	HLA-DRB1	1	HLA-DRB1*01:01	HLA-DRB1*01:01		known_exact_cds
NA20752#2	HLA-DRB1	1	HLA-DRB1*07:01	HLA-DRB1*07:01		known_exact_genomic
NA20762#1	HLA-DRB1	1	HLA-DRB1*01:01	HLA-DRB1*01:01		known_exact_cds
NA20762#2	HLA-DRB1	1	HLA-DRB1*14:01	HLA-DRB1*14:01		known_exact_cds
NA20799#1	HLA-DRB1	1	HLA-DRB1*11:01	HLA-DRB1*11:01		known_exact_genomic
NA20799#2	HLA-DRB1	1	HLA-DRB1*01:02	HLA-DRB1*01:02		known_exact_genomic
NA20805#1	HLA-DRB1	1	HLA-DRB1*03:01	HLA-DRB1*03:01		known_exact_cds
NA20805#2	HLA-DRB1	1	HLA-DRB1*11:04	HLA-DRB1*11:04		known_exact_genomic
NA20806#1	HLA-DRB1	1	HLA-DRB1*15:01	HLA-DRB1*15:01		known_exact_genomic
NA20806#2	HLA-DRB1	1	HLA-DRB1*15:01	HLA-DRB1*15:01		known_exact_genomic
NA20809#1	HLA-DRB1	1	HLA-DRB1*04:04	HLA-DRB1*04:04		known_exact_genomic
NA20809#2	HLA-DRB1	1	HLA-DRB1*01:01	HLA-DRB1*01:01		known_exact_cds
NA20827#1	HLA-DRB1	1	HLA-DRB1*07:01	HLA-DRB1*07:01		known_exact_genomic
NA20827#2	HLA-DRB1	1	HLA-DRB1*07:01	HLA-DRB1*07:01		known_exact_genomic
NA20850#1	HLA-DRB1	1	HLA-DRB1*07:01	HLA-DRB1*07:01		known_exact_genomic
NA20850#2	HLA-DRB1	1	HLA-DRB1*15:04	HLA-DRB1*15:04		known_exact_cds
NA20870#1	HLA-DRB1	1	HLA-DRB1*13:02	HLA-DRB1*13:02		known_exact_genomic
NA20870#2	HLA-DRB1	1	HLA-DRB1*15:01	HLA-DRB1*15:01		known_exact_genomic
NA20905#1	HLA-DRB1	1	HLA-DRB1*11:01	HLA-DRB1*11:01		known_exact_cds
NA20905#2	HLA-DRB1	1	HLA-DRB1*15:02	HLA-DRB1*15:02		known_exact_cds
NA21093#1	HLA-DRB1	1	HLA-DRB1*07:01	HLA-DRB1*07:01		known_exact_genomic
NA21093#2	HLA-DRB1	1	HLA-DRB1*10:01	HLA-DRB1*10:01		known_exact_genomic
NA21102#1	HLA-DRB1	1	HLA-DRB1*10:01	HLA-DRB1*10:01		known_exact_genomic
NA21102#2	HLA-DRB1	1	HLA-DRB1*03:01	HLA-DRB1*03:01		known_exact_genomic
NA21106#1	HLA-DRB1	1	HLA-DRB1*15:01	HLA-DRB1*15:01		known_exact_genomic
NA21106#2	HLA-DRB1	1	HLA-DRB1*15:02	HLA-DRB1*15:02		known_exact_cds
NA21110#1	HLA-DRB1	1	HLA-DRB1*11:04	HLA-DRB1*11:04		known_exact_genomic
NA21110#2	HLA-DRB1	1	HLA-DRB1*15:02	HLA-DRB1*15:02		known_exact_cds
NA21144#1	HLA-DRB1	1	HLA-DRB1*07:01	HLA-DRB1*07:01		known_exact_genomic
NA21144#2	HLA-DRB1	1	HLA-DRB1*03:01	HLA-DRB1*03:01		known_exact_genomic
NA21309#1	HLA-DRB1	1	HLA-DRB1*15:03	HLA-DRB1*15:03		known_exact_cds
NA21309#2	HLA-DRB1	1	HLA-DRB1*13:02	HLA-DRB1*13:02		known_exact_cds
NA18990#1	HLA-DRB1	1	HLA-DRB1*13:02	HLA-DRB1*13:02		known_exact_genomic
NA18990#2	HLA-DRB1	1	HLA-DRB1*09:01	HLA-DRB1*09:01		known_exact_cds
NA19007#1	HLA-DRB1	1	HLA-DRB1*09:01	HLA-DRB1*09:01		known_exact_cds
NA19007#2	HLA-DRB1	1	HLA-DRB1*08:03	HLA-DRB1*08:03		known_exact_genomic
NA19066#1	HLA-DRB1	1	HLA-DRB1*15:02	HLA-DRB1*15:02		known_exact_cds
NA19066#2	HLA-DRB1	1	HLA-DRB1*07:01	HLA-DRB1*07:01		known_exact_genomic
NA19079#1	HLA-DRB1	1	HLA-DRB1*04:03	HLA-DRB1*04:03		known_exact_cds
NA19079#2	HLA-DRB1	1	HLA-DRB1*13:02	HLA-DRB1*13:02		known_exact_cds
NA19088#1	HLA-DRB1	1	HLA-DRB1*14:03	HLA-DRB1*14:03		known_exact_cds
NA19088#2	HLA-DRB1	1	HLA-DRB1*04:03	HLA-DRB1*04:03		known_exact_cds
ksa001#1	HLA-DRB1	1	HLA-DRB1*04:02	HLA-DRB1*04:02		known_exact_cds
ksa001#2	HLA-DRB1	1	HLA-DRB1*11:01	HLA-DRB1*11:01		known_exact_cds
ksa002#1	HLA-DRB1	1	HLA-DRB1*01:02	HLA-DRB1*01:02		known_exact_cds
ksa002#2	HLA-DRB1	1	HLA-DRB1*03:01	HLA-DRB1*03:01		known_exact_genomic
ksa003#1	HLA-DRB1	1	HLA-DRB1*04:05	HLA-DRB1*04:05		known_exact_cds
ksa003#2	HLA-DRB1	1	HLA-DRB1*09:01	HLA-DRB1*09:01		known_exact_cds
ksa004#1	HLA-DRB1	1	HLA-DRB1*13:01	HLA-DRB1*13:01		known_exact_cds
ksa004#2	HLA-DRB1	1	HLA-DRB1*13:02	HLA-DRB1*13:02		known_exact_cds
ksa005#1	HLA-DRB1	1	HLA-DRB1*13:01	HLA-DRB1*13:01		known_exact_genomic
ksa005#2	HLA-DRB1	1	HLA-DRB1*04:03	HLA-DRB1*04:03		known_exact_cds
ksa006#1	HLA-DRB1	1	HLA-DRB1*07:01	HLA-DRB1*07:01		known_exact_genomic
ksa006#2	HLA-DRB1	1	HLA-DRB1*04:05	HLA-DRB1*04:05		known_exact_cds
ksa007#1	HLA-DRB1	1	HLA-DRB1*13:01	HLA-DRB1*13:01		known_exact_cds
ksa007#2	HLA-DRB1	1	HLA-DRB1*15:02	HLA-DRB1*15:02		known_exact_cds
ksa008#1	HLA-DRB1	1	HLA-DRB1*07:01	HLA-DRB1*07:01		known_exact_genomic
ksa008#2	HLA-DRB1	1	HLA-DRB1*13:01	HLA-DRB1*13:01		known_exact_cds
ksa009#1	HLA-DRB1	1	HLA-DRB1*04:05	HLA-DRB1*04:05		known_exact_cds
ksa009#2	HLA-DRB1	1	HLA-DRB1*11:04	HLA-DRB1*11:04		known_exact_cds
KOREF1#1	HLA-DRB1	1	HLA-DRB1*09:01	HLA-DRB1*09:01		known_exact_cds
KOREF1#2	HLA-DRB1	1	HLA-DRB1*13:02	HLA-DRB1*13:02		known_exact_cds
KOREF2#1	HLA-DRB1	1	HLA-DRB1*13:02	HLA-DRB1*13:02		known_exact_genomic
KOREF2#2	HLA-DRB1	1	HLA-DRB1*11:01	HLA-DRB1*11:01		known_exact_cds
KPanRef-071#1	HLA-DRB1	1	HLA-DRB1*08:03	HLA-DRB1*08:03		known_exact_genomic
KPanRef-071#2	HLA-DRB1	1	HLA-DRB1*15:01	HLA-DRB1*15:01		known_exact_cds
KPanRef-072#1	HLA-DRB1	1	HLA-DRB1*07:01	HLA-DRB1*07:01		known_exact_genomic
KPanRef-072#2	HLA-DRB1	1	HLA-DRB1*09:01	HLA-DRB1*09:01		known_exact_cds
KPanRef-073#1	HLA-DRB1	1	HLA-DRB1*10:01	HLA-DRB1*10:01		known_exact_genomic
KPanRef-073#2	HLA-DRB1	1	HLA-DRB1*11:01	HLA-DRB1*11:01		known_exact_cds
KPanRef-074#1	HLA-DRB1	0				unresolved_no_exact_match
KPanRef-074#2	HLA-DRB1	1	HLA-DRB1*04:05	HLA-DRB1*04:05		known_exact_cds
KPanRef-075#1	HLA-DRB1	1	HLA-DRB1*15:01	HLA-DRB1*15:01		known_exact_genomic
KPanRef-075#2	HLA-DRB1	1	HLA-DRB1*08:03	HLA-DRB1*08:03		known_exact_cds
KPanRef-076#1	HLA-DRB1	1	HLA-DRB1*15:02	HLA-DRB1*15:02		known_exact_cds
KPanRef-076#2	HLA-DRB1	1	HLA-DRB1*04:06	HLA-DRB1*04:06		known_exact_cds
KPanRef-076-M#1	HLA-DRB1	1	HLA-DRB1*07:01	HLA-DRB1*07:01		known_exact_genomic
KPanRef-076-M#2	HLA-DRB1	1	HLA-DRB1*04:06	HLA-DRB1*04:06		known_exact_cds
KPanRef-076-P#1	HLA-DRB1	0		HLA-DRB1*08:03		known_exact_protein
KPanRef-076-P#2	HLA-DRB1	1	HLA-DRB1*15:02	HLA-DRB1*15:02		known_exact_cds
KPanRef-077#1	HLA-DRB1	1	HLA-DRB1*09:01	HLA-DRB1*09:01		known_exact_cds
KPanRef-077#2	HLA-DRB1	0				unresolved_no_exact_match
KPanRef-078#1	HLA-DRB1	1	HLA-DRB1*14:54	HLA-DRB1*14:54		known_exact_cds
KPanRef-078#2	HLA-DRB1	1	HLA-DRB1*03:01	HLA-DRB1*03:01		known_exact_genomic
KPanRef-079#1	HLA-DRB1	1	HLA-DRB1*07:01	HLA-DRB1*07:01		known_exact_cds
KPanRef-079#2	HLA-DRB1	0				unresolved_no_exact_match
KPanRef-080#1	HLA-DRB1	1	HLA-DRB1*04:06	HLA-DRB1*04:06		known_exact_cds
KPanRef-080#2	HLA-DRB1	1	HLA-DRB1*09:01	HLA-DRB1*09:01		known_exact_cds
apr-f#1	HLA-DQA1	1	HLA-DQA1*01:03	HLA-DQA1*01:03		known_exact_genomic
apr-f#2	HLA-DQA1	1	HLA-DQA1*01:03	HLA-DQA1*01:03		known_exact_genomic
apr-m#1	HLA-DQA1	1	HLA-DQA1*01:02	HLA-DQA1*01:02		known_exact_cds
apr-m#2	HLA-DQA1	1	HLA-DQA1*05:05	HLA-DQA1*05:05		known_exact_cds
apr-s#1	HLA-DQA1	1	HLA-DQA1*05:05	HLA-DQA1*05:05		known_exact_cds
apr-s#2	HLA-DQA1	1	HLA-DQA1*01:03	HLA-DQA1*01:03		known_exact_genomic
apr001#1	HLA-DQA1	1	HLA-DQA1*01:02	HLA-DQA1*01:02		known_exact_cds
apr001#2	HLA-DQA1	1	HLA-DQA1*05:01	HLA-DQA1*05:01		known_exact_cds
apr002#1	HLA-DQA1	1	HLA-DQA1*02:01	HLA-DQA1*02:01		known_exact_genomic
apr002#2	HLA-DQA1	1	HLA-DQA1*01:05	HLA-DQA1*01:05		known_exact_genomic
apr003#1	HLA-DQA1	1	HLA-DQA1*03:01	HLA-DQA1*03:01		known_exact_genomic
apr003#2	HLA-DQA1	1	HLA-DQA1*01:02	HLA-DQA1*01:02		known_exact_cds
apr004#1	HLA-DQA1	1	HLA-DQA1*01:02	HLA-DQA1*01:02		known_exact_genomic
apr004#2	HLA-DQA1	1	HLA-DQA1*05:01	HLA-DQA1*05:01		known_exact_cds
apr005#1	HLA-DQA1	1	HLA-DQA1*05:01	HLA-DQA1*05:01		known_exact_cds
apr005#2	HLA-DQA1	1	HLA-DQA1*05:01	HLA-DQA1*05:01		known_exact_cds
apr006#1	HLA-DQA1	1	HLA-DQA1*05:01	HLA-DQA1*05:01		known_exact_cds
apr006#2	HLA-DQA1	1	HLA-DQA1*01:02	HLA-DQA1*01:02		known_exact_genomic
apr007#1	HLA-DQA1	1	HLA-DQA1*01:02	HLA-DQA1*01:02		known_exact_genomic
apr007#2	HLA-DQA1	1	HLA-DQA1*01:02	HLA-DQA1*01:02		known_exact_genomic
apr008#1	HLA-DQA1	1	HLA-DQA1*01:01	HLA-DQA1*01:01		known_exact_genomic
apr008#2	HLA-DQA1	1	HLA-DQA1*05:01	HLA-DQA1*05:01		known_exact_cds
apr009#1	HLA-DQA1	1	HLA-DQA1*02:01	HLA-DQA1*02:01		known_exact_genomic
apr009#2	HLA-DQA1	1	HLA-DQA1*01:02	HLA-DQA1*01:02		known_exact_cds
apr010#1	HLA-DQA1	1	HLA-DQA1*02:01	HLA-DQA1*02:01		known_exact_genomic
apr010#2	HLA-DQA1	1	HLA-DQA1*01:02	HLA-DQA1*01:02		known_exact_genomic
apr011#1	HLA-DQA1	1	HLA-DQA1*05:05	HLA-DQA1*05:05		known_exact_cds
apr011#2	HLA-DQA1	1	HLA-DQA1*05:01	HLA-DQA1*05:01		known_exact_cds
apr012#1	HLA-DQA1	1	HLA-DQA1*05:01	HLA-DQA1*05:01		known_exact_cds
apr012#2	HLA-DQA1	1	HLA-DQA1*05:01	HLA-DQA1*05:01		known_exact_cds
apr013#1	HLA-DQA1	1	HLA-DQA1*01:03	HLA-DQA1*01:03		known_exact_genomic
apr013#2	HLA-DQA1	1	HLA-DQA1*01:03	HLA-DQA1*01:03		known_exact_genomic
apr014#1	HLA-DQA1	1	HLA-DQA1*05:01	HLA-DQA1*05:01		known_exact_cds
apr014#2	HLA-DQA1	1	HLA-DQA1*04:01	HLA-DQA1*04:01		known_exact_genomic
apr015#1	HLA-DQA1	1	HLA-DQA1*05:01	HLA-DQA1*05:01		known_exact_cds
apr015#2	HLA-DQA1	1	HLA-DQA1*05:01	HLA-DQA1*05:01		known_exact_cds
apr016#1	HLA-DQA1	1	HLA-DQA1*01:02	HLA-DQA1*01:02		known_exact_cds
apr016#2	HLA-DQA1	1	HLA-DQA1*05:05	HLA-DQA1*05:05		known_exact_genomic
apr018#1	HLA-DQA1	1	HLA-DQA1*04:01	HLA-DQA1*04:01		known_exact_genomic
apr018#2	HLA-DQA1	1	HLA-DQA1*01:05	HLA-DQA1*01:05		known_exact_genomic
apr019#1	HLA-DQA1	1	HLA-DQA1*03:03	HLA-DQA1*03:03		known_exact_genomic
apr019#2	HLA-DQA1	1	HLA-DQA1*01:05	HLA-DQA1*01:05		known_exact_cds
apr020#1	HLA-DQA1	1	HLA-DQA1*01:02	HLA-DQA1*01:02		known_exact_cds
apr020#2	HLA-DQA1	1	HLA-DQA1*05:01	HLA-DQA1*05:01		known_exact_genomic
apr021#1	HLA-DQA1	1	HLA-DQA1*05:05	HLA-DQA1*05:05		known_exact_cds
apr021#2	HLA-DQA1	1	HLA-DQA1*05:01	HLA-DQA1*05:01		known_exact_cds
apr022#1	HLA-DQA1	1	HLA-DQA1*01:02	HLA-DQA1*01:02		known_exact_cds
apr022#2	HLA-DQA1	1	HLA-DQA1*05:01	HLA-DQA1*05:01		known_exact_cds
apr023#1	HLA-DQA1	1	HLA-DQA1*01:02	HLA-DQA1*01:02		known_exact_genomic
apr023#2	HLA-DQA1	1	HLA-DQA1*03:03	HLA-DQA1*03:03		known_exact_genomic
apr024#1	HLA-DQA1	1	HLA-DQA1*01:02	HLA-DQA1*01:02		known_exact_cds
apr024#2	HLA-DQA1	1	HLA-DQA1*01:02	HLA-DQA1*01:02		known_exact_cds
apr025#1	HLA-DQA1	1	HLA-DQA1*01:05	HLA-DQA1*01:05		known_exact_genomic
apr025#2	HLA-DQA1	1	HLA-DQA1*03:03	HLA-DQA1*03:03		known_exact_genomic
apr026#1	HLA-DQA1	1	HLA-DQA1*02:01	HLA-DQA1*02:01		known_exact_genomic
apr026#2	HLA-DQA1	1	HLA-DQA1*03:03	HLA-DQA1*03:03		known_exact_genomic
apr027#1	HLA-DQA1	1	HLA-DQA1*02:01	HLA-DQA1*02:01		known_exact_genomic
apr027#2	HLA-DQA1	1	HLA-DQA1*01:01	HLA-DQA1*01:01		known_exact_genomic
apr029#1	HLA-DQA1	1	HLA-DQA1*02:01	HLA-DQA1*02:01		known_exact_genomic
apr029#2	HLA-DQA1	1	HLA-DQA1*05:01	HLA-DQA1*05:01		known_exact_cds
apr030#1	HLA-DQA1	1	HLA-DQA1*01:02	HLA-DQA1*01:02		known_exact_cds
apr030#2	HLA-DQA1	1	HLA-DQA1*01:05	HLA-DQA1*01:05		known_exact_genomic
apr031#1	HLA-DQA1	1	HLA-DQA1*01:01	HLA-DQA1*01:01		known_exact_genomic
apr031#2	HLA-DQA1	1	HLA-DQA1*01:02	HLA-DQA1*01:02		known_exact_cds
apr032#1	HLA-DQA1	1	HLA-DQA1*02:01	HLA-DQA1*02:01		known_exact_genomic
apr032#2	HLA-DQA1	1	HLA-DQA1*02:01	HLA-DQA1*02:01		known_exact_genomic
apr033#1	HLA-DQA1	1	HLA-DQA1*01:05	HLA-DQA1*01:05		known_exact_genomic
apr033#2	HLA-DQA1	1	HLA-DQA1*01:01	HLA-DQA1*01:01		known_exact_genomic
apr034#1	HLA-DQA1	1	HLA-DQA1*01:01	HLA-DQA1*01:01		known_exact_genomic
apr034#2	HLA-DQA1	1	HLA-DQA1*05:05	HLA-DQA1*05:05		known_exact_genomic
apr035#1	HLA-DQA1	1	HLA-DQA1*01:03	HLA-DQA1*01:03		known_exact_genomic
apr035#2	HLA-DQA1	1	HLA-DQA1*05:01	HLA-DQA1*05:01		known_exact_genomic
apr036#1	HLA-DQA1	1	HLA-DQA1*05:05	HLA-DQA1*05:05		known_exact_genomic
apr036#2	HLA-DQA1	1	HLA-DQA1*05:01	HLA-DQA1*05:01		known_exact_genomic
apr037#1	HLA-DQA1	1	HLA-DQA1*01:01	HLA-DQA1*01:01		known_exact_genomic
apr037#2	HLA-DQA1	1	HLA-DQA1*01:02	HLA-DQA1*01:02		known_exact_cds
apr038#1	HLA-DQA1	1	HLA-DQA1*01:01	HLA-DQA1*01:01		known_exact_genomic
apr038#2	HLA-DQA1	1	HLA-DQA1*01:03	HLA-DQA1*01:03		known_exact_genomic
apr039#1	HLA-DQA1	1	HLA-DQA1*01:02	HLA-DQA1*01:02		known_exact_cds
apr039#2	HLA-DQA1	1	HLA-DQA1*01:01	HLA-DQA1*01:01		known_exact_genomic
apr040#1	HLA-DQA1	1	HLA-DQA1*01:02	HLA-DQA1*01:02		known_exact_genomic
apr040#2	HLA-DQA1	1	HLA-DQA1*01:02	HLA-DQA1*01:02		known_exact_cds
apr041#1	HLA-DQA1	1	HLA-DQA1*01:04	HLA-DQA1*01:04		known_exact_cds
apr041#2	HLA-DQA1	1	HLA-DQA1*01:02	HLA-DQA1*01:02		known_exact_genomic
apr042#1	HLA-DQA1	1	HLA-DQA1*05:01	HLA-DQA1*05:01		known_exact_cds
apr042#2	HLA-DQA1	1	HLA-DQA1*05:05	HLA-DQA1*05:05		known_exact_cds
apr043#1	HLA-DQA1	1	HLA-DQA1*05:05	HLA-DQA1*05:05		known_exact_genomic
apr043#2	HLA-DQA1	1	HLA-DQA1*02:01	HLA-DQA1*02:01		known_exact_genomic
apr044#1	HLA-DQA1	1	HLA-DQA1*01:03	HLA-DQA1*01:03		known_exact_genomic
apr044#2	HLA-DQA1	1	HLA-DQA1*05:05	HLA-DQA1*05:05		known_exact_cds
apr045#1	HLA-DQA1	1	HLA-DQA1*05:05	HLA-DQA1*05:05		known_exact_cds
apr045#2	HLA-DQA1	1	HLA-DQA1*03:03	HLA-DQA1*03:03		known_exact_cds
apr046#1	HLA-DQA1	1	HLA-DQA1*01:04	HLA-DQA1*01:04		known_exact_cds
apr046#2	HLA-DQA1	1	HLA-DQA1*01:02	HLA-DQA1*01:02		known_exact_genomic
apr047#1	HLA-DQA1	1	HLA-DQA1*03:03	HLA-DQA1*03:03		known_exact_cds
apr047#2	HLA-DQA1	1	HLA-DQA1*01:03	HLA-DQA1*01:03		known_exact_genomic
apr048#1	HLA-DQA1	1	HLA-DQA1*01:03	HLA-DQA1*01:03		known_exact_genomic
apr048#2	HLA-DQA1	1	HLA-DQA1*01:02	HLA-DQA1*01:02		known_exact_cds
apr049#1	HLA-DQA1	1	HLA-DQA1*01:02	HLA-DQA1*01:02		known_exact_cds
apr049#2	HLA-DQA1	1	HLA-DQA1*01:02	HLA-DQA1*01:02		known_exact_cds
apr050#1	HLA-DQA1	1	HLA-DQA1*03:03	HLA-DQA1*03:03		known_exact_cds
apr050#2	HLA-DQA1	1	HLA-DQA1*05:01	HLA-DQA1*05:01		known_exact_genomic
apr051#1	HLA-DQA1	1	HLA-DQA1*01:02	HLA-DQA1*01:02		known_exact_genomic
apr051#2	HLA-DQA1	1	HLA-DQA1*01:02	HLA-DQA1*01:02		known_exact_genomic
apr52#1	HLA-DQA1	1	HLA-DQA1*02:01	HLA-DQA1*02:01		known_exact_genomic
apr52#2	HLA-DQA1	1	HLA-DQA1*03:01	HLA-DQA1*03:01		known_exact_genomic
HIFI032007D#1	HLA-DQA1	1	HLA-DQA1*06:01	HLA-DQA1*06:01		known_exact_genomic
HIFI032007D#2	HLA-DQA1	1	HLA-DQA1*06:01	HLA-DQA1*06:01		known_exact_genomic
HIFI032018D#1	HLA-DQA1	0				unresolved_no_exact_match
HIFI032018D#2	HLA-DQA1	1	HLA-DQA1*03:03	HLA-DQA1*03:03		known_exact_genomic
HIFI032069D#1	HLA-DQA1	1	HLA-DQA1*06:01	HLA-DQA1*06:01		known_exact_genomic
HIFI032069D#2	HLA-DQA1	1	HLA-DQA1*01:01	HLA-DQA1*01:01		known_exact_genomic
HIFI032097D#1	HLA-DQA1	1	HLA-DQA1*01:02	HLA-DQA1*01:02		known_exact_genomic
HIFI032097D#2	HLA-DQA1	1	HLA-DQA1*01:02	HLA-DQA1*01:02		known_exact_genomic
HIFI032103D#1	HLA-DQA1	1	HLA-DQA1*01:05	HLA-DQA1*01:05		known_exact_genomic
HIFI032103D#2	HLA-DQA1	1	HLA-DQA1*03:03	HLA-DQA1*03:03		known_exact_genomic
HIFI032161D#1	HLA-DQA1	1	HLA-DQA1*06:01	HLA-DQA1*06:01		known_exact_genomic
HIFI032161D#2	HLA-DQA1	1	HLA-DQA1*01:02	HLA-DQA1*01:02		known_exact_cds
HIFI032164D#1	HLA-DQA1	1	HLA-DQA1*01:01	HLA-DQA1*01:01		known_exact_genomic
HIFI032164D#2	HLA-DQA1	1	HLA-DQA1*05:05	HLA-DQA1*05:05		known_exact_cds
HIFI032167D#1	HLA-DQA1	1	HLA-DQA1*06:01	HLA-DQA1*06:01		known_exact_genomic
HIFI032167D#2	HLA-DQA1	1	HLA-DQA1*06:01	HLA-DQA1*06:01		known_exact_genomic
HIFI032182D#1	HLA-DQA1	1	HLA-DQA1*01:02	HLA-DQA1*01:02		known_exact_cds
HIFI032182D#2	HLA-DQA1	1	HLA-DQA1*01:02	HLA-DQA1*01:02		known_exact_genomic
HIFI032289D#1	HLA-DQA1	1	HLA-DQA1*03:03	HLA-DQA1*03:03		known_exact_genomic
HIFI032289D#2	HLA-DQA1	1	HLA-DQA1*03:01	HLA-DQA1*03:01		known_exact_genomic
HIFI032292D#1	HLA-DQA1	1	HLA-DQA1*06:01	HLA-DQA1*06:01		known_exact_genomic
HIFI032292D#2	HLA-DQA1	1	HLA-DQA1*06:01	HLA-DQA1*06:01		known_exact_genomic
HIFI032302D#1	HLA-DQA1	1	HLA-DQA1*01:03	HLA-DQA1*01:03		known_exact_genomic
HIFI032302D#2	HLA-DQA1	1	HLA-DQA1*05:01	HLA-DQA1*05:01		known_exact_cds
HIFI032306D#1	HLA-DQA1	1	HLA-DQA1*01:02	HLA-DQA1*01:02		known_exact_genomic
HIFI032306D#2	HLA-DQA1	1	HLA-DQA1*03:01	HLA-DQA1*03:01		known_exact_genomic
HIFI032335D#1	HLA-DQA1	1	HLA-DQA1*02:01	HLA-DQA1*02:01		known_exact_genomic
HIFI032335D#2	HLA-DQA1	1	HLA-DQA1*05:03	HLA-DQA1*05:03		known_exact_genomic
HIFI032349D#1	HLA-DQA1	1	HLA-DQA1*03:03	HLA-DQA1*03:03		known_exact_genomic
HIFI032349D#2	HLA-DQA1	1	HLA-DQA1*05:05	HLA-DQA1*05:05		known_exact_cds
HIFI032373D#1	HLA-DQA1	1	HLA-DQA1*01:04	HLA-DQA1*01:04		known_exact_genomic
HIFI032373D#2	HLA-DQA1	1	HLA-DQA1*01:02	HLA-DQA1*01:02		known_exact_genomic
HIFI032420D#1	HLA-DQA1	1	HLA-DQA1*03:02	HLA-DQA1*03:02		known_exact_genomic
HIFI032420D#2	HLA-DQA1	1	HLA-DQA1*03:03	HLA-DQA1*03:03		known_exact_genomic
HIFI032422D#1	HLA-DQA1	1	HLA-DQA1*05:03	HLA-DQA1*05:03		known_exact_genomic
HIFI032422D#2	HLA-DQA1	1	HLA-DQA1*05:01	HLA-DQA1*05:01		known_exact_cds
HIFI032429D#1	HLA-DQA1	1	HLA-DQA1*01:01	HLA-DQA1*01:01		known_exact_genomic
HIFI032429D#2	HLA-DQA1	1	HLA-DQA1*06:01	HLA-DQA1*06:01		known_exact_genomic
HIFI032440D#1	HLA-DQA1	1	HLA-DQA1*01:02	HLA-DQA1*01:02		known_exact_cds
HIFI032440D#2	HLA-DQA1	1	HLA-DQA1*01:03	HLA-DQA1*01:03		known_exact_genomic
HIFI032450D#1	HLA-DQA1	1	HLA-DQA1*05:08	HLA-DQA1*05:08		known_exact_cds
HIFI032450D#2	HLA-DQA1	1	HLA-DQA1*01:02	HLA-DQA1*01:02		known_exact_genomic
HIFI032453D#1	HLA-DQA1	1	HLA-DQA1*05:01	HLA-DQA1*05:01		known_exact_cds
HIFI032453D#2	HLA-DQA1	1	HLA-DQA1*06:01	HLA-DQA1*06:01		known_exact_genomic
HIFI032454D#1	HLA-DQA1	1	HLA-DQA1*06:01	HLA-DQA1*06:01		known_exact_genomic
HIFI032454D#2	HLA-DQA1	1	HLA-DQA1*05:01	HLA-DQA1*05:01		known_exact_cds
HIFI032462D#1	HLA-DQA1	1	HLA-DQA1*03:01	HLA-DQA1*03:01		known_exact_genomic
HIFI032462D#2	HLA-DQA1	1	HLA-DQA1*01:04	HLA-DQA1*01:04		known_exact_genomic
HIFI032473D#1	HLA-DQA1	1	HLA-DQA1*03:02	HLA-DQA1*03:02		known_exact_cds
HIFI032473D#2	HLA-DQA1	1	HLA-DQA1*01:02	HLA-DQA1*01:02		known_exact_cds
HIFI032487D#1	HLA-DQA1	1	HLA-DQA1*05:01	HLA-DQA1*05:01		known_exact_cds
HIFI032487D#2	HLA-DQA1	1	HLA-DQA1*01:03	HLA-DQA1*01:03		known_exact_genomic
HIFI032501D#1	HLA-DQA1	1	HLA-DQA1*03:03	HLA-DQA1*03:03		known_exact_genomic
HIFI032501D#2	HLA-DQA1	1	HLA-DQA1*05:03	HLA-DQA1*05:03		known_exact_genomic
HIFI032510D#1	HLA-DQA1	1	HLA-DQA1*01:02	HLA-DQA1*01:02		known_exact_genomic
HIFI032510D#2	HLA-DQA1	1	HLA-DQA1*06:01	HLA-DQA1*06:01		known_exact_genomic
HIFI032513D#1	HLA-DQA1	1	HLA-DQA1*03:03	HLA-DQA1*03:03		known_exact_genomic
HIFI032513D#2	HLA-DQA1	1	HLA-DQA1*01:01	HLA-DQA1*01:01		known_exact_cds
HIFI032529D#1	HLA-DQA1	1	HLA-DQA1*01:01	HLA-DQA1*01:01		known_exact_genomic
HIFI032529D#2	HLA-DQA1	1	HLA-DQA1*01:02	HLA-DQA1*01:02		known_exact_cds
HIFI032566D#1	HLA-DQA1	1	HLA-DQA1*05:01	HLA-DQA1*05:01		known_exact_cds
HIFI032566D#2	HLA-DQA1	1	HLA-DQA1*05:08	HLA-DQA1*05:08		known_exact_genomic
HIFI032567D#1	HLA-DQA1	1	HLA-DQA1*05:05	HLA-DQA1*05:05		known_exact_genomic
HIFI032567D#2	HLA-DQA1	1	HLA-DQA1*02:01	HLA-DQA1*02:01		known_exact_genomic
HIFI032585D#1	HLA-DQA1	1	HLA-DQA1*05:82	HLA-DQA1*05:82		known_exact_cds
HIFI032585D#2	HLA-DQA1	1	HLA-DQA1*01:02	HLA-DQA1*01:02		known_exact_genomic
HIFI032586D#1	HLA-DQA1	1	HLA-DQA1*03:03	HLA-DQA1*03:03		known_exact_genomic
HIFI032586D#2	HLA-DQA1	1	HLA-DQA1*01:03	HLA-DQA1*01:03		known_exact_genomic
HIFI032591D#1	HLA-DQA1	1	HLA-DQA1*03:02	HLA-DQA1*03:02		known_exact_genomic
HIFI032591D#2	HLA-DQA1	1	HLA-DQA1*01:03	HLA-DQA1*01:03		known_exact_genomic
HIFI032604D#1	HLA-DQA1	1	HLA-DQA1*03:02	HLA-DQA1*03:02		known_exact_genomic
HIFI032604D#2	HLA-DQA1	1	HLA-DQA1*06:01	HLA-DQA1*06:01		known_exact_genomic
HIFI032607D#1	HLA-DQA1	1	HLA-DQA1*03:02	HLA-DQA1*03:02		known_exact_cds
HIFI032607D#2	HLA-DQA1	1	HLA-DQA1*01:03	HLA-DQA1*01:03		known_exact_genomic
HIFI032662D#1	HLA-DQA1	1	HLA-DQA1*05:05	HLA-DQA1*05:05		known_exact_cds
HIFI032662D#2	HLA-DQA1	1	HLA-DQA1*04:01	HLA-DQA1*04:01		known_exact_genomic
HIFI032668D#1	HLA-DQA1	1	HLA-DQA1*03:02	HLA-DQA1*03:02		known_exact_genomic
HIFI032668D#2	HLA-DQA1	1	HLA-DQA1*01:02	HLA-DQA1*01:02		known_exact_cds
HIFI032682D#1	HLA-DQA1	1	HLA-DQA1*06:01	HLA-DQA1*06:01		known_exact_genomic
HIFI032682D#2	HLA-DQA1	1	HLA-DQA1*01:02	HLA-DQA1*01:02		known_exact_cds
HIFI032685D#1	HLA-DQA1	1	HLA-DQA1*05:03	HLA-DQA1*05:03		known_exact_genomic
HIFI032685D#2	HLA-DQA1	1	HLA-DQA1*03:01	HLA-DQA1*03:01		known_exact_genomic
HIFI032692D#1	HLA-DQA1	1	HLA-DQA1*05:03	HLA-DQA1*05:03		known_exact_genomic
HIFI032692D#2	HLA-DQA1	1	HLA-DQA1*02:01	HLA-DQA1*02:01		known_exact_genomic
HIFI032693D#1	HLA-DQA1	1	HLA-DQA1*05:05	HLA-DQA1*05:05		known_exact_genomic
HIFI032693D#2	HLA-DQA1	1	HLA-DQA1*06:01	HLA-DQA1*06:01		known_exact_genomic
HIFI032698D#1	HLA-DQA1	1	HLA-DQA1*05:03	HLA-DQA1*05:03		known_exact_genomic
HIFI032698D#2	HLA-DQA1	1	HLA-DQA1*01:04	HLA-DQA1*01:04		known_exact_genomic
HIFI032706D#1	HLA-DQA1	1	HLA-DQA1*04:01	HLA-DQA1*04:01		known_exact_genomic
HIFI032706D#2	HLA-DQA1	1	HLA-DQA1*04:01	HLA-DQA1*04:01		known_exact_genomic
HIFI032711D#1	HLA-DQA1	1	HLA-DQA1*01:04	HLA-DQA1*01:04		known_exact_cds
HIFI032711D#2	HLA-DQA1	1	HLA-DQA1*06:01	HLA-DQA1*06:01		known_exact_genomic
HIFI032731D#1	HLA-DQA1	1	HLA-DQA1*01:02	HLA-DQA1*01:02		known_exact_cds
RY01#1	HLA-DQA1	1	HLA-DQA1*06:01	HLA-DQA1*06:01		known_exact_genomic
RY01#2	HLA-DQA1	1	HLA-DQA1*03:02	HLA-DQA1*03:02		known_exact_genomic
RY02#1	HLA-DQA1	1	HLA-DQA1*01:01	HLA-DQA1*01:01		known_exact_genomic
RY02#2	HLA-DQA1	1	HLA-DQA1*01:03	HLA-DQA1*01:03		known_exact_genomic
RY03#1	HLA-DQA1	1	HLA-DQA1*02:01	HLA-DQA1*02:01		known_exact_genomic
RY03#2	HLA-DQA1	1	HLA-DQA1*01:04	HLA-DQA1*01:04		known_exact_genomic
RY04#1	HLA-DQA1	1	HLA-DQA1*05:05	HLA-DQA1*05:05		known_exact_genomic
RY04#2	HLA-DQA1	1	HLA-DQA1*05:03	HLA-DQA1*05:03		known_exact_genomic
RY05#1	HLA-DQA1	1	HLA-DQA1*05:05	HLA-DQA1*05:05		known_exact_genomic
RY05#2	HLA-DQA1	1	HLA-DQA1*01:01	HLA-DQA1*01:01		known_exact_genomic
RY06#1	HLA-DQA1	1	HLA-DQA1*05:05	HLA-DQA1*05:05		known_exact_genomic
RY06#2	HLA-DQA1	1	HLA-DQA1*01:02	HLA-DQA1*01:02		known_exact_genomic
RY07#1	HLA-DQA1	1	HLA-DQA1*03:01	HLA-DQA1*03:01		known_exact_genomic
RY07#2	HLA-DQA1	1	HLA-DQA1*02:01	HLA-DQA1*02:01		known_exact_genomic
RY08#1	HLA-DQA1	1	HLA-DQA1*01:02	HLA-DQA1*01:02		known_exact_cds
RY08#2	HLA-DQA1	1	HLA-DQA1*03:02	HLA-DQA1*03:02		known_exact_genomic
RY09#1	HLA-DQA1	1	HLA-DQA1*02:01	HLA-DQA1*02:01		known_exact_genomic
RY09#2	HLA-DQA1	1	HLA-DQA1*02:01	HLA-DQA1*02:01		known_exact_genomic
RY10#1	HLA-DQA1	1	HLA-DQA1*01:03	HLA-DQA1*01:03		known_exact_genomic
RY10#2	HLA-DQA1	1	HLA-DQA1*03:02	HLA-DQA1*03:02		known_exact_genomic
RY11#1	HLA-DQA1	1	HLA-DQA1*03:03	HLA-DQA1*03:03		known_exact_genomic
RY11#2	HLA-DQA1	1	HLA-DQA1*03:01	HLA-DQA1*03:01		known_exact_genomic
HG00408#1	HLA-DQA1	1	HLA-DQA1*01:04	HLA-DQA1*01:04		known_exact_genomic
HG00408#2	HLA-DQA1	1	HLA-DQA1*01:02	HLA-DQA1*01:02		known_exact_genomic
HG00423#1	HLA-DQA1	1	HLA-DQA1*03:02	HLA-DQA1*03:02		known_exact_genomic
HG00423#2	HLA-DQA1	1	HLA-DQA1*01:03	HLA-DQA1*01:03		known_exact_genomic
HG00438#1	HLA-DQA1	1	HLA-DQA1*01:04	HLA-DQA1*01:04		known_exact_genomic
HG00438#2	HLA-DQA1	1	HLA-DQA1*03:03	HLA-DQA1*03:03		known_exact_genomic
HG005#1	HLA-DQA1	1	HLA-DQA1*03:03	HLA-DQA1*03:03		known_exact_genomic
HG005#2	HLA-DQA1	1	HLA-DQA1*03:02	HLA-DQA1*03:02		known_exact_genomic
HG00544#1	HLA-DQA1	1	HLA-DQA1*03:02	HLA-DQA1*03:02		known_exact_genomic
HG00544#2	HLA-DQA1	1	HLA-DQA1*03:02	HLA-DQA1*03:02		known_exact_genomic
HG00558#1	HLA-DQA1	1	HLA-DQA1*03:02	HLA-DQA1*03:02		known_exact_genomic
HG00558#2	HLA-DQA1	1	HLA-DQA1*01:05	HLA-DQA1*01:05		known_exact_genomic
HG00597#1	HLA-DQA1	1	HLA-DQA1*06:01	HLA-DQA1*06:01		known_exact_genomic
HG00597#2	HLA-DQA1	1	HLA-DQA1*05:05	HLA-DQA1*05:05		known_exact_genomic
HG00609#1	HLA-DQA1	1	HLA-DQA1*01:02	HLA-DQA1*01:02		known_exact_genomic
HG00609#2	HLA-DQA1	1	HLA-DQA1*03:02	HLA-DQA1*03:02		known_exact_genomic
HG00621#1	HLA-DQA1	1	HLA-DQA1*03:02	HLA-DQA1*03:02		known_exact_genomic
HG00621#2	HLA-DQA1	1	HLA-DQA1*05:05	HLA-DQA1*05:05		known_exact_genomic
HG00658#1	HLA-DQA1	1	HLA-DQA1*01:03	HLA-DQA1*01:03		known_exact_genomic
HG00658#2	HLA-DQA1	1	HLA-DQA1*01:04	HLA-DQA1*01:04		known_exact_genomic
HG00673#1	HLA-DQA1	1	HLA-DQA1*05:05	HLA-DQA1*05:05		known_exact_cds
HG00673#2	HLA-DQA1	1	HLA-DQA1*01:03	HLA-DQA1*01:03		known_exact_genomic
HG00706#1	HLA-DQA1	1	HLA-DQA1*01:02	HLA-DQA1*01:02		known_exact_genomic
HG00706#2	HLA-DQA1	1	HLA-DQA1*01:02	HLA-DQA1*01:02		known_exact_genomic
HG02015#1	HLA-DQA1	1	HLA-DQA1*01:02	HLA-DQA1*01:02		known_exact_cds
HG02015#2	HLA-DQA1	1	HLA-DQA1*03:03	HLA-DQA1*03:03		known_exact_genomic
HG02027#1	HLA-DQA1	1	HLA-DQA1*06:01	HLA-DQA1*06:01		known_exact_genomic
HG02027#2	HLA-DQA1	1	HLA-DQA1*06:01	HLA-DQA1*06:01		known_exact_genomic
HG02040#1	HLA-DQA1	1	HLA-DQA1*01:05	HLA-DQA1*01:05		known_exact_genomic
HG02040#2	HLA-DQA1	1	HLA-DQA1*03:02	HLA-DQA1*03:02		known_exact_genomic
HG02056#1	HLA-DQA1	1	HLA-DQA1*05:03	HLA-DQA1*05:03		known_exact_genomic
HG02056#2	HLA-DQA1	1	HLA-DQA1*05:03	HLA-DQA1*05:03		known_exact_genomic
HG02071#1	HLA-DQA1	1	HLA-DQA1*06:01	HLA-DQA1*06:01		known_exact_genomic
HG02071#2	HLA-DQA1	1	HLA-DQA1*06:01	HLA-DQA1*06:01		known_exact_genomic
HG02074#1	HLA-DQA1	1	HLA-DQA1*01:04	HLA-DQA1*01:04		known_exact_genomic
HG02074#2	HLA-DQA1	1	HLA-DQA1*03:02	HLA-DQA1*03:02		known_exact_genomic
HG02080#1	HLA-DQA1	1	HLA-DQA1*05:01	HLA-DQA1*05:01		known_exact_cds
HG02080#2	HLA-DQA1	1	HLA-DQA1*02:01	HLA-DQA1*02:01		known_exact_genomic
HG02083#1	HLA-DQA1	1	HLA-DQA1*06:01	HLA-DQA1*06:01		known_exact_genomic
HG02083#2	HLA-DQA1	1	HLA-DQA1*03:02	HLA-DQA1*03:02		known_exact_genomic
HG02129#1	HLA-DQA1	1	HLA-DQA1*01:02	HLA-DQA1*01:02		known_exact_cds
HG02129#2	HLA-DQA1	1	HLA-DQA1*01:01	HLA-DQA1*01:01		known_exact_cds
HG02132#1	HLA-DQA1	1	HLA-DQA1*03:02	HLA-DQA1*03:02		known_exact_genomic
HG02132#2	HLA-DQA1	1	HLA-DQA1*03:03	HLA-DQA1*03:03		known_exact_genomic
HG02135#1	HLA-DQA1	1	HLA-DQA1*01:02	HLA-DQA1*01:02		known_exact_genomic
HG02135#2	HLA-DQA1	1	HLA-DQA1*03:02	HLA-DQA1*03:02		known_exact_genomic
HG02155#1	HLA-DQA1	1	HLA-DQA1*01:02	HLA-DQA1*01:02		known_exact_genomic
HG02155#2	HLA-DQA1	1	HLA-DQA1*01:02	HLA-DQA1*01:02		known_exact_genomic
HG02165#1	HLA-DQA1	1	HLA-DQA1*01:04	HLA-DQA1*01:04		known_exact_genomic
HG02165#2	HLA-DQA1	1	HLA-DQA1*01:04	HLA-DQA1*01:04		known_exact_genomic
HG02178#1	HLA-DQA1	1	HLA-DQA1*03:02	HLA-DQA1*03:02		known_exact_genomic
HG02178#2	HLA-DQA1	1	HLA-DQA1*01:01	HLA-DQA1*01:01		known_exact_genomic
HG02391#1	HLA-DQA1	1	HLA-DQA1*01:02	HLA-DQA1*01:02		known_exact_cds
HG02391#2	HLA-DQA1	1	HLA-DQA1*01:02	HLA-DQA1*01:02		known_exact_genomic
HG02392#1	HLA-DQA1	1	HLA-DQA1*01:01	HLA-DQA1*01:01		known_exact_genomic
HG02392#2	HLA-DQA1	1	HLA-DQA1*01:02	HLA-DQA1*01:02		known_exact_cds
HG02514#1	HLA-DQA1	1	HLA-DQA1*02:01	HLA-DQA1*02:01		known_exact_genomic
HG02514#2	HLA-DQA1	1	HLA-DQA1*06:01	HLA-DQA1*06:01		known_exact_genomic
HG02523#1	HLA-DQA1	1	HLA-DQA1*01:05	HLA-DQA1*01:05		known_exact_genomic
HG02523#2	HLA-DQA1	1	HLA-DQA1*03:02	HLA-DQA1*03:02		known_exact_genomic
NA18565#1	HLA-DQA1	1	HLA-DQA1*03:02	HLA-DQA1*03:02		known_exact_genomic
NA18565#2	HLA-DQA1	1	HLA-DQA1*06:01	HLA-DQA1*06:01		known_exact_genomic
NA18570#1	HLA-DQA1	1	HLA-DQA1*05:05	HLA-DQA1*05:05		known_exact_genomic
NA18570#2	HLA-DQA1	1	HLA-DQA1*03:01	HLA-DQA1*03:01		known_exact_genomic
NA18608#1	HLA-DQA1	1	HLA-DQA1*01:04	HLA-DQA1*01:04		known_exact_genomic
NA18608#2	HLA-DQA1	1	HLA-DQA1*01:04	HLA-DQA1*01:04		known_exact_genomic
NA18620#1	HLA-DQA1	1	HLA-DQA1*06:01	HLA-DQA1*06:01		known_exact_genomic
NA18620#2	HLA-DQA1	1	HLA-DQA1*05:05	HLA-DQA1*05:05		known_exact_genomic
NA18747#1	HLA-DQA1	1	HLA-DQA1*01:04	HLA-DQA1*01:04		known_exact_genomic
NA18747#2	HLA-DQA1	1	HLA-DQA1*01:02	HLA-DQA1*01:02		known_exact_genomic
NA18940#1	HLA-DQA1	1	HLA-DQA1*01:03	HLA-DQA1*01:03		known_exact_genomic
NA18940#2	HLA-DQA1	1	HLA-DQA1*04:01	HLA-DQA1*04:01		known_exact_genomic
NA18943#1	HLA-DQA1	1	HLA-DQA1*01:03	HLA-DQA1*01:03		known_exact_genomic
NA18943#2	HLA-DQA1	1	HLA-DQA1*04:01	HLA-DQA1*04:01		known_exact_genomic
NA18944#1	HLA-DQA1	1	HLA-DQA1*03:01	HLA-DQA1*03:01		known_exact_genomic
NA18944#2	HLA-DQA1	1	HLA-DQA1*04:01	HLA-DQA1*04:01		known_exact_genomic
NA18945#1	HLA-DQA1	1	HLA-DQA1*01:02	HLA-DQA1*01:02		known_exact_genomic
NA18945#2	HLA-DQA1	1	HLA-DQA1*03:02	HLA-DQA1*03:02		known_exact_genomic
NA18948#1	HLA-DQA1	1	HLA-DQA1*02:01	HLA-DQA1*02:01		known_exact_genomic
NA18948#2	HLA-DQA1	1	HLA-DQA1*01:01	HLA-DQA1*01:01		known_exact_genomic
NA18952#1	HLA-DQA1	1	HLA-DQA1*01:04	HLA-DQA1*01:04		known_exact_genomic
NA18952#2	HLA-DQA1	1	HLA-DQA1*03:02	HLA-DQA1*03:02		known_exact_genomic
NA18959#1	HLA-DQA1	1	HLA-DQA1*01:03	HLA-DQA1*01:03		known_exact_genomic
NA18959#2	HLA-DQA1	1	HLA-DQA1*01:02	HLA-DQA1*01:02		known_exact_genomic
NA18960#1	HLA-DQA1	1	HLA-DQA1*03:02	HLA-DQA1*03:02		known_exact_genomic
NA18960#2	HLA-DQA1	1	HLA-DQA1*03:03	HLA-DQA1*03:03		known_exact_genomic
NA18967#1	HLA-DQA1	1	HLA-DQA1*01:04	HLA-DQA1*01:04		known_exact_genomic
NA18967#2	HLA-DQA1	1	HLA-DQA1*03:02	HLA-DQA1*03:02		known_exact_genomic
NA18970#1	HLA-DQA1	1	HLA-DQA1*01:04	HLA-DQA1*01:04		known_exact_genomic
NA18970#2	HLA-DQA1	1	HLA-DQA1*03:03	HLA-DQA1*03:03		known_exact_genomic
NA18971#1	HLA-DQA1	1	HLA-DQA1*03:02	HLA-DQA1*03:02		known_exact_genomic
NA18971#2	HLA-DQA1	1	HLA-DQA1*01:04	HLA-DQA1*01:04		known_exact_genomic
NA18974#1	HLA-DQA1	1	HLA-DQA1*03:02	HLA-DQA1*03:02		known_exact_genomic
NA18974#2	HLA-DQA1	1	HLA-DQA1*01:02	HLA-DQA1*01:02		known_exact_genomic
NA18976#1	HLA-DQA1	1	HLA-DQA1*01:02	HLA-DQA1*01:02		known_exact_genomic
NA18976#2	HLA-DQA1	1	HLA-DQA1*01:02	HLA-DQA1*01:02		known_exact_genomic
NA18982#1	HLA-DQA1	1	HLA-DQA1*01:03	HLA-DQA1*01:03		known_exact_genomic
NA18982#2	HLA-DQA1	1	HLA-DQA1*05:05	HLA-DQA1*05:05		known_exact_genomic
NA18983#1	HLA-DQA1	1	HLA-DQA1*05:05	HLA-DQA1*05:05		known_exact_genomic
NA18983#2	HLA-DQA1	1	HLA-DQA1*03:01	HLA-DQA1*03:01		known_exact_genomic
NA19087#1	HLA-DQA1	1	HLA-DQA1*03:03	HLA-DQA1*03:03		known_exact_genomic
NA19087#2	HLA-DQA1	1	HLA-DQA1*01:02	HLA-DQA1*01:02		known_exact_genomic
hg002#1	HLA-DQA1	1	HLA-DQA1*03:01	HLA-DQA1*03:01		known_exact_genomic
hg002#2	HLA-DQA1	1	HLA-DQA1*01:05	HLA-DQA1*01:05		known_exact_genomic
HG00097#1	HLA-DQA1	1	HLA-DQA1*01:02	HLA-DQA1*01:02		known_exact_genomic
HG00097#2	HLA-DQA1	1	HLA-DQA1*05:05	HLA-DQA1*05:05		known_exact_cds
HG00099#1	HLA-DQA1	1	HLA-DQA1*05:05	HLA-DQA1*05:05		known_exact_genomic
HG00099#2	HLA-DQA1	1	HLA-DQA1*05:01	HLA-DQA1*05:01		known_exact_genomic
HG00126#1	HLA-DQA1	1	HLA-DQA1*01:04	HLA-DQA1*01:04		known_exact_cds
HG00126#2	HLA-DQA1	1	HLA-DQA1*02:01	HLA-DQA1*02:01		known_exact_genomic
HG00128#1	HLA-DQA1	1	HLA-DQA1*01:01	HLA-DQA1*01:01		known_exact_genomic
HG00128#2	HLA-DQA1	1	HLA-DQA1*05:05	HLA-DQA1*05:05		known_exact_genomic
HG00133#1	HLA-DQA1	1	HLA-DQA1*01:02	HLA-DQA1*01:02		known_exact_cds
HG00133#2	HLA-DQA1	1	HLA-DQA1*03:01	HLA-DQA1*03:01		known_exact_genomic
HG00140#1	HLA-DQA1	1	HLA-DQA1*01:01	HLA-DQA1*01:01		known_exact_genomic
HG00140#2	HLA-DQA1	1	HLA-DQA1*05:01	HLA-DQA1*05:01		known_exact_genomic
HG00146#1	HLA-DQA1	1	HLA-DQA1*05:01	HLA-DQA1*05:01		known_exact_genomic
HG00146#2	HLA-DQA1	1	HLA-DQA1*01:01	HLA-DQA1*01:01		known_exact_genomic
HG00232#1	HLA-DQA1	1	HLA-DQA1*01:02	HLA-DQA1*01:02		known_exact_genomic
HG00232#2	HLA-DQA1	1	HLA-DQA1*01:04	HLA-DQA1*01:04		known_exact_cds
HG00235#1	HLA-DQA1	1	HLA-DQA1*03:01	HLA-DQA1*03:01		known_exact_genomic
HG00235#2	HLA-DQA1	1	HLA-DQA1*03:02	HLA-DQA1*03:02		known_exact_genomic
HG00253#1	HLA-DQA1	1	HLA-DQA1*05:05	HLA-DQA1*05:05		known_exact_genomic
HG00253#2	HLA-DQA1	1	HLA-DQA1*01:02	HLA-DQA1*01:02		known_exact_genomic
HG00272#1	HLA-DQA1	1	HLA-DQA1*01:03	HLA-DQA1*01:03		known_exact_genomic
HG00272#2	HLA-DQA1	1	HLA-DQA1*05:01	HLA-DQA1*05:01		known_exact_genomic
HG00280#1	HLA-DQA1	1	HLA-DQA1*05:05	HLA-DQA1*05:05		known_exact_genomic
HG00280#2	HLA-DQA1	1	HLA-DQA1*05:01	HLA-DQA1*05:01		known_exact_genomic
HG00290#1	HLA-DQA1	1	HLA-DQA1*01:01	HLA-DQA1*01:01		known_exact_genomic
HG00290#2	HLA-DQA1	1	HLA-DQA1*01:01	HLA-DQA1*01:01		known_exact_genomic
HG00320#1	HLA-DQA1	1	HLA-DQA1*04:01	HLA-DQA1*04:01		known_exact_genomic
HG00320#2	HLA-DQA1	1	HLA-DQA1*04:01	HLA-DQA1*04:01		known_exact_genomic
HG00321#1	HLA-DQA1	1	HLA-DQA1*01:02	HLA-DQA1*01:02		known_exact_genomic
HG00321#2	HLA-DQA1	1	HLA-DQA1*04:01	HLA-DQA1*04:01		known_exact_genomic
HG00323#1	HLA-DQA1	1	HLA-DQA1*01:02	HLA-DQA1*01:02		known_exact_genomic
HG00323#2	HLA-DQA1	1	HLA-DQA1*01:02	HLA-DQA1*01:02		known_exact_genomic
HG00329#1	HLA-DQA1	1	HLA-DQA1*01:03	HLA-DQA1*01:03		known_exact_genomic
HG00329#2	HLA-DQA1	1	HLA-DQA1*01:01	HLA-DQA1*01:01		known_exact_genomic
HG00344#1	HLA-DQA1	1	HLA-DQA1*01:02	HLA-DQA1*01:02		known_exact_genomic
HG00344#2	HLA-DQA1	1	HLA-DQA1*01:02	HLA-DQA1*01:02		known_exact_genomic
HG00350#1	HLA-DQA1	1	HLA-DQA1*01:01	HLA-DQA1*01:01		known_exact_genomic
HG00350#2	HLA-DQA1	1	HLA-DQA1*03:01	HLA-DQA1*03:01		known_exact_genomic
HG00639#1	HLA-DQA1	1	HLA-DQA1*03:01	HLA-DQA1*03:01		known_exact_genomic
HG00639#2	HLA-DQA1	1	HLA-DQA1*03:01	HLA-DQA1*03:01		known_exact_genomic
HG00642#1	HLA-DQA1	1	HLA-DQA1*05:01	HLA-DQA1*05:01		known_exact_genomic
HG00642#2	HLA-DQA1	1	HLA-DQA1*01:02	HLA-DQA1*01:02		known_exact_genomic
HG00733#1	HLA-DQA1	1	HLA-DQA1*05:05	HLA-DQA1*05:05		known_exact_genomic
HG00733#2	HLA-DQA1	1	HLA-DQA1*05:01	HLA-DQA1*05:01		known_exact_genomic
HG00735#1	HLA-DQA1	1	HLA-DQA1*01:01	HLA-DQA1*01:01		known_exact_genomic
HG00735#2	HLA-DQA1	1	HLA-DQA1*03:01	HLA-DQA1*03:01		known_exact_genomic
HG00738#1	HLA-DQA1	1	HLA-DQA1*05:01	HLA-DQA1*05:01		known_exact_cds
HG00738#2	HLA-DQA1	1	HLA-DQA1*01:03	HLA-DQA1*01:03		known_exact_genomic
HG00741#1	HLA-DQA1	1	HLA-DQA1*05:05	HLA-DQA1*05:05		known_exact_genomic
HG00741#2	HLA-DQA1	1	HLA-DQA1*04:01	HLA-DQA1*04:01		known_exact_genomic
HG01071#1	HLA-DQA1	1	HLA-DQA1*02:01	HLA-DQA1*02:01		known_exact_genomic
HG01071#2	HLA-DQA1	1	HLA-DQA1*05:01	HLA-DQA1*05:01		known_exact_cds
HG01074#1	HLA-DQA1	1	HLA-DQA1*01:02	HLA-DQA1*01:02		known_exact_genomic
HG01074#2	HLA-DQA1	1	HLA-DQA1*02:01	HLA-DQA1*02:01		known_exact_genomic
HG01081#1	HLA-DQA1	1	HLA-DQA1*05:05	HLA-DQA1*05:05		known_exact_cds
HG01081#2	HLA-DQA1	1	HLA-DQA1*01:02	HLA-DQA1*01:02		known_exact_genomic
HG01099#1	HLA-DQA1	1	HLA-DQA1*02:01	HLA-DQA1*02:01		known_exact_genomic
HG01099#2	HLA-DQA1	1	HLA-DQA1*02:01	HLA-DQA1*02:01		known_exact_genomic
HG01106#1	HLA-DQA1	1	HLA-DQA1*05:01	HLA-DQA1*05:01		known_exact_genomic
HG01106#2	HLA-DQA1	1	HLA-DQA1*05:05	HLA-DQA1*05:05		known_exact_genomic
HG01109#1	HLA-DQA1	1	HLA-DQA1*04:01	HLA-DQA1*04:01		known_exact_genomic
HG01109#2	HLA-DQA1	1	HLA-DQA1*01:01	HLA-DQA1*01:01		known_exact_genomic
HG01123#1	HLA-DQA1	1	HLA-DQA1*02:01	HLA-DQA1*02:01		known_exact_genomic
HG01123#2	HLA-DQA1	1	HLA-DQA1*01:03	HLA-DQA1*01:03		known_exact_genomic
HG01150#1	HLA-DQA1	1	HLA-DQA1*01:02	HLA-DQA1*01:02		known_exact_cds
HG01150#2	HLA-DQA1	1	HLA-DQA1*05:03	HLA-DQA1*05:03		known_exact_cds
HG01167#1	HLA-DQA1	1	HLA-DQA1*03:01	HLA-DQA1*03:01		known_exact_genomic
HG01167#2	HLA-DQA1	1	HLA-DQA1*01:02	HLA-DQA1*01:02		known_exact_genomic
HG01175#1	HLA-DQA1	1	HLA-DQA1*01:02	HLA-DQA1*01:02		known_exact_genomic
HG01175#2	HLA-DQA1	1	HLA-DQA1*01:01	HLA-DQA1*01:01		known_exact_genomic
HG01192#1	HLA-DQA1	1	HLA-DQA1*04:01	HLA-DQA1*04:01		known_exact_genomic
HG01192#2	HLA-DQA1	1	HLA-DQA1*05:01	HLA-DQA1*05:01		known_exact_genomic
HG01243#1	HLA-DQA1	1	HLA-DQA1*01:02	HLA-DQA1*01:02		known_exact_cds
HG01243#2	HLA-DQA1	1	HLA-DQA1*01:03	HLA-DQA1*01:03		known_exact_genomic
HG01252#1	HLA-DQA1	1	HLA-DQA1*03:01	HLA-DQA1*03:01		known_exact_genomic
HG01252#2	HLA-DQA1	1	HLA-DQA1*03:01	HLA-DQA1*03:01		known_exact_genomic
HG01255#1	HLA-DQA1	1	HLA-DQA1*01:03	HLA-DQA1*01:03		known_exact_genomic
HG01255#2	HLA-DQA1	1	HLA-DQA1*01:02	HLA-DQA1*01:02		known_exact_genomic
HG01258#1	HLA-DQA1	1	HLA-DQA1*01:03	HLA-DQA1*01:03		known_exact_genomic
HG01258#2	HLA-DQA1	1	HLA-DQA1*01:05	HLA-DQA1*01:05		known_exact_genomic
HG01261#1	HLA-DQA1	1	HLA-DQA1*03:02	HLA-DQA1*03:02		known_exact_genomic
HG01261#2	HLA-DQA1	1	HLA-DQA1*04:01	HLA-DQA1*04:01		known_exact_genomic
HG01346#1	HLA-DQA1	1	HLA-DQA1*05:03	HLA-DQA1*05:03		known_exact_cds
HG01346#2	HLA-DQA1	1	HLA-DQA1*01:04	HLA-DQA1*01:04		known_exact_genomic
HG01358#1	HLA-DQA1	1	HLA-DQA1*03:01	HLA-DQA1*03:01		known_exact_genomic
HG01358#2	HLA-DQA1	1	HLA-DQA1*01:02	HLA-DQA1*01:02		known_exact_genomic
HG01361#1	HLA-DQA1	1	HLA-DQA1*05:05	HLA-DQA1*05:05		known_exact_genomic
HG01361#2	HLA-DQA1	1	HLA-DQA1*02:01	HLA-DQA1*02:01		known_exact_genomic
HG01433#1	HLA-DQA1	1	HLA-DQA1*03:01	HLA-DQA1*03:01		known_exact_genomic
HG01433#2	HLA-DQA1	1	HLA-DQA1*02:01	HLA-DQA1*02:01		known_exact_genomic
HG01496#1	HLA-DQA1	1	HLA-DQA1*01:01	HLA-DQA1*01:01		known_exact_genomic
HG01496#2	HLA-DQA1	1	HLA-DQA1*03:01	HLA-DQA1*03:01		known_exact_genomic
HG01530#1	HLA-DQA1	1	HLA-DQA1*01:01	HLA-DQA1*01:01		known_exact_genomic
HG01530#2	HLA-DQA1	1	HLA-DQA1*02:01	HLA-DQA1*02:01		known_exact_genomic
HG01784#1	HLA-DQA1	1	HLA-DQA1*03:03	HLA-DQA1*03:03		known_exact_cds
HG01784#2	HLA-DQA1	1	HLA-DQA1*03:03	HLA-DQA1*03:03		known_exact_genomic
HG01786#1	HLA-DQA1	1	HLA-DQA1*05:05	HLA-DQA1*05:05		known_exact_cds
HG01786#2	HLA-DQA1	1	HLA-DQA1*01:02	HLA-DQA1*01:02		known_exact_genomic
HG01884#1	HLA-DQA1	1	HLA-DQA1*05:05	HLA-DQA1*05:05		known_exact_cds
HG01884#2	HLA-DQA1	1	HLA-DQA1*01:02	HLA-DQA1*01:02		known_exact_cds
HG01891#1	HLA-DQA1	1	HLA-DQA1*01:02	HLA-DQA1*01:02		known_exact_genomic
HG01891#2	HLA-DQA1	1	HLA-DQA1*01:01	HLA-DQA1*01:01		known_exact_genomic
HG01928#1	HLA-DQA1	1	HLA-DQA1*03:01	HLA-DQA1*03:01		known_exact_genomic
HG01928#2	HLA-DQA1	1	HLA-DQA1*03:02	HLA-DQA1*03:02		known_exact_genomic
HG01934#1	HLA-DQA1	1	HLA-DQA1*01:02	HLA-DQA1*01:02		known_exact_cds
HG01934#2	HLA-DQA1	1	HLA-DQA1*03:01	HLA-DQA1*03:01		known_exact_genomic
HG01940#1	HLA-DQA1	1	HLA-DQA1*05:03	HLA-DQA1*05:03		known_exact_cds
HG01940#2	HLA-DQA1	1	HLA-DQA1*05:03	HLA-DQA1*05:03		known_exact_cds
HG01943#1	HLA-DQA1	1	HLA-DQA1*03:01	HLA-DQA1*03:01		known_exact_genomic
HG01943#2	HLA-DQA1	1	HLA-DQA1*03:02	HLA-DQA1*03:02		known_exact_genomic
HG01952#1	HLA-DQA1	1	HLA-DQA1*05:03	HLA-DQA1*05:03		known_exact_cds
HG01952#2	HLA-DQA1	1	HLA-DQA1*03:03	HLA-DQA1*03:03		known_exact_genomic
HG01960#1	HLA-DQA1	1	HLA-DQA1*02:01	HLA-DQA1*02:01		known_exact_genomic
HG01960#2	HLA-DQA1	1	HLA-DQA1*01:02	HLA-DQA1*01:02		known_exact_cds
HG01969#1	HLA-DQA1	1	HLA-DQA1*02:01	HLA-DQA1*02:01		known_exact_genomic
HG01969#2	HLA-DQA1	1	HLA-DQA1*01:01	HLA-DQA1*01:01		known_exact_genomic
HG01975#1	HLA-DQA1	1	HLA-DQA1*03:01	HLA-DQA1*03:01		known_exact_genomic
HG01975#2	HLA-DQA1	1	HLA-DQA1*03:02	HLA-DQA1*03:02		known_exact_genomic
HG01978#1	HLA-DQA1	1	HLA-DQA1*05:05	HLA-DQA1*05:05		known_exact_genomic
HG01978#2	HLA-DQA1	1	HLA-DQA1*03:02	HLA-DQA1*03:02		known_exact_genomic
HG01981#1	HLA-DQA1	1	HLA-DQA1*03:01	HLA-DQA1*03:01		known_exact_genomic
HG01981#2	HLA-DQA1	1	HLA-DQA1*03:01	HLA-DQA1*03:01		known_exact_genomic
HG01993#1	HLA-DQA1	1	HLA-DQA1*05:05	HLA-DQA1*05:05		known_exact_cds
HG01993#2	HLA-DQA1	1	HLA-DQA1*01:01	HLA-DQA1*01:01		known_exact_genomic
HG02004#1	HLA-DQA1	1	HLA-DQA1*03:02	HLA-DQA1*03:02		known_exact_genomic
HG02004#2	HLA-DQA1	1	HLA-DQA1*03:02	HLA-DQA1*03:02		known_exact_genomic
HG02055#1	HLA-DQA1	1	HLA-DQA1*05:05	HLA-DQA1*05:05		known_exact_genomic
HG02055#2	HLA-DQA1	1	HLA-DQA1*05:05	HLA-DQA1*05:05		known_exact_genomic
HG02109#1	HLA-DQA1	1	HLA-DQA1*05:01	HLA-DQA1*05:01		known_exact_cds
HG02109#2	HLA-DQA1	1	HLA-DQA1*05:05	HLA-DQA1*05:05		known_exact_genomic
HG02145#1	HLA-DQA1	1	HLA-DQA1*01:02	HLA-DQA1*01:02		known_exact_genomic
HG02145#2	HLA-DQA1	1	HLA-DQA1*01:03	HLA-DQA1*01:03		known_exact_genomic
HG02148#1	HLA-DQA1	1	HLA-DQA1*05:03	HLA-DQA1*05:03		known_exact_cds
HG02148#2	HLA-DQA1	1	HLA-DQA1*05:01	HLA-DQA1*05:01		known_exact_genomic
HG02257#1	HLA-DQA1	1	HLA-DQA1*05:05	HLA-DQA1*05:05		known_exact_genomic
HG02257#2	HLA-DQA1	1	HLA-DQA1*01:01	HLA-DQA1*01:01		known_exact_genomic
HG02258#1	HLA-DQA1	1	HLA-DQA1*01:02	HLA-DQA1*01:02		known_exact_genomic
HG02258#2	HLA-DQA1	1	HLA-DQA1*01:02	HLA-DQA1*01:02		known_exact_genomic
HG02273#1	HLA-DQA1	1	HLA-DQA1*03:01	HLA-DQA1*03:01		known_exact_genomic
HG02273#2	HLA-DQA1	1	HLA-DQA1*05:03	HLA-DQA1*05:03		known_exact_cds
HG02280#1	HLA-DQA1	1	HLA-DQA1*05:05	HLA-DQA1*05:05		known_exact_genomic
HG02280#2	HLA-DQA1	1	HLA-DQA1*01:01	HLA-DQA1*01:01		known_exact_genomic
HG02293#1	HLA-DQA1	1	HLA-DQA1*03:02	HLA-DQA1*03:02		known_exact_genomic
HG02293#2	HLA-DQA1	1	HLA-DQA1*03:01	HLA-DQA1*03:01		known_exact_genomic
HG02300#1	HLA-DQA1	1	HLA-DQA1*03:01	HLA-DQA1*03:01		known_exact_genomic
HG02300#2	HLA-DQA1	1	HLA-DQA1*03:02	HLA-DQA1*03:02		known_exact_genomic
HG02451#1	HLA-DQA1	1	HLA-DQA1*01:02	HLA-DQA1*01:02		known_exact_genomic
HG02451#2	HLA-DQA1	1	HLA-DQA1*01:02	HLA-DQA1*01:02		known_exact_genomic
HG02486#1	HLA-DQA1	1	HLA-DQA1*01:02	HLA-DQA1*01:02		known_exact_genomic
HG02486#2	HLA-DQA1	1	HLA-DQA1*04:01	HLA-DQA1*04:01		known_exact_genomic
HG02559#1	HLA-DQA1	1	HLA-DQA1*03:01	HLA-DQA1*03:01		known_exact_genomic
HG02559#2	HLA-DQA1	1	HLA-DQA1*05:05	HLA-DQA1*05:05		known_exact_cds
HG02572#1	HLA-DQA1	1	HLA-DQA1*05:01	HLA-DQA1*05:01		known_exact_cds
HG02572#2	HLA-DQA1	1	HLA-DQA1*01:02	HLA-DQA1*01:02		known_exact_cds
HG02583#1	HLA-DQA1	1	HLA-DQA1*01:05	HLA-DQA1*01:05		known_exact_cds
HG02583#2	HLA-DQA1	1	HLA-DQA1*01:01	HLA-DQA1*01:01		known_exact_genomic
HG02602#1	HLA-DQA1	1	HLA-DQA1*02:01	HLA-DQA1*02:01		known_exact_genomic
HG02602#2	HLA-DQA1	1	HLA-DQA1*01:04	HLA-DQA1*01:04		known_exact_cds
HG02615#1	HLA-DQA1	1	HLA-DQA1*01:02	HLA-DQA1*01:02		known_exact_cds
HG02615#2	HLA-DQA1	1	HLA-DQA1*01:02	HLA-DQA1*01:02		known_exact_genomic
HG02622#1	HLA-DQA1	1	HLA-DQA1*02:01	HLA-DQA1*02:01		known_exact_cds
HG02622#2	HLA-DQA1	1	HLA-DQA1*03:03	HLA-DQA1*03:03		known_exact_cds
HG02630#1	HLA-DQA1	1	HLA-DQA1*03:03	HLA-DQA1*03:03		known_exact_genomic
HG02630#2	HLA-DQA1	1	HLA-DQA1*03:03	HLA-DQA1*03:03		known_exact_genomic
HG02647#1	HLA-DQA1	1	HLA-DQA1*01:05	HLA-DQA1*01:05		known_exact_genomic
HG02647#2	HLA-DQA1	1	HLA-DQA1*02:01	HLA-DQA1*02:01		known_exact_genomic
HG02668#1	HLA-DQA1	1	HLA-DQA1*05:05	HLA-DQA1*05:05		known_exact_genomic
HG02668#2	HLA-DQA1	1	HLA-DQA1*01:02	HLA-DQA1*01:02		known_exact_genomic
HG02698#1	HLA-DQA1	1	HLA-DQA1*01:03	HLA-DQA1*01:03		known_exact_genomic
HG02698#2	HLA-DQA1	1	HLA-DQA1*01:02	HLA-DQA1*01:02		known_exact_genomic
HG02717#1	HLA-DQA1	1	HLA-DQA1*05:01	HLA-DQA1*05:01		known_exact_cds
HG02717#2	HLA-DQA1	1	HLA-DQA1*03:03	HLA-DQA1*03:03		known_exact_cds
HG02723#1	HLA-DQA1	1	HLA-DQA1*05:05	HLA-DQA1*05:05		known_exact_cds
HG02723#2	HLA-DQA1	1	HLA-DQA1*02:01	HLA-DQA1*02:01		known_exact_cds
HG02735#1	HLA-DQA1	1	HLA-DQA1*02:01	HLA-DQA1*02:01		known_exact_genomic
HG02735#2	HLA-DQA1	1	HLA-DQA1*05:01	HLA-DQA1*05:01		known_exact_cds
HG02738#1	HLA-DQA1	1	HLA-DQA1*05:01	HLA-DQA1*05:01		known_exact_cds
HG02738#2	HLA-DQA1	1	HLA-DQA1*05:01	HLA-DQA1*05:01		known_exact_cds
HG02809#1	HLA-DQA1	1	HLA-DQA1*05:05	HLA-DQA1*05:05		known_exact_cds
HG02809#2	HLA-DQA1	1	HLA-DQA1*03:03	HLA-DQA1*03:03		known_exact_genomic
HG02818#1	HLA-DQA1	1	HLA-DQA1*01:03	HLA-DQA1*01:03		known_exact_genomic
HG02818#2	HLA-DQA1	1	HLA-DQA1*05:05	HLA-DQA1*05:05		known_exact_genomic
HG02841#1	HLA-DQA1	1	HLA-DQA1*03:03	HLA-DQA1*03:03		known_exact_genomic
HG02841#2	HLA-DQA1	1	HLA-DQA1*03:03	HLA-DQA1*03:03		known_exact_genomic
HG02886#1	HLA-DQA1	1	HLA-DQA1*04:01	HLA-DQA1*04:01		known_exact_genomic
HG02886#2	HLA-DQA1	1	HLA-DQA1*03:03	HLA-DQA1*03:03		known_exact_genomic
HG02922#1	HLA-DQA1	1	HLA-DQA1*01:02	HLA-DQA1*01:02		known_exact_genomic
HG02922#2	HLA-DQA1	1	HLA-DQA1*04:01	HLA-DQA1*04:01		known_exact_genomic
HG02965#1	HLA-DQA1	1	HLA-DQA1*04:01	HLA-DQA1*04:01		known_exact_genomic
HG02965#2	HLA-DQA1	1	HLA-DQA1*04:01	HLA-DQA1*04:01		known_exact_genomic
HG02976#1	HLA-DQA1	1	HLA-DQA1*01:02	HLA-DQA1*01:02		known_exact_genomic
HG02976#2	HLA-DQA1	1	HLA-DQA1*01:02	HLA-DQA1*01:02		known_exact_genomic
HG02984#1	HLA-DQA1	1	HLA-DQA1*01:02	HLA-DQA1*01:02		known_exact_genomic
HG02984#2	HLA-DQA1	1	HLA-DQA1*01:05	HLA-DQA1*01:05		known_exact_cds
HG03017#1	HLA-DQA1	1	HLA-DQA1*04:01	HLA-DQA1*04:01		known_exact_genomic
HG03017#2	HLA-DQA1	1	HLA-DQA1*01:02	HLA-DQA1*01:02		known_exact_genomic
HG03041#1	HLA-DQA1	1	HLA-DQA1*04:01	HLA-DQA1*04:01		known_exact_genomic
HG03041#2	HLA-DQA1	1	HLA-DQA1*01:02	HLA-DQA1*01:02		known_exact_genomic
HG03050#1	HLA-DQA1	1	HLA-DQA1*03:03	HLA-DQA1*03:03		known_exact_genomic
HG03050#2	HLA-DQA1	1	HLA-DQA1*04:01	HLA-DQA1*04:01		known_exact_genomic
HG03098#1	HLA-DQA1	1	HLA-DQA1*03:03	HLA-DQA1*03:03		known_exact_genomic
HG03098#2	HLA-DQA1	1	HLA-DQA1*03:03	HLA-DQA1*03:03		known_exact_genomic
HG03130#1	HLA-DQA1	1	HLA-DQA1*01:01	HLA-DQA1*01:01		known_exact_genomic
HG03130#2	HLA-DQA1	1	HLA-DQA1*03:03	HLA-DQA1*03:03		known_exact_genomic
HG03139#1	HLA-DQA1	1	HLA-DQA1*04:01	HLA-DQA1*04:01		known_exact_genomic
HG03139#2	HLA-DQA1	1	HLA-DQA1*01:02	HLA-DQA1*01:02		known_exact_genomic
HG03195#1	HLA-DQA1	1	HLA-DQA1*01:01	HLA-DQA1*01:01		known_exact_genomic
HG03195#2	HLA-DQA1	1	HLA-DQA1*01:02	HLA-DQA1*01:02		known_exact_genomic
HG03209#1	HLA-DQA1	1	HLA-DQA1*03:03	HLA-DQA1*03:03		known_exact_genomic
HG03209#2	HLA-DQA1	1	HLA-DQA1*01:02	HLA-DQA1*01:02		known_exact_genomic
HG03225#1	HLA-DQA1	1	HLA-DQA1*05:01	HLA-DQA1*05:01		known_exact_genomic
HG03225#2	HLA-DQA1	1	HLA-DQA1*01:01	HLA-DQA1*01:01		known_exact_genomic
HG03239#1	HLA-DQA1	1	HLA-DQA1*03:01	HLA-DQA1*03:01		known_exact_genomic
HG03239#2	HLA-DQA1	1	HLA-DQA1*02:01	HLA-DQA1*02:01		known_exact_genomic
HG03270#1	HLA-DQA1	1	HLA-DQA1*01:02	HLA-DQA1*01:02		known_exact_cds
HG03270#2	HLA-DQA1	1	HLA-DQA1*01:02	HLA-DQA1*01:02		known_exact_genomic
HG03369#1	HLA-DQA1	1	HLA-DQA1*01:02	HLA-DQA1*01:02		known_exact_genomic
HG03369#2	HLA-DQA1	1	HLA-DQA1*01:03	HLA-DQA1*01:03		known_exact_genomic
HG03453#1	HLA-DQA1	1	HLA-DQA1*03:03	HLA-DQA1*03:03		known_exact_cds
HG03453#2	HLA-DQA1	1	HLA-DQA1*05:01	HLA-DQA1*05:01		known_exact_genomic
HG03470#1	HLA-DQA1	1	HLA-DQA1*02:01	HLA-DQA1*02:01		known_exact_genomic
HG03470#2	HLA-DQA1	1	HLA-DQA1*01:01	HLA-DQA1*01:01		known_exact_genomic
HG03471#1	HLA-DQA1	1	HLA-DQA1*02:01	HLA-DQA1*02:01		known_exact_genomic
HG03471#2	HLA-DQA1	1	HLA-DQA1*04:01	HLA-DQA1*04:01		known_exact_genomic
HG03486#1	HLA-DQA1	1	HLA-DQA1*04:01	HLA-DQA1*04:01		known_exact_genomic
HG03486#2	HLA-DQA1	1	HLA-DQA1*01:02	HLA-DQA1*01:02		known_exact_cds
HG03516#1	HLA-DQA1	1	HLA-DQA1*01:02	HLA-DQA1*01:02		known_exact_genomic
HG03516#2	HLA-DQA1	1	HLA-DQA1*01:03	HLA-DQA1*01:03		known_exact_genomic
HG03521#1	HLA-DQA1	1	HLA-DQA1*01:03	HLA-DQA1*01:03		known_exact_cds
HG03521#2	HLA-DQA1	1	HLA-DQA1*02:01	HLA-DQA1*02:01		known_exact_genomic
HG03540#1	HLA-DQA1	1	HLA-DQA1*01:05	HLA-DQA1*01:05		known_exact_cds
HG03540#2	HLA-DQA1	1	HLA-DQA1*04:01	HLA-DQA1*04:01		known_exact_genomic
HG03579#1	HLA-DQA1	1	HLA-DQA1*04:01	HLA-DQA1*04:01		known_exact_genomic
HG03579#2	HLA-DQA1	1	HLA-DQA1*04:01	HLA-DQA1*04:01		known_exact_genomic
HG03583#1	HLA-DQA1	1	HLA-DQA1*03:03	HLA-DQA1*03:03		known_exact_genomic
HG03583#2	HLA-DQA1	1	HLA-DQA1*01:02	HLA-DQA1*01:02		known_exact_cds
HG03654#1	HLA-DQA1	1	HLA-DQA1*01:04	HLA-DQA1*01:04		known_exact_cds
HG03654#2	HLA-DQA1	1	HLA-DQA1*05:01	HLA-DQA1*05:01		known_exact_cds
HG03669#1	HLA-DQA1	1	HLA-DQA1*01:03	HLA-DQA1*01:03		known_exact_genomic
HG03669#2	HLA-DQA1	1	HLA-DQA1*03:01	HLA-DQA1*03:01		known_exact_genomic
HG03688#1	HLA-DQA1	1	HLA-DQA1*03:01	HLA-DQA1*03:01		known_exact_genomic
HG03688#2	HLA-DQA1	1	HLA-DQA1*01:03	HLA-DQA1*01:03		known_exact_genomic
HG03704#1	HLA-DQA1	1	HLA-DQA1*01:03	HLA-DQA1*01:03		known_exact_genomic
HG03704#2	HLA-DQA1	1	HLA-DQA1*02:01	HLA-DQA1*02:01		known_exact_genomic
HG03710#1	HLA-DQA1	1	HLA-DQA1*02:01	HLA-DQA1*02:01		known_exact_genomic
HG03710#2	HLA-DQA1	1	HLA-DQA1*01:04	HLA-DQA1*01:04		known_exact_cds
HG03742#1	HLA-DQA1	1	HLA-DQA1*03:01	HLA-DQA1*03:01		known_exact_genomic
HG03742#2	HLA-DQA1	1	HLA-DQA1*01:05	HLA-DQA1*01:05		known_exact_genomic
HG03784#1	HLA-DQA1	1	HLA-DQA1*05:05	HLA-DQA1*05:05		known_exact_genomic
HG03784#2	HLA-DQA1	1	HLA-DQA1*01:04	HLA-DQA1*01:04		known_exact_cds
HG03804#1	HLA-DQA1	1	HLA-DQA1*01:03	HLA-DQA1*01:03		known_exact_genomic
HG03804#2	HLA-DQA1	1	HLA-DQA1*01:02	HLA-DQA1*01:02		known_exact_cds
HG03816#1	HLA-DQA1	1	HLA-DQA1*02:01	HLA-DQA1*02:01		known_exact_cds
HG03816#2	HLA-DQA1	1	HLA-DQA1*01:01	HLA-DQA1*01:01		known_exact_genomic
HG03831#1	HLA-DQA1	1	HLA-DQA1*01:02	HLA-DQA1*01:02		known_exact_genomic
HG03831#2	HLA-DQA1	1	HLA-DQA1*01:03	HLA-DQA1*01:03		known_exact_genomic
HG03834#1	HLA-DQA1	1	HLA-DQA1*02:01	HLA-DQA1*02:01		known_exact_genomic
HG03834#2	HLA-DQA1	1	HLA-DQA1*01:01	HLA-DQA1*01:01		known_exact_genomic
HG03874#1	HLA-DQA1	1	HLA-DQA1*05:09	HLA-DQA1*05:09		known_exact_cds
HG03874#2	HLA-DQA1	1	HLA-DQA1*02:01	HLA-DQA1*02:01		known_exact_genomic
HG03927#1	HLA-DQA1	1	HLA-DQA1*01:04	HLA-DQA1*01:04		known_exact_cds
HG03927#2	HLA-DQA1	1	HLA-DQA1*02:01	HLA-DQA1*02:01		known_exact_genomic
HG03942#1	HLA-DQA1	1	HLA-DQA1*01:03	HLA-DQA1*01:03		known_exact_genomic
HG03942#2	HLA-DQA1	1	HLA-DQA1*01:03	HLA-DQA1*01:03		known_exact_genomic
HG04115#1	HLA-DQA1	1	HLA-DQA1*01:05	HLA-DQA1*01:05		known_exact_genomic
HG04115#2	HLA-DQA1	1	HLA-DQA1*02:01	HLA-DQA1*02:01		known_exact_genomic
HG04157#1	HLA-DQA1	1	HLA-DQA1*02:01	HLA-DQA1*02:01		known_exact_genomic
HG04157#2	HLA-DQA1	1	HLA-DQA1*01:03	HLA-DQA1*01:03		known_exact_genomic
HG04160#1	HLA-DQA1	1	HLA-DQA1*01:05	HLA-DQA1*01:05		known_exact_genomic
HG04160#2	HLA-DQA1	1	HLA-DQA1*01:02	HLA-DQA1*01:02		known_exact_cds
HG04184#1	HLA-DQA1	1	HLA-DQA1*02:01	HLA-DQA1*02:01		known_exact_genomic
HG04184#2	HLA-DQA1	1	HLA-DQA1*02:01	HLA-DQA1*02:01		known_exact_genomic
HG04187#1	HLA-DQA1	1	HLA-DQA1*05:01	HLA-DQA1*05:01		known_exact_cds
HG04187#2	HLA-DQA1	1	HLA-DQA1*05:09	HLA-DQA1*05:09		known_exact_genomic
HG04199#1	HLA-DQA1	1	HLA-DQA1*03:01	HLA-DQA1*03:01		known_exact_genomic
HG04199#2	HLA-DQA1	1	HLA-DQA1*01:01	HLA-DQA1*01:01		known_exact_genomic
HG04204#1	HLA-DQA1	1	HLA-DQA1*01:03	HLA-DQA1*01:03		known_exact_genomic
HG04204#2	HLA-DQA1	1	HLA-DQA1*02:01	HLA-DQA1*02:01		known_exact_genomic
HG04228#1	HLA-DQA1	1	HLA-DQA1*01:02	HLA-DQA1*01:02		known_exact_genomic
HG04228#2	HLA-DQA1	1	HLA-DQA1*01:02	HLA-DQA1*01:02		known_exact_genomic
HG06807#1	HLA-DQA1	1	HLA-DQA1*01:02	HLA-DQA1*01:02		known_exact_genomic
HG06807#2	HLA-DQA1	1	HLA-DQA1*01:02	HLA-DQA1*01:02		known_exact_genomic
NA18505#1	HLA-DQA1	1	HLA-DQA1*05:01	HLA-DQA1*05:01		known_exact_genomic
NA18505#2	HLA-DQA1	1	HLA-DQA1*01:02	HLA-DQA1*01:02		known_exact_genomic
NA18508#1	HLA-DQA1	1	HLA-DQA1*04:01	HLA-DQA1*04:01		known_exact_genomic
NA18508#2	HLA-DQA1	1	HLA-DQA1*02:01	HLA-DQA1*02:01		known_exact_genomic
NA18522#1	HLA-DQA1	1	HLA-DQA1*05:05	HLA-DQA1*05:05		known_exact_genomic
NA18522#2	HLA-DQA1	1	HLA-DQA1*01:02	HLA-DQA1*01:02		known_exact_genomic
NA18879#1	HLA-DQA1	1	HLA-DQA1*01:05	HLA-DQA1*01:05		known_exact_cds
NA18879#2	HLA-DQA1	1	HLA-DQA1*01:03	HLA-DQA1*01:03		known_exact_genomic
NA18906#1	HLA-DQA1	1	HLA-DQA1*01:02	HLA-DQA1*01:02		known_exact_genomic
NA18906#2	HLA-DQA1	1	HLA-DQA1*01:03	HLA-DQA1*01:03		known_exact_genomic
NA19036#1	HLA-DQA1	1	HLA-DQA1*01:05	HLA-DQA1*01:05		known_exact_genomic
NA19036#2	HLA-DQA1	1	HLA-DQA1*01:02	HLA-DQA1*01:02		known_exact_genomic
NA19043#1	HLA-DQA1	1	HLA-DQA1*01:02	HLA-DQA1*01:02		known_exact_genomic
NA19043#2	HLA-DQA1	1	HLA-DQA1*01:02	HLA-DQA1*01:02		known_exact_genomic
NA19159#1	HLA-DQA1	1	HLA-DQA1*01:03	HLA-DQA1*01:03		known_exact_genomic
NA19159#2	HLA-DQA1	1	HLA-DQA1*02:01	HLA-DQA1*02:01		known_exact_genomic
NA19185#1	HLA-DQA1	1	HLA-DQA1*01:03	HLA-DQA1*01:03		known_exact_genomic
NA19185#2	HLA-DQA1	1	HLA-DQA1*04:01	HLA-DQA1*04:01		known_exact_genomic
NA19240#1	HLA-DQA1	1	HLA-DQA1*05:05	HLA-DQA1*05:05		known_exact_genomic
NA19240#2	HLA-DQA1	1	HLA-DQA1*01:02	HLA-DQA1*01:02		known_exact_cds
NA19338#1	HLA-DQA1	1	HLA-DQA1*01:02	HLA-DQA1*01:02		known_exact_genomic
NA19338#2	HLA-DQA1	1	HLA-DQA1*01:02	HLA-DQA1*01:02		known_exact_genomic
NA19391#1	HLA-DQA1	1	HLA-DQA1*03:03	HLA-DQA1*03:03		known_exact_genomic
NA19391#2	HLA-DQA1	1	HLA-DQA1*05:05	HLA-DQA1*05:05		known_exact_genomic
NA19443#1	HLA-DQA1	1	HLA-DQA1*01:02	HLA-DQA1*01:02		known_exact_genomic
NA19443#2	HLA-DQA1	1	HLA-DQA1*05:05	HLA-DQA1*05:05		known_exact_genomic
NA19468#1	HLA-DQA1	1	HLA-DQA1*01:05	HLA-DQA1*01:05		known_exact_cds
NA19468#2	HLA-DQA1	1	HLA-DQA1*01:03	HLA-DQA1*01:03		known_exact_genomic
NA19682#1	HLA-DQA1	1	HLA-DQA1*05:03	HLA-DQA1*05:03		known_exact_cds
NA19682#2	HLA-DQA1	1	HLA-DQA1*05:01	HLA-DQA1*05:01		known_exact_genomic
NA19700#1	HLA-DQA1	1	HLA-DQA1*01:02	HLA-DQA1*01:02		known_exact_genomic
NA19700#2	HLA-DQA1	1	HLA-DQA1*03:03	HLA-DQA1*03:03		known_exact_genomic
NA19776#1	HLA-DQA1	1	HLA-DQA1*03:01	HLA-DQA1*03:01		known_exact_genomic
NA19776#2	HLA-DQA1	1	HLA-DQA1*05:03	HLA-DQA1*05:03		known_exact_cds
NA19835#1	HLA-DQA1	1	HLA-DQA1*04:01	HLA-DQA1*04:01		known_exact_genomic
NA19835#2	HLA-DQA1	1	HLA-DQA1*01:05	HLA-DQA1*01:05		known_exact_cds
NA19909#1	HLA-DQA1	1	HLA-DQA1*04:01	HLA-DQA1*04:01		known_exact_genomic
NA19909#2	HLA-DQA1	1	HLA-DQA1*04:01	HLA-DQA1*04:01		known_exact_genomic
NA20129#1	HLA-DQA1	1	HLA-DQA1*05:01	HLA-DQA1*05:01		known_exact_genomic
NA20129#2	HLA-DQA1	1	HLA-DQA1*05:03	HLA-DQA1*05:03		known_exact_cds
NA20282#1	HLA-DQA1	1	HLA-DQA1*05:05	HLA-DQA1*05:05		known_exact_genomic
NA20282#2	HLA-DQA1	1	HLA-DQA1*04:01	HLA-DQA1*04:01		known_exact_genomic
NA20346#1	HLA-DQA1	1	HLA-DQA1*02:01	HLA-DQA1*02:01		known_exact_genomic
NA20346#2	HLA-DQA1	1	HLA-DQA1*01:02	HLA-DQA1*01:02		known_exact_genomic
NA20503#1	HLA-DQA1	1	HLA-DQA1*01:01	HLA-DQA1*01:01		known_exact_genomic
NA20503#2	HLA-DQA1	1	HLA-DQA1*05:05	HLA-DQA1*05:05		known_exact_genomic
NA20752#1	HLA-DQA1	1	HLA-DQA1*01:01	HLA-DQA1*01:01		known_exact_genomic
NA20752#2	HLA-DQA1	1	HLA-DQA1*02:01	HLA-DQA1*02:01		known_exact_genomic
NA20762#1	HLA-DQA1	1	HLA-DQA1*01:01	HLA-DQA1*01:01		known_exact_genomic
NA20762#2	HLA-DQA1	1	HLA-DQA1*01:04	HLA-DQA1*01:04		known_exact_genomic
NA20799#1	HLA-DQA1	1	HLA-DQA1*05:05	HLA-DQA1*05:05		known_exact_cds
NA20799#2	HLA-DQA1	1	HLA-DQA1*01:01	HLA-DQA1*01:01		known_exact_genomic
NA20805#1	HLA-DQA1	1	HLA-DQA1*05:01	HLA-DQA1*05:01		known_exact_genomic
NA20805#2	HLA-DQA1	1	HLA-DQA1*05:05	HLA-DQA1*05:05		known_exact_genomic
NA20806#1	HLA-DQA1	1	HLA-DQA1*01:02	HLA-DQA1*01:02		known_exact_genomic
NA20806#2	HLA-DQA1	1	HLA-DQA1*01:02	HLA-DQA1*01:02		known_exact_genomic
NA20809#1	HLA-DQA1	1	HLA-DQA1*03:01	HLA-DQA1*03:01		known_exact_genomic
NA20809#2	HLA-DQA1	1	HLA-DQA1*01:01	HLA-DQA1*01:01		known_exact_genomic
NA20827#1	HLA-DQA1	1	HLA-DQA1*02:01	HLA-DQA1*02:01		known_exact_genomic
NA20827#2	HLA-DQA1	1	HLA-DQA1*02:01	HLA-DQA1*02:01		known_exact_genomic
NA20850#1	HLA-DQA1	1	HLA-DQA1*02:01	HLA-DQA1*02:01		known_exact_genomic
NA20850#2	HLA-DQA1	1	HLA-DQA1*01:02	HLA-DQA1*01:02		known_exact_cds
NA20870#1	HLA-DQA1	1	HLA-DQA1*01:02	HLA-DQA1*01:02		known_exact_cds
NA20870#2	HLA-DQA1	1	HLA-DQA1*01:03	HLA-DQA1*01:03		known_exact_genomic
NA20905#1	HLA-DQA1	1	HLA-DQA1*05:05	HLA-DQA1*05:05		known_exact_genomic
NA20905#2	HLA-DQA1	1	HLA-DQA1*01:03	HLA-DQA1*01:03		known_exact_genomic
NA21093#1	HLA-DQA1	1	HLA-DQA1*02:01	HLA-DQA1*02:01		known_exact_genomic
NA21093#2	HLA-DQA1	1	HLA-DQA1*01:05	HLA-DQA1*01:05		known_exact_genomic
NA21102#1	HLA-DQA1	1	HLA-DQA1*01:05	HLA-DQA1*01:05		known_exact_genomic
NA21102#2	HLA-DQA1	1	HLA-DQA1*05:01	HLA-DQA1*05:01		known_exact_cds
NA21106#1	HLA-DQA1	1	HLA-DQA1*01:03	HLA-DQA1*01:03		known_exact_genomic
NA21106#2	HLA-DQA1	1	HLA-DQA1*01:03	HLA-DQA1*01:03		known_exact_genomic
NA21110#1	HLA-DQA1	1	HLA-DQA1*05:05	HLA-DQA1*05:05		known_exact_cds
NA21110#2	HLA-DQA1	1	HLA-DQA1*01:03	HLA-DQA1*01:03		known_exact_genomic
NA21144#1	HLA-DQA1	1	HLA-DQA1*02:01	HLA-DQA1*02:01		known_exact_genomic
NA21144#2	HLA-DQA1	1	HLA-DQA1*05:01	HLA-DQA1*05:01		known_exact_cds
NA21309#1	HLA-DQA1	1	HLA-DQA1*01:02	HLA-DQA1*01:02		known_exact_genomic
NA21309#2	HLA-DQA1	1	HLA-DQA1*01:02	HLA-DQA1*01:02		known_exact_genomic
NA18990#1	HLA-DQA1	1	HLA-DQA1*01:02	HLA-DQA1*01:02		known_exact_genomic
NA18990#2	HLA-DQA1	1	HLA-DQA1*03:02	HLA-DQA1*03:02		known_exact_genomic
NA19007#1	HLA-DQA1	1	HLA-DQA1*03:02	HLA-DQA1*03:02		known_exact_genomic
NA19007#2	HLA-DQA1	1	HLA-DQA1*01:03	HLA-DQA1*01:03		known_exact_genomic
NA19066#1	HLA-DQA1	1	HLA-DQA1*01:03	HLA-DQA1*01:03		known_exact_genomic
NA19066#2	HLA-DQA1	1	HLA-DQA1*02:01	HLA-DQA1*02:01		known_exact_genomic
NA19079#1	HLA-DQA1	1	HLA-DQA1*03:01	HLA-DQA1*03:01		known_exact_genomic
NA19079#2	HLA-DQA1	1	HLA-DQA1*01:02	HLA-DQA1*01:02		known_exact_genomic
NA19088#1	HLA-DQA1	1	HLA-DQA1*05:03	HLA-DQA1*05:03		known_exact_genomic
NA19088#2	HLA-DQA1	1	HLA-DQA1*03:01	HLA-DQA1*03:01		known_exact_genomic
ksa001#1	HLA-DQA1	1	HLA-DQA1*03:01	HLA-DQA1*03:01		known_exact_genomic
ksa001#2	HLA-DQA1	1	HLA-DQA1*05:05	HLA-DQA1*05:05		known_exact_genomic
ksa002#1	HLA-DQA1	1	HLA-DQA1*01:01	HLA-DQA1*01:01		known_exact_genomic
ksa002#2	HLA-DQA1	1	HLA-DQA1*05:01	HLA-DQA1*05:01		known_exact_cds
ksa003#1	HLA-DQA1	1	HLA-DQA1*03:03	HLA-DQA1*03:03		known_exact_genomic
ksa003#2	HLA-DQA1	1	HLA-DQA1*03:02	HLA-DQA1*03:02		known_exact_genomic
ksa004#1	HLA-DQA1	1	HLA-DQA1*01:03	HLA-DQA1*01:03		known_exact_genomic
ksa004#2	HLA-DQA1	1	HLA-DQA1*01:02	HLA-DQA1*01:02		known_exact_cds
ksa005#1	HLA-DQA1	1	HLA-DQA1*01:03	HLA-DQA1*01:03		known_exact_genomic
ksa005#2	HLA-DQA1	1	HLA-DQA1*03:01	HLA-DQA1*03:01		known_exact_cds
ksa006#1	HLA-DQA1	1	HLA-DQA1*02:01	HLA-DQA1*02:01		known_exact_genomic
ksa006#2	HLA-DQA1	1	HLA-DQA1*03:03	HLA-DQA1*03:03		known_exact_genomic
ksa007#1	HLA-DQA1	1	HLA-DQA1*01:03	HLA-DQA1*01:03		known_exact_genomic
ksa007#2	HLA-DQA1	1	HLA-DQA1*01:03	HLA-DQA1*01:03		known_exact_genomic
ksa008#1	HLA-DQA1	1	HLA-DQA1*02:01	HLA-DQA1*02:01		known_exact_genomic
ksa008#2	HLA-DQA1	1	HLA-DQA1*01:03	HLA-DQA1*01:03		known_exact_genomic
ksa009#1	HLA-DQA1	1	HLA-DQA1*03:03	HLA-DQA1*03:03		known_exact_genomic
ksa009#2	HLA-DQA1	1	HLA-DQA1*05:05	HLA-DQA1*05:05		known_exact_genomic
KOREF1#1	HLA-DQA1	1	HLA-DQA1*03:02	HLA-DQA1*03:02		known_exact_genomic
KOREF1#2	HLA-DQA1	1	HLA-DQA1*01:02	HLA-DQA1*01:02		known_exact_genomic
KOREF2#1	HLA-DQA1	1	HLA-DQA1*01:02	HLA-DQA1*01:02		known_exact_cds
KOREF2#2	HLA-DQA1	1	HLA-DQA1*05:05	HLA-DQA1*05:05		known_exact_genomic
KPanRef-071#1	HLA-DQA1	1	HLA-DQA1*01:03	HLA-DQA1*01:03		known_exact_genomic
KPanRef-071#2	HLA-DQA1	1	HLA-DQA1*01:02	HLA-DQA1*01:02		known_exact_genomic
KPanRef-072#1	HLA-DQA1	1	HLA-DQA1*02:01	HLA-DQA1*02:01		known_exact_genomic
KPanRef-072#2	HLA-DQA1	1	HLA-DQA1*03:02	HLA-DQA1*03:02		known_exact_genomic
KPanRef-073#1	HLA-DQA1	1	HLA-DQA1*01:05	HLA-DQA1*01:05		known_exact_genomic
KPanRef-073#2	HLA-DQA1	1	HLA-DQA1*05:05	HLA-DQA1*05:05		known_exact_genomic
KPanRef-074#1	HLA-DQA1	0		HLA-DQA1*01:04		known_exact_protein
KPanRef-074#2	HLA-DQA1	1	HLA-DQA1*03:03	HLA-DQA1*03:03		known_exact_genomic
KPanRef-075#1	HLA-DQA1	1	HLA-DQA1*01:02	HLA-DQA1*01:02		known_exact_genomic
KPanRef-075#2	HLA-DQA1	1	HLA-DQA1*01:03	HLA-DQA1*01:03		known_exact_genomic
KPanRef-076#1	HLA-DQA1	1	HLA-DQA1*01:01	HLA-DQA1*01:01		known_exact_cds
KPanRef-076#2	HLA-DQA1	1	HLA-DQA1*03:01	HLA-DQA1*03:01		known_exact_genomic
KPanRef-076-M#1	HLA-DQA1	1	HLA-DQA1*02:01	HLA-DQA1*02:01		known_exact_genomic
KPanRef-076-M#2	HLA-DQA1	1	HLA-DQA1*03:01	HLA-DQA1*03:01		known_exact_genomic
KPanRef-076-P#1	HLA-DQA1	1	HLA-DQA1*01:03	HLA-DQA1*01:03		known_exact_genomic
KPanRef-076-P#2	HLA-DQA1	1	HLA-DQA1*01:01	HLA-DQA1*01:01		known_exact_cds
KPanRef-077#1	HLA-DQA1	1	HLA-DQA1*03:02	HLA-DQA1*03:02		known_exact_genomic
KPanRef-077#2	HLA-DQA1	1	HLA-DQA1*01:03	HLA-DQA1*01:03		known_exact_genomic
KPanRef-078#1	HLA-DQA1	1	HLA-DQA1*01:04	HLA-DQA1*01:04		known_exact_genomic
KPanRef-078#2	HLA-DQA1	1	HLA-DQA1*05:01	HLA-DQA1*05:01		known_exact_cds
KPanRef-079#1	HLA-DQA1	1	HLA-DQA1*02:01	HLA-DQA1*02:01		known_exact_genomic
KPanRef-079#2	HLA-DQA1	1	HLA-DQA1*03:02	HLA-DQA1*03:02		known_exact_genomic
KPanRef-080#1	HLA-DQA1	1	HLA-DQA1*03:01	HLA-DQA1*03:01		known_exact_genomic
KPanRef-080#2	HLA-DQA1	1	HLA-DQA1*03:02	HLA-DQA1*03:02		known_exact_genomic
apr-f#1	HLA-DQB1	1	HLA-DQB1*06:01	HLA-DQB1*06:01		known_exact_genomic
apr-f#2	HLA-DQB1	1	HLA-DQB1*06:01	HLA-DQB1*06:01		known_exact_genomic
apr-m#1	HLA-DQB1	1	HLA-DQB1*06:04	HLA-DQB1*06:04		known_exact_genomic
apr-m#2	HLA-DQB1	1	HLA-DQB1*03:01	HLA-DQB1*03:01		known_exact_genomic
apr-s#1	HLA-DQB1	1	HLA-DQB1*03:01	HLA-DQB1*03:01		known_exact_genomic
apr-s#2	HLA-DQB1	1	HLA-DQB1*06:01	HLA-DQB1*06:01		known_exact_genomic
apr001#1	HLA-DQB1	1	HLA-DQB1*05:02	HLA-DQB1*05:02		known_exact_genomic
apr001#2	HLA-DQB1	1	HLA-DQB1*02:01	HLA-DQB1*02:01		known_exact_genomic
apr002#1	HLA-DQB1	0		HLA-DQB1*02:02		known_exact_protein
apr002#2	HLA-DQB1	1	HLA-DQB1*05:01	HLA-DQB1*05:01		known_exact_genomic
apr003#1	HLA-DQB1	1	HLA-DQB1*03:02	HLA-DQB1*03:02		known_exact_genomic
apr003#2	HLA-DQB1	1	HLA-DQB1*05:02	HLA-DQB1*05:02		known_exact_genomic
apr004#1	HLA-DQB1	1	HLA-DQB1*06:02	HLA-DQB1*06:02		known_exact_genomic
apr004#2	HLA-DQB1	1	HLA-DQB1*02:01	HLA-DQB1*02:01		known_exact_genomic
apr005#1	HLA-DQB1	1	HLA-DQB1*02:01	HLA-DQB1*02:01		known_exact_genomic
apr005#2	HLA-DQB1	1	HLA-DQB1*02:01	HLA-DQB1*02:01		known_exact_genomic
apr006#1	HLA-DQB1	1	HLA-DQB1*02:01	HLA-DQB1*02:01		known_exact_genomic
apr006#2	HLA-DQB1	1	HLA-DQB1*05:02	HLA-DQB1*05:02		known_exact_genomic
apr007#1	HLA-DQB1	1	HLA-DQB1*06:02	HLA-DQB1*06:02		known_exact_genomic
apr007#2	HLA-DQB1	1	HLA-DQB1*06:02	HLA-DQB1*06:02		known_exact_genomic
apr008#1	HLA-DQB1	1	HLA-DQB1*05:01	HLA-DQB1*05:01		known_exact_genomic
apr008#2	HLA-DQB1	1	HLA-DQB1*02:01	HLA-DQB1*02:01		known_exact_genomic
apr009#1	HLA-DQB1	1	HLA-DQB1*02:02	HLA-DQB1*02:02		known_exact_genomic
apr009#2	HLA-DQB1	1	HLA-DQB1*05:02	HLA-DQB1*05:02		known_exact_genomic
apr010#1	HLA-DQB1	1	HLA-DQB1*02:02	HLA-DQB1*02:02		known_exact_genomic
apr010#2	HLA-DQB1	1	HLA-DQB1*06:02	HLA-DQB1*06:02		known_exact_genomic
apr011#1	HLA-DQB1	1	HLA-DQB1*03:01	HLA-DQB1*03:01		known_exact_genomic
apr011#2	HLA-DQB1	1	HLA-DQB1*02:01	HLA-DQB1*02:01		known_exact_genomic
apr012#1	HLA-DQB1	1	HLA-DQB1*02:01	HLA-DQB1*02:01		known_exact_genomic
apr012#2	HLA-DQB1	1	HLA-DQB1*02:01	HLA-DQB1*02:01		known_exact_genomic
apr013#1	HLA-DQB1	1	HLA-DQB1*06:01	HLA-DQB1*06:01		known_exact_genomic
apr013#2	HLA-DQB1	1	HLA-DQB1*06:01	HLA-DQB1*06:01		known_exact_genomic
apr014#1	HLA-DQB1	1	HLA-DQB1*02:01	HLA-DQB1*02:01		known_exact_genomic
apr014#2	HLA-DQB1	1	HLA-DQB1*04:02	HLA-DQB1*04:02		known_exact_genomic
apr015#1	HLA-DQB1	1	HLA-DQB1*02:01	HLA-DQB1*02:01		known_exact_genomic
apr015#2	HLA-DQB1	1	HLA-DQB1*02:01	HLA-DQB1*02:01		known_exact_genomic
apr016#1	HLA-DQB1	1	HLA-DQB1*05:02	HLA-DQB1*05:02		known_exact_genomic
apr016#2	HLA-DQB1	1	HLA-DQB1*03:01	HLA-DQB1*03:01		known_exact_genomic
apr018#1	HLA-DQB1	1	HLA-DQB1*04:02	HLA-DQB1*04:02		known_exact_genomic
apr018#2	HLA-DQB1	1	HLA-DQB1*05:01	HLA-DQB1*05:01		known_exact_genomic
apr019#1	HLA-DQB1	1	HLA-DQB1*03:02	HLA-DQB1*03:02		known_exact_genomic
apr019#2	HLA-DQB1	1	HLA-DQB1*05:01	HLA-DQB1*05:01		known_exact_genomic
apr020#1	HLA-DQB1	1	HLA-DQB1*05:02	HLA-DQB1*05:02		known_exact_genomic
apr020#2	HLA-DQB1	1	HLA-DQB1*02:01	HLA-DQB1*02:01		known_exact_genomic
apr021#1	HLA-DQB1	1	HLA-DQB1*03:01	HLA-DQB1*03:01		known_exact_genomic
apr021#2	HLA-DQB1	1	HLA-DQB1*02:01	HLA-DQB1*02:01		known_exact_genomic
apr022#1	HLA-DQB1	1	HLA-DQB1*05:02	HLA-DQB1*05:02		known_exact_genomic
apr022#2	HLA-DQB1	1	HLA-DQB1*02:01	HLA-DQB1*02:01		known_exact_genomic
apr023#1	HLA-DQB1	1	HLA-DQB1*06:02	HLA-DQB1*06:02		known_exact_genomic
apr023#2	HLA-DQB1	1	HLA-DQB1*02:02	HLA-DQB1*02:02		known_exact_genomic
apr024#1	HLA-DQB1	1	HLA-DQB1*05:02	HLA-DQB1*05:02		known_exact_genomic
apr024#2	HLA-DQB1	1	HLA-DQB1*05:02	HLA-DQB1*05:02		known_exact_genomic
apr025#1	HLA-DQB1	1	HLA-DQB1*05:01	HLA-DQB1*05:01		known_exact_genomic
apr025#2	HLA-DQB1	1	HLA-DQB1*02:02	HLA-DQB1*02:02		known_exact_genomic
apr026#1	HLA-DQB1	1	HLA-DQB1*02:02	HLA-DQB1*02:02		known_exact_genomic
apr026#2	HLA-DQB1	1	HLA-DQB1*03:02	HLA-DQB1*03:02		known_exact_genomic
apr027#2	HLA-DQB1	1	HLA-DQB1*05:01	HLA-DQB1*05:01		known_exact_genomic
apr029#1	HLA-DQB1	1	HLA-DQB1*02:02	HLA-DQB1*02:02		known_exact_genomic
apr029#2	HLA-DQB1	1	HLA-DQB1*02:01	HLA-DQB1*02:01		known_exact_genomic
apr030#1	HLA-DQB1	1	HLA-DQB1*05:02	HLA-DQB1*05:02		known_exact_genomic
apr030#2	HLA-DQB1	1	HLA-DQB1*05:01	HLA-DQB1*05:01		known_exact_genomic
apr031#1	HLA-DQB1	1	HLA-DQB1*05:01	HLA-DQB1*05:01		known_exact_cds
apr031#2	HLA-DQB1	1	HLA-DQB1*05:02	HLA-DQB1*05:02		known_exact_genomic
apr032#1	HLA-DQB1	1	HLA-DQB1*03:03	HLA-DQB1*03:03		known_exact_genomic
apr032#2	HLA-DQB1	1	HLA-DQB1*02:02	HLA-DQB1*02:02		known_exact_genomic
apr033#1	HLA-DQB1	1	HLA-DQB1*05:01	HLA-DQB1*05:01		known_exact_genomic
apr033#2	HLA-DQB1	1	HLA-DQB1*05:01	HLA-DQB1*05:01		known_exact_genomic
apr034#1	HLA-DQB1	1	HLA-DQB1*05:01	HLA-DQB1*05:01		known_exact_genomic
apr034#2	HLA-DQB1	1	HLA-DQB1*03:01	HLA-DQB1*03:01		known_exact_genomic
apr035#1	HLA-DQB1	1	HLA-DQB1*06:03	HLA-DQB1*06:03		known_exact_genomic
apr035#2	HLA-DQB1	1	HLA-DQB1*02:01	HLA-DQB1*02:01		known_exact_genomic
apr036#1	HLA-DQB1	1	HLA-DQB1*03:01	HLA-DQB1*03:01		known_exact_genomic
apr036#2	HLA-DQB1	1	HLA-DQB1*02:01	HLA-DQB1*02:01		known_exact_genomic
apr037#1	HLA-DQB1	1	HLA-DQB1*05:01	HLA-DQB1*05:01		known_exact_genomic
apr037#2	HLA-DQB1	1	HLA-DQB1*06:02	HLA-DQB1*06:02		known_exact_cds
apr038#1	HLA-DQB1	1	HLA-DQB1*05:01	HLA-DQB1*05:01		known_exact_genomic
apr038#2	HLA-DQB1	1	HLA-DQB1*06:03	HLA-DQB1*06:03		known_exact_genomic
apr039#1	HLA-DQB1	1	HLA-DQB1*05:02	HLA-DQB1*05:02		known_exact_genomic
apr039#2	HLA-DQB1	1	HLA-DQB1*05:01	HLA-DQB1*05:01		known_exact_genomic
apr040#1	HLA-DQB1	1	HLA-DQB1*06:01	HLA-DQB1*06:01		known_exact_genomic
apr040#2	HLA-DQB1	1	HLA-DQB1*06:03	HLA-DQB1*06:03		known_exact_genomic
apr041#1	HLA-DQB1	1	HLA-DQB1*05:03	HLA-DQB1*05:03		known_exact_genomic
apr041#2	HLA-DQB1	1	HLA-DQB1*06:02	HLA-DQB1*06:02		known_exact_genomic
apr042#1	HLA-DQB1	1	HLA-DQB1*02:01	HLA-DQB1*02:01		known_exact_genomic
apr042#2	HLA-DQB1	1	HLA-DQB1*03:01	HLA-DQB1*03:01		known_exact_genomic
apr043#1	HLA-DQB1	1	HLA-DQB1*03:01	HLA-DQB1*03:01		known_exact_genomic
apr043#2	HLA-DQB1	1	HLA-DQB1*02:02	HLA-DQB1*02:02		known_exact_genomic
apr044#1	HLA-DQB1	1	HLA-DQB1*06:01	HLA-DQB1*06:01		known_exact_genomic
apr044#2	HLA-DQB1	1	HLA-DQB1*03:01	HLA-DQB1*03:01		known_exact_genomic
apr045#1	HLA-DQB1	1	HLA-DQB1*03:01	HLA-DQB1*03:01		known_exact_genomic
apr045#2	HLA-DQB1	1	HLA-DQB1*04:02	HLA-DQB1*04:02		known_exact_genomic
apr046#1	HLA-DQB1	1	HLA-DQB1*05:03	HLA-DQB1*05:03		known_exact_genomic
apr046#2	HLA-DQB1	1	HLA-DQB1*06:04	HLA-DQB1*06:04		known_exact_genomic
apr047#1	HLA-DQB1	1	HLA-DQB1*04:02	HLA-DQB1*04:02		known_exact_genomic
apr047#2	HLA-DQB1	1	HLA-DQB1*06:01	HLA-DQB1*06:01		known_exact_genomic
apr048#1	HLA-DQB1	1	HLA-DQB1*06:01	HLA-DQB1*06:01		known_exact_genomic
apr048#2	HLA-DQB1	1	HLA-DQB1*05:02	HLA-DQB1*05:02		known_exact_genomic
apr049#1	HLA-DQB1	1	HLA-DQB1*05:02	HLA-DQB1*05:02		known_exact_genomic
apr049#2	HLA-DQB1	1	HLA-DQB1*05:02	HLA-DQB1*05:02		known_exact_genomic
apr050#1	HLA-DQB1	1	HLA-DQB1*04:02	HLA-DQB1*04:02		known_exact_genomic
apr050#2	HLA-DQB1	1	HLA-DQB1*02:01	HLA-DQB1*02:01		known_exact_genomic
apr051#1	HLA-DQB1	1	HLA-DQB1*06:02	HLA-DQB1*06:02		known_exact_genomic
apr051#2	HLA-DQB1	1	HLA-DQB1*05:02	HLA-DQB1*05:02		known_exact_genomic
apr52#1	HLA-DQB1	1	HLA-DQB1*03:03	HLA-DQB1*03:03		known_exact_genomic
apr52#2	HLA-DQB1	1	HLA-DQB1*03:02	HLA-DQB1*03:02		known_exact_genomic
HIFI032007D#1	HLA-DQB1	1	HLA-DQB1*03:01	HLA-DQB1*03:01		known_exact_genomic
HIFI032007D#2	HLA-DQB1	1	HLA-DQB1*03:01	HLA-DQB1*03:01		known_exact_genomic
HIFI032018D#1	HLA-DQB1	1	HLA-DQB1*03:01	HLA-DQB1*03:01		known_exact_genomic
HIFI032018D#2	HLA-DQB1	1	HLA-DQB1*04:01	HLA-DQB1*04:01		known_exact_cds
HIFI032069D#1	HLA-DQB1	1	HLA-DQB1*03:01	HLA-DQB1*03:01		known_exact_cds
HIFI032069D#2	HLA-DQB1	1	HLA-DQB1*05:02	HLA-DQB1*05:02		known_exact_genomic
HIFI032097D#1	HLA-DQB1	1	HLA-DQB1*06:04	HLA-DQB1*06:04		known_exact_genomic
HIFI032097D#2	HLA-DQB1	1	HLA-DQB1*06:01	HLA-DQB1*06:01		known_exact_genomic
HIFI032103D#1	HLA-DQB1	1	HLA-DQB1*05:01	HLA-DQB1*05:01		known_exact_genomic
HIFI032103D#2	HLA-DQB1	1	HLA-DQB1*04:02	HLA-DQB1*04:02		known_exact_genomic
HIFI032161D#2	HLA-DQB1	1	HLA-DQB1*05:02	HLA-DQB1*05:02		known_exact_genomic
HIFI032164D#1	HLA-DQB1	1	HLA-DQB1*05:01	HLA-DQB1*05:01		known_exact_genomic
HIFI032164D#2	HLA-DQB1	1	HLA-DQB1*03:01	HLA-DQB1*03:01		known_exact_genomic
HIFI032167D#1	HLA-DQB1	1	HLA-DQB1*03:01	HLA-DQB1*03:01		known_exact_genomic
HIFI032167D#2	HLA-DQB1	1	HLA-DQB1*03:01	HLA-DQB1*03:01		known_exact_genomic
HIFI032182D#1	HLA-DQB1	1	HLA-DQB1*05:02	HLA-DQB1*05:02		known_exact_genomic
HIFI032182D#2	HLA-DQB1	1	HLA-DQB1*06:02	HLA-DQB1*06:02		known_exact_genomic
HIFI032289D#1	HLA-DQB1	1	HLA-DQB1*04:01	HLA-DQB1*04:01		known_exact_genomic
HIFI032289D#2	HLA-DQB1	1	HLA-DQB1*03:02	HLA-DQB1*03:02		known_exact_genomic
HIFI032292D#1	HLA-DQB1	1	HLA-DQB1*03:01	HLA-DQB1*03:01		known_exact_genomic
HIFI032292D#2	HLA-DQB1	1	HLA-DQB1*03:01	HLA-DQB1*03:01		known_exact_genomic
HIFI032302D#1	HLA-DQB1	1	HLA-DQB1*06:01	HLA-DQB1*06:01		known_exact_genomic
HIFI032302D#2	HLA-DQB1	1	HLA-DQB1*02:01	HLA-DQB1*02:01		known_exact_genomic
HIFI032306D#1	HLA-DQB1	1	HLA-DQB1*06:02	HLA-DQB1*06:02		known_exact_genomic
HIFI032306D#2	HLA-DQB1	1	HLA-DQB1*03:02	HLA-DQB1*03:02		known_exact_genomic
HIFI032335D#1	HLA-DQB1	1	HLA-DQB1*02:02	HLA-DQB1*02:02		known_exact_genomic
HIFI032335D#2	HLA-DQB1	1	HLA-DQB1*03:01	HLA-DQB1*03:01		known_exact_genomic
HIFI032349D#1	HLA-DQB1	1	HLA-DQB1*04:01	HLA-DQB1*04:01		known_exact_genomic
HIFI032349D#2	HLA-DQB1	1	HLA-DQB1*03:01	HLA-DQB1*03:01		known_exact_genomic
HIFI032373D#1	HLA-DQB1	1	HLA-DQB1*05:02	HLA-DQB1*05:02		known_exact_genomic
HIFI032373D#2	HLA-DQB1	1	HLA-DQB1*05:02	HLA-DQB1*05:02		known_exact_genomic
HIFI032420D#1	HLA-DQB1	1	HLA-DQB1*03:03	HLA-DQB1*03:03		known_exact_genomic
HIFI032420D#2	HLA-DQB1	1	HLA-DQB1*04:01	HLA-DQB1*04:01		known_exact_genomic
HIFI032422D#1	HLA-DQB1	1	HLA-DQB1*03:01	HLA-DQB1*03:01		known_exact_genomic
HIFI032422D#2	HLA-DQB1	1	HLA-DQB1*03:01	HLA-DQB1*03:01		known_exact_genomic
HIFI032429D#1	HLA-DQB1	1	HLA-DQB1*05:02	HLA-DQB1*05:02		known_exact_genomic
HIFI032429D#2	HLA-DQB1	1	HLA-DQB1*03:01	HLA-DQB1*03:01		known_exact_genomic
HIFI032440D#1	HLA-DQB1	1	HLA-DQB1*05:02	HLA-DQB1*05:02		known_exact_genomic
HIFI032440D#2	HLA-DQB1	1	HLA-DQB1*06:01	HLA-DQB1*06:01		known_exact_genomic
HIFI032450D#1	HLA-DQB1	1	HLA-DQB1*03:01	HLA-DQB1*03:01		known_exact_genomic
HIFI032450D#2	HLA-DQB1	1	HLA-DQB1*06:01	HLA-DQB1*06:01		known_exact_genomic
HIFI032453D#1	HLA-DQB1	1	HLA-DQB1*02:01	HLA-DQB1*02:01		known_exact_genomic
HIFI032453D#2	HLA-DQB1	1	HLA-DQB1*03:01	HLA-DQB1*03:01		known_exact_genomic
HIFI032454D#1	HLA-DQB1	1	HLA-DQB1*03:01	HLA-DQB1*03:01		known_exact_genomic
HIFI032454D#2	HLA-DQB1	1	HLA-DQB1*02:01	HLA-DQB1*02:01		known_exact_genomic
HIFI032462D#1	HLA-DQB1	1	HLA-DQB1*03:02	HLA-DQB1*03:02		known_exact_genomic
HIFI032462D#2	HLA-DQB1	1	HLA-DQB1*05:02	HLA-DQB1*05:02		known_exact_genomic
HIFI032473D#1	HLA-DQB1	0		HLA-DQB1*03:17		unresolved_no_exact_match
HIFI032473D#2	HLA-DQB1	1	HLA-DQB1*06:01	HLA-DQB1*06:01		known_exact_genomic
HIFI032487D#1	HLA-DQB1	1	HLA-DQB1*02:01	HLA-DQB1*02:01		known_exact_genomic
HIFI032487D#2	HLA-DQB1	1	HLA-DQB1*06:01	HLA-DQB1*06:01		known_exact_genomic
HIFI032501D#1	HLA-DQB1	0			annotation:partial_CDS;incomplete_codon;internal_stop	unresolved_incomplete_or_abnormal_cds
HIFI032501D#2	HLA-DQB1	1	HLA-DQB1*03:01	HLA-DQB1*03:01		known_exact_genomic
HIFI032510D#1	HLA-DQB1	1	HLA-DQB1*06:10	HLA-DQB1*06:10		known_exact_genomic
HIFI032510D#2	HLA-DQB1	1	HLA-DQB1*03:01	HLA-DQB1*03:01		known_exact_genomic
HIFI032513D#1	HLA-DQB1	1	HLA-DQB1*04:01	HLA-DQB1*04:01		known_exact_genomic
HIFI032513D#2	HLA-DQB1	1	HLA-DQB1*05:01	HLA-DQB1*05:01		known_exact_genomic
HIFI032529D#1	HLA-DQB1	1	HLA-DQB1*05:02	HLA-DQB1*05:02		known_exact_genomic
HIFI032529D#2	HLA-DQB1	1	HLA-DQB1*05:02	HLA-DQB1*05:02		known_exact_genomic
HIFI032566D#1	HLA-DQB1	1	HLA-DQB1*02:01	HLA-DQB1*02:01		known_exact_genomic
HIFI032566D#2	HLA-DQB1	1	HLA-DQB1*03:01	HLA-DQB1*03:01		known_exact_genomic
HIFI032567D#1	HLA-DQB1	1	HLA-DQB1*03:01	HLA-DQB1*03:01		known_exact_genomic
HIFI032567D#2	HLA-DQB1	1	HLA-DQB1*02:02	HLA-DQB1*02:02		known_exact_genomic
HIFI032585D#1	HLA-DQB1	1	HLA-DQB1*03:01	HLA-DQB1*03:01		known_exact_genomic
HIFI032585D#2	HLA-DQB1	1	HLA-DQB1*06:01	HLA-DQB1*06:01		known_exact_genomic
HIFI032586D#1	HLA-DQB1	1	HLA-DQB1*04:01	HLA-DQB1*04:01		known_exact_genomic
HIFI032586D#2	HLA-DQB1	1	HLA-DQB1*06:01	HLA-DQB1*06:01		known_exact_genomic
HIFI032591D#1	HLA-DQB1	1	HLA-DQB1*03:03	HLA-DQB1*03:03		known_exact_genomic
HIFI032591D#2	HLA-DQB1	1	HLA-DQB1*06:01	HLA-DQB1*06:01		known_exact_genomic
HIFI032604D#1	HLA-DQB1	1	HLA-DQB1*03:03	HLA-DQB1*03:03		known_exact_genomic
HIFI032604D#2	HLA-DQB1	1	HLA-DQB1*03:01	HLA-DQB1*03:01		known_exact_genomic
HIFI032607D#1	HLA-DQB1	1	HLA-DQB1*03:03	HLA-DQB1*03:03		known_exact_genomic
HIFI032607D#2	HLA-DQB1	1	HLA-DQB1*06:03	HLA-DQB1*06:03		known_exact_genomic
HIFI032662D#1	HLA-DQB1	1	HLA-DQB1*03:03	HLA-DQB1*03:03		known_exact_genomic
HIFI032662D#2	HLA-DQB1	1	HLA-DQB1*04:02	HLA-DQB1*04:02		known_exact_cds
HIFI032668D#1	HLA-DQB1	1	HLA-DQB1*03:03	HLA-DQB1*03:03		known_exact_genomic
HIFI032668D#2	HLA-DQB1	1	HLA-DQB1*06:02	HLA-DQB1*06:02		known_exact_genomic
HIFI032682D#1	HLA-DQB1	1	HLA-DQB1*03:01	HLA-DQB1*03:01		known_exact_genomic
HIFI032682D#2	HLA-DQB1	1	HLA-DQB1*06:09	HLA-DQB1*06:09		known_exact_genomic
HIFI032685D#1	HLA-DQB1	1	HLA-DQB1*03:01	HLA-DQB1*03:01		known_exact_genomic
HIFI032685D#2	HLA-DQB1	1	HLA-DQB1*03:02	HLA-DQB1*03:02		known_exact_genomic
HIFI032692D#1	HLA-DQB1	1	HLA-DQB1*03:01	HLA-DQB1*03:01		known_exact_genomic
HIFI032692D#2	HLA-DQB1	1	HLA-DQB1*02:02	HLA-DQB1*02:02		known_exact_genomic
HIFI032693D#1	HLA-DQB1	1	HLA-DQB1*03:03	HLA-DQB1*03:03		known_exact_genomic
HIFI032693D#2	HLA-DQB1	1	HLA-DQB1*03:01	HLA-DQB1*03:01		known_exact_genomic
HIFI032698D#1	HLA-DQB1	1	HLA-DQB1*03:01	HLA-DQB1*03:01		known_exact_genomic
HIFI032698D#2	HLA-DQB1	1	HLA-DQB1*05:02	HLA-DQB1*05:02		known_exact_genomic
HIFI032706D#1	HLA-DQB1	1	HLA-DQB1*04:02	HLA-DQB1*04:02		known_exact_genomic
HIFI032706D#2	HLA-DQB1	1	HLA-DQB1*04:02	HLA-DQB1*04:02		known_exact_genomic
HIFI032711D#1	HLA-DQB1	1	HLA-DQB1*05:03	HLA-DQB1*05:03		known_exact_genomic
HIFI032711D#2	HLA-DQB1	1	HLA-DQB1*03:01	HLA-DQB1*03:01		known_exact_genomic
HIFI032731D#1	HLA-DQB1	1	HLA-DQB1*05:02	HLA-DQB1*05:02		known_exact_genomic
HIFI032731D#2	HLA-DQB1	1	HLA-DQB1*03:01	HLA-DQB1*03:01		known_exact_genomic
RY01#1	HLA-DQB1	1	HLA-DQB1*03:01	HLA-DQB1*03:01		known_exact_genomic
RY01#2	HLA-DQB1	1	HLA-DQB1*03:03	HLA-DQB1*03:03		known_exact_genomic
RY02#1	HLA-DQB1	1	HLA-DQB1*05:01	HLA-DQB1*05:01		known_exact_genomic
RY02#2	HLA-DQB1	1	HLA-DQB1*06:01	HLA-DQB1*06:01		known_exact_genomic
RY03#1	HLA-DQB1	0		HLA-DQB1*02:02		known_exact_protein
RY03#2	HLA-DQB1	1	HLA-DQB1*05:03	HLA-DQB1*05:03		known_exact_genomic
RY04#1	HLA-DQB1	1	HLA-DQB1*03:01	HLA-DQB1*03:01		known_exact_genomic
RY04#2	HLA-DQB1	1	HLA-DQB1*03:01	HLA-DQB1*03:01		known_exact_genomic
RY05#1	HLA-DQB1	1	HLA-DQB1*03:01	HLA-DQB1*03:01		known_exact_genomic
RY05#2	HLA-DQB1	1	HLA-DQB1*05:01	HLA-DQB1*05:01		known_exact_genomic
RY06#1	HLA-DQB1	1	HLA-DQB1*03:01	HLA-DQB1*03:01		known_exact_genomic
RY06#2	HLA-DQB1	1	HLA-DQB1*06:02	HLA-DQB1*06:02		known_exact_genomic
RY07#1	HLA-DQB1	1	HLA-DQB1*03:02	HLA-DQB1*03:02		known_exact_genomic
RY07#2	HLA-DQB1	1	HLA-DQB1*02:02	HLA-DQB1*02:02		known_exact_genomic
RY08#1	HLA-DQB1	1	HLA-DQB1*05:02	HLA-DQB1*05:02		known_exact_genomic
RY08#2	HLA-DQB1	1	HLA-DQB1*03:03	HLA-DQB1*03:03		known_exact_genomic
RY09#1	HLA-DQB1	1	HLA-DQB1*02:02	HLA-DQB1*02:02		known_exact_genomic
RY09#2	HLA-DQB1	1	HLA-DQB1*02:02	HLA-DQB1*02:02		known_exact_genomic
RY10#1	HLA-DQB1	1	HLA-DQB1*06:01	HLA-DQB1*06:01		known_exact_genomic
RY10#2	HLA-DQB1	1	HLA-DQB1*03:03	HLA-DQB1*03:03		known_exact_genomic
RY11#1	HLA-DQB1	1	HLA-DQB1*04:01	HLA-DQB1*04:01		known_exact_genomic
RY11#2	HLA-DQB1	1	HLA-DQB1*03:02	HLA-DQB1*03:02		known_exact_genomic
HG00408#1	HLA-DQB1	1	HLA-DQB1*05:02	HLA-DQB1*05:02		known_exact_genomic
HG00408#2	HLA-DQB1	1	HLA-DQB1*06:02	HLA-DQB1*06:02		known_exact_genomic
HG00423#1	HLA-DQB1	1	HLA-DQB1*03:03	HLA-DQB1*03:03		known_exact_genomic
HG00423#2	HLA-DQB1	1	HLA-DQB1*06:01	HLA-DQB1*06:01		known_exact_genomic
HG00438#1	HLA-DQB1	1	HLA-DQB1*05:03	HLA-DQB1*05:03		known_exact_genomic
HG00438#2	HLA-DQB1	1	HLA-DQB1*04:01	HLA-DQB1*04:01		known_exact_genomic
HG005#1	HLA-DQB1	1	HLA-DQB1*04:01	HLA-DQB1*04:01		known_exact_genomic
HG005#2	HLA-DQB1	1	HLA-DQB1*03:03	HLA-DQB1*03:03		known_exact_genomic
HG00544#1	HLA-DQB1	1	HLA-DQB1*03:03	HLA-DQB1*03:03		known_exact_genomic
HG00544#2	HLA-DQB1	1	HLA-DQB1*03:03	HLA-DQB1*03:03		known_exact_genomic
HG00558#1	HLA-DQB1	1	HLA-DQB1*03:03	HLA-DQB1*03:03		known_exact_genomic
HG00558#2	HLA-DQB1	1	HLA-DQB1*05:01	HLA-DQB1*05:01		known_exact_genomic
HG00597#1	HLA-DQB1	1	HLA-DQB1*03:01	HLA-DQB1*03:01		known_exact_genomic
HG00597#2	HLA-DQB1	1	HLA-DQB1*03:01	HLA-DQB1*03:01		known_exact_genomic
HG00609#1	HLA-DQB1	1	HLA-DQB1*06:02	HLA-DQB1*06:02		known_exact_genomic
HG00609#2	HLA-DQB1	1	HLA-DQB1*03:03	HLA-DQB1*03:03		known_exact_genomic
HG00621#1	HLA-DQB1	1	HLA-DQB1*03:03	HLA-DQB1*03:03		known_exact_genomic
HG00621#2	HLA-DQB1	1	HLA-DQB1*03:01	HLA-DQB1*03:01		known_exact_genomic
HG00658#1	HLA-DQB1	1	HLA-DQB1*06:01	HLA-DQB1*06:01		known_exact_genomic
HG00658#2	HLA-DQB1	1	HLA-DQB1*05:03	HLA-DQB1*05:03		known_exact_genomic
HG00673#1	HLA-DQB1	1	HLA-DQB1*03:01	HLA-DQB1*03:01		known_exact_genomic
HG00673#2	HLA-DQB1	1	HLA-DQB1*06:01	HLA-DQB1*06:01		known_exact_genomic
HG00706#1	HLA-DQB1	1	HLA-DQB1*06:01	HLA-DQB1*06:01		known_exact_genomic
HG00706#2	HLA-DQB1	1	HLA-DQB1*06:02	HLA-DQB1*06:02		known_exact_genomic
HG02015#1	HLA-DQB1	1	HLA-DQB1*05:02	HLA-DQB1*05:02		known_exact_genomic
HG02015#2	HLA-DQB1	1	HLA-DQB1*04:01	HLA-DQB1*04:01		known_exact_genomic
HG02027#1	HLA-DQB1	1	HLA-DQB1*03:01	HLA-DQB1*03:01		known_exact_genomic
HG02027#2	HLA-DQB1	1	HLA-DQB1*03:01	HLA-DQB1*03:01		known_exact_genomic
HG02040#1	HLA-DQB1	1	HLA-DQB1*05:01	HLA-DQB1*05:01		known_exact_genomic
HG02040#2	HLA-DQB1	1	HLA-DQB1*03:03	HLA-DQB1*03:03		known_exact_genomic
HG02056#1	HLA-DQB1	1	HLA-DQB1*03:01	HLA-DQB1*03:01		known_exact_genomic
HG02056#2	HLA-DQB1	1	HLA-DQB1*03:01	HLA-DQB1*03:01		known_exact_genomic
HG02071#1	HLA-DQB1	1	HLA-DQB1*03:01	HLA-DQB1*03:01		known_exact_genomic
HG02071#2	HLA-DQB1	1	HLA-DQB1*03:01	HLA-DQB1*03:01		known_exact_genomic
HG02074#1	HLA-DQB1	1	HLA-DQB1*05:02	HLA-DQB1*05:02		known_exact_genomic
HG02074#2	HLA-DQB1	1	HLA-DQB1*03:03	HLA-DQB1*03:03		known_exact_genomic
HG02080#1	HLA-DQB1	1	HLA-DQB1*02:01	HLA-DQB1*02:01		known_exact_genomic
HG02080#2	HLA-DQB1	1	HLA-DQB1*03:03	HLA-DQB1*03:03		known_exact_genomic
HG02083#1	HLA-DQB1	1	HLA-DQB1*03:01	HLA-DQB1*03:01		known_exact_genomic
HG02083#2	HLA-DQB1	1	HLA-DQB1*03:03	HLA-DQB1*03:03		known_exact_genomic
HG02129#1	HLA-DQB1	1	HLA-DQB1*06:09	HLA-DQB1*06:09		known_exact_genomic
HG02129#2	HLA-DQB1	1	HLA-DQB1*05:01	HLA-DQB1*05:01		known_exact_genomic
HG02132#1	HLA-DQB1	1	HLA-DQB1*03:03	HLA-DQB1*03:03		known_exact_genomic
HG02132#2	HLA-DQB1	1	HLA-DQB1*04:01	HLA-DQB1*04:01		known_exact_genomic
HG02135#1	HLA-DQB1	1	HLA-DQB1*06:02	HLA-DQB1*06:02		known_exact_genomic
HG02135#2	HLA-DQB1	1	HLA-DQB1*03:03	HLA-DQB1*03:03		known_exact_genomic
HG02155#1	HLA-DQB1	1	HLA-DQB1*06:01	HLA-DQB1*06:01		known_exact_genomic
HG02155#2	HLA-DQB1	1	HLA-DQB1*06:01	HLA-DQB1*06:01		known_exact_genomic
HG02165#1	HLA-DQB1	1	HLA-DQB1*05:02	HLA-DQB1*05:02		known_exact_genomic
HG02165#2	HLA-DQB1	1	HLA-DQB1*05:02	HLA-DQB1*05:02		known_exact_genomic
HG02178#1	HLA-DQB1	1	HLA-DQB1*03:03	HLA-DQB1*03:03		known_exact_genomic
HG02178#2	HLA-DQB1	1	HLA-DQB1*05:01	HLA-DQB1*05:01		known_exact_genomic
HG02391#1	HLA-DQB1	1	HLA-DQB1*05:02	HLA-DQB1*05:02		known_exact_genomic
HG02391#2	HLA-DQB1	1	HLA-DQB1*05:02	HLA-DQB1*05:02		known_exact_genomic
HG02392#1	HLA-DQB1	1	HLA-DQB1*05:01	HLA-DQB1*05:01		known_exact_genomic
HG02392#2	HLA-DQB1	1	HLA-DQB1*05:02	HLA-DQB1*05:02		known_exact_cds
HG02514#1	HLA-DQB1	1	HLA-DQB1*02:02	HLA-DQB1*02:02		known_exact_genomic
HG02514#2	HLA-DQB1	1	HLA-DQB1*03:01	HLA-DQB1*03:01		known_exact_genomic
HG02523#1	HLA-DQB1	1	HLA-DQB1*05:01	HLA-DQB1*05:01		known_exact_genomic
HG02523#2	HLA-DQB1	1	HLA-DQB1*03:03	HLA-DQB1*03:03		known_exact_genomic
NA18565#1	HLA-DQB1	1	HLA-DQB1*03:03	HLA-DQB1*03:03		known_exact_genomic
NA18565#2	HLA-DQB1	1	HLA-DQB1*03:01	HLA-DQB1*03:01		known_exact_genomic
NA18570#1	HLA-DQB1	1	HLA-DQB1*03:01	HLA-DQB1*03:01		known_exact_genomic
NA18570#2	HLA-DQB1	1	HLA-DQB1*03:02	HLA-DQB1*03:02		known_exact_genomic
NA18608#1	HLA-DQB1	1	HLA-DQB1*05:03	HLA-DQB1*05:03		known_exact_genomic
NA18608#2	HLA-DQB1	1	HLA-DQB1*05:03	HLA-DQB1*05:03		known_exact_cds
NA18620#1	HLA-DQB1	1	HLA-DQB1*03:01	HLA-DQB1*03:01		known_exact_genomic
NA18620#2	HLA-DQB1	1	HLA-DQB1*03:01	HLA-DQB1*03:01		known_exact_genomic
NA18747#1	HLA-DQB1	1	HLA-DQB1*05:03	HLA-DQB1*05:03		known_exact_genomic
NA18747#2	HLA-DQB1	1	HLA-DQB1*06:02	HLA-DQB1*06:02		known_exact_genomic
NA18940#1	HLA-DQB1	1	HLA-DQB1*06:01	HLA-DQB1*06:01		known_exact_genomic
NA18940#2	HLA-DQB1	1	HLA-DQB1*04:02	HLA-DQB1*04:02		known_exact_genomic
NA18943#1	HLA-DQB1	1	HLA-DQB1*06:01	HLA-DQB1*06:01		known_exact_genomic
NA18943#2	HLA-DQB1	1	HLA-DQB1*04:02	HLA-DQB1*04:02		known_exact_genomic
NA18944#1	HLA-DQB1	1	HLA-DQB1*03:02	HLA-DQB1*03:02		known_exact_genomic
NA18944#2	HLA-DQB1	1	HLA-DQB1*03:02	HLA-DQB1*03:02		known_exact_genomic
NA18945#1	HLA-DQB1	1	HLA-DQB1*06:04	HLA-DQB1*06:04		known_exact_genomic
NA18945#2	HLA-DQB1	1	HLA-DQB1*03:03	HLA-DQB1*03:03		known_exact_genomic
NA18948#1	HLA-DQB1	1	HLA-DQB1*02:02	HLA-DQB1*02:02		known_exact_genomic
NA18948#2	HLA-DQB1	1	HLA-DQB1*05:01	HLA-DQB1*05:01		known_exact_genomic
NA18952#1	HLA-DQB1	1	HLA-DQB1*05:03	HLA-DQB1*05:03		known_exact_genomic
NA18952#2	HLA-DQB1	1	HLA-DQB1*03:03	HLA-DQB1*03:03		known_exact_genomic
NA18959#1	HLA-DQB1	1	HLA-DQB1*06:01	HLA-DQB1*06:01		known_exact_genomic
NA18959#2	HLA-DQB1	1	HLA-DQB1*06:02	HLA-DQB1*06:02		known_exact_genomic
NA18960#1	HLA-DQB1	1	HLA-DQB1*03:03	HLA-DQB1*03:03		known_exact_genomic
NA18960#2	HLA-DQB1	1	HLA-DQB1*04:01	HLA-DQB1*04:01		known_exact_genomic
NA18967#1	HLA-DQB1	1	HLA-DQB1*05:03	HLA-DQB1*05:03		known_exact_genomic
NA18967#2	HLA-DQB1	1	HLA-DQB1*03:03	HLA-DQB1*03:03		known_exact_genomic
NA18970#1	HLA-DQB1	1	HLA-DQB1*05:03	HLA-DQB1*05:03		known_exact_genomic
NA18970#2	HLA-DQB1	0		HLA-DQB1*03:276	annotation:partial_CDS;no_start;incomplete_codon;internal_stop	known_exact_genomic
NA18971#1	HLA-DQB1	1	HLA-DQB1*03:03	HLA-DQB1*03:03		known_exact_genomic
NA18971#2	HLA-DQB1	1	HLA-DQB1*05:03	HLA-DQB1*05:03		known_exact_genomic
NA18974#1	HLA-DQB1	1	HLA-DQB1*03:03	HLA-DQB1*03:03		known_exact_genomic
NA18974#2	HLA-DQB1	1	HLA-DQB1*06:02	HLA-DQB1*06:02		known_exact_genomic
NA18976#1	HLA-DQB1	1	HLA-DQB1*06:04	HLA-DQB1*06:04		known_exact_genomic
NA18976#2	HLA-DQB1	1	HLA-DQB1*06:04	HLA-DQB1*06:04		known_exact_genomic
NA18982#1	HLA-DQB1	1	HLA-DQB1*06:01	HLA-DQB1*06:01		known_exact_genomic
NA18982#2	HLA-DQB1	1	HLA-DQB1*03:01	HLA-DQB1*03:01		known_exact_genomic
NA18983#1	HLA-DQB1	1	HLA-DQB1*03:01	HLA-DQB1*03:01		known_exact_genomic
NA18983#2	HLA-DQB1	1	HLA-DQB1*03:02	HLA-DQB1*03:02		known_exact_genomic
NA19087#1	HLA-DQB1	1	HLA-DQB1*04:02	HLA-DQB1*04:02		known_exact_genomic
NA19087#2	HLA-DQB1	1	HLA-DQB1*06:04	HLA-DQB1*06:04		known_exact_genomic
hg002#1	HLA-DQB1	1	HLA-DQB1*03:02	HLA-DQB1*03:02		known_exact_genomic
hg002#2	HLA-DQB1	1	HLA-DQB1*05:01	HLA-DQB1*05:01		known_exact_genomic
HG00097#1	HLA-DQB1	1	HLA-DQB1*06:02	HLA-DQB1*06:02		known_exact_genomic
HG00097#2	HLA-DQB1	1	HLA-DQB1*03:01	HLA-DQB1*03:01		known_exact_genomic
HG00099#1	HLA-DQB1	1	HLA-DQB1*03:01	HLA-DQB1*03:01		known_exact_genomic
HG00099#2	HLA-DQB1	1	HLA-DQB1*02:01	HLA-DQB1*02:01		known_exact_genomic
HG00126#1	HLA-DQB1	1	HLA-DQB1*05:03	HLA-DQB1*05:03		known_exact_genomic
HG00126#2	HLA-DQB1	1	HLA-DQB1*02:02	HLA-DQB1*02:02		known_exact_genomic
HG00128#1	HLA-DQB1	1	HLA-DQB1*05:01	HLA-DQB1*05:01		known_exact_genomic
HG00128#2	HLA-DQB1	1	HLA-DQB1*03:01	HLA-DQB1*03:01		known_exact_genomic
HG00133#1	HLA-DQB1	1	HLA-DQB1*06:04	HLA-DQB1*06:04		known_exact_genomic
HG00133#2	HLA-DQB1	1	HLA-DQB1*03:02	HLA-DQB1*03:02		known_exact_genomic
HG00140#1	HLA-DQB1	1	HLA-DQB1*05:01	HLA-DQB1*05:01		known_exact_genomic
HG00140#2	HLA-DQB1	1	HLA-DQB1*02:01	HLA-DQB1*02:01		known_exact_genomic
HG00146#1	HLA-DQB1	1	HLA-DQB1*02:01	HLA-DQB1*02:01		known_exact_genomic
HG00146#2	HLA-DQB1	1	HLA-DQB1*05:01	HLA-DQB1*05:01		known_exact_genomic
HG00232#1	HLA-DQB1	1	HLA-DQB1*06:02	HLA-DQB1*06:02		known_exact_genomic
HG00232#2	HLA-DQB1	1	HLA-DQB1*05:03	HLA-DQB1*05:03		known_exact_genomic
HG00235#1	HLA-DQB1	1	HLA-DQB1*03:02	HLA-DQB1*03:02		known_exact_genomic
HG00235#2	HLA-DQB1	1	HLA-DQB1*03:03	HLA-DQB1*03:03		known_exact_genomic
HG00253#1	HLA-DQB1	1	HLA-DQB1*03:01	HLA-DQB1*03:01		known_exact_genomic
HG00253#2	HLA-DQB1	1	HLA-DQB1*06:02	HLA-DQB1*06:02		known_exact_genomic
HG00272#1	HLA-DQB1	1	HLA-DQB1*06:03	HLA-DQB1*06:03		known_exact_genomic
HG00272#2	HLA-DQB1	1	HLA-DQB1*02:01	HLA-DQB1*02:01		known_exact_genomic
HG00280#1	HLA-DQB1	1	HLA-DQB1*03:01	HLA-DQB1*03:01		known_exact_genomic
HG00280#2	HLA-DQB1	1	HLA-DQB1*02:01	HLA-DQB1*02:01		known_exact_genomic
HG00290#1	HLA-DQB1	1	HLA-DQB1*05:01	HLA-DQB1*05:01		known_exact_genomic
HG00290#2	HLA-DQB1	1	HLA-DQB1*05:01	HLA-DQB1*05:01		known_exact_genomic
HG00320#1	HLA-DQB1	1	HLA-DQB1*04:02	HLA-DQB1*04:02		known_exact_genomic
HG00320#2	HLA-DQB1	1	HLA-DQB1*04:02	HLA-DQB1*04:02		known_exact_genomic
HG00321#1	HLA-DQB1	1	HLA-DQB1*05:03	HLA-DQB1*05:03		known_exact_genomic
HG00321#2	HLA-DQB1	1	HLA-DQB1*04:02	HLA-DQB1*04:02		known_exact_genomic
HG00323#1	HLA-DQB1	1	HLA-DQB1*06:04	HLA-DQB1*06:04		known_exact_genomic
HG00323#2	HLA-DQB1	1	HLA-DQB1*06:02	HLA-DQB1*06:02		known_exact_genomic
HG00329#1	HLA-DQB1	1	HLA-DQB1*06:03	HLA-DQB1*06:03		known_exact_genomic
HG00329#2	HLA-DQB1	1	HLA-DQB1*05:01	HLA-DQB1*05:01		known_exact_genomic
HG00344#1	HLA-DQB1	1	HLA-DQB1*06:02	HLA-DQB1*06:02		known_exact_genomic
HG00344#2	HLA-DQB1	1	HLA-DQB1*06:02	HLA-DQB1*06:02		known_exact_genomic
HG00350#1	HLA-DQB1	1	HLA-DQB1*05:01	HLA-DQB1*05:01		known_exact_genomic
HG00350#2	HLA-DQB1	1	HLA-DQB1*03:02	HLA-DQB1*03:02		known_exact_genomic
HG00639#1	HLA-DQB1	1	HLA-DQB1*03:02	HLA-DQB1*03:02		known_exact_genomic
HG00639#2	HLA-DQB1	1	HLA-DQB1*03:04	HLA-DQB1*03:04		known_exact_genomic
HG00642#1	HLA-DQB1	1	HLA-DQB1*02:01	HLA-DQB1*02:01		known_exact_genomic
HG00642#2	HLA-DQB1	1	HLA-DQB1*06:02	HLA-DQB1*06:02		known_exact_genomic
HG00733#1	HLA-DQB1	1	HLA-DQB1*03:01	HLA-DQB1*03:01		known_exact_genomic
HG00733#2	HLA-DQB1	1	HLA-DQB1*02:01	HLA-DQB1*02:01		known_exact_genomic
HG00735#1	HLA-DQB1	1	HLA-DQB1*05:01	HLA-DQB1*05:01		known_exact_genomic
HG00735#2	HLA-DQB1	1	HLA-DQB1*03:02	HLA-DQB1*03:02		known_exact_genomic
HG00738#1	HLA-DQB1	1	HLA-DQB1*02:01	HLA-DQB1*02:01		known_exact_genomic
HG00738#2	HLA-DQB1	1	HLA-DQB1*06:03	HLA-DQB1*06:03		known_exact_genomic
HG00741#1	HLA-DQB1	1	HLA-DQB1*03:01	HLA-DQB1*03:01		known_exact_genomic
HG00741#2	HLA-DQB1	1	HLA-DQB1*04:02	HLA-DQB1*04:02		known_exact_genomic
HG01071#1	HLA-DQB1	1	HLA-DQB1*02:02	HLA-DQB1*02:02		known_exact_genomic
HG01071#2	HLA-DQB1	1	HLA-DQB1*02:01	HLA-DQB1*02:01		known_exact_genomic
HG01074#1	HLA-DQB1	1	HLA-DQB1*06:02	HLA-DQB1*06:02		known_exact_genomic
HG01074#2	HLA-DQB1	1	HLA-DQB1*02:02	HLA-DQB1*02:02		known_exact_genomic
HG01081#1	HLA-DQB1	1	HLA-DQB1*03:01	HLA-DQB1*03:01		known_exact_genomic
HG01081#2	HLA-DQB1	1	HLA-DQB1*06:02	HLA-DQB1*06:02		known_exact_genomic
HG01099#1	HLA-DQB1	1	HLA-DQB1*02:02	HLA-DQB1*02:02		known_exact_genomic
HG01099#2	HLA-DQB1	1	HLA-DQB1*02:02	HLA-DQB1*02:02		known_exact_genomic
HG01106#1	HLA-DQB1	1	HLA-DQB1*02:01	HLA-DQB1*02:01		known_exact_genomic
HG01106#2	HLA-DQB1	1	HLA-DQB1*03:19	HLA-DQB1*03:19		known_exact_genomic
HG01109#1	HLA-DQB1	1	HLA-DQB1*04:02	HLA-DQB1*04:02		known_exact_genomic
HG01109#2	HLA-DQB1	1	HLA-DQB1*05:01	HLA-DQB1*05:01		known_exact_genomic
HG01123#1	HLA-DQB1	1	HLA-DQB1*02:02	HLA-DQB1*02:02		known_exact_genomic
HG01123#2	HLA-DQB1	1	HLA-DQB1*06:03	HLA-DQB1*06:03		known_exact_genomic
HG01150#1	HLA-DQB1	1	HLA-DQB1*05:02	HLA-DQB1*05:02		known_exact_genomic
HG01150#2	HLA-DQB1	1	HLA-DQB1*03:01	HLA-DQB1*03:01		known_exact_genomic
HG01167#1	HLA-DQB1	1	HLA-DQB1*03:02	HLA-DQB1*03:02		known_exact_genomic
HG01167#2	HLA-DQB1	1	HLA-DQB1*06:02	HLA-DQB1*06:02		known_exact_genomic
HG01175#1	HLA-DQB1	1	HLA-DQB1*06:02	HLA-DQB1*06:02		known_exact_genomic
HG01175#2	HLA-DQB1	1	HLA-DQB1*05:01	HLA-DQB1*05:01		known_exact_genomic
HG01192#1	HLA-DQB1	1	HLA-DQB1*04:02	HLA-DQB1*04:02		known_exact_genomic
HG01192#2	HLA-DQB1	1	HLA-DQB1*02:01	HLA-DQB1*02:01		known_exact_genomic
HG01243#1	HLA-DQB1	1	HLA-DQB1*06:09	HLA-DQB1*06:09		known_exact_genomic
HG01243#2	HLA-DQB1	1	HLA-DQB1*06:03	HLA-DQB1*06:03		known_exact_genomic
HG01252#1	HLA-DQB1	1	HLA-DQB1*03:02	HLA-DQB1*03:02		known_exact_genomic
HG01252#2	HLA-DQB1	1	HLA-DQB1*03:02	HLA-DQB1*03:02		known_exact_genomic
HG01255#1	HLA-DQB1	1	HLA-DQB1*06:03	HLA-DQB1*06:03		known_exact_genomic
HG01255#2	HLA-DQB1	1	HLA-DQB1*06:02	HLA-DQB1*06:02		known_exact_genomic
HG01258#1	HLA-DQB1	1	HLA-DQB1*06:03	HLA-DQB1*06:03		known_exact_genomic
HG01258#2	HLA-DQB1	1	HLA-DQB1*05:01	HLA-DQB1*05:01		known_exact_genomic
HG01261#1	HLA-DQB1	1	HLA-DQB1*03:03	HLA-DQB1*03:03		known_exact_genomic
HG01261#2	HLA-DQB1	1	HLA-DQB1*04:02	HLA-DQB1*04:02		known_exact_genomic
HG01346#1	HLA-DQB1	1	HLA-DQB1*03:01	HLA-DQB1*03:01		known_exact_genomic
HG01346#2	HLA-DQB1	1	HLA-DQB1*05:03	HLA-DQB1*05:03		known_exact_genomic
HG01358#1	HLA-DQB1	1	HLA-DQB1*03:02	HLA-DQB1*03:02		known_exact_genomic
HG01358#2	HLA-DQB1	1	HLA-DQB1*06:04	HLA-DQB1*06:04		known_exact_genomic
HG01361#1	HLA-DQB1	1	HLA-DQB1*03:01	HLA-DQB1*03:01		known_exact_genomic
HG01361#2	HLA-DQB1	1	HLA-DQB1*02:02	HLA-DQB1*02:02		known_exact_genomic
HG01433#1	HLA-DQB1	1	HLA-DQB1*03:02	HLA-DQB1*03:02		known_exact_genomic
HG01433#2	HLA-DQB1	1	HLA-DQB1*02:02	HLA-DQB1*02:02		known_exact_genomic
HG01496#1	HLA-DQB1	1	HLA-DQB1*05:01	HLA-DQB1*05:01		known_exact_genomic
HG01496#2	HLA-DQB1	1	HLA-DQB1*03:02	HLA-DQB1*03:02		known_exact_genomic
HG01530#1	HLA-DQB1	1	HLA-DQB1*05:01	HLA-DQB1*05:01		known_exact_genomic
HG01530#2	HLA-DQB1	1	HLA-DQB1*02:02	HLA-DQB1*02:02		known_exact_genomic
HG01784#1	HLA-DQB1	1	HLA-DQB1*02:02	HLA-DQB1*02:02		known_exact_genomic
HG01784#2	HLA-DQB1	1	HLA-DQB1*03:01	HLA-DQB1*03:01		known_exact_genomic
HG01786#1	HLA-DQB1	1	HLA-DQB1*03:01	HLA-DQB1*03:01		known_exact_genomic
HG01786#2	HLA-DQB1	1	HLA-DQB1*06:04	HLA-DQB1*06:04		known_exact_genomic
HG01884#1	HLA-DQB1	1	HLA-DQB1*03:19	HLA-DQB1*03:19		known_exact_genomic
HG01884#2	HLA-DQB1	1	HLA-DQB1*05:01	HLA-DQB1*05:01		known_exact_genomic
HG01891#1	HLA-DQB1	1	HLA-DQB1*06:02	HLA-DQB1*06:02		known_exact_genomic
HG01891#2	HLA-DQB1	1	HLA-DQB1*05:01	HLA-DQB1*05:01		known_exact_genomic
HG01928#1	HLA-DQB1	1	HLA-DQB1*03:02	HLA-DQB1*03:02		known_exact_genomic
HG01928#2	HLA-DQB1	1	HLA-DQB1*03:03	HLA-DQB1*03:03		known_exact_genomic
HG01934#1	HLA-DQB1	1	HLA-DQB1*06:02	HLA-DQB1*06:02		known_exact_genomic
HG01934#2	HLA-DQB1	1	HLA-DQB1*03:02	HLA-DQB1*03:02		known_exact_genomic
HG01940#1	HLA-DQB1	1	HLA-DQB1*03:01	HLA-DQB1*03:01		known_exact_genomic
HG01940#2	HLA-DQB1	1	HLA-DQB1*03:01	HLA-DQB1*03:01		known_exact_genomic
HG01943#1	HLA-DQB1	1	HLA-DQB1*03:02	HLA-DQB1*03:02		known_exact_genomic
HG01943#2	HLA-DQB1	1	HLA-DQB1*03:03	HLA-DQB1*03:03		known_exact_genomic
HG01952#1	HLA-DQB1	1	HLA-DQB1*03:01	HLA-DQB1*03:01		known_exact_genomic
HG01952#2	HLA-DQB1	1	HLA-DQB1*03:02	HLA-DQB1*03:02		known_exact_genomic
HG01960#1	HLA-DQB1	1	HLA-DQB1*02:02	HLA-DQB1*02:02		known_exact_genomic
HG01960#2	HLA-DQB1	1	HLA-DQB1*05:01	HLA-DQB1*05:01		known_exact_genomic
HG01969#1	HLA-DQB1	1	HLA-DQB1*02:02	HLA-DQB1*02:02		known_exact_genomic
HG01969#2	HLA-DQB1	1	HLA-DQB1*05:01	HLA-DQB1*05:01		known_exact_genomic
HG01975#1	HLA-DQB1	1	HLA-DQB1*03:02	HLA-DQB1*03:02		known_exact_genomic
HG01975#2	HLA-DQB1	1	HLA-DQB1*03:03	HLA-DQB1*03:03		known_exact_genomic
HG01978#1	HLA-DQB1	1	HLA-DQB1*03:01	HLA-DQB1*03:01		known_exact_cds
HG01978#2	HLA-DQB1	1	HLA-DQB1*03:03	HLA-DQB1*03:03		known_exact_genomic
HG01981#1	HLA-DQB1	1	HLA-DQB1*03:02	HLA-DQB1*03:02		known_exact_genomic
HG01981#2	HLA-DQB1	1	HLA-DQB1*03:02	HLA-DQB1*03:02		known_exact_genomic
HG01993#1	HLA-DQB1	1	HLA-DQB1*03:01	HLA-DQB1*03:01		known_exact_cds
HG01993#2	HLA-DQB1	1	HLA-DQB1*05:01	HLA-DQB1*05:01		known_exact_genomic
HG02004#1	HLA-DQB1	1	HLA-DQB1*03:03	HLA-DQB1*03:03		known_exact_genomic
HG02004#2	HLA-DQB1	1	HLA-DQB1*03:03	HLA-DQB1*03:03		known_exact_genomic
HG02055#1	HLA-DQB1	1	HLA-DQB1*03:01	HLA-DQB1*03:01		known_exact_genomic
HG02055#2	HLA-DQB1	1	HLA-DQB1*03:19	HLA-DQB1*03:19		known_exact_genomic
HG02109#1	HLA-DQB1	1	HLA-DQB1*02:180	HLA-DQB1*02:180		known_exact_cds
HG02109#2	HLA-DQB1	1	HLA-DQB1*03:01	HLA-DQB1*03:01		known_exact_genomic
HG02145#1	HLA-DQB1	1	HLA-DQB1*06:02	HLA-DQB1*06:02		known_exact_genomic
HG02145#2	HLA-DQB1	1	HLA-DQB1*06:03	HLA-DQB1*06:03		known_exact_genomic
HG02148#1	HLA-DQB1	1	HLA-DQB1*03:01	HLA-DQB1*03:01		known_exact_genomic
HG02148#2	HLA-DQB1	1	HLA-DQB1*02:01	HLA-DQB1*02:01		known_exact_genomic
HG02257#1	HLA-DQB1	1	HLA-DQB1*03:01	HLA-DQB1*03:01		known_exact_genomic
HG02257#2	HLA-DQB1	1	HLA-DQB1*05:01	HLA-DQB1*05:01		known_exact_genomic
HG02258#1	HLA-DQB1	1	HLA-DQB1*06:02	HLA-DQB1*06:02		known_exact_genomic
HG02258#2	HLA-DQB1	1	HLA-DQB1*05:03	HLA-DQB1*05:03		known_exact_genomic
HG02273#1	HLA-DQB1	1	HLA-DQB1*03:02	HLA-DQB1*03:02		known_exact_genomic
HG02273#2	HLA-DQB1	1	HLA-DQB1*03:01	HLA-DQB1*03:01		known_exact_genomic
HG02280#1	HLA-DQB1	1	HLA-DQB1*03:01	HLA-DQB1*03:01		known_exact_genomic
HG02280#2	HLA-DQB1	1	HLA-DQB1*05:01	HLA-DQB1*05:01		known_exact_genomic
HG02293#1	HLA-DQB1	1	HLA-DQB1*03:03	HLA-DQB1*03:03		known_exact_genomic
HG02293#2	HLA-DQB1	1	HLA-DQB1*03:02	HLA-DQB1*03:02		known_exact_genomic
HG02300#1	HLA-DQB1	1	HLA-DQB1*03:02	HLA-DQB1*03:02		known_exact_genomic
HG02300#2	HLA-DQB1	1	HLA-DQB1*03:03	HLA-DQB1*03:03		known_exact_genomic
HG02451#1	HLA-DQB1	1	HLA-DQB1*06:02	HLA-DQB1*06:02		known_exact_genomic
HG02451#2	HLA-DQB1	1	HLA-DQB1*06:02	HLA-DQB1*06:02		known_exact_genomic
HG02486#1	HLA-DQB1	1	HLA-DQB1*06:02	HLA-DQB1*06:02		known_exact_genomic
HG02486#2	HLA-DQB1	1	HLA-DQB1*04:02	HLA-DQB1*04:02		known_exact_genomic
HG02559#1	HLA-DQB1	1	HLA-DQB1*03:02	HLA-DQB1*03:02		known_exact_genomic
HG02559#2	HLA-DQB1	1	HLA-DQB1*03:01	HLA-DQB1*03:01		known_exact_genomic
HG02572#1	HLA-DQB1	1	HLA-DQB1*02:01	HLA-DQB1*02:01		known_exact_genomic
HG02572#2	HLA-DQB1	1	HLA-DQB1*06:04	HLA-DQB1*06:04		known_exact_genomic
HG02583#1	HLA-DQB1	1	HLA-DQB1*05:01	HLA-DQB1*05:01		known_exact_cds
HG02583#2	HLA-DQB1	1	HLA-DQB1*05:01	HLA-DQB1*05:01		known_exact_genomic
HG02602#1	HLA-DQB1	1	HLA-DQB1*03:03	HLA-DQB1*03:03		known_exact_genomic
HG02602#2	HLA-DQB1	1	HLA-DQB1*05:03	HLA-DQB1*05:03		known_exact_genomic
HG02615#1	HLA-DQB1	1	HLA-DQB1*05:01	HLA-DQB1*05:01		known_exact_genomic
HG02615#2	HLA-DQB1	1	HLA-DQB1*06:04	HLA-DQB1*06:04		known_exact_genomic
HG02622#1	HLA-DQB1	1	HLA-DQB1*02:02	HLA-DQB1*02:02		known_exact_genomic
HG02622#2	HLA-DQB1	1	HLA-DQB1*02:02	HLA-DQB1*02:02		known_exact_cds
HG02630#1	HLA-DQB1	1	HLA-DQB1*02:02	HLA-DQB1*02:02		known_exact_genomic
HG02630#2	HLA-DQB1	1	HLA-DQB1*02:02	HLA-DQB1*02:02		known_exact_genomic
HG02647#1	HLA-DQB1	1	HLA-DQB1*05:03	HLA-DQB1*05:03		known_exact_genomic
HG02647#2	HLA-DQB1	1	HLA-DQB1*02:02	HLA-DQB1*02:02		known_exact_genomic
HG02668#1	HLA-DQB1	1	HLA-DQB1*03:09	HLA-DQB1*03:09		known_exact_genomic
HG02668#2	HLA-DQB1	1	HLA-DQB1*06:02	HLA-DQB1*06:02		known_exact_genomic
HG02698#1	HLA-DQB1	1	HLA-DQB1*06:01	HLA-DQB1*06:01		known_exact_genomic
HG02698#2	HLA-DQB1	1	HLA-DQB1*06:04	HLA-DQB1*06:04		known_exact_genomic
HG02717#1	HLA-DQB1	1	HLA-DQB1*02:180			known_exact_cds
HG02717#2	HLA-DQB1	1	HLA-DQB1*02:02	HLA-DQB1*02:02		known_exact_cds
HG02723#1	HLA-DQB1	1	HLA-DQB1*03:19	HLA-DQB1*03:19		known_exact_genomic
HG02723#2	HLA-DQB1	1	HLA-DQB1*02:02	HLA-DQB1*02:02		known_exact_genomic
HG02735#1	HLA-DQB1	1	HLA-DQB1*02:02	HLA-DQB1*02:02		known_exact_genomic
HG02735#2	HLA-DQB1	1	HLA-DQB1*02:01	HLA-DQB1*02:01		known_exact_genomic
HG02738#1	HLA-DQB1	1	HLA-DQB1*02:01	HLA-DQB1*02:01		known_exact_genomic
HG02738#2	HLA-DQB1	1	HLA-DQB1*02:01	HLA-DQB1*02:01		known_exact_genomic
HG02809#1	HLA-DQB1	1	HLA-DQB1*03:19	HLA-DQB1*03:19		known_exact_genomic
HG02809#2	HLA-DQB1	1	HLA-DQB1*03:02	HLA-DQB1*03:02		known_exact_genomic
HG02818#1	HLA-DQB1	1	HLA-DQB1*06:03	HLA-DQB1*06:03		known_exact_genomic
HG02818#2	HLA-DQB1	1	HLA-DQB1*03:19	HLA-DQB1*03:19		known_exact_cds
HG02841#1	HLA-DQB1	1	HLA-DQB1*03:02	HLA-DQB1*03:02		known_exact_genomic
HG02841#2	HLA-DQB1	1	HLA-DQB1*03:02	HLA-DQB1*03:02		known_exact_genomic
HG02886#1	HLA-DQB1	1	HLA-DQB1*04:02	HLA-DQB1*04:02		known_exact_genomic
HG02886#2	HLA-DQB1	1	HLA-DQB1*02:02	HLA-DQB1*02:02		known_exact_genomic
HG02922#1	HLA-DQB1	1	HLA-DQB1*06:02	HLA-DQB1*06:02		known_exact_genomic
HG02922#2	HLA-DQB1	1	HLA-DQB1*03:19	HLA-DQB1*03:19		known_exact_genomic
HG02965#1	HLA-DQB1	1	HLA-DQB1*04:02	HLA-DQB1*04:02		known_exact_genomic
HG02965#2	HLA-DQB1	1	HLA-DQB1*03:19	HLA-DQB1*03:19		known_exact_genomic
HG02976#1	HLA-DQB1	1	HLA-DQB1*06:02	HLA-DQB1*06:02		known_exact_genomic
HG02976#2	HLA-DQB1	1	HLA-DQB1*06:02	HLA-DQB1*06:02		known_exact_genomic
HG02984#1	HLA-DQB1	1	HLA-DQB1*05:02	HLA-DQB1*05:02		known_exact_cds
HG02984#2	HLA-DQB1	1	HLA-DQB1*05:01	HLA-DQB1*05:01		known_exact_genomic
HG03017#1	HLA-DQB1	1	HLA-DQB1*04:02	HLA-DQB1*04:02		known_exact_genomic
HG03017#2	HLA-DQB1	1	HLA-DQB1*06:01	HLA-DQB1*06:01		known_exact_genomic
HG03041#1	HLA-DQB1	1	HLA-DQB1*03:19	HLA-DQB1*03:19		known_exact_genomic
HG03041#2	HLA-DQB1	1	HLA-DQB1*06:02	HLA-DQB1*06:02		known_exact_genomic
HG03050#1	HLA-DQB1	1	HLA-DQB1*02:02	HLA-DQB1*02:02		known_exact_genomic
HG03050#2	HLA-DQB1	1	HLA-DQB1*04:02	HLA-DQB1*04:02		known_exact_genomic
HG03098#1	HLA-DQB1	1	HLA-DQB1*02:02	HLA-DQB1*02:02		known_exact_genomic
HG03098#2	HLA-DQB1	1	HLA-DQB1*03:02	HLA-DQB1*03:02		known_exact_cds
HG03130#1	HLA-DQB1	1	HLA-DQB1*05:01	HLA-DQB1*05:01		known_exact_genomic
HG03130#2	HLA-DQB1	1	HLA-DQB1*02:02	HLA-DQB1*02:02		known_exact_genomic
HG03139#1	HLA-DQB1	1	HLA-DQB1*03:19	HLA-DQB1*03:19		known_exact_genomic
HG03139#2	HLA-DQB1	1	HLA-DQB1*06:02	HLA-DQB1*06:02		known_exact_genomic
HG03195#1	HLA-DQB1	1	HLA-DQB1*05:01	HLA-DQB1*05:01		known_exact_genomic
HG03195#2	HLA-DQB1	1	HLA-DQB1*06:02	HLA-DQB1*06:02		known_exact_genomic
HG03209#1	HLA-DQB1	1	HLA-DQB1*03:02	HLA-DQB1*03:02		known_exact_cds
HG03209#2	HLA-DQB1	1	HLA-DQB1*06:02	HLA-DQB1*06:02		known_exact_cds
HG03225#1	HLA-DQB1	1	HLA-DQB1*02:01	HLA-DQB1*02:01		known_exact_genomic
HG03225#2	HLA-DQB1	1	HLA-DQB1*05:01	HLA-DQB1*05:01		known_exact_genomic
HG03239#1	HLA-DQB1	1	HLA-DQB1*03:02	HLA-DQB1*03:02		known_exact_genomic
HG03239#2	HLA-DQB1	1	HLA-DQB1*02:02	HLA-DQB1*02:02		known_exact_genomic
HG03270#1	HLA-DQB1	1	HLA-DQB1*06:02	HLA-DQB1*06:02		known_exact_genomic
HG03270#2	HLA-DQB1	1	HLA-DQB1*06:02	HLA-DQB1*06:02		known_exact_genomic
HG03369#1	HLA-DQB1	1	HLA-DQB1*05:02	HLA-DQB1*05:02		known_exact_genomic
HG03369#2	HLA-DQB1	1	HLA-DQB1*05:01	HLA-DQB1*05:01		known_exact_genomic
HG03453#1	HLA-DQB1	1	HLA-DQB1*02:02	HLA-DQB1*02:02		known_exact_genomic
HG03453#2	HLA-DQB1	1	HLA-DQB1*02:01	HLA-DQB1*02:01		known_exact_genomic
HG03470#1	HLA-DQB1	1	HLA-DQB1*02:02	HLA-DQB1*02:02		known_exact_genomic
HG03470#2	HLA-DQB1	1	HLA-DQB1*05:01	HLA-DQB1*05:01		known_exact_genomic
HG03471#1	HLA-DQB1	1	HLA-DQB1*02:02	HLA-DQB1*02:02		known_exact_cds
HG03471#2	HLA-DQB1	1	HLA-DQB1*04:02	HLA-DQB1*04:02		known_exact_genomic
HG03486#1	HLA-DQB1	1	HLA-DQB1*04:02	HLA-DQB1*04:02		known_exact_genomic
HG03486#2	HLA-DQB1	1	HLA-DQB1*06:09	HLA-DQB1*06:09		known_exact_genomic
HG03516#1	HLA-DQB1	1	HLA-DQB1*06:02	HLA-DQB1*06:02		known_exact_genomic
HG03516#2	HLA-DQB1	1	HLA-DQB1*05:01	HLA-DQB1*05:01		known_exact_genomic
HG03521#1	HLA-DQB1	1	HLA-DQB1*06:09	HLA-DQB1*06:09		known_exact_genomic
HG03521#2	HLA-DQB1	1	HLA-DQB1*02:02	HLA-DQB1*02:02		known_exact_genomic
HG03540#1	HLA-DQB1	1	HLA-DQB1*05:01	HLA-DQB1*05:01		known_exact_genomic
HG03540#2	HLA-DQB1	1	HLA-DQB1*03:19	HLA-DQB1*03:19		known_exact_genomic
HG03579#1	HLA-DQB1	1	HLA-DQB1*04:02	HLA-DQB1*04:02		known_exact_genomic
HG03579#2	HLA-DQB1	1	HLA-DQB1*04:02	HLA-DQB1*04:02		known_exact_genomic
HG03583#1	HLA-DQB1	1	HLA-DQB1*02:02	HLA-DQB1*02:02		known_exact_cds
HG03583#2	HLA-DQB1	1	HLA-DQB1*05:02	HLA-DQB1*05:02		known_exact_genomic
HG03654#1	HLA-DQB1	1	HLA-DQB1*05:03	HLA-DQB1*05:03		known_exact_genomic
HG03654#2	HLA-DQB1	1	HLA-DQB1*02:01	HLA-DQB1*02:01		known_exact_genomic
HG03669#1	HLA-DQB1	1	HLA-DQB1*06:01	HLA-DQB1*06:01		known_exact_genomic
HG03669#2	HLA-DQB1	1	HLA-DQB1*03:02	HLA-DQB1*03:02		known_exact_genomic
HG03688#1	HLA-DQB1	1	HLA-DQB1*03:02	HLA-DQB1*03:02		known_exact_genomic
HG03688#2	HLA-DQB1	1	HLA-DQB1*06:01	HLA-DQB1*06:01		known_exact_genomic
HG03704#1	HLA-DQB1	1	HLA-DQB1*06:03	HLA-DQB1*06:03		known_exact_genomic
HG03704#2	HLA-DQB1	1	HLA-DQB1*03:03	HLA-DQB1*03:03		known_exact_genomic
HG03710#1	HLA-DQB1	1	HLA-DQB1*02:02	HLA-DQB1*02:02		known_exact_genomic
HG03710#2	HLA-DQB1	1	HLA-DQB1*05:03	HLA-DQB1*05:03		known_exact_genomic
HG03742#1	HLA-DQB1	1	HLA-DQB1*03:02	HLA-DQB1*03:02		known_exact_genomic
HG03742#2	HLA-DQB1	1	HLA-DQB1*05:01	HLA-DQB1*05:01		known_exact_genomic
HG03784#1	HLA-DQB1	1	HLA-DQB1*03:01	HLA-DQB1*03:01		known_exact_genomic
HG03784#2	HLA-DQB1	1	HLA-DQB1*05:03	HLA-DQB1*05:03		known_exact_genomic
HG03804#1	HLA-DQB1	1	HLA-DQB1*06:01	HLA-DQB1*06:01		known_exact_genomic
HG03804#2	HLA-DQB1	1	HLA-DQB1*05:02	HLA-DQB1*05:02		known_exact_genomic
HG03816#1	HLA-DQB1	1	HLA-DQB1*02:02	HLA-DQB1*02:02		known_exact_genomic
HG03816#2	HLA-DQB1	1	HLA-DQB1*05:01	HLA-DQB1*05:01		known_exact_genomic
HG03831#1	HLA-DQB1	1	HLA-DQB1*05:02	HLA-DQB1*05:02		known_exact_genomic
HG03831#2	HLA-DQB1	1	HLA-DQB1*06:01	HLA-DQB1*06:01		known_exact_genomic
HG03834#1	HLA-DQB1	1	HLA-DQB1*02:02	HLA-DQB1*02:02		known_exact_genomic
HG03834#2	HLA-DQB1	1	HLA-DQB1*05:01	HLA-DQB1*05:01		known_exact_genomic
HG03874#1	HLA-DQB1	1	HLA-DQB1*03:01	HLA-DQB1*03:01		known_exact_genomic
HG03874#2	HLA-DQB1	1	HLA-DQB1*03:03	HLA-DQB1*03:03		known_exact_genomic
HG03927#1	HLA-DQB1	1	HLA-DQB1*05:03	HLA-DQB1*05:03		known_exact_genomic
HG03927#2	HLA-DQB1	1	HLA-DQB1*03:03	HLA-DQB1*03:03		known_exact_genomic
HG03942#1	HLA-DQB1	1	HLA-DQB1*06:01	HLA-DQB1*06:01		known_exact_genomic
HG03942#2	HLA-DQB1	1	HLA-DQB1*06:01	HLA-DQB1*06:01		known_exact_genomic
HG04115#1	HLA-DQB1	1	HLA-DQB1*05:01	HLA-DQB1*05:01		known_exact_genomic
HG04115#2	HLA-DQB1	1	HLA-DQB1*03:03	HLA-DQB1*03:03		known_exact_genomic
HG04157#1	HLA-DQB1	1	HLA-DQB1*02:02	HLA-DQB1*02:02		known_exact_genomic
HG04157#2	HLA-DQB1	1	HLA-DQB1*06:01	HLA-DQB1*06:01		known_exact_genomic
HG04160#1	HLA-DQB1	1	HLA-DQB1*05:01	HLA-DQB1*05:01		known_exact_genomic
HG04160#2	HLA-DQB1	1	HLA-DQB1*05:02	HLA-DQB1*05:02		known_exact_genomic
HG04184#1	HLA-DQB1	1	HLA-DQB1*03:03	HLA-DQB1*03:03		known_exact_genomic
HG04184#2	HLA-DQB1	1	HLA-DQB1*02:02	HLA-DQB1*02:02		known_exact_genomic
HG04187#1	HLA-DQB1	1	HLA-DQB1*02:07	HLA-DQB1*02:07		known_exact_genomic
HG04187#2	HLA-DQB1	1	HLA-DQB1*03:01	HLA-DQB1*03:01		known_exact_genomic
HG04199#1	HLA-DQB1	1	HLA-DQB1*03:02	HLA-DQB1*03:02		known_exact_genomic
HG04199#2	HLA-DQB1	1	HLA-DQB1*05:01	HLA-DQB1*05:01		known_exact_genomic
HG04204#1	HLA-DQB1	1	HLA-DQB1*06:01	HLA-DQB1*06:01		known_exact_genomic
HG04204#2	HLA-DQB1	1	HLA-DQB1*02:02	HLA-DQB1*02:02		known_exact_genomic
HG04228#1	HLA-DQB1	1	HLA-DQB1*06:02	HLA-DQB1*06:02		known_exact_genomic
HG04228#2	HLA-DQB1	1	HLA-DQB1*06:01	HLA-DQB1*06:01		known_exact_genomic
HG06807#1	HLA-DQB1	1	HLA-DQB1*06:02	HLA-DQB1*06:02		known_exact_genomic
HG06807#2	HLA-DQB1	1	HLA-DQB1*06:02	HLA-DQB1*06:02		known_exact_genomic
NA18505#1	HLA-DQB1	1	HLA-DQB1*02:01	HLA-DQB1*02:01		known_exact_genomic
NA18505#2	HLA-DQB1	1	HLA-DQB1*06:02	HLA-DQB1*06:02		known_exact_genomic
NA18508#1	HLA-DQB1	1	HLA-DQB1*04:02	HLA-DQB1*04:02		known_exact_genomic
NA18508#2	HLA-DQB1	1	HLA-DQB1*02:02	HLA-DQB1*02:02		known_exact_genomic
NA18522#1	HLA-DQB1	1	HLA-DQB1*03:01	HLA-DQB1*03:01		known_exact_genomic
NA18522#2	HLA-DQB1	1	HLA-DQB1*06:04	HLA-DQB1*06:04		known_exact_genomic
NA18879#1	HLA-DQB1	1	HLA-DQB1*05:01	HLA-DQB1*05:01		known_exact_genomic
NA18879#2	HLA-DQB1	1	HLA-DQB1*06:03	HLA-DQB1*06:03		known_exact_genomic
NA18906#1	HLA-DQB1	1	HLA-DQB1*06:02	HLA-DQB1*06:02		known_exact_genomic
NA18906#2	HLA-DQB1	1	HLA-DQB1*05:01	HLA-DQB1*05:01		known_exact_genomic
NA19036#1	HLA-DQB1	1	HLA-DQB1*05:01	HLA-DQB1*05:01		known_exact_genomic
NA19036#2	HLA-DQB1	1	HLA-DQB1*06:02	HLA-DQB1*06:02		known_exact_genomic
NA19043#1	HLA-DQB1	1	HLA-DQB1*06:02	HLA-DQB1*06:02		known_exact_genomic
NA19043#2	HLA-DQB1	1	HLA-DQB1*06:02	HLA-DQB1*06:02		known_exact_genomic
NA19159#1	HLA-DQB1	1	HLA-DQB1*06:03	HLA-DQB1*06:03		known_exact_genomic
NA19159#2	HLA-DQB1	1	HLA-DQB1*02:02	HLA-DQB1*02:02		known_exact_genomic
NA19185#1	HLA-DQB1	1	HLA-DQB1*05:01	HLA-DQB1*05:01		known_exact_genomic
NA19185#2	HLA-DQB1	1	HLA-DQB1*04:02	HLA-DQB1*04:02		known_exact_genomic
NA19240#1	HLA-DQB1	1	HLA-DQB1*03:01	HLA-DQB1*03:01		known_exact_genomic
NA19240#2	HLA-DQB1	1	HLA-DQB1*05:02	HLA-DQB1*05:02		known_exact_genomic
NA19338#1	HLA-DQB1	1	HLA-DQB1*06:09	HLA-DQB1*06:09		known_exact_genomic
NA19338#2	HLA-DQB1	1	HLA-DQB1*06:02	HLA-DQB1*06:02		known_exact_genomic
NA19391#1	HLA-DQB1	1	HLA-DQB1*03:02	HLA-DQB1*03:02		known_exact_genomic
NA19391#2	HLA-DQB1	1	HLA-DQB1*03:01	HLA-DQB1*03:01		known_exact_genomic
NA19443#1	HLA-DQB1	1	HLA-DQB1*06:09	HLA-DQB1*06:09		known_exact_genomic
NA19443#2	HLA-DQB1	1	HLA-DQB1*03:01	HLA-DQB1*03:01		known_exact_genomic
NA19468#1	HLA-DQB1	1	HLA-DQB1*05:01	HLA-DQB1*05:01		known_exact_genomic
NA19468#2	HLA-DQB1	1	HLA-DQB1*06:02	HLA-DQB1*06:02		known_exact_genomic
NA19682#1	HLA-DQB1	1	HLA-DQB1*03:04	HLA-DQB1*03:04		known_exact_genomic
NA19682#2	HLA-DQB1	1	HLA-DQB1*02:01	HLA-DQB1*02:01		known_exact_genomic
NA19700#1	HLA-DQB1	1	HLA-DQB1*05:02	HLA-DQB1*05:02		known_exact_genomic
NA19700#2	HLA-DQB1	1	HLA-DQB1*02:02	HLA-DQB1*02:02		known_exact_genomic
NA19776#1	HLA-DQB1	1	HLA-DQB1*03:02	HLA-DQB1*03:02		known_exact_genomic
NA19776#2	HLA-DQB1	1	HLA-DQB1*03:01	HLA-DQB1*03:01		known_exact_genomic
NA19835#1	HLA-DQB1	1	HLA-DQB1*03:19	HLA-DQB1*03:19		known_exact_genomic
NA19835#2	HLA-DQB1	1	HLA-DQB1*05:01	HLA-DQB1*05:01		known_exact_genomic
NA19909#1	HLA-DQB1	1	HLA-DQB1*04:02	HLA-DQB1*04:02		known_exact_genomic
NA19909#2	HLA-DQB1	1	HLA-DQB1*04:02	HLA-DQB1*04:02		known_exact_genomic
NA20129#1	HLA-DQB1	1	HLA-DQB1*02:01	HLA-DQB1*02:01		known_exact_genomic
NA20129#2	HLA-DQB1	1	HLA-DQB1*03:01	HLA-DQB1*03:01		known_exact_genomic
NA20282#1	HLA-DQB1	1	HLA-DQB1*03:01	HLA-DQB1*03:01		known_exact_genomic
NA20282#2	HLA-DQB1	1	HLA-DQB1*04:02	HLA-DQB1*04:02		known_exact_genomic
NA20346#1	HLA-DQB1	1	HLA-DQB1*02:02	HLA-DQB1*02:02		known_exact_genomic
NA20346#2	HLA-DQB1	1	HLA-DQB1*06:04	HLA-DQB1*06:04		known_exact_genomic
NA20503#1	HLA-DQB1	1	HLA-DQB1*05:01	HLA-DQB1*05:01		known_exact_genomic
NA20503#2	HLA-DQB1	1	HLA-DQB1*03:01	HLA-DQB1*03:01		known_exact_genomic
NA20752#1	HLA-DQB1	1	HLA-DQB1*05:01	HLA-DQB1*05:01		known_exact_genomic
NA20752#2	HLA-DQB1	1	HLA-DQB1*03:01	HLA-DQB1*03:01		known_exact_genomic
NA20762#1	HLA-DQB1	1	HLA-DQB1*05:01	HLA-DQB1*05:01		known_exact_genomic
NA20762#2	HLA-DQB1	1	HLA-DQB1*05:03	HLA-DQB1*05:03		known_exact_genomic
NA20799#1	HLA-DQB1	1	HLA-DQB1*03:01	HLA-DQB1*03:01		known_exact_genomic
NA20799#2	HLA-DQB1	1	HLA-DQB1*05:01	HLA-DQB1*05:01		known_exact_genomic
NA20805#1	HLA-DQB1	1	HLA-DQB1*03:03	HLA-DQB1*03:03		known_exact_genomic
NA20805#2	HLA-DQB1	1	HLA-DQB1*03:01	HLA-DQB1*03:01		known_exact_genomic
NA20806#1	HLA-DQB1	1	HLA-DQB1*06:02	HLA-DQB1*06:02		known_exact_genomic
NA20806#2	HLA-DQB1	1	HLA-DQB1*06:02	HLA-DQB1*06:02		known_exact_genomic
NA20809#1	HLA-DQB1	1	HLA-DQB1*03:02	HLA-DQB1*03:02		known_exact_genomic
NA20809#2	HLA-DQB1	1	HLA-DQB1*05:01	HLA-DQB1*05:01		known_exact_genomic
NA20827#1	HLA-DQB1	1	HLA-DQB1*02:02	HLA-DQB1*02:02		known_exact_genomic
NA20827#2	HLA-DQB1	1	HLA-DQB1*02:02	HLA-DQB1*02:02		known_exact_genomic
NA20850#1	HLA-DQB1	1	HLA-DQB1*03:03	HLA-DQB1*03:03		known_exact_genomic
NA20850#2	HLA-DQB1	1	HLA-DQB1*05:02	HLA-DQB1*05:02		known_exact_genomic
NA20870#1	HLA-DQB1	1	HLA-DQB1*06:09	HLA-DQB1*06:09		known_exact_genomic
NA20870#2	HLA-DQB1	1	HLA-DQB1*06:01	HLA-DQB1*06:01		known_exact_genomic
NA20905#1	HLA-DQB1	1	HLA-DQB1*03:01	HLA-DQB1*03:01		known_exact_genomic
NA20905#2	HLA-DQB1	1	HLA-DQB1*06:01	HLA-DQB1*06:01		known_exact_genomic
NA21093#1	HLA-DQB1	1	HLA-DQB1*03:03	HLA-DQB1*03:03		known_exact_genomic
NA21093#2	HLA-DQB1	1	HLA-DQB1*05:01	HLA-DQB1*05:01		known_exact_genomic
NA21102#1	HLA-DQB1	1	HLA-DQB1*05:01	HLA-DQB1*05:01		known_exact_genomic
NA21102#2	HLA-DQB1	1	HLA-DQB1*02:01	HLA-DQB1*02:01		known_exact_genomic
NA21106#1	HLA-DQB1	1	HLA-DQB1*06:01	HLA-DQB1*06:01		known_exact_genomic
NA21106#2	HLA-DQB1	1	HLA-DQB1*06:01	HLA-DQB1*06:01		known_exact_genomic
NA21110#1	HLA-DQB1	1	HLA-DQB1*03:01	HLA-DQB1*03:01		known_exact_genomic
NA21110#2	HLA-DQB1	1	HLA-DQB1*06:01	HLA-DQB1*06:01		known_exact_genomic
NA21144#1	HLA-DQB1	1	HLA-DQB1*03:03	HLA-DQB1*03:03		known_exact_genomic
NA21144#2	HLA-DQB1	1	HLA-DQB1*02:01	HLA-DQB1*02:01		known_exact_genomic
NA21309#1	HLA-DQB1	1	HLA-DQB1*06:02	HLA-DQB1*06:02		known_exact_genomic
NA21309#2	HLA-DQB1	1	HLA-DQB1*06:04	HLA-DQB1*06:04		known_exact_genomic
NA18990#1	HLA-DQB1	1	HLA-DQB1*06:04	HLA-DQB1*06:04		known_exact_genomic
NA18990#2	HLA-DQB1	1	HLA-DQB1*03:03	HLA-DQB1*03:03		known_exact_genomic
NA19007#1	HLA-DQB1	1	HLA-DQB1*03:03	HLA-DQB1*03:03		known_exact_genomic
NA19007#2	HLA-DQB1	1	HLA-DQB1*06:01	HLA-DQB1*06:01		known_exact_genomic
NA19066#1	HLA-DQB1	1	HLA-DQB1*06:01	HLA-DQB1*06:01		known_exact_genomic
NA19066#2	HLA-DQB1	1	HLA-DQB1*02:02	HLA-DQB1*02:02		known_exact_genomic
NA19079#1	HLA-DQB1	1	HLA-DQB1*03:02	HLA-DQB1*03:02		known_exact_genomic
NA19079#2	HLA-DQB1	1	HLA-DQB1*06:04	HLA-DQB1*06:04		known_exact_genomic
NA19088#1	HLA-DQB1	1	HLA-DQB1*03:01	HLA-DQB1*03:01		known_exact_genomic
NA19088#2	HLA-DQB1	1	HLA-DQB1*03:02	HLA-DQB1*03:02		known_exact_genomic
ksa001#1	HLA-DQB1	1	HLA-DQB1*03:02	HLA-DQB1*03:02		known_exact_genomic
ksa001#2	HLA-DQB1	1	HLA-DQB1*03:01	HLA-DQB1*03:01		known_exact_genomic
ksa002#1	HLA-DQB1	1	HLA-DQB1*05:01	HLA-DQB1*05:01		known_exact_genomic
ksa002#2	HLA-DQB1	1	HLA-DQB1*02:01	HLA-DQB1*02:01		known_exact_genomic
ksa003#1	HLA-DQB1	1	HLA-DQB1*03:02	HLA-DQB1*03:02		known_exact_genomic
ksa003#2	HLA-DQB1	1	HLA-DQB1*03:03	HLA-DQB1*03:03		known_exact_genomic
ksa004#1	HLA-DQB1	1	HLA-DQB1*06:03	HLA-DQB1*06:03		known_exact_genomic
ksa004#2	HLA-DQB1	1	HLA-DQB1*06:04	HLA-DQB1*06:04		known_exact_genomic
ksa005#1	HLA-DQB1	1	HLA-DQB1*06:03	HLA-DQB1*06:03		known_exact_genomic
ksa005#2	HLA-DQB1	1	HLA-DQB1*03:02	HLA-DQB1*03:02		known_exact_genomic
ksa006#1	HLA-DQB1	1	HLA-DQB1*02:02	HLA-DQB1*02:02		known_exact_genomic
ksa006#2	HLA-DQB1	1	HLA-DQB1*03:02	HLA-DQB1*03:02		known_exact_genomic
ksa007#1	HLA-DQB1	1	HLA-DQB1*06:03	HLA-DQB1*06:03		known_exact_genomic
ksa007#2	HLA-DQB1	1	HLA-DQB1*06:01	HLA-DQB1*06:01		known_exact_genomic
ksa008#1	HLA-DQB1	1	HLA-DQB1*02:02	HLA-DQB1*02:02		known_exact_genomic
ksa008#2	HLA-DQB1	1	HLA-DQB1*06:04	HLA-DQB1*06:04		known_exact_genomic
ksa009#1	HLA-DQB1	1	HLA-DQB1*03:02	HLA-DQB1*03:02		known_exact_genomic
ksa009#2	HLA-DQB1	1	HLA-DQB1*03:01	HLA-DQB1*03:01		known_exact_genomic
KOREF1#1	HLA-DQB1	1	HLA-DQB1*03:03	HLA-DQB1*03:03		known_exact_genomic
KOREF1#2	HLA-DQB1	1	HLA-DQB1*06:04	HLA-DQB1*06:04		known_exact_genomic
KOREF2#1	HLA-DQB1	1	HLA-DQB1*06:09	HLA-DQB1*06:09		known_exact_genomic
KOREF2#2	HLA-DQB1	1	HLA-DQB1*03:01	HLA-DQB1*03:01		known_exact_genomic
KPanRef-071#1	HLA-DQB1	1	HLA-DQB1*06:01	HLA-DQB1*06:01		known_exact_genomic
KPanRef-071#2	HLA-DQB1	1	HLA-DQB1*06:02	HLA-DQB1*06:02		known_exact_genomic
KPanRef-072#1	HLA-DQB1	1	HLA-DQB1*02:02	HLA-DQB1*02:02		known_exact_cds
KPanRef-072#2	HLA-DQB1	1	HLA-DQB1*03:03	HLA-DQB1*03:03		known_exact_genomic
KPanRef-073#1	HLA-DQB1	1	HLA-DQB1*05:01	HLA-DQB1*05:01		known_exact_genomic
KPanRef-073#2	HLA-DQB1	1	HLA-DQB1*03:01	HLA-DQB1*03:01		known_exact_genomic
KPanRef-074#1	HLA-DQB1	1	HLA-DQB1*05:03	HLA-DQB1*05:03		known_exact_genomic
KPanRef-074#2	HLA-DQB1	1	HLA-DQB1*04:01	HLA-DQB1*04:01		known_exact_genomic
KPanRef-075#1	HLA-DQB1	1	HLA-DQB1*06:02	HLA-DQB1*06:02		known_exact_cds
KPanRef-075#2	HLA-DQB1	1	HLA-DQB1*06:01	HLA-DQB1*06:01		known_exact_genomic
KPanRef-076#1	HLA-DQB1	1	HLA-DQB1*05:01	HLA-DQB1*05:01		known_exact_genomic
KPanRef-076#2	HLA-DQB1	1	HLA-DQB1*03:02	HLA-DQB1*03:02		known_exact_genomic
KPanRef-076-M#2	HLA-DQB1	1	HLA-DQB1*03:02	HLA-DQB1*03:02		known_exact_genomic
KPanRef-076-P#1	HLA-DQB1	1	HLA-DQB1*06:01	HLA-DQB1*06:01		known_exact_cds
KPanRef-076-P#2	HLA-DQB1	1	HLA-DQB1*05:01	HLA-DQB1*05:01		known_exact_genomic
KPanRef-077#1	HLA-DQB1	1	HLA-DQB1*03:03	HLA-DQB1*03:03		known_exact_genomic
KPanRef-077#2	HLA-DQB1	1	HLA-DQB1*06:01	HLA-DQB1*06:01		known_exact_genomic
KPanRef-078#1	HLA-DQB1	1	HLA-DQB1*05:02	HLA-DQB1*05:02		known_exact_genomic
KPanRef-078#2	HLA-DQB1	1	HLA-DQB1*02:01	HLA-DQB1*02:01		known_exact_genomic
KPanRef-079#1	HLA-DQB1	1	HLA-DQB1*02:02	HLA-DQB1*02:02		known_exact_cds
KPanRef-079#2	HLA-DQB1	1	HLA-DQB1*03:03	HLA-DQB1*03:03		known_exact_genomic
KPanRef-080#1	HLA-DQB1	1	HLA-DQB1*03:02	HLA-DQB1*03:02		known_exact_genomic
KPanRef-080#2	HLA-DQB1	1	HLA-DQB1*03:03	HLA-DQB1*03:03		known_exact_genomic
apr-f#1	HLA-DPA1	1	HLA-DPA1*01:03	HLA-DPA1*01:03		known_exact_genomic
apr-f#2	HLA-DPA1	1	HLA-DPA1*01:03	HLA-DPA1*01:03		known_exact_genomic
apr-m#1	HLA-DPA1	1	HLA-DPA1*02:01	HLA-DPA1*02:01		known_exact_cds
apr-m#2	HLA-DPA1	1	HLA-DPA1*02:01	HLA-DPA1*02:01		known_exact_cds
apr-s#1	HLA-DPA1	1	HLA-DPA1*02:01	HLA-DPA1*02:01		known_exact_cds
apr-s#2	HLA-DPA1	1	HLA-DPA1*01:03	HLA-DPA1*01:03		known_exact_genomic
apr001#1	HLA-DPA1	1	HLA-DPA1*02:01	HLA-DPA1*02:01		known_exact_cds
apr001#2	HLA-DPA1	1	HLA-DPA1*01:03	HLA-DPA1*01:03		known_exact_genomic
apr002#1	HLA-DPA1	1	HLA-DPA1*01:03	HLA-DPA1*01:03		known_exact_cds
apr002#2	HLA-DPA1	1	HLA-DPA1*01:03	HLA-DPA1*01:03		known_exact_genomic
apr003#1	HLA-DPA1	1	HLA-DPA1*01:03	HLA-DPA1*01:03		known_exact_genomic
apr003#2	HLA-DPA1	1	HLA-DPA1*02:01	HLA-DPA1*02:01		known_exact_cds
apr004#1	HLA-DPA1	1	HLA-DPA1*01:03	HLA-DPA1*01:03		known_exact_genomic
apr004#2	HLA-DPA1	1	HLA-DPA1*01:03	HLA-DPA1*01:03		known_exact_genomic
apr005#1	HLA-DPA1	1	HLA-DPA1*01:03	HLA-DPA1*01:03		known_exact_genomic
apr005#2	HLA-DPA1	1	HLA-DPA1*01:03	HLA-DPA1*01:03		known_exact_genomic
apr006#1	HLA-DPA1	1	HLA-DPA1*01:03	HLA-DPA1*01:03		known_exact_genomic
apr006#2	HLA-DPA1	1	HLA-DPA1*01:03	HLA-DPA1*01:03		known_exact_genomic
apr007#1	HLA-DPA1	1	HLA-DPA1*01:03	HLA-DPA1*01:03		known_exact_genomic
apr007#2	HLA-DPA1	1	HLA-DPA1*01:03	HLA-DPA1*01:03		known_exact_genomic
apr008#1	HLA-DPA1	1	HLA-DPA1*01:03	HLA-DPA1*01:03		known_exact_genomic
apr008#2	HLA-DPA1	1	HLA-DPA1*01:03	HLA-DPA1*01:03		known_exact_genomic
apr009#1	HLA-DPA1	1	HLA-DPA1*01:03	HLA-DPA1*01:03		known_exact_genomic
apr009#2	HLA-DPA1	1	HLA-DPA1*01:03	HLA-DPA1*01:03		known_exact_genomic
apr010#1	HLA-DPA1	1	HLA-DPA1*01:03	HLA-DPA1*01:03		known_exact_genomic
apr010#2	HLA-DPA1	1	HLA-DPA1*02:07	HLA-DPA1*02:07		known_exact_genomic
apr011#1	HLA-DPA1	1	HLA-DPA1*02:02	HLA-DPA1*02:02		known_exact_cds
apr011#2	HLA-DPA1	1	HLA-DPA1*01:03	HLA-DPA1*01:03		known_exact_genomic
apr012#1	HLA-DPA1	1	HLA-DPA1*01:03	HLA-DPA1*01:03		known_exact_genomic
apr012#2	HLA-DPA1	1	HLA-DPA1*01:03	HLA-DPA1*01:03		known_exact_genomic
apr013#1	HLA-DPA1	1	HLA-DPA1*02:01	HLA-DPA1*02:01		known_exact_cds
apr013#2	HLA-DPA1	1	HLA-DPA1*02:01	HLA-DPA1*02:01		known_exact_cds
apr014#1	HLA-DPA1	1	HLA-DPA1*01:03	HLA-DPA1*01:03		known_exact_genomic
apr014#2	HLA-DPA1	1	HLA-DPA1*02:02	HLA-DPA1*02:02		known_exact_cds
apr015#1	HLA-DPA1	1	HLA-DPA1*01:03	HLA-DPA1*01:03		known_exact_genomic
apr015#2	HLA-DPA1	1	HLA-DPA1*02:01	HLA-DPA1*02:01		known_exact_cds
apr016#1	HLA-DPA1	1	HLA-DPA1*02:01	HLA-DPA1*02:01		known_exact_cds
apr016#2	HLA-DPA1	1	HLA-DPA1*01:03	HLA-DPA1*01:03		known_exact_genomic
apr018#1	HLA-DPA1	1	HLA-DPA1*01:04	HLA-DPA1*01:04		known_exact_cds
apr018#2	HLA-DPA1	1	HLA-DPA1*01:03	HLA-DPA1*01:03		known_exact_cds
apr019#1	HLA-DPA1	1	HLA-DPA1*01:03	HLA-DPA1*01:03		known_exact_genomic
apr019#2	HLA-DPA1	1	HLA-DPA1*02:01	HLA-DPA1*02:01		known_exact_cds
apr020#1	HLA-DPA1	1	HLA-DPA1*02:01	HLA-DPA1*02:01		known_exact_cds
apr020#2	HLA-DPA1	1	HLA-DPA1*02:02	HLA-DPA1*02:02		known_exact_cds
apr021#1	HLA-DPA1	1	HLA-DPA1*01:03	HLA-DPA1*01:03		known_exact_genomic
apr021#2	HLA-DPA1	1	HLA-DPA1*02:01	HLA-DPA1*02:01		known_exact_cds
apr022#1	HLA-DPA1	1	HLA-DPA1*02:01	HLA-DPA1*02:01		known_exact_cds
apr022#2	HLA-DPA1	1	HLA-DPA1*01:03	HLA-DPA1*01:03		known_exact_genomic
apr023#1	HLA-DPA1	1	HLA-DPA1*01:03	HLA-DPA1*01:03		known_exact_cds
apr023#2	HLA-DPA1	1	HLA-DPA1*01:58	HLA-DPA1*01:58		known_exact_genomic
apr024#1	HLA-DPA1	1	HLA-DPA1*02:06	HLA-DPA1*02:06		known_exact_genomic
apr024#2	HLA-DPA1	1	HLA-DPA1*02:02	HLA-DPA1*02:02		known_exact_cds
apr025#1	HLA-DPA1	1	HLA-DPA1*01:03	HLA-DPA1*01:03		known_exact_genomic
apr025#2	HLA-DPA1	1	HLA-DPA1*01:04	HLA-DPA1*01:04		known_exact_cds
apr026#1	HLA-DPA1	1	HLA-DPA1*02:01	HLA-DPA1*02:01		known_exact_cds
apr026#2	HLA-DPA1	1	HLA-DPA1*02:02	HLA-DPA1*02:02		known_exact_cds
apr027#1	HLA-DPA1	1	HLA-DPA1*01:03	HLA-DPA1*01:03		known_exact_genomic
apr027#2	HLA-DPA1	1	HLA-DPA1*01:03	HLA-DPA1*01:03		known_exact_genomic
apr029#1	HLA-DPA1	1	HLA-DPA1*02:01	HLA-DPA1*02:01		known_exact_cds
apr029#2	HLA-DPA1	1	HLA-DPA1*01:03	HLA-DPA1*01:03		known_exact_genomic
apr030#1	HLA-DPA1	1	HLA-DPA1*02:01	HLA-DPA1*02:01		known_exact_cds
apr030#2	HLA-DPA1	1	HLA-DPA1*01:03	HLA-DPA1*01:03		known_exact_genomic
apr031#1	HLA-DPA1	1	HLA-DPA1*01:03	HLA-DPA1*01:03		known_exact_genomic
apr031#2	HLA-DPA1	1	HLA-DPA1*02:01	HLA-DPA1*02:01		known_exact_cds
apr032#1	HLA-DPA1	1	HLA-DPA1*01:03	HLA-DPA1*01:03		known_exact_cds
apr032#2	HLA-DPA1	1	HLA-DPA1*01:03	HLA-DPA1*01:03		known_exact_genomic
apr033#1	HLA-DPA1	1	HLA-DPA1*02:01	HLA-DPA1*02:01		known_exact_genomic
apr033#2	HLA-DPA1	1	HLA-DPA1*02:01	HLA-DPA1*02:01		known_exact_cds
apr034#1	HLA-DPA1	1	HLA-DPA1*01:03	HLA-DPA1*01:03		known_exact_genomic
apr034#2	HLA-DPA1	1	HLA-DPA1*01:03	HLA-DPA1*01:03		known_exact_genomic
apr035#1	HLA-DPA1	1	HLA-DPA1*02:01	HLA-DPA1*02:01		known_exact_cds
apr035#2	HLA-DPA1	1	HLA-DPA1*02:01	HLA-DPA1*02:01		known_exact_genomic
apr036#1	HLA-DPA1	1	HLA-DPA1*01:03	HLA-DPA1*01:03		known_exact_genomic
apr036#2	HLA-DPA1	1	HLA-DPA1*04:02	HLA-DPA1*04:02		known_exact_genomic
apr037#1	HLA-DPA1	1	HLA-DPA1*01:03	HLA-DPA1*01:03		known_exact_genomic
apr037#2	HLA-DPA1	1	HLA-DPA1*02:01	HLA-DPA1*02:01		known_exact_cds
apr038#1	HLA-DPA1	0		HLA-DPA1*02:85		unresolved_no_exact_match
apr038#2	HLA-DPA1	1	HLA-DPA1*02:01	HLA-DPA1*02:01		known_exact_cds
apr039#1	HLA-DPA1	1	HLA-DPA1*01:03	HLA-DPA1*01:03		known_exact_cds
apr039#2	HLA-DPA1	1	HLA-DPA1*01:03	HLA-DPA1*01:03		known_exact_cds
apr040#1	HLA-DPA1	1	HLA-DPA1*04:01	HLA-DPA1*04:01		known_exact_cds
apr040#2	HLA-DPA1	1	HLA-DPA1*01:03	HLA-DPA1*01:03		known_exact_genomic
apr041#1	HLA-DPA1	1	HLA-DPA1*01:03	HLA-DPA1*01:03		known_exact_cds
apr041#2	HLA-DPA1	1	HLA-DPA1*01:03	HLA-DPA1*01:03		known_exact_genomic
apr042#1	HLA-DPA1	1	HLA-DPA1*02:01	HLA-DPA1*02:01		known_exact_cds
apr042#2	HLA-DPA1	1	HLA-DPA1*01:03	HLA-DPA1*01:03		known_exact_genomic
apr043#1	HLA-DPA1	1	HLA-DPA1*01:03	HLA-DPA1*01:03		known_exact_genomic
apr043#2	HLA-DPA1	1	HLA-DPA1*01:03	HLA-DPA1*01:03		known_exact_genomic
apr044#1	HLA-DPA1	1	HLA-DPA1*01:03	HLA-DPA1*01:03		known_exact_genomic
apr044#2	HLA-DPA1	1	HLA-DPA1*01:03	HLA-DPA1*01:03		known_exact_genomic
apr045#1	HLA-DPA1	1	HLA-DPA1*01:03	HLA-DPA1*01:03		known_exact_genomic
apr045#2	HLA-DPA1	1	HLA-DPA1*02:01	HLA-DPA1*02:01		known_exact_cds
apr046#1	HLA-DPA1	1	HLA-DPA1*01:03	HLA-DPA1*01:03		known_exact_genomic
apr046#2	HLA-DPA1	1	HLA-DPA1*01:03	HLA-DPA1*01:03		known_exact_cds
apr047#1	HLA-DPA1	1	HLA-DPA1*01:03	HLA-DPA1*01:03		known_exact_genomic
apr047#2	HLA-DPA1	1	HLA-DPA1*02:01	HLA-DPA1*02:01		known_exact_genomic
apr048#1	HLA-DPA1	1	HLA-DPA1*01:03	HLA-DPA1*01:03		known_exact_genomic
apr048#2	HLA-DPA1	1	HLA-DPA1*02:01	HLA-DPA1*02:01		known_exact_cds
apr049#1	HLA-DPA1	1	HLA-DPA1*02:01	HLA-DPA1*02:01		known_exact_cds
apr049#2	HLA-DPA1	1	HLA-DPA1*01:03	HLA-DPA1*01:03		known_exact_cds
apr050#1	HLA-DPA1	1	HLA-DPA1*01:03	HLA-DPA1*01:03		known_exact_genomic
apr050#2	HLA-DPA1	1	HLA-DPA1*03:01	HLA-DPA1*03:01		known_exact_genomic
apr051#1	HLA-DPA1	1	HLA-DPA1*02:01	HLA-DPA1*02:01		known_exact_cds
apr051#2	HLA-DPA1	1	HLA-DPA1*01:03	HLA-DPA1*01:03		known_exact_genomic
apr52#1	HLA-DPA1	1	HLA-DPA1*01:03	HLA-DPA1*01:03		known_exact_genomic
apr52#2	HLA-DPA1	1	HLA-DPA1*01:03	HLA-DPA1*01:03		known_exact_genomic
HIFI032007D#1	HLA-DPA1	1	HLA-DPA1*02:02	HLA-DPA1*02:02		known_exact_cds
HIFI032007D#2	HLA-DPA1	1	HLA-DPA1*01:03	HLA-DPA1*01:03		known_exact_genomic
HIFI032018D#1	HLA-DPA1	1	HLA-DPA1*02:02	HLA-DPA1*02:02		known_exact_cds
HIFI032018D#2	HLA-DPA1	1	HLA-DPA1*02:01	HLA-DPA1*02:01		known_exact_cds
HIFI032069D#1	HLA-DPA1	1	HLA-DPA1*02:02	HLA-DPA1*02:02		known_exact_cds
HIFI032069D#2	HLA-DPA1	1	HLA-DPA1*02:02	HLA-DPA1*02:02		known_exact_cds
HIFI032097D#1	HLA-DPA1	1	HLA-DPA1*01:03	HLA-DPA1*01:03		known_exact_genomic
HIFI032097D#2	HLA-DPA1	1	HLA-DPA1*02:01	HLA-DPA1*02:01		known_exact_cds
HIFI032103D#1	HLA-DPA1	1	HLA-DPA1*01:03	HLA-DPA1*01:03		known_exact_genomic
HIFI032103D#2	HLA-DPA1	1	HLA-DPA1*01:03	HLA-DPA1*01:03		known_exact_genomic
HIFI032161D#1	HLA-DPA1	1	HLA-DPA1*01:03	HLA-DPA1*01:03		known_exact_genomic
HIFI032161D#2	HLA-DPA1	1	HLA-DPA1*01:03	HLA-DPA1*01:03		known_exact_cds
HIFI032164D#1	HLA-DPA1	1	HLA-DPA1*02:02	HLA-DPA1*02:02		known_exact_cds
HIFI032164D#2	HLA-DPA1	1	HLA-DPA1*01:03	HLA-DPA1*01:03		known_exact_genomic
HIFI032167D#1	HLA-DPA1	1	HLA-DPA1*01:03	HLA-DPA1*01:03		known_exact_genomic
HIFI032167D#2	HLA-DPA1	1	HLA-DPA1*01:03	HLA-DPA1*01:03		known_exact_genomic
HIFI032182D#1	HLA-DPA1	1	HLA-DPA1*02:02	HLA-DPA1*02:02		known_exact_cds
HIFI032182D#2	HLA-DPA1	1	HLA-DPA1*01:03	HLA-DPA1*01:03		known_exact_genomic
HIFI032289D#1	HLA-DPA1	1	HLA-DPA1*02:02	HLA-DPA1*02:02		known_exact_cds
HIFI032289D#2	HLA-DPA1	1	HLA-DPA1*02:02	HLA-DPA1*02:02		known_exact_cds
HIFI032292D#1	HLA-DPA1	1	HLA-DPA1*02:02	HLA-DPA1*02:02		known_exact_cds
HIFI032292D#2	HLA-DPA1	1	HLA-DPA1*01:03	HLA-DPA1*01:03		known_exact_genomic
HIFI032302D#1	HLA-DPA1	1	HLA-DPA1*02:02	HLA-DPA1*02:02		known_exact_cds
HIFI032302D#2	HLA-DPA1	1	HLA-DPA1*01:03	HLA-DPA1*01:03		known_exact_genomic
HIFI032306D#1	HLA-DPA1	1	HLA-DPA1*01:03	HLA-DPA1*01:03		known_exact_genomic
HIFI032306D#2	HLA-DPA1	1	HLA-DPA1*01:03	HLA-DPA1*01:03		known_exact_genomic
HIFI032335D#1	HLA-DPA1	1	HLA-DPA1*01:03	HLA-DPA1*01:03		known_exact_genomic
HIFI032335D#2	HLA-DPA1	1	HLA-DPA1*02:01	HLA-DPA1*02:01		known_exact_cds
HIFI032349D#1	HLA-DPA1	1	HLA-DPA1*01:03	HLA-DPA1*01:03		known_exact_genomic
HIFI032349D#2	HLA-DPA1	1	HLA-DPA1*02:02	HLA-DPA1*02:02		known_exact_cds
HIFI032373D#1	HLA-DPA1	1	HLA-DPA1*01:03	HLA-DPA1*01:03		known_exact_genomic
HIFI032373D#2	HLA-DPA1	1	HLA-DPA1*01:03	HLA-DPA1*01:03		known_exact_genomic
HIFI032420D#1	HLA-DPA1	1	HLA-DPA1*01:03	HLA-DPA1*01:03		known_exact_genomic
HIFI032420D#2	HLA-DPA1	1	HLA-DPA1*01:03	HLA-DPA1*01:03		known_exact_genomic
HIFI032422D#1	HLA-DPA1	1	HLA-DPA1*02:02	HLA-DPA1*02:02		known_exact_cds
HIFI032422D#2	HLA-DPA1	1	HLA-DPA1*01:03	HLA-DPA1*01:03		known_exact_genomic
HIFI032429D#1	HLA-DPA1	1	HLA-DPA1*01:03	HLA-DPA1*01:03		known_exact_genomic
HIFI032429D#2	HLA-DPA1	1	HLA-DPA1*02:01	HLA-DPA1*02:01		known_exact_cds
HIFI032440D#1	HLA-DPA1	1	HLA-DPA1*02:02	HLA-DPA1*02:02		known_exact_cds
HIFI032440D#2	HLA-DPA1	1	HLA-DPA1*01:03	HLA-DPA1*01:03		known_exact_genomic
HIFI032450D#1	HLA-DPA1	1	HLA-DPA1*01:03	HLA-DPA1*01:03		known_exact_genomic
HIFI032450D#2	HLA-DPA1	1	HLA-DPA1*02:02	HLA-DPA1*02:02		known_exact_cds
HIFI032453D#1	HLA-DPA1	1	HLA-DPA1*02:02	HLA-DPA1*02:02		known_exact_cds
HIFI032453D#2	HLA-DPA1	1	HLA-DPA1*02:02	HLA-DPA1*02:02		known_exact_cds
HIFI032454D#1	HLA-DPA1	1	HLA-DPA1*02:02	HLA-DPA1*02:02		known_exact_genomic
HIFI032454D#2	HLA-DPA1	1	HLA-DPA1*01:03	HLA-DPA1*01:03		known_exact_cds
HIFI032462D#1	HLA-DPA1	1	HLA-DPA1*01:03	HLA-DPA1*01:03		known_exact_genomic
HIFI032462D#2	HLA-DPA1	1	HLA-DPA1*01:03	HLA-DPA1*01:03		known_exact_genomic
HIFI032473D#1	HLA-DPA1	1	HLA-DPA1*02:01	HLA-DPA1*02:01		known_exact_cds
HIFI032473D#2	HLA-DPA1	1	HLA-DPA1*01:03	HLA-DPA1*01:03		known_exact_genomic
HIFI032487D#1	HLA-DPA1	1	HLA-DPA1*01:03	HLA-DPA1*01:03		known_exact_genomic
HIFI032487D#2	HLA-DPA1	1	HLA-DPA1*02:02	HLA-DPA1*02:02		known_exact_cds
HIFI032501D#1	HLA-DPA1	1	HLA-DPA1*02:02	HLA-DPA1*02:02		known_exact_cds
HIFI032501D#2	HLA-DPA1	1	HLA-DPA1*02:02	HLA-DPA1*02:02		known_exact_cds
HIFI032510D#1	HLA-DPA1	1	HLA-DPA1*02:02	HLA-DPA1*02:02		known_exact_cds
HIFI032510D#2	HLA-DPA1	1	HLA-DPA1*02:02	HLA-DPA1*02:02		known_exact_cds
HIFI032513D#1	HLA-DPA1	1	HLA-DPA1*02:02	HLA-DPA1*02:02		known_exact_cds
HIFI032513D#2	HLA-DPA1	1	HLA-DPA1*02:02	HLA-DPA1*02:02		known_exact_cds
HIFI032529D#1	HLA-DPA1	1	HLA-DPA1*02:01	HLA-DPA1*02:01		known_exact_cds
HIFI032529D#2	HLA-DPA1	1	HLA-DPA1*01:03	HLA-DPA1*01:03		known_exact_genomic
HIFI032566D#1	HLA-DPA1	1	HLA-DPA1*01:03	HLA-DPA1*01:03		known_exact_cds
HIFI032566D#2	HLA-DPA1	1	HLA-DPA1*02:02	HLA-DPA1*02:02		known_exact_cds
HIFI032567D#1	HLA-DPA1	1	HLA-DPA1*01:03	HLA-DPA1*01:03		known_exact_genomic
HIFI032567D#2	HLA-DPA1	1	HLA-DPA1*01:03	HLA-DPA1*01:03		known_exact_genomic
HIFI032585D#1	HLA-DPA1	1	HLA-DPA1*02:02	HLA-DPA1*02:02		known_exact_cds
HIFI032585D#2	HLA-DPA1	1	HLA-DPA1*02:01	HLA-DPA1*02:01		known_exact_cds
HIFI032586D#1	HLA-DPA1	1	HLA-DPA1*02:02	HLA-DPA1*02:02		known_exact_cds
HIFI032586D#2	HLA-DPA1	1	HLA-DPA1*01:03	HLA-DPA1*01:03		known_exact_genomic
HIFI032591D#1	HLA-DPA1	1	HLA-DPA1*02:02	HLA-DPA1*02:02		known_exact_cds
HIFI032591D#2	HLA-DPA1	1	HLA-DPA1*02:02	HLA-DPA1*02:02		known_exact_cds
HIFI032604D#1	HLA-DPA1	1	HLA-DPA1*01:03	HLA-DPA1*01:03		known_exact_genomic
HIFI032604D#2	HLA-DPA1	1	HLA-DPA1*04:01	HLA-DPA1*04:01		known_exact_cds
HIFI032607D#1	HLA-DPA1	1	HLA-DPA1*02:02	HLA-DPA1*02:02		known_exact_cds
HIFI032607D#2	HLA-DPA1	1	HLA-DPA1*02:01	HLA-DPA1*02:01		known_exact_cds
HIFI032662D#1	HLA-DPA1	1	HLA-DPA1*01:03	HLA-DPA1*01:03		known_exact_cds
HIFI032662D#2	HLA-DPA1	1	HLA-DPA1*01:03	HLA-DPA1*01:03		known_exact_genomic
HIFI032668D#1	HLA-DPA1	1	HLA-DPA1*01:03	HLA-DPA1*01:03		known_exact_genomic
HIFI032668D#2	HLA-DPA1	1	HLA-DPA1*01:03	HLA-DPA1*01:03		known_exact_genomic
HIFI032682D#1	HLA-DPA1	1	HLA-DPA1*01:03	HLA-DPA1*01:03		known_exact_genomic
HIFI032682D#2	HLA-DPA1	1	HLA-DPA1*01:03	HLA-DPA1*01:03		known_exact_genomic
HIFI032685D#1	HLA-DPA1	1	HLA-DPA1*02:02	HLA-DPA1*02:02		known_exact_cds
HIFI032685D#2	HLA-DPA1	1	HLA-DPA1*01:03	HLA-DPA1*01:03		known_exact_genomic
HIFI032692D#1	HLA-DPA1	1	HLA-DPA1*01:03	HLA-DPA1*01:03		known_exact_genomic
HIFI032692D#2	HLA-DPA1	1	HLA-DPA1*01:03	HLA-DPA1*01:03		known_exact_genomic
HIFI032693D#1	HLA-DPA1	1	HLA-DPA1*02:07	HLA-DPA1*02:07		known_exact_genomic
HIFI032693D#2	HLA-DPA1	1	HLA-DPA1*01:03	HLA-DPA1*01:03		known_exact_genomic
HIFI032698D#1	HLA-DPA1	1	HLA-DPA1*01:03	HLA-DPA1*01:03		known_exact_genomic
HIFI032698D#2	HLA-DPA1	1	HLA-DPA1*02:02	HLA-DPA1*02:02		known_exact_cds
HIFI032706D#1	HLA-DPA1	1	HLA-DPA1*01:03	HLA-DPA1*01:03		known_exact_genomic
HIFI032706D#2	HLA-DPA1	1	HLA-DPA1*02:02	HLA-DPA1*02:02		known_exact_cds
HIFI032711D#1	HLA-DPA1	1	HLA-DPA1*01:03	HLA-DPA1*01:03		known_exact_genomic
HIFI032711D#2	HLA-DPA1	1	HLA-DPA1*02:02	HLA-DPA1*02:02		known_exact_cds
HIFI032731D#1	HLA-DPA1	1	HLA-DPA1*01:03	HLA-DPA1*01:03		known_exact_genomic
HIFI032731D#2	HLA-DPA1	1	HLA-DPA1*01:03	HLA-DPA1*01:03		known_exact_genomic
RY01#1	HLA-DPA1	1	HLA-DPA1*02:02	HLA-DPA1*02:02		known_exact_cds
RY01#2	HLA-DPA1	1	HLA-DPA1*02:02	HLA-DPA1*02:02		known_exact_cds
RY02#1	HLA-DPA1	1	HLA-DPA1*01:03	HLA-DPA1*01:03		known_exact_genomic
RY02#2	HLA-DPA1	1	HLA-DPA1*02:07	HLA-DPA1*02:07		known_exact_genomic
RY03#1	HLA-DPA1	1	HLA-DPA1*02:01	HLA-DPA1*02:01		known_exact_cds
RY03#2	HLA-DPA1	1	HLA-DPA1*02:02	HLA-DPA1*02:02		known_exact_cds
RY04#1	HLA-DPA1	1	HLA-DPA1*02:02	HLA-DPA1*02:02		known_exact_cds
RY04#2	HLA-DPA1	1	HLA-DPA1*02:02	HLA-DPA1*02:02		known_exact_cds
RY05#1	HLA-DPA1	1	HLA-DPA1*02:02	HLA-DPA1*02:02		known_exact_cds
RY05#2	HLA-DPA1	1	HLA-DPA1*02:02	HLA-DPA1*02:02		known_exact_cds
RY06#1	HLA-DPA1	1	HLA-DPA1*02:01	HLA-DPA1*02:01		known_exact_cds
RY06#2	HLA-DPA1	1	HLA-DPA1*01:04	HLA-DPA1*01:04		known_exact_cds
RY07#1	HLA-DPA1	1	HLA-DPA1*01:03	HLA-DPA1*01:03		known_exact_cds
RY07#2	HLA-DPA1	1	HLA-DPA1*02:01	HLA-DPA1*02:01		known_exact_cds
RY08#1	HLA-DPA1	1	HLA-DPA1*02:02	HLA-DPA1*02:02		known_exact_cds
RY08#2	HLA-DPA1	1	HLA-DPA1*02:02	HLA-DPA1*02:02		known_exact_cds
RY09#1	HLA-DPA1	1	HLA-DPA1*01:03	HLA-DPA1*01:03		known_exact_genomic
RY09#2	HLA-DPA1	1	HLA-DPA1*02:01	HLA-DPA1*02:01		known_exact_cds
RY10#1	HLA-DPA1	1	HLA-DPA1*01:03	HLA-DPA1*01:03		known_exact_genomic
RY10#2	HLA-DPA1	1	HLA-DPA1*02:02	HLA-DPA1*02:02		known_exact_cds
RY11#1	HLA-DPA1	1	HLA-DPA1*02:02	HLA-DPA1*02:02		known_exact_cds
RY11#2	HLA-DPA1	1	HLA-DPA1*01:03	HLA-DPA1*01:03		known_exact_genomic
HG00408#1	HLA-DPA1	1	HLA-DPA1*02:02	HLA-DPA1*02:02		known_exact_cds
HG00408#2	HLA-DPA1	1	HLA-DPA1*01:03	HLA-DPA1*01:03		known_exact_genomic
HG00423#1	HLA-DPA1	1	HLA-DPA1*02:02	HLA-DPA1*02:02		known_exact_cds
HG00423#2	HLA-DPA1	1	HLA-DPA1*02:02	HLA-DPA1*02:02		known_exact_cds
HG00438#1	HLA-DPA1	1	HLA-DPA1*01:03	HLA-DPA1*01:03		known_exact_genomic
HG00438#2	HLA-DPA1	1	HLA-DPA1*02:02	HLA-DPA1*02:02		known_exact_cds
HG005#1	HLA-DPA1	1	HLA-DPA1*02:02	HLA-DPA1*02:02		known_exact_cds
HG005#2	HLA-DPA1	1	HLA-DPA1*02:02	HLA-DPA1*02:02		known_exact_cds
HG00544#1	HLA-DPA1	1	HLA-DPA1*04:01	HLA-DPA1*04:01		known_exact_cds
HG00544#2	HLA-DPA1	1	HLA-DPA1*04:01	HLA-DPA1*04:01		known_exact_cds
HG00558#1	HLA-DPA1	1	HLA-DPA1*02:02	HLA-DPA1*02:02		known_exact_cds
HG00558#2	HLA-DPA1	1	HLA-DPA1*02:02	HLA-DPA1*02:02		known_exact_cds
HG00597#1	HLA-DPA1	1	HLA-DPA1*01:03	HLA-DPA1*01:03		known_exact_genomic
HG00597#2	HLA-DPA1	1	HLA-DPA1*02:02	HLA-DPA1*02:02		known_exact_cds
HG00609#1	HLA-DPA1	1	HLA-DPA1*02:02	HLA-DPA1*02:02		known_exact_cds
HG00609#2	HLA-DPA1	1	HLA-DPA1*02:02	HLA-DPA1*02:02		known_exact_cds
HG00621#1	HLA-DPA1	1	HLA-DPA1*02:02	HLA-DPA1*02:02		known_exact_cds
HG00621#2	HLA-DPA1	1	HLA-DPA1*01:03	HLA-DPA1*01:03		known_exact_genomic
HG00658#1	HLA-DPA1	1	HLA-DPA1*02:02	HLA-DPA1*02:02		known_exact_cds
HG00658#2	HLA-DPA1	1	HLA-DPA1*02:02	HLA-DPA1*02:02		known_exact_cds
HG00673#1	HLA-DPA1	1	HLA-DPA1*02:02	HLA-DPA1*02:02		known_exact_cds
HG00673#2	HLA-DPA1	1	HLA-DPA1*02:02	HLA-DPA1*02:02		known_exact_cds
HG00706#1	HLA-DPA1	1	HLA-DPA1*02:02	HLA-DPA1*02:02		known_exact_cds
HG00706#2	HLA-DPA1	1	HLA-DPA1*02:01	HLA-DPA1*02:01		known_exact_cds
HG02015#1	HLA-DPA1	1	HLA-DPA1*02:02	HLA-DPA1*02:02		known_exact_cds
HG02015#2	HLA-DPA1	1	HLA-DPA1*02:02	HLA-DPA1*02:02		known_exact_cds
HG02027#1	HLA-DPA1	1	HLA-DPA1*01:03	HLA-DPA1*01:03		known_exact_genomic
HG02027#2	HLA-DPA1	1	HLA-DPA1*02:02	HLA-DPA1*02:02		known_exact_cds
HG02040#1	HLA-DPA1	1	HLA-DPA1*01:03	HLA-DPA1*01:03		known_exact_cds
HG02040#2	HLA-DPA1	1	HLA-DPA1*02:02	HLA-DPA1*02:02		known_exact_cds
HG02056#1	HLA-DPA1	1	HLA-DPA1*04:01	HLA-DPA1*04:01		known_exact_cds
HG02056#2	HLA-DPA1	1	HLA-DPA1*02:02	HLA-DPA1*02:02		known_exact_cds
HG02071#1	HLA-DPA1	1	HLA-DPA1*01:03	HLA-DPA1*01:03		known_exact_genomic
HG02071#2	HLA-DPA1	1	HLA-DPA1*04:01	HLA-DPA1*04:01		known_exact_cds
HG02074#1	HLA-DPA1	1	HLA-DPA1*02:02	HLA-DPA1*02:02		known_exact_cds
HG02074#2	HLA-DPA1	1	HLA-DPA1*02:02	HLA-DPA1*02:02		known_exact_cds
HG02080#1	HLA-DPA1	1	HLA-DPA1*02:02	HLA-DPA1*02:02		known_exact_cds
HG02080#2	HLA-DPA1	1	HLA-DPA1*02:01	HLA-DPA1*02:01		known_exact_cds
HG02083#1	HLA-DPA1	1	HLA-DPA1*01:03	HLA-DPA1*01:03		known_exact_genomic
HG02083#2	HLA-DPA1	1	HLA-DPA1*02:02	HLA-DPA1*02:02		known_exact_cds
HG02129#1	HLA-DPA1	1	HLA-DPA1*01:03	HLA-DPA1*01:03		known_exact_genomic
HG02129#2	HLA-DPA1	1	HLA-DPA1*02:02	HLA-DPA1*02:02		known_exact_cds
HG02132#1	HLA-DPA1	1	HLA-DPA1*02:02	HLA-DPA1*02:02		known_exact_cds
HG02132#2	HLA-DPA1	1	HLA-DPA1*02:02	HLA-DPA1*02:02		known_exact_cds
HG02135#1	HLA-DPA1	1	HLA-DPA1*01:03	HLA-DPA1*01:03		known_exact_genomic
HG02135#2	HLA-DPA1	1	HLA-DPA1*02:02	HLA-DPA1*02:02		known_exact_cds
HG02155#1	HLA-DPA1	1	HLA-DPA1*02:02	HLA-DPA1*02:02		known_exact_cds
HG02155#2	HLA-DPA1	1	HLA-DPA1*02:02	HLA-DPA1*02:02		known_exact_cds
HG02165#1	HLA-DPA1	1	HLA-DPA1*02:02	HLA-DPA1*02:02		known_exact_cds
HG02165#2	HLA-DPA1	1	HLA-DPA1*02:02	HLA-DPA1*02:02		known_exact_cds
HG02178#1	HLA-DPA1	1	HLA-DPA1*02:02	HLA-DPA1*02:02		known_exact_cds
HG02178#2	HLA-DPA1	1	HLA-DPA1*02:01	HLA-DPA1*02:01		known_exact_cds
HG02391#1	HLA-DPA1	1	HLA-DPA1*02:02	HLA-DPA1*02:02		known_exact_cds
HG02391#2	HLA-DPA1	1	HLA-DPA1*01:03	HLA-DPA1*01:03		known_exact_genomic
HG02392#1	HLA-DPA1	1	HLA-DPA1*02:01	HLA-DPA1*02:01		known_exact_cds
HG02392#2	HLA-DPA1	1	HLA-DPA1*02:02	HLA-DPA1*02:02		known_exact_cds
HG02514#1	HLA-DPA1	1	HLA-DPA1*01:03	HLA-DPA1*01:03		known_exact_genomic
HG02514#2	HLA-DPA1	1	HLA-DPA1*02:07	HLA-DPA1*02:07		known_exact_genomic
HG02523#1	HLA-DPA1	1	HLA-DPA1*01:03	HLA-DPA1*01:03		known_exact_genomic
HG02523#2	HLA-DPA1	1	HLA-DPA1*02:02	HLA-DPA1*02:02		known_exact_cds
NA18565#1	HLA-DPA1	1	HLA-DPA1*01:03	HLA-DPA1*01:03		known_exact_genomic
NA18565#2	HLA-DPA1	1	HLA-DPA1*02:02	HLA-DPA1*02:02		known_exact_cds
NA18570#1	HLA-DPA1	1	HLA-DPA1*01:03	HLA-DPA1*01:03		known_exact_genomic
NA18570#2	HLA-DPA1	1	HLA-DPA1*02:02	HLA-DPA1*02:02		known_exact_cds
NA18608#1	HLA-DPA1	1	HLA-DPA1*02:02	HLA-DPA1*02:02		known_exact_cds
NA18608#2	HLA-DPA1	1	HLA-DPA1*01:03	HLA-DPA1*01:03		known_exact_genomic
NA18620#1	HLA-DPA1	1	HLA-DPA1*02:02	HLA-DPA1*02:02		known_exact_cds
NA18620#2	HLA-DPA1	1	HLA-DPA1*01:03	HLA-DPA1*01:03		known_exact_genomic
NA18747#1	HLA-DPA1	1	HLA-DPA1*02:02	HLA-DPA1*02:02		known_exact_cds
NA18747#2	HLA-DPA1	1	HLA-DPA1*02:02	HLA-DPA1*02:02		known_exact_cds
NA18940#1	HLA-DPA1	1	HLA-DPA1*01:03	HLA-DPA1*01:03		known_exact_genomic
NA18940#2	HLA-DPA1	1	HLA-DPA1*01:03	HLA-DPA1*01:03		known_exact_genomic
NA18943#1	HLA-DPA1	1	HLA-DPA1*02:02	HLA-DPA1*02:02		known_exact_cds
NA18943#2	HLA-DPA1	1	HLA-DPA1*01:03	HLA-DPA1*01:03		known_exact_genomic
NA18944#1	HLA-DPA1	1	HLA-DPA1*02:02	HLA-DPA1*02:02		known_exact_cds
NA18944#2	HLA-DPA1	1	HLA-DPA1*01:03	HLA-DPA1*01:03		known_exact_genomic
NA18945#1	HLA-DPA1	1	HLA-DPA1*01:03	HLA-DPA1*01:03		known_exact_genomic
NA18945#2	HLA-DPA1	1	HLA-DPA1*02:02	HLA-DPA1*02:02		known_exact_cds
NA18948#1	HLA-DPA1	1	HLA-DPA1*02:01	HLA-DPA1*02:01		known_exact_cds
NA18948#2	HLA-DPA1	1	HLA-DPA1*01:03	HLA-DPA1*01:03		known_exact_genomic
NA18952#1	HLA-DPA1	1	HLA-DPA1*02:01	HLA-DPA1*02:01		known_exact_cds
NA18952#2	HLA-DPA1	1	HLA-DPA1*02:02	HLA-DPA1*02:02		known_exact_cds
NA18959#1	HLA-DPA1	1	HLA-DPA1*02:01	HLA-DPA1*02:01		known_exact_cds
NA18959#2	HLA-DPA1	1	HLA-DPA1*02:02	HLA-DPA1*02:02		known_exact_cds
NA18960#1	HLA-DPA1	1	HLA-DPA1*02:02	HLA-DPA1*02:02		known_exact_cds
NA18960#2	HLA-DPA1	1	HLA-DPA1*02:02	HLA-DPA1*02:02		known_exact_cds
NA18967#1	HLA-DPA1	1	HLA-DPA1*01:03	HLA-DPA1*01:03		known_exact_genomic
NA18967#2	HLA-DPA1	1	HLA-DPA1*02:02	HLA-DPA1*02:02		known_exact_cds
NA18970#1	HLA-DPA1	1	HLA-DPA1*02:02	HLA-DPA1*02:02		known_exact_cds
NA18970#2	HLA-DPA1	1	HLA-DPA1*02:01	HLA-DPA1*02:01		known_exact_cds
NA18971#1	HLA-DPA1	1	HLA-DPA1*02:02	HLA-DPA1*02:02		known_exact_cds
NA18971#2	HLA-DPA1	1	HLA-DPA1*02:02	HLA-DPA1*02:02		known_exact_cds
NA18974#1	HLA-DPA1	1	HLA-DPA1*01:03	HLA-DPA1*01:03		known_exact_genomic
NA18974#2	HLA-DPA1	1	HLA-DPA1*01:03	HLA-DPA1*01:03		known_exact_genomic
NA18976#1	HLA-DPA1	1	HLA-DPA1*01:03	HLA-DPA1*01:03		known_exact_genomic
NA18976#2	HLA-DPA1	1	HLA-DPA1*01:03	HLA-DPA1*01:03		known_exact_genomic
NA18982#1	HLA-DPA1	1	HLA-DPA1*02:01	HLA-DPA1*02:01		known_exact_cds
NA18982#2	HLA-DPA1	1	HLA-DPA1*02:02	HLA-DPA1*02:02		known_exact_cds
NA18983#1	HLA-DPA1	1	HLA-DPA1*01:03	HLA-DPA1*01:03		known_exact_genomic
NA18983#2	HLA-DPA1	1	HLA-DPA1*02:02	HLA-DPA1*02:02		known_exact_cds
NA19087#1	HLA-DPA1	1	HLA-DPA1*02:02	HLA-DPA1*02:02		known_exact_cds
NA19087#2	HLA-DPA1	1	HLA-DPA1*02:01	HLA-DPA1*02:01		known_exact_cds
hg002#1	HLA-DPA1	1	HLA-DPA1*01:03	HLA-DPA1*01:03		known_exact_genomic
hg002#2	HLA-DPA1	1	HLA-DPA1*01:03	HLA-DPA1*01:03		known_exact_genomic
HG00097#1	HLA-DPA1	1	HLA-DPA1*01:03	HLA-DPA1*01:03		known_exact_genomic
HG00097#2	HLA-DPA1	1	HLA-DPA1*01:03	HLA-DPA1*01:03		known_exact_genomic
HG00099#1	HLA-DPA1	1	HLA-DPA1*01:03	HLA-DPA1*01:03		known_exact_genomic
HG00099#2	HLA-DPA1	1	HLA-DPA1*02:01	HLA-DPA1*02:01		known_exact_cds
HG00126#1	HLA-DPA1	1	HLA-DPA1*01:03	HLA-DPA1*01:03		known_exact_genomic
HG00126#2	HLA-DPA1	1	HLA-DPA1*02:01	HLA-DPA1*02:01		known_exact_cds
HG00128#1	HLA-DPA1	1	HLA-DPA1*01:03	HLA-DPA1*01:03		known_exact_genomic
HG00128#2	HLA-DPA1	1	HLA-DPA1*02:01	HLA-DPA1*02:01		known_exact_cds
HG00133#1	HLA-DPA1	1	HLA-DPA1*01:03	HLA-DPA1*01:03		known_exact_genomic
HG00133#2	HLA-DPA1	1	HLA-DPA1*01:03	HLA-DPA1*01:03		known_exact_genomic
HG00140#1	HLA-DPA1	1	HLA-DPA1*01:03	HLA-DPA1*01:03		known_exact_cds
HG00140#2	HLA-DPA1	1	HLA-DPA1*01:03	HLA-DPA1*01:03		known_exact_genomic
HG00146#1	HLA-DPA1	1	HLA-DPA1*01:03	HLA-DPA1*01:03		known_exact_genomic
HG00146#2	HLA-DPA1	1	HLA-DPA1*01:03	HLA-DPA1*01:03		known_exact_genomic
HG00232#1	HLA-DPA1	1	HLA-DPA1*01:03	HLA-DPA1*01:03		known_exact_genomic
HG00232#2	HLA-DPA1	1	HLA-DPA1*01:03	HLA-DPA1*01:03		known_exact_genomic
HG00235#1	HLA-DPA1	1	HLA-DPA1*01:03	HLA-DPA1*01:03		known_exact_genomic
HG00235#2	HLA-DPA1	1	HLA-DPA1*01:03	HLA-DPA1*01:03		known_exact_genomic
HG00253#1	HLA-DPA1	1	HLA-DPA1*02:01	HLA-DPA1*02:01		known_exact_cds
HG00253#2	HLA-DPA1	1	HLA-DPA1*01:03	HLA-DPA1*01:03		known_exact_genomic
HG00272#1	HLA-DPA1	1	HLA-DPA1*01:03	HLA-DPA1*01:03		known_exact_genomic
HG00272#2	HLA-DPA1	1	HLA-DPA1*02:01	HLA-DPA1*02:01		known_exact_cds
HG00280#1	HLA-DPA1	1	HLA-DPA1*01:03	HLA-DPA1*01:03		known_exact_genomic
HG00280#2	HLA-DPA1	1	HLA-DPA1*02:01	HLA-DPA1*02:01		known_exact_cds
HG00290#1	HLA-DPA1	1	HLA-DPA1*01:03	HLA-DPA1*01:03		known_exact_genomic
HG00290#2	HLA-DPA1	1	HLA-DPA1*01:03	HLA-DPA1*01:03		known_exact_genomic
HG00320#1	HLA-DPA1	1	HLA-DPA1*01:03	HLA-DPA1*01:03		known_exact_genomic
HG00320#2	HLA-DPA1	1	HLA-DPA1*01:03	HLA-DPA1*01:03		known_exact_genomic
HG00321#1	HLA-DPA1	1	HLA-DPA1*01:03	HLA-DPA1*01:03		known_exact_genomic
HG00321#2	HLA-DPA1	1	HLA-DPA1*01:03	HLA-DPA1*01:03		known_exact_genomic
HG00323#1	HLA-DPA1	1	HLA-DPA1*01:03	HLA-DPA1*01:03		known_exact_genomic
HG00323#2	HLA-DPA1	1	HLA-DPA1*01:03	HLA-DPA1*01:03		known_exact_genomic
HG00329#1	HLA-DPA1	1	HLA-DPA1*01:03	HLA-DPA1*01:03		known_exact_genomic
HG00329#2	HLA-DPA1	1	HLA-DPA1*01:03	HLA-DPA1*01:03		known_exact_genomic
HG00344#1	HLA-DPA1	1	HLA-DPA1*02:06	HLA-DPA1*02:06		known_exact_genomic
HG00344#2	HLA-DPA1	1	HLA-DPA1*01:03	HLA-DPA1*01:03		known_exact_cds
HG00350#1	HLA-DPA1	1	HLA-DPA1*01:03	HLA-DPA1*01:03		known_exact_genomic
HG00350#2	HLA-DPA1	1	HLA-DPA1*01:03	HLA-DPA1*01:03		known_exact_genomic
HG00639#1	HLA-DPA1	1	HLA-DPA1*01:03	HLA-DPA1*01:03		known_exact_genomic
HG00639#2	HLA-DPA1	1	HLA-DPA1*01:03	HLA-DPA1*01:03		known_exact_genomic
HG00642#1	HLA-DPA1	1	HLA-DPA1*01:03	HLA-DPA1*01:03		known_exact_genomic
HG00642#2	HLA-DPA1	1	HLA-DPA1*03:01	HLA-DPA1*03:01		known_exact_genomic
HG00733#1	HLA-DPA1	1	HLA-DPA1*01:03	HLA-DPA1*01:03		known_exact_genomic
HG00733#2	HLA-DPA1	1	HLA-DPA1*02:01	HLA-DPA1*02:01		known_exact_cds
HG00735#1	HLA-DPA1	1	HLA-DPA1*01:03	HLA-DPA1*01:03		known_exact_cds
HG00735#2	HLA-DPA1	1	HLA-DPA1*01:03	HLA-DPA1*01:03		known_exact_genomic
HG00738#1	HLA-DPA1	1	HLA-DPA1*01:03	HLA-DPA1*01:03		known_exact_genomic
HG00738#2	HLA-DPA1	1	HLA-DPA1*01:03	HLA-DPA1*01:03		known_exact_genomic
HG00741#1	HLA-DPA1	1	HLA-DPA1*01:03	HLA-DPA1*01:03		known_exact_genomic
HG00741#2	HLA-DPA1	1	HLA-DPA1*02:02	HLA-DPA1*02:02		known_exact_cds
HG01071#1	HLA-DPA1	1	HLA-DPA1*01:03	HLA-DPA1*01:03		known_exact_genomic
HG01071#2	HLA-DPA1	1	HLA-DPA1*01:03	HLA-DPA1*01:03		known_exact_genomic
HG01074#1	HLA-DPA1	1	HLA-DPA1*01:03	HLA-DPA1*01:03		known_exact_genomic
HG01074#2	HLA-DPA1	1	HLA-DPA1*02:01	HLA-DPA1*02:01		known_exact_cds
HG01081#1	HLA-DPA1	1	HLA-DPA1*01:03	HLA-DPA1*01:03		known_exact_genomic
HG01081#2	HLA-DPA1	1	HLA-DPA1*03:01	HLA-DPA1*03:01		known_exact_genomic
HG01099#1	HLA-DPA1	1	HLA-DPA1*02:02	HLA-DPA1*02:02		known_exact_cds
HG01099#2	HLA-DPA1	1	HLA-DPA1*01:03	HLA-DPA1*01:03		known_exact_genomic
HG01106#1	HLA-DPA1	1	HLA-DPA1*02:01	HLA-DPA1*02:01		known_exact_cds
HG01106#2	HLA-DPA1	1	HLA-DPA1*01:03	HLA-DPA1*01:03		known_exact_genomic
HG01109#1	HLA-DPA1	1	HLA-DPA1*02:01	HLA-DPA1*02:01		known_exact_cds
HG01109#2	HLA-DPA1	1	HLA-DPA1*02:01	HLA-DPA1*02:01		known_exact_genomic
HG01123#1	HLA-DPA1	1	HLA-DPA1*02:01	HLA-DPA1*02:01		known_exact_cds
HG01123#2	HLA-DPA1	1	HLA-DPA1*01:03	HLA-DPA1*01:03		known_exact_genomic
HG01150#1	HLA-DPA1	1	HLA-DPA1*01:03	HLA-DPA1*01:03		known_exact_genomic
HG01150#2	HLA-DPA1	1	HLA-DPA1*01:03	HLA-DPA1*01:03		known_exact_genomic
HG01167#1	HLA-DPA1	1	HLA-DPA1*01:03	HLA-DPA1*01:03		known_exact_genomic
HG01167#2	HLA-DPA1	1	HLA-DPA1*01:03	HLA-DPA1*01:03		known_exact_genomic
HG01175#1	HLA-DPA1	1	HLA-DPA1*01:03	HLA-DPA1*01:03		known_exact_genomic
HG01175#2	HLA-DPA1	1	HLA-DPA1*01:03	HLA-DPA1*01:03		known_exact_genomic
HG01192#1	HLA-DPA1	1	HLA-DPA1*01:03	HLA-DPA1*01:03		known_exact_genomic
HG01192#2	HLA-DPA1	1	HLA-DPA1*03:01	HLA-DPA1*03:01		known_exact_genomic
HG01243#1	HLA-DPA1	1	HLA-DPA1*03:01	HLA-DPA1*03:01		known_exact_genomic
HG01243#2	HLA-DPA1	1	HLA-DPA1*01:03	HLA-DPA1*01:03		known_exact_genomic
HG01252#1	HLA-DPA1	1	HLA-DPA1*01:03	HLA-DPA1*01:03		known_exact_genomic
HG01252#2	HLA-DPA1	1	HLA-DPA1*02:01	HLA-DPA1*02:01		known_exact_cds
HG01255#1	HLA-DPA1	1	HLA-DPA1*01:03	HLA-DPA1*01:03		known_exact_genomic
HG01255#2	HLA-DPA1	1	HLA-DPA1*01:03	HLA-DPA1*01:03		known_exact_genomic
HG01258#1	HLA-DPA1	1	HLA-DPA1*01:03	HLA-DPA1*01:03		known_exact_genomic
HG01258#2	HLA-DPA1	1	HLA-DPA1*01:03	HLA-DPA1*01:03		known_exact_genomic
HG01261#1	HLA-DPA1	1	HLA-DPA1*01:03	HLA-DPA1*01:03		known_exact_genomic
HG01261#2	HLA-DPA1	1	HLA-DPA1*01:03	HLA-DPA1*01:03		known_exact_genomic
HG01346#1	HLA-DPA1	1	HLA-DPA1*01:03	HLA-DPA1*01:03		known_exact_genomic
HG01346#2	HLA-DPA1	1	HLA-DPA1*01:03	HLA-DPA1*01:03		known_exact_genomic
HG01358#1	HLA-DPA1	1	HLA-DPA1*02:01	HLA-DPA1*02:01		known_exact_cds
HG01358#2	HLA-DPA1	1	HLA-DPA1*01:03	HLA-DPA1*01:03		known_exact_cds
HG01361#1	HLA-DPA1	1	HLA-DPA1*02:01	HLA-DPA1*02:01		known_exact_cds
HG01361#2	HLA-DPA1	1	HLA-DPA1*02:01	HLA-DPA1*02:01		known_exact_genomic
HG01433#1	HLA-DPA1	1	HLA-DPA1*01:03	HLA-DPA1*01:03		known_exact_genomic
HG01433#2	HLA-DPA1	1	HLA-DPA1*01:03	HLA-DPA1*01:03		known_exact_genomic
HG01496#1	HLA-DPA1	1	HLA-DPA1*02:01	HLA-DPA1*02:01		known_exact_cds
HG01496#2	HLA-DPA1	1	HLA-DPA1*01:03	HLA-DPA1*01:03		known_exact_genomic
HG01530#1	HLA-DPA1	1	HLA-DPA1*01:03	HLA-DPA1*01:03		known_exact_genomic
HG01530#2	HLA-DPA1	1	HLA-DPA1*01:03	HLA-DPA1*01:03		known_exact_genomic
HG01784#1	HLA-DPA1	1	HLA-DPA1*01:03	HLA-DPA1*01:03		known_exact_cds
HG01784#2	HLA-DPA1	1	HLA-DPA1*01:03	HLA-DPA1*01:03		known_exact_genomic
HG01786#1	HLA-DPA1	1	HLA-DPA1*01:03	HLA-DPA1*01:03		known_exact_genomic
HG01786#2	HLA-DPA1	1	HLA-DPA1*01:03	HLA-DPA1*01:03		known_exact_genomic
HG01884#1	HLA-DPA1	1	HLA-DPA1*01:03	HLA-DPA1*01:03		known_exact_genomic
HG01884#2	HLA-DPA1	1	HLA-DPA1*01:03	HLA-DPA1*01:03		known_exact_genomic
HG01891#1	HLA-DPA1	1	HLA-DPA1*02:01	HLA-DPA1*02:01		known_exact_cds
HG01891#2	HLA-DPA1	1	HLA-DPA1*02:01	HLA-DPA1*02:01		known_exact_cds
HG01928#1	HLA-DPA1	1	HLA-DPA1*01:03	HLA-DPA1*01:03		known_exact_genomic
HG01928#2	HLA-DPA1	1	HLA-DPA1*01:03	HLA-DPA1*01:03		known_exact_genomic
HG01934#1	HLA-DPA1	1	HLA-DPA1*01:03	HLA-DPA1*01:03		known_exact_genomic
HG01934#2	HLA-DPA1	1	HLA-DPA1*02:01	HLA-DPA1*02:01		known_exact_cds
HG01940#1	HLA-DPA1	1	HLA-DPA1*01:03	HLA-DPA1*01:03		known_exact_cds
HG01940#2	HLA-DPA1	1	HLA-DPA1*02:01	HLA-DPA1*02:01		known_exact_cds
HG01943#1	HLA-DPA1	1	HLA-DPA1*01:03	HLA-DPA1*01:03		known_exact_genomic
HG01943#2	HLA-DPA1	1	HLA-DPA1*01:03	HLA-DPA1*01:03		known_exact_genomic
HG01952#1	HLA-DPA1	1	HLA-DPA1*01:03	HLA-DPA1*01:03		known_exact_cds
HG01952#2	HLA-DPA1	1	HLA-DPA1*01:03	HLA-DPA1*01:03		known_exact_genomic
HG01960#1	HLA-DPA1	1	HLA-DPA1*02:01	HLA-DPA1*02:01		known_exact_cds
HG01960#2	HLA-DPA1	1	HLA-DPA1*01:03	HLA-DPA1*01:03		known_exact_genomic
HG01969#1	HLA-DPA1	1	HLA-DPA1*02:01	HLA-DPA1*02:01		known_exact_cds
HG01969#2	HLA-DPA1	1	HLA-DPA1*01:03	HLA-DPA1*01:03		known_exact_genomic
HG01975#1	HLA-DPA1	1	HLA-DPA1*02:02	HLA-DPA1*02:02		known_exact_cds
HG01975#2	HLA-DPA1	1	HLA-DPA1*01:03	HLA-DPA1*01:03		known_exact_genomic
HG01978#1	HLA-DPA1	1	HLA-DPA1*01:03	HLA-DPA1*01:03		known_exact_genomic
HG01978#2	HLA-DPA1	1	HLA-DPA1*01:03	HLA-DPA1*01:03		known_exact_genomic
HG01981#1	HLA-DPA1	1	HLA-DPA1*01:03	HLA-DPA1*01:03		known_exact_genomic
HG01981#2	HLA-DPA1	1	HLA-DPA1*01:03	HLA-DPA1*01:03		known_exact_genomic
HG01993#1	HLA-DPA1	1	HLA-DPA1*02:02	HLA-DPA1*02:02		known_exact_cds
HG01993#2	HLA-DPA1	1	HLA-DPA1*01:03	HLA-DPA1*01:03		known_exact_genomic
HG02004#1	HLA-DPA1	1	HLA-DPA1*02:01	HLA-DPA1*02:01		known_exact_cds
HG02004#2	HLA-DPA1	1	HLA-DPA1*02:02	HLA-DPA1*02:02		known_exact_cds
HG02055#1	HLA-DPA1	1	HLA-DPA1*02:01	HLA-DPA1*02:01		known_exact_cds
HG02055#2	HLA-DPA1	1	HLA-DPA1*02:02	HLA-DPA1*02:02		known_exact_cds
HG02109#1	HLA-DPA1	1	HLA-DPA1*03:01	HLA-DPA1*03:01		known_exact_genomic
HG02109#2	HLA-DPA1	1	HLA-DPA1*02:01	HLA-DPA1*02:01		known_exact_cds
HG02145#1	HLA-DPA1	1	HLA-DPA1*02:02	HLA-DPA1*02:02		known_exact_cds
HG02145#2	HLA-DPA1	1	HLA-DPA1*02:01	HLA-DPA1*02:01		known_exact_cds
HG02148#1	HLA-DPA1	1	HLA-DPA1*01:03	HLA-DPA1*01:03		known_exact_genomic
HG02148#2	HLA-DPA1	1	HLA-DPA1*01:03	HLA-DPA1*01:03		known_exact_genomic
HG02257#1	HLA-DPA1	1	HLA-DPA1*01:03	HLA-DPA1*01:03		known_exact_genomic
HG02257#2	HLA-DPA1	1	HLA-DPA1*02:02	HLA-DPA1*02:02		known_exact_cds
HG02258#1	HLA-DPA1	1	HLA-DPA1*03:01	HLA-DPA1*03:01		known_exact_genomic
HG02258#2	HLA-DPA1	1	HLA-DPA1*03:01	HLA-DPA1*03:01		known_exact_genomic
HG02273#1	HLA-DPA1	1	HLA-DPA1*01:03	HLA-DPA1*01:03		known_exact_genomic
HG02273#2	HLA-DPA1	1	HLA-DPA1*02:01	HLA-DPA1*02:01		known_exact_cds
HG02280#1	HLA-DPA1	1	HLA-DPA1*03:01	HLA-DPA1*03:01		known_exact_genomic
HG02280#2	HLA-DPA1	1	HLA-DPA1*01:03	HLA-DPA1*01:03		known_exact_genomic
HG02293#1	HLA-DPA1	1	HLA-DPA1*02:01	HLA-DPA1*02:01		known_exact_cds
HG02293#2	HLA-DPA1	1	HLA-DPA1*02:01	HLA-DPA1*02:01		known_exact_cds
HG02300#1	HLA-DPA1	1	HLA-DPA1*02:01	HLA-DPA1*02:01		known_exact_cds
HG02300#2	HLA-DPA1	1	HLA-DPA1*02:01	HLA-DPA1*02:01		known_exact_cds
HG02451#1	HLA-DPA1	1	HLA-DPA1*01:03	HLA-DPA1*01:03		known_exact_genomic
HG02451#2	HLA-DPA1	1	HLA-DPA1*01:03	HLA-DPA1*01:03		known_exact_genomic
HG02486#1	HLA-DPA1	1	HLA-DPA1*03:01	HLA-DPA1*03:01		known_exact_genomic
HG02486#2	HLA-DPA1	1	HLA-DPA1*02:02	HLA-DPA1*02:02		known_exact_cds
HG02559#1	HLA-DPA1	1	HLA-DPA1*01:03	HLA-DPA1*01:03		known_exact_genomic
HG02559#2	HLA-DPA1	1	HLA-DPA1*03:01	HLA-DPA1*03:01		known_exact_genomic
HG02572#1	HLA-DPA1	1	HLA-DPA1*01:03	HLA-DPA1*01:03		known_exact_genomic
HG02572#2	HLA-DPA1	1	HLA-DPA1*02:01	HLA-DPA1*02:01		known_exact_cds
HG02583#1	HLA-DPA1	1	HLA-DPA1*01:03	HLA-DPA1*01:03		known_exact_genomic
HG02583#2	HLA-DPA1	1	HLA-DPA1*02:01	HLA-DPA1*02:01		known_exact_cds
HG02602#1	HLA-DPA1	1	HLA-DPA1*01:03	HLA-DPA1*01:03		known_exact_genomic
HG02602#2	HLA-DPA1	1	HLA-DPA1*01:03	HLA-DPA1*01:03		known_exact_genomic
HG02615#1	HLA-DPA1	1	HLA-DPA1*02:12	HLA-DPA1*02:12		known_exact_genomic
HG02615#2	HLA-DPA1	1	HLA-DPA1*01:03	HLA-DPA1*01:03		known_exact_genomic
HG02622#1	HLA-DPA1	1	HLA-DPA1*02:01	HLA-DPA1*02:01		known_exact_genomic
HG02622#2	HLA-DPA1	1	HLA-DPA1*01:03	HLA-DPA1*01:03		known_exact_genomic
HG02630#1	HLA-DPA1	1	HLA-DPA1*01:03	HLA-DPA1*01:03		known_exact_genomic
HG02630#2	HLA-DPA1	1	HLA-DPA1*02:01	HLA-DPA1*02:01		known_exact_genomic
HG02647#1	HLA-DPA1	1	HLA-DPA1*02:12	HLA-DPA1*02:12		known_exact_genomic
HG02647#2	HLA-DPA1	1	HLA-DPA1*01:03	HLA-DPA1*01:03		known_exact_cds
HG02668#1	HLA-DPA1	1	HLA-DPA1*02:02	HLA-DPA1*02:02		known_exact_cds
HG02668#2	HLA-DPA1	1	HLA-DPA1*02:01	HLA-DPA1*02:01		known_exact_genomic
HG02698#1	HLA-DPA1	1	HLA-DPA1*02:07	HLA-DPA1*02:07		known_exact_genomic
HG02698#2	HLA-DPA1	1	HLA-DPA1*01:03	HLA-DPA1*01:03		known_exact_genomic
HG02717#1	HLA-DPA1	1	HLA-DPA1*02:01	HLA-DPA1*02:01		known_exact_cds
HG02717#2	HLA-DPA1	1	HLA-DPA1*02:02	HLA-DPA1*02:02		known_exact_cds
HG02723#1	HLA-DPA1	1	HLA-DPA1*02:01	HLA-DPA1*02:01		known_exact_cds
HG02723#2	HLA-DPA1	1	HLA-DPA1*01:03	HLA-DPA1*01:03		known_exact_cds
HG02735#1	HLA-DPA1	1	HLA-DPA1*01:03	HLA-DPA1*01:03		known_exact_genomic
HG02735#2	HLA-DPA1	1	HLA-DPA1*01:03	HLA-DPA1*01:03		known_exact_genomic
HG02738#1	HLA-DPA1	1	HLA-DPA1*01:03	HLA-DPA1*01:03		known_exact_cds
HG02738#2	HLA-DPA1	1	HLA-DPA1*02:01	HLA-DPA1*02:01		known_exact_cds
HG02809#1	HLA-DPA1	1	HLA-DPA1*02:01	HLA-DPA1*02:01		known_exact_cds
HG02809#2	HLA-DPA1	1	HLA-DPA1*02:01	HLA-DPA1*02:01		known_exact_cds
HG02818#1	HLA-DPA1	1	HLA-DPA1*02:01	HLA-DPA1*02:01		known_exact_genomic
HG02818#2	HLA-DPA1	0		HLA-DPA1*03:05	annotation:no-start_codon;no_start	known_exact_genomic
HG02841#1	HLA-DPA1	1	HLA-DPA1*02:01	HLA-DPA1*02:01		known_exact_cds
HG02841#2	HLA-DPA1	1	HLA-DPA1*01:03	HLA-DPA1*01:03		known_exact_genomic
HG02886#1	HLA-DPA1	1	HLA-DPA1*01:03	HLA-DPA1*01:03		known_exact_genomic
HG02886#2	HLA-DPA1	1	HLA-DPA1*03:01	HLA-DPA1*03:01		known_exact_genomic
HG02922#1	HLA-DPA1	1	HLA-DPA1*03:01	HLA-DPA1*03:01		known_exact_genomic
HG02922#2	HLA-DPA1	1	HLA-DPA1*02:01	HLA-DPA1*02:01		known_exact_cds
HG02965#1	HLA-DPA1	1	HLA-DPA1*02:02	HLA-DPA1*02:02		known_exact_cds
HG02965#2	HLA-DPA1	1	HLA-DPA1*02:01	HLA-DPA1*02:01		known_exact_cds
HG02976#1	HLA-DPA1	1	HLA-DPA1*01:03	HLA-DPA1*01:03		known_exact_genomic
HG02976#2	HLA-DPA1	1	HLA-DPA1*02:01	HLA-DPA1*02:01		known_exact_cds
HG02984#1	HLA-DPA1	1	HLA-DPA1*01:03	HLA-DPA1*01:03		known_exact_genomic
HG02984#2	HLA-DPA1	1	HLA-DPA1*02:01	HLA-DPA1*02:01		known_exact_cds
HG03017#1	HLA-DPA1	1	HLA-DPA1*01:03	HLA-DPA1*01:03		known_exact_genomic
HG03017#2	HLA-DPA1	1	HLA-DPA1*04:01	HLA-DPA1*04:01		known_exact_cds
HG03041#1	HLA-DPA1	1	HLA-DPA1*02:01	HLA-DPA1*02:01		known_exact_cds
HG03041#2	HLA-DPA1	1	HLA-DPA1*02:12	HLA-DPA1*02:12		known_exact_genomic
HG03050#1	HLA-DPA1	1	HLA-DPA1*03:01	HLA-DPA1*03:01		known_exact_genomic
HG03050#2	HLA-DPA1	1	HLA-DPA1*01:03	HLA-DPA1*01:03		known_exact_genomic
HG03098#1	HLA-DPA1	1	HLA-DPA1*02:01	HLA-DPA1*02:01		known_exact_cds
HG03098#2	HLA-DPA1	1	HLA-DPA1*02:01	HLA-DPA1*02:01		known_exact_cds
HG03130#1	HLA-DPA1	1	HLA-DPA1*02:02	HLA-DPA1*02:02		known_exact_cds
HG03130#2	HLA-DPA1	1	HLA-DPA1*01:03	HLA-DPA1*01:03		known_exact_genomic
HG03139#1	HLA-DPA1	1	HLA-DPA1*02:02	HLA-DPA1*02:02		known_exact_cds
HG03139#2	HLA-DPA1	1	HLA-DPA1*01:03	HLA-DPA1*01:03		known_exact_genomic
HG03195#1	HLA-DPA1	1	HLA-DPA1*02:02	HLA-DPA1*02:02		known_exact_cds
HG03195#2	HLA-DPA1	1	HLA-DPA1*03:01	HLA-DPA1*03:01		known_exact_genomic
HG03209#1	HLA-DPA1	1	HLA-DPA1*02:01	HLA-DPA1*02:01		known_exact_cds
HG03209#2	HLA-DPA1	0		HLA-DPA1*03:05	annotation:no-start_codon;no_start	known_exact_genomic
HG03225#1	HLA-DPA1	1	HLA-DPA1*02:02	HLA-DPA1*02:02		known_exact_cds
HG03225#2	HLA-DPA1	1	HLA-DPA1*02:01	HLA-DPA1*02:01		known_exact_genomic
HG03239#1	HLA-DPA1	1	HLA-DPA1*01:03	HLA-DPA1*01:03		known_exact_cds
HG03239#2	HLA-DPA1	1	HLA-DPA1*02:01	HLA-DPA1*02:01		known_exact_cds
HG03270#1	HLA-DPA1	1	HLA-DPA1*03:01	HLA-DPA1*03:01		known_exact_genomic
HG03270#2	HLA-DPA1	1	HLA-DPA1*03:01	HLA-DPA1*03:01		known_exact_genomic
HG03369#1	HLA-DPA1	1	HLA-DPA1*01:03	HLA-DPA1*01:03		known_exact_genomic
HG03369#2	HLA-DPA1	1	HLA-DPA1*02:02	HLA-DPA1*02:02		known_exact_cds
HG03453#1	HLA-DPA1	1	HLA-DPA1*02:01	HLA-DPA1*02:01		known_exact_genomic
HG03453#2	HLA-DPA1	1	HLA-DPA1*02:01	HLA-DPA1*02:01		known_exact_genomic
HG03470#1	HLA-DPA1	1	HLA-DPA1*02:01	HLA-DPA1*02:01		known_exact_genomic
HG03470#2	HLA-DPA1	1	HLA-DPA1*02:02	HLA-DPA1*02:02		known_exact_cds
HG03471#1	HLA-DPA1	1	HLA-DPA1*02:01	HLA-DPA1*02:01		known_exact_genomic
HG03471#2	HLA-DPA1	1	HLA-DPA1*02:02	HLA-DPA1*02:02		known_exact_cds
HG03486#1	HLA-DPA1	1	HLA-DPA1*02:02	HLA-DPA1*02:02		known_exact_cds
HG03486#2	HLA-DPA1	1	HLA-DPA1*02:01	HLA-DPA1*02:01		known_exact_genomic
HG03516#1	HLA-DPA1	1	HLA-DPA1*01:03	HLA-DPA1*01:03		known_exact_genomic
HG03516#2	HLA-DPA1	0			annotation:partial_CDS;incomplete_codon;internal_stop	unresolved_incomplete_or_abnormal_cds
HG03521#1	HLA-DPA1	1	HLA-DPA1*01:03	HLA-DPA1*01:03		known_exact_genomic
HG03521#2	HLA-DPA1	1	HLA-DPA1*01:03	HLA-DPA1*01:03		known_exact_genomic
HG03540#1	HLA-DPA1	1	HLA-DPA1*02:01	HLA-DPA1*02:01		known_exact_genomic
HG03540#2	HLA-DPA1	1	HLA-DPA1*02:01	HLA-DPA1*02:01		known_exact_cds
HG03579#1	HLA-DPA1	1	HLA-DPA1*02:02	HLA-DPA1*02:02		known_exact_cds
HG03579#2	HLA-DPA1	1	HLA-DPA1*02:01	HLA-DPA1*02:01		known_exact_genomic
HG03583#1	HLA-DPA1	1	HLA-DPA1*02:02	HLA-DPA1*02:02		known_exact_cds
HG03583#2	HLA-DPA1	1	HLA-DPA1*02:02	HLA-DPA1*02:02		known_exact_cds
HG03654#1	HLA-DPA1	1	HLA-DPA1*01:03	HLA-DPA1*01:03		known_exact_genomic
HG03654#2	HLA-DPA1	1	HLA-DPA1*02:01	HLA-DPA1*02:01		known_exact_cds
HG03669#1	HLA-DPA1	1	HLA-DPA1*02:01	HLA-DPA1*02:01		known_exact_cds
HG03669#2	HLA-DPA1	1	HLA-DPA1*01:03	HLA-DPA1*01:03		known_exact_genomic
HG03688#1	HLA-DPA1	1	HLA-DPA1*02:07	HLA-DPA1*02:07		known_exact_genomic
HG03688#2	HLA-DPA1	1	HLA-DPA1*01:03	HLA-DPA1*01:03		known_exact_genomic
HG03704#1	HLA-DPA1	1	HLA-DPA1*01:03	HLA-DPA1*01:03		known_exact_genomic
HG03704#2	HLA-DPA1	1	HLA-DPA1*02:01	HLA-DPA1*02:01		known_exact_cds
HG03710#1	HLA-DPA1	1	HLA-DPA1*01:03	HLA-DPA1*01:03		known_exact_cds
HG03710#2	HLA-DPA1	1	HLA-DPA1*01:03	HLA-DPA1*01:03		known_exact_genomic
HG03742#1	HLA-DPA1	1	HLA-DPA1*01:04	HLA-DPA1*01:04		known_exact_cds
HG03742#2	HLA-DPA1	1	HLA-DPA1*01:03	HLA-DPA1*01:03		known_exact_genomic
HG03784#1	HLA-DPA1	1	HLA-DPA1*01:03	HLA-DPA1*01:03		known_exact_cds
HG03784#2	HLA-DPA1	1	HLA-DPA1*01:03	HLA-DPA1*01:03		known_exact_cds
HG03804#1	HLA-DPA1	1	HLA-DPA1*01:03	HLA-DPA1*01:03		known_exact_genomic
HG03804#2	HLA-DPA1	1	HLA-DPA1*01:03	HLA-DPA1*01:03		known_exact_cds
HG03816#1	HLA-DPA1	1	HLA-DPA1*01:03	HLA-DPA1*01:03		known_exact_cds
HG03816#2	HLA-DPA1	1	HLA-DPA1*01:03	HLA-DPA1*01:03		known_exact_genomic
HG03831#1	HLA-DPA1	1	HLA-DPA1*02:01	HLA-DPA1*02:01		known_exact_cds
HG03831#2	HLA-DPA1	1	HLA-DPA1*02:01	HLA-DPA1*02:01		known_exact_cds
HG03834#1	HLA-DPA1	1	HLA-DPA1*01:03	HLA-DPA1*01:03		known_exact_genomic
HG03834#2	HLA-DPA1	1	HLA-DPA1*02:01	HLA-DPA1*02:01		known_exact_cds
HG03874#1	HLA-DPA1	1	HLA-DPA1*02:01	HLA-DPA1*02:01		known_exact_cds
HG03874#2	HLA-DPA1	1	HLA-DPA1*02:01	HLA-DPA1*02:01		known_exact_cds
HG03927#1	HLA-DPA1	1	HLA-DPA1*01:03	HLA-DPA1*01:03		known_exact_genomic
HG03927#2	HLA-DPA1	1	HLA-DPA1*01:03	HLA-DPA1*01:03		known_exact_genomic
HG03942#1	HLA-DPA1	1	HLA-DPA1*01:03	HLA-DPA1*01:03		known_exact_genomic
HG03942#2	HLA-DPA1	1	HLA-DPA1*01:03	HLA-DPA1*01:03		known_exact_genomic
HG04115#1	HLA-DPA1	1	HLA-DPA1*01:03	HLA-DPA1*01:03		known_exact_cds
HG04115#2	HLA-DPA1	1	HLA-DPA1*02:01	HLA-DPA1*02:01		known_exact_cds
HG04157#1	HLA-DPA1	1	HLA-DPA1*02:01	HLA-DPA1*02:01		known_exact_cds
HG04157#2	HLA-DPA1	1	HLA-DPA1*01:03	HLA-DPA1*01:03		known_exact_genomic
HG04160#1	HLA-DPA1	1	HLA-DPA1*02:07	HLA-DPA1*02:07		known_exact_cds
HG04160#2	HLA-DPA1	1	HLA-DPA1*01:03	HLA-DPA1*01:03		known_exact_genomic
HG04184#1	HLA-DPA1	1	HLA-DPA1*02:01	HLA-DPA1*02:01		known_exact_cds
HG04184#2	HLA-DPA1	1	HLA-DPA1*01:03	HLA-DPA1*01:03		known_exact_genomic
HG04187#1	HLA-DPA1	1	HLA-DPA1*02:01	HLA-DPA1*02:01		known_exact_cds
HG04187#2	HLA-DPA1	1	HLA-DPA1*02:01	HLA-DPA1*02:01		known_exact_cds
HG04199#1	HLA-DPA1	1	HLA-DPA1*01:03	HLA-DPA1*01:03		known_exact_genomic
HG04199#2	HLA-DPA1	1	HLA-DPA1*02:02	HLA-DPA1*02:02		known_exact_cds
HG04204#1	HLA-DPA1	1	HLA-DPA1*01:03	HLA-DPA1*01:03		known_exact_genomic
HG04204#2	HLA-DPA1	1	HLA-DPA1*02:01	HLA-DPA1*02:01		known_exact_cds
HG04228#1	HLA-DPA1	1	HLA-DPA1*01:03	HLA-DPA1*01:03		known_exact_genomic
HG04228#2	HLA-DPA1	1	HLA-DPA1*02:01	HLA-DPA1*02:01		known_exact_cds
HG06807#1	HLA-DPA1	1	HLA-DPA1*02:01	HLA-DPA1*02:01		known_exact_genomic
HG06807#2	HLA-DPA1	1	HLA-DPA1*03:01	HLA-DPA1*03:01		known_exact_genomic
NA18505#1	HLA-DPA1	1	HLA-DPA1*02:02	HLA-DPA1*02:02		known_exact_cds
NA18505#2	HLA-DPA1	1	HLA-DPA1*01:03	HLA-DPA1*01:03		known_exact_genomic
NA18508#1	HLA-DPA1	1	HLA-DPA1*02:01	HLA-DPA1*02:01		known_exact_genomic
NA18508#2	HLA-DPA1	1	HLA-DPA1*02:01	HLA-DPA1*02:01		known_exact_cds
NA18522#1	HLA-DPA1	1	HLA-DPA1*02:02	HLA-DPA1*02:02		known_exact_cds
NA18522#2	HLA-DPA1	1	HLA-DPA1*02:01	HLA-DPA1*02:01		known_exact_cds
NA18879#1	HLA-DPA1	1	HLA-DPA1*02:02	HLA-DPA1*02:02		known_exact_cds
NA18879#2	HLA-DPA1	1	HLA-DPA1*02:02	HLA-DPA1*02:02		known_exact_cds
NA18906#1	HLA-DPA1	1	HLA-DPA1*02:01	HLA-DPA1*02:01		known_exact_cds
NA18906#2	HLA-DPA1	1	HLA-DPA1*02:01	HLA-DPA1*02:01		known_exact_cds
NA19036#1	HLA-DPA1	1	HLA-DPA1*02:02	HLA-DPA1*02:02		known_exact_cds
NA19036#2	HLA-DPA1	1	HLA-DPA1*01:03	HLA-DPA1*01:03		known_exact_genomic
NA19043#1	HLA-DPA1	1	HLA-DPA1*02:02	HLA-DPA1*02:02		known_exact_cds
NA19043#2	HLA-DPA1	1	HLA-DPA1*01:03	HLA-DPA1*01:03		known_exact_genomic
NA19159#1	HLA-DPA1	1	HLA-DPA1*02:02	HLA-DPA1*02:02		known_exact_cds
NA19159#2	HLA-DPA1	1	HLA-DPA1*01:03	HLA-DPA1*01:03		known_exact_genomic
NA19185#1	HLA-DPA1	1	HLA-DPA1*01:03	HLA-DPA1*01:03		known_exact_genomic
NA19185#2	HLA-DPA1	1	HLA-DPA1*02:02	HLA-DPA1*02:02		known_exact_cds
NA19240#1	HLA-DPA1	1	HLA-DPA1*02:02	HLA-DPA1*02:02		known_exact_cds
NA19240#2	HLA-DPA1	1	HLA-DPA1*02:01	HLA-DPA1*02:01		known_exact_genomic
NA19338#1	HLA-DPA1	1	HLA-DPA1*02:01	HLA-DPA1*02:01		known_exact_cds
NA19338#2	HLA-DPA1	1	HLA-DPA1*02:01	HLA-DPA1*02:01		known_exact_genomic
NA19391#1	HLA-DPA1	1	HLA-DPA1*02:01	HLA-DPA1*02:01		known_exact_cds
NA19391#2	HLA-DPA1	1	HLA-DPA1*03:01	HLA-DPA1*03:01		known_exact_genomic
NA19443#1	HLA-DPA1	1	HLA-DPA1*01:03	HLA-DPA1*01:03		known_exact_genomic
NA19443#2	HLA-DPA1	1	HLA-DPA1*01:03	HLA-DPA1*01:03		known_exact_cds
NA19468#1	HLA-DPA1	1	HLA-DPA1*02:01	HLA-DPA1*02:01		known_exact_genomic
NA19468#2	HLA-DPA1	1	HLA-DPA1*02:01	HLA-DPA1*02:01		known_exact_cds
NA19682#1	HLA-DPA1	1	HLA-DPA1*01:03	HLA-DPA1*01:03		known_exact_genomic
NA19682#2	HLA-DPA1	1	HLA-DPA1*01:03	HLA-DPA1*01:03		known_exact_genomic
NA19700#1	HLA-DPA1	1	HLA-DPA1*01:03	HLA-DPA1*01:03		known_exact_genomic
NA19700#2	HLA-DPA1	1	HLA-DPA1*01:03	HLA-DPA1*01:03		known_exact_cds
NA19776#1	HLA-DPA1	1	HLA-DPA1*01:03	HLA-DPA1*01:03		known_exact_genomic
NA19776#2	HLA-DPA1	1	HLA-DPA1*01:03	HLA-DPA1*01:03		known_exact_genomic
NA19835#1	HLA-DPA1	1	HLA-DPA1*03:01	HLA-DPA1*03:01		known_exact_genomic
NA19835#2	HLA-DPA1	1	HLA-DPA1*03:01	HLA-DPA1*03:01		known_exact_genomic
NA19909#1	HLA-DPA1	1	HLA-DPA1*02:02	HLA-DPA1*02:02		known_exact_cds
NA19909#2	HLA-DPA1	1	HLA-DPA1*02:02	HLA-DPA1*02:02		known_exact_cds
NA20129#1	HLA-DPA1	1	HLA-DPA1*04:02	HLA-DPA1*04:02		known_exact_genomic
NA20129#2	HLA-DPA1	1	HLA-DPA1*01:03	HLA-DPA1*01:03		known_exact_genomic
NA20282#1	HLA-DPA1	1	HLA-DPA1*02:01	HLA-DPA1*02:01		known_exact_cds
NA20282#2	HLA-DPA1	1	HLA-DPA1*02:02	HLA-DPA1*02:02		known_exact_cds
NA20346#1	HLA-DPA1	1	HLA-DPA1*02:01	HLA-DPA1*02:01		known_exact_cds
NA20346#2	HLA-DPA1	0				known_exact_protein
NA20503#1	HLA-DPA1	1	HLA-DPA1*01:03	HLA-DPA1*01:03		known_exact_genomic
NA20503#2	HLA-DPA1	1	HLA-DPA1*01:03	HLA-DPA1*01:03		known_exact_genomic
NA20752#1	HLA-DPA1	1	HLA-DPA1*01:03	HLA-DPA1*01:03		known_exact_genomic
NA20752#2	HLA-DPA1	1	HLA-DPA1*01:03	HLA-DPA1*01:03		known_exact_genomic
NA20762#1	HLA-DPA1	1	HLA-DPA1*01:03	HLA-DPA1*01:03		known_exact_cds
NA20762#2	HLA-DPA1	1	HLA-DPA1*01:03	HLA-DPA1*01:03		known_exact_genomic
NA20799#1	HLA-DPA1	1	HLA-DPA1*01:03	HLA-DPA1*01:03		known_exact_genomic
NA20799#2	HLA-DPA1	1	HLA-DPA1*01:03	HLA-DPA1*01:03		known_exact_genomic
NA20805#1	HLA-DPA1	1	HLA-DPA1*01:03	HLA-DPA1*01:03		known_exact_genomic
NA20805#2	HLA-DPA1	1	HLA-DPA1*01:03	HLA-DPA1*01:03		known_exact_genomic
NA20806#1	HLA-DPA1	1	HLA-DPA1*01:03	HLA-DPA1*01:03		known_exact_genomic
NA20806#2	HLA-DPA1	1	HLA-DPA1*01:03	HLA-DPA1*01:03		known_exact_genomic
NA20809#1	HLA-DPA1	1	HLA-DPA1*01:03	HLA-DPA1*01:03		known_exact_genomic
NA20809#2	HLA-DPA1	1	HLA-DPA1*01:03	HLA-DPA1*01:03		known_exact_genomic
NA20827#1	HLA-DPA1	1	HLA-DPA1*02:01	HLA-DPA1*02:01		known_exact_cds
NA20827#2	HLA-DPA1	1	HLA-DPA1*02:01	HLA-DPA1*02:01		known_exact_cds
NA20850#1	HLA-DPA1	1	HLA-DPA1*01:03	HLA-DPA1*01:03		known_exact_genomic
NA20850#2	HLA-DPA1	1	HLA-DPA1*02:02	HLA-DPA1*02:02		known_exact_cds
NA20870#1	HLA-DPA1	1	HLA-DPA1*01:03	HLA-DPA1*01:03		known_exact_genomic
NA20870#2	HLA-DPA1	1	HLA-DPA1*01:03	HLA-DPA1*01:03		known_exact_genomic
NA20905#1	HLA-DPA1	1	HLA-DPA1*01:03	HLA-DPA1*01:03		known_exact_cds
NA20905#2	HLA-DPA1	1	HLA-DPA1*02:07	HLA-DPA1*02:07		known_exact_genomic
NA21093#1	HLA-DPA1	1	HLA-DPA1*01:03	HLA-DPA1*01:03		known_exact_genomic
NA21093#2	HLA-DPA1	1	HLA-DPA1*01:03	HLA-DPA1*01:03		known_exact_genomic
NA21102#1	HLA-DPA1	1	HLA-DPA1*02:01	HLA-DPA1*02:01		known_exact_cds
NA21102#2	HLA-DPA1	1	HLA-DPA1*02:01	HLA-DPA1*02:01		known_exact_cds
NA21106#1	HLA-DPA1	1	HLA-DPA1*01:03	HLA-DPA1*01:03		known_exact_genomic
NA21106#2	HLA-DPA1	1	HLA-DPA1*01:03	HLA-DPA1*01:03		known_exact_genomic
NA21110#1	HLA-DPA1	1	HLA-DPA1*01:03	HLA-DPA1*01:03		known_exact_genomic
NA21110#2	HLA-DPA1	1	HLA-DPA1*01:03	HLA-DPA1*01:03		known_exact_genomic
NA21144#1	HLA-DPA1	1	HLA-DPA1*02:01	HLA-DPA1*02:01		known_exact_cds
NA21144#2	HLA-DPA1	1	HLA-DPA1*01:03	HLA-DPA1*01:03		known_exact_genomic
NA21309#1	HLA-DPA1	1	HLA-DPA1*03:01	HLA-DPA1*03:01		known_exact_genomic
NA21309#2	HLA-DPA1	1	HLA-DPA1*01:03	HLA-DPA1*01:03		known_exact_genomic
NA18990#1	HLA-DPA1	1	HLA-DPA1*02:02	HLA-DPA1*02:02		known_exact_cds
NA18990#2	HLA-DPA1	1	HLA-DPA1*02:02	HLA-DPA1*02:02		known_exact_cds
NA19007#1	HLA-DPA1	1	HLA-DPA1*02:02	HLA-DPA1*02:02		known_exact_cds
NA19007#2	HLA-DPA1	1	HLA-DPA1*02:02	HLA-DPA1*02:02		known_exact_cds
NA19066#1	HLA-DPA1	1	HLA-DPA1*02:02	HLA-DPA1*02:02		known_exact_cds
NA19066#2	HLA-DPA1	1	HLA-DPA1*02:01	HLA-DPA1*02:01		known_exact_cds
NA19079#1	HLA-DPA1	1	HLA-DPA1*02:02	HLA-DPA1*02:02		known_exact_cds
NA19079#2	HLA-DPA1	1	HLA-DPA1*02:02	HLA-DPA1*02:02		known_exact_cds
NA19088#1	HLA-DPA1	1	HLA-DPA1*01:03	HLA-DPA1*01:03		known_exact_genomic
NA19088#2	HLA-DPA1	1	HLA-DPA1*01:03	HLA-DPA1*01:03		known_exact_genomic
ksa001#1	HLA-DPA1	1	HLA-DPA1*01:03	HLA-DPA1*01:03		known_exact_genomic
ksa001#2	HLA-DPA1	1	HLA-DPA1*01:03	HLA-DPA1*01:03		known_exact_genomic
ksa002#1	HLA-DPA1	1	HLA-DPA1*01:03	HLA-DPA1*01:03		known_exact_genomic
ksa002#2	HLA-DPA1	1	HLA-DPA1*01:03	HLA-DPA1*01:03		known_exact_genomic
ksa003#1	HLA-DPA1	1	HLA-DPA1*01:03	HLA-DPA1*01:03		known_exact_cds
ksa003#2	HLA-DPA1	1	HLA-DPA1*01:03	HLA-DPA1*01:03		known_exact_genomic
ksa004#1	HLA-DPA1	1	HLA-DPA1*01:03	HLA-DPA1*01:03		known_exact_genomic
ksa004#2	HLA-DPA1	1	HLA-DPA1*01:03	HLA-DPA1*01:03		known_exact_genomic
ksa005#1	HLA-DPA1	1	HLA-DPA1*01:03	HLA-DPA1*01:03		known_exact_cds
ksa005#2	HLA-DPA1	1	HLA-DPA1*01:03	HLA-DPA1*01:03		known_exact_genomic
ksa006#1	HLA-DPA1	1	HLA-DPA1*01:03	HLA-DPA1*01:03		known_exact_cds
ksa006#2	HLA-DPA1	1	HLA-DPA1*01:03	HLA-DPA1*01:03		known_exact_genomic
ksa007#1	HLA-DPA1	1	HLA-DPA1*01:03	HLA-DPA1*01:03		known_exact_genomic
ksa007#2	HLA-DPA1	1	HLA-DPA1*01:03	HLA-DPA1*01:03		known_exact_genomic
ksa008#1	HLA-DPA1	1	HLA-DPA1*01:03	HLA-DPA1*01:03		known_exact_genomic
ksa008#2	HLA-DPA1	1	HLA-DPA1*04:02	HLA-DPA1*04:02		known_exact_genomic
ksa009#1	HLA-DPA1	1	HLA-DPA1*01:03	HLA-DPA1*01:03		known_exact_genomic
ksa009#2	HLA-DPA1	1	HLA-DPA1*01:03	HLA-DPA1*01:03		known_exact_genomic
KOREF1#1	HLA-DPA1	1	HLA-DPA1*02:02	HLA-DPA1*02:02		known_exact_cds
KOREF1#2	HLA-DPA1	1	HLA-DPA1*01:03	HLA-DPA1*01:03		known_exact_genomic
KOREF2#1	HLA-DPA1	1	HLA-DPA1*01:03	HLA-DPA1*01:03		known_exact_genomic
KOREF2#2	HLA-DPA1	1	HLA-DPA1*01:03	HLA-DPA1*01:03		known_exact_cds
KPanRef-071#1	HLA-DPA1	1	HLA-DPA1*02:02	HLA-DPA1*02:02		known_exact_cds
KPanRef-071#2	HLA-DPA1	1	HLA-DPA1*01:03	HLA-DPA1*01:03		known_exact_genomic
KPanRef-072#1	HLA-DPA1	1	HLA-DPA1*02:01	HLA-DPA1*02:01		known_exact_cds
KPanRef-072#2	HLA-DPA1	1	HLA-DPA1*02:02	HLA-DPA1*02:02		known_exact_cds
KPanRef-073#1	HLA-DPA1	0		HLA-DPA1*01:85		unresolved_no_exact_match
KPanRef-073#2	HLA-DPA1	1	HLA-DPA1*02:02	HLA-DPA1*02:02		known_exact_cds
KPanRef-074#1	HLA-DPA1	1	HLA-DPA1*02:02	HLA-DPA1*02:02		known_exact_cds
KPanRef-074#2	HLA-DPA1	1	HLA-DPA1*02:02	HLA-DPA1*02:02		known_exact_cds
KPanRef-075#1	HLA-DPA1	1	HLA-DPA1*01:03	HLA-DPA1*01:03		known_exact_genomic
KPanRef-075#2	HLA-DPA1	1	HLA-DPA1*02:02	HLA-DPA1*02:02		known_exact_cds
KPanRef-076#1	HLA-DPA1	1	HLA-DPA1*01:03	HLA-DPA1*01:03		known_exact_cds
KPanRef-076#2	HLA-DPA1	1	HLA-DPA1*02:01	HLA-DPA1*02:01		known_exact_cds
KPanRef-076-M#1	HLA-DPA1	1	HLA-DPA1*02:01	HLA-DPA1*02:01		known_exact_cds
KPanRef-076-M#2	HLA-DPA1	1	HLA-DPA1*01:03	HLA-DPA1*01:03		known_exact_genomic
KPanRef-076-P#1	HLA-DPA1	1	HLA-DPA1*01:03	HLA-DPA1*01:03		known_exact_genomic
KPanRef-076-P#2	HLA-DPA1	1	HLA-DPA1*01:03	HLA-DPA1*01:03		known_exact_cds
KPanRef-077#1	HLA-DPA1	1	HLA-DPA1*01:03	HLA-DPA1*01:03		known_exact_genomic
KPanRef-077#2	HLA-DPA1	1	HLA-DPA1*02:02	HLA-DPA1*02:02		known_exact_cds
KPanRef-078#1	HLA-DPA1	1	HLA-DPA1*02:02	HLA-DPA1*02:02		known_exact_cds
KPanRef-078#2	HLA-DPA1	1	HLA-DPA1*01:03	HLA-DPA1*01:03		known_exact_genomic
KPanRef-079#1	HLA-DPA1	1	HLA-DPA1*02:01	HLA-DPA1*02:01		known_exact_cds
KPanRef-079#2	HLA-DPA1	1	HLA-DPA1*02:02	HLA-DPA1*02:02		known_exact_cds
KPanRef-080#1	HLA-DPA1	1	HLA-DPA1*02:02	HLA-DPA1*02:02		known_exact_cds
KPanRef-080#2	HLA-DPA1	1	HLA-DPA1*01:03	HLA-DPA1*01:03		known_exact_genomic
apr-f#1	HLA-DPB1	1	HLA-DPB1*04:01	HLA-DPB1*04:01		known_exact_genomic
apr-f#2	HLA-DPB1	1	HLA-DPB1*02:01	HLA-DPB1*02:01		known_exact_genomic
apr-m#1	HLA-DPB1	1	HLA-DPB1*13:01	HLA-DPB1*13:01		known_exact_genomic
apr-m#2	HLA-DPB1	1	HLA-DPB1*14:01	HLA-DPB1*14:01		known_exact_genomic
apr-s#1	HLA-DPB1	1	HLA-DPB1*14:01	HLA-DPB1*14:01		known_exact_genomic
apr-s#2	HLA-DPB1	1	HLA-DPB1*04:01	HLA-DPB1*04:01		known_exact_genomic
apr001#1	HLA-DPB1	1	HLA-DPB1*10:01	HLA-DPB1*10:01		known_exact_genomic
apr001#2	HLA-DPB1	1	HLA-DPB1*04:02	HLA-DPB1*04:02		known_exact_genomic
apr002#1	HLA-DPB1	1	HLA-DPB1*02:01	HLA-DPB1*02:01		known_exact_genomic
apr002#2	HLA-DPB1	1	HLA-DPB1*02:01	HLA-DPB1*02:01		known_exact_genomic
apr003#1	HLA-DPB1	1	HLA-DPB1*04:01	HLA-DPB1*04:01		known_exact_genomic
apr003#2	HLA-DPB1	1	HLA-DPB1*13:01	HLA-DPB1*13:01		known_exact_cds
apr004#1	HLA-DPB1	1	HLA-DPB1*04:01	HLA-DPB1*04:01		known_exact_genomic
apr004#2	HLA-DPB1	1	HLA-DPB1*02:01	HLA-DPB1*02:01		known_exact_genomic
apr005#1	HLA-DPB1	1	HLA-DPB1*04:02	HLA-DPB1*04:02		known_exact_genomic
apr005#2	HLA-DPB1	1	HLA-DPB1*04:02	HLA-DPB1*04:02		known_exact_genomic
apr006#1	HLA-DPB1	1	HLA-DPB1*04:01	HLA-DPB1*04:01		known_exact_genomic
apr006#2	HLA-DPB1	1	HLA-DPB1*04:02	HLA-DPB1*04:02		known_exact_genomic
apr007#1	HLA-DPB1	1	HLA-DPB1*04:01	HLA-DPB1*04:01		known_exact_genomic
apr007#2	HLA-DPB1	1	HLA-DPB1*02:01	HLA-DPB1*02:01		known_exact_genomic
apr008#1	HLA-DPB1	1	HLA-DPB1*04:02	HLA-DPB1*04:02		known_exact_genomic
apr008#2	HLA-DPB1	1	HLA-DPB1*04:01	HLA-DPB1*04:01		known_exact_genomic
apr009#1	HLA-DPB1	1	HLA-DPB1*104:01	HLA-DPB1*104:01		known_exact_genomic
apr009#2	HLA-DPB1	1	HLA-DPB1*04:01	HLA-DPB1*04:01		known_exact_genomic
apr010#1	HLA-DPB1	1	HLA-DPB1*04:01	HLA-DPB1*04:01		known_exact_cds
apr010#2	HLA-DPB1	1	HLA-DPB1*19:01	HLA-DPB1*19:01		known_exact_genomic
apr011#1	HLA-DPB1	1	HLA-DPB1*13:01	HLA-DPB1*13:01		known_exact_genomic
apr011#2	HLA-DPB1	1	HLA-DPB1*04:01	HLA-DPB1*04:01		known_exact_genomic
apr012#1	HLA-DPB1	1	HLA-DPB1*02:01	HLA-DPB1*02:01		known_exact_genomic
apr012#2	HLA-DPB1	1	HLA-DPB1*04:02	HLA-DPB1*04:02		known_exact_genomic
apr013#1	HLA-DPB1	1	HLA-DPB1*26:01	HLA-DPB1*26:01		known_exact_genomic
apr013#2	HLA-DPB1	1	HLA-DPB1*17:01	HLA-DPB1*17:01		known_exact_genomic
apr014#1	HLA-DPB1	1	HLA-DPB1*04:01	HLA-DPB1*04:01		known_exact_genomic
apr014#2	HLA-DPB1	1	HLA-DPB1*01:01	HLA-DPB1*01:01		known_exact_genomic
apr015#1	HLA-DPB1	1	HLA-DPB1*02:01	HLA-DPB1*02:01		known_exact_genomic
apr015#2	HLA-DPB1	0		HLA-DPB1*10:01		known_exact_protein
apr016#1	HLA-DPB1	1	HLA-DPB1*09:01	HLA-DPB1*09:01		known_exact_cds
apr016#2	HLA-DPB1	1	HLA-DPB1*04:02	HLA-DPB1*04:02		known_exact_genomic
apr018#1	HLA-DPB1	1	HLA-DPB1*15:01	HLA-DPB1*15:01		known_exact_genomic
apr018#2	HLA-DPB1	1	HLA-DPB1*04:02	HLA-DPB1*04:02		known_exact_cds
apr019#1	HLA-DPB1	1	HLA-DPB1*04:02	HLA-DPB1*04:02		known_exact_genomic
apr019#2	HLA-DPB1	1	HLA-DPB1*17:01	HLA-DPB1*17:01		known_exact_genomic
apr020#1	HLA-DPB1	1	HLA-DPB1*14:01	HLA-DPB1*14:01		known_exact_genomic
apr020#2	HLA-DPB1	1	HLA-DPB1*01:01	HLA-DPB1*01:01		known_exact_genomic
apr021#1	HLA-DPB1	1	HLA-DPB1*04:01	HLA-DPB1*04:01		known_exact_cds
apr021#2	HLA-DPB1	1	HLA-DPB1*14:01	HLA-DPB1*14:01		known_exact_cds
apr022#1	HLA-DPB1	1	HLA-DPB1*14:01	HLA-DPB1*14:01		known_exact_cds
apr022#2	HLA-DPB1	1	HLA-DPB1*02:01	HLA-DPB1*02:01		known_exact_genomic
apr023#1	HLA-DPB1	1	HLA-DPB1*02:01	HLA-DPB1*02:01		known_exact_genomic
apr023#2	HLA-DPB1	1	HLA-DPB1*04:01	HLA-DPB1*04:01		known_exact_cds
apr024#1	HLA-DPB1	1	HLA-DPB1*05:01	HLA-DPB1*05:01		known_exact_genomic
apr024#2	HLA-DPB1	1	HLA-DPB1*13:01	HLA-DPB1*13:01		known_exact_genomic
apr025#1	HLA-DPB1	1	HLA-DPB1*02:01	HLA-DPB1*02:01		known_exact_genomic
apr025#2	HLA-DPB1	1	HLA-DPB1*15:01	HLA-DPB1*15:01		known_exact_genomic
apr026#1	HLA-DPB1	1	HLA-DPB1*14:01	HLA-DPB1*14:01		known_exact_genomic
apr026#2	HLA-DPB1	1	HLA-DPB1*03:01	HLA-DPB1*03:01		known_exact_genomic
apr027#1	HLA-DPB1	1	HLA-DPB1*02:01	HLA-DPB1*02:01		known_exact_genomic
apr027#2	HLA-DPB1	1	HLA-DPB1*04:01	HLA-DPB1*04:01		known_exact_genomic
apr029#1	HLA-DPB1	1	HLA-DPB1*17:01	HLA-DPB1*17:01		known_exact_genomic
apr029#2	HLA-DPB1	1	HLA-DPB1*04:01	HLA-DPB1*04:01		known_exact_genomic
apr030#1	HLA-DPB1	1	HLA-DPB1*13:01	HLA-DPB1*13:01		known_exact_genomic
apr030#2	HLA-DPB1	1	HLA-DPB1*02:01	HLA-DPB1*02:01		known_exact_genomic
apr031#1	HLA-DPB1	1	HLA-DPB1*04:02	HLA-DPB1*04:02		known_exact_cds
apr031#2	HLA-DPB1	1	HLA-DPB1*14:01	HLA-DPB1*14:01		known_exact_genomic
apr032#1	HLA-DPB1	1	HLA-DPB1*104:01	HLA-DPB1*104:01		known_exact_genomic
apr032#2	HLA-DPB1	1	HLA-DPB1*04:01	HLA-DPB1*04:01		known_exact_genomic
apr033#1	HLA-DPB1	1	HLA-DPB1*13:01	HLA-DPB1*13:01		known_exact_cds
apr033#2	HLA-DPB1	1	HLA-DPB1*09:01	HLA-DPB1*09:01		known_exact_genomic
apr034#1	HLA-DPB1	1	HLA-DPB1*02:01	HLA-DPB1*02:01		known_exact_cds
apr034#2	HLA-DPB1	1	HLA-DPB1*02:01	HLA-DPB1*02:01		known_exact_genomic
apr035#1	HLA-DPB1	1	HLA-DPB1*14:01	HLA-DPB1*14:01		known_exact_genomic
apr035#2	HLA-DPB1	1	HLA-DPB1*01:01	HLA-DPB1*01:01		known_exact_genomic
apr036#1	HLA-DPB1	1	HLA-DPB1*02:01	HLA-DPB1*02:01		known_exact_genomic
apr036#2	HLA-DPB1	1	HLA-DPB1*665:01	HLA-DPB1*665:01		known_exact_genomic
apr037#1	HLA-DPB1	1	HLA-DPB1*02:01	HLA-DPB1*02:01		known_exact_genomic
apr037#2	HLA-DPB1	1	HLA-DPB1*09:01	HLA-DPB1*09:01		known_exact_cds
apr038#1	HLA-DPB1	1	HLA-DPB1*01:01	HLA-DPB1*01:01		known_exact_genomic
apr038#2	HLA-DPB1	1	HLA-DPB1*14:01	HLA-DPB1*14:01		known_exact_genomic
apr039#1	HLA-DPB1	1	HLA-DPB1*02:01	HLA-DPB1*02:01		known_exact_genomic
apr039#2	HLA-DPB1	1	HLA-DPB1*104:01	HLA-DPB1*104:01		known_exact_genomic
apr040#1	HLA-DPB1	1	HLA-DPB1*296:01	HLA-DPB1*296:01		known_exact_genomic
apr040#2	HLA-DPB1	1	HLA-DPB1*30:01	HLA-DPB1*30:01		known_exact_genomic
apr041#1	HLA-DPB1	1	HLA-DPB1*02:01	HLA-DPB1*02:01		known_exact_genomic
apr041#2	HLA-DPB1	1	HLA-DPB1*04:01	HLA-DPB1*04:01		known_exact_genomic
apr042#1	HLA-DPB1	1	HLA-DPB1*14:01	HLA-DPB1*14:01		known_exact_genomic
apr042#2	HLA-DPB1	1	HLA-DPB1*04:01	HLA-DPB1*04:01		known_exact_genomic
apr043#1	HLA-DPB1	1	HLA-DPB1*04:01	HLA-DPB1*04:01		known_exact_genomic
apr043#2	HLA-DPB1	1	HLA-DPB1*03:01	HLA-DPB1*03:01		known_exact_genomic
apr044#1	HLA-DPB1	1	HLA-DPB1*04:01	HLA-DPB1*04:01		known_exact_genomic
apr044#2	HLA-DPB1	1	HLA-DPB1*04:01	HLA-DPB1*04:01		known_exact_genomic
apr045#1	HLA-DPB1	1	HLA-DPB1*104:01	HLA-DPB1*104:01		known_exact_genomic
apr045#2	HLA-DPB1	1	HLA-DPB1*14:01	HLA-DPB1*14:01		known_exact_genomic
apr046#1	HLA-DPB1	1	HLA-DPB1*02:01	HLA-DPB1*02:01		known_exact_genomic
apr046#2	HLA-DPB1	1	HLA-DPB1*04:02	HLA-DPB1*04:02		known_exact_genomic
apr047#1	HLA-DPB1	1	HLA-DPB1*04:01	HLA-DPB1*04:01		known_exact_genomic
apr047#2	HLA-DPB1	1	HLA-DPB1*04:01	HLA-DPB1*04:01		known_exact_genomic
apr048#1	HLA-DPB1	1	HLA-DPB1*04:01	HLA-DPB1*04:01		known_exact_genomic
apr048#2	HLA-DPB1	1	HLA-DPB1*14:01	HLA-DPB1*14:01		known_exact_genomic
apr049#1	HLA-DPB1	1	HLA-DPB1*14:01	HLA-DPB1*14:01		known_exact_genomic
apr049#2	HLA-DPB1	1	HLA-DPB1*04:01	HLA-DPB1*04:01		known_exact_genomic
apr050#1	HLA-DPB1	1	HLA-DPB1*04:02	HLA-DPB1*04:02		known_exact_genomic
apr050#2	HLA-DPB1	1	HLA-DPB1*105:01	HLA-DPB1*105:01		known_exact_genomic
apr051#1	HLA-DPB1	1	HLA-DPB1*14:01	HLA-DPB1*14:01		known_exact_genomic
apr051#2	HLA-DPB1	1	HLA-DPB1*04:01	HLA-DPB1*04:01		known_exact_genomic
apr52#1	HLA-DPB1	1	HLA-DPB1*02:01	HLA-DPB1*02:01		known_exact_cds
apr52#2	HLA-DPB1	1	HLA-DPB1*04:01	HLA-DPB1*04:01		known_exact_genomic
HIFI032007D#1	HLA-DPB1	1	HLA-DPB1*02:02	HLA-DPB1*02:02		known_exact_genomic
HIFI032007D#2	HLA-DPB1	1	HLA-DPB1*04:02	HLA-DPB1*04:02		known_exact_genomic
HIFI032018D#1	HLA-DPB1	1	HLA-DPB1*05:01	HLA-DPB1*05:01		known_exact_genomic
HIFI032018D#2	HLA-DPB1	1	HLA-DPB1*14:01	HLA-DPB1*14:01		known_exact_genomic
HIFI032069D#1	HLA-DPB1	1	HLA-DPB1*03:01	HLA-DPB1*03:01		known_exact_cds
HIFI032069D#2	HLA-DPB1	1	HLA-DPB1*02:02	HLA-DPB1*02:02		known_exact_genomic
HIFI032097D#1	HLA-DPB1	1	HLA-DPB1*04:01	HLA-DPB1*04:01		known_exact_genomic
HIFI032097D#2	HLA-DPB1	1	HLA-DPB1*14:01	HLA-DPB1*14:01		known_exact_genomic
HIFI032103D#1	HLA-DPB1	1	HLA-DPB1*02:01	HLA-DPB1*02:01		known_exact_genomic
HIFI032103D#2	HLA-DPB1	1	HLA-DPB1*04:02	HLA-DPB1*04:02		known_exact_genomic
HIFI032161D#1	HLA-DPB1	1	HLA-DPB1*02:01	HLA-DPB1*02:01		known_exact_genomic
HIFI032161D#2	HLA-DPB1	1	HLA-DPB1*93:01	HLA-DPB1*93:01		known_exact_genomic
HIFI032164D#1	HLA-DPB1	1	HLA-DPB1*38:01	HLA-DPB1*38:01		known_exact_genomic
HIFI032164D#2	HLA-DPB1	1	HLA-DPB1*04:01	HLA-DPB1*04:01		known_exact_genomic
HIFI032167D#1	HLA-DPB1	1	HLA-DPB1*21:01	HLA-DPB1*21:01		known_exact_genomic
HIFI032167D#2	HLA-DPB1	1	HLA-DPB1*21:01	HLA-DPB1*21:01		known_exact_genomic
HIFI032182D#1	HLA-DPB1	1	HLA-DPB1*02:02	HLA-DPB1*02:02		known_exact_cds
HIFI032182D#2	HLA-DPB1	1	HLA-DPB1*02:01	HLA-DPB1*02:01		known_exact_genomic
HIFI032289D#1	HLA-DPB1	1	HLA-DPB1*05:01	HLA-DPB1*05:01		known_exact_genomic
HIFI032289D#2	HLA-DPB1	1	HLA-DPB1*05:01	HLA-DPB1*05:01		known_exact_cds
HIFI032292D#1	HLA-DPB1	1	HLA-DPB1*13:01	HLA-DPB1*13:01		known_exact_genomic
HIFI032292D#2	HLA-DPB1	1	HLA-DPB1*04:02	HLA-DPB1*04:02		known_exact_cds
HIFI032302D#1	HLA-DPB1	1	HLA-DPB1*05:01	HLA-DPB1*05:01		known_exact_genomic
HIFI032302D#2	HLA-DPB1	1	HLA-DPB1*04:01	HLA-DPB1*04:01		known_exact_genomic
HIFI032306D#1	HLA-DPB1	1	HLA-DPB1*02:01	HLA-DPB1*02:01		known_exact_genomic
HIFI032306D#2	HLA-DPB1	1	HLA-DPB1*02:01	HLA-DPB1*02:01		known_exact_genomic
HIFI032335D#1	HLA-DPB1	1	HLA-DPB1*02:01	HLA-DPB1*02:01		known_exact_genomic
HIFI032335D#2	HLA-DPB1	1	HLA-DPB1*17:01	HLA-DPB1*17:01		known_exact_genomic
HIFI032349D#1	HLA-DPB1	1	HLA-DPB1*04:02	HLA-DPB1*04:02		known_exact_genomic
HIFI032349D#2	HLA-DPB1	1	HLA-DPB1*05:01	HLA-DPB1*05:01		known_exact_genomic
HIFI032373D#1	HLA-DPB1	1	HLA-DPB1*02:01	HLA-DPB1*02:01		known_exact_genomic
HIFI032373D#2	HLA-DPB1	1	HLA-DPB1*02:01	HLA-DPB1*02:01		known_exact_genomic
HIFI032420D#1	HLA-DPB1	1	HLA-DPB1*02:01	HLA-DPB1*02:01		known_exact_genomic
HIFI032420D#2	HLA-DPB1	1	HLA-DPB1*02:01	HLA-DPB1*02:01		known_exact_genomic
HIFI032422D#1	HLA-DPB1	1	HLA-DPB1*05:01	HLA-DPB1*05:01		known_exact_genomic
HIFI032422D#2	HLA-DPB1	1	HLA-DPB1*02:01	HLA-DPB1*02:01		known_exact_genomic
HIFI032429D#1	HLA-DPB1	1	HLA-DPB1*03:01	HLA-DPB1*03:01		known_exact_genomic
HIFI032429D#2	HLA-DPB1	1	HLA-DPB1*14:01	HLA-DPB1*14:01		known_exact_genomic
HIFI032440D#1	HLA-DPB1	1	HLA-DPB1*05:01	HLA-DPB1*05:01		known_exact_genomic
HIFI032440D#2	HLA-DPB1	1	HLA-DPB1*04:02	HLA-DPB1*04:02		known_exact_cds
HIFI032450D#1	HLA-DPB1	1	HLA-DPB1*03:01	HLA-DPB1*03:01		known_exact_genomic
HIFI032450D#2	HLA-DPB1	1	HLA-DPB1*05:01	HLA-DPB1*05:01		known_exact_genomic
HIFI032453D#1	HLA-DPB1	1	HLA-DPB1*05:01	HLA-DPB1*05:01		known_exact_genomic
HIFI032453D#2	HLA-DPB1	1	HLA-DPB1*02:02	HLA-DPB1*02:02		known_exact_genomic
HIFI032454D#1	HLA-DPB1	1	HLA-DPB1*05:01	HLA-DPB1*05:01		known_exact_genomic
HIFI032454D#2	HLA-DPB1	1	HLA-DPB1*04:01	HLA-DPB1*04:01		known_exact_genomic
HIFI032462D#1	HLA-DPB1	1	HLA-DPB1*04:02	HLA-DPB1*04:02		known_exact_genomic
HIFI032462D#2	HLA-DPB1	1	HLA-DPB1*02:01	HLA-DPB1*02:01		known_exact_genomic
HIFI032473D#1	HLA-DPB1	1	HLA-DPB1*13:01	HLA-DPB1*13:01		known_exact_genomic
HIFI032473D#2	HLA-DPB1	1	HLA-DPB1*02:01	HLA-DPB1*02:01		known_exact_genomic
HIFI032487D#1	HLA-DPB1	1	HLA-DPB1*04:01	HLA-DPB1*04:01		known_exact_genomic
HIFI032487D#2	HLA-DPB1	1	HLA-DPB1*05:01	HLA-DPB1*05:01		known_exact_cds
HIFI032501D#1	HLA-DPB1	1	HLA-DPB1*05:01	HLA-DPB1*05:01		known_exact_genomic
HIFI032501D#2	HLA-DPB1	1	HLA-DPB1*05:01	HLA-DPB1*05:01		known_exact_genomic
HIFI032510D#1	HLA-DPB1	1	HLA-DPB1*02:02	HLA-DPB1*02:02		known_exact_genomic
HIFI032510D#2	HLA-DPB1	1	HLA-DPB1*05:01	HLA-DPB1*05:01		known_exact_genomic
HIFI032513D#1	HLA-DPB1	1	HLA-DPB1*135:01	HLA-DPB1*135:01		known_exact_cds
HIFI032513D#2	HLA-DPB1	1	HLA-DPB1*14:01	HLA-DPB1*14:01		known_exact_cds
HIFI032529D#1	HLA-DPB1	1	HLA-DPB1*13:01	HLA-DPB1*13:01		known_exact_genomic
HIFI032529D#2	HLA-DPB1	1	HLA-DPB1*04:02	HLA-DPB1*04:02		known_exact_cds
HIFI032566D#1	HLA-DPB1	1	HLA-DPB1*04:01	HLA-DPB1*04:01		known_exact_genomic
HIFI032566D#2	HLA-DPB1	1	HLA-DPB1*05:01	HLA-DPB1*05:01		known_exact_genomic
HIFI032567D#1	HLA-DPB1	1	HLA-DPB1*03:01	HLA-DPB1*03:01		known_exact_cds
HIFI032567D#2	HLA-DPB1	1	HLA-DPB1*04:01	HLA-DPB1*04:01		known_exact_genomic
HIFI032585D#1	HLA-DPB1	1	HLA-DPB1*05:01	HLA-DPB1*05:01		known_exact_genomic
HIFI032585D#2	HLA-DPB1	1	HLA-DPB1*14:01	HLA-DPB1*14:01		known_exact_genomic
HIFI032586D#1	HLA-DPB1	1	HLA-DPB1*05:01	HLA-DPB1*05:01		known_exact_genomic
HIFI032586D#2	HLA-DPB1	1	HLA-DPB1*04:01	HLA-DPB1*04:01		known_exact_genomic
HIFI032591D#1	HLA-DPB1	1	HLA-DPB1*05:01	HLA-DPB1*05:01		known_exact_cds
HIFI032591D#2	HLA-DPB1	1	HLA-DPB1*05:01	HLA-DPB1*05:01		known_exact_genomic
HIFI032604D#1	HLA-DPB1	1	HLA-DPB1*02:01	HLA-DPB1*02:01		known_exact_genomic
HIFI032604D#2	HLA-DPB1	1	HLA-DPB1*296:01	HLA-DPB1*296:01		known_exact_genomic
HIFI032607D#1	HLA-DPB1	1	HLA-DPB1*02:01	HLA-DPB1*02:01		known_exact_genomic
HIFI032607D#2	HLA-DPB1	1	HLA-DPB1*45:01	HLA-DPB1*45:01		known_exact_genomic
HIFI032662D#1	HLA-DPB1	1	HLA-DPB1*02:01	HLA-DPB1*02:01		known_exact_genomic
HIFI032662D#2	HLA-DPB1	1	HLA-DPB1*04:02	HLA-DPB1*04:02		known_exact_genomic
HIFI032668D#1	HLA-DPB1	1	HLA-DPB1*04:01	HLA-DPB1*04:01		known_exact_genomic
HIFI032668D#2	HLA-DPB1	1	HLA-DPB1*03:01	HLA-DPB1*03:01		known_exact_genomic
HIFI032682D#1	HLA-DPB1	1	HLA-DPB1*02:01	HLA-DPB1*02:01		known_exact_genomic
HIFI032682D#2	HLA-DPB1	1	HLA-DPB1*02:01	HLA-DPB1*02:01		known_exact_genomic
HIFI032685D#1	HLA-DPB1	1	HLA-DPB1*05:01	HLA-DPB1*05:01		known_exact_cds
HIFI032685D#2	HLA-DPB1	1	HLA-DPB1*02:01	HLA-DPB1*02:01		known_exact_genomic
HIFI032692D#1	HLA-DPB1	1	HLA-DPB1*04:01	HLA-DPB1*04:01		known_exact_genomic
HIFI032692D#2	HLA-DPB1	1	HLA-DPB1*04:01	HLA-DPB1*04:01		known_exact_genomic
HIFI032693D#1	HLA-DPB1	1	HLA-DPB1*19:01	HLA-DPB1*19:01		known_exact_genomic
HIFI032693D#2	HLA-DPB1	1	HLA-DPB1*03:01	HLA-DPB1*03:01		known_exact_cds
HIFI032698D#1	HLA-DPB1	1	HLA-DPB1*02:01	HLA-DPB1*02:01		known_exact_genomic
HIFI032698D#2	HLA-DPB1	1	HLA-DPB1*05:01	HLA-DPB1*05:01		known_exact_genomic
HIFI032706D#1	HLA-DPB1	1	HLA-DPB1*02:01	HLA-DPB1*02:01		known_exact_genomic
HIFI032706D#2	HLA-DPB1	1	HLA-DPB1*05:01	HLA-DPB1*05:01		known_exact_genomic
HIFI032711D#1	HLA-DPB1	1	HLA-DPB1*04:02	HLA-DPB1*04:02		known_exact_cds
HIFI032711D#2	HLA-DPB1	1	HLA-DPB1*31:01	HLA-DPB1*31:01		known_exact_genomic
HIFI032731D#1	HLA-DPB1	1	HLA-DPB1*04:01	HLA-DPB1*04:01		known_exact_genomic
HIFI032731D#2	HLA-DPB1	1	HLA-DPB1*03:01	HLA-DPB1*03:01		known_exact_genomic
RY01#1	HLA-DPB1	1	HLA-DPB1*05:01	HLA-DPB1*05:01		known_exact_genomic
RY01#2	HLA-DPB1	1	HLA-DPB1*02:02	HLA-DPB1*02:02		known_exact_genomic
RY02#1	HLA-DPB1	1	HLA-DPB1*04:01	HLA-DPB1*04:01		known_exact_genomic
RY02#2	HLA-DPB1	1	HLA-DPB1*04:01	HLA-DPB1*04:01		known_exact_genomic
RY03#1	HLA-DPB1	1	HLA-DPB1*17:01	HLA-DPB1*17:01		known_exact_genomic
RY03#2	HLA-DPB1	1	HLA-DPB1*02:02	HLA-DPB1*02:02		known_exact_genomic
RY04#1	HLA-DPB1	1	HLA-DPB1*05:01	HLA-DPB1*05:01		known_exact_genomic
RY04#2	HLA-DPB1	1	HLA-DPB1*02:02	HLA-DPB1*02:02		known_exact_genomic
RY05#1	HLA-DPB1	1	HLA-DPB1*05:01	HLA-DPB1*05:01		known_exact_cds
RY05#2	HLA-DPB1	1	HLA-DPB1*38:01	HLA-DPB1*38:01		known_exact_genomic
RY06#1	HLA-DPB1	1	HLA-DPB1*10:01	HLA-DPB1*10:01		known_exact_genomic
RY06#2	HLA-DPB1	1	HLA-DPB1*15:01	HLA-DPB1*15:01		known_exact_genomic
RY07#1	HLA-DPB1	1	HLA-DPB1*02:01	HLA-DPB1*02:01		known_exact_genomic
RY07#2	HLA-DPB1	1	HLA-DPB1*17:01	HLA-DPB1*17:01		known_exact_genomic
RY08#1	HLA-DPB1	1	HLA-DPB1*05:01	HLA-DPB1*05:01		known_exact_genomic
RY08#2	HLA-DPB1	1	HLA-DPB1*02:02	HLA-DPB1*02:02		known_exact_genomic
RY09#1	HLA-DPB1	1	HLA-DPB1*02:01	HLA-DPB1*02:01		known_exact_genomic
RY09#2	HLA-DPB1	1	HLA-DPB1*17:01	HLA-DPB1*17:01		known_exact_genomic
RY10#1	HLA-DPB1	1	HLA-DPB1*04:01	HLA-DPB1*04:01		known_exact_genomic
RY10#2	HLA-DPB1	1	HLA-DPB1*05:01	HLA-DPB1*05:01		known_exact_genomic
RY11#1	HLA-DPB1	1	HLA-DPB1*05:01	HLA-DPB1*05:01		known_exact_genomic
RY11#2	HLA-DPB1	1	HLA-DPB1*04:02	HLA-DPB1*04:02		known_exact_genomic
HG00408#1	HLA-DPB1	1	HLA-DPB1*135:01	HLA-DPB1*135:01		known_exact_cds
HG00408#2	HLA-DPB1	1	HLA-DPB1*02:02	HLA-DPB1*02:02		known_exact_genomic
HG00423#1	HLA-DPB1	1	HLA-DPB1*02:02	HLA-DPB1*02:02		known_exact_genomic
HG00423#2	HLA-DPB1	1	HLA-DPB1*05:01	HLA-DPB1*05:01		known_exact_cds
HG00438#1	HLA-DPB1	1	HLA-DPB1*02:01	HLA-DPB1*02:01		known_exact_cds
HG00438#2	HLA-DPB1	1	HLA-DPB1*05:01	HLA-DPB1*05:01		known_exact_genomic
HG005#1	HLA-DPB1	1	HLA-DPB1*135:01	HLA-DPB1*135:01		known_exact_cds
HG005#2	HLA-DPB1	1	HLA-DPB1*05:01	HLA-DPB1*05:01		known_exact_genomic
HG00544#1	HLA-DPB1	1	HLA-DPB1*107:01	HLA-DPB1*107:01		known_exact_genomic
HG00544#2	HLA-DPB1	1	HLA-DPB1*107:01	HLA-DPB1*107:01		known_exact_genomic
HG00558#1	HLA-DPB1	1	HLA-DPB1*05:01	HLA-DPB1*05:01		known_exact_genomic
HG00558#2	HLA-DPB1	1	HLA-DPB1*02:01	HLA-DPB1*02:01		known_exact_genomic
HG00597#1	HLA-DPB1	1	HLA-DPB1*02:01	HLA-DPB1*02:01		known_exact_genomic
HG00597#2	HLA-DPB1	1	HLA-DPB1*05:01	HLA-DPB1*05:01		known_exact_genomic
HG00609#1	HLA-DPB1	1	HLA-DPB1*02:01	HLA-DPB1*02:01		known_exact_cds
HG00609#2	HLA-DPB1	1	HLA-DPB1*05:01	HLA-DPB1*05:01		known_exact_genomic
HG00621#1	HLA-DPB1	1	HLA-DPB1*05:01	HLA-DPB1*05:01		known_exact_genomic
HG00621#2	HLA-DPB1	1	HLA-DPB1*04:02	HLA-DPB1*04:02		known_exact_genomic
HG00658#1	HLA-DPB1	1	HLA-DPB1*05:01	HLA-DPB1*05:01		known_exact_genomic
HG00658#2	HLA-DPB1	1	HLA-DPB1*02:02	HLA-DPB1*02:02		known_exact_cds
HG00673#1	HLA-DPB1	1	HLA-DPB1*05:01	HLA-DPB1*05:01		known_exact_genomic
HG00673#2	HLA-DPB1	1	HLA-DPB1*13:01	HLA-DPB1*13:01		known_exact_genomic
HG00706#1	HLA-DPB1	1	HLA-DPB1*02:02	HLA-DPB1*02:02		known_exact_genomic
HG00706#2	HLA-DPB1	1	HLA-DPB1*14:01	HLA-DPB1*14:01		known_exact_genomic
HG02015#1	HLA-DPB1	1	HLA-DPB1*05:01	HLA-DPB1*05:01		known_exact_genomic
HG02015#2	HLA-DPB1	1	HLA-DPB1*05:01	HLA-DPB1*05:01		known_exact_genomic
HG02027#1	HLA-DPB1	1	HLA-DPB1*21:01	HLA-DPB1*21:01		known_exact_genomic
HG02027#2	HLA-DPB1	1	HLA-DPB1*05:01	HLA-DPB1*05:01		known_exact_genomic
HG02040#1	HLA-DPB1	1	HLA-DPB1*104:01	HLA-DPB1*104:01		known_exact_genomic
HG02040#2	HLA-DPB1	1	HLA-DPB1*05:01	HLA-DPB1*05:01		known_exact_genomic
HG02056#1	HLA-DPB1	1	HLA-DPB1*107:01	HLA-DPB1*107:01		known_exact_genomic
HG02056#2	HLA-DPB1	1	HLA-DPB1*05:01	HLA-DPB1*05:01		known_exact_genomic
HG02071#1	HLA-DPB1	1	HLA-DPB1*04:01	HLA-DPB1*04:01		known_exact_genomic
HG02071#2	HLA-DPB1	1	HLA-DPB1*107:01	HLA-DPB1*107:01		known_exact_genomic
HG02074#1	HLA-DPB1	1	HLA-DPB1*05:01	HLA-DPB1*05:01		known_exact_genomic
HG02074#2	HLA-DPB1	1	HLA-DPB1*05:01	HLA-DPB1*05:01		known_exact_genomic
HG02080#1	HLA-DPB1	1	HLA-DPB1*05:01	HLA-DPB1*05:01		known_exact_genomic
HG02080#2	HLA-DPB1	1	HLA-DPB1*13:01	HLA-DPB1*13:01		known_exact_genomic
HG02083#1	HLA-DPB1	1	HLA-DPB1*03:01	HLA-DPB1*03:01		known_exact_genomic
HG02083#2	HLA-DPB1	1	HLA-DPB1*05:01	HLA-DPB1*05:01		known_exact_cds
HG02129#1	HLA-DPB1	1	HLA-DPB1*21:01	HLA-DPB1*21:01		known_exact_genomic
HG02129#2	HLA-DPB1	1	HLA-DPB1*05:01	HLA-DPB1*05:01		known_exact_genomic
HG02132#1	HLA-DPB1	1	HLA-DPB1*13:01	HLA-DPB1*13:01		known_exact_genomic
HG02132#2	HLA-DPB1	1	HLA-DPB1*05:01	HLA-DPB1*05:01		known_exact_genomic
HG02135#1	HLA-DPB1	1	HLA-DPB1*03:01	HLA-DPB1*03:01		known_exact_genomic
HG02135#2	HLA-DPB1	1	HLA-DPB1*05:01	HLA-DPB1*05:01		known_exact_genomic
HG02155#1	HLA-DPB1	1	HLA-DPB1*05:01	HLA-DPB1*05:01		known_exact_genomic
HG02155#2	HLA-DPB1	1	HLA-DPB1*13:01	HLA-DPB1*13:01		known_exact_genomic
HG02165#1	HLA-DPB1	1	HLA-DPB1*02:02	HLA-DPB1*02:02		known_exact_genomic
HG02165#2	HLA-DPB1	1	HLA-DPB1*05:01	HLA-DPB1*05:01		known_exact_genomic
HG02178#1	HLA-DPB1	1	HLA-DPB1*05:01	HLA-DPB1*05:01		known_exact_genomic
HG02178#2	HLA-DPB1	1	HLA-DPB1*13:01	HLA-DPB1*13:01		known_exact_genomic
HG02391#1	HLA-DPB1	1	HLA-DPB1*02:02	HLA-DPB1*02:02		known_exact_genomic
HG02391#2	HLA-DPB1	1	HLA-DPB1*02:01	HLA-DPB1*02:01		known_exact_genomic
HG02392#1	HLA-DPB1	1	HLA-DPB1*13:01	HLA-DPB1*13:01		known_exact_genomic
HG02392#2	HLA-DPB1	1	HLA-DPB1*05:01	HLA-DPB1*05:01		known_exact_genomic
HG02514#1	HLA-DPB1	1	HLA-DPB1*04:01	HLA-DPB1*04:01		known_exact_genomic
HG02514#2	HLA-DPB1	1	HLA-DPB1*19:01	HLA-DPB1*19:01		known_exact_genomic
HG02523#1	HLA-DPB1	1	HLA-DPB1*04:01	HLA-DPB1*04:01		known_exact_genomic
HG02523#2	HLA-DPB1	1	HLA-DPB1*05:01	HLA-DPB1*05:01		known_exact_genomic
NA18565#1	HLA-DPB1	1	HLA-DPB1*02:01	HLA-DPB1*02:01		known_exact_genomic
NA18565#2	HLA-DPB1	1	HLA-DPB1*05:01	HLA-DPB1*05:01		known_exact_genomic
NA18570#1	HLA-DPB1	1	HLA-DPB1*03:01	HLA-DPB1*03:01		known_exact_genomic
NA18570#2	HLA-DPB1	1	HLA-DPB1*02:01	HLA-DPB1*02:01		known_exact_cds
NA18608#1	HLA-DPB1	1	HLA-DPB1*05:01	HLA-DPB1*05:01		known_exact_genomic
NA18608#2	HLA-DPB1	1	HLA-DPB1*02:01	HLA-DPB1*02:01		known_exact_genomic
NA18620#1	HLA-DPB1	1	HLA-DPB1*13:01	HLA-DPB1*13:01		known_exact_genomic
NA18620#2	HLA-DPB1	1	HLA-DPB1*04:02	HLA-DPB1*04:02		known_exact_genomic
NA18747#1	HLA-DPB1	1	HLA-DPB1*05:01	HLA-DPB1*05:01		known_exact_genomic
NA18747#2	HLA-DPB1	1	HLA-DPB1*02:01	HLA-DPB1*02:01		known_exact_genomic
NA18940#1	HLA-DPB1	1	HLA-DPB1*02:01	HLA-DPB1*02:01		known_exact_genomic
NA18940#2	HLA-DPB1	1	HLA-DPB1*04:02	HLA-DPB1*04:02		known_exact_cds
NA18943#1	HLA-DPB1	1	HLA-DPB1*05:01	HLA-DPB1*05:01		known_exact_genomic
NA18943#2	HLA-DPB1	1	HLA-DPB1*02:01	HLA-DPB1*02:01		known_exact_genomic
NA18944#1	HLA-DPB1	1	HLA-DPB1*05:01	HLA-DPB1*05:01		known_exact_genomic
NA18944#2	HLA-DPB1	1	HLA-DPB1*02:01	HLA-DPB1*02:01		known_exact_genomic
NA18945#1	HLA-DPB1	1	HLA-DPB1*02:01	HLA-DPB1*02:01		known_exact_genomic
NA18945#2	HLA-DPB1	1	HLA-DPB1*05:01	HLA-DPB1*05:01		known_exact_genomic
NA18948#1	HLA-DPB1	1	HLA-DPB1*17:01	HLA-DPB1*17:01		known_exact_genomic
NA18948#2	HLA-DPB1	1	HLA-DPB1*02:01	HLA-DPB1*02:01		known_exact_genomic
NA18952#1	HLA-DPB1	1	HLA-DPB1*05:01	HLA-DPB1*05:01		known_exact_cds
NA18952#2	HLA-DPB1	1	HLA-DPB1*05:01	HLA-DPB1*05:01		known_exact_genomic
NA18959#1	HLA-DPB1	1	HLA-DPB1*09:01	HLA-DPB1*09:01		known_exact_genomic
NA18959#2	HLA-DPB1	1	HLA-DPB1*05:01	HLA-DPB1*05:01		known_exact_genomic
NA18960#1	HLA-DPB1	1	HLA-DPB1*05:01	HLA-DPB1*05:01		known_exact_genomic
NA18960#2	HLA-DPB1	1	HLA-DPB1*05:01	HLA-DPB1*05:01		known_exact_genomic
NA18967#1	HLA-DPB1	1	HLA-DPB1*02:01	HLA-DPB1*02:01		known_exact_genomic
NA18967#2	HLA-DPB1	1	HLA-DPB1*02:01	HLA-DPB1*02:01		known_exact_genomic
NA18970#1	HLA-DPB1	1	HLA-DPB1*05:01	HLA-DPB1*05:01		known_exact_genomic
NA18970#2	HLA-DPB1	1	HLA-DPB1*09:01	HLA-DPB1*09:01		known_exact_genomic
NA18971#1	HLA-DPB1	1	HLA-DPB1*05:01	HLA-DPB1*05:01		known_exact_genomic
NA18971#2	HLA-DPB1	1	HLA-DPB1*05:01	HLA-DPB1*05:01		known_exact_genomic
NA18974#1	HLA-DPB1	1	HLA-DPB1*02:01	HLA-DPB1*02:01		known_exact_genomic
NA18974#2	HLA-DPB1	1	HLA-DPB1*02:01	HLA-DPB1*02:01		known_exact_genomic
NA18976#1	HLA-DPB1	1	HLA-DPB1*04:01	HLA-DPB1*04:01		known_exact_genomic
NA18976#2	HLA-DPB1	1	HLA-DPB1*04:01	HLA-DPB1*04:01		known_exact_genomic
NA18982#1	HLA-DPB1	1	HLA-DPB1*09:01	HLA-DPB1*09:01		known_exact_genomic
NA18982#2	HLA-DPB1	1	HLA-DPB1*02:01	HLA-DPB1*02:01		known_exact_genomic
NA18983#1	HLA-DPB1	1	HLA-DPB1*02:02	HLA-DPB1*02:02		known_exact_genomic
NA18983#2	HLA-DPB1	1	HLA-DPB1*05:01	HLA-DPB1*05:01		known_exact_genomic
NA19087#1	HLA-DPB1	1	HLA-DPB1*03:01	HLA-DPB1*03:01		known_exact_genomic
NA19087#2	HLA-DPB1	1	HLA-DPB1*05:01	HLA-DPB1*05:01		known_exact_cds
hg002#1	HLA-DPB1	1	HLA-DPB1*04:01	HLA-DPB1*04:01		known_exact_genomic
hg002#2	HLA-DPB1	1	HLA-DPB1*04:01	HLA-DPB1*04:01		known_exact_genomic
HG00097#1	HLA-DPB1	1	HLA-DPB1*03:01	HLA-DPB1*03:01		known_exact_genomic
HG00097#2	HLA-DPB1	1	HLA-DPB1*02:01	HLA-DPB1*02:01		known_exact_genomic
HG00099#1	HLA-DPB1	1	HLA-DPB1*04:01	HLA-DPB1*04:01		known_exact_genomic
HG00099#2	HLA-DPB1	1	HLA-DPB1*01:01	HLA-DPB1*01:01		known_exact_genomic
HG00126#1	HLA-DPB1	1	HLA-DPB1*02:01	HLA-DPB1*02:01		known_exact_genomic
HG00126#2	HLA-DPB1	1	HLA-DPB1*11:01	HLA-DPB1*11:01		known_exact_genomic
HG00128#1	HLA-DPB1	1	HLA-DPB1*04:01	HLA-DPB1*04:01		known_exact_genomic
HG00128#2	HLA-DPB1	1	HLA-DPB1*10:01	HLA-DPB1*10:01		known_exact_genomic
HG00133#1	HLA-DPB1	1	HLA-DPB1*104:01	HLA-DPB1*104:01		known_exact_genomic
HG00133#2	HLA-DPB1	1	HLA-DPB1*04:01	HLA-DPB1*04:01		known_exact_genomic
HG00140#1	HLA-DPB1	1	HLA-DPB1*04:02	HLA-DPB1*04:02		known_exact_genomic
HG00140#2	HLA-DPB1	1	HLA-DPB1*04:01	HLA-DPB1*04:01		known_exact_genomic
HG00146#1	HLA-DPB1	1	HLA-DPB1*04:01	HLA-DPB1*04:01		known_exact_genomic
HG00146#2	HLA-DPB1	1	HLA-DPB1*04:02	HLA-DPB1*04:02		known_exact_genomic
HG00232#1	HLA-DPB1	1	HLA-DPB1*04:01	HLA-DPB1*04:01		known_exact_genomic
HG00232#2	HLA-DPB1	1	HLA-DPB1*03:01	HLA-DPB1*03:01		known_exact_genomic
HG00235#1	HLA-DPB1	1	HLA-DPB1*06:01	HLA-DPB1*06:01		known_exact_genomic
HG00235#2	HLA-DPB1	1	HLA-DPB1*04:02	HLA-DPB1*04:02		known_exact_genomic
HG00253#1	HLA-DPB1	1	HLA-DPB1*11:01	HLA-DPB1*11:01		known_exact_genomic
HG00253#2	HLA-DPB1	1	HLA-DPB1*04:01	HLA-DPB1*04:01		known_exact_genomic
HG00272#1	HLA-DPB1	1	HLA-DPB1*04:01	HLA-DPB1*04:01		known_exact_genomic
HG00272#2	HLA-DPB1	1	HLA-DPB1*01:01	HLA-DPB1*01:01		known_exact_genomic
HG00280#1	HLA-DPB1	1	HLA-DPB1*03:01	HLA-DPB1*03:01		known_exact_genomic
HG00280#2	HLA-DPB1	1	HLA-DPB1*01:01	HLA-DPB1*01:01		known_exact_genomic
HG00290#1	HLA-DPB1	1	HLA-DPB1*04:01	HLA-DPB1*04:01		known_exact_genomic
HG00290#2	HLA-DPB1	1	HLA-DPB1*04:02	HLA-DPB1*04:02		known_exact_genomic
HG00320#1	HLA-DPB1	1	HLA-DPB1*04:01	HLA-DPB1*04:01		known_exact_genomic
HG00320#2	HLA-DPB1	1	HLA-DPB1*04:01	HLA-DPB1*04:01		known_exact_genomic
HG00321#1	HLA-DPB1	1	HLA-DPB1*04:01	HLA-DPB1*04:01		known_exact_genomic
HG00321#2	HLA-DPB1	1	HLA-DPB1*04:01	HLA-DPB1*04:01		known_exact_genomic
HG00323#1	HLA-DPB1	1	HLA-DPB1*03:01	HLA-DPB1*03:01		known_exact_genomic
HG00323#2	HLA-DPB1	1	HLA-DPB1*04:01	HLA-DPB1*04:01		known_exact_genomic
HG00329#1	HLA-DPB1	1	HLA-DPB1*04:01	HLA-DPB1*04:01		known_exact_genomic
HG00329#2	HLA-DPB1	1	HLA-DPB1*04:02	HLA-DPB1*04:02		known_exact_genomic
HG00344#1	HLA-DPB1	1	HLA-DPB1*05:01	HLA-DPB1*05:01		known_exact_genomic
HG00344#2	HLA-DPB1	1	HLA-DPB1*04:01	HLA-DPB1*04:01		known_exact_genomic
HG00350#1	HLA-DPB1	1	HLA-DPB1*04:02	HLA-DPB1*04:02		known_exact_cds
HG00350#2	HLA-DPB1	1	HLA-DPB1*04:01	HLA-DPB1*04:01		known_exact_genomic
HG00639#1	HLA-DPB1	1	HLA-DPB1*04:01	HLA-DPB1*04:01		known_exact_genomic
HG00639#2	HLA-DPB1	1	HLA-DPB1*02:01	HLA-DPB1*02:01		known_exact_genomic
HG00642#1	HLA-DPB1	1	HLA-DPB1*02:02	HLA-DPB1*02:02		known_exact_genomic
HG00642#2	HLA-DPB1	1	HLA-DPB1*105:01	HLA-DPB1*105:01		known_exact_genomic
HG00733#1	HLA-DPB1	1	HLA-DPB1*04:01	HLA-DPB1*04:01		known_exact_genomic
HG00733#2	HLA-DPB1	1	HLA-DPB1*11:01	HLA-DPB1*11:01		known_exact_genomic
HG00735#1	HLA-DPB1	1	HLA-DPB1*04:01	HLA-DPB1*04:01		known_exact_genomic
HG00735#2	HLA-DPB1	1	HLA-DPB1*04:02	HLA-DPB1*04:02		known_exact_genomic
HG00738#1	HLA-DPB1	1	HLA-DPB1*04:01	HLA-DPB1*04:01		known_exact_genomic
HG00738#2	HLA-DPB1	1	HLA-DPB1*04:02	HLA-DPB1*04:02		known_exact_genomic
HG00741#1	HLA-DPB1	1	HLA-DPB1*04:01	HLA-DPB1*04:01		known_exact_genomic
HG00741#2	HLA-DPB1	1	HLA-DPB1*01:01	HLA-DPB1*01:01		known_exact_genomic
HG01071#1	HLA-DPB1	1	HLA-DPB1*04:01	HLA-DPB1*04:01		known_exact_genomic
HG01071#2	HLA-DPB1	1	HLA-DPB1*04:01	HLA-DPB1*04:01		known_exact_genomic
HG01074#1	HLA-DPB1	1	HLA-DPB1*02:01	HLA-DPB1*02:01		known_exact_genomic
HG01074#2	HLA-DPB1	1	HLA-DPB1*11:01	HLA-DPB1*11:01		known_exact_genomic
HG01081#1	HLA-DPB1	1	HLA-DPB1*23:01	HLA-DPB1*23:01		known_exact_genomic
HG01081#2	HLA-DPB1	1	HLA-DPB1*105:01	HLA-DPB1*105:01		known_exact_genomic
HG01099#1	HLA-DPB1	1	HLA-DPB1*05:01	HLA-DPB1*05:01		known_exact_genomic
HG01099#2	HLA-DPB1	1	HLA-DPB1*04:01	HLA-DPB1*04:01		known_exact_genomic
HG01106#1	HLA-DPB1	1	HLA-DPB1*14:01	HLA-DPB1*14:01		known_exact_genomic
HG01106#2	HLA-DPB1	1	HLA-DPB1*04:01	HLA-DPB1*04:01		known_exact_genomic
HG01109#1	HLA-DPB1	1	HLA-DPB1*14:01	HLA-DPB1*14:01		known_exact_genomic
HG01109#2	HLA-DPB1	1	HLA-DPB1*01:01	HLA-DPB1*01:01		known_exact_cds
HG01123#1	HLA-DPB1	1	HLA-DPB1*01:01	HLA-DPB1*01:01		known_exact_genomic
HG01123#2	HLA-DPB1	1	HLA-DPB1*126:01	HLA-DPB1*126:01		known_exact_cds
HG01150#1	HLA-DPB1	1	HLA-DPB1*04:02	HLA-DPB1*04:02		known_exact_cds
HG01150#2	HLA-DPB1	1	HLA-DPB1*04:02	HLA-DPB1*04:02		known_exact_genomic
HG01167#1	HLA-DPB1	1	HLA-DPB1*03:01	HLA-DPB1*03:01		known_exact_genomic
HG01167#2	HLA-DPB1	1	HLA-DPB1*04:01	HLA-DPB1*04:01		known_exact_genomic
HG01175#1	HLA-DPB1	1	HLA-DPB1*04:01	HLA-DPB1*04:01		known_exact_genomic
HG01175#2	HLA-DPB1	1	HLA-DPB1*04:02	HLA-DPB1*04:02		known_exact_genomic
HG01192#1	HLA-DPB1	1	HLA-DPB1*02:01	HLA-DPB1*02:01		known_exact_genomic
HG01192#2	HLA-DPB1	1	HLA-DPB1*105:01	HLA-DPB1*105:01		known_exact_genomic
HG01243#1	HLA-DPB1	1	HLA-DPB1*105:01	HLA-DPB1*105:01		known_exact_cds
HG01243#2	HLA-DPB1	1	HLA-DPB1*04:02	HLA-DPB1*04:02		known_exact_cds
HG01252#1	HLA-DPB1	1	HLA-DPB1*04:02	HLA-DPB1*04:02		known_exact_genomic
HG01252#2	HLA-DPB1	1	HLA-DPB1*01:01	HLA-DPB1*01:01		known_exact_genomic
HG01255#1	HLA-DPB1	1	HLA-DPB1*02:01	HLA-DPB1*02:01		known_exact_genomic
HG01255#2	HLA-DPB1	1	HLA-DPB1*18:01	HLA-DPB1*18:01		known_exact_genomic
HG01258#1	HLA-DPB1	1	HLA-DPB1*04:01	HLA-DPB1*04:01		known_exact_genomic
HG01258#2	HLA-DPB1	1	HLA-DPB1*04:02	HLA-DPB1*04:02		known_exact_genomic
HG01261#1	HLA-DPB1	1	HLA-DPB1*04:02	HLA-DPB1*04:02		known_exact_genomic
HG01261#2	HLA-DPB1	1	HLA-DPB1*04:02	HLA-DPB1*04:02		known_exact_genomic
HG01346#1	HLA-DPB1	1	HLA-DPB1*04:01	HLA-DPB1*04:01		known_exact_cds
HG01346#2	HLA-DPB1	1	HLA-DPB1*04:01	HLA-DPB1*04:01		known_exact_cds
HG01358#1	HLA-DPB1	1	HLA-DPB1*14:01	HLA-DPB1*14:01		known_exact_genomic
HG01358#2	HLA-DPB1	1	HLA-DPB1*02:01	HLA-DPB1*02:01		known_exact_genomic
HG01361#1	HLA-DPB1	1	HLA-DPB1*11:01	HLA-DPB1*11:01		known_exact_genomic
HG01361#2	HLA-DPB1	1	HLA-DPB1*13:01	HLA-DPB1*13:01		known_exact_genomic
HG01433#1	HLA-DPB1	1	HLA-DPB1*04:01	HLA-DPB1*04:01		known_exact_genomic
HG01433#2	HLA-DPB1	1	HLA-DPB1*04:02	HLA-DPB1*04:02		known_exact_genomic
HG01496#1	HLA-DPB1	1	HLA-DPB1*11:01	HLA-DPB1*11:01		known_exact_genomic
HG01496#2	HLA-DPB1	1	HLA-DPB1*04:02	HLA-DPB1*04:02		known_exact_genomic
HG01530#1	HLA-DPB1	1	HLA-DPB1*02:01	HLA-DPB1*02:01		known_exact_genomic
HG01530#2	HLA-DPB1	1	HLA-DPB1*04:02	HLA-DPB1*04:02		known_exact_genomic
HG01784#1	HLA-DPB1	1	HLA-DPB1*104:01	HLA-DPB1*104:01		known_exact_genomic
HG01784#2	HLA-DPB1	1	HLA-DPB1*04:01	HLA-DPB1*04:01		known_exact_genomic
HG01786#1	HLA-DPB1	1	HLA-DPB1*04:01	HLA-DPB1*04:01		known_exact_genomic
HG01786#2	HLA-DPB1	1	HLA-DPB1*04:01	HLA-DPB1*04:01		known_exact_genomic
HG01884#1	HLA-DPB1	1	HLA-DPB1*02:01	HLA-DPB1*02:01		known_exact_cds
HG01884#2	HLA-DPB1	1	HLA-DPB1*104:01	HLA-DPB1*104:01		known_exact_cds
HG01891#1	HLA-DPB1	1	HLA-DPB1*01:01	HLA-DPB1*01:01		known_exact_genomic
HG01891#2	HLA-DPB1	1	HLA-DPB1*11:01	HLA-DPB1*11:01		known_exact_genomic
HG01928#1	HLA-DPB1	1	HLA-DPB1*04:02	HLA-DPB1*04:02		known_exact_genomic
HG01928#2	HLA-DPB1	1	HLA-DPB1*02:01	HLA-DPB1*02:01		known_exact_genomic
HG01934#1	HLA-DPB1	1	HLA-DPB1*04:01	HLA-DPB1*04:01		known_exact_genomic
HG01934#2	HLA-DPB1	1	HLA-DPB1*14:01	HLA-DPB1*14:01		known_exact_genomic
HG01940#1	HLA-DPB1	1	HLA-DPB1*04:02	HLA-DPB1*04:02		known_exact_genomic
HG01940#2	HLA-DPB1	1	HLA-DPB1*14:01	HLA-DPB1*14:01		known_exact_genomic
HG01943#1	HLA-DPB1	1	HLA-DPB1*02:01	HLA-DPB1*02:01		known_exact_cds
HG01943#2	HLA-DPB1	1	HLA-DPB1*04:02	HLA-DPB1*04:02		known_exact_genomic
HG01952#1	HLA-DPB1	1	HLA-DPB1*105:01	HLA-DPB1*105:01		known_exact_genomic
HG01952#2	HLA-DPB1	1	HLA-DPB1*04:02	HLA-DPB1*04:02		known_exact_genomic
HG01960#1	HLA-DPB1	1	HLA-DPB1*01:01	HLA-DPB1*01:01		known_exact_genomic
HG01960#2	HLA-DPB1	1	HLA-DPB1*104:01	HLA-DPB1*104:01		known_exact_cds
HG01969#1	HLA-DPB1	1	HLA-DPB1*11:01	HLA-DPB1*11:01		known_exact_genomic
HG01969#2	HLA-DPB1	1	HLA-DPB1*04:01	HLA-DPB1*04:01		known_exact_genomic
HG01975#1	HLA-DPB1	1	HLA-DPB1*05:01	HLA-DPB1*05:01		known_exact_genomic
HG01975#2	HLA-DPB1	1	HLA-DPB1*04:02	HLA-DPB1*04:02		known_exact_genomic
HG01978#1	HLA-DPB1	1	HLA-DPB1*04:02	HLA-DPB1*04:02		known_exact_genomic
HG01978#2	HLA-DPB1	1	HLA-DPB1*04:02	HLA-DPB1*04:02		known_exact_genomic
HG01981#1	HLA-DPB1	1	HLA-DPB1*06:01	HLA-DPB1*06:01		known_exact_genomic
HG01981#2	HLA-DPB1	1	HLA-DPB1*04:02	HLA-DPB1*04:02		known_exact_genomic
HG01993#1	HLA-DPB1	1	HLA-DPB1*03:01	HLA-DPB1*03:01		known_exact_genomic
HG01993#2	HLA-DPB1	1	HLA-DPB1*02:01	HLA-DPB1*02:01		known_exact_genomic
HG02004#1	HLA-DPB1	1	HLA-DPB1*14:01	HLA-DPB1*14:01		known_exact_genomic
HG02004#2	HLA-DPB1	1	HLA-DPB1*05:01	HLA-DPB1*05:01		known_exact_genomic
HG02055#1	HLA-DPB1	1	HLA-DPB1*131:01	HLA-DPB1*131:01		known_exact_genomic
HG02055#2	HLA-DPB1	1	HLA-DPB1*01:01	HLA-DPB1*01:01		known_exact_genomic
HG02109#1	HLA-DPB1	1	HLA-DPB1*105:01	HLA-DPB1*105:01		known_exact_cds
HG02109#2	HLA-DPB1	1	HLA-DPB1*63:01	HLA-DPB1*63:01		known_exact_genomic
HG02145#1	HLA-DPB1	1	HLA-DPB1*01:01	HLA-DPB1*01:01		known_exact_genomic
HG02145#2	HLA-DPB1	1	HLA-DPB1*131:01	HLA-DPB1*131:01		known_exact_genomic
HG02148#1	HLA-DPB1	1	HLA-DPB1*04:02	HLA-DPB1*04:02		known_exact_genomic
HG02148#2	HLA-DPB1	1	HLA-DPB1*02:02	HLA-DPB1*02:02		known_exact_genomic
HG02257#1	HLA-DPB1	1	HLA-DPB1*04:01	HLA-DPB1*04:01		known_exact_genomic
HG02257#2	HLA-DPB1	1	HLA-DPB1*01:01	HLA-DPB1*01:01		known_exact_genomic
HG02258#1	HLA-DPB1	1	HLA-DPB1*105:01	HLA-DPB1*105:01		known_exact_genomic
HG02258#2	HLA-DPB1	1	HLA-DPB1*105:01	HLA-DPB1*105:01		known_exact_genomic
HG02273#1	HLA-DPB1	1	HLA-DPB1*04:02	HLA-DPB1*04:02		known_exact_genomic
HG02273#2	HLA-DPB1	1	HLA-DPB1*14:01	HLA-DPB1*14:01		known_exact_genomic
HG02280#1	HLA-DPB1	1	HLA-DPB1*105:01	HLA-DPB1*105:01		known_exact_genomic
HG02280#2	HLA-DPB1	1	HLA-DPB1*02:01	HLA-DPB1*02:01		known_exact_genomic
HG02293#1	HLA-DPB1	1	HLA-DPB1*14:01	HLA-DPB1*14:01		known_exact_genomic
HG02293#2	HLA-DPB1	1	HLA-DPB1*14:01	HLA-DPB1*14:01		known_exact_genomic
HG02300#1	HLA-DPB1	1	HLA-DPB1*14:01	HLA-DPB1*14:01		known_exact_genomic
HG02300#2	HLA-DPB1	1	HLA-DPB1*14:01	HLA-DPB1*14:01		known_exact_genomic
HG02451#1	HLA-DPB1	1	HLA-DPB1*02:01	HLA-DPB1*02:01		known_exact_genomic
HG02451#2	HLA-DPB1	1	HLA-DPB1*02:01	HLA-DPB1*02:01		known_exact_genomic
HG02486#1	HLA-DPB1	1	HLA-DPB1*105:01	HLA-DPB1*105:01		known_exact_genomic
HG02486#2	HLA-DPB1	1	HLA-DPB1*01:01	HLA-DPB1*01:01		known_exact_genomic
HG02559#1	HLA-DPB1	1	HLA-DPB1*04:01	HLA-DPB1*04:01		known_exact_genomic
HG02559#2	HLA-DPB1	1	HLA-DPB1*105:01	HLA-DPB1*105:01		known_exact_genomic
HG02572#1	HLA-DPB1	1	HLA-DPB1*02:01	HLA-DPB1*02:01		known_exact_cds
HG02572#2	HLA-DPB1	1	HLA-DPB1*131:01	HLA-DPB1*131:01		known_exact_genomic
HG02583#1	HLA-DPB1	1	HLA-DPB1*02:01	HLA-DPB1*02:01		known_exact_cds
HG02583#2	HLA-DPB1	1	HLA-DPB1*11:01	HLA-DPB1*11:01		known_exact_cds
HG02602#1	HLA-DPB1	1	HLA-DPB1*414:01	HLA-DPB1*414:01		known_exact_genomic
HG02602#2	HLA-DPB1	1	HLA-DPB1*02:01	HLA-DPB1*02:01		known_exact_genomic
HG02615#1	HLA-DPB1	1	HLA-DPB1*85:01	HLA-DPB1*85:01		known_exact_genomic
HG02615#2	HLA-DPB1	1	HLA-DPB1*02:01	HLA-DPB1*02:01		known_exact_genomic
HG02622#1	HLA-DPB1	1	HLA-DPB1*01:01	HLA-DPB1*01:01		known_exact_genomic
HG02622#2	HLA-DPB1	1	HLA-DPB1*02:01	HLA-DPB1*02:01		known_exact_genomic
HG02630#1	HLA-DPB1	1	HLA-DPB1*02:01	HLA-DPB1*02:01		known_exact_genomic
HG02630#2	HLA-DPB1	1	HLA-DPB1*01:01	HLA-DPB1*01:01		known_exact_cds
HG02647#1	HLA-DPB1	1	HLA-DPB1*85:01	HLA-DPB1*85:01		known_exact_genomic
HG02647#2	HLA-DPB1	1	HLA-DPB1*02:01	HLA-DPB1*02:01		known_exact_genomic
HG02668#1	HLA-DPB1	1	HLA-DPB1*01:01	HLA-DPB1*01:01		known_exact_genomic
HG02668#2	HLA-DPB1	1	HLA-DPB1*519:01	HLA-DPB1*519:01		known_exact_cds
HG02698#1	HLA-DPB1	1	HLA-DPB1*04:01	HLA-DPB1*04:01		known_exact_cds
HG02698#2	HLA-DPB1	0		HLA-DPB1*03:01		known_exact_protein
HG02717#1	HLA-DPB1	1	HLA-DPB1*13:01	HLA-DPB1*13:01		known_exact_genomic
HG02717#2	HLA-DPB1	1	HLA-DPB1*01:01	HLA-DPB1*01:01		known_exact_genomic
HG02723#1	HLA-DPB1	1	HLA-DPB1*131:01	HLA-DPB1*131:01		known_exact_genomic
HG02723#2	HLA-DPB1	1	HLA-DPB1*02:01	HLA-DPB1*02:01		known_exact_genomic
HG02735#1	HLA-DPB1	1	HLA-DPB1*104:01	HLA-DPB1*104:01		known_exact_genomic
HG02735#2	HLA-DPB1	1	HLA-DPB1*04:01	HLA-DPB1*04:01		known_exact_genomic
HG02738#1	HLA-DPB1	1	HLA-DPB1*04:02	HLA-DPB1*04:02		known_exact_genomic
HG02738#2	HLA-DPB1	1	HLA-DPB1*14:01	HLA-DPB1*14:01		known_exact_genomic
HG02809#1	HLA-DPB1	1	HLA-DPB1*131:01	HLA-DPB1*131:01		known_exact_genomic
HG02809#2	HLA-DPB1	1	HLA-DPB1*17:01	HLA-DPB1*17:01		known_exact_genomic
HG02818#1	HLA-DPB1	1	HLA-DPB1*01:01	HLA-DPB1*01:01		known_exact_genomic
HG02818#2	HLA-DPB1	1	HLA-DPB1*40:01	HLA-DPB1*40:01		known_exact_cds
HG02841#1	HLA-DPB1	1	HLA-DPB1*13:01	HLA-DPB1*13:01		known_exact_genomic
HG02841#2	HLA-DPB1	1	HLA-DPB1*02:01	HLA-DPB1*02:01		known_exact_genomic
HG02886#1	HLA-DPB1	1	HLA-DPB1*02:01	HLA-DPB1*02:01		known_exact_genomic
HG02886#2	HLA-DPB1	1	HLA-DPB1*105:01	HLA-DPB1*105:01		known_exact_genomic
HG02922#1	HLA-DPB1	1	HLA-DPB1*105:01	HLA-DPB1*105:01		known_exact_genomic
HG02922#2	HLA-DPB1	1	HLA-DPB1*01:01	HLA-DPB1*01:01		known_exact_genomic
HG02965#1	HLA-DPB1	1	HLA-DPB1*01:01	HLA-DPB1*01:01		known_exact_genomic
HG02965#2	HLA-DPB1	1	HLA-DPB1*01:01	HLA-DPB1*01:01		known_exact_genomic
HG02976#1	HLA-DPB1	1	HLA-DPB1*02:01	HLA-DPB1*02:01		known_exact_genomic
HG02976#2	HLA-DPB1	1	HLA-DPB1*17:01	HLA-DPB1*17:01		known_exact_genomic
HG02984#1	HLA-DPB1	1	HLA-DPB1*02:01	HLA-DPB1*02:01		known_exact_genomic
HG02984#2	HLA-DPB1	1	HLA-DPB1*17:01	HLA-DPB1*17:01		known_exact_genomic
HG03017#1	HLA-DPB1	1	HLA-DPB1*04:02	HLA-DPB1*04:02		known_exact_genomic
HG03017#2	HLA-DPB1	1	HLA-DPB1*296:01	HLA-DPB1*296:01		known_exact_genomic
HG03041#1	HLA-DPB1	1	HLA-DPB1*01:01	HLA-DPB1*01:01		known_exact_genomic
HG03041#2	HLA-DPB1	1	HLA-DPB1*85:01	HLA-DPB1*85:01		known_exact_genomic
HG03050#1	HLA-DPB1	1	HLA-DPB1*105:01	HLA-DPB1*105:01		known_exact_cds
HG03050#2	HLA-DPB1	1	HLA-DPB1*104:01	HLA-DPB1*104:01		known_exact_genomic
HG03098#1	HLA-DPB1	1	HLA-DPB1*01:01	HLA-DPB1*01:01		known_exact_genomic
HG03098#2	HLA-DPB1	1	HLA-DPB1*01:01	HLA-DPB1*01:01		known_exact_cds
HG03130#1	HLA-DPB1	1	HLA-DPB1*01:01	HLA-DPB1*01:01		known_exact_genomic
HG03130#2	HLA-DPB1	1	HLA-DPB1*46:01	HLA-DPB1*46:01		known_exact_genomic
HG03139#1	HLA-DPB1	1	HLA-DPB1*01:01	HLA-DPB1*01:01		known_exact_genomic
HG03139#2	HLA-DPB1	1	HLA-DPB1*02:01	HLA-DPB1*02:01		known_exact_genomic
HG03195#1	HLA-DPB1	1	HLA-DPB1*01:01	HLA-DPB1*01:01		known_exact_genomic
HG03195#2	HLA-DPB1	1	HLA-DPB1*105:01	HLA-DPB1*105:01		known_exact_genomic
HG03209#1	HLA-DPB1	1	HLA-DPB1*01:01	HLA-DPB1*01:01		known_exact_cds
HG03209#2	HLA-DPB1	1	HLA-DPB1*584:01	HLA-DPB1*584:01		known_exact_genomic
HG03225#1	HLA-DPB1	1	HLA-DPB1*01:01	HLA-DPB1*01:01		known_exact_cds
HG03225#2	HLA-DPB1	1	HLA-DPB1*01:01	HLA-DPB1*01:01		known_exact_cds
HG03239#1	HLA-DPB1	1	HLA-DPB1*04:02	HLA-DPB1*04:02		known_exact_genomic
HG03239#2	HLA-DPB1	1	HLA-DPB1*13:01	HLA-DPB1*13:01		known_exact_genomic
HG03270#1	HLA-DPB1	1	HLA-DPB1*105:01	HLA-DPB1*105:01		known_exact_genomic
HG03270#2	HLA-DPB1	1	HLA-DPB1*105:01	HLA-DPB1*105:01		known_exact_genomic
HG03369#1	HLA-DPB1	1	HLA-DPB1*18:01	HLA-DPB1*18:01		known_exact_cds
HG03369#2	HLA-DPB1	1	HLA-DPB1*01:01	HLA-DPB1*01:01		known_exact_genomic
HG03453#1	HLA-DPB1	1	HLA-DPB1*13:01	HLA-DPB1*13:01		known_exact_genomic
HG03453#2	HLA-DPB1	1	HLA-DPB1*01:01	HLA-DPB1*01:01		known_exact_cds
HG03470#1	HLA-DPB1	1	HLA-DPB1*13:01	HLA-DPB1*13:01		known_exact_genomic
HG03470#2	HLA-DPB1	1	HLA-DPB1*01:01	HLA-DPB1*01:01		known_exact_genomic
HG03471#1	HLA-DPB1	1	HLA-DPB1*01:01	HLA-DPB1*01:01		known_exact_genomic
HG03471#2	HLA-DPB1	1	HLA-DPB1*01:01	HLA-DPB1*01:01		known_exact_genomic
HG03486#1	HLA-DPB1	1	HLA-DPB1*01:01	HLA-DPB1*01:01		known_exact_genomic
HG03486#2	HLA-DPB1	1	HLA-DPB1*01:01	HLA-DPB1*01:01		known_exact_genomic
HG03516#1	HLA-DPB1	1	HLA-DPB1*02:01	HLA-DPB1*02:01		known_exact_genomic
HG03516#2	HLA-DPB1	1	HLA-DPB1*105:01	HLA-DPB1*105:01		known_exact_genomic
HG03521#1	HLA-DPB1	1	HLA-DPB1*18:01	HLA-DPB1*18:01		known_exact_genomic
HG03521#2	HLA-DPB1	1	HLA-DPB1*104:01	HLA-DPB1*104:01		known_exact_genomic
HG03540#1	HLA-DPB1	1	HLA-DPB1*13:01	HLA-DPB1*13:01		known_exact_cds
HG03540#2	HLA-DPB1	1	HLA-DPB1*10:01	HLA-DPB1*10:01		known_exact_genomic
HG03579#1	HLA-DPB1	1	HLA-DPB1*01:01	HLA-DPB1*01:01		known_exact_genomic
HG03579#2	HLA-DPB1	1	HLA-DPB1*01:01	HLA-DPB1*01:01		known_exact_genomic
HG03583#1	HLA-DPB1	1	HLA-DPB1*01:01	HLA-DPB1*01:01		known_exact_genomic
HG03583#2	HLA-DPB1	1	HLA-DPB1*01:01	HLA-DPB1*01:01		known_exact_genomic
HG03654#1	HLA-DPB1	1	HLA-DPB1*04:02	HLA-DPB1*04:02		known_exact_genomic
HG03654#2	HLA-DPB1	1	HLA-DPB1*17:01	HLA-DPB1*17:01		known_exact_genomic
HG03669#1	HLA-DPB1	1	HLA-DPB1*09:01	HLA-DPB1*09:01		known_exact_genomic
HG03669#2	HLA-DPB1	1	HLA-DPB1*04:01	HLA-DPB1*04:01		known_exact_genomic
HG03688#1	HLA-DPB1	1	HLA-DPB1*04:01	HLA-DPB1*04:01		known_exact_genomic
HG03688#2	HLA-DPB1	1	HLA-DPB1*04:02	HLA-DPB1*04:02		known_exact_genomic
HG03704#1	HLA-DPB1	1	HLA-DPB1*04:01	HLA-DPB1*04:01		known_exact_genomic
HG03704#2	HLA-DPB1	1	HLA-DPB1*10:01	HLA-DPB1*10:01		known_exact_genomic
HG03710#1	HLA-DPB1	1	HLA-DPB1*02:01	HLA-DPB1*02:01		known_exact_genomic
HG03710#2	HLA-DPB1	1	HLA-DPB1*04:02	HLA-DPB1*04:02		known_exact_genomic
HG03742#1	HLA-DPB1	1	HLA-DPB1*15:01	HLA-DPB1*15:01		known_exact_genomic
HG03742#2	HLA-DPB1	1	HLA-DPB1*02:01	HLA-DPB1*02:01		known_exact_genomic
HG03784#1	HLA-DPB1	1	HLA-DPB1*04:02	HLA-DPB1*04:02		known_exact_cds
HG03784#2	HLA-DPB1	1	HLA-DPB1*02:01	HLA-DPB1*02:01		known_exact_genomic
HG03804#1	HLA-DPB1	1	HLA-DPB1*04:01	HLA-DPB1*04:01		known_exact_genomic
HG03804#2	HLA-DPB1	1	HLA-DPB1*104:01	HLA-DPB1*104:01		known_exact_genomic
HG03816#1	HLA-DPB1	1	HLA-DPB1*02:01	HLA-DPB1*02:01		known_exact_genomic
HG03816#2	HLA-DPB1	1	HLA-DPB1*04:02	HLA-DPB1*04:02		known_exact_genomic
HG03831#1	HLA-DPB1	1	HLA-DPB1*14:01	HLA-DPB1*14:01		known_exact_genomic
HG03831#2	HLA-DPB1	1	HLA-DPB1*26:01	HLA-DPB1*26:01		known_exact_genomic
HG03834#1	HLA-DPB1	1	HLA-DPB1*04:02	HLA-DPB1*04:02		known_exact_genomic
HG03834#2	HLA-DPB1	1	HLA-DPB1*09:01	HLA-DPB1*09:01		known_exact_genomic
HG03874#1	HLA-DPB1	1	HLA-DPB1*26:01	HLA-DPB1*26:01		known_exact_genomic
HG03874#2	HLA-DPB1	1	HLA-DPB1*09:01	HLA-DPB1*09:01		known_exact_genomic
HG03927#1	HLA-DPB1	1	HLA-DPB1*04:02	HLA-DPB1*04:02		known_exact_genomic
HG03927#2	HLA-DPB1	1	HLA-DPB1*02:01	HLA-DPB1*02:01		known_exact_genomic
HG03942#1	HLA-DPB1	1	HLA-DPB1*04:01	HLA-DPB1*04:01		known_exact_genomic
HG03942#2	HLA-DPB1	1	HLA-DPB1*02:01	HLA-DPB1*02:01		known_exact_genomic
HG04115#1	HLA-DPB1	1	HLA-DPB1*104:01	HLA-DPB1*104:01		known_exact_genomic
HG04115#2	HLA-DPB1	1	HLA-DPB1*13:01	HLA-DPB1*13:01		known_exact_genomic
HG04157#1	HLA-DPB1	1	HLA-DPB1*13:01	HLA-DPB1*13:01		known_exact_genomic
HG04157#2	HLA-DPB1	1	HLA-DPB1*16:01	HLA-DPB1*16:01		known_exact_genomic
HG04160#1	HLA-DPB1	1	HLA-DPB1*04:01	HLA-DPB1*04:01		known_exact_genomic
HG04160#2	HLA-DPB1	1	HLA-DPB1*03:01	HLA-DPB1*03:01		known_exact_genomic
HG04184#1	HLA-DPB1	1	HLA-DPB1*13:01	HLA-DPB1*13:01		known_exact_genomic
HG04184#2	HLA-DPB1	1	HLA-DPB1*04:01	HLA-DPB1*04:01		known_exact_genomic
HG04187#1	HLA-DPB1	1	HLA-DPB1*17:01	HLA-DPB1*17:01		known_exact_genomic
HG04187#2	HLA-DPB1	1	HLA-DPB1*09:01	HLA-DPB1*09:01		known_exact_genomic
HG04199#1	HLA-DPB1	1	HLA-DPB1*104:01	HLA-DPB1*104:01		known_exact_genomic
HG04199#2	HLA-DPB1	1	HLA-DPB1*01:01	HLA-DPB1*01:01		known_exact_genomic
HG04204#1	HLA-DPB1	1	HLA-DPB1*04:01	HLA-DPB1*04:01		known_exact_genomic
HG04204#2	HLA-DPB1	1	HLA-DPB1*14:01	HLA-DPB1*14:01		known_exact_genomic
HG04228#1	HLA-DPB1	1	HLA-DPB1*04:01	HLA-DPB1*04:01		known_exact_genomic
HG04228#2	HLA-DPB1	1	HLA-DPB1*09:01	HLA-DPB1*09:01		known_exact_genomic
HG06807#1	HLA-DPB1	1	HLA-DPB1*01:01	HLA-DPB1*01:01		known_exact_genomic
HG06807#2	HLA-DPB1	1	HLA-DPB1*105:01	HLA-DPB1*105:01		known_exact_cds
NA18505#1	HLA-DPB1	1	HLA-DPB1*01:01	HLA-DPB1*01:01		known_exact_genomic
NA18505#2	HLA-DPB1	1	HLA-DPB1*02:01	HLA-DPB1*02:01		known_exact_genomic
NA18508#1	HLA-DPB1	1	HLA-DPB1*01:01	HLA-DPB1*01:01		known_exact_genomic
NA18508#2	HLA-DPB1	1	HLA-DPB1*01:01	HLA-DPB1*01:01		known_exact_genomic
NA18522#1	HLA-DPB1	1	HLA-DPB1*01:01	HLA-DPB1*01:01		known_exact_genomic
NA18522#2	HLA-DPB1	1	HLA-DPB1*01:01	HLA-DPB1*01:01		known_exact_genomic
NA18879#1	HLA-DPB1	1	HLA-DPB1*01:01	HLA-DPB1*01:01		known_exact_genomic
NA18879#2	HLA-DPB1	1	HLA-DPB1*01:01	HLA-DPB1*01:01		known_exact_cds
NA18906#1	HLA-DPB1	1	HLA-DPB1*11:01	HLA-DPB1*11:01		known_exact_genomic
NA18906#2	HLA-DPB1	1	HLA-DPB1*17:01	HLA-DPB1*17:01		known_exact_genomic
NA19036#1	HLA-DPB1	1	HLA-DPB1*01:01	HLA-DPB1*01:01		known_exact_genomic
NA19036#2	HLA-DPB1	1	HLA-DPB1*18:01	HLA-DPB1*18:01		known_exact_genomic
NA19043#1	HLA-DPB1	1	HLA-DPB1*01:01	HLA-DPB1*01:01		known_exact_genomic
NA19043#2	HLA-DPB1	1	HLA-DPB1*04:01	HLA-DPB1*04:01		known_exact_genomic
NA19159#1	HLA-DPB1	1	HLA-DPB1*01:01	HLA-DPB1*01:01		known_exact_genomic
NA19159#2	HLA-DPB1	1	HLA-DPB1*03:01	HLA-DPB1*03:01		known_exact_genomic
NA19185#1	HLA-DPB1	1	HLA-DPB1*02:01	HLA-DPB1*02:01		known_exact_genomic
NA19185#2	HLA-DPB1	1	HLA-DPB1*01:01	HLA-DPB1*01:01		known_exact_genomic
NA19240#1	HLA-DPB1	1	HLA-DPB1*01:01	HLA-DPB1*01:01		known_exact_genomic
NA19240#2	HLA-DPB1	1	HLA-DPB1*01:01	HLA-DPB1*01:01		known_exact_genomic
NA19338#1	HLA-DPB1	1	HLA-DPB1*17:01	HLA-DPB1*17:01		known_exact_genomic
NA19338#2	HLA-DPB1	1	HLA-DPB1*01:01	HLA-DPB1*01:01		known_exact_genomic
NA19391#1	HLA-DPB1	1	HLA-DPB1*17:01	HLA-DPB1*17:01		known_exact_genomic
NA19391#2	HLA-DPB1	1	HLA-DPB1*105:01	HLA-DPB1*105:01		known_exact_cds
NA19443#1	HLA-DPB1	1	HLA-DPB1*02:01	HLA-DPB1*02:01		known_exact_cds
NA19443#2	HLA-DPB1	1	HLA-DPB1*02:01	HLA-DPB1*02:01		known_exact_genomic
NA19468#1	HLA-DPB1	1	HLA-DPB1*01:01	HLA-DPB1*01:01		known_exact_genomic
NA19468#2	HLA-DPB1	1	HLA-DPB1*11:01	HLA-DPB1*11:01		known_exact_genomic
NA19682#1	HLA-DPB1	1	HLA-DPB1*04:02	HLA-DPB1*04:02		known_exact_genomic
NA19682#2	HLA-DPB1	1	HLA-DPB1*04:01	HLA-DPB1*04:01		known_exact_genomic
NA19700#1	HLA-DPB1	1	HLA-DPB1*104:01	HLA-DPB1*104:01		known_exact_genomic
NA19700#2	HLA-DPB1	1	HLA-DPB1*835:01	HLA-DPB1*835:01		known_exact_genomic
NA19776#1	HLA-DPB1	1	HLA-DPB1*04:02	HLA-DPB1*04:02		known_exact_genomic
NA19776#2	HLA-DPB1	1	HLA-DPB1*04:02	HLA-DPB1*04:02		known_exact_genomic
NA19835#1	HLA-DPB1	1	HLA-DPB1*105:01	HLA-DPB1*105:01		known_exact_cds
NA19835#2	HLA-DPB1	1	HLA-DPB1*105:01	HLA-DPB1*105:01		known_exact_cds
NA19909#1	HLA-DPB1	1	HLA-DPB1*01:01	HLA-DPB1*01:01		known_exact_genomic
NA19909#2	HLA-DPB1	1	HLA-DPB1*01:01	HLA-DPB1*01:01		known_exact_genomic
NA20129#1	HLA-DPB1	1	HLA-DPB1*665:01	HLA-DPB1*665:01		known_exact_genomic
NA20129#2	HLA-DPB1	1	HLA-DPB1*04:01	HLA-DPB1*04:01		known_exact_genomic
NA20282#1	HLA-DPB1	1	HLA-DPB1*11:01	HLA-DPB1*11:01		known_exact_genomic
NA20282#2	HLA-DPB1	1	HLA-DPB1*01:01	HLA-DPB1*01:01		known_exact_genomic
NA20346#1	HLA-DPB1	1	HLA-DPB1*01:01	HLA-DPB1*01:01		known_exact_genomic
NA20346#2	HLA-DPB1	1	HLA-DPB1*18:01	HLA-DPB1*18:01		known_exact_cds
NA20503#1	HLA-DPB1	1	HLA-DPB1*04:02	HLA-DPB1*04:02		known_exact_genomic
NA20503#2	HLA-DPB1	1	HLA-DPB1*04:01	HLA-DPB1*04:01		known_exact_genomic
NA20752#1	HLA-DPB1	1	HLA-DPB1*04:01	HLA-DPB1*04:01		known_exact_cds
NA20752#2	HLA-DPB1	1	HLA-DPB1*20:01	HLA-DPB1*20:01		known_exact_genomic
NA20762#1	HLA-DPB1	1	HLA-DPB1*02:01	HLA-DPB1*02:01		known_exact_genomic
NA20762#2	HLA-DPB1	1	HLA-DPB1*02:01	HLA-DPB1*02:01		known_exact_genomic
NA20799#1	HLA-DPB1	1	HLA-DPB1*04:02	HLA-DPB1*04:02		known_exact_genomic
NA20799#2	HLA-DPB1	1	HLA-DPB1*02:01	HLA-DPB1*02:01		known_exact_genomic
NA20805#1	HLA-DPB1	1	HLA-DPB1*02:01	HLA-DPB1*02:01		known_exact_genomic
NA20805#2	HLA-DPB1	1	HLA-DPB1*04:01	HLA-DPB1*04:01		known_exact_genomic
NA20806#1	HLA-DPB1	1	HLA-DPB1*04:01	HLA-DPB1*04:01		known_exact_genomic
NA20806#2	HLA-DPB1	1	HLA-DPB1*04:01	HLA-DPB1*04:01		known_exact_genomic
NA20809#1	HLA-DPB1	1	HLA-DPB1*04:01	HLA-DPB1*04:01		known_exact_genomic
NA20809#2	HLA-DPB1	1	HLA-DPB1*04:01	HLA-DPB1*04:01		known_exact_genomic
NA20827#1	HLA-DPB1	1	HLA-DPB1*17:01	HLA-DPB1*17:01		known_exact_genomic
NA20827#2	HLA-DPB1	1	HLA-DPB1*17:01	HLA-DPB1*17:01		known_exact_genomic
NA20850#1	HLA-DPB1	1	HLA-DPB1*04:01	HLA-DPB1*04:01		known_exact_genomic
NA20850#2	HLA-DPB1	1	HLA-DPB1*13:01	HLA-DPB1*13:01		known_exact_genomic
NA20870#1	HLA-DPB1	1	HLA-DPB1*02:01	HLA-DPB1*02:01		known_exact_genomic
NA20870#2	HLA-DPB1	1	HLA-DPB1*04:01	HLA-DPB1*04:01		known_exact_genomic
NA20905#1	HLA-DPB1	1	HLA-DPB1*04:01	HLA-DPB1*04:01		known_exact_genomic
NA20905#2	HLA-DPB1	1	HLA-DPB1*04:01	HLA-DPB1*04:01		known_exact_genomic
NA21093#1	HLA-DPB1	1	HLA-DPB1*02:01	HLA-DPB1*02:01		known_exact_genomic
NA21093#2	HLA-DPB1	1	HLA-DPB1*02:01	HLA-DPB1*02:01		known_exact_cds
NA21102#1	HLA-DPB1	1	HLA-DPB1*09:01	HLA-DPB1*09:01		known_exact_genomic
NA21102#2	HLA-DPB1	1	HLA-DPB1*13:01	HLA-DPB1*13:01		known_exact_genomic
NA21106#1	HLA-DPB1	1	HLA-DPB1*02:01	HLA-DPB1*02:01		known_exact_cds
NA21106#2	HLA-DPB1	1	HLA-DPB1*02:01	HLA-DPB1*02:01		known_exact_genomic
NA21110#1	HLA-DPB1	1	HLA-DPB1*04:01	HLA-DPB1*04:01		known_exact_genomic
NA21110#2	HLA-DPB1	1	HLA-DPB1*02:01	HLA-DPB1*02:01		known_exact_genomic
NA21144#1	HLA-DPB1	1	HLA-DPB1*09:01	HLA-DPB1*09:01		known_exact_genomic
NA21144#2	HLA-DPB1	1	HLA-DPB1*04:01	HLA-DPB1*04:01		known_exact_genomic
NA21309#1	HLA-DPB1	1	HLA-DPB1*105:01	HLA-DPB1*105:01		known_exact_genomic
NA21309#2	HLA-DPB1	1	HLA-DPB1*30:01	HLA-DPB1*30:01		known_exact_genomic
NA18990#1	HLA-DPB1	1	HLA-DPB1*02:01	HLA-DPB1*02:01		known_exact_genomic
NA18990#2	HLA-DPB1	1	HLA-DPB1*02:01	HLA-DPB1*02:01		known_exact_cds
NA19007#1	HLA-DPB1	1	HLA-DPB1*03:01	HLA-DPB1*03:01		known_exact_genomic
NA19007#2	HLA-DPB1	1	HLA-DPB1*02:02	HLA-DPB1*02:02		known_exact_genomic
NA19066#1	HLA-DPB1	1	HLA-DPB1*05:01	HLA-DPB1*05:01		known_exact_genomic
NA19066#2	HLA-DPB1	1	HLA-DPB1*17:01	HLA-DPB1*17:01		known_exact_genomic
NA19079#1	HLA-DPB1	1	HLA-DPB1*03:01	HLA-DPB1*03:01		known_exact_genomic
NA19079#2	HLA-DPB1	1	HLA-DPB1*05:01	HLA-DPB1*05:01		known_exact_genomic
NA19088#1	HLA-DPB1	1	HLA-DPB1*02:01	HLA-DPB1*02:01		known_exact_genomic
NA19088#2	HLA-DPB1	1	HLA-DPB1*02:01	HLA-DPB1*02:01		known_exact_cds
ksa001#1	HLA-DPB1	1	HLA-DPB1*02:01	HLA-DPB1*02:01		known_exact_genomic
ksa001#2	HLA-DPB1	1	HLA-DPB1*04:01	HLA-DPB1*04:01		known_exact_genomic
ksa002#1	HLA-DPB1	1	HLA-DPB1*04:01	HLA-DPB1*04:01		known_exact_genomic
ksa002#2	HLA-DPB1	1	HLA-DPB1*104:01	HLA-DPB1*104:01		known_exact_genomic
ksa003#1	HLA-DPB1	1	HLA-DPB1*02:01	HLA-DPB1*02:01		known_exact_genomic
ksa003#2	HLA-DPB1	1	HLA-DPB1*04:01	HLA-DPB1*04:01		known_exact_genomic
ksa004#1	HLA-DPB1	1	HLA-DPB1*04:02	HLA-DPB1*04:02		known_exact_genomic
ksa004#2	HLA-DPB1	1	HLA-DPB1*04:01	HLA-DPB1*04:01		known_exact_genomic
ksa005#1	HLA-DPB1	1	HLA-DPB1*02:01	HLA-DPB1*02:01		known_exact_genomic
ksa005#2	HLA-DPB1	1	HLA-DPB1*02:01	HLA-DPB1*02:01		known_exact_genomic
ksa006#1	HLA-DPB1	1	HLA-DPB1*02:01	HLA-DPB1*02:01		known_exact_cds
ksa006#2	HLA-DPB1	1	HLA-DPB1*02:01	HLA-DPB1*02:01		known_exact_genomic
ksa007#1	HLA-DPB1	1	HLA-DPB1*47:01	HLA-DPB1*47:01		known_exact_genomic
ksa007#2	HLA-DPB1	1	HLA-DPB1*04:01	HLA-DPB1*04:01		known_exact_genomic
ksa008#1	HLA-DPB1	1	HLA-DPB1*02:01	HLA-DPB1*02:01		known_exact_genomic
ksa008#2	HLA-DPB1	1	HLA-DPB1*665:01	HLA-DPB1*665:01		known_exact_genomic
ksa009#1	HLA-DPB1	1	HLA-DPB1*04:02	HLA-DPB1*04:02		known_exact_cds
ksa009#2	HLA-DPB1	1	HLA-DPB1*04:01	HLA-DPB1*04:01		known_exact_genomic
KOREF1#1	HLA-DPB1	1	HLA-DPB1*05:01	HLA-DPB1*05:01		known_exact_cds
KOREF1#2	HLA-DPB1	0		HLA-DPB1*1428:01		unresolved_no_exact_match
KOREF2#1	HLA-DPB1	1	HLA-DPB1*02:01	HLA-DPB1*02:01		known_exact_genomic
KOREF2#2	HLA-DPB1	1	HLA-DPB1*48:01	HLA-DPB1*48:01		known_exact_cds
KPanRef-071#1	HLA-DPB1	1	HLA-DPB1*02:02	HLA-DPB1*02:02		known_exact_genomic
KPanRef-071#2	HLA-DPB1	1	HLA-DPB1*04:01	HLA-DPB1*04:01		known_exact_cds
KPanRef-072#1	HLA-DPB1	1	HLA-DPB1*17:01	HLA-DPB1*17:01		known_exact_genomic
KPanRef-072#2	HLA-DPB1	1	HLA-DPB1*05:01	HLA-DPB1*05:01		known_exact_cds
KPanRef-073#1	HLA-DPB1	1	HLA-DPB1*02:01	HLA-DPB1*02:01		known_exact_genomic
KPanRef-073#2	HLA-DPB1	1	HLA-DPB1*05:01	HLA-DPB1*05:01		known_exact_genomic
KPanRef-074#1	HLA-DPB1	1	HLA-DPB1*05:01	HLA-DPB1*05:01		known_exact_genomic
KPanRef-074#2	HLA-DPB1	1	HLA-DPB1*05:01	HLA-DPB1*05:01		known_exact_genomic
KPanRef-075#1	HLA-DPB1	1	HLA-DPB1*02:01	HLA-DPB1*02:01		known_exact_genomic
KPanRef-075#2	HLA-DPB1	1	HLA-DPB1*05:01	HLA-DPB1*05:01		known_exact_genomic
KPanRef-076#1	HLA-DPB1	1	HLA-DPB1*02:01	HLA-DPB1*02:01		known_exact_genomic
KPanRef-076#2	HLA-DPB1	1	HLA-DPB1*17:01	HLA-DPB1*17:01		known_exact_cds
KPanRef-076-M#1	HLA-DPB1	1	HLA-DPB1*17:01	HLA-DPB1*17:01		known_exact_cds
KPanRef-076-M#2	HLA-DPB1	1	HLA-DPB1*02:01	HLA-DPB1*02:01		known_exact_genomic
KPanRef-076-P#1	HLA-DPB1	1	HLA-DPB1*02:01	HLA-DPB1*02:01		known_exact_genomic
KPanRef-076-P#2	HLA-DPB1	1	HLA-DPB1*02:01	HLA-DPB1*02:01		known_exact_genomic
KPanRef-077#1	HLA-DPB1	1	HLA-DPB1*02:01	HLA-DPB1*02:01		known_exact_genomic
KPanRef-077#2	HLA-DPB1	1	HLA-DPB1*05:01	HLA-DPB1*05:01		known_exact_genomic
KPanRef-078#1	HLA-DPB1	1	HLA-DPB1*05:01	HLA-DPB1*05:01		known_exact_genomic
KPanRef-078#2	HLA-DPB1	1	HLA-DPB1*04:01	HLA-DPB1*04:01		known_exact_genomic
KPanRef-079#1	HLA-DPB1	1	HLA-DPB1*13:01	HLA-DPB1*13:01		known_exact_genomic
KPanRef-079#2	HLA-DPB1	1	HLA-DPB1*05:01	HLA-DPB1*05:01		known_exact_genomic
KPanRef-080#1	HLA-DPB1	1	HLA-DPB1*05:01	HLA-DPB1*05:01		known_exact_genomic
KPanRef-080#2	HLA-DPB1	1	HLA-DPB1*04:02	HLA-DPB1*04:02		known_exact_cds
apr-m#1	HLA-DRB3	1	HLA-DRB3*03:01	HLA-DRB3*03:01		known_exact_cds
apr-m#2	HLA-DRB3	1	HLA-DRB3*02:02	HLA-DRB3*02:02		known_exact_cds
apr-s#1	HLA-DRB3	1	HLA-DRB3*02:02	HLA-DRB3*02:02		known_exact_cds
apr001#2	HLA-DRB3	1	HLA-DRB3*02:02	HLA-DRB3*02:02		known_exact_cds
apr004#2	HLA-DRB3	1	HLA-DRB3*02:02	HLA-DRB3*02:02		known_exact_cds
apr005#1	HLA-DRB3	1	HLA-DRB3*02:02	HLA-DRB3*02:02		known_exact_cds
apr005#2	HLA-DRB3	1	HLA-DRB3*02:02	HLA-DRB3*02:02		known_exact_cds
apr006#1	HLA-DRB3	1	HLA-DRB3*02:02	HLA-DRB3*02:02		known_exact_cds
apr008#2	HLA-DRB3	1	HLA-DRB3*02:02	HLA-DRB3*02:02		known_exact_cds
apr011#1	HLA-DRB3	1	HLA-DRB3*02:02	HLA-DRB3*02:02		known_exact_genomic
apr011#2	HLA-DRB3	1	HLA-DRB3*02:02	HLA-DRB3*02:02		known_exact_cds
apr012#1	HLA-DRB3	1	HLA-DRB3*02:02	HLA-DRB3*02:02		known_exact_cds
apr012#2	HLA-DRB3	1	HLA-DRB3*02:02	HLA-DRB3*02:02		known_exact_cds
apr014#1	HLA-DRB3	1	HLA-DRB3*02:02	HLA-DRB3*02:02		known_exact_cds
apr014#2	HLA-DRB3	1	HLA-DRB3*01:62	HLA-DRB3*01:62		known_exact_genomic
apr015#1	HLA-DRB3	1	HLA-DRB3*02:02	HLA-DRB3*02:02		known_exact_cds
apr015#2	HLA-DRB3	1	HLA-DRB3*02:02	HLA-DRB3*02:02		known_exact_cds
apr016#2	HLA-DRB3	1	HLA-DRB3*02:02	HLA-DRB3*02:02		known_exact_cds
apr020#2	HLA-DRB3	1	HLA-DRB3*02:02	HLA-DRB3*02:02		known_exact_cds
apr021#1	HLA-DRB3	1	HLA-DRB3*02:02	HLA-DRB3*02:02		known_exact_cds
apr021#2	HLA-DRB3	1	HLA-DRB3*02:02	HLA-DRB3*02:02		known_exact_cds
apr022#2	HLA-DRB3	1	HLA-DRB3*02:02	HLA-DRB3*02:02		known_exact_cds
apr029#2	HLA-DRB3	1	HLA-DRB3*02:02	HLA-DRB3*02:02		known_exact_cds
apr030#1	HLA-DRB3	1	HLA-DRB3*02:02	HLA-DRB3*02:02		known_exact_cds
apr033#1	HLA-DRB3	1	HLA-DRB3*01:01	HLA-DRB3*01:01		known_exact_cds
apr034#2	HLA-DRB3	1	HLA-DRB3*02:02	HLA-DRB3*02:02		known_exact_genomic
apr035#1	HLA-DRB3	1	HLA-DRB3*02:02	HLA-DRB3*02:02		known_exact_cds
apr035#2	HLA-DRB3	1	HLA-DRB3*02:02	HLA-DRB3*02:02		known_exact_cds
apr036#1	HLA-DRB3	1	HLA-DRB3*02:02	HLA-DRB3*02:02		known_exact_cds
apr036#2	HLA-DRB3	1	HLA-DRB3*02:02	HLA-DRB3*02:02		known_exact_cds
apr038#2	HLA-DRB3	1	HLA-DRB3*02:02	HLA-DRB3*02:02		known_exact_cds
apr041#1	HLA-DRB3	1	HLA-DRB3*02:02	HLA-DRB3*02:02		known_exact_cds
apr042#1	HLA-DRB3	1	HLA-DRB3*01:01	HLA-DRB3*01:01		known_exact_cds
apr042#2	HLA-DRB3	1	HLA-DRB3*01:01	HLA-DRB3*01:01		known_exact_genomic
apr043#1	HLA-DRB3	1	HLA-DRB3*01:01	HLA-DRB3*01:01		known_exact_genomic
apr044#2	HLA-DRB3	1	HLA-DRB3*02:02	HLA-DRB3*02:02		known_exact_cds
apr045#1	HLA-DRB3	1	HLA-DRB3*01:01	HLA-DRB3*01:01		known_exact_genomic
apr046#1	HLA-DRB3	1	HLA-DRB3*02:02	HLA-DRB3*02:02		known_exact_genomic
apr046#2	HLA-DRB3	1	HLA-DRB3*03:01	HLA-DRB3*03:01		known_exact_cds
apr050#2	HLA-DRB3	1	HLA-DRB3*02:02	HLA-DRB3*02:02		known_exact_cds
apr051#2	HLA-DRB3	1	HLA-DRB3*03:01	HLA-DRB3*03:01		known_exact_cds
HIFI032007D#1	HLA-DRB3	1	HLA-DRB3*03:01	HLA-DRB3*03:01		known_exact_genomic
HIFI032007D#2	HLA-DRB3	1	HLA-DRB3*03:01	HLA-DRB3*03:01		known_exact_cds
HIFI032018D#1	HLA-DRB3	1	HLA-DRB3*03:01	HLA-DRB3*03:01		known_exact_cds
HIFI032069D#1	HLA-DRB3	1	HLA-DRB3*03:01	HLA-DRB3*03:01		known_exact_cds
HIFI032097D#1	HLA-DRB3	1	HLA-DRB3*03:01	HLA-DRB3*03:01		known_exact_cds
HIFI032161D#1	HLA-DRB3	1	HLA-DRB3*03:65	HLA-DRB3*03:65		known_exact_cds
HIFI032161D#2	HLA-DRB3	1	HLA-DRB3*03:01	HLA-DRB3*03:01		known_exact_genomic
HIFI032164D#2	HLA-DRB3	1	HLA-DRB3*02:02	HLA-DRB3*02:02		known_exact_cds
HIFI032167D#1	HLA-DRB3	1	HLA-DRB3*03:01	HLA-DRB3*03:01		known_exact_genomic
HIFI032167D#2	HLA-DRB3	1	HLA-DRB3*03:01	HLA-DRB3*03:01		known_exact_genomic
HIFI032292D#1	HLA-DRB3	1	HLA-DRB3*03:65	HLA-DRB3*03:65		known_exact_cds
HIFI032292D#2	HLA-DRB3	1	HLA-DRB3*03:65	HLA-DRB3*03:65		known_exact_cds
HIFI032302D#2	HLA-DRB3	1	HLA-DRB3*02:02	HLA-DRB3*02:02		known_exact_cds
HIFI032335D#2	HLA-DRB3	1	HLA-DRB3*01:01	HLA-DRB3*01:01		known_exact_cds
HIFI032349D#2	HLA-DRB3	1	HLA-DRB3*02:02	HLA-DRB3*02:02		known_exact_cds
HIFI032373D#1	HLA-DRB3	1	HLA-DRB3*02:02	HLA-DRB3*02:02		known_exact_cds
HIFI032422D#1	HLA-DRB3	1	HLA-DRB3*01:01	HLA-DRB3*01:01		known_exact_cds
HIFI032422D#2	HLA-DRB3	1	HLA-DRB3*01:01	HLA-DRB3*01:01		known_exact_cds
HIFI032429D#2	HLA-DRB3	1	HLA-DRB3*03:01	HLA-DRB3*03:01		known_exact_cds
HIFI032440D#1	HLA-DRB3	1	HLA-DRB3*03:01	HLA-DRB3*03:01		known_exact_genomic
HIFI032450D#1	HLA-DRB3	1	HLA-DRB3*01:01	HLA-DRB3*01:01		known_exact_cds
HIFI032453D#1	HLA-DRB3	1	HLA-DRB3*02:02	HLA-DRB3*02:02		known_exact_cds
HIFI032453D#2	HLA-DRB3	1	HLA-DRB3*02:02	HLA-DRB3*02:02		known_exact_cds
HIFI032454D#1	HLA-DRB3	1	HLA-DRB3*03:01	HLA-DRB3*03:01		known_exact_cds
HIFI032454D#2	HLA-DRB3	1	HLA-DRB3*02:02	HLA-DRB3*02:02		known_exact_cds
HIFI032462D#2	HLA-DRB3	1	HLA-DRB3*02:02	HLA-DRB3*02:02		known_exact_cds
HIFI032487D#1	HLA-DRB3	1	HLA-DRB3*02:02	HLA-DRB3*02:02		known_exact_cds
HIFI032501D#2	HLA-DRB3	1	HLA-DRB3*01:01	HLA-DRB3*01:01		known_exact_cds
HIFI032510D#2	HLA-DRB3	1	HLA-DRB3*02:02	HLA-DRB3*02:02		known_exact_cds
HIFI032566D#1	HLA-DRB3	1	HLA-DRB3*02:02	HLA-DRB3*02:02		known_exact_cds
HIFI032566D#2	HLA-DRB3	1	HLA-DRB3*01:01	HLA-DRB3*01:01		known_exact_cds
HIFI032567D#1	HLA-DRB3	1	HLA-DRB3*02:02	HLA-DRB3*02:02		known_exact_cds
HIFI032585D#1	HLA-DRB3	1	HLA-DRB3*01:01	HLA-DRB3*01:01		known_exact_cds
HIFI032604D#2	HLA-DRB3	0			internal_stop	unresolved_incomplete_or_abnormal_cds
HIFI032607D#2	HLA-DRB3	1	HLA-DRB3*01:01	HLA-DRB3*01:01		known_exact_cds
HIFI032662D#1	HLA-DRB3	1	HLA-DRB3*02:02	HLA-DRB3*02:02		known_exact_cds
HIFI032682D#1	HLA-DRB3	1	HLA-DRB3*03:01	HLA-DRB3*03:01		known_exact_cds
HIFI032682D#2	HLA-DRB3	1	HLA-DRB3*03:01	HLA-DRB3*03:01		known_exact_cds
HIFI032685D#1	HLA-DRB3	1	HLA-DRB3*02:02	HLA-DRB3*02:02		known_exact_genomic
HIFI032692D#1	HLA-DRB3	1	HLA-DRB3*02:02	HLA-DRB3*02:02		known_exact_cds
HIFI032693D#1	HLA-DRB3	1	HLA-DRB3*02:02	HLA-DRB3*02:02		known_exact_genomic
HIFI032693D#2	HLA-DRB3	1	HLA-DRB3*03:01	HLA-DRB3*03:01		known_exact_cds
HIFI032698D#1	HLA-DRB3	1	HLA-DRB3*01:01	HLA-DRB3*01:01		known_exact_cds
HIFI032698D#2	HLA-DRB3	1	HLA-DRB3*02:02	HLA-DRB3*02:02		known_exact_cds
HIFI032711D#1	HLA-DRB3	1	HLA-DRB3*02:02	HLA-DRB3*02:02		known_exact_cds
HIFI032711D#2	HLA-DRB3	1	HLA-DRB3*03:01	HLA-DRB3*03:01		known_exact_genomic
HIFI032731D#2	HLA-DRB3	1	HLA-DRB3*03:01	HLA-DRB3*03:01		known_exact_genomic
RY01#1	HLA-DRB3	1	HLA-DRB3*03:01	HLA-DRB3*03:01		known_exact_cds
RY03#2	HLA-DRB3	1	HLA-DRB3*02:02	HLA-DRB3*02:02		known_exact_cds
RY04#1	HLA-DRB3	1	HLA-DRB3*02:02	HLA-DRB3*02:02		known_exact_cds
RY04#2	HLA-DRB3	1	HLA-DRB3*02:02	HLA-DRB3*02:02		known_exact_genomic
RY05#1	HLA-DRB3	1	HLA-DRB3*02:02	HLA-DRB3*02:02		known_exact_cds
RY06#1	HLA-DRB3	1	HLA-DRB3*02:02	HLA-DRB3*02:02		known_exact_cds
HG00408#1	HLA-DRB3	1	HLA-DRB3*02:02	HLA-DRB3*02:02		known_exact_cds
HG00438#1	HLA-DRB3	1	HLA-DRB3*02:02	HLA-DRB3*02:02		known_exact_cds
HG00597#1	HLA-DRB3	1	HLA-DRB3*02:02	HLA-DRB3*02:02		known_exact_genomic
HG00597#2	HLA-DRB3	1	HLA-DRB3*02:02	HLA-DRB3*02:02		known_exact_genomic
HG00621#2	HLA-DRB3	1	HLA-DRB3*02:02	HLA-DRB3*02:02		known_exact_cds
HG00658#2	HLA-DRB3	1	HLA-DRB3*02:02	HLA-DRB3*02:02		known_exact_cds
HG00673#1	HLA-DRB3	1	HLA-DRB3*02:02	HLA-DRB3*02:02		known_exact_cds
HG02027#1	HLA-DRB3	1	HLA-DRB3*03:01	HLA-DRB3*03:01		known_exact_genomic
HG02027#2	HLA-DRB3	1	HLA-DRB3*02:02	HLA-DRB3*02:02		known_exact_cds
HG02056#1	HLA-DRB3	1	HLA-DRB3*02:02	HLA-DRB3*02:02		known_exact_genomic
HG02056#2	HLA-DRB3	1	HLA-DRB3*02:02	HLA-DRB3*02:02		known_exact_genomic
HG02071#1	HLA-DRB3	1	HLA-DRB3*03:01	HLA-DRB3*03:01		known_exact_cds
HG02071#2	HLA-DRB3	1	HLA-DRB3*03:01	HLA-DRB3*03:01		known_exact_cds
HG02074#1	HLA-DRB3	1	HLA-DRB3*02:02	HLA-DRB3*02:02		known_exact_cds
HG02080#1	HLA-DRB3	1	HLA-DRB3*02:02	HLA-DRB3*02:02		known_exact_cds
HG02083#1	HLA-DRB3	1	HLA-DRB3*03:01	HLA-DRB3*03:01		known_exact_cds
HG02129#1	HLA-DRB3	1	HLA-DRB3*03:01	HLA-DRB3*03:01		known_exact_cds
HG02165#1	HLA-DRB3	1	HLA-DRB3*02:02	HLA-DRB3*02:02		known_exact_cds
HG02165#2	HLA-DRB3	1	HLA-DRB3*02:02	HLA-DRB3*02:02		known_exact_cds
HG02514#2	HLA-DRB3	1	HLA-DRB3*03:01	HLA-DRB3*03:01		known_exact_genomic
NA18565#2	HLA-DRB3	1	HLA-DRB3*03:01	HLA-DRB3*03:01		known_exact_cds
NA18570#1	HLA-DRB3	1	HLA-DRB3*02:02	HLA-DRB3*02:02		known_exact_cds
NA18608#1	HLA-DRB3	1	HLA-DRB3*02:02	HLA-DRB3*02:02		known_exact_cds
NA18608#2	HLA-DRB3	1	HLA-DRB3*02:02	HLA-DRB3*02:02		known_exact_cds
NA18620#1	HLA-DRB3	1	HLA-DRB3*03:01	HLA-DRB3*03:01		known_exact_cds
NA18620#2	HLA-DRB3	1	HLA-DRB3*01:01	HLA-DRB3*01:01		known_exact_cds
NA18747#1	HLA-DRB3	1	HLA-DRB3*02:02	HLA-DRB3*02:02		known_exact_cds
NA18944#1	HLA-DRB3	1	HLA-DRB3*01:01	HLA-DRB3*01:01		known_exact_cds
NA18945#1	HLA-DRB3	1	HLA-DRB3*03:01	HLA-DRB3*03:01		known_exact_cds
NA18952#1	HLA-DRB3	1	HLA-DRB3*02:02	HLA-DRB3*02:02		known_exact_cds
NA18967#1	HLA-DRB3	1	HLA-DRB3*02:02	HLA-DRB3*02:02		known_exact_cds
NA18970#1	HLA-DRB3	1	HLA-DRB3*02:02	HLA-DRB3*02:02		known_exact_cds
NA18971#2	HLA-DRB3	1	HLA-DRB3*02:02	HLA-DRB3*02:02		known_exact_cds
NA18976#1	HLA-DRB3	1	HLA-DRB3*03:01	HLA-DRB3*03:01		known_exact_cds
NA18976#2	HLA-DRB3	1	HLA-DRB3*03:01	HLA-DRB3*03:01		known_exact_cds
NA18983#1	HLA-DRB3	1	HLA-DRB3*02:02	HLA-DRB3*02:02		known_exact_cds
NA19087#2	HLA-DRB3	1	HLA-DRB3*03:01	HLA-DRB3*03:01		known_exact_cds
HG00097#2	HLA-DRB3	1	HLA-DRB3*01:01	HLA-DRB3*01:01		known_exact_genomic
HG00099#1	HLA-DRB3	1	HLA-DRB3*02:02	HLA-DRB3*02:02		known_exact_cds
HG00099#2	HLA-DRB3	1	HLA-DRB3*01:01	HLA-DRB3*01:01		known_exact_cds
HG00126#1	HLA-DRB3	1	HLA-DRB3*02:02	HLA-DRB3*02:02		known_exact_cds
HG00128#2	HLA-DRB3	1	HLA-DRB3*02:02	HLA-DRB3*02:02		known_exact_cds
HG00133#1	HLA-DRB3	1	HLA-DRB3*03:01	HLA-DRB3*03:01		known_exact_cds
HG00140#2	HLA-DRB3	1	HLA-DRB3*01:01	HLA-DRB3*01:01		known_exact_cds
HG00146#1	HLA-DRB3	1	HLA-DRB3*01:01	HLA-DRB3*01:01		known_exact_cds
HG00232#2	HLA-DRB3	1	HLA-DRB3*02:02	HLA-DRB3*02:02		known_exact_cds
HG00253#1	HLA-DRB3	1	HLA-DRB3*01:01	HLA-DRB3*01:01		known_exact_genomic
HG00272#1	HLA-DRB3	1	HLA-DRB3*01:01	HLA-DRB3*01:01		known_exact_cds
HG00272#2	HLA-DRB3	1	HLA-DRB3*01:01	HLA-DRB3*01:01		known_exact_cds
HG00280#1	HLA-DRB3	1	HLA-DRB3*02:02	HLA-DRB3*02:02		known_exact_cds
HG00280#2	HLA-DRB3	1	HLA-DRB3*01:01	HLA-DRB3*01:01		known_exact_cds
HG00323#1	HLA-DRB3	1	HLA-DRB3*03:01	HLA-DRB3*03:01		known_exact_cds
HG00329#1	HLA-DRB3	1	HLA-DRB3*02:02	HLA-DRB3*02:02		known_exact_genomic
HG00642#1	HLA-DRB3	1	HLA-DRB3*02:02	HLA-DRB3*02:02		known_exact_cds
HG00642#2	HLA-DRB3	1	HLA-DRB3*02:02	HLA-DRB3*02:02		known_exact_cds
HG00733#1	HLA-DRB3	1	HLA-DRB3*02:02	HLA-DRB3*02:02		known_exact_cds
HG00733#2	HLA-DRB3	1	HLA-DRB3*02:02	HLA-DRB3*02:02		known_exact_cds
HG00738#1	HLA-DRB3	1	HLA-DRB3*01:01	HLA-DRB3*01:01		known_exact_cds
HG00738#2	HLA-DRB3	1	HLA-DRB3*01:01	HLA-DRB3*01:01		known_exact_cds
HG00741#1	HLA-DRB3	1	HLA-DRB3*02:02	HLA-DRB3*02:02		known_exact_cds
HG00741#2	HLA-DRB3	1	HLA-DRB3*03:01	HLA-DRB3*03:01		known_exact_cds
HG01071#2	HLA-DRB3	1	HLA-DRB3*02:02	HLA-DRB3*02:02		known_exact_cds
HG01081#1	HLA-DRB3	1	HLA-DRB3*02:02	HLA-DRB3*02:02		known_exact_genomic
HG01081#2	HLA-DRB3	1	HLA-DRB3*02:02	HLA-DRB3*02:02		known_exact_cds
HG01106#1	HLA-DRB3	1	HLA-DRB3*02:02	HLA-DRB3*02:02		known_exact_cds
HG01106#2	HLA-DRB3	1	HLA-DRB3*02:02	HLA-DRB3*02:02		known_exact_genomic
HG01123#2	HLA-DRB3	1	HLA-DRB3*01:01	HLA-DRB3*01:01		known_exact_cds
HG01150#2	HLA-DRB3	1	HLA-DRB3*01:01	HLA-DRB3*01:01		known_exact_cds
HG01192#2	HLA-DRB3	1	HLA-DRB3*02:02	HLA-DRB3*02:02		known_exact_cds
HG01243#1	HLA-DRB3	1	HLA-DRB3*03:01	HLA-DRB3*03:01		known_exact_cds
HG01243#2	HLA-DRB3	1	HLA-DRB3*01:01	HLA-DRB3*01:01		known_exact_cds
HG01255#1	HLA-DRB3	1	HLA-DRB3*01:01	HLA-DRB3*01:01		known_exact_cds
HG01258#1	HLA-DRB3	1	HLA-DRB3*02:02	HLA-DRB3*02:02		known_exact_cds
HG01346#1	HLA-DRB3	1	HLA-DRB3*01:01	HLA-DRB3*01:01		known_exact_cds
HG01346#2	HLA-DRB3	1	HLA-DRB3*03:01	HLA-DRB3*03:01		known_exact_cds
HG01358#2	HLA-DRB3	1	HLA-DRB3*03:01	HLA-DRB3*03:01		known_exact_cds
HG01361#1	HLA-DRB3	1	HLA-DRB3*02:02	HLA-DRB3*02:02		known_exact_cds
HG01786#1	HLA-DRB3	1	HLA-DRB3*02:02	HLA-DRB3*02:02		known_exact_cds
HG01786#2	HLA-DRB3	1	HLA-DRB3*03:01	HLA-DRB3*03:01		known_exact_cds
HG01884#1	HLA-DRB3	1	HLA-DRB3*02:02	HLA-DRB3*02:02		known_exact_genomic
HG01884#2	HLA-DRB3	1	HLA-DRB3*03:01	HLA-DRB3*03:01		known_exact_cds
HG01940#1	HLA-DRB3	1	HLA-DRB3*01:01	HLA-DRB3*01:01		known_exact_cds
HG01940#2	HLA-DRB3	1	HLA-DRB3*01:01	HLA-DRB3*01:01		known_exact_cds
HG01952#1	HLA-DRB3	1	HLA-DRB3*01:01	HLA-DRB3*01:01		known_exact_cds
HG01960#2	HLA-DRB3	1	HLA-DRB3*03:01	HLA-DRB3*03:01		known_exact_cds
HG02055#2	HLA-DRB3	1	HLA-DRB3*02:02	HLA-DRB3*02:02		known_exact_genomic
HG02109#1	HLA-DRB3	1	HLA-DRB3*01:01	HLA-DRB3*01:01		known_exact_cds
HG02145#2	HLA-DRB3	1	HLA-DRB3*01:01	HLA-DRB3*01:01		known_exact_cds
HG02148#1	HLA-DRB3	1	HLA-DRB3*01:01	HLA-DRB3*01:01		known_exact_cds
HG02148#2	HLA-DRB3	1	HLA-DRB3*02:02	HLA-DRB3*02:02		known_exact_cds
HG02257#1	HLA-DRB3	1	HLA-DRB3*02:02	HLA-DRB3*02:02		known_exact_cds
HG02273#2	HLA-DRB3	1	HLA-DRB3*01:01	HLA-DRB3*01:01		known_exact_cds
HG02280#1	HLA-DRB3	1	HLA-DRB3*01:01	HLA-DRB3*01:01		known_exact_cds
HG02451#1	HLA-DRB3	1	HLA-DRB3*02:02	HLA-DRB3*02:02		known_exact_cds
HG02486#2	HLA-DRB3	1	HLA-DRB3*01:62	HLA-DRB3*01:62		known_exact_genomic
HG02559#2	HLA-DRB3	1	HLA-DRB3*01:01	HLA-DRB3*01:01		known_exact_cds
HG02572#1	HLA-DRB3	1	HLA-DRB3*02:02	HLA-DRB3*02:02		known_exact_cds
HG02572#2	HLA-DRB3	1	HLA-DRB3*03:01	HLA-DRB3*03:01		known_exact_cds
HG02602#2	HLA-DRB3	1	HLA-DRB3*02:02	HLA-DRB3*02:02		known_exact_cds
HG02615#1	HLA-DRB3	1	HLA-DRB3*03:01	HLA-DRB3*03:01		known_exact_cds
HG02615#2	HLA-DRB3	1	HLA-DRB3*03:01	HLA-DRB3*03:01		known_exact_cds
HG02647#1	HLA-DRB3	1	HLA-DRB3*02:02	HLA-DRB3*02:02		known_exact_cds
HG02668#1	HLA-DRB3	1	HLA-DRB3*01:01	HLA-DRB3*01:01		known_exact_genomic
HG02668#2	HLA-DRB3	1	HLA-DRB3*02:02	HLA-DRB3*02:02		known_exact_genomic
HG02698#2	HLA-DRB3	1	HLA-DRB3*03:01	HLA-DRB3*03:01		known_exact_cds
HG02717#1	HLA-DRB3	1	HLA-DRB3*01:01	HLA-DRB3*01:01		known_exact_cds
HG02723#1	HLA-DRB3	1	HLA-DRB3*02:02	HLA-DRB3*02:02		known_exact_genomic
HG02735#2	HLA-DRB3	1	HLA-DRB3*02:02	HLA-DRB3*02:02		known_exact_cds
HG02738#1	HLA-DRB3	1	HLA-DRB3*02:02	HLA-DRB3*02:02		known_exact_cds
HG02738#2	HLA-DRB3	1	HLA-DRB3*02:02	HLA-DRB3*02:02		known_exact_cds
HG02809#1	HLA-DRB3	1	HLA-DRB3*02:02	HLA-DRB3*02:02		known_exact_cds
HG02818#1	HLA-DRB3	1	HLA-DRB3*01:01	HLA-DRB3*01:01		known_exact_cds
HG02818#2	HLA-DRB3	1	HLA-DRB3*02:02	HLA-DRB3*02:02		known_exact_cds
HG02841#1	HLA-DRB3	1	HLA-DRB3*01:01	HLA-DRB3*01:01		known_exact_cds
HG02886#1	HLA-DRB3	1	HLA-DRB3*01:62	HLA-DRB3*01:62		known_exact_genomic
HG02922#1	HLA-DRB3	1	HLA-DRB3*02:02	HLA-DRB3*02:02		known_exact_cds
HG02965#1	HLA-DRB3	1	HLA-DRB3*01:62	HLA-DRB3*01:62		known_exact_genomic
HG02976#2	HLA-DRB3	1	HLA-DRB3*02:02	HLA-DRB3*02:02		known_exact_genomic
HG02984#1	HLA-DRB3	1	HLA-DRB3*03:01	HLA-DRB3*03:01		known_exact_cds
HG03050#2	HLA-DRB3	1	HLA-DRB3*01:62	HLA-DRB3*01:62		known_exact_cds
HG03130#2	HLA-DRB3	1	HLA-DRB3*02:02	HLA-DRB3*02:02		known_exact_cds
HG03225#1	HLA-DRB3	1	HLA-DRB3*02:02	HLA-DRB3*02:02		known_exact_cds
HG03270#2	HLA-DRB3	1	HLA-DRB3*02:02	HLA-DRB3*02:02		known_exact_cds
HG03369#1	HLA-DRB3	1	HLA-DRB3*03:01	HLA-DRB3*03:01		known_exact_cds
HG03369#2	HLA-DRB3	1	HLA-DRB3*01:01	HLA-DRB3*01:01		known_exact_cds
HG03453#2	HLA-DRB3	1	HLA-DRB3*02:02	HLA-DRB3*02:02		known_exact_cds
HG03471#2	HLA-DRB3	1	HLA-DRB3*01:62	HLA-DRB3*01:62		known_exact_genomic
HG03486#1	HLA-DRB3	1	HLA-DRB3*01:62	HLA-DRB3*01:62		known_exact_genomic
HG03486#2	HLA-DRB3	1	HLA-DRB3*03:01	HLA-DRB3*03:01		known_exact_cds
HG03516#1	HLA-DRB3	1	HLA-DRB3*02:02	HLA-DRB3*02:02		known_exact_cds
HG03516#2	HLA-DRB3	1	HLA-DRB3*01:01	HLA-DRB3*01:01		known_exact_cds
HG03521#1	HLA-DRB3	1	HLA-DRB3*02:02	HLA-DRB3*02:02		known_exact_cds
HG03521#2	HLA-DRB3	1	HLA-DRB3*02:02	HLA-DRB3*02:02		known_exact_cds
HG03579#1	HLA-DRB3	1	HLA-DRB3*01:62	HLA-DRB3*01:62		known_exact_genomic
HG03579#2	HLA-DRB3	1	HLA-DRB3*01:62	HLA-DRB3*01:62		known_exact_genomic
HG03654#1	HLA-DRB3	1	HLA-DRB3*02:02	HLA-DRB3*02:02		known_exact_cds
HG03654#2	HLA-DRB3	1	HLA-DRB3*02:02	HLA-DRB3*02:02		known_exact_cds
HG03704#1	HLA-DRB3	1	HLA-DRB3*01:01	HLA-DRB3*01:01		known_exact_cds
HG03710#2	HLA-DRB3	1	HLA-DRB3*02:02	HLA-DRB3*02:02		known_exact_cds
HG03784#1	HLA-DRB3	1	HLA-DRB3*02:02	HLA-DRB3*02:02		known_exact_cds
HG03784#2	HLA-DRB3	1	HLA-DRB3*02:02	HLA-DRB3*02:02		known_exact_cds
HG03874#1	HLA-DRB3	1	HLA-DRB3*02:02	HLA-DRB3*02:02		known_exact_genomic
HG03927#1	HLA-DRB3	1	HLA-DRB3*02:02	HLA-DRB3*02:02		known_exact_cds
HG04187#1	HLA-DRB3	1	HLA-DRB3*02:02	HLA-DRB3*02:02		known_exact_cds
HG04187#2	HLA-DRB3	1	HLA-DRB3*02:02	HLA-DRB3*02:02		known_exact_cds
NA18505#1	HLA-DRB3	1	HLA-DRB3*02:02	HLA-DRB3*02:02		known_exact_cds
NA18508#1	HLA-DRB3	1	HLA-DRB3*01:62	HLA-DRB3*01:62		known_exact_genomic
NA18508#2	HLA-DRB3	1	HLA-DRB3*02:02	HLA-DRB3*02:02		known_exact_cds
NA18522#1	HLA-DRB3	1	HLA-DRB3*01:01	HLA-DRB3*01:01		known_exact_genomic
NA18522#2	HLA-DRB3	1	HLA-DRB3*01:01	HLA-DRB3*01:01		known_exact_cds
NA18879#1	HLA-DRB3	1	HLA-DRB3*01:62	HLA-DRB3*01:62		known_exact_genomic
NA18879#2	HLA-DRB3	1	HLA-DRB3*01:01	HLA-DRB3*01:01		known_exact_cds
NA18906#1	HLA-DRB3	1	HLA-DRB3*02:02	HLA-DRB3*02:02		known_exact_cds
NA18906#2	HLA-DRB3	1	HLA-DRB3*01:01	HLA-DRB3*01:01		known_exact_cds
NA19036#1	HLA-DRB3	1	HLA-DRB3*01:01	HLA-DRB3*01:01		known_exact_cds
NA19036#2	HLA-DRB3	1	HLA-DRB3*02:02	HLA-DRB3*02:02		known_exact_cds
NA19043#1	HLA-DRB3	1	HLA-DRB3*02:02	HLA-DRB3*02:02		known_exact_cds
NA19043#2	HLA-DRB3	1	HLA-DRB3*02:02	HLA-DRB3*02:02		known_exact_cds
NA19159#1	HLA-DRB3	1	HLA-DRB3*01:01	HLA-DRB3*01:01		known_exact_cds
NA19185#1	HLA-DRB3	1	HLA-DRB3*01:01	HLA-DRB3*01:01		known_exact_cds
NA19185#2	HLA-DRB3	1	HLA-DRB3*01:62	HLA-DRB3*01:62		known_exact_genomic
NA19240#1	HLA-DRB3	1	HLA-DRB3*02:02	HLA-DRB3*02:02		known_exact_cds
NA19338#1	HLA-DRB3	1	HLA-DRB3*03:01	HLA-DRB3*03:01		known_exact_cds
NA19391#1	HLA-DRB3	1	HLA-DRB3*02:02	HLA-DRB3*02:02		known_exact_cds
NA19391#2	HLA-DRB3	1	HLA-DRB3*02:02	HLA-DRB3*02:02		known_exact_cds
NA19443#1	HLA-DRB3	1	HLA-DRB3*03:01	HLA-DRB3*03:01		known_exact_cds
NA19468#2	HLA-DRB3	1	HLA-DRB3*02:02	HLA-DRB3*02:02		known_exact_genomic
NA19682#1	HLA-DRB3	1	HLA-DRB3*01:01	HLA-DRB3*01:01		known_exact_cds
NA19682#2	HLA-DRB3	1	HLA-DRB3*03:01	HLA-DRB3*03:01		known_exact_cds
NA19700#1	HLA-DRB3	1	HLA-DRB3*02:02	HLA-DRB3*02:02		known_exact_cds
NA19776#2	HLA-DRB3	1	HLA-DRB3*01:01	HLA-DRB3*01:01		known_exact_cds
NA19835#2	HLA-DRB3	1	HLA-DRB3*02:02	HLA-DRB3*02:02		known_exact_cds
NA19909#1	HLA-DRB3	1	HLA-DRB3*01:62	HLA-DRB3*01:62		known_exact_genomic
NA19909#2	HLA-DRB3	1	HLA-DRB3*01:62	HLA-DRB3*01:62		known_exact_cds
NA20129#1	HLA-DRB3	1	HLA-DRB3*02:02	HLA-DRB3*02:02		known_exact_cds
NA20129#2	HLA-DRB3	1	HLA-DRB3*01:01	HLA-DRB3*01:01		known_exact_cds
NA20282#2	HLA-DRB3	1	HLA-DRB3*01:62	HLA-DRB3*01:62		known_exact_genomic
NA20346#1	HLA-DRB3	1	HLA-DRB3*02:02	HLA-DRB3*02:02		known_exact_cds
NA20346#2	HLA-DRB3	1	HLA-DRB3*03:01	HLA-DRB3*03:01		known_exact_cds
NA20503#2	HLA-DRB3	1	HLA-DRB3*02:02	HLA-DRB3*02:02		known_exact_cds
NA20762#2	HLA-DRB3	1	HLA-DRB3*02:24	HLA-DRB3*02:24		known_exact_genomic
NA20799#1	HLA-DRB3	1	HLA-DRB3*02:02	HLA-DRB3*02:02		known_exact_cds
NA20805#1	HLA-DRB3	1	HLA-DRB3*02:02	HLA-DRB3*02:02		known_exact_cds
NA20805#2	HLA-DRB3	1	HLA-DRB3*02:02	HLA-DRB3*02:02		known_exact_cds
NA20870#1	HLA-DRB3	1	HLA-DRB3*03:01	HLA-DRB3*03:01		known_exact_cds
NA20905#1	HLA-DRB3	1	HLA-DRB3*02:02	HLA-DRB3*02:02		known_exact_cds
NA21102#2	HLA-DRB3	1	HLA-DRB3*02:02	HLA-DRB3*02:02		known_exact_cds
NA21110#1	HLA-DRB3	1	HLA-DRB3*02:02	HLA-DRB3*02:02		known_exact_cds
NA21144#2	HLA-DRB3	1	HLA-DRB3*02:02	HLA-DRB3*02:02		known_exact_cds
NA21309#2	HLA-DRB3	1	HLA-DRB3*03:01	HLA-DRB3*03:01		known_exact_cds
NA18990#1	HLA-DRB3	1	HLA-DRB3*03:01	HLA-DRB3*03:01		known_exact_cds
NA19079#2	HLA-DRB3	1	HLA-DRB3*03:01	HLA-DRB3*03:01		known_exact_cds
NA19088#1	HLA-DRB3	1	HLA-DRB3*01:01	HLA-DRB3*01:01		known_exact_cds
ksa001#2	HLA-DRB3	1	HLA-DRB3*02:02	HLA-DRB3*02:02		known_exact_cds
ksa002#2	HLA-DRB3	1	HLA-DRB3*02:02	HLA-DRB3*02:02		known_exact_cds
ksa004#1	HLA-DRB3	1	HLA-DRB3*01:01	HLA-DRB3*01:01		known_exact_cds
ksa004#2	HLA-DRB3	1	HLA-DRB3*03:01	HLA-DRB3*03:01		known_exact_cds
ksa005#1	HLA-DRB3	1	HLA-DRB3*01:01	HLA-DRB3*01:01		known_exact_cds
ksa007#1	HLA-DRB3	1	HLA-DRB3*01:01	HLA-DRB3*01:01		known_exact_cds
ksa008#2	HLA-DRB3	1	HLA-DRB3*02:02	HLA-DRB3*02:02		known_exact_cds
ksa009#2	HLA-DRB3	1	HLA-DRB3*02:02	HLA-DRB3*02:02		known_exact_cds
KOREF1#2	HLA-DRB3	1	HLA-DRB3*03:01	HLA-DRB3*03:01		known_exact_cds
KOREF2#1	HLA-DRB3	1	HLA-DRB3*03:01	HLA-DRB3*03:01		known_exact_cds
KOREF2#2	HLA-DRB3	1	HLA-DRB3*02:02	HLA-DRB3*02:02		known_exact_cds
KPanRef-073#2	HLA-DRB3	1	HLA-DRB3*02:02	HLA-DRB3*02:02		known_exact_cds
KPanRef-074#1	HLA-DRB3	1	HLA-DRB3*02:02	HLA-DRB3*02:02		known_exact_cds
KPanRef-078#1	HLA-DRB3	1	HLA-DRB3*02:02	HLA-DRB3*02:02		known_exact_cds
KPanRef-078#2	HLA-DRB3	1	HLA-DRB3*02:02	HLA-DRB3*02:02		known_exact_cds
KPanRef-079#2	HLA-DRB3	1	HLA-DRB3*01:01	HLA-DRB3*01:01		known_exact_cds
apr002#1	HLA-DRB4	1	HLA-DRB4*01:03	HLA-DRB4*01:03		known_exact_cds
apr003#1	HLA-DRB4	1	HLA-DRB4*01:03	HLA-DRB4*01:03		known_exact_cds
apr009#1	HLA-DRB4	1	HLA-DRB4*01:03	HLA-DRB4*01:03		known_exact_cds
apr010#1	HLA-DRB4	0				unresolved_no_exact_match
apr019#1	HLA-DRB4	1	HLA-DRB4*01:03	HLA-DRB4*01:03		known_exact_cds
apr025#2	HLA-DRB4	1	HLA-DRB4*01:01	HLA-DRB4*01:01		known_exact_cds
apr026#1	HLA-DRB4	1	HLA-DRB4*01:03	HLA-DRB4*01:03		known_exact_cds
apr026#2	HLA-DRB4	1	HLA-DRB4*01:03	HLA-DRB4*01:03		known_exact_cds
apr027#1	HLA-DRB4	1	HLA-DRB4*01:03	HLA-DRB4*01:03		known_exact_cds
apr029#1	HLA-DRB4	1	HLA-DRB4*01:03	HLA-DRB4*01:03		known_exact_cds
apr032#1	HLA-DRB4	1	HLA-DRB4*01:01	HLA-DRB4*01:01		known_exact_cds
apr032#2	HLA-DRB4	1	HLA-DRB4*01:03	HLA-DRB4*01:03		known_exact_cds
apr043#2	HLA-DRB4	1	HLA-DRB4*01:03	HLA-DRB4*01:03		known_exact_cds
apr045#2	HLA-DRB4	1	HLA-DRB4*01:03	HLA-DRB4*01:03		known_exact_cds
apr047#1	HLA-DRB4	1	HLA-DRB4*01:03	HLA-DRB4*01:03		known_exact_cds
apr050#1	HLA-DRB4	1	HLA-DRB4*01:03	HLA-DRB4*01:03		known_exact_cds
apr52#1	HLA-DRB4	0		HLA-DRB4*01:03	annotation:partial_CDS;incomplete_codon;internal_stop	known_exact_genomic
apr52#2	HLA-DRB4	1	HLA-DRB4*01:03	HLA-DRB4*01:03		known_exact_cds
HIFI032018D#2	HLA-DRB4	0			annotation:partial_CDS;no_start;incomplete_codon;internal_stop	unresolved_incomplete_or_abnormal_cds
HIFI032103D#2	HLA-DRB4	1	HLA-DRB4*01:03	HLA-DRB4*01:03		known_exact_cds
HIFI032289D#1	HLA-DRB4	1	HLA-DRB4*01:03	HLA-DRB4*01:03		known_exact_cds
HIFI032289D#2	HLA-DRB4	1	HLA-DRB4*01:03	HLA-DRB4*01:03		known_exact_genomic
HIFI032306D#2	HLA-DRB4	1	HLA-DRB4*01:03	HLA-DRB4*01:03		known_exact_genomic
HIFI032335D#1	HLA-DRB4	1	HLA-DRB4*01:03	HLA-DRB4*01:03		known_exact_cds
HIFI032349D#1	HLA-DRB4	1	HLA-DRB4*01:03	HLA-DRB4*01:03		known_exact_cds
HIFI032420D#1	HLA-DRB4	1	HLA-DRB4*01:03	HLA-DRB4*01:03		known_exact_cds
HIFI032420D#2	HLA-DRB4	0		HLA-DRB4*01:03	annotation:partial_CDS;incomplete_codon;internal_stop	known_exact_cds
HIFI032462D#1	HLA-DRB4	1	HLA-DRB4*01:03	HLA-DRB4*01:03		known_exact_cds
HIFI032473D#1	HLA-DRB4	1	HLA-DRB4*01:03	HLA-DRB4*01:03		known_exact_cds
HIFI032501D#1	HLA-DRB4	0			annotation:partial_CDS;no_start;incomplete_codon;internal_stop	unresolved_incomplete_or_abnormal_cds
HIFI032513D#1	HLA-DRB4	1	HLA-DRB4*01:03	HLA-DRB4*01:03		known_exact_cds
HIFI032567D#2	HLA-DRB4	0			annotation:partial_CDS;no_start;incomplete_codon;internal_stop	unresolved_incomplete_or_abnormal_cds
HIFI032586D#1	HLA-DRB4	1	HLA-DRB4*01:03	HLA-DRB4*01:03		known_exact_cds
HIFI032591D#1	HLA-DRB4	1	HLA-DRB4*01:03	HLA-DRB4*01:03		known_exact_cds
HIFI032604D#1	HLA-DRB4	1	HLA-DRB4*01:03	HLA-DRB4*01:03		known_exact_cds
HIFI032607D#1	HLA-DRB4	1	HLA-DRB4*01:03	HLA-DRB4*01:03		known_exact_cds
HIFI032668D#1	HLA-DRB4	1	HLA-DRB4*01:03	HLA-DRB4*01:03		known_exact_cds
HIFI032692D#2	HLA-DRB4	0			annotation:partial_CDS;no_start;incomplete_codon;internal_stop	unresolved_incomplete_or_abnormal_cds
RY01#2	HLA-DRB4	1	HLA-DRB4*01:03	HLA-DRB4*01:03		known_exact_cds
RY03#1	HLA-DRB4	1	HLA-DRB4*01:03	HLA-DRB4*01:03		known_exact_cds
RY07#2	HLA-DRB4	1	HLA-DRB4*01:03	HLA-DRB4*01:03		known_exact_cds
RY08#2	HLA-DRB4	0				unresolved_no_exact_match
RY09#1	HLA-DRB4	1	HLA-DRB4*01:03	HLA-DRB4*01:03		known_exact_cds
RY09#2	HLA-DRB4	1	HLA-DRB4*01:03	HLA-DRB4*01:03		known_exact_cds
RY10#2	HLA-DRB4	1	HLA-DRB4*01:03	HLA-DRB4*01:03		known_exact_cds
RY11#1	HLA-DRB4	1	HLA-DRB4*01:03	HLA-DRB4*01:03		known_exact_cds
RY11#2	HLA-DRB4	1	HLA-DRB4*01:03	HLA-DRB4*01:03		known_exact_cds
HG00423#1	HLA-DRB4	1	HLA-DRB4*01:03	HLA-DRB4*01:03		known_exact_cds
HG00438#2	HLA-DRB4	1	HLA-DRB4*01:03	HLA-DRB4*01:03		known_exact_cds
HG005#1	HLA-DRB4	1	HLA-DRB4*01:03	HLA-DRB4*01:03		known_exact_cds
HG005#2	HLA-DRB4	1	HLA-DRB4*01:03	HLA-DRB4*01:03		known_exact_cds
HG00544#1	HLA-DRB4	1	HLA-DRB4*01:03	HLA-DRB4*01:03		known_exact_cds
HG00544#2	HLA-DRB4	1	HLA-DRB4*01:03	HLA-DRB4*01:03		known_exact_cds
HG00558#1	HLA-DRB4	1	HLA-DRB4*01:03	HLA-DRB4*01:03		known_exact_cds
HG00609#2	HLA-DRB4	1	HLA-DRB4*01:03	HLA-DRB4*01:03		known_exact_cds
HG00621#1	HLA-DRB4	1	HLA-DRB4*01:03	HLA-DRB4*01:03		known_exact_cds
HG02015#2	HLA-DRB4	1	HLA-DRB4*01:03	HLA-DRB4*01:03		known_exact_genomic
HG02040#2	HLA-DRB4	1	HLA-DRB4*01:03	HLA-DRB4*01:03		known_exact_cds
HG02074#2	HLA-DRB4	1	HLA-DRB4*01:03	HLA-DRB4*01:03		known_exact_cds
HG02080#2	HLA-DRB4	0		HLA-DRB4*01:03	annotation:partial_CDS;incomplete_codon;internal_stop	known_exact_genomic
HG02083#2	HLA-DRB4	1	HLA-DRB4*01:03	HLA-DRB4*01:03		known_exact_cds
HG02132#1	HLA-DRB4	1	HLA-DRB4*01:03	HLA-DRB4*01:03		known_exact_cds
HG02132#2	HLA-DRB4	1	HLA-DRB4*01:03	HLA-DRB4*01:03		known_exact_cds
HG02135#2	HLA-DRB4	1	HLA-DRB4*01:03	HLA-DRB4*01:03		known_exact_cds
HG02178#1	HLA-DRB4	1	HLA-DRB4*01:03	HLA-DRB4*01:03		known_exact_cds
HG02514#1	HLA-DRB4	1	HLA-DRB4*01:03	HLA-DRB4*01:03		known_exact_cds
HG02523#2	HLA-DRB4	1	HLA-DRB4*01:03	HLA-DRB4*01:03		known_exact_cds
NA18565#1	HLA-DRB4	1	HLA-DRB4*01:03	HLA-DRB4*01:03		known_exact_cds
NA18570#2	HLA-DRB4	1	HLA-DRB4*01:03	HLA-DRB4*01:03		known_exact_genomic
NA18945#2	HLA-DRB4	1	HLA-DRB4*01:03	HLA-DRB4*01:03		known_exact_cds
NA18948#1	HLA-DRB4	1	HLA-DRB4*01:03	HLA-DRB4*01:03		known_exact_cds
NA18952#2	HLA-DRB4	1	HLA-DRB4*01:03	HLA-DRB4*01:03		known_exact_cds
NA18960#1	HLA-DRB4	1	HLA-DRB4*01:03	HLA-DRB4*01:03		known_exact_cds
NA18960#2	HLA-DRB4	1	HLA-DRB4*01:03	HLA-DRB4*01:03		known_exact_cds
NA18967#2	HLA-DRB4	1	HLA-DRB4*01:03	HLA-DRB4*01:03		known_exact_cds
NA18970#2	HLA-DRB4	1	HLA-DRB4*01:02	HLA-DRB4*01:02		known_exact_genomic
NA18971#1	HLA-DRB4	1	HLA-DRB4*01:03	HLA-DRB4*01:03		known_exact_cds
NA18974#1	HLA-DRB4	1	HLA-DRB4*01:03	HLA-DRB4*01:03		known_exact_cds
NA18983#2	HLA-DRB4	1	HLA-DRB4*01:03	HLA-DRB4*01:03		known_exact_genomic
NA19087#1	HLA-DRB4	1	HLA-DRB4*01:03	HLA-DRB4*01:03		known_exact_cds
hg002#1	HLA-DRB4	1	HLA-DRB4*01:03	HLA-DRB4*01:03		known_exact_genomic
HG00126#2	HLA-DRB4	1	HLA-DRB4*01:01	HLA-DRB4*01:01		known_exact_cds
HG00133#2	HLA-DRB4	1	HLA-DRB4*01:03	HLA-DRB4*01:03		known_exact_genomic
HG00235#1	HLA-DRB4	1	HLA-DRB4*01:03	HLA-DRB4*01:03		known_exact_genomic
HG00235#2	HLA-DRB4	1	HLA-DRB4*01:03	HLA-DRB4*01:03		known_exact_cds
HG00350#2	HLA-DRB4	1	HLA-DRB4*01:03	HLA-DRB4*01:03		known_exact_cds
HG00639#1	HLA-DRB4	1	HLA-DRB4*01:03	HLA-DRB4*01:03		known_exact_genomic
HG00639#2	HLA-DRB4	1	HLA-DRB4*01:03	HLA-DRB4*01:03		known_exact_cds
HG00735#2	HLA-DRB4	1	HLA-DRB4*01:03	HLA-DRB4*01:03		known_exact_genomic
HG01071#1	HLA-DRB4	1	HLA-DRB4*01:01	HLA-DRB4*01:01		known_exact_cds
HG01074#2	HLA-DRB4	1	HLA-DRB4*01:01	HLA-DRB4*01:01		known_exact_cds
HG01099#1	HLA-DRB4	1	HLA-DRB4*01:01	HLA-DRB4*01:01		known_exact_cds
HG01099#2	HLA-DRB4	1	HLA-DRB4*01:01	HLA-DRB4*01:01		known_exact_cds
HG01123#1	HLA-DRB4	1	HLA-DRB4*01:03	HLA-DRB4*01:03		known_exact_cds
HG01167#1	HLA-DRB4	1	HLA-DRB4*01:03	HLA-DRB4*01:03		known_exact_genomic
HG01252#1	HLA-DRB4	1	HLA-DRB4*01:03	HLA-DRB4*01:03		known_exact_cds
HG01252#2	HLA-DRB4	1	HLA-DRB4*01:03	HLA-DRB4*01:03		known_exact_cds
HG01261#1	HLA-DRB4	1	HLA-DRB4*01:03	HLA-DRB4*01:03		known_exact_cds
HG01358#1	HLA-DRB4	1	HLA-DRB4*01:03	HLA-DRB4*01:03		known_exact_cds
HG01361#2	HLA-DRB4	1	HLA-DRB4*01:01	HLA-DRB4*01:01		known_exact_cds
HG01433#1	HLA-DRB4	1	HLA-DRB4*01:03	HLA-DRB4*01:03		known_exact_genomic
HG01433#2	HLA-DRB4	1	HLA-DRB4*01:01	HLA-DRB4*01:01		known_exact_cds
HG01496#2	HLA-DRB4	1	HLA-DRB4*01:03	HLA-DRB4*01:03		known_exact_cds
HG01530#2	HLA-DRB4	1	HLA-DRB4*01:01	HLA-DRB4*01:01		known_exact_cds
HG01784#1	HLA-DRB4	1	HLA-DRB4*01:03	HLA-DRB4*01:03		known_exact_cds
HG01784#2	HLA-DRB4	1	HLA-DRB4*01:03	HLA-DRB4*01:03		known_exact_genomic
HG01928#1	HLA-DRB4	1	HLA-DRB4*01:03	HLA-DRB4*01:03		known_exact_genomic
HG01928#2	HLA-DRB4	1	HLA-DRB4*01:03	HLA-DRB4*01:03		known_exact_cds
HG01934#2	HLA-DRB4	1	HLA-DRB4*01:03	HLA-DRB4*01:03		known_exact_cds
HG01943#1	HLA-DRB4	1	HLA-DRB4*01:03	HLA-DRB4*01:03		known_exact_cds
HG01943#2	HLA-DRB4	1	HLA-DRB4*01:03	HLA-DRB4*01:03		known_exact_cds
HG01952#2	HLA-DRB4	1	HLA-DRB4*01:03	HLA-DRB4*01:03		known_exact_cds
HG01960#1	HLA-DRB4	1	HLA-DRB4*01:03	HLA-DRB4*01:03		known_exact_cds
HG01969#1	HLA-DRB4	1	HLA-DRB4*01:01	HLA-DRB4*01:01		known_exact_cds
HG01975#1	HLA-DRB4	1	HLA-DRB4*01:03	HLA-DRB4*01:03		known_exact_genomic
HG01975#2	HLA-DRB4	1	HLA-DRB4*01:03	HLA-DRB4*01:03		known_exact_cds
HG01978#2	HLA-DRB4	1	HLA-DRB4*01:03	HLA-DRB4*01:03		known_exact_cds
HG01981#1	HLA-DRB4	1	HLA-DRB4*01:03	HLA-DRB4*01:03		known_exact_genomic
HG01981#2	HLA-DRB4	1	HLA-DRB4*01:03	HLA-DRB4*01:03		known_exact_genomic
HG02004#1	HLA-DRB4	1	HLA-DRB4*01:03	HLA-DRB4*01:03		known_exact_genomic
HG02004#2	HLA-DRB4	1	HLA-DRB4*01:03	HLA-DRB4*01:03		known_exact_cds
HG02273#1	HLA-DRB4	1	HLA-DRB4*01:03	HLA-DRB4*01:03		known_exact_cds
HG02293#1	HLA-DRB4	1	HLA-DRB4*01:03	HLA-DRB4*01:03		known_exact_genomic
HG02293#2	HLA-DRB4	1	HLA-DRB4*01:03	HLA-DRB4*01:03		known_exact_cds
HG02300#1	HLA-DRB4	1	HLA-DRB4*01:03	HLA-DRB4*01:03		known_exact_genomic
HG02300#2	HLA-DRB4	1	HLA-DRB4*01:03	HLA-DRB4*01:03		known_exact_cds
HG02559#1	HLA-DRB4	1	HLA-DRB4*01:03	HLA-DRB4*01:03		known_exact_cds
HG02602#1	HLA-DRB4	0		HLA-DRB4*01:03	annotation:partial_CDS;incomplete_codon;internal_stop	known_exact_genomic
HG02622#1	HLA-DRB4	1	HLA-DRB4*01:03	HLA-DRB4*01:03		known_exact_cds
HG02622#2	HLA-DRB4	1	HLA-DRB4*01:01	HLA-DRB4*01:01		known_exact_cds
HG02630#1	HLA-DRB4	1	HLA-DRB4*01:01	HLA-DRB4*01:01		known_exact_cds
HG02630#2	HLA-DRB4	1	HLA-DRB4*01:01	HLA-DRB4*01:01		known_exact_cds
HG02647#2	HLA-DRB4	1	HLA-DRB4*01:01	HLA-DRB4*01:01		known_exact_cds
HG02717#2	HLA-DRB4	1	HLA-DRB4*01:01	HLA-DRB4*01:01		known_exact_cds
HG02723#2	HLA-DRB4	1	HLA-DRB4*01:03	HLA-DRB4*01:03		known_exact_cds
HG02735#1	HLA-DRB4	1	HLA-DRB4*01:03	HLA-DRB4*01:03		known_exact_cds
HG02809#2	HLA-DRB4	1	HLA-DRB4*01:03	HLA-DRB4*01:03		known_exact_cds
HG02841#2	HLA-DRB4	1	HLA-DRB4*01:03	HLA-DRB4*01:03		known_exact_cds
HG02886#2	HLA-DRB4	1	HLA-DRB4*01:01	HLA-DRB4*01:01		known_exact_genomic
HG03050#1	HLA-DRB4	1	HLA-DRB4*01:01	HLA-DRB4*01:01		known_exact_genomic
HG03098#1	HLA-DRB4	1	HLA-DRB4*01:01	HLA-DRB4*01:01		known_exact_cds
HG03098#2	HLA-DRB4	1	HLA-DRB4*01:03	HLA-DRB4*01:03		known_exact_cds
HG03209#1	HLA-DRB4	1	HLA-DRB4*01:03	HLA-DRB4*01:03		known_exact_cds
HG03239#1	HLA-DRB4	1	HLA-DRB4*01:03	HLA-DRB4*01:03		known_exact_genomic
HG03239#2	HLA-DRB4	1	HLA-DRB4*01:03	HLA-DRB4*01:03		known_exact_cds
HG03453#1	HLA-DRB4	1	HLA-DRB4*01:01	HLA-DRB4*01:01		known_exact_genomic
HG03470#1	HLA-DRB4	1	HLA-DRB4*01:01	HLA-DRB4*01:01		known_exact_cds
HG03471#1	HLA-DRB4	1	HLA-DRB4*01:03	HLA-DRB4*01:03		known_exact_cds
HG03583#1	HLA-DRB4	1	HLA-DRB4*01:01	HLA-DRB4*01:01		known_exact_genomic
HG03669#2	HLA-DRB4	1	HLA-DRB4*01:03	HLA-DRB4*01:03		known_exact_cds
HG03688#1	HLA-DRB4	1	HLA-DRB4*01:03	HLA-DRB4*01:03		known_exact_genomic
HG03704#2	HLA-DRB4	0		HLA-DRB4*01:03	annotation:partial_CDS;incomplete_codon;internal_stop	known_exact_genomic
HG03710#1	HLA-DRB4	1	HLA-DRB4*01:03	HLA-DRB4*01:03		known_exact_cds
HG03742#1	HLA-DRB4	1	HLA-DRB4*01:03	HLA-DRB4*01:03		known_exact_cds
HG03816#1	HLA-DRB4	1	HLA-DRB4*01:03	HLA-DRB4*01:03		known_exact_cds
HG03834#1	HLA-DRB4	1	HLA-DRB4*01:03	HLA-DRB4*01:03		known_exact_cds
HG03874#2	HLA-DRB4	0		HLA-DRB4*01:03	annotation:partial_CDS;incomplete_codon;internal_stop	known_exact_genomic
HG03927#2	HLA-DRB4	0		HLA-DRB4*01:03	annotation:partial_CDS;incomplete_codon;internal_stop	known_exact_genomic
HG04115#2	HLA-DRB4	0		HLA-DRB4*01:03	annotation:partial_CDS;incomplete_codon;internal_stop	known_exact_genomic
HG04157#1	HLA-DRB4	1	HLA-DRB4*01:03	HLA-DRB4*01:03		known_exact_cds
HG04184#1	HLA-DRB4	0		HLA-DRB4*01:03	annotation:partial_CDS;incomplete_codon;internal_stop	known_exact_genomic
HG04184#2	HLA-DRB4	1	HLA-DRB4*01:03	HLA-DRB4*01:03		known_exact_cds
HG04199#1	HLA-DRB4	1	HLA-DRB4*01:03	HLA-DRB4*01:03		known_exact_genomic
HG04204#2	HLA-DRB4	1	HLA-DRB4*01:03	HLA-DRB4*01:03		known_exact_cds
NA19159#2	HLA-DRB4	1	HLA-DRB4*01:03	HLA-DRB4*01:03		known_exact_cds
NA19700#2	HLA-DRB4	1	HLA-DRB4*01:01	HLA-DRB4*01:01		known_exact_cds
NA19776#1	HLA-DRB4	1	HLA-DRB4*01:03	HLA-DRB4*01:03		known_exact_cds
NA20752#2	HLA-DRB4	1	HLA-DRB4*01:03	HLA-DRB4*01:03		known_exact_cds
NA20809#1	HLA-DRB4	1	HLA-DRB4*01:03	HLA-DRB4*01:03		known_exact_genomic
NA20827#1	HLA-DRB4	1	HLA-DRB4*01:03	HLA-DRB4*01:03		known_exact_cds
NA20827#2	HLA-DRB4	1	HLA-DRB4*01:03	HLA-DRB4*01:03		known_exact_cds
NA20850#1	HLA-DRB4	0		HLA-DRB4*01:03	annotation:partial_CDS;incomplete_codon;internal_stop	known_exact_genomic
NA21093#1	HLA-DRB4	0		HLA-DRB4*01:03	annotation:partial_CDS;incomplete_codon;internal_stop	known_exact_genomic
NA21144#1	HLA-DRB4	0		HLA-DRB4*01:03	annotation:partial_CDS;incomplete_codon;internal_stop	known_exact_genomic
NA18990#2	HLA-DRB4	1	HLA-DRB4*01:03	HLA-DRB4*01:03		known_exact_cds
NA19007#1	HLA-DRB4	1	HLA-DRB4*01:03	HLA-DRB4*01:03		known_exact_cds
NA19066#2	HLA-DRB4	1	HLA-DRB4*01:03	HLA-DRB4*01:03		known_exact_cds
NA19079#1	HLA-DRB4	1	HLA-DRB4*01:03	HLA-DRB4*01:03		known_exact_genomic
NA19088#2	HLA-DRB4	1	HLA-DRB4*01:03	HLA-DRB4*01:03		known_exact_genomic
ksa001#1	HLA-DRB4	1	HLA-DRB4*01:03	HLA-DRB4*01:03		known_exact_cds
ksa003#1	HLA-DRB4	1	HLA-DRB4*01:03	HLA-DRB4*01:03		known_exact_cds
ksa003#2	HLA-DRB4	1	HLA-DRB4*01:03	HLA-DRB4*01:03		known_exact_cds
ksa005#2	HLA-DRB4	1	HLA-DRB4*01:03	HLA-DRB4*01:03		known_exact_cds
ksa006#1	HLA-DRB4	1	HLA-DRB4*01:03	HLA-DRB4*01:03		known_exact_cds
ksa006#2	HLA-DRB4	1	HLA-DRB4*01:03	HLA-DRB4*01:03		known_exact_cds
ksa008#1	HLA-DRB4	1	HLA-DRB4*01:03	HLA-DRB4*01:03		known_exact_cds
ksa009#1	HLA-DRB4	1	HLA-DRB4*01:03	HLA-DRB4*01:03		known_exact_cds
KOREF1#1	HLA-DRB4	1	HLA-DRB4*01:03	HLA-DRB4*01:03		known_exact_cds
KPanRef-072#1	HLA-DRB4	1	HLA-DRB4*01:03	HLA-DRB4*01:03		known_exact_cds
KPanRef-072#2	HLA-DRB4	1	HLA-DRB4*01:03	HLA-DRB4*01:03		known_exact_cds
KPanRef-074#2	HLA-DRB4	1	HLA-DRB4*01:03	HLA-DRB4*01:03		known_exact_cds
KPanRef-076#2	HLA-DRB4	1	HLA-DRB4*01:03	HLA-DRB4*01:03		known_exact_cds
KPanRef-076-M#1	HLA-DRB4	1	HLA-DRB4*01:03	HLA-DRB4*01:03		known_exact_cds
KPanRef-076-M#2	HLA-DRB4	1	HLA-DRB4*01:03	HLA-DRB4*01:03		known_exact_genomic
KPanRef-077#1	HLA-DRB4	1	HLA-DRB4*01:03	HLA-DRB4*01:03		known_exact_cds
KPanRef-079#1	HLA-DRB4	1	HLA-DRB4*01:03	HLA-DRB4*01:03		known_exact_cds
KPanRef-080#1	HLA-DRB4	1	HLA-DRB4*01:03	HLA-DRB4*01:03		known_exact_cds
KPanRef-080#2	HLA-DRB4	1	HLA-DRB4*01:03	HLA-DRB4*01:03		known_exact_cds
apr-f#1	HLA-DRB5	1	HLA-DRB5*01:02	HLA-DRB5*01:02		known_exact_cds
apr-f#2	HLA-DRB5	1	HLA-DRB5*01:01	HLA-DRB5*01:01		known_exact_cds
apr-s#2	HLA-DRB5	1	HLA-DRB5*01:02	HLA-DRB5*01:02		known_exact_cds
apr001#1	HLA-DRB5	1	HLA-DRB5*02:02	HLA-DRB5*02:02		known_exact_cds
apr003#2	HLA-DRB5	1	HLA-DRB5*02:02	HLA-DRB5*02:02		known_exact_cds
apr004#1	HLA-DRB5	1	HLA-DRB5*01:01	HLA-DRB5*01:01		known_exact_genomic
apr006#2	HLA-DRB5	1	HLA-DRB5*01:01	HLA-DRB5*01:01		known_exact_cds
apr007#1	HLA-DRB5	1	HLA-DRB5*01:01	HLA-DRB5*01:01		known_exact_genomic
apr007#2	HLA-DRB5	1	HLA-DRB5*01:01	HLA-DRB5*01:01		known_exact_cds
apr009#2	HLA-DRB5	0				unresolved_no_exact_match
apr010#2	HLA-DRB5	1	HLA-DRB5*01:01	HLA-DRB5*01:01		known_exact_cds
apr013#1	HLA-DRB5	1	HLA-DRB5*01:02	HLA-DRB5*01:02		known_exact_cds
apr013#2	HLA-DRB5	1	HLA-DRB5*01:02	HLA-DRB5*01:02		known_exact_cds
apr016#1	HLA-DRB5	1	HLA-DRB5*02:02	HLA-DRB5*02:02		known_exact_cds
apr020#1	HLA-DRB5	1	HLA-DRB5*02:02	HLA-DRB5*02:02		known_exact_cds
apr022#1	HLA-DRB5	1	HLA-DRB5*02:02	HLA-DRB5*02:02		known_exact_cds
apr023#1	HLA-DRB5	1	HLA-DRB5*01:01	HLA-DRB5*01:01		known_exact_cds
apr024#1	HLA-DRB5	1	HLA-DRB5*01:01	HLA-DRB5*01:01		known_exact_cds
apr024#2	HLA-DRB5	1	HLA-DRB5*02:02	HLA-DRB5*02:02		known_exact_cds
apr031#2	HLA-DRB5	1	HLA-DRB5*02:02	HLA-DRB5*02:02		known_exact_cds
apr037#2	HLA-DRB5	1	HLA-DRB5*01:01	HLA-DRB5*01:01		known_exact_cds
apr039#1	HLA-DRB5	1	HLA-DRB5*02:02	HLA-DRB5*02:02		known_exact_cds
apr040#1	HLA-DRB5	1	HLA-DRB5*01:01	HLA-DRB5*01:01		known_exact_cds
apr040#2	HLA-DRB5	1	HLA-DRB5*01:01	HLA-DRB5*01:01		known_exact_cds
apr041#2	HLA-DRB5	1	HLA-DRB5*01:01	HLA-DRB5*01:01		known_exact_genomic
apr044#1	HLA-DRB5	1	HLA-DRB5*01:02	HLA-DRB5*01:02		known_exact_cds
apr047#2	HLA-DRB5	1	HLA-DRB5*01:02	HLA-DRB5*01:02		known_exact_cds
apr048#1	HLA-DRB5	1	HLA-DRB5*01:02	HLA-DRB5*01:02		known_exact_cds
apr048#2	HLA-DRB5	1	HLA-DRB5*02:02	HLA-DRB5*02:02		known_exact_cds
apr049#1	HLA-DRB5	1	HLA-DRB5*02:02	HLA-DRB5*02:02		known_exact_cds
apr049#2	HLA-DRB5	1	HLA-DRB5*02:02	HLA-DRB5*02:02		known_exact_cds
apr051#1	HLA-DRB5	1	HLA-DRB5*01:01	HLA-DRB5*01:01		known_exact_genomic
HIFI032069D#2	HLA-DRB5	1	HLA-DRB5*01:03	HLA-DRB5*01:03		known_exact_cds
HIFI032097D#2	HLA-DRB5	1	HLA-DRB5*01:01	HLA-DRB5*01:01		known_exact_genomic
HIFI032182D#1	HLA-DRB5	1	HLA-DRB5*01:01	HLA-DRB5*01:01		known_exact_cds
HIFI032182D#2	HLA-DRB5	1	HLA-DRB5*01:01	HLA-DRB5*01:01		known_exact_cds
HIFI032306D#1	HLA-DRB5	0				unresolved_no_exact_match
HIFI032373D#2	HLA-DRB5	1	HLA-DRB5*01:01	HLA-DRB5*01:01		known_exact_cds
HIFI032429D#1	HLA-DRB5	1	HLA-DRB5*01:03	HLA-DRB5*01:03		known_exact_cds
HIFI032450D#2	HLA-DRB5	1	HLA-DRB5*01:01	HLA-DRB5*01:01		known_exact_cds
HIFI032473D#2	HLA-DRB5	0				unresolved_no_exact_match
HIFI032510D#1	HLA-DRB5	1	HLA-DRB5*01:01	HLA-DRB5*01:01		known_exact_cds
HIFI032513D#2	HLA-DRB5	0				unresolved_no_exact_match
HIFI032529D#1	HLA-DRB5	1	HLA-DRB5*01:03	HLA-DRB5*01:03		known_exact_cds
HIFI032529D#2	HLA-DRB5	1	HLA-DRB5*01:01	HLA-DRB5*01:01		known_exact_cds
HIFI032585D#2	HLA-DRB5	0				unresolved_no_exact_match
HIFI032668D#2	HLA-DRB5	1	HLA-DRB5*01:01	HLA-DRB5*01:01		known_exact_cds
HIFI032731D#1	HLA-DRB5	1	HLA-DRB5*01:01	HLA-DRB5*01:01		known_exact_cds
RY02#2	HLA-DRB5	1	HLA-DRB5*01:02	HLA-DRB5*01:02		known_exact_cds
RY06#2	HLA-DRB5	1	HLA-DRB5*01:01	HLA-DRB5*01:01		known_exact_cds
RY08#1	HLA-DRB5	0		HLA-DRB5*02:03		unresolved_no_exact_match
RY10#1	HLA-DRB5	1	HLA-DRB5*01:02	HLA-DRB5*01:02		known_exact_cds
HG00408#2	HLA-DRB5	1	HLA-DRB5*01:01	HLA-DRB5*01:01		known_exact_cds
HG00609#1	HLA-DRB5	1	HLA-DRB5*01:01	HLA-DRB5*01:01		known_exact_cds
HG00706#1	HLA-DRB5	1	HLA-DRB5*01:01	HLA-DRB5*01:01		known_exact_cds
HG00706#2	HLA-DRB5	1	HLA-DRB5*01:01	HLA-DRB5*01:01		known_exact_cds
HG02015#1	HLA-DRB5	1	HLA-DRB5*01:01	HLA-DRB5*01:01		known_exact_cds
HG02129#2	HLA-DRB5	1	HLA-DRB5*01:02	HLA-DRB5*01:02		known_exact_cds
HG02135#1	HLA-DRB5	1	HLA-DRB5*01:01	HLA-DRB5*01:01		known_exact_cds
HG02155#1	HLA-DRB5	1	HLA-DRB5*01:01	HLA-DRB5*01:01		known_exact_genomic
HG02155#2	HLA-DRB5	1	HLA-DRB5*01:01	HLA-DRB5*01:01		known_exact_cds
HG02178#2	HLA-DRB5	0		HLA-DRB5*01:08	annotation:partial_CDS;incomplete_codon;internal_stop	known_exact_cds
HG02391#1	HLA-DRB5	1	HLA-DRB5*01:01	HLA-DRB5*01:01		known_exact_cds
HG02391#2	HLA-DRB5	1	HLA-DRB5*01:01	HLA-DRB5*01:01		known_exact_cds
HG02392#1	HLA-DRB5	0		HLA-DRB5*01:08	annotation:partial_CDS;incomplete_codon;internal_stop	known_exact_cds
HG02392#2	HLA-DRB5	1	HLA-DRB5*01:01	HLA-DRB5*01:01		known_exact_cds
NA18747#2	HLA-DRB5	1	HLA-DRB5*01:01	HLA-DRB5*01:01		known_exact_cds
NA18940#1	HLA-DRB5	1	HLA-DRB5*01:02	HLA-DRB5*01:02		known_exact_cds
NA18959#1	HLA-DRB5	1	HLA-DRB5*01:02	HLA-DRB5*01:02		known_exact_cds
NA18959#2	HLA-DRB5	1	HLA-DRB5*01:01	HLA-DRB5*01:01		known_exact_cds
NA18974#2	HLA-DRB5	1	HLA-DRB5*01:01	HLA-DRB5*01:01		known_exact_cds
NA18982#1	HLA-DRB5	1	HLA-DRB5*01:02	HLA-DRB5*01:02		known_exact_cds
NA18982#2	HLA-DRB5	1	HLA-DRB5*01:01	HLA-DRB5*01:01		known_exact_cds
HG00097#1	HLA-DRB5	1	HLA-DRB5*01:01	HLA-DRB5*01:01		known_exact_genomic
HG00232#1	HLA-DRB5	1	HLA-DRB5*01:01	HLA-DRB5*01:01		known_exact_genomic
HG00253#2	HLA-DRB5	1	HLA-DRB5*01:01	HLA-DRB5*01:01		known_exact_cds
HG00321#1	HLA-DRB5	1	HLA-DRB5*01:01	HLA-DRB5*01:01		known_exact_genomic
HG00323#2	HLA-DRB5	1	HLA-DRB5*01:01	HLA-DRB5*01:01		known_exact_cds
HG00344#1	HLA-DRB5	1	HLA-DRB5*01:01	HLA-DRB5*01:01		known_exact_cds
HG00344#2	HLA-DRB5	1	HLA-DRB5*01:01	HLA-DRB5*01:01		known_exact_genomic
HG01074#1	HLA-DRB5	1	HLA-DRB5*01:01	HLA-DRB5*01:01		known_exact_genomic
HG01150#1	HLA-DRB5	1	HLA-DRB5*01:01	HLA-DRB5*01:01		known_exact_cds
HG01167#2	HLA-DRB5	1	HLA-DRB5*01:01	HLA-DRB5*01:01		known_exact_genomic
HG01175#1	HLA-DRB5	1	HLA-DRB5*01:01	HLA-DRB5*01:01		known_exact_genomic
HG01255#2	HLA-DRB5	1	HLA-DRB5*01:01	HLA-DRB5*01:01		known_exact_cds
HG01891#1	HLA-DRB5	1	HLA-DRB5*01:01	HLA-DRB5*01:01		known_exact_cds
HG01934#1	HLA-DRB5	1	HLA-DRB5*01:01	HLA-DRB5*01:01		known_exact_cds
HG01978#1	HLA-DRB5	1	HLA-DRB5*02:02	HLA-DRB5*02:02		known_exact_cds
HG01993#1	HLA-DRB5	1	HLA-DRB5*02:02	HLA-DRB5*02:02		known_exact_cds
HG02145#1	HLA-DRB5	1	HLA-DRB5*01:01	HLA-DRB5*01:01		known_exact_cds
HG02258#1	HLA-DRB5	1	HLA-DRB5*01:01	HLA-DRB5*01:01		known_exact_cds
HG02258#2	HLA-DRB5	1	HLA-DRB5*01:01	HLA-DRB5*01:01		known_exact_cds
HG02451#2	HLA-DRB5	1	HLA-DRB5*01:01	HLA-DRB5*01:01		known_exact_cds
HG02486#1	HLA-DRB5	1	HLA-DRB5*01:01	HLA-DRB5*01:01		known_exact_cds
HG02698#1	HLA-DRB5	1	HLA-DRB5*01:01	HLA-DRB5*01:01		known_exact_cds
HG02976#1	HLA-DRB5	1	HLA-DRB5*01:01	HLA-DRB5*01:01		known_exact_cds
HG03017#2	HLA-DRB5	1	HLA-DRB5*01:01	HLA-DRB5*01:01		known_exact_cds
HG03041#2	HLA-DRB5	1	HLA-DRB5*01:01	HLA-DRB5*01:01		known_exact_cds
HG03195#2	HLA-DRB5	1	HLA-DRB5*01:01	HLA-DRB5*01:01		known_exact_cds
HG03270#1	HLA-DRB5	1	HLA-DRB5*01:01	HLA-DRB5*01:01		known_exact_cds
HG03669#1	HLA-DRB5	1	HLA-DRB5*01:02	HLA-DRB5*01:02		known_exact_cds
HG03688#2	HLA-DRB5	1	HLA-DRB5*01:01	HLA-DRB5*01:01		known_exact_cds
HG03804#1	HLA-DRB5	1	HLA-DRB5*01:01	HLA-DRB5*01:01		known_exact_cds
HG03804#2	HLA-DRB5	1	HLA-DRB5*01:01	HLA-DRB5*01:01		known_exact_cds
HG03831#1	HLA-DRB5	1	HLA-DRB5*01:01	HLA-DRB5*01:01		known_exact_cds
HG03831#2	HLA-DRB5	1	HLA-DRB5*01:02	HLA-DRB5*01:02		known_exact_cds
HG03942#1	HLA-DRB5	1	HLA-DRB5*01:01	HLA-DRB5*01:01		known_exact_cds
HG03942#2	HLA-DRB5	1	HLA-DRB5*01:01	HLA-DRB5*01:01		known_exact_cds
HG04157#2	HLA-DRB5	1	HLA-DRB5*01:02	HLA-DRB5*01:02		known_exact_cds
HG04160#2	HLA-DRB5	1	HLA-DRB5*01:01	HLA-DRB5*01:01		known_exact_cds
HG04204#1	HLA-DRB5	1	HLA-DRB5*01:02	HLA-DRB5*01:02		known_exact_cds
HG04228#1	HLA-DRB5	1	HLA-DRB5*01:01	HLA-DRB5*01:01		known_exact_genomic
HG04228#2	HLA-DRB5	1	HLA-DRB5*01:01	HLA-DRB5*01:01		known_exact_cds
HG06807#1	HLA-DRB5	1	HLA-DRB5*01:01	HLA-DRB5*01:01		known_exact_cds
HG06807#2	HLA-DRB5	1	HLA-DRB5*01:01	HLA-DRB5*01:01		known_exact_cds
NA18505#2	HLA-DRB5	1	HLA-DRB5*01:01	HLA-DRB5*01:01		known_exact_cds
NA19240#2	HLA-DRB5	1	HLA-DRB5*02:21	HLA-DRB5*02:21		known_exact_cds
NA19338#2	HLA-DRB5	1	HLA-DRB5*01:01	HLA-DRB5*01:01		known_exact_cds
NA20806#1	HLA-DRB5	1	HLA-DRB5*01:01	HLA-DRB5*01:01		known_exact_cds
NA20806#2	HLA-DRB5	1	HLA-DRB5*01:01	HLA-DRB5*01:01		known_exact_cds
NA20850#2	HLA-DRB5	1	HLA-DRB5*01:01	HLA-DRB5*01:01		known_exact_cds
NA20870#2	HLA-DRB5	1	HLA-DRB5*01:01	HLA-DRB5*01:01		known_exact_cds
NA20905#2	HLA-DRB5	1	HLA-DRB5*01:02	HLA-DRB5*01:02		known_exact_cds
NA21106#1	HLA-DRB5	1	HLA-DRB5*01:01	HLA-DRB5*01:01		known_exact_cds
NA21106#2	HLA-DRB5	1	HLA-DRB5*01:02	HLA-DRB5*01:02		known_exact_cds
NA21110#2	HLA-DRB5	1	HLA-DRB5*01:02	HLA-DRB5*01:02		known_exact_cds
NA21309#1	HLA-DRB5	1	HLA-DRB5*01:01	HLA-DRB5*01:01		known_exact_cds
NA19066#1	HLA-DRB5	1	HLA-DRB5*01:02	HLA-DRB5*01:02		known_exact_cds
ksa007#2	HLA-DRB5	1	HLA-DRB5*01:02	HLA-DRB5*01:02		known_exact_cds
KPanRef-071#2	HLA-DRB5	1	HLA-DRB5*01:01	HLA-DRB5*01:01		known_exact_cds
KPanRef-075#1	HLA-DRB5	1	HLA-DRB5*01:01	HLA-DRB5*01:01		known_exact_cds
KPanRef-076#1	HLA-DRB5	1	HLA-DRB5*01:02	HLA-DRB5*01:02		known_exact_cds
KPanRef-076-P#2	HLA-DRB5	1	HLA-DRB5*01:02	HLA-DRB5*01:02		known_exact_cds
