locus	hap_id	donor	family	cohort	contig	graph_path	start0	end0	structural_signature	copy_number	truth_status	structure_id	sequence_matches_assembly	N_bases	other_ambiguous_bases	sequence_sha256	sequence_id	eligible	reads_available
DRB	HG00097#1	HG00097	HG00097	HPRC-Rest	HG00097#1#JBIRDD010000044.1:28461910-33634610	HG00097#1#ctg1	4031398	4183730	HLA-DRA+|HLA-DRB5-|HLA-DRB1-	2	provisional_annotation_absence_not_confirmed_deletion	DRB-STRUCT-a57eaf455348c3e7	1	0	0	e3b04634721c2969c3d293c4d3230fad32eaafe13486235b0bc131d8afeb29b4	DRB__HG00097#1	1	1
RCCX	HG00097#1	HG00097	HG00097	HPRC-Rest	HG00097#1#JBIRDD010000044.1:28461910-33634610	HG00097#1#ctg1	3562987	3703158	WHR1-like+|C4AL+|CYP21A1P-like+|TNXA-like-|WHR1B-like+|C4BL+|CYP21A2-like+|TNXB-like-	2	assembly_homology_and_annotation	RCCX-STRUCT-c91a117646c15232	1	0	0	8f0cd2f97a4914a9723a1da01a3f9ff928fd0c93795f433daff6f695eef7e27f	RCCX__HG00097#1	1	1
DRB	HG00097#2	HG00097	HG00097	HPRC-Rest	HG00097#2#JBIRDE010000007.1:28438526-33548333	HG00097#2#ctg1	3992727	4128954	HLA-DRA+|HLA-DRB3-|HLA-DRB1-	2	provisional_annotation_absence_not_confirmed_deletion	DRB-STRUCT-d9e9c983b0b92c6d	1	0	0	e0096521a70a13f85e619c1a164b098d8a5bb98ee98a5c8a30e301e5b0fc4bce	DRB__HG00097#2	1	1
RCCX	HG00097#2	HG00097	HG00097	HPRC-Rest	HG00097#2#JBIRDE010000007.1:28438526-33548333	HG00097#2#ctg1	3507803	3647970	WHR1-like+|C4AL+|CYP21A1P-like+|TNXA-like-|WHR1B-like+|C4BL+|CYP21A2-like+|TNXB-like-	2	assembly_homology_and_annotation	RCCX-STRUCT-c91a117646c15232	1	0	0	f03aa8b576e6a03618a211db2d4cbb8bf0781e34956919a6e37d4265fc391c1b	RCCX__HG00097#2	1	1
DRB	HG00099#1	HG00099	HG00099	HPRC-Rest	HG00099#1#JBHDWO010000057.1:28378111-33500321	HG00099#1#ctg1	4011969	4144341	HLA-DRA+|HLA-DRB3-|HLA-DRB1-	2	provisional_annotation_absence_not_confirmed_deletion	DRB-STRUCT-d9e9c983b0b92c6d	1	0	0	6c259426b780bbe141f904fcf501f754f94b51e04573e3cb8326a54403b73f65	DRB__HG00099#1	1	1
RCCX	HG00099#1	HG00099	HG00099	HPRC-Rest	HG00099#1#JBHDWO010000057.1:28378111-33500321	HG00099#1#ctg1	3543822	3683976	WHR1-like+|C4AL+|CYP21A1P-like+|TNXA-like-|WHR1B-like+|C4BL+|CYP21A2-like+|TNXB-like-	2	assembly_homology_and_annotation	RCCX-STRUCT-c91a117646c15232	1	0	0	b2802f221b07c85b5dfda3b01b404236e99ea5b97a93cbc44b1a39635c9873f0	RCCX__HG00099#1	1	1
DRB	HG00099#2	HG00099	HG00099	HPRC-Rest	HG00099#2#CM087361.1:28397166-33493833	HG00099#2#ctg1	3981225	4117460	HLA-DRA+|HLA-DRB3-|HLA-DRB1-	2	provisional_annotation_absence_not_confirmed_deletion	DRB-STRUCT-d9e9c983b0b92c6d	1	0	0	6f46071a1df01042c7281296fce5b2a049d5f6e33ce6e797e2a0588680677c71	DRB__HG00099#2	1	1
RCCX	HG00099#2	HG00099	HG00099	HPRC-Rest	HG00099#2#CM087361.1:28397166-33493833	HG00099#2#ctg1	3552094	3653167	WHR1-like+|C4BS+|CYP21A2-like+|TNXB-like-	1	assembly_homology_and_annotation	RCCX-STRUCT-a002f576cdda62b4	1	0	0	702542bb0cb6f384ce01662fbeb8eac36cfcf59bb7c698fb7242fa01afb0f48a	RCCX__HG00099#2	1	1
DRB	HG00126#1	HG00126	HG00126	HPRC-Rest	HG00126#1#CM090112.1:28356760-33437962	HG00126#1#ctg1	3965365	4097434	HLA-DRA+|HLA-DRB3-|HLA-DRB1-	2	provisional_annotation_absence_not_confirmed_deletion	DRB-STRUCT-d9e9c983b0b92c6d	1	0	0	988185c7a1c31fe01af9397c79cddac616071cb58db2b60fb49bf3d7f7a18547	DRB__HG00126#1	1	1
RCCX	HG00126#1	HG00126	HG00126	HPRC-Rest	HG00126#1#CM090112.1:28356760-33437962	HG00126#1#ctg1	3497958	3638116	WHR1-like+|C4AL+|CYP21A1P-like+|TNXA-like-|WHR1B-like+|C4BL+|CYP21A2-like+|TNXB-like-	2	assembly_homology_and_annotation	RCCX-STRUCT-c91a117646c15232	1	0	0	12eaaada83c9ec48983c6c9789312bed18ab4a0253b380fa75c541f1564e0e04	RCCX__HG00126#1	1	1
DRB	HG00126#2	HG00126	HG00126	HPRC-Rest	HG00126#2#CM090124.1:28373995-33623206	HG00126#2#ctg1	4013874	4256758	HLA-DRA+|HLA-DRB4-|HLA-DRB1-	2	provisional_annotation_absence_not_confirmed_deletion	DRB-STRUCT-17c329d85af8b93c	1	0	0	2be75107ea2d64b7a4c51698fd843fc88a69608da2c73e9c1dba8de9c248a375	DRB__HG00126#2	1	1
RCCX	HG00126#2	HG00126	HG00126	HPRC-Rest	HG00126#2#CM090124.1:28373995-33623206	HG00126#2#ctg1	3552597	3686401	WHR1-like+|C4AL+|CYP21A1P-like+|TNXA-like-|WHR1B-like+|C4BS+|CYP21A2-like+|TNXB-like-	2	assembly_homology_and_annotation	RCCX-STRUCT-08dc6d3cd5c804e4	1	0	0	f9692302810c2f148bf12802389fe245c24b90003df3e27db70cf8d12d90ddad	RCCX__HG00126#2	1	1
DRB	HG00128#1	HG00128	HG00128	HPRC-Rest	HG00128#1#CM090080.1:28391628-33572064	HG00128#1#ctg1	4056261	4195042	HLA-DRA+|HLA-DRB1-	1	provisional_annotation_absence_not_confirmed_deletion	DRB-STRUCT-2e2f348001bcb731	1	0	0	3404e07f86884a9a2fc4764cab9e9f2cf69cc1e41f7cfbf159426667d46d1ab0	DRB__HG00128#1	1	1
RCCX	HG00128#1	HG00128	HG00128	HPRC-Rest	HG00128#1#CM090080.1:28391628-33572064	HG00128#1#ctg1	3551336	3711506	WHR1-like+|C4AL+|CYP21A1P-like+|TNXA-like-|WHR1B-like+|C4BS+|CYP21A1P-like+|TNXA-like-|WHR1B-like+|C4BS+|CYP21A2-like+|TNXB-like-	3	assembly_homology_and_annotation	RCCX-STRUCT-0c843ef37c4c8a9d	1	0	0	9f3e1bd48f04f756d6500aabead309ce7f6a4c1646402439b68dd36fd00a145b	RCCX__HG00128#1	1	1
DRB	HG00128#2	HG00128	HG00128	HPRC-Rest	HG00128#2#CM090096.1:28379634-33499179	HG00128#2#ctg1	4003936	4139857	HLA-DRA+|HLA-DRB3-|HLA-DRB1-	2	provisional_annotation_absence_not_confirmed_deletion	DRB-STRUCT-d9e9c983b0b92c6d	1	0	0	c0bd1a73b1e9eec83c3f1750506c72c33b5b671e8f32246874c3b0bfb8ce420a	DRB__HG00128#2	1	1
RCCX	HG00128#2	HG00128	HG00128	HPRC-Rest	HG00128#2#CM090096.1:28379634-33499179	HG00128#2#ctg1	3535596	3675737	WHR1-like+|C4AL+|CYP21A1P-like+|TNXA-like-|WHR1B-like+|C4BL+|CYP21A2-like+|TNXB-like-	2	assembly_homology_and_annotation	RCCX-STRUCT-c91a117646c15232	1	0	0	d151df28951488cf28cc5c0c26c2b354dde73fd6b75b40f6792c8a5221e8afc8	RCCX__HG00128#2	1	1
DRB	HG00133#1	HG00133	HG00133	HPRC-Rest	HG00133#1#CM090050.1:28455191-33589633	HG00133#1#ctg1	4016925	4149038	HLA-DRA+|HLA-DRB3-|HLA-DRB1-	2	provisional_annotation_absence_not_confirmed_deletion	DRB-STRUCT-d9e9c983b0b92c6d	1	0	0	1bae6cb376845b0d2811010b5279f6a6611f0137fdc9f69ba6d46d7cfa878f5c	DRB__HG00133#1	1	1
RCCX	HG00133#1	HG00133	HG00133	HPRC-Rest	HG00133#1#CM090050.1:28455191-33589633	HG00133#1#ctg1	3555786	3689577	WHR1-like+|C4AL+|CYP21A1P-like+|TNXA-like-|WHR1B-like+|C4BS+|CYP21A2-like+|TNXB-like-	2	assembly_homology_and_annotation	RCCX-STRUCT-08dc6d3cd5c804e4	1	0	0	405bdd1a48f21383ad5ab06835cf33eb6901a30e8654ba835a75d47e3565d2d7	RCCX__HG00133#1	1	1
DRB	HG00133#2	HG00133	HG00133	HPRC-Rest	HG00133#2#CM090065.1:28391702-33637176	HG00133#2#ctg1	4019176	4260349	HLA-DRA+|HLA-DRB4-|HLA-DRB1-	2	provisional_annotation_absence_not_confirmed_deletion	DRB-STRUCT-17c329d85af8b93c	1	0	0	68d395e685cba3d2daaa69649d1a7d96aea9edb5a6353656ef8f8b8ffa96cf4f	DRB__HG00133#2	1	1
RCCX	HG00133#2	HG00133	HG00133	HPRC-Rest	HG00133#2#CM090065.1:28391702-33637176	HG00133#2#ctg1	3551810	3691958	WHR1-like+|C4AL+|CYP21A1P-like+|TNXA-like-|WHR1B-like+|C4AL+|CYP21A2-like+|TNXB-like-	2	assembly_homology_and_annotation	RCCX-STRUCT-109f6cb2c3c027c8	1	0	0	ff244a4cf9c1d4001b90d9bb8a4a8bf9e511016db6cc6cda460c770504131a5b	RCCX__HG00133#2	1	1
DRB	HG00140#1	HG00140	HG00140	HPRC-Rest	HG00140#1#CM087111.1:28362821-33594371	HG00140#1#ctg1	4106729	4245508	HLA-DRA+|HLA-DRB1-	1	provisional_annotation_absence_not_confirmed_deletion	DRB-STRUCT-2e2f348001bcb731	1	0	0	d151029d937e96873f24aa8eb33bcc4fb077a9a9c7f686640415e1afd625a129	DRB__HG00140#1	1	1
RCCX	HG00140#1	HG00140	HG00140	HPRC-Rest	HG00140#1#CM087111.1:28362821-33594371	HG00140#1#ctg1	3622101	3762270	WHR1-like+|C4AL+|CYP21A2-like+|TNXA-like-|WHR1B-like+|C4BL+|CYP21A2-like+|TNXB-like-	2	assembly_homology_and_annotation	RCCX-STRUCT-4c34865fcf2a50f9	1	0	0	3c1bd2b58f0f0ae457c16ff534b676792c46b1075fe581c0b1cae015e6df6231	RCCX__HG00140#1	1	1
DRB	HG00140#2	HG00140	HG00140	HPRC-Rest	HG00140#2#CM087137.1:28381998-33511941	HG00140#2#ctg1	4012746	4148981	HLA-DRA+|HLA-DRB3-|HLA-DRB1-	2	provisional_annotation_absence_not_confirmed_deletion	DRB-STRUCT-d9e9c983b0b92c6d	1	0	0	30479f85a555b850299c66a1834f43519eb0d9cde853db558d34ec744b5d9836	DRB__HG00140#2	1	1
RCCX	HG00140#2	HG00140	HG00140	HPRC-Rest	HG00140#2#CM087137.1:28381998-33511941	HG00140#2#ctg1	3551009	3684776	WHR1-like+|C4AL+|CYP21A1P-like+|TNXA-like-|WHR1B-like+|C4BS+|CYP21A2-like+|TNXB-like-	2	assembly_homology_and_annotation	RCCX-STRUCT-08dc6d3cd5c804e4	1	0	0	aae03bd357e38a724995c6dac3ea5d10ef935dd466220fb0a4bef4c3212fe4c4	RCCX__HG00140#2	1	1
DRB	HG00146#1	HG00146	HG00146	HPRC-Rest	HG00146#1#CM090015.1:28391294-33489055	HG00146#1#ctg1	3981234	4117470	HLA-DRA+|HLA-DRB3-|HLA-DRB1-	2	provisional_annotation_absence_not_confirmed_deletion	DRB-STRUCT-d9e9c983b0b92c6d	1	0	0	6234a053d84316e9d9065ee50c463751072cf5fcdfbdd0e990576ed5b7b2a376	DRB__HG00146#1	1	1
RCCX	HG00146#1	HG00146	HG00146	HPRC-Rest	HG00146#1#CM090015.1:28391294-33489055	HG00146#1#ctg1	3552118	3653189	WHR1-like+|C4BS+|CYP21A2-like+|TNXB-like-	1	assembly_homology_and_annotation	RCCX-STRUCT-a002f576cdda62b4	1	0	0	ab8b573347691eb59ba43c3ff420f75a6e94a7836db8f1ce3b84ed3fb62fac0d	RCCX__HG00146#1	1	1
DRB	HG00146#2	HG00146	HG00146	HPRC-Rest	HG00146#2#JBHIKP010000006.1:28398454-33526840	HG00146#2#ctg1	4004323	4143107	HLA-DRA+|HLA-DRB1-	1	provisional_annotation_absence_not_confirmed_deletion	DRB-STRUCT-2e2f348001bcb731	1	0	0	dc3c3461a60eb2ea6e50d4f75d259ad285dc70d61f210c5328f33b52dd52f6f2	DRB__HG00146#2	1	1
RCCX	HG00146#2	HG00146	HG00146	HPRC-Rest	HG00146#2#JBHIKP010000006.1:28398454-33526840	HG00146#2#ctg1	3552178	3659606	WHR1-like+|C4AL+|CYP21A1P-like+|TNXB-like-	1	assembly_homology_and_annotation	RCCX-STRUCT-f3f0f2d8f59c7414	1	0	0	ec214b16766ca4c0faa2eb0d55339e19f14db7e88cdee9733570ed2910d77325	RCCX__HG00146#2	1	1
DRB	HG00232#1	HG00232	HG00232	HPRC-Rest	HG00232#1#JBHIKM010000014.1:28302939-33474178	HG00232#1#ctg1	4030012	4182266	HLA-DRA+|HLA-DRB5-|HLA-DRB1-	2	provisional_annotation_absence_not_confirmed_deletion	DRB-STRUCT-a57eaf455348c3e7	1	0	0	fc34cbcbccbafbc5766c596f6177516edaeb0ef5f25d225c1e0944b1dcb49b67	DRB__HG00232#1	1	1
RCCX	HG00232#1	HG00232	HG00232	HPRC-Rest	HG00232#1#JBHIKM010000014.1:28302939-33474178	HG00232#1#ctg1	3561598	3701761	WHR1-like+|C4AL+|CYP21A1P-like+|TNXA-like-|WHR1B-like+|C4BL+|CYP21A2-like+|TNXB-like-	2	assembly_homology_and_annotation	RCCX-STRUCT-c91a117646c15232	1	0	0	5d28aeb08fb2f3c50110af7b1c00dea05a30098d0ac362446c10e7c36e10a1d8	RCCX__HG00232#1	1	1
DRB	HG00232#2	HG00232	HG00232	HPRC-Rest	HG00232#2#JBHIKN010000040.1:28366410-33541603	HG00232#2#ctg1	4059396	4191624	HLA-DRA+|HLA-DRB3-|HLA-DRB1-	2	provisional_annotation_absence_not_confirmed_deletion	DRB-STRUCT-d9e9c983b0b92c6d	1	0	0	8d64d17575330a9550acda5b9f0f1ff9f08bbfad1b7445ba91b9468eeb545c30	DRB__HG00232#2	1	1
RCCX	HG00232#2	HG00232	HG00232	HPRC-Rest	HG00232#2#JBHIKN010000040.1:28366410-33541603	HG00232#2#ctg1	3558433	3731340	WHR1-like+|C4AL+|CYP21A1P-like+|TNXA-like-|WHR1B-like+|C4AL+|CYP21A1P-like+|TNXA-like-|WHR1B-like+|C4AL+|CYP21A2-like+|TNXB-like-	3	assembly_homology_and_annotation	RCCX-STRUCT-daf9913a8b810e06	1	0	0	c7e7e95fd410aabe6aeb89da07bd1965e616c22803b45e1cb18549cbbaec339a	RCCX__HG00232#2	1	1
DRB	HG00235#1	HG00235	HG00235	HPRC-Rest	HG00235#1#JBIRED010000015.1:28430445-33672471	HG00235#1#ctg1	4015750	4256952	HLA-DRA+|HLA-DRB4-|HLA-DRB1-	2	provisional_annotation_absence_not_confirmed_deletion	DRB-STRUCT-17c329d85af8b93c	1	0	0	20da87c1c93336324799c8bbc4ee638b85759f7bfb059b3c848d9b45ef3f19bd	DRB__HG00235#1	1	1
RCCX	HG00235#1	HG00235	HG00235	HPRC-Rest	HG00235#1#JBIRED010000015.1:28430445-33672471	HG00235#1#ctg1	3548429	3688584	WHR1-like+|C4AL+|CYP21A1P-like+|TNXA-like-|WHR1B-like+|C4BL+|CYP21A2-like+|TNXB-like-	2	assembly_homology_and_annotation	RCCX-STRUCT-c91a117646c15232	1	0	0	00c71e7a5f17d638de97f4b18b2202a5f55455e9df9c2c54b9027ac56c8279e9	RCCX__HG00235#1	1	1
DRB	HG00235#2	HG00235	HG00235	HPRC-Rest	HG00235#2#JBIREE010000012.1:28440799-33687305	HG00235#2#ctg1	4020318	4262338	HLA-DRA+|HLA-DRB4-|HLA-DRB1-	2	provisional_annotation_absence_not_confirmed_deletion	DRB-STRUCT-17c329d85af8b93c	1	0	0	ead316b93480b380d0b309db53cf014366dee61de5d8c28c5810f26800dde94f	DRB__HG00235#2	1	1
RCCX	HG00235#2	HG00235	HG00235	HPRC-Rest	HG00235#2#JBIREE010000012.1:28440799-33687305	HG00235#2#ctg1	3551966	3692120	WHR1-like+|C4AL+|CYP21A1P-like+|TNXA-like-|WHR1B-like+|C4BL+|CYP21A2-like+|TNXB-like-	2	assembly_homology_and_annotation	RCCX-STRUCT-c91a117646c15232	1	0	0	a2f8ce9862320b0addc3db9cdac937196415ae07c88b06d0ec019bd3812c051f	RCCX__HG00235#2	1	1
DRB	HG00253#1	HG00253	HG00253	HPRC-Rest	HG00253#1#CM094460.1:28362997-33511495	HG00253#1#ctg1	4032478	4168703	HLA-DRA+|HLA-DRB3-|HLA-DRB1-	2	provisional_annotation_absence_not_confirmed_deletion	DRB-STRUCT-d9e9c983b0b92c6d	1	0	0	4910cbd6e0e25753f83f61b4af1519eb00d762376f9e1afc3454ef6252390dbc	DRB__HG00253#1	1	1
RCCX	HG00253#1	HG00253	HG00253	HPRC-Rest	HG00253#1#CM094460.1:28362997-33511495	HG00253#1#ctg1	3553970	3687774	WHR1-like+|C4AL+|CYP21A1P-like+|TNXA-like-|WHR1B-like+|C4BS+|CYP21A2-like+|TNXB-like-	2	assembly_homology_and_annotation	RCCX-STRUCT-08dc6d3cd5c804e4	1	0	0	1b459f540a09da75377ab3191a6850fbf1ecc458fb95341c54526036243dfd72	RCCX__HG00253#1	1	1
DRB	HG00253#2	HG00253	HG00253	HPRC-Rest	HG00253#2#CM094482.1:28362559-33525998	HG00253#2#ctg1	4021702	4173965	HLA-DRA+|HLA-DRB5-|HLA-DRB1-	2	provisional_annotation_absence_not_confirmed_deletion	DRB-STRUCT-a57eaf455348c3e7	1	0	0	2677f66a8a95d37c898301b2383b863d148a036373afa008aa9144e06287bbf6	DRB__HG00253#2	1	1
RCCX	HG00253#2	HG00253	HG00253	HPRC-Rest	HG00253#2#CM094482.1:28362559-33525998	HG00253#2#ctg1	3553289	3693448	WHR1-like+|C4AL+|CYP21A1P-like+|TNXA-like-|WHR1B-like+|C4BL+|CYP21A2-like+|TNXB-like-	2	assembly_homology_and_annotation	RCCX-STRUCT-c91a117646c15232	1	0	0	66ec835208cc7a308ee4145790e1034146697aa1743dfa2e3c84a87d8a375082	RCCX__HG00253#2	1	1
DRB	HG00272#1	HG00272	HG00272	HPRC-Rest	HG00272#1#CM094189.1:28268096-33422158	HG00272#1#ctg1	4034587	4170378	HLA-DRA+|HLA-DRB3-|HLA-DRB1-	2	provisional_annotation_absence_not_confirmed_deletion	DRB-STRUCT-d9e9c983b0b92c6d	1	0	0	ed460591057f7ee9140c0aef3a3c87ed6cff3ee7fd1fa523084b1e7a81e63da3	DRB__HG00272#1	1	1
RCCX	HG00272#1	HG00272	HG00272	HPRC-Rest	HG00272#1#CM094189.1:28268096-33422158	HG00272#1#ctg1	3549160	3689306	WHR1-like+|C4AL+|CYP21A1P-like+|TNXA-like-|WHR1B-like+|C4AL+|CYP21A2-like+|TNXB-like-	2	assembly_homology_and_annotation	RCCX-STRUCT-109f6cb2c3c027c8	1	0	0	cd667f95ae907ab8e83d8ac9f1bcf02db80b35d8a9019d82fccb2bf4f747a1bf	RCCX__HG00272#1	1	1
DRB	HG00272#2	HG00272	HG00272	HPRC-Rest	HG00272#2#CM094216.1:28400431-33497055	HG00272#2#ctg1	3981193	4117427	HLA-DRA+|HLA-DRB3-|HLA-DRB1-	2	provisional_annotation_absence_not_confirmed_deletion	DRB-STRUCT-d9e9c983b0b92c6d	1	0	0	71be9740e44a6230c250e3dcf9e388a78841858de1c1fcf79959286ba4647d0e	DRB__HG00272#2	1	1
RCCX	HG00272#2	HG00272	HG00272	HPRC-Rest	HG00272#2#CM094216.1:28400431-33497055	HG00272#2#ctg1	3552064	3653138	WHR1-like+|C4BS+|CYP21A2-like+|TNXB-like-	1	assembly_homology_and_annotation	RCCX-STRUCT-a002f576cdda62b4	1	0	0	e9709f03d9cb2f98bb25a4a51bc3213c26171ff6d1c848684729a549244955dd	RCCX__HG00272#2	1	1
DRB	HG00280#1	HG00280	HG00280	HPRC-Rest	HG00280#1#CM087149.1:28404965-33542525	HG00280#1#ctg1	4020514	4156413	HLA-DRA+|HLA-DRB3-|HLA-DRB1-	2	provisional_annotation_absence_not_confirmed_deletion	DRB-STRUCT-d9e9c983b0b92c6d	1	0	0	86a5a8eacb8519e5e50efb8d7f573c402085cc81d6b2ade732f0fb11df67e98f	DRB__HG00280#1	1	1
RCCX	HG00280#1	HG00280	HG00280	HPRC-Rest	HG00280#1#CM087149.1:28404965-33542525	HG00280#1#ctg1	3552113	3692266	WHR1-like+|C4AL+|CYP21A1P-like+|TNXA-like-|WHR1B-like+|C4BL+|CYP21A2-like+|TNXB-like-	2	assembly_homology_and_annotation	RCCX-STRUCT-c91a117646c15232	1	0	0	2ae6c7c172a3a85bf6a9de16af8e7af9563974da13ee2bece3ee4882d1d014bb	RCCX__HG00280#1	1	1
DRB	HG00280#2	HG00280	HG00280	HPRC-Rest	HG00280#2#CM087160.1:28390542-33496389	HG00280#2#ctg1	3990439	4126674	HLA-DRA+|HLA-DRB3-|HLA-DRB1-	2	provisional_annotation_absence_not_confirmed_deletion	DRB-STRUCT-d9e9c983b0b92c6d	1	0	0	4563c9919c9c8c6b1346ae2e614a7ac44f6822a4b9a9df6a2302bab4515cb633	DRB__HG00280#2	1	1
RCCX	HG00280#2	HG00280	HG00280	HPRC-Rest	HG00280#2#CM087160.1:28390542-33496389	HG00280#2#ctg1	3561308	3662373	WHR1-like+|C4BS+|CYP21A2-like+|TNXB-like-	1	assembly_homology_and_annotation	RCCX-STRUCT-a002f576cdda62b4	1	0	0	4d88f1070dec1f73b19e71af3839c96353e71629578bab67ea6fa8101f19b536	RCCX__HG00280#2	1	1
DRB	HG00290#1	HG00290	HG00290	HPRC-Rest	HG00290#1#CM089982.1:28384478-33524366	HG00290#1#ctg1	4015074	4153854	HLA-DRA+|HLA-DRB1-	1	provisional_annotation_absence_not_confirmed_deletion	DRB-STRUCT-2e2f348001bcb731	1	0	0	c99076fffbbeed2df7a87dd2d573d795c39631d223adb65ab39cd2506eef5ca8	DRB__HG00290#1	1	1
RCCX	HG00290#1	HG00290	HG00290	HPRC-Rest	HG00290#1#CM089982.1:28384478-33524366	HG00290#1#ctg1	3562957	3670400	WHR1-like+|C4AL+|CYP21A2-like+|TNXB-like-	1	assembly_homology_and_annotation	RCCX-STRUCT-80c1563b57f16898	1	0	0	c52280b7d4e72fb32d4d9bef516dcaa48aec1a919c375d4edf4ca0e33b21b01d	RCCX__HG00290#1	1	1
DRB	HG00290#2	HG00290	HG00290	HPRC-Rest	HG00290#2#CM090006.1:28396532-33558743	HG00290#2#ctg1	4038170	4176954	HLA-DRA+|HLA-DRB1-	1	provisional_annotation_absence_not_confirmed_deletion	DRB-STRUCT-2e2f348001bcb731	1	0	0	dc3c3461a60eb2ea6e50d4f75d259ad285dc70d61f210c5328f33b52dd52f6f2	DRB__HG00290#2	1	1
RCCX	HG00290#2	HG00290	HG00290	HPRC-Rest	HG00290#2#CM090006.1:28396532-33558743	HG00290#2#ctg1	3553268	3693443	WHR1-like+|C4AL+|CYP21A1P-like+|TNXA-like-|WHR1B-like+|C4AL+|CYP21A2-like+|TNXB-like-	2	assembly_homology_and_annotation	RCCX-STRUCT-109f6cb2c3c027c8	1	0	0	8dd6fb142e9f5cd1ae677b5fcfff90bcaf6c01a71ca5c4a25c26ead2ba0bc1db	RCCX__HG00290#2	1	1
DRB	HG00320#1	HG00320	HG00320	HPRC-Rest	HG00320#1#CM089951.1:28434922-33547606	HG00320#1#ctg1	4057851	4129701	HLA-DRA+|HLA-DRB1-	1	provisional_annotation_absence_not_confirmed_deletion	DRB-STRUCT-2e2f348001bcb731	1	0	0	dfce3384b3788b4a73a72ae7514d8fdf579a555231f145e3f4f29cf2f1e7c581	DRB__HG00320#1	1	1
RCCX	HG00320#1	HG00320	HG00320	HPRC-Rest	HG00320#1#CM089951.1:28434922-33547606	HG00320#1#ctg1	3623508	3730933	WHR1-like+|C4AL+|CYP21A2-like+|TNXB-like-	1	assembly_homology_and_annotation	RCCX-STRUCT-80c1563b57f16898	1	0	0	8c9142727049047dd84add6a768868b53e81cbb2c6111c14b421195e6eeedbdc	RCCX__HG00320#1	1	1
DRB	HG00320#2	HG00320	HG00320	HPRC-Rest	HG00320#2#CM089965.1:28395668-33476154	HG00320#2#ctg1	4025973	4097827	HLA-DRA+|HLA-DRB1-	1	provisional_annotation_absence_not_confirmed_deletion	DRB-STRUCT-2e2f348001bcb731	1	0	0	2da0d06286d475ef7218a15fa9cfc24b89fca9009ce63a802f91a29f3642181c	DRB__HG00320#2	1	1
RCCX	HG00320#2	HG00320	HG00320	HPRC-Rest	HG00320#2#CM089965.1:28395668-33476154	HG00320#2#ctg1	3565328	3699131	WHR1-like+|C4AL+|CYP21A1P-like+|TNXA-like-|WHR1B-like+|C4BS+|CYP21A2-like+|TNXB-like-	2	assembly_homology_and_annotation	RCCX-STRUCT-08dc6d3cd5c804e4	1	0	0	757bd72a4c114475516dc96574aebfa115e36e7a490a1188a59475f785b6f174	RCCX__HG00320#2	1	1
DRB	HG00321#1	HG00321	HG00321	HPRC-Rest	HG00321#1#CM089541.1:28422537-33579208	HG00321#1#ctg1	4016629	4168966	HLA-DRA+|HLA-DRB5-|HLA-DRB1-	2	provisional_annotation_absence_not_confirmed_deletion	DRB-STRUCT-a57eaf455348c3e7	1	0	0	50bdd0919cdf28a342e592f2ac01e2b035acae7e4a2799b2e5e4b98c532b2686	DRB__HG00321#1	1	1
RCCX	HG00321#1	HG00321	HG00321	HPRC-Rest	HG00321#1#CM089541.1:28422537-33579208	HG00321#1#ctg1	3554897	3688700	WHR1-like+|C4AL+|CYP21A1P-like+|TNXA-like-|WHR1B-like+|C4BS+|CYP21A2-like+|TNXB-like-	2	assembly_homology_and_annotation	RCCX-STRUCT-08dc6d3cd5c804e4	1	0	0	396c7871329fff174c850177fcdc13f5886e9ccb69790d01d281fea94d1267d8	RCCX__HG00321#1	1	1
DRB	HG00321#2	HG00321	HG00321	HPRC-Rest	HG00321#2#CM089572.1:28378789-33420293	HG00321#2#ctg1	3986760	4058610	HLA-DRA+|HLA-DRB1-	1	provisional_annotation_absence_not_confirmed_deletion	DRB-STRUCT-2e2f348001bcb731	1	0	0	991d38d7facb399b77d5ae15b2b493cfe17ff12a72a41b28daa81cf99918eb2d	DRB__HG00321#2	1	1
RCCX	HG00321#2	HG00321	HG00321	HPRC-Rest	HG00321#2#CM089572.1:28378789-33420293	HG00321#2#ctg1	3552400	3659824	WHR1-like+|C4AL+|CYP21A2-like+|TNXB-like-	1	assembly_homology_and_annotation	RCCX-STRUCT-80c1563b57f16898	1	0	0	a29a42e3c041bd83dd5f8bdb920c243b8294938149f7ef647ef90ca2eade5a0a	RCCX__HG00321#2	1	1
DRB	HG00323#1	HG00323	HG00323	HPRC-Rest	HG00323#1#CM087306.1:28385818-33469846	HG00323#1#ctg1	3966180	4098084	HLA-DRA+|HLA-DRB3-|HLA-DRB1-	2	provisional_annotation_absence_not_confirmed_deletion	DRB-STRUCT-d9e9c983b0b92c6d	1	0	0	b0617de4f23989505189a809a1407b3e0302d35c6e846860eaf617840244f781	DRB__HG00323#1	1	1
RCCX	HG00323#1	HG00323	HG00323	HPRC-Rest	HG00323#1#CM087306.1:28385818-33469846	HG00323#1#ctg1	3504533	3638336	WHR1-like+|C4AL+|CYP21A1P-like+|TNXA-like-|WHR1B-like+|C4BS+|CYP21A2-like+|TNXB-like-	2	assembly_homology_and_annotation	RCCX-STRUCT-08dc6d3cd5c804e4	1	0	0	21847e19eabe6fde7ae8f895929309587fd53527710d0ce374bb129f0c3edfa4	RCCX__HG00323#1	1	1
DRB	HG00323#2	HG00323	HG00323	HPRC-Rest	HG00323#2#CM087331.1:28400279-33501006	HG00323#2#ctg1	3959175	4111505	HLA-DRA+|HLA-DRB5-|HLA-DRB1-	2	provisional_annotation_absence_not_confirmed_deletion	DRB-STRUCT-a57eaf455348c3e7	1	0	0	514348487995b9b0d2e021129e104d392d8cdd138d8ba064c5a34740730f9869	DRB__HG00323#2	1	1
RCCX	HG00323#2	HG00323	HG00323	HPRC-Rest	HG00323#2#CM087331.1:28400279-33501006	HG00323#2#ctg1	3497159	3630961	WHR1-like+|C4AL+|CYP21A1P-like+|TNXA-like-|WHR1B-like+|C4BS+|CYP21A2-like+|TNXB-like-	2	assembly_homology_and_annotation	RCCX-STRUCT-08dc6d3cd5c804e4	1	0	0	f61cb6a1171a562e82d0441454aa361dcbd8d8ded6bdeb7fbdf2c617f733691d	RCCX__HG00323#2	1	1
DRB	HG00329#1	HG00329	HG00329	HPRC-Rest	HG00329#1#CM094227.1:28398918-33572031	HG00329#1#ctg1	4056681	4189095	HLA-DRA+|HLA-DRB3-|HLA-DRB1-	2	provisional_annotation_absence_not_confirmed_deletion	DRB-STRUCT-d9e9c983b0b92c6d	1	0	0	a582d844c43b920d007f34653b94b4004376366cd04b8268c2f2590855abcb42	DRB__HG00329#1	1	1
RCCX	HG00329#1	HG00329	HG00329	HPRC-Rest	HG00329#1#CM094227.1:28398918-33572031	HG00329#1#ctg1	3562901	3729516	WHR1-like+|C4AL+|CYP21A1P-like+|TNXA-like-|WHR1B-like+|C4AS+|CYP21A1P-like+|TNXA-like-|WHR1B-like+|C4BL+|CYP21A2-like+|TNXB-like-	3	assembly_homology_and_annotation	RCCX-STRUCT-e92677dc4f8b8aff	1	0	0	f365c8e7a16ff10be44afe1c0568f50b46b1f15695b49ac681967eeb7caab285	RCCX__HG00329#1	1	1
DRB	HG00329#2	HG00329	HG00329	HPRC-Rest	HG00329#2#JBIRDQ010000006.1:28383055-33548759	HG00329#2#ctg1	4041583	4180334	HLA-DRA+|HLA-DRB1-	1	provisional_annotation_absence_not_confirmed_deletion	DRB-STRUCT-2e2f348001bcb731	1	0	0	a3f40179e203f44cf0f6f7a123bf11eeed2dcecb8ff0a1bf88159fbc7e68ce63	DRB__HG00329#2	1	1
RCCX	HG00329#2	HG00329	HG00329	HPRC-Rest	HG00329#2#JBIRDQ010000006.1:28383055-33548759	HG00329#2#ctg1	3556706	3696877	WHR1-like+|C4AL+|CYP21A1P-like+|TNXA-like-|WHR1B-like+|C4BL+|CYP21A2-like+|TNXB-like-	2	assembly_homology_and_annotation	RCCX-STRUCT-c91a117646c15232	1	0	0	755d0988decaf9995848d46b6bde946b2b4ef6967c8265d476e7bf94fb170885	RCCX__HG00329#2	1	1
DRB	HG00344#1	HG00344	HG00344	HPRC-Rest	HG00344#1#JBIREN010000005.1:28404553-33569861	HG00344#1#ctg1	4025482	4177777	HLA-DRA+|HLA-DRB5-|HLA-DRB1-	2	provisional_annotation_absence_not_confirmed_deletion	DRB-STRUCT-a57eaf455348c3e7	1	0	0	7c9d8b61d7d8ab8c6e4d5492793b2409d113feec6118556c2e116c4026d4f13e	DRB__HG00344#1	1	1
RCCX	HG00344#1	HG00344	HG00344	HPRC-Rest	HG00344#1#JBIREN010000005.1:28404553-33569861	HG00344#1#ctg1	3557088	3697255	WHR1-like+|C4AL+|CYP21A1P-like+|TNXA-like-|WHR1B-like+|C4BL+|CYP21A2-like+|TNXB-like-	2	assembly_homology_and_annotation	RCCX-STRUCT-c91a117646c15232	1	0	0	8c6d0102227421c006ba4ed6dce90f30307e58ada3ec8c4622e7710065a6f156	RCCX__HG00344#1	1	1
DRB	HG00344#2	HG00344	HG00344	HPRC-Rest	HG00344#2#JBIREO010000046.1:28507887-33680519	HG00344#2#ctg1	4031418	4183754	HLA-DRA+|HLA-DRB5-|HLA-DRB1-	2	provisional_annotation_absence_not_confirmed_deletion	DRB-STRUCT-a57eaf455348c3e7	1	0	0	eb77e93e4581b17ff971aa5432d9f74c228400f07d5b7e2f110e3d482badc3d4	DRB__HG00344#2	1	1
RCCX	HG00344#2	HG00344	HG00344	HPRC-Rest	HG00344#2#JBIREO010000046.1:28507887-33680519	HG00344#2#ctg1	3563009	3703176	WHR1-like+|C4AL+|CYP21A1P-like+|TNXA-like-|WHR1B-like+|C4BL+|CYP21A2-like+|TNXB-like-	2	assembly_homology_and_annotation	RCCX-STRUCT-c91a117646c15232	1	0	0	19fa2bf0cc0e401925cab13f70bc3f317efd8e71d2e875c7a6f7aa8f8af4947d	RCCX__HG00344#2	1	1
DRB	HG00350#1	HG00350	HG00350	HPRC-Rest	HG00350#1#JBIREL010000054.1:28392042-33553743	HG00350#1#ctg1	4037676	4176456	HLA-DRA+|HLA-DRB1-	1	provisional_annotation_absence_not_confirmed_deletion	DRB-STRUCT-2e2f348001bcb731	1	0	0	f186028e15843ecc9165132bc598ab0333499aa38a3e8a260e1b6c9eec76dd0f	DRB__HG00350#1	1	1
RCCX	HG00350#1	HG00350	HG00350	HPRC-Rest	HG00350#1#JBIREL010000054.1:28392042-33553743	HG00350#1#ctg1	3552813	3692978	WHR1-like+|C4AL+|CYP21A1P-like+|TNXA-like-|WHR1B-like+|C4BL+|CYP21A2-like+|TNXB-like-	2	assembly_homology_and_annotation	RCCX-STRUCT-c91a117646c15232	1	0	0	eb32b11f11b4135f47fab49bc0fd014dc7e9f78b98c46fe973fa711d5b7f5f91	RCCX__HG00350#1	1	1
DRB	HG00350#2	HG00350	HG00350	HPRC-Rest	HG00350#2#JBIREM010000045.1:28412158-33655472	HG00350#2#ctg1	4018247	4259867	HLA-DRA+|HLA-DRB4-|HLA-DRB1-	2	provisional_annotation_absence_not_confirmed_deletion	DRB-STRUCT-17c329d85af8b93c	1	0	0	9a72b8c4fcfc02cc599859e3ef0440c39a836ab3c350cfdabaefb9cfe5d79522	DRB__HG00350#2	1	1
RCCX	HG00350#2	HG00350	HG00350	HPRC-Rest	HG00350#2#JBIREM010000045.1:28412158-33655472	HG00350#2#ctg1	3550884	3691053	WHR1-like+|C4AL+|CYP21A1P-like+|TNXA-like-|WHR1B-like+|C4BL+|CYP21A2-like+|TNXB-like-	2	assembly_homology_and_annotation	RCCX-STRUCT-c91a117646c15232	1	0	0	3c837eca4eecd019f25eda8841d596771641e5b3f9d6abd8a7cbc7c15959dd99	RCCX__HG00350#2	1	1
DRB	HG00408#1	HG00408	HG00406	HPRC-EastAsian	HG00408#1#CM085956.1:28367209-33537812	HG00408#1#ctg1	4051508	4183177	HLA-DRA+|HLA-DRB3-|HLA-DRB1-	2	provisional_annotation_absence_not_confirmed_deletion	DRB-STRUCT-d9e9c983b0b92c6d	1	0	0	b13701f9baa6d14a9a2132309562f6f394d8178918eb34fa8872bd6b19f32636	DRB__HG00408#1	1	0
RCCX	HG00408#1	HG00408	HG00406	HPRC-EastAsian	HG00408#1#CM085956.1:28367209-33537812	HG00408#1#ctg1	3556966	3723500	WHR1-like+|C4AL+|CYP21A1P-like+|TNXA-like-|WHR1B-like+|C4AL+|CYP21A1P-like+|TNXA-like-|WHR1B-like+|C4BS+|CYP21A2-like+|TNXB-like-	3	assembly_homology_and_annotation	RCCX-STRUCT-f3965b9e0fe6783a	1	0	0	1534308d7a69ee5be0ca43c9618be9a51d55aaf0d6606d2ce7168925d3ee307e	RCCX__HG00408#1	1	0
DRB	HG00408#2	HG00408	HG00406	HPRC-EastAsian	HG00408#2#CM085969.1:28371022-33519581	HG00408#2#ctg1	4006993	4159346	HLA-DRA+|HLA-DRB5-|HLA-DRB1-	2	provisional_annotation_absence_not_confirmed_deletion	DRB-STRUCT-a57eaf455348c3e7	1	0	0	490d78b22fa6ac14990c2f11d77e4865e7f71c1734810471c236413d100ce0c8	DRB__HG00408#2	1	0
RCCX	HG00408#2	HG00408	HG00406	HPRC-EastAsian	HG00408#2#CM085969.1:28371022-33519581	HG00408#2#ctg1	3545936	3679733	WHR1-like+|C4AL+|CYP21A1P-like+|TNXA-like-|WHR1B-like+|C4BS+|CYP21A2-like+|TNXB-like-	2	assembly_homology_and_annotation	RCCX-STRUCT-08dc6d3cd5c804e4	1	0	0	db9030bc276da16c1ca7e33be6c33cad7282540bafc9485449df1bc194522940	RCCX__HG00408#2	1	0
DRB	HG00423#1	HG00423	HG00421	HPRC-EastAsian	HG00423#1#CM089400.1:28362185-33602188	HG00423#1#ctg1	4011728	4253755	HLA-DRA+|HLA-DRB4-|HLA-DRB1-	2	provisional_annotation_absence_not_confirmed_deletion	DRB-STRUCT-17c329d85af8b93c	1	0	0	d6c08c5b6d4dfdaa0db626f9f40262e84f230c5fc1970ae43490a53d194fd563	DRB__HG00423#1	1	0
RCCX	HG00423#1	HG00423	HG00421	HPRC-EastAsian	HG00423#1#CM089400.1:28362185-33602188	HG00423#1#ctg1	3550713	3684525	WHR1-like+|C4AL+|CYP21A1P-like+|TNXA-like-|WHR1B-like+|C4BS+|CYP21A2-like+|TNXB-like-	2	assembly_homology_and_annotation	RCCX-STRUCT-08dc6d3cd5c804e4	1	0	0	b4e732fc7240958a93271327efbbca7162dfef3e9f8c629b8b32715cd95ba048	RCCX__HG00423#1	1	0
DRB	HG00423#2	HG00423	HG00421	HPRC-EastAsian	HG00423#2#CM089416.1:28353255-33428495	HG00423#2#ctg1	4021629	4090204	HLA-DRA+|HLA-DRB1-	1	provisional_annotation_absence_not_confirmed_deletion	DRB-STRUCT-2e2f348001bcb731	1	0	0	526b5721e79180b8dd5c6144336a2110571a528235d5b5312fa2363775bcfd28	DRB__HG00423#2	1	0
RCCX	HG00423#2	HG00423	HG00421	HPRC-EastAsian	HG00423#2#CM089416.1:28353255-33428495	HG00423#2#ctg1	3554610	3694784	WHR1-like+|C4AL+|CYP21A1P-like+|TNXA-like-|WHR1B-like+|C4BL+|CYP21A2-like+|TNXB-like-	2	assembly_homology_and_annotation	RCCX-STRUCT-c91a117646c15232	1	0	0	0111b9c250b5a2302fd198748cd6ee69fb840f5446a4703973aa80268cf2529d	RCCX__HG00423#2	1	0
DRB	HG00438#1	HG00438	HG00436	HPRC-EastAsian	HG00438#1#CM089172.1:28419975-33475943	HG00438#1#ctg1	3937753	4069971	HLA-DRA+|HLA-DRB3-|HLA-DRB1-	2	provisional_annotation_absence_not_confirmed_deletion	DRB-STRUCT-d9e9c983b0b92c6d	1	0	0	6af5530036f406524622c38d6774e883342f845fe285c3aef913770ad0056af4	DRB__HG00438#1	1	0
RCCX	HG00438#1	HG00438	HG00436	HPRC-EastAsian	HG00438#1#CM089172.1:28419975-33475943	HG00438#1#ctg1	3502119	3609567	WHR1-like+|C4AL+|CYP21A2-like+|TNXB-like-	1	assembly_homology_and_annotation	RCCX-STRUCT-80c1563b57f16898	1	0	0	46a8bad5a8f403722c26f82800517770062c6dcb8b77cab6b85e5ca91bb0bb7d	RCCX__HG00438#1	1	0
DRB	HG00438#2	HG00438	HG00436	HPRC-EastAsian	HG00438#2#CM089191.1:28355071-33575312	HG00438#2#ctg1	3995091	4236270	HLA-DRA+|HLA-DRB4-|HLA-DRB1-	2	provisional_annotation_absence_not_confirmed_deletion	DRB-STRUCT-17c329d85af8b93c	1	0	0	5fd52c1038548066a575b71ba794c1c248e37a505925fc73ed12cac68f341915	DRB__HG00438#2	1	0
RCCX	HG00438#2	HG00438	HG00436	HPRC-EastAsian	HG00438#2#CM089191.1:28355071-33575312	HG00438#2#ctg1	3543654	3651048	WHR1-like+|C4AL+|CYP21A2-like+|TNXB-like-	1	assembly_homology_and_annotation	RCCX-STRUCT-80c1563b57f16898	1	0	0	8be3dbdc61e634fd4e3b6216985c835d6f314c7ca48f473df13ea080f661dc89	RCCX__HG00438#2	1	0
DRB	HG005#1	HG005	HG005	HPRC-EastAsian	HG005#1#CM099986.1:28343337-33540760	HG005#1#ctg1	3971927	4213208	HLA-DRA+|HLA-DRB4-|HLA-DRB1-	2	provisional_annotation_absence_not_confirmed_deletion	DRB-STRUCT-17c329d85af8b93c	1	0	0	2e2ff793b1c79feb0d6772d780d0f24e09b7bc352a194270c03bad11d548c786	DRB__HG005#1	1	0
RCCX	HG005#1	HG005	HG005	HPRC-EastAsian	HG005#1#CM099986.1:28343337-33540760	HG005#1#ctg1	3504592	3644764	WHR1-like+|C4AL+|CYP21A1P-like+|TNXA-like-|WHR1B-like+|C4BL+|CYP21A2-like+|TNXB-like-	2	assembly_homology_and_annotation	RCCX-STRUCT-c91a117646c15232	1	0	0	225858c22e573b71802b9a77e2b643e2fca305465ff87e02b2baf924e1950a5e	RCCX__HG005#1	1	0
DRB	HG005#2	HG005	HG005	HPRC-EastAsian	HG005#2#CM099975.1:28427209-33625676	HG005#2#ctg1	3972347	4214354	HLA-DRA+|HLA-DRB4-|HLA-DRB1-	2	provisional_annotation_absence_not_confirmed_deletion	DRB-STRUCT-17c329d85af8b93c	1	0	0	5255ebc948af1178849abaae4b8416a4af674bb97c75691910629b1a88f3256a	DRB__HG005#2	1	0
RCCX	HG005#2	HG005	HG005	HPRC-EastAsian	HG005#2#CM099975.1:28427209-33625676	HG005#2#ctg1	3503982	3644137	WHR1-like+|C4AL+|CYP21A1P-like+|TNXA-like-|WHR1B-like+|C4BL+|CYP21A2-like+|TNXB-like-	2	assembly_homology_and_annotation	RCCX-STRUCT-c91a117646c15232	1	0	0	e3270690003f42386e753e0f110414ef776cd3f7d74ab1304a97b7fb19a4d65f	RCCX__HG005#2	1	0
DRB	HG00544#1	HG00544	HG00542	HPRC-EastAsian	HG00544#1#CM089373.1:28382951-33635750	HG00544#1#ctg1	4024753	4266779	HLA-DRA+|HLA-DRB4-|HLA-DRB1-	2	provisional_annotation_absence_not_confirmed_deletion	DRB-STRUCT-17c329d85af8b93c	1	0	0	c5ae5001b464fab3dd1c0d3b210aa327768bd256593ab3378102d35fa6f7fd4f	DRB__HG00544#1	1	0
RCCX	HG00544#1	HG00544	HG00542	HPRC-EastAsian	HG00544#1#CM089373.1:28382951-33635750	HG00544#1#ctg1	3563737	3697548	WHR1-like+|C4AL+|CYP21A1P-like+|TNXA-like-|WHR1B-like+|C4BS+|CYP21A1P-like+|TNXB-like-	2	assembly_homology_and_annotation	RCCX-STRUCT-4b4b6e68dd2a2a5d	1	0	0	0057bad4219ed3e655c6a3fdedea82d3e88b5753172629d397cbc69a10efe732	RCCX__HG00544#1	1	0
DRB	HG00544#2	HG00544	HG00542	HPRC-EastAsian	HG00544#2#CM089387.1:28377663-33617357	HG00544#2#ctg1	4011690	4253716	HLA-DRA+|HLA-DRB4-|HLA-DRB1-	2	provisional_annotation_absence_not_confirmed_deletion	DRB-STRUCT-17c329d85af8b93c	1	0	0	c5ae5001b464fab3dd1c0d3b210aa327768bd256593ab3378102d35fa6f7fd4f	DRB__HG00544#2	1	0
RCCX	HG00544#2	HG00544	HG00542	HPRC-EastAsian	HG00544#2#CM089387.1:28377663-33617357	HG00544#2#ctg1	3550687	3684488	WHR1-like+|C4AL+|CYP21A1P-like+|TNXA-like-|WHR1B-like+|C4BS+|CYP21A2-like+|TNXB-like-	2	assembly_homology_and_annotation	RCCX-STRUCT-08dc6d3cd5c804e4	1	0	0	a6d88b515568b570c21d0acfb505c508b4741b37ead6a93d4212a14195aa688c	RCCX__HG00544#2	1	0
DRB	HG00558#1	HG00558	HG00556	HPRC-EastAsian	HG00558#1#CM088495.1:28611632-33843761	HG00558#1#ctg1	4006402	4248410	HLA-DRA+|HLA-DRB4-|HLA-DRB1-	2	provisional_annotation_absence_not_confirmed_deletion	DRB-STRUCT-17c329d85af8b93c	1	0	0	162597bf13ead850995506440c9fb0bb1fbc16d9c68e3aa6905569af7f8c0140	DRB__HG00558#1	1	0
RCCX	HG00558#1	HG00558	HG00556	HPRC-EastAsian	HG00558#1#CM088495.1:28611632-33843761	HG00558#1#ctg1	3544168	3677957	WHR1-like+|C4AL+|CYP21A1P-like+|TNXA-like-|WHR1B-like+|C4BS+|CYP21A2-like+|TNXB-like-	2	assembly_homology_and_annotation	RCCX-STRUCT-08dc6d3cd5c804e4	1	0	0	0e46921698a6553b63804f3c34acb67f6d0bb2a58723f6eb4111cbd68ff51dc7	RCCX__HG00558#1	1	0
DRB	HG00558#2	HG00558	HG00556	HPRC-EastAsian	HG00558#2#CM088524.1:28472433-33604465	HG00558#2#ctg1	4002275	4147501	HLA-DRA+|HLA-DRB1-	1	provisional_annotation_absence_not_confirmed_deletion	DRB-STRUCT-2e2f348001bcb731	1	0	0	0188ccf3409983cb85d8083ca8d6818738b5f0a8300e7574ce08f4883191ddc9	DRB__HG00558#2	1	0
RCCX	HG00558#2	HG00558	HG00556	HPRC-EastAsian	HG00558#2#CM088524.1:28472433-33604465	HG00558#2#ctg1	3541267	3675055	WHR1-like+|C4AL+|CYP21A1P-like+|TNXA-like-|WHR1B-like+|C4BS+|CYP21A2-like+|TNXB-like-	2	assembly_homology_and_annotation	RCCX-STRUCT-08dc6d3cd5c804e4	1	0	0	8cf52c15589d6de6eed62429f34b808ec56ebc3c4f0f1f9e9f0306b4c2f9dfa7	RCCX__HG00558#2	1	0
DRB	HG00597#1	HG00597	HG00595	HPRC-EastAsian	HG00597#1#JBHDUU010000003.1:28248152-33413616	HG00597#1#ctg1	4051782	4184112	HLA-DRA+|HLA-DRB3-|HLA-DRB1-	2	provisional_annotation_absence_not_confirmed_deletion	DRB-STRUCT-d9e9c983b0b92c6d	1	0	0	6a30c72ff242e3f93f652f2daa0dcd4a1ffb8ad3242df9ab1fa83e40a32a53a9	DRB__HG00597#1	1	0
RCCX	HG00597#1	HG00597	HG00595	HPRC-EastAsian	HG00597#1#JBHDUU010000003.1:28248152-33413616	HG00597#1#ctg1	3557010	3723544	WHR1-like+|C4AL+|CYP21A1P-like+|TNXA-like-|WHR1B-like+|C4AL+|CYP21A1P-like+|TNXA-like-|WHR1B-like+|C4BS+|CYP21A2-like+|TNXB-like-	3	assembly_homology_and_annotation	RCCX-STRUCT-f3965b9e0fe6783a	1	0	0	8b26c05a59a7035312250a024c5b554a1976253332fb04a54d312321af871455	RCCX__HG00597#1	1	0
DRB	HG00597#2	HG00597	HG00595	HPRC-EastAsian	HG00597#2#CM085784.1:28381176-33466863	HG00597#2#ctg1	3975929	4108296	HLA-DRA+|HLA-DRB3-|HLA-DRB1-	2	provisional_annotation_absence_not_confirmed_deletion	DRB-STRUCT-d9e9c983b0b92c6d	1	0	0	40fc043bf4e965e300119d05ab556e3000352fa59c0aa053c54e1ae0fc016565	DRB__HG00597#2	1	0
RCCX	HG00597#2	HG00597	HG00595	HPRC-EastAsian	HG00597#2#CM085784.1:28381176-33466863	HG00597#2#ctg1	3507783	3647963	WHR1-like+|C4AL+|CYP21A1P-like+|TNXA-like-|WHR1B-like+|C4BL+|CYP21A2-like+|TNXB-like-	2	assembly_homology_and_annotation	RCCX-STRUCT-c91a117646c15232	1	0	0	13630a7599f2e49bdc46b619a4f3e83f8c0a18d2e33cffd98f3e2cb987eebb43	RCCX__HG00597#2	1	0
DRB	HG00609#1	HG00609	HG00607	HPRC-EastAsian	HG00609#1#CM086351.1:28557002-33710805	HG00609#1#ctg1	4013487	4166235	HLA-DRA+|HLA-DRB5-|HLA-DRB1-	2	provisional_annotation_absence_not_confirmed_deletion	DRB-STRUCT-a57eaf455348c3e7	1	0	0	5f8bd0cad82aed246eabebd3fc71e9ff79a5f8a1f1bbd70f944f373153546656	DRB__HG00609#1	1	0
RCCX	HG00609#1	HG00609	HG00607	HPRC-EastAsian	HG00609#1#CM086351.1:28557002-33710805	HG00609#1#ctg1	3552425	3686222	WHR1-like+|C4AL+|CYP21A1P-like+|TNXA-like-|WHR1B-like+|C4BS+|CYP21A2-like+|TNXB-like-	2	assembly_homology_and_annotation	RCCX-STRUCT-08dc6d3cd5c804e4	1	0	0	04fd5b24bb8fd1d65fba9d264632dd99d66ec7ccf54f0c9e64d700304dfd480f	RCCX__HG00609#1	1	0
DRB	HG00609#2	HG00609	HG00607	HPRC-EastAsian	HG00609#2#CM086361.1:28373908-33563607	HG00609#2#ctg1	3964410	4206394	HLA-DRA+|HLA-DRB4-|HLA-DRB1-	2	provisional_annotation_absence_not_confirmed_deletion	DRB-STRUCT-17c329d85af8b93c	1	0	0	255127701a097e0ac6e97a9142a49cbc1cf565f66cf2b651c02bd9757b289d04	DRB__HG00609#2	1	0
RCCX	HG00609#2	HG00609	HG00607	HPRC-EastAsian	HG00609#2#CM086361.1:28373908-33563607	HG00609#2#ctg1	3496376	3636540	WHR1-like+|C4AL+|CYP21A1P-like+|TNXA-like-|WHR1B-like+|C4AL+|CYP21A2-like+|TNXB-like-	2	assembly_homology_and_annotation	RCCX-STRUCT-109f6cb2c3c027c8	1	0	0	59e1618888da587536bf5d21b18b5846226fafb036e18700f95e48a9eb65535e	RCCX__HG00609#2	1	0
DRB	HG00621#1	HG00621	HG00619	HPRC-EastAsian	HG00621#1#CM087851.1:28412809-33652212	HG00621#1#ctg1	4013474	4255486	HLA-DRA+|HLA-DRB4-|HLA-DRB1-	2	provisional_annotation_absence_not_confirmed_deletion	DRB-STRUCT-17c329d85af8b93c	1	0	0	c8c013bdc5d992ff724fbd731e3d948d71f027d31e66f5d039e694b4e5636f79	DRB__HG00621#1	1	0
RCCX	HG00621#1	HG00621	HG00619	HPRC-EastAsian	HG00621#1#CM087851.1:28412809-33652212	HG00621#1#ctg1	3551512	3685309	WHR1-like+|C4AL+|CYP21A1P-like+|TNXA-like-|WHR1B-like+|C4BS+|CYP21A2-like+|TNXB-like-	2	assembly_homology_and_annotation	RCCX-STRUCT-08dc6d3cd5c804e4	1	0	0	221157816b8d0a46e1b57c14fb21fc08da88b06668c355cef538a2f6cc6b91ac	RCCX__HG00621#1	1	0
DRB	HG00621#2	HG00621	HG00619	HPRC-EastAsian	HG00621#2#CM087865.1:28365619-33503852	HG00621#2#ctg1	4028540	4160894	HLA-DRA+|HLA-DRB3-|HLA-DRB1-	2	provisional_annotation_absence_not_confirmed_deletion	DRB-STRUCT-d9e9c983b0b92c6d	1	0	0	0722efcabc9d43e173f7e1577071be1330f4af8fc65ab452c75b95c1d4c29768	DRB__HG00621#2	1	0
RCCX	HG00621#2	HG00621	HG00619	HPRC-EastAsian	HG00621#2#CM087865.1:28365619-33503852	HG00621#2#ctg1	3560736	3700888	WHR1-like+|C4AL+|CYP21A1P-like+|TNXA-like-|WHR1B-like+|C4BL+|CYP21A2-like+|TNXB-like-	2	assembly_homology_and_annotation	RCCX-STRUCT-c91a117646c15232	1	0	0	31abe97595e004ed218a98a704a87d10728db7ddf644fac2094f92459f1d72ba	RCCX__HG00621#2	1	0
DRB	HG00639#1	HG00639	HG00637	HPRC-Rest	HG00639#1#CM088540.1:28385584-33628081	HG00639#1#ctg1	4015810	4257010	HLA-DRA+|HLA-DRB4-|HLA-DRB1-	2	provisional_annotation_absence_not_confirmed_deletion	DRB-STRUCT-17c329d85af8b93c	1	0	0	7f4780f496a9426a103ecdf04d811a290d96129b440db301846476b56b7c1a93	DRB__HG00639#1	1	0
RCCX	HG00639#1	HG00639	HG00637	HPRC-Rest	HG00639#1#CM088540.1:28385584-33628081	HG00639#1#ctg1	3548504	3688653	WHR1-like+|C4AL+|CYP21A1P-like+|TNXA-like-|WHR1B-like+|C4BL+|CYP21A2-like+|TNXB-like-	2	assembly_homology_and_annotation	RCCX-STRUCT-c91a117646c15232	1	0	0	cfbcebd8eda74518b27a21db3317282d1a1706959f1f1effad219e0e1f07666b	RCCX__HG00639#1	1	0
DRB	HG00639#2	HG00639	HG00637	HPRC-Rest	HG00639#2#CM088555.1:28389308-33644836	HG00639#2#ctg1	4030508	4271665	HLA-DRA+|HLA-DRB4-|HLA-DRB1-	2	provisional_annotation_absence_not_confirmed_deletion	DRB-STRUCT-17c329d85af8b93c	1	0	0	8e41ee69aae6ca3b3ea57b68eebb9c10eef96a928aa7d7bb4905273b81194fed	DRB__HG00639#2	1	0
RCCX	HG00639#2	HG00639	HG00637	HPRC-Rest	HG00639#2#CM088555.1:28389308-33644836	HG00639#2#ctg1	3562495	3702646	WHR1-like+|C4AL+|CYP21A1P-like+|TNXA-like-|WHR1B-like+|C4BL+|CYP21A2-like+|TNXB-like-	2	assembly_homology_and_annotation	RCCX-STRUCT-c91a117646c15232	1	0	0	69a0f9b7391dce6e2c05a9d6640b15c827f35697dcbf6333cc24ad78eddc9cf4	RCCX__HG00639#2	1	0
DRB	HG00642#1	HG00642	HG00640	HPRC-Rest	HG00642#1#JBHDST010000009.1:28352295-33459982	HG00642#1#ctg1	3994632	4126865	HLA-DRA+|HLA-DRB3-|HLA-DRB1-	2	provisional_annotation_absence_not_confirmed_deletion	DRB-STRUCT-d9e9c983b0b92c6d	1	0	0	dc8f7b012157d1e1121f3dc06bcadc590124043f0c82423c98487ed0251f048f	DRB__HG00642#1	1	0
RCCX	HG00642#1	HG00642	HG00640	HPRC-Rest	HG00642#1#JBHDST010000009.1:28352295-33459982	HG00642#1#ctg1	3559115	3666509	WHR1-like+|C4AL+|CYP21A2-like+|TNXB-like-	1	assembly_homology_and_annotation	RCCX-STRUCT-80c1563b57f16898	1	0	0	f5097e2ad19590e9f93ec8ccfaf5ecf15093361fabf27a2b844327961ca9c89d	RCCX__HG00642#1	1	0
DRB	HG00642#2	HG00642	HG00640	HPRC-Rest	HG00642#2#CM086622.1:28408489-33506502	HG00642#2#ctg1	3980801	4113362	HLA-DRA+|HLA-DRB3-|HLA-DRB1-	2	provisional_annotation_absence_not_confirmed_deletion	DRB-STRUCT-d9e9c983b0b92c6d	1	0	0	e050e737ccdd8eeed946ee9a9943915080bdbaf15b7770e956d7fb2abb0b54bf	DRB__HG00642#2	1	0
RCCX	HG00642#2	HG00642	HG00640	HPRC-Rest	HG00642#2#CM086622.1:28408489-33506502	HG00642#2#ctg1	3503637	3637425	WHR1-like+|C4AL+|CYP21A1P-like+|TNXA-like-|WHR1B-like+|C4BS+|CYP21A2-like+|TNXB-like-	2	assembly_homology_and_annotation	RCCX-STRUCT-08dc6d3cd5c804e4	1	0	0	34ce45f5b16888496265651d6916c23fa51723f7dcf1a3203730b17743abb04e	RCCX__HG00642#2	1	0
DRB	HG00658#1	HG00658	HG00656	HPRC-EastAsian	HG00658#1#CM088776.1:28382214-33455895	HG00658#1#ctg1	4020063	4088639	HLA-DRA+|HLA-DRB1-	1	provisional_annotation_absence_not_confirmed_deletion	DRB-STRUCT-2e2f348001bcb731	1	0	0	c88b93929a80583acc9ba5df7d0d58b8198fa29a4d9d630ac25865545d7123e1	DRB__HG00658#1	1	0
RCCX	HG00658#1	HG00658	HG00656	HPRC-EastAsian	HG00658#1#CM088776.1:28382214-33455895	HG00658#1#ctg1	3553050	3693219	WHR1-like+|C4AL+|CYP21A1P-like+|TNXA-like-|WHR1B-like+|C4BL+|CYP21A2-like+|TNXB-like-	2	assembly_homology_and_annotation	RCCX-STRUCT-c91a117646c15232	1	0	0	9bbfd6dd3f63350c296498f14b4f81425a0590f579038e7505e155c23f231c1e	RCCX__HG00658#1	1	0
DRB	HG00658#2	HG00658	HG00656	HPRC-EastAsian	HG00658#2#CM088798.1:28345511-33527662	HG00658#2#ctg1	4062118	4197414	HLA-DRA+|HLA-DRB3-|HLA-DRB1-	2	provisional_annotation_absence_not_confirmed_deletion	DRB-STRUCT-d9e9c983b0b92c6d	1	0	0	f5d3e41c2790928a6e9a2e883c682f4cb2d7a880dab4b16ad369b113da16f3a0	DRB__HG00658#2	1	0
RCCX	HG00658#2	HG00658	HG00656	HPRC-EastAsian	HG00658#2#CM088798.1:28345511-33527662	HG00658#2#ctg1	3551428	3718027	WHR1-like+|C4AL+|CYP21A1P-like+|TNXA-like-|WHR1B-like+|C4AS+|CYP21A1P-like+|TNXA-like-|WHR1B-like+|C4BL+|CYP21A2-like+|TNXB-like-	3	assembly_homology_and_annotation	RCCX-STRUCT-e92677dc4f8b8aff	1	0	0	2302050d92d803079254bd4f5258997df74606f60d005893cf16922eb20e5fc0	RCCX__HG00658#2	1	0
DRB	HG00673#1	HG00673	HG00671	HPRC-EastAsian	HG00673#1#CM089145.1:28380395-33412996	HG00673#1#ctg1	3923389	4055784	HLA-DRA+|HLA-DRB3-|HLA-DRB1-	2	provisional_annotation_absence_not_confirmed_deletion	DRB-STRUCT-d9e9c983b0b92c6d	1	0	0	35e102f9ee82cf96a424b3d98f027124e11a3337c8a7cd70d3fce46fde12bba0	DRB__HG00673#1	1	0
RCCX	HG00673#1	HG00673	HG00671	HPRC-EastAsian	HG00673#1#CM089145.1:28380395-33412996	HG00673#1#ctg1	3455266	3595448	WHR1-like+|C4AL+|CYP21A1P-like+|TNXA-like-|WHR1B-like+|C4BL+|CYP21A2-like+|TNXB-like-	2	assembly_homology_and_annotation	RCCX-STRUCT-c91a117646c15232	1	0	0	e4a64aced271f60a19b2001ee74172ce045aa5036b539e47c857565f14577b53	RCCX__HG00673#1	1	0
DRB	HG00673#2	HG00673	HG00671	HPRC-EastAsian	HG00673#2#CM089157.1:28378967-33442230	HG00673#2#ctg1	4008916	4077497	HLA-DRA+|HLA-DRB1-	1	provisional_annotation_absence_not_confirmed_deletion	DRB-STRUCT-2e2f348001bcb731	1	0	0	7687f7e632312d71cc4c20791f8073ca35b0ae832dd4c672f0ccb09fa6e77813	DRB__HG00673#2	1	0
RCCX	HG00673#2	HG00673	HG00671	HPRC-EastAsian	HG00673#2#CM089157.1:28378967-33442230	HG00673#2#ctg1	3548256	3682057	WHR1-like+|C4AL+|CYP21A1P-like+|TNXA-like-|WHR1B-like+|C4AS+|CYP21A2-like+|TNXB-like-	2	assembly_homology_and_annotation	RCCX-STRUCT-b8ca310d36f0396c	1	0	0	5f9a22a9cd417402e22e0be536aac2bac60ddb8f0fca891cdf82bb79976fe889	RCCX__HG00673#2	1	0
DRB	HG00706#1	HG00706	HG00704	HPRC-EastAsian	HG00706#1#CM100016.1:28396497-33554012	HG00706#1#ctg1	4015800	4168515	HLA-DRA+|HLA-DRB5-|HLA-DRB1-	2	provisional_annotation_absence_not_confirmed_deletion	DRB-STRUCT-a57eaf455348c3e7	1	0	0	0b5d7beadd44e09ac87930b9b6d9835051a9943baa25279c41b037cdbc5c1484	DRB__HG00706#1	1	0
RCCX	HG00706#1	HG00706	HG00704	HPRC-EastAsian	HG00706#1#CM100016.1:28396497-33554012	HG00706#1#ctg1	3554517	3688407	WHR1-like+|C4BL+|CYP21A2-like+|TNXA-like-|WHR1B-like+|C4BS+|CYP21A2-like+|TNXB-like-	2	assembly_homology_and_annotation	RCCX-STRUCT-c23deea26722f529	1	0	0	44851887295c43b7d35615cd9fb47811751c36aa40828979c4e4d5dff36b9c6e	RCCX__HG00706#1	1	0
DRB	HG00706#2	HG00706	HG00704	HPRC-EastAsian	HG00706#2#CM100060.1:28411727-33571906	HG00706#2#ctg1	4019553	4171901	HLA-DRA+|HLA-DRB5-|HLA-DRB1-	2	provisional_annotation_absence_not_confirmed_deletion	DRB-STRUCT-a57eaf455348c3e7	1	0	0	be94ebc243964027fffc33de8db0ff53f32302cb1b267ddcd4863b998f98e5dd	DRB__HG00706#2	1	0
RCCX	HG00706#2	HG00706	HG00704	HPRC-EastAsian	HG00706#2#CM100060.1:28411727-33571906	HG00706#2#ctg1	3552179	3692349	WHR1-like+|C4AL+|CYP21A1P-like+|TNXA-like-|WHR1B-like+|C4BL+|CYP21A2-like+|TNXB-like-	2	assembly_homology_and_annotation	RCCX-STRUCT-c91a117646c15232	1	0	0	ab6182b57fbe9961ecf57d2c5f0f44e338ccd94e5c2a96f425288eb2460973ed	RCCX__HG00706#2	1	0
DRB	HG00733#1	HG00733	HG00731	HPRC-Rest	HG00733#1#JAHEPQ020000004.1:28448883-33531506	HG00733#1#ctg1	3972675	4105054	HLA-DRA+|HLA-DRB3-|HLA-DRB1-	2	provisional_annotation_absence_not_confirmed_deletion	DRB-STRUCT-d9e9c983b0b92c6d	1	0	0	e214277e7be941bdabc201883b38ec6d15aeef748458b23ed980d929577cea3f	DRB__HG00733#1	1	0
RCCX	HG00733#1	HG00733	HG00731	HPRC-Rest	HG00733#1#JAHEPQ020000004.1:28448883-33531506	HG00733#1#ctg1	3504520	3644682	WHR1-like+|C4AL+|CYP21A1P-like+|TNXA-like-|WHR1B-like+|C4BL+|CYP21A2-like+|TNXB-like-	2	assembly_homology_and_annotation	RCCX-STRUCT-c91a117646c15232	1	0	0	27afe4f8334053bfb3c0351ee58b0f6fbf61980074fa353b53de0df4ba0b0f67	RCCX__HG00733#1	1	0
DRB	HG00733#2	HG00733	HG00731	HPRC-Rest	HG00733#2#JAHEPP020000013.1:28389728-33496160	HG00733#2#ctg1	3994614	4126847	HLA-DRA+|HLA-DRB3-|HLA-DRB1-	2	provisional_annotation_absence_not_confirmed_deletion	DRB-STRUCT-d9e9c983b0b92c6d	1	0	0	572dd7add98dbe356fd1ec21454d6acaad7c335aa4640763c4a16e315c9cc386	DRB__HG00733#2	1	0
RCCX	HG00733#2	HG00733	HG00731	HPRC-Rest	HG00733#2#JAHEPP020000013.1:28389728-33496160	HG00733#2#ctg1	3559094	3666487	WHR1-like+|C4AL+|CYP21A2-like+|TNXB-like-	1	assembly_homology_and_annotation	RCCX-STRUCT-80c1563b57f16898	1	0	0	dfd32367969aae4696b762a362ddeddb271b7819b382f6354e112d6228ea44e8	RCCX__HG00733#2	1	0
DRB	HG00735#1	HG00735	HG00734	HPRC-Rest	HG00735#1#CM087879.1:28400157-33626272	HG00735#1#ctg1	4101693	4240468	HLA-DRA+|HLA-DRB1-	1	provisional_annotation_absence_not_confirmed_deletion	DRB-STRUCT-2e2f348001bcb731	1	0	0	f4fce834aeb03e6140e476723f2b5c9c7b059f25617b6f055ff028283104d29f	DRB__HG00735#1	1	0
RCCX	HG00735#1	HG00735	HG00734	HPRC-Rest	HG00735#1#CM087879.1:28400157-33626272	HG00735#1#ctg1	3623398	3757202	WHR1-like+|C4AL+|CYP21A1P-like+|TNXA-like-|WHR1B-like+|C4BS+|CYP21A2-like+|TNXB-like-	2	assembly_homology_and_annotation	RCCX-STRUCT-08dc6d3cd5c804e4	1	0	0	13e916b44d6d681c3d43385ae72969a296836babb69eece6a213b7c53e14a103	RCCX__HG00735#1	1	0
DRB	HG00735#2	HG00735	HG00734	HPRC-Rest	HG00735#2#CM087888.1:28407279-33712571	HG00735#2#ctg1	4079088	4320185	HLA-DRA+|HLA-DRB4-|HLA-DRB1-	2	provisional_annotation_absence_not_confirmed_deletion	DRB-STRUCT-17c329d85af8b93c	1	0	0	9d4446169e46f16ff1597db70f6cacd48bb5924bd0f1a1787378a634a67b2356	DRB__HG00735#2	1	0
RCCX	HG00735#2	HG00735	HG00734	HPRC-Rest	HG00735#2#CM087888.1:28407279-33712571	HG00735#2#ctg1	3618549	3752337	WHR1-like+|C4AL+|CYP21A1P-like+|TNXA-like-|WHR1B-like+|C4BS+|CYP21A2-like+|TNXB-like-	2	assembly_homology_and_annotation	RCCX-STRUCT-08dc6d3cd5c804e4	1	0	0	0ae2bd653ee94b9377b8c0e020e447dc53bcb891ad21604200a6185b9d335a7f	RCCX__HG00735#2	1	0
DRB	HG00738#1	HG00738	HG00736	HPRC-Rest	HG00738#1#CM086647.1:28420303-33517291	HG00738#1#ctg1	3981259	4117494	HLA-DRA+|HLA-DRB3-|HLA-DRB1-	2	provisional_annotation_absence_not_confirmed_deletion	DRB-STRUCT-d9e9c983b0b92c6d	1	0	0	30479f85a555b850299c66a1834f43519eb0d9cde853db558d34ec744b5d9836	DRB__HG00738#1	1	0
RCCX	HG00738#1	HG00738	HG00736	HPRC-Rest	HG00738#1#CM086647.1:28420303-33517291	HG00738#1#ctg1	3552126	3653200	WHR1-like+|C4BS+|CYP21A2-like+|TNXB-like-	1	assembly_homology_and_annotation	RCCX-STRUCT-a002f576cdda62b4	1	0	0	e9709f03d9cb2f98bb25a4a51bc3213c26171ff6d1c848684729a549244955dd	RCCX__HG00738#1	1	0
DRB	HG00738#2	HG00738	HG00736	HPRC-Rest	HG00738#2#CM086684.1:28399019-33553590	HG00738#2#ctg1	4035713	4171503	HLA-DRA+|HLA-DRB3-|HLA-DRB1-	2	provisional_annotation_absence_not_confirmed_deletion	DRB-STRUCT-d9e9c983b0b92c6d	1	0	0	548058ec092a75944b8615d93566b942edc6c8f1f865d2fea2ef20100ddc8af1	DRB__HG00738#2	1	0
RCCX	HG00738#2	HG00738	HG00736	HPRC-Rest	HG00738#2#CM086684.1:28399019-33553590	HG00738#2#ctg1	3550292	3690438	WHR1-like+|C4AL+|CYP21A1P-like+|TNXA-like-|WHR1B-like+|C4AL+|CYP21A2-like+|TNXB-like-	2	assembly_homology_and_annotation	RCCX-STRUCT-109f6cb2c3c027c8	1	0	0	cd9caaea32df7856caf68e09a958e2eaf5d1cc7e0d874db6036951daabf63e65	RCCX__HG00738#2	1	0
DRB	HG00741#1	HG00741	HG00739	HPRC-Rest	HG00741#1#CM087899.1:28395234-33528259	HG00741#1#ctg1	4022701	4155077	HLA-DRA+|HLA-DRB3-|HLA-DRB1-	2	provisional_annotation_absence_not_confirmed_deletion	DRB-STRUCT-d9e9c983b0b92c6d	1	0	0	6d6c2506b89ae9ec39f5f7e6b738425cda9fcfb6ff84cd1a981db92e3c100c58	DRB__HG00741#1	1	0
RCCX	HG00741#1	HG00741	HG00739	HPRC-Rest	HG00741#1#CM087899.1:28395234-33528259	HG00741#1#ctg1	3560953	3694771	WHR1-like+|C4AL+|CYP21A1P-like+|TNXA-like-|WHR1B-like+|C4BS+|CYP21A2-like+|TNXB-like-	2	assembly_homology_and_annotation	RCCX-STRUCT-08dc6d3cd5c804e4	1	0	0	0cdb0ac3c0f22a6fbf08376dd9f7db5cd3da1d6f033902f4085d1e3fe1173039	RCCX__HG00741#1	1	0
DRB	HG00741#2	HG00741	HG00739	HPRC-Rest	HG00741#2#CM087911.1:28428150-33619756	HG00741#2#ctg1	4078043	4210170	HLA-DRA+|HLA-DRB3-|HLA-DRB1-	2	provisional_annotation_absence_not_confirmed_deletion	DRB-STRUCT-d9e9c983b0b92c6d	1	0	0	9994501db2540f79a3a3e42698ecbdea916af9307477d14548b82b89852b87a1	DRB__HG00741#2	1	0
RCCX	HG00741#2	HG00741	HG00739	HPRC-Rest	HG00741#2#CM087911.1:28428150-33619756	HG00741#2#ctg1	3616898	3750690	WHR1-like+|C4AL+|CYP21A1P-like+|TNXA-like-|WHR1B-like+|C4BS+|CYP21A2-like+|TNXB-like-	2	assembly_homology_and_annotation	RCCX-STRUCT-08dc6d3cd5c804e4	1	0	0	556f8b52d15495ff8b2dc21ad928cd54b5dcc04c41f6181530609d354d474f98	RCCX__HG00741#2	1	0
DRB	HG01071#1	HG01071	HG01069	HPRC-Rest	HG01071#1#CM089116.1:28400399-33605490	HG01071#1#ctg1	3968506	4211373	HLA-DRA+|HLA-DRB4-|HLA-DRB1-	2	provisional_annotation_absence_not_confirmed_deletion	DRB-STRUCT-17c329d85af8b93c	1	0	0	6e2ad9749a32cbc0680c61072adb9f8f93ca66585043b4e626599bab3c43504a	DRB__HG01071#1	1	0
RCCX	HG01071#1	HG01071	HG01069	HPRC-Rest	HG01071#1#CM089116.1:28400399-33605490	HG01071#1#ctg1	3507189	3640976	WHR1-like+|C4AL+|CYP21A1P-like+|TNXA-like-|WHR1B-like+|C4BS+|CYP21A2-like+|TNXB-like-	2	assembly_homology_and_annotation	RCCX-STRUCT-08dc6d3cd5c804e4	1	0	0	b2f8281002bf3db7efb0885b591807c25d8e0f05cd9879a4620324738737b311	RCCX__HG01071#1	1	0
DRB	HG01071#2	HG01071	HG01069	HPRC-Rest	HG01071#2#JAHBCE020000004.1:28353469-33512869	HG01071#2#ctg1	4048336	4180597	HLA-DRA+|HLA-DRB3-|HLA-DRB1-	2	provisional_annotation_absence_not_confirmed_deletion	DRB-STRUCT-d9e9c983b0b92c6d	1	0	0	d067cff1bb7e4e4fda17524dce3ffc7d40a058e19390a42b0a68a3b25629a495	DRB__HG01071#2	1	0
RCCX	HG01071#2	HG01071	HG01069	HPRC-Rest	HG01071#2#JAHBCE020000004.1:28353469-33512869	HG01071#2#ctg1	3560228	3720382	WHR1-like+|C4BL+|CYP21A1P-like+|TNXA-like-|WHR1B-like+|C4AS+|CYP21A2-like+|TNXA-like-|WHR1B-like+|C4BS+|CYP21A2-like+|TNXB-like-	3	assembly_homology_and_annotation	RCCX-STRUCT-8904b92121a5f1e8	1	0	0	0fd4a5b66099d818b04483bead76009e8ef1037dd46b7c81c5d5ac8dc0d5d2b7	RCCX__HG01071#2	1	0
DRB	HG01074#1	HG01074	HG01072	HPRC-Rest	HG01074#1#CM088786.1:28385433-33531927	HG01074#1#ctg1	4005416	4157674	HLA-DRA+|HLA-DRB5-|HLA-DRB1-	2	provisional_annotation_absence_not_confirmed_deletion	DRB-STRUCT-a57eaf455348c3e7	1	0	0	e12309878bbae363ea48f8165a84fc65023504c9203455b411c676b5f5c0970c	DRB__HG01074#1	1	0
RCCX	HG01074#1	HG01074	HG01072	HPRC-Rest	HG01074#1#CM088786.1:28385433-33531927	HG01074#1#ctg1	3537005	3677168	WHR1-like+|C4BL+|CYP21A1P-like+|TNXA-like-|WHR1B-like+|C4BL+|CYP21A2-like+|TNXB-like-	2	assembly_homology_and_annotation	RCCX-STRUCT-684f24a39886a3ee	1	0	0	66ad02c0a09d71f6d91c7c2c4e97f4a3942808390d0b0c0aa09df649cf3ee2cd	RCCX__HG01074#1	1	0
DRB	HG01074#2	HG01074	HG01072	HPRC-Rest	HG01074#2#CM088812.1:28367163-33616085	HG01074#2#ctg1	4013615	4256491	HLA-DRA+|HLA-DRB4-|HLA-DRB1-	2	provisional_annotation_absence_not_confirmed_deletion	DRB-STRUCT-17c329d85af8b93c	1	0	0	d20ee57e587c6d7ec8e6a776a4f76a8680244c65479efe21b63224487537e97f	DRB__HG01074#2	1	0
RCCX	HG01074#2	HG01074	HG01072	HPRC-Rest	HG01074#2#CM088812.1:28367163-33616085	HG01074#2#ctg1	3552327	3686134	WHR1-like+|C4AL+|CYP21A1P-like+|TNXA-like-|WHR1B-like+|C4BS+|CYP21A2-like+|TNXB-like-	2	assembly_homology_and_annotation	RCCX-STRUCT-08dc6d3cd5c804e4	1	0	0	4e76004bc8d17accd4440d484ea1241d5030276f61ef783d81f5dfb1157fb9be	RCCX__HG01074#2	1	0
DRB	HG01081#1	HG01081	HG01079	HPRC-Rest	HG01081#1#CM088567.1:28461361-33570671	HG01081#1#ctg1	3999961	4132349	HLA-DRA+|HLA-DRB3-|HLA-DRB1-	2	provisional_annotation_absence_not_confirmed_deletion	DRB-STRUCT-d9e9c983b0b92c6d	1	0	0	8178fec08855a8df45fff1cabfedc7620dc727fb97f291a5e47415a0d93c8d15	DRB__HG01081#1	1	0
RCCX	HG01081#1	HG01081	HG01079	HPRC-Rest	HG01081#1#CM088567.1:28461361-33570671	HG01081#1#ctg1	3499089	3671994	WHR1-like+|C4AL+|CYP21A1P-like+|TNXA-like-|WHR1B-like+|C4AL+|CYP21A1P-like+|TNXA-like-|WHR1B-like+|C4BL+|CYP21A2-like+|TNXB-like-	3	assembly_homology_and_annotation	RCCX-STRUCT-ca928f07d032036f	1	0	0	8b3da217943a8e7b4b9f21d516a2257e8dace2edf4e174614a56d048f099651a	RCCX__HG01081#1	1	0
DRB	HG01081#2	HG01081	HG01079	HPRC-Rest	HG01081#2#CM088583.1:28313947-33411923	HG01081#2#ctg1	3980776	4113335	HLA-DRA+|HLA-DRB3-|HLA-DRB1-	2	provisional_annotation_absence_not_confirmed_deletion	DRB-STRUCT-d9e9c983b0b92c6d	1	0	0	acb59366ce8830eaf37b7ff190ebdf9a51d4f6f46b459ba3eda367cd8866cece	DRB__HG01081#2	1	0
RCCX	HG01081#2	HG01081	HG01079	HPRC-Rest	HG01081#2#CM088583.1:28313947-33411923	HG01081#2#ctg1	3503615	3637403	WHR1-like+|C4AL+|CYP21A1P-like+|TNXA-like-|WHR1B-like+|C4BS+|CYP21A2-like+|TNXB-like-	2	assembly_homology_and_annotation	RCCX-STRUCT-08dc6d3cd5c804e4	1	0	0	618e8a9d3bb1d6d68b03e4454091133f321b412ce5b8645edd9f35f4c5434abb	RCCX__HG01081#2	1	0
DRB	HG01099#1	HG01099	HG01097	HPRC-Rest	HG01099#1#CM086260.1:28473499-33727222	HG01099#1#ctg1	4018455	4261337	HLA-DRA+|HLA-DRB4-|HLA-DRB1-	2	provisional_annotation_absence_not_confirmed_deletion	DRB-STRUCT-17c329d85af8b93c	1	0	0	cfc1b3da186e265d2f2ba0cd5f847f05d747f647cdd5889e20ea4754cd4d3f50	DRB__HG01099#1	1	0
RCCX	HG01099#1	HG01099	HG01097	HPRC-Rest	HG01099#1#CM086260.1:28473499-33727222	HG01099#1#ctg1	3557144	3690931	WHR1-like+|C4AL+|CYP21A1P-like+|TNXA-like-|WHR1B-like+|C4BS+|CYP21A2-like+|TNXB-like-	2	assembly_homology_and_annotation	RCCX-STRUCT-08dc6d3cd5c804e4	1	0	0	8897d4056f8ab9067edad2f93b81fec179cf23cf4bbd4ba9bbdbc73c77d5aae7	RCCX__HG01099#1	1	0
DRB	HG01099#2	HG01099	HG01097	HPRC-Rest	HG01099#2#CM086271.1:28372897-33623240	HG01099#2#ctg1	4013918	4256791	HLA-DRA+|HLA-DRB4-|HLA-DRB1-	2	provisional_annotation_absence_not_confirmed_deletion	DRB-STRUCT-17c329d85af8b93c	1	0	0	5f215cabb43f7d717b8fe059ae646379f37efe9c3be3f34c508f30175fbb8316	DRB__HG01099#2	1	0
RCCX	HG01099#2	HG01099	HG01097	HPRC-Rest	HG01099#2#CM086271.1:28372897-33623240	HG01099#2#ctg1	3552631	3686439	WHR1-like+|C4AL+|CYP21A1P-like+|TNXA-like-|WHR1B-like+|C4BS+|CYP21A2-like+|TNXB-like-	2	assembly_homology_and_annotation	RCCX-STRUCT-08dc6d3cd5c804e4	1	0	0	279d1d5a34df9fa0c30d887a37806ba6bce34d997eb8608f95093ef97812c9b0	RCCX__HG01099#2	1	0
DRB	HG01106#1	HG01106	HG01104	HPRC-Rest	HG01106#1#CM087952.1:28365981-33527455	HG01106#1#ctg1	4049342	4181576	HLA-DRA+|HLA-DRB3-|HLA-DRB1-	2	provisional_annotation_absence_not_confirmed_deletion	DRB-STRUCT-d9e9c983b0b92c6d	1	0	0	de3c5dcaf8f509cc48541054b83689c6348083890f30bc08d225874d8d3c5ebe	DRB__HG01106#1	1	0
RCCX	HG01106#1	HG01106	HG01104	HPRC-Rest	HG01106#1#CM087952.1:28365981-33527455	HG01106#1#ctg1	3613816	3721214	WHR1-like+|C4AL+|CYP21A2-like+|TNXB-like-	1	assembly_homology_and_annotation	RCCX-STRUCT-80c1563b57f16898	1	0	0	37b6106e9ed222be8244b60efbcb9dc38919adf6853b4dfd3ba57c2fdcb3466c	RCCX__HG01106#1	1	0
DRB	HG01106#2	HG01106	HG01104	HPRC-Rest	HG01106#2#CM087965.1:28447447-33606093	HG01106#2#ctg1	4045834	4178078	HLA-DRA+|HLA-DRB3-|HLA-DRB1-	2	provisional_annotation_absence_not_confirmed_deletion	DRB-STRUCT-d9e9c983b0b92c6d	1	0	0	c008fc7ca9e69d836e24e41ea9649d6f4af41da0806eca447c12a4cdbb5dc7d0	DRB__HG01106#2	1	0
RCCX	HG01106#2	HG01106	HG01104	HPRC-Rest	HG01106#2#CM087965.1:28447447-33606093	HG01106#2#ctg1	3610955	3718353	WHR1-like+|C4AL+|CYP21A2-like+|TNXB-like-	1	assembly_homology_and_annotation	RCCX-STRUCT-80c1563b57f16898	1	0	0	84fd03aed5d3df939449d699ca379030397e58ca3fca0ddfba3bbd63514a9d39	RCCX__HG01106#2	1	0
DRB	HG01109#1	HG01109	HG01107	HPRC-Rest	HG01109#1#CM092087.1:28385979-33527092	HG01109#1#ctg1	4086332	4158612	HLA-DRA+|HLA-DRB1-	1	provisional_annotation_absence_not_confirmed_deletion	DRB-STRUCT-2e2f348001bcb731	1	0	0	a103ba549e9e01333cd9f7f78e77e7027916fcf52003912b20ff95d3e025c8f1	DRB__HG01109#1	1	0
RCCX	HG01109#1	HG01109	HG01107	HPRC-Rest	HG01109#1#CM092087.1:28385979-33527092	HG01109#1#ctg1	3617991	3758145	WHR1-like+|C4AL+|CYP21A1P-like+|TNXA-like-|WHR1B-like+|C4BL+|CYP21A2-like+|TNXB-like-	2	assembly_homology_and_annotation	RCCX-STRUCT-c91a117646c15232	1	0	0	2d84b0945c7fc09e6e371129e968c22498d2a7d96a27310265dbe1b51815f657	RCCX__HG01109#1	1	0
DRB	HG01109#2	HG01109	HG01107	HPRC-Rest	HG01109#2#CM092075.1:28375676-33512099	HG01109#2#ctg1	4012404	4151235	HLA-DRA+|HLA-DRB1-	1	provisional_annotation_absence_not_confirmed_deletion	DRB-STRUCT-2e2f348001bcb731	1	0	0	b851db32b00eb151f0f896cde4d2686e30f58e125fb4b85d13ab59d5f177f5e1	DRB__HG01109#2	1	0
RCCX	HG01109#2	HG01109	HG01107	HPRC-Rest	HG01109#2#CM092075.1:28375676-33512099	HG01109#2#ctg1	3552646	3686444	WHR1-like+|C4AL+|CYP21A1P-like+|TNXA-like-|WHR1B-like+|C4BS+|CYP21A2-like+|TNXB-like-	2	assembly_homology_and_annotation	RCCX-STRUCT-08dc6d3cd5c804e4	1	0	0	c518dea02f9b83d33823f1dfa7427918094cfbd33bf6077c66cdcc532955b2d1	RCCX__HG01109#2	1	0
DRB	HG01123#1	HG01123	HG01123	HPRC-Rest	HG01123#1#CM089083.1:28404843-33659990	HG01123#1#ctg1	4020806	4263250	HLA-DRA+|HLA-DRB4-|HLA-DRB1-	2	provisional_annotation_absence_not_confirmed_deletion	DRB-STRUCT-17c329d85af8b93c	1	0	0	5065a84aa3476d5eb0a8a1c4b1240938b54d9654a24dc6644745f839fdaa4972	DRB__HG01123#1	1	0
RCCX	HG01123#1	HG01123	HG01123	HPRC-Rest	HG01123#1#CM089083.1:28404843-33659990	HG01123#1#ctg1	3553392	3693549	WHR1-like+|C4AL+|CYP21A1P-like+|TNXA-like-|WHR1B-like+|C4BL+|CYP21A2-like+|TNXB-like-	2	assembly_homology_and_annotation	RCCX-STRUCT-c91a117646c15232	1	0	0	e158f886512ffd9de7420e6f391317ab4516e99ca33babc226b7f6f3a9835383	RCCX__HG01123#1	1	0
DRB	HG01123#2	HG01123	HG01123	HPRC-Rest	HG01123#2#CM089098.1:28415807-33563460	HG01123#2#ctg1	4027832	4163624	HLA-DRA+|HLA-DRB3-|HLA-DRB1-	2	provisional_annotation_absence_not_confirmed_deletion	DRB-STRUCT-d9e9c983b0b92c6d	1	0	0	957afc9c70088b20623d36b91c484af7b162e3427e6a1b8b6d7de3354db1dfb0	DRB__HG01123#2	1	0
RCCX	HG01123#2	HG01123	HG01123	HPRC-Rest	HG01123#2#CM089098.1:28415807-33563460	HG01123#2#ctg1	3542398	3682552	WHR1-like+|C4AL+|CYP21A1P-like+|TNXA-like-|WHR1B-like+|C4AL+|CYP21A2-like+|TNXB-like-	2	assembly_homology_and_annotation	RCCX-STRUCT-109f6cb2c3c027c8	1	0	0	ef7f0a7e321035a39270293f0a8a8cb2a0f20686608be6a092b4b60935f7a48f	RCCX__HG01123#2	1	0
DRB	HG01150#1	HG01150	HG01148	HPRC-Rest	HG01150#1#CM088598.1:28377562-33536105	HG01150#1#ctg1	4016164	4168496	HLA-DRA+|HLA-DRB5-|HLA-DRB1-	2	provisional_annotation_absence_not_confirmed_deletion	DRB-STRUCT-a57eaf455348c3e7	1	0	0	2dfbc451e8164b09f096406659562259cf47e716fe3b103c7a1ad9fbe9c22439	DRB__HG01150#1	1	0
RCCX	HG01150#1	HG01150	HG01148	HPRC-Rest	HG01150#1#CM088598.1:28377562-33536105	HG01150#1#ctg1	3547758	3687907	WHR1-like+|C4AL+|CYP21A1P-like+|TNXA-like-|WHR1B-like+|C4BL+|CYP21A2-like+|TNXB-like-	2	assembly_homology_and_annotation	RCCX-STRUCT-c91a117646c15232	1	0	0	07f417a60ae60d20f15879933f70a4144c036372020c8fd79cff1879823154b5	RCCX__HG01150#1	1	0
DRB	HG01150#2	HG01150	HG01148	HPRC-Rest	HG01150#2#CM088614.1:28600391-33807062	HG01150#2#ctg1	4088419	4224536	HLA-DRA+|HLA-DRB3-|HLA-DRB1-	2	provisional_annotation_absence_not_confirmed_deletion	DRB-STRUCT-d9e9c983b0b92c6d	1	0	0	63e8bb65d08cbfb577db09cb977ee25403cabd6d286c0e2cf0e0076d2ae86964	DRB__HG01150#2	1	0
RCCX	HG01150#2	HG01150	HG01148	HPRC-Rest	HG01150#2#CM088614.1:28600391-33807062	HG01150#2#ctg1	3621058	3761216	WHR1-like+|C4AL+|CYP21A1P-like+|TNXA-like-|WHR1B-like+|C4BL+|CYP21A2-like+|TNXB-like-	2	assembly_homology_and_annotation	RCCX-STRUCT-c91a117646c15232	1	0	0	1990b61b5d63499ba6f0ef7f2e7f78171429807dc724e7f44ea05f4a32253d24	RCCX__HG01150#2	1	0
DRB	HG01167#1	HG01167	HG01167	HPRC-Rest	HG01167#1#CM094528.1:28408993-33550950	HG01167#1#ctg1	3915539	4156642	HLA-DRA+|HLA-DRB4-|HLA-DRB1-	2	provisional_annotation_absence_not_confirmed_deletion	DRB-STRUCT-17c329d85af8b93c	1	0	0	8928c3954da529591f54686d42b1149e6927849cc3410a7e562460cc8efe9694	DRB__HG01167#1	1	1
RCCX	HG01167#1	HG01167	HG01167	HPRC-Rest	HG01167#1#CM094528.1:28408993-33550950	HG01167#1#ctg1	3454615	3588414	WHR1-like+|C4AL+|CYP21A1P-like+|TNXA-like-|WHR1B-like+|C4BS+|CYP21A2-like+|TNXB-like-	2	assembly_homology_and_annotation	RCCX-STRUCT-08dc6d3cd5c804e4	1	0	0	96ea736c98982182a90643cdc0ad33dfc98df29cdbc6f5db01f4438f58476405	RCCX__HG01167#1	1	1
DRB	HG01167#2	HG01167	HG01167	HPRC-Rest	HG01167#2#CM094543.1:28383235-33548638	HG01167#2#ctg1	4024203	4176535	HLA-DRA+|HLA-DRB5-|HLA-DRB1-	2	provisional_annotation_absence_not_confirmed_deletion	DRB-STRUCT-a57eaf455348c3e7	1	0	0	04bc6bd5cc54dcbdd124c437afe646126eae20242ba23dfb17f04dba2866bcf9	DRB__HG01167#2	1	1
RCCX	HG01167#2	HG01167	HG01167	HPRC-Rest	HG01167#2#CM094543.1:28383235-33548638	HG01167#2#ctg1	3562172	3695957	WHR1-like+|C4AL+|CYP21A1P-like+|TNXA-like-|WHR1B-like+|C4BS+|CYP21A2-like+|TNXB-like-	2	assembly_homology_and_annotation	RCCX-STRUCT-08dc6d3cd5c804e4	1	0	0	3c738839338b23e1fc4f63ad1e6aa4658d1b8a5c8f467cf232c145b7a623cb8e	RCCX__HG01167#2	1	1
DRB	HG01175#1	HG01175	HG01173	HPRC-Rest	HG01175#1#CM087925.1:28388857-33560219	HG01175#1#ctg1	4029670	4181928	HLA-DRA+|HLA-DRB5-|HLA-DRB1-	2	provisional_annotation_absence_not_confirmed_deletion	DRB-STRUCT-a57eaf455348c3e7	1	0	0	f15888026851ec20486a28850fadf949cc108733e8b9b6922675169cc67c91c2	DRB__HG01175#1	1	0
RCCX	HG01175#1	HG01175	HG01173	HPRC-Rest	HG01175#1#CM087925.1:28388857-33560219	HG01175#1#ctg1	3561251	3701414	WHR1-like+|C4AL+|CYP21A1P-like+|TNXA-like-|WHR1B-like+|C4BL+|CYP21A2-like+|TNXB-like-	2	assembly_homology_and_annotation	RCCX-STRUCT-c91a117646c15232	1	0	0	5a78fedfa89012ab1d7c9f93ff8e7ab1d59002bfe2ba3961e1316731f8e3327d	RCCX__HG01175#1	1	0
DRB	HG01175#2	HG01175	HG01173	HPRC-Rest	HG01175#2#CM087940.1:28426263-33594671	HG01175#2#ctg1	4044349	4183135	HLA-DRA+|HLA-DRB1-	1	provisional_annotation_absence_not_confirmed_deletion	DRB-STRUCT-2e2f348001bcb731	1	0	0	90206e586e0047d7bbb89376d49238d4d527ceef9dce0f9240524056b073aac2	DRB__HG01175#2	1	0
RCCX	HG01175#2	HG01175	HG01173	HPRC-Rest	HG01175#2#CM087940.1:28426263-33594671	HG01175#2#ctg1	3565926	3699718	WHR1-like+|C4AL+|CYP21A1P-like+|TNXA-like-|WHR1B-like+|C4BS+|CYP21A2-like+|TNXB-like-	2	assembly_homology_and_annotation	RCCX-STRUCT-08dc6d3cd5c804e4	1	0	0	0c3baf6ae0998b1853936d39343bda736df636f0655d3f13c8998757d354f361	RCCX__HG01175#2	1	0
DRB	HG01192#1	HG01192	HG01190	HPRC-Rest	HG01192#1#JBHDVI010000008.1:28423245-33497113	HG01192#1#ctg1	4019443	4091292	HLA-DRA+|HLA-DRB1-	1	provisional_annotation_absence_not_confirmed_deletion	DRB-STRUCT-2e2f348001bcb731	1	0	0	a54366fcf6c4e4257d8f32336d288f2987cb75fb7983d582aba59c77cfa360df	DRB__HG01192#1	1	0
RCCX	HG01192#1	HG01192	HG01190	HPRC-Rest	HG01192#1#JBHDVI010000008.1:28423245-33497113	HG01192#1#ctg1	3552305	3692458	WHR1-like+|C4AL+|CYP21A1P-like+|TNXA-like-|WHR1B-like+|C4BL+|CYP21A2-like+|TNXB-like-	2	assembly_homology_and_annotation	RCCX-STRUCT-c91a117646c15232	1	0	0	fa69b27c7dc2c23791cef84a6c19760969f2c3a33929ab8886cb5c6f62f1bb0d	RCCX__HG01192#1	1	0
DRB	HG01192#2	HG01192	HG01190	HPRC-Rest	HG01192#2#JBHDVJ010000035.1:28425182-33556403	HG01192#2#ctg1	4020237	4152467	HLA-DRA+|HLA-DRB3-|HLA-DRB1-	2	provisional_annotation_absence_not_confirmed_deletion	DRB-STRUCT-d9e9c983b0b92c6d	1	0	0	903144738d9e8e8d14a035105caf531455eb0c1f791d4813254f61d907e141e0	DRB__HG01192#2	1	0
RCCX	HG01192#2	HG01192	HG01190	HPRC-Rest	HG01192#2#JBHDVJ010000035.1:28425182-33556403	HG01192#2#ctg1	3559312	3693111	WHR1-like+|C4AL+|CYP21A1P-like+|TNXA-like-|WHR1B-like+|C4BS+|CYP21A2-like+|TNXB-like-	2	assembly_homology_and_annotation	RCCX-STRUCT-08dc6d3cd5c804e4	1	0	0	96ea736c98982182a90643cdc0ad33dfc98df29cdbc6f5db01f4438f58476405	RCCX__HG01192#2	1	0
DRB	HG01243#1	HG01243	HG01241	HPRC-Rest	HG01243#1#JAHEOY020000051.1:28395858-33529902	HG01243#1#ctg1	4015599	4147548	HLA-DRA+|HLA-DRB3-|HLA-DRB1-	2	provisional_annotation_absence_not_confirmed_deletion	DRB-STRUCT-d9e9c983b0b92c6d	1	0	0	a158488e7152ba2eb6b815e9f7a2cae0f0d78df76511239011e848303af81634	DRB__HG01243#1	1	0
RCCX	HG01243#1	HG01243	HG01241	HPRC-Rest	HG01243#1#JAHEOY020000051.1:28395858-33529902	HG01243#1#ctg1	3553682	3687473	WHR1-like+|C4AL+|CYP21A1P-like+|TNXA-like-|WHR1B-like+|C4BS+|CYP21A2-like+|TNXB-like-	2	assembly_homology_and_annotation	RCCX-STRUCT-08dc6d3cd5c804e4	1	0	0	0f0f9db5558702cb2c9eeed052c57a1dc5e726861b16f33aa0ea4e66f3b9a38c	RCCX__HG01243#1	1	0
DRB	HG01243#2	HG01243	HG01241	HPRC-Rest	HG01243#2#JAHEOX020000061.1:28429017-33652180	HG01243#2#ctg1	4104088	4239881	HLA-DRA+|HLA-DRB3-|HLA-DRB1-	2	provisional_annotation_absence_not_confirmed_deletion	DRB-STRUCT-d9e9c983b0b92c6d	1	0	0	ca79ad3ac69faf032c890331567fd155f7c8cf28f519b5a182e319bd027f0e6c	DRB__HG01243#2	1	0
RCCX	HG01243#2	HG01243	HG01241	HPRC-Rest	HG01243#2#JAHEOX020000061.1:28429017-33652180	HG01243#2#ctg1	3618653	3758799	WHR1-like+|C4AL+|CYP21A1P-like+|TNXA-like-|WHR1B-like+|C4AL+|CYP21A2-like+|TNXB-like-	2	assembly_homology_and_annotation	RCCX-STRUCT-109f6cb2c3c027c8	1	0	0	ae28982b9abd593c102ee7d561c3e84ef2482db0c3abc88129ffc5b942e7fbee	RCCX__HG01243#2	1	0
DRB	HG01252#1	HG01252	HG01250	HPRC-Rest	HG01252#1#CM088824.1:28394713-33593325	HG01252#1#ctg1	3972524	4213719	HLA-DRA+|HLA-DRB4-|HLA-DRB1-	2	provisional_annotation_absence_not_confirmed_deletion	DRB-STRUCT-17c329d85af8b93c	1	0	0	86564bc4c6b065ad4eb5ffd79345835fc5d15a8e7c7e89b5cd7456df4ee35e3f	DRB__HG01252#1	1	0
RCCX	HG01252#1	HG01252	HG01250	HPRC-Rest	HG01252#1#CM088824.1:28394713-33593325	HG01252#1#ctg1	3505201	3645361	WHR1-like+|C4AL+|CYP21A1P-like+|TNXA-like-|WHR1B-like+|C4BL+|CYP21A2-like+|TNXB-like-	2	assembly_homology_and_annotation	RCCX-STRUCT-c91a117646c15232	1	0	0	3f8b4ba088ac1d7067f2f15ddb77bab505bcf2b20887b700cfdf6259d1ec5757	RCCX__HG01252#1	1	0
DRB	HG01252#2	HG01252	HG01250	HPRC-Rest	HG01252#2#CM088855.1:28339611-33537772	HG01252#2#ctg1	3972283	4213934	HLA-DRA+|HLA-DRB4-|HLA-DRB1-	2	provisional_annotation_absence_not_confirmed_deletion	DRB-STRUCT-17c329d85af8b93c	1	0	0	42902a45aef9dcb1bb42f9b886ad8c405eac5a10eb9a501ae38993181a6966b1	DRB__HG01252#2	1	0
RCCX	HG01252#2	HG01252	HG01250	HPRC-Rest	HG01252#2#CM088855.1:28339611-33537772	HG01252#2#ctg1	3504945	3645122	WHR1-like+|C4AL+|CYP21A1P-like+|TNXA-like-|WHR1B-like+|C4BL+|CYP21A2-like+|TNXB-like-	2	assembly_homology_and_annotation	RCCX-STRUCT-c91a117646c15232	1	0	0	1d60baf6fd3204fd317fc6d4266a9a697a8b9cfdd0c1b37aaf08b93b2e715d48	RCCX__HG01252#2	1	0
DRB	HG01255#1	HG01255	HG01253	HPRC-Rest	HG01255#1#CM086707.1:28387912-33538917	HG01255#1#ctg1	4031345	4167137	HLA-DRA+|HLA-DRB3-|HLA-DRB1-	2	provisional_annotation_absence_not_confirmed_deletion	DRB-STRUCT-d9e9c983b0b92c6d	1	0	0	eeca486011f2f4a0dc5b4d7f46ea4b74de6498b3c64c32ff6f36ae5037969365	DRB__HG01255#1	1	0
RCCX	HG01255#1	HG01255	HG01253	HPRC-Rest	HG01255#1#CM086707.1:28387912-33538917	HG01255#1#ctg1	3552259	3686063	WHR1-like+|C4AL+|CYP21A1P-like+|TNXA-like-|WHR1B-like+|C4BS+|CYP21A2-like+|TNXB-like-	2	assembly_homology_and_annotation	RCCX-STRUCT-08dc6d3cd5c804e4	1	0	0	aacd62381546fc64c35efc31d7d94966bf318efc97041fdfbcceadaf55bea3b7	RCCX__HG01255#1	1	0
DRB	HG01255#2	HG01255	HG01253	HPRC-Rest	HG01255#2#CM086721.1:28434597-33610529	HG01255#2#ctg1	4035300	4187621	HLA-DRA+|HLA-DRB5-|HLA-DRB1-	2	provisional_annotation_absence_not_confirmed_deletion	DRB-STRUCT-a57eaf455348c3e7	1	0	0	9bee4eb032354b3504156824a81fd91c5853d68b4d97876052d537184302e206	DRB__HG01255#2	1	0
RCCX	HG01255#2	HG01255	HG01253	HPRC-Rest	HG01255#2#CM086721.1:28434597-33610529	HG01255#2#ctg1	3551771	3691932	WHR1-like+|C4AL+|CYP21A1P-like+|TNXA-like-|WHR1B-like+|C4BL+|CYP21A2-like+|TNXB-like-	2	assembly_homology_and_annotation	RCCX-STRUCT-c91a117646c15232	1	0	0	da44c2c63c2444f0f5496a3a76940f5f8026d6bfb789610406734d7ea7e2cbce	RCCX__HG01255#2	1	0
DRB	HG01258#1	HG01258	HG01256	HPRC-Rest	HG01258#1#CM088113.1:28436863-33569447	HG01258#1#ctg1	4016735	4149050	HLA-DRA+|HLA-DRB3-|HLA-DRB1-	2	provisional_annotation_absence_not_confirmed_deletion	DRB-STRUCT-d9e9c983b0b92c6d	1	0	0	c980fac983047a8bd45fbeeecb6533ebb5a4e55d9b83758c5b721b1754d22ae6	DRB__HG01258#1	1	0
RCCX	HG01258#1	HG01258	HG01256	HPRC-Rest	HG01258#1#CM088113.1:28436863-33569447	HG01258#1#ctg1	3554930	3688729	WHR1-like+|C4AL+|CYP21A1P-like+|TNXA-like-|WHR1B-like+|C4BS+|CYP21A2-like+|TNXB-like-	2	assembly_homology_and_annotation	RCCX-STRUCT-08dc6d3cd5c804e4	1	0	0	27f98da2678e3e8b50885e7fc9faf0cc0a9cb11b53322ee0d34d81a8a8b7e1e6	RCCX__HG01258#1	1	0
DRB	HG01258#2	HG01258	HG01256	HPRC-Rest	HG01258#2#JAGYYU020000010.1:28495340-33647216	HG01258#2#ctg1	4022279	4167505	HLA-DRA+|HLA-DRB1-	1	provisional_annotation_absence_not_confirmed_deletion	DRB-STRUCT-2e2f348001bcb731	1	0	0	0188ccf3409983cb85d8083ca8d6818738b5f0a8300e7574ce08f4883191ddc9	DRB__HG01258#2	1	0
RCCX	HG01258#2	HG01258	HG01256	HPRC-Rest	HG01258#2#JAGYYU020000010.1:28495340-33647216	HG01258#2#ctg1	3561260	3695047	WHR1-like+|C4AL+|CYP21A1P-like+|TNXA-like-|WHR1B-like+|C4BS+|CYP21A2-like+|TNXB-like-	2	assembly_homology_and_annotation	RCCX-STRUCT-08dc6d3cd5c804e4	1	0	0	67eb4724c69162594e2537282c716509a2a3915d134e64946adabdf5322c21ab	RCCX__HG01258#2	1	0
DRB	HG01261#1	HG01261	HG01259	HPRC-Rest	HG01261#1#JBHDVG010000007.1:28479273-33732193	HG01261#1#ctg1	4026379	4268389	HLA-DRA+|HLA-DRB4-|HLA-DRB1-	2	provisional_annotation_absence_not_confirmed_deletion	DRB-STRUCT-17c329d85af8b93c	1	0	0	7b041ce30abbe9ee61dc66f95604f2cda302769661b696bfc36cc4d7ab53ac97	DRB__HG01261#1	1	0
RCCX	HG01261#1	HG01261	HG01259	HPRC-Rest	HG01261#1#JBHDVG010000007.1:28479273-33732193	HG01261#1#ctg1	3558213	3698376	WHR1-like+|C4AL+|CYP21A1P-like+|TNXA-like-|WHR1B-like+|C4BL+|CYP21A2-like+|TNXB-like-	2	assembly_homology_and_annotation	RCCX-STRUCT-c91a117646c15232	1	0	0	d82e9bb93431ef7ce70e5d03d1ac7356416f9b87db1a7cde3eb9033abe57b5e7	RCCX__HG01261#1	1	0
DRB	HG01261#2	HG01261	HG01259	HPRC-Rest	HG01261#2#JBHDVH010000044.1:28397284-33514117	HG01261#2#ctg1	4062803	4135090	HLA-DRA+|HLA-DRB1-	1	provisional_annotation_absence_not_confirmed_deletion	DRB-STRUCT-2e2f348001bcb731	1	0	0	995d917b926dc46d4e9dcff316e790b0b7d136461d0e3fedde0d5e302afa2eb8	DRB__HG01261#2	1	0
RCCX	HG01261#2	HG01261	HG01259	HPRC-Rest	HG01261#2#JBHDVH010000044.1:28397284-33514117	HG01261#2#ctg1	3562740	3735625	WHR1-like+|C4AL+|CYP21A1P-like+|TNXA-like-|WHR1B-like+|C4BL+|CYP21A1P-like+|TNXA-like-|WHR1B-like+|C4BL+|CYP21A2-like+|TNXB-like-	3	assembly_homology_and_annotation	RCCX-STRUCT-750ba4509b0b305f	1	0	0	023680877535ca7db4b97c84c0dbc761da36777ba91a014bc63e69de0a3040bd	RCCX__HG01261#2	1	0
DRB	HG01346#1	HG01346	HG01344	HPRC-Rest	HG01346#1#CM086588.1:28433990-33540363	HG01346#1#ctg1	3988375	4124509	HLA-DRA+|HLA-DRB3-|HLA-DRB1-	2	provisional_annotation_absence_not_confirmed_deletion	DRB-STRUCT-d9e9c983b0b92c6d	1	0	0	103efccc603e52e81c023caf21cc01452fcdd89e9dde4507085c2b9abd2d7cf7	DRB__HG01346#1	1	0
RCCX	HG01346#1	HG01346	HG01344	HPRC-Rest	HG01346#1#CM086588.1:28433990-33540363	HG01346#1#ctg1	3502980	3643145	WHR1-like+|C4AL+|CYP21A1P-like+|TNXA-like-|WHR1B-like+|C4BL+|CYP21A2-like+|TNXB-like-	2	assembly_homology_and_annotation	RCCX-STRUCT-c91a117646c15232	1	0	0	d64f0f09dd76f9bb942f41323a094d68101820e1ab82212507d1d91281877872	RCCX__HG01346#1	1	0
DRB	HG01346#2	HG01346	HG01344	HPRC-Rest	HG01346#2#JBHDSS010000002.1:28289708-33434702	HG01346#2#ctg1	4027195	4159117	HLA-DRA+|HLA-DRB3-|HLA-DRB1-	2	provisional_annotation_absence_not_confirmed_deletion	DRB-STRUCT-d9e9c983b0b92c6d	1	0	0	dbc2be8d75747e59e6e6e854691e4af8eb81be1e64509e843af61bf324e9ab6f	DRB__HG01346#2	1	0
RCCX	HG01346#2	HG01346	HG01344	HPRC-Rest	HG01346#2#JBHDSS010000002.1:28289708-33434702	HG01346#2#ctg1	3559188	3699359	WHR1-like+|C4BL+|CYP21A1P-like+|TNXA-like-|WHR1B-like+|C4BL+|CYP21A2-like+|TNXB-like-	2	assembly_homology_and_annotation	RCCX-STRUCT-684f24a39886a3ee	1	0	0	15144d2a0e8d5e09392d90e6e7b207bb409fc09e0dc381092d40409139769efb	RCCX__HG01346#2	1	0
DRB	HG01358#1	HG01358	HG01356	HPRC-Rest	HG01358#1#CM089055.1:28447322-33645210	HG01358#1#ctg1	3972280	4213486	HLA-DRA+|HLA-DRB4-|HLA-DRB1-	2	provisional_annotation_absence_not_confirmed_deletion	DRB-STRUCT-17c329d85af8b93c	1	0	0	86d547532c019a40ef9d9f44bdfcd4afb1b8a647b5a7e09eb5d47a30e8c80eff	DRB__HG01358#1	1	0
RCCX	HG01358#1	HG01358	HG01356	HPRC-Rest	HG01358#1#CM089055.1:28447322-33645210	HG01358#1#ctg1	3504962	3645121	WHR1-like+|C4AL+|CYP21A1P-like+|TNXA-like-|WHR1B-like+|C4BL+|CYP21A2-like+|TNXB-like-	2	assembly_homology_and_annotation	RCCX-STRUCT-c91a117646c15232	1	0	0	08e91a23580ed69272f3bc917d6752778e41cfd555163e583b83b2a72d960ccc	RCCX__HG01358#1	1	0
DRB	HG01358#2	HG01358	HG01356	HPRC-Rest	HG01358#2#CM089068.1:28448274-33504819	HG01358#2#ctg1	3937819	4070245	HLA-DRA+|HLA-DRB3-|HLA-DRB1-	2	provisional_annotation_absence_not_confirmed_deletion	DRB-STRUCT-d9e9c983b0b92c6d	1	0	0	dbfaa119f7dc77292800f5dcbcec37eeef577b2799cf297d53dc69ced9dbd13a	DRB__HG01358#2	1	0
RCCX	HG01358#2	HG01358	HG01356	HPRC-Rest	HG01358#2#CM089068.1:28448274-33504819	HG01358#2#ctg1	3476932	3610699	WHR1-like+|C4AL+|CYP21A1P-like+|TNXA-like-|WHR1B-like+|C4BS+|CYP21A2-like+|TNXB-like-	2	assembly_homology_and_annotation	RCCX-STRUCT-08dc6d3cd5c804e4	1	0	0	39028301823fa8773af92fb921c8ca9b79574cac7ac4f13bc5dacd5d4d8fcade	RCCX__HG01358#2	1	0
DRB	HG01361#1	HG01361	HG01359	HPRC-Rest	HG01361#1#CM089024.1:28417386-33535858	HG01361#1#ctg1	4005908	4137640	HLA-DRA+|HLA-DRB3-|HLA-DRB1-	2	provisional_annotation_absence_not_confirmed_deletion	DRB-STRUCT-d9e9c983b0b92c6d	1	0	0	086a3ef2689b75697f7e957ea6725d78d74f027548e015edf96f0f7a208cdb47	DRB__HG01361#1	1	0
RCCX	HG01361#1	HG01361	HG01359	HPRC-Rest	HG01361#1#CM089024.1:28417386-33535858	HG01361#1#ctg1	3544059	3677868	WHR1-like+|C4AL+|CYP21A1P-like+|TNXA-like-|WHR1B-like+|C4BS+|CYP21A2-like+|TNXB-like-	2	assembly_homology_and_annotation	RCCX-STRUCT-08dc6d3cd5c804e4	1	0	0	8b8fefaffd7291516956a90c7cd1a3ddf038c07a2f5074c94040a943fcf4a4b1	RCCX__HG01361#1	1	0
DRB	HG01361#2	HG01361	HG01359	HPRC-Rest	HG01361#2#CM089040.1:28439662-33687433	HG01361#2#ctg1	4012546	4255429	HLA-DRA+|HLA-DRB4-|HLA-DRB1-	2	provisional_annotation_absence_not_confirmed_deletion	DRB-STRUCT-17c329d85af8b93c	1	0	0	40ae6a14cd1fb7e5db6ae9d77c48f75763de58e9c0bc724b97af2d62b9511d9c	DRB__HG01361#2	1	0
RCCX	HG01361#2	HG01361	HG01359	HPRC-Rest	HG01361#2#CM089040.1:28439662-33687433	HG01361#2#ctg1	3551256	3685064	WHR1-like+|C4AL+|CYP21A1P-like+|TNXA-like-|WHR1B-like+|C4BS+|CYP21A2-like+|TNXB-like-	2	assembly_homology_and_annotation	RCCX-STRUCT-08dc6d3cd5c804e4	1	0	0	fb6d8d2f8cd55eecb6b9cb4327791dd0e07c43d7b9fd8d1f92071edd36827e6b	RCCX__HG01361#2	1	0
DRB	HG01433#1	HG01433	HG01431	HPRC-Rest	HG01433#1#CM086483.1:28472310-33714767	HG01433#1#ctg1	4016269	4257947	HLA-DRA+|HLA-DRB4-|HLA-DRB1-	2	provisional_annotation_absence_not_confirmed_deletion	DRB-STRUCT-17c329d85af8b93c	1	0	0	1331f739535a3a731e007893d84af28eaf638906f37b62c481cb00b5b9247348	DRB__HG01433#1	1	0
RCCX	HG01433#1	HG01433	HG01431	HPRC-Rest	HG01433#1#CM086483.1:28472310-33714767	HG01433#1#ctg1	3548949	3689107	WHR1-like+|C4AL+|CYP21A1P-like+|TNXA-like-|WHR1B-like+|C4BL+|CYP21A2-like+|TNXB-like-	2	assembly_homology_and_annotation	RCCX-STRUCT-c91a117646c15232	1	0	0	bba5668bba83b16287844a1bfeb311e469d7418b541da7ab1c2b6d5c09fba898	RCCX__HG01433#1	1	0
DRB	HG01433#2	HG01433	HG01431	HPRC-Rest	HG01433#2#CM086511.1:28432606-33680115	HG01433#2#ctg1	4012155	4255036	HLA-DRA+|HLA-DRB4-|HLA-DRB1-	2	provisional_annotation_absence_not_confirmed_deletion	DRB-STRUCT-17c329d85af8b93c	1	0	0	8054c5fae3a954922925ff672a569d4800dfa80c492534f76848dae638e93d20	DRB__HG01433#2	1	0
RCCX	HG01433#2	HG01433	HG01431	HPRC-Rest	HG01433#2#CM086511.1:28432606-33680115	HG01433#2#ctg1	3550846	3684633	WHR1-like+|C4AL+|CYP21A1P-like+|TNXA-like-|WHR1B-like+|C4BS+|CYP21A2-like+|TNXB-like-	2	assembly_homology_and_annotation	RCCX-STRUCT-08dc6d3cd5c804e4	1	0	0	e546f42a1ac89499c81e6a8eac29144fe00e1019d4b3f1665aafa22508e4b07e	RCCX__HG01433#2	1	0
DRB	HG01496#1	HG01496	HG01494	HPRC-Rest	HG01496#1#CM086373.1:28374305-33527298	HG01496#1#ctg1	4029827	4168606	HLA-DRA+|HLA-DRB1-	1	provisional_annotation_absence_not_confirmed_deletion	DRB-STRUCT-2e2f348001bcb731	1	0	0	dc64b3d7d4ca37f32c3ae5c7fa56533521e96e621626a4e9ce6320b41a493e45	DRB__HG01496#1	1	0
RCCX	HG01496#1	HG01496	HG01494	HPRC-Rest	HG01496#1#CM086373.1:28374305-33527298	HG01496#1#ctg1	3551543	3685341	WHR1-like+|C4AL+|CYP21A1P-like+|TNXA-like-|WHR1B-like+|C4BS+|CYP21A2-like+|TNXB-like-	2	assembly_homology_and_annotation	RCCX-STRUCT-08dc6d3cd5c804e4	1	0	0	a583d47e806cb54dde31a6bc1d7712b7c3e8eca814cfde50e37f535947c602b6	RCCX__HG01496#1	1	0
DRB	HG01496#2	HG01496	HG01494	HPRC-Rest	HG01496#2#CM086388.1:28388376-33615208	HG01496#2#ctg1	4000678	4241876	HLA-DRA+|HLA-DRB4-|HLA-DRB1-	2	provisional_annotation_absence_not_confirmed_deletion	DRB-STRUCT-17c329d85af8b93c	1	0	0	dd69856819c9d2f84b9ffeeff3ecc720dfd30b4087737d78d5f3c4920971c558	DRB__HG01496#2	1	0
RCCX	HG01496#2	HG01496	HG01494	HPRC-Rest	HG01496#2#CM086388.1:28388376-33615208	HG01496#2#ctg1	3500627	3673515	WHR1-like+|C4AL+|CYP21A1P-like+|TNXA-like-|WHR1B-like+|C4BL+|CYP21A1P-like+|TNXA-like-|WHR1B-like+|C4BL+|CYP21A2-like+|TNXB-like-	3	assembly_homology_and_annotation	RCCX-STRUCT-750ba4509b0b305f	1	0	0	461df14b3de948854e2e58fec181be5f30dffa1c95f1b37611ffef2bb82b6034	RCCX__HG01496#2	1	0
DRB	HG01530#1	HG01530	HG01530	HPRC-Rest	HG01530#1#CM087536.1:28292231-33446470	HG01530#1#ctg1	4029913	4168687	HLA-DRA+|HLA-DRB1-	1	provisional_annotation_absence_not_confirmed_deletion	DRB-STRUCT-2e2f348001bcb731	1	0	0	94aa17a8bf9d528f277f6762f3e23304ec32231bd927f0668ff2d621fabaa64f	DRB__HG01530#1	1	1
RCCX	HG01530#1	HG01530	HG01530	HPRC-Rest	HG01530#1#CM087536.1:28292231-33446470	HG01530#1#ctg1	3551622	3685421	WHR1-like+|C4AL+|CYP21A1P-like+|TNXA-like-|WHR1B-like+|C4BS+|CYP21A2-like+|TNXB-like-	2	assembly_homology_and_annotation	RCCX-STRUCT-08dc6d3cd5c804e4	1	0	0	8e6e55cb9f9fdfc80b8dd0f6929fbb2b1517a3b4edcef3eae2240a19047ed6aa	RCCX__HG01530#1	1	1
DRB	HG01530#2	HG01530	HG01530	HPRC-Rest	HG01530#2#CM087560.1:28372601-33566242	HG01530#2#ctg1	3958172	4201044	HLA-DRA+|HLA-DRB4-|HLA-DRB1-	2	provisional_annotation_absence_not_confirmed_deletion	DRB-STRUCT-17c329d85af8b93c	1	0	0	31c85a82a2185a9e3fbbf839b3d10036c4411621e3022010f37c02c819ccfe5a	DRB__HG01530#2	1	1
RCCX	HG01530#2	HG01530	HG01530	HPRC-Rest	HG01530#2#CM087560.1:28372601-33566242	HG01530#2#ctg1	3496864	3630651	WHR1-like+|C4AL+|CYP21A1P-like+|TNXA-like-|WHR1B-like+|C4BS+|CYP21A2-like+|TNXB-like-	2	assembly_homology_and_annotation	RCCX-STRUCT-08dc6d3cd5c804e4	1	0	0	c060c3e35f9ce0d612df09f2b27e2dd7c6ad2d6b415a1ba01ca77f3dafcfb18b	RCCX__HG01530#2	1	1
DRB	HG01784#1	HG01784	HG01782	HPRC-Rest	HG01784#1#CM087570.1:28443802-33693813	HG01784#1#ctg1	4020674	4261823	HLA-DRA+|HLA-DRB4-|HLA-DRB1-	2	provisional_annotation_absence_not_confirmed_deletion	DRB-STRUCT-17c329d85af8b93c	1	0	0	53a4e11aec2c4ebcfe3f4c3ebb0c2a4b9954fde7bbbfac0b8d863f670f8a1db2	DRB__HG01784#1	1	1
RCCX	HG01784#1	HG01784	HG01782	HPRC-Rest	HG01784#1#CM087570.1:28443802-33693813	HG01784#1#ctg1	3553282	3693431	WHR1-like+|C4AL+|CYP21A1P-like+|TNXA-like-|WHR1B-like+|C4AL+|CYP21A2-like+|TNXB-like-	2	assembly_homology_and_annotation	RCCX-STRUCT-109f6cb2c3c027c8	1	0	0	1941a82c9fb1d288f08e5c58c6d077202af10308adc63ee486b673f522d19494	RCCX__HG01784#1	1	1
DRB	HG01784#2	HG01784	HG01782	HPRC-Rest	HG01784#2#CM087597.1:28389780-33578100	HG01784#2#ctg1	3962308	4203498	HLA-DRA+|HLA-DRB4-|HLA-DRB1-	2	provisional_annotation_absence_not_confirmed_deletion	DRB-STRUCT-17c329d85af8b93c	1	0	0	643bc9ad0feaa8944fcb535e11a161cc6f182a073b7940dffea2345e429fd086	DRB__HG01784#2	1	1
RCCX	HG01784#2	HG01784	HG01782	HPRC-Rest	HG01784#2#CM087597.1:28389780-33578100	HG01784#2#ctg1	3501039	3634827	WHR1-like+|C4AL+|CYP21A1P-like+|TNXA-like-|WHR1B-like+|C4BS+|CYP21A2-like+|TNXB-like-	2	assembly_homology_and_annotation	RCCX-STRUCT-08dc6d3cd5c804e4	1	0	0	247e6b2484b382fcfbaac99fc6647794e43fd4b0502174a5373fa129bb63042c	RCCX__HG01784#2	1	1
DRB	HG01786#1	HG01786	HG01785	HPRC-Rest	HG01786#1#CM089504.1:28430581-33555976	HG01786#1#ctg1	4016284	4148662	HLA-DRA+|HLA-DRB3-|HLA-DRB1-	2	provisional_annotation_absence_not_confirmed_deletion	DRB-STRUCT-d9e9c983b0b92c6d	1	0	0	9ce2976ccd8e5e8d5b59109fee366c09737ca5adaa59f4ca8656e07c61db62b3	DRB__HG01786#1	1	1
RCCX	HG01786#1	HG01786	HG01785	HPRC-Rest	HG01786#1#CM089504.1:28430581-33555976	HG01786#1#ctg1	3548143	3688297	WHR1-like+|C4AL+|CYP21A1P-like+|TNXA-like-|WHR1B-like+|C4AL+|CYP21A2-like+|TNXB-like-	2	assembly_homology_and_annotation	RCCX-STRUCT-109f6cb2c3c027c8	1	0	0	74e56fda3133426ee55b8ab05bcf09481239be075f0a6816eac11ef4bce6c968	RCCX__HG01786#1	1	1
DRB	HG01786#2	HG01786	HG01785	HPRC-Rest	HG01786#2#JBHIIX010000001.1:28291277-33427374	HG01786#2#ctg1	4019352	4151778	HLA-DRA+|HLA-DRB3-|HLA-DRB1-	2	provisional_annotation_absence_not_confirmed_deletion	DRB-STRUCT-d9e9c983b0b92c6d	1	0	0	bbb9ede0d5eae0b062ce95420d73816c8b616c7c3cd5e82a19d369ead79a1311	DRB__HG01786#2	1	1
RCCX	HG01786#2	HG01786	HG01785	HPRC-Rest	HG01786#2#JBHIIX010000001.1:28291277-33427374	HG01786#2#ctg1	3558439	3692223	WHR1-like+|C4AL+|CYP21A1P-like+|TNXA-like-|WHR1B-like+|C4BS+|CYP21A2-like+|TNXB-like-	2	assembly_homology_and_annotation	RCCX-STRUCT-08dc6d3cd5c804e4	1	0	0	23c29b35e93a5a58fdedf82b0b05fdafec8a714590fcebb4a5d1e65adacc1d9d	RCCX__HG01786#2	1	1
DRB	HG01884#1	HG01884	HG01884	HPRC-Rest	HG01884#1#JBHDSB010000050.1:28364997-33565662	HG01884#1#ctg1	4085285	4217010	HLA-DRA+|HLA-DRB3-|HLA-DRB1-	2	provisional_annotation_absence_not_confirmed_deletion	DRB-STRUCT-d9e9c983b0b92c6d	1	0	0	1955ec3222e21bd5f5a66380d2b216683b66c23e8afb84963cac06e3454adc68	DRB__HG01884#1	1	0
RCCX	HG01884#1	HG01884	HG01884	HPRC-Rest	HG01884#1#JBHDSB010000050.1:28364997-33565662	HG01884#1#ctg1	3623984	3757776	WHR1-like+|C4AL+|CYP21A1P-like+|TNXA-like-|WHR1B-like+|C4BS+|CYP21A2-like+|TNXB-like-	2	assembly_homology_and_annotation	RCCX-STRUCT-08dc6d3cd5c804e4	1	0	0	752ef3e13202e2f81694dce0b590ea0c5bc557d28bcbdee20f6c377b8ce30126	RCCX__HG01884#1	1	0
DRB	HG01884#2	HG01884	HG01884	HPRC-Rest	HG01884#2#CM086422.1:28486017-33727367	HG01884#2#ctg1	4124168	4256243	HLA-DRA+|HLA-DRB3-|HLA-DRB1-	2	provisional_annotation_absence_not_confirmed_deletion	DRB-STRUCT-d9e9c983b0b92c6d	1	0	0	5b46696ace2c0df6e28d9d9f122e500e3936e4b3178f62c5df42e1f1e278322a	DRB__HG01884#2	1	0
RCCX	HG01884#2	HG01884	HG01884	HPRC-Rest	HG01884#2#CM086422.1:28486017-33727367	HG01884#2#ctg1	3619273	3779401	WHR1-like+|C4BL+|CYP21A1P-like+|TNXA-like-|WHR1B-like+|C4BS+|CYP21A1P-like+|TNXA-like-|WHR1B-like+|C4BS+|CYP21A2-like+|TNXB-like-	3	assembly_homology_and_annotation	RCCX-STRUCT-5ad6ee42a7b40a00	1	0	0	cf0da23f844d493262556acb8f03b2ad243f6b379b18d9323f52429353ab1455	RCCX__HG01884#2	1	0
DRB	HG01891#1	HG01891	HG01889	HPRC-Rest	HG01891#1#JAGYVO020000076.1:2900811-8125517	HG01891#1#ctg1	4081189	4233506	HLA-DRA+|HLA-DRB5-|HLA-DRB1-	2	provisional_annotation_absence_not_confirmed_deletion	DRB-STRUCT-a57eaf455348c3e7	1	0	0	ea4da4231d431ea4395f6d1ab3f2fef50dee5971fdca912c2faa2e11414078b7	DRB__HG01891#1	1	0
RCCX	HG01891#1	HG01891	HG01889	HPRC-Rest	HG01891#1#JAGYVO020000076.1:2900811-8125517	HG01891#1#ctg1	3620624	3754436	WHR1-like+|C4AL+|CYP21A1P-like+|TNXA-like-|WHR1B-like+|C4BS+|CYP21A2-like+|TNXB-like-	2	assembly_homology_and_annotation	RCCX-STRUCT-08dc6d3cd5c804e4	1	0	0	1bbeedf2f687b816422478dbd10827d17b369581d50098856665ecbd3de3283c	RCCX__HG01891#1	1	0
DRB	HG01891#2	HG01891	HG01889	HPRC-Rest	HG01891#2#JAGYVN020000007.1:1681129-6883010	HG01891#2#ctg1	4078123	4216954	HLA-DRA+|HLA-DRB1-	1	provisional_annotation_absence_not_confirmed_deletion	DRB-STRUCT-2e2f348001bcb731	1	0	0	c650903f6f147ed75e156623d0f53312e1e2bdf0992d8a1707a7c5df9014b1c8	DRB__HG01891#2	1	0
RCCX	HG01891#2	HG01891	HG01889	HPRC-Rest	HG01891#2#JAGYVN020000007.1:1681129-6883010	HG01891#2#ctg1	3618377	3752161	WHR1-like+|C4AL+|CYP21A1P-like+|TNXA-like-|WHR1B-like+|C4BS+|CYP21A2-like+|TNXB-like-	2	assembly_homology_and_annotation	RCCX-STRUCT-08dc6d3cd5c804e4	1	0	0	45fa9b105c196f2441e03cafa3d03d9c36b91957a53d8aa5c1adb8077d74fb8d	RCCX__HG01891#2	1	0
DRB	HG01928#1	HG01928	HG01926	HPRC-Rest	HG01928#1#CM088988.1:28420054-33667363	HG01928#1#ctg1	4021147	4262342	HLA-DRA+|HLA-DRB4-|HLA-DRB1-	2	provisional_annotation_absence_not_confirmed_deletion	DRB-STRUCT-17c329d85af8b93c	1	0	0	ea322dd140c7e417b6f93c60bc28c5f2a111ed5f99f605f9bb33c44ca98bab0b	DRB__HG01928#1	1	0
RCCX	HG01928#1	HG01928	HG01926	HPRC-Rest	HG01928#1#CM088988.1:28420054-33667363	HG01928#1#ctg1	3553832	3693982	WHR1-like+|C4AL+|CYP21A1P-like+|TNXA-like-|WHR1B-like+|C4BL+|CYP21A2-like+|TNXB-like-	2	assembly_homology_and_annotation	RCCX-STRUCT-c91a117646c15232	1	0	0	c33311b7882278aa0503bdbe9775c967697a0ab9a3dfa68803e7076d4fd9cd9a	RCCX__HG01928#1	1	0
DRB	HG01928#2	HG01928	HG01926	HPRC-Rest	HG01928#2#CM089004.1:28358676-33609094	HG01928#2#ctg1	4021584	4263734	HLA-DRA+|HLA-DRB4-|HLA-DRB1-	2	provisional_annotation_absence_not_confirmed_deletion	DRB-STRUCT-17c329d85af8b93c	1	0	0	0ef1c7a99c26e82cfe740a23f5a63bee7432af6a47aa7821c0d29b3d66d1036e	DRB__HG01928#2	1	0
RCCX	HG01928#2	HG01928	HG01926	HPRC-Rest	HG01928#2#CM089004.1:28358676-33609094	HG01928#2#ctg1	3553943	3694217	WHR1-like+|C4AL+|CYP21A1P-like+|TNXA-like-|WHR1B-like+|C4BL+|CYP21A2-like+|TNXB-like-	2	assembly_homology_and_annotation	RCCX-STRUCT-c91a117646c15232	1	0	0	e942cb6e066cc8ff147cb349c3fd1805fde90ed94b8a43cee8b1dbb13ddc23bc	RCCX__HG01928#2	1	0
DRB	HG01934#1	HG01934	HG01932	HPRC-Rest	HG01934#1#CM088840.1:28381638-33543037	HG01934#1#ctg1	4020208	4172538	HLA-DRA+|HLA-DRB5-|HLA-DRB1-	2	provisional_annotation_absence_not_confirmed_deletion	DRB-STRUCT-a57eaf455348c3e7	1	0	0	922b1018f8e8d61e467d3d72826879a73147aa33108243846875e6f30844a385	DRB__HG01934#1	1	0
RCCX	HG01934#1	HG01934	HG01932	HPRC-Rest	HG01934#1#CM088840.1:28381638-33543037	HG01934#1#ctg1	3552869	3693027	WHR1-like+|C4AL+|CYP21A1P-like+|TNXA-like-|WHR1B-like+|C4BL+|CYP21A2-like+|TNXB-like-	2	assembly_homology_and_annotation	RCCX-STRUCT-c91a117646c15232	1	0	0	18576b63105b7aaa6d5b98de45dcbca9fec321c3359ccb4a0bf90d56a7dd84b4	RCCX__HG01934#1	1	0
DRB	HG01934#2	HG01934	HG01932	HPRC-Rest	HG01934#2#CM088881.1:28393788-33621610	HG01934#2#ctg1	4001617	4242748	HLA-DRA+|HLA-DRB4-|HLA-DRB1-	2	provisional_annotation_absence_not_confirmed_deletion	DRB-STRUCT-17c329d85af8b93c	1	0	0	5a027ed2c52956e08bdc8cc6f71b1690603c4c4ba4bbcf4f210c4c1017ad1417	DRB__HG01934#2	1	0
RCCX	HG01934#2	HG01934	HG01932	HPRC-Rest	HG01934#2#CM088881.1:28393788-33621610	HG01934#2#ctg1	3546164	3673597	WHR1-like+|C4AS+|CYP21A1P-like+|TNXA-like-|WHR1B-like+|C4BS+|CYP21A2-like+|TNXB-like-	2	assembly_homology_and_annotation	RCCX-STRUCT-3d82c5351ccfb664	1	0	0	cbe908575898109903fb25d2c82d95f9e14c630e23bb47e31be5eb6717c87d30	RCCX__HG01934#2	1	0
DRB	HG01940#1	HG01940	HG01938	HPRC-Rest	HG01940#1#CM088633.1:28416533-33550847	HG01940#1#ctg1	4016609	4152723	HLA-DRA+|HLA-DRB3-|HLA-DRB1-	2	provisional_annotation_absence_not_confirmed_deletion	DRB-STRUCT-d9e9c983b0b92c6d	1	0	0	ed60c12a7423c6a01cc3c0656a5c62ce9a8cd0e21dd8cd65af60010024145f60	DRB__HG01940#1	1	0
RCCX	HG01940#1	HG01940	HG01938	HPRC-Rest	HG01940#1#CM088633.1:28416533-33550847	HG01940#1#ctg1	3543916	3671352	WHR1-like+|C4AS+|CYP21A1P-like+|TNXA-like-|WHR1B-like+|C4BS+|CYP21A2-like+|TNXB-like-	2	assembly_homology_and_annotation	RCCX-STRUCT-3d82c5351ccfb664	1	0	0	c3e5ce9811f2f93183275b2737776439a9765a9ca7b29a6c107f2b5a9f4ca2d9	RCCX__HG01940#1	1	0
DRB	HG01940#2	HG01940	HG01938	HPRC-Rest	HG01940#2#JBHIHL010000009.1:28391811-33519262	HG01940#2#ctg1	4008769	4144889	HLA-DRA+|HLA-DRB3-|HLA-DRB1-	2	provisional_annotation_absence_not_confirmed_deletion	DRB-STRUCT-d9e9c983b0b92c6d	1	0	0	1b35d31a58e22b01418c33a13096240d328b6721128511fb78b04ca7697425e9	DRB__HG01940#2	1	0
RCCX	HG01940#2	HG01940	HG01938	HPRC-Rest	HG01940#2#JBHIHL010000009.1:28391811-33519262	HG01940#2#ctg1	3553376	3680820	WHR1-like+|C4AS+|CYP21A1P-like+|TNXA-like-|WHR1B-like+|C4BS+|CYP21A2-like+|TNXB-like-	2	assembly_homology_and_annotation	RCCX-STRUCT-3d82c5351ccfb664	1	0	0	85941bc4374023e9ce3d2110ecd9688a45e6a19d158c13414ca244f3d8ceb9e7	RCCX__HG01940#2	1	0
DRB	HG01943#1	HG01943	HG01941	HPRC-Rest	HG01943#1#JBHIIK010000008.1:28388608-33634739	HG01943#1#ctg1	4019902	4261107	HLA-DRA+|HLA-DRB4-|HLA-DRB1-	2	provisional_annotation_absence_not_confirmed_deletion	DRB-STRUCT-17c329d85af8b93c	1	0	0	af6b125b5cffc51bae967b1ee91a3bc0ef3ffda966cc49831275989e7aac2e41	DRB__HG01943#1	1	0
RCCX	HG01943#1	HG01943	HG01941	HPRC-Rest	HG01943#1#JBHIIK010000008.1:28388608-33634739	HG01943#1#ctg1	3552582	3692741	WHR1-like+|C4AL+|CYP21A1P-like+|TNXA-like-|WHR1B-like+|C4BL+|CYP21A2-like+|TNXB-like-	2	assembly_homology_and_annotation	RCCX-STRUCT-c91a117646c15232	1	0	0	2a294d4b10c1bdea3de4e3213b9a994f29780ebb670de3dbf92219197731f963	RCCX__HG01943#1	1	0
DRB	HG01943#2	HG01943	HG01941	HPRC-Rest	HG01943#2#JBHIIL010000059.1:28384336-33527821	HG01943#2#ctg1	3915520	4157520	HLA-DRA+|HLA-DRB4-|HLA-DRB1-	2	provisional_annotation_absence_not_confirmed_deletion	DRB-STRUCT-17c329d85af8b93c	1	0	0	e73c25c4162f8f53e34fec10b4a4cb7522a236b55407ea6a3ede4b46722e1e5c	DRB__HG01943#2	1	0
RCCX	HG01943#2	HG01943	HG01941	HPRC-Rest	HG01943#2#JBHIIL010000059.1:28384336-33527821	HG01943#2#ctg1	3453707	3587520	WHR1-like+|C4AL+|CYP21A1P-like+|TNXA-like-|WHR1B-like+|C4BS+|CYP21A2-like+|TNXB-like-	2	assembly_homology_and_annotation	RCCX-STRUCT-08dc6d3cd5c804e4	1	0	0	8d0c28b22e86d1191baa0ee60c2a232b02711c0dccdad5eee37e3f68227527e5	RCCX__HG01943#2	1	0
DRB	HG01952#1	HG01952	HG01950	HPRC-Rest	HG01952#1#JAHAME020000003.1:28509779-33725990	HG01952#1#ctg1	4096685	4232805	HLA-DRA+|HLA-DRB3-|HLA-DRB1-	2	provisional_annotation_absence_not_confirmed_deletion	DRB-STRUCT-d9e9c983b0b92c6d	1	0	0	5c5875ae5456a284eaa42cd241a7c6bfe04f53ab7b06484ac693882eeef362f3	DRB__HG01952#1	1	0
RCCX	HG01952#1	HG01952	HG01950	HPRC-Rest	HG01952#1#JAHAME020000003.1:28509779-33725990	HG01952#1#ctg1	3624037	3751467	WHR1-like+|C4AS+|CYP21A1P-like+|TNXA-like-|WHR1B-like+|C4BS+|CYP21A2-like+|TNXB-like-	2	assembly_homology_and_annotation	RCCX-STRUCT-3d82c5351ccfb664	1	0	0	35ffe43f8a4339ffbe88c6dd4d05e7c272d998cd1d9ab46aad8a510536f87cdb	RCCX__HG01952#1	1	0
DRB	HG01952#2	HG01952	HG01950	HPRC-Rest	HG01952#2#CM087999.1:28438146-33670995	HG01952#2#ctg1	4006739	4248391	HLA-DRA+|HLA-DRB4-|HLA-DRB1-	2	provisional_annotation_absence_not_confirmed_deletion	DRB-STRUCT-17c329d85af8b93c	1	0	0	39bd93fde9c742670952320701c703a332d56bd6e89f804cf319dc7a02e2a5c3	DRB__HG01952#2	1	0
RCCX	HG01952#2	HG01952	HG01950	HPRC-Rest	HG01952#2#CM087999.1:28438146-33670995	HG01952#2#ctg1	3545769	3679541	WHR1-like+|C4AL+|CYP21A1P-like+|TNXA-like-|WHR1B-like+|C4AS+|CYP21A2-like+|TNXB-like-	2	assembly_homology_and_annotation	RCCX-STRUCT-b8ca310d36f0396c	1	0	0	0502367e1625ebabddb6b6636fab316ed2430a1b993ba6a671bb53e47cbc3a28	RCCX__HG01952#2	1	0
DRB	HG01960#1	HG01960	HG01960	HPRC-Rest	HG01960#1#JBHIHM010000013.1:28299727-33553963	HG01960#1#ctg1	4018611	4260619	HLA-DRA+|HLA-DRB4-|HLA-DRB1-	2	provisional_annotation_absence_not_confirmed_deletion	DRB-STRUCT-17c329d85af8b93c	1	0	0	572d4fe1f98da7de1d1a5ab208fa0ca96df2c28018134dd9d032442f0cab48a9	DRB__HG01960#1	1	0
RCCX	HG01960#1	HG01960	HG01960	HPRC-Rest	HG01960#1#JBHIHM010000013.1:28299727-33553963	HG01960#1#ctg1	3558855	3692639	WHR1-like+|C4AL+|CYP21A1P-like+|TNXA-like-|WHR1B-like+|C4BS+|CYP21A2-like+|TNXB-like-	2	assembly_homology_and_annotation	RCCX-STRUCT-08dc6d3cd5c804e4	1	0	0	ca4314a61927263c0edf5351877cc06bfbaad97a4611e051e15e5db28bca9833	RCCX__HG01960#1	1	0
DRB	HG01960#2	HG01960	HG01960	HPRC-Rest	HG01960#2#JBHIHN010000011.1:28515170-33644789	HG01960#2#ctg1	4012584	4144524	HLA-DRA+|HLA-DRB3-|HLA-DRB1-	2	provisional_annotation_absence_not_confirmed_deletion	DRB-STRUCT-d9e9c983b0b92c6d	1	0	0	0a6f0f149221cebc9ccebfbaf6f809333fbc1d23685aa49190e66493dc419530	DRB__HG01960#2	1	0
RCCX	HG01960#2	HG01960	HG01960	HPRC-Rest	HG01960#2#JBHIHN010000011.1:28515170-33644789	HG01960#2#ctg1	3551594	3685388	WHR1-like+|C4AL+|CYP21A1P-like+|TNXA-like-|WHR1B-like+|C4BS+|CYP21A2-like+|TNXB-like-	2	assembly_homology_and_annotation	RCCX-STRUCT-08dc6d3cd5c804e4	1	0	0	59f0a334ccb19189c3f03ada9e9b015d32fd6ead3edbeae07c56bbf5b700fbac	RCCX__HG01960#2	1	0
DRB	HG01969#1	HG01969	HG01967	HPRC-Rest	HG01969#1#CM088687.1:28438493-33684979	HG01969#1#ctg1	4011130	4254017	HLA-DRA+|HLA-DRB4-|HLA-DRB1-	2	provisional_annotation_absence_not_confirmed_deletion	DRB-STRUCT-17c329d85af8b93c	1	0	0	aae1cf8a237635544000bfb5e94267589368b5ca075e576473d9d07d694cb10a	DRB__HG01969#1	1	0
RCCX	HG01969#1	HG01969	HG01967	HPRC-Rest	HG01969#1#CM088687.1:28438493-33684979	HG01969#1#ctg1	3549845	3683653	WHR1-like+|C4AL+|CYP21A1P-like+|TNXA-like-|WHR1B-like+|C4BS+|CYP21A2-like+|TNXB-like-	2	assembly_homology_and_annotation	RCCX-STRUCT-08dc6d3cd5c804e4	1	0	0	ff19e188ee0dcd12b251df01efbbb3c9b44e99d22b33132239856e7d0d9ef0d4	RCCX__HG01969#1	1	0
DRB	HG01969#2	HG01969	HG01967	HPRC-Rest	HG01969#2#CM088699.1:28424697-33581502	HG01969#2#ctg1	4032411	4171190	HLA-DRA+|HLA-DRB1-	1	provisional_annotation_absence_not_confirmed_deletion	DRB-STRUCT-2e2f348001bcb731	1	0	0	c7e07bb7e140584422e1f745666d620c17ff3e3ab297436252ee35d2225a9e13	DRB__HG01969#2	1	0
RCCX	HG01969#2	HG01969	HG01967	HPRC-Rest	HG01969#2#CM088699.1:28424697-33581502	HG01969#2#ctg1	3554126	3687929	WHR1-like+|C4AL+|CYP21A1P-like+|TNXA-like-|WHR1B-like+|C4BS+|CYP21A2-like+|TNXB-like-	2	assembly_homology_and_annotation	RCCX-STRUCT-08dc6d3cd5c804e4	1	0	0	4954e4c0db3278d4a244e98e27e8388a1e222d458640d7c082b0ed61d596bf84	RCCX__HG01969#2	1	0
DRB	HG01975#1	HG01975	HG01973	HPRC-Rest	HG01975#1#JBJUVS010000062.1:28446168-33791199	HG01975#1#ctg1	4119607	4361247	HLA-DRA+|HLA-DRB4-|HLA-DRB1-	2	provisional_annotation_absence_not_confirmed_deletion	DRB-STRUCT-17c329d85af8b93c	1	0	0	c2c558bb94a88683b7bca3c34d1f588f4a9939db7bb9b5f9e799117db8a8a201	DRB__HG01975#1	1	0
RCCX	HG01975#1	HG01975	HG01973	HPRC-Rest	HG01975#1#JBJUVS010000062.1:28446168-33791199	HG01975#1#ctg1	3619554	3792442	WHR1-like+|C4AL+|CYP21A1P-like+|TNXA-like-|WHR1B-like+|C4BL+|CYP21A1P-like+|TNXA-like-|WHR1B-like+|C4BL+|CYP21A2-like+|TNXB-like-	3	assembly_homology_and_annotation	RCCX-STRUCT-750ba4509b0b305f	1	0	0	1f9a24d4057cce0a3a9b36956c4ff6a9ae72aa9aa0e73a1bbe81ecdf9ea6ac90	RCCX__HG01975#1	1	0
DRB	HG01975#2	HG01975	HG01973	HPRC-Rest	HG01975#2#CM099812.1:28391516-33619784	HG01975#2#ctg1	4001507	4243519	HLA-DRA+|HLA-DRB4-|HLA-DRB1-	2	provisional_annotation_absence_not_confirmed_deletion	DRB-STRUCT-17c329d85af8b93c	1	0	0	4298ccb5f5be3b308979213d7591a5f1c83885fee21460c711de02c250693051	DRB__HG01975#2	1	0
RCCX	HG01975#2	HG01975	HG01973	HPRC-Rest	HG01975#2#CM099812.1:28391516-33619784	HG01975#2#ctg1	3546046	3673491	WHR1-like+|C4AS+|CYP21A1P-like+|TNXA-like-|WHR1B-like+|C4BS+|CYP21A2-like+|TNXB-like-	2	assembly_homology_and_annotation	RCCX-STRUCT-3d82c5351ccfb664	1	0	0	e48f12a6d4c3efbe0de1182440f332fcd86242f4bc2c080f2623a7fcf9dfa8f5	RCCX__HG01975#2	1	0
DRB	HG01978#1	HG01978	HG01976	HPRC-Rest	HG01978#1#CM089247.1:28385214-33602216	HG01978#1#ctg1	4080552	4233179	HLA-DRA+|HLA-DRB5-|HLA-DRB1-	2	provisional_annotation_absence_not_confirmed_deletion	DRB-STRUCT-a57eaf455348c3e7	1	0	0	545186f1336eaad469957f8d5d9f3610ca5910087ee392af90bace40e2a989c3	DRB__HG01978#1	1	0
RCCX	HG01978#1	HG01978	HG01976	HPRC-Rest	HG01978#1#CM089247.1:28385214-33602216	HG01978#1#ctg1	3618729	3752520	WHR1-like+|C4AL+|CYP21A1P-like+|TNXA-like-|WHR1B-like+|C4BS+|CYP21A2-like+|TNXB-like-	2	assembly_homology_and_annotation	RCCX-STRUCT-08dc6d3cd5c804e4	1	0	0	65f1efff8461fbaba46add74dbaa88902b6b13ac0b7c6a5b001d1f283c2a5240	RCCX__HG01978#1	1	0
DRB	HG01978#2	HG01978	HG01976	HPRC-Rest	HG01978#2#CM089273.1:28354032-33630223	HG01978#2#ctg1	4048479	4290568	HLA-DRA+|HLA-DRB4-|HLA-DRB1-	2	provisional_annotation_absence_not_confirmed_deletion	DRB-STRUCT-17c329d85af8b93c	1	0	0	ec89fcab6b5482a5aa4dbe77090e841c358b11929840e7e0ee93f8359811b21b	DRB__HG01978#2	1	0
RCCX	HG01978#2	HG01978	HG01976	HPRC-Rest	HG01978#2#CM089273.1:28354032-33630223	HG01978#2#ctg1	3548466	3721303	WHR1-like+|C4AL+|CYP21A1P-like+|TNXA-like-|WHR1B-like+|C4BL+|CYP21A1P-like+|TNXA-like-|WHR1B-like+|C4BL+|CYP21A2-like+|TNXB-like-	3	assembly_homology_and_annotation	RCCX-STRUCT-750ba4509b0b305f	1	0	0	a7435120ffd80b2cc186a844ed608f7af212837929e19d2c63f9ae9f6a984a97	RCCX__HG01978#2	1	0
DRB	HG01981#1	HG01981	HG01979	HPRC-Rest	HG01981#1#JBHDRV010000009.1:28410315-33655950	HG01981#1#ctg1	4019291	4260492	HLA-DRA+|HLA-DRB4-|HLA-DRB1-	2	provisional_annotation_absence_not_confirmed_deletion	DRB-STRUCT-17c329d85af8b93c	1	0	0	28bf162d7c728bc4f5facf368fcfd8bd6c9cd46e3d8f121fa0e540140fefb20b	DRB__HG01981#1	1	0
RCCX	HG01981#1	HG01981	HG01979	HPRC-Rest	HG01981#1#JBHDRV010000009.1:28410315-33655950	HG01981#1#ctg1	3551965	3692119	WHR1-like+|C4AL+|CYP21A1P-like+|TNXA-like-|WHR1B-like+|C4BL+|CYP21A2-like+|TNXB-like-	2	assembly_homology_and_annotation	RCCX-STRUCT-c91a117646c15232	1	0	0	ab75ed8aad1aa4c78b3e3895ea6a7a9b6f27d3851036fb5b883dfbfbb6e53f88	RCCX__HG01981#1	1	0
DRB	HG01981#2	HG01981	HG01979	HPRC-Rest	HG01981#2#JBHDRW010000010.1:28410780-33681446	HG01981#2#ctg1	4044468	4285662	HLA-DRA+|HLA-DRB4-|HLA-DRB1-	2	provisional_annotation_absence_not_confirmed_deletion	DRB-STRUCT-17c329d85af8b93c	1	0	0	2ed04c1d2665d7a86b7f93388b7f7023f9ca2544884b568c8b40a925a7012a66	DRB__HG01981#2	1	0
RCCX	HG01981#2	HG01981	HG01979	HPRC-Rest	HG01981#2#JBHDRW010000010.1:28410780-33681446	HG01981#2#ctg1	3544408	3717292	WHR1-like+|C4AL+|CYP21A1P-like+|TNXA-like-|WHR1B-like+|C4BL+|CYP21A1P-like+|TNXA-like-|WHR1B-like+|C4BL+|CYP21A2-like+|TNXB-like-	3	assembly_homology_and_annotation	RCCX-STRUCT-750ba4509b0b305f	1	0	0	d636cae343d3cf810512d9825728b1a24f1d97859ab621da3edc469058dfabc0	RCCX__HG01981#2	1	0
DRB	HG01993#1	HG01993	HG01991	HPRC-Rest	HG01993#1#JBHDSL010000047.1:28406826-33615858	HG01993#1#ctg1	4072632	4225257	HLA-DRA+|HLA-DRB5-|HLA-DRB1-	2	provisional_annotation_absence_not_confirmed_deletion	DRB-STRUCT-a57eaf455348c3e7	1	0	0	5d2133cb0935377d1adcd13ac715a5a7025b887f4fd4f82c20446a136bf265ec	DRB__HG01993#1	1	0
RCCX	HG01993#1	HG01993	HG01991	HPRC-Rest	HG01993#1#JBHDSL010000047.1:28406826-33615858	HG01993#1#ctg1	3610774	3744577	WHR1-like+|C4AL+|CYP21A1P-like+|TNXA-like-|WHR1B-like+|C4BS+|CYP21A2-like+|TNXB-like-	2	assembly_homology_and_annotation	RCCX-STRUCT-08dc6d3cd5c804e4	1	0	0	5f8986914985d7be13f593ab08dce97602a2f3759dd4a516e7d8349455ddcd62	RCCX__HG01993#1	1	0
DRB	HG01993#2	HG01993	HG01991	HPRC-Rest	HG01993#2#JBHDSM010000062.1:28431770-33594269	HG01993#2#ctg1	4038197	4176972	HLA-DRA+|HLA-DRB1-	1	provisional_annotation_absence_not_confirmed_deletion	DRB-STRUCT-2e2f348001bcb731	1	0	0	1487bb0b1e37b797a70628ac073d7f9e171845cb23fb5a384f073e95acedfa5c	DRB__HG01993#2	1	0
RCCX	HG01993#2	HG01993	HG01991	HPRC-Rest	HG01993#2#JBHDSM010000062.1:28431770-33594269	HG01993#2#ctg1	3559904	3693707	WHR1-like+|C4AL+|CYP21A1P-like+|TNXA-like-|WHR1B-like+|C4BS+|CYP21A2-like+|TNXB-like-	2	assembly_homology_and_annotation	RCCX-STRUCT-08dc6d3cd5c804e4	1	0	0	028de656cf2d6a397149e8904ac780c7a239e20d4b7377de6ee9d480ef2ab7e8	RCCX__HG01993#2	1	0
DRB	HG02004#1	HG02004	HG02002	HPRC-Rest	HG02004#1#JBHDRT010000003.1:28425702-33656904	HG02004#1#ctg1	4004197	4246328	HLA-DRA+|HLA-DRB4-|HLA-DRB1-	2	provisional_annotation_absence_not_confirmed_deletion	DRB-STRUCT-17c329d85af8b93c	1	0	0	821eb094b4dbf6f66d56fe4bca64c2b204744452aff7a4914301527c1cf9840d	DRB__HG02004#1	1	0
RCCX	HG02004#1	HG02004	HG02002	HPRC-Rest	HG02004#1#JBHDRT010000003.1:28425702-33656904	HG02004#1#ctg1	3548735	3676175	WHR1-like+|C4AS+|CYP21A1P-like+|TNXA-like-|WHR1B-like+|C4BS+|CYP21A2-like+|TNXB-like-	2	assembly_homology_and_annotation	RCCX-STRUCT-3d82c5351ccfb664	1	0	0	c5f79c638a8b2651635cabcd704fd9bb222379fb8b62743a44f4a5e03604b4cc	RCCX__HG02004#1	1	0
DRB	HG02004#2	HG02004	HG02002	HPRC-Rest	HG02004#2#JBHDRU010000054.1:28359862-33635123	HG02004#2#ctg1	4048099	4290116	HLA-DRA+|HLA-DRB4-|HLA-DRB1-	2	provisional_annotation_absence_not_confirmed_deletion	DRB-STRUCT-17c329d85af8b93c	1	0	0	1987e9a71260a8730a63885fc79c29aefae12d9170fa357d53dd0cc5fc78c917	DRB__HG02004#2	1	0
RCCX	HG02004#2	HG02004	HG02002	HPRC-Rest	HG02004#2#JBHDRU010000054.1:28359862-33635123	HG02004#2#ctg1	3547027	3719907	WHR1-like+|C4AL+|CYP21A1P-like+|TNXA-like-|WHR1B-like+|C4BL+|CYP21A1P-like+|TNXA-like-|WHR1B-like+|C4BL+|CYP21A2-like+|TNXB-like-	3	assembly_homology_and_annotation	RCCX-STRUCT-750ba4509b0b305f	1	0	0	38f766cd7f825e82761d02999ad7bb1e9f5c36e5c3ce343658be153f06237b49	RCCX__HG02004#2	1	0
DRB	HG02015#1	HG02015	HG02015	HPRC-EastAsian	HG02015#1#CM085893.1:28402846-33586394	HG02015#1#ctg1	4040628	4192844	HLA-DRA+|HLA-DRB5-|HLA-DRB1-	2	provisional_annotation_absence_not_confirmed_deletion	DRB-STRUCT-a57eaf455348c3e7	1	0	0	4a7b17ccdfae8009626224542d1f167072165301dceaf5ccf2a77eb02590e3b8	DRB__HG02015#1	1	0
RCCX	HG02015#1	HG02015	HG02015	HPRC-EastAsian	HG02015#1#CM085893.1:28402846-33586394	HG02015#1#ctg1	3553005	3713167	WHR1-like+|C4AL+|CYP21A1P-like+|TNXA-like-|WHR1B-like+|C4AS+|CYP21A1P-like+|TNXA-like-|WHR1B-like+|C4BS+|CYP21A2-like+|TNXB-like-	3	assembly_homology_and_annotation	RCCX-STRUCT-43779c00c9747168	1	0	0	304bf332a228746ade1b430bfcc158ade8fdd041d626f19b42f00d1dc18e4e3c	RCCX__HG02015#1	1	0
DRB	HG02015#2	HG02015	HG02015	HPRC-EastAsian	HG02015#2#CM085899.1:28383446-33717143	HG02015#2#ctg1	4109169	4350789	HLA-DRA+|HLA-DRB4-|HLA-DRB1-	2	provisional_annotation_absence_not_confirmed_deletion	DRB-STRUCT-17c329d85af8b93c	1	0	0	4ff6b008bdae0ac959f839f377bd5ead9b445a6ea1f807cce0a13ea231136a6e	DRB__HG02015#2	1	0
RCCX	HG02015#2	HG02015	HG02015	HPRC-EastAsian	HG02015#2#CM085899.1:28383446-33717143	HG02015#2#ctg1	3622873	3763036	WHR1-like+|C4AL+|CYP21A2-like+|TNXA-like-|WHR1B-like+|C4BL+|CYP21A2-like+|TNXB-like-	2	assembly_homology_and_annotation	RCCX-STRUCT-4c34865fcf2a50f9	1	0	0	442df024a2b08cb141773f8a13a10567e2103e60564b108577cdd2d9ff9e0201	RCCX__HG02015#2	1	0
DRB	HG02027#1	HG02027	HG02027	HPRC-EastAsian	HG02027#1#JBHDTX010000002.1:1623368-6786940	HG02027#1#ctg1	4050182	4181982	HLA-DRA+|HLA-DRB3-|HLA-DRB1-	2	provisional_annotation_absence_not_confirmed_deletion	DRB-STRUCT-d9e9c983b0b92c6d	1	0	0	6a8f1ebebac69c2570fd84ca2c787fde837fa488cc7a17ddade0c7af800549e2	DRB__HG02027#1	1	0
RCCX	HG02027#1	HG02027	HG02027	HPRC-EastAsian	HG02027#1#JBHDTX010000002.1:1623368-6786940	HG02027#1#ctg1	3556755	3723288	WHR1-like+|C4AL+|CYP21A1P-like+|TNXA-like-|WHR1B-like+|C4AL+|CYP21A1P-like+|TNXA-like-|WHR1B-like+|C4BS+|CYP21A2-like+|TNXB-like-	3	assembly_homology_and_annotation	RCCX-STRUCT-f3965b9e0fe6783a	1	0	0	537581d69070ecf55dc63de5d602730a898c3b785f18333c3315ee9a0eb3b1b9	RCCX__HG02027#1	1	0
DRB	HG02027#2	HG02027	HG02027	HPRC-EastAsian	HG02027#2#JBHDTY010000008.1:1623003-6755193	HG02027#2#ctg1	4015385	4150918	HLA-DRA+|HLA-DRB3-|HLA-DRB1-	2	provisional_annotation_absence_not_confirmed_deletion	DRB-STRUCT-d9e9c983b0b92c6d	1	0	0	3d334d1b94ae674ecd9d5fd2497f22ed84c9cd2b5eab293a02855a691c48ec44	DRB__HG02027#2	1	0
RCCX	HG02027#2	HG02027	HG02027	HPRC-EastAsian	HG02027#2#JBHDTY010000008.1:1623003-6755193	HG02027#2#ctg1	3553543	3687311	WHR1-like+|C4AL+|CYP21A1P-like+|TNXA-like-|WHR1B-like+|C4BS+|CYP21A2-like+|TNXB-like-	2	assembly_homology_and_annotation	RCCX-STRUCT-08dc6d3cd5c804e4	1	0	0	a2800f771a3caf04094dc041ba830b1b1b86cc0540e59015b0dcc56c0724bedb	RCCX__HG02027#2	1	0
DRB	HG02040#1	HG02040	HG02040	HPRC-EastAsian	HG02040#1#CM087376.1:28407779-33615862	HG02040#1#ctg1	4078847	4224089	HLA-DRA+|HLA-DRB1-	1	provisional_annotation_absence_not_confirmed_deletion	DRB-STRUCT-2e2f348001bcb731	1	0	0	e6c81f300c627851cb69e78a44aecbb4bfda8e9da7eb7333ebdf166cf763c5a6	DRB__HG02040#1	1	1
RCCX	HG02040#1	HG02040	HG02040	HPRC-EastAsian	HG02040#1#CM087376.1:28407779-33615862	HG02040#1#ctg1	3617871	3751653	WHR1-like+|C4AL+|CYP21A1P-like+|TNXA-like-|WHR1B-like+|C4BS+|CYP21A2-like+|TNXB-like-	2	assembly_homology_and_annotation	RCCX-STRUCT-08dc6d3cd5c804e4	1	0	0	474ee6aece3e8103e20061f9a2fea7ad74f460db56d3017e7816178e6339c2c1	RCCX__HG02040#1	1	1
DRB	HG02040#2	HG02040	HG02040	HPRC-EastAsian	HG02040#2#CM087404.1:28421077-33661960	HG02040#2#ctg1	4013296	4255322	HLA-DRA+|HLA-DRB4-|HLA-DRB1-	2	provisional_annotation_absence_not_confirmed_deletion	DRB-STRUCT-17c329d85af8b93c	1	0	0	372cacd4439da0297141791c7dd922b6d695010ec63742dd6a428f14517baedb	DRB__HG02040#2	1	1
RCCX	HG02040#2	HG02040	HG02040	HPRC-EastAsian	HG02040#2#CM087404.1:28421077-33661960	HG02040#2#ctg1	3552297	3686097	WHR1-like+|C4AL+|CYP21A1P-like+|TNXA-like-|WHR1B-like+|C4BS+|CYP21A2-like+|TNXB-like-	2	assembly_homology_and_annotation	RCCX-STRUCT-08dc6d3cd5c804e4	1	0	0	fe57314454a0acc700d0292faa85af76f0583f85616e31a7033906031c36e6f7	RCCX__HG02040#2	1	1
DRB	HG02055#1	HG02055	HG02053	HPRC-Rest	HG02055#1#JAHEPK020000065.1:28422841-33550861	HG02055#1#ctg1	4078972	4147060	HLA-DRA+|HLA-DRB1-	1	provisional_annotation_absence_not_confirmed_deletion	DRB-STRUCT-2e2f348001bcb731	1	0	0	81131346dda1f5b971582f80f96b154ed5fd5afd2f2026e8f8a0822a4f1af3ec	DRB__HG02055#1	1	0
RCCX	HG02055#1	HG02055	HG02053	HPRC-Rest	HG02055#1#JAHEPK020000065.1:28422841-33550861	HG02055#1#ctg1	3617701	3751494	WHR1-like+|C4AL+|CYP21A1P-like+|TNXA-like-|WHR1B-like+|C4BS+|CYP21A2-like+|TNXB-like-	2	assembly_homology_and_annotation	RCCX-STRUCT-08dc6d3cd5c804e4	1	0	0	a8904f0d9a90799c3aa544d31e4a2e63bf746b586dd81aa51ca8354e6449a33d	RCCX__HG02055#1	1	0
DRB	HG02055#2	HG02055	HG02053	HPRC-Rest	HG02055#2#JAHEPJ020000062.1:28297948-33346879	HG02055#2#ctg1	3938763	4071005	HLA-DRA+|HLA-DRB3-|HLA-DRB1-	2	provisional_annotation_absence_not_confirmed_deletion	DRB-STRUCT-d9e9c983b0b92c6d	1	0	0	7e24ed0713c724101daab59e46ac5de25155613fd1d5f82abe7330ae31e6fca0	DRB__HG02055#2	1	0
RCCX	HG02055#2	HG02055	HG02053	HPRC-Rest	HG02055#2#JAHEPJ020000062.1:28297948-33346879	HG02055#2#ctg1	3503905	3611303	WHR1-like+|C4AL+|CYP21A2-like+|TNXB-like-	1	assembly_homology_and_annotation	RCCX-STRUCT-80c1563b57f16898	1	0	0	3fe7470ce1a81e14a0c64d6aa3add85690747fa2441eff043032b67d4563d1e9	RCCX__HG02055#2	1	0
DRB	HG02056#1	HG02056	HG02056	HPRC-EastAsian	HG02056#1#JBHDVC010000047.1:28415946-33618338	HG02056#1#ctg1	4088457	4220333	HLA-DRA+|HLA-DRB3-|HLA-DRB1-	2	provisional_annotation_absence_not_confirmed_deletion	DRB-STRUCT-d9e9c983b0b92c6d	1	0	0	27e2facc1afe07e5714e434e9ca5b7257b96217c901935dad0ccab6337475994	DRB__HG02056#1	1	0
RCCX	HG02056#1	HG02056	HG02056	HPRC-EastAsian	HG02056#1#JBHDVC010000047.1:28415946-33618338	HG02056#1#ctg1	3620047	3760206	WHR1-like+|C4AL+|CYP21A2-like+|TNXA-like-|WHR1B-like+|C4BL+|CYP21A2-like+|TNXB-like-	2	assembly_homology_and_annotation	RCCX-STRUCT-4c34865fcf2a50f9	1	0	0	fb84c5c788c72cbe59021c1df6107c480071429d1290dd0ad398f2bda35da699	RCCX__HG02056#1	1	0
DRB	HG02056#2	HG02056	HG02056	HPRC-EastAsian	HG02056#2#JBHDVD010000050.1:28353386-33462193	HG02056#2#ctg1	3995414	4127290	HLA-DRA+|HLA-DRB3-|HLA-DRB1-	2	provisional_annotation_absence_not_confirmed_deletion	DRB-STRUCT-d9e9c983b0b92c6d	1	0	0	27e2facc1afe07e5714e434e9ca5b7257b96217c901935dad0ccab6337475994	DRB__HG02056#2	1	0
RCCX	HG02056#2	HG02056	HG02056	HPRC-EastAsian	HG02056#2#JBHDVD010000050.1:28353386-33462193	HG02056#2#ctg1	3526996	3667166	WHR1-like+|C4AL+|CYP21A1P-like+|TNXA-like-|WHR1B-like+|C4BL+|CYP21A2-like+|TNXB-like-	2	assembly_homology_and_annotation	RCCX-STRUCT-c91a117646c15232	1	0	0	eb0bb3e7998894c07fd44feb19c8542c885506be613b018eb0f6a4b8b151ccba	RCCX__HG02056#2	1	0
DRB	HG02071#1	HG02071	HG02071	HPRC-EastAsian	HG02071#1#CM088260.1:28423541-33557862	HG02071#1#ctg1	4020857	4153115	HLA-DRA+|HLA-DRB3-|HLA-DRB1-	2	provisional_annotation_absence_not_confirmed_deletion	DRB-STRUCT-d9e9c983b0b92c6d	1	0	0	bcbe7cfa6e6545a1d4c9a001fd2aadb8e7335fdaeb658669fc787d74c4f12b28	DRB__HG02071#1	1	0
RCCX	HG02071#1	HG02071	HG02071	HPRC-EastAsian	HG02071#1#CM088260.1:28423541-33557862	HG02071#1#ctg1	3552479	3692628	WHR1-like+|C4AL+|CYP21A1P-like+|TNXA-like-|WHR1B-like+|C4BL+|CYP21A2-like+|TNXB-like-	2	assembly_homology_and_annotation	RCCX-STRUCT-c91a117646c15232	1	0	0	35050a51af3c31a216d0b3c8916146aa4c526794336d831cd0b532cc5e6d5ac6	RCCX__HG02071#1	1	0
DRB	HG02071#2	HG02071	HG02071	HPRC-EastAsian	HG02071#2#CM088283.1:28360932-33442152	HG02071#2#ctg1	3966687	4098435	HLA-DRA+|HLA-DRB3-|HLA-DRB1-	2	provisional_annotation_absence_not_confirmed_deletion	DRB-STRUCT-d9e9c983b0b92c6d	1	0	0	afc029c72c47b94addaea9778b0b8c5d7f3a8b91cbe1de08ff0c8b6998ee7000	DRB__HG02071#2	1	0
RCCX	HG02071#2	HG02071	HG02071	HPRC-EastAsian	HG02071#2#CM088283.1:28360932-33442152	HG02071#2#ctg1	3506010	3639795	WHR1-like+|C4AL+|CYP21A1P-like+|TNXA-like-|WHR1B-like+|C4BS+|CYP21A2-like+|TNXB-like-	2	assembly_homology_and_annotation	RCCX-STRUCT-08dc6d3cd5c804e4	1	0	0	ef65132b60238e3aca0747a728f7d7292a10e0196b2ed278d89d86e51744f26f	RCCX__HG02071#2	1	0
DRB	HG02074#1	HG02074	HG02074	HPRC-EastAsian	HG02074#1#JBHIGK010000076.1:28344776-33475569	HG02074#1#ctg1	4012157	4143830	HLA-DRA+|HLA-DRB3-|HLA-DRB1-	2	provisional_annotation_absence_not_confirmed_deletion	DRB-STRUCT-d9e9c983b0b92c6d	1	0	0	d783be72ce209c527a760abd8d5e4405524cd2d2fa5e906d542095d677be4f4c	DRB__HG02074#1	1	0
RCCX	HG02074#1	HG02074	HG02074	HPRC-EastAsian	HG02074#1#JBHIGK010000076.1:28344776-33475569	HG02074#1#ctg1	3551159	3684956	WHR1-like+|C4AL+|CYP21A1P-like+|TNXA-like-|WHR1B-like+|C4BS+|CYP21A2-like+|TNXB-like-	2	assembly_homology_and_annotation	RCCX-STRUCT-08dc6d3cd5c804e4	1	0	0	62baa05ddb5b48719211a69b383ef5804ba63e9b2b1dac9f05126e3e8f60ab09	RCCX__HG02074#1	1	0
DRB	HG02074#2	HG02074	HG02074	HPRC-EastAsian	HG02074#2#JBHIGL010000008.1:28378730-33632643	HG02074#2#ctg1	4026312	4268333	HLA-DRA+|HLA-DRB4-|HLA-DRB1-	2	provisional_annotation_absence_not_confirmed_deletion	DRB-STRUCT-17c329d85af8b93c	1	0	0	9c14dd919f0a6132bec000c3649e1c04b2bf5ac7fdc005482540daf94c1df3a8	DRB__HG02074#2	1	0
RCCX	HG02074#2	HG02074	HG02074	HPRC-EastAsian	HG02074#2#JBHIGL010000008.1:28378730-33632643	HG02074#2#ctg1	3558932	3699111	WHR1-like+|C4AL+|CYP21A1P-like+|TNXA-like-|WHR1B-like+|C4BL+|CYP21A2-like+|TNXB-like-	2	assembly_homology_and_annotation	RCCX-STRUCT-c91a117646c15232	1	0	0	7ffee09749d6be7be68e012c3ef7aaa9661cba52ae02ab374a25625018bf5ae7	RCCX__HG02074#2	1	0
DRB	HG02080#1	HG02080	HG02080	HPRC-EastAsian	HG02080#1#CM092061.1:28425542-33593192	HG02080#1#ctg1	4057200	4189469	HLA-DRA+|HLA-DRB3-|HLA-DRB1-	2	provisional_annotation_absence_not_confirmed_deletion	DRB-STRUCT-d9e9c983b0b92c6d	1	0	0	c2f53aa00db3d7936e216acb57e31a27bf2f5744807ff81abfaa4a339ba05e00	DRB__HG02080#1	1	0
RCCX	HG02080#1	HG02080	HG02080	HPRC-EastAsian	HG02080#1#CM092061.1:28425542-33593192	HG02080#1#ctg1	3622313	3729710	WHR1-like+|C4AL+|CYP21A2-like+|TNXB-like-	1	assembly_homology_and_annotation	RCCX-STRUCT-80c1563b57f16898	1	0	0	dbf3c1f8482a3ea65e713741058e4fb03e13846fd86cbd9be0cda5649722a164	RCCX__HG02080#1	1	0
DRB	HG02080#2	HG02080	HG02080	HPRC-EastAsian	HG02080#2#CM092047.1:28460929-33706794	HG02080#2#ctg1	4010629	4254256	HLA-DRA+|HLA-DRB4-|HLA-DRB1-	2	provisional_annotation_absence_not_confirmed_deletion	DRB-STRUCT-17c329d85af8b93c	1	0	0	bf445af038407eba4d6b1e5ca83d6697d8507057a9fb26a6d066668b5a4c7e1c	DRB__HG02080#2	1	0
RCCX	HG02080#2	HG02080	HG02080	HPRC-EastAsian	HG02080#2#CM092047.1:28460929-33706794	HG02080#2#ctg1	3549711	3683467	WHR1-like+|C4AL+|CYP21A1P-like+|TNXA-like-|WHR1B-like+|C4BS+|CYP21A2-like+|TNXB-like-	2	assembly_homology_and_annotation	RCCX-STRUCT-08dc6d3cd5c804e4	1	0	0	91350454e981d39c9ba205e916e777ad2a88352609354539ee454881e9cabfb4	RCCX__HG02080#2	1	0
DRB	HG02083#1	HG02083	HG02083	HPRC-EastAsian	HG02083#1#JBHDTV010000048.1:28371858-33537852	HG02083#1#ctg1	4052403	4184658	HLA-DRA+|HLA-DRB3-|HLA-DRB1-	2	provisional_annotation_absence_not_confirmed_deletion	DRB-STRUCT-d9e9c983b0b92c6d	1	0	0	8ea7e5f84b05b407e0d36a9a117a8651cde1494d99789a2df75a72f6d6ad595e	DRB__HG02083#1	1	0
RCCX	HG02083#1	HG02083	HG02083	HPRC-EastAsian	HG02083#1#JBHDTV010000048.1:28371858-33537852	HG02083#1#ctg1	3552644	3725516	WHR1-like+|C4AL+|CYP21A1P-like+|TNXA-like-|WHR1B-like+|C4BL+|CYP21A1P-like+|TNXA-like-|WHR1B-like+|C4BL+|CYP21A2-like+|TNXB-like-	3	assembly_homology_and_annotation	RCCX-STRUCT-750ba4509b0b305f	1	0	0	6b651bde8c2858104d1d3e6e23e587c7c4d658fa71d581e47ac1d7573d929b41	RCCX__HG02083#1	1	0
DRB	HG02083#2	HG02083	HG02083	HPRC-EastAsian	HG02083#2#CM086965.1:28472527-33711689	HG02083#2#ctg1	4011741	4253752	HLA-DRA+|HLA-DRB4-|HLA-DRB1-	2	provisional_annotation_absence_not_confirmed_deletion	DRB-STRUCT-17c329d85af8b93c	1	0	0	1b24e1dc67222c7baeeaeda7a2d3d2f5e924ddc697d5228020af4bdc7b782b41	DRB__HG02083#2	1	0
RCCX	HG02083#2	HG02083	HG02083	HPRC-EastAsian	HG02083#2#CM086965.1:28472527-33711689	HG02083#2#ctg1	3549723	3683516	WHR1-like+|C4AL+|CYP21A1P-like+|TNXA-like-|WHR1B-like+|C4BS+|CYP21A2-like+|TNXB-like-	2	assembly_homology_and_annotation	RCCX-STRUCT-08dc6d3cd5c804e4	1	0	0	a2ce229fa8aae0be34b47e74bbdac9364169ca58fa4dbbe521db5c7a25bfa2c6	RCCX__HG02083#2	1	0
DRB	HG02109#1	HG02109	HG02109	HPRC-Rest	HG02109#1#CM092161.1:28294553-33395631	HG02109#1#ctg1	3980752	4116380	HLA-DRA+|HLA-DRB3-|HLA-DRB1-	2	provisional_annotation_absence_not_confirmed_deletion	DRB-STRUCT-d9e9c983b0b92c6d	1	0	0	ad8624a5a02dcc66cc64d54148c2b95f84dbda34b04a448956a7f4bac033d0ff	DRB__HG02109#1	1	0
RCCX	HG02109#1	HG02109	HG02109	HPRC-Rest	HG02109#1#CM092161.1:28294553-33395631	HG02109#1#ctg1	3501660	3635458	WHR1-like+|C4AL+|CYP21A1P-like+|TNXA-like-|WHR1B-like+|C4BS+|CYP21A2-like+|TNXB-like-	2	assembly_homology_and_annotation	RCCX-STRUCT-08dc6d3cd5c804e4	1	0	0	41e255dd3037801b729691d626f81329aaadc75a4be497a3b24d58d4a4256700	RCCX__HG02109#1	1	0
DRB	HG02109#2	HG02109	HG02109	HPRC-Rest	HG02109#2#CM092147.1:28420239-33580817	HG02109#2#ctg1	4111466	4183134	HLA-DRA+|HLA-DRB1-	1	provisional_annotation_absence_not_confirmed_deletion	DRB-STRUCT-2e2f348001bcb731	1	0	0	44df7c5aafa3993aa6f6d0bfe8f3d9e40ee97d7d33e2b8a1ae03d1c6bd45a449	DRB__HG02109#2	1	0
RCCX	HG02109#2	HG02109	HG02109	HPRC-Rest	HG02109#2#CM092147.1:28420239-33580817	HG02109#2#ctg1	3632455	3766243	WHR1-like+|C4AL+|CYP21A1P-like+|TNXA-like-|WHR1B-like+|C4BS+|CYP21A2-like+|TNXB-like-	2	assembly_homology_and_annotation	RCCX-STRUCT-08dc6d3cd5c804e4	1	0	0	2e0a6675ff2400b33444f6aa151ff8c6956d9c808ce64ece66afb18f0c943531	RCCX__HG02109#2	1	0
DRB	HG02129#1	HG02129	HG02129	HPRC-EastAsian	HG02129#1#CM085849.1:28352001-33545967	HG02129#1#ctg1	4077227	4209631	HLA-DRA+|HLA-DRB3-|HLA-DRB1-	2	provisional_annotation_absence_not_confirmed_deletion	DRB-STRUCT-d9e9c983b0b92c6d	1	0	0	4c82767146d5a00f30e9bc90ef040a40385582186382df18cd6651f1a052d5ed	DRB__HG02129#1	1	0
RCCX	HG02129#1	HG02129	HG02129	HPRC-EastAsian	HG02129#1#CM085849.1:28352001-33545967	HG02129#1#ctg1	3615314	3749111	WHR1-like+|C4BL+|CYP21A1P-like+|TNXA-like-|WHR1B-like+|C4BS+|CYP21A1P-like+|TNXB-like-	2	assembly_homology_and_annotation	RCCX-STRUCT-f110abe9b93df8a5	1	0	0	09ac45946a1973fe4c08c6d0c27ffc1938631c4667b22824a4ce77b5309663fd	RCCX__HG02129#1	1	0
DRB	HG02129#2	HG02129	HG02129	HPRC-EastAsian	HG02129#2#CM085860.1:28366606-33493917	HG02129#2#ctg1	3987568	4139816	HLA-DRA+|HLA-DRB5-|HLA-DRB1-	2	provisional_annotation_absence_not_confirmed_deletion	DRB-STRUCT-a57eaf455348c3e7	1	0	0	77997880403c5c7539fde766fa788f12cabab1859caf098f63d179ac41f1fe8d	DRB__HG02129#2	1	0
RCCX	HG02129#2	HG02129	HG02129	HPRC-EastAsian	HG02129#2#CM085860.1:28366606-33493917	HG02129#2#ctg1	3501531	3641690	WHR1-like+|C4AL+|CYP21A1P-like+|TNXA-like-|WHR1B-like+|C4BL+|CYP21A2-like+|TNXB-like-	2	assembly_homology_and_annotation	RCCX-STRUCT-c91a117646c15232	1	0	0	6a4aefc31466015a53193189db48f9470cf8d46d9ff90a671ba658759143070d	RCCX__HG02129#2	1	0
DRB	HG02132#1	HG02132	HG02132	HPRC-EastAsian	HG02132#1#CM086897.1:28372349-33619790	HG02132#1#ctg1	4019366	4261384	HLA-DRA+|HLA-DRB4-|HLA-DRB1-	2	provisional_annotation_absence_not_confirmed_deletion	DRB-STRUCT-17c329d85af8b93c	1	0	0	2cdabc2d46ef67adc2cb2c12f49adbf72e29f2808ef1dc9a940587059268c126	DRB__HG02132#1	1	0
RCCX	HG02132#1	HG02132	HG02132	HPRC-EastAsian	HG02132#1#CM086897.1:28372349-33619790	HG02132#1#ctg1	3551192	3691372	WHR1-like+|C4AL+|CYP21A1P-like+|TNXA-like-|WHR1B-like+|C4BL+|CYP21A2-like+|TNXB-like-	2	assembly_homology_and_annotation	RCCX-STRUCT-c91a117646c15232	1	0	0	a0e584ea7d28fb091ccdb0e998ed26f1572a962686380d3be458552d7ddcd708	RCCX__HG02132#1	1	0
DRB	HG02132#2	HG02132	HG02132	HPRC-EastAsian	HG02132#2#CM086908.1:28367828-33688656	HG02132#2#ctg1	4095681	4337088	HLA-DRA+|HLA-DRB4-|HLA-DRB1-	2	provisional_annotation_absence_not_confirmed_deletion	DRB-STRUCT-17c329d85af8b93c	1	0	0	2c9f528cf7a31319ffa6af90d74ac05332da351aaafad6f6526626e1cebc9444	DRB__HG02132#2	1	0
RCCX	HG02132#2	HG02132	HG02132	HPRC-EastAsian	HG02132#2#CM086908.1:28367828-33688656	HG02132#2#ctg1	3617842	3751607	WHR1-like+|C4AL+|CYP21A1P-like+|TNXA-like-|WHR1B-like+|C4BS+|CYP21A2-like+|TNXB-like-	2	assembly_homology_and_annotation	RCCX-STRUCT-08dc6d3cd5c804e4	1	0	0	7e4f675f966197606241b11e945f9e6eab03117ef9bda7b8a0699ad09cfa3434	RCCX__HG02132#2	1	0
DRB	HG02135#1	HG02135	HG02135	HPRC-EastAsian	HG02135#1#CM088309.1:28410959-33520604	HG02135#1#ctg1	3967652	4119961	HLA-DRA+|HLA-DRB5-|HLA-DRB1-	2	provisional_annotation_absence_not_confirmed_deletion	DRB-STRUCT-a57eaf455348c3e7	1	0	0	31651a293e3244f81baf05faf0421bd0416bb042962b35f0611cf1cfbf5180b1	DRB__HG02135#1	1	0
RCCX	HG02135#1	HG02135	HG02135	HPRC-EastAsian	HG02135#1#CM088309.1:28410959-33520604	HG02135#1#ctg1	3507002	3640795	WHR1-like+|C4AL+|CYP21A1P-like+|TNXA-like-|WHR1B-like+|C4BS+|CYP21A2-like+|TNXB-like-	2	assembly_homology_and_annotation	RCCX-STRUCT-08dc6d3cd5c804e4	1	0	0	753867824403c624bff0c9ccc796fd6ae90fc94cd697f41cee987a38c6a8e93d	RCCX__HG02135#1	1	0
DRB	HG02135#2	HG02135	HG02135	HPRC-EastAsian	HG02135#2#CM088319.1:28377765-33615244	HG02135#2#ctg1	4010772	4252790	HLA-DRA+|HLA-DRB4-|HLA-DRB1-	2	provisional_annotation_absence_not_confirmed_deletion	DRB-STRUCT-17c329d85af8b93c	1	0	0	a84d6e57b8ada2376d434a42fe811500fc388b0b36a0af232f58c83df51b9a61	DRB__HG02135#2	1	0
RCCX	HG02135#2	HG02135	HG02135	HPRC-EastAsian	HG02135#2#CM088319.1:28377765-33615244	HG02135#2#ctg1	3548795	3682589	WHR1-like+|C4AL+|CYP21A1P-like+|TNXA-like-|WHR1B-like+|C4BS+|CYP21A2-like+|TNXB-like-	2	assembly_homology_and_annotation	RCCX-STRUCT-08dc6d3cd5c804e4	1	0	0	2d790b16eb42d6fef3c51f18a6ad19e2b75c83b876b9c370ddb3617b601eed14	RCCX__HG02135#2	1	0
DRB	HG02145#1	HG02145	HG02143	HPRC-Rest	HG02145#1#CM099672.1:28303733-33469758	HG02145#1#ctg1	4028222	4180993	HLA-DRA+|HLA-DRB5-|HLA-DRB1-	2	provisional_annotation_absence_not_confirmed_deletion	DRB-STRUCT-a57eaf455348c3e7	1	0	0	0d435ede37a9c52cfeb31f6bedab6424836c51a87102788ad273c407d5e0f50e	DRB__HG02145#1	1	0
RCCX	HG02145#1	HG02145	HG02143	HPRC-Rest	HG02145#1#CM099672.1:28303733-33469758	HG02145#1#ctg1	3560076	3700238	WHR1-like+|C4AL+|CYP21A1P-like+|TNXA-like-|WHR1B-like+|C4BL+|CYP21A2-like+|TNXB-like-	2	assembly_homology_and_annotation	RCCX-STRUCT-c91a117646c15232	1	0	0	8d4104dfdec29730636d9183b9e57d8a492d6ec46045e1d2b12e2bfa51720416	RCCX__HG02145#1	1	0
DRB	HG02145#2	HG02145	HG02143	HPRC-Rest	HG02145#2#CM099657.1:28376784-33593129	HG02145#2#ctg1	4095805	4231174	HLA-DRA+|HLA-DRB3-|HLA-DRB1-	2	provisional_annotation_absence_not_confirmed_deletion	DRB-STRUCT-d9e9c983b0b92c6d	1	0	0	758d1ae2bcf6e8ccbbf2c6d0e37981656ff4b08be597cfd1f6952ce49fcd8a64	DRB__HG02145#2	1	0
RCCX	HG02145#2	HG02145	HG02143	HPRC-Rest	HG02145#2#CM099657.1:28376784-33593129	HG02145#2#ctg1	3616812	3750617	WHR1-like+|C4AL+|CYP21A1P-like+|TNXA-like-|WHR1B-like+|C4BS+|CYP21A2-like+|TNXB-like-	2	assembly_homology_and_annotation	RCCX-STRUCT-08dc6d3cd5c804e4	1	0	0	2ca2b1a91b41beda0cd5ebbe8cddfdebfb5c5fd086189e8d876be537dc18558d	RCCX__HG02145#2	1	0
DRB	HG02148#1	HG02148	HG02146	HPRC-Rest	HG02148#1#JAHAMG020000062.1:28379085-33505835	HG02148#1#ctg1	4008109	4144229	HLA-DRA+|HLA-DRB3-|HLA-DRB1-	2	provisional_annotation_absence_not_confirmed_deletion	DRB-STRUCT-d9e9c983b0b92c6d	1	0	0	5d35fc428ed817866e5b6e8312356a313f074b6d6c18185ed94c692e08627a7e	DRB__HG02148#1	1	0
RCCX	HG02148#1	HG02148	HG02146	HPRC-Rest	HG02148#1#JAHAMG020000062.1:28379085-33505835	HG02148#1#ctg1	3552695	3680127	WHR1-like+|C4AS+|CYP21A1P-like+|TNXA-like-|WHR1B-like+|C4BS+|CYP21A2-like+|TNXB-like-	2	assembly_homology_and_annotation	RCCX-STRUCT-3d82c5351ccfb664	1	0	0	15a8d5ce3621643c6c2bda88fdce7720cd90b97164681f3ebb984eb8210e9b5b	RCCX__HG02148#1	1	0
DRB	HG02148#2	HG02148	HG02146	HPRC-Rest	HG02148#2#JAHAMF020000005.1:28427628-33536175	HG02148#2#ctg1	3995493	4127725	HLA-DRA+|HLA-DRB3-|HLA-DRB1-	2	provisional_annotation_absence_not_confirmed_deletion	DRB-STRUCT-d9e9c983b0b92c6d	1	0	0	c485097a73f57f28516d3a3c130b09c3f94a1a5786e1953d32e3d668b1da7f40	DRB__HG02148#2	1	0
RCCX	HG02148#2	HG02148	HG02146	HPRC-Rest	HG02148#2#JAHAMF020000005.1:28427628-33536175	HG02148#2#ctg1	3559969	3667364	WHR1-like+|C4AL+|CYP21A2-like+|TNXB-like-	1	assembly_homology_and_annotation	RCCX-STRUCT-80c1563b57f16898	1	0	0	96559ee1edb1881100b17a9a70a324ead9d5c3a5eef632f2fb348898220eceb8	RCCX__HG02148#2	1	0
DRB	HG02155#1	HG02155	HG02155	HPRC-EastAsian	HG02155#1#JBIECB010000043.1:28423029-33561929	HG02155#1#ctg1	3997956	4150670	HLA-DRA+|HLA-DRB5-|HLA-DRB1-	2	provisional_annotation_absence_not_confirmed_deletion	DRB-STRUCT-a57eaf455348c3e7	1	0	0	11097743829ff67197feb7c4bbeaaa13e1ff6738c7bb3133354b3a39f3a02c90	DRB__HG02155#1	1	1
RCCX	HG02155#1	HG02155	HG02155	HPRC-EastAsian	HG02155#1#JBIECB010000043.1:28423029-33561929	HG02155#1#ctg1	3563159	3670557	WHR1-like+|C4BL+|CYP21A2-like+|TNXB-like-	1	assembly_homology_and_annotation	RCCX-STRUCT-7b1f207074474ef0	1	0	0	767e91e8fc5b44eaa69e21dfc8bd8d48a446565040f5b52fd0fcb3e329ebb844	RCCX__HG02155#1	1	1
DRB	HG02155#2	HG02155	HG02155	HPRC-EastAsian	HG02155#2#CM091924.1:28362729-33591130	HG02155#2#ctg1	4085891	4238530	HLA-DRA+|HLA-DRB5-|HLA-DRB1-	2	provisional_annotation_absence_not_confirmed_deletion	DRB-STRUCT-a57eaf455348c3e7	1	0	0	bf188d6b885ffb3295326e848870fc4534139725b26b7da562c7cc1b0bb68fe0	DRB__HG02155#2	1	1
RCCX	HG02155#2	HG02155	HG02155	HPRC-EastAsian	HG02155#2#CM091924.1:28362729-33591130	HG02155#2#ctg1	3618300	3758447	WHR1-like+|C4AL+|CYP21A1P-like+|TNXA-like-|WHR1B-like+|C4AL+|CYP21A2-like+|TNXB-like-	2	assembly_homology_and_annotation	RCCX-STRUCT-109f6cb2c3c027c8	1	0	0	fbb6c482035f73339230f153925a4bb40fa3a2bb2b4f9e4c04d06cfa7a1c7ac4	RCCX__HG02155#2	1	1
DRB	HG02165#1	HG02165	HG02165	HPRC-EastAsian	HG02165#1#CM087444.1:28424290-33561901	HG02165#1#ctg1	4014702	4150031	HLA-DRA+|HLA-DRB3-|HLA-DRB1-	2	provisional_annotation_absence_not_confirmed_deletion	DRB-STRUCT-d9e9c983b0b92c6d	1	0	0	3e33c85de52b8a00a6022383e64a29fb514dbe616e81847021456a6d33f39bbd	DRB__HG02165#1	1	1
RCCX	HG02165#1	HG02165	HG02165	HPRC-EastAsian	HG02165#1#CM087444.1:28424290-33561901	HG02165#1#ctg1	3546454	3686606	WHR1-like+|C4AL+|CYP21A1P-like+|TNXA-like-|WHR1B-like+|C4BL+|CYP21A2-like+|TNXB-like-	2	assembly_homology_and_annotation	RCCX-STRUCT-c91a117646c15232	1	0	0	8e4e22479dc58759f460ece4930e72167410c4ad4d5d760ec85e0c5c47ab5aef	RCCX__HG02165#1	1	1
DRB	HG02165#2	HG02165	HG02165	HPRC-EastAsian	HG02165#2#JBHDWX010000045.1:28431174-33561779	HG02165#2#ctg1	4011993	4143666	HLA-DRA+|HLA-DRB3-|HLA-DRB1-	2	provisional_annotation_absence_not_confirmed_deletion	DRB-STRUCT-d9e9c983b0b92c6d	1	0	0	d783be72ce209c527a760abd8d5e4405524cd2d2fa5e906d542095d677be4f4c	DRB__HG02165#2	1	1
RCCX	HG02165#2	HG02165	HG02165	HPRC-EastAsian	HG02165#2#JBHDWX010000045.1:28431174-33561779	HG02165#2#ctg1	3550997	3684794	WHR1-like+|C4AL+|CYP21A1P-like+|TNXA-like-|WHR1B-like+|C4BS+|CYP21A2-like+|TNXB-like-	2	assembly_homology_and_annotation	RCCX-STRUCT-08dc6d3cd5c804e4	1	0	0	453a35f80b1c4ceda5302abb04baa9121469feb0f85dc887d908c7c5e9c4f3de	RCCX__HG02165#2	1	1
DRB	HG02178#1	HG02178	HG02178	HPRC-EastAsian	HG02178#1#CM089925.1:28399752-33646110	HG02178#1#ctg1	4018782	4260807	HLA-DRA+|HLA-DRB4-|HLA-DRB1-	2	provisional_annotation_absence_not_confirmed_deletion	DRB-STRUCT-17c329d85af8b93c	1	0	0	c458979c1cb01da18433bce77692d99f67ca6c2b99ef90da422f52edf5ce1a37	DRB__HG02178#1	1	1
RCCX	HG02178#1	HG02178	HG02178	HPRC-EastAsian	HG02178#1#CM089925.1:28399752-33646110	HG02178#1#ctg1	3557779	3691580	WHR1-like+|C4AL+|CYP21A1P-like+|TNXA-like-|WHR1B-like+|C4BS+|CYP21A2-like+|TNXB-like-	2	assembly_homology_and_annotation	RCCX-STRUCT-08dc6d3cd5c804e4	1	0	0	de2ccc51707fa9e9a785a2fbb5d96b9b94b290e8e765464b87ace91050c97320	RCCX__HG02178#1	1	1
DRB	HG02178#2	HG02178	HG02178	HPRC-EastAsian	HG02178#2#CM089938.1:28370915-33566694	HG02178#2#ctg1	4055216	4207534	HLA-DRA+|HLA-DRB5-|HLA-DRB1-	2	provisional_annotation_absence_not_confirmed_deletion	DRB-STRUCT-a57eaf455348c3e7	1	0	0	66f410c90a787ff9b22ea5842c7715b6452dd15e03e77f01dc4b49e52e8109df	DRB__HG02178#2	1	1
RCCX	HG02178#2	HG02178	HG02178	HPRC-EastAsian	HG02178#2#CM089938.1:28370915-33566694	HG02178#2#ctg1	3560523	3727151	WHR1-like+|C4AL+|CYP21A1P-like+|TNXA-like-|WHR1B-like+|C4AS+|CYP21A1P-like+|TNXA-like-|WHR1B-like+|C4BL+|CYP21A2-like+|TNXB-like-	3	assembly_homology_and_annotation	RCCX-STRUCT-e92677dc4f8b8aff	1	0	0	ff8484652fb8ed112a9886c173a6c15c07fa561b5c8729fb96c9b8283283c378	RCCX__HG02178#2	1	1
DRB	HG02257#1	HG02257	HG02255	HPRC-Rest	HG02257#1#CM089221.1:28424772-33551966	HG02257#1#ctg1	4017108	4148940	HLA-DRA+|HLA-DRB3-|HLA-DRB1-	2	provisional_annotation_absence_not_confirmed_deletion	DRB-STRUCT-d9e9c983b0b92c6d	1	0	0	1d943dbe3a6c3bab5fef854296251903c1522c9791089db64a46da02b30f1cd1	DRB__HG02257#1	1	0
RCCX	HG02257#1	HG02257	HG02255	HPRC-Rest	HG02257#1#CM089221.1:28424772-33551966	HG02257#1#ctg1	3548988	3689130	WHR1-like+|C4AL+|CYP21A1P-like+|TNXA-like-|WHR1B-like+|C4AL+|CYP21A2-like+|TNXB-like-	2	assembly_homology_and_annotation	RCCX-STRUCT-109f6cb2c3c027c8	1	0	0	6268cc79abd7828d3efa05e393b8960e95eb82eb00a8a55bd6d0609d1b3be981	RCCX__HG02257#1	1	0
DRB	HG02257#2	HG02257	HG02255	HPRC-Rest	HG02257#2#CM089260.1:28471160-33602067	HG02257#2#ctg1	4007548	4145829	HLA-DRA+|HLA-DRB1-	1	provisional_annotation_absence_not_confirmed_deletion	DRB-STRUCT-2e2f348001bcb731	1	0	0	3530f540aab0f534bd3f2f74be47c7c144af11e04a6f2f39e36ca8983b3bfc90	DRB__HG02257#2	1	0
RCCX	HG02257#2	HG02257	HG02255	HPRC-Rest	HG02257#2#CM089260.1:28471160-33602067	HG02257#2#ctg1	3546536	3680327	WHR1-like+|C4AL+|CYP21A1P-like+|TNXA-like-|WHR1B-like+|C4BS+|CYP21A2-like+|TNXB-like-	2	assembly_homology_and_annotation	RCCX-STRUCT-08dc6d3cd5c804e4	1	0	0	958690cba9a838c68df537bbd1f41e370dd478edf565abe097d51e90c4ed82ff	RCCX__HG02257#2	1	0
DRB	HG02258#1	HG02258	HG02258	HPRC-Rest	HG02258#1#CM085826.1:28431405-33595237	HG02258#1#ctg1	4019118	4171435	HLA-DRA+|HLA-DRB5-|HLA-DRB1-	2	provisional_annotation_absence_not_confirmed_deletion	DRB-STRUCT-a57eaf455348c3e7	1	0	0	df9629eb395edb56cd1cfcc5f3bc0e607d0f3d64f6ee769bffc2644c4ec8cf22	DRB__HG02258#1	1	0
RCCX	HG02258#1	HG02258	HG02258	HPRC-Rest	HG02258#1#CM085826.1:28431405-33595237	HG02258#1#ctg1	3557988	3691780	WHR1-like+|C4AL+|CYP21A1P-like+|TNXA-like-|WHR1B-like+|C4BS+|CYP21A2-like+|TNXB-like-	2	assembly_homology_and_annotation	RCCX-STRUCT-08dc6d3cd5c804e4	1	0	0	9e62d050a31708e2162abb5d1007c14cd5b0162bf56f329c0d283f98bfe29fcb	RCCX__HG02258#1	1	0
DRB	HG02258#2	HG02258	HG02258	HPRC-Rest	HG02258#2#CM085837.1:28401788-33525465	HG02258#2#ctg1	3982113	4134395	HLA-DRA+|HLA-DRB5-|HLA-DRB1-	2	provisional_annotation_absence_not_confirmed_deletion	DRB-STRUCT-a57eaf455348c3e7	1	0	0	0c2f9a215cb51febb9f23eb72d744f965f020800f419b56c28cff6eff8b92651	DRB__HG02258#2	1	0
RCCX	HG02258#2	HG02258	HG02258	HPRC-Rest	HG02258#2#CM085837.1:28401788-33525465	HG02258#2#ctg1	3553562	3654634	WHR1-like+|C4BS+|CYP21A2-like+|TNXB-like-	1	assembly_homology_and_annotation	RCCX-STRUCT-a002f576cdda62b4	1	0	0	03059bb8853d835c81b9e746761459a1128e6c08cc86d97192fa79f509fa4063	RCCX__HG02258#2	1	0
DRB	HG02273#1	HG02273	HG02271	HPRC-Rest	HG02273#1#JBHDVQ010000050.1:28386453-33633535	HG02273#1#ctg1	4020576	4262218	HLA-DRA+|HLA-DRB4-|HLA-DRB1-	2	provisional_annotation_absence_not_confirmed_deletion	DRB-STRUCT-17c329d85af8b93c	1	0	0	bfb9798f7c26c398f224a075293200c196da6df550510eb62cbad607689dfbd7	DRB__HG02273#1	1	0
RCCX	HG02273#1	HG02273	HG02271	HPRC-Rest	HG02273#1#JBHDVQ010000050.1:28386453-33633535	HG02273#1#ctg1	3553274	3693421	WHR1-like+|C4AL+|CYP21A1P-like+|TNXA-like-|WHR1B-like+|C4BL+|CYP21A2-like+|TNXB-like-	2	assembly_homology_and_annotation	RCCX-STRUCT-c91a117646c15232	1	0	0	9b9903d52475f70018535f832a128f6148f6411a5408a206847ca5b82cc98b92	RCCX__HG02273#1	1	0
DRB	HG02273#2	HG02273	HG02271	HPRC-Rest	HG02273#2#CM087034.1:28375859-33514787	HG02273#2#ctg1	4021107	4157270	HLA-DRA+|HLA-DRB3-|HLA-DRB1-	2	provisional_annotation_absence_not_confirmed_deletion	DRB-STRUCT-d9e9c983b0b92c6d	1	0	0	9df7dcad26ae80ae6c2a1aaf536b5c0c7da0419cb88aaa978d6121f469648e7d	DRB__HG02273#2	1	0
RCCX	HG02273#2	HG02273	HG02271	HPRC-Rest	HG02273#2#CM087034.1:28375859-33514787	HG02273#2#ctg1	3553793	3693940	WHR1-like+|C4AL+|CYP21A1P-like+|TNXA-like-|WHR1B-like+|C4BL+|CYP21A2-like+|TNXB-like-	2	assembly_homology_and_annotation	RCCX-STRUCT-c91a117646c15232	1	0	0	fe1fb55ba5016cc828815e4386b1d2d4965e2de8adbd9f5d246c90a5df1a4c31	RCCX__HG02273#2	1	0
DRB	HG02280#1	HG02280	HG02280	HPRC-Rest	HG02280#1#JBHDRR010000050.1:28462941-33680751	HG02280#1#ctg1	4100309	4236533	HLA-DRA+|HLA-DRB3-|HLA-DRB1-	2	provisional_annotation_absence_not_confirmed_deletion	DRB-STRUCT-d9e9c983b0b92c6d	1	0	0	756f913f27a9abd2efec357377c36e274f8cc25e9ec8af41051d35b48d8485a4	DRB__HG02280#1	1	0
RCCX	HG02280#1	HG02280	HG02280	HPRC-Rest	HG02280#1#JBHDRR010000050.1:28462941-33680751	HG02280#1#ctg1	3621784	3755549	WHR1-like+|C4AL+|CYP21A1P-like+|TNXA-like-|WHR1B-like+|C4BS+|CYP21A2-like+|TNXB-like-	2	assembly_homology_and_annotation	RCCX-STRUCT-08dc6d3cd5c804e4	1	0	0	1a11e66d400d5692d3eea49169ea97eb907e61ba619f00089a273cc7f512e9a7	RCCX__HG02280#1	1	0
DRB	HG02280#2	HG02280	HG02280	HPRC-Rest	HG02280#2#JBHDRS010000063.1:28438025-33473174	HG02280#2#ctg1	3909580	4048413	HLA-DRA+|HLA-DRB1-	1	provisional_annotation_absence_not_confirmed_deletion	DRB-STRUCT-2e2f348001bcb731	1	0	0	3f535647d095d18a232936ce92534a2df05a7fa11d0c0fce04630650d2504f6f	DRB__HG02280#2	1	0
RCCX	HG02280#2	HG02280	HG02280	HPRC-Rest	HG02280#2#JBHDRS010000063.1:28438025-33473174	HG02280#2#ctg1	3453159	3523495	WHR1-like+|C4AL+|CYP21A1P-like+|TNXA-like-|WHR1B-like+|C4BS+|CYP21A2-like+|TNXA-like-	2	assembly_homology_and_annotation	RCCX-STRUCT-6493188f61335fa0	1	0	0	0c69ff958a50052f5903cd8693d29ade2a54787ff9d86b54034b8321d3700f79	RCCX__HG02280#2	1	0
DRB	HG02293#1	HG02293	HG02291	HPRC-Rest	HG02293#1#CM086249.1:28376541-33683950	HG02293#1#ctg1	4080381	4322514	HLA-DRA+|HLA-DRB4-|HLA-DRB1-	2	provisional_annotation_absence_not_confirmed_deletion	DRB-STRUCT-17c329d85af8b93c	1	0	0	db45e7265339adb054fee9139775a49c57164e9964e46d3927000988b6a609f5	DRB__HG02293#1	1	0
RCCX	HG02293#1	HG02293	HG02291	HPRC-Rest	HG02293#1#CM086249.1:28376541-33683950	HG02293#1#ctg1	3612017	3752184	WHR1-like+|C4AL+|CYP21A1P-like+|TNXA-like-|WHR1B-like+|C4BL+|CYP21A2-like+|TNXB-like-	2	assembly_homology_and_annotation	RCCX-STRUCT-c91a117646c15232	1	0	0	caa4eda9ec57edfcb40c5dc30b8fa54a7cbed66bc2da33798001d3e0867e9365	RCCX__HG02293#1	1	0
DRB	HG02293#2	HG02293	HG02291	HPRC-Rest	HG02293#2#CM086237.1:28436443-33671517	HG02293#2#ctg1	4009464	4251114	HLA-DRA+|HLA-DRB4-|HLA-DRB1-	2	provisional_annotation_absence_not_confirmed_deletion	DRB-STRUCT-17c329d85af8b93c	1	0	0	301dff5bef4dbee32c783564b2c42b472f1d0e73be76c19b4e0c886e76179d2c	DRB__HG02293#2	1	0
RCCX	HG02293#2	HG02293	HG02291	HPRC-Rest	HG02293#2#CM086237.1:28436443-33671517	HG02293#2#ctg1	3548472	3682285	WHR1-like+|C4AL+|CYP21A1P-like+|TNXA-like-|WHR1B-like+|C4BS+|CYP21A2-like+|TNXB-like-	2	assembly_homology_and_annotation	RCCX-STRUCT-08dc6d3cd5c804e4	1	0	0	96ea1d744c4f78d67ff524a8e1000ce32163ba02da7d2435677ef83f21db99e9	RCCX__HG02293#2	1	0
DRB	HG02300#1	HG02300	HG02298	HPRC-Rest	HG02300#1#JBHDSD010000065.1:28384265-33632330	HG02300#1#ctg1	4021835	4263028	HLA-DRA+|HLA-DRB4-|HLA-DRB1-	2	provisional_annotation_absence_not_confirmed_deletion	DRB-STRUCT-17c329d85af8b93c	1	0	0	eecab62ed3127be7b149b6ed0ece4b536751d22bb46c0417b2c6384199e0aaaa	DRB__HG02300#1	1	0
RCCX	HG02300#1	HG02300	HG02298	HPRC-Rest	HG02300#1#JBHDSD010000065.1:28384265-33632330	HG02300#1#ctg1	3554524	3694675	WHR1-like+|C4AL+|CYP21A1P-like+|TNXA-like-|WHR1B-like+|C4BL+|CYP21A2-like+|TNXB-like-	2	assembly_homology_and_annotation	RCCX-STRUCT-c91a117646c15232	1	0	0	7976f9cf1666dfc7ffd098570c4470ea76d390ce72c7357cafe7fd30b922d3c7	RCCX__HG02300#1	1	0
DRB	HG02300#2	HG02300	HG02298	HPRC-Rest	HG02300#2#JBHDSE010000015.1:28383936-33525808	HG02300#2#ctg1	3915003	4157007	HLA-DRA+|HLA-DRB4-|HLA-DRB1-	2	provisional_annotation_absence_not_confirmed_deletion	DRB-STRUCT-17c329d85af8b93c	1	0	0	2c833c15269dbfd83bff216fc032b83f712974623591a8ba41878dae7a86d1c1	DRB__HG02300#2	1	0
RCCX	HG02300#2	HG02300	HG02298	HPRC-Rest	HG02300#2#JBHDSE010000015.1:28383936-33525808	HG02300#2#ctg1	3453211	3587021	WHR1-like+|C4AL+|CYP21A1P-like+|TNXA-like-|WHR1B-like+|C4BS+|CYP21A2-like+|TNXB-like-	2	assembly_homology_and_annotation	RCCX-STRUCT-08dc6d3cd5c804e4	1	0	0	43f2d79e4464dfbcb67cf86125fd13a9da131f5dd47c22748dd48d74aef5c44e	RCCX__HG02300#2	1	0
DRB	HG02391#1	HG02391	HG02391	HPRC-EastAsian	HG02391#1#CM087584.1:28379784-33548956	HG02391#1#ctg1	4026622	4178840	HLA-DRA+|HLA-DRB5-|HLA-DRB1-	2	provisional_annotation_absence_not_confirmed_deletion	DRB-STRUCT-a57eaf455348c3e7	1	0	0	bee46d3488fe35ce241c4c56c10ea2a1fbf332d4df70d09cbb29f98170d298fb	DRB__HG02391#1	1	1
RCCX	HG02391#1	HG02391	HG02391	HPRC-EastAsian	HG02391#1#CM087584.1:28379784-33548956	HG02391#1#ctg1	3565574	3699374	WHR1-like+|C4AL+|CYP21A1P-like+|TNXA-like-|WHR1B-like+|C4BS+|CYP21A2-like+|TNXB-like-	2	assembly_homology_and_annotation	RCCX-STRUCT-08dc6d3cd5c804e4	1	0	0	0b9680d7bf5949458df4746e063b79bc2fe69e41694224cf9ea175c80bb94bf2	RCCX__HG02391#1	1	1
DRB	HG02391#2	HG02391	HG02391	HPRC-EastAsian	HG02391#2#CM087613.1:28373481-33549853	HG02391#2#ctg1	4031913	4184271	HLA-DRA+|HLA-DRB5-|HLA-DRB1-	2	provisional_annotation_absence_not_confirmed_deletion	DRB-STRUCT-a57eaf455348c3e7	1	0	0	74d01feb90187c16fd2966ba159f0e828e0c06331ef8a337dcfe9866eba72022	DRB__HG02391#2	1	1
RCCX	HG02391#2	HG02391	HG02391	HPRC-EastAsian	HG02391#2#CM087613.1:28373481-33549853	HG02391#2#ctg1	3564299	3704460	WHR1-like+|C4AL+|CYP21A1P-like+|TNXA-like-|WHR1B-like+|C4BL+|CYP21A2-like+|TNXB-like-	2	assembly_homology_and_annotation	RCCX-STRUCT-c91a117646c15232	1	0	0	5aed36f86b1c39a217a42afe14fce13337775fed2a410c0aea55054db609e963	RCCX__HG02391#2	1	1
DRB	HG02392#1	HG02392	HG02392	HPRC-EastAsian	HG02392#1#CM099882.1:28340512-33566823	HG02392#1#ctg1	4085774	4238091	HLA-DRA+|HLA-DRB5-|HLA-DRB1-	2	provisional_annotation_absence_not_confirmed_deletion	DRB-STRUCT-a57eaf455348c3e7	1	0	0	bf5ce4fb634ac14414af54c391200b403eb95306fb196fb3daa6dd2688fdd392	DRB__HG02392#1	1	1
RCCX	HG02392#1	HG02392	HG02392	HPRC-EastAsian	HG02392#1#CM099882.1:28340512-33566823	HG02392#1#ctg1	3564755	3757719	WHR1-like+|C4AL+|CYP21A1P-like+|TNXA-like-|WHR1B-like+|C4BS+|CYP21A2-like+|TNXA-like-|WHR1B-like+|C4AL+|CYP21A2-like+|TNXA-like-|WHR1B-like+|C4BS+|CYP21A2-like+|TNXB-like-	4	assembly_homology_and_annotation	RCCX-STRUCT-716f40e69c45c13d	1	0	0	35ee8a4cdfc9527196545c9351033de0afc865e3555059ecbadb138ac9c33514	RCCX__HG02392#1	1	1
DRB	HG02392#2	HG02392	HG02392	HPRC-EastAsian	HG02392#2#CM099892.1:28378060-33485526	HG02392#2#ctg1	3965151	4117497	HLA-DRA+|HLA-DRB5-|HLA-DRB1-	2	provisional_annotation_absence_not_confirmed_deletion	DRB-STRUCT-a57eaf455348c3e7	1	0	0	7310e1f4fde6e17b1fb4b8fced5d19f8fad6ae61181a1e205ace5e09a3530fd4	DRB__HG02392#2	1	1
RCCX	HG02392#2	HG02392	HG02392	HPRC-EastAsian	HG02392#2#CM099892.1:28378060-33485526	HG02392#2#ctg1	3504248	3638044	WHR1-like+|C4AL+|CYP21A1P-like+|TNXA-like-|WHR1B-like+|C4BS+|CYP21A2-like+|TNXB-like-	2	assembly_homology_and_annotation	RCCX-STRUCT-08dc6d3cd5c804e4	1	0	0	64c5f009d0e02497566bfa203cb8dde3499b2594d0150c56499c46305f0dab65	RCCX__HG02392#2	1	1
DRB	HG02451#1	HG02451	HG02449	HPRC-Rest	HG02451#1#CM086202.1:28416438-33496141	HG02451#1#ctg1	3962400	4094965	HLA-DRA+|HLA-DRB3-|HLA-DRB1-	2	provisional_annotation_absence_not_confirmed_deletion	DRB-STRUCT-d9e9c983b0b92c6d	1	0	0	bbf8c4599e4037cec0462079ca1eeafef6560c383ea5fde113d4c34370bbfd86	DRB__HG02451#1	1	0
RCCX	HG02451#1	HG02451	HG02449	HPRC-Rest	HG02451#1#CM086202.1:28416438-33496141	HG02451#1#ctg1	3501857	3635649	WHR1-like+|C4AL+|CYP21A1P-like+|TNXA-like-|WHR1B-like+|C4BS+|CYP21A2-like+|TNXB-like-	2	assembly_homology_and_annotation	RCCX-STRUCT-08dc6d3cd5c804e4	1	0	0	22333e4400c3deac2bd6668648be8342c9e0dd560f3ee72315fbf41b59e2f494	RCCX__HG02451#1	1	0
DRB	HG02451#2	HG02451	HG02449	HPRC-Rest	HG02451#2#CM086226.1:28455260-33610103	HG02451#2#ctg1	4011309	4163628	HLA-DRA+|HLA-DRB5-|HLA-DRB1-	2	provisional_annotation_absence_not_confirmed_deletion	DRB-STRUCT-a57eaf455348c3e7	1	0	0	8f5c722d75d8de92885e2ba979f0e64f814726d58ed473b680131cfb84463b85	DRB__HG02451#2	1	0
RCCX	HG02451#2	HG02451	HG02449	HPRC-Rest	HG02451#2#CM086226.1:28455260-33610103	HG02451#2#ctg1	3550764	3684556	WHR1-like+|C4AL+|CYP21A1P-like+|TNXA-like-|WHR1B-like+|C4BS+|CYP21A2-like+|TNXB-like-	2	assembly_homology_and_annotation	RCCX-STRUCT-08dc6d3cd5c804e4	1	0	0	2c3725175f1125a4eef2a0d16f0df42c3bc54ba89197d6f9fe4e7392f975c165	RCCX__HG02451#2	1	0
DRB	HG02486#1	HG02486	HG02486	HPRC-Rest	HG02486#1#CM088195.1:28400032-33557891	HG02486#1#ctg1	4015227	4167544	HLA-DRA+|HLA-DRB5-|HLA-DRB1-	2	provisional_annotation_absence_not_confirmed_deletion	DRB-STRUCT-a57eaf455348c3e7	1	0	0	ea4da4231d431ea4395f6d1ab3f2fef50dee5971fdca912c2faa2e11414078b7	DRB__HG02486#1	1	0
RCCX	HG02486#1	HG02486	HG02486	HPRC-Rest	HG02486#1#CM088195.1:28400032-33557891	HG02486#1#ctg1	3553955	3687708	WHR1-like+|C4AL+|CYP21A1P-like+|TNXA-like-|WHR1B-like+|C4BS+|CYP21A2-like+|TNXB-like-	2	assembly_homology_and_annotation	RCCX-STRUCT-08dc6d3cd5c804e4	1	0	0	025c5787f3f80955a09350383e532110f15759d46219b5d8e685e4ef2b448550	RCCX__HG02486#1	1	0
DRB	HG02486#2	HG02486	HG02486	HPRC-Rest	HG02486#2#CM088219.1:28305765-33500079	HG02486#2#ctg1	4079683	4215458	HLA-DRA+|HLA-DRB3-|HLA-DRB1-	2	provisional_annotation_absence_not_confirmed_deletion	DRB-STRUCT-d9e9c983b0b92c6d	1	0	0	e0df6b61d0c00f5734a649ce529fc2c60fed86160e73bff25adbc6da0bad809b	DRB__HG02486#2	1	0
RCCX	HG02486#2	HG02486	HG02486	HPRC-Rest	HG02486#2#CM088219.1:28305765-33500079	HG02486#2#ctg1	3618686	3752488	WHR1-like+|C4AL+|CYP21A1P-like+|TNXA-like-|WHR1B-like+|C4AS+|CYP21A2-like+|TNXB-like-	2	assembly_homology_and_annotation	RCCX-STRUCT-b8ca310d36f0396c	1	0	0	9188d596c2388d8ce47e35ed1955912dbeea9326ba6c287f1403fe964c0158a0	RCCX__HG02486#2	1	0
DRB	HG02514#1	HG02514	HG02512	HPRC-EastAsian	HG02514#1#CM098732.1:28373958-33711051	HG02514#1#ctg1	4100765	4342788	HLA-DRA+|HLA-DRB4-|HLA-DRB1-	2	provisional_annotation_absence_not_confirmed_deletion	DRB-STRUCT-17c329d85af8b93c	1	0	0	fb5ed838134a41a38e4f19ac61dd6dffe0e9a364b85164a9e46198a1b5e31d23	DRB__HG02514#1	1	0
RCCX	HG02514#1	HG02514	HG02512	HPRC-EastAsian	HG02514#1#CM098732.1:28373958-33711051	HG02514#1#ctg1	3613328	3773476	WHR1-like+|C4AL+|CYP21A1P-like+|TNXA-like-|WHR1B-like+|C4BS+|CYP21A1P-like+|TNXA-like-|WHR1B-like+|C4BS+|CYP21A2-like+|TNXB-like-	3	assembly_homology_and_annotation	RCCX-STRUCT-0c843ef37c4c8a9d	1	0	0	7c7c3eb9f7233d775cb2c6b039c011b814f5e2ce21ff6bc82b8573f8e5c11720	RCCX__HG02514#1	1	0
DRB	HG02514#2	HG02514	HG02512	HPRC-EastAsian	HG02514#2#CM098748.1:28370171-33533737	HG02514#2#ctg1	4050256	4182507	HLA-DRA+|HLA-DRB3-|HLA-DRB1-	2	provisional_annotation_absence_not_confirmed_deletion	DRB-STRUCT-d9e9c983b0b92c6d	1	0	0	d01bfed7ccdd239a55577d35777c7f45e0cecbe7c1c1844494e91e2936e4f3ad	DRB__HG02514#2	1	0
RCCX	HG02514#2	HG02514	HG02512	HPRC-EastAsian	HG02514#2#CM098748.1:28370171-33533737	HG02514#2#ctg1	3556826	3723360	WHR1-like+|C4AL+|CYP21A1P-like+|TNXA-like-|WHR1B-like+|C4AL+|CYP21A1P-like+|TNXA-like-|WHR1B-like+|C4BS+|CYP21A2-like+|TNXB-like-	3	assembly_homology_and_annotation	RCCX-STRUCT-f3965b9e0fe6783a	1	0	0	1534308d7a69ee5be0ca43c9618be9a51d55aaf0d6606d2ce7168925d3ee307e	RCCX__HG02514#2	1	0
DRB	HG02523#1	HG02523	HG02521	HPRC-EastAsian	HG02523#1#CM086922.1:28564085-33712113	HG02523#1#ctg1	4018871	4164117	HLA-DRA+|HLA-DRB1-	1	provisional_annotation_absence_not_confirmed_deletion	DRB-STRUCT-2e2f348001bcb731	1	0	0	137cd9ad613456655b8e03011daf189d2a0fbe85d8f14404a83f1a97f1b27307	DRB__HG02523#1	1	0
RCCX	HG02523#1	HG02523	HG02521	HPRC-EastAsian	HG02523#1#CM086922.1:28564085-33712113	HG02523#1#ctg1	3557884	3691670	WHR1-like+|C4AL+|CYP21A1P-like+|TNXA-like-|WHR1B-like+|C4BS+|CYP21A2-like+|TNXB-like-	2	assembly_homology_and_annotation	RCCX-STRUCT-08dc6d3cd5c804e4	1	0	0	ff0e0362cd316ce6128aebfd82d4a565ce8485404617f9d2e0cee7c59d489075	RCCX__HG02523#1	1	0
DRB	HG02523#2	HG02523	HG02521	HPRC-EastAsian	HG02523#2#CM086938.1:28380315-33619374	HG02523#2#ctg1	4011484	4253507	HLA-DRA+|HLA-DRB4-|HLA-DRB1-	2	provisional_annotation_absence_not_confirmed_deletion	DRB-STRUCT-17c329d85af8b93c	1	0	0	17f64cd3d752f3ef24242742a4516f697aa75d45a5b42f60f77fb93e7fb1aa79	DRB__HG02523#2	1	0
RCCX	HG02523#2	HG02523	HG02521	HPRC-EastAsian	HG02523#2#CM086938.1:28380315-33619374	HG02523#2#ctg1	3550480	3684285	WHR1-like+|C4AL+|CYP21A1P-like+|TNXA-like-|WHR1B-like+|C4BS+|CYP21A2-like+|TNXB-like-	2	assembly_homology_and_annotation	RCCX-STRUCT-08dc6d3cd5c804e4	1	0	0	2b23fbbec58d99a1843873e4808987e1830b228c037011c3aadefaed30941ae4	RCCX__HG02523#2	1	0
DRB	HG02559#1	HG02559	HG02559	HPRC-Rest	HG02559#1#CM088234.1:28438650-33681676	HG02559#1#ctg1	4017653	4259279	HLA-DRA+|HLA-DRB4-|HLA-DRB1-	2	provisional_annotation_absence_not_confirmed_deletion	DRB-STRUCT-17c329d85af8b93c	1	0	0	d942d0df088fa4dcadf6ecb3d11b41f441638b8f33ff029aebcbb36692932601	DRB__HG02559#1	1	0
RCCX	HG02559#1	HG02559	HG02559	HPRC-Rest	HG02559#1#CM088234.1:28438650-33681676	HG02559#1#ctg1	3550296	3690455	WHR1-like+|C4AL+|CYP21A1P-like+|TNXA-like-|WHR1B-like+|C4BL+|CYP21A2-like+|TNXB-like-	2	assembly_homology_and_annotation	RCCX-STRUCT-c91a117646c15232	1	0	0	b4e2da27c2e09264b4a39bd6ad65db10c34bfd942b09e02f5c49ecfd0df63389	RCCX__HG02559#1	1	0
DRB	HG02559#2	HG02559	HG02559	HPRC-Rest	HG02559#2#CM088248.1:28392101-33544670	HG02559#2#ctg1	4034711	4170594	HLA-DRA+|HLA-DRB3-|HLA-DRB1-	2	provisional_annotation_absence_not_confirmed_deletion	DRB-STRUCT-d9e9c983b0b92c6d	1	0	0	478654f6e8ea9336311389b205d3b4d1652ac84615843b8dcb04ff8383eb4d25	DRB__HG02559#2	1	0
RCCX	HG02559#2	HG02559	HG02559	HPRC-Rest	HG02559#2#CM088248.1:28392101-33544670	HG02559#2#ctg1	3549275	3689446	WHR1-like+|C4AL+|CYP21A1P-like+|TNXA-like-|WHR1B-like+|C4BL+|CYP21A2-like+|TNXB-like-	2	assembly_homology_and_annotation	RCCX-STRUCT-c91a117646c15232	1	0	0	95da5107e3affd315d87a282c5df6411bcd3634554248828dcfb738a50f306a4	RCCX__HG02559#2	1	0
DRB	HG02572#1	HG02572	HG02570	HPRC-Rest	HG02572#1#CM088155.1:28443542-33635020	HG02572#1#ctg1	4078248	4210520	HLA-DRA+|HLA-DRB3-|HLA-DRB1-	2	provisional_annotation_absence_not_confirmed_deletion	DRB-STRUCT-d9e9c983b0b92c6d	1	0	0	7eabee59ab9ae18b0ddcceef5fd69de5ab968a02d5d5e721a9c5785ed3cd4a7d	DRB__HG02572#1	1	0
RCCX	HG02572#1	HG02572	HG02570	HPRC-Rest	HG02572#1#CM088155.1:28443542-33635020	HG02572#1#ctg1	3617768	3751536	WHR1-like+|C4AL+|CYP21A1P-like+|TNXA-like-|WHR1B-like+|C4BS+|CYP21A2-like+|TNXB-like-	2	assembly_homology_and_annotation	RCCX-STRUCT-08dc6d3cd5c804e4	1	0	0	21815ed94bb9ee799243beae5a2bdac6d4efebfccc3064bb8f7bc8e217896cec	RCCX__HG02572#1	1	0
DRB	HG02572#2	HG02572	HG02570	HPRC-Rest	HG02572#2#CM088173.1:28510650-33610925	HG02572#2#ctg1	3982889	4115010	HLA-DRA+|HLA-DRB3-|HLA-DRB1-	2	provisional_annotation_absence_not_confirmed_deletion	DRB-STRUCT-d9e9c983b0b92c6d	1	0	0	49a24bdd534270a4997656dfd6a5f119ddfedec732f4f99e8cbe32e1d86b841b	DRB__HG02572#2	1	0
RCCX	HG02572#2	HG02572	HG02570	HPRC-Rest	HG02572#2#CM088173.1:28510650-33610925	HG02572#2#ctg1	3548120	3655543	WHR1-like+|C4AL+|CYP21A2-like+|TNXB-like-	1	assembly_homology_and_annotation	RCCX-STRUCT-80c1563b57f16898	1	0	0	66f498d012ecda2733e4f6fe5bb54160b22b2b8b219ac4efec11827cac75226d	RCCX__HG02572#2	1	0
DRB	HG02583#1	HG02583	HG02582	HPRC-Rest	HG02583#1#CM089490.1:28310454-33519991	HG02583#1#ctg1	4079268	4224504	HLA-DRA+|HLA-DRB1-	1	provisional_annotation_absence_not_confirmed_deletion	DRB-STRUCT-2e2f348001bcb731	1	0	0	14990c8bb6562d5bbaa12da45e61f1a34bc539979470625eadd2d5eb698957de	DRB__HG02583#1	1	1
RCCX	HG02583#1	HG02583	HG02582	HPRC-Rest	HG02583#1#CM089490.1:28310454-33519991	HG02583#1#ctg1	3618008	3751801	WHR1-like+|C4AL+|CYP21A1P-like+|TNXA-like-|WHR1B-like+|C4BS+|CYP21A2-like+|TNXB-like-	2	assembly_homology_and_annotation	RCCX-STRUCT-08dc6d3cd5c804e4	1	0	0	a53f25b4731213cd0b98375cc49ace44f65a56763b5c6daf2d4a55348bac9fcd	RCCX__HG02583#1	1	1
DRB	HG02583#2	HG02583	HG02582	HPRC-Rest	HG02583#2#JBHIIV010000002.1:28450971-33556797	HG02583#2#ctg1	3982322	4121156	HLA-DRA+|HLA-DRB1-	1	provisional_annotation_absence_not_confirmed_deletion	DRB-STRUCT-2e2f348001bcb731	1	0	0	72a80606646df45a2d127d257530b47897a4dd5404f664e82ec91639a7ecf16e	DRB__HG02583#2	1	1
RCCX	HG02583#2	HG02583	HG02582	HPRC-Rest	HG02583#2#JBHIIV010000002.1:28450971-33556797	HG02583#2#ctg1	3548989	3656417	WHR1-like+|C4AL+|CYP21A2-like+|TNXB-like-	1	assembly_homology_and_annotation	RCCX-STRUCT-80c1563b57f16898	1	0	0	960ce3396c945f409a0b93b6263014010dc3cec9342cfe73aec68e6a90607a46	RCCX__HG02583#2	1	1
DRB	HG02602#1	HG02602	HG02600	HPRC-Rest	HG02602#1#CM099687.1:28473876-33718939	HG02602#1#ctg1	4009733	4253353	HLA-DRA+|HLA-DRB4-|HLA-DRB1-	2	provisional_annotation_absence_not_confirmed_deletion	DRB-STRUCT-17c329d85af8b93c	1	0	0	9c4ffeedfea5939c3858e28acfb88ef0d5b1c8ac05f28d9e8262951ab7eb8d17	DRB__HG02602#1	1	0
RCCX	HG02602#1	HG02602	HG02600	HPRC-Rest	HG02602#1#CM099687.1:28473876-33718939	HG02602#1#ctg1	3548814	3682574	WHR1-like+|C4AL+|CYP21A1P-like+|TNXA-like-|WHR1B-like+|C4BS+|CYP21A2-like+|TNXB-like-	2	assembly_homology_and_annotation	RCCX-STRUCT-08dc6d3cd5c804e4	1	0	0	ea52e5b0bd5f61330f3d1e6a6f68f894e0c4dca32c65aac269a2e873d99e33f0	RCCX__HG02602#1	1	0
DRB	HG02602#2	HG02602	HG02600	HPRC-Rest	HG02602#2#CM099701.1:28378684-33507166	HG02602#2#ctg1	4011388	4143154	HLA-DRA+|HLA-DRB3-|HLA-DRB1-	2	provisional_annotation_absence_not_confirmed_deletion	DRB-STRUCT-d9e9c983b0b92c6d	1	0	0	40975bd775e42879397b75a36e219840fe8dac390b671626ea8c84e46d633d22	DRB__HG02602#2	1	0
RCCX	HG02602#2	HG02602	HG02600	HPRC-Rest	HG02602#2#CM099701.1:28378684-33507166	HG02602#2#ctg1	3543296	3683461	WHR1-like+|C4AL+|CYP21A1P-like+|TNXA-like-|WHR1B-like+|C4BL+|CYP21A2-like+|TNXB-like-	2	assembly_homology_and_annotation	RCCX-STRUCT-c91a117646c15232	1	0	0	30cc7a592bd84cf092c6dee7b10fa5fae1a8913ec967a2a6b9097e517e3c9c4f	RCCX__HG02602#2	1	0
DRB	HG02615#1	HG02615	HG02613	HPRC-Rest	HG02615#1#JBHDSZ010000007.1:28292880-33505607	HG02615#1#ctg1	4095486	4227580	HLA-DRA+|HLA-DRB3-|HLA-DRB1-	2	provisional_annotation_absence_not_confirmed_deletion	DRB-STRUCT-d9e9c983b0b92c6d	1	0	0	2490dea8c0d3226346398343e212563d5678fef248e6fac2d92a2c12389c72a2	DRB__HG02615#1	1	0
RCCX	HG02615#1	HG02615	HG02613	HPRC-Rest	HG02615#1#JBHDSZ010000007.1:28292880-33505607	HG02615#1#ctg1	3616938	3750702	WHR1-like+|C4AL+|CYP21A2-like+|TNXA-like-|WHR1B-like+|C4BS+|CYP21A2-like+|TNXB-like-	2	assembly_homology_and_annotation	RCCX-STRUCT-804d53b600bb619f	1	0	0	022b56a0f3b9145b68075310302c1722d1778ada57163ad615ccb7fd38f55ab4	RCCX__HG02615#1	1	0
DRB	HG02615#2	HG02615	HG02613	HPRC-Rest	HG02615#2#JBHDTA010000044.1:28450215-33517590	HG02615#2#ctg1	3949831	4082232	HLA-DRA+|HLA-DRB3-|HLA-DRB1-	2	provisional_annotation_absence_not_confirmed_deletion	DRB-STRUCT-d9e9c983b0b92c6d	1	0	0	077820c65afc1bfb602a8fd40b6d5e33466529e05800ac2d6d96e625a95a2de2	DRB__HG02615#2	1	0
RCCX	HG02615#2	HG02615	HG02613	HPRC-Rest	HG02615#2#JBHDTA010000044.1:28450215-33517590	HG02615#2#ctg1	3490682	3561010	WHR1-like+|C4AL+|CYP21A1P-like+|TNXA-like-|WHR1B-like+|C4BS+|CYP21A2-like+|TNXA-like-	2	assembly_homology_and_annotation	RCCX-STRUCT-6493188f61335fa0	1	0	0	bfb9c75ec56fb43a629f6e7478f74dcd7bd46c351c230c420766352f15c95f0b	RCCX__HG02615#2	1	0
DRB	HG02622#1	HG02622	HG02620	HPRC-Rest	HG02622#1#JAHAOO020000001.1:28509085-33851733	HG02622#1#ctg1	4107337	4349776	HLA-DRA+|HLA-DRB4-|HLA-DRB1-	2	provisional_annotation_absence_not_confirmed_deletion	DRB-STRUCT-17c329d85af8b93c	1	0	0	d4622c3fefc717588a3bcfce99676dab81fc82cc4a3f5f6013f02baa494ab592	DRB__HG02622#1	1	0
RCCX	HG02622#1	HG02622	HG02620	HPRC-Rest	HG02622#1#JAHAOO020000001.1:28509085-33851733	HG02622#1#ctg1	3619893	3780041	WHR1-like+|C4AL+|CYP21A1P-like+|TNXA-like-|WHR1B-like+|C4BS+|CYP21A1P-like+|TNXA-like-|WHR1B-like+|C4BS+|CYP21A2-like+|TNXB-like-	3	assembly_homology_and_annotation	RCCX-STRUCT-0c843ef37c4c8a9d	1	0	0	1b84ca13b965ede8139ad06acacbfad1e0f0cfce4b7c457df22dd2c8d30ad15b	RCCX__HG02622#1	1	0
DRB	HG02622#2	HG02622	HG02620	HPRC-Rest	HG02622#2#CM088099.1:28439700-33655942	HG02622#2#ctg1	3989477	4232782	HLA-DRA+|HLA-DRB4-|HLA-DRB1-	2	provisional_annotation_absence_not_confirmed_deletion	DRB-STRUCT-17c329d85af8b93c	1	0	0	e24d63a11c218e7ae200121d956ab84d062f139dae31c2de4942e6dd43d7d571	DRB__HG02622#2	1	0
RCCX	HG02622#2	HG02622	HG02620	HPRC-Rest	HG02622#2#CM088099.1:28439700-33655942	HG02622#2#ctg1	3538774	3646188	WHR1-like+|C4AL+|CYP21A2-like+|TNXB-like-	1	assembly_homology_and_annotation	RCCX-STRUCT-80c1563b57f16898	1	0	0	2c526810971170fc0fd8835cc1f0653b2d2f796bece2f09e5198f8ac900dde02	RCCX__HG02622#2	1	0
DRB	HG02630#1	HG02630	HG02628	HPRC-Rest	HG02630#1#CM091809.1:28389334-33629412	HG02630#1#ctg1	4009485	4252840	HLA-DRA+|HLA-DRB4-|HLA-DRB1-	2	provisional_annotation_absence_not_confirmed_deletion	DRB-STRUCT-17c329d85af8b93c	1	0	0	fc17c4bf5fb9438fee083bd85fb4bf934408b6b3d2b3bbf6335d2c3acaaadcc0	DRB__HG02630#1	1	0
RCCX	HG02630#1	HG02630	HG02628	HPRC-Rest	HG02630#1#CM091809.1:28389334-33629412	HG02630#1#ctg1	3548306	3682068	WHR1-like+|C4AL+|CYP21A1P-like+|TNXA-like-|WHR1B-like+|C4BS+|CYP21A2-like+|TNXB-like-	2	assembly_homology_and_annotation	RCCX-STRUCT-08dc6d3cd5c804e4	1	0	0	8bbf76bbaf075b47da87780a2639f89f58541a46afceec7a4ee3a88bb9be37f1	RCCX__HG02630#1	1	0
DRB	HG02630#2	HG02630	HG02628	HPRC-Rest	HG02630#2#CM091740.1:28323618-33574655	HG02630#2#ctg1	4021656	4265007	HLA-DRA+|HLA-DRB4-|HLA-DRB1-	2	provisional_annotation_absence_not_confirmed_deletion	DRB-STRUCT-17c329d85af8b93c	1	0	0	687d0a43fa7da235b1ab8d3efafa04628cf7519570538b23be0c1cdea408966f	DRB__HG02630#2	1	0
RCCX	HG02630#2	HG02630	HG02628	HPRC-Rest	HG02630#2#CM091740.1:28323618-33574655	HG02630#2#ctg1	3560527	3694318	WHR1-like+|C4AL+|CYP21A1P-like+|TNXA-like-|WHR1B-like+|C4BS+|CYP21A2-like+|TNXB-like-	2	assembly_homology_and_annotation	RCCX-STRUCT-08dc6d3cd5c804e4	1	0	0	d0cadef9f73140168d734bb25ce88cbfe84f36c37ef7a6135361d218017244ff	RCCX__HG02630#2	1	0
DRB	HG02647#1	HG02647	HG02645	HPRC-Rest	HG02647#1#CM086559.1:28392022-33525944	HG02647#1#ctg1	4014555	4150426	HLA-DRA+|HLA-DRB3-|HLA-DRB1-	2	provisional_annotation_absence_not_confirmed_deletion	DRB-STRUCT-d9e9c983b0b92c6d	1	0	0	e36872a354ecfc60a64f80c46f5ca85578356ea3f3f4a5e58928d32c56af9001	DRB__HG02647#1	1	0
RCCX	HG02647#1	HG02647	HG02645	HPRC-Rest	HG02647#1#CM086559.1:28392022-33525944	HG02647#1#ctg1	3553544	3687337	WHR1-like+|C4AL+|CYP21A1P-like+|TNXA-like-|WHR1B-like+|C4BS+|CYP21A2-like+|TNXB-like-	2	assembly_homology_and_annotation	RCCX-STRUCT-08dc6d3cd5c804e4	1	0	0	41fe30a2911918f85a4e0fcbb14f08e13826b4d0264f50dca3befc70162ce69f	RCCX__HG02647#1	1	0
DRB	HG02647#2	HG02647	HG02645	HPRC-Rest	HG02647#2#JBHDSQ010000039.1:28453965-33628541	HG02647#2#ctg1	3936297	4179167	HLA-DRA+|HLA-DRB4-|HLA-DRB1-	2	provisional_annotation_absence_not_confirmed_deletion	DRB-STRUCT-17c329d85af8b93c	1	0	0	21d634991ea4d7bdb36bc9ed419445acc845a0f3111458415f90ef5372009e45	DRB__HG02647#2	1	0
RCCX	HG02647#2	HG02647	HG02645	HPRC-Rest	HG02647#2#JBHDSQ010000039.1:28453965-33628541	HG02647#2#ctg1	3501381	3608771	WHR1-like+|C4AL+|CYP21A2-like+|TNXB-like-	1	assembly_homology_and_annotation	RCCX-STRUCT-80c1563b57f16898	1	0	0	a40cc0196ac3e7d23747eea485ca44533b01f0030b9dddca7a68f613f344005a	RCCX__HG02647#2	1	0
DRB	HG02668#1	HG02668	HG02666	HPRC-Rest	HG02668#1#JBHIIC010000010.1:28453356-33594908	HG02668#1#ctg1	4026503	4162721	HLA-DRA+|HLA-DRB3-|HLA-DRB1-	2	provisional_annotation_absence_not_confirmed_deletion	DRB-STRUCT-d9e9c983b0b92c6d	1	0	0	4f927527a26e96addd701faddef384763240910ed40a1862f7d8cce21a0128b2	DRB__HG02668#1	1	0
RCCX	HG02668#1	HG02668	HG02666	HPRC-Rest	HG02668#1#JBHIIC010000010.1:28453356-33594908	HG02668#1#ctg1	3548000	3681765	WHR1-like+|C4AL+|CYP21A1P-like+|TNXA-like-|WHR1B-like+|C4BS+|CYP21A2-like+|TNXB-like-	2	assembly_homology_and_annotation	RCCX-STRUCT-08dc6d3cd5c804e4	1	0	0	dfa8a627a79224392e8328ece9ba0c73721615b37896c7e0f898e46d5f88da06	RCCX__HG02668#1	1	0
DRB	HG02668#2	HG02668	HG02666	HPRC-Rest	HG02668#2#JBHIID010000047.1:28501762-33634486	HG02668#2#ctg1	4014412	4146980	HLA-DRA+|HLA-DRB3-|HLA-DRB1-	2	provisional_annotation_absence_not_confirmed_deletion	DRB-STRUCT-d9e9c983b0b92c6d	1	0	0	31cb569c2b82e7210debcc5d9ff1aefa74235a4f3c9a365cdbfffc75191dfdd7	DRB__HG02668#2	1	0
RCCX	HG02668#2	HG02668	HG02666	HPRC-Rest	HG02668#2#JBHIID010000047.1:28501762-33634486	HG02668#2#ctg1	3553851	3687653	WHR1-like+|C4AL+|CYP21A1P-like+|TNXA-like-|WHR1B-like+|C4BS+|CYP21A2-like+|TNXB-like-	2	assembly_homology_and_annotation	RCCX-STRUCT-08dc6d3cd5c804e4	1	0	0	9b1454b2cd2e5d1bd67ad31bcaf6c09c64b6fd2afef81a9a3fd656973efec2a7	RCCX__HG02668#2	1	0
DRB	HG02698#1	HG02698	HG02696	HPRC-Rest	HG02698#1#CM086825.1:28387663-33565022	HG02698#1#ctg1	4035374	4187719	HLA-DRA+|HLA-DRB5-|HLA-DRB1-	2	provisional_annotation_absence_not_confirmed_deletion	DRB-STRUCT-a57eaf455348c3e7	1	0	0	23121f0417a1ad4877d202a7c23dab9a49317d2c3ae288507ddcabb9e8938800	DRB__HG02698#1	1	0
RCCX	HG02698#1	HG02698	HG02696	HPRC-Rest	HG02698#1#CM086825.1:28387663-33565022	HG02698#1#ctg1	3547744	3707989	WHR1-like+|C4AL+|CYP21A1P-like+|TNXA-like-|WHR1B-like+|C4AS+|CYP21A1P-like+|TNXA-like-|WHR1B-like+|C4BS+|CYP21A2-like+|TNXB-like-	3	assembly_homology_and_annotation	RCCX-STRUCT-43779c00c9747168	1	0	0	5a93c0a1deb2caa211a4f66469310e44159d0bbcd7209796b4c03ec2e227618a	RCCX__HG02698#1	1	0
DRB	HG02698#2	HG02698	HG02696	HPRC-Rest	HG02698#2#CM086846.1:28436213-33571880	HG02698#2#ctg1	4018832	4151373	HLA-DRA+|HLA-DRB3-|HLA-DRB1-	2	provisional_annotation_absence_not_confirmed_deletion	DRB-STRUCT-d9e9c983b0b92c6d	1	0	0	d51fdd47fb82171936695978ea5bb8e30f2960ea852e5a38938f8e574a4133b4	DRB__HG02698#2	1	0
RCCX	HG02698#2	HG02698	HG02696	HPRC-Rest	HG02698#2#CM086846.1:28436213-33571880	HG02698#2#ctg1	3551497	3691651	WHR1-like+|C4AL+|CYP21A2-like+|TNXA-like-|WHR1B-like+|C4BL+|CYP21A2-like+|TNXB-like-	2	assembly_homology_and_annotation	RCCX-STRUCT-4c34865fcf2a50f9	1	0	0	6cea8a848d42a4143e773061e10d0e156ae0c609a75e5944b15d5a228c47a0f8	RCCX__HG02698#2	1	0
DRB	HG02717#1	HG02717	HG02715	HPRC-Rest	HG02717#1#JAHAOS020000006.1:28453373-33608309	HG02717#1#ctg1	4035064	4170694	HLA-DRA+|HLA-DRB3-|HLA-DRB1-	2	provisional_annotation_absence_not_confirmed_deletion	DRB-STRUCT-d9e9c983b0b92c6d	1	0	0	a6b86c4b230d547019e3baef54ee09a9bb62808bff7d9be5f75a48b135f41b61	DRB__HG02717#1	1	0
RCCX	HG02717#1	HG02717	HG02715	HPRC-Rest	HG02717#1#JAHAOS020000006.1:28453373-33608309	HG02717#1#ctg1	3556008	3689787	WHR1-like+|C4AL+|CYP21A1P-like+|TNXA-like-|WHR1B-like+|C4BS+|CYP21A2-like+|TNXB-like-	2	assembly_homology_and_annotation	RCCX-STRUCT-08dc6d3cd5c804e4	1	0	0	545069385f9a9e776ae3929b60b340efdf8528d4c2243c19e6a92648ed0f5a0e	RCCX__HG02717#1	1	0
DRB	HG02717#2	HG02717	HG02715	HPRC-Rest	HG02717#2#JAHAOR020000010.1:28390930-33657668	HG02717#2#ctg1	4038102	4281403	HLA-DRA+|HLA-DRB4-|HLA-DRB1-	2	provisional_annotation_absence_not_confirmed_deletion	DRB-STRUCT-17c329d85af8b93c	1	0	0	91064ff8590edb2dc2dc372c56795493b49d8d9b498e47704873bece6f45c1d8	DRB__HG02717#2	1	0
RCCX	HG02717#2	HG02717	HG02715	HPRC-Rest	HG02717#2#JAHAOR020000010.1:28390930-33657668	HG02717#2#ctg1	3550744	3710902	WHR1-like+|C4BL+|CYP21A1P-like+|TNXA-like-|WHR1B-like+|C4AS+|CYP21A2-like+|TNXA-like-|WHR1B-like+|C4BS+|CYP21A2-like+|TNXB-like-	3	assembly_homology_and_annotation	RCCX-STRUCT-8904b92121a5f1e8	1	0	0	903eb482a83e081fa016ac0500e4eb953c1ba3456911c1977dbebb902aa5ab6b	RCCX__HG02717#2	1	0
DRB	HG02723#1	HG02723	HG02721	HPRC-Rest	HG02723#1#CM092031.1:28492941-33618283	HG02723#1#ctg1	4012628	4144348	HLA-DRA+|HLA-DRB3-|HLA-DRB1-	2	provisional_annotation_absence_not_confirmed_deletion	DRB-STRUCT-d9e9c983b0b92c6d	1	0	0	a0c3422a7ee18ceff2f1cafc3c23d9cb129588b7fa4d8c3ede3c87a7144d4aa6	DRB__HG02723#1	1	0
RCCX	HG02723#1	HG02723	HG02721	HPRC-Rest	HG02723#1#CM092031.1:28492941-33618283	HG02723#1#ctg1	3551326	3685123	WHR1-like+|C4AL+|CYP21A1P-like+|TNXA-like-|WHR1B-like+|C4BS+|CYP21A2-like+|TNXB-like-	2	assembly_homology_and_annotation	RCCX-STRUCT-08dc6d3cd5c804e4	1	0	0	630c4f23fa83b57c87cb5fd3517890a7a6f878c57e5208788d85c6d23cb7d482	RCCX__HG02723#1	1	0
DRB	HG02723#2	HG02723	HG02721	HPRC-Rest	HG02723#2#JAHEOT020000028.1:24121290-29433497	HG02723#2#ctg1	4077852	4320298	HLA-DRA+|HLA-DRB4-|HLA-DRB1-	2	provisional_annotation_absence_not_confirmed_deletion	DRB-STRUCT-17c329d85af8b93c	1	0	0	036fe4f97b966f49300016716fe4d9cda729a73a828957b921f68767583313d6	DRB__HG02723#2	1	0
RCCX	HG02723#2	HG02723	HG02721	HPRC-Rest	HG02723#2#JAHEOT020000028.1:24121290-29433497	HG02723#2#ctg1	3616809	3750593	WHR1-like+|C4AL+|CYP21A1P-like+|TNXA-like-|WHR1B-like+|C4BS+|CYP21A2-like+|TNXB-like-	2	assembly_homology_and_annotation	RCCX-STRUCT-08dc6d3cd5c804e4	1	0	0	57ef3a904de86b15577dab3c55f89ab736eccae3ef9a9a50cf7e3fc670cfd11d	RCCX__HG02723#2	1	0
DRB	HG02735#1	HG02735	HG02733	HPRC-Rest	HG02735#1#JBHIII010000062.1:28453541-33709307	HG02735#1#ctg1	4018285	4260280	HLA-DRA+|HLA-DRB4-|HLA-DRB1-	2	provisional_annotation_absence_not_confirmed_deletion	DRB-STRUCT-17c329d85af8b93c	1	0	0	4b80bfa7e068488b8fa180774d7dca80fd97521a16b21698bbc0c0b81b628793	DRB__HG02735#1	1	0
RCCX	HG02735#1	HG02735	HG02733	HPRC-Rest	HG02735#1#JBHIII010000062.1:28453541-33709307	HG02735#1#ctg1	3557223	3691008	WHR1-like+|C4AL+|CYP21A1P-like+|TNXA-like-|WHR1B-like+|C4BS+|CYP21A2-like+|TNXB-like-	2	assembly_homology_and_annotation	RCCX-STRUCT-08dc6d3cd5c804e4	1	0	0	67610e51cfc9e4da5d4a3c195058151985e86a2a2c8055e478d1c2a46a58a222	RCCX__HG02735#1	1	0
DRB	HG02735#2	HG02735	HG02733	HPRC-Rest	HG02735#2#JBHIIJ010000060.1:28392355-33560534	HG02735#2#ctg1	4057163	4189430	HLA-DRA+|HLA-DRB3-|HLA-DRB1-	2	provisional_annotation_absence_not_confirmed_deletion	DRB-STRUCT-d9e9c983b0b92c6d	1	0	0	c8de963fc94c3be83fe05115be741f5d8ddaffcb88f9e09b3f50cbf6ab3053d0	DRB__HG02735#2	1	0
RCCX	HG02735#2	HG02735	HG02733	HPRC-Rest	HG02735#2#JBHIIJ010000060.1:28392355-33560534	HG02735#2#ctg1	3622287	3729685	WHR1-like+|C4AL+|CYP21A2-like+|TNXB-like-	1	assembly_homology_and_annotation	RCCX-STRUCT-80c1563b57f16898	1	0	0	0c04d48b08e728dee2881892d639e1b34c67a3386c5b40356014b4976580ca33	RCCX__HG02735#2	1	0
DRB	HG02738#1	HG02738	HG02736	HPRC-Rest	HG02738#1#JBJXQJ010000012.1:28448720-33571060	HG02738#1#ctg1	4010912	4143182	HLA-DRA+|HLA-DRB3-|HLA-DRB1-	2	provisional_annotation_absence_not_confirmed_deletion	DRB-STRUCT-d9e9c983b0b92c6d	1	0	0	3a36b78e7673dee7e4d17d13305a0c1b94e720fc5f1f7e99ca27daa55a81b723	DRB__HG02738#1	1	0
RCCX	HG02738#1	HG02738	HG02736	HPRC-Rest	HG02738#1#JBJXQJ010000012.1:28448720-33571060	HG02738#1#ctg1	3549050	3682947	WHR1-like+|C4AL+|CYP21A2-like+|TNXA-like-|WHR1B-like+|C4BS+|CYP21A2-like+|TNXB-like-	2	assembly_homology_and_annotation	RCCX-STRUCT-804d53b600bb619f	1	0	0	9ac188644b858e40988732d4f5f23a911c4b5424c74a02283142ef135cf2f1f8	RCCX__HG02738#1	1	0
DRB	HG02738#2	HG02738	HG02736	HPRC-Rest	HG02738#2#JBJXQK010000005.1:28378589-33465078	HG02738#2#ctg1	3975791	4108061	HLA-DRA+|HLA-DRB3-|HLA-DRB1-	2	provisional_annotation_absence_not_confirmed_deletion	DRB-STRUCT-d9e9c983b0b92c6d	1	0	0	8a2b07d1c42e88a280dc52381ddd8023d554358eafce8d644dae07ef6375cead	DRB__HG02738#2	1	0
RCCX	HG02738#2	HG02738	HG02736	HPRC-Rest	HG02738#2#JBJXQK010000005.1:28378589-33465078	HG02738#2#ctg1	3487678	3647836	WHR1-like+|C4BL+|CYP21A1P-like+|TNXA-like-|WHR1B-like+|C4AS+|CYP21A2-like+|TNXA-like-|WHR1B-like+|C4BS+|CYP21A2-like+|TNXB-like-	3	assembly_homology_and_annotation	RCCX-STRUCT-8904b92121a5f1e8	1	0	0	e02cbd39b408fd931c36acd8fe5078d9333c0cf6c090c6597232318cc79f3ffe	RCCX__HG02738#2	1	0
DRB	HG02809#1	HG02809	HG02807	HPRC-Rest	HG02809#1#CM088345.1:28415797-33540379	HG02809#1#ctg1	4011850	4143571	HLA-DRA+|HLA-DRB3-|HLA-DRB1-	2	provisional_annotation_absence_not_confirmed_deletion	DRB-STRUCT-d9e9c983b0b92c6d	1	0	0	0ade95730d2870029ac86750b50b095dd9cda4b32091a79786251d85a3f8fe36	DRB__HG02809#1	1	0
RCCX	HG02809#1	HG02809	HG02807	HPRC-Rest	HG02809#1#CM088345.1:28415797-33540379	HG02809#1#ctg1	3550557	3684349	WHR1-like+|C4AL+|CYP21A1P-like+|TNXA-like-|WHR1B-like+|C4BS+|CYP21A2-like+|TNXB-like-	2	assembly_homology_and_annotation	RCCX-STRUCT-08dc6d3cd5c804e4	1	0	0	0f5d52a2ced7c7a1a2b48a529f9c661fe12b663bedacc4997567069ca89ca700	RCCX__HG02809#1	1	0
DRB	HG02809#2	HG02809	HG02807	HPRC-Rest	HG02809#2#CM088363.1:28447535-33684835	HG02809#2#ctg1	4011726	4253274	HLA-DRA+|HLA-DRB4-|HLA-DRB1-	2	provisional_annotation_absence_not_confirmed_deletion	DRB-STRUCT-17c329d85af8b93c	1	0	0	c1ba906f3fb0cf72db6b465ad95ff2d53b7ce031546cacc0fb571336b75c2408	DRB__HG02809#2	1	0
RCCX	HG02809#2	HG02809	HG02807	HPRC-Rest	HG02809#2#CM088363.1:28447535-33684835	HG02809#2#ctg1	3551664	3685449	WHR1-like+|C4AL+|CYP21A1P-like+|TNXA-like-|WHR1B-like+|C4BS+|CYP21A2-like+|TNXB-like-	2	assembly_homology_and_annotation	RCCX-STRUCT-08dc6d3cd5c804e4	1	0	0	40dc938f4575428bd12d121d6e902b1a4a201cf13a083c6ef1f01c9d4ae10563	RCCX__HG02809#2	1	0
DRB	HG02818#1	HG02818	HG02816	HPRC-Rest	HG02818#1#JAHEOS020000050.1:28390726-33610396	HG02818#1#ctg1	4099290	4234660	HLA-DRA+|HLA-DRB3-|HLA-DRB1-	2	provisional_annotation_absence_not_confirmed_deletion	DRB-STRUCT-d9e9c983b0b92c6d	1	0	0	0948366129c170d78420c4042a74f8c5ed8c837a00502c950d4ea6909a728f6c	DRB__HG02818#1	1	0
RCCX	HG02818#1	HG02818	HG02816	HPRC-Rest	HG02818#1#JAHEOS020000050.1:28390726-33610396	HG02818#1#ctg1	3620281	3754086	WHR1-like+|C4AL+|CYP21A1P-like+|TNXA-like-|WHR1B-like+|C4BS+|CYP21A2-like+|TNXB-like-	2	assembly_homology_and_annotation	RCCX-STRUCT-08dc6d3cd5c804e4	1	0	0	7fc07cc62484a056680e37b3810bee3641dbac1213dcf68233583178a2faa000	RCCX__HG02818#1	1	0
DRB	HG02818#2	HG02818	HG02816	HPRC-Rest	HG02818#2#JAHEOR020000002.1:28395424-33521433	HG02818#2#ctg1	4011686	4144249	HLA-DRA+|HLA-DRB3-|HLA-DRB1-	2	provisional_annotation_absence_not_confirmed_deletion	DRB-STRUCT-d9e9c983b0b92c6d	1	0	0	d96326d26a9a8be752ec9b9d680ce05efa33a09ef2d12d34a60733d003b1054e	DRB__HG02818#2	1	0
RCCX	HG02818#2	HG02818	HG02816	HPRC-Rest	HG02818#2#JAHEOR020000002.1:28395424-33521433	HG02818#2#ctg1	3551226	3685018	WHR1-like+|C4AL+|CYP21A1P-like+|TNXA-like-|WHR1B-like+|C4BS+|CYP21A2-like+|TNXB-like-	2	assembly_homology_and_annotation	RCCX-STRUCT-08dc6d3cd5c804e4	1	0	0	8a7bdae66867ee97b9dcc7ebc7c92fba1441f323a968bca7035c102b5f4f9e05	RCCX__HG02818#2	1	0
DRB	HG02841#1	HG02841	HG02839	HPRC-Rest	HG02841#1#JBJKOG010000054.1:28472700-33602015	HG02841#1#ctg1	4010883	4146779	HLA-DRA+|HLA-DRB3-|HLA-DRB1-	2	provisional_annotation_absence_not_confirmed_deletion	DRB-STRUCT-d9e9c983b0b92c6d	1	0	0	aa5943fc69f1f75b1647ce0e7029f85bbbbba0ff923518bcbcf797560db822c3	DRB__HG02841#1	1	0
RCCX	HG02841#1	HG02841	HG02839	HPRC-Rest	HG02841#1#JBJKOG010000054.1:28472700-33602015	HG02841#1#ctg1	3549668	3683459	WHR1-like+|C4AL+|CYP21A1P-like+|TNXA-like-|WHR1B-like+|C4BS+|CYP21A2-like+|TNXB-like-	2	assembly_homology_and_annotation	RCCX-STRUCT-08dc6d3cd5c804e4	1	0	0	87547e4898b7f44d08804dfd781d3526b65fb982153087f5e013c5af269bfc17	RCCX__HG02841#1	1	0
DRB	HG02841#2	HG02841	HG02839	HPRC-Rest	HG02841#2#JBJKOH010000051.1:28480911-33779808	HG02841#2#ctg1	4072914	4314019	HLA-DRA+|HLA-DRB4-|HLA-DRB1-	2	provisional_annotation_absence_not_confirmed_deletion	DRB-STRUCT-17c329d85af8b93c	1	0	0	3d429ccecd7088522f0e377d639cfe5549dda6ca9fea19eed0582eeb4057e3ac	DRB__HG02841#2	1	0
RCCX	HG02841#2	HG02841	HG02839	HPRC-Rest	HG02841#2#JBJKOH010000051.1:28480911-33779808	HG02841#2#ctg1	3611858	3745650	WHR1-like+|C4AL+|CYP21A1P-like+|TNXA-like-|WHR1B-like+|C4BS+|CYP21A2-like+|TNXB-like-	2	assembly_homology_and_annotation	RCCX-STRUCT-08dc6d3cd5c804e4	1	0	0	66adabd375302f0e1ca5dbe23b8def0ef31001171059fab3673940a268e948fc	RCCX__HG02841#2	1	0
DRB	HG02886#1	HG02886	HG02884	HPRC-Rest	HG02886#1#CM088086.1:28449049-33579727	HG02886#1#ctg1	4014001	4149781	HLA-DRA+|HLA-DRB3-|HLA-DRB1-	2	provisional_annotation_absence_not_confirmed_deletion	DRB-STRUCT-d9e9c983b0b92c6d	1	0	0	36c7d9390f91943a98658b9701bc73e3fb3c7bf098ca48594370d2408192cf11	DRB__HG02886#1	1	0
RCCX	HG02886#1	HG02886	HG02884	HPRC-Rest	HG02886#1#CM088086.1:28449049-33579727	HG02886#1#ctg1	3552941	3686730	WHR1-like+|C4AL+|CYP21A1P-like+|TNXA-like-|WHR1B-like+|C4BS+|CYP21A2-like+|TNXB-like-	2	assembly_homology_and_annotation	RCCX-STRUCT-08dc6d3cd5c804e4	1	0	0	41db810570b0b958c6f628dcfd90029eb3785b03c983cb65c1abd4589b98b8e3	RCCX__HG02886#1	1	0
DRB	HG02886#2	HG02886	HG02884	HPRC-Rest	HG02886#2#CM088127.1:28408235-33704386	HG02886#2#ctg1	4063800	4307196	HLA-DRA+|HLA-DRB4-|HLA-DRB1-	2	provisional_annotation_absence_not_confirmed_deletion	DRB-STRUCT-17c329d85af8b93c	1	0	0	bd8cd5a307aa5d9cb81a56718a3230c0a9fefeeaca4b13b4abb6423c12207bae	DRB__HG02886#2	1	0
RCCX	HG02886#2	HG02886	HG02884	HPRC-Rest	HG02886#2#CM088127.1:28408235-33704386	HG02886#2#ctg1	3628229	3735662	WHR1-like+|C4AL+|CYP21A2-like+|TNXB-like-	1	assembly_homology_and_annotation	RCCX-STRUCT-80c1563b57f16898	1	0	0	7783c743a4e4733fa1d8deec0d2f7662ee28cf6fa8dfe63e1bc3048495dda1df	RCCX__HG02886#2	1	0
DRB	HG02922#1	HG02922	HG02922	HPRC-Rest	HG02922#1#JBHDVO010000050.1:28463778-33607859	HG02922#1#ctg1	4026977	4159542	HLA-DRA+|HLA-DRB3-|HLA-DRB1-	2	provisional_annotation_absence_not_confirmed_deletion	DRB-STRUCT-d9e9c983b0b92c6d	1	0	0	7e6b9f73864ef2acf01dcc33e526fd272854575ea5b8c1f68fc828eedddd575a	DRB__HG02922#1	1	1
RCCX	HG02922#1	HG02922	HG02922	HPRC-Rest	HG02922#1#JBHDVO010000050.1:28463778-33607859	HG02922#1#ctg1	3549836	3683632	WHR1-like+|C4AL+|CYP21A1P-like+|TNXA-like-|WHR1B-like+|C4BS+|CYP21A2-like+|TNXB-like-	2	assembly_homology_and_annotation	RCCX-STRUCT-08dc6d3cd5c804e4	1	0	0	90beec53f68a5d0cd44b57a59ba74767f283cae4ee5f47268f41dde715c8f2e3	RCCX__HG02922#1	1	1
DRB	HG02922#2	HG02922	HG02922	HPRC-Rest	HG02922#2#JBHDVP010000048.1:28393533-33529937	HG02922#2#ctg1	4083223	4155036	HLA-DRA+|HLA-DRB1-	1	provisional_annotation_absence_not_confirmed_deletion	DRB-STRUCT-2e2f348001bcb731	1	0	0	6403ce781f8fcf728705e2adca5d27d381313f8cc3f4de1115ab29fc017239ad	DRB__HG02922#2	1	1
RCCX	HG02922#2	HG02922	HG02922	HPRC-Rest	HG02922#2#JBHDVP010000048.1:28393533-33529937	HG02922#2#ctg1	3621293	3755080	WHR1-like+|C4AL+|CYP21A1P-like+|TNXA-like-|WHR1B-like+|C4BS+|CYP21A2-like+|TNXB-like-	2	assembly_homology_and_annotation	RCCX-STRUCT-08dc6d3cd5c804e4	1	0	0	d697ad6f6b714bb2245826393aaa01ac271787c7d6ae8eeef4178bbce1f6184a	RCCX__HG02922#2	1	1
DRB	HG02965#1	HG02965	HG02964	HPRC-Rest	HG02965#1#CM087346.1:28413853-33616010	HG02965#1#ctg1	4082749	4218525	HLA-DRA+|HLA-DRB3-|HLA-DRB1-	2	provisional_annotation_absence_not_confirmed_deletion	DRB-STRUCT-d9e9c983b0b92c6d	1	0	0	96cdcc999f20040c10aeff1577f4a6bfb0d440c4e19318e11bd31e662493d453	DRB__HG02965#1	1	0
RCCX	HG02965#1	HG02965	HG02964	HPRC-Rest	HG02965#1#CM087346.1:28413853-33616010	HG02965#1#ctg1	3621748	3755552	WHR1-like+|C4AL+|CYP21A1P-like+|TNXA-like-|WHR1B-like+|C4AS+|CYP21A2-like+|TNXB-like-	2	assembly_homology_and_annotation	RCCX-STRUCT-b8ca310d36f0396c	1	0	0	72383c3e53deaede11fe33c3f8c5df226f515c9133456c3fc9aa11cf26480f1c	RCCX__HG02965#1	1	0
DRB	HG02965#2	HG02965	HG02964	HPRC-Rest	HG02965#2#CM087389.1:28497212-33562374	HG02965#2#ctg1	4011928	4083743	HLA-DRA+|HLA-DRB1-	1	provisional_annotation_absence_not_confirmed_deletion	DRB-STRUCT-2e2f348001bcb731	1	0	0	c30a6a975bde95046019f09b12bb26f3d579a528b9e018dcc03be726028385d1	DRB__HG02965#2	1	0
RCCX	HG02965#2	HG02965	HG02964	HPRC-Rest	HG02965#2#CM087389.1:28497212-33562374	HG02965#2#ctg1	3549994	3683781	WHR1-like+|C4AL+|CYP21A1P-like+|TNXA-like-|WHR1B-like+|C4BS+|CYP21A2-like+|TNXB-like-	2	assembly_homology_and_annotation	RCCX-STRUCT-08dc6d3cd5c804e4	1	0	0	f9747819deb486b89dcf61d97b4746bc3324d37a2e63e9a7d336d95c04e7ea63	RCCX__HG02965#2	1	0
DRB	HG02976#1	HG02976	HG02976	HPRC-Rest	HG02976#1#JBHDVW010000052.1:28458918-33596444	HG02976#1#ctg1	3996647	4148960	HLA-DRA+|HLA-DRB5-|HLA-DRB1-	2	provisional_annotation_absence_not_confirmed_deletion	DRB-STRUCT-a57eaf455348c3e7	1	0	0	873e910eee7bfd52cf874c58f31d63246811c6d082031b203ead719f05665cd9	DRB__HG02976#1	1	1
RCCX	HG02976#1	HG02976	HG02976	HPRC-Rest	HG02976#1#JBHDVW010000052.1:28458918-33596444	HG02976#1#ctg1	3561767	3669184	WHR1-like+|C4AL+|CYP21A2-like+|TNXB-like-	1	assembly_homology_and_annotation	RCCX-STRUCT-80c1563b57f16898	1	0	0	5cf3365e4ef44ad51885abe5a98b136ae62f672391c3b380452ff20120ffbfa5	RCCX__HG02976#1	1	1
DRB	HG02976#2	HG02976	HG02976	HPRC-Rest	HG02976#2#JBHDVX010000061.1:28449910-33601091	HG02976#2#ctg1	4033525	4166119	HLA-DRA+|HLA-DRB3-|HLA-DRB1-	2	provisional_annotation_absence_not_confirmed_deletion	DRB-STRUCT-d9e9c983b0b92c6d	1	0	0	5fa4669513c58daea116600d49f2d0180fcc411dd3fdd1a7ab7fc1142431b6b1	DRB__HG02976#2	1	1
RCCX	HG02976#2	HG02976	HG02976	HPRC-Rest	HG02976#2#JBHDVX010000061.1:28449910-33601091	HG02976#2#ctg1	3555301	3689068	WHR1-like+|C4AL+|CYP21A1P-like+|TNXA-like-|WHR1B-like+|C4BS+|CYP21A2-like+|TNXB-like-	2	assembly_homology_and_annotation	RCCX-STRUCT-08dc6d3cd5c804e4	1	0	0	c0cfa49fcde977e08765e7daf752ba77e754c709dd8fe862b41dc7349160124e	RCCX__HG02976#2	1	1
DRB	HG02984#1	HG02984	HG02982	HPRC-Rest	HG02984#1#CM098791.1:28424082-33554288	HG02984#1#ctg1	4010136	4142427	HLA-DRA+|HLA-DRB3-|HLA-DRB1-	2	provisional_annotation_absence_not_confirmed_deletion	DRB-STRUCT-d9e9c983b0b92c6d	1	0	0	47a9580e6e9dcfb100fb570a863df3b97c19d51fb9994dded4c73f754334c2f2	DRB__HG02984#1	1	0
RCCX	HG02984#1	HG02984	HG02982	HPRC-Rest	HG02984#1#CM098791.1:28424082-33554288	HG02984#1#ctg1	3554631	3682055	WHR1-like+|C4BS+|CYP21A1P-like+|TNXA-like-|WHR1B-like+|C4BS+|CYP21A2-like+|TNXB-like-	2	assembly_homology_and_annotation	RCCX-STRUCT-a672720635c58ced	1	0	0	a52a09fc7657d36d91de684dbd2e5cb83362d735b2f28104c8220f72aea075db	RCCX__HG02984#1	1	0
DRB	HG02984#2	HG02984	HG02982	HPRC-Rest	HG02984#2#CM098805.1:28288416-33435352	HG02984#2#ctg1	4016105	4161347	HLA-DRA+|HLA-DRB1-	1	provisional_annotation_absence_not_confirmed_deletion	DRB-STRUCT-2e2f348001bcb731	1	0	0	6c003bcf9b1ffb8a06932c84e3f508913937193e872f0199062f620b36a80c98	DRB__HG02984#2	1	0
RCCX	HG02984#2	HG02984	HG02982	HPRC-Rest	HG02984#2#CM098805.1:28288416-33435352	HG02984#2#ctg1	3555068	3688859	WHR1-like+|C4AL+|CYP21A1P-like+|TNXA-like-|WHR1B-like+|C4BS+|CYP21A2-like+|TNXB-like-	2	assembly_homology_and_annotation	RCCX-STRUCT-08dc6d3cd5c804e4	1	0	0	9e2c6ad792bd16e58fb52b43c275fe20eff0a1ef2d697b5065093a9badcec8c0	RCCX__HG02984#2	1	0
DRB	HG03017#1	HG03017	HG03015	HPRC-Rest	HG03017#1#CM088912.1:28366322-33354914	HG03017#1#ctg1	3934852	4007127	HLA-DRA+|HLA-DRB1-	1	provisional_annotation_absence_not_confirmed_deletion	DRB-STRUCT-2e2f348001bcb731	1	0	0	f8f86c89ff3703043a337fef6a01d5bd94cbaa98072c72dbf4566871d8037159	DRB__HG03017#1	1	0
RCCX	HG03017#1	HG03017	HG03015	HPRC-Rest	HG03017#1#CM088912.1:28366322-33354914	HG03017#1#ctg1	3500564	3607982	WHR1-like+|C4BL+|CYP21A2-like+|TNXB-like-	1	assembly_homology_and_annotation	RCCX-STRUCT-7b1f207074474ef0	1	0	0	94d4647bb5081ff748c5da698618d27af87d0b3549f3c4e80569c978ee0257d5	RCCX__HG03017#1	1	0
DRB	HG03017#2	HG03017	HG03015	HPRC-Rest	HG03017#2#CM088928.1:28386890-33518406	HG03017#2#ctg1	3990115	4142471	HLA-DRA+|HLA-DRB5-|HLA-DRB1-	2	provisional_annotation_absence_not_confirmed_deletion	DRB-STRUCT-a57eaf455348c3e7	1	0	0	27d7e431c10f0a61cbb7ded607f63202cf4d89de7d42fe79bb377d318830e375	DRB__HG03017#2	1	0
RCCX	HG03017#2	HG03017	HG03015	HPRC-Rest	HG03017#2#CM088928.1:28386890-33518406	HG03017#2#ctg1	3561682	3662721	WHR1-like+|C4BS+|CYP21A2-like+|TNXB-like-	1	assembly_homology_and_annotation	RCCX-STRUCT-a002f576cdda62b4	1	0	0	15020fcb71f584c8af6d1c225a83c12030a39e814d0d20434d18708a8c720e99	RCCX__HG03017#2	1	0
DRB	HG03041#1	HG03041	HG03039	HPRC-Rest	HG03041#1#JBHIHQ010000010.1:28523162-33664914	HG03041#1#ctg1	4088520	4160337	HLA-DRA+|HLA-DRB1-	1	provisional_annotation_absence_not_confirmed_deletion	DRB-STRUCT-2e2f348001bcb731	1	0	0	142308c85f00ad2c5b367445b3e67be12cf891f6467111b1e47fa38ce8459a20	DRB__HG03041#1	1	0
RCCX	HG03041#1	HG03041	HG03039	HPRC-Rest	HG03041#1#JBHIHQ010000010.1:28523162-33664914	HG03041#1#ctg1	3626591	3760378	WHR1-like+|C4AL+|CYP21A1P-like+|TNXA-like-|WHR1B-like+|C4BS+|CYP21A2-like+|TNXB-like-	2	assembly_homology_and_annotation	RCCX-STRUCT-08dc6d3cd5c804e4	1	0	0	ea55e71992e9394054443006409b0d6225dd44856fffc5359943520fa4c8c1af	RCCX__HG03041#1	1	0
DRB	HG03041#2	HG03041	HG03039	HPRC-Rest	HG03041#2#JBHIHR010000035.1:28469379-33626082	HG03041#2#ctg1	4016556	4168875	HLA-DRA+|HLA-DRB5-|HLA-DRB1-	2	provisional_annotation_absence_not_confirmed_deletion	DRB-STRUCT-a57eaf455348c3e7	1	0	0	3fb0510dabd245d6547eb01f7156ed6cff494d69a061b583720e925c5119c24c	DRB__HG03041#2	1	0
RCCX	HG03041#2	HG03041	HG03039	HPRC-Rest	HG03041#2#JBHIHR010000035.1:28469379-33626082	HG03041#2#ctg1	3555436	3689224	WHR1-like+|C4AL+|CYP21A1P-like+|TNXA-like-|WHR1B-like+|C4BS+|CYP21A2-like+|TNXB-like-	2	assembly_homology_and_annotation	RCCX-STRUCT-08dc6d3cd5c804e4	1	0	0	2f8e46b97cc932918f660e2054c31a667f3797568145ea106fb925ba1f2ded20	RCCX__HG03041#2	1	0
DRB	HG03050#1	HG03050	HG03048	HPRC-Rest	HG03050#1#CM098763.1:28357910-33541888	HG03050#1#ctg1	3954240	4197641	HLA-DRA+|HLA-DRB4-|HLA-DRB1-	2	provisional_annotation_absence_not_confirmed_deletion	DRB-STRUCT-17c329d85af8b93c	1	0	0	adcdf4a49e523e5f91b105ff33730c0728e318c7fb2dd0e9b15843ddb472eabc	DRB__HG03050#1	1	0
RCCX	HG03050#1	HG03050	HG03048	HPRC-Rest	HG03050#1#CM098763.1:28357910-33541888	HG03050#1#ctg1	3493271	3627071	WHR1-like+|C4AL+|CYP21A1P-like+|TNXA-like-|WHR1B-like+|C4BS+|CYP21A2-like+|TNXB-like-	2	assembly_homology_and_annotation	RCCX-STRUCT-08dc6d3cd5c804e4	1	0	0	e5da9326a07536ecda1d9c58d13885f9699eb3728ee12ce30c7b30f0db07ad6c	RCCX__HG03050#1	1	0
DRB	HG03050#2	HG03050	HG03048	HPRC-Rest	HG03050#2#CM098777.1:28436251-33634749	HG03050#2#ctg1	4079323	4215097	HLA-DRA+|HLA-DRB3-|HLA-DRB1-	2	provisional_annotation_absence_not_confirmed_deletion	DRB-STRUCT-d9e9c983b0b92c6d	1	0	0	25cde716bbffbf467f976c4f75febe517673c3819f4dc51568c0d87901436bed	DRB__HG03050#2	1	0
RCCX	HG03050#2	HG03050	HG03048	HPRC-Rest	HG03050#2#CM098777.1:28436251-33634749	HG03050#2#ctg1	3618316	3752126	WHR1-like+|C4AL+|CYP21A1P-like+|TNXA-like-|WHR1B-like+|C4AS+|CYP21A2-like+|TNXB-like-	2	assembly_homology_and_annotation	RCCX-STRUCT-b8ca310d36f0396c	1	0	0	96a4a1ce04e0a479e34f1f53f0248717208909e2ccd4b5eba520f09304ac00ce	RCCX__HG03050#2	1	0
DRB	HG03098#1	HG03098	HG03096	HPRC-Rest	HG03098#1#CM092231.1:28431361-33758681	HG03098#1#ctg1	4096832	4340226	HLA-DRA+|HLA-DRB4-|HLA-DRB1-	2	provisional_annotation_absence_not_confirmed_deletion	DRB-STRUCT-17c329d85af8b93c	1	0	0	35beb50e31358b5c5490ad546495d8d2accc8cb7e4a29db707ef4d1be3898811	DRB__HG03098#1	1	0
RCCX	HG03098#1	HG03098	HG03096	HPRC-Rest	HG03098#1#CM092231.1:28431361-33758681	HG03098#1#ctg1	3618304	3752098	WHR1-like+|C4AL+|CYP21A1P-like+|TNXA-like-|WHR1B-like+|C4BS+|CYP21A2-like+|TNXB-like-	2	assembly_homology_and_annotation	RCCX-STRUCT-08dc6d3cd5c804e4	1	0	0	99a6da36c4baad2c312e8c73189abf0262ab70c1f6140b08e96c0b09d1018df2	RCCX__HG03098#1	1	0
DRB	HG03098#2	HG03098	HG03096	HPRC-Rest	HG03098#2#CM092219.1:28417176-33625650	HG03098#2#ctg1	3983188	4224300	HLA-DRA+|HLA-DRB4-|HLA-DRB1-	2	provisional_annotation_absence_not_confirmed_deletion	DRB-STRUCT-17c329d85af8b93c	1	0	0	8179b1890349fd01979852636a7a037aeab28d2b628cc70f155505e523e48d00	DRB__HG03098#2	1	0
RCCX	HG03098#2	HG03098	HG03096	HPRC-Rest	HG03098#2#CM092219.1:28417176-33625650	HG03098#2#ctg1	3548274	3655706	WHR1-like+|C4AL+|CYP21A2-like+|TNXB-like-	1	assembly_homology_and_annotation	RCCX-STRUCT-80c1563b57f16898	1	0	0	53211e839457eb8104d7f69cd0b5ec12ff2c504e3670def3b44cd3ce4488fe57	RCCX__HG03098#2	1	0
DRB	HG03130#1	HG03130	HG03129	HPRC-Rest	HG03130#1#JBHDWI010000052.1:28368259-33497302	HG03130#1#ctg1	4006332	4145164	HLA-DRA+|HLA-DRB1-	1	provisional_annotation_absence_not_confirmed_deletion	DRB-STRUCT-2e2f348001bcb731	1	0	0	8736c15453d9791ab0c9924f0928b9ba6ac0da3b23af10606f117ddf93da53fd	DRB__HG03130#1	1	1
RCCX	HG03130#1	HG03130	HG03129	HPRC-Rest	HG03130#1#JBHDWI010000052.1:28368259-33497302	HG03130#1#ctg1	3549909	3620245	WHR1-like+|C4AL+|CYP21A1P-like+|TNXA-like-|WHR1B-like+|C4BS+|CYP21A2-like+|TNXA-like-	2	assembly_homology_and_annotation	RCCX-STRUCT-6493188f61335fa0	1	0	0	0c69ff958a50052f5903cd8693d29ade2a54787ff9d86b54034b8321d3700f79	RCCX__HG03130#1	1	1
DRB	HG03130#2	HG03130	HG03129	HPRC-Rest	HG03130#2#JBHDWJ010000015.1:28300492-33501344	HG03130#2#ctg1	4080831	4216738	HLA-DRA+|HLA-DRB3-|HLA-DRB1-	2	provisional_annotation_absence_not_confirmed_deletion	DRB-STRUCT-d9e9c983b0b92c6d	1	0	0	2ba079b3ff6f7debf5b35a61b57f93bde39e6986e6c45ef30f6f16b556849e34	DRB__HG03130#2	1	1
RCCX	HG03130#2	HG03130	HG03129	HPRC-Rest	HG03130#2#JBHDWJ010000015.1:28300492-33501344	HG03130#2#ctg1	3619830	3753615	WHR1-like+|C4AL+|CYP21A1P-like+|TNXA-like-|WHR1B-like+|C4BS+|CYP21A2-like+|TNXB-like-	2	assembly_homology_and_annotation	RCCX-STRUCT-08dc6d3cd5c804e4	1	0	0	092d9f762ac656fcdbaccbc698d6aaecc8eec0f45b3176c24ac6190ab6343823	RCCX__HG03130#2	1	1
DRB	HG03139#1	HG03139	HG03139	HPRC-Rest	HG03139#1#JBIEBX010000038.1:1708286-6750584	HG03139#1#ctg1	3986590	4058403	HLA-DRA+|HLA-DRB1-	1	provisional_annotation_absence_not_confirmed_deletion	DRB-STRUCT-2e2f348001bcb731	1	0	0	fa98239a1c0b3d9ee332f81e8179c20243d63c06025636ace87f779e4e03e63f	DRB__HG03139#1	1	1
RCCX	HG03139#1	HG03139	HG03139	HPRC-Rest	HG03139#1#JBIEBX010000038.1:1708286-6750584	HG03139#1#ctg1	3551029	3658447	WHR1-like+|C4AL+|CYP21A2-like+|TNXB-like-	1	assembly_homology_and_annotation	RCCX-STRUCT-80c1563b57f16898	1	0	0	2dc1e4c75312c9c12e8736cfefb27da53ddcb6633433c72adb764ed1dbf5ab58	RCCX__HG03139#1	1	1
DRB	HG03139#2	HG03139	HG03139	HPRC-Rest	HG03139#2#JBIEBY010000006.1:1675799-6810645	HG03139#2#ctg1	4007907	4146620	HLA-DRA+|HLA-DRB1-	1	provisional_annotation_absence_not_confirmed_deletion	DRB-STRUCT-2e2f348001bcb731	1	0	0	f1f1cb5287f7bb98f451bfe9162c688381e0efc2b5810a5894bba0ecf9f5f066	DRB__HG03139#2	1	1
RCCX	HG03139#2	HG03139	HG03139	HPRC-Rest	HG03139#2#JBIEBY010000006.1:1675799-6810645	HG03139#2#ctg1	3548157	3681945	WHR1-like+|C4AL+|CYP21A1P-like+|TNXA-like-|WHR1B-like+|C4BS+|CYP21A2-like+|TNXB-like-	2	assembly_homology_and_annotation	RCCX-STRUCT-08dc6d3cd5c804e4	1	0	0	a709b35a2d5597971f85af18ceb0fdfbac22306e3579d999db61e764fd800d6a	RCCX__HG03139#2	1	1
DRB	HG03195#1	HG03195	HG03195	HPRC-Rest	HG03195#1#JBHDVU010000053.1:28475373-33604548	HG03195#1#ctg1	4006414	4145247	HLA-DRA+|HLA-DRB1-	1	provisional_annotation_absence_not_confirmed_deletion	DRB-STRUCT-2e2f348001bcb731	1	0	0	6ea8511177d53daabca2689c3ffe3f9b9048b0860c3034fa0e14a464213488d1	DRB__HG03195#1	1	1
RCCX	HG03195#1	HG03195	HG03195	HPRC-Rest	HG03195#1#JBHDVU010000053.1:28475373-33604548	HG03195#1#ctg1	3549992	3620328	WHR1-like+|C4AL+|CYP21A1P-like+|TNXA-like-|WHR1B-like+|C4BS+|CYP21A2-like+|TNXA-like-	2	assembly_homology_and_annotation	RCCX-STRUCT-6493188f61335fa0	1	0	0	0c69ff958a50052f5903cd8693d29ade2a54787ff9d86b54034b8321d3700f79	RCCX__HG03195#1	1	1
DRB	HG03195#2	HG03195	HG03195	HPRC-Rest	HG03195#2#JBHDVV010000014.1:28451324-33606358	HG03195#2#ctg1	4014691	4167462	HLA-DRA+|HLA-DRB5-|HLA-DRB1-	2	provisional_annotation_absence_not_confirmed_deletion	DRB-STRUCT-a57eaf455348c3e7	1	0	0	7d3e752eba78c684fb12b89ae38d7ce1dc1207f48e43ee435cf893d142e2fa65	DRB__HG03195#2	1	1
RCCX	HG03195#2	HG03195	HG03195	HPRC-Rest	HG03195#2#JBHDVV010000014.1:28451324-33606358	HG03195#2#ctg1	3553562	3687352	WHR1-like+|C4AL+|CYP21A1P-like+|TNXA-like-|WHR1B-like+|C4BS+|CYP21A2-like+|TNXB-like-	2	assembly_homology_and_annotation	RCCX-STRUCT-08dc6d3cd5c804e4	1	0	0	c9dbf15ee57f35afc793105091b8278bfa55d4abbd71a56217d73767b866918e	RCCX__HG03195#2	1	1
DRB	HG03209#1	HG03209	HG03209	HPRC-Rest	HG03209#1#CM087213.1:28462168-33702122	HG03209#1#ctg1	4014500	4255607	HLA-DRA+|HLA-DRB4-|HLA-DRB1-	2	provisional_annotation_absence_not_confirmed_deletion	DRB-STRUCT-17c329d85af8b93c	1	0	0	11ee7e57542aa2b4bbff8556c14032c53111f7cb2a81d52e260a1beec9933241	DRB__HG03209#1	1	1
RCCX	HG03209#1	HG03209	HG03209	HPRC-Rest	HG03209#1#CM087213.1:28462168-33702122	HG03209#1#ctg1	3553539	3687322	WHR1-like+|C4AL+|CYP21A1P-like+|TNXA-like-|WHR1B-like+|C4BS+|CYP21A2-like+|TNXB-like-	2	assembly_homology_and_annotation	RCCX-STRUCT-08dc6d3cd5c804e4	1	0	0	bf9c99755257213398aad8999b9a067cc36272c9377585a806b58ca92578a354	RCCX__HG03209#1	1	1
DRB	HG03209#2	HG03209	HG03209	HPRC-Rest	HG03209#2#CM087231.1:28521401-33595827	HG03209#2#ctg1	4022277	4094037	HLA-DRA+|HLA-DRB1-	1	provisional_annotation_absence_not_confirmed_deletion	DRB-STRUCT-2e2f348001bcb731	1	0	0	83ac85fa1d05d51fed462ebad24170218479b31256086393a89bb3bd99f9aefd	DRB__HG03209#2	1	1
RCCX	HG03209#2	HG03209	HG03209	HPRC-Rest	HG03209#2#CM087231.1:28521401-33595827	HG03209#2#ctg1	3543214	3676991	WHR1-like+|C4AL+|CYP21A1P-like+|TNXA-like-|WHR1B-like+|C4BS+|CYP21A2-like+|TNXB-like-	2	assembly_homology_and_annotation	RCCX-STRUCT-08dc6d3cd5c804e4	1	0	0	716cd589057313f72da319524f8b1070aad55a66f96de8716314f5538ec4c626	RCCX__HG03209#2	1	1
DRB	HG03225#1	HG03225	HG03225	HPRC-Rest	HG03225#1#CM089301.1:28387857-33521155	HG03225#1#ctg1	4017985	4153870	HLA-DRA+|HLA-DRB3-|HLA-DRB1-	2	provisional_annotation_absence_not_confirmed_deletion	DRB-STRUCT-d9e9c983b0b92c6d	1	0	0	eaa39a275f6d84a5c88d89f1413ab3bfc8ad7d7d4fabe692fa40074e9c4b4b06	DRB__HG03225#1	1	1
RCCX	HG03225#1	HG03225	HG03225	HPRC-Rest	HG03225#1#CM089301.1:28387857-33521155	HG03225#1#ctg1	3556074	3689827	WHR1-like+|C4AL+|CYP21A2-like+|TNXA-like-|WHR1B-like+|C4BS+|CYP21A2-like+|TNXB-like-	2	assembly_homology_and_annotation	RCCX-STRUCT-804d53b600bb619f	1	0	0	d3a015c6f69510a24b75b993f01db630c3318aa5717c7193a142367410c337c0	RCCX__HG03225#1	1	1
DRB	HG03225#2	HG03225	HG03225	HPRC-Rest	HG03225#2#CM089317.1:28460302-33665041	HG03225#2#ctg1	4080767	4219598	HLA-DRA+|HLA-DRB1-	1	provisional_annotation_absence_not_confirmed_deletion	DRB-STRUCT-2e2f348001bcb731	1	0	0	ef5bd8a03d38ed60ffa3eada91a4df7c2d1d51aba3e826d9e938ed72b9f3006a	DRB__HG03225#2	1	1
RCCX	HG03225#2	HG03225	HG03225	HPRC-Rest	HG03225#2#CM089317.1:28460302-33665041	HG03225#2#ctg1	3621013	3754805	WHR1-like+|C4AL+|CYP21A1P-like+|TNXA-like-|WHR1B-like+|C4BS+|CYP21A2-like+|TNXB-like-	2	assembly_homology_and_annotation	RCCX-STRUCT-08dc6d3cd5c804e4	1	0	0	1c89d46c7d6373065dc8783509a8e80a5166b79af933421c17851cd6df8f0b69	RCCX__HG03225#2	1	1
DRB	HG03239#1	HG03239	HG03237	HPRC-Rest	HG03239#1#CM088748.1:28379983-33543593	HG03239#1#ctg1	3938150	4179363	HLA-DRA+|HLA-DRB4-|HLA-DRB1-	2	provisional_annotation_absence_not_confirmed_deletion	DRB-STRUCT-17c329d85af8b93c	1	0	0	3b9d45e77fc9130fbb2801affdc502d2346d8e4d1857d8066bb4a0f19f0b2a46	DRB__HG03239#1	1	0
RCCX	HG03239#1	HG03239	HG03237	HPRC-Rest	HG03239#1#CM088748.1:28379983-33543593	HG03239#1#ctg1	3503559	3610982	WHR1-like+|C4AL+|CYP21A2-like+|TNXB-like-	1	assembly_homology_and_annotation	RCCX-STRUCT-80c1563b57f16898	1	0	0	a23f3ade291e1fd40224926dd19b0a9e1de7965e9782e36ab162ed9c9859de7e	RCCX__HG03239#1	1	0
DRB	HG03239#2	HG03239	HG03237	HPRC-Rest	HG03239#2#CM088761.1:28289569-33563315	HG03239#2#ctg1	4038098	4280095	HLA-DRA+|HLA-DRB4-|HLA-DRB1-	2	provisional_annotation_absence_not_confirmed_deletion	DRB-STRUCT-17c329d85af8b93c	1	0	0	e28b3a2eef2585f38cda3808019719e41c38059506b2e41212e46a2072bc2d8c	DRB__HG03239#2	1	0
RCCX	HG03239#2	HG03239	HG03237	HPRC-Rest	HG03239#2#CM088761.1:28289569-33563315	HG03239#2#ctg1	3550665	3710813	WHR1-like+|C4AL+|CYP21A1P-like+|TNXA-like-|WHR1B-like+|C4BS+|CYP21A1P-like+|TNXA-like-|WHR1B-like+|C4BS+|CYP21A2-like+|TNXB-like-	3	assembly_homology_and_annotation	RCCX-STRUCT-0c843ef37c4c8a9d	1	0	0	24f7b571150960f49329c3c8d80f004abc4635884ca4d1f7026de12f3d21b320	RCCX__HG03239#2	1	0
DRB	HG03270#1	HG03270	HG03270	HPRC-Rest	HG03270#1#CM089901.1:28457303-33619918	HG03270#1#ctg1	4020909	4173684	HLA-DRA+|HLA-DRB5-|HLA-DRB1-	2	provisional_annotation_absence_not_confirmed_deletion	DRB-STRUCT-a57eaf455348c3e7	1	0	0	a9d6a7464de36e2f3be98b2be937a86d2d8f90780d86f59c84c4dd132636ba99	DRB__HG03270#1	1	1
RCCX	HG03270#1	HG03270	HG03270	HPRC-Rest	HG03270#1#CM089901.1:28457303-33619918	HG03270#1#ctg1	3559662	3693440	WHR1-like+|C4AL+|CYP21A1P-like+|TNXA-like-|WHR1B-like+|C4BS+|CYP21A2-like+|TNXB-like-	2	assembly_homology_and_annotation	RCCX-STRUCT-08dc6d3cd5c804e4	1	0	0	48d43b5ef632739284e1b5959298e9920ece97141e21f0fe40c2311c81fe7bad	RCCX__HG03270#1	1	1
DRB	HG03270#2	HG03270	HG03270	HPRC-Rest	HG03270#2#CM089913.1:28461664-33600109	HG03270#2#ctg1	4021300	4153863	HLA-DRA+|HLA-DRB3-|HLA-DRB1-	2	provisional_annotation_absence_not_confirmed_deletion	DRB-STRUCT-d9e9c983b0b92c6d	1	0	0	c8270bb0daef0357417ceffa11f8e8469ea228f40ea734240451a8be0965a5c6	DRB__HG03270#2	1	1
RCCX	HG03270#2	HG03270	HG03270	HPRC-Rest	HG03270#2#CM089913.1:28461664-33600109	HG03270#2#ctg1	3560752	3694544	WHR1-like+|C4AL+|CYP21A1P-like+|TNXA-like-|WHR1B-like+|C4BS+|CYP21A2-like+|TNXB-like-	2	assembly_homology_and_annotation	RCCX-STRUCT-08dc6d3cd5c804e4	1	0	0	22333e4400c3deac2bd6668648be8342c9e0dd560f3ee72315fbf41b59e2f494	RCCX__HG03270#2	1	1
DRB	HG03369#1	HG03369	HG03369	HPRC-Rest	HG03369#1#CM094384.1:28448143-33595830	HG03369#1#ctg1	4027235	4159665	HLA-DRA+|HLA-DRB3-|HLA-DRB1-	2	provisional_annotation_absence_not_confirmed_deletion	DRB-STRUCT-d9e9c983b0b92c6d	1	0	0	b8a8c35dc43891c2563b65a73127715f0e530fe743940a5d55f5e16bf7c8e836	DRB__HG03369#1	1	1
RCCX	HG03369#1	HG03369	HG03369	HPRC-Rest	HG03369#1#CM094384.1:28448143-33595830	HG03369#1#ctg1	3566255	3700052	WHR1-like+|C4AL+|CYP21A1P-like+|TNXA-like-|WHR1B-like+|C4BS+|CYP21A2-like+|TNXB-like-	2	assembly_homology_and_annotation	RCCX-STRUCT-08dc6d3cd5c804e4	1	0	0	38f0587bd0c2aaa1c90ebcf9da0d43b7659d09c26d09313edc73cf1d2d385a79	RCCX__HG03369#1	1	1
DRB	HG03369#2	HG03369	HG03369	HPRC-Rest	HG03369#2#CM094359.1:28412805-33626591	HG03369#2#ctg1	4095479	4230848	HLA-DRA+|HLA-DRB3-|HLA-DRB1-	2	provisional_annotation_absence_not_confirmed_deletion	DRB-STRUCT-d9e9c983b0b92c6d	1	0	0	647b2c77335212d9c471b830ea0db4d5e88d7d71950ff1b95fc9895dca41a294	DRB__HG03369#2	1	1
RCCX	HG03369#2	HG03369	HG03369	HPRC-Rest	HG03369#2#CM094359.1:28412805-33626591	HG03369#2#ctg1	3616450	3750211	WHR1-like+|C4AL+|CYP21A1P-like+|TNXA-like-|WHR1B-like+|C4BS+|CYP21A2-like+|TNXB-like-	2	assembly_homology_and_annotation	RCCX-STRUCT-08dc6d3cd5c804e4	1	0	0	92bb24f30798792914307017d004b80cd525e4832ca6a560d9efec6fb35b537a	RCCX__HG03369#2	1	1
DRB	HG03453#1	HG03453	HG03451	HPRC-Rest	HG03453#1#JAGYVW020000075.1:28403120-33611389	HG03453#1#ctg1	3979237	4222613	HLA-DRA+|HLA-DRB4-|HLA-DRB1-	2	provisional_annotation_absence_not_confirmed_deletion	DRB-STRUCT-17c329d85af8b93c	1	0	0	729d61b811626550daa44e3ddc64ecfa6609434d32654254bc768c1258446422	DRB__HG03453#1	1	0
RCCX	HG03453#1	HG03453	HG03451	HPRC-Rest	HG03453#1#JAGYVW020000075.1:28403120-33611389	HG03453#1#ctg1	3518258	3652062	WHR1-like+|C4AL+|CYP21A1P-like+|TNXA-like-|WHR1B-like+|C4BS+|CYP21A2-like+|TNXB-like-	2	assembly_homology_and_annotation	RCCX-STRUCT-08dc6d3cd5c804e4	1	0	0	42794e887ea645f85bcf90c692060abd1c15921f9285ace7f1245a66d79cf658	RCCX__HG03453#1	1	0
DRB	HG03453#2	HG03453	HG03451	HPRC-Rest	HG03453#2#JAGYVV020000081.1:28470880-33567163	HG03453#2#ctg1	3983381	4115611	HLA-DRA+|HLA-DRB3-|HLA-DRB1-	2	provisional_annotation_absence_not_confirmed_deletion	DRB-STRUCT-d9e9c983b0b92c6d	1	0	0	70a104dc17d7abf6a525a913fe878b2c5ab5e04af97b580d7500cc26a4d48ebe	DRB__HG03453#2	1	0
RCCX	HG03453#2	HG03453	HG03451	HPRC-Rest	HG03453#2#JAGYVV020000081.1:28470880-33567163	HG03453#2#ctg1	3547865	3655259	WHR1-like+|C4AL+|CYP21A2-like+|TNXB-like-	1	assembly_homology_and_annotation	RCCX-STRUCT-80c1563b57f16898	1	0	0	156e186f17f9522279feed138584345bd65f09d4915bb26110756dc4cd81b3e7	RCCX__HG03453#2	1	0
DRB	HG03470#1	HG03470	HG03438	HPRC-Rest	HG03470#1#CM091822.1:28475508-33736647	HG03470#1#ctg1	4024552	4268338	HLA-DRA+|HLA-DRB4-|HLA-DRB1-	2	provisional_annotation_absence_not_confirmed_deletion	DRB-STRUCT-17c329d85af8b93c	1	0	0	8fb20379a3d3d23ff206fababed4417da135ba15614245ad1aa3138a33be8ad0	DRB__HG03470#1	1	1
RCCX	HG03470#1	HG03470	HG03438	HPRC-Rest	HG03470#1#CM091822.1:28475508-33736647	HG03470#1#ctg1	3546053	3679841	WHR1-like+|C4AL+|CYP21A1P-like+|TNXA-like-|WHR1B-like+|C4BS+|CYP21A2-like+|TNXB-like-	2	assembly_homology_and_annotation	RCCX-STRUCT-08dc6d3cd5c804e4	1	0	0	a1ef15aa6293e142b3f81d4de3bb2f32b29e03e5c5b417d865e53655ffc3205e	RCCX__HG03470#1	1	1
DRB	HG03470#2	HG03470	HG03438	HPRC-Rest	HG03470#2#CM091870.1:28404010-33497478	HG03470#2#ctg1	3971481	4110268	HLA-DRA+|HLA-DRB1-	1	provisional_annotation_absence_not_confirmed_deletion	DRB-STRUCT-2e2f348001bcb731	1	0	0	86a0ca7217cc19b90c0b0b66bb8a98ea464554b4ba41cacc73aaf359a87b94fb	DRB__HG03470#2	1	1
RCCX	HG03470#2	HG03470	HG03438	HPRC-Rest	HG03470#2#CM091870.1:28404010-33497478	HG03470#2#ctg1	3493227	3627027	WHR1-like+|C4AL+|CYP21A1P-like+|TNXA-like-|WHR1B-like+|C4BS+|CYP21A2-like+|TNXB-like-	2	assembly_homology_and_annotation	RCCX-STRUCT-08dc6d3cd5c804e4	1	0	0	572f6709589909b0aa6c7204054e37da007bfb650eed8c4f84a3407c85642b80	RCCX__HG03470#2	1	1
DRB	HG03471#1	HG03471	HG03471	HPRC-Rest	HG03471#1#CM087523.1:28468339-33683868	HG03471#1#ctg1	3979461	4221889	HLA-DRA+|HLA-DRB4-|HLA-DRB1-	2	provisional_annotation_absence_not_confirmed_deletion	DRB-STRUCT-17c329d85af8b93c	1	0	0	a40d54cde21687466489f4be69c7fd2682c21b2ed54cbd542a6bc6dd7e78e287	DRB__HG03471#1	1	0
RCCX	HG03471#1	HG03471	HG03471	HPRC-Rest	HG03471#1#CM087523.1:28468339-33683868	HG03471#1#ctg1	3518466	3652266	WHR1-like+|C4AL+|CYP21A1P-like+|TNXA-like-|WHR1B-like+|C4BS+|CYP21A2-like+|TNXB-like-	2	assembly_homology_and_annotation	RCCX-STRUCT-08dc6d3cd5c804e4	1	0	0	83eb7225c36981675d90e3c4499158366a8518e9416d3afc778ef9f784b4f81c	RCCX__HG03471#1	1	0
DRB	HG03471#2	HG03471	HG03471	HPRC-Rest	HG03471#2#CM087546.1:28512656-33707046	HG03471#2#ctg1	4079766	4215540	HLA-DRA+|HLA-DRB3-|HLA-DRB1-	2	provisional_annotation_absence_not_confirmed_deletion	DRB-STRUCT-d9e9c983b0b92c6d	1	0	0	3ac0f272d248d1fccdda21d80575dddc3d00b827db0190f93abc46911dd65aeb	DRB__HG03471#2	1	0
RCCX	HG03471#2	HG03471	HG03471	HPRC-Rest	HG03471#2#CM087546.1:28512656-33707046	HG03471#2#ctg1	3618769	3752572	WHR1-like+|C4AL+|CYP21A1P-like+|TNXA-like-|WHR1B-like+|C4AS+|CYP21A2-like+|TNXB-like-	2	assembly_homology_and_annotation	RCCX-STRUCT-b8ca310d36f0396c	1	0	0	9d5c89904d6602e4583df242c47bf7c9c1a1449d38efcd359fd15cf327d65b45	RCCX__HG03471#2	1	0
DRB	HG03486#1	HG03486	HG03484	HPRC-Rest	HG03486#1#CM091974.1:28459101-33585338	HG03486#1#ctg1	4011604	4147379	HLA-DRA+|HLA-DRB3-|HLA-DRB1-	2	provisional_annotation_absence_not_confirmed_deletion	DRB-STRUCT-d9e9c983b0b92c6d	1	0	0	5a1419c5ff23d0849659607cbbdd68057a7651cf36415a90587e7801d439e33e	DRB__HG03486#1	1	0
RCCX	HG03486#1	HG03486	HG03484	HPRC-Rest	HG03486#1#CM091974.1:28459101-33585338	HG03486#1#ctg1	3550601	3684401	WHR1-like+|C4AL+|CYP21A1P-like+|TNXA-like-|WHR1B-like+|C4AS+|CYP21A2-like+|TNXB-like-	2	assembly_homology_and_annotation	RCCX-STRUCT-b8ca310d36f0396c	1	0	0	5c4522284cf7e0beee1d8b18531f4209a5eb1825396c396efa8c76ab0866440e	RCCX__HG03486#1	1	0
DRB	HG03486#2	HG03486	HG03484	HPRC-Rest	HG03486#2#CM091960.1:28459830-33596099	HG03486#2#ctg1	4016297	4148235	HLA-DRA+|HLA-DRB3-|HLA-DRB1-	2	provisional_annotation_absence_not_confirmed_deletion	DRB-STRUCT-d9e9c983b0b92c6d	1	0	0	28590617f358c79306439df992832f439a691f7c54a2e7c71d8329eed8b6b37e	DRB__HG03486#2	1	0
RCCX	HG03486#2	HG03486	HG03484	HPRC-Rest	HG03486#2#CM091960.1:28459830-33596099	HG03486#2#ctg1	3554378	3688169	WHR1-like+|C4AL+|CYP21A1P-like+|TNXA-like-|WHR1B-like+|C4BS+|CYP21A2-like+|TNXB-like-	2	assembly_homology_and_annotation	RCCX-STRUCT-08dc6d3cd5c804e4	1	0	0	26fed4fc1fc1a5a5e99a2352c4d71700e6d261ecad3f6b66512d47408bd94290	RCCX__HG03486#2	1	0
DRB	HG03516#1	HG03516	HG03514	HPRC-Rest	HG03516#1#JAGYYS020000049.1:28451043-33589535	HG03516#1#ctg1	4021192	4153753	HLA-DRA+|HLA-DRB3-|HLA-DRB1-	2	provisional_annotation_absence_not_confirmed_deletion	DRB-STRUCT-d9e9c983b0b92c6d	1	0	0	823eaf4ffd0b97a8ed4991d19968387eb70009561dd163b0ecdf076efdeae774	DRB__HG03516#1	1	0
RCCX	HG03516#1	HG03516	HG03514	HPRC-Rest	HG03516#1#JAGYYS020000049.1:28451043-33589535	HG03516#1#ctg1	3560639	3694436	WHR1-like+|C4AL+|CYP21A1P-like+|TNXA-like-|WHR1B-like+|C4BS+|CYP21A2-like+|TNXB-like-	2	assembly_homology_and_annotation	RCCX-STRUCT-08dc6d3cd5c804e4	1	0	0	9a8b038a17e50d1581167f33bfc2978300ead66fd9ee8930bbfdbb2f6b079a33	RCCX__HG03516#1	1	0
DRB	HG03516#2	HG03516	HG03514	HPRC-Rest	HG03516#2#JAGYYT020000030.1:28478688-33696340	HG03516#2#ctg1	4096204	4231573	HLA-DRA+|HLA-DRB3-|HLA-DRB1-	2	provisional_annotation_absence_not_confirmed_deletion	DRB-STRUCT-d9e9c983b0b92c6d	1	0	0	647b2c77335212d9c471b830ea0db4d5e88d7d71950ff1b95fc9895dca41a294	DRB__HG03516#2	1	0
RCCX	HG03516#2	HG03516	HG03514	HPRC-Rest	HG03516#2#JAGYYT020000030.1:28478688-33696340	HG03516#2#ctg1	3617171	3750932	WHR1-like+|C4AL+|CYP21A1P-like+|TNXA-like-|WHR1B-like+|C4BS+|CYP21A2-like+|TNXB-like-	2	assembly_homology_and_annotation	RCCX-STRUCT-08dc6d3cd5c804e4	1	0	0	9fb858594e657478e167f559c19e5cd517430363ae7b54e19e2bcca0eebb85ee	RCCX__HG03516#2	1	0
DRB	HG03521#1	HG03521	HG03520	HPRC-Rest	HG03521#1#JBIREF010000004.1:28517918-33642180	HG03521#1#ctg1	4009096	4141291	HLA-DRA+|HLA-DRB3-|HLA-DRB1-	2	provisional_annotation_absence_not_confirmed_deletion	DRB-STRUCT-d9e9c983b0b92c6d	1	0	0	8dbdc3ff9c7683783220bfa0a4893ea42d6ea958e24de79dd825b7377683dd06	DRB__HG03521#1	1	1
RCCX	HG03521#1	HG03521	HG03520	HPRC-Rest	HG03521#1#JBIREF010000004.1:28517918-33642180	HG03521#1#ctg1	3547094	3680890	WHR1-like+|C4AL+|CYP21A1P-like+|TNXA-like-|WHR1B-like+|C4BS+|CYP21A2-like+|TNXB-like-	2	assembly_homology_and_annotation	RCCX-STRUCT-08dc6d3cd5c804e4	1	0	0	eb63706091518a4a6a03353cedcdaca64c6b7882de9770f82d2cb7afc09e7cdc	RCCX__HG03521#1	1	1
DRB	HG03521#2	HG03521	HG03520	HPRC-Rest	HG03521#2#JBIREG010000058.1:28429727-33569421	HG03521#2#ctg1	4010220	4146113	HLA-DRA+|HLA-DRB3-|HLA-DRB1-	2	provisional_annotation_absence_not_confirmed_deletion	DRB-STRUCT-d9e9c983b0b92c6d	1	0	0	791e8ff63ba3ff487eadb31c3a219d450fb4efe5f399441b97d98f80770564eb	DRB__HG03521#2	1	1
RCCX	HG03521#2	HG03521	HG03520	HPRC-Rest	HG03521#2#JBIREG010000058.1:28429727-33569421	HG03521#2#ctg1	3549206	3683002	WHR1-like+|C4AL+|CYP21A1P-like+|TNXA-like-|WHR1B-like+|C4BS+|CYP21A2-like+|TNXB-like-	2	assembly_homology_and_annotation	RCCX-STRUCT-08dc6d3cd5c804e4	1	0	0	ce87e9e9fcf4b908db622b0baa545056897341e830914206d6992e16ec13fccc	RCCX__HG03521#2	1	1
DRB	HG03540#1	HG03540	HG03538	HPRC-Rest	HG03540#1#CM088050.1:28448847-33686414	HG03540#1#ctg1	4108469	4253707	HLA-DRA+|HLA-DRB1-	1	provisional_annotation_absence_not_confirmed_deletion	DRB-STRUCT-2e2f348001bcb731	1	0	0	fa8c58260b27bc291d042d8a92514c8d6380c4344ad8397d3c03dab4f06f9ff2	DRB__HG03540#1	1	0
RCCX	HG03540#1	HG03540	HG03538	HPRC-Rest	HG03540#1#CM088050.1:28448847-33686414	HG03540#1#ctg1	3621072	3781226	WHR1-like+|C4AL+|CYP21A1P-like+|TNXA-like-|WHR1B-like+|C4BS+|CYP21A2-like+|TNXA-like-|WHR1B-like+|C4BS+|CYP21A2-like+|TNXB-like-	3	assembly_homology_and_annotation	RCCX-STRUCT-dcc3d8c1def31e41	1	0	0	4d8ede855755bae63109dec5bea6d13037b2651b1607983f0cf8eb89d7e6f888	RCCX__HG03540#1	1	0
DRB	HG03540#2	HG03540	HG03538	HPRC-Rest	HG03540#2#CM088063.1:28474762-33566125	HG03540#2#ctg1	4037433	4109244	HLA-DRA+|HLA-DRB1-	1	provisional_annotation_absence_not_confirmed_deletion	DRB-STRUCT-2e2f348001bcb731	1	0	0	815758b6da8c371df50d3632d30ce7b3278e8044dff43010495205b3be6418cd	DRB__HG03540#2	1	0
RCCX	HG03540#2	HG03540	HG03538	HPRC-Rest	HG03540#2#CM088063.1:28474762-33566125	HG03540#2#ctg1	3552760	3692939	WHR1-like+|C4AL+|CYP21A1P-like+|TNXA-like-|WHR1B-like+|C4BL+|CYP21A2-like+|TNXB-like-	2	assembly_homology_and_annotation	RCCX-STRUCT-c91a117646c15232	1	0	0	6a52998043dae65e8610812c0392edcd92e436cfab4ba68b4ee60a7345e0c9ac	RCCX__HG03540#2	1	0
DRB	HG03579#1	HG03579	HG03577	HPRC-Rest	HG03579#1#CM088945.1:28415698-33501766	HG03579#1#ctg1	3971451	4107226	HLA-DRA+|HLA-DRB3-|HLA-DRB1-	2	provisional_annotation_absence_not_confirmed_deletion	DRB-STRUCT-d9e9c983b0b92c6d	1	0	0	5a1419c5ff23d0849659607cbbdd68057a7651cf36415a90587e7801d439e33e	DRB__HG03579#1	1	0
RCCX	HG03579#1	HG03579	HG03577	HPRC-Rest	HG03579#1#CM088945.1:28415698-33501766	HG03579#1#ctg1	3510394	3644190	WHR1-like+|C4AL+|CYP21A1P-like+|TNXA-like-|WHR1B-like+|C4BS+|CYP21A2-like+|TNXB-like-	2	assembly_homology_and_annotation	RCCX-STRUCT-08dc6d3cd5c804e4	1	0	0	9bf5cfaba7547542d21f25a442ea8a766dffd0c06957f6a65353c0caf236e93e	RCCX__HG03579#1	1	0
DRB	HG03579#2	HG03579	HG03577	HPRC-Rest	HG03579#2#CM089288.1:28450187-33638583	HG03579#2#ctg1	4068911	4204686	HLA-DRA+|HLA-DRB3-|HLA-DRB1-	2	provisional_annotation_absence_not_confirmed_deletion	DRB-STRUCT-d9e9c983b0b92c6d	1	0	0	5a1419c5ff23d0849659607cbbdd68057a7651cf36415a90587e7801d439e33e	DRB__HG03579#2	1	0
RCCX	HG03579#2	HG03579	HG03577	HPRC-Rest	HG03579#2#CM089288.1:28450187-33638583	HG03579#2#ctg1	3607917	3741715	WHR1-like+|C4AL+|CYP21A1P-like+|TNXA-like-|WHR1B-like+|C4AS+|CYP21A2-like+|TNXB-like-	2	assembly_homology_and_annotation	RCCX-STRUCT-b8ca310d36f0396c	1	0	0	62afc30a8dc5a001d2db8e8c3c15f78f337893e1773aca860150ccedec0956fa	RCCX__HG03579#2	1	0
DRB	HG03583#1	HG03583	HG03582	HPRC-Rest	HG03583#1#CM089881.1:28309910-33645117	HG03583#1#ctg1	4105249	4348624	HLA-DRA+|HLA-DRB4-|HLA-DRB1-	2	provisional_annotation_absence_not_confirmed_deletion	DRB-STRUCT-17c329d85af8b93c	1	0	0	ff6b6fc0f4b512e8f06b6af81810cddd50406030071d3fd02598c1dc4663bb1d	DRB__HG03583#1	1	1
RCCX	HG03583#1	HG03583	HG03582	HPRC-Rest	HG03583#1#CM089881.1:28309910-33645117	HG03583#1#ctg1	3626970	3760741	WHR1-like+|C4AL+|CYP21A1P-like+|TNXA-like-|WHR1B-like+|C4BS+|CYP21A2-like+|TNXB-like-	2	assembly_homology_and_annotation	RCCX-STRUCT-08dc6d3cd5c804e4	1	0	0	08dcb088c1f6a9b742e0ab1bf7626307af7c60e449a751cf0fee740ffd2ab485	RCCX__HG03583#1	1	1
DRB	HG03583#2	HG03583	HG03582	HPRC-Rest	HG03583#2#CM089891.1:28443100-33514916	HG03583#2#ctg1	4013891	4085705	HLA-DRA+|HLA-DRB1-	1	provisional_annotation_absence_not_confirmed_deletion	DRB-STRUCT-2e2f348001bcb731	1	0	0	bdebd48a038ba6727465abcd964511f0c306826626ce6998fb20afdc1f298d6c	DRB__HG03583#2	1	1
RCCX	HG03583#2	HG03583	HG03582	HPRC-Rest	HG03583#2#CM089891.1:28443100-33514916	HG03583#2#ctg1	3551956	3685743	WHR1-like+|C4AL+|CYP21A1P-like+|TNXA-like-|WHR1B-like+|C4BS+|CYP21A2-like+|TNXB-like-	2	assembly_homology_and_annotation	RCCX-STRUCT-08dc6d3cd5c804e4	1	0	0	d697ad6f6b714bb2245826393aaa01ac271787c7d6ae8eeef4178bbce1f6184a	RCCX__HG03583#2	1	1
DRB	HG03654#1	HG03654	HG03652	HPRC-Rest	HG03654#1#CM086836.1:28373117-33516554	HG03654#1#ctg1	4027212	4158985	HLA-DRA+|HLA-DRB3-|HLA-DRB1-	2	provisional_annotation_absence_not_confirmed_deletion	DRB-STRUCT-d9e9c983b0b92c6d	1	0	0	735c576f7a379949c428fd8576fa070b09020d9c39ed061976fe0fab58d62871	DRB__HG03654#1	1	0
RCCX	HG03654#1	HG03654	HG03652	HPRC-Rest	HG03654#1#CM086836.1:28373117-33516554	HG03654#1#ctg1	3559787	3699941	WHR1-like+|C4AL+|CYP21A1P-like+|TNXA-like-|WHR1B-like+|C4BL+|CYP21A2-like+|TNXB-like-	2	assembly_homology_and_annotation	RCCX-STRUCT-c91a117646c15232	1	0	0	0fa56859fa580e6ce9872f8fdf11610ce94a922505cfb035a6449f41006531c8	RCCX__HG03654#1	1	0
DRB	HG03654#2	HG03654	HG03652	HPRC-Rest	HG03654#2#JBHDTO010000045.1:28372677-33498093	HG03654#2#ctg1	4013631	4145900	HLA-DRA+|HLA-DRB3-|HLA-DRB1-	2	provisional_annotation_absence_not_confirmed_deletion	DRB-STRUCT-d9e9c983b0b92c6d	1	0	0	e8e18a5fef28aeb66bb118ca514ae4adbe5ef7d6cc97e79903f96c1f9e87c549	DRB__HG03654#2	1	0
RCCX	HG03654#2	HG03654	HG03652	HPRC-Rest	HG03654#2#JBHDTO010000045.1:28372677-33498093	HG03654#2#ctg1	3551776	3685672	WHR1-like+|C4AL+|CYP21A2-like+|TNXA-like-|WHR1B-like+|C4BS+|CYP21A2-like+|TNXB-like-	2	assembly_homology_and_annotation	RCCX-STRUCT-804d53b600bb619f	1	0	0	dd9f02d72e37abf55cda9dc2e9de5b6ff9512f3b467c95bd206e42d528a205a3	RCCX__HG03654#2	1	0
DRB	HG03669#1	HG03669	HG03667	HPRC-Rest	HG03669#1#JBHDTD010000072.1:28410266-33591784	HG03669#1#ctg1	4040119	4192368	HLA-DRA+|HLA-DRB5-|HLA-DRB1-	2	provisional_annotation_absence_not_confirmed_deletion	DRB-STRUCT-a57eaf455348c3e7	1	0	0	36733fe92624ceb0b9f0b9fc34ca204bae0d6cf4899973755da699695571906a	DRB__HG03669#1	1	0
RCCX	HG03669#1	HG03669	HG03667	HPRC-Rest	HG03669#1#JBHDTD010000072.1:28410266-33591784	HG03669#1#ctg1	3554206	3694365	WHR1-like+|C4AL+|CYP21A1P-like+|TNXA-like-|WHR1B-like+|C4BL+|CYP21A2-like+|TNXB-like-	2	assembly_homology_and_annotation	RCCX-STRUCT-c91a117646c15232	1	0	0	0e7dcab8c5bda545d220ae9c2f63908010de1e2abf56a14b904befb77904c8bd	RCCX__HG03669#1	1	0
DRB	HG03669#2	HG03669	HG03667	HPRC-Rest	HG03669#2#JBHDTE010000046.1:28389062-33618253	HG03669#2#ctg1	4003714	4244865	HLA-DRA+|HLA-DRB4-|HLA-DRB1-	2	provisional_annotation_absence_not_confirmed_deletion	DRB-STRUCT-17c329d85af8b93c	1	0	0	adae0dd350476ef0f51581878969a58016cad90f48d9a4168a5e8281dccabaa3	DRB__HG03669#2	1	0
RCCX	HG03669#2	HG03669	HG03667	HPRC-Rest	HG03669#2#JBHDTE010000046.1:28389062-33618253	HG03669#2#ctg1	3536349	3676507	WHR1-like+|C4AL+|CYP21A1P-like+|TNXA-like-|WHR1B-like+|C4BL+|CYP21A2-like+|TNXB-like-	2	assembly_homology_and_annotation	RCCX-STRUCT-c91a117646c15232	1	0	0	780ab94765f1117559307409ab0feaf0fa2313d6d301988385ccd65934e9297f	RCCX__HG03669#2	1	0
DRB	HG03688#1	HG03688	HG03688	HPRC-Rest	HG03688#1#JBHDTJ010000054.1:28390921-33637286	HG03688#1#ctg1	4021401	4262595	HLA-DRA+|HLA-DRB4-|HLA-DRB1-	2	provisional_annotation_absence_not_confirmed_deletion	DRB-STRUCT-17c329d85af8b93c	1	0	0	b58e0f642fab75267625c137b90d09a3737670bbf285b09e7d98b2aab4cc98bc	DRB__HG03688#1	1	0
RCCX	HG03688#1	HG03688	HG03688	HPRC-Rest	HG03688#1#JBHDTJ010000054.1:28390921-33637286	HG03688#1#ctg1	3553951	3694232	WHR1-like+|C4AL+|CYP21A1P-like+|TNXA-like-|WHR1B-like+|C4BL+|CYP21A2-like+|TNXB-like-	2	assembly_homology_and_annotation	RCCX-STRUCT-c91a117646c15232	1	0	0	79e5e744a2cb71d3e9075fc0b9ffa16d7e04641fe6c8a24a6e59932bcb6e80e6	RCCX__HG03688#1	1	0
DRB	HG03688#2	HG03688	HG03688	HPRC-Rest	HG03688#2#JBHDTK010000054.1:28442317-33604941	HG03688#2#ctg1	4020518	4172863	HLA-DRA+|HLA-DRB5-|HLA-DRB1-	2	provisional_annotation_absence_not_confirmed_deletion	DRB-STRUCT-a57eaf455348c3e7	1	0	0	fc0d4ba91a74b74fc2a084a3387af868d63ad4300da2576e09b8d5a8892ff9d3	DRB__HG03688#2	1	0
RCCX	HG03688#2	HG03688	HG03688	HPRC-Rest	HG03688#2#JBHDTK010000054.1:28442317-33604941	HG03688#2#ctg1	3552989	3693144	WHR1-like+|C4AL+|CYP21A1P-like+|TNXA-like-|WHR1B-like+|C4BL+|CYP21A2-like+|TNXB-like-	2	assembly_homology_and_annotation	RCCX-STRUCT-c91a117646c15232	1	0	0	cf1d5ab5778b927443810a07e5ba55e97ce105a58b1a9f49361f70b0fbd95b18	RCCX__HG03688#2	1	0
DRB	HG03704#1	HG03704	HG03702	HPRC-Rest	HG03704#1#JBHDRL010000035.1:28385510-33544273	HG03704#1#ctg1	4039604	4175427	HLA-DRA+|HLA-DRB3-|HLA-DRB1-	2	provisional_annotation_absence_not_confirmed_deletion	DRB-STRUCT-d9e9c983b0b92c6d	1	0	0	8647f168d8d4cac0f9eabce016544ec84a1839e5c578e6572a174304e48804ba	DRB__HG03704#1	1	0
RCCX	HG03704#1	HG03704	HG03702	HPRC-Rest	HG03704#1#JBHDRL010000035.1:28385510-33544273	HG03704#1#ctg1	3560517	3694328	WHR1-like+|C4AL+|CYP21A1P-like+|TNXA-like-|WHR1B-like+|C4BS+|CYP21A2-like+|TNXB-like-	2	assembly_homology_and_annotation	RCCX-STRUCT-08dc6d3cd5c804e4	1	0	0	54a43302c42532f0e2f8dddc01a128a71978604c8cb0e59844bedcf683b9f78b	RCCX__HG03704#1	1	0
DRB	HG03704#2	HG03704	HG03702	HPRC-Rest	HG03704#2#CM086190.1:28367307-33613199	HG03704#2#ctg1	4010777	4254402	HLA-DRA+|HLA-DRB4-|HLA-DRB1-	2	provisional_annotation_absence_not_confirmed_deletion	DRB-STRUCT-17c329d85af8b93c	1	0	0	cca2f59157c7fc8e99071e20b5a73dc70fc559c3d3bb551af1c7847264e0f627	DRB__HG03704#2	1	0
RCCX	HG03704#2	HG03704	HG03702	HPRC-Rest	HG03704#2#CM086190.1:28367307-33613199	HG03704#2#ctg1	3549853	3683612	WHR1-like+|C4AL+|CYP21A1P-like+|TNXA-like-|WHR1B-like+|C4BS+|CYP21A2-like+|TNXB-like-	2	assembly_homology_and_annotation	RCCX-STRUCT-08dc6d3cd5c804e4	1	0	0	227c596996177278f0f33e4141c9f8ad438587796fd43caeac6a9d8ba1864507	RCCX__HG03704#2	1	0
DRB	HG03710#1	HG03710	HG03708	HPRC-Rest	HG03710#1#CM086869.1:28406453-33664140	HG03710#1#ctg1	4021105	4263102	HLA-DRA+|HLA-DRB4-|HLA-DRB1-	2	provisional_annotation_absence_not_confirmed_deletion	DRB-STRUCT-17c329d85af8b93c	1	0	0	dc92e92433701e8236defd9232936e1ea0b6cb1097c19416dc6240d56cef9fe4	DRB__HG03710#1	1	0
RCCX	HG03710#1	HG03710	HG03708	HPRC-Rest	HG03710#1#CM086869.1:28406453-33664140	HG03710#1#ctg1	3553647	3693809	WHR1-like+|C4AL+|CYP21A1P-like+|TNXA-like-|WHR1B-like+|C4BL+|CYP21A2-like+|TNXB-like-	2	assembly_homology_and_annotation	RCCX-STRUCT-c91a117646c15232	1	0	0	ce1d09e1b015a640d48340e6dee24f0febce83672aaef7f391a7249fc39118f6	RCCX__HG03710#1	1	0
DRB	HG03710#2	HG03710	HG03708	HPRC-Rest	HG03710#2#CM086882.1:28406463-33546644	HG03710#2#ctg1	4024856	4157090	HLA-DRA+|HLA-DRB3-|HLA-DRB1-	2	provisional_annotation_absence_not_confirmed_deletion	DRB-STRUCT-d9e9c983b0b92c6d	1	0	0	89c972f4f8c8b56d53d07d22113d452bdba25fd9efa2570b67b8eb72563a4383	DRB__HG03710#2	1	0
RCCX	HG03710#2	HG03710	HG03708	HPRC-Rest	HG03710#2#CM086882.1:28406463-33546644	HG03710#2#ctg1	3556490	3696733	WHR1-like+|C4AL+|CYP21A1P-like+|TNXA-like-|WHR1B-like+|C4BL+|CYP21A2-like+|TNXB-like-	2	assembly_homology_and_annotation	RCCX-STRUCT-c91a117646c15232	1	0	0	5212d7263af0ffa5e236050e1764a35ae8ad4355e82cbd033926706606925a4c	RCCX__HG03710#2	1	0
DRB	HG03742#1	HG03742	HG03742	HPRC-Rest	HG03742#1#CM087628.1:28422273-33665592	HG03742#1#ctg1	4016929	4258135	HLA-DRA+|HLA-DRB4-|HLA-DRB1-	2	provisional_annotation_absence_not_confirmed_deletion	DRB-STRUCT-17c329d85af8b93c	1	0	0	adf1e3cd28f8286e49edda53cdfbcf0c3a8924e961a12477684ef197635ef8a0	DRB__HG03742#1	1	1
RCCX	HG03742#1	HG03742	HG03742	HPRC-Rest	HG03742#1#CM087628.1:28422273-33665592	HG03742#1#ctg1	3549596	3689755	WHR1-like+|C4AL+|CYP21A1P-like+|TNXA-like-|WHR1B-like+|C4BL+|CYP21A2-like+|TNXB-like-	2	assembly_homology_and_annotation	RCCX-STRUCT-c91a117646c15232	1	0	0	6a762b33190f2c5b98a02a4540b95663f915f38f5bee7f292c74ff1fd9adef1c	RCCX__HG03742#1	1	1
DRB	HG03742#2	HG03742	HG03742	HPRC-Rest	HG03742#2#JBHDXM010000003.1:28462365-33593791	HG03742#2#ctg1	4001043	4146269	HLA-DRA+|HLA-DRB1-	1	provisional_annotation_absence_not_confirmed_deletion	DRB-STRUCT-2e2f348001bcb731	1	0	0	30593ec8275644dcedfb2e550cee5270e955c630f639968937958ead71476515	DRB__HG03742#2	1	1
RCCX	HG03742#2	HG03742	HG03742	HPRC-Rest	HG03742#2#JBHDXM010000003.1:28462365-33593791	HG03742#2#ctg1	3540011	3673798	WHR1-like+|C4AL+|CYP21A1P-like+|TNXA-like-|WHR1B-like+|C4BS+|CYP21A2-like+|TNXB-like-	2	assembly_homology_and_annotation	RCCX-STRUCT-08dc6d3cd5c804e4	1	0	0	2eb3c1f39c15ad21e80010e0059f88d8f9ec82505aeadb103295e2d257c3f411	RCCX__HG03742#2	1	1
DRB	HG03784#1	HG03784	HG03784	HPRC-Rest	HG03784#1#CM094174.1:28377153-33515338	HG03784#1#ctg1	4022767	4158668	HLA-DRA+|HLA-DRB3-|HLA-DRB1-	2	provisional_annotation_absence_not_confirmed_deletion	DRB-STRUCT-d9e9c983b0b92c6d	1	0	0	87fb4fb61663c2a3f3d87a667a5d56ac40bfab30ad9bc59ece422c00c7c184a0	DRB__HG03784#1	1	1
RCCX	HG03784#1	HG03784	HG03784	HPRC-Rest	HG03784#1#CM094174.1:28377153-33515338	HG03784#1#ctg1	3554536	3694812	WHR1-like+|C4AL+|CYP21A1P-like+|TNXA-like-|WHR1B-like+|C4BL+|CYP21A2-like+|TNXB-like-	2	assembly_homology_and_annotation	RCCX-STRUCT-c91a117646c15232	1	0	0	abd68c5575b2e230c3c941e72c75664f37de2e637492a2397a82d67b1975c851	RCCX__HG03784#1	1	1
DRB	HG03784#2	HG03784	HG03784	HPRC-Rest	HG03784#2#CM094203.1:28433118-33600593	HG03784#2#ctg1	4051211	4183442	HLA-DRA+|HLA-DRB3-|HLA-DRB1-	2	provisional_annotation_absence_not_confirmed_deletion	DRB-STRUCT-d9e9c983b0b92c6d	1	0	0	4a82fae204b44aebf8985b99c48f8ef898655625111f6b82ff33481386dd252e	DRB__HG03784#2	1	1
RCCX	HG03784#2	HG03784	HG03784	HPRC-Rest	HG03784#2#CM094203.1:28433118-33600593	HG03784#2#ctg1	3556480	3723085	WHR1-like+|C4AL+|CYP21A1P-like+|TNXA-like-|WHR1B-like+|C4AS+|CYP21A1P-like+|TNXA-like-|WHR1B-like+|C4BL+|CYP21A2-like+|TNXB-like-	3	assembly_homology_and_annotation	RCCX-STRUCT-e92677dc4f8b8aff	1	0	0	9471c27d8b3bec4a66e010b510646c14ccba6680fca786cb0a8b8953f1365815	RCCX__HG03784#2	1	1
DRB	HG03804#1	HG03804	HG03802	HPRC-Rest	HG03804#1#CM088331.1:28384562-33565798	HG03804#1#ctg1	4038309	4190653	HLA-DRA+|HLA-DRB5-|HLA-DRB1-	2	provisional_annotation_absence_not_confirmed_deletion	DRB-STRUCT-a57eaf455348c3e7	1	0	0	99637fb24dd626d1b426a237f135a9bde71ca65a7d9e89b9233aa65a0693f38b	DRB__HG03804#1	1	0
RCCX	HG03804#1	HG03804	HG03802	HPRC-Rest	HG03804#1#CM088331.1:28384562-33565798	HG03804#1#ctg1	3550690	3710935	WHR1-like+|C4AL+|CYP21A1P-like+|TNXA-like-|WHR1B-like+|C4AS+|CYP21A1P-like+|TNXA-like-|WHR1B-like+|C4BS+|CYP21A2-like+|TNXB-like-	3	assembly_homology_and_annotation	RCCX-STRUCT-43779c00c9747168	1	0	0	7505736ca7d584e9c26fae514e914c4010bea274a0714114b00b560eefe063f6	RCCX__HG03804#1	1	0
DRB	HG03804#2	HG03804	HG03802	HPRC-Rest	HG03804#2#CM088379.1:28362365-33467265	HG03804#2#ctg1	3962010	4114756	HLA-DRA+|HLA-DRB5-|HLA-DRB1-	2	provisional_annotation_absence_not_confirmed_deletion	DRB-STRUCT-a57eaf455348c3e7	1	0	0	ab2e61209ad12921e12fe1e6ae6447b058e330d591d85c891d5ff1352dae03d9	DRB__HG03804#2	1	0
RCCX	HG03804#2	HG03804	HG03802	HPRC-Rest	HG03804#2#CM088379.1:28362365-33467265	HG03804#2#ctg1	3500774	3634530	WHR1-like+|C4AL+|CYP21A1P-like+|TNXA-like-|WHR1B-like+|C4BS+|CYP21A2-like+|TNXB-like-	2	assembly_homology_and_annotation	RCCX-STRUCT-08dc6d3cd5c804e4	1	0	0	80d8c9cfb9bd668c60938e99a47ecd9fc797be4492b46274254ecd01a5db2503	RCCX__HG03804#2	1	0
DRB	HG03816#1	HG03816	HG03814	HPRC-Rest	HG03816#1#JBJXWF010000049.1:28427684-33714593	HG03816#1#ctg1	4050400	4292399	HLA-DRA+|HLA-DRB4-|HLA-DRB1-	2	provisional_annotation_absence_not_confirmed_deletion	DRB-STRUCT-17c329d85af8b93c	1	0	0	9610e4c6e420d3ce1aa3bb9513613f84ec854e964e35b81a769f21dd244f449b	DRB__HG03816#1	1	0
RCCX	HG03816#1	HG03816	HG03814	HPRC-Rest	HG03816#1#JBJXWF010000049.1:28427684-33714593	HG03816#1#ctg1	3562964	3723117	WHR1-like+|C4AL+|CYP21A1P-like+|TNXA-like-|WHR1B-like+|C4BS+|CYP21A1P-like+|TNXA-like-|WHR1B-like+|C4BS+|CYP21A2-like+|TNXB-like-	3	assembly_homology_and_annotation	RCCX-STRUCT-0c843ef37c4c8a9d	1	0	0	b0e72175667314152a981585ce311dc1bc1c2ae42c0fa23097b8ab1cc5917644	RCCX__HG03816#1	1	0
DRB	HG03816#2	HG03816	HG03814	HPRC-Rest	HG03816#2#JBJXWG010000046.1:28406441-33636019	HG03816#2#ctg1	4105520	4244302	HLA-DRA+|HLA-DRB1-	1	provisional_annotation_absence_not_confirmed_deletion	DRB-STRUCT-2e2f348001bcb731	1	0	0	c1242000f2c7ed99c61b5733f51f8c5d033691ad17c02d8b1f476b896e58d40b	DRB__HG03816#2	1	0
RCCX	HG03816#2	HG03816	HG03814	HPRC-Rest	HG03816#2#JBJXWG010000046.1:28406441-33636019	HG03816#2#ctg1	3620664	3760818	WHR1-like+|C4AL+|CYP21A1P-like+|TNXA-like-|WHR1B-like+|C4BL+|CYP21A2-like+|TNXB-like-	2	assembly_homology_and_annotation	RCCX-STRUCT-c91a117646c15232	1	0	0	62cfe746101764df81c07dd839715e69cf508e1949751c4d2d829f7b123b621c	RCCX__HG03816#2	1	0
DRB	HG03831#1	HG03831	HG03829	HPRC-Rest	HG03831#1#JBHDSN010000045.1:28374864-33602539	HG03831#1#ctg1	4084628	4237392	HLA-DRA+|HLA-DRB5-|HLA-DRB1-	2	provisional_annotation_absence_not_confirmed_deletion	DRB-STRUCT-a57eaf455348c3e7	1	0	0	b7c2654b6d7838ab4416d1ac2f5c1ad08b5716f7b000513758a8d12e885899b2	DRB__HG03831#1	1	0
RCCX	HG03831#1	HG03831	HG03829	HPRC-Rest	HG03831#1#JBHDSN010000045.1:28374864-33602539	HG03831#1#ctg1	3616859	3757049	WHR1-like+|C4AL+|CYP21A1P-like+|TNXA-like-|WHR1B-like+|C4BL+|CYP21A2-like+|TNXB-like-	2	assembly_homology_and_annotation	RCCX-STRUCT-c91a117646c15232	1	0	0	b944fe156a979acdd751068241e2e5e1ea1cf16ca678519b5b972d54d1f38a77	RCCX__HG03831#1	1	0
DRB	HG03831#2	HG03831	HG03829	HPRC-Rest	HG03831#2#JBHDSO010000065.1:28430318-33704666	HG03831#2#ctg1	4132644	4284896	HLA-DRA+|HLA-DRB5-|HLA-DRB1-	2	provisional_annotation_absence_not_confirmed_deletion	DRB-STRUCT-a57eaf455348c3e7	1	0	0	b16284be42edf55f8b48b58eece7eb0b171a44e888a09954f526a610a03353ce	DRB__HG03831#2	1	0
RCCX	HG03831#2	HG03831	HG03829	HPRC-Rest	HG03831#2#JBHDSO010000065.1:28430318-33704666	HG03831#2#ctg1	3620302	3786903	WHR1-like+|C4AL+|CYP21A1P-like+|TNXA-like-|WHR1B-like+|C4BS+|CYP21A1P-like+|TNXA-like-|WHR1B-like+|C4AL+|CYP21A2-like+|TNXB-like-	3	assembly_homology_and_annotation	RCCX-STRUCT-42dd7f832dff3c86	1	0	0	f0256d35909bba19154a8d5453a47081ca44a67092370c60b439cc3326456524	RCCX__HG03831#2	1	0
DRB	HG03834#1	HG03834	HG03832	HPRC-Rest	HG03834#1#CM085797.1:28395320-33703328	HG03834#1#ctg1	4073285	4315721	HLA-DRA+|HLA-DRB4-|HLA-DRB1-	2	provisional_annotation_absence_not_confirmed_deletion	DRB-STRUCT-17c329d85af8b93c	1	0	0	4097bb7437231c09d6807f377ae994f725f1fc6af7c7f290b7ec6c2e66a50538	DRB__HG03834#1	1	0
RCCX	HG03834#1	HG03834	HG03832	HPRC-Rest	HG03834#1#CM085797.1:28395320-33703328	HG03834#1#ctg1	3612245	3746029	WHR1-like+|C4AL+|CYP21A1P-like+|TNXA-like-|WHR1B-like+|C4BS+|CYP21A2-like+|TNXB-like-	2	assembly_homology_and_annotation	RCCX-STRUCT-08dc6d3cd5c804e4	1	0	0	e1a1cfef21961d56440b862889f8b69e9b3726880a97fd439c1e2d231c1b14a3	RCCX__HG03834#1	1	0
DRB	HG03834#2	HG03834	HG03832	HPRC-Rest	HG03834#2#CM085813.1:28455324-33598071	HG03834#2#ctg1	4018403	4157185	HLA-DRA+|HLA-DRB1-	1	provisional_annotation_absence_not_confirmed_deletion	DRB-STRUCT-2e2f348001bcb731	1	0	0	6ef48175d172b33d73ec9218893407b5ca13bc6fdcbe7a67a7fe2f1b9b431f94	DRB__HG03834#2	1	0
RCCX	HG03834#2	HG03834	HG03832	HPRC-Rest	HG03834#2#CM085813.1:28455324-33598071	HG03834#2#ctg1	3539917	3673694	WHR1-like+|C4AL+|CYP21A1P-like+|TNXA-like-|WHR1B-like+|C4BS+|CYP21A2-like+|TNXB-like-	2	assembly_homology_and_annotation	RCCX-STRUCT-08dc6d3cd5c804e4	1	0	0	9ebdd538f9bb2aef2b8d7955b546f26a4f9f36b8db8100e2697ae3b922c2997a	RCCX__HG03834#2	1	0
DRB	HG03874#1	HG03874	HG03874	HPRC-Rest	HG03874#1#CM089432.1:28353581-33507962	HG03874#1#ctg1	4044524	4176904	HLA-DRA+|HLA-DRB3-|HLA-DRB1-	2	provisional_annotation_absence_not_confirmed_deletion	DRB-STRUCT-d9e9c983b0b92c6d	1	0	0	27d21e722b0654746e1473b2a204d165a1010d732fbd0e70cc56b633c3c866d6	DRB__HG03874#1	1	1
RCCX	HG03874#1	HG03874	HG03874	HPRC-Rest	HG03874#1#CM089432.1:28353581-33507962	HG03874#1#ctg1	3549896	3716523	WHR1-like+|C4AL+|CYP21A1P-like+|TNXA-like-|WHR1B-like+|C4AS+|CYP21A1P-like+|TNXA-like-|WHR1B-like+|C4BL+|CYP21A2-like+|TNXB-like-	3	assembly_homology_and_annotation	RCCX-STRUCT-e92677dc4f8b8aff	1	0	0	7c66d097686d122714b3aaba57c8a6665ea661e215a88bc19f85efa7576a0127	RCCX__HG03874#1	1	1
DRB	HG03874#2	HG03874	HG03874	HPRC-Rest	HG03874#2#CM089475.1:28434562-33680043	HG03874#2#ctg1	4010543	4254161	HLA-DRA+|HLA-DRB4-|HLA-DRB1-	2	provisional_annotation_absence_not_confirmed_deletion	DRB-STRUCT-17c329d85af8b93c	1	0	0	1f4fdbc93d0a1453a79e9808a90158ed9b3a56ba4ed69c4cf7b085291337f5b6	DRB__HG03874#2	1	1
RCCX	HG03874#2	HG03874	HG03874	HPRC-Rest	HG03874#2#CM089475.1:28434562-33680043	HG03874#2#ctg1	3549627	3683386	WHR1-like+|C4AL+|CYP21A1P-like+|TNXA-like-|WHR1B-like+|C4BS+|CYP21A2-like+|TNXB-like-	2	assembly_homology_and_annotation	RCCX-STRUCT-08dc6d3cd5c804e4	1	0	0	a9b6d43fa6df144e6b8a0f8428eace619b26f244074f7349c406c11a2e69cab8	RCCX__HG03874#2	1	1
DRB	HG03927#1	HG03927	HG03925	HPRC-Rest	HG03927#1#CM086636.1:28465203-33551033	HG03927#1#ctg1	3969688	4101924	HLA-DRA+|HLA-DRB3-|HLA-DRB1-	2	provisional_annotation_absence_not_confirmed_deletion	DRB-STRUCT-d9e9c983b0b92c6d	1	0	0	1a1435337e0c7605537352c9514108a3db153b2e15e036e2795bb77456013e63	DRB__HG03927#1	1	0
RCCX	HG03927#1	HG03927	HG03925	HPRC-Rest	HG03927#1#CM086636.1:28465203-33551033	HG03927#1#ctg1	3501177	3641407	WHR1-like+|C4AL+|CYP21A1P-like+|TNXA-like-|WHR1B-like+|C4BL+|CYP21A2-like+|TNXB-like-	2	assembly_homology_and_annotation	RCCX-STRUCT-c91a117646c15232	1	0	0	24a70f57ac21beb2f5879cb813a89880a9010554e1709c66eeb82164304fbd17	RCCX__HG03927#1	1	0
DRB	HG03927#2	HG03927	HG03925	HPRC-Rest	HG03927#2#CM086659.1:28395712-33710667	HG03927#2#ctg1	4078997	4322620	HLA-DRA+|HLA-DRB4-|HLA-DRB1-	2	provisional_annotation_absence_not_confirmed_deletion	DRB-STRUCT-17c329d85af8b93c	1	0	0	782bf4c68b93d51ee9214bc240229e9de72c41ebe91d254b136cab1ec33c7965	DRB__HG03927#2	1	0
RCCX	HG03927#2	HG03927	HG03925	HPRC-Rest	HG03927#2#CM086659.1:28395712-33710667	HG03927#2#ctg1	3618069	3751830	WHR1-like+|C4AL+|CYP21A1P-like+|TNXA-like-|WHR1B-like+|C4BS+|CYP21A2-like+|TNXB-like-	2	assembly_homology_and_annotation	RCCX-STRUCT-08dc6d3cd5c804e4	1	0	0	c93232eeb26009932b8812f46a43b64406e2997ada0f794d3fdfa15d77fa2aaa	RCCX__HG03927#2	1	0
DRB	HG03942#1	HG03942	HG03940	HPRC-Rest	HG03942#1#CM088393.1:28271517-33427607	HG03942#1#ctg1	4014077	4166425	HLA-DRA+|HLA-DRB5-|HLA-DRB1-	2	provisional_annotation_absence_not_confirmed_deletion	DRB-STRUCT-a57eaf455348c3e7	1	0	0	4262a0239f42211e3a8ec26a6427a21ab45ff723d4000ba64fbdf370b00c3624	DRB__HG03942#1	1	0
RCCX	HG03942#1	HG03942	HG03940	HPRC-Rest	HG03942#1#CM088393.1:28271517-33427607	HG03942#1#ctg1	3552860	3686730	WHR1-like+|C4AL+|CYP21A1P-like+|TNXA-like-|WHR1B-like+|C4BS+|CYP21A2-like+|TNXB-like-	2	assembly_homology_and_annotation	RCCX-STRUCT-08dc6d3cd5c804e4	1	0	0	77c7f84e5f9bc08338418d159e708cb695273142cc7525155794601ac5966b46	RCCX__HG03942#1	1	0
DRB	HG03942#2	HG03942	HG03940	HPRC-Rest	HG03942#2#CM088404.1:29036351-34210946	HG03942#2#ctg1	4031973	4184321	HLA-DRA+|HLA-DRB5-|HLA-DRB1-	2	provisional_annotation_absence_not_confirmed_deletion	DRB-STRUCT-a57eaf455348c3e7	1	0	0	e651ab69fd0cc014bf74c3da862e49825d158c88472d5099ae131ccd49b77308	DRB__HG03942#2	1	0
RCCX	HG03942#2	HG03942	HG03940	HPRC-Rest	HG03942#2#CM088404.1:29036351-34210946	HG03942#2#ctg1	3544372	3704613	WHR1-like+|C4AL+|CYP21A1P-like+|TNXA-like-|WHR1B-like+|C4AS+|CYP21A1P-like+|TNXA-like-|WHR1B-like+|C4BS+|CYP21A2-like+|TNXB-like-	3	assembly_homology_and_annotation	RCCX-STRUCT-43779c00c9747168	1	0	0	e827d0226c391999f11c3fbbb6467ee9c0b0150beb94d8abef5520a4bae074e5	RCCX__HG03942#2	1	0
DRB	HG04115#1	HG04115	HG03894	HPRC-Rest	HG04115#1#JBHDTF010000057.1:28438850-33586926	HG04115#1#ctg1	4018257	4163484	HLA-DRA+|HLA-DRB1-	1	provisional_annotation_absence_not_confirmed_deletion	DRB-STRUCT-2e2f348001bcb731	1	0	0	9b1010493892cf960ff5c84611dde7a3300f00913b3684d14be61510431990b2	DRB__HG04115#1	1	0
RCCX	HG04115#1	HG04115	HG03894	HPRC-Rest	HG04115#1#JBHDTF010000057.1:28438850-33586926	HG04115#1#ctg1	3557240	3691028	WHR1-like+|C4AL+|CYP21A1P-like+|TNXA-like-|WHR1B-like+|C4BS+|CYP21A2-like+|TNXB-like-	2	assembly_homology_and_annotation	RCCX-STRUCT-08dc6d3cd5c804e4	1	0	0	a3934a7692d4edf85a73c953142da0cf2b2d6d47bade56f2876521568f1fef19	RCCX__HG04115#1	1	0
DRB	HG04115#2	HG04115	HG03894	HPRC-Rest	HG04115#2#JBHDTG010000049.1:28423339-33670470	HG04115#2#ctg1	4011897	4255512	HLA-DRA+|HLA-DRB4-|HLA-DRB1-	2	provisional_annotation_absence_not_confirmed_deletion	DRB-STRUCT-17c329d85af8b93c	1	0	0	336a5fc95fea29d10b9b19ca436c01a509c32be86f11282095c3287dc59d3bc1	DRB__HG04115#2	1	0
RCCX	HG04115#2	HG04115	HG03894	HPRC-Rest	HG04115#2#JBHDTG010000049.1:28423339-33670470	HG04115#2#ctg1	3550982	3684739	WHR1-like+|C4AL+|CYP21A1P-like+|TNXA-like-|WHR1B-like+|C4BS+|CYP21A2-like+|TNXB-like-	2	assembly_homology_and_annotation	RCCX-STRUCT-08dc6d3cd5c804e4	1	0	0	b02c7b86d413b6370f61bd96a447dfaed99538b4e62537f94d3292394abd79bb	RCCX__HG04115#2	1	0
DRB	HG04157#1	HG04157	HG04155	HPRC-Rest	HG04157#1#CM088414.1:28397949-33735050	HG04157#1#ctg1	4102263	4344263	HLA-DRA+|HLA-DRB4-|HLA-DRB1-	2	provisional_annotation_absence_not_confirmed_deletion	DRB-STRUCT-17c329d85af8b93c	1	0	0	bb5b43722fc1e614855034fd983d4836c5de309b49dfdb2ad836e827e4943fb0	DRB__HG04157#1	1	0
RCCX	HG04157#1	HG04157	HG04155	HPRC-Rest	HG04157#1#CM088414.1:28397949-33735050	HG04157#1#ctg1	3614830	3774986	WHR1-like+|C4AL+|CYP21A1P-like+|TNXA-like-|WHR1B-like+|C4BS+|CYP21A1P-like+|TNXA-like-|WHR1B-like+|C4BS+|CYP21A2-like+|TNXB-like-	3	assembly_homology_and_annotation	RCCX-STRUCT-0c843ef37c4c8a9d	1	0	0	f8e9204c3fcf85b42992f1bb59d774e24c22fbf4370ce197395339d991449f81	RCCX__HG04157#1	1	0
DRB	HG04157#2	HG04157	HG04155	HPRC-Rest	HG04157#2#CM088438.1:28355512-33488875	HG04157#2#ctg1	3990234	4143139	HLA-DRA+|HLA-DRB5-|HLA-DRB1-	2	provisional_annotation_absence_not_confirmed_deletion	DRB-STRUCT-a57eaf455348c3e7	1	0	0	1516f58483c633242bc142480cdb1b1912ce6b597274bbf69ab134cc14512828	DRB__HG04157#2	1	0
RCCX	HG04157#2	HG04157	HG04155	HPRC-Rest	HG04157#2#CM088438.1:28355512-33488875	HG04157#2#ctg1	3538795	3646218	WHR1-like+|C4AL+|CYP21A2-like+|TNXB-like-	1	assembly_homology_and_annotation	RCCX-STRUCT-80c1563b57f16898	1	0	0	ddb19048404fe14fb355d803c13e9e783adb10d3a167469c5e6be75788579011	RCCX__HG04157#2	1	0
DRB	HG04160#1	HG04160	HG04158	HPRC-Rest	HG04160#1#JBHIGW010000016.1:28356435-33564314	HG04160#1#ctg1	4078783	4224025	HLA-DRA+|HLA-DRB1-	1	provisional_annotation_absence_not_confirmed_deletion	DRB-STRUCT-2e2f348001bcb731	1	0	0	76d627706dbc86f9a49b59179d7b14a0cead135adc06a249d4f03e0325e6dc14	DRB__HG04160#1	1	0
RCCX	HG04160#1	HG04160	HG04158	HPRC-Rest	HG04160#1#JBHIGW010000016.1:28356435-33564314	HG04160#1#ctg1	3617795	3751582	WHR1-like+|C4AL+|CYP21A1P-like+|TNXA-like-|WHR1B-like+|C4BS+|CYP21A2-like+|TNXB-like-	2	assembly_homology_and_annotation	RCCX-STRUCT-08dc6d3cd5c804e4	1	0	0	22b591c9a85c8b54094236dfc446f50ac269b2b8c28cbf53c63d6c9d26646dd4	RCCX__HG04160#1	1	0
DRB	HG04160#2	HG04160	HG04158	HPRC-Rest	HG04160#2#JBHIGX010000055.1:28422741-33644744	HG04160#2#ctg1	4079193	4231941	HLA-DRA+|HLA-DRB5-|HLA-DRB1-	2	provisional_annotation_absence_not_confirmed_deletion	DRB-STRUCT-a57eaf455348c3e7	1	0	0	6021f6ebfa4c8924e6af22f597902c5ce49a5aff30a394f6f82baef21b781e67	DRB__HG04160#2	1	0
RCCX	HG04160#2	HG04160	HG04158	HPRC-Rest	HG04160#2#JBHIGX010000055.1:28422741-33644744	HG04160#2#ctg1	3617917	3751722	WHR1-like+|C4AL+|CYP21A1P-like+|TNXA-like-|WHR1B-like+|C4BS+|CYP21A2-like+|TNXB-like-	2	assembly_homology_and_annotation	RCCX-STRUCT-08dc6d3cd5c804e4	1	0	0	6bbd99228d4a8ddd8ba92637e6ffd621ff9a8b296428e74a244d8f09586a39ba	RCCX__HG04160#2	1	0
DRB	HG04184#1	HG04184	HG04182	HPRC-Rest	HG04184#1#CM086460.1:28371226-33616523	HG04184#1#ctg1	4010018	4253643	HLA-DRA+|HLA-DRB4-|HLA-DRB1-	2	provisional_annotation_absence_not_confirmed_deletion	DRB-STRUCT-17c329d85af8b93c	1	0	0	42b348ea66f327f6b726ce2cc321fc6b2cf4d6aa6a2923f18e5dac41f3913d50	DRB__HG04184#1	1	0
RCCX	HG04184#1	HG04184	HG04182	HPRC-Rest	HG04184#1#CM086460.1:28371226-33616523	HG04184#1#ctg1	3549097	3682858	WHR1-like+|C4AL+|CYP21A1P-like+|TNXA-like-|WHR1B-like+|C4BS+|CYP21A2-like+|TNXB-like-	2	assembly_homology_and_annotation	RCCX-STRUCT-08dc6d3cd5c804e4	1	0	0	4e22465409b32008743a86465f7195a7f2b941f47307a3321e82ee11b10f7988	RCCX__HG04184#1	1	0
DRB	HG04184#2	HG04184	HG04182	HPRC-Rest	HG04184#2#CM086472.1:28433511-33770331	HG04184#2#ctg1	4100756	4342748	HLA-DRA+|HLA-DRB4-|HLA-DRB1-	2	provisional_annotation_absence_not_confirmed_deletion	DRB-STRUCT-17c329d85af8b93c	1	0	0	22a084d7be0a2d66cdea8b29dc51c5aab99dfe2da280f428b9e631dce4e8948e	DRB__HG04184#2	1	0
RCCX	HG04184#2	HG04184	HG04182	HPRC-Rest	HG04184#2#CM086472.1:28433511-33770331	HG04184#2#ctg1	3613318	3773471	WHR1-like+|C4AL+|CYP21A1P-like+|TNXA-like-|WHR1B-like+|C4BS+|CYP21A1P-like+|TNXA-like-|WHR1B-like+|C4BS+|CYP21A2-like+|TNXB-like-	3	assembly_homology_and_annotation	RCCX-STRUCT-0c843ef37c4c8a9d	1	0	0	d3ca0d6fe908dabcefba3db64dd5754698a7091fc04a3d0daa89d6181b7be276	RCCX__HG04184#2	1	0
DRB	HG04187#1	HG04187	HG04185	HPRC-Rest	HG04187#1#CM099742.1:28415864-33609347	HG04187#1#ctg1	4081700	4213969	HLA-DRA+|HLA-DRB3-|HLA-DRB1-	2	provisional_annotation_absence_not_confirmed_deletion	DRB-STRUCT-d9e9c983b0b92c6d	1	0	0	0c51b400d585c261dfb91484a50904f85e6b0942cbdd0221649c9849cc1a71f5	DRB__HG04187#1	1	0
RCCX	HG04187#1	HG04187	HG04185	HPRC-Rest	HG04187#1#CM099742.1:28415864-33609347	HG04187#1#ctg1	3619845	3753741	WHR1-like+|C4AL+|CYP21A2-like+|TNXA-like-|WHR1B-like+|C4BS+|CYP21A2-like+|TNXB-like-	2	assembly_homology_and_annotation	RCCX-STRUCT-804d53b600bb619f	1	0	0	dd9f02d72e37abf55cda9dc2e9de5b6ff9512f3b467c95bd206e42d528a205a3	RCCX__HG04187#1	1	0
DRB	HG04187#2	HG04187	HG04185	HPRC-Rest	HG04187#2#CM099756.1:28400738-33533288	HG04187#2#ctg1	4023049	4155413	HLA-DRA+|HLA-DRB3-|HLA-DRB1-	2	provisional_annotation_absence_not_confirmed_deletion	DRB-STRUCT-d9e9c983b0b92c6d	1	0	0	af04e6c95f676633356721b81378a5017b3455da58c1a6ea9969089044c8c66c	DRB__HG04187#2	1	0
RCCX	HG04187#2	HG04187	HG04185	HPRC-Rest	HG04187#2#CM099756.1:28400738-33533288	HG04187#2#ctg1	3554899	3695065	WHR1-like+|C4AL+|CYP21A1P-like+|TNXA-like-|WHR1B-like+|C4BL+|CYP21A2-like+|TNXB-like-	2	assembly_homology_and_annotation	RCCX-STRUCT-c91a117646c15232	1	0	0	ffb47a5eacc1822e96a3eefc5fa188658be7e265627a7d108ca450687a22cf1b	RCCX__HG04187#2	1	0
DRB	HG04199#1	HG04199	HG04099	HPRC-Rest	HG04199#1#JBHDTH010000059.1:28382492-33668076	HG04199#1#ctg1	4056889	4298092	HLA-DRA+|HLA-DRB4-|HLA-DRB1-	2	provisional_annotation_absence_not_confirmed_deletion	DRB-STRUCT-17c329d85af8b93c	1	0	0	8bc5858b8220b2ba4ffc5098e7d586e145232a06baba39216134e550ba4b0496	DRB__HG04199#1	1	0
RCCX	HG04199#1	HG04199	HG04099	HPRC-Rest	HG04199#1#JBHDTH010000059.1:28382492-33668076	HG04199#1#ctg1	3622302	3729700	WHR1-like+|C4AL+|CYP21A2-like+|TNXB-like-	1	assembly_homology_and_annotation	RCCX-STRUCT-80c1563b57f16898	1	0	0	0c04d48b08e728dee2881892d639e1b34c67a3386c5b40356014b4976580ca33	RCCX__HG04199#1	1	0
DRB	HG04199#2	HG04199	HG04099	HPRC-Rest	HG04199#2#JBHDTI010000015.1:28378462-33549536	HG04199#2#ctg1	4047304	4186085	HLA-DRA+|HLA-DRB1-	1	provisional_annotation_absence_not_confirmed_deletion	DRB-STRUCT-2e2f348001bcb731	1	0	0	dca6a3223138e13f47d220a437ec22e44f80465b982ddef0d9854ee6a28f67fe	DRB__HG04199#2	1	0
RCCX	HG04199#2	HG04199	HG04099	HPRC-Rest	HG04199#2#JBHDTI010000015.1:28378462-33549536	HG04199#2#ctg1	3562416	3702583	WHR1-like+|C4AL+|CYP21A1P-like+|TNXA-like-|WHR1B-like+|C4BL+|CYP21A2-like+|TNXB-like-	2	assembly_homology_and_annotation	RCCX-STRUCT-c91a117646c15232	1	0	0	99f1e24eaeb0dffa70bd5b86798209fa1528c34f7c1f81c48f0d17ea1cdf4ea8	RCCX__HG04199#2	1	0
DRB	HG04204#1	HG04204	HG03642	HPRC-Rest	HG04204#1#JBHIGY010000015.1:28376780-33510758	HG04204#1#ctg1	3992068	4144765	HLA-DRA+|HLA-DRB5-|HLA-DRB1-	2	provisional_annotation_absence_not_confirmed_deletion	DRB-STRUCT-a57eaf455348c3e7	1	0	0	d1e44a346448aacf9bbd968d3bf532c45b122a8fd1922a51f828e0b8fc9e22f2	DRB__HG04204#1	1	0
RCCX	HG04204#1	HG04204	HG03642	HPRC-Rest	HG04204#1#JBHIGY010000015.1:28376780-33510758	HG04204#1#ctg1	3506008	3646201	WHR1-like+|C4AL+|CYP21A1P-like+|TNXA-like-|WHR1B-like+|C4BL+|CYP21A2-like+|TNXB-like-	2	assembly_homology_and_annotation	RCCX-STRUCT-c91a117646c15232	1	0	0	e1f1964f505fe35e86352037f1aa5dda878f572ca45851c1d1ee6dc639e121bd	RCCX__HG04204#1	1	0
DRB	HG04204#2	HG04204	HG03642	HPRC-Rest	HG04204#2#JBHIGZ010000014.1:28378310-33624751	HG04204#2#ctg1	4010591	4252591	HLA-DRA+|HLA-DRB4-|HLA-DRB1-	2	provisional_annotation_absence_not_confirmed_deletion	DRB-STRUCT-17c329d85af8b93c	1	0	0	ab57e240a99b511ce30b77d6b6edc56656f5d0077a686db1e951762a721c3555	DRB__HG04204#2	1	0
RCCX	HG04204#2	HG04204	HG03642	HPRC-Rest	HG04204#2#JBHIGZ010000014.1:28378310-33624751	HG04204#2#ctg1	3549538	3683313	WHR1-like+|C4AL+|CYP21A1P-like+|TNXA-like-|WHR1B-like+|C4BS+|CYP21A2-like+|TNXB-like-	2	assembly_homology_and_annotation	RCCX-STRUCT-08dc6d3cd5c804e4	1	0	0	74d854d417b39637f0bef0e1757bf36d8a981392a9e6b69dcfa3b59a1c90118d	RCCX__HG04204#2	1	0
DRB	HG04228#1	HG04228	HG04227	HPRC-Rest	HG04228#1#CM088480.1:28407255-33566968	HG04228#1#ctg1	4018019	4170355	HLA-DRA+|HLA-DRB5-|HLA-DRB1-	2	provisional_annotation_absence_not_confirmed_deletion	DRB-STRUCT-a57eaf455348c3e7	1	0	0	60537f5c262dc83c8cd53758a5219b2d6d69679eeb5c5931a004fdec17f860fa	DRB__HG04228#1	1	0
RCCX	HG04228#1	HG04228	HG04227	HPRC-Rest	HG04228#1#CM088480.1:28407255-33566968	HG04228#1#ctg1	3549607	3689778	WHR1-like+|C4AL+|CYP21A1P-like+|TNXA-like-|WHR1B-like+|C4BL+|CYP21A2-like+|TNXB-like-	2	assembly_homology_and_annotation	RCCX-STRUCT-c91a117646c15232	1	0	0	a9d9057ef574b5cc6f7c2b066545e0c7bad3d59826bc13026bdde4f1ade73a32	RCCX__HG04228#1	1	0
DRB	HG04228#2	HG04228	HG04227	HPRC-Rest	HG04228#2#CM088508.1:28466048-33622943	HG04228#2#ctg1	4015769	4168516	HLA-DRA+|HLA-DRB5-|HLA-DRB1-	2	provisional_annotation_absence_not_confirmed_deletion	DRB-STRUCT-a57eaf455348c3e7	1	0	0	82b481abfcba9b410fe41c528487977bab41b46c1c4419e973d15c68f18e0fb4	DRB__HG04228#2	1	0
RCCX	HG04228#2	HG04228	HG04227	HPRC-Rest	HG04228#2#CM088508.1:28466048-33622943	HG04228#2#ctg1	3548175	3688411	WHR1-like+|C4AL+|CYP21A1P-like+|TNXA-like-|WHR1B-like+|C4BL+|CYP21A2-like+|TNXB-like-	2	assembly_homology_and_annotation	RCCX-STRUCT-c91a117646c15232	1	0	0	1a78ae9439076ec454d4437b055d43e6573873c1f8ea3afe7d4d79b11959cba8	RCCX__HG04228#2	1	0
DRB	HG06807#1	HG06807	HG06807	HPRC-Rest	HG06807#1#CM101400.1:28463683-33619551	HG06807#1#ctg1	4014501	4167287	HLA-DRA+|HLA-DRB5-|HLA-DRB1-	2	provisional_annotation_absence_not_confirmed_deletion	DRB-STRUCT-a57eaf455348c3e7	1	0	0	9fdab444ef4d959246a2c2716116f8e0bd52563363240754d099b1f27d4606c4	DRB__HG06807#1	1	0
RCCX	HG06807#1	HG06807	HG06807	HPRC-Rest	HG06807#1#CM101400.1:28463683-33619551	HG06807#1#ctg1	3553091	3686873	WHR1-like+|C4AL+|CYP21A1P-like+|TNXA-like-|WHR1B-like+|C4BS+|CYP21A2-like+|TNXB-like-	2	assembly_homology_and_annotation	RCCX-STRUCT-08dc6d3cd5c804e4	1	0	0	77747b44e2bddb329effa267a4a02822137507107b18656371995bc60f9d04f6	RCCX__HG06807#1	1	0
DRB	HG06807#2	HG06807	HG06807	HPRC-Rest	HG06807#2#CM101434.1:28441503-33631596	HG06807#2#ctg1	4048631	4201406	HLA-DRA+|HLA-DRB5-|HLA-DRB1-	2	provisional_annotation_absence_not_confirmed_deletion	DRB-STRUCT-a57eaf455348c3e7	1	0	0	d4dc0e783981b15fbbc2c8c5cf0a61c6c76a136e50272be0b93e016d4b5364e8	DRB__HG06807#2	1	0
RCCX	HG06807#2	HG06807	HG06807	HPRC-Rest	HG06807#2#CM101434.1:28441503-33631596	HG06807#2#ctg1	3620105	3721169	WHR1-like+|C4BS+|CYP21A2-like+|TNXB-like-	1	assembly_homology_and_annotation	RCCX-STRUCT-a002f576cdda62b4	1	0	0	f03647cf476cf0d4361705d55b7ecb5663b97e0e30f2a748b28e7c1177faf4df	RCCX__HG06807#2	1	0
DRB	NA18505#1	NA18505	NA18503	HPRC-Rest	NA18505#1#JBHIJY010000048.1:28445967-33542979	NA18505#1#ctg1	3986999	4119229	HLA-DRA+|HLA-DRB3-|HLA-DRB1-	2	provisional_annotation_absence_not_confirmed_deletion	DRB-STRUCT-d9e9c983b0b92c6d	1	0	0	70a104dc17d7abf6a525a913fe878b2c5ab5e04af97b580d7500cc26a4d48ebe	DRB__NA18505#1	1	1
RCCX	NA18505#1	NA18505	NA18503	HPRC-Rest	NA18505#1#JBHIJY010000048.1:28445967-33542979	NA18505#1#ctg1	3551412	3658845	WHR1-like+|C4AL+|CYP21A2-like+|TNXB-like-	1	assembly_homology_and_annotation	RCCX-STRUCT-80c1563b57f16898	1	0	0	dd1295a8278600d8ab0d29dda5c1588c11abea6bc752f7f293fa6f37222bb3d1	RCCX__NA18505#1	1	1
DRB	NA18505#2	NA18505	NA18503	HPRC-Rest	NA18505#2#JBHIJZ010000041.1:28452551-33607869	NA18505#2#ctg1	4014758	4167075	HLA-DRA+|HLA-DRB5-|HLA-DRB1-	2	provisional_annotation_absence_not_confirmed_deletion	DRB-STRUCT-a57eaf455348c3e7	1	0	0	3f81c2d902f8bd8ccf4f8333e0f6405dab1b8ec34c284e9f7d11b0ecb1c4b230	DRB__NA18505#2	1	1
RCCX	NA18505#2	NA18505	NA18503	HPRC-Rest	NA18505#2#JBHIJZ010000041.1:28452551-33607869	NA18505#2#ctg1	3553488	3687241	WHR1-like+|C4AL+|CYP21A1P-like+|TNXA-like-|WHR1B-like+|C4BS+|CYP21A2-like+|TNXB-like-	2	assembly_homology_and_annotation	RCCX-STRUCT-08dc6d3cd5c804e4	1	0	0	025c5787f3f80955a09350383e532110f15759d46219b5d8e685e4ef2b448550	RCCX__NA18505#2	1	1
DRB	NA18508#1	NA18508	NA18506	HPRC-Rest	NA18508#1#CM089650.1:28440826-33645342	NA18508#1#ctg1	4085998	4221782	HLA-DRA+|HLA-DRB3-|HLA-DRB1-	2	provisional_annotation_absence_not_confirmed_deletion	DRB-STRUCT-d9e9c983b0b92c6d	1	0	0	33986eff6b064bb00d6a83012b6715e3773dd147b3d47018846f174e2ab2115d	DRB__NA18508#1	1	1
RCCX	NA18508#1	NA18508	NA18506	HPRC-Rest	NA18508#1#CM089650.1:28440826-33645342	NA18508#1#ctg1	3625009	3758803	WHR1-like+|C4AL+|CYP21A1P-like+|TNXA-like-|WHR1B-like+|C4AS+|CYP21A2-like+|TNXB-like-	2	assembly_homology_and_annotation	RCCX-STRUCT-b8ca310d36f0396c	1	0	0	e2de5319fd24d2ba8e407367118dc6e22a9ad2dd22bbccc44b9f0767b60bdc47	RCCX__NA18508#1	1	1
DRB	NA18508#2	NA18508	NA18506	HPRC-Rest	NA18508#2#JBHIJH010000001.1:28282775-33492562	NA18508#2#ctg1	4081532	4217440	HLA-DRA+|HLA-DRB3-|HLA-DRB1-	2	provisional_annotation_absence_not_confirmed_deletion	DRB-STRUCT-d9e9c983b0b92c6d	1	0	0	a9a505de07c08f52c8bb7ac073fcb381053b772ff26bca0d344066bdf74f39e2	DRB__NA18508#2	1	1
RCCX	NA18508#2	NA18508	NA18506	HPRC-Rest	NA18508#2#JBHIJH010000001.1:28282775-33492562	NA18508#2#ctg1	3620538	3754335	WHR1-like+|C4AL+|CYP21A1P-like+|TNXA-like-|WHR1B-like+|C4BS+|CYP21A2-like+|TNXB-like-	2	assembly_homology_and_annotation	RCCX-STRUCT-08dc6d3cd5c804e4	1	0	0	bae8ef3ba53ca5ae132cdc628da4e4ab72cfeb31de307a9fd862e129fc541b14	RCCX__NA18508#2	1	1
DRB	NA18522#1	NA18522	NA18521	HPRC-Rest	NA18522#1#CM087176.1:28457728-33607889	NA18522#1#ctg1	4032380	4168605	HLA-DRA+|HLA-DRB3-|HLA-DRB1-	2	provisional_annotation_absence_not_confirmed_deletion	DRB-STRUCT-d9e9c983b0b92c6d	1	0	0	6e5bf09ee50c2a44d7a76e11361091dc7eed43556a86c9629a70fe6aa0b40d29	DRB__NA18522#1	1	1
RCCX	NA18522#1	NA18522	NA18521	HPRC-Rest	NA18522#1#CM087176.1:28457728-33607889	NA18522#1#ctg1	3553871	3687640	WHR1-like+|C4AL+|CYP21A1P-like+|TNXA-like-|WHR1B-like+|C4BS+|CYP21A2-like+|TNXB-like-	2	assembly_homology_and_annotation	RCCX-STRUCT-08dc6d3cd5c804e4	1	0	0	a69265537cdff273685da3969dbf477a142799ebf81d099493c37e3e06b052cf	RCCX__NA18522#1	1	1
DRB	NA18522#2	NA18522	NA18521	HPRC-Rest	NA18522#2#CM087191.1:28461290-33621227	NA18522#2#ctg1	4038764	4174588	HLA-DRA+|HLA-DRB3-|HLA-DRB1-	2	provisional_annotation_absence_not_confirmed_deletion	DRB-STRUCT-d9e9c983b0b92c6d	1	0	0	8488224fef3b2d36aae86557aad01968c49e000d8ffe214e880cba445f56ab32	DRB__NA18522#2	1	1
RCCX	NA18522#2	NA18522	NA18521	HPRC-Rest	NA18522#2#CM087191.1:28461290-33621227	NA18522#2#ctg1	3559716	3693507	WHR1-like+|C4AL+|CYP21A1P-like+|TNXA-like-|WHR1B-like+|C4BS+|CYP21A2-like+|TNXB-like-	2	assembly_homology_and_annotation	RCCX-STRUCT-08dc6d3cd5c804e4	1	0	0	26fed4fc1fc1a5a5e99a2352c4d71700e6d261ecad3f6b66512d47408bd94290	RCCX__NA18522#2	1	1
DRB	NA18565#1	NA18565	NA18565	HPRC-EastAsian	NA18565#1#CM094320.1:28406009-33589453	NA18565#1#ctg1	3954954	4196969	HLA-DRA+|HLA-DRB4-|HLA-DRB1-	2	provisional_annotation_absence_not_confirmed_deletion	DRB-STRUCT-17c329d85af8b93c	1	0	0	0135e6cdcc7f863931953a5ba8cada146bb379ed1abdf267307ef67e3f48e3d4	DRB__NA18565#1	1	1
RCCX	NA18565#1	NA18565	NA18565	HPRC-EastAsian	NA18565#1#CM094320.1:28406009-33589453	NA18565#1#ctg1	3492952	3626745	WHR1-like+|C4AL+|CYP21A1P-like+|TNXA-like-|WHR1B-like+|C4BS+|CYP21A2-like+|TNXB-like-	2	assembly_homology_and_annotation	RCCX-STRUCT-08dc6d3cd5c804e4	1	0	0	3591b8240b3f8b3cf84b9f12abfc34a3a76ce1ecebaab32a6f8e950c7ed47cc3	RCCX__NA18565#1	1	1
DRB	NA18565#2	NA18565	NA18565	HPRC-EastAsian	NA18565#2#CM094342.1:28359389-33490962	NA18565#2#ctg1	4018688	4150948	HLA-DRA+|HLA-DRB3-|HLA-DRB1-	2	provisional_annotation_absence_not_confirmed_deletion	DRB-STRUCT-d9e9c983b0b92c6d	1	0	0	0ddd6ab7ef02320cd6edf1c17fb818145e90f91c57b7ddac91a4bcdc9ba89970	DRB__NA18565#2	1	1
RCCX	NA18565#2	NA18565	NA18565	HPRC-EastAsian	NA18565#2#CM094342.1:28359389-33490962	NA18565#2#ctg1	3558001	3691769	WHR1-like+|C4AL+|CYP21A1P-like+|TNXA-like-|WHR1B-like+|C4BS+|CYP21A2-like+|TNXB-like-	2	assembly_homology_and_annotation	RCCX-STRUCT-08dc6d3cd5c804e4	1	0	0	99ce25b1c709c62cd34ca995a0d78b2103cec73cd914dce3391800260ace1861	RCCX__NA18565#2	1	1
DRB	NA18570#1	NA18570	NA18570	HPRC-EastAsian	NA18570#1#CM087659.1:28377747-33503647	NA18570#1#ctg1	4016265	4148627	HLA-DRA+|HLA-DRB3-|HLA-DRB1-	2	provisional_annotation_absence_not_confirmed_deletion	DRB-STRUCT-d9e9c983b0b92c6d	1	0	0	d656e53fdb965ba91748b8a3c396aaebbd3db7e78dd48f313d833ab22e77eb24	DRB__NA18570#1	1	1
RCCX	NA18570#1	NA18570	NA18570	HPRC-EastAsian	NA18570#1#CM087659.1:28377747-33503647	NA18570#1#ctg1	3554439	3688220	WHR1-like+|C4AL+|CYP21A1P-like+|TNXA-like-|WHR1B-like+|C4BS+|CYP21A2-like+|TNXB-like-	2	assembly_homology_and_annotation	RCCX-STRUCT-08dc6d3cd5c804e4	1	0	0	56a78b2ecc75ccf9f10a901ebfd5beff41e2897e81b64dc9b208bfb566cde49f	RCCX__NA18570#1	1	1
DRB	NA18570#2	NA18570	NA18570	HPRC-EastAsian	NA18570#2#JBHDXO010000039.1:12253641-17492124	NA18570#2#ctg1	4012973	4254163	HLA-DRA+|HLA-DRB4-|HLA-DRB1-	2	provisional_annotation_absence_not_confirmed_deletion	DRB-STRUCT-17c329d85af8b93c	1	0	0	7508b517ce37a9c18b8c34977fd1660aef36d761dc7d573adc88f1b38140a119	DRB__NA18570#2	1	1
RCCX	NA18570#2	NA18570	NA18570	HPRC-EastAsian	NA18570#2#JBHDXO010000039.1:12253641-17492124	NA18570#2#ctg1	3551885	3685809	WHR1-like+|C4AL+|CYP21A1P-like+|TNXA-like-|WHR1B-like+|C4BS+|CYP21A2-like+|TNXB-like-	2	assembly_homology_and_annotation	RCCX-STRUCT-08dc6d3cd5c804e4	1	0	0	c754cf6bd8e129a0cb3ca397ba674f9db0c9c0a651baf2dea7c4dc6ba07beab2	RCCX__NA18570#2	1	1
DRB	NA18608#1	NA18608	NA18608	HPRC-EastAsian	NA18608#1#JBHIJW010000005.1:28379380-33466928	NA18608#1#ctg1	3971846	4104073	HLA-DRA+|HLA-DRB3-|HLA-DRB1-	2	provisional_annotation_absence_not_confirmed_deletion	DRB-STRUCT-d9e9c983b0b92c6d	1	0	0	dcd328680cecf1c1a9c87530f539a29c6b6c39e9674a9036acc1fcdb44c5abe2	DRB__NA18608#1	1	1
RCCX	NA18608#1	NA18608	NA18608	HPRC-EastAsian	NA18608#1#JBHIJW010000005.1:28379380-33466928	NA18608#1#ctg1	3503566	3643739	WHR1-like+|C4AL+|CYP21A2-like+|TNXA-like-|WHR1B-like+|C4BL+|CYP21A2-like+|TNXB-like-	2	assembly_homology_and_annotation	RCCX-STRUCT-4c34865fcf2a50f9	1	0	0	2a3f9357e52374140c2bc0a1f7d72807be87b1cb35a9f652753f0766cda2bb79	RCCX__NA18608#1	1	1
DRB	NA18608#2	NA18608	NA18608	HPRC-EastAsian	NA18608#2#JBHIJX010000014.1:28375523-33585552	NA18608#2#ctg1	4092575	4224243	HLA-DRA+|HLA-DRB3-|HLA-DRB1-	2	provisional_annotation_absence_not_confirmed_deletion	DRB-STRUCT-d9e9c983b0b92c6d	1	0	0	26f2557cebd922c3ca189ce73584314d7e79ae7123ab6c2f7c234970a93555c9	DRB__NA18608#2	1	1
RCCX	NA18608#2	NA18608	NA18608	HPRC-EastAsian	NA18608#2#JBHIJX010000014.1:28375523-33585552	NA18608#2#ctg1	3624356	3764509	WHR1-like+|C4AL+|CYP21A1P-like+|TNXA-like-|WHR1B-like+|C4BL+|CYP21A2-like+|TNXB-like-	2	assembly_homology_and_annotation	RCCX-STRUCT-c91a117646c15232	1	0	0	6ce4bdb98ed585e6fafaa648d9052d1e1c59918568750cb302859b49541459a1	RCCX__NA18608#2	1	1
DRB	NA18620#1	NA18620	NA18620	HPRC-EastAsian	NA18620#1#JBHIJU010000014.1:28371273-33496778	NA18620#1#ctg1	4012872	4145130	HLA-DRA+|HLA-DRB3-|HLA-DRB1-	2	provisional_annotation_absence_not_confirmed_deletion	DRB-STRUCT-d9e9c983b0b92c6d	1	0	0	e9ffdf4f00107c41ea80008a4130847d14f3207cdcaee4a80f6ae7dcb34f115d	DRB__NA18620#1	1	1
RCCX	NA18620#1	NA18620	NA18620	HPRC-EastAsian	NA18620#1#JBHIJU010000014.1:28371273-33496778	NA18620#1#ctg1	3545813	3685986	WHR1-like+|C4AL+|CYP21A1P-like+|TNXA-like-|WHR1B-like+|C4BL+|CYP21A2-like+|TNXB-like-	2	assembly_homology_and_annotation	RCCX-STRUCT-c91a117646c15232	1	0	0	3c2ad76a31c1267aad706e3461ece5362fc48581dbe4b3f33179bc8ddeb3bf77	RCCX__NA18620#1	1	1
DRB	NA18620#2	NA18620	NA18620	HPRC-EastAsian	NA18620#2#JBHIJV010000064.1:28361084-33404871	NA18620#2#ctg1	3931319	4066664	HLA-DRA+|HLA-DRB3-|HLA-DRB1-	2	provisional_annotation_absence_not_confirmed_deletion	DRB-STRUCT-d9e9c983b0b92c6d	1	0	0	128942bfa4be1655ea72135c862c1a7bcbad7f2468725391e62a0c657f9a4fab	DRB__NA18620#2	1	1
RCCX	NA18620#2	NA18620	NA18620	HPRC-EastAsian	NA18620#2#JBHIJV010000064.1:28361084-33404871	NA18620#2#ctg1	3452254	3586046	WHR1-like+|C4AL+|CYP21A1P-like+|TNXA-like-|WHR1B-like+|C4AS+|CYP21A2-like+|TNXB-like-	2	assembly_homology_and_annotation	RCCX-STRUCT-b8ca310d36f0396c	1	0	0	3e7b72da3426cf774423b7a74b842c26a51bb3d3a9165269635974be8c2f3f2a	RCCX__NA18620#2	1	1
DRB	NA18747#1	NA18747	NA18747	HPRC-EastAsian	NA18747#1#CM087202.1:28424227-33559019	NA18747#1#ctg1	4018356	4150590	HLA-DRA+|HLA-DRB3-|HLA-DRB1-	2	provisional_annotation_absence_not_confirmed_deletion	DRB-STRUCT-d9e9c983b0b92c6d	1	0	0	b0e18169482ff7b21d6db511a01482357b197935346ce797d5d0d47d37efe6a8	DRB__NA18747#1	1	1
RCCX	NA18747#1	NA18747	NA18747	HPRC-EastAsian	NA18747#1#CM087202.1:28424227-33559019	NA18747#1#ctg1	3550172	3690337	WHR1-like+|C4AL+|CYP21A1P-like+|TNXA-like-|WHR1B-like+|C4BL+|CYP21A2-like+|TNXB-like-	2	assembly_homology_and_annotation	RCCX-STRUCT-c91a117646c15232	1	0	0	8ea20e1c7dc217dbe1b4473567ed7d88900a980803d1caafd0367196d3d4cbdd	RCCX__NA18747#1	1	1
DRB	NA18747#2	NA18747	NA18747	HPRC-EastAsian	NA18747#2#CM087242.1:28408784-33568848	NA18747#2#ctg1	4019602	4171885	HLA-DRA+|HLA-DRB5-|HLA-DRB1-	2	provisional_annotation_absence_not_confirmed_deletion	DRB-STRUCT-a57eaf455348c3e7	1	0	0	1d13e8e6f9fc63b559e360520391cb0896f5361f4fad752635aba5704acacb11	DRB__NA18747#2	1	1
RCCX	NA18747#2	NA18747	NA18747	HPRC-EastAsian	NA18747#2#CM087242.1:28408784-33568848	NA18747#2#ctg1	3551496	3691655	WHR1-like+|C4AL+|CYP21A1P-like+|TNXA-like-|WHR1B-like+|C4BL+|CYP21A2-like+|TNXB-like-	2	assembly_homology_and_annotation	RCCX-STRUCT-c91a117646c15232	1	0	0	f35d6610b06a8f34675081c78dc3f64407c68bcf535f423dff79e13aaa53dd78	RCCX__NA18747#2	1	1
DRB	NA18879#1	NA18879	NA18878	HPRC-Rest	NA18879#1#CM099716.1:28474558-33526652	NA18879#1#ctg1	3933445	4069219	HLA-DRA+|HLA-DRB3-|HLA-DRB1-	2	provisional_annotation_absence_not_confirmed_deletion	DRB-STRUCT-d9e9c983b0b92c6d	1	0	0	967ac253b3de541518a9f96129772ea0997a7abeb38820f30617609776e6320b	DRB__NA18879#1	1	1
RCCX	NA18879#1	NA18879	NA18878	HPRC-Rest	NA18879#1#CM099716.1:28474558-33526652	NA18879#1#ctg1	3505192	3606249	WHR1-like+|C4AS+|CYP21A2-like+|TNXB-like-	1	assembly_homology_and_annotation	RCCX-STRUCT-12355a86c207700e	1	0	0	789270c4af3f8e15ac0c9aa4641697dcee4f4cdb94a784ec28236cca216e66dd	RCCX__NA18879#1	1	1
DRB	NA18879#2	NA18879	NA18878	HPRC-Rest	NA18879#2#JBJUVN010000057.1:28495776-33652599	NA18879#2#ctg1	4038944	4174313	HLA-DRA+|HLA-DRB3-|HLA-DRB1-	2	provisional_annotation_absence_not_confirmed_deletion	DRB-STRUCT-d9e9c983b0b92c6d	1	0	0	647b2c77335212d9c471b830ea0db4d5e88d7d71950ff1b95fc9895dca41a294	DRB__NA18879#2	1	1
RCCX	NA18879#2	NA18879	NA18878	HPRC-Rest	NA18879#2#JBJUVN010000057.1:28495776-33652599	NA18879#2#ctg1	3559923	3693684	WHR1-like+|C4AL+|CYP21A1P-like+|TNXA-like-|WHR1B-like+|C4BS+|CYP21A2-like+|TNXB-like-	2	assembly_homology_and_annotation	RCCX-STRUCT-08dc6d3cd5c804e4	1	0	0	eb5165aed351e0584878fd406ead324839d3d958d0b2b5a2edc767480714be25	RCCX__NA18879#2	1	1
DRB	NA18906#1	NA18906	NA18876	HPRC-Rest	NA18906#1#JAHEOO020000008.1:28476372-33613648	NA18906#1#ctg1	4021141	4153702	HLA-DRA+|HLA-DRB3-|HLA-DRB1-	2	provisional_annotation_absence_not_confirmed_deletion	DRB-STRUCT-d9e9c983b0b92c6d	1	0	0	64691d9cd2f97c4036a2f9f6184d46b6a66f0a0258f67f1d66473fe25d04c75b	DRB__NA18906#1	1	0
RCCX	NA18906#1	NA18906	NA18876	HPRC-Rest	NA18906#1#JAHEOO020000008.1:28476372-33613648	NA18906#1#ctg1	3560583	3694376	WHR1-like+|C4AL+|CYP21A1P-like+|TNXA-like-|WHR1B-like+|C4BS+|CYP21A2-like+|TNXB-like-	2	assembly_homology_and_annotation	RCCX-STRUCT-08dc6d3cd5c804e4	1	0	0	1aeafb4cc9439df9aa83037d68610351573d682dd905da8e935a7ae964ffa6c9	RCCX__NA18906#1	1	0
DRB	NA18906#2	NA18906	NA18876	HPRC-Rest	NA18906#2#JAHEON020000009.1:28400633-33549040	NA18906#2#ctg1	4028896	4164264	HLA-DRA+|HLA-DRB3-|HLA-DRB1-	2	provisional_annotation_absence_not_confirmed_deletion	DRB-STRUCT-d9e9c983b0b92c6d	1	0	0	204cf22c658600a3dfe6d32935bcc88432beffb8db0019c6ed02d400497260b6	DRB__NA18906#2	1	0
RCCX	NA18906#2	NA18906	NA18876	HPRC-Rest	NA18906#2#JAHEON020000009.1:28400633-33549040	NA18906#2#ctg1	3553175	3623511	WHR1-like+|C4AL+|CYP21A1P-like+|TNXA-like-|WHR1B-like+|C4BS+|CYP21A2-like+|TNXA-like-	2	assembly_homology_and_annotation	RCCX-STRUCT-6493188f61335fa0	1	0	0	514545583b67a6b4f9f73b18100960e19c166b7bc9df0dfea947f2f9fccc8247	RCCX__NA18906#2	1	0
DRB	NA18940#1	NA18940	NA18940	HPRC-Japanese	NA18940#1#CM101704.1:28361445-33495650	NA18940#1#ctg1	3992260	4144969	HLA-DRA+|HLA-DRB5-|HLA-DRB1-	2	provisional_annotation_absence_not_confirmed_deletion	DRB-STRUCT-a57eaf455348c3e7	1	0	0	ad10813cf719e475341c03d9caf21126ee73509a3866bd3c57300be6e1a8324c	DRB__NA18940#1	1	1
RCCX	NA18940#1	NA18940	NA18940	HPRC-Japanese	NA18940#1#CM101704.1:28361445-33495650	NA18940#1#ctg1	3506217	3646403	WHR1-like+|C4AL+|CYP21A1P-like+|TNXA-like-|WHR1B-like+|C4AL+|CYP21A2-like+|TNXB-like-	2	assembly_homology_and_annotation	RCCX-STRUCT-109f6cb2c3c027c8	1	0	0	757afb2f1310322af6e47cd2d3058aa64c84305cba55053a6d9d733b894b4a42	RCCX__NA18940#1	1	1
DRB	NA18940#2	NA18940	NA18940	HPRC-Japanese	NA18940#2#CM101718.1:28384276-33404776	NA18940#2#ctg1	3966631	4038908	HLA-DRA+|HLA-DRB1-	1	provisional_annotation_absence_not_confirmed_deletion	DRB-STRUCT-2e2f348001bcb731	1	0	0	4bbb4c9c333bc5292a0d7faca1bc607b4688f1683006a379024f6b2e9ee21d0d	DRB__NA18940#2	1	1
RCCX	NA18940#2	NA18940	NA18940	HPRC-Japanese	NA18940#2#CM101718.1:28384276-33404776	NA18940#2#ctg1	3505874	3639678	WHR1-like+|C4AL+|CYP21A1P-like+|TNXA-like-|WHR1B-like+|C4BS+|CYP21A2-like+|TNXB-like-	2	assembly_homology_and_annotation	RCCX-STRUCT-08dc6d3cd5c804e4	1	0	0	d2ec91a7c27e76b7210967c16a94901b7f0dda7550461bbda6b21d714c435413	RCCX__NA18940#2	1	1
DRB	NA18943#1	NA18943	NA18943	HPRC-Japanese	NA18943#1#CM101660.1:28426731-33491938	NA18943#1#ctg1	4011641	4080217	HLA-DRA+|HLA-DRB1-	1	provisional_annotation_absence_not_confirmed_deletion	DRB-STRUCT-2e2f348001bcb731	1	0	0	c88b93929a80583acc9ba5df7d0d58b8198fa29a4d9d630ac25865545d7123e1	DRB__NA18943#1	1	1
RCCX	NA18943#1	NA18943	NA18943	HPRC-Japanese	NA18943#1#CM101660.1:28426731-33491938	NA18943#1#ctg1	3551121	3684801	WHR1-like+|C4AL+|CYP21A1P-like+|TNXA-like-|WHR1B-like+|C4BS+|CYP21A2-like+|TNXB-like-	2	assembly_homology_and_annotation	RCCX-STRUCT-08dc6d3cd5c804e4	1	0	0	fa50fa0e5d490055a9ca9a117c775443eeeb37ac1e65b13ac0ef176c1bbe8a73	RCCX__NA18943#1	1	1
DRB	NA18943#2	NA18943	NA18943	HPRC-Japanese	NA18943#2#CM101689.1:28413016-33476747	NA18943#2#ctg1	4009105	4081392	HLA-DRA+|HLA-DRB1-	1	provisional_annotation_absence_not_confirmed_deletion	DRB-STRUCT-2e2f348001bcb731	1	0	0	00b7840b87be4918a6940a4dcfb4eaf19615445da11f1dd79a5f25091d4230d6	DRB__NA18943#2	1	1
RCCX	NA18943#2	NA18943	NA18943	HPRC-Japanese	NA18943#2#CM101689.1:28413016-33476747	NA18943#2#ctg1	3542014	3682184	WHR1-like+|C4AL+|CYP21A1P-like+|TNXA-like-|WHR1B-like+|C4BL+|CYP21A2-like+|TNXB-like-	2	assembly_homology_and_annotation	RCCX-STRUCT-c91a117646c15232	1	0	0	e635c2a00fc60acd41dfe3f0a867249ba17ab8cdfdbb2f1c66bb6835b768cdb4	RCCX__NA18943#2	1	1
DRB	NA18944#1	NA18944	NA18944	HPRC-Japanese	NA18944#1#CM101645.1:28385561-33526630	NA18944#1#ctg1	4022745	4158093	HLA-DRA+|HLA-DRB3-|HLA-DRB1-	2	provisional_annotation_absence_not_confirmed_deletion	DRB-STRUCT-d9e9c983b0b92c6d	1	0	0	649dd62efa063b12db57949d7be0d582ae16b4feba0a3913743e12ac888af7c4	DRB__NA18944#1	1	1
RCCX	NA18944#1	NA18944	NA18944	HPRC-Japanese	NA18944#1#CM101645.1:28385561-33526630	NA18944#1#ctg1	3543639	3677436	WHR1-like+|C4AL+|CYP21A1P-like+|TNXA-like-|WHR1B-like+|C4BS+|CYP21A2-like+|TNXB-like-	2	assembly_homology_and_annotation	RCCX-STRUCT-08dc6d3cd5c804e4	1	0	0	f38fd3cec1b7514d50e6e325a3dc4c6509c66e417c8687f0cf9f354e6300f335	RCCX__NA18944#1	1	1
DRB	NA18944#2	NA18944	NA18944	HPRC-Japanese	NA18944#2#CM101674.1:28358440-33385619	NA18944#2#ctg1	3972004	4044286	HLA-DRA+|HLA-DRB1-	1	provisional_annotation_absence_not_confirmed_deletion	DRB-STRUCT-2e2f348001bcb731	1	0	0	ec667e7bc3c528121567c96a752f8318bd6dc50960a477ad53228bca0058d6f2	DRB__NA18944#2	1	1
RCCX	NA18944#2	NA18944	NA18944	HPRC-Japanese	NA18944#2#CM101674.1:28358440-33385619	NA18944#2#ctg1	3505055	3645197	WHR1-like+|C4AL+|CYP21A1P-like+|TNXA-like-|WHR1B-like+|C4BL+|CYP21A2-like+|TNXB-like-	2	assembly_homology_and_annotation	RCCX-STRUCT-c91a117646c15232	1	0	0	9b6f794f49b86fe066bf1f4560c7c4c774c49d44e7c018ec33ab4007ffc3d445	RCCX__NA18944#2	1	1
DRB	NA18945#1	NA18945	NA18945	HPRC-Japanese	NA18945#1#CM101613.1:28368965-33555846	NA18945#1#ctg1	4068774	4201198	HLA-DRA+|HLA-DRB3-|HLA-DRB1-	2	provisional_annotation_absence_not_confirmed_deletion	DRB-STRUCT-d9e9c983b0b92c6d	1	0	0	f54ecb255bf0c73322ba8a970fca122b3de6c76a6f2a2a135bbda8d73757befc	DRB__NA18945#1	1	1
RCCX	NA18945#1	NA18945	NA18945	HPRC-Japanese	NA18945#1#CM101613.1:28368965-33555846	NA18945#1#ctg1	3607851	3741639	WHR1-like+|C4AL+|CYP21A1P-like+|TNXA-like-|WHR1B-like+|C4BS+|CYP21A2-like+|TNXB-like-	2	assembly_homology_and_annotation	RCCX-STRUCT-08dc6d3cd5c804e4	1	0	0	c8a1724e03f71f9b29e8f531e1d1959a55a6351e054506e15af5b83f197ea01b	RCCX__NA18945#1	1	1
DRB	NA18945#2	NA18945	NA18945	HPRC-Japanese	NA18945#2#CM101630.1:28394844-33694406	NA18945#2#ctg1	4073155	4315169	HLA-DRA+|HLA-DRB4-|HLA-DRB1-	2	provisional_annotation_absence_not_confirmed_deletion	DRB-STRUCT-17c329d85af8b93c	1	0	0	788be737cd3a0f02aadfdb538d0dd4aced9e88257d799b971844a7a843e0ec89	DRB__NA18945#2	1	1
RCCX	NA18945#2	NA18945	NA18945	HPRC-Japanese	NA18945#2#CM101630.1:28394844-33694406	NA18945#2#ctg1	3611297	3745065	WHR1-like+|C4AL+|CYP21A1P-like+|TNXA-like-|WHR1B-like+|C4AS+|CYP21A2-like+|TNXB-like-	2	assembly_homology_and_annotation	RCCX-STRUCT-b8ca310d36f0396c	1	0	0	27afb713cf770966a46a67a73d5eb00aa926a5999a4c653e0d6a29ccb08a3deb	RCCX__NA18945#2	1	1
DRB	NA18948#1	NA18948	NA18948	HPRC-Japanese	NA18948#1#CM101600.1:28387406-33694585	NA18948#1#ctg1	4073053	4315491	HLA-DRA+|HLA-DRB4-|HLA-DRB1-	2	provisional_annotation_absence_not_confirmed_deletion	DRB-STRUCT-17c329d85af8b93c	1	0	0	bf5318475b3178309946db10a667adbe08f0da062bbc337f21f4e5c2449a68bc	DRB__NA18948#1	1	1
RCCX	NA18948#1	NA18948	NA18948	HPRC-Japanese	NA18948#1#CM101600.1:28387406-33694585	NA18948#1#ctg1	3612015	3745797	WHR1-like+|C4AL+|CYP21A1P-like+|TNXA-like-|WHR1B-like+|C4BS+|CYP21A2-like+|TNXB-like-	2	assembly_homology_and_annotation	RCCX-STRUCT-08dc6d3cd5c804e4	1	0	0	469c1347ae8cfb8b43b24d698f46307731a44eb681162c25dff06fffe19aba96	RCCX__NA18948#1	1	1
DRB	NA18948#2	NA18948	NA18948	HPRC-Japanese	NA18948#2#CM101588.1:28449833-33675773	NA18948#2#ctg1	4101192	4239973	HLA-DRA+|HLA-DRB1-	1	provisional_annotation_absence_not_confirmed_deletion	DRB-STRUCT-2e2f348001bcb731	1	0	0	eef1231a3410ccb074e7f8a8f0ca785eca2b4fbb218abdef5f81a8976b7b5468	DRB__NA18948#2	1	1
RCCX	NA18948#2	NA18948	NA18948	HPRC-Japanese	NA18948#2#CM101588.1:28449833-33675773	NA18948#2#ctg1	3550866	3756494	WHR1-like+|C4AL+|CYP21A1P-like+|TNXA-like-|WHR1B-like+|C4AL+|CYP21A1P-like+|TNXA-like-|WHR1B-like+|C4AL+|CYP21A1P-like+|TNXA-like-|WHR1B-like+|C4BL+|CYP21A2-like+|TNXB-like-	4	assembly_homology_and_annotation	RCCX-STRUCT-c043bb7aaa1cb89c	1	0	0	477ca0f096cecb32b6222214344974870280f4ba69cd3b5022cec0f9cee6eaa1	RCCX__NA18948#2	1	1
DRB	NA18952#1	NA18952	NA18952	HPRC-Japanese	NA18952#1#JBHIJS010000065.1:28372748-33544581	NA18952#1#ctg1	4054788	4186453	HLA-DRA+|HLA-DRB3-|HLA-DRB1-	2	provisional_annotation_absence_not_confirmed_deletion	DRB-STRUCT-d9e9c983b0b92c6d	1	0	0	9c5ef149d9c6780a14e9a9bc80d7126f43b8d03ec6614a099d1080706765d33e	DRB__NA18952#1	1	1
RCCX	NA18952#1	NA18952	NA18952	HPRC-Japanese	NA18952#1#JBHIJS010000065.1:28372748-33544581	NA18952#1#ctg1	3503692	3709323	WHR1-like+|C4AL+|CYP21A1P-like+|TNXA-like-|WHR1B-like+|C4AL+|CYP21A1P-like+|TNXA-like-|WHR1B-like+|C4AL+|CYP21A1P-like+|TNXA-like-|WHR1B-like+|C4BL+|CYP21A2-like+|TNXB-like-	4	assembly_homology_and_annotation	RCCX-STRUCT-c043bb7aaa1cb89c	1	0	0	a10cd0baa70e70f1a7db266c900aeeee03d8c70c031959d0b79a8c6173cf5237	RCCX__NA18952#1	1	1
DRB	NA18952#2	NA18952	NA18952	HPRC-Japanese	NA18952#2#JBHIJT010000011.1:27989065-33294169	NA18952#2#ctg1	4078735	4320746	HLA-DRA+|HLA-DRB4-|HLA-DRB1-	2	provisional_annotation_absence_not_confirmed_deletion	DRB-STRUCT-17c329d85af8b93c	1	0	0	91ae4073805e4a72b94fc112dfa9596d01087bccd8ce18e5f725aeddf5f03bf5	DRB__NA18952#2	1	1
RCCX	NA18952#2	NA18952	NA18952	HPRC-Japanese	NA18952#2#JBHIJT010000011.1:27989065-33294169	NA18952#2#ctg1	3610577	3750727	WHR1-like+|C4AL+|CYP21A1P-like+|TNXA-like-|WHR1B-like+|C4BL+|CYP21A2-like+|TNXB-like-	2	assembly_homology_and_annotation	RCCX-STRUCT-c91a117646c15232	1	0	0	333ce2bbc5f88801a40d6b400c8462f97ac062fd76725e979ae5f438c3d7e450	RCCX__NA18952#2	1	1
DRB	NA18959#1	NA18959	NA18959	HPRC-Japanese	NA18959#1#CM101546.1:28370803-33504249	NA18959#1#ctg1	3992262	4144968	HLA-DRA+|HLA-DRB5-|HLA-DRB1-	2	provisional_annotation_absence_not_confirmed_deletion	DRB-STRUCT-a57eaf455348c3e7	1	0	0	eb738c39949083f096b7b8660f490dfa89fcf44b4daee93591356bda22c865d8	DRB__NA18959#1	1	1
RCCX	NA18959#1	NA18959	NA18959	HPRC-Japanese	NA18959#1#CM101546.1:28370803-33504249	NA18959#1#ctg1	3506226	3646407	WHR1-like+|C4AL+|CYP21A1P-like+|TNXA-like-|WHR1B-like+|C4AL+|CYP21A2-like+|TNXB-like-	2	assembly_homology_and_annotation	RCCX-STRUCT-109f6cb2c3c027c8	1	0	0	bc18de502eaf29e8a4e81f58e37106d8ccbf597b4804dfa385ca958584d1aac5	RCCX__NA18959#1	1	1
DRB	NA18959#2	NA18959	NA18959	HPRC-Japanese	NA18959#2#CM101574.1:28371257-33493892	NA18959#2#ctg1	3982055	4134408	HLA-DRA+|HLA-DRB5-|HLA-DRB1-	2	provisional_annotation_absence_not_confirmed_deletion	DRB-STRUCT-a57eaf455348c3e7	1	0	0	04f378649f6a86f32839629ec6ac103df146beaa657dbc8a48baba7ccee5020f	DRB__NA18959#2	1	1
RCCX	NA18959#2	NA18959	NA18959	HPRC-Japanese	NA18959#2#CM101574.1:28371257-33493892	NA18959#2#ctg1	3547493	3654919	WHR1-like+|C4BL+|CYP21A2-like+|TNXB-like-	1	assembly_homology_and_annotation	RCCX-STRUCT-7b1f207074474ef0	1	0	0	c313bcbb6a9989c540e23111d81680e540acb07608d663607a09a261d6ed7e9b	RCCX__NA18959#2	1	1
DRB	NA18960#1	NA18960	NA18960	HPRC-Japanese	NA18960#1#CM101531.1:28387298-33581139	NA18960#1#ctg1	3967514	4209518	HLA-DRA+|HLA-DRB4-|HLA-DRB1-	2	provisional_annotation_absence_not_confirmed_deletion	DRB-STRUCT-17c329d85af8b93c	1	0	0	fd604aae7f1145edb32df9a4de68c4ab2e20ac759ae4537bcf55f95ef4388302	DRB__NA18960#1	1	1
RCCX	NA18960#1	NA18960	NA18960	HPRC-Japanese	NA18960#1#CM101531.1:28387298-33581139	NA18960#1#ctg1	3499163	3639318	WHR1-like+|C4AL+|CYP21A1P-like+|TNXA-like-|WHR1B-like+|C4BL+|CYP21A2-like+|TNXB-like-	2	assembly_homology_and_annotation	RCCX-STRUCT-c91a117646c15232	1	0	0	8b881c05df2fa1c29cc6ad8b9a7fa81641e712b223a6835527ac602d8c9b1cf0	RCCX__NA18960#1	1	1
DRB	NA18960#2	NA18960	NA18960	HPRC-Japanese	NA18960#2#CM101559.1:28352755-33558459	NA18960#2#ctg1	3980325	4221742	HLA-DRA+|HLA-DRB4-|HLA-DRB1-	2	provisional_annotation_absence_not_confirmed_deletion	DRB-STRUCT-17c329d85af8b93c	1	0	0	846f0013c04ac5a45e1f00c0a66de7714eb984472e68b175d382c03f783bd571	DRB__NA18960#2	1	1
RCCX	NA18960#2	NA18960	NA18960	HPRC-Japanese	NA18960#2#CM101559.1:28352755-33558459	NA18960#2#ctg1	3502539	3636303	WHR1-like+|C4AL+|CYP21A1P-like+|TNXA-like-|WHR1B-like+|C4BS+|CYP21A2-like+|TNXB-like-	2	assembly_homology_and_annotation	RCCX-STRUCT-08dc6d3cd5c804e4	1	0	0	c05686a4cb134af1cd8e9e2a134e1c48662eb8084ac9fd2c35b452dca60b3378	RCCX__NA18960#2	1	1
DRB	NA18967#1	NA18967	NA18967	HPRC-Japanese	NA18967#1#CM101498.1:28415274-33499907	NA18967#1#ctg1	3967913	4100109	HLA-DRA+|HLA-DRB3-|HLA-DRB1-	2	provisional_annotation_absence_not_confirmed_deletion	DRB-STRUCT-d9e9c983b0b92c6d	1	0	0	6fe2b68be62394973ad7d065129153fb73abeffdac9fc5615fb66a841ee06c9d	DRB__NA18967#1	1	1
RCCX	NA18967#1	NA18967	NA18967	HPRC-Japanese	NA18967#1#CM101498.1:28415274-33499907	NA18967#1#ctg1	3499556	3639726	WHR1-like+|C4AL+|CYP21A1P-like+|TNXA-like-|WHR1B-like+|C4BL+|CYP21A2-like+|TNXB-like-	2	assembly_homology_and_annotation	RCCX-STRUCT-c91a117646c15232	1	0	0	5c0fe1f4a4414bfe769dfe6c40324c632255d9c3b561da9fa13d6bdc0a46f552	RCCX__NA18967#1	1	1
DRB	NA18967#2	NA18967	NA18967	HPRC-Japanese	NA18967#2#JBKABX010000006.1:28395404-33553508	NA18967#2#ctg1	3931273	4173323	HLA-DRA+|HLA-DRB4-|HLA-DRB1-	2	provisional_annotation_absence_not_confirmed_deletion	DRB-STRUCT-17c329d85af8b93c	1	0	0	da3871ffc5bd798c5159e120d3191216bc20427f0fe6efa63fcd94e1cdfc6792	DRB__NA18967#2	1	1
RCCX	NA18967#2	NA18967	NA18967	HPRC-Japanese	NA18967#2#JBKABX010000006.1:28395404-33553508	NA18967#2#ctg1	3495632	3603065	WHR1-like+|C4AL+|CYP21A2-like+|TNXB-like-	1	assembly_homology_and_annotation	RCCX-STRUCT-80c1563b57f16898	1	0	0	70872dc354adc4bd5d52dddad7e66534a4ff152c79fd8ff2dfb71f5da3f8a325	RCCX__NA18967#2	1	1
DRB	NA18970#1	NA18970	NA18970	HPRC-Japanese	NA18970#1#CM101469.1:28338191-33472849	NA18970#1#ctg1	4018283	4150503	HLA-DRA+|HLA-DRB3-|HLA-DRB1-	2	provisional_annotation_absence_not_confirmed_deletion	DRB-STRUCT-d9e9c983b0b92c6d	1	0	0	d6bc4fac7b83a682abb331bebdfe1b4a5c26dd68d4eb38cfe843f1322633bf33	DRB__NA18970#1	1	1
RCCX	NA18970#1	NA18970	NA18970	HPRC-Japanese	NA18970#1#CM101469.1:28338191-33472849	NA18970#1#ctg1	3549934	3690101	WHR1-like+|C4AL+|CYP21A1P-like+|TNXA-like-|WHR1B-like+|C4BL+|CYP21A2-like+|TNXB-like-	2	assembly_homology_and_annotation	RCCX-STRUCT-c91a117646c15232	1	0	0	0690e6ac203ca8d1556674f8bf365481df85227948429c0634a84fbb219d23a6	RCCX__NA18970#1	1	1
DRB	NA18970#2	NA18970	NA18970	HPRC-Japanese	NA18970#2#CM101481.1:28437781-33628491	NA18970#2#ctg1	3966058	4207671	HLA-DRA+|HLA-DRB4-|HLA-DRB1-	2	provisional_annotation_absence_not_confirmed_deletion	DRB-STRUCT-17c329d85af8b93c	1	0	0	5268bb99a551c2bdd73cfdecb17ef00ea5d1876ee374b62972ed99342790012c	DRB__NA18970#2	1	1
RCCX	NA18970#2	NA18970	NA18970	HPRC-Japanese	NA18970#2#CM101481.1:28437781-33628491	NA18970#2#ctg1	3505099	3638900	WHR1-like+|C4AL+|CYP21A1P-like+|TNXA-like-|WHR1B-like+|C4BS+|CYP21A2-like+|TNXB-like-	2	assembly_homology_and_annotation	RCCX-STRUCT-08dc6d3cd5c804e4	1	0	0	41866ef838ce1f2d7c17d277d7bdb2fd65b7ec2af62f6bf61e311231d313c688	RCCX__NA18970#2	1	1
DRB	NA18971#1	NA18971	NA18971	HPRC-Japanese	NA18971#1#JBHDWK010000075.1:28353861-33541047	NA18971#1#ctg1	3961004	4203010	HLA-DRA+|HLA-DRB4-|HLA-DRB1-	2	provisional_annotation_absence_not_confirmed_deletion	DRB-STRUCT-17c329d85af8b93c	1	0	0	3a483ef23ae62ad39f055b63419f89dcce0f29c42af4f74325a211fedf7de976	DRB__NA18971#1	1	1
RCCX	NA18971#1	NA18971	NA18971	HPRC-Japanese	NA18971#1#JBHDWK010000075.1:28353861-33541047	NA18971#1#ctg1	3492821	3632989	WHR1-like+|C4AL+|CYP21A1P-like+|TNXA-like-|WHR1B-like+|C4BL+|CYP21A2-like+|TNXB-like-	2	assembly_homology_and_annotation	RCCX-STRUCT-c91a117646c15232	1	0	0	db18b62daef9e07974d0a76cdb134cfae91d7703c2755aff8ee18f067a5dca3b	RCCX__NA18971#1	1	1
DRB	NA18971#2	NA18971	NA18971	HPRC-Japanese	NA18971#2#CM087282.1:28370956-33557710	NA18971#2#ctg1	4070830	4203068	HLA-DRA+|HLA-DRB3-|HLA-DRB1-	2	provisional_annotation_absence_not_confirmed_deletion	DRB-STRUCT-d9e9c983b0b92c6d	1	0	0	15ff1f86c27ccc69fb4c48f341c9b29d5534841aa3e9cccbd02d6e8e02ae9cff	DRB__NA18971#2	1	1
RCCX	NA18971#2	NA18971	NA18971	HPRC-Japanese	NA18971#2#CM087282.1:28370956-33557710	NA18971#2#ctg1	3602456	3742622	WHR1-like+|C4AL+|CYP21A1P-like+|TNXA-like-|WHR1B-like+|C4BL+|CYP21A2-like+|TNXB-like-	2	assembly_homology_and_annotation	RCCX-STRUCT-c91a117646c15232	1	0	0	fa22761b10796de667b8e6930c44102e837b27048f85a29fcb5ccc4a652f8ffe	RCCX__NA18971#2	1	1
DRB	NA18974#1	NA18974	NA18974	HPRC-Japanese	NA18974#1#JBHIJQ010000061.1:28438445-33702152	NA18974#1#ctg1	4035363	4277376	HLA-DRA+|HLA-DRB4-|HLA-DRB1-	2	provisional_annotation_absence_not_confirmed_deletion	DRB-STRUCT-17c329d85af8b93c	1	0	0	7959292cd562c5ce50246b59d4a2ae8776a49d75141671def34f84d337871f8e	DRB__NA18974#1	1	1
RCCX	NA18974#1	NA18974	NA18974	HPRC-Japanese	NA18974#1#JBHIJQ010000061.1:28438445-33702152	NA18974#1#ctg1	3540558	3707163	WHR1-like+|C4AL+|CYP21A1P-like+|TNXA-like-|WHR1B-like+|C4AS+|CYP21A1P-like+|TNXA-like-|WHR1B-like+|C4BL+|CYP21A2-like+|TNXB-like-	3	assembly_homology_and_annotation	RCCX-STRUCT-e92677dc4f8b8aff	1	0	0	ebe3a71858c2e2512296f56f715b9a191f2a65f3365b964e5f65eb2ae8e171ab	RCCX__NA18974#1	1	1
DRB	NA18974#2	NA18974	NA18974	HPRC-Japanese	NA18974#2#JBHIJR010000002.1:28446464-33624399	NA18974#2#ctg1	4037076	4189422	HLA-DRA+|HLA-DRB5-|HLA-DRB1-	2	provisional_annotation_absence_not_confirmed_deletion	DRB-STRUCT-a57eaf455348c3e7	1	0	0	e9f9614c308b49f160acb3e75787f5e1acd42c20fec49cf348cdfd47361ad984	DRB__NA18974#2	1	1
RCCX	NA18974#2	NA18974	NA18974	HPRC-Japanese	NA18974#2#JBHIJR010000002.1:28446464-33624399	NA18974#2#ctg1	3543335	3709934	WHR1-like+|C4AL+|CYP21A1P-like+|TNXA-like-|WHR1B-like+|C4AS+|CYP21A1P-like+|TNXA-like-|WHR1B-like+|C4BL+|CYP21A2-like+|TNXB-like-	3	assembly_homology_and_annotation	RCCX-STRUCT-e92677dc4f8b8aff	1	0	0	f4a3c0b46bcffe91247235013f400727a2d86e37e676f09b9adbb5e25c27b1ba	RCCX__NA18974#2	1	1
DRB	NA18976#1	NA18976	NA18976	HPRC-Japanese	NA18976#1#CM089753.1:28424712-33611473	NA18976#1#ctg1	4068797	4201221	HLA-DRA+|HLA-DRB3-|HLA-DRB1-	2	provisional_annotation_absence_not_confirmed_deletion	DRB-STRUCT-d9e9c983b0b92c6d	1	0	0	ee6a8080e861b45fd3533cd53a34899fcbcd3ce820182cd58ac9e195d551a701	DRB__NA18976#1	1	1
RCCX	NA18976#1	NA18976	NA18976	HPRC-Japanese	NA18976#1#CM089753.1:28424712-33611473	NA18976#1#ctg1	3607871	3741660	WHR1-like+|C4AL+|CYP21A1P-like+|TNXA-like-|WHR1B-like+|C4BS+|CYP21A2-like+|TNXB-like-	2	assembly_homology_and_annotation	RCCX-STRUCT-08dc6d3cd5c804e4	1	0	0	cb7c1f35ca839837955a9bc474c19c7f86e461e90b0d8414bfb3b8e8cd719f06	RCCX__NA18976#1	1	1
DRB	NA18976#2	NA18976	NA18976	HPRC-Japanese	NA18976#2#CM089763.1:28447335-33634097	NA18976#2#ctg1	4068794	4201218	HLA-DRA+|HLA-DRB3-|HLA-DRB1-	2	provisional_annotation_absence_not_confirmed_deletion	DRB-STRUCT-d9e9c983b0b92c6d	1	0	0	2fd0a7ec44cd1a30ee1106591ecc2363b277c1c7f092c5ebc2de75123bed4883	DRB__NA18976#2	1	1
RCCX	NA18976#2	NA18976	NA18976	HPRC-Japanese	NA18976#2#CM089763.1:28447335-33634097	NA18976#2#ctg1	3607868	3741657	WHR1-like+|C4AL+|CYP21A1P-like+|TNXA-like-|WHR1B-like+|C4BS+|CYP21A2-like+|TNXB-like-	2	assembly_homology_and_annotation	RCCX-STRUCT-08dc6d3cd5c804e4	1	0	0	196d26127c4a8bc2c1979c0b7854d3b5a33af8690a50ad2b1a12a25896459981	RCCX__NA18976#2	1	1
DRB	NA18982#1	NA18982	NA18982	HPRC-Japanese	NA18982#1#CM101421.1:28415467-33548909	NA18982#1#ctg1	3992256	4144965	HLA-DRA+|HLA-DRB5-|HLA-DRB1-	2	provisional_annotation_absence_not_confirmed_deletion	DRB-STRUCT-a57eaf455348c3e7	1	0	0	ad10813cf719e475341c03d9caf21126ee73509a3866bd3c57300be6e1a8324c	DRB__NA18982#1	1	1
RCCX	NA18982#1	NA18982	NA18982	HPRC-Japanese	NA18982#1#CM101421.1:28415467-33548909	NA18982#1#ctg1	3506211	3646397	WHR1-like+|C4AL+|CYP21A1P-like+|TNXA-like-|WHR1B-like+|C4AL+|CYP21A2-like+|TNXB-like-	2	assembly_homology_and_annotation	RCCX-STRUCT-109f6cb2c3c027c8	1	0	0	757afb2f1310322af6e47cd2d3058aa64c84305cba55053a6d9d733b894b4a42	RCCX__NA18982#1	1	1
DRB	NA18982#2	NA18982	NA18982	HPRC-Japanese	NA18982#2#JBKABT010000006.1:28433660-33435400	NA18982#2#ctg1	3868354	4020704	HLA-DRA+|HLA-DRB5-|HLA-DRB1-	2	provisional_annotation_absence_not_confirmed_deletion	DRB-STRUCT-a57eaf455348c3e7	1	0	0	875dbeff461a88c2bcdce7a9e2bf8e170a79ec01e5fd6a5b14c8d9b8d8f3c4fd	DRB__NA18982#2	1	1
RCCX	NA18982#2	NA18982	NA18982	HPRC-Japanese	NA18982#2#JBKABT010000006.1:28433660-33435400	NA18982#2#ctg1	3407394	3541216	WHR1-like+|C4AL+|CYP21A1P-like+|TNXA-like-|WHR1B-like+|C4BS+|CYP21A2-like+|TNXB-like-	2	assembly_homology_and_annotation	RCCX-STRUCT-08dc6d3cd5c804e4	1	0	0	7ba085845f0285fb80284038ab77649756acf96e1a9219dd02b0f5c5df2a8975	RCCX__NA18982#2	1	1
DRB	NA18983#1	NA18983	NA18983	HPRC-Japanese	NA18983#1#CM087420.1:28378465-33528221	NA18983#1#ctg1	4039325	4171685	HLA-DRA+|HLA-DRB3-|HLA-DRB1-	2	provisional_annotation_absence_not_confirmed_deletion	DRB-STRUCT-d9e9c983b0b92c6d	1	0	0	8b83041e9648d38e46da35ec5bc03831eaf3b97a1beb5f4c717e2e1b7cd10e5a	DRB__NA18983#1	1	1
RCCX	NA18983#1	NA18983	NA18983	HPRC-Japanese	NA18983#1#CM087420.1:28378465-33528221	NA18983#1#ctg1	3553934	3694081	WHR1-like+|C4AL+|CYP21A1P-like+|TNXA-like-|WHR1B-like+|C4BL+|CYP21A2-like+|TNXB-like-	2	assembly_homology_and_annotation	RCCX-STRUCT-c91a117646c15232	1	0	0	d47fb49b4be4650e79503c892001d0b9c513597f7f804c7f2b04b418e7461bcd	RCCX__NA18983#1	1	1
DRB	NA18983#2	NA18983	NA18983	HPRC-Japanese	NA18983#2#CM087432.1:28420692-33672818	NA18983#2#ctg1	4026716	4268358	HLA-DRA+|HLA-DRB4-|HLA-DRB1-	2	provisional_annotation_absence_not_confirmed_deletion	DRB-STRUCT-17c329d85af8b93c	1	0	0	bdf6135a0a2968f49336c3d5a83521b88e71dfc13fe7dd93613f0078eb8b8f7c	DRB__NA18983#2	1	1
RCCX	NA18983#2	NA18983	NA18983	HPRC-Japanese	NA18983#2#CM087432.1:28420692-33672818	NA18983#2#ctg1	3559257	3699558	WHR1-like+|C4AL+|CYP21A1P-like+|TNXA-like-|WHR1B-like+|C4BL+|CYP21A2-like+|TNXB-like-	2	assembly_homology_and_annotation	RCCX-STRUCT-c91a117646c15232	1	0	0	b1d71d66af2c61e121984df784b7e79f3dff098d06dd184b760c8e7bfdd972eb	RCCX__NA18983#2	1	1
DRB	NA18990#1	NA18990	NA18990	JaSaPaGe-Japanese	NA18990#1#h1tg000053l:1684255-6870690	NA18990#1#ctg1	4068869	4201292	HLA-DRA+|HLA-DRB3-|HLA-DRB1-	2	provisional_annotation_absence_not_confirmed_deletion	DRB-STRUCT-d9e9c983b0b92c6d	1	0	0	fc7e7fde4b3d39d2a4bd4fb1db43f82e9b022aefd9e096cb43fa110eb0f3909c	DRB__NA18990#1	1	1
RCCX	NA18990#1	NA18990	NA18990	JaSaPaGe-Japanese	NA18990#1#h1tg000053l:1684255-6870690	NA18990#1#ctg1	3607932	3741725	WHR1-like+|C4AL+|CYP21A1P-like+|TNXA-like-|WHR1B-like+|C4BS+|CYP21A2-like+|TNXB-like-	2	assembly_homology_and_annotation	RCCX-STRUCT-08dc6d3cd5c804e4	1	0	0	2bfa04c57eaa84f1764a3c25d3ea4b6f05a5d3163b1c082c5eb40c133833341e	RCCX__NA18990#1	1	1
DRB	NA18990#2	NA18990	NA18990	JaSaPaGe-Japanese	NA18990#2#h2tg000012l:28380706-33571283	NA18990#2#ctg1	3962374	4204387	HLA-DRA+|HLA-DRB4-|HLA-DRB1-	2	provisional_annotation_absence_not_confirmed_deletion	DRB-STRUCT-17c329d85af8b93c	1	0	0	594ef41711f66127dacbfae2981ebbfa96c8660065dc58ef9c9d64aa54ca86de	DRB__NA18990#2	1	1
RCCX	NA18990#2	NA18990	NA18990	JaSaPaGe-Japanese	NA18990#2#h2tg000012l:28380706-33571283	NA18990#2#ctg1	3500533	3634320	WHR1-like+|C4AL+|CYP21A1P-like+|TNXA-like-|WHR1B-like+|C4BS+|CYP21A2-like+|TNXB-like-	2	assembly_homology_and_annotation	RCCX-STRUCT-08dc6d3cd5c804e4	1	0	0	8c57c01b9fe07f4102ddac6fab2c2727992cf6f2aeb77770c2a5cce6a4d3920d	RCCX__NA18990#2	1	1
DRB	NA19007#1	NA19007	NA19007	JaSaPaGe-Japanese	NA19007#1#h1tg000006l:27239246-32454334_rc	NA19007#1#ctg1	3988459	4230475	HLA-DRA+|HLA-DRB4-|HLA-DRB1-	2	provisional_annotation_absence_not_confirmed_deletion	DRB-STRUCT-17c329d85af8b93c	1	0	0	141c67e4520cd462c05efab2228d1fff6432198c287148ce18d8ee1fa7101ac6	DRB__NA19007#1	1	1
RCCX	NA19007#1	NA19007	NA19007	JaSaPaGe-Japanese	NA19007#1#h1tg000006l:27239246-32454334_rc	NA19007#1#ctg1	3552798	3660245	WHR1-like+|C4AL+|CYP21A2-like+|TNXB-like-	1	assembly_homology_and_annotation	RCCX-STRUCT-80c1563b57f16898	1	0	0	c72e9901fc25a4f2c9f7a00ad6e79811e8feb71291a9494b7125d9a44540c876	RCCX__NA19007#1	1	1
DRB	NA19007#2	NA19007	NA19007	JaSaPaGe-Japanese	NA19007#2#h2tg000001l:28406882-33472999	NA19007#2#ctg1	4011840	4080417	HLA-DRA+|HLA-DRB1-	1	provisional_annotation_absence_not_confirmed_deletion	DRB-STRUCT-2e2f348001bcb731	1	0	0	37cb1251a62d9ad749f56d7bae276f077b89bd5ac237bbc941867df1a0854e8b	DRB__NA19007#2	1	1
RCCX	NA19007#2	NA19007	NA19007	JaSaPaGe-Japanese	NA19007#2#h2tg000001l:28406882-33472999	NA19007#2#ctg1	3551167	3684971	WHR1-like+|C4AL+|CYP21A1P-like+|TNXA-like-|WHR1B-like+|C4BS+|CYP21A2-like+|TNXB-like-	2	assembly_homology_and_annotation	RCCX-STRUCT-08dc6d3cd5c804e4	1	0	0	0cd139648b7a4dbd9d7e92e2850bbbe7d5d1e65f871a1763145d6c8375a6d9e5	RCCX__NA19007#2	1	1
DRB	NA19036#1	NA19036	NA19036	HPRC-Rest	NA19036#1#JBHIJM010000039.1:28463923-33608059	NA19036#1#ctg1	4024369	4159797	HLA-DRA+|HLA-DRB3-|HLA-DRB1-	2	provisional_annotation_absence_not_confirmed_deletion	DRB-STRUCT-d9e9c983b0b92c6d	1	0	0	3fc10dd7d1942a7c14af80b12f15ee579bed5557008fd33eccddcbcb27446e37	DRB__NA19036#1	1	1
RCCX	NA19036#1	NA19036	NA19036	HPRC-Rest	NA19036#1#JBHIJM010000039.1:28463923-33608059	NA19036#1#ctg1	3545236	3679033	WHR1-like+|C4AL+|CYP21A1P-like+|TNXA-like-|WHR1B-like+|C4BS+|CYP21A2-like+|TNXB-like-	2	assembly_homology_and_annotation	RCCX-STRUCT-08dc6d3cd5c804e4	1	0	0	3bb969816b84aed795527af7e6f77000649c8312e46f23e489a5f5199a04e354	RCCX__NA19036#1	1	1
DRB	NA19036#2	NA19036	NA19036	HPRC-Rest	NA19036#2#CM089740.1:28304850-33443783	NA19036#2#ctg1	4021305	4153871	HLA-DRA+|HLA-DRB3-|HLA-DRB1-	2	provisional_annotation_absence_not_confirmed_deletion	DRB-STRUCT-d9e9c983b0b92c6d	1	0	0	e04c82ccb83ac474a2854be344ceeb950c2ef22d7ddeab99cea8084099a05958	DRB__NA19036#2	1	1
RCCX	NA19036#2	NA19036	NA19036	HPRC-Rest	NA19036#2#CM089740.1:28304850-33443783	NA19036#2#ctg1	3560758	3694549	WHR1-like+|C4AL+|CYP21A1P-like+|TNXA-like-|WHR1B-like+|C4BS+|CYP21A2-like+|TNXB-like-	2	assembly_homology_and_annotation	RCCX-STRUCT-08dc6d3cd5c804e4	1	0	0	ca0019c38fc6bfcfebe3e5b2f0d3ac0ab25b5581ef9802b582635c579c7b8f1a	RCCX__NA19036#2	1	1
DRB	NA19043#1	NA19043	NA19043	HPRC-Rest	NA19043#1#CM087046.1:28457117-33603533	NA19043#1#ctg1	4028169	4160736	HLA-DRA+|HLA-DRB3-|HLA-DRB1-	2	provisional_annotation_absence_not_confirmed_deletion	DRB-STRUCT-d9e9c983b0b92c6d	1	0	0	2a727acd75fc040d47ade404c7da2e335a04262146eb8e47c3c7267c3eb0dc45	DRB__NA19043#1	1	1
RCCX	NA19043#1	NA19043	NA19043	HPRC-Rest	NA19043#1#CM087046.1:28457117-33603533	NA19043#1#ctg1	3551024	3684824	WHR1-like+|C4AL+|CYP21A1P-like+|TNXA-like-|WHR1B-like+|C4BS+|CYP21A2-like+|TNXB-like-	2	assembly_homology_and_annotation	RCCX-STRUCT-08dc6d3cd5c804e4	1	0	0	1998b693af910272160c020edf6f158d3c7c42da8af024560f93c1fb0d1698dd	RCCX__NA19043#1	1	1
DRB	NA19043#2	NA19043	NA19043	HPRC-Rest	NA19043#2#CM087072.1:28298892-33447476	NA19043#2#ctg1	4030818	4163385	HLA-DRA+|HLA-DRB3-|HLA-DRB1-	2	provisional_annotation_absence_not_confirmed_deletion	DRB-STRUCT-d9e9c983b0b92c6d	1	0	0	2a727acd75fc040d47ade404c7da2e335a04262146eb8e47c3c7267c3eb0dc45	DRB__NA19043#2	1	1
RCCX	NA19043#2	NA19043	NA19043	HPRC-Rest	NA19043#2#CM087072.1:28298892-33447476	NA19043#2#ctg1	3553673	3687473	WHR1-like+|C4AL+|CYP21A1P-like+|TNXA-like-|WHR1B-like+|C4BS+|CYP21A2-like+|TNXB-like-	2	assembly_homology_and_annotation	RCCX-STRUCT-08dc6d3cd5c804e4	1	0	0	1998b693af910272160c020edf6f158d3c7c42da8af024560f93c1fb0d1698dd	RCCX__NA19043#2	1	1
DRB	NA19066#1	NA19066	NA19066	JaSaPaGe-Japanese	NA19066#1#h1tg000041l:28321019-33454057	NA19066#1#ctg1	3992120	4144827	HLA-DRA+|HLA-DRB5-|HLA-DRB1-	2	provisional_annotation_absence_not_confirmed_deletion	DRB-STRUCT-a57eaf455348c3e7	1	0	0	0641a7a82fb9f6395c0c37a740bc36b9dbf17dcfe45ee72917ac75b393e91626	DRB__NA19066#1	1	1
RCCX	NA19066#1	NA19066	NA19066	JaSaPaGe-Japanese	NA19066#1#h1tg000041l:28321019-33454057	NA19066#1#ctg1	3506072	3646257	WHR1-like+|C4AL+|CYP21A1P-like+|TNXA-like-|WHR1B-like+|C4AL+|CYP21A2-like+|TNXB-like-	2	assembly_homology_and_annotation	RCCX-STRUCT-109f6cb2c3c027c8	1	0	0	5986f28299870121f5ecff8e92de64ddc74241283e2cd75130459e2de07f4e73	RCCX__NA19066#1	1	1
DRB	NA19066#2	NA19066	NA19066	JaSaPaGe-Japanese	NA19066#2#h2tg000023l:28379592-33689338	NA19066#2#ctg1	4075602	4318034	HLA-DRA+|HLA-DRB4-|HLA-DRB1-	2	provisional_annotation_absence_not_confirmed_deletion	DRB-STRUCT-17c329d85af8b93c	1	0	0	0e0745b64058d558a574e5bb9daaa5f9e2836e3404e97d99eb9c2e3b63ca1f66	DRB__NA19066#2	1	1
RCCX	NA19066#2	NA19066	NA19066	JaSaPaGe-Japanese	NA19066#2#h2tg000023l:28379592-33689338	NA19066#2#ctg1	3614556	3748337	WHR1-like+|C4AL+|CYP21A1P-like+|TNXA-like-|WHR1B-like+|C4BS+|CYP21A2-like+|TNXB-like-	2	assembly_homology_and_annotation	RCCX-STRUCT-08dc6d3cd5c804e4	1	0	0	acf7fff7a99622cb193281307d65ffc1cef8bcb52b4011b894b86020ec9a8206	RCCX__NA19066#2	1	1
DRB	NA19079#1	NA19079	NA19079	JaSaPaGe-Japanese	NA19079#1#h1tg000041l:25967753-30989063_rc	NA19079#1#ctg1	3795696	4036885	HLA-DRA+|HLA-DRB4-|HLA-DRB1-	2	provisional_annotation_absence_not_confirmed_deletion	DRB-STRUCT-17c329d85af8b93c	1	0	0	71f87935e6c9fb409a0d5f162b8f8851144a5ccd37b2f1b8080fc7bb0e9cec5d	DRB__NA19079#1	1	1
RCCX	NA19079#1	NA19079	NA19079	JaSaPaGe-Japanese	NA19079#1#h1tg000041l:25967753-30989063_rc	NA19079#1#ctg1	3334754	3468528	WHR1-like+|C4AL+|CYP21A1P-like+|TNXA-like-|WHR1B-like+|C4AS+|CYP21A2-like+|TNXB-like-	2	assembly_homology_and_annotation	RCCX-STRUCT-b8ca310d36f0396c	1	0	0	19a8fd065cdc0b7e1c5c527966e253e5e0ff5bc2df400d2460f9f342507f237a	RCCX__NA19079#1	1	1
DRB	NA19079#2	NA19079	NA19079	JaSaPaGe-Japanese	NA19079#2#h2tg000002l:1677209-6863053	NA19079#2#ctg1	4068887	4201312	HLA-DRA+|HLA-DRB3-|HLA-DRB1-	2	provisional_annotation_absence_not_confirmed_deletion	DRB-STRUCT-d9e9c983b0b92c6d	1	0	0	77597f1bd6c18961cc077f9e6b5ad547ee9c6c16248a9f1269654fda4f06897a	DRB__NA19079#2	1	1
RCCX	NA19079#2	NA19079	NA19079	JaSaPaGe-Japanese	NA19079#2#h2tg000002l:1677209-6863053	NA19079#2#ctg1	3607945	3741735	WHR1-like+|C4AL+|CYP21A1P-like+|TNXA-like-|WHR1B-like+|C4BS+|CYP21A2-like+|TNXB-like-	2	assembly_homology_and_annotation	RCCX-STRUCT-08dc6d3cd5c804e4	1	0	0	45ae404d19dfe615297e18a14594174ece112260f09b120b0983d6cdc8d5c756	RCCX__NA19079#2	1	1
DRB	NA19087#1	NA19087	NA19087	HPRC-Japanese	NA19087#1#CM087696.1:28331338-33576082	NA19087#1#ctg1	4018223	4259824	HLA-DRA+|HLA-DRB4-|HLA-DRB1-	2	provisional_annotation_absence_not_confirmed_deletion	DRB-STRUCT-17c329d85af8b93c	1	0	0	8628a2b496978f27caf4291a91ca83b2555357c5fbda9d3fbdba2235c1c026ad	DRB__NA19087#1	1	1
RCCX	NA19087#1	NA19087	NA19087	HPRC-Japanese	NA19087#1#CM087696.1:28331338-33576082	NA19087#1#ctg1	3550913	3691068	WHR1-like+|C4AL+|CYP21A1P-like+|TNXA-like-|WHR1B-like+|C4BL+|CYP21A2-like+|TNXB-like-	2	assembly_homology_and_annotation	RCCX-STRUCT-c91a117646c15232	1	0	0	8d0d15b7d3c856216e16bddd098f4f01aa58fbdd8ae1ba3faca9b28794c3a9c5	RCCX__NA19087#1	1	1
DRB	NA19087#2	NA19087	NA19087	HPRC-Japanese	NA19087#2#JBHDXQ010000012.1:23681967-28867579	NA19087#2#ctg1	4068798	4201222	HLA-DRA+|HLA-DRB3-|HLA-DRB1-	2	provisional_annotation_absence_not_confirmed_deletion	DRB-STRUCT-d9e9c983b0b92c6d	1	0	0	f54ecb255bf0c73322ba8a970fca122b3de6c76a6f2a2a135bbda8d73757befc	DRB__NA19087#2	1	1
RCCX	NA19087#2	NA19087	NA19087	HPRC-Japanese	NA19087#2#JBHDXQ010000012.1:23681967-28867579	NA19087#2#ctg1	3607873	3741661	WHR1-like+|C4AL+|CYP21A1P-like+|TNXA-like-|WHR1B-like+|C4BS+|CYP21A2-like+|TNXB-like-	2	assembly_homology_and_annotation	RCCX-STRUCT-08dc6d3cd5c804e4	1	0	0	c8a1724e03f71f9b29e8f531e1d1959a55a6351e054506e15af5b83f197ea01b	RCCX__NA19087#2	1	1
DRB	NA19088#1	NA19088	NA19088	JaSaPaGe-Japanese	NA19088#1#h1tg000014l:26283350-31418977_rc	NA19088#1#ctg1	4017375	4153511	HLA-DRA+|HLA-DRB3-|HLA-DRB1-	2	provisional_annotation_absence_not_confirmed_deletion	DRB-STRUCT-d9e9c983b0b92c6d	1	0	0	8d3ec28ed7b22627cc0e877b441a8f49b11846f5a2d994a3abab1de311790e3c	DRB__NA19088#1	1	1
RCCX	NA19088#1	NA19088	NA19088	JaSaPaGe-Japanese	NA19088#1#h1tg000014l:26283350-31418977_rc	NA19088#1#ctg1	3549277	3689434	WHR1-like+|C4AL+|CYP21A2-like+|TNXA-like-|WHR1B-like+|C4BL+|CYP21A2-like+|TNXB-like-	2	assembly_homology_and_annotation	RCCX-STRUCT-4c34865fcf2a50f9	1	0	0	f0ff9a56efcfa30f0987b415600449be3d9f3988ce57e05807a625f86bd57fec	RCCX__NA19088#1	1	1
DRB	NA19088#2	NA19088	NA19088	JaSaPaGe-Japanese	NA19088#2#h2tg000004l:139364569-144598705_rc	NA19088#2#ctg1	4007327	4248969	HLA-DRA+|HLA-DRB4-|HLA-DRB1-	2	provisional_annotation_absence_not_confirmed_deletion	DRB-STRUCT-17c329d85af8b93c	1	0	0	9251212ed9d869a893a6c10e0600ce48bbc57d66d04c80a3b742381c1ebf3f68	DRB__NA19088#2	1	1
RCCX	NA19088#2	NA19088	NA19088	JaSaPaGe-Japanese	NA19088#2#h2tg000004l:139364569-144598705_rc	NA19088#2#ctg1	3507282	3680180	WHR1-like+|C4BL+|CYP21A1P-like+|TNXA-like-|WHR1B-like+|C4BL+|CYP21A1P-like+|TNXA-like-|WHR1B-like+|C4BL+|CYP21A2-like+|TNXB-like-	3	assembly_homology_and_annotation	RCCX-STRUCT-772019bbe8032c14	1	0	0	c0e1714ed6210990ab702a3eca819b99dfb0eb5fac27dfa65b87feb509eff033	RCCX__NA19088#2	1	1
DRB	NA19159#1	NA19159	NA19159	HPRC-Rest	NA19159#1#JBJXQL010000007.1:28425942-33548809	NA19159#1#ctg1	4004941	4140310	HLA-DRA+|HLA-DRB3-|HLA-DRB1-	2	provisional_annotation_absence_not_confirmed_deletion	DRB-STRUCT-d9e9c983b0b92c6d	1	0	0	e0c7cccc5bb920b8080e68eb8aae10c67e262e17edd3eba04613dfb108801ad4	DRB__NA19159#1	1	1
RCCX	NA19159#1	NA19159	NA19159	HPRC-Rest	NA19159#1#JBJXQL010000007.1:28425942-33548809	NA19159#1#ctg1	3499549	3659684	WHR1-like+|C4AL+|CYP21A1P-like+|TNXA-like-|WHR1B-like+|C4AS+|CYP21A1P-like+|TNXA-like-|WHR1B-like+|C4BS+|CYP21A2-like+|TNXB-like-	3	assembly_homology_and_annotation	RCCX-STRUCT-43779c00c9747168	1	0	0	688add7258bc8d0dbeea1d54ad0da14cce1e2d3e4342562c817add54dcb6d6b5	RCCX__NA19159#1	1	1
DRB	NA19159#2	NA19159	NA19159	HPRC-Rest	NA19159#2#JBJXQM010000009.1:28479051-33767425	NA19159#2#ctg1	4054086	4296522	HLA-DRA+|HLA-DRB4-|HLA-DRB1-	2	provisional_annotation_absence_not_confirmed_deletion	DRB-STRUCT-17c329d85af8b93c	1	0	0	3e7ce290aa1d927f2b7db488dc50f2e73db262c086450620ccc3c334a4590319	DRB__NA19159#2	1	1
RCCX	NA19159#2	NA19159	NA19159	HPRC-Rest	NA19159#2#JBJXQM010000009.1:28479051-33767425	NA19159#2#ctg1	3566643	3726790	WHR1-like+|C4AL+|CYP21A1P-like+|TNXA-like-|WHR1B-like+|C4BS+|CYP21A1P-like+|TNXA-like-|WHR1B-like+|C4BS+|CYP21A2-like+|TNXB-like-	3	assembly_homology_and_annotation	RCCX-STRUCT-0c843ef37c4c8a9d	1	0	0	d7b07c158c193e3236a550cf040cc0ae1586190e173bee516f2bc40a8b6fd20e	RCCX__NA19159#2	1	1
DRB	NA19185#1	NA19185	NA19184	HPRC-Rest	NA19185#1#CM087724.1:28452686-33600537	NA19185#1#ctg1	4029199	4164568	HLA-DRA+|HLA-DRB3-|HLA-DRB1-	2	provisional_annotation_absence_not_confirmed_deletion	DRB-STRUCT-d9e9c983b0b92c6d	1	0	0	647b2c77335212d9c471b830ea0db4d5e88d7d71950ff1b95fc9895dca41a294	DRB__NA19185#1	1	1
RCCX	NA19185#1	NA19185	NA19184	HPRC-Rest	NA19185#1#CM087724.1:28452686-33600537	NA19185#1#ctg1	3550128	3683894	WHR1-like+|C4AL+|CYP21A1P-like+|TNXA-like-|WHR1B-like+|C4BS+|CYP21A2-like+|TNXB-like-	2	assembly_homology_and_annotation	RCCX-STRUCT-08dc6d3cd5c804e4	1	0	0	bc07cbd9728d6c9aa3f182b99765c9753085322b65784a1d42ea8b8682ed031b	RCCX__NA19185#1	1	1
DRB	NA19185#2	NA19185	NA19184	HPRC-Rest	NA19185#2#CM087740.1:28365127-33559133	NA19185#2#ctg1	4079370	4215144	HLA-DRA+|HLA-DRB3-|HLA-DRB1-	2	provisional_annotation_absence_not_confirmed_deletion	DRB-STRUCT-d9e9c983b0b92c6d	1	0	0	2258af2ddf56519387e68c77257451a49f8503fe01490829151a37b6d0c5426f	DRB__NA19185#2	1	1
RCCX	NA19185#2	NA19185	NA19184	HPRC-Rest	NA19185#2#CM087740.1:28365127-33559133	NA19185#2#ctg1	3618367	3752161	WHR1-like+|C4AL+|CYP21A1P-like+|TNXA-like-|WHR1B-like+|C4AS+|CYP21A2-like+|TNXB-like-	2	assembly_homology_and_annotation	RCCX-STRUCT-b8ca310d36f0396c	1	0	0	36a6b2ed932da64aa0d08570c4204de63a23b7c37f4aeac6c91e4ceba977bd1e	RCCX__NA19185#2	1	1
DRB	NA19240#1	NA19240	NA18912	HPRC-Rest	NA19240#1#JAHEOM020000002.1:28462857-33656907	NA19240#1#ctg1	4080509	4216421	HLA-DRA+|HLA-DRB3-|HLA-DRB1-	2	provisional_annotation_absence_not_confirmed_deletion	DRB-STRUCT-d9e9c983b0b92c6d	1	0	0	4a562e2c3d6fe3f703f19fd1d81a62b279aef494dc18466542c327ddf5afe963	DRB__NA19240#1	1	0
RCCX	NA19240#1	NA19240	NA18912	HPRC-Rest	NA19240#1#JAHEOM020000002.1:28462857-33656907	NA19240#1#ctg1	3618558	3752366	WHR1-like+|C4AL+|CYP21A1P-like+|TNXA-like-|WHR1B-like+|C4BS+|CYP21A2-like+|TNXB-like-	2	assembly_homology_and_annotation	RCCX-STRUCT-08dc6d3cd5c804e4	1	0	0	059aa199df5fc2ac243bd3eb593cf95ae884c6784c31a8a966007ff33c9a58b9	RCCX__NA19240#1	1	0
DRB	NA19240#2	NA19240	NA18912	HPRC-Rest	NA19240#2#CM099616.1:28279408-33546879	NA19240#2#ctg1	4125353	4278009	HLA-DRA+|HLA-DRB5-|HLA-DRB1-	2	provisional_annotation_absence_not_confirmed_deletion	DRB-STRUCT-a57eaf455348c3e7	1	0	0	8d1ae97348967be864b78da80d9e369e32df2102a6428f1f938ca7190e316bc5	DRB__NA19240#2	1	0
RCCX	NA19240#2	NA19240	NA18912	HPRC-Rest	NA19240#2#CM099616.1:28279408-33546879	NA19240#2#ctg1	3619881	3780024	WHR1-like+|C4AL+|CYP21A1P-like+|TNXA-like-|WHR1B-like+|C4BS+|CYP21A1P-like+|TNXA-like-|WHR1B-like+|C4BS+|CYP21A2-like+|TNXB-like-	3	assembly_homology_and_annotation	RCCX-STRUCT-0c843ef37c4c8a9d	1	0	0	94f2ef0505b1ebba93ad3a3b0da39547cbf92293101ddd45bea3185c7389e17b	RCCX__NA19240#2	1	0
DRB	NA19338#1	NA19338	NA19338	HPRC-Rest	NA19338#1#CM087758.1:28448969-33579906	NA19338#1#ctg1	4010857	4142834	HLA-DRA+|HLA-DRB3-|HLA-DRB1-	2	provisional_annotation_absence_not_confirmed_deletion	DRB-STRUCT-d9e9c983b0b92c6d	1	0	0	04b4b245c93d9b5edeec23873c1d27017729393c3af38a488262d0141e1bab3d	DRB__NA19338#1	1	1
RCCX	NA19338#1	NA19338	NA19338	HPRC-Rest	NA19338#1#CM087758.1:28448969-33579906	NA19338#1#ctg1	3549555	3683321	WHR1-like+|C4AL+|CYP21A1P-like+|TNXA-like-|WHR1B-like+|C4BS+|CYP21A2-like+|TNXB-like-	2	assembly_homology_and_annotation	RCCX-STRUCT-08dc6d3cd5c804e4	1	0	0	e4c89df504fecf49cc867aa4f7a898e56cd19c83e02267bd92d2b2ac1c32b6db	RCCX__NA19338#1	1	1
DRB	NA19338#2	NA19338	NA19338	HPRC-Rest	NA19338#2#CM087775.1:28453026-33605437	NA19338#2#ctg1	4010661	4162974	HLA-DRA+|HLA-DRB5-|HLA-DRB1-	2	provisional_annotation_absence_not_confirmed_deletion	DRB-STRUCT-a57eaf455348c3e7	1	0	0	873e910eee7bfd52cf874c58f31d63246811c6d082031b203ead719f05665cd9	DRB__NA19338#2	1	1
RCCX	NA19338#2	NA19338	NA19338	HPRC-Rest	NA19338#2#CM087775.1:28453026-33605437	NA19338#2#ctg1	3550101	3683916	WHR1-like+|C4AL+|CYP21A1P-like+|TNXA-like-|WHR1B-like+|C4BS+|CYP21A2-like+|TNXB-like-	2	assembly_homology_and_annotation	RCCX-STRUCT-08dc6d3cd5c804e4	1	0	0	60d9cc0eb5f53ff9709ce0a17b802822e6b89f01aab8a24b57c42ffa9fc6f3ea	RCCX__NA19338#2	1	1
DRB	NA19391#1	NA19391	NA19391	HPRC-Rest	NA19391#1#CM087790.1:28288674-33392322	NA19391#1#ctg1	3982022	4117347	HLA-DRA+|HLA-DRB3-|HLA-DRB1-	2	provisional_annotation_absence_not_confirmed_deletion	DRB-STRUCT-d9e9c983b0b92c6d	1	0	0	96ef930cf843666ec1f4f5718748df9f8797b8edb055a2486316d61e912b02e1	DRB__NA19391#1	1	1
RCCX	NA19391#1	NA19391	NA19391	HPRC-Rest	NA19391#1#CM087790.1:28288674-33392322	NA19391#1#ctg1	3521047	3654852	WHR1-like+|C4AL+|CYP21A1P-like+|TNXA-like-|WHR1B-like+|C4BS+|CYP21A2-like+|TNXB-like-	2	assembly_homology_and_annotation	RCCX-STRUCT-08dc6d3cd5c804e4	1	0	0	64a15222deee2996876752f37d5d026559810b3cdb9bb3d9871d82fca5325199	RCCX__NA19391#1	1	1
DRB	NA19391#2	NA19391	NA19391	HPRC-Rest	NA19391#2#CM087804.1:28295746-33396359	NA19391#2#ctg1	3987160	4118860	HLA-DRA+|HLA-DRB3-|HLA-DRB1-	2	provisional_annotation_absence_not_confirmed_deletion	DRB-STRUCT-d9e9c983b0b92c6d	1	0	0	d5289107133801c964ea611dd6c1c207c4f788cb5cb9dde00fa05965d31b9e33	DRB__NA19391#2	1	1
RCCX	NA19391#2	NA19391	NA19391	HPRC-Rest	NA19391#2#CM087804.1:28295746-33396359	NA19391#2#ctg1	3551495	3658903	WHR1-like+|C4AL+|CYP21A2-like+|TNXB-like-	1	assembly_homology_and_annotation	RCCX-STRUCT-80c1563b57f16898	1	0	0	28a802cd964b37e69a7102954a87df2c80f09814679ae2693d6ca28c99f287e0	RCCX__NA19391#2	1	1
DRB	NA19443#1	NA19443	NA19443	HPRC-Rest	NA19443#1#CM089448.1:28448109-33623879	NA19443#1#ctg1	4058576	4190988	HLA-DRA+|HLA-DRB3-|HLA-DRB1-	2	provisional_annotation_absence_not_confirmed_deletion	DRB-STRUCT-d9e9c983b0b92c6d	1	0	0	1ec3b3bc4a1ad754fb5e5aaef339fed8394fd8852940ca340b02444cf8f5dc8f	DRB__NA19443#1	1	1
RCCX	NA19443#1	NA19443	NA19443	HPRC-Rest	NA19443#1#CM089448.1:28448109-33623879	NA19443#1#ctg1	3622993	3730426	WHR1-like+|C4AL+|CYP21A2-like+|TNXB-like-	1	assembly_homology_and_annotation	RCCX-STRUCT-80c1563b57f16898	1	0	0	46f89b7de8a6d99c4a5576b663e5dda5b7234646bd112735fa7e4b07ff6bb79e	RCCX__NA19443#1	1	1
DRB	NA19443#2	NA19443	NA19443	HPRC-Rest	NA19443#2#CM089461.1:28435491-33566565	NA19443#2#ctg1	4081788	4149876	HLA-DRA+|HLA-DRB1-	1	provisional_annotation_absence_not_confirmed_deletion	DRB-STRUCT-2e2f348001bcb731	1	0	0	2f371d36b030606cec792d99f1f3555bbc8bc675c11c05ef349a268146103c44	DRB__NA19443#2	1	1
RCCX	NA19443#2	NA19443	NA19443	HPRC-Rest	NA19443#2#CM089461.1:28435491-33566565	NA19443#2#ctg1	3620577	3754369	WHR1-like+|C4AL+|CYP21A1P-like+|TNXA-like-|WHR1B-like+|C4BS+|CYP21A2-like+|TNXB-like-	2	assembly_homology_and_annotation	RCCX-STRUCT-08dc6d3cd5c804e4	1	0	0	c1116deac968033fb6a96dbc6f4c5735f6a055ab5c58d87ef41f63eb69fd0a6b	RCCX__NA19443#2	1	1
DRB	NA19468#1	NA19468	NA19468	HPRC-Rest	NA19468#1#JBHDXX010000056.1:28478972-33624126	NA19468#1#ctg1	4014128	4159372	HLA-DRA+|HLA-DRB1-	1	provisional_annotation_absence_not_confirmed_deletion	DRB-STRUCT-2e2f348001bcb731	1	0	0	ff531e603211f9c8e3ccb81992b6eeb9b0f9d2786dd72fa71f551fd50beff462	DRB__NA19468#1	1	1
RCCX	NA19468#1	NA19468	NA19468	HPRC-Rest	NA19468#1#JBHDXX010000056.1:28478972-33624126	NA19468#1#ctg1	3553217	3687029	WHR1-like+|C4AL+|CYP21A1P-like+|TNXA-like-|WHR1B-like+|C4BS+|CYP21A2-like+|TNXB-like-	2	assembly_homology_and_annotation	RCCX-STRUCT-08dc6d3cd5c804e4	1	0	0	83bd474aa350a1b42eacf076a2c78567fff940c0ddf4af7d9a0020d050737704	RCCX__NA19468#1	1	1
DRB	NA19468#2	NA19468	NA19468	HPRC-Rest	NA19468#2#JBHDXY010000045.1:28382628-33499947	NA19468#2#ctg1	3999498	4131217	HLA-DRA+|HLA-DRB3-|HLA-DRB1-	2	provisional_annotation_absence_not_confirmed_deletion	DRB-STRUCT-d9e9c983b0b92c6d	1	0	0	4b004a440e162858cdde86041c4f30773a4a6fb329ca71743416e8259031ec61	DRB__NA19468#2	1	1
RCCX	NA19468#2	NA19468	NA19468	HPRC-Rest	NA19468#2#JBHDXY010000045.1:28382628-33499947	NA19468#2#ctg1	3553988	3655051	WHR1-like+|C4BS+|CYP21A2-like+|TNXB-like-	1	assembly_homology_and_annotation	RCCX-STRUCT-a002f576cdda62b4	1	0	0	a1bb5efffb0ad35ac2435c5e78e7d5e2597dc1440e0951f9d20bdbddfb0bd593	RCCX__NA19468#2	1	1
DRB	NA19682#1	NA19682	NA19681	HPRC-Rest	NA19682#1#CM094150.1:28411407-33568676	NA19682#1#ctg1	4039419	4175536	HLA-DRA+|HLA-DRB3-|HLA-DRB1-	2	provisional_annotation_absence_not_confirmed_deletion	DRB-STRUCT-d9e9c983b0b92c6d	1	0	0	2238ee1b6b37c1dc1056fdef8eec1fb41503eb068d97834fa4956e5d6ac138f6	DRB__NA19682#1	1	1
RCCX	NA19682#1	NA19682	NA19681	HPRC-Rest	NA19682#1#CM094150.1:28411407-33568676	NA19682#1#ctg1	3554072	3694223	WHR1-like+|C4AL+|CYP21A1P-like+|TNXA-like-|WHR1B-like+|C4BL+|CYP21A2-like+|TNXB-like-	2	assembly_homology_and_annotation	RCCX-STRUCT-c91a117646c15232	1	0	0	7a6ce2698b602eef2f6cf71f195a1e032fb8bbf9961139e48bbabd569dde60f6	RCCX__NA19682#1	1	1
DRB	NA19682#2	NA19682	NA19681	HPRC-Rest	NA19682#2#CM094164.1:28463959-33644888	NA19682#2#ctg1	4069457	4201852	HLA-DRA+|HLA-DRB3-|HLA-DRB1-	2	provisional_annotation_absence_not_confirmed_deletion	DRB-STRUCT-d9e9c983b0b92c6d	1	0	0	4f7ecc5128870d1c75b7d839401d66726f3533136283a4c139e034157363df4b	DRB__NA19682#2	1	1
RCCX	NA19682#2	NA19682	NA19681	HPRC-Rest	NA19682#2#CM094164.1:28463959-33644888	NA19682#2#ctg1	3608547	3742331	WHR1-like+|C4AL+|CYP21A1P-like+|TNXA-like-|WHR1B-like+|C4BS+|CYP21A2-like+|TNXB-like-	2	assembly_homology_and_annotation	RCCX-STRUCT-08dc6d3cd5c804e4	1	0	0	11c8e41e2ffaa1b0cd9969ea746863a5fe86c3688bc2c1ff5596a65ace723074	RCCX__NA19682#2	1	1
DRB	NA19700#1	NA19700	NA19700	HPRC-Rest	NA19700#1#CM089621.1:28376765-33517479	NA19700#1#ctg1	4019698	4151497	HLA-DRA+|HLA-DRB3-|HLA-DRB1-	2	provisional_annotation_absence_not_confirmed_deletion	DRB-STRUCT-d9e9c983b0b92c6d	1	0	0	bba9184c6dc08638cd06d8afa0a29415b75c501804c4878372a59696c38738df	DRB__NA19700#1	1	1
RCCX	NA19700#1	NA19700	NA19700	HPRC-Rest	NA19700#1#CM089621.1:28376765-33517479	NA19700#1#ctg1	3557935	3691738	WHR1-like+|C4AL+|CYP21A1P-like+|TNXA-like-|WHR1B-like+|C4BS+|CYP21A2-like+|TNXB-like-	2	assembly_homology_and_annotation	RCCX-STRUCT-08dc6d3cd5c804e4	1	0	0	a58131a3063a9f380cf0d059fe3421a456e4e8002509ae8e95b4282340d0554f	RCCX__NA19700#1	1	1
DRB	NA19700#2	NA19700	NA19700	HPRC-Rest	NA19700#2#CM089638.1:28426616-33709243	NA19700#2#ctg1	4052835	4296211	HLA-DRA+|HLA-DRB4-|HLA-DRB1-	2	provisional_annotation_absence_not_confirmed_deletion	DRB-STRUCT-17c329d85af8b93c	1	0	0	a24a22fc69470bdf3be563a62db46cda326847fb766fcd54c3591d8b4efb1843	DRB__NA19700#2	1	1
RCCX	NA19700#2	NA19700	NA19700	HPRC-Rest	NA19700#2#CM089638.1:28426616-33709243	NA19700#2#ctg1	3618290	3725722	WHR1-like+|C4AL+|CYP21A2-like+|TNXB-like-	1	assembly_homology_and_annotation	RCCX-STRUCT-80c1563b57f16898	1	0	0	afbb0515434447f152971772d821df3175b6287c29cd367b82bb6c1d24eb1cae	RCCX__NA19700#2	1	1
DRB	NA19776#1	NA19776	NA19776	HPRC-Rest	NA19776#1#CM094012.1:28385884-33702873	NA19776#1#ctg1	4091362	4332897	HLA-DRA+|HLA-DRB4-|HLA-DRB1-	2	provisional_annotation_absence_not_confirmed_deletion	DRB-STRUCT-17c329d85af8b93c	1	0	0	850c510f43fa6ebbbf5749538f83f5e079fa3a39f08ee99805d61d1d4c0bdd2f	DRB__NA19776#1	1	1
RCCX	NA19776#1	NA19776	NA19776	HPRC-Rest	NA19776#1#CM094012.1:28385884-33702873	NA19776#1#ctg1	3623028	3763182	WHR1-like+|C4AL+|CYP21A1P-like+|TNXA-like-|WHR1B-like+|C4BL+|CYP21A2-like+|TNXB-like-	2	assembly_homology_and_annotation	RCCX-STRUCT-c91a117646c15232	1	0	0	3c654763cc64fd6afccb24c47fad308a4b41556fef76a42ac15ac314c791a478	RCCX__NA19776#1	1	1
DRB	NA19776#2	NA19776	NA19776	HPRC-Rest	NA19776#2#CM094049.1:28416676-33523673	NA19776#2#ctg1	3989090	4125228	HLA-DRA+|HLA-DRB3-|HLA-DRB1-	2	provisional_annotation_absence_not_confirmed_deletion	DRB-STRUCT-d9e9c983b0b92c6d	1	0	0	d205e60d1c02cd9c2d8e5c642cb3089158084d76fa4b5d2d8e261eb2370016f0	DRB__NA19776#2	1	1
RCCX	NA19776#2	NA19776	NA19776	HPRC-Rest	NA19776#2#CM094049.1:28416676-33523673	NA19776#2#ctg1	3503690	3643857	WHR1-like+|C4AL+|CYP21A1P-like+|TNXA-like-|WHR1B-like+|C4BL+|CYP21A2-like+|TNXB-like-	2	assembly_homology_and_annotation	RCCX-STRUCT-c91a117646c15232	1	0	0	872e75b6651ab06533607f9bc77acddf29c3e2e26f6987ab30cee2083da20b1b	RCCX__NA19776#2	1	1
DRB	NA19835#1	NA19835	NA19834	HPRC-Rest	NA19835#1#CM094026.1:28418644-33486956	NA19835#1#ctg1	4014477	4086291	HLA-DRA+|HLA-DRB1-	1	provisional_annotation_absence_not_confirmed_deletion	DRB-STRUCT-2e2f348001bcb731	1	0	0	6c6e4044b1d63c39f57182ead0b9e721fd5e0ce0b162893a28252a5431015a96	DRB__NA19835#1	1	1
RCCX	NA19835#1	NA19835	NA19834	HPRC-Rest	NA19835#1#CM094026.1:28418644-33486956	NA19835#1#ctg1	3552554	3686340	WHR1-like+|C4AL+|CYP21A1P-like+|TNXA-like-|WHR1B-like+|C4BS+|CYP21A2-like+|TNXB-like-	2	assembly_homology_and_annotation	RCCX-STRUCT-08dc6d3cd5c804e4	1	0	0	3c6c9843400a00c0c97cee132db142b60e92d0bd275181bbc938345bd0f02e51	RCCX__NA19835#1	1	1
DRB	NA19835#2	NA19835	NA19834	HPRC-Rest	NA19835#2#CM094035.1:28457594-33528933	NA19835#2#ctg1	3948975	4084846	HLA-DRA+|HLA-DRB3-|HLA-DRB1-	2	provisional_annotation_absence_not_confirmed_deletion	DRB-STRUCT-d9e9c983b0b92c6d	1	0	0	21d17f0fcf69f0e2403c23e193d14ed763e895c4e12cf7dc78a5e659dec36479	DRB__NA19835#2	1	1
RCCX	NA19835#2	NA19835	NA19834	HPRC-Rest	NA19835#2#CM094035.1:28457594-33528933	NA19835#2#ctg1	3487974	3621776	WHR1-like+|C4AL+|CYP21A1P-like+|TNXA-like-|WHR1B-like+|C4BS+|CYP21A2-like+|TNXB-like-	2	assembly_homology_and_annotation	RCCX-STRUCT-08dc6d3cd5c804e4	1	0	0	55c171e9410e8fbf872fdf4b3974ffeedf1ba7e45e666d13fee14953f6386812	RCCX__NA19835#2	1	1
DRB	NA19909#1	NA19909	NA19908	HPRC-Rest	NA19909#1#JBIRDH010000012.1:28412877-33619076	NA19909#1#ctg1	4091576	4227351	HLA-DRA+|HLA-DRB3-|HLA-DRB1-	2	provisional_annotation_absence_not_confirmed_deletion	DRB-STRUCT-d9e9c983b0b92c6d	1	0	0	5a1419c5ff23d0849659607cbbdd68057a7651cf36415a90587e7801d439e33e	DRB__NA19909#1	1	1
RCCX	NA19909#1	NA19909	NA19908	HPRC-Rest	NA19909#1#JBIRDH010000012.1:28412877-33619076	NA19909#1#ctg1	3630577	3764380	WHR1-like+|C4AL+|CYP21A1P-like+|TNXA-like-|WHR1B-like+|C4AS+|CYP21A2-like+|TNXB-like-	2	assembly_homology_and_annotation	RCCX-STRUCT-b8ca310d36f0396c	1	0	0	0bbe511e5cd33ef9a59f39b9dff8b9a7642e93bbac33d9af6ec7c541ac74d6ea	RCCX__NA19909#1	1	1
DRB	NA19909#2	NA19909	NA19908	HPRC-Rest	NA19909#2#JBIRDI010000053.1:28451896-33658066	NA19909#2#ctg1	4091550	4227325	HLA-DRA+|HLA-DRB3-|HLA-DRB1-	2	provisional_annotation_absence_not_confirmed_deletion	DRB-STRUCT-d9e9c983b0b92c6d	1	0	0	853352a86f83cdd9358b583901a181a418c909f06549a2560bf841e1f59f189e	DRB__NA19909#2	1	1
RCCX	NA19909#2	NA19909	NA19908	HPRC-Rest	NA19909#2#JBIRDI010000053.1:28451896-33658066	NA19909#2#ctg1	3630552	3764355	WHR1-like+|C4AL+|CYP21A1P-like+|TNXA-like-|WHR1B-like+|C4AS+|CYP21A2-like+|TNXB-like-	2	assembly_homology_and_annotation	RCCX-STRUCT-b8ca310d36f0396c	1	0	0	701519fe6ca15823908e511f6f8eeee9f08d1aca573d30ff5df636e52df62cd8	RCCX__NA19909#2	1	1
DRB	NA20129#2	NA20129	NA19920	HPRC-Rest	NA20129#2#CM092121.1:28370806-33473927	NA20129#2#ctg1	3984849	4120987	HLA-DRA+|HLA-DRB3-|HLA-DRB1-	2	provisional_annotation_absence_not_confirmed_deletion	DRB-STRUCT-d9e9c983b0b92c6d	1	0	0	aca1b5f8dc6048eee7c131d9bcf71453db0396899066c0e90fcba764296d39f6	DRB__NA20129#2	1	0
RCCX	NA20129#2	NA20129	NA19920	HPRC-Rest	NA20129#2#CM092121.1:28370806-33473927	NA20129#2#ctg1	3522883	3656655	WHR1-like+|C4AL+|CYP21A1P-like+|TNXA-like-|WHR1B-like+|C4AS+|CYP21A2-like+|TNXB-like-	2	assembly_homology_and_annotation	RCCX-STRUCT-b8ca310d36f0396c	1	0	0	1c5bfdf3550e891d61d62dca3d26f6acaa16d36f54f275aa95a69a380ff99925	RCCX__NA20129#2	1	0
DRB	NA20282#1	NA20282	NA20278	HPRC-Rest	NA20282#1#JBIRDT010000005.1:1683408-6782988	NA20282#1#ctg1	4051332	4119418	HLA-DRA+|HLA-DRB1-	1	provisional_annotation_absence_not_confirmed_deletion	DRB-STRUCT-2e2f348001bcb731	1	0	0	f1c4498888d042d789d270f2dc15faa9b0dd82068c604e84fb33f52ae9308425	DRB__NA20282#1	1	1
RCCX	NA20282#1	NA20282	NA20278	HPRC-Rest	NA20282#1#JBIRDT010000005.1:1683408-6782988	NA20282#1#ctg1	3563681	3723850	WHR1-like+|C4AL+|CYP21A1P-like+|TNXA-like-|WHR1B-like+|C4BS+|CYP21A1P-like+|TNXA-like-|WHR1B-like+|C4BS+|CYP21A2-like+|TNXB-like-	3	assembly_homology_and_annotation	RCCX-STRUCT-0c843ef37c4c8a9d	1	0	0	5222193e90b7d2da28457fe92eb004074832c3f8aa0c968f2dc1927372cb9399	RCCX__NA20282#1	1	1
DRB	NA20282#2	NA20282	NA20278	HPRC-Rest	NA20282#2#JBIRDU010000003.1:1683297-6763868	NA20282#2#ctg1	3965949	4101724	HLA-DRA+|HLA-DRB3-|HLA-DRB1-	2	provisional_annotation_absence_not_confirmed_deletion	DRB-STRUCT-d9e9c983b0b92c6d	1	0	0	5a1419c5ff23d0849659607cbbdd68057a7651cf36415a90587e7801d439e33e	DRB__NA20282#2	1	1
RCCX	NA20282#2	NA20282	NA20278	HPRC-Rest	NA20282#2#JBIRDU010000003.1:1683297-6763868	NA20282#2#ctg1	3504955	3638751	WHR1-like+|C4AL+|CYP21A1P-like+|TNXA-like-|WHR1B-like+|C4AS+|CYP21A2-like+|TNXB-like-	2	assembly_homology_and_annotation	RCCX-STRUCT-b8ca310d36f0396c	1	0	0	465f9b5cf0a15950a642281502c655de63b46a36b33fa7438869f7ac7b8263e7	RCCX__NA20282#2	1	1
DRB	NA20346#1	NA20346	NA20346	HPRC-Rest	NA20346#1#CM094251.1:28457185-33666384	NA20346#1#ctg1	4081255	4217166	HLA-DRA+|HLA-DRB3-|HLA-DRB1-	2	provisional_annotation_absence_not_confirmed_deletion	DRB-STRUCT-d9e9c983b0b92c6d	1	0	0	9b376dc845957dd358acf19577ad7eaf5b9154a42a3c2833522232f7ae1207c1	DRB__NA20346#1	1	1
RCCX	NA20346#1	NA20346	NA20346	HPRC-Rest	NA20346#1#CM094251.1:28457185-33666384	NA20346#1#ctg1	3620244	3754041	WHR1-like+|C4AL+|CYP21A1P-like+|TNXA-like-|WHR1B-like+|C4BS+|CYP21A2-like+|TNXB-like-	2	assembly_homology_and_annotation	RCCX-STRUCT-08dc6d3cd5c804e4	1	0	0	552c3e67972b840f655aac12218711c29df2c389e269e546cc1e4969d518272a	RCCX__NA20346#1	1	1
DRB	NA20346#2	NA20346	NA20346	HPRC-Rest	NA20346#2#CM094262.1:28410681-33542038	NA20346#2#ctg1	4014675	4146643	HLA-DRA+|HLA-DRB3-|HLA-DRB1-	2	provisional_annotation_absence_not_confirmed_deletion	DRB-STRUCT-d9e9c983b0b92c6d	1	0	0	c1d95474d2798c05e47f3656da9f52609daa4cd3ebd799139b518ff9b1d77a4a	DRB__NA20346#2	1	1
RCCX	NA20346#2	NA20346	NA20346	HPRC-Rest	NA20346#2#CM094262.1:28410681-33542038	NA20346#2#ctg1	3552915	3686686	WHR1-like+|C4AL+|CYP21A1P-like+|TNXA-like-|WHR1B-like+|C4BS+|CYP21A2-like+|TNXB-like-	2	assembly_homology_and_annotation	RCCX-STRUCT-08dc6d3cd5c804e4	1	0	0	e6b61be4cd39963add659c4b00155c843048bedbf389499026c35eb2cd34248e	RCCX__NA20346#2	1	1
DRB	NA20503#1	NA20503	NA20503	HPRC-Rest	NA20503#1#CM102459.1:28379297-33541270	NA20503#1#ctg1	4037781	4176562	HLA-DRA+|HLA-DRB1-	1	provisional_annotation_absence_not_confirmed_deletion	DRB-STRUCT-2e2f348001bcb731	1	0	0	7c85035dd6d4dce8a6d9ddc15e71a2da6723438966ed94e878933b7c7442cd64	DRB__NA20503#1	1	1
RCCX	NA20503#1	NA20503	NA20503	HPRC-Rest	NA20503#1#CM102459.1:28379297-33541270	NA20503#1#ctg1	3552890	3693058	WHR1-like+|C4AL+|CYP21A1P-like+|TNXA-like-|WHR1B-like+|C4AL+|CYP21A2-like+|TNXB-like-	2	assembly_homology_and_annotation	RCCX-STRUCT-109f6cb2c3c027c8	1	0	0	9ae14fe618cf9bb64450d989c1441ad9958afe0dee000e0553b3d53fbb39160e	RCCX__NA20503#1	1	1
DRB	NA20503#2	NA20503	NA20503	HPRC-Rest	NA20503#2#CM102476.1:28357590-33489275	NA20503#2#ctg1	4021450	4153819	HLA-DRA+|HLA-DRB3-|HLA-DRB1-	2	provisional_annotation_absence_not_confirmed_deletion	DRB-STRUCT-d9e9c983b0b92c6d	1	0	0	02628662c544922a3344ae5fe713eed2e51f5f6373d6f9b3d72a032af0c826fb	DRB__NA20503#2	1	1
RCCX	NA20503#2	NA20503	NA20503	HPRC-Rest	NA20503#2#CM102476.1:28357590-33489275	NA20503#2#ctg1	3553202	3693363	WHR1-like+|C4AL+|CYP21A1P-like+|TNXA-like-|WHR1B-like+|C4BL+|CYP21A2-like+|TNXB-like-	2	assembly_homology_and_annotation	RCCX-STRUCT-c91a117646c15232	1	0	0	24107b7be9cb9b6e3c482a79c4c0be420244b3b94d31640d03c936eb9f30e5b7	RCCX__NA20503#2	1	1
DRB	NA20752#1	NA20752	NA20752	HPRC-Rest	NA20752#1#CM099770.1:28378820-33526332	NA20752#1#ctg1	4023511	4162290	HLA-DRA+|HLA-DRB1-	1	provisional_annotation_absence_not_confirmed_deletion	DRB-STRUCT-2e2f348001bcb731	1	0	0	6b1d2f686150567eb584348cbf54a6924882f34b46c95b0a8e6fcf7fb63d2db2	DRB__NA20752#1	1	1
RCCX	NA20752#1	NA20752	NA20752	HPRC-Rest	NA20752#1#CM099770.1:28378820-33526332	NA20752#1#ctg1	3538608	3678781	WHR1-like+|C4AL+|CYP21A1P-like+|TNXA-like-|WHR1B-like+|C4AL+|CYP21A2-like+|TNXB-like-	2	assembly_homology_and_annotation	RCCX-STRUCT-109f6cb2c3c027c8	1	0	0	9c4a134dae246602eda7ce6962b546918fc430b0959e84883733b3a68b957afd	RCCX__NA20752#1	1	1
DRB	NA20752#2	NA20752	NA20752	HPRC-Rest	NA20752#2#CM099783.1:28398107-33586251	NA20752#2#ctg1	3955680	4198114	HLA-DRA+|HLA-DRB4-|HLA-DRB1-	2	provisional_annotation_absence_not_confirmed_deletion	DRB-STRUCT-17c329d85af8b93c	1	0	0	e6eff027bf1f2ae25008fbb5730e71391dfc2cb67e0f375b9bc2395ec013236c	DRB__NA20752#2	1	1
RCCX	NA20752#2	NA20752	NA20752	HPRC-Rest	NA20752#2#CM099783.1:28398107-33586251	NA20752#2#ctg1	3494633	3628417	WHR1-like+|C4AL+|CYP21A1P-like+|TNXA-like-|WHR1B-like+|C4BS+|CYP21A2-like+|TNXB-like-	2	assembly_homology_and_annotation	RCCX-STRUCT-08dc6d3cd5c804e4	1	0	0	4bb4d7524ffcf0c97aeb5b1f8593a4ee0de96902fc0a766e40708dd0293e2d6e	RCCX__NA20752#2	1	1
DRB	NA20762#1	NA20762	NA20762	HPRC-Rest	NA20762#1#CM102512.1:28400125-33568157	NA20762#1#ctg1	4041943	4180723	HLA-DRA+|HLA-DRB1-	1	provisional_annotation_absence_not_confirmed_deletion	DRB-STRUCT-2e2f348001bcb731	1	0	0	f5d4db3c18b3cc85477e605c8b90f07c6f57bb536511f33c2c7cbbc119b5f4b6	DRB__NA20762#1	1	1
RCCX	NA20762#1	NA20762	NA20762	HPRC-Rest	NA20762#1#CM102512.1:28400125-33568157	NA20762#1#ctg1	3557053	3697225	WHR1-like+|C4AL+|CYP21A1P-like+|TNXA-like-|WHR1B-like+|C4BL+|CYP21A2-like+|TNXB-like-	2	assembly_homology_and_annotation	RCCX-STRUCT-c91a117646c15232	1	0	0	9d73c6c1f0aa0521ee842b716e94d26199ab05afdf20fb0cbc9af2ae0921da13	RCCX__NA20762#1	1	1
DRB	NA20762#2	NA20762	NA20762	HPRC-Rest	NA20762#2#CM102528.1:28437013-33575799	NA20762#2#ctg1	4021422	4153642	HLA-DRA+|HLA-DRB3-|HLA-DRB1-	2	provisional_annotation_absence_not_confirmed_deletion	DRB-STRUCT-d9e9c983b0b92c6d	1	0	0	f6db25e170e24b98afe7f778421626ce66ba0dcc6f013533520f643d604f5fb2	DRB__NA20762#2	1	1
RCCX	NA20762#2	NA20762	NA20762	HPRC-Rest	NA20762#2#CM102528.1:28437013-33575799	NA20762#2#ctg1	3553168	3693333	WHR1-like+|C4AL+|CYP21A1P-like+|TNXA-like-|WHR1B-like+|C4BL+|CYP21A2-like+|TNXB-like-	2	assembly_homology_and_annotation	RCCX-STRUCT-c91a117646c15232	1	0	0	b65ff422e865db9f7c97b25cd128cb95f582a062e871f2f183abd234ab4ea4fa	RCCX__NA20762#2	1	1
DRB	NA20799#1	NA20799	NA20799	HPRC-Rest	NA20799#1#CM098688.1:28368547-33505653	NA20799#1#ctg1	4027750	4160133	HLA-DRA+|HLA-DRB3-|HLA-DRB1-	2	provisional_annotation_absence_not_confirmed_deletion	DRB-STRUCT-d9e9c983b0b92c6d	1	0	0	fbf94140d68ee5b98706dcbdb2d17f56b0ea8d305912d0899aae659b78cee760	DRB__NA20799#1	1	1
RCCX	NA20799#1	NA20799	NA20799	HPRC-Rest	NA20799#1#CM098688.1:28368547-33505653	NA20799#1#ctg1	3559623	3699782	WHR1-like+|C4AL+|CYP21A1P-like+|TNXA-like-|WHR1B-like+|C4BL+|CYP21A2-like+|TNXB-like-	2	assembly_homology_and_annotation	RCCX-STRUCT-c91a117646c15232	1	0	0	a273b27182d52aedd6c2264269fd0bd0663b80ea21eaf6c44dcb17c5b32fcc1f	RCCX__NA20799#1	1	1
DRB	NA20799#2	NA20799	NA20799	HPRC-Rest	NA20799#2#CM098717.1:28381748-33532360	NA20799#2#ctg1	4026520	4165347	HLA-DRA+|HLA-DRB1-	1	provisional_annotation_absence_not_confirmed_deletion	DRB-STRUCT-2e2f348001bcb731	1	0	0	45ab54625ea86ae494019fad6092cc6fac0cd54dcde579f53052cc17187013bb	DRB__NA20799#2	1	1
RCCX	NA20799#2	NA20799	NA20799	HPRC-Rest	NA20799#2#CM098717.1:28381748-33532360	NA20799#2#ctg1	3566773	3700561	WHR1-like+|C4AL+|CYP21A1P-like+|TNXA-like-|WHR1B-like+|C4BS+|CYP21A2-like+|TNXB-like-	2	assembly_homology_and_annotation	RCCX-STRUCT-08dc6d3cd5c804e4	1	0	0	3fa0e69225f9009b30f55cbdec90e8557a62b76835809622674b437c9394983f	RCCX__NA20799#2	1	1
DRB	NA20805#1	NA20805	NA20805	HPRC-Rest	NA20805#1#CM091887.1:28444744-33554804	NA20805#1#ctg1	3994555	4126791	HLA-DRA+|HLA-DRB3-|HLA-DRB1-	2	provisional_annotation_absence_not_confirmed_deletion	DRB-STRUCT-d9e9c983b0b92c6d	1	0	0	74bb0fe16d4d49f573c4a43a89ffbcc51d14ad4c2a026388cccab214d29639f3	DRB__NA20805#1	1	1
RCCX	NA20805#1	NA20805	NA20805	HPRC-Rest	NA20805#1#CM091887.1:28444744-33554804	NA20805#1#ctg1	3559038	3666432	WHR1-like+|C4AL+|CYP21A2-like+|TNXB-like-	1	assembly_homology_and_annotation	RCCX-STRUCT-80c1563b57f16898	1	0	0	f5097e2ad19590e9f93ec8ccfaf5ecf15093361fabf27a2b844327961ca9c89d	RCCX__NA20805#1	1	1
DRB	NA20805#2	NA20805	NA20805	HPRC-Rest	NA20805#2#CM091899.1:28375930-33456966	NA20805#2#ctg1	3971405	4103238	HLA-DRA+|HLA-DRB3-|HLA-DRB1-	2	provisional_annotation_absence_not_confirmed_deletion	DRB-STRUCT-d9e9c983b0b92c6d	1	0	0	2cd6094d957542667a265754b5f6ba7b6dbeff0c9bf245ddb7f911f9f13a5458	DRB__NA20805#2	1	1
RCCX	NA20805#2	NA20805	NA20805	HPRC-Rest	NA20805#2#CM091899.1:28375930-33456966	NA20805#2#ctg1	3504067	3644221	WHR1-like+|C4AL+|CYP21A1P-like+|TNXA-like-|WHR1B-like+|C4BL+|CYP21A2-like+|TNXB-like-	2	assembly_homology_and_annotation	RCCX-STRUCT-c91a117646c15232	1	0	0	490726ce754896de4dcc42cb65da84fbe27280468d8963c5737cb5bf5b3b5199	RCCX__NA20805#2	1	1
DRB	NA20806#1	NA20806	NA20806	HPRC-Rest	NA20806#1#CM102442.1:28404226-33564454	NA20806#1#ctg1	4018572	4171315	HLA-DRA+|HLA-DRB5-|HLA-DRB1-	2	provisional_annotation_absence_not_confirmed_deletion	DRB-STRUCT-a57eaf455348c3e7	1	0	0	f76eb7f2406a9298db6625796246a65c01c77a26a7c930ae48570b8c89018e7e	DRB__NA20806#1	1	1
RCCX	NA20806#1	NA20806	NA20806	HPRC-Rest	NA20806#1#CM102442.1:28404226-33564454	NA20806#1#ctg1	3550165	3690326	WHR1-like+|C4BL+|CYP21A1P-like+|TNXA-like-|WHR1B-like+|C4BL+|CYP21A2-like+|TNXB-like-	2	assembly_homology_and_annotation	RCCX-STRUCT-684f24a39886a3ee	1	0	0	6c6552e4f2336d8057170dd1372df1807eff4d851481b0738ded7906bed0e174	RCCX__NA20806#1	1	1
DRB	NA20806#2	NA20806	NA20806	HPRC-Rest	NA20806#2#CM102496.1:28385854-33548009	NA20806#2#ctg1	4020974	4173717	HLA-DRA+|HLA-DRB5-|HLA-DRB1-	2	provisional_annotation_absence_not_confirmed_deletion	DRB-STRUCT-a57eaf455348c3e7	1	0	0	f76eb7f2406a9298db6625796246a65c01c77a26a7c930ae48570b8c89018e7e	DRB__NA20806#2	1	1
RCCX	NA20806#2	NA20806	NA20806	HPRC-Rest	NA20806#2#CM102496.1:28385854-33548009	NA20806#2#ctg1	3552958	3693106	WHR1-like+|C4AL+|CYP21A1P-like+|TNXA-like-|WHR1B-like+|C4BL+|CYP21A2-like+|TNXB-like-	2	assembly_homology_and_annotation	RCCX-STRUCT-c91a117646c15232	1	0	0	4790aecc012cbfe2e421d3746d3dba4f63f43990ad9ba2d8864be7b4e79ed528	RCCX__NA20806#2	1	1
DRB	NA20809#1	NA20809	NA20809	HPRC-Rest	NA20809#1#CM094332.1:28435710-33676068	NA20809#1#ctg1	4013615	4254813	HLA-DRA+|HLA-DRB4-|HLA-DRB1-	2	provisional_annotation_absence_not_confirmed_deletion	DRB-STRUCT-17c329d85af8b93c	1	0	0	84a6b9d8db52e27cff523fd41dc8011d8550c66cc51107e224023d50cd883f4f	DRB__NA20809#1	1	1
RCCX	NA20809#1	NA20809	NA20809	HPRC-Rest	NA20809#1#CM094332.1:28435710-33676068	NA20809#1#ctg1	3552661	3686469	WHR1-like+|C4AL+|CYP21A1P-like+|TNXA-like-|WHR1B-like+|C4BS+|CYP21A2-like+|TNXB-like-	2	assembly_homology_and_annotation	RCCX-STRUCT-08dc6d3cd5c804e4	1	0	0	ab17e06e180843473fe57b096ddc04590a9e3ba952ca00c96395bf5fec91fc5c	RCCX__NA20809#1	1	1
DRB	NA20809#2	NA20809	NA20809	HPRC-Rest	NA20809#2#CM094351.1:28373506-33544564	NA20809#2#ctg1	4046171	4184953	HLA-DRA+|HLA-DRB1-	1	provisional_annotation_absence_not_confirmed_deletion	DRB-STRUCT-2e2f348001bcb731	1	0	0	c1242000f2c7ed99c61b5733f51f8c5d033691ad17c02d8b1f476b896e58d40b	DRB__NA20809#2	1	1
RCCX	NA20809#2	NA20809	NA20809	HPRC-Rest	NA20809#2#CM094351.1:28373506-33544564	NA20809#2#ctg1	3561309	3701472	WHR1-like+|C4AL+|CYP21A1P-like+|TNXA-like-|WHR1B-like+|C4BL+|CYP21A2-like+|TNXB-like-	2	assembly_homology_and_annotation	RCCX-STRUCT-c91a117646c15232	1	0	0	5a78fedfa89012ab1d7c9f93ff8e7ab1d59002bfe2ba3961e1316731f8e3327d	RCCX__NA20809#2	1	1
DRB	NA20827#1	NA20827	NA20827	HPRC-Rest	NA20827#1#CM102544.1:28306620-33546886	NA20827#1#ctg1	4006176	4248611	HLA-DRA+|HLA-DRB4-|HLA-DRB1-	2	provisional_annotation_absence_not_confirmed_deletion	DRB-STRUCT-17c329d85af8b93c	1	0	0	1764a3db513ed96911d8861a372457c29ed483f01fc15435a371b58d919d551c	DRB__NA20827#1	1	1
RCCX	NA20827#1	NA20827	NA20827	HPRC-Rest	NA20827#1#CM102544.1:28306620-33546886	NA20827#1#ctg1	3545170	3678948	WHR1-like+|C4AL+|CYP21A1P-like+|TNXA-like-|WHR1B-like+|C4BS+|CYP21A2-like+|TNXB-like-	2	assembly_homology_and_annotation	RCCX-STRUCT-08dc6d3cd5c804e4	1	0	0	4518813cd42a18d9a14f2378223a364e4c32140f9bf189067ac81fc0f4b7987e	RCCX__NA20827#1	1	1
DRB	NA20827#2	NA20827	NA20827	HPRC-Rest	NA20827#2#CM102564.1:28454949-33740832	NA20827#2#ctg1	4050934	4293368	HLA-DRA+|HLA-DRB4-|HLA-DRB1-	2	provisional_annotation_absence_not_confirmed_deletion	DRB-STRUCT-17c329d85af8b93c	1	0	0	a09271ae93a6e70451250f460a67ee080be522b3c1084ce02a8bfde113d8fef2	DRB__NA20827#2	1	1
RCCX	NA20827#2	NA20827	NA20827	HPRC-Rest	NA20827#2#CM102564.1:28454949-33740832	NA20827#2#ctg1	3615432	3722874	WHR1-like+|C4AL+|CYP21A2-like+|TNXB-like-	1	assembly_homology_and_annotation	RCCX-STRUCT-80c1563b57f16898	1	0	0	d887ddea6f811b73c2cb64ccb85ebfc7a4fb6da530501fcce48645b26169ab5c	RCCX__NA20827#2	1	1
DRB	NA20850#1	NA20850	NA20850	HPRC-Rest	NA20850#1#CM094293.1:28390909-33636624	NA20850#1#ctg1	4010465	4254078	HLA-DRA+|HLA-DRB4-|HLA-DRB1-	2	provisional_annotation_absence_not_confirmed_deletion	DRB-STRUCT-17c329d85af8b93c	1	0	0	dce47033980885b83e92407b1c71cef95a8a943a98d68b936a3ad900c32b3c81	DRB__NA20850#1	1	1
RCCX	NA20850#1	NA20850	NA20850	HPRC-Rest	NA20850#1#CM094293.1:28390909-33636624	NA20850#1#ctg1	3552694	3683302	WHR1-like+|C4AL+|CYP21A1P-like+|TNXA-like-|WHR1B-like+|C4BS+|CYP21A2-like+|TNXB-like-	2	assembly_homology_and_annotation	RCCX-STRUCT-08dc6d3cd5c804e4	1	0	0	1a744f7628d322de03fbdb1f0347ef7ed50b0b4ebe93abb4caba231b53b04285	RCCX__NA20850#1	1	1
DRB	NA20850#2	NA20850	NA20850	HPRC-Rest	NA20850#2#CM094307.1:28446289-33597788	NA20850#2#ctg1	4007822	4160569	HLA-DRA+|HLA-DRB5-|HLA-DRB1-	2	provisional_annotation_absence_not_confirmed_deletion	DRB-STRUCT-a57eaf455348c3e7	1	0	0	76f727beac15442a576b1a7a6e56b7ad973c26bda26aa4a08a106ef514b2eeb0	DRB__NA20850#2	1	1
RCCX	NA20850#2	NA20850	NA20850	HPRC-Rest	NA20850#2#CM094307.1:28446289-33597788	NA20850#2#ctg1	3546552	3680353	WHR1-like+|C4AL+|CYP21A1P-like+|TNXA-like-|WHR1B-like+|C4BS+|CYP21A2-like+|TNXB-like-	2	assembly_homology_and_annotation	RCCX-STRUCT-08dc6d3cd5c804e4	1	0	0	a11f018d7bbd5e2ee5a03a108e96afe1638423cc37afd77fa2d6ddd6c07046e6	RCCX__NA20850#2	1	1
DRB	NA20870#1	NA20870	NA20870	HPRC-Rest	NA20870#1#JBHIJK010000014.1:28358726-33487328	NA20870#1#ctg1	4010589	4142985	HLA-DRA+|HLA-DRB3-|HLA-DRB1-	2	provisional_annotation_absence_not_confirmed_deletion	DRB-STRUCT-d9e9c983b0b92c6d	1	0	0	6b6b43f3233a41b4dad5265d2d99c8df045bd36a23afd42ed347d0caae303e9f	DRB__NA20870#1	1	1
RCCX	NA20870#1	NA20870	NA20870	HPRC-Rest	NA20870#1#JBHIJK010000014.1:28358726-33487328	NA20870#1#ctg1	3542472	3682637	WHR1-like+|C4AL+|CYP21A1P-like+|TNXA-like-|WHR1B-like+|C4BL+|CYP21A2-like+|TNXB-like-	2	assembly_homology_and_annotation	RCCX-STRUCT-c91a117646c15232	1	0	0	4fed789e6d327741bf4d9f8e280f7388fb8b7465fe85a02f60a77c1aef828608	RCCX__NA20870#1	1	1
DRB	NA20870#2	NA20870	NA20870	HPRC-Rest	NA20870#2#JBHIJL010000043.1:28382928-33533945	NA20870#2#ctg1	4009010	4161357	HLA-DRA+|HLA-DRB5-|HLA-DRB1-	2	provisional_annotation_absence_not_confirmed_deletion	DRB-STRUCT-a57eaf455348c3e7	1	0	0	b745f92754849b8551f95be3b13d21877c278ddec03eeee513a066f628fcc481	DRB__NA20870#2	1	1
RCCX	NA20870#2	NA20870	NA20870	HPRC-Rest	NA20870#2#JBHIJL010000043.1:28382928-33533945	NA20870#2#ctg1	3547750	3681624	WHR1-like+|C4AL+|CYP21A1P-like+|TNXA-like-|WHR1B-like+|C4BS+|CYP21A2-like+|TNXB-like-	2	assembly_homology_and_annotation	RCCX-STRUCT-08dc6d3cd5c804e4	1	0	0	17fcffd18f4349589ca4a347327a239a2888e02c7793639ce167089af4472c9d	RCCX__NA20870#2	1	1
DRB	NA20905#1	NA20905	NA20905	HPRC-Rest	NA20905#1#CM087474.1:28381582-33489243	NA20905#1#ctg1	3997669	4130026	HLA-DRA+|HLA-DRB3-|HLA-DRB1-	2	provisional_annotation_absence_not_confirmed_deletion	DRB-STRUCT-d9e9c983b0b92c6d	1	0	0	71540ac78a4499d44d025d5aa047e49dd8f0cec069a88fc5ad550c9f632183e7	DRB__NA20905#1	1	1
RCCX	NA20905#1	NA20905	NA20905	HPRC-Rest	NA20905#1#CM087474.1:28381582-33489243	NA20905#1#ctg1	3544996	3652404	WHR1-like+|C4AL+|CYP21A2-like+|TNXB-like-	1	assembly_homology_and_annotation	RCCX-STRUCT-80c1563b57f16898	1	0	0	51976647aaefbbce5070f1ba32e389d8ff6b9e6ff0844418e2d0e45e8508c184	RCCX__NA20905#1	1	1
DRB	NA20905#2	NA20905	NA20905	HPRC-Rest	NA20905#2#CM087508.1:28378316-33558408	NA20905#2#ctg1	4038704	4191417	HLA-DRA+|HLA-DRB5-|HLA-DRB1-	2	provisional_annotation_absence_not_confirmed_deletion	DRB-STRUCT-a57eaf455348c3e7	1	0	0	e6fa6519b156b1aabd477d2426de91ded6dbb21d9663ff5567f1bd724fd16e31	DRB__NA20905#2	1	1
RCCX	NA20905#2	NA20905	NA20905	HPRC-Rest	NA20905#2#CM087508.1:28378316-33558408	NA20905#2#ctg1	3552623	3692809	WHR1-like+|C4AL+|CYP21A1P-like+|TNXA-like-|WHR1B-like+|C4AL+|CYP21A2-like+|TNXB-like-	2	assembly_homology_and_annotation	RCCX-STRUCT-109f6cb2c3c027c8	1	0	0	20ecf0014edb9131382045050bed8c6f4000a990269f3b9f8ec6d88fdafbb73a	RCCX__NA20905#2	1	1
DRB	NA21093#1	NA21093	NA21093	HPRC-Rest	NA21093#1#JBHIJC010000009.1:28380468-33627383	NA21093#1#ctg1	4011178	4254792	HLA-DRA+|HLA-DRB4-|HLA-DRB1-	2	provisional_annotation_absence_not_confirmed_deletion	DRB-STRUCT-17c329d85af8b93c	1	0	0	7cf5fab611aad935e901ec877264a2c946ad38499a7ea3bafcc88a349ff96b74	DRB__NA21093#1	1	1
RCCX	NA21093#1	NA21093	NA21093	HPRC-Rest	NA21093#1#JBHIJC010000009.1:28380468-33627383	NA21093#1#ctg1	3550267	3684025	WHR1-like+|C4AL+|CYP21A1P-like+|TNXA-like-|WHR1B-like+|C4BS+|CYP21A2-like+|TNXB-like-	2	assembly_homology_and_annotation	RCCX-STRUCT-08dc6d3cd5c804e4	1	0	0	3938166d5576f02ae852226a0bdc68b1062d312a8599f6dc76faa0caf8ca6c6f	RCCX__NA21093#1	1	1
DRB	NA21093#2	NA21093	NA21093	HPRC-Rest	NA21093#2#JBHIJD010000010.1:28371658-33502471	NA21093#2#ctg1	4000829	4146055	HLA-DRA+|HLA-DRB1-	1	provisional_annotation_absence_not_confirmed_deletion	DRB-STRUCT-2e2f348001bcb731	1	0	0	3e74760f2bca377de69d8814b2243bb53d138bd07f1e3759271468c74e54105f	DRB__NA21093#2	1	1
RCCX	NA21093#2	NA21093	NA21093	HPRC-Rest	NA21093#2#JBHIJD010000010.1:28371658-33502471	NA21093#2#ctg1	3539821	3673608	WHR1-like+|C4AL+|CYP21A1P-like+|TNXA-like-|WHR1B-like+|C4BS+|CYP21A2-like+|TNXB-like-	2	assembly_homology_and_annotation	RCCX-STRUCT-08dc6d3cd5c804e4	1	0	0	4416ecee8a2f9e32493eab960c95e60de0204b6599cd80f4e947f5c0fbc14b42	RCCX__NA21093#2	1	1
DRB	NA21102#1	NA21102	NA21102	HPRC-Rest	NA21102#1#CM094427.1:28372690-33545460	NA21102#1#ctg1	4043191	4188418	HLA-DRA+|HLA-DRB1-	1	provisional_annotation_absence_not_confirmed_deletion	DRB-STRUCT-2e2f348001bcb731	1	0	0	5897f9ece875a9a05569c6a2ec6524b376c09c957b57127caa345198d30e265a	DRB__NA21102#1	1	1
RCCX	NA21102#1	NA21102	NA21102	HPRC-Rest	NA21102#1#CM094427.1:28372690-33545460	NA21102#1#ctg1	3549445	3715970	WHR1-like+|C4AL+|CYP21A1P-like+|TNXA-like-|WHR1B-like+|C4AL+|CYP21A1P-like+|TNXA-like-|WHR1B-like+|C4BS+|CYP21A2-like+|TNXB-like-	3	assembly_homology_and_annotation	RCCX-STRUCT-f3965b9e0fe6783a	1	0	0	7df3c9c1c909e8bfcbdacb1c2123209461738678720cf66da35605cdf9fc399b	RCCX__NA21102#1	1	1
DRB	NA21102#2	NA21102	NA21102	HPRC-Rest	NA21102#2#CM094447.1:28385953-33511436	NA21102#2#ctg1	4013639	4145908	HLA-DRA+|HLA-DRB3-|HLA-DRB1-	2	provisional_annotation_absence_not_confirmed_deletion	DRB-STRUCT-d9e9c983b0b92c6d	1	0	0	28e0d06f3523d2b965a673d6f9a86242e7ad68c9e059df28f59fea2f22cf4302	DRB__NA21102#2	1	1
RCCX	NA21102#2	NA21102	NA21102	HPRC-Rest	NA21102#2#CM094447.1:28385953-33511436	NA21102#2#ctg1	3551784	3685681	WHR1-like+|C4AL+|CYP21A2-like+|TNXA-like-|WHR1B-like+|C4BS+|CYP21A2-like+|TNXB-like-	2	assembly_homology_and_annotation	RCCX-STRUCT-804d53b600bb619f	1	0	0	b5ba2a500ebc51df235b6d71653ff9ed6d20483948745651da3a6dc0e2b4d39e	RCCX__NA21102#2	1	1
DRB	NA21106#1	NA21106	NA21106	HPRC-Rest	NA21106#1#JBHIJA010000045.1:28388869-33551331	NA21106#1#ctg1	4019939	4172283	HLA-DRA+|HLA-DRB5-|HLA-DRB1-	2	provisional_annotation_absence_not_confirmed_deletion	DRB-STRUCT-a57eaf455348c3e7	1	0	0	275ca75a1b3db77bfc48f49eadb61094966d49b8d8b53aa9de73fe7bf91601e0	DRB__NA21106#1	1	1
RCCX	NA21106#1	NA21106	NA21106	HPRC-Rest	NA21106#1#JBHIJA010000045.1:28388869-33551331	NA21106#1#ctg1	3552408	3692558	WHR1-like+|C4AL+|CYP21A1P-like+|TNXA-like-|WHR1B-like+|C4BL+|CYP21A2-like+|TNXB-like-	2	assembly_homology_and_annotation	RCCX-STRUCT-c91a117646c15232	1	0	0	598f2858992a8bd51afa4982f313bc30794ca56f166ddc29adacf29c7341d2b7	RCCX__NA21106#1	1	1
DRB	NA21106#2	NA21106	NA21106	HPRC-Rest	NA21106#2#CM089587.1:28353662-33542210	NA21106#2#ctg1	4046417	4199123	HLA-DRA+|HLA-DRB5-|HLA-DRB1-	2	provisional_annotation_absence_not_confirmed_deletion	DRB-STRUCT-a57eaf455348c3e7	1	0	0	7c2a39ea6a284495faa07e107104d9491ddd94ab97f900d9c5ac62fb3d44cccf	DRB__NA21106#2	1	1
RCCX	NA21106#2	NA21106	NA21106	HPRC-Rest	NA21106#2#CM089587.1:28353662-33542210	NA21106#2#ctg1	3560337	3700522	WHR1-like+|C4AL+|CYP21A1P-like+|TNXA-like-|WHR1B-like+|C4AL+|CYP21A2-like+|TNXB-like-	2	assembly_homology_and_annotation	RCCX-STRUCT-109f6cb2c3c027c8	1	0	0	eeed6cd16f496a4e7d7e2c5586a303c8da0f58d8b08257a2fad5d72aec761255	RCCX__NA21106#2	1	1
DRB	NA21110#1	NA21110	NA21110	HPRC-Rest	NA21110#1#CM089667.1:28379039-33461462	NA21110#1#ctg1	3972648	4105028	HLA-DRA+|HLA-DRB3-|HLA-DRB1-	2	provisional_annotation_absence_not_confirmed_deletion	DRB-STRUCT-d9e9c983b0b92c6d	1	0	0	4ef6be3bda5896a94d31ee83c86b4e0f670c43d104577300d1d4eccf2d22e578	DRB__NA21110#1	1	1
RCCX	NA21110#1	NA21110	NA21110	HPRC-Rest	NA21110#1#CM089667.1:28379039-33461462	NA21110#1#ctg1	3504492	3644646	WHR1-like+|C4AL+|CYP21A1P-like+|TNXA-like-|WHR1B-like+|C4BL+|CYP21A2-like+|TNXB-like-	2	assembly_homology_and_annotation	RCCX-STRUCT-c91a117646c15232	1	0	0	474f60c44e84dd6ec3e668126c1ee6d16e807dc556d53be9a9650998a1a5b42b	RCCX__NA21110#1	1	1
DRB	NA21110#2	NA21110	NA21110	HPRC-Rest	NA21110#2#CM089683.1:28365916-33548287	NA21110#2#ctg1	4040245	4192947	HLA-DRA+|HLA-DRB5-|HLA-DRB1-	2	provisional_annotation_absence_not_confirmed_deletion	DRB-STRUCT-a57eaf455348c3e7	1	0	0	dba2ef95019f1dd1fdc4cf1822a74f1cc4ba7bd24fbb742bdec776f4947b24aa	DRB__NA21110#2	1	1
RCCX	NA21110#2	NA21110	NA21110	HPRC-Rest	NA21110#2#CM089683.1:28365916-33548287	NA21110#2#ctg1	3554177	3694362	WHR1-like+|C4AL+|CYP21A1P-like+|TNXA-like-|WHR1B-like+|C4AL+|CYP21A2-like+|TNXB-like-	2	assembly_homology_and_annotation	RCCX-STRUCT-109f6cb2c3c027c8	1	0	0	ca20ddf0a12d7b0ca3dab6c3e1fd036eda8a7a20c40ffbcf01c2379439d3d20e	RCCX__NA21110#2	1	1
DRB	NA21144#1	NA21144	NA21144	HPRC-Rest	NA21144#1#JBIRDF010000052.1:22531832-27777573	NA21144#1#ctg1	4010704	4254329	HLA-DRA+|HLA-DRB4-|HLA-DRB1-	2	provisional_annotation_absence_not_confirmed_deletion	DRB-STRUCT-17c329d85af8b93c	1	0	0	1e747ecc8e364f8d416c77339f04d022035c64421cf596d10cd9ba9af55a25b1	DRB__NA21144#1	1	1
RCCX	NA21144#1	NA21144	NA21144	HPRC-Rest	NA21144#1#JBIRDF010000052.1:22531832-27777573	NA21144#1#ctg1	3549786	3683546	WHR1-like+|C4AL+|CYP21A1P-like+|TNXA-like-|WHR1B-like+|C4BS+|CYP21A2-like+|TNXB-like-	2	assembly_homology_and_annotation	RCCX-STRUCT-08dc6d3cd5c804e4	1	0	0	3c15bb94eb626c944f5df9dd1677752476b38d5818e116b83838ec4754884cdc	RCCX__NA21144#1	1	1
DRB	NA21144#2	NA21144	NA21144	HPRC-Rest	NA21144#2#JBIRDG010000005.1:14666330-19853787	NA21144#2#ctg1	4076452	4208721	HLA-DRA+|HLA-DRB3-|HLA-DRB1-	2	provisional_annotation_absence_not_confirmed_deletion	DRB-STRUCT-d9e9c983b0b92c6d	1	0	0	28e0d06f3523d2b965a673d6f9a86242e7ad68c9e059df28f59fea2f22cf4302	DRB__NA21144#2	1	1
RCCX	NA21144#2	NA21144	NA21144	HPRC-Rest	NA21144#2#JBIRDG010000005.1:14666330-19853787	NA21144#2#ctg1	3614681	3748476	WHR1-like+|C4BL+|CYP21A1P-like+|TNXA-like-|WHR1B-like+|C4BS+|CYP21A2-like+|TNXB-like-	2	assembly_homology_and_annotation	RCCX-STRUCT-005a3eadf9cf15cd	1	0	0	55ee12c6b7a62d2df2d8415d0161c67188579ef6e28c3574269e166b4a7b3b7a	RCCX__NA21144#2	1	1
DRB	NA21309#1	NA21309	NA21309	HPRC-Rest	NA21309#1#CM092109.1:28406600-33562487	NA21309#1#ctg1	4013912	4166226	HLA-DRA+|HLA-DRB5-|HLA-DRB1-	2	provisional_annotation_absence_not_confirmed_deletion	DRB-STRUCT-a57eaf455348c3e7	1	0	0	0fbe4fb06f8f965e74e2b46fd3fed85843bbb7a91288ffbc639676741d4b016e	DRB__NA21309#1	1	0
RCCX	NA21309#1	NA21309	NA21309	HPRC-Rest	NA21309#1#CM092109.1:28406600-33562487	NA21309#1#ctg1	3552967	3686759	WHR1-like+|C4AL+|CYP21A1P-like+|TNXA-like-|WHR1B-like+|C4BS+|CYP21A2-like+|TNXB-like-	2	assembly_homology_and_annotation	RCCX-STRUCT-08dc6d3cd5c804e4	1	0	0	752e0564f009ddc15f0aac6f6675d536fdd1679c7d9b989cdc1a8c09836b1fcb	RCCX__NA21309#1	1	0
DRB	NA21309#2	NA21309	NA21309	HPRC-Rest	NA21309#2#CM092100.1:28345467-33471001	NA21309#2#ctg1	4006958	4138830	HLA-DRA+|HLA-DRB3-|HLA-DRB1-	2	provisional_annotation_absence_not_confirmed_deletion	DRB-STRUCT-d9e9c983b0b92c6d	1	0	0	e55999fecefdd4bf3576fe646994bb61ebcf8b9e48587eaf6f36a5d3b2fa2421	DRB__NA21309#2	1	0
RCCX	NA21309#2	NA21309	NA21309	HPRC-Rest	NA21309#2#CM092100.1:28345467-33471001	NA21309#2#ctg1	3545323	3679111	WHR1-like+|C4AL+|CYP21A1P-like+|TNXA-like-|WHR1B-like+|C4BS+|CYP21A2-like+|TNXB-like-	2	assembly_homology_and_annotation	RCCX-STRUCT-08dc6d3cd5c804e4	1	0	0	e03db3ce685010e26cefadf1ee02d374a4325581f307344e3c957d3f9ae6de53	RCCX__NA21309#2	1	0
DRB	apr-f#1	apr-f	apr-f	APR	apr-f#1#h1tg000013l:28359072-33538103	apr-f#1#ctg1	4036720	4188974	HLA-DRA+|HLA-DRB5-|HLA-DRB1-	2	provisional_annotation_absence_not_confirmed_deletion	DRB-STRUCT-a57eaf455348c3e7	1	0	0	4dba21ca441ed6b171c110d0fa5966e94fd90155058cb6c3a951e65f3d7857c8	DRB__apr-f#1	1	0
RCCX	apr-f#1	apr-f	apr-f	APR	apr-f#1#h1tg000013l:28359072-33538103	apr-f#1#ctg1	3557012	3690832	WHR1-like+|C4AL+|CYP21A1P-like+|TNXA-like-|WHR1B-like+|C4BS+|CYP21A2-like+|TNXB-like-	2	assembly_homology_and_annotation	RCCX-STRUCT-08dc6d3cd5c804e4	1	0	0	56b5aa46d1f4b758e9ff7c05a2139edef53eb85ab014de4dcce37453787348ab	RCCX__apr-f#1	1	0
DRB	apr-f#2	apr-f	apr-f	APR	apr-f#2#h2tg000007l:28398267-33550055	apr-f#2#ctg1	4009848	4162195	HLA-DRA+|HLA-DRB5-|HLA-DRB1-	2	provisional_annotation_absence_not_confirmed_deletion	DRB-STRUCT-a57eaf455348c3e7	1	0	0	9a19936a038676ae83c8e90342e9041fec8b6d1f61c120af78efbb4464b9c0f0	DRB__apr-f#2	1	0
RCCX	apr-f#2	apr-f	apr-f	APR	apr-f#2#h2tg000007l:28398267-33550055	apr-f#2#ctg1	3548710	3682525	WHR1-like+|C4AL+|CYP21A1P-like+|TNXA-like-|WHR1B-like+|C4AS+|CYP21A2-like+|TNXB-like-	2	assembly_homology_and_annotation	RCCX-STRUCT-b8ca310d36f0396c	1	0	0	a6721f09ab77e431a9bbda3e1c09afe6ab9e89419d12d44d73fe468eb69f2867	RCCX__apr-f#2	1	0
DRB	apr-m#1	apr-m	apr-f	APR	apr-m#1#h1tg000024l:27029616-32153356_rc	apr-m#1#ctg1	4007190	4139733	HLA-DRA+|HLA-DRB3-|HLA-DRB1-	2	provisional_annotation_absence_not_confirmed_deletion	DRB-STRUCT-d9e9c983b0b92c6d	1	0	0	76bc9caf8fd29f95909687e62c2ba0268040c44d5a8b0f7cd51a8a50bb184e37	DRB__apr-m#1	1	0
RCCX	apr-m#1	apr-m	apr-f	APR	apr-m#1#h1tg000024l:27029616-32153356_rc	apr-m#1#ctg1	3546222	3680011	WHR1-like+|C4AL+|CYP21A2-like+|TNXA-like-|WHR1B-like+|C4BS+|CYP21A2-like+|TNXB-like-	2	assembly_homology_and_annotation	RCCX-STRUCT-804d53b600bb619f	1	0	0	c370436c39638020ed2952cfa93370b0021780a03fde97d37950f024adb29e51	RCCX__apr-m#1	1	0
DRB	apr-m#2	apr-m	apr-f	APR	apr-m#2#h2tg000013l:28339383-33475735	apr-m#2#ctg1	4026858	4159268	HLA-DRA+|HLA-DRB3-|HLA-DRB1-	2	provisional_annotation_absence_not_confirmed_deletion	DRB-STRUCT-d9e9c983b0b92c6d	1	0	0	a081d11a4973e82520c4e8359c2dc607e21006e4227cbe57f6c5a5c1214d0a69	DRB__apr-m#2	1	0
RCCX	apr-m#2	apr-m	apr-f	APR	apr-m#2#h2tg000013l:28339383-33475735	apr-m#2#ctg1	3558711	3698880	WHR1-like+|C4AL+|CYP21A1P-like+|TNXA-like-|WHR1B-like+|C4BL+|CYP21A2-like+|TNXB-like-	2	assembly_homology_and_annotation	RCCX-STRUCT-c91a117646c15232	1	0	0	ebd81c9f67efd2f9a1a1e6e563ae348178786af420fd640deb0c781499940cbf	RCCX__apr-m#2	1	0
DRB	apr-s#1	apr-s	apr-f	APR	apr-s#1#h1tg000017l:28345655-33481940	apr-s#1#ctg1	4026792	4159202	HLA-DRA+|HLA-DRB3-|HLA-DRB1-	2	provisional_annotation_absence_not_confirmed_deletion	DRB-STRUCT-d9e9c983b0b92c6d	1	0	0	a081d11a4973e82520c4e8359c2dc607e21006e4227cbe57f6c5a5c1214d0a69	DRB__apr-s#1	1	0
RCCX	apr-s#1	apr-s	apr-f	APR	apr-s#1#h1tg000017l:28345655-33481940	apr-s#1#ctg1	3558653	3698821	WHR1-like+|C4AL+|CYP21A1P-like+|TNXA-like-|WHR1B-like+|C4BL+|CYP21A2-like+|TNXB-like-	2	assembly_homology_and_annotation	RCCX-STRUCT-c91a117646c15232	1	0	0	add805481ab3a24218f1c179defc1ce2642dd184e30f89a2022eb38144f022ff	RCCX__apr-s#1	1	0
DRB	apr-s#2	apr-s	apr-f	APR	apr-s#2#h2tg000009l:138522552-143696180_rc	apr-s#2#ctg1	4031397	4183650	HLA-DRA+|HLA-DRB5-|HLA-DRB1-	2	provisional_annotation_absence_not_confirmed_deletion	DRB-STRUCT-a57eaf455348c3e7	1	0	0	29c84112fbd72278059f1b84348919648c892329aba77973853cac65b41488ae	DRB__apr-s#2	1	0
RCCX	apr-s#2	apr-s	apr-f	APR	apr-s#2#h2tg000009l:138522552-143696180_rc	apr-s#2#ctg1	3551708	3685523	WHR1-like+|C4AL+|CYP21A1P-like+|TNXA-like-|WHR1B-like+|C4BS+|CYP21A2-like+|TNXB-like-	2	assembly_homology_and_annotation	RCCX-STRUCT-08dc6d3cd5c804e4	1	0	0	742e3df909f610499112fab497d951dd833329397aa499448c77b8a850a5f8bf	RCCX__apr-s#2	1	0
DRB	apr001#1	apr001	apr001	APR	apr001#1#h1tg000015l:28434817-33593090	apr001#1#ctg1	4016096	4168262	HLA-DRA+|HLA-DRB5-|HLA-DRB1-	2	provisional_annotation_absence_not_confirmed_deletion	DRB-STRUCT-a57eaf455348c3e7	1	0	0	823073ede52f8c8b8c154d483f2910cb9d4b7ec114dd0d3bba4bea6edd063595	DRB__apr001#1	1	0
RCCX	apr001#1	apr001	apr001	APR	apr001#1#h1tg000015l:28434817-33593090	apr001#1#ctg1	3545615	3685768	WHR1-like+|C4AL+|CYP21A1P-like+|TNXA-like-|WHR1B-like+|C4BL+|CYP21A2-like+|TNXB-like-	2	assembly_homology_and_annotation	RCCX-STRUCT-c91a117646c15232	1	0	0	307514a0634d819b7381f8ef0db5c55e88dcf23099facf5cf2775a389c85843c	RCCX__apr001#1	1	0
DRB	apr001#2	apr001	apr001	APR	apr001#2#h2tg000018l:28338056-33431257	apr001#2#ctg1	3982520	4114793	HLA-DRA+|HLA-DRB3-|HLA-DRB1-	2	provisional_annotation_absence_not_confirmed_deletion	DRB-STRUCT-d9e9c983b0b92c6d	1	0	0	257b9cf468d669b6ec66a1286be4f0ff425b08be6c889e9347b616edd69b8aa7	DRB__apr001#2	1	0
RCCX	apr001#2	apr001	apr001	APR	apr001#2#h2tg000018l:28338056-33431257	apr001#2#ctg1	3547635	3655034	WHR1-like+|C4AL+|CYP21A2-like+|TNXB-like-	1	assembly_homology_and_annotation	RCCX-STRUCT-80c1563b57f16898	1	0	0	06d05ea6a4484fbd040e0004bdabbf96b90ff9d9c3d67046670a52abd9742440	RCCX__apr001#2	1	0
DRB	apr002#1	apr002	apr002	APR	apr002#1#h1tg000010l:28385462-33644194	apr002#1#ctg1	4022137	4265532	HLA-DRA+|HLA-DRB4-|HLA-DRB1-	2	provisional_annotation_absence_not_confirmed_deletion	DRB-STRUCT-17c329d85af8b93c	1	0	0	4408d20e2675471b60159fcb877888c4b8930ca5a3deff1cf88a96e916f320aa	DRB__apr002#1	1	0
RCCX	apr002#1	apr002	apr002	APR	apr002#1#h1tg000010l:28385462-33644194	apr002#1#ctg1	3534788	3694948	WHR1-like+|C4BL+|CYP21A1P-like+|TNXA-like-|WHR1B-like+|C4AS+|CYP21A2-like+|TNXA-like-|WHR1B-like+|C4BS+|CYP21A2-like+|TNXB-like-	3	assembly_homology_and_annotation	RCCX-STRUCT-8904b92121a5f1e8	1	0	0	4015d63648f0a79bdcff197605987853588c45b33bceeed7fa0ed55ac38251f4	RCCX__apr002#1	1	0
DRB	apr002#2	apr002	apr002	APR	apr002#2#h2tg000007l:138255095-143403132_rc	apr002#2#ctg1	4017926	4163149	HLA-DRA+|HLA-DRB1-	1	provisional_annotation_absence_not_confirmed_deletion	DRB-STRUCT-2e2f348001bcb731	1	0	0	2dd353904183e3433a3cb0e6901583640b05822a55cca0fe4cb8180c6cc81f73	DRB__apr002#2	1	0
RCCX	apr002#2	apr002	apr002	APR	apr002#2#h2tg000007l:138255095-143403132_rc	apr002#2#ctg1	3556921	3690704	WHR1-like+|C4AL+|CYP21A1P-like+|TNXA-like-|WHR1B-like+|C4BS+|CYP21A2-like+|TNXB-like-	2	assembly_homology_and_annotation	RCCX-STRUCT-08dc6d3cd5c804e4	1	0	0	be9290102716ef3fabbd5e67a4221b7c843c5ab40a8e38d7efaf52cf61580692	RCCX__apr002#2	1	0
DRB	apr003#1	apr003	apr003	APR	apr003#1#h1tg000021l:28362599-33558558	apr003#1#ctg1	3970111	4211262	HLA-DRA+|HLA-DRB4-|HLA-DRB1-	2	provisional_annotation_absence_not_confirmed_deletion	DRB-STRUCT-17c329d85af8b93c	1	0	0	d521458ae2ca60ba938f5329653bdb9873f1e8903af0274701f4d5250587f163	DRB__apr003#1	1	0
RCCX	apr003#1	apr003	apr003	APR	apr003#1#h1tg000021l:28362599-33558558	apr003#1#ctg1	3502768	3642918	WHR1-like+|C4AL+|CYP21A1P-like+|TNXA-like-|WHR1B-like+|C4BL+|CYP21A2-like+|TNXB-like-	2	assembly_homology_and_annotation	RCCX-STRUCT-c91a117646c15232	1	0	0	43ce76b1e7302b001305337e7165d5c6f98aa6247d60fb59b5ad602916316843	RCCX__apr003#1	1	0
DRB	apr003#2	apr003	apr003	APR	apr003#2#h2tg000014l:28401981-33557950	apr003#2#ctg1	4013611	4166229	HLA-DRA+|HLA-DRB5-|HLA-DRB1-	2	provisional_annotation_absence_not_confirmed_deletion	DRB-STRUCT-a57eaf455348c3e7	1	0	0	281630edefb9f5f329f5f2e6220f63f3615841085708d790dec76c418a44ebc0	DRB__apr003#2	1	0
RCCX	apr003#2	apr003	apr003	APR	apr003#2#h2tg000014l:28401981-33557950	apr003#2#ctg1	3551606	3685408	WHR1-like+|C4AL+|CYP21A1P-like+|TNXA-like-|WHR1B-like+|C4BS+|CYP21A2-like+|TNXB-like-	2	assembly_homology_and_annotation	RCCX-STRUCT-08dc6d3cd5c804e4	1	0	0	a3f3d860018e798367ab05a219b9f4f3704a96c023cfbd6db3503d5e7254018b	RCCX__apr003#2	1	0
DRB	apr004#1	apr004	apr004	APR	apr004#1#h1tg000015l:28405351-33543332	apr004#1#ctg1	3996794	4149126	HLA-DRA+|HLA-DRB5-|HLA-DRB1-	2	provisional_annotation_absence_not_confirmed_deletion	DRB-STRUCT-a57eaf455348c3e7	1	0	0	a450b204ca3ea5b11e9a3ba8027b1754e2b7afdb57038b6b2ef9b94e88fef117	DRB__apr004#1	1	0
RCCX	apr004#1	apr004	apr004	APR	apr004#1#h1tg000015l:28405351-33543332	apr004#1#ctg1	3534739	3668548	WHR1-like+|C4BL+|CYP21A1P-like+|TNXA-like-|WHR1B-like+|C4AS+|CYP21A2-like+|TNXB-like-	2	assembly_homology_and_annotation	RCCX-STRUCT-fc96b32fa448cea2	1	0	0	1c20b67976ab740444bc7e10053253748cce4ca42f11bee1a2ff41738e7c228c	RCCX__apr004#1	1	0
DRB	apr004#2	apr004	apr004	APR	apr004#2#h2tg000008l:138190707-143268823_rc	apr004#2#ctg1	3966789	4099059	HLA-DRA+|HLA-DRB3-|HLA-DRB1-	2	provisional_annotation_absence_not_confirmed_deletion	DRB-STRUCT-d9e9c983b0b92c6d	1	0	0	41f3044d9ce87250e90f844ce4e98403235a73ae2529d1807ac1afa4e1f9c1f3	DRB__apr004#2	1	0
RCCX	apr004#2	apr004	apr004	APR	apr004#2#h2tg000008l:138190707-143268823_rc	apr004#2#ctg1	3504936	3638832	WHR1-like+|C4AL+|CYP21A2-like+|TNXA-like-|WHR1B-like+|C4BS+|CYP21A2-like+|TNXB-like-	2	assembly_homology_and_annotation	RCCX-STRUCT-804d53b600bb619f	1	0	0	dd9f02d72e37abf55cda9dc2e9de5b6ff9512f3b467c95bd206e42d528a205a3	RCCX__apr004#2	1	0
DRB	apr005#1	apr005	apr005	APR	apr005#1#h1tg000024l:25685419-30792368_rc	apr005#1#ctg1	3996163	4128432	HLA-DRA+|HLA-DRB3-|HLA-DRB1-	2	provisional_annotation_absence_not_confirmed_deletion	DRB-STRUCT-d9e9c983b0b92c6d	1	0	0	28e0d06f3523d2b965a673d6f9a86242e7ad68c9e059df28f59fea2f22cf4302	DRB__apr005#1	1	0
RCCX	apr005#1	apr005	apr005	APR	apr005#1#h1tg000024l:25685419-30792368_rc	apr005#1#ctg1	3560795	3668204	WHR1-like+|C4AL+|CYP21A2-like+|TNXB-like-	1	assembly_homology_and_annotation	RCCX-STRUCT-80c1563b57f16898	1	0	0	6336fd3759475bb196c87116cda0a8e342077bb5d7fcec0ef7b7569c90066ce2	RCCX__apr005#1	1	0
DRB	apr005#2	apr005	apr005	APR	apr005#2#h2tg000025l:27505079-32631962_rc	apr005#2#ctg1	4016097	4148366	HLA-DRA+|HLA-DRB3-|HLA-DRB1-	2	provisional_annotation_absence_not_confirmed_deletion	DRB-STRUCT-d9e9c983b0b92c6d	1	0	0	28e0d06f3523d2b965a673d6f9a86242e7ad68c9e059df28f59fea2f22cf4302	DRB__apr005#2	1	0
RCCX	apr005#2	apr005	apr005	APR	apr005#2#h2tg000025l:27505079-32631962_rc	apr005#2#ctg1	3554241	3688138	WHR1-like+|C4AL+|CYP21A2-like+|TNXA-like-|WHR1B-like+|C4BS+|CYP21A2-like+|TNXB-like-	2	assembly_homology_and_annotation	RCCX-STRUCT-804d53b600bb619f	1	0	0	9650914698fd11eebc1459dc1406ea14219be0f55e7b2c89932b2884408777f8	RCCX__apr005#2	1	0
DRB	apr006#1	apr006	apr006	APR	apr006#1#h1tg000006l:28429612-33564591	apr006#1#ctg1	4023391	4155204	HLA-DRA+|HLA-DRB3-|HLA-DRB1-	2	provisional_annotation_absence_not_confirmed_deletion	DRB-STRUCT-d9e9c983b0b92c6d	1	0	0	8a401cb8f7d4cae640fffb79df26039b05cfce89c10b408094aa452558135873	DRB__apr006#1	1	0
RCCX	apr006#1	apr006	apr006	APR	apr006#1#h1tg000006l:28429612-33564591	apr006#1#ctg1	3561532	3695430	WHR1-like+|C4AL+|CYP21A2-like+|TNXA-like-|WHR1B-like+|C4BS+|CYP21A2-like+|TNXB-like-	2	assembly_homology_and_annotation	RCCX-STRUCT-804d53b600bb619f	1	0	0	5cfd8d76de6925f102805220cab756c5d614f302a50f7b1fee68efd7a5ac08e9	RCCX__apr006#1	1	0
DRB	apr006#2	apr006	apr006	APR	apr006#2#h2tg000002l:27458750-32609940_rc	apr006#2#ctg1	4009139	4161496	HLA-DRA+|HLA-DRB5-|HLA-DRB1-	2	provisional_annotation_absence_not_confirmed_deletion	DRB-STRUCT-a57eaf455348c3e7	1	0	0	0877e03654f9996e8d40f9cf0a453b0799ff5a6321afd3eeef587c540c5a8414	DRB__apr006#2	1	0
RCCX	apr006#2	apr006	apr006	APR	apr006#2#h2tg000002l:27458750-32609940_rc	apr006#2#ctg1	3548199	3681994	WHR1-like+|C4AL+|CYP21A1P-like+|TNXA-like-|WHR1B-like+|C4BS+|CYP21A2-like+|TNXB-like-	2	assembly_homology_and_annotation	RCCX-STRUCT-08dc6d3cd5c804e4	1	0	0	048d74fe16ef6884e8d5c10f163479606853f4d19a415e15b93dc605834547c1	RCCX__apr006#2	1	0
DRB	apr007#1	apr007	apr007	APR	apr007#1#h1tg000009l:141020280-146179718_rc	apr007#1#ctg1	4018328	4170613	HLA-DRA+|HLA-DRB5-|HLA-DRB1-	2	provisional_annotation_absence_not_confirmed_deletion	DRB-STRUCT-a57eaf455348c3e7	1	0	0	d3481e4901e93172aaefa0f0597430e9fda1db6edc562cb911ea954d67ae6850	DRB__apr007#1	1	0
RCCX	apr007#1	apr007	apr007	APR	apr007#1#h1tg000009l:141020280-146179718_rc	apr007#1#ctg1	3549928	3690083	WHR1-like+|C4AL+|CYP21A1P-like+|TNXA-like-|WHR1B-like+|C4BL+|CYP21A2-like+|TNXB-like-	2	assembly_homology_and_annotation	RCCX-STRUCT-c91a117646c15232	1	0	0	517db7bbc67a37ec51d7b8d0d7da2d709ddd5e7261bd48d92139baf6e0999c18	RCCX__apr007#1	1	0
DRB	apr007#2	apr007	apr007	APR	apr007#2#h2tg000002l:137323480-142462680_rc	apr007#2#ctg1	3996907	4149192	HLA-DRA+|HLA-DRB5-|HLA-DRB1-	2	provisional_annotation_absence_not_confirmed_deletion	DRB-STRUCT-a57eaf455348c3e7	1	0	0	6e7023801055e7f75a3df136e65b235c605b26007c25a988d2846beeebb37d97	DRB__apr007#2	1	0
RCCX	apr007#2	apr007	apr007	APR	apr007#2#h2tg000002l:137323480-142462680_rc	apr007#2#ctg1	3534841	3668651	WHR1-like+|C4BL+|CYP21A1P-like+|TNXA-like-|WHR1B-like+|C4AS+|CYP21A2-like+|TNXB-like-	2	assembly_homology_and_annotation	RCCX-STRUCT-fc96b32fa448cea2	1	0	0	ed12d2c3f1c59190d00d5aa58796ae40810f4c94572c405bff9f12ea35ea462e	RCCX__apr007#2	1	0
DRB	apr008#1	apr008	apr008	APR	apr008#1#h1tg000006l:138382777-143548816_rc	apr008#1#ctg1	4040776	4179551	HLA-DRA+|HLA-DRB1-	1	provisional_annotation_absence_not_confirmed_deletion	DRB-STRUCT-2e2f348001bcb731	1	0	0	fb8e8cd42d3c21fe670d1817da07ec0497bec40fe29beebf76497ba9a04448c2	DRB__apr008#1	1	0
RCCX	apr008#1	apr008	apr008	APR	apr008#1#h1tg000006l:138382777-143548816_rc	apr008#1#ctg1	3605400	3712841	WHR1-like+|C4AL+|CYP21A2-like+|TNXB-like-	1	assembly_homology_and_annotation	RCCX-STRUCT-80c1563b57f16898	1	0	0	02d6f73e319834fafca198dbe2fa52c1bf5ce742c81baaa2b3132f2e8c06799e	RCCX__apr008#1	1	0
DRB	apr008#2	apr008	apr008	APR	apr008#2#h2tg000008l:28356191-33484508	apr008#2#ctg1	4017180	4149455	HLA-DRA+|HLA-DRB3-|HLA-DRB1-	2	provisional_annotation_absence_not_confirmed_deletion	DRB-STRUCT-d9e9c983b0b92c6d	1	0	0	105a00cd38b948e06f67a034ec1dc442663ad9a16c1cb7e255310d33db203fe7	DRB__apr008#2	1	0
RCCX	apr008#2	apr008	apr008	APR	apr008#2#h2tg000008l:28356191-33484508	apr008#2#ctg1	3555312	3689211	WHR1-like+|C4AL+|CYP21A2-like+|TNXA-like-|WHR1B-like+|C4BS+|CYP21A2-like+|TNXB-like-	2	assembly_homology_and_annotation	RCCX-STRUCT-804d53b600bb619f	1	0	0	b6f5b28d668feb76166a2c93ff979bda2d162cbbdf981d4470ab97829cbb9eba	RCCX__apr008#2	1	0
DRB	apr009#1	apr009	apr009	APR	apr009#1#h1tg000016l:28450181-33709541	apr009#1#ctg1	4020682	4264082	HLA-DRA+|HLA-DRB4-|HLA-DRB1-	2	provisional_annotation_absence_not_confirmed_deletion	DRB-STRUCT-17c329d85af8b93c	1	0	0	9afdcb81205f248e5ba474637a181c560644352a0c67f9e32335929eca7c5509	DRB__apr009#1	1	0
RCCX	apr009#1	apr009	apr009	APR	apr009#1#h1tg000016l:28450181-33709541	apr009#1#ctg1	3533335	3693489	WHR1-like+|C4BL+|CYP21A1P-like+|TNXA-like-|WHR1B-like+|C4AS+|CYP21A2-like+|TNXA-like-|WHR1B-like+|C4BS+|CYP21A2-like+|TNXB-like-	3	assembly_homology_and_annotation	RCCX-STRUCT-8904b92121a5f1e8	1	0	0	d67a0880560fef88652daf4ce7da7ef3294892001e0c83784c970976559f7678	RCCX__apr009#1	1	0
DRB	apr009#2	apr009	apr009	APR	apr009#2#h2tg000041l:28097238-33212102_rc	apr009#2#ctg1	3972521	4125140	HLA-DRA+|HLA-DRB5-|HLA-DRB1-	2	provisional_annotation_absence_not_confirmed_deletion	DRB-STRUCT-a57eaf455348c3e7	1	0	0	e3bcc36179b5939c273edb0a4b1aba4dfd744c3f15cd448d38e62d1da89d5f97	DRB__apr009#2	1	0
RCCX	apr009#2	apr009	apr009	APR	apr009#2#h2tg000041l:28097238-33212102_rc	apr009#2#ctg1	3504125	3644296	WHR1-like+|C4AL+|CYP21A1P-like+|TNXA-like-|WHR1B-like+|C4AL+|CYP21A2-like+|TNXB-like-	2	assembly_homology_and_annotation	RCCX-STRUCT-109f6cb2c3c027c8	1	0	0	053a5d5a256d1c6089f9dc6d4161892f2fad5066a05ad8a43a79776bac8ef025	RCCX__apr009#2	1	0
DRB	apr010#1	apr010	apr010	APR	apr010#1#h1tg000018l:28446120-33705764	apr010#1#ctg1	4024157	4267572	HLA-DRA+|HLA-DRB4-|HLA-DRB1-	2	provisional_annotation_absence_not_confirmed_deletion	DRB-STRUCT-17c329d85af8b93c	1	0	0	59aea335e57dc1716a244469e75a7d06a7b990e8275f5eeab5115ca6f9eb1fdf	DRB__apr010#1	1	0
RCCX	apr010#1	apr010	apr010	APR	apr010#1#h1tg000018l:28446120-33705764	apr010#1#ctg1	3536813	3696970	WHR1-like+|C4BL+|CYP21A1P-like+|TNXA-like-|WHR1B-like+|C4AS+|CYP21A2-like+|TNXA-like-|WHR1B-like+|C4BS+|CYP21A2-like+|TNXB-like-	3	assembly_homology_and_annotation	RCCX-STRUCT-8904b92121a5f1e8	1	0	0	98f237b56ed42cbabdaa900094371b89c1c480eaea320f6f8a4793009878481b	RCCX__apr010#1	1	0
DRB	apr010#2	apr010	apr010	APR	apr010#2#h2tg000013l:28422940-33602432	apr010#2#ctg1	4034770	4187071	HLA-DRA+|HLA-DRB5-|HLA-DRB1-	2	provisional_annotation_absence_not_confirmed_deletion	DRB-STRUCT-a57eaf455348c3e7	1	0	0	b3a077dc54df80e9763757c9b7a9be34ab97eedb65078e41c58082239cf34f31	DRB__apr010#2	1	0
RCCX	apr010#2	apr010	apr010	APR	apr010#2#h2tg000013l:28422940-33602432	apr010#2#ctg1	3566986	3707144	WHR1-like+|C4BL+|CYP21A1P-like+|TNXA-like-|WHR1B-like+|C4AL+|CYP21A2-like+|TNXB-like-	2	assembly_homology_and_annotation	RCCX-STRUCT-ddd7bb6699f86670	1	0	0	9177e8e5c930833a852cd96e48c9dcf71c871c6fffdbfa958c98f475c1dc1a55	RCCX__apr010#2	1	0
DRB	apr011#1	apr011	apr011	APR	apr011#1#h1tg000019l:138093078-143261017_rc	apr011#1#ctg1	4058451	4190856	HLA-DRA+|HLA-DRB3-|HLA-DRB1-	2	provisional_annotation_absence_not_confirmed_deletion	DRB-STRUCT-d9e9c983b0b92c6d	1	0	0	f8241aec357bbe877df9c45d1086cc340bad9737ee06a7dbce5a20feead92ef4	DRB__apr011#1	1	0
RCCX	apr011#1	apr011	apr011	APR	apr011#1#h1tg000019l:138093078-143261017_rc	apr011#1#ctg1	3622912	3730333	WHR1-like+|C4AL+|CYP21A2-like+|TNXB-like-	1	assembly_homology_and_annotation	RCCX-STRUCT-80c1563b57f16898	1	0	0	ceb0a8ae5c776bb2762b70946614411abda65edf7fd002173605f24c9129efdf	RCCX__apr011#1	1	0
DRB	apr011#2	apr011	apr011	APR	apr011#2#h2tg000011l:137856776-142978436_rc	apr011#2#ctg1	4010620	4142891	HLA-DRA+|HLA-DRB3-|HLA-DRB1-	2	provisional_annotation_absence_not_confirmed_deletion	DRB-STRUCT-d9e9c983b0b92c6d	1	0	0	d0b90703b50a220ff3d80e65e5d5c59aa6d959b06824777aa1e5c3bd15382c6f	DRB__apr011#2	1	0
RCCX	apr011#2	apr011	apr011	APR	apr011#2#h2tg000011l:137856776-142978436_rc	apr011#2#ctg1	3548770	3682660	WHR1-like+|C4AL+|CYP21A2-like+|TNXA-like-|WHR1B-like+|C4BS+|CYP21A2-like+|TNXB-like-	2	assembly_homology_and_annotation	RCCX-STRUCT-804d53b600bb619f	1	0	0	ac99c85c52ade5c0b5c3ee23611811968151451f18f389e81e398e1597efc4e9	RCCX__apr011#2	1	0
DRB	apr012#1	apr012	apr012	APR	apr012#1#h1tg000008l:28396959-33512282	apr012#1#ctg1	4003671	4135940	HLA-DRA+|HLA-DRB3-|HLA-DRB1-	2	provisional_annotation_absence_not_confirmed_deletion	DRB-STRUCT-d9e9c983b0b92c6d	1	0	0	1930730567419503ae217eb6dcc0dcc334715fba2e686f2eb83a976742bde961	DRB__apr012#1	1	0
RCCX	apr012#1	apr012	apr012	APR	apr012#1#h1tg000008l:28396959-33512282	apr012#1#ctg1	3541821	3675715	WHR1-like+|C4AL+|CYP21A2-like+|TNXA-like-|WHR1B-like+|C4BS+|CYP21A2-like+|TNXB-like-	2	assembly_homology_and_annotation	RCCX-STRUCT-804d53b600bb619f	1	0	0	6b7c115c0354b9dab722b3cc1916fd34086f434007eb7ca721fb75a1ff46fb8d	RCCX__apr012#1	1	0
DRB	apr012#2	apr012	apr012	APR	apr012#2#h2tg000016l:138252661-143421402_rc	apr012#2#ctg1	4057219	4189488	HLA-DRA+|HLA-DRB3-|HLA-DRB1-	2	provisional_annotation_absence_not_confirmed_deletion	DRB-STRUCT-d9e9c983b0b92c6d	1	0	0	1930730567419503ae217eb6dcc0dcc334715fba2e686f2eb83a976742bde961	DRB__apr012#2	1	0
RCCX	apr012#2	apr012	apr012	APR	apr012#2#h2tg000016l:138252661-143421402_rc	apr012#2#ctg1	3622343	3729741	WHR1-like+|C4AL+|CYP21A2-like+|TNXB-like-	1	assembly_homology_and_annotation	RCCX-STRUCT-80c1563b57f16898	1	0	0	37b6106e9ed222be8244b60efbcb9dc38919adf6853b4dfd3ba57c2fdcb3466c	RCCX__apr012#2	1	0
DRB	apr013#1	apr013	apr013	APR	apr013#1#h1tg000002l:139940690-145014712_rc	apr013#1#ctg1	3932459	4084709	HLA-DRA+|HLA-DRB5-|HLA-DRB1-	2	provisional_annotation_absence_not_confirmed_deletion	DRB-STRUCT-a57eaf455348c3e7	1	0	0	46fc52d99fc9fcf1027e9096e2a4f6dfd56a28248d20d65b6b5e6a69362a83f4	DRB__apr013#1	1	0
RCCX	apr013#1	apr013	apr013	APR	apr013#1#h1tg000002l:139940690-145014712_rc	apr013#1#ctg1	3497051	3604487	WHR1-like+|C4AL+|CYP21A2-like+|TNXB-like-	1	assembly_homology_and_annotation	RCCX-STRUCT-80c1563b57f16898	1	0	0	1e652590a8406551a5f0e5d1dae07ac2dc520b15a80c778a6f6e1d1032521393	RCCX__apr013#1	1	0
DRB	apr013#2	apr013	apr013	APR	apr013#2#h2tg000027l:138555153-143729247_rc	apr013#2#ctg1	4033204	4185456	HLA-DRA+|HLA-DRB5-|HLA-DRB1-	2	provisional_annotation_absence_not_confirmed_deletion	DRB-STRUCT-a57eaf455348c3e7	1	0	0	b872eab7a06cfc015b3fa62d2b806ea203abc661f60c32048b63a741b282860e	DRB__apr013#2	1	0
RCCX	apr013#2	apr013	apr013	APR	apr013#2#h2tg000027l:138555153-143729247_rc	apr013#2#ctg1	3547154	3687348	WHR1-like+|C4AL+|CYP21A1P-like+|TNXA-like-|WHR1B-like+|C4AL+|CYP21A2-like+|TNXB-like-	2	assembly_homology_and_annotation	RCCX-STRUCT-109f6cb2c3c027c8	1	0	0	a9dd6790ad02b57ff56f33375b9a7094ab81db90b9dc40072d32652b94d5a6d7	RCCX__apr013#2	1	0
DRB	apr014#1	apr014	apr014	APR	apr014#1#h1tg000020l:28366313-33554706	apr014#1#ctg1	4077117	4209386	HLA-DRA+|HLA-DRB3-|HLA-DRB1-	2	provisional_annotation_absence_not_confirmed_deletion	DRB-STRUCT-d9e9c983b0b92c6d	1	0	0	28e0d06f3523d2b965a673d6f9a86242e7ad68c9e059df28f59fea2f22cf4302	DRB__apr014#1	1	0
RCCX	apr014#1	apr014	apr014	APR	apr014#1#h1tg000020l:28366313-33554706	apr014#1#ctg1	3615252	3749150	WHR1-like+|C4AL+|CYP21A2-like+|TNXA-like-|WHR1B-like+|C4BS+|CYP21A2-like+|TNXB-like-	2	assembly_homology_and_annotation	RCCX-STRUCT-804d53b600bb619f	1	0	0	34596fbb4a9c2249f9910a20e11d804a962ea7b532f0bce089f51ff61a2021f9	RCCX__apr014#1	1	0
DRB	apr014#2	apr014	apr014	APR	apr014#2#h2tg000006l:26691275-31885063_rc	apr014#2#ctg1	4079223	4214993	HLA-DRA+|HLA-DRB3-|HLA-DRB1-	2	provisional_annotation_absence_not_confirmed_deletion	DRB-STRUCT-d9e9c983b0b92c6d	1	0	0	481898764b193dc26145f737eab49c5723bb656db7e0d8d611e68fdc88030754	DRB__apr014#2	1	0
RCCX	apr014#2	apr014	apr014	APR	apr014#2#h2tg000006l:26691275-31885063_rc	apr014#2#ctg1	3618224	3752018	WHR1-like+|C4AL+|CYP21A1P-like+|TNXA-like-|WHR1B-like+|C4AS+|CYP21A2-like+|TNXB-like-	2	assembly_homology_and_annotation	RCCX-STRUCT-b8ca310d36f0396c	1	0	0	c58ebcf830421d296b7330641e1286027c74859ab79708ab8bc0b8a8ccdad718	RCCX__apr014#2	1	0
DRB	apr015#1	apr015	apr015	APR	apr015#1#h1tg000012l:28398223-33522774	apr015#1#ctg1	4013599	4145866	HLA-DRA+|HLA-DRB3-|HLA-DRB1-	2	provisional_annotation_absence_not_confirmed_deletion	DRB-STRUCT-d9e9c983b0b92c6d	1	0	0	fb78d97918feae8986e927b716d3c27d094547d31339b28b2fad6366a2327704	DRB__apr015#1	1	0
RCCX	apr015#1	apr015	apr015	APR	apr015#1#h1tg000012l:28398223-33522774	apr015#1#ctg1	3551743	3685640	WHR1-like+|C4AL+|CYP21A2-like+|TNXA-like-|WHR1B-like+|C4BS+|CYP21A2-like+|TNXB-like-	2	assembly_homology_and_annotation	RCCX-STRUCT-804d53b600bb619f	1	0	0	6c94272315e807060d6139865064ce72824c737e5980de6a21479bd1c7b5b839	RCCX__apr015#1	1	0
DRB	apr015#2	apr015	apr015	APR	apr015#2#h2tg000018l:138433262-143524291_rc	apr015#2#ctg1	3980381	4112648	HLA-DRA+|HLA-DRB3-|HLA-DRB1-	2	provisional_annotation_absence_not_confirmed_deletion	DRB-STRUCT-d9e9c983b0b92c6d	1	0	0	551461abdb11033b93eb20b1233622f8abecbc7a9286ef92294c4eed788c8e06	DRB__apr015#2	1	0
RCCX	apr015#2	apr015	apr015	APR	apr015#2#h2tg000018l:138433262-143524291_rc	apr015#2#ctg1	3551468	3658877	WHR1-like+|C4AL+|CYP21A2-like+|TNXB-like-	1	assembly_homology_and_annotation	RCCX-STRUCT-80c1563b57f16898	1	0	0	b19afeb1f9a0c0015856a1e3f2a317fb4e3ced480f8a49f69453819cd6ca3145	RCCX__apr015#2	1	0
DRB	apr016#1	apr016	apr016	APR	apr016#1#h1tg000012l:137906206-143057420_rc	apr016#1#ctg1	4009174	4161784	HLA-DRA+|HLA-DRB5-|HLA-DRB1-	2	provisional_annotation_absence_not_confirmed_deletion	DRB-STRUCT-a57eaf455348c3e7	1	0	0	9f66ae172fab570f0c4b151a2a456eddec91e3e05106c8235733aabc7e5c9971	DRB__apr016#1	1	0
RCCX	apr016#1	apr016	apr016	APR	apr016#1#h1tg000012l:137906206-143057420_rc	apr016#1#ctg1	3547170	3680980	WHR1-like+|C4AL+|CYP21A1P-like+|TNXA-like-|WHR1B-like+|C4BS+|CYP21A2-like+|TNXB-like-	2	assembly_homology_and_annotation	RCCX-STRUCT-08dc6d3cd5c804e4	1	0	0	07bc42a2aeb295e6f8df69a56aa7d4b03b1c5239dca29d1436e1b29dc531bb74	RCCX__apr016#1	1	0
DRB	apr016#2	apr016	apr016	APR	apr016#2#h2tg000005l:138332729-143447191_rc	apr016#2#ctg1	4005102	4137481	HLA-DRA+|HLA-DRB3-|HLA-DRB1-	2	provisional_annotation_absence_not_confirmed_deletion	DRB-STRUCT-d9e9c983b0b92c6d	1	0	0	a8d03476402819fe77b7f0926997d75b8cad5f1b6f2ceb897b6a0b7dbfeb516b	DRB__apr016#2	1	0
RCCX	apr016#2	apr016	apr016	APR	apr016#2#h2tg000005l:138332729-143447191_rc	apr016#2#ctg1	3536935	3677093	WHR1-like+|C4AL+|CYP21A1P-like+|TNXA-like-|WHR1B-like+|C4BL+|CYP21A2-like+|TNXB-like-	2	assembly_homology_and_annotation	RCCX-STRUCT-c91a117646c15232	1	0	0	b8cacdb3be2645bf0f16552830a8e1ba85fafebed875b64f0908000322f25d1e	RCCX__apr016#2	1	0
DRB	apr018#1	apr018	apr018	APR	apr018#1#h1tg000018l:28377039-33450879	apr018#1#ctg1	4019445	4091295	HLA-DRA+|HLA-DRB1-	1	provisional_annotation_absence_not_confirmed_deletion	DRB-STRUCT-2e2f348001bcb731	1	0	0	5f248dec8ffec0df7df83dc1285071708198ddcb5716eab284d7794e463ec1b2	DRB__apr018#1	1	0
RCCX	apr018#1	apr018	apr018	APR	apr018#1#h1tg000018l:28377039-33450879	apr018#1#ctg1	3552423	3692595	WHR1-like+|C4AL+|CYP21A1P-like+|TNXA-like-|WHR1B-like+|C4BL+|CYP21A2-like+|TNXB-like-	2	assembly_homology_and_annotation	RCCX-STRUCT-c91a117646c15232	1	0	0	87681546a0617c71245191368955e470b200d332efff31274ab52274edf5d2d3	RCCX__apr018#1	1	0
DRB	apr018#2	apr018	apr018	APR	apr018#2#h2tg000022l:28395345-33526946	apr018#2#ctg1	4002032	4147260	HLA-DRA+|HLA-DRB1-	1	provisional_annotation_absence_not_confirmed_deletion	DRB-STRUCT-2e2f348001bcb731	1	0	0	6c00c0fa438b3f6fbd43980d801130e3e90cf50b3921d6a55a354db5bb00e5b8	DRB__apr018#2	1	0
RCCX	apr018#2	apr018	apr018	APR	apr018#2#h2tg000022l:28395345-33526946	apr018#2#ctg1	3541017	3674805	WHR1-like+|C4AL+|CYP21A1P-like+|TNXA-like-|WHR1B-like+|C4BS+|CYP21A2-like+|TNXB-like-	2	assembly_homology_and_annotation	RCCX-STRUCT-08dc6d3cd5c804e4	1	0	0	13442cbb7278113587cf4d6609d3fcbaf57397691ddc7cdfdf11979afbf030c5	RCCX__apr018#2	1	0
DRB	apr019#1	apr019	apr019	APR	apr019#1#h1tg000006l:137597617-142800733_rc	apr019#1#ctg1	3978801	4219912	HLA-DRA+|HLA-DRB4-|HLA-DRB1-	2	provisional_annotation_absence_not_confirmed_deletion	DRB-STRUCT-17c329d85af8b93c	1	0	0	6d2541fdde3bf3fa3d96d4a751715d07c4a28443cd38e5cacef1a7e3725948b5	DRB__apr019#1	1	0
RCCX	apr019#1	apr019	apr019	APR	apr019#1#h1tg000006l:137597617-142800733_rc	apr019#1#ctg1	3544142	3651558	WHR1-like+|C4AL+|CYP21A2-like+|TNXB-like-	1	assembly_homology_and_annotation	RCCX-STRUCT-80c1563b57f16898	1	0	0	f2db1909c216eca5363102352341b83a17de8f3033c28a9313f05900eab982d8	RCCX__apr019#1	1	0
DRB	apr019#2	apr019	apr019	APR	apr019#2#h2tg000009l:25947834-31066127_rc	apr019#2#ctg1	3985946	4131179	HLA-DRA+|HLA-DRB1-	1	provisional_annotation_absence_not_confirmed_deletion	DRB-STRUCT-2e2f348001bcb731	1	0	0	4d28ae08df95420cd122f74f0f0c81fea8a0bb74b5042195de5c89421c48f61c	DRB__apr019#2	1	0
RCCX	apr019#2	apr019	apr019	APR	apr019#2#h2tg000009l:25947834-31066127_rc	apr019#2#ctg1	3551274	3658712	WHR1-like+|C4AL+|CYP21A2-like+|TNXB-like-	1	assembly_homology_and_annotation	RCCX-STRUCT-80c1563b57f16898	1	0	0	92b53cb8749f78fc2754f715fd6da2bade147dc9e6bb61f236aee3757361e84f	RCCX__apr019#2	1	0
DRB	apr020#1	apr020	apr020	APR	apr020#1#h1tg000001l:28463230-33620049	apr020#1#ctg1	4014730	4167341	HLA-DRA+|HLA-DRB5-|HLA-DRB1-	2	provisional_annotation_absence_not_confirmed_deletion	DRB-STRUCT-a57eaf455348c3e7	1	0	0	f652d475c69df6c60ab05311744bc9ec207e5846f6179912d999c00e6e7e77f5	DRB__apr020#1	1	0
RCCX	apr020#1	apr020	apr020	APR	apr020#1#h1tg000001l:28463230-33620049	apr020#1#ctg1	3552708	3686524	WHR1-like+|C4AL+|CYP21A1P-like+|TNXA-like-|WHR1B-like+|C4BS+|CYP21A2-like+|TNXB-like-	2	assembly_homology_and_annotation	RCCX-STRUCT-08dc6d3cd5c804e4	1	0	0	2cd091cf7807943b284853a359afdea87d973f79b54f41470396d80bbd182cea	RCCX__apr020#1	1	0
DRB	apr020#2	apr020	apr020	APR	apr020#2#h2tg000007l:137677150-142774159_rc	apr020#2#ctg1	3984459	4116686	HLA-DRA+|HLA-DRB3-|HLA-DRB1-	2	provisional_annotation_absence_not_confirmed_deletion	DRB-STRUCT-d9e9c983b0b92c6d	1	0	0	1e3904274dcfd6ee50250e177a7d5b934f157111feb0c84bd6bd81d4e2fae0cf	DRB__apr020#2	1	0
RCCX	apr020#2	apr020	apr020	APR	apr020#2#h2tg000007l:137677150-142774159_rc	apr020#2#ctg1	3548943	3656336	WHR1-like+|C4AL+|CYP21A2-like+|TNXB-like-	1	assembly_homology_and_annotation	RCCX-STRUCT-80c1563b57f16898	1	0	0	6e2a418e3266659c08450b1ceab9657a460de61f06c8c50c310b3c6517091962	RCCX__apr020#2	1	0
DRB	apr021#1	apr021	apr021	APR	apr021#1#h1tg000013l:137920389-143048373_rc	apr021#1#ctg1	4017280	4149667	HLA-DRA+|HLA-DRB3-|HLA-DRB1-	2	provisional_annotation_absence_not_confirmed_deletion	DRB-STRUCT-d9e9c983b0b92c6d	1	0	0	ac2d504801369ec70aa3d1aee782fdfca55c8c8364db4bf901ea74611a373e53	DRB__apr021#1	1	0
RCCX	apr021#1	apr021	apr021	APR	apr021#1#h1tg000013l:137920389-143048373_rc	apr021#1#ctg1	3549104	3689265	WHR1-like+|C4AL+|CYP21A1P-like+|TNXA-like-|WHR1B-like+|C4AL+|CYP21A2-like+|TNXB-like-	2	assembly_homology_and_annotation	RCCX-STRUCT-109f6cb2c3c027c8	1	0	0	86e737cc2a21cc0211fd64e8624b199f384417427cda7c8c468e5013201b17c2	RCCX__apr021#1	1	0
DRB	apr021#2	apr021	apr021	APR	apr021#2#h2tg000011l:138901647-144060314_rc	apr021#2#ctg1	4047128	4179395	HLA-DRA+|HLA-DRB3-|HLA-DRB1-	2	provisional_annotation_absence_not_confirmed_deletion	DRB-STRUCT-d9e9c983b0b92c6d	1	0	0	a6079e6fcc3ea481db582272d2ec1ecbb8cca1f815de3eee8abf62b286354749	DRB__apr021#2	1	0
RCCX	apr021#2	apr021	apr021	APR	apr021#2#h2tg000011l:138901647-144060314_rc	apr021#2#ctg1	3552506	3719099	WHR1-like+|C4AL+|CYP21A1P-like+|TNXA-like-|WHR1B-like+|C4AS+|CYP21A1P-like+|TNXA-like-|WHR1B-like+|C4BL+|CYP21A2-like+|TNXB-like-	3	assembly_homology_and_annotation	RCCX-STRUCT-e92677dc4f8b8aff	1	0	0	903fccc71a1fb9c8a4352a82242c37a0b563ed11d6f56228b81e8ce5dc9dbe31	RCCX__apr021#2	1	0
DRB	apr022#1	apr022	apr022	APR	apr022#1#h1tg000011l:137924391-143077833_rc	apr022#1#ctg1	4011337	4163948	HLA-DRA+|HLA-DRB5-|HLA-DRB1-	2	provisional_annotation_absence_not_confirmed_deletion	DRB-STRUCT-a57eaf455348c3e7	1	0	0	d5ed7b6deb26a27b605b01476cbd5fc557c75289ce0ed4f0ea81cc5133af1480	DRB__apr022#1	1	0
RCCX	apr022#1	apr022	apr022	APR	apr022#1#h1tg000011l:137924391-143077833_rc	apr022#1#ctg1	3549309	3683129	WHR1-like+|C4AL+|CYP21A1P-like+|TNXA-like-|WHR1B-like+|C4BS+|CYP21A2-like+|TNXB-like-	2	assembly_homology_and_annotation	RCCX-STRUCT-08dc6d3cd5c804e4	1	0	0	5d319cf03317b5efb0e0e4639daa5d1b8f5ea6bd203645b18afa13e05c4c0b7a	RCCX__apr022#1	1	0
DRB	apr022#2	apr022	apr022	APR	apr022#2#h2tg000013l:138031891-143184813_rc	apr022#2#ctg1	4041537	4173808	HLA-DRA+|HLA-DRB3-|HLA-DRB1-	2	provisional_annotation_absence_not_confirmed_deletion	DRB-STRUCT-d9e9c983b0b92c6d	1	0	0	de57294d9f403955ebe1da855b4586e74ebd5f853c86ace6ab534707ca252849	DRB__apr022#2	1	0
RCCX	apr022#2	apr022	apr022	APR	apr022#2#h2tg000013l:138031891-143184813_rc	apr022#2#ctg1	3553421	3713579	WHR1-like+|C4BL+|CYP21A1P-like+|TNXA-like-|WHR1B-like+|C4AS+|CYP21A2-like+|TNXA-like-|WHR1B-like+|C4BS+|CYP21A2-like+|TNXB-like-	3	assembly_homology_and_annotation	RCCX-STRUCT-8904b92121a5f1e8	1	0	0	629efbad0b83b13c9887a66b2d5dad617ee1eab9ce1e05b0f2925f43d4ac31ea	RCCX__apr022#2	1	0
DRB	apr023#1	apr023	apr023	APR	apr023#1#h1tg000014l:137929515-143086735_rc	apr023#1#ctg1	4015271	4167555	HLA-DRA+|HLA-DRB5-|HLA-DRB1-	2	provisional_annotation_absence_not_confirmed_deletion	DRB-STRUCT-a57eaf455348c3e7	1	0	0	b527f36e3b3cdb6ba74926af419ba4d815baeb30117f3535a52f76ea73aaf92d	DRB__apr023#1	1	0
RCCX	apr023#1	apr023	apr023	APR	apr023#1#h1tg000014l:137929515-143086735_rc	apr023#1#ctg1	3554326	3688112	WHR1-like+|C4AS+|CYP21A1P-like+|TNXA-like-|WHR1B-like+|C4BL+|CYP21A2-like+|TNXB-like-	2	assembly_homology_and_annotation	RCCX-STRUCT-7ed3bad7d86d2b59	1	0	0	4f7e586dfb802dcd85fd69ef164771c61663e22866fd91c4c1194a0df87555e2	RCCX__apr023#1	1	0
DRB	apr023#2	apr023	apr023	APR	apr023#2#h2tg000022l:26641068-31656450_rc	apr023#2#ctg1	3958430	4030246	HLA-DRA+|HLA-DRB1-	1	provisional_annotation_absence_not_confirmed_deletion	DRB-STRUCT-2e2f348001bcb731	1	0	0	7a08f5b1708762b1524d4e7968c85390e9947d969bbb8572a4ff8aad900868ef	DRB__apr023#2	1	0
RCCX	apr023#2	apr023	apr023	APR	apr023#2#h2tg000022l:26641068-31656450_rc	apr023#2#ctg1	3506538	3613948	WHR1-like+|C4AL+|CYP21A2-like+|TNXB-like-	1	assembly_homology_and_annotation	RCCX-STRUCT-80c1563b57f16898	1	0	0	9f1bfc0b0cc53f2ec58b45e1c724608c5ed6b8e8e3ae05bd950f36f48a752762	RCCX__apr023#2	1	0
DRB	apr024#1	apr024	apr024	APR	apr024#1#h1tg000001l:137801575-142959579_rc	apr024#1#ctg1	4015958	4168290	HLA-DRA+|HLA-DRB5-|HLA-DRB1-	2	provisional_annotation_absence_not_confirmed_deletion	DRB-STRUCT-a57eaf455348c3e7	1	0	0	aa232cdce0f54bb807e0c26db23cde520eacefd98cf2024c4c47fb3fd04ad5b6	DRB__apr024#1	1	0
RCCX	apr024#1	apr024	apr024	APR	apr024#1#h1tg000001l:137801575-142959579_rc	apr024#1#ctg1	3547545	3687717	WHR1-like+|C4AL+|CYP21A1P-like+|TNXA-like-|WHR1B-like+|C4BL+|CYP21A2-like+|TNXB-like-	2	assembly_homology_and_annotation	RCCX-STRUCT-c91a117646c15232	1	0	0	88b7f1db3c17c1a8324745008af7a34f2d6b4087013dc8e997a1f6168c174c2e	RCCX__apr024#1	1	0
DRB	apr024#2	apr024	apr024	APR	apr024#2#h2tg000014l:137766819-142943455_rc	apr024#2#ctg1	4034130	4186748	HLA-DRA+|HLA-DRB5-|HLA-DRB1-	2	provisional_annotation_absence_not_confirmed_deletion	DRB-STRUCT-a57eaf455348c3e7	1	0	0	923e18710547bfc91068e7fcef623795639a601f00c8d2f12ed6b02f876393f4	DRB__apr024#2	1	0
RCCX	apr024#2	apr024	apr024	APR	apr024#2#h2tg000014l:137766819-142943455_rc	apr024#2#ctg1	3566364	3706533	WHR1-like+|C4AL+|CYP21A1P-like+|TNXA-like-|WHR1B-like+|C4BL+|CYP21A2-like+|TNXB-like-	2	assembly_homology_and_annotation	RCCX-STRUCT-c91a117646c15232	1	0	0	7777aef77f70a51b4692cce641f4c371ecb474f598e2b365c7a09b8b995229d9	RCCX__apr024#2	1	0
DRB	apr025#1	apr025	apr025	APR	apr025#1#h1tg000007l:139497787-144647520_rc	apr025#1#ctg1	4019953	4165197	HLA-DRA+|HLA-DRB1-	1	provisional_annotation_absence_not_confirmed_deletion	DRB-STRUCT-2e2f348001bcb731	1	0	0	d052606dacdb18f74c1c2aefd713c443434a122f61cb362213dc24a01a98610f	DRB__apr025#1	1	0
RCCX	apr025#1	apr025	apr025	APR	apr025#1#h1tg000007l:139497787-144647520_rc	apr025#1#ctg1	3558935	3692723	WHR1-like+|C4AL+|CYP21A1P-like+|TNXA-like-|WHR1B-like+|C4BS+|CYP21A2-like+|TNXB-like-	2	assembly_homology_and_annotation	RCCX-STRUCT-08dc6d3cd5c804e4	1	0	0	4af6b992f2846c951ca6073b91508e0c6301aab2a341faace2cf2d3b17e71f93	RCCX__apr025#1	1	0
DRB	apr025#2	apr025	apr025	APR	apr025#2#h2tg000006l:138571729-143809751_rc	apr025#2#ctg1	4010894	4253746	HLA-DRA+|HLA-DRB4-|HLA-DRB1-	2	provisional_annotation_absence_not_confirmed_deletion	DRB-STRUCT-17c329d85af8b93c	1	0	0	ed1f720c9ab3c920af240fc89027ff391b7bd9a81f0d591a16bbb002972582fd	DRB__apr025#2	1	0
RCCX	apr025#2	apr025	apr025	APR	apr025#2#h2tg000006l:138571729-143809751_rc	apr025#2#ctg1	3549912	3683709	WHR1-like+|C4AL+|CYP21A1P-like+|TNXA-like-|WHR1B-like+|C4BS+|CYP21A2-like+|TNXB-like-	2	assembly_homology_and_annotation	RCCX-STRUCT-08dc6d3cd5c804e4	1	0	0	9cbe816822ca1f57fe121dd3db6b7661e7ea969cbdab34dcf98a2a16862be1e3	RCCX__apr025#2	1	0
DRB	apr026#1	apr026	apr026	APR	apr026#1#h1tg000019l:28393961-33702327	apr026#1#ctg1	4073354	4315791	HLA-DRA+|HLA-DRB4-|HLA-DRB1-	2	provisional_annotation_absence_not_confirmed_deletion	DRB-STRUCT-17c329d85af8b93c	1	0	0	dead2f4a15c87608f00c8730b863a68a901fbc7f99f2e9ade21ba258fc2d0140	DRB__apr026#1	1	0
RCCX	apr026#1	apr026	apr026	APR	apr026#1#h1tg000019l:28393961-33702327	apr026#1#ctg1	3612309	3746083	WHR1-like+|C4AL+|CYP21A1P-like+|TNXA-like-|WHR1B-like+|C4BS+|CYP21A2-like+|TNXB-like-	2	assembly_homology_and_annotation	RCCX-STRUCT-08dc6d3cd5c804e4	1	0	0	f78238ff6e3afc101f68ff73b42147a56acd2ebc0337fb0c4a0079e428970295	RCCX__apr026#1	1	0
DRB	apr026#2	apr026	apr026	APR	apr026#2#h2tg000012l:28359568-33574257	apr026#2#ctg1	3989604	4230713	HLA-DRA+|HLA-DRB4-|HLA-DRB1-	2	provisional_annotation_absence_not_confirmed_deletion	DRB-STRUCT-17c329d85af8b93c	1	0	0	70deb14794b4bbb6df7950555df6e865258ed60c245544177be005af79e37e29	DRB__apr026#2	1	0
RCCX	apr026#2	apr026	apr026	APR	apr026#2#h2tg000012l:28359568-33574257	apr026#2#ctg1	3554947	3662363	WHR1-like+|C4AL+|CYP21A2-like+|TNXB-like-	1	assembly_homology_and_annotation	RCCX-STRUCT-80c1563b57f16898	1	0	0	f2db1909c216eca5363102352341b83a17de8f3033c28a9313f05900eab982d8	RCCX__apr026#2	1	0
DRB	apr027#1	apr027	apr027	APR	apr027#1#h1tg000004l:28384126-33662392	apr027#1#ctg1	4042232	4285606	HLA-DRA+|HLA-DRB4-|HLA-DRB1-	2	provisional_annotation_absence_not_confirmed_deletion	DRB-STRUCT-17c329d85af8b93c	1	0	0	80a019573c51ab072368bc8b1915213d3dd2172ccdabdb13f3c71775ca505cb8	DRB__apr027#1	1	0
RCCX	apr027#1	apr027	apr027	APR	apr027#1#h1tg000004l:28384126-33662392	apr027#1#ctg1	3554898	3715052	WHR1-like+|C4BL+|CYP21A1P-like+|TNXA-like-|WHR1B-like+|C4AS+|CYP21A2-like+|TNXA-like-|WHR1B-like+|C4BS+|CYP21A2-like+|TNXB-like-	3	assembly_homology_and_annotation	RCCX-STRUCT-8904b92121a5f1e8	1	0	0	6fb27b381da53da5b970bfd93910b01f6054c324c442676253231f3c6beab07b	RCCX__apr027#1	1	0
DRB	apr027#2	apr027	apr027	APR	apr027#2#h2tg000013l:11085473-16306923_rc	apr027#2#ctg1	4096844	4235228	HLA-DRA+|HLA-DRB1-	1	provisional_annotation_absence_not_confirmed_deletion	DRB-STRUCT-2e2f348001bcb731	1	0	0	d3bccc7e03ea2376249fa8483d7322abcb59ce2653392ced49956a5448846084	DRB__apr027#2	1	0
RCCX	apr027#2	apr027	apr027	APR	apr027#2#h2tg000013l:11085473-16306923_rc	apr027#2#ctg1	3609178	3769365	WHR1-like+|C4AL+|CYP21A1P-like+|TNXA-like-|WHR1B-like+|C4BS+|CYP21A1P-like+|TNXA-like-|WHR1B-like+|C4BS+|CYP21A2-like+|TNXB-like-	3	assembly_homology_and_annotation	RCCX-STRUCT-0c843ef37c4c8a9d	1	0	0	e133d813ead775770e8f0316cf3fe8860656584589f98e4025bd198d6ecf4c4c	RCCX__apr027#2	1	0
DRB	apr029#1	apr029	apr029	APR	apr029#1#h1tg000032l:28462821-33705004	apr029#1#ctg1	4008011	4250450	HLA-DRA+|HLA-DRB4-|HLA-DRB1-	2	provisional_annotation_absence_not_confirmed_deletion	DRB-STRUCT-17c329d85af8b93c	1	0	0	15c0b9d149ee88008a5ed62d7aced0fae444847bdaf20c869819ec8c9bb1a171	DRB__apr029#1	1	0
RCCX	apr029#1	apr029	apr029	APR	apr029#1#h1tg000032l:28462821-33705004	apr029#1#ctg1	3546968	3680755	WHR1-like+|C4AL+|CYP21A1P-like+|TNXA-like-|WHR1B-like+|C4BS+|CYP21A2-like+|TNXB-like-	2	assembly_homology_and_annotation	RCCX-STRUCT-08dc6d3cd5c804e4	1	0	0	1d62ce417610cf8ec24863c6d7316dc8311d6cb003e0b3946137acce5dfc1aac	RCCX__apr029#1	1	0
DRB	apr029#2	apr029	apr029	APR	apr029#2#h2tg000012l:28417575-33541972	apr029#2#ctg1	4013386	4145655	HLA-DRA+|HLA-DRB3-|HLA-DRB1-	2	provisional_annotation_absence_not_confirmed_deletion	DRB-STRUCT-d9e9c983b0b92c6d	1	0	0	c5ed54eff9488ee5c6f3722d0f23c6f557e4d0dedd37c76f802f01f5f58f2031	DRB__apr029#2	1	0
RCCX	apr029#2	apr029	apr029	APR	apr029#2#h2tg000012l:28417575-33541972	apr029#2#ctg1	3551530	3685426	WHR1-like+|C4AL+|CYP21A2-like+|TNXA-like-|WHR1B-like+|C4BS+|CYP21A2-like+|TNXB-like-	2	assembly_homology_and_annotation	RCCX-STRUCT-804d53b600bb619f	1	0	0	dd9f02d72e37abf55cda9dc2e9de5b6ff9512f3b467c95bd206e42d528a205a3	RCCX__apr029#2	1	0
DRB	apr030#1	apr030	apr030	APR	apr030#1#h1tg000001l:28446903-33506362	apr030#1#ctg1	3940456	4072845	HLA-DRA+|HLA-DRB3-|HLA-DRB1-	2	provisional_annotation_absence_not_confirmed_deletion	DRB-STRUCT-d9e9c983b0b92c6d	1	0	0	538e4eae82e53e8d147d8c7d2f825e6b1b19e4aa50b29a88098c93761f5b466c	DRB__apr030#1	1	0
RCCX	apr030#1	apr030	apr030	APR	apr030#1#h1tg000001l:28446903-33506362	apr030#1#ctg1	3505105	3612538	WHR1-like+|C4AL+|CYP21A2-like+|TNXB-like-	1	assembly_homology_and_annotation	RCCX-STRUCT-80c1563b57f16898	1	0	0	215f659009d9e92b770681e2623ca23ed0d695d59655f06270c84a2c47398d3c	RCCX__apr030#1	1	0
DRB	apr030#2	apr030	apr030	APR	apr030#2#h2tg000012l:28433288-33581296	apr030#2#ctg1	4017863	4163080	HLA-DRA+|HLA-DRB1-	1	provisional_annotation_absence_not_confirmed_deletion	DRB-STRUCT-2e2f348001bcb731	1	0	0	21e269ff740301c497f66a93d298de80030c026fb09fc3ec95d150783b4e1f4c	DRB__apr030#2	1	0
RCCX	apr030#2	apr030	apr030	APR	apr030#2#h2tg000012l:28433288-33581296	apr030#2#ctg1	3556850	3690637	WHR1-like+|C4AL+|CYP21A1P-like+|TNXA-like-|WHR1B-like+|C4BS+|CYP21A2-like+|TNXB-like-	2	assembly_homology_and_annotation	RCCX-STRUCT-08dc6d3cd5c804e4	1	0	0	c52e0f18210e32715f6851f7f7631807630a598317deda9e01b43841b8ed7b26	RCCX__apr030#2	1	0
DRB	apr031#1	apr031	apr031	APR	apr031#1#h1tg000019l:26371881-31586781_rc	apr031#1#ctg1	4090234	4229013	HLA-DRA+|HLA-DRB1-	1	provisional_annotation_absence_not_confirmed_deletion	DRB-STRUCT-2e2f348001bcb731	1	0	0	af8792cb6eb02be1586155f2aa7762a67e93f73cf29166e72fc7b9afad35ccb2	DRB__apr031#1	1	0
RCCX	apr031#1	apr031	apr031	APR	apr031#1#h1tg000019l:26371881-31586781_rc	apr031#1#ctg1	3611875	3745663	WHR1-like+|C4AL+|CYP21A1P-like+|TNXA-like-|WHR1B-like+|C4BS+|CYP21A2-like+|TNXB-like-	2	assembly_homology_and_annotation	RCCX-STRUCT-08dc6d3cd5c804e4	1	0	0	dfe150018b5da1c682465211108b4e9a694bdbc6e55062d34e5c07ac7565209a	RCCX__apr031#1	1	0
DRB	apr031#2	apr031	apr031	APR	apr031#2#h2tg000036l:28402991-33519712	apr031#2#ctg1	3974366	4126978	HLA-DRA+|HLA-DRB5-|HLA-DRB1-	2	provisional_annotation_absence_not_confirmed_deletion	DRB-STRUCT-a57eaf455348c3e7	1	0	0	fa23a476fbb09326948d940584462b24e8ff4d332f60fa614d0804a746599ad0	DRB__apr031#2	1	0
RCCX	apr031#2	apr031	apr031	APR	apr031#2#h2tg000036l:28402991-33519712	apr031#2#ctg1	3505979	3646137	WHR1-like+|C4AL+|CYP21A1P-like+|TNXA-like-|WHR1B-like+|C4AL+|CYP21A2-like+|TNXB-like-	2	assembly_homology_and_annotation	RCCX-STRUCT-109f6cb2c3c027c8	1	0	0	bab95c0e8ad036320db292c55df65e4d2a9a32493e75e62d30d5ad09f5742463	RCCX__apr031#2	1	0
DRB	apr032#1	apr032	apr032	APR	apr032#1#h1tg000006l:28452318-33694285	apr032#1#ctg1	4006849	4249734	HLA-DRA+|HLA-DRB4-|HLA-DRB1-	2	provisional_annotation_absence_not_confirmed_deletion	DRB-STRUCT-17c329d85af8b93c	1	0	0	e4f27bbe4a3c9eb273260aece96c7135671764b111021ef1b54c2f8464e13ec6	DRB__apr032#1	1	0
RCCX	apr032#1	apr032	apr032	APR	apr032#1#h1tg000006l:28452318-33694285	apr032#1#ctg1	3545535	3679323	WHR1-like+|C4AL+|CYP21A1P-like+|TNXA-like-|WHR1B-like+|C4BS+|CYP21A2-like+|TNXB-like-	2	assembly_homology_and_annotation	RCCX-STRUCT-08dc6d3cd5c804e4	1	0	0	b10ecf4f66093c6ebed67693f2e3adad12df6d0a76c2a0c8ebdd1b9e8ffad7f7	RCCX__apr032#1	1	0
DRB	apr032#2	apr032	apr032	APR	apr032#2#h2tg000014l:28405263-33673740	apr032#2#ctg1	4032954	4276355	HLA-DRA+|HLA-DRB4-|HLA-DRB1-	2	provisional_annotation_absence_not_confirmed_deletion	DRB-STRUCT-17c329d85af8b93c	1	0	0	d813503c0fedf6af8b5d2075907370faef768d0f9e49e227c7c4de0b3ddf440f	DRB__apr032#2	1	0
RCCX	apr032#2	apr032	apr032	APR	apr032#2#h2tg000014l:28405263-33673740	apr032#2#ctg1	3545603	3705763	WHR1-like+|C4BL+|CYP21A1P-like+|TNXA-like-|WHR1B-like+|C4AS+|CYP21A2-like+|TNXA-like-|WHR1B-like+|C4BS+|CYP21A2-like+|TNXB-like-	3	assembly_homology_and_annotation	RCCX-STRUCT-8904b92121a5f1e8	1	0	0	abb685dad3dbd44fa10b838cc6acfdcad1116d5eeb10b0d49cc461ca88d8853d	RCCX__apr032#2	1	0
DRB	apr033#1	apr033	apr033	APR	apr033#1#h1tg000008l:27149396-32366749_rc	apr033#1#ctg1	4096659	4232088	HLA-DRA+|HLA-DRB3-|HLA-DRB1-	2	provisional_annotation_absence_not_confirmed_deletion	DRB-STRUCT-d9e9c983b0b92c6d	1	0	0	a606cd4929bf4e472f21c8e627b84016f06a95b999a87d0cd556a9c200bef58e	DRB__apr033#1	1	0
RCCX	apr033#1	apr033	apr033	APR	apr033#1#h1tg000008l:27149396-32366749_rc	apr033#1#ctg1	3617508	3751310	WHR1-like+|C4AL+|CYP21A1P-like+|TNXA-like-|WHR1B-like+|C4BS+|CYP21A2-like+|TNXB-like-	2	assembly_homology_and_annotation	RCCX-STRUCT-08dc6d3cd5c804e4	1	0	0	c90f68f06410009dde628c87c95cf6a6907fdef2e03b97062e1703fbfddca92e	RCCX__apr033#1	1	0
DRB	apr033#2	apr033	apr033	APR	apr033#2#h2tg000008l:28349631-33452614	apr033#2#ctg1	3979546	4118322	HLA-DRA+|HLA-DRB1-	1	provisional_annotation_absence_not_confirmed_deletion	DRB-STRUCT-2e2f348001bcb731	1	0	0	5a4f21e8d6a330f15954db3b22f66667b57555ae1d973ade1660f92e54b85a5b	DRB__apr033#2	1	0
RCCX	apr033#2	apr033	apr033	APR	apr033#2#h2tg000008l:28349631-33452614	apr033#2#ctg1	3501275	3635061	WHR1-like+|C4AL+|CYP21A1P-like+|TNXA-like-|WHR1B-like+|C4BS+|CYP21A2-like+|TNXB-like-	2	assembly_homology_and_annotation	RCCX-STRUCT-08dc6d3cd5c804e4	1	0	0	6e4173885f262bc30aeab417dc36970b36dac1998adcf2d63b487f1cdbeee3b8	RCCX__apr033#2	1	0
DRB	apr034#1	apr034	apr034	APR	apr034#1#h1tg000032l:26576741-31706138_rc	apr034#1#ctg1	4004946	4143305	HLA-DRA+|HLA-DRB1-	1	provisional_annotation_absence_not_confirmed_deletion	DRB-STRUCT-2e2f348001bcb731	1	0	0	e314e6c24161ab464a0f2bbf253cc8d1323c671a8d281346c227c281b3ddcc47	DRB__apr034#1	1	0
RCCX	apr034#1	apr034	apr034	APR	apr034#1#h1tg000032l:26576741-31706138_rc	apr034#1#ctg1	3552827	3660244	WHR1-like+|C4AL+|CYP21A2-like+|TNXB-like-	1	assembly_homology_and_annotation	RCCX-STRUCT-80c1563b57f16898	1	0	0	2f638bd045dd5bb76902175e8595453c5b823f3ff5b7c3c81137586e04be7af2	RCCX__apr034#1	1	0
DRB	apr034#2	apr034	apr034	APR	apr034#2#h2tg000008l:28434563-33559669	apr034#2#ctg1	4017676	4150054	HLA-DRA+|HLA-DRB3-|HLA-DRB1-	2	provisional_annotation_absence_not_confirmed_deletion	DRB-STRUCT-d9e9c983b0b92c6d	1	0	0	4b6e0a3de8900f8a3c57a5524b55c04c4ba1a60435f07565b1e5df54f6155eaf	DRB__apr034#2	1	0
RCCX	apr034#2	apr034	apr034	APR	apr034#2#h2tg000008l:28434563-33559669	apr034#2#ctg1	3549527	3689681	WHR1-like+|C4AL+|CYP21A1P-like+|TNXA-like-|WHR1B-like+|C4BL+|CYP21A2-like+|TNXB-like-	2	assembly_homology_and_annotation	RCCX-STRUCT-c91a117646c15232	1	0	0	e48d460d5dc54b5af555557243bbcdd097c21f3289a5a625c2032c691745d5c1	RCCX__apr034#2	1	0
DRB	apr035#1	apr035	apr035	APR	apr035#1#h1tg000018l:27655502-32798707_rc	apr035#1#ctg1	4026503	4158956	HLA-DRA+|HLA-DRB3-|HLA-DRB1-	2	provisional_annotation_absence_not_confirmed_deletion	DRB-STRUCT-d9e9c983b0b92c6d	1	0	0	baa341ec202abd433e9e902750913d03367f615172908b55142c14f3718c0566	DRB__apr035#1	1	0
RCCX	apr035#1	apr035	apr035	APR	apr035#1#h1tg000018l:27655502-32798707_rc	apr035#1#ctg1	3559164	3699324	WHR1-like+|C4AL+|CYP21A1P-like+|TNXA-like-|WHR1B-like+|C4BL+|CYP21A2-like+|TNXB-like-	2	assembly_homology_and_annotation	RCCX-STRUCT-c91a117646c15232	1	0	0	89cfa27b81681d08827d9c45c6086a063bda2cabaf3164afdaee185b8f25e31c	RCCX__apr035#1	1	0
DRB	apr035#2	apr035	apr035	APR	apr035#2#h2tg000011l:27516869-32663681_rc	apr035#2#ctg1	4028403	4164644	HLA-DRA+|HLA-DRB3-|HLA-DRB1-	2	provisional_annotation_absence_not_confirmed_deletion	DRB-STRUCT-d9e9c983b0b92c6d	1	0	0	fe787e01b901e72d1544cbafbe07b0b5a63bf8b253858ffaa2ae8d89ace7a704	DRB__apr035#2	1	0
RCCX	apr035#2	apr035	apr035	APR	apr035#2#h2tg000011l:27516869-32663681_rc	apr035#2#ctg1	3560041	3700208	WHR1-like+|C4AL+|CYP21A1P-like+|TNXA-like-|WHR1B-like+|C4BL+|CYP21A2-like+|TNXB-like-	2	assembly_homology_and_annotation	RCCX-STRUCT-c91a117646c15232	1	0	0	7ba70aa2c43982064fd208c9b1746f481e5ec80befad402ae629d05ce773fc7c	RCCX__apr035#2	1	0
DRB	apr036#1	apr036	apr036	APR	apr036#1#h1tg000026l:25218090-30345004_rc	apr036#1#ctg1	4013815	4145648	HLA-DRA+|HLA-DRB3-|HLA-DRB1-	2	provisional_annotation_absence_not_confirmed_deletion	DRB-STRUCT-d9e9c983b0b92c6d	1	0	0	b85574f1d79ccb869c3390813849754a3efa9241e483d476c51666d2667f1e91	DRB__apr036#1	1	0
RCCX	apr036#1	apr036	apr036	APR	apr036#1#h1tg000026l:25218090-30345004_rc	apr036#1#ctg1	3551992	3685803	WHR1-like+|C4AL+|CYP21A1P-like+|TNXA-like-|WHR1B-like+|C4BS+|CYP21A2-like+|TNXB-like-	2	assembly_homology_and_annotation	RCCX-STRUCT-08dc6d3cd5c804e4	1	0	0	607d2690536dc7440670287eebcf7ce24c5afd2a53c7b0e34e9ff2f37b664fce	RCCX__apr036#1	1	0
DRB	apr036#2	apr036	apr036	APR	apr036#2#h2tg000017l:1678659-6817558	apr036#2#ctg1	4019458	4155697	HLA-DRA+|HLA-DRB3-|HLA-DRB1-	2	provisional_annotation_absence_not_confirmed_deletion	DRB-STRUCT-d9e9c983b0b92c6d	1	0	0	1d7bbf0a6f299f4dfea6d56e8f2a9498d145f7679e7b2fe62589c67a81dcba5c	DRB__apr036#2	1	0
RCCX	apr036#2	apr036	apr036	APR	apr036#2#h2tg000017l:1678659-6817558	apr036#2#ctg1	3557584	3691385	WHR1-like+|C4AL+|CYP21A1P-like+|TNXA-like-|WHR1B-like+|C4BS+|CYP21A2-like+|TNXB-like-	2	assembly_homology_and_annotation	RCCX-STRUCT-08dc6d3cd5c804e4	1	0	0	abd7411222d1d69c08f8f1e71371c8c0ee21b2efb57dc171f7609dcda9065793	RCCX__apr036#2	1	0
DRB	apr037#1	apr037	apr037	APR	apr037#1#h1tg000004l:138070351-143231345_rc	apr037#1#ctg1	4036098	4174882	HLA-DRA+|HLA-DRB1-	1	provisional_annotation_absence_not_confirmed_deletion	DRB-STRUCT-2e2f348001bcb731	1	0	0	1b3f87d312ebcd953a9b95bd4d82c5baafc95df399a35b35d6a5f3b1ffa141de	DRB__apr037#1	1	0
RCCX	apr037#1	apr037	apr037	APR	apr037#1#h1tg000004l:138070351-143231345_rc	apr037#1#ctg1	3551194	3691367	WHR1-like+|C4AL+|CYP21A1P-like+|TNXA-like-|WHR1B-like+|C4AL+|CYP21A2-like+|TNXB-like-	2	assembly_homology_and_annotation	RCCX-STRUCT-109f6cb2c3c027c8	1	0	0	cbe7da10b172cfbb69f22333170cebb856f05139e100c39efe84bac4f10433f2	RCCX__apr037#1	1	0
DRB	apr037#2	apr037	apr037	APR	apr037#2#h2tg000014l:138095539-143312355_rc	apr037#2#ctg1	4075921	4228255	HLA-DRA+|HLA-DRB5-|HLA-DRB1-	2	provisional_annotation_absence_not_confirmed_deletion	DRB-STRUCT-a57eaf455348c3e7	1	0	0	e84b7b150d5dba7980b6db6f129224de61f4de3adec270efcb1daf41f7ba6523	DRB__apr037#2	1	0
RCCX	apr037#2	apr037	apr037	APR	apr037#2#h2tg000014l:138095539-143312355_rc	apr037#2#ctg1	3607491	3747663	WHR1-like+|C4AL+|CYP21A1P-like+|TNXA-like-|WHR1B-like+|C4BL+|CYP21A2-like+|TNXB-like-	2	assembly_homology_and_annotation	RCCX-STRUCT-c91a117646c15232	1	0	0	907a934033893a82d5390ea39d974babb20e0e126dea522fa7105511cc188b22	RCCX__apr037#2	1	0
DRB	apr038#1	apr038	apr038	APR	apr038#1#h1tg000017l:1654472-6798671	apr038#1#ctg1	4019781	4158075	HLA-DRA+|HLA-DRB1-	1	provisional_annotation_absence_not_confirmed_deletion	DRB-STRUCT-2e2f348001bcb731	1	0	0	fe0282f39a1ce2a9f3c3dcff8d44afbaf19382491bdec22e841a943b14afb57c	DRB__apr038#1	1	0
RCCX	apr038#1	apr038	apr038	APR	apr038#1#h1tg000017l:1654472-6798671	apr038#1#ctg1	3560032	3693823	WHR1-like+|C4AL+|CYP21A1P-like+|TNXA-like-|WHR1B-like+|C4BS+|CYP21A2-like+|TNXB-like-	2	assembly_homology_and_annotation	RCCX-STRUCT-08dc6d3cd5c804e4	1	0	0	bc1e89063aa8e9540a1ccb498ea71775a5e513015039238db821cc93726dc5b1	RCCX__apr038#1	1	0
DRB	apr038#2	apr038	apr038	APR	apr038#2#h2tg000022l:127876238-133012041_rc	apr038#2#ctg1	4020393	4152752	HLA-DRA+|HLA-DRB3-|HLA-DRB1-	2	provisional_annotation_absence_not_confirmed_deletion	DRB-STRUCT-d9e9c983b0b92c6d	1	0	0	abe48c7294f3306b90abd9cb220ad938de84e3fd537d227fb2727511d59520e3	DRB__apr038#2	1	0
RCCX	apr038#2	apr038	apr038	APR	apr038#2#h2tg000022l:127876238-133012041_rc	apr038#2#ctg1	3552221	3692380	WHR1-like+|C4AL+|CYP21A1P-like+|TNXA-like-|WHR1B-like+|C4BL+|CYP21A2-like+|TNXB-like-	2	assembly_homology_and_annotation	RCCX-STRUCT-c91a117646c15232	1	0	0	1af4dde42e2ea2d4617418db15d6a792f042b1bd43d154b978bacb4c95bd5b24	RCCX__apr038#2	1	0
DRB	apr039#1	apr039	apr039	APR	apr039#1#h1tg000005l:28445311-33640507	apr039#1#ctg1	4052344	4204955	HLA-DRA+|HLA-DRB5-|HLA-DRB1-	2	provisional_annotation_absence_not_confirmed_deletion	DRB-STRUCT-a57eaf455348c3e7	1	0	0	736f3f4af91947ac5cc55deec6716f3b289181d60821a8e88acfb1d277405307	DRB__apr039#1	1	0
RCCX	apr039#1	apr039	apr039	APR	apr039#1#h1tg000005l:28445311-33640507	apr039#1#ctg1	3557616	3724211	WHR1-like+|C4AL+|CYP21A1P-like+|TNXA-like-|WHR1B-like+|C4BS+|CYP21A1P-like+|TNXA-like-|WHR1B-like+|C4BL+|CYP21A2-like+|TNXB-like-	3	assembly_homology_and_annotation	RCCX-STRUCT-3448b7c309a42550	1	0	0	d182617600e73a2367f0601d707c34a6b848e6e1ddb8e66bb00eb125b54312b2	RCCX__apr039#1	1	0
DRB	apr039#2	apr039	apr039	APR	apr039#2#h2tg000012l:28411824-33614466	apr039#2#ctg1	4077953	4216785	HLA-DRA+|HLA-DRB1-	1	provisional_annotation_absence_not_confirmed_deletion	DRB-STRUCT-2e2f348001bcb731	1	0	0	f8dad49cd2c26ce067695fb42658389f5134f0a86a3342b6a19256068b7930f9	DRB__apr039#2	1	0
RCCX	apr039#2	apr039	apr039	APR	apr039#2#h2tg000012l:28411824-33614466	apr039#2#ctg1	3618214	3752001	WHR1-like+|C4AL+|CYP21A1P-like+|TNXA-like-|WHR1B-like+|C4BS+|CYP21A2-like+|TNXB-like-	2	assembly_homology_and_annotation	RCCX-STRUCT-08dc6d3cd5c804e4	1	0	0	1fee32d9edf311f2cc6c8a3139dbf1e081b357666343b98695cb74e4ab1d0f10	RCCX__apr039#2	1	0
DRB	apr040#1	apr040	apr040	APR	apr040#1#h1tg000032l:25914346-31039269_rc	apr040#1#ctg1	3982587	4135356	HLA-DRA+|HLA-DRB5-|HLA-DRB1-	2	provisional_annotation_absence_not_confirmed_deletion	DRB-STRUCT-a57eaf455348c3e7	1	0	0	6c50ad2159230d6056630bca0427d324ed6f55c555ec0a26ef2fbd1eea670aa8	DRB__apr040#1	1	0
RCCX	apr040#1	apr040	apr040	APR	apr040#1#h1tg000032l:25914346-31039269_rc	apr040#1#ctg1	3554139	3655186	WHR1-like+|C4BS+|CYP21A2-like+|TNXB-like-	1	assembly_homology_and_annotation	RCCX-STRUCT-a002f576cdda62b4	1	0	0	6ad4a4609f9cd29602f284cd6d2dbb67c0c6cfae9011b5de55810c82cc8f15f9	RCCX__apr040#1	1	0
DRB	apr040#2	apr040	apr040	APR	apr040#2#h2tg000023l:25605134-30732063_rc	apr040#2#ctg1	3985731	4138508	HLA-DRA+|HLA-DRB5-|HLA-DRB1-	2	provisional_annotation_absence_not_confirmed_deletion	DRB-STRUCT-a57eaf455348c3e7	1	0	0	626311f39fa4cae68b22dd4f6e08907503c7d09b00cd8bc4f1ba3def097d569f	DRB__apr040#2	1	0
RCCX	apr040#2	apr040	apr040	APR	apr040#2#h2tg000023l:25605134-30732063_rc	apr040#2#ctg1	3557149	3658212	WHR1-like+|C4BS+|CYP21A2-like+|TNXB-like-	1	assembly_homology_and_annotation	RCCX-STRUCT-a002f576cdda62b4	1	0	0	4c3b294f2a55c79e473df7abd26e1da5915b12c6e7564f09707d0d2c41746f42	RCCX__apr040#2	1	0
DRB	apr041#1	apr041	apr041	APR	apr041#1#h1tg000024l:23526305-28655372_rc	apr041#1#ctg1	4012796	4145028	HLA-DRA+|HLA-DRB3-|HLA-DRB1-	2	provisional_annotation_absence_not_confirmed_deletion	DRB-STRUCT-d9e9c983b0b92c6d	1	0	0	8953c25f6845b5aaf8bfa2628d60e97814be3390b3cc9cd0ce31fc49a8984117	DRB__apr041#1	1	0
RCCX	apr041#1	apr041	apr041	APR	apr041#1#h1tg000024l:23526305-28655372_rc	apr041#1#ctg1	3550942	3684698	WHR1-like+|C4AL+|CYP21A1P-like+|TNXA-like-|WHR1B-like+|C4BS+|CYP21A2-like+|TNXB-like-	2	assembly_homology_and_annotation	RCCX-STRUCT-08dc6d3cd5c804e4	1	0	0	7ccb81c6b8c4e2a83572bad5fb764867a120fe54aa8db2976ff1c6c1b7a2d770	RCCX__apr041#1	1	0
DRB	apr041#2	apr041	apr041	APR	apr041#2#h2tg000015l:28437008-33578583	apr041#2#ctg1	4000386	4152720	HLA-DRA+|HLA-DRB5-|HLA-DRB1-	2	provisional_annotation_absence_not_confirmed_deletion	DRB-STRUCT-a57eaf455348c3e7	1	0	0	55a62f2a28051a8c89ef9500ab76c11def7a84f25e6e6b17cdd6619c08660cc3	DRB__apr041#2	1	0
RCCX	apr041#2	apr041	apr041	APR	apr041#2#h2tg000015l:28437008-33578583	apr041#2#ctg1	3538336	3672145	WHR1-like+|C4BL+|CYP21A1P-like+|TNXA-like-|WHR1B-like+|C4AS+|CYP21A2-like+|TNXB-like-	2	assembly_homology_and_annotation	RCCX-STRUCT-fc96b32fa448cea2	1	0	0	bbcd9e2b906c4c294a42098432eb6c80c58aa1f3ac2178d42d66df8720d61ab8	RCCX__apr041#2	1	0
DRB	apr042#1	apr042	apr042	APR	apr042#1#h1tg000024l:28343014-33430082	apr042#1#ctg1	3972500	4108356	HLA-DRA+|HLA-DRB3-|HLA-DRB1-	2	provisional_annotation_absence_not_confirmed_deletion	DRB-STRUCT-d9e9c983b0b92c6d	1	0	0	946ff35df5870aa717c8f36966b3cc97a1469d83fd1e5cd125eb900d66750113	DRB__apr042#1	1	0
RCCX	apr042#1	apr042	apr042	APR	apr042#1#h1tg000024l:28343014-33430082	apr042#1#ctg1	3504483	3644662	WHR1-like+|C4AL+|CYP21A1P-like+|TNXA-like-|WHR1B-like+|C4BL+|CYP21A2-like+|TNXB-like-	2	assembly_homology_and_annotation	RCCX-STRUCT-c91a117646c15232	1	0	0	6d6f7fc55ef55e6595ea780a4e7c7907cd21520d65fad2337f24e7f1beb00c09	RCCX__apr042#1	1	0
DRB	apr042#2	apr042	apr042	APR	apr042#2#h2tg000022l:28456692-33606982	apr042#2#ctg1	4033464	4169679	HLA-DRA+|HLA-DRB3-|HLA-DRB1-	2	provisional_annotation_absence_not_confirmed_deletion	DRB-STRUCT-d9e9c983b0b92c6d	1	0	0	c5c6d5707b519c429df30892862253847675616e9e1b35e7439db4a9b84147d0	DRB__apr042#2	1	0
RCCX	apr042#2	apr042	apr042	APR	apr042#2#h2tg000022l:28456692-33606982	apr042#2#ctg1	3548531	3688698	WHR1-like+|C4AL+|CYP21A1P-like+|TNXA-like-|WHR1B-like+|C4BL+|CYP21A2-like+|TNXB-like-	2	assembly_homology_and_annotation	RCCX-STRUCT-c91a117646c15232	1	0	0	1885be9f5f2ba337422094d7f8f60cef4db4cc4c2ea9e7df92a914d0a45a1993	RCCX__apr042#2	1	0
DRB	apr043#1	apr043	apr043	APR	apr043#1#h1tg000012l:139593152-144731880_rc	apr043#1#ctg1	4021741	4157956	HLA-DRA+|HLA-DRB3-|HLA-DRB1-	2	provisional_annotation_absence_not_confirmed_deletion	DRB-STRUCT-d9e9c983b0b92c6d	1	0	0	2ab59b9d423f1f3b5efdd710a48951ebdb6d4077f5f53d765e2194eb30ffda6f	DRB__apr043#1	1	0
RCCX	apr043#1	apr043	apr043	APR	apr043#1#h1tg000012l:139593152-144731880_rc	apr043#1#ctg1	3543215	3676984	WHR1-like+|C4AL+|CYP21A1P-like+|TNXA-like-|WHR1B-like+|C4BS+|CYP21A2-like+|TNXB-like-	2	assembly_homology_and_annotation	RCCX-STRUCT-08dc6d3cd5c804e4	1	0	0	84ce5f59cdf53d7abf29f4bbae81a267111d5853aa52006c6f69304fdc403d9c	RCCX__apr043#1	1	0
DRB	apr043#2	apr043	apr043	APR	apr043#2#h2tg000007l:28374571-33634772	apr043#2#ctg1	4024072	4266511	HLA-DRA+|HLA-DRB4-|HLA-DRB1-	2	provisional_annotation_absence_not_confirmed_deletion	DRB-STRUCT-17c329d85af8b93c	1	0	0	6ddbdc946bd2c7f6c76449b62d05533aecb76e7dca106c8dee1d43898da1a89b	DRB__apr043#2	1	0
RCCX	apr043#2	apr043	apr043	APR	apr043#2#h2tg000007l:28374571-33634772	apr043#2#ctg1	3563034	3696815	WHR1-like+|C4AL+|CYP21A1P-like+|TNXA-like-|WHR1B-like+|C4BS+|CYP21A2-like+|TNXB-like-	2	assembly_homology_and_annotation	RCCX-STRUCT-08dc6d3cd5c804e4	1	0	0	0b1b0c2283d5e503879647521f9153564d5ea61f01b941fcf54c6acda7f46586	RCCX__apr043#2	1	0
DRB	apr044#1	apr044	apr044	APR	apr044#1#h1tg000020l:28254023-33444694	apr044#1#ctg1	4047754	4200440	HLA-DRA+|HLA-DRB5-|HLA-DRB1-	2	provisional_annotation_absence_not_confirmed_deletion	DRB-STRUCT-a57eaf455348c3e7	1	0	0	a11f59694f8e4116cd7abcf0465fa1400cb7ea510f055a96698365f69255e66e	DRB__apr044#1	1	0
RCCX	apr044#1	apr044	apr044	APR	apr044#1#h1tg000020l:28254023-33444694	apr044#1#ctg1	3561673	3701864	WHR1-like+|C4AL+|CYP21A1P-like+|TNXA-like-|WHR1B-like+|C4AL+|CYP21A2-like+|TNXB-like-	2	assembly_homology_and_annotation	RCCX-STRUCT-109f6cb2c3c027c8	1	0	0	37a761f4ee44f38605631ab82b4e4f22f0d6712d23af5a936c5e434902b658e5	RCCX__apr044#1	1	0
DRB	apr044#2	apr044	apr044	APR	apr044#2#h2tg000019l:138732995-143879453_rc	apr044#2#ctg1	4035624	4167979	HLA-DRA+|HLA-DRB3-|HLA-DRB1-	2	provisional_annotation_absence_not_confirmed_deletion	DRB-STRUCT-d9e9c983b0b92c6d	1	0	0	0740d2c23d922df86b408f60f162e1d4c698c8d0e1876cf11ef27e99bdb6b9c6	DRB__apr044#2	1	0
RCCX	apr044#2	apr044	apr044	APR	apr044#2#h2tg000019l:138732995-143879453_rc	apr044#2#ctg1	3567473	3707635	WHR1-like+|C4AL+|CYP21A1P-like+|TNXA-like-|WHR1B-like+|C4BL+|CYP21A2-like+|TNXB-like-	2	assembly_homology_and_annotation	RCCX-STRUCT-c91a117646c15232	1	0	0	8c097e913535e63724c0681b386b1bc171f8e59b963f0bc98a327042e53ed916	RCCX__apr044#2	1	0
DRB	apr045#1	apr045	apr045	APR	apr045#1#h1tg000014l:28436066-33585265	apr045#1#ctg1	4029817	4166038	HLA-DRA+|HLA-DRB3-|HLA-DRB1-	2	provisional_annotation_absence_not_confirmed_deletion	DRB-STRUCT-d9e9c983b0b92c6d	1	0	0	377846f7e8604e32aaa3152acda40a789316f60895b2a8f7fdc8a41d401b9354	DRB__apr045#1	1	0
RCCX	apr045#1	apr045	apr045	APR	apr045#1#h1tg000014l:28436066-33585265	apr045#1#ctg1	3551324	3685087	WHR1-like+|C4AL+|CYP21A1P-like+|TNXA-like-|WHR1B-like+|C4BS+|CYP21A2-like+|TNXB-like-	2	assembly_homology_and_annotation	RCCX-STRUCT-08dc6d3cd5c804e4	1	0	0	7113430990df292c60b9e363f6adc99c000b21519f271c8b6f9883f10895273b	RCCX__apr045#1	1	0
DRB	apr045#2	apr045	apr045	APR	apr045#2#h2tg000020l:28349553-33649005	apr045#2#ctg1	4072943	4315035	HLA-DRA+|HLA-DRB4-|HLA-DRB1-	2	provisional_annotation_absence_not_confirmed_deletion	DRB-STRUCT-17c329d85af8b93c	1	0	0	e97a3c827f741f30afbbe79d704bad28f375832b44ef02cc95cbb084183d61c1	DRB__apr045#2	1	0
RCCX	apr045#2	apr045	apr045	APR	apr045#2#h2tg000020l:28349553-33649005	apr045#2#ctg1	3611858	3745778	WHR1-like+|C4AL+|CYP21A2-like+|TNXA-like-|WHR1B-like+|C4BS+|CYP21A2-like+|TNXB-like-	2	assembly_homology_and_annotation	RCCX-STRUCT-804d53b600bb619f	1	0	0	ef70b2c3c98757f432e39c221489235f898e69a7d6eeef35689a149ec6ea0574	RCCX__apr045#2	1	0
DRB	apr046#1	apr046	apr046	APR	apr046#1#h1tg000020l:28428626-33509292	apr046#1#ctg1	3964813	4096884	HLA-DRA+|HLA-DRB3-|HLA-DRB1-	2	provisional_annotation_absence_not_confirmed_deletion	DRB-STRUCT-d9e9c983b0b92c6d	1	0	0	31ceb65128061027ec335d70fe2a9e58648e93612a5212b16d91d018802a352b	DRB__apr046#1	1	0
RCCX	apr046#1	apr046	apr046	APR	apr046#1#h1tg000020l:28428626-33509292	apr046#1#ctg1	3497389	3637545	WHR1-like+|C4AL+|CYP21A1P-like+|TNXA-like-|WHR1B-like+|C4BL+|CYP21A2-like+|TNXB-like-	2	assembly_homology_and_annotation	RCCX-STRUCT-c91a117646c15232	1	0	0	a8a0f9c711d9d4f7e90fb1391d5bc5fefea371ceeb5fac5ec9dac3b7c817f938	RCCX__apr046#1	1	0
DRB	apr046#2	apr046	apr046	APR	apr046#2#h2tg000002l:138874465-144007848_rc	apr046#2#ctg1	4015591	4148011	HLA-DRA+|HLA-DRB3-|HLA-DRB1-	2	provisional_annotation_absence_not_confirmed_deletion	DRB-STRUCT-d9e9c983b0b92c6d	1	0	0	29ee1f0e90f5a833fd25e6a0e8cb062a8cfd22536fd683bf3867df0171a216c1	DRB__apr046#2	1	0
RCCX	apr046#2	apr046	apr046	APR	apr046#2#h2tg000002l:138874465-144007848_rc	apr046#2#ctg1	3554664	3688462	WHR1-like+|C4AL+|CYP21A1P-like+|TNXA-like-|WHR1B-like+|C4BS+|CYP21A2-like+|TNXB-like-	2	assembly_homology_and_annotation	RCCX-STRUCT-08dc6d3cd5c804e4	1	0	0	46c8374244251dd12fbee1cb0d699f5a476f4e7db6eb1e3cedac7519084a7a56	RCCX__apr046#2	1	0
DRB	apr047#1	apr047	apr047	APR	apr047#1#h1tg000022l:124629191-129940792_rc	apr047#1#ctg1	4084374	4326466	HLA-DRA+|HLA-DRB4-|HLA-DRB1-	2	provisional_annotation_absence_not_confirmed_deletion	DRB-STRUCT-17c329d85af8b93c	1	0	0	e4b8e3b2e17227e9a4083c8ef70a8b1fc13643e798fdce7c1f5ceb1c10f5d3d5	DRB__apr047#1	1	0
RCCX	apr047#1	apr047	apr047	APR	apr047#1#h1tg000022l:124629191-129940792_rc	apr047#1#ctg1	3623278	3757211	WHR1-like+|C4AL+|CYP21A2-like+|TNXA-like-|WHR1B-like+|C4BS+|CYP21A2-like+|TNXB-like-	2	assembly_homology_and_annotation	RCCX-STRUCT-804d53b600bb619f	1	0	0	b2f644e1a7e5c8aee1ea4c571ac44c42ce88581e31e5e8ab719c58e27f720892	RCCX__apr047#1	1	0
DRB	apr047#2	apr047	apr047	APR	apr047#2#h2tg000009l:28374338-33555921	apr047#2#ctg1	4040282	4192441	HLA-DRA+|HLA-DRB5-|HLA-DRB1-	2	provisional_annotation_absence_not_confirmed_deletion	DRB-STRUCT-a57eaf455348c3e7	1	0	0	bf5144f3c26b52ca47ac99e237cf882f48872fafb8cba29c94da4b90fcc25b20	DRB__apr047#2	1	0
RCCX	apr047#2	apr047	apr047	APR	apr047#2#h2tg000009l:28374338-33555921	apr047#2#ctg1	3554226	3694414	WHR1-like+|C4AL+|CYP21A1P-like+|TNXA-like-|WHR1B-like+|C4BL+|CYP21A2-like+|TNXB-like-	2	assembly_homology_and_annotation	RCCX-STRUCT-c91a117646c15232	1	0	0	3332e577493163e28f0dd7a2ca6b6a33f601e1083d64dda53265ea603004ec82	RCCX__apr047#2	1	0
DRB	apr048#1	apr048	apr048	APR	apr048#1#h1tg000017l:28263896-33470594	apr048#1#ctg1	4065174	4217943	HLA-DRA+|HLA-DRB5-|HLA-DRB1-	2	provisional_annotation_absence_not_confirmed_deletion	DRB-STRUCT-a57eaf455348c3e7	1	0	0	d014fd8e353f11d50656561915deb78d07d3b9255b15b56bd56c150efef2110a	DRB__apr048#1	1	0
RCCX	apr048#1	apr048	apr048	APR	apr048#1#h1tg000017l:28263896-33470594	apr048#1#ctg1	3551596	3738219	WHR1-like+|C4AL+|CYP21A1P-like+|TNXA-like-|WHR1B-like+|C4AS+|CYP21A1P-like+|TNXA-like-|WHR1B-like+|C4BS+|CYP21A1P-like+|TNXA-like-|WHR1B-like+|C4BS+|CYP21A2-like+|TNXB-like-	4	assembly_homology_and_annotation	RCCX-STRUCT-1f022f87af7ce1ed	1	0	0	4285b1edf74e07168c47d293e4d9f116ef98c9cfe5f2643185243abbdc029164	RCCX__apr048#1	1	0
DRB	apr048#2	apr048	apr048	APR	apr048#2#h2tg000004l:138392377-143552020_rc	apr048#2#ctg1	4017568	4170176	HLA-DRA+|HLA-DRB5-|HLA-DRB1-	2	provisional_annotation_absence_not_confirmed_deletion	DRB-STRUCT-a57eaf455348c3e7	1	0	0	6edd048aa03b7a119cf77d335ba9ad95b34f612155dcb88bf2f768062c9a47ca	DRB__apr048#2	1	0
RCCX	apr048#2	apr048	apr048	APR	apr048#2#h2tg000004l:138392377-143552020_rc	apr048#2#ctg1	3555568	3689369	WHR1-like+|C4AL+|CYP21A1P-like+|TNXA-like-|WHR1B-like+|C4BS+|CYP21A2-like+|TNXB-like-	2	assembly_homology_and_annotation	RCCX-STRUCT-08dc6d3cd5c804e4	1	0	0	5976a45efb0918cd245c0316434881e6e1e4616ffa63f5baefd044e372cc2dca	RCCX__apr048#2	1	0
DRB	apr049#1	apr049	apr049	APR	apr049#1#h1tg000006l:28277333-33430073	apr049#1#ctg1	4010693	4162769	HLA-DRA+|HLA-DRB5-|HLA-DRB1-	2	provisional_annotation_absence_not_confirmed_deletion	DRB-STRUCT-a57eaf455348c3e7	1	0	0	0548976ccf67260f3b49b48ccd1e580ec8324aa9f40f8e6a12fe8bf515e2b590	DRB__apr049#1	1	0
RCCX	apr049#1	apr049	apr049	APR	apr049#1#h1tg000006l:28277333-33430073	apr049#1#ctg1	3540417	3680575	WHR1-like+|C4AL+|CYP21A1P-like+|TNXA-like-|WHR1B-like+|C4BL+|CYP21A2-like+|TNXB-like-	2	assembly_homology_and_annotation	RCCX-STRUCT-c91a117646c15232	1	0	0	a840a4af33f097811eb1dff3654a3dfaeb069cd55baa2239dff0d202cbdf44c2	RCCX__apr049#1	1	0
DRB	apr049#2	apr049	apr049	APR	apr049#2#h2tg000002l:138418227-143654758_rc	apr049#2#ctg1	4092974	4245050	HLA-DRA+|HLA-DRB5-|HLA-DRB1-	2	provisional_annotation_absence_not_confirmed_deletion	DRB-STRUCT-a57eaf455348c3e7	1	0	0	be148bc3d8bb062b702aa9dc8c3b7ddc7bb3bcb5e0acba03b1d5d3bbf27dd4cb	DRB__apr049#2	1	0
RCCX	apr049#2	apr049	apr049	APR	apr049#2#h2tg000002l:138418227-143654758_rc	apr049#2#ctg1	3622699	3762857	WHR1-like+|C4AL+|CYP21A1P-like+|TNXA-like-|WHR1B-like+|C4BL+|CYP21A2-like+|TNXB-like-	2	assembly_homology_and_annotation	RCCX-STRUCT-c91a117646c15232	1	0	0	99281a9b625a14978ac9d68e2d3136eada07cd162a62594001b0d4fcb896aed1	RCCX__apr049#2	1	0
DRB	apr050#1	apr050	apr050	APR	apr050#1#h1tg000015l:138045880-143321309_rc	apr050#1#ctg1	4049077	4291167	HLA-DRA+|HLA-DRB4-|HLA-DRB1-	2	provisional_annotation_absence_not_confirmed_deletion	DRB-STRUCT-17c329d85af8b93c	1	0	0	b3e40fb248fc1c743b67251b9934ff2e3af032049fde9108c234a36fe763c224	DRB__apr050#1	1	0
RCCX	apr050#1	apr050	apr050	APR	apr050#1#h1tg000015l:138045880-143321309_rc	apr050#1#ctg1	3561723	3721886	WHR1-like+|C4BL+|CYP21A1P-like+|TNXA-like-|WHR1B-like+|C4AS+|CYP21A2-like+|TNXA-like-|WHR1B-like+|C4BS+|CYP21A2-like+|TNXB-like-	3	assembly_homology_and_annotation	RCCX-STRUCT-8904b92121a5f1e8	1	0	0	dafa3ccd6466fd60aa646d0f24a98d9028c3547fce9d8babd7ac7320749c9854	RCCX__apr050#1	1	0
DRB	apr050#2	apr050	apr050	APR	apr050#2#h2tg000017l:28548291-33713388	apr050#2#ctg1	4052066	4184304	HLA-DRA+|HLA-DRB3-|HLA-DRB1-	2	provisional_annotation_absence_not_confirmed_deletion	DRB-STRUCT-d9e9c983b0b92c6d	1	0	0	b41b3c86e9d87732cbf0b7fa13c380a6a7231d2933f38796eabbfc840f104828	DRB__apr050#2	1	0
RCCX	apr050#2	apr050	apr050	APR	apr050#2#h2tg000017l:28548291-33713388	apr050#2#ctg1	3616550	3723944	WHR1-like+|C4AL+|CYP21A2-like+|TNXB-like-	1	assembly_homology_and_annotation	RCCX-STRUCT-80c1563b57f16898	1	0	0	f5097e2ad19590e9f93ec8ccfaf5ecf15093361fabf27a2b844327961ca9c89d	RCCX__apr050#2	1	0
DRB	apr051#1	apr051	apr051	APR	apr051#1#h1tg000003l:138076138-143233361_rc	apr051#1#ctg1	4016641	4168897	HLA-DRA+|HLA-DRB5-|HLA-DRB1-	2	provisional_annotation_absence_not_confirmed_deletion	DRB-STRUCT-a57eaf455348c3e7	1	0	0	f37ed48d90c02bc68690860a4dd3d089b9deef0dc6dec86fbfe855e6a584efe9	DRB__apr051#1	1	0
RCCX	apr051#1	apr051	apr051	APR	apr051#1#h1tg000003l:138076138-143233361_rc	apr051#1#ctg1	3548281	3688449	WHR1-like+|C4AL+|CYP21A1P-like+|TNXA-like-|WHR1B-like+|C4BL+|CYP21A2-like+|TNXB-like-	2	assembly_homology_and_annotation	RCCX-STRUCT-c91a117646c15232	1	0	0	14c030c54c4894f7e0671f10fc681ca31055a3d5b67469ccec29af372fa8bdf5	RCCX__apr051#1	1	0
DRB	apr051#2	apr051	apr051	APR	apr051#2#h2tg000005l:138189744-143327910_rc	apr051#2#ctg1	4017825	4150122	HLA-DRA+|HLA-DRB3-|HLA-DRB1-	2	provisional_annotation_absence_not_confirmed_deletion	DRB-STRUCT-d9e9c983b0b92c6d	1	0	0	417276820223c54b5c44e41b01178074d4fae98468903317e591ba4f916048e3	DRB__apr051#2	1	0
RCCX	apr051#2	apr051	apr051	APR	apr051#2#h2tg000005l:138189744-143327910_rc	apr051#2#ctg1	3555990	3689777	WHR1-like+|C4AL+|CYP21A1P-like+|TNXA-like-|WHR1B-like+|C4BS+|CYP21A2-like+|TNXB-like-	2	assembly_homology_and_annotation	RCCX-STRUCT-08dc6d3cd5c804e4	1	0	0	cd1b21ac9b9e47d85a3651bbf83c432082ebef81185aa5d2068a8611a92d8376	RCCX__apr051#2	1	0
DRB	apr52#1	apr52	apr52	APR	apr52#1#h1tg000012l:138556531-143810417_rc	apr52#1#ctg1	4018086	4261703	HLA-DRA+|HLA-DRB4-|HLA-DRB1-	2	provisional_annotation_absence_not_confirmed_deletion	DRB-STRUCT-17c329d85af8b93c	1	0	0	e62d0421b6607338df9fef0ce73aa7cd79b222973fc35d4ee36108db675eb039	DRB__apr52#1	1	0
RCCX	apr52#1	apr52	apr52	APR	apr52#1#h1tg000012l:138556531-143810417_rc	apr52#1#ctg1	3550779	3690937	WHR1-like+|C4AL+|CYP21A1P-like+|TNXA-like-|WHR1B-like+|C4BL+|CYP21A2-like+|TNXB-like-	2	assembly_homology_and_annotation	RCCX-STRUCT-c91a117646c15232	1	0	0	2a051733e5c3829d6da3a5c9c878eae4a1afca2b449aa3aee46b4de410aa62f8	RCCX__apr52#1	1	0
DRB	apr52#2	apr52	apr52	APR	apr52#2#h2tg000003l:137805510-143003962_rc	apr52#2#ctg1	3972847	4214000	HLA-DRA+|HLA-DRB4-|HLA-DRB1-	2	provisional_annotation_absence_not_confirmed_deletion	DRB-STRUCT-17c329d85af8b93c	1	0	0	524c3a98e47677d419cf265017c475ad704f35fc40078174eda9e87731f1f806	DRB__apr52#2	1	0
RCCX	apr52#2	apr52	apr52	APR	apr52#2#h2tg000003l:137805510-143003962_rc	apr52#2#ctg1	3505505	3645679	WHR1-like+|C4AL+|CYP21A1P-like+|TNXA-like-|WHR1B-like+|C4BL+|CYP21A2-like+|TNXB-like-	2	assembly_homology_and_annotation	RCCX-STRUCT-c91a117646c15232	1	0	0	542ccbd24537122aeb36740c19b48f7e249022fd0f394ce78e73768309e5f778	RCCX__apr52#2	1	0
DRB	hg002#1	hg002	hg002	HPRC-Jewish	hg002#1#chr6:28367269-33609101	hg002#1#ctg1	4015660	4256810	HLA-DRA+|HLA-DRB4-|HLA-DRB1-	2	provisional_annotation_absence_not_confirmed_deletion	DRB-STRUCT-17c329d85af8b93c	1	0	0	1a1c177b1c777e1e52a78c379df325681bd262008c35421b7e0b146253e30f45	DRB__hg002#1	1	0
RCCX	hg002#1	hg002	hg002	HPRC-Jewish	hg002#1#chr6:28367269-33609101	hg002#1#ctg1	3548291	3688474	WHR1-like+|C4AL+|CYP21A1P-like+|TNXA-like-|WHR1B-like+|C4BL+|CYP21A2-like+|TNXB-like-	2	assembly_homology_and_annotation	RCCX-STRUCT-c91a117646c15232	1	0	0	58d2ef12016c9433659ea1fdfda5cd68d5c1951b10734e584d09a5944b8e9297	RCCX__hg002#1	1	0
DRB	hg002#2	hg002	hg002	HPRC-Jewish	hg002#2#chr6:28364349-33511960	hg002#2#ctg1	4017601	4162827	HLA-DRA+|HLA-DRB1-	1	provisional_annotation_absence_not_confirmed_deletion	DRB-STRUCT-2e2f348001bcb731	1	0	0	0188ccf3409983cb85d8083ca8d6818738b5f0a8300e7574ce08f4883191ddc9	DRB__hg002#2	1	0
RCCX	hg002#2	hg002	hg002	HPRC-Jewish	hg002#2#chr6:28364349-33511960	hg002#2#ctg1	3550211	3690375	WHR1-like+|C4AL+|CYP21A1P-like+|TNXA-like-|WHR1B-like+|C4BL+|CYP21A2-like+|TNXB-like-	2	assembly_homology_and_annotation	RCCX-STRUCT-c91a117646c15232	1	0	0	d850112c3c98ceee0a50ffb618fa945712ae94fd9cbedfc442096d9b4e504e78	RCCX__hg002#2	1	0
DRB	ksa001#1	ksa001	ksa001	JaSaPaGe-Saudi	ksa001#1#P01_compress.k30.hapmer-0000008:28390148-33635536	ksa001#1#ctg1	4018758	4259920	HLA-DRA+|HLA-DRB4-|HLA-DRB1-	2	provisional_annotation_absence_not_confirmed_deletion	DRB-STRUCT-17c329d85af8b93c	1	0	0	ce361bd59c11513e0f8eac3a40534aeb574d952761e3ab66c0e4ff9fccaf9bb2	DRB__ksa001#1	1	0
RCCX	ksa001#1	ksa001	ksa001	JaSaPaGe-Saudi	ksa001#1#P01_compress.k30.hapmer-0000008:28390148-33635536	ksa001#1#ctg1	3551400	3691561	WHR1-like+|C4AL+|CYP21A1P-like+|TNXA-like-|WHR1B-like+|C4BL+|CYP21A2-like+|TNXB-like-	2	assembly_homology_and_annotation	RCCX-STRUCT-c91a117646c15232	1	0	0	4378c2c842fc9621b3e0b8fc3c0df0d29ca2ee4e25f8b5b0609d049e664e1c7f	RCCX__ksa001#1	1	0
DRB	ksa001#2	ksa001	ksa001	JaSaPaGe-Saudi	ksa001#2#P02_compress.k30.hapmer-0000137:138158892-143358025_rc	ksa001#2#ctg1	4089046	4221409	HLA-DRA+|HLA-DRB3-|HLA-DRB1-	2	provisional_annotation_absence_not_confirmed_deletion	DRB-STRUCT-d9e9c983b0b92c6d	1	0	0	31a425683ea5134475603048939b67ea0ca2aa005a24ac83d960789e8471c5ea	DRB__ksa001#2	1	0
RCCX	ksa001#2	ksa001	ksa001	JaSaPaGe-Saudi	ksa001#2#P02_compress.k30.hapmer-0000137:138158892-143358025_rc	ksa001#2#ctg1	3620922	3761074	WHR1-like+|C4AL+|CYP21A1P-like+|TNXA-like-|WHR1B-like+|C4BL+|CYP21A2-like+|TNXB-like-	2	assembly_homology_and_annotation	RCCX-STRUCT-c91a117646c15232	1	0	0	7e2ae8de490be8810464da00fe68b8bfb8a1defd7171976814d2f347f9cf3ca4	RCCX__ksa001#2	1	0
DRB	ksa002#2	ksa002	ksa002	JaSaPaGe-Saudi	ksa002#2#h2tg000047l:28364582-33489388	ksa002#2#ctg1	4010671	4142939	HLA-DRA+|HLA-DRB3-|HLA-DRB1-	2	provisional_annotation_absence_not_confirmed_deletion	DRB-STRUCT-d9e9c983b0b92c6d	1	0	0	a996971ffb2710bb5e3b7c7c6624213eb15bce603690e6a654544cfde5c9b152	DRB__ksa002#2	1	0
RCCX	ksa002#2	ksa002	ksa002	JaSaPaGe-Saudi	ksa002#2#h2tg000047l:28364582-33489388	ksa002#2#ctg1	3548809	3682707	WHR1-like+|C4AL+|CYP21A2-like+|TNXA-like-|WHR1B-like+|C4BS+|CYP21A2-like+|TNXB-like-	2	assembly_homology_and_annotation	RCCX-STRUCT-804d53b600bb619f	1	0	0	8d009ff23107aa97fe742adc934758c0a6aaf688adf33558b1f9ff5714cbe4fe	RCCX__ksa002#2	1	0
DRB	ksa003#1	ksa003	ksa003	JaSaPaGe-Saudi	ksa003#1#h1tg000003l:26282372-31531568_rc	ksa003#1#ctg1	4023201	4264321	HLA-DRA+|HLA-DRB4-|HLA-DRB1-	2	provisional_annotation_absence_not_confirmed_deletion	DRB-STRUCT-17c329d85af8b93c	1	0	0	5cc0bbd5de967f703bd2168dfe1d42d2fc4732baaf2a409a006972a0bbfe8dd2	DRB__ksa003#1	1	0
RCCX	ksa003#1	ksa003	ksa003	JaSaPaGe-Saudi	ksa003#1#h1tg000003l:26282372-31531568_rc	ksa003#1#ctg1	3562134	3696031	WHR1-like+|C4AL+|CYP21A2-like+|TNXA-like-|WHR1B-like+|C4BS+|CYP21A2-like+|TNXB-like-	2	assembly_homology_and_annotation	RCCX-STRUCT-804d53b600bb619f	1	0	0	ffca610ad64bb92c92539524b7ffac93b36e3f668c484085768c790ac85883d0	RCCX__ksa003#1	1	0
DRB	ksa003#2	ksa003	ksa003	JaSaPaGe-Saudi	ksa003#2#h2tg000004l:28111634-33359120_rc	ksa003#2#ctg1	4021486	4263519	HLA-DRA+|HLA-DRB4-|HLA-DRB1-	2	provisional_annotation_absence_not_confirmed_deletion	DRB-STRUCT-17c329d85af8b93c	1	0	0	3c44d94e1f68e42bfc0b2785dcc39df1bedcd2d3a4df4df9b8445a3edfdd8803	DRB__ksa003#2	1	0
RCCX	ksa003#2	ksa003	ksa003	JaSaPaGe-Saudi	ksa003#2#h2tg000004l:28111634-33359120_rc	ksa003#2#ctg1	3553707	3693866	WHR1-like+|C4AL+|CYP21A1P-like+|TNXA-like-|WHR1B-like+|C4BL+|CYP21A2-like+|TNXB-like-	2	assembly_homology_and_annotation	RCCX-STRUCT-c91a117646c15232	1	0	0	8222eba784a62f38dbcd9a8db8f6b3b345fe7d32b6b14c859b207f07d56d91ab	RCCX__ksa003#2	1	0
DRB	ksa005#1	ksa005	ksa005	JaSaPaGe-Saudi	ksa005#1#h1tg000012l:28289164-33471875	ksa005#1#ctg1	4062781	4198604	HLA-DRA+|HLA-DRB3-|HLA-DRB1-	2	provisional_annotation_absence_not_confirmed_deletion	DRB-STRUCT-d9e9c983b0b92c6d	1	0	0	8b76f835ecfbf0f81f613f60f9ce00a84ace5c45dfb51492ea8c917d2b68cfb0	DRB__ksa005#1	1	0
RCCX	ksa005#1	ksa005	ksa005	JaSaPaGe-Saudi	ksa005#1#h1tg000012l:28289164-33471875	ksa005#1#ctg1	3561885	3734782	WHR1-like+|C4AL+|CYP21A1P-like+|TNXA-like-|WHR1B-like+|C4AL+|CYP21A1P-like+|TNXA-like-|WHR1B-like+|C4BL+|CYP21A2-like+|TNXB-like-	3	assembly_homology_and_annotation	RCCX-STRUCT-ca928f07d032036f	1	0	0	7c1d74890d1f855a4baf3a64b453cf4617a15141ffc58f5c50f2c25a79eaa5a2	RCCX__ksa005#1	1	0
DRB	ksa005#2	ksa005	ksa005	JaSaPaGe-Saudi	ksa005#2#h2tg000015l:28455196-33802696	ksa005#2#ctg1	4121675	4362829	HLA-DRA+|HLA-DRB4-|HLA-DRB1-	2	provisional_annotation_absence_not_confirmed_deletion	DRB-STRUCT-17c329d85af8b93c	1	0	0	48b58824883ed03f287c1edba6466b171133ff6bc07e8e82ba044baa9005e9a7	DRB__ksa005#2	1	0
RCCX	ksa005#2	ksa005	ksa005	JaSaPaGe-Saudi	ksa005#2#h2tg000015l:28455196-33802696	ksa005#2#ctg1	3621562	3794458	WHR1-like+|C4AL+|CYP21A1P-like+|TNXA-like-|WHR1B-like+|C4AL+|CYP21A1P-like+|TNXA-like-|WHR1B-like+|C4BL+|CYP21A2-like+|TNXB-like-	3	assembly_homology_and_annotation	RCCX-STRUCT-ca928f07d032036f	1	0	0	0eefec8194972132bb76be19d7720862e4f93d11ac5b9b7da0a0c72b91b776f8	RCCX__ksa005#2	1	0
DRB	ksa006#1	ksa006	ksa006	JaSaPaGe-Saudi	ksa006#1#h1tg000023l:24976893-30234320_rc	ksa006#1#ctg1	4020749	4264150	HLA-DRA+|HLA-DRB4-|HLA-DRB1-	2	provisional_annotation_absence_not_confirmed_deletion	DRB-STRUCT-17c329d85af8b93c	1	0	0	c7df36270688b168e123b518a6723003f18a049f90eceb8b8208d6a2a0371b6b	DRB__ksa006#1	1	0
RCCX	ksa006#1	ksa006	ksa006	JaSaPaGe-Saudi	ksa006#1#h1tg000023l:24976893-30234320_rc	ksa006#1#ctg1	3533400	3693560	WHR1-like+|C4BL+|CYP21A1P-like+|TNXA-like-|WHR1B-like+|C4AS+|CYP21A2-like+|TNXA-like-|WHR1B-like+|C4BS+|CYP21A2-like+|TNXB-like-	3	assembly_homology_and_annotation	RCCX-STRUCT-8904b92121a5f1e8	1	0	0	e6686c68cd825f4a9d65821b9664882056de1219e2d0f430e220fbe85dc1da88	RCCX__ksa006#1	1	0
DRB	ksa007#1	ksa007	ksa007	JaSaPaGe-Saudi	ksa007#1#h1tg000051l:6349428-11505741_rc	ksa007#1#ctg1	4036404	4172237	HLA-DRA+|HLA-DRB3-|HLA-DRB1-	2	provisional_annotation_absence_not_confirmed_deletion	DRB-STRUCT-d9e9c983b0b92c6d	1	0	0	19c0e63462a60df8a7ca74afaa96dfd31063c4be582eecd2c07508a7c72b133e	DRB__ksa007#1	1	0
RCCX	ksa007#1	ksa007	ksa007	JaSaPaGe-Saudi	ksa007#1#h1tg000051l:6349428-11505741_rc	ksa007#1#ctg1	3551000	3691159	WHR1-like+|C4AL+|CYP21A1P-like+|TNXA-like-|WHR1B-like+|C4BL+|CYP21A2-like+|TNXB-like-	2	assembly_homology_and_annotation	RCCX-STRUCT-c91a117646c15232	1	0	0	b4d560dcea124b09b3c17f618955a8c6eb5c043680c68da3d99abdc3542bfc14	RCCX__ksa007#1	1	0
DRB	ksa007#2	ksa007	ksa007	JaSaPaGe-Saudi	ksa007#2#h2tg000027l:3344535-8478308	ksa007#2#ctg1	3992082	4144793	HLA-DRA+|HLA-DRB5-|HLA-DRB1-	2	provisional_annotation_absence_not_confirmed_deletion	DRB-STRUCT-a57eaf455348c3e7	1	0	0	d67e83bf9afb65c6d359c04582aa921c30a3a673765f487f0a21602ada9b97fc	DRB__ksa007#2	1	0
RCCX	ksa007#2	ksa007	ksa007	JaSaPaGe-Saudi	ksa007#2#h2tg000027l:3344535-8478308	ksa007#2#ctg1	3506008	3646202	WHR1-like+|C4AL+|CYP21A1P-like+|TNXA-like-|WHR1B-like+|C4AL+|CYP21A2-like+|TNXB-like-	2	assembly_homology_and_annotation	RCCX-STRUCT-109f6cb2c3c027c8	1	0	0	0964645cf75a4f5ca49a94107ffe001265d0f17151f855401cf3a8871a454e5c	RCCX__ksa007#2	1	0
DRB	ksa008#1	ksa008	ksa008	JaSaPaGe-Saudi	ksa008#1#h1tg000006l:28325815-33557944	ksa008#1#ctg1	3995746	4239145	HLA-DRA+|HLA-DRB4-|HLA-DRB1-	2	provisional_annotation_absence_not_confirmed_deletion	DRB-STRUCT-17c329d85af8b93c	1	0	0	59e7eca770715a24969459cd6a3809fde4a1f7d58fb7525f8fd81276b3c559f4	DRB__ksa008#1	1	0
RCCX	ksa008#1	ksa008	ksa008	JaSaPaGe-Saudi	ksa008#1#h1tg000006l:28325815-33557944	ksa008#1#ctg1	3534762	3668552	WHR1-like+|C4BL+|CYP21A1P-like+|TNXA-like-|WHR1B-like+|C4AS+|CYP21A2-like+|TNXB-like-	2	assembly_homology_and_annotation	RCCX-STRUCT-fc96b32fa448cea2	1	0	0	f7d5400dcb52c084b3ce7281afbfef6a55d99ba7322b4e6db361ecbcae529ba1	RCCX__ksa008#1	1	0
DRB	ksa008#2	ksa008	ksa008	JaSaPaGe-Saudi	ksa008#2#h2tg000040l:26875251-31991332_rc	ksa008#2#ctg1	3999980	4131749	HLA-DRA+|HLA-DRB3-|HLA-DRB1-	2	provisional_annotation_absence_not_confirmed_deletion	DRB-STRUCT-d9e9c983b0b92c6d	1	0	0	bfd5312fd13cb6cb5a0c6f6e88df95fd7f34be86b0b3be9f02ac330729837223	DRB__ksa008#2	1	0
RCCX	ksa008#2	ksa008	ksa008	JaSaPaGe-Saudi	ksa008#2#h2tg000040l:26875251-31991332_rc	ksa008#2#ctg1	3538050	3671900	WHR1-like+|C4AL+|CYP21A1P-like+|TNXA-like-|WHR1B-like+|C4BS+|CYP21A2-like+|TNXB-like-	2	assembly_homology_and_annotation	RCCX-STRUCT-08dc6d3cd5c804e4	1	0	0	cc32d22204382ca78002e147f42915e06a6e145a48ae995129a078d23e596114	RCCX__ksa008#2	1	0
