locus	hap_id	donor	family	cohort	contig	graph_path	start0	end0	structural_signature	copy_number	truth_status	structure_id
DRB	HG00097#1	HG00097	HG00097	HPRC-Rest	HG00097#1#JBIRDD010000044.1:28461910-33634610	HG00097#1#ctg1	4031398	4183730	HLA-DRA+|HLA-DRB5-|HLA-DRB1-	2	provisional_annotation_absence_not_confirmed_deletion	DRB-STRUCT-a57eaf455348c3e7
DRB	HG00097#2	HG00097	HG00097	HPRC-Rest	HG00097#2#JBIRDE010000007.1:28438526-33548333	HG00097#2#ctg1	3992727	4128954	HLA-DRA+|HLA-DRB3-|HLA-DRB1-	2	provisional_annotation_absence_not_confirmed_deletion	DRB-STRUCT-d9e9c983b0b92c6d
DRB	HG00099#1	HG00099	HG00099	HPRC-Rest	HG00099#1#JBHDWO010000057.1:28378111-33500321	HG00099#1#ctg1	4011969	4144341	HLA-DRA+|HLA-DRB3-|HLA-DRB1-	2	provisional_annotation_absence_not_confirmed_deletion	DRB-STRUCT-d9e9c983b0b92c6d
DRB	HG00099#2	HG00099	HG00099	HPRC-Rest	HG00099#2#CM087361.1:28397166-33493833	HG00099#2#ctg1	3981225	4117460	HLA-DRA+|HLA-DRB3-|HLA-DRB1-	2	provisional_annotation_absence_not_confirmed_deletion	DRB-STRUCT-d9e9c983b0b92c6d
DRB	HG00126#1	HG00126	HG00126	HPRC-Rest	HG00126#1#CM090112.1:28356760-33437962	HG00126#1#ctg1	3965365	4097434	HLA-DRA+|HLA-DRB3-|HLA-DRB1-	2	provisional_annotation_absence_not_confirmed_deletion	DRB-STRUCT-d9e9c983b0b92c6d
DRB	HG00126#2	HG00126	HG00126	HPRC-Rest	HG00126#2#CM090124.1:28373995-33623206	HG00126#2#ctg1	4013874	4256758	HLA-DRA+|HLA-DRB4-|HLA-DRB1-	2	provisional_annotation_absence_not_confirmed_deletion	DRB-STRUCT-17c329d85af8b93c
DRB	HG00128#1	HG00128	HG00128	HPRC-Rest	HG00128#1#CM090080.1:28391628-33572064	HG00128#1#ctg1	4056261	4195042	HLA-DRA+|HLA-DRB1-	1	provisional_annotation_absence_not_confirmed_deletion	DRB-STRUCT-2e2f348001bcb731
DRB	HG00128#2	HG00128	HG00128	HPRC-Rest	HG00128#2#CM090096.1:28379634-33499179	HG00128#2#ctg1	4003936	4139857	HLA-DRA+|HLA-DRB3-|HLA-DRB1-	2	provisional_annotation_absence_not_confirmed_deletion	DRB-STRUCT-d9e9c983b0b92c6d
DRB	HG00133#1	HG00133	HG00133	HPRC-Rest	HG00133#1#CM090050.1:28455191-33589633	HG00133#1#ctg1	4016925	4149038	HLA-DRA+|HLA-DRB3-|HLA-DRB1-	2	provisional_annotation_absence_not_confirmed_deletion	DRB-STRUCT-d9e9c983b0b92c6d
DRB	HG00133#2	HG00133	HG00133	HPRC-Rest	HG00133#2#CM090065.1:28391702-33637176	HG00133#2#ctg1	4019176	4260349	HLA-DRA+|HLA-DRB4-|HLA-DRB1-	2	provisional_annotation_absence_not_confirmed_deletion	DRB-STRUCT-17c329d85af8b93c
DRB	HG00140#1	HG00140	HG00140	HPRC-Rest	HG00140#1#CM087111.1:28362821-33594371	HG00140#1#ctg1	4106729	4245508	HLA-DRA+|HLA-DRB1-	1	provisional_annotation_absence_not_confirmed_deletion	DRB-STRUCT-2e2f348001bcb731
DRB	HG00140#2	HG00140	HG00140	HPRC-Rest	HG00140#2#CM087137.1:28381998-33511941	HG00140#2#ctg1	4012746	4148981	HLA-DRA+|HLA-DRB3-|HLA-DRB1-	2	provisional_annotation_absence_not_confirmed_deletion	DRB-STRUCT-d9e9c983b0b92c6d
DRB	HG00146#1	HG00146	HG00146	HPRC-Rest	HG00146#1#CM090015.1:28391294-33489055	HG00146#1#ctg1	3981234	4117470	HLA-DRA+|HLA-DRB3-|HLA-DRB1-	2	provisional_annotation_absence_not_confirmed_deletion	DRB-STRUCT-d9e9c983b0b92c6d
DRB	HG00146#2	HG00146	HG00146	HPRC-Rest	HG00146#2#JBHIKP010000006.1:28398454-33526840	HG00146#2#ctg1	4004323	4143107	HLA-DRA+|HLA-DRB1-	1	provisional_annotation_absence_not_confirmed_deletion	DRB-STRUCT-2e2f348001bcb731
DRB	HG00232#1	HG00232	HG00232	HPRC-Rest	HG00232#1#JBHIKM010000014.1:28302939-33474178	HG00232#1#ctg1	4030012	4182266	HLA-DRA+|HLA-DRB5-|HLA-DRB1-	2	provisional_annotation_absence_not_confirmed_deletion	DRB-STRUCT-a57eaf455348c3e7
DRB	HG00232#2	HG00232	HG00232	HPRC-Rest	HG00232#2#JBHIKN010000040.1:28366410-33541603	HG00232#2#ctg1	4059396	4191624	HLA-DRA+|HLA-DRB3-|HLA-DRB1-	2	provisional_annotation_absence_not_confirmed_deletion	DRB-STRUCT-d9e9c983b0b92c6d
DRB	HG00235#1	HG00235	HG00235	HPRC-Rest	HG00235#1#JBIRED010000015.1:28430445-33672471	HG00235#1#ctg1	4015750	4256952	HLA-DRA+|HLA-DRB4-|HLA-DRB1-	2	provisional_annotation_absence_not_confirmed_deletion	DRB-STRUCT-17c329d85af8b93c
DRB	HG00235#2	HG00235	HG00235	HPRC-Rest	HG00235#2#JBIREE010000012.1:28440799-33687305	HG00235#2#ctg1	4020318	4262338	HLA-DRA+|HLA-DRB4-|HLA-DRB1-	2	provisional_annotation_absence_not_confirmed_deletion	DRB-STRUCT-17c329d85af8b93c
DRB	HG00253#1	HG00253	HG00253	HPRC-Rest	HG00253#1#CM094460.1:28362997-33511495	HG00253#1#ctg1	4032478	4168703	HLA-DRA+|HLA-DRB3-|HLA-DRB1-	2	provisional_annotation_absence_not_confirmed_deletion	DRB-STRUCT-d9e9c983b0b92c6d
DRB	HG00253#2	HG00253	HG00253	HPRC-Rest	HG00253#2#CM094482.1:28362559-33525998	HG00253#2#ctg1	4021702	4173965	HLA-DRA+|HLA-DRB5-|HLA-DRB1-	2	provisional_annotation_absence_not_confirmed_deletion	DRB-STRUCT-a57eaf455348c3e7
DRB	HG00272#1	HG00272	HG00272	HPRC-Rest	HG00272#1#CM094189.1:28268096-33422158	HG00272#1#ctg1	4034587	4170378	HLA-DRA+|HLA-DRB3-|HLA-DRB1-	2	provisional_annotation_absence_not_confirmed_deletion	DRB-STRUCT-d9e9c983b0b92c6d
DRB	HG00272#2	HG00272	HG00272	HPRC-Rest	HG00272#2#CM094216.1:28400431-33497055	HG00272#2#ctg1	3981193	4117427	HLA-DRA+|HLA-DRB3-|HLA-DRB1-	2	provisional_annotation_absence_not_confirmed_deletion	DRB-STRUCT-d9e9c983b0b92c6d
DRB	HG00280#1	HG00280	HG00280	HPRC-Rest	HG00280#1#CM087149.1:28404965-33542525	HG00280#1#ctg1	4020514	4156413	HLA-DRA+|HLA-DRB3-|HLA-DRB1-	2	provisional_annotation_absence_not_confirmed_deletion	DRB-STRUCT-d9e9c983b0b92c6d
DRB	HG00280#2	HG00280	HG00280	HPRC-Rest	HG00280#2#CM087160.1:28390542-33496389	HG00280#2#ctg1	3990439	4126674	HLA-DRA+|HLA-DRB3-|HLA-DRB1-	2	provisional_annotation_absence_not_confirmed_deletion	DRB-STRUCT-d9e9c983b0b92c6d
DRB	HG00290#1	HG00290	HG00290	HPRC-Rest	HG00290#1#CM089982.1:28384478-33524366	HG00290#1#ctg1	4015074	4153854	HLA-DRA+|HLA-DRB1-	1	provisional_annotation_absence_not_confirmed_deletion	DRB-STRUCT-2e2f348001bcb731
DRB	HG00290#2	HG00290	HG00290	HPRC-Rest	HG00290#2#CM090006.1:28396532-33558743	HG00290#2#ctg1	4038170	4176954	HLA-DRA+|HLA-DRB1-	1	provisional_annotation_absence_not_confirmed_deletion	DRB-STRUCT-2e2f348001bcb731
DRB	HG00320#1	HG00320	HG00320	HPRC-Rest	HG00320#1#CM089951.1:28434922-33547606	HG00320#1#ctg1	4057851	4129701	HLA-DRA+|HLA-DRB1-	1	provisional_annotation_absence_not_confirmed_deletion	DRB-STRUCT-2e2f348001bcb731
DRB	HG00320#2	HG00320	HG00320	HPRC-Rest	HG00320#2#CM089965.1:28395668-33476154	HG00320#2#ctg1	4025973	4097827	HLA-DRA+|HLA-DRB1-	1	provisional_annotation_absence_not_confirmed_deletion	DRB-STRUCT-2e2f348001bcb731
DRB	HG00321#1	HG00321	HG00321	HPRC-Rest	HG00321#1#CM089541.1:28422537-33579208	HG00321#1#ctg1	4016629	4168966	HLA-DRA+|HLA-DRB5-|HLA-DRB1-	2	provisional_annotation_absence_not_confirmed_deletion	DRB-STRUCT-a57eaf455348c3e7
DRB	HG00321#2	HG00321	HG00321	HPRC-Rest	HG00321#2#CM089572.1:28378789-33420293	HG00321#2#ctg1	3986760	4058610	HLA-DRA+|HLA-DRB1-	1	provisional_annotation_absence_not_confirmed_deletion	DRB-STRUCT-2e2f348001bcb731
DRB	HG00323#1	HG00323	HG00323	HPRC-Rest	HG00323#1#CM087306.1:28385818-33469846	HG00323#1#ctg1	3966180	4098084	HLA-DRA+|HLA-DRB3-|HLA-DRB1-	2	provisional_annotation_absence_not_confirmed_deletion	DRB-STRUCT-d9e9c983b0b92c6d
DRB	HG00323#2	HG00323	HG00323	HPRC-Rest	HG00323#2#CM087331.1:28400279-33501006	HG00323#2#ctg1	3959175	4111505	HLA-DRA+|HLA-DRB5-|HLA-DRB1-	2	provisional_annotation_absence_not_confirmed_deletion	DRB-STRUCT-a57eaf455348c3e7
DRB	HG00329#1	HG00329	HG00329	HPRC-Rest	HG00329#1#CM094227.1:28398918-33572031	HG00329#1#ctg1	4056681	4189095	HLA-DRA+|HLA-DRB3-|HLA-DRB1-	2	provisional_annotation_absence_not_confirmed_deletion	DRB-STRUCT-d9e9c983b0b92c6d
DRB	HG00329#2	HG00329	HG00329	HPRC-Rest	HG00329#2#JBIRDQ010000006.1:28383055-33548759	HG00329#2#ctg1	4041583	4180334	HLA-DRA+|HLA-DRB1-	1	provisional_annotation_absence_not_confirmed_deletion	DRB-STRUCT-2e2f348001bcb731
DRB	HG00344#1	HG00344	HG00344	HPRC-Rest	HG00344#1#JBIREN010000005.1:28404553-33569861	HG00344#1#ctg1	4025482	4177777	HLA-DRA+|HLA-DRB5-|HLA-DRB1-	2	provisional_annotation_absence_not_confirmed_deletion	DRB-STRUCT-a57eaf455348c3e7
DRB	HG00344#2	HG00344	HG00344	HPRC-Rest	HG00344#2#JBIREO010000046.1:28507887-33680519	HG00344#2#ctg1	4031418	4183754	HLA-DRA+|HLA-DRB5-|HLA-DRB1-	2	provisional_annotation_absence_not_confirmed_deletion	DRB-STRUCT-a57eaf455348c3e7
DRB	HG00350#1	HG00350	HG00350	HPRC-Rest	HG00350#1#JBIREL010000054.1:28392042-33553743	HG00350#1#ctg1	4037676	4176456	HLA-DRA+|HLA-DRB1-	1	provisional_annotation_absence_not_confirmed_deletion	DRB-STRUCT-2e2f348001bcb731
DRB	HG00350#2	HG00350	HG00350	HPRC-Rest	HG00350#2#JBIREM010000045.1:28412158-33655472	HG00350#2#ctg1	4018247	4259867	HLA-DRA+|HLA-DRB4-|HLA-DRB1-	2	provisional_annotation_absence_not_confirmed_deletion	DRB-STRUCT-17c329d85af8b93c
DRB	HG00408#1	HG00408	HG00406	HPRC-EastAsian	HG00408#1#CM085956.1:28367209-33537812	HG00408#1#ctg1	4051508	4183177	HLA-DRA+|HLA-DRB3-|HLA-DRB1-	2	provisional_annotation_absence_not_confirmed_deletion	DRB-STRUCT-d9e9c983b0b92c6d
DRB	HG00408#2	HG00408	HG00406	HPRC-EastAsian	HG00408#2#CM085969.1:28371022-33519581	HG00408#2#ctg1	4006993	4159346	HLA-DRA+|HLA-DRB5-|HLA-DRB1-	2	provisional_annotation_absence_not_confirmed_deletion	DRB-STRUCT-a57eaf455348c3e7
DRB	HG00423#1	HG00423	HG00421	HPRC-EastAsian	HG00423#1#CM089400.1:28362185-33602188	HG00423#1#ctg1	4011728	4253755	HLA-DRA+|HLA-DRB4-|HLA-DRB1-	2	provisional_annotation_absence_not_confirmed_deletion	DRB-STRUCT-17c329d85af8b93c
DRB	HG00423#2	HG00423	HG00421	HPRC-EastAsian	HG00423#2#CM089416.1:28353255-33428495	HG00423#2#ctg1	4021629	4090204	HLA-DRA+|HLA-DRB1-	1	provisional_annotation_absence_not_confirmed_deletion	DRB-STRUCT-2e2f348001bcb731
DRB	HG00438#1	HG00438	HG00436	HPRC-EastAsian	HG00438#1#CM089172.1:28419975-33475943	HG00438#1#ctg1	3937753	4069971	HLA-DRA+|HLA-DRB3-|HLA-DRB1-	2	provisional_annotation_absence_not_confirmed_deletion	DRB-STRUCT-d9e9c983b0b92c6d
DRB	HG00438#2	HG00438	HG00436	HPRC-EastAsian	HG00438#2#CM089191.1:28355071-33575312	HG00438#2#ctg1	3995091	4236270	HLA-DRA+|HLA-DRB4-|HLA-DRB1-	2	provisional_annotation_absence_not_confirmed_deletion	DRB-STRUCT-17c329d85af8b93c
DRB	HG005#1	HG005	HG005	HPRC-EastAsian	HG005#1#CM099986.1:28343337-33540760	HG005#1#ctg1	3971927	4213208	HLA-DRA+|HLA-DRB4-|HLA-DRB1-	2	provisional_annotation_absence_not_confirmed_deletion	DRB-STRUCT-17c329d85af8b93c
DRB	HG005#2	HG005	HG005	HPRC-EastAsian	HG005#2#CM099975.1:28427209-33625676	HG005#2#ctg1	3972347	4214354	HLA-DRA+|HLA-DRB4-|HLA-DRB1-	2	provisional_annotation_absence_not_confirmed_deletion	DRB-STRUCT-17c329d85af8b93c
DRB	HG00544#1	HG00544	HG00542	HPRC-EastAsian	HG00544#1#CM089373.1:28382951-33635750	HG00544#1#ctg1	4024753	4266779	HLA-DRA+|HLA-DRB4-|HLA-DRB1-	2	provisional_annotation_absence_not_confirmed_deletion	DRB-STRUCT-17c329d85af8b93c
DRB	HG00544#2	HG00544	HG00542	HPRC-EastAsian	HG00544#2#CM089387.1:28377663-33617357	HG00544#2#ctg1	4011690	4253716	HLA-DRA+|HLA-DRB4-|HLA-DRB1-	2	provisional_annotation_absence_not_confirmed_deletion	DRB-STRUCT-17c329d85af8b93c
DRB	HG00558#1	HG00558	HG00556	HPRC-EastAsian	HG00558#1#CM088495.1:28611632-33843761	HG00558#1#ctg1	4006402	4248410	HLA-DRA+|HLA-DRB4-|HLA-DRB1-	2	provisional_annotation_absence_not_confirmed_deletion	DRB-STRUCT-17c329d85af8b93c
DRB	HG00558#2	HG00558	HG00556	HPRC-EastAsian	HG00558#2#CM088524.1:28472433-33604465	HG00558#2#ctg1	4002275	4147501	HLA-DRA+|HLA-DRB1-	1	provisional_annotation_absence_not_confirmed_deletion	DRB-STRUCT-2e2f348001bcb731
DRB	HG00597#1	HG00597	HG00595	HPRC-EastAsian	HG00597#1#JBHDUU010000003.1:28248152-33413616	HG00597#1#ctg1	4051782	4184112	HLA-DRA+|HLA-DRB3-|HLA-DRB1-	2	provisional_annotation_absence_not_confirmed_deletion	DRB-STRUCT-d9e9c983b0b92c6d
DRB	HG00597#2	HG00597	HG00595	HPRC-EastAsian	HG00597#2#CM085784.1:28381176-33466863	HG00597#2#ctg1	3975929	4108296	HLA-DRA+|HLA-DRB3-|HLA-DRB1-	2	provisional_annotation_absence_not_confirmed_deletion	DRB-STRUCT-d9e9c983b0b92c6d
DRB	HG00609#1	HG00609	HG00607	HPRC-EastAsian	HG00609#1#CM086351.1:28557002-33710805	HG00609#1#ctg1	4013487	4166235	HLA-DRA+|HLA-DRB5-|HLA-DRB1-	2	provisional_annotation_absence_not_confirmed_deletion	DRB-STRUCT-a57eaf455348c3e7
DRB	HG00609#2	HG00609	HG00607	HPRC-EastAsian	HG00609#2#CM086361.1:28373908-33563607	HG00609#2#ctg1	3964410	4206394	HLA-DRA+|HLA-DRB4-|HLA-DRB1-	2	provisional_annotation_absence_not_confirmed_deletion	DRB-STRUCT-17c329d85af8b93c
DRB	HG00621#1	HG00621	HG00619	HPRC-EastAsian	HG00621#1#CM087851.1:28412809-33652212	HG00621#1#ctg1	4013474	4255486	HLA-DRA+|HLA-DRB4-|HLA-DRB1-	2	provisional_annotation_absence_not_confirmed_deletion	DRB-STRUCT-17c329d85af8b93c
DRB	HG00621#2	HG00621	HG00619	HPRC-EastAsian	HG00621#2#CM087865.1:28365619-33503852	HG00621#2#ctg1	4028540	4160894	HLA-DRA+|HLA-DRB3-|HLA-DRB1-	2	provisional_annotation_absence_not_confirmed_deletion	DRB-STRUCT-d9e9c983b0b92c6d
DRB	HG00639#1	HG00639	HG00637	HPRC-Rest	HG00639#1#CM088540.1:28385584-33628081	HG00639#1#ctg1	4015810	4257010	HLA-DRA+|HLA-DRB4-|HLA-DRB1-	2	provisional_annotation_absence_not_confirmed_deletion	DRB-STRUCT-17c329d85af8b93c
DRB	HG00639#2	HG00639	HG00637	HPRC-Rest	HG00639#2#CM088555.1:28389308-33644836	HG00639#2#ctg1	4030508	4271665	HLA-DRA+|HLA-DRB4-|HLA-DRB1-	2	provisional_annotation_absence_not_confirmed_deletion	DRB-STRUCT-17c329d85af8b93c
DRB	HG00642#1	HG00642	HG00640	HPRC-Rest	HG00642#1#JBHDST010000009.1:28352295-33459982	HG00642#1#ctg1	3994632	4126865	HLA-DRA+|HLA-DRB3-|HLA-DRB1-	2	provisional_annotation_absence_not_confirmed_deletion	DRB-STRUCT-d9e9c983b0b92c6d
DRB	HG00642#2	HG00642	HG00640	HPRC-Rest	HG00642#2#CM086622.1:28408489-33506502	HG00642#2#ctg1	3980801	4113362	HLA-DRA+|HLA-DRB3-|HLA-DRB1-	2	provisional_annotation_absence_not_confirmed_deletion	DRB-STRUCT-d9e9c983b0b92c6d
DRB	HG00658#1	HG00658	HG00656	HPRC-EastAsian	HG00658#1#CM088776.1:28382214-33455895	HG00658#1#ctg1	4020063	4088639	HLA-DRA+|HLA-DRB1-	1	provisional_annotation_absence_not_confirmed_deletion	DRB-STRUCT-2e2f348001bcb731
DRB	HG00658#2	HG00658	HG00656	HPRC-EastAsian	HG00658#2#CM088798.1:28345511-33527662	HG00658#2#ctg1	4062118	4197414	HLA-DRA+|HLA-DRB3-|HLA-DRB1-	2	provisional_annotation_absence_not_confirmed_deletion	DRB-STRUCT-d9e9c983b0b92c6d
DRB	HG00673#1	HG00673	HG00671	HPRC-EastAsian	HG00673#1#CM089145.1:28380395-33412996	HG00673#1#ctg1	3923389	4055784	HLA-DRA+|HLA-DRB3-|HLA-DRB1-	2	provisional_annotation_absence_not_confirmed_deletion	DRB-STRUCT-d9e9c983b0b92c6d
DRB	HG00673#2	HG00673	HG00671	HPRC-EastAsian	HG00673#2#CM089157.1:28378967-33442230	HG00673#2#ctg1	4008916	4077497	HLA-DRA+|HLA-DRB1-	1	provisional_annotation_absence_not_confirmed_deletion	DRB-STRUCT-2e2f348001bcb731
DRB	HG00706#1	HG00706	HG00704	HPRC-EastAsian	HG00706#1#CM100016.1:28396497-33554012	HG00706#1#ctg1	4015800	4168515	HLA-DRA+|HLA-DRB5-|HLA-DRB1-	2	provisional_annotation_absence_not_confirmed_deletion	DRB-STRUCT-a57eaf455348c3e7
DRB	HG00706#2	HG00706	HG00704	HPRC-EastAsian	HG00706#2#CM100060.1:28411727-33571906	HG00706#2#ctg1	4019553	4171901	HLA-DRA+|HLA-DRB5-|HLA-DRB1-	2	provisional_annotation_absence_not_confirmed_deletion	DRB-STRUCT-a57eaf455348c3e7
DRB	HG00733#1	HG00733	HG00731	HPRC-Rest	HG00733#1#JAHEPQ020000004.1:28448883-33531506	HG00733#1#ctg1	3972675	4105054	HLA-DRA+|HLA-DRB3-|HLA-DRB1-	2	provisional_annotation_absence_not_confirmed_deletion	DRB-STRUCT-d9e9c983b0b92c6d
DRB	HG00733#2	HG00733	HG00731	HPRC-Rest	HG00733#2#JAHEPP020000013.1:28389728-33496160	HG00733#2#ctg1	3994614	4126847	HLA-DRA+|HLA-DRB3-|HLA-DRB1-	2	provisional_annotation_absence_not_confirmed_deletion	DRB-STRUCT-d9e9c983b0b92c6d
DRB	HG00735#1	HG00735	HG00734	HPRC-Rest	HG00735#1#CM087879.1:28400157-33626272	HG00735#1#ctg1	4101693	4240468	HLA-DRA+|HLA-DRB1-	1	provisional_annotation_absence_not_confirmed_deletion	DRB-STRUCT-2e2f348001bcb731
DRB	HG00735#2	HG00735	HG00734	HPRC-Rest	HG00735#2#CM087888.1:28407279-33712571	HG00735#2#ctg1	4079088	4320185	HLA-DRA+|HLA-DRB4-|HLA-DRB1-	2	provisional_annotation_absence_not_confirmed_deletion	DRB-STRUCT-17c329d85af8b93c
DRB	HG00738#1	HG00738	HG00736	HPRC-Rest	HG00738#1#CM086647.1:28420303-33517291	HG00738#1#ctg1	3981259	4117494	HLA-DRA+|HLA-DRB3-|HLA-DRB1-	2	provisional_annotation_absence_not_confirmed_deletion	DRB-STRUCT-d9e9c983b0b92c6d
DRB	HG00738#2	HG00738	HG00736	HPRC-Rest	HG00738#2#CM086684.1:28399019-33553590	HG00738#2#ctg1	4035713	4171503	HLA-DRA+|HLA-DRB3-|HLA-DRB1-	2	provisional_annotation_absence_not_confirmed_deletion	DRB-STRUCT-d9e9c983b0b92c6d
DRB	HG00741#1	HG00741	HG00739	HPRC-Rest	HG00741#1#CM087899.1:28395234-33528259	HG00741#1#ctg1	4022701	4155077	HLA-DRA+|HLA-DRB3-|HLA-DRB1-	2	provisional_annotation_absence_not_confirmed_deletion	DRB-STRUCT-d9e9c983b0b92c6d
DRB	HG00741#2	HG00741	HG00739	HPRC-Rest	HG00741#2#CM087911.1:28428150-33619756	HG00741#2#ctg1	4078043	4210170	HLA-DRA+|HLA-DRB3-|HLA-DRB1-	2	provisional_annotation_absence_not_confirmed_deletion	DRB-STRUCT-d9e9c983b0b92c6d
DRB	HG01071#1	HG01071	HG01069	HPRC-Rest	HG01071#1#CM089116.1:28400399-33605490	HG01071#1#ctg1	3968506	4211373	HLA-DRA+|HLA-DRB4-|HLA-DRB1-	2	provisional_annotation_absence_not_confirmed_deletion	DRB-STRUCT-17c329d85af8b93c
DRB	HG01071#2	HG01071	HG01069	HPRC-Rest	HG01071#2#JAHBCE020000004.1:28353469-33512869	HG01071#2#ctg1	4048336	4180597	HLA-DRA+|HLA-DRB3-|HLA-DRB1-	2	provisional_annotation_absence_not_confirmed_deletion	DRB-STRUCT-d9e9c983b0b92c6d
DRB	HG01074#1	HG01074	HG01072	HPRC-Rest	HG01074#1#CM088786.1:28385433-33531927	HG01074#1#ctg1	4005416	4157674	HLA-DRA+|HLA-DRB5-|HLA-DRB1-	2	provisional_annotation_absence_not_confirmed_deletion	DRB-STRUCT-a57eaf455348c3e7
DRB	HG01074#2	HG01074	HG01072	HPRC-Rest	HG01074#2#CM088812.1:28367163-33616085	HG01074#2#ctg1	4013615	4256491	HLA-DRA+|HLA-DRB4-|HLA-DRB1-	2	provisional_annotation_absence_not_confirmed_deletion	DRB-STRUCT-17c329d85af8b93c
DRB	HG01081#1	HG01081	HG01079	HPRC-Rest	HG01081#1#CM088567.1:28461361-33570671	HG01081#1#ctg1	3999961	4132349	HLA-DRA+|HLA-DRB3-|HLA-DRB1-	2	provisional_annotation_absence_not_confirmed_deletion	DRB-STRUCT-d9e9c983b0b92c6d
DRB	HG01081#2	HG01081	HG01079	HPRC-Rest	HG01081#2#CM088583.1:28313947-33411923	HG01081#2#ctg1	3980776	4113335	HLA-DRA+|HLA-DRB3-|HLA-DRB1-	2	provisional_annotation_absence_not_confirmed_deletion	DRB-STRUCT-d9e9c983b0b92c6d
DRB	HG01099#1	HG01099	HG01097	HPRC-Rest	HG01099#1#CM086260.1:28473499-33727222	HG01099#1#ctg1	4018455	4261337	HLA-DRA+|HLA-DRB4-|HLA-DRB1-	2	provisional_annotation_absence_not_confirmed_deletion	DRB-STRUCT-17c329d85af8b93c
DRB	HG01099#2	HG01099	HG01097	HPRC-Rest	HG01099#2#CM086271.1:28372897-33623240	HG01099#2#ctg1	4013918	4256791	HLA-DRA+|HLA-DRB4-|HLA-DRB1-	2	provisional_annotation_absence_not_confirmed_deletion	DRB-STRUCT-17c329d85af8b93c
DRB	HG01106#1	HG01106	HG01104	HPRC-Rest	HG01106#1#CM087952.1:28365981-33527455	HG01106#1#ctg1	4049342	4181576	HLA-DRA+|HLA-DRB3-|HLA-DRB1-	2	provisional_annotation_absence_not_confirmed_deletion	DRB-STRUCT-d9e9c983b0b92c6d
DRB	HG01106#2	HG01106	HG01104	HPRC-Rest	HG01106#2#CM087965.1:28447447-33606093	HG01106#2#ctg1	4045834	4178078	HLA-DRA+|HLA-DRB3-|HLA-DRB1-	2	provisional_annotation_absence_not_confirmed_deletion	DRB-STRUCT-d9e9c983b0b92c6d
DRB	HG01109#1	HG01109	HG01107	HPRC-Rest	HG01109#1#CM092087.1:28385979-33527092	HG01109#1#ctg1	4086332	4158612	HLA-DRA+|HLA-DRB1-	1	provisional_annotation_absence_not_confirmed_deletion	DRB-STRUCT-2e2f348001bcb731
DRB	HG01109#2	HG01109	HG01107	HPRC-Rest	HG01109#2#CM092075.1:28375676-33512099	HG01109#2#ctg1	4012404	4151235	HLA-DRA+|HLA-DRB1-	1	provisional_annotation_absence_not_confirmed_deletion	DRB-STRUCT-2e2f348001bcb731
DRB	HG01123#1	HG01123	HG01123	HPRC-Rest	HG01123#1#CM089083.1:28404843-33659990	HG01123#1#ctg1	4020806	4263250	HLA-DRA+|HLA-DRB4-|HLA-DRB1-	2	provisional_annotation_absence_not_confirmed_deletion	DRB-STRUCT-17c329d85af8b93c
DRB	HG01123#2	HG01123	HG01123	HPRC-Rest	HG01123#2#CM089098.1:28415807-33563460	HG01123#2#ctg1	4027832	4163624	HLA-DRA+|HLA-DRB3-|HLA-DRB1-	2	provisional_annotation_absence_not_confirmed_deletion	DRB-STRUCT-d9e9c983b0b92c6d
DRB	HG01150#1	HG01150	HG01148	HPRC-Rest	HG01150#1#CM088598.1:28377562-33536105	HG01150#1#ctg1	4016164	4168496	HLA-DRA+|HLA-DRB5-|HLA-DRB1-	2	provisional_annotation_absence_not_confirmed_deletion	DRB-STRUCT-a57eaf455348c3e7
DRB	HG01150#2	HG01150	HG01148	HPRC-Rest	HG01150#2#CM088614.1:28600391-33807062	HG01150#2#ctg1	4088419	4224536	HLA-DRA+|HLA-DRB3-|HLA-DRB1-	2	provisional_annotation_absence_not_confirmed_deletion	DRB-STRUCT-d9e9c983b0b92c6d
DRB	HG01167#1	HG01167	HG01167	HPRC-Rest	HG01167#1#CM094528.1:28408993-33550950	HG01167#1#ctg1	3915539	4156642	HLA-DRA+|HLA-DRB4-|HLA-DRB1-	2	provisional_annotation_absence_not_confirmed_deletion	DRB-STRUCT-17c329d85af8b93c
DRB	HG01167#2	HG01167	HG01167	HPRC-Rest	HG01167#2#CM094543.1:28383235-33548638	HG01167#2#ctg1	4024203	4176535	HLA-DRA+|HLA-DRB5-|HLA-DRB1-	2	provisional_annotation_absence_not_confirmed_deletion	DRB-STRUCT-a57eaf455348c3e7
DRB	HG01175#1	HG01175	HG01173	HPRC-Rest	HG01175#1#CM087925.1:28388857-33560219	HG01175#1#ctg1	4029670	4181928	HLA-DRA+|HLA-DRB5-|HLA-DRB1-	2	provisional_annotation_absence_not_confirmed_deletion	DRB-STRUCT-a57eaf455348c3e7
DRB	HG01175#2	HG01175	HG01173	HPRC-Rest	HG01175#2#CM087940.1:28426263-33594671	HG01175#2#ctg1	4044349	4183135	HLA-DRA+|HLA-DRB1-	1	provisional_annotation_absence_not_confirmed_deletion	DRB-STRUCT-2e2f348001bcb731
DRB	HG01192#1	HG01192	HG01190	HPRC-Rest	HG01192#1#JBHDVI010000008.1:28423245-33497113	HG01192#1#ctg1	4019443	4091292	HLA-DRA+|HLA-DRB1-	1	provisional_annotation_absence_not_confirmed_deletion	DRB-STRUCT-2e2f348001bcb731
DRB	HG01192#2	HG01192	HG01190	HPRC-Rest	HG01192#2#JBHDVJ010000035.1:28425182-33556403	HG01192#2#ctg1	4020237	4152467	HLA-DRA+|HLA-DRB3-|HLA-DRB1-	2	provisional_annotation_absence_not_confirmed_deletion	DRB-STRUCT-d9e9c983b0b92c6d
DRB	HG01243#1	HG01243	HG01241	HPRC-Rest	HG01243#1#JAHEOY020000051.1:28395858-33529902	HG01243#1#ctg1	4015599	4147548	HLA-DRA+|HLA-DRB3-|HLA-DRB1-	2	provisional_annotation_absence_not_confirmed_deletion	DRB-STRUCT-d9e9c983b0b92c6d
DRB	HG01243#2	HG01243	HG01241	HPRC-Rest	HG01243#2#JAHEOX020000061.1:28429017-33652180	HG01243#2#ctg1	4104088	4239881	HLA-DRA+|HLA-DRB3-|HLA-DRB1-	2	provisional_annotation_absence_not_confirmed_deletion	DRB-STRUCT-d9e9c983b0b92c6d
DRB	HG01252#1	HG01252	HG01250	HPRC-Rest	HG01252#1#CM088824.1:28394713-33593325	HG01252#1#ctg1	3972524	4213719	HLA-DRA+|HLA-DRB4-|HLA-DRB1-	2	provisional_annotation_absence_not_confirmed_deletion	DRB-STRUCT-17c329d85af8b93c
DRB	HG01252#2	HG01252	HG01250	HPRC-Rest	HG01252#2#CM088855.1:28339611-33537772	HG01252#2#ctg1	3972283	4213934	HLA-DRA+|HLA-DRB4-|HLA-DRB1-	2	provisional_annotation_absence_not_confirmed_deletion	DRB-STRUCT-17c329d85af8b93c
DRB	HG01255#1	HG01255	HG01253	HPRC-Rest	HG01255#1#CM086707.1:28387912-33538917	HG01255#1#ctg1	4031345	4167137	HLA-DRA+|HLA-DRB3-|HLA-DRB1-	2	provisional_annotation_absence_not_confirmed_deletion	DRB-STRUCT-d9e9c983b0b92c6d
DRB	HG01255#2	HG01255	HG01253	HPRC-Rest	HG01255#2#CM086721.1:28434597-33610529	HG01255#2#ctg1	4035300	4187621	HLA-DRA+|HLA-DRB5-|HLA-DRB1-	2	provisional_annotation_absence_not_confirmed_deletion	DRB-STRUCT-a57eaf455348c3e7
DRB	HG01258#1	HG01258	HG01256	HPRC-Rest	HG01258#1#CM088113.1:28436863-33569447	HG01258#1#ctg1	4016735	4149050	HLA-DRA+|HLA-DRB3-|HLA-DRB1-	2	provisional_annotation_absence_not_confirmed_deletion	DRB-STRUCT-d9e9c983b0b92c6d
DRB	HG01258#2	HG01258	HG01256	HPRC-Rest	HG01258#2#JAGYYU020000010.1:28495340-33647216	HG01258#2#ctg1	4022279	4167505	HLA-DRA+|HLA-DRB1-	1	provisional_annotation_absence_not_confirmed_deletion	DRB-STRUCT-2e2f348001bcb731
DRB	HG01261#1	HG01261	HG01259	HPRC-Rest	HG01261#1#JBHDVG010000007.1:28479273-33732193	HG01261#1#ctg1	4026379	4268389	HLA-DRA+|HLA-DRB4-|HLA-DRB1-	2	provisional_annotation_absence_not_confirmed_deletion	DRB-STRUCT-17c329d85af8b93c
DRB	HG01261#2	HG01261	HG01259	HPRC-Rest	HG01261#2#JBHDVH010000044.1:28397284-33514117	HG01261#2#ctg1	4062803	4135090	HLA-DRA+|HLA-DRB1-	1	provisional_annotation_absence_not_confirmed_deletion	DRB-STRUCT-2e2f348001bcb731
DRB	HG01346#1	HG01346	HG01344	HPRC-Rest	HG01346#1#CM086588.1:28433990-33540363	HG01346#1#ctg1	3988375	4124509	HLA-DRA+|HLA-DRB3-|HLA-DRB1-	2	provisional_annotation_absence_not_confirmed_deletion	DRB-STRUCT-d9e9c983b0b92c6d
DRB	HG01346#2	HG01346	HG01344	HPRC-Rest	HG01346#2#JBHDSS010000002.1:28289708-33434702	HG01346#2#ctg1	4027195	4159117	HLA-DRA+|HLA-DRB3-|HLA-DRB1-	2	provisional_annotation_absence_not_confirmed_deletion	DRB-STRUCT-d9e9c983b0b92c6d
DRB	HG01358#1	HG01358	HG01356	HPRC-Rest	HG01358#1#CM089055.1:28447322-33645210	HG01358#1#ctg1	3972280	4213486	HLA-DRA+|HLA-DRB4-|HLA-DRB1-	2	provisional_annotation_absence_not_confirmed_deletion	DRB-STRUCT-17c329d85af8b93c
DRB	HG01358#2	HG01358	HG01356	HPRC-Rest	HG01358#2#CM089068.1:28448274-33504819	HG01358#2#ctg1	3937819	4070245	HLA-DRA+|HLA-DRB3-|HLA-DRB1-	2	provisional_annotation_absence_not_confirmed_deletion	DRB-STRUCT-d9e9c983b0b92c6d
DRB	HG01361#1	HG01361	HG01359	HPRC-Rest	HG01361#1#CM089024.1:28417386-33535858	HG01361#1#ctg1	4005908	4137640	HLA-DRA+|HLA-DRB3-|HLA-DRB1-	2	provisional_annotation_absence_not_confirmed_deletion	DRB-STRUCT-d9e9c983b0b92c6d
DRB	HG01361#2	HG01361	HG01359	HPRC-Rest	HG01361#2#CM089040.1:28439662-33687433	HG01361#2#ctg1	4012546	4255429	HLA-DRA+|HLA-DRB4-|HLA-DRB1-	2	provisional_annotation_absence_not_confirmed_deletion	DRB-STRUCT-17c329d85af8b93c
DRB	HG01433#1	HG01433	HG01431	HPRC-Rest	HG01433#1#CM086483.1:28472310-33714767	HG01433#1#ctg1	4016269	4257947	HLA-DRA+|HLA-DRB4-|HLA-DRB1-	2	provisional_annotation_absence_not_confirmed_deletion	DRB-STRUCT-17c329d85af8b93c
DRB	HG01433#2	HG01433	HG01431	HPRC-Rest	HG01433#2#CM086511.1:28432606-33680115	HG01433#2#ctg1	4012155	4255036	HLA-DRA+|HLA-DRB4-|HLA-DRB1-	2	provisional_annotation_absence_not_confirmed_deletion	DRB-STRUCT-17c329d85af8b93c
DRB	HG01496#1	HG01496	HG01494	HPRC-Rest	HG01496#1#CM086373.1:28374305-33527298	HG01496#1#ctg1	4029827	4168606	HLA-DRA+|HLA-DRB1-	1	provisional_annotation_absence_not_confirmed_deletion	DRB-STRUCT-2e2f348001bcb731
DRB	HG01496#2	HG01496	HG01494	HPRC-Rest	HG01496#2#CM086388.1:28388376-33615208	HG01496#2#ctg1	4000678	4241876	HLA-DRA+|HLA-DRB4-|HLA-DRB1-	2	provisional_annotation_absence_not_confirmed_deletion	DRB-STRUCT-17c329d85af8b93c
DRB	HG01530#1	HG01530	HG01530	HPRC-Rest	HG01530#1#CM087536.1:28292231-33446470	HG01530#1#ctg1	4029913	4168687	HLA-DRA+|HLA-DRB1-	1	provisional_annotation_absence_not_confirmed_deletion	DRB-STRUCT-2e2f348001bcb731
DRB	HG01530#2	HG01530	HG01530	HPRC-Rest	HG01530#2#CM087560.1:28372601-33566242	HG01530#2#ctg1	3958172	4201044	HLA-DRA+|HLA-DRB4-|HLA-DRB1-	2	provisional_annotation_absence_not_confirmed_deletion	DRB-STRUCT-17c329d85af8b93c
DRB	HG01784#1	HG01784	HG01782	HPRC-Rest	HG01784#1#CM087570.1:28443802-33693813	HG01784#1#ctg1	4020674	4261823	HLA-DRA+|HLA-DRB4-|HLA-DRB1-	2	provisional_annotation_absence_not_confirmed_deletion	DRB-STRUCT-17c329d85af8b93c
DRB	HG01784#2	HG01784	HG01782	HPRC-Rest	HG01784#2#CM087597.1:28389780-33578100	HG01784#2#ctg1	3962308	4203498	HLA-DRA+|HLA-DRB4-|HLA-DRB1-	2	provisional_annotation_absence_not_confirmed_deletion	DRB-STRUCT-17c329d85af8b93c
DRB	HG01786#1	HG01786	HG01785	HPRC-Rest	HG01786#1#CM089504.1:28430581-33555976	HG01786#1#ctg1	4016284	4148662	HLA-DRA+|HLA-DRB3-|HLA-DRB1-	2	provisional_annotation_absence_not_confirmed_deletion	DRB-STRUCT-d9e9c983b0b92c6d
DRB	HG01786#2	HG01786	HG01785	HPRC-Rest	HG01786#2#JBHIIX010000001.1:28291277-33427374	HG01786#2#ctg1	4019352	4151778	HLA-DRA+|HLA-DRB3-|HLA-DRB1-	2	provisional_annotation_absence_not_confirmed_deletion	DRB-STRUCT-d9e9c983b0b92c6d
DRB	HG01884#1	HG01884	HG01884	HPRC-Rest	HG01884#1#JBHDSB010000050.1:28364997-33565662	HG01884#1#ctg1	4085285	4217010	HLA-DRA+|HLA-DRB3-|HLA-DRB1-	2	provisional_annotation_absence_not_confirmed_deletion	DRB-STRUCT-d9e9c983b0b92c6d
DRB	HG01884#2	HG01884	HG01884	HPRC-Rest	HG01884#2#CM086422.1:28486017-33727367	HG01884#2#ctg1	4124168	4256243	HLA-DRA+|HLA-DRB3-|HLA-DRB1-	2	provisional_annotation_absence_not_confirmed_deletion	DRB-STRUCT-d9e9c983b0b92c6d
DRB	HG01891#1	HG01891	HG01889	HPRC-Rest	HG01891#1#JAGYVO020000076.1:2900811-8125517	HG01891#1#ctg1	4081189	4233506	HLA-DRA+|HLA-DRB5-|HLA-DRB1-	2	provisional_annotation_absence_not_confirmed_deletion	DRB-STRUCT-a57eaf455348c3e7
DRB	HG01891#2	HG01891	HG01889	HPRC-Rest	HG01891#2#JAGYVN020000007.1:1681129-6883010	HG01891#2#ctg1	4078123	4216954	HLA-DRA+|HLA-DRB1-	1	provisional_annotation_absence_not_confirmed_deletion	DRB-STRUCT-2e2f348001bcb731
DRB	HG01928#1	HG01928	HG01926	HPRC-Rest	HG01928#1#CM088988.1:28420054-33667363	HG01928#1#ctg1	4021147	4262342	HLA-DRA+|HLA-DRB4-|HLA-DRB1-	2	provisional_annotation_absence_not_confirmed_deletion	DRB-STRUCT-17c329d85af8b93c
DRB	HG01928#2	HG01928	HG01926	HPRC-Rest	HG01928#2#CM089004.1:28358676-33609094	HG01928#2#ctg1	4021584	4263734	HLA-DRA+|HLA-DRB4-|HLA-DRB1-	2	provisional_annotation_absence_not_confirmed_deletion	DRB-STRUCT-17c329d85af8b93c
DRB	HG01934#1	HG01934	HG01932	HPRC-Rest	HG01934#1#CM088840.1:28381638-33543037	HG01934#1#ctg1	4020208	4172538	HLA-DRA+|HLA-DRB5-|HLA-DRB1-	2	provisional_annotation_absence_not_confirmed_deletion	DRB-STRUCT-a57eaf455348c3e7
DRB	HG01934#2	HG01934	HG01932	HPRC-Rest	HG01934#2#CM088881.1:28393788-33621610	HG01934#2#ctg1	4001617	4242748	HLA-DRA+|HLA-DRB4-|HLA-DRB1-	2	provisional_annotation_absence_not_confirmed_deletion	DRB-STRUCT-17c329d85af8b93c
DRB	HG01940#1	HG01940	HG01938	HPRC-Rest	HG01940#1#CM088633.1:28416533-33550847	HG01940#1#ctg1	4016609	4152723	HLA-DRA+|HLA-DRB3-|HLA-DRB1-	2	provisional_annotation_absence_not_confirmed_deletion	DRB-STRUCT-d9e9c983b0b92c6d
DRB	HG01940#2	HG01940	HG01938	HPRC-Rest	HG01940#2#JBHIHL010000009.1:28391811-33519262	HG01940#2#ctg1	4008769	4144889	HLA-DRA+|HLA-DRB3-|HLA-DRB1-	2	provisional_annotation_absence_not_confirmed_deletion	DRB-STRUCT-d9e9c983b0b92c6d
DRB	HG01943#1	HG01943	HG01941	HPRC-Rest	HG01943#1#JBHIIK010000008.1:28388608-33634739	HG01943#1#ctg1	4019902	4261107	HLA-DRA+|HLA-DRB4-|HLA-DRB1-	2	provisional_annotation_absence_not_confirmed_deletion	DRB-STRUCT-17c329d85af8b93c
DRB	HG01943#2	HG01943	HG01941	HPRC-Rest	HG01943#2#JBHIIL010000059.1:28384336-33527821	HG01943#2#ctg1	3915520	4157520	HLA-DRA+|HLA-DRB4-|HLA-DRB1-	2	provisional_annotation_absence_not_confirmed_deletion	DRB-STRUCT-17c329d85af8b93c
DRB	HG01952#1	HG01952	HG01950	HPRC-Rest	HG01952#1#JAHAME020000003.1:28509779-33725990	HG01952#1#ctg1	4096685	4232805	HLA-DRA+|HLA-DRB3-|HLA-DRB1-	2	provisional_annotation_absence_not_confirmed_deletion	DRB-STRUCT-d9e9c983b0b92c6d
DRB	HG01952#2	HG01952	HG01950	HPRC-Rest	HG01952#2#CM087999.1:28438146-33670995	HG01952#2#ctg1	4006739	4248391	HLA-DRA+|HLA-DRB4-|HLA-DRB1-	2	provisional_annotation_absence_not_confirmed_deletion	DRB-STRUCT-17c329d85af8b93c
DRB	HG01960#1	HG01960	HG01960	HPRC-Rest	HG01960#1#JBHIHM010000013.1:28299727-33553963	HG01960#1#ctg1	4018611	4260619	HLA-DRA+|HLA-DRB4-|HLA-DRB1-	2	provisional_annotation_absence_not_confirmed_deletion	DRB-STRUCT-17c329d85af8b93c
DRB	HG01960#2	HG01960	HG01960	HPRC-Rest	HG01960#2#JBHIHN010000011.1:28515170-33644789	HG01960#2#ctg1	4012584	4144524	HLA-DRA+|HLA-DRB3-|HLA-DRB1-	2	provisional_annotation_absence_not_confirmed_deletion	DRB-STRUCT-d9e9c983b0b92c6d
DRB	HG01969#1	HG01969	HG01967	HPRC-Rest	HG01969#1#CM088687.1:28438493-33684979	HG01969#1#ctg1	4011130	4254017	HLA-DRA+|HLA-DRB4-|HLA-DRB1-	2	provisional_annotation_absence_not_confirmed_deletion	DRB-STRUCT-17c329d85af8b93c
DRB	HG01969#2	HG01969	HG01967	HPRC-Rest	HG01969#2#CM088699.1:28424697-33581502	HG01969#2#ctg1	4032411	4171190	HLA-DRA+|HLA-DRB1-	1	provisional_annotation_absence_not_confirmed_deletion	DRB-STRUCT-2e2f348001bcb731
DRB	HG01975#1	HG01975	HG01973	HPRC-Rest	HG01975#1#JBJUVS010000062.1:28446168-33791199	HG01975#1#ctg1	4119607	4361247	HLA-DRA+|HLA-DRB4-|HLA-DRB1-	2	provisional_annotation_absence_not_confirmed_deletion	DRB-STRUCT-17c329d85af8b93c
DRB	HG01975#2	HG01975	HG01973	HPRC-Rest	HG01975#2#CM099812.1:28391516-33619784	HG01975#2#ctg1	4001507	4243519	HLA-DRA+|HLA-DRB4-|HLA-DRB1-	2	provisional_annotation_absence_not_confirmed_deletion	DRB-STRUCT-17c329d85af8b93c
DRB	HG01978#1	HG01978	HG01976	HPRC-Rest	HG01978#1#CM089247.1:28385214-33602216	HG01978#1#ctg1	4080552	4233179	HLA-DRA+|HLA-DRB5-|HLA-DRB1-	2	provisional_annotation_absence_not_confirmed_deletion	DRB-STRUCT-a57eaf455348c3e7
DRB	HG01978#2	HG01978	HG01976	HPRC-Rest	HG01978#2#CM089273.1:28354032-33630223	HG01978#2#ctg1	4048479	4290568	HLA-DRA+|HLA-DRB4-|HLA-DRB1-	2	provisional_annotation_absence_not_confirmed_deletion	DRB-STRUCT-17c329d85af8b93c
DRB	HG01981#1	HG01981	HG01979	HPRC-Rest	HG01981#1#JBHDRV010000009.1:28410315-33655950	HG01981#1#ctg1	4019291	4260492	HLA-DRA+|HLA-DRB4-|HLA-DRB1-	2	provisional_annotation_absence_not_confirmed_deletion	DRB-STRUCT-17c329d85af8b93c
DRB	HG01981#2	HG01981	HG01979	HPRC-Rest	HG01981#2#JBHDRW010000010.1:28410780-33681446	HG01981#2#ctg1	4044468	4285662	HLA-DRA+|HLA-DRB4-|HLA-DRB1-	2	provisional_annotation_absence_not_confirmed_deletion	DRB-STRUCT-17c329d85af8b93c
DRB	HG01993#1	HG01993	HG01991	HPRC-Rest	HG01993#1#JBHDSL010000047.1:28406826-33615858	HG01993#1#ctg1	4072632	4225257	HLA-DRA+|HLA-DRB5-|HLA-DRB1-	2	provisional_annotation_absence_not_confirmed_deletion	DRB-STRUCT-a57eaf455348c3e7
DRB	HG01993#2	HG01993	HG01991	HPRC-Rest	HG01993#2#JBHDSM010000062.1:28431770-33594269	HG01993#2#ctg1	4038197	4176972	HLA-DRA+|HLA-DRB1-	1	provisional_annotation_absence_not_confirmed_deletion	DRB-STRUCT-2e2f348001bcb731
DRB	HG02004#1	HG02004	HG02002	HPRC-Rest	HG02004#1#JBHDRT010000003.1:28425702-33656904	HG02004#1#ctg1	4004197	4246328	HLA-DRA+|HLA-DRB4-|HLA-DRB1-	2	provisional_annotation_absence_not_confirmed_deletion	DRB-STRUCT-17c329d85af8b93c
DRB	HG02004#2	HG02004	HG02002	HPRC-Rest	HG02004#2#JBHDRU010000054.1:28359862-33635123	HG02004#2#ctg1	4048099	4290116	HLA-DRA+|HLA-DRB4-|HLA-DRB1-	2	provisional_annotation_absence_not_confirmed_deletion	DRB-STRUCT-17c329d85af8b93c
DRB	HG02015#1	HG02015	HG02015	HPRC-EastAsian	HG02015#1#CM085893.1:28402846-33586394	HG02015#1#ctg1	4040628	4192844	HLA-DRA+|HLA-DRB5-|HLA-DRB1-	2	provisional_annotation_absence_not_confirmed_deletion	DRB-STRUCT-a57eaf455348c3e7
DRB	HG02015#2	HG02015	HG02015	HPRC-EastAsian	HG02015#2#CM085899.1:28383446-33717143	HG02015#2#ctg1	4109169	4350789	HLA-DRA+|HLA-DRB4-|HLA-DRB1-	2	provisional_annotation_absence_not_confirmed_deletion	DRB-STRUCT-17c329d85af8b93c
DRB	HG02027#1	HG02027	HG02027	HPRC-EastAsian	HG02027#1#JBHDTX010000002.1:1623368-6786940	HG02027#1#ctg1	4050182	4181982	HLA-DRA+|HLA-DRB3-|HLA-DRB1-	2	provisional_annotation_absence_not_confirmed_deletion	DRB-STRUCT-d9e9c983b0b92c6d
DRB	HG02027#2	HG02027	HG02027	HPRC-EastAsian	HG02027#2#JBHDTY010000008.1:1623003-6755193	HG02027#2#ctg1	4015385	4150918	HLA-DRA+|HLA-DRB3-|HLA-DRB1-	2	provisional_annotation_absence_not_confirmed_deletion	DRB-STRUCT-d9e9c983b0b92c6d
DRB	HG02040#1	HG02040	HG02040	HPRC-EastAsian	HG02040#1#CM087376.1:28407779-33615862	HG02040#1#ctg1	4078847	4224089	HLA-DRA+|HLA-DRB1-	1	provisional_annotation_absence_not_confirmed_deletion	DRB-STRUCT-2e2f348001bcb731
DRB	HG02040#2	HG02040	HG02040	HPRC-EastAsian	HG02040#2#CM087404.1:28421077-33661960	HG02040#2#ctg1	4013296	4255322	HLA-DRA+|HLA-DRB4-|HLA-DRB1-	2	provisional_annotation_absence_not_confirmed_deletion	DRB-STRUCT-17c329d85af8b93c
DRB	HG02055#1	HG02055	HG02053	HPRC-Rest	HG02055#1#JAHEPK020000065.1:28422841-33550861	HG02055#1#ctg1	4078972	4147060	HLA-DRA+|HLA-DRB1-	1	provisional_annotation_absence_not_confirmed_deletion	DRB-STRUCT-2e2f348001bcb731
DRB	HG02055#2	HG02055	HG02053	HPRC-Rest	HG02055#2#JAHEPJ020000062.1:28297948-33346879	HG02055#2#ctg1	3938763	4071005	HLA-DRA+|HLA-DRB3-|HLA-DRB1-	2	provisional_annotation_absence_not_confirmed_deletion	DRB-STRUCT-d9e9c983b0b92c6d
DRB	HG02056#1	HG02056	HG02056	HPRC-EastAsian	HG02056#1#JBHDVC010000047.1:28415946-33618338	HG02056#1#ctg1	4088457	4220333	HLA-DRA+|HLA-DRB3-|HLA-DRB1-	2	provisional_annotation_absence_not_confirmed_deletion	DRB-STRUCT-d9e9c983b0b92c6d
DRB	HG02056#2	HG02056	HG02056	HPRC-EastAsian	HG02056#2#JBHDVD010000050.1:28353386-33462193	HG02056#2#ctg1	3995414	4127290	HLA-DRA+|HLA-DRB3-|HLA-DRB1-	2	provisional_annotation_absence_not_confirmed_deletion	DRB-STRUCT-d9e9c983b0b92c6d
DRB	HG02071#1	HG02071	HG02071	HPRC-EastAsian	HG02071#1#CM088260.1:28423541-33557862	HG02071#1#ctg1	4020857	4153115	HLA-DRA+|HLA-DRB3-|HLA-DRB1-	2	provisional_annotation_absence_not_confirmed_deletion	DRB-STRUCT-d9e9c983b0b92c6d
DRB	HG02071#2	HG02071	HG02071	HPRC-EastAsian	HG02071#2#CM088283.1:28360932-33442152	HG02071#2#ctg1	3966687	4098435	HLA-DRA+|HLA-DRB3-|HLA-DRB1-	2	provisional_annotation_absence_not_confirmed_deletion	DRB-STRUCT-d9e9c983b0b92c6d
DRB	HG02074#1	HG02074	HG02074	HPRC-EastAsian	HG02074#1#JBHIGK010000076.1:28344776-33475569	HG02074#1#ctg1	4012157	4143830	HLA-DRA+|HLA-DRB3-|HLA-DRB1-	2	provisional_annotation_absence_not_confirmed_deletion	DRB-STRUCT-d9e9c983b0b92c6d
DRB	HG02074#2	HG02074	HG02074	HPRC-EastAsian	HG02074#2#JBHIGL010000008.1:28378730-33632643	HG02074#2#ctg1	4026312	4268333	HLA-DRA+|HLA-DRB4-|HLA-DRB1-	2	provisional_annotation_absence_not_confirmed_deletion	DRB-STRUCT-17c329d85af8b93c
DRB	HG02080#1	HG02080	HG02080	HPRC-EastAsian	HG02080#1#CM092061.1:28425542-33593192	HG02080#1#ctg1	4057200	4189469	HLA-DRA+|HLA-DRB3-|HLA-DRB1-	2	provisional_annotation_absence_not_confirmed_deletion	DRB-STRUCT-d9e9c983b0b92c6d
DRB	HG02080#2	HG02080	HG02080	HPRC-EastAsian	HG02080#2#CM092047.1:28460929-33706794	HG02080#2#ctg1	4010629	4254256	HLA-DRA+|HLA-DRB4-|HLA-DRB1-	2	provisional_annotation_absence_not_confirmed_deletion	DRB-STRUCT-17c329d85af8b93c
DRB	HG02083#1	HG02083	HG02083	HPRC-EastAsian	HG02083#1#JBHDTV010000048.1:28371858-33537852	HG02083#1#ctg1	4052403	4184658	HLA-DRA+|HLA-DRB3-|HLA-DRB1-	2	provisional_annotation_absence_not_confirmed_deletion	DRB-STRUCT-d9e9c983b0b92c6d
DRB	HG02083#2	HG02083	HG02083	HPRC-EastAsian	HG02083#2#CM086965.1:28472527-33711689	HG02083#2#ctg1	4011741	4253752	HLA-DRA+|HLA-DRB4-|HLA-DRB1-	2	provisional_annotation_absence_not_confirmed_deletion	DRB-STRUCT-17c329d85af8b93c
DRB	HG02109#1	HG02109	HG02109	HPRC-Rest	HG02109#1#CM092161.1:28294553-33395631	HG02109#1#ctg1	3980752	4116380	HLA-DRA+|HLA-DRB3-|HLA-DRB1-	2	provisional_annotation_absence_not_confirmed_deletion	DRB-STRUCT-d9e9c983b0b92c6d
DRB	HG02109#2	HG02109	HG02109	HPRC-Rest	HG02109#2#CM092147.1:28420239-33580817	HG02109#2#ctg1	4111466	4183134	HLA-DRA+|HLA-DRB1-	1	provisional_annotation_absence_not_confirmed_deletion	DRB-STRUCT-2e2f348001bcb731
DRB	HG02129#1	HG02129	HG02129	HPRC-EastAsian	HG02129#1#CM085849.1:28352001-33545967	HG02129#1#ctg1	4077227	4209631	HLA-DRA+|HLA-DRB3-|HLA-DRB1-	2	provisional_annotation_absence_not_confirmed_deletion	DRB-STRUCT-d9e9c983b0b92c6d
DRB	HG02129#2	HG02129	HG02129	HPRC-EastAsian	HG02129#2#CM085860.1:28366606-33493917	HG02129#2#ctg1	3987568	4139816	HLA-DRA+|HLA-DRB5-|HLA-DRB1-	2	provisional_annotation_absence_not_confirmed_deletion	DRB-STRUCT-a57eaf455348c3e7
DRB	HG02132#1	HG02132	HG02132	HPRC-EastAsian	HG02132#1#CM086897.1:28372349-33619790	HG02132#1#ctg1	4019366	4261384	HLA-DRA+|HLA-DRB4-|HLA-DRB1-	2	provisional_annotation_absence_not_confirmed_deletion	DRB-STRUCT-17c329d85af8b93c
DRB	HG02132#2	HG02132	HG02132	HPRC-EastAsian	HG02132#2#CM086908.1:28367828-33688656	HG02132#2#ctg1	4095681	4337088	HLA-DRA+|HLA-DRB4-|HLA-DRB1-	2	provisional_annotation_absence_not_confirmed_deletion	DRB-STRUCT-17c329d85af8b93c
DRB	HG02135#1	HG02135	HG02135	HPRC-EastAsian	HG02135#1#CM088309.1:28410959-33520604	HG02135#1#ctg1	3967652	4119961	HLA-DRA+|HLA-DRB5-|HLA-DRB1-	2	provisional_annotation_absence_not_confirmed_deletion	DRB-STRUCT-a57eaf455348c3e7
DRB	HG02135#2	HG02135	HG02135	HPRC-EastAsian	HG02135#2#CM088319.1:28377765-33615244	HG02135#2#ctg1	4010772	4252790	HLA-DRA+|HLA-DRB4-|HLA-DRB1-	2	provisional_annotation_absence_not_confirmed_deletion	DRB-STRUCT-17c329d85af8b93c
DRB	HG02145#1	HG02145	HG02143	HPRC-Rest	HG02145#1#CM099672.1:28303733-33469758	HG02145#1#ctg1	4028222	4180993	HLA-DRA+|HLA-DRB5-|HLA-DRB1-	2	provisional_annotation_absence_not_confirmed_deletion	DRB-STRUCT-a57eaf455348c3e7
DRB	HG02145#2	HG02145	HG02143	HPRC-Rest	HG02145#2#CM099657.1:28376784-33593129	HG02145#2#ctg1	4095805	4231174	HLA-DRA+|HLA-DRB3-|HLA-DRB1-	2	provisional_annotation_absence_not_confirmed_deletion	DRB-STRUCT-d9e9c983b0b92c6d
DRB	HG02148#1	HG02148	HG02146	HPRC-Rest	HG02148#1#JAHAMG020000062.1:28379085-33505835	HG02148#1#ctg1	4008109	4144229	HLA-DRA+|HLA-DRB3-|HLA-DRB1-	2	provisional_annotation_absence_not_confirmed_deletion	DRB-STRUCT-d9e9c983b0b92c6d
DRB	HG02148#2	HG02148	HG02146	HPRC-Rest	HG02148#2#JAHAMF020000005.1:28427628-33536175	HG02148#2#ctg1	3995493	4127725	HLA-DRA+|HLA-DRB3-|HLA-DRB1-	2	provisional_annotation_absence_not_confirmed_deletion	DRB-STRUCT-d9e9c983b0b92c6d
DRB	HG02155#1	HG02155	HG02155	HPRC-EastAsian	HG02155#1#JBIECB010000043.1:28423029-33561929	HG02155#1#ctg1	3997956	4150670	HLA-DRA+|HLA-DRB5-|HLA-DRB1-	2	provisional_annotation_absence_not_confirmed_deletion	DRB-STRUCT-a57eaf455348c3e7
DRB	HG02155#2	HG02155	HG02155	HPRC-EastAsian	HG02155#2#CM091924.1:28362729-33591130	HG02155#2#ctg1	4085891	4238530	HLA-DRA+|HLA-DRB5-|HLA-DRB1-	2	provisional_annotation_absence_not_confirmed_deletion	DRB-STRUCT-a57eaf455348c3e7
DRB	HG02165#1	HG02165	HG02165	HPRC-EastAsian	HG02165#1#CM087444.1:28424290-33561901	HG02165#1#ctg1	4014702	4150031	HLA-DRA+|HLA-DRB3-|HLA-DRB1-	2	provisional_annotation_absence_not_confirmed_deletion	DRB-STRUCT-d9e9c983b0b92c6d
DRB	HG02165#2	HG02165	HG02165	HPRC-EastAsian	HG02165#2#JBHDWX010000045.1:28431174-33561779	HG02165#2#ctg1	4011993	4143666	HLA-DRA+|HLA-DRB3-|HLA-DRB1-	2	provisional_annotation_absence_not_confirmed_deletion	DRB-STRUCT-d9e9c983b0b92c6d
DRB	HG02178#1	HG02178	HG02178	HPRC-EastAsian	HG02178#1#CM089925.1:28399752-33646110	HG02178#1#ctg1	4018782	4260807	HLA-DRA+|HLA-DRB4-|HLA-DRB1-	2	provisional_annotation_absence_not_confirmed_deletion	DRB-STRUCT-17c329d85af8b93c
DRB	HG02178#2	HG02178	HG02178	HPRC-EastAsian	HG02178#2#CM089938.1:28370915-33566694	HG02178#2#ctg1	4055216	4207534	HLA-DRA+|HLA-DRB5-|HLA-DRB1-	2	provisional_annotation_absence_not_confirmed_deletion	DRB-STRUCT-a57eaf455348c3e7
DRB	HG02257#1	HG02257	HG02255	HPRC-Rest	HG02257#1#CM089221.1:28424772-33551966	HG02257#1#ctg1	4017108	4148940	HLA-DRA+|HLA-DRB3-|HLA-DRB1-	2	provisional_annotation_absence_not_confirmed_deletion	DRB-STRUCT-d9e9c983b0b92c6d
DRB	HG02257#2	HG02257	HG02255	HPRC-Rest	HG02257#2#CM089260.1:28471160-33602067	HG02257#2#ctg1	4007548	4145829	HLA-DRA+|HLA-DRB1-	1	provisional_annotation_absence_not_confirmed_deletion	DRB-STRUCT-2e2f348001bcb731
DRB	HG02258#1	HG02258	HG02258	HPRC-Rest	HG02258#1#CM085826.1:28431405-33595237	HG02258#1#ctg1	4019118	4171435	HLA-DRA+|HLA-DRB5-|HLA-DRB1-	2	provisional_annotation_absence_not_confirmed_deletion	DRB-STRUCT-a57eaf455348c3e7
DRB	HG02258#2	HG02258	HG02258	HPRC-Rest	HG02258#2#CM085837.1:28401788-33525465	HG02258#2#ctg1	3982113	4134395	HLA-DRA+|HLA-DRB5-|HLA-DRB1-	2	provisional_annotation_absence_not_confirmed_deletion	DRB-STRUCT-a57eaf455348c3e7
DRB	HG02273#1	HG02273	HG02271	HPRC-Rest	HG02273#1#JBHDVQ010000050.1:28386453-33633535	HG02273#1#ctg1	4020576	4262218	HLA-DRA+|HLA-DRB4-|HLA-DRB1-	2	provisional_annotation_absence_not_confirmed_deletion	DRB-STRUCT-17c329d85af8b93c
DRB	HG02273#2	HG02273	HG02271	HPRC-Rest	HG02273#2#CM087034.1:28375859-33514787	HG02273#2#ctg1	4021107	4157270	HLA-DRA+|HLA-DRB3-|HLA-DRB1-	2	provisional_annotation_absence_not_confirmed_deletion	DRB-STRUCT-d9e9c983b0b92c6d
DRB	HG02280#1	HG02280	HG02280	HPRC-Rest	HG02280#1#JBHDRR010000050.1:28462941-33680751	HG02280#1#ctg1	4100309	4236533	HLA-DRA+|HLA-DRB3-|HLA-DRB1-	2	provisional_annotation_absence_not_confirmed_deletion	DRB-STRUCT-d9e9c983b0b92c6d
DRB	HG02280#2	HG02280	HG02280	HPRC-Rest	HG02280#2#JBHDRS010000063.1:28438025-33473174	HG02280#2#ctg1	3909580	4048413	HLA-DRA+|HLA-DRB1-	1	provisional_annotation_absence_not_confirmed_deletion	DRB-STRUCT-2e2f348001bcb731
DRB	HG02293#1	HG02293	HG02291	HPRC-Rest	HG02293#1#CM086249.1:28376541-33683950	HG02293#1#ctg1	4080381	4322514	HLA-DRA+|HLA-DRB4-|HLA-DRB1-	2	provisional_annotation_absence_not_confirmed_deletion	DRB-STRUCT-17c329d85af8b93c
DRB	HG02293#2	HG02293	HG02291	HPRC-Rest	HG02293#2#CM086237.1:28436443-33671517	HG02293#2#ctg1	4009464	4251114	HLA-DRA+|HLA-DRB4-|HLA-DRB1-	2	provisional_annotation_absence_not_confirmed_deletion	DRB-STRUCT-17c329d85af8b93c
DRB	HG02300#1	HG02300	HG02298	HPRC-Rest	HG02300#1#JBHDSD010000065.1:28384265-33632330	HG02300#1#ctg1	4021835	4263028	HLA-DRA+|HLA-DRB4-|HLA-DRB1-	2	provisional_annotation_absence_not_confirmed_deletion	DRB-STRUCT-17c329d85af8b93c
DRB	HG02300#2	HG02300	HG02298	HPRC-Rest	HG02300#2#JBHDSE010000015.1:28383936-33525808	HG02300#2#ctg1	3915003	4157007	HLA-DRA+|HLA-DRB4-|HLA-DRB1-	2	provisional_annotation_absence_not_confirmed_deletion	DRB-STRUCT-17c329d85af8b93c
DRB	HG02391#1	HG02391	HG02391	HPRC-EastAsian	HG02391#1#CM087584.1:28379784-33548956	HG02391#1#ctg1	4026622	4178840	HLA-DRA+|HLA-DRB5-|HLA-DRB1-	2	provisional_annotation_absence_not_confirmed_deletion	DRB-STRUCT-a57eaf455348c3e7
DRB	HG02391#2	HG02391	HG02391	HPRC-EastAsian	HG02391#2#CM087613.1:28373481-33549853	HG02391#2#ctg1	4031913	4184271	HLA-DRA+|HLA-DRB5-|HLA-DRB1-	2	provisional_annotation_absence_not_confirmed_deletion	DRB-STRUCT-a57eaf455348c3e7
DRB	HG02392#1	HG02392	HG02392	HPRC-EastAsian	HG02392#1#CM099882.1:28340512-33566823	HG02392#1#ctg1	4085774	4238091	HLA-DRA+|HLA-DRB5-|HLA-DRB1-	2	provisional_annotation_absence_not_confirmed_deletion	DRB-STRUCT-a57eaf455348c3e7
DRB	HG02392#2	HG02392	HG02392	HPRC-EastAsian	HG02392#2#CM099892.1:28378060-33485526	HG02392#2#ctg1	3965151	4117497	HLA-DRA+|HLA-DRB5-|HLA-DRB1-	2	provisional_annotation_absence_not_confirmed_deletion	DRB-STRUCT-a57eaf455348c3e7
DRB	HG02451#1	HG02451	HG02449	HPRC-Rest	HG02451#1#CM086202.1:28416438-33496141	HG02451#1#ctg1	3962400	4094965	HLA-DRA+|HLA-DRB3-|HLA-DRB1-	2	provisional_annotation_absence_not_confirmed_deletion	DRB-STRUCT-d9e9c983b0b92c6d
DRB	HG02451#2	HG02451	HG02449	HPRC-Rest	HG02451#2#CM086226.1:28455260-33610103	HG02451#2#ctg1	4011309	4163628	HLA-DRA+|HLA-DRB5-|HLA-DRB1-	2	provisional_annotation_absence_not_confirmed_deletion	DRB-STRUCT-a57eaf455348c3e7
DRB	HG02486#1	HG02486	HG02486	HPRC-Rest	HG02486#1#CM088195.1:28400032-33557891	HG02486#1#ctg1	4015227	4167544	HLA-DRA+|HLA-DRB5-|HLA-DRB1-	2	provisional_annotation_absence_not_confirmed_deletion	DRB-STRUCT-a57eaf455348c3e7
DRB	HG02486#2	HG02486	HG02486	HPRC-Rest	HG02486#2#CM088219.1:28305765-33500079	HG02486#2#ctg1	4079683	4215458	HLA-DRA+|HLA-DRB3-|HLA-DRB1-	2	provisional_annotation_absence_not_confirmed_deletion	DRB-STRUCT-d9e9c983b0b92c6d
DRB	HG02514#1	HG02514	HG02512	HPRC-EastAsian	HG02514#1#CM098732.1:28373958-33711051	HG02514#1#ctg1	4100765	4342788	HLA-DRA+|HLA-DRB4-|HLA-DRB1-	2	provisional_annotation_absence_not_confirmed_deletion	DRB-STRUCT-17c329d85af8b93c
DRB	HG02514#2	HG02514	HG02512	HPRC-EastAsian	HG02514#2#CM098748.1:28370171-33533737	HG02514#2#ctg1	4050256	4182507	HLA-DRA+|HLA-DRB3-|HLA-DRB1-	2	provisional_annotation_absence_not_confirmed_deletion	DRB-STRUCT-d9e9c983b0b92c6d
DRB	HG02523#1	HG02523	HG02521	HPRC-EastAsian	HG02523#1#CM086922.1:28564085-33712113	HG02523#1#ctg1	4018871	4164117	HLA-DRA+|HLA-DRB1-	1	provisional_annotation_absence_not_confirmed_deletion	DRB-STRUCT-2e2f348001bcb731
DRB	HG02523#2	HG02523	HG02521	HPRC-EastAsian	HG02523#2#CM086938.1:28380315-33619374	HG02523#2#ctg1	4011484	4253507	HLA-DRA+|HLA-DRB4-|HLA-DRB1-	2	provisional_annotation_absence_not_confirmed_deletion	DRB-STRUCT-17c329d85af8b93c
DRB	HG02559#1	HG02559	HG02559	HPRC-Rest	HG02559#1#CM088234.1:28438650-33681676	HG02559#1#ctg1	4017653	4259279	HLA-DRA+|HLA-DRB4-|HLA-DRB1-	2	provisional_annotation_absence_not_confirmed_deletion	DRB-STRUCT-17c329d85af8b93c
DRB	HG02559#2	HG02559	HG02559	HPRC-Rest	HG02559#2#CM088248.1:28392101-33544670	HG02559#2#ctg1	4034711	4170594	HLA-DRA+|HLA-DRB3-|HLA-DRB1-	2	provisional_annotation_absence_not_confirmed_deletion	DRB-STRUCT-d9e9c983b0b92c6d
DRB	HG02572#1	HG02572	HG02570	HPRC-Rest	HG02572#1#CM088155.1:28443542-33635020	HG02572#1#ctg1	4078248	4210520	HLA-DRA+|HLA-DRB3-|HLA-DRB1-	2	provisional_annotation_absence_not_confirmed_deletion	DRB-STRUCT-d9e9c983b0b92c6d
DRB	HG02572#2	HG02572	HG02570	HPRC-Rest	HG02572#2#CM088173.1:28510650-33610925	HG02572#2#ctg1	3982889	4115010	HLA-DRA+|HLA-DRB3-|HLA-DRB1-	2	provisional_annotation_absence_not_confirmed_deletion	DRB-STRUCT-d9e9c983b0b92c6d
DRB	HG02583#1	HG02583	HG02582	HPRC-Rest	HG02583#1#CM089490.1:28310454-33519991	HG02583#1#ctg1	4079268	4224504	HLA-DRA+|HLA-DRB1-	1	provisional_annotation_absence_not_confirmed_deletion	DRB-STRUCT-2e2f348001bcb731
DRB	HG02583#2	HG02583	HG02582	HPRC-Rest	HG02583#2#JBHIIV010000002.1:28450971-33556797	HG02583#2#ctg1	3982322	4121156	HLA-DRA+|HLA-DRB1-	1	provisional_annotation_absence_not_confirmed_deletion	DRB-STRUCT-2e2f348001bcb731
DRB	HG02602#1	HG02602	HG02600	HPRC-Rest	HG02602#1#CM099687.1:28473876-33718939	HG02602#1#ctg1	4009733	4253353	HLA-DRA+|HLA-DRB4-|HLA-DRB1-	2	provisional_annotation_absence_not_confirmed_deletion	DRB-STRUCT-17c329d85af8b93c
DRB	HG02602#2	HG02602	HG02600	HPRC-Rest	HG02602#2#CM099701.1:28378684-33507166	HG02602#2#ctg1	4011388	4143154	HLA-DRA+|HLA-DRB3-|HLA-DRB1-	2	provisional_annotation_absence_not_confirmed_deletion	DRB-STRUCT-d9e9c983b0b92c6d
DRB	HG02615#1	HG02615	HG02613	HPRC-Rest	HG02615#1#JBHDSZ010000007.1:28292880-33505607	HG02615#1#ctg1	4095486	4227580	HLA-DRA+|HLA-DRB3-|HLA-DRB1-	2	provisional_annotation_absence_not_confirmed_deletion	DRB-STRUCT-d9e9c983b0b92c6d
DRB	HG02615#2	HG02615	HG02613	HPRC-Rest	HG02615#2#JBHDTA010000044.1:28450215-33517590	HG02615#2#ctg1	3949831	4082232	HLA-DRA+|HLA-DRB3-|HLA-DRB1-	2	provisional_annotation_absence_not_confirmed_deletion	DRB-STRUCT-d9e9c983b0b92c6d
DRB	HG02622#1	HG02622	HG02620	HPRC-Rest	HG02622#1#JAHAOO020000001.1:28509085-33851733	HG02622#1#ctg1	4107337	4349776	HLA-DRA+|HLA-DRB4-|HLA-DRB1-	2	provisional_annotation_absence_not_confirmed_deletion	DRB-STRUCT-17c329d85af8b93c
DRB	HG02622#2	HG02622	HG02620	HPRC-Rest	HG02622#2#CM088099.1:28439700-33655942	HG02622#2#ctg1	3989477	4232782	HLA-DRA+|HLA-DRB4-|HLA-DRB1-	2	provisional_annotation_absence_not_confirmed_deletion	DRB-STRUCT-17c329d85af8b93c
DRB	HG02630#1	HG02630	HG02628	HPRC-Rest	HG02630#1#CM091809.1:28389334-33629412	HG02630#1#ctg1	4009485	4252840	HLA-DRA+|HLA-DRB4-|HLA-DRB1-	2	provisional_annotation_absence_not_confirmed_deletion	DRB-STRUCT-17c329d85af8b93c
DRB	HG02630#2	HG02630	HG02628	HPRC-Rest	HG02630#2#CM091740.1:28323618-33574655	HG02630#2#ctg1	4021656	4265007	HLA-DRA+|HLA-DRB4-|HLA-DRB1-	2	provisional_annotation_absence_not_confirmed_deletion	DRB-STRUCT-17c329d85af8b93c
DRB	HG02647#1	HG02647	HG02645	HPRC-Rest	HG02647#1#CM086559.1:28392022-33525944	HG02647#1#ctg1	4014555	4150426	HLA-DRA+|HLA-DRB3-|HLA-DRB1-	2	provisional_annotation_absence_not_confirmed_deletion	DRB-STRUCT-d9e9c983b0b92c6d
DRB	HG02647#2	HG02647	HG02645	HPRC-Rest	HG02647#2#JBHDSQ010000039.1:28453965-33628541	HG02647#2#ctg1	3936297	4179167	HLA-DRA+|HLA-DRB4-|HLA-DRB1-	2	provisional_annotation_absence_not_confirmed_deletion	DRB-STRUCT-17c329d85af8b93c
DRB	HG02668#1	HG02668	HG02666	HPRC-Rest	HG02668#1#JBHIIC010000010.1:28453356-33594908	HG02668#1#ctg1	4026503	4162721	HLA-DRA+|HLA-DRB3-|HLA-DRB1-	2	provisional_annotation_absence_not_confirmed_deletion	DRB-STRUCT-d9e9c983b0b92c6d
DRB	HG02668#2	HG02668	HG02666	HPRC-Rest	HG02668#2#JBHIID010000047.1:28501762-33634486	HG02668#2#ctg1	4014412	4146980	HLA-DRA+|HLA-DRB3-|HLA-DRB1-	2	provisional_annotation_absence_not_confirmed_deletion	DRB-STRUCT-d9e9c983b0b92c6d
DRB	HG02698#1	HG02698	HG02696	HPRC-Rest	HG02698#1#CM086825.1:28387663-33565022	HG02698#1#ctg1	4035374	4187719	HLA-DRA+|HLA-DRB5-|HLA-DRB1-	2	provisional_annotation_absence_not_confirmed_deletion	DRB-STRUCT-a57eaf455348c3e7
DRB	HG02698#2	HG02698	HG02696	HPRC-Rest	HG02698#2#CM086846.1:28436213-33571880	HG02698#2#ctg1	4018832	4151373	HLA-DRA+|HLA-DRB3-|HLA-DRB1-	2	provisional_annotation_absence_not_confirmed_deletion	DRB-STRUCT-d9e9c983b0b92c6d
DRB	HG02717#1	HG02717	HG02715	HPRC-Rest	HG02717#1#JAHAOS020000006.1:28453373-33608309	HG02717#1#ctg1	4035064	4170694	HLA-DRA+|HLA-DRB3-|HLA-DRB1-	2	provisional_annotation_absence_not_confirmed_deletion	DRB-STRUCT-d9e9c983b0b92c6d
DRB	HG02717#2	HG02717	HG02715	HPRC-Rest	HG02717#2#JAHAOR020000010.1:28390930-33657668	HG02717#2#ctg1	4038102	4281403	HLA-DRA+|HLA-DRB4-|HLA-DRB1-	2	provisional_annotation_absence_not_confirmed_deletion	DRB-STRUCT-17c329d85af8b93c
DRB	HG02723#1	HG02723	HG02721	HPRC-Rest	HG02723#1#CM092031.1:28492941-33618283	HG02723#1#ctg1	4012628	4144348	HLA-DRA+|HLA-DRB3-|HLA-DRB1-	2	provisional_annotation_absence_not_confirmed_deletion	DRB-STRUCT-d9e9c983b0b92c6d
DRB	HG02723#2	HG02723	HG02721	HPRC-Rest	HG02723#2#JAHEOT020000028.1:24121290-29433497	HG02723#2#ctg1	4077852	4320298	HLA-DRA+|HLA-DRB4-|HLA-DRB1-	2	provisional_annotation_absence_not_confirmed_deletion	DRB-STRUCT-17c329d85af8b93c
DRB	HG02735#1	HG02735	HG02733	HPRC-Rest	HG02735#1#JBHIII010000062.1:28453541-33709307	HG02735#1#ctg1	4018285	4260280	HLA-DRA+|HLA-DRB4-|HLA-DRB1-	2	provisional_annotation_absence_not_confirmed_deletion	DRB-STRUCT-17c329d85af8b93c
DRB	HG02735#2	HG02735	HG02733	HPRC-Rest	HG02735#2#JBHIIJ010000060.1:28392355-33560534	HG02735#2#ctg1	4057163	4189430	HLA-DRA+|HLA-DRB3-|HLA-DRB1-	2	provisional_annotation_absence_not_confirmed_deletion	DRB-STRUCT-d9e9c983b0b92c6d
DRB	HG02738#1	HG02738	HG02736	HPRC-Rest	HG02738#1#JBJXQJ010000012.1:28448720-33571060	HG02738#1#ctg1	4010912	4143182	HLA-DRA+|HLA-DRB3-|HLA-DRB1-	2	provisional_annotation_absence_not_confirmed_deletion	DRB-STRUCT-d9e9c983b0b92c6d
DRB	HG02738#2	HG02738	HG02736	HPRC-Rest	HG02738#2#JBJXQK010000005.1:28378589-33465078	HG02738#2#ctg1	3975791	4108061	HLA-DRA+|HLA-DRB3-|HLA-DRB1-	2	provisional_annotation_absence_not_confirmed_deletion	DRB-STRUCT-d9e9c983b0b92c6d
DRB	HG02809#1	HG02809	HG02807	HPRC-Rest	HG02809#1#CM088345.1:28415797-33540379	HG02809#1#ctg1	4011850	4143571	HLA-DRA+|HLA-DRB3-|HLA-DRB1-	2	provisional_annotation_absence_not_confirmed_deletion	DRB-STRUCT-d9e9c983b0b92c6d
DRB	HG02809#2	HG02809	HG02807	HPRC-Rest	HG02809#2#CM088363.1:28447535-33684835	HG02809#2#ctg1	4011726	4253274	HLA-DRA+|HLA-DRB4-|HLA-DRB1-	2	provisional_annotation_absence_not_confirmed_deletion	DRB-STRUCT-17c329d85af8b93c
DRB	HG02818#1	HG02818	HG02816	HPRC-Rest	HG02818#1#JAHEOS020000050.1:28390726-33610396	HG02818#1#ctg1	4099290	4234660	HLA-DRA+|HLA-DRB3-|HLA-DRB1-	2	provisional_annotation_absence_not_confirmed_deletion	DRB-STRUCT-d9e9c983b0b92c6d
DRB	HG02818#2	HG02818	HG02816	HPRC-Rest	HG02818#2#JAHEOR020000002.1:28395424-33521433	HG02818#2#ctg1	4011686	4144249	HLA-DRA+|HLA-DRB3-|HLA-DRB1-	2	provisional_annotation_absence_not_confirmed_deletion	DRB-STRUCT-d9e9c983b0b92c6d
DRB	HG02841#1	HG02841	HG02839	HPRC-Rest	HG02841#1#JBJKOG010000054.1:28472700-33602015	HG02841#1#ctg1	4010883	4146779	HLA-DRA+|HLA-DRB3-|HLA-DRB1-	2	provisional_annotation_absence_not_confirmed_deletion	DRB-STRUCT-d9e9c983b0b92c6d
DRB	HG02841#2	HG02841	HG02839	HPRC-Rest	HG02841#2#JBJKOH010000051.1:28480911-33779808	HG02841#2#ctg1	4072914	4314019	HLA-DRA+|HLA-DRB4-|HLA-DRB1-	2	provisional_annotation_absence_not_confirmed_deletion	DRB-STRUCT-17c329d85af8b93c
DRB	HG02886#1	HG02886	HG02884	HPRC-Rest	HG02886#1#CM088086.1:28449049-33579727	HG02886#1#ctg1	4014001	4149781	HLA-DRA+|HLA-DRB3-|HLA-DRB1-	2	provisional_annotation_absence_not_confirmed_deletion	DRB-STRUCT-d9e9c983b0b92c6d
DRB	HG02886#2	HG02886	HG02884	HPRC-Rest	HG02886#2#CM088127.1:28408235-33704386	HG02886#2#ctg1	4063800	4307196	HLA-DRA+|HLA-DRB4-|HLA-DRB1-	2	provisional_annotation_absence_not_confirmed_deletion	DRB-STRUCT-17c329d85af8b93c
DRB	HG02922#1	HG02922	HG02922	HPRC-Rest	HG02922#1#JBHDVO010000050.1:28463778-33607859	HG02922#1#ctg1	4026977	4159542	HLA-DRA+|HLA-DRB3-|HLA-DRB1-	2	provisional_annotation_absence_not_confirmed_deletion	DRB-STRUCT-d9e9c983b0b92c6d
DRB	HG02922#2	HG02922	HG02922	HPRC-Rest	HG02922#2#JBHDVP010000048.1:28393533-33529937	HG02922#2#ctg1	4083223	4155036	HLA-DRA+|HLA-DRB1-	1	provisional_annotation_absence_not_confirmed_deletion	DRB-STRUCT-2e2f348001bcb731
DRB	HG02965#1	HG02965	HG02964	HPRC-Rest	HG02965#1#CM087346.1:28413853-33616010	HG02965#1#ctg1	4082749	4218525	HLA-DRA+|HLA-DRB3-|HLA-DRB1-	2	provisional_annotation_absence_not_confirmed_deletion	DRB-STRUCT-d9e9c983b0b92c6d
DRB	HG02965#2	HG02965	HG02964	HPRC-Rest	HG02965#2#CM087389.1:28497212-33562374	HG02965#2#ctg1	4011928	4083743	HLA-DRA+|HLA-DRB1-	1	provisional_annotation_absence_not_confirmed_deletion	DRB-STRUCT-2e2f348001bcb731
DRB	HG02976#1	HG02976	HG02976	HPRC-Rest	HG02976#1#JBHDVW010000052.1:28458918-33596444	HG02976#1#ctg1	3996647	4148960	HLA-DRA+|HLA-DRB5-|HLA-DRB1-	2	provisional_annotation_absence_not_confirmed_deletion	DRB-STRUCT-a57eaf455348c3e7
DRB	HG02976#2	HG02976	HG02976	HPRC-Rest	HG02976#2#JBHDVX010000061.1:28449910-33601091	HG02976#2#ctg1	4033525	4166119	HLA-DRA+|HLA-DRB3-|HLA-DRB1-	2	provisional_annotation_absence_not_confirmed_deletion	DRB-STRUCT-d9e9c983b0b92c6d
DRB	HG02984#1	HG02984	HG02982	HPRC-Rest	HG02984#1#CM098791.1:28424082-33554288	HG02984#1#ctg1	4010136	4142427	HLA-DRA+|HLA-DRB3-|HLA-DRB1-	2	provisional_annotation_absence_not_confirmed_deletion	DRB-STRUCT-d9e9c983b0b92c6d
DRB	HG02984#2	HG02984	HG02982	HPRC-Rest	HG02984#2#CM098805.1:28288416-33435352	HG02984#2#ctg1	4016105	4161347	HLA-DRA+|HLA-DRB1-	1	provisional_annotation_absence_not_confirmed_deletion	DRB-STRUCT-2e2f348001bcb731
DRB	HG03017#1	HG03017	HG03015	HPRC-Rest	HG03017#1#CM088912.1:28366322-33354914	HG03017#1#ctg1	3934852	4007127	HLA-DRA+|HLA-DRB1-	1	provisional_annotation_absence_not_confirmed_deletion	DRB-STRUCT-2e2f348001bcb731
DRB	HG03017#2	HG03017	HG03015	HPRC-Rest	HG03017#2#CM088928.1:28386890-33518406	HG03017#2#ctg1	3990115	4142471	HLA-DRA+|HLA-DRB5-|HLA-DRB1-	2	provisional_annotation_absence_not_confirmed_deletion	DRB-STRUCT-a57eaf455348c3e7
DRB	HG03041#1	HG03041	HG03039	HPRC-Rest	HG03041#1#JBHIHQ010000010.1:28523162-33664914	HG03041#1#ctg1	4088520	4160337	HLA-DRA+|HLA-DRB1-	1	provisional_annotation_absence_not_confirmed_deletion	DRB-STRUCT-2e2f348001bcb731
DRB	HG03041#2	HG03041	HG03039	HPRC-Rest	HG03041#2#JBHIHR010000035.1:28469379-33626082	HG03041#2#ctg1	4016556	4168875	HLA-DRA+|HLA-DRB5-|HLA-DRB1-	2	provisional_annotation_absence_not_confirmed_deletion	DRB-STRUCT-a57eaf455348c3e7
DRB	HG03050#1	HG03050	HG03048	HPRC-Rest	HG03050#1#CM098763.1:28357910-33541888	HG03050#1#ctg1	3954240	4197641	HLA-DRA+|HLA-DRB4-|HLA-DRB1-	2	provisional_annotation_absence_not_confirmed_deletion	DRB-STRUCT-17c329d85af8b93c
DRB	HG03050#2	HG03050	HG03048	HPRC-Rest	HG03050#2#CM098777.1:28436251-33634749	HG03050#2#ctg1	4079323	4215097	HLA-DRA+|HLA-DRB3-|HLA-DRB1-	2	provisional_annotation_absence_not_confirmed_deletion	DRB-STRUCT-d9e9c983b0b92c6d
DRB	HG03098#1	HG03098	HG03096	HPRC-Rest	HG03098#1#CM092231.1:28431361-33758681	HG03098#1#ctg1	4096832	4340226	HLA-DRA+|HLA-DRB4-|HLA-DRB1-	2	provisional_annotation_absence_not_confirmed_deletion	DRB-STRUCT-17c329d85af8b93c
DRB	HG03098#2	HG03098	HG03096	HPRC-Rest	HG03098#2#CM092219.1:28417176-33625650	HG03098#2#ctg1	3983188	4224300	HLA-DRA+|HLA-DRB4-|HLA-DRB1-	2	provisional_annotation_absence_not_confirmed_deletion	DRB-STRUCT-17c329d85af8b93c
DRB	HG03130#1	HG03130	HG03129	HPRC-Rest	HG03130#1#JBHDWI010000052.1:28368259-33497302	HG03130#1#ctg1	4006332	4145164	HLA-DRA+|HLA-DRB1-	1	provisional_annotation_absence_not_confirmed_deletion	DRB-STRUCT-2e2f348001bcb731
DRB	HG03130#2	HG03130	HG03129	HPRC-Rest	HG03130#2#JBHDWJ010000015.1:28300492-33501344	HG03130#2#ctg1	4080831	4216738	HLA-DRA+|HLA-DRB3-|HLA-DRB1-	2	provisional_annotation_absence_not_confirmed_deletion	DRB-STRUCT-d9e9c983b0b92c6d
DRB	HG03139#1	HG03139	HG03139	HPRC-Rest	HG03139#1#JBIEBX010000038.1:1708286-6750584	HG03139#1#ctg1	3986590	4058403	HLA-DRA+|HLA-DRB1-	1	provisional_annotation_absence_not_confirmed_deletion	DRB-STRUCT-2e2f348001bcb731
DRB	HG03139#2	HG03139	HG03139	HPRC-Rest	HG03139#2#JBIEBY010000006.1:1675799-6810645	HG03139#2#ctg1	4007907	4146620	HLA-DRA+|HLA-DRB1-	1	provisional_annotation_absence_not_confirmed_deletion	DRB-STRUCT-2e2f348001bcb731
DRB	HG03195#1	HG03195	HG03195	HPRC-Rest	HG03195#1#JBHDVU010000053.1:28475373-33604548	HG03195#1#ctg1	4006414	4145247	HLA-DRA+|HLA-DRB1-	1	provisional_annotation_absence_not_confirmed_deletion	DRB-STRUCT-2e2f348001bcb731
DRB	HG03195#2	HG03195	HG03195	HPRC-Rest	HG03195#2#JBHDVV010000014.1:28451324-33606358	HG03195#2#ctg1	4014691	4167462	HLA-DRA+|HLA-DRB5-|HLA-DRB1-	2	provisional_annotation_absence_not_confirmed_deletion	DRB-STRUCT-a57eaf455348c3e7
DRB	HG03209#1	HG03209	HG03209	HPRC-Rest	HG03209#1#CM087213.1:28462168-33702122	HG03209#1#ctg1	4014500	4255607	HLA-DRA+|HLA-DRB4-|HLA-DRB1-	2	provisional_annotation_absence_not_confirmed_deletion	DRB-STRUCT-17c329d85af8b93c
DRB	HG03209#2	HG03209	HG03209	HPRC-Rest	HG03209#2#CM087231.1:28521401-33595827	HG03209#2#ctg1	4022277	4094037	HLA-DRA+|HLA-DRB1-	1	provisional_annotation_absence_not_confirmed_deletion	DRB-STRUCT-2e2f348001bcb731
DRB	HG03225#1	HG03225	HG03225	HPRC-Rest	HG03225#1#CM089301.1:28387857-33521155	HG03225#1#ctg1	4017985	4153870	HLA-DRA+|HLA-DRB3-|HLA-DRB1-	2	provisional_annotation_absence_not_confirmed_deletion	DRB-STRUCT-d9e9c983b0b92c6d
DRB	HG03225#2	HG03225	HG03225	HPRC-Rest	HG03225#2#CM089317.1:28460302-33665041	HG03225#2#ctg1	4080767	4219598	HLA-DRA+|HLA-DRB1-	1	provisional_annotation_absence_not_confirmed_deletion	DRB-STRUCT-2e2f348001bcb731
DRB	HG03239#1	HG03239	HG03237	HPRC-Rest	HG03239#1#CM088748.1:28379983-33543593	HG03239#1#ctg1	3938150	4179363	HLA-DRA+|HLA-DRB4-|HLA-DRB1-	2	provisional_annotation_absence_not_confirmed_deletion	DRB-STRUCT-17c329d85af8b93c
DRB	HG03239#2	HG03239	HG03237	HPRC-Rest	HG03239#2#CM088761.1:28289569-33563315	HG03239#2#ctg1	4038098	4280095	HLA-DRA+|HLA-DRB4-|HLA-DRB1-	2	provisional_annotation_absence_not_confirmed_deletion	DRB-STRUCT-17c329d85af8b93c
DRB	HG03270#1	HG03270	HG03270	HPRC-Rest	HG03270#1#CM089901.1:28457303-33619918	HG03270#1#ctg1	4020909	4173684	HLA-DRA+|HLA-DRB5-|HLA-DRB1-	2	provisional_annotation_absence_not_confirmed_deletion	DRB-STRUCT-a57eaf455348c3e7
DRB	HG03270#2	HG03270	HG03270	HPRC-Rest	HG03270#2#CM089913.1:28461664-33600109	HG03270#2#ctg1	4021300	4153863	HLA-DRA+|HLA-DRB3-|HLA-DRB1-	2	provisional_annotation_absence_not_confirmed_deletion	DRB-STRUCT-d9e9c983b0b92c6d
DRB	HG03369#1	HG03369	HG03369	HPRC-Rest	HG03369#1#CM094384.1:28448143-33595830	HG03369#1#ctg1	4027235	4159665	HLA-DRA+|HLA-DRB3-|HLA-DRB1-	2	provisional_annotation_absence_not_confirmed_deletion	DRB-STRUCT-d9e9c983b0b92c6d
DRB	HG03369#2	HG03369	HG03369	HPRC-Rest	HG03369#2#CM094359.1:28412805-33626591	HG03369#2#ctg1	4095479	4230848	HLA-DRA+|HLA-DRB3-|HLA-DRB1-	2	provisional_annotation_absence_not_confirmed_deletion	DRB-STRUCT-d9e9c983b0b92c6d
DRB	HG03453#1	HG03453	HG03451	HPRC-Rest	HG03453#1#JAGYVW020000075.1:28403120-33611389	HG03453#1#ctg1	3979237	4222613	HLA-DRA+|HLA-DRB4-|HLA-DRB1-	2	provisional_annotation_absence_not_confirmed_deletion	DRB-STRUCT-17c329d85af8b93c
DRB	HG03453#2	HG03453	HG03451	HPRC-Rest	HG03453#2#JAGYVV020000081.1:28470880-33567163	HG03453#2#ctg1	3983381	4115611	HLA-DRA+|HLA-DRB3-|HLA-DRB1-	2	provisional_annotation_absence_not_confirmed_deletion	DRB-STRUCT-d9e9c983b0b92c6d
DRB	HG03470#1	HG03470	HG03438	HPRC-Rest	HG03470#1#CM091822.1:28475508-33736647	HG03470#1#ctg1	4024552	4268338	HLA-DRA+|HLA-DRB4-|HLA-DRB1-	2	provisional_annotation_absence_not_confirmed_deletion	DRB-STRUCT-17c329d85af8b93c
DRB	HG03470#2	HG03470	HG03438	HPRC-Rest	HG03470#2#CM091870.1:28404010-33497478	HG03470#2#ctg1	3971481	4110268	HLA-DRA+|HLA-DRB1-	1	provisional_annotation_absence_not_confirmed_deletion	DRB-STRUCT-2e2f348001bcb731
DRB	HG03471#1	HG03471	HG03471	HPRC-Rest	HG03471#1#CM087523.1:28468339-33683868	HG03471#1#ctg1	3979461	4221889	HLA-DRA+|HLA-DRB4-|HLA-DRB1-	2	provisional_annotation_absence_not_confirmed_deletion	DRB-STRUCT-17c329d85af8b93c
DRB	HG03471#2	HG03471	HG03471	HPRC-Rest	HG03471#2#CM087546.1:28512656-33707046	HG03471#2#ctg1	4079766	4215540	HLA-DRA+|HLA-DRB3-|HLA-DRB1-	2	provisional_annotation_absence_not_confirmed_deletion	DRB-STRUCT-d9e9c983b0b92c6d
DRB	HG03486#1	HG03486	HG03484	HPRC-Rest	HG03486#1#CM091974.1:28459101-33585338	HG03486#1#ctg1	4011604	4147379	HLA-DRA+|HLA-DRB3-|HLA-DRB1-	2	provisional_annotation_absence_not_confirmed_deletion	DRB-STRUCT-d9e9c983b0b92c6d
DRB	HG03486#2	HG03486	HG03484	HPRC-Rest	HG03486#2#CM091960.1:28459830-33596099	HG03486#2#ctg1	4016297	4148235	HLA-DRA+|HLA-DRB3-|HLA-DRB1-	2	provisional_annotation_absence_not_confirmed_deletion	DRB-STRUCT-d9e9c983b0b92c6d
DRB	HG03516#1	HG03516	HG03514	HPRC-Rest	HG03516#1#JAGYYS020000049.1:28451043-33589535	HG03516#1#ctg1	4021192	4153753	HLA-DRA+|HLA-DRB3-|HLA-DRB1-	2	provisional_annotation_absence_not_confirmed_deletion	DRB-STRUCT-d9e9c983b0b92c6d
DRB	HG03516#2	HG03516	HG03514	HPRC-Rest	HG03516#2#JAGYYT020000030.1:28478688-33696340	HG03516#2#ctg1	4096204	4231573	HLA-DRA+|HLA-DRB3-|HLA-DRB1-	2	provisional_annotation_absence_not_confirmed_deletion	DRB-STRUCT-d9e9c983b0b92c6d
DRB	HG03521#1	HG03521	HG03520	HPRC-Rest	HG03521#1#JBIREF010000004.1:28517918-33642180	HG03521#1#ctg1	4009096	4141291	HLA-DRA+|HLA-DRB3-|HLA-DRB1-	2	provisional_annotation_absence_not_confirmed_deletion	DRB-STRUCT-d9e9c983b0b92c6d
DRB	HG03521#2	HG03521	HG03520	HPRC-Rest	HG03521#2#JBIREG010000058.1:28429727-33569421	HG03521#2#ctg1	4010220	4146113	HLA-DRA+|HLA-DRB3-|HLA-DRB1-	2	provisional_annotation_absence_not_confirmed_deletion	DRB-STRUCT-d9e9c983b0b92c6d
DRB	HG03540#1	HG03540	HG03538	HPRC-Rest	HG03540#1#CM088050.1:28448847-33686414	HG03540#1#ctg1	4108469	4253707	HLA-DRA+|HLA-DRB1-	1	provisional_annotation_absence_not_confirmed_deletion	DRB-STRUCT-2e2f348001bcb731
DRB	HG03540#2	HG03540	HG03538	HPRC-Rest	HG03540#2#CM088063.1:28474762-33566125	HG03540#2#ctg1	4037433	4109244	HLA-DRA+|HLA-DRB1-	1	provisional_annotation_absence_not_confirmed_deletion	DRB-STRUCT-2e2f348001bcb731
DRB	HG03579#1	HG03579	HG03577	HPRC-Rest	HG03579#1#CM088945.1:28415698-33501766	HG03579#1#ctg1	3971451	4107226	HLA-DRA+|HLA-DRB3-|HLA-DRB1-	2	provisional_annotation_absence_not_confirmed_deletion	DRB-STRUCT-d9e9c983b0b92c6d
DRB	HG03579#2	HG03579	HG03577	HPRC-Rest	HG03579#2#CM089288.1:28450187-33638583	HG03579#2#ctg1	4068911	4204686	HLA-DRA+|HLA-DRB3-|HLA-DRB1-	2	provisional_annotation_absence_not_confirmed_deletion	DRB-STRUCT-d9e9c983b0b92c6d
DRB	HG03583#1	HG03583	HG03582	HPRC-Rest	HG03583#1#CM089881.1:28309910-33645117	HG03583#1#ctg1	4105249	4348624	HLA-DRA+|HLA-DRB4-|HLA-DRB1-	2	provisional_annotation_absence_not_confirmed_deletion	DRB-STRUCT-17c329d85af8b93c
DRB	HG03583#2	HG03583	HG03582	HPRC-Rest	HG03583#2#CM089891.1:28443100-33514916	HG03583#2#ctg1	4013891	4085705	HLA-DRA+|HLA-DRB1-	1	provisional_annotation_absence_not_confirmed_deletion	DRB-STRUCT-2e2f348001bcb731
DRB	HG03654#1	HG03654	HG03652	HPRC-Rest	HG03654#1#CM086836.1:28373117-33516554	HG03654#1#ctg1	4027212	4158985	HLA-DRA+|HLA-DRB3-|HLA-DRB1-	2	provisional_annotation_absence_not_confirmed_deletion	DRB-STRUCT-d9e9c983b0b92c6d
DRB	HG03654#2	HG03654	HG03652	HPRC-Rest	HG03654#2#JBHDTO010000045.1:28372677-33498093	HG03654#2#ctg1	4013631	4145900	HLA-DRA+|HLA-DRB3-|HLA-DRB1-	2	provisional_annotation_absence_not_confirmed_deletion	DRB-STRUCT-d9e9c983b0b92c6d
DRB	HG03669#1	HG03669	HG03667	HPRC-Rest	HG03669#1#JBHDTD010000072.1:28410266-33591784	HG03669#1#ctg1	4040119	4192368	HLA-DRA+|HLA-DRB5-|HLA-DRB1-	2	provisional_annotation_absence_not_confirmed_deletion	DRB-STRUCT-a57eaf455348c3e7
DRB	HG03669#2	HG03669	HG03667	HPRC-Rest	HG03669#2#JBHDTE010000046.1:28389062-33618253	HG03669#2#ctg1	4003714	4244865	HLA-DRA+|HLA-DRB4-|HLA-DRB1-	2	provisional_annotation_absence_not_confirmed_deletion	DRB-STRUCT-17c329d85af8b93c
DRB	HG03688#1	HG03688	HG03688	HPRC-Rest	HG03688#1#JBHDTJ010000054.1:28390921-33637286	HG03688#1#ctg1	4021401	4262595	HLA-DRA+|HLA-DRB4-|HLA-DRB1-	2	provisional_annotation_absence_not_confirmed_deletion	DRB-STRUCT-17c329d85af8b93c
DRB	HG03688#2	HG03688	HG03688	HPRC-Rest	HG03688#2#JBHDTK010000054.1:28442317-33604941	HG03688#2#ctg1	4020518	4172863	HLA-DRA+|HLA-DRB5-|HLA-DRB1-	2	provisional_annotation_absence_not_confirmed_deletion	DRB-STRUCT-a57eaf455348c3e7
DRB	HG03704#1	HG03704	HG03702	HPRC-Rest	HG03704#1#JBHDRL010000035.1:28385510-33544273	HG03704#1#ctg1	4039604	4175427	HLA-DRA+|HLA-DRB3-|HLA-DRB1-	2	provisional_annotation_absence_not_confirmed_deletion	DRB-STRUCT-d9e9c983b0b92c6d
DRB	HG03704#2	HG03704	HG03702	HPRC-Rest	HG03704#2#CM086190.1:28367307-33613199	HG03704#2#ctg1	4010777	4254402	HLA-DRA+|HLA-DRB4-|HLA-DRB1-	2	provisional_annotation_absence_not_confirmed_deletion	DRB-STRUCT-17c329d85af8b93c
DRB	HG03710#1	HG03710	HG03708	HPRC-Rest	HG03710#1#CM086869.1:28406453-33664140	HG03710#1#ctg1	4021105	4263102	HLA-DRA+|HLA-DRB4-|HLA-DRB1-	2	provisional_annotation_absence_not_confirmed_deletion	DRB-STRUCT-17c329d85af8b93c
DRB	HG03710#2	HG03710	HG03708	HPRC-Rest	HG03710#2#CM086882.1:28406463-33546644	HG03710#2#ctg1	4024856	4157090	HLA-DRA+|HLA-DRB3-|HLA-DRB1-	2	provisional_annotation_absence_not_confirmed_deletion	DRB-STRUCT-d9e9c983b0b92c6d
DRB	HG03742#1	HG03742	HG03742	HPRC-Rest	HG03742#1#CM087628.1:28422273-33665592	HG03742#1#ctg1	4016929	4258135	HLA-DRA+|HLA-DRB4-|HLA-DRB1-	2	provisional_annotation_absence_not_confirmed_deletion	DRB-STRUCT-17c329d85af8b93c
DRB	HG03742#2	HG03742	HG03742	HPRC-Rest	HG03742#2#JBHDXM010000003.1:28462365-33593791	HG03742#2#ctg1	4001043	4146269	HLA-DRA+|HLA-DRB1-	1	provisional_annotation_absence_not_confirmed_deletion	DRB-STRUCT-2e2f348001bcb731
DRB	HG03784#1	HG03784	HG03784	HPRC-Rest	HG03784#1#CM094174.1:28377153-33515338	HG03784#1#ctg1	4022767	4158668	HLA-DRA+|HLA-DRB3-|HLA-DRB1-	2	provisional_annotation_absence_not_confirmed_deletion	DRB-STRUCT-d9e9c983b0b92c6d
DRB	HG03784#2	HG03784	HG03784	HPRC-Rest	HG03784#2#CM094203.1:28433118-33600593	HG03784#2#ctg1	4051211	4183442	HLA-DRA+|HLA-DRB3-|HLA-DRB1-	2	provisional_annotation_absence_not_confirmed_deletion	DRB-STRUCT-d9e9c983b0b92c6d
DRB	HG03804#1	HG03804	HG03802	HPRC-Rest	HG03804#1#CM088331.1:28384562-33565798	HG03804#1#ctg1	4038309	4190653	HLA-DRA+|HLA-DRB5-|HLA-DRB1-	2	provisional_annotation_absence_not_confirmed_deletion	DRB-STRUCT-a57eaf455348c3e7
DRB	HG03804#2	HG03804	HG03802	HPRC-Rest	HG03804#2#CM088379.1:28362365-33467265	HG03804#2#ctg1	3962010	4114756	HLA-DRA+|HLA-DRB5-|HLA-DRB1-	2	provisional_annotation_absence_not_confirmed_deletion	DRB-STRUCT-a57eaf455348c3e7
DRB	HG03816#1	HG03816	HG03814	HPRC-Rest	HG03816#1#JBJXWF010000049.1:28427684-33714593	HG03816#1#ctg1	4050400	4292399	HLA-DRA+|HLA-DRB4-|HLA-DRB1-	2	provisional_annotation_absence_not_confirmed_deletion	DRB-STRUCT-17c329d85af8b93c
DRB	HG03816#2	HG03816	HG03814	HPRC-Rest	HG03816#2#JBJXWG010000046.1:28406441-33636019	HG03816#2#ctg1	4105520	4244302	HLA-DRA+|HLA-DRB1-	1	provisional_annotation_absence_not_confirmed_deletion	DRB-STRUCT-2e2f348001bcb731
DRB	HG03831#1	HG03831	HG03829	HPRC-Rest	HG03831#1#JBHDSN010000045.1:28374864-33602539	HG03831#1#ctg1	4084628	4237392	HLA-DRA+|HLA-DRB5-|HLA-DRB1-	2	provisional_annotation_absence_not_confirmed_deletion	DRB-STRUCT-a57eaf455348c3e7
DRB	HG03831#2	HG03831	HG03829	HPRC-Rest	HG03831#2#JBHDSO010000065.1:28430318-33704666	HG03831#2#ctg1	4132644	4284896	HLA-DRA+|HLA-DRB5-|HLA-DRB1-	2	provisional_annotation_absence_not_confirmed_deletion	DRB-STRUCT-a57eaf455348c3e7
DRB	HG03834#1	HG03834	HG03832	HPRC-Rest	HG03834#1#CM085797.1:28395320-33703328	HG03834#1#ctg1	4073285	4315721	HLA-DRA+|HLA-DRB4-|HLA-DRB1-	2	provisional_annotation_absence_not_confirmed_deletion	DRB-STRUCT-17c329d85af8b93c
DRB	HG03834#2	HG03834	HG03832	HPRC-Rest	HG03834#2#CM085813.1:28455324-33598071	HG03834#2#ctg1	4018403	4157185	HLA-DRA+|HLA-DRB1-	1	provisional_annotation_absence_not_confirmed_deletion	DRB-STRUCT-2e2f348001bcb731
DRB	HG03874#1	HG03874	HG03874	HPRC-Rest	HG03874#1#CM089432.1:28353581-33507962	HG03874#1#ctg1	4044524	4176904	HLA-DRA+|HLA-DRB3-|HLA-DRB1-	2	provisional_annotation_absence_not_confirmed_deletion	DRB-STRUCT-d9e9c983b0b92c6d
DRB	HG03874#2	HG03874	HG03874	HPRC-Rest	HG03874#2#CM089475.1:28434562-33680043	HG03874#2#ctg1	4010543	4254161	HLA-DRA+|HLA-DRB4-|HLA-DRB1-	2	provisional_annotation_absence_not_confirmed_deletion	DRB-STRUCT-17c329d85af8b93c
DRB	HG03927#1	HG03927	HG03925	HPRC-Rest	HG03927#1#CM086636.1:28465203-33551033	HG03927#1#ctg1	3969688	4101924	HLA-DRA+|HLA-DRB3-|HLA-DRB1-	2	provisional_annotation_absence_not_confirmed_deletion	DRB-STRUCT-d9e9c983b0b92c6d
DRB	HG03927#2	HG03927	HG03925	HPRC-Rest	HG03927#2#CM086659.1:28395712-33710667	HG03927#2#ctg1	4078997	4322620	HLA-DRA+|HLA-DRB4-|HLA-DRB1-	2	provisional_annotation_absence_not_confirmed_deletion	DRB-STRUCT-17c329d85af8b93c
DRB	HG03942#1	HG03942	HG03940	HPRC-Rest	HG03942#1#CM088393.1:28271517-33427607	HG03942#1#ctg1	4014077	4166425	HLA-DRA+|HLA-DRB5-|HLA-DRB1-	2	provisional_annotation_absence_not_confirmed_deletion	DRB-STRUCT-a57eaf455348c3e7
DRB	HG03942#2	HG03942	HG03940	HPRC-Rest	HG03942#2#CM088404.1:29036351-34210946	HG03942#2#ctg1	4031973	4184321	HLA-DRA+|HLA-DRB5-|HLA-DRB1-	2	provisional_annotation_absence_not_confirmed_deletion	DRB-STRUCT-a57eaf455348c3e7
DRB	HG04115#1	HG04115	HG03894	HPRC-Rest	HG04115#1#JBHDTF010000057.1:28438850-33586926	HG04115#1#ctg1	4018257	4163484	HLA-DRA+|HLA-DRB1-	1	provisional_annotation_absence_not_confirmed_deletion	DRB-STRUCT-2e2f348001bcb731
DRB	HG04115#2	HG04115	HG03894	HPRC-Rest	HG04115#2#JBHDTG010000049.1:28423339-33670470	HG04115#2#ctg1	4011897	4255512	HLA-DRA+|HLA-DRB4-|HLA-DRB1-	2	provisional_annotation_absence_not_confirmed_deletion	DRB-STRUCT-17c329d85af8b93c
DRB	HG04157#1	HG04157	HG04155	HPRC-Rest	HG04157#1#CM088414.1:28397949-33735050	HG04157#1#ctg1	4102263	4344263	HLA-DRA+|HLA-DRB4-|HLA-DRB1-	2	provisional_annotation_absence_not_confirmed_deletion	DRB-STRUCT-17c329d85af8b93c
DRB	HG04157#2	HG04157	HG04155	HPRC-Rest	HG04157#2#CM088438.1:28355512-33488875	HG04157#2#ctg1	3990234	4143139	HLA-DRA+|HLA-DRB5-|HLA-DRB1-	2	provisional_annotation_absence_not_confirmed_deletion	DRB-STRUCT-a57eaf455348c3e7
DRB	HG04160#1	HG04160	HG04158	HPRC-Rest	HG04160#1#JBHIGW010000016.1:28356435-33564314	HG04160#1#ctg1	4078783	4224025	HLA-DRA+|HLA-DRB1-	1	provisional_annotation_absence_not_confirmed_deletion	DRB-STRUCT-2e2f348001bcb731
DRB	HG04160#2	HG04160	HG04158	HPRC-Rest	HG04160#2#JBHIGX010000055.1:28422741-33644744	HG04160#2#ctg1	4079193	4231941	HLA-DRA+|HLA-DRB5-|HLA-DRB1-	2	provisional_annotation_absence_not_confirmed_deletion	DRB-STRUCT-a57eaf455348c3e7
DRB	HG04184#1	HG04184	HG04182	HPRC-Rest	HG04184#1#CM086460.1:28371226-33616523	HG04184#1#ctg1	4010018	4253643	HLA-DRA+|HLA-DRB4-|HLA-DRB1-	2	provisional_annotation_absence_not_confirmed_deletion	DRB-STRUCT-17c329d85af8b93c
DRB	HG04184#2	HG04184	HG04182	HPRC-Rest	HG04184#2#CM086472.1:28433511-33770331	HG04184#2#ctg1	4100756	4342748	HLA-DRA+|HLA-DRB4-|HLA-DRB1-	2	provisional_annotation_absence_not_confirmed_deletion	DRB-STRUCT-17c329d85af8b93c
DRB	HG04187#1	HG04187	HG04185	HPRC-Rest	HG04187#1#CM099742.1:28415864-33609347	HG04187#1#ctg1	4081700	4213969	HLA-DRA+|HLA-DRB3-|HLA-DRB1-	2	provisional_annotation_absence_not_confirmed_deletion	DRB-STRUCT-d9e9c983b0b92c6d
DRB	HG04187#2	HG04187	HG04185	HPRC-Rest	HG04187#2#CM099756.1:28400738-33533288	HG04187#2#ctg1	4023049	4155413	HLA-DRA+|HLA-DRB3-|HLA-DRB1-	2	provisional_annotation_absence_not_confirmed_deletion	DRB-STRUCT-d9e9c983b0b92c6d
DRB	HG04199#1	HG04199	HG04099	HPRC-Rest	HG04199#1#JBHDTH010000059.1:28382492-33668076	HG04199#1#ctg1	4056889	4298092	HLA-DRA+|HLA-DRB4-|HLA-DRB1-	2	provisional_annotation_absence_not_confirmed_deletion	DRB-STRUCT-17c329d85af8b93c
DRB	HG04199#2	HG04199	HG04099	HPRC-Rest	HG04199#2#JBHDTI010000015.1:28378462-33549536	HG04199#2#ctg1	4047304	4186085	HLA-DRA+|HLA-DRB1-	1	provisional_annotation_absence_not_confirmed_deletion	DRB-STRUCT-2e2f348001bcb731
DRB	HG04204#1	HG04204	HG03642	HPRC-Rest	HG04204#1#JBHIGY010000015.1:28376780-33510758	HG04204#1#ctg1	3992068	4144765	HLA-DRA+|HLA-DRB5-|HLA-DRB1-	2	provisional_annotation_absence_not_confirmed_deletion	DRB-STRUCT-a57eaf455348c3e7
DRB	HG04204#2	HG04204	HG03642	HPRC-Rest	HG04204#2#JBHIGZ010000014.1:28378310-33624751	HG04204#2#ctg1	4010591	4252591	HLA-DRA+|HLA-DRB4-|HLA-DRB1-	2	provisional_annotation_absence_not_confirmed_deletion	DRB-STRUCT-17c329d85af8b93c
DRB	HG04228#1	HG04228	HG04227	HPRC-Rest	HG04228#1#CM088480.1:28407255-33566968	HG04228#1#ctg1	4018019	4170355	HLA-DRA+|HLA-DRB5-|HLA-DRB1-	2	provisional_annotation_absence_not_confirmed_deletion	DRB-STRUCT-a57eaf455348c3e7
DRB	HG04228#2	HG04228	HG04227	HPRC-Rest	HG04228#2#CM088508.1:28466048-33622943	HG04228#2#ctg1	4015769	4168516	HLA-DRA+|HLA-DRB5-|HLA-DRB1-	2	provisional_annotation_absence_not_confirmed_deletion	DRB-STRUCT-a57eaf455348c3e7
DRB	HG06807#1	HG06807	HG06807	HPRC-Rest	HG06807#1#CM101400.1:28463683-33619551	HG06807#1#ctg1	4014501	4167287	HLA-DRA+|HLA-DRB5-|HLA-DRB1-	2	provisional_annotation_absence_not_confirmed_deletion	DRB-STRUCT-a57eaf455348c3e7
DRB	HG06807#2	HG06807	HG06807	HPRC-Rest	HG06807#2#CM101434.1:28441503-33631596	HG06807#2#ctg1	4048631	4201406	HLA-DRA+|HLA-DRB5-|HLA-DRB1-	2	provisional_annotation_absence_not_confirmed_deletion	DRB-STRUCT-a57eaf455348c3e7
DRB	NA18505#1	NA18505	NA18503	HPRC-Rest	NA18505#1#JBHIJY010000048.1:28445967-33542979	NA18505#1#ctg1	3986999	4119229	HLA-DRA+|HLA-DRB3-|HLA-DRB1-	2	provisional_annotation_absence_not_confirmed_deletion	DRB-STRUCT-d9e9c983b0b92c6d
DRB	NA18505#2	NA18505	NA18503	HPRC-Rest	NA18505#2#JBHIJZ010000041.1:28452551-33607869	NA18505#2#ctg1	4014758	4167075	HLA-DRA+|HLA-DRB5-|HLA-DRB1-	2	provisional_annotation_absence_not_confirmed_deletion	DRB-STRUCT-a57eaf455348c3e7
DRB	NA18508#1	NA18508	NA18506	HPRC-Rest	NA18508#1#CM089650.1:28440826-33645342	NA18508#1#ctg1	4085998	4221782	HLA-DRA+|HLA-DRB3-|HLA-DRB1-	2	provisional_annotation_absence_not_confirmed_deletion	DRB-STRUCT-d9e9c983b0b92c6d
DRB	NA18508#2	NA18508	NA18506	HPRC-Rest	NA18508#2#JBHIJH010000001.1:28282775-33492562	NA18508#2#ctg1	4081532	4217440	HLA-DRA+|HLA-DRB3-|HLA-DRB1-	2	provisional_annotation_absence_not_confirmed_deletion	DRB-STRUCT-d9e9c983b0b92c6d
DRB	NA18522#1	NA18522	NA18521	HPRC-Rest	NA18522#1#CM087176.1:28457728-33607889	NA18522#1#ctg1	4032380	4168605	HLA-DRA+|HLA-DRB3-|HLA-DRB1-	2	provisional_annotation_absence_not_confirmed_deletion	DRB-STRUCT-d9e9c983b0b92c6d
DRB	NA18522#2	NA18522	NA18521	HPRC-Rest	NA18522#2#CM087191.1:28461290-33621227	NA18522#2#ctg1	4038764	4174588	HLA-DRA+|HLA-DRB3-|HLA-DRB1-	2	provisional_annotation_absence_not_confirmed_deletion	DRB-STRUCT-d9e9c983b0b92c6d
DRB	NA18565#1	NA18565	NA18565	HPRC-EastAsian	NA18565#1#CM094320.1:28406009-33589453	NA18565#1#ctg1	3954954	4196969	HLA-DRA+|HLA-DRB4-|HLA-DRB1-	2	provisional_annotation_absence_not_confirmed_deletion	DRB-STRUCT-17c329d85af8b93c
DRB	NA18565#2	NA18565	NA18565	HPRC-EastAsian	NA18565#2#CM094342.1:28359389-33490962	NA18565#2#ctg1	4018688	4150948	HLA-DRA+|HLA-DRB3-|HLA-DRB1-	2	provisional_annotation_absence_not_confirmed_deletion	DRB-STRUCT-d9e9c983b0b92c6d
DRB	NA18570#1	NA18570	NA18570	HPRC-EastAsian	NA18570#1#CM087659.1:28377747-33503647	NA18570#1#ctg1	4016265	4148627	HLA-DRA+|HLA-DRB3-|HLA-DRB1-	2	provisional_annotation_absence_not_confirmed_deletion	DRB-STRUCT-d9e9c983b0b92c6d
DRB	NA18570#2	NA18570	NA18570	HPRC-EastAsian	NA18570#2#JBHDXO010000039.1:12253641-17492124	NA18570#2#ctg1	4012973	4254163	HLA-DRA+|HLA-DRB4-|HLA-DRB1-	2	provisional_annotation_absence_not_confirmed_deletion	DRB-STRUCT-17c329d85af8b93c
DRB	NA18608#1	NA18608	NA18608	HPRC-EastAsian	NA18608#1#JBHIJW010000005.1:28379380-33466928	NA18608#1#ctg1	3971846	4104073	HLA-DRA+|HLA-DRB3-|HLA-DRB1-	2	provisional_annotation_absence_not_confirmed_deletion	DRB-STRUCT-d9e9c983b0b92c6d
DRB	NA18608#2	NA18608	NA18608	HPRC-EastAsian	NA18608#2#JBHIJX010000014.1:28375523-33585552	NA18608#2#ctg1	4092575	4224243	HLA-DRA+|HLA-DRB3-|HLA-DRB1-	2	provisional_annotation_absence_not_confirmed_deletion	DRB-STRUCT-d9e9c983b0b92c6d
DRB	NA18620#1	NA18620	NA18620	HPRC-EastAsian	NA18620#1#JBHIJU010000014.1:28371273-33496778	NA18620#1#ctg1	4012872	4145130	HLA-DRA+|HLA-DRB3-|HLA-DRB1-	2	provisional_annotation_absence_not_confirmed_deletion	DRB-STRUCT-d9e9c983b0b92c6d
DRB	NA18620#2	NA18620	NA18620	HPRC-EastAsian	NA18620#2#JBHIJV010000064.1:28361084-33404871	NA18620#2#ctg1	3931319	4066664	HLA-DRA+|HLA-DRB3-|HLA-DRB1-	2	provisional_annotation_absence_not_confirmed_deletion	DRB-STRUCT-d9e9c983b0b92c6d
DRB	NA18747#1	NA18747	NA18747	HPRC-EastAsian	NA18747#1#CM087202.1:28424227-33559019	NA18747#1#ctg1	4018356	4150590	HLA-DRA+|HLA-DRB3-|HLA-DRB1-	2	provisional_annotation_absence_not_confirmed_deletion	DRB-STRUCT-d9e9c983b0b92c6d
DRB	NA18747#2	NA18747	NA18747	HPRC-EastAsian	NA18747#2#CM087242.1:28408784-33568848	NA18747#2#ctg1	4019602	4171885	HLA-DRA+|HLA-DRB5-|HLA-DRB1-	2	provisional_annotation_absence_not_confirmed_deletion	DRB-STRUCT-a57eaf455348c3e7
DRB	NA18879#1	NA18879	NA18878	HPRC-Rest	NA18879#1#CM099716.1:28474558-33526652	NA18879#1#ctg1	3933445	4069219	HLA-DRA+|HLA-DRB3-|HLA-DRB1-	2	provisional_annotation_absence_not_confirmed_deletion	DRB-STRUCT-d9e9c983b0b92c6d
DRB	NA18879#2	NA18879	NA18878	HPRC-Rest	NA18879#2#JBJUVN010000057.1:28495776-33652599	NA18879#2#ctg1	4038944	4174313	HLA-DRA+|HLA-DRB3-|HLA-DRB1-	2	provisional_annotation_absence_not_confirmed_deletion	DRB-STRUCT-d9e9c983b0b92c6d
DRB	NA18906#1	NA18906	NA18876	HPRC-Rest	NA18906#1#JAHEOO020000008.1:28476372-33613648	NA18906#1#ctg1	4021141	4153702	HLA-DRA+|HLA-DRB3-|HLA-DRB1-	2	provisional_annotation_absence_not_confirmed_deletion	DRB-STRUCT-d9e9c983b0b92c6d
DRB	NA18906#2	NA18906	NA18876	HPRC-Rest	NA18906#2#JAHEON020000009.1:28400633-33549040	NA18906#2#ctg1	4028896	4164264	HLA-DRA+|HLA-DRB3-|HLA-DRB1-	2	provisional_annotation_absence_not_confirmed_deletion	DRB-STRUCT-d9e9c983b0b92c6d
DRB	NA18940#1	NA18940	NA18940	HPRC-Japanese	NA18940#1#CM101704.1:28361445-33495650	NA18940#1#ctg1	3992260	4144969	HLA-DRA+|HLA-DRB5-|HLA-DRB1-	2	provisional_annotation_absence_not_confirmed_deletion	DRB-STRUCT-a57eaf455348c3e7
DRB	NA18940#2	NA18940	NA18940	HPRC-Japanese	NA18940#2#CM101718.1:28384276-33404776	NA18940#2#ctg1	3966631	4038908	HLA-DRA+|HLA-DRB1-	1	provisional_annotation_absence_not_confirmed_deletion	DRB-STRUCT-2e2f348001bcb731
DRB	NA18943#1	NA18943	NA18943	HPRC-Japanese	NA18943#1#CM101660.1:28426731-33491938	NA18943#1#ctg1	4011641	4080217	HLA-DRA+|HLA-DRB1-	1	provisional_annotation_absence_not_confirmed_deletion	DRB-STRUCT-2e2f348001bcb731
DRB	NA18943#2	NA18943	NA18943	HPRC-Japanese	NA18943#2#CM101689.1:28413016-33476747	NA18943#2#ctg1	4009105	4081392	HLA-DRA+|HLA-DRB1-	1	provisional_annotation_absence_not_confirmed_deletion	DRB-STRUCT-2e2f348001bcb731
DRB	NA18944#1	NA18944	NA18944	HPRC-Japanese	NA18944#1#CM101645.1:28385561-33526630	NA18944#1#ctg1	4022745	4158093	HLA-DRA+|HLA-DRB3-|HLA-DRB1-	2	provisional_annotation_absence_not_confirmed_deletion	DRB-STRUCT-d9e9c983b0b92c6d
DRB	NA18944#2	NA18944	NA18944	HPRC-Japanese	NA18944#2#CM101674.1:28358440-33385619	NA18944#2#ctg1	3972004	4044286	HLA-DRA+|HLA-DRB1-	1	provisional_annotation_absence_not_confirmed_deletion	DRB-STRUCT-2e2f348001bcb731
DRB	NA18945#1	NA18945	NA18945	HPRC-Japanese	NA18945#1#CM101613.1:28368965-33555846	NA18945#1#ctg1	4068774	4201198	HLA-DRA+|HLA-DRB3-|HLA-DRB1-	2	provisional_annotation_absence_not_confirmed_deletion	DRB-STRUCT-d9e9c983b0b92c6d
DRB	NA18945#2	NA18945	NA18945	HPRC-Japanese	NA18945#2#CM101630.1:28394844-33694406	NA18945#2#ctg1	4073155	4315169	HLA-DRA+|HLA-DRB4-|HLA-DRB1-	2	provisional_annotation_absence_not_confirmed_deletion	DRB-STRUCT-17c329d85af8b93c
DRB	NA18948#1	NA18948	NA18948	HPRC-Japanese	NA18948#1#CM101600.1:28387406-33694585	NA18948#1#ctg1	4073053	4315491	HLA-DRA+|HLA-DRB4-|HLA-DRB1-	2	provisional_annotation_absence_not_confirmed_deletion	DRB-STRUCT-17c329d85af8b93c
DRB	NA18948#2	NA18948	NA18948	HPRC-Japanese	NA18948#2#CM101588.1:28449833-33675773	NA18948#2#ctg1	4101192	4239973	HLA-DRA+|HLA-DRB1-	1	provisional_annotation_absence_not_confirmed_deletion	DRB-STRUCT-2e2f348001bcb731
DRB	NA18952#1	NA18952	NA18952	HPRC-Japanese	NA18952#1#JBHIJS010000065.1:28372748-33544581	NA18952#1#ctg1	4054788	4186453	HLA-DRA+|HLA-DRB3-|HLA-DRB1-	2	provisional_annotation_absence_not_confirmed_deletion	DRB-STRUCT-d9e9c983b0b92c6d
DRB	NA18952#2	NA18952	NA18952	HPRC-Japanese	NA18952#2#JBHIJT010000011.1:27989065-33294169	NA18952#2#ctg1	4078735	4320746	HLA-DRA+|HLA-DRB4-|HLA-DRB1-	2	provisional_annotation_absence_not_confirmed_deletion	DRB-STRUCT-17c329d85af8b93c
DRB	NA18959#1	NA18959	NA18959	HPRC-Japanese	NA18959#1#CM101546.1:28370803-33504249	NA18959#1#ctg1	3992262	4144968	HLA-DRA+|HLA-DRB5-|HLA-DRB1-	2	provisional_annotation_absence_not_confirmed_deletion	DRB-STRUCT-a57eaf455348c3e7
DRB	NA18959#2	NA18959	NA18959	HPRC-Japanese	NA18959#2#CM101574.1:28371257-33493892	NA18959#2#ctg1	3982055	4134408	HLA-DRA+|HLA-DRB5-|HLA-DRB1-	2	provisional_annotation_absence_not_confirmed_deletion	DRB-STRUCT-a57eaf455348c3e7
DRB	NA18960#1	NA18960	NA18960	HPRC-Japanese	NA18960#1#CM101531.1:28387298-33581139	NA18960#1#ctg1	3967514	4209518	HLA-DRA+|HLA-DRB4-|HLA-DRB1-	2	provisional_annotation_absence_not_confirmed_deletion	DRB-STRUCT-17c329d85af8b93c
DRB	NA18960#2	NA18960	NA18960	HPRC-Japanese	NA18960#2#CM101559.1:28352755-33558459	NA18960#2#ctg1	3980325	4221742	HLA-DRA+|HLA-DRB4-|HLA-DRB1-	2	provisional_annotation_absence_not_confirmed_deletion	DRB-STRUCT-17c329d85af8b93c
DRB	NA18967#1	NA18967	NA18967	HPRC-Japanese	NA18967#1#CM101498.1:28415274-33499907	NA18967#1#ctg1	3967913	4100109	HLA-DRA+|HLA-DRB3-|HLA-DRB1-	2	provisional_annotation_absence_not_confirmed_deletion	DRB-STRUCT-d9e9c983b0b92c6d
DRB	NA18967#2	NA18967	NA18967	HPRC-Japanese	NA18967#2#JBKABX010000006.1:28395404-33553508	NA18967#2#ctg1	3931273	4173323	HLA-DRA+|HLA-DRB4-|HLA-DRB1-	2	provisional_annotation_absence_not_confirmed_deletion	DRB-STRUCT-17c329d85af8b93c
DRB	NA18970#1	NA18970	NA18970	HPRC-Japanese	NA18970#1#CM101469.1:28338191-33472849	NA18970#1#ctg1	4018283	4150503	HLA-DRA+|HLA-DRB3-|HLA-DRB1-	2	provisional_annotation_absence_not_confirmed_deletion	DRB-STRUCT-d9e9c983b0b92c6d
DRB	NA18970#2	NA18970	NA18970	HPRC-Japanese	NA18970#2#CM101481.1:28437781-33628491	NA18970#2#ctg1	3966058	4207671	HLA-DRA+|HLA-DRB4-|HLA-DRB1-	2	provisional_annotation_absence_not_confirmed_deletion	DRB-STRUCT-17c329d85af8b93c
DRB	NA18971#1	NA18971	NA18971	HPRC-Japanese	NA18971#1#JBHDWK010000075.1:28353861-33541047	NA18971#1#ctg1	3961004	4203010	HLA-DRA+|HLA-DRB4-|HLA-DRB1-	2	provisional_annotation_absence_not_confirmed_deletion	DRB-STRUCT-17c329d85af8b93c
DRB	NA18971#2	NA18971	NA18971	HPRC-Japanese	NA18971#2#CM087282.1:28370956-33557710	NA18971#2#ctg1	4070830	4203068	HLA-DRA+|HLA-DRB3-|HLA-DRB1-	2	provisional_annotation_absence_not_confirmed_deletion	DRB-STRUCT-d9e9c983b0b92c6d
DRB	NA18974#1	NA18974	NA18974	HPRC-Japanese	NA18974#1#JBHIJQ010000061.1:28438445-33702152	NA18974#1#ctg1	4035363	4277376	HLA-DRA+|HLA-DRB4-|HLA-DRB1-	2	provisional_annotation_absence_not_confirmed_deletion	DRB-STRUCT-17c329d85af8b93c
DRB	NA18974#2	NA18974	NA18974	HPRC-Japanese	NA18974#2#JBHIJR010000002.1:28446464-33624399	NA18974#2#ctg1	4037076	4189422	HLA-DRA+|HLA-DRB5-|HLA-DRB1-	2	provisional_annotation_absence_not_confirmed_deletion	DRB-STRUCT-a57eaf455348c3e7
DRB	NA18976#1	NA18976	NA18976	HPRC-Japanese	NA18976#1#CM089753.1:28424712-33611473	NA18976#1#ctg1	4068797	4201221	HLA-DRA+|HLA-DRB3-|HLA-DRB1-	2	provisional_annotation_absence_not_confirmed_deletion	DRB-STRUCT-d9e9c983b0b92c6d
DRB	NA18976#2	NA18976	NA18976	HPRC-Japanese	NA18976#2#CM089763.1:28447335-33634097	NA18976#2#ctg1	4068794	4201218	HLA-DRA+|HLA-DRB3-|HLA-DRB1-	2	provisional_annotation_absence_not_confirmed_deletion	DRB-STRUCT-d9e9c983b0b92c6d
DRB	NA18982#1	NA18982	NA18982	HPRC-Japanese	NA18982#1#CM101421.1:28415467-33548909	NA18982#1#ctg1	3992256	4144965	HLA-DRA+|HLA-DRB5-|HLA-DRB1-	2	provisional_annotation_absence_not_confirmed_deletion	DRB-STRUCT-a57eaf455348c3e7
DRB	NA18982#2	NA18982	NA18982	HPRC-Japanese	NA18982#2#JBKABT010000006.1:28433660-33435400	NA18982#2#ctg1	3868354	4020704	HLA-DRA+|HLA-DRB5-|HLA-DRB1-	2	provisional_annotation_absence_not_confirmed_deletion	DRB-STRUCT-a57eaf455348c3e7
DRB	NA18983#1	NA18983	NA18983	HPRC-Japanese	NA18983#1#CM087420.1:28378465-33528221	NA18983#1#ctg1	4039325	4171685	HLA-DRA+|HLA-DRB3-|HLA-DRB1-	2	provisional_annotation_absence_not_confirmed_deletion	DRB-STRUCT-d9e9c983b0b92c6d
DRB	NA18983#2	NA18983	NA18983	HPRC-Japanese	NA18983#2#CM087432.1:28420692-33672818	NA18983#2#ctg1	4026716	4268358	HLA-DRA+|HLA-DRB4-|HLA-DRB1-	2	provisional_annotation_absence_not_confirmed_deletion	DRB-STRUCT-17c329d85af8b93c
DRB	NA18990#1	NA18990	NA18990	JaSaPaGe-Japanese	NA18990#1#h1tg000053l:1684255-6870690	NA18990#1#ctg1	4068869	4201292	HLA-DRA+|HLA-DRB3-|HLA-DRB1-	2	provisional_annotation_absence_not_confirmed_deletion	DRB-STRUCT-d9e9c983b0b92c6d
DRB	NA18990#2	NA18990	NA18990	JaSaPaGe-Japanese	NA18990#2#h2tg000012l:28380706-33571283	NA18990#2#ctg1	3962374	4204387	HLA-DRA+|HLA-DRB4-|HLA-DRB1-	2	provisional_annotation_absence_not_confirmed_deletion	DRB-STRUCT-17c329d85af8b93c
DRB	NA19007#1	NA19007	NA19007	JaSaPaGe-Japanese	NA19007#1#h1tg000006l:27239246-32454334_rc	NA19007#1#ctg1	3988459	4230475	HLA-DRA+|HLA-DRB4-|HLA-DRB1-	2	provisional_annotation_absence_not_confirmed_deletion	DRB-STRUCT-17c329d85af8b93c
DRB	NA19007#2	NA19007	NA19007	JaSaPaGe-Japanese	NA19007#2#h2tg000001l:28406882-33472999	NA19007#2#ctg1	4011840	4080417	HLA-DRA+|HLA-DRB1-	1	provisional_annotation_absence_not_confirmed_deletion	DRB-STRUCT-2e2f348001bcb731
DRB	NA19036#1	NA19036	NA19036	HPRC-Rest	NA19036#1#JBHIJM010000039.1:28463923-33608059	NA19036#1#ctg1	4024369	4159797	HLA-DRA+|HLA-DRB3-|HLA-DRB1-	2	provisional_annotation_absence_not_confirmed_deletion	DRB-STRUCT-d9e9c983b0b92c6d
DRB	NA19036#2	NA19036	NA19036	HPRC-Rest	NA19036#2#CM089740.1:28304850-33443783	NA19036#2#ctg1	4021305	4153871	HLA-DRA+|HLA-DRB3-|HLA-DRB1-	2	provisional_annotation_absence_not_confirmed_deletion	DRB-STRUCT-d9e9c983b0b92c6d
DRB	NA19043#1	NA19043	NA19043	HPRC-Rest	NA19043#1#CM087046.1:28457117-33603533	NA19043#1#ctg1	4028169	4160736	HLA-DRA+|HLA-DRB3-|HLA-DRB1-	2	provisional_annotation_absence_not_confirmed_deletion	DRB-STRUCT-d9e9c983b0b92c6d
DRB	NA19043#2	NA19043	NA19043	HPRC-Rest	NA19043#2#CM087072.1:28298892-33447476	NA19043#2#ctg1	4030818	4163385	HLA-DRA+|HLA-DRB3-|HLA-DRB1-	2	provisional_annotation_absence_not_confirmed_deletion	DRB-STRUCT-d9e9c983b0b92c6d
DRB	NA19066#1	NA19066	NA19066	JaSaPaGe-Japanese	NA19066#1#h1tg000041l:28321019-33454057	NA19066#1#ctg1	3992120	4144827	HLA-DRA+|HLA-DRB5-|HLA-DRB1-	2	provisional_annotation_absence_not_confirmed_deletion	DRB-STRUCT-a57eaf455348c3e7
DRB	NA19066#2	NA19066	NA19066	JaSaPaGe-Japanese	NA19066#2#h2tg000023l:28379592-33689338	NA19066#2#ctg1	4075602	4318034	HLA-DRA+|HLA-DRB4-|HLA-DRB1-	2	provisional_annotation_absence_not_confirmed_deletion	DRB-STRUCT-17c329d85af8b93c
DRB	NA19079#1	NA19079	NA19079	JaSaPaGe-Japanese	NA19079#1#h1tg000041l:25967753-30989063_rc	NA19079#1#ctg1	3795696	4036885	HLA-DRA+|HLA-DRB4-|HLA-DRB1-	2	provisional_annotation_absence_not_confirmed_deletion	DRB-STRUCT-17c329d85af8b93c
DRB	NA19079#2	NA19079	NA19079	JaSaPaGe-Japanese	NA19079#2#h2tg000002l:1677209-6863053	NA19079#2#ctg1	4068887	4201312	HLA-DRA+|HLA-DRB3-|HLA-DRB1-	2	provisional_annotation_absence_not_confirmed_deletion	DRB-STRUCT-d9e9c983b0b92c6d
DRB	NA19087#1	NA19087	NA19087	HPRC-Japanese	NA19087#1#CM087696.1:28331338-33576082	NA19087#1#ctg1	4018223	4259824	HLA-DRA+|HLA-DRB4-|HLA-DRB1-	2	provisional_annotation_absence_not_confirmed_deletion	DRB-STRUCT-17c329d85af8b93c
DRB	NA19087#2	NA19087	NA19087	HPRC-Japanese	NA19087#2#JBHDXQ010000012.1:23681967-28867579	NA19087#2#ctg1	4068798	4201222	HLA-DRA+|HLA-DRB3-|HLA-DRB1-	2	provisional_annotation_absence_not_confirmed_deletion	DRB-STRUCT-d9e9c983b0b92c6d
DRB	NA19088#1	NA19088	NA19088	JaSaPaGe-Japanese	NA19088#1#h1tg000014l:26283350-31418977_rc	NA19088#1#ctg1	4017375	4153511	HLA-DRA+|HLA-DRB3-|HLA-DRB1-	2	provisional_annotation_absence_not_confirmed_deletion	DRB-STRUCT-d9e9c983b0b92c6d
DRB	NA19088#2	NA19088	NA19088	JaSaPaGe-Japanese	NA19088#2#h2tg000004l:139364569-144598705_rc	NA19088#2#ctg1	4007327	4248969	HLA-DRA+|HLA-DRB4-|HLA-DRB1-	2	provisional_annotation_absence_not_confirmed_deletion	DRB-STRUCT-17c329d85af8b93c
DRB	NA19159#1	NA19159	NA19159	HPRC-Rest	NA19159#1#JBJXQL010000007.1:28425942-33548809	NA19159#1#ctg1	4004941	4140310	HLA-DRA+|HLA-DRB3-|HLA-DRB1-	2	provisional_annotation_absence_not_confirmed_deletion	DRB-STRUCT-d9e9c983b0b92c6d
DRB	NA19159#2	NA19159	NA19159	HPRC-Rest	NA19159#2#JBJXQM010000009.1:28479051-33767425	NA19159#2#ctg1	4054086	4296522	HLA-DRA+|HLA-DRB4-|HLA-DRB1-	2	provisional_annotation_absence_not_confirmed_deletion	DRB-STRUCT-17c329d85af8b93c
DRB	NA19185#1	NA19185	NA19184	HPRC-Rest	NA19185#1#CM087724.1:28452686-33600537	NA19185#1#ctg1	4029199	4164568	HLA-DRA+|HLA-DRB3-|HLA-DRB1-	2	provisional_annotation_absence_not_confirmed_deletion	DRB-STRUCT-d9e9c983b0b92c6d
DRB	NA19185#2	NA19185	NA19184	HPRC-Rest	NA19185#2#CM087740.1:28365127-33559133	NA19185#2#ctg1	4079370	4215144	HLA-DRA+|HLA-DRB3-|HLA-DRB1-	2	provisional_annotation_absence_not_confirmed_deletion	DRB-STRUCT-d9e9c983b0b92c6d
DRB	NA19240#1	NA19240	NA18912	HPRC-Rest	NA19240#1#JAHEOM020000002.1:28462857-33656907	NA19240#1#ctg1	4080509	4216421	HLA-DRA+|HLA-DRB3-|HLA-DRB1-	2	provisional_annotation_absence_not_confirmed_deletion	DRB-STRUCT-d9e9c983b0b92c6d
DRB	NA19240#2	NA19240	NA18912	HPRC-Rest	NA19240#2#CM099616.1:28279408-33546879	NA19240#2#ctg1	4125353	4278009	HLA-DRA+|HLA-DRB5-|HLA-DRB1-	2	provisional_annotation_absence_not_confirmed_deletion	DRB-STRUCT-a57eaf455348c3e7
DRB	NA19338#1	NA19338	NA19338	HPRC-Rest	NA19338#1#CM087758.1:28448969-33579906	NA19338#1#ctg1	4010857	4142834	HLA-DRA+|HLA-DRB3-|HLA-DRB1-	2	provisional_annotation_absence_not_confirmed_deletion	DRB-STRUCT-d9e9c983b0b92c6d
DRB	NA19338#2	NA19338	NA19338	HPRC-Rest	NA19338#2#CM087775.1:28453026-33605437	NA19338#2#ctg1	4010661	4162974	HLA-DRA+|HLA-DRB5-|HLA-DRB1-	2	provisional_annotation_absence_not_confirmed_deletion	DRB-STRUCT-a57eaf455348c3e7
DRB	NA19391#1	NA19391	NA19391	HPRC-Rest	NA19391#1#CM087790.1:28288674-33392322	NA19391#1#ctg1	3982022	4117347	HLA-DRA+|HLA-DRB3-|HLA-DRB1-	2	provisional_annotation_absence_not_confirmed_deletion	DRB-STRUCT-d9e9c983b0b92c6d
DRB	NA19391#2	NA19391	NA19391	HPRC-Rest	NA19391#2#CM087804.1:28295746-33396359	NA19391#2#ctg1	3987160	4118860	HLA-DRA+|HLA-DRB3-|HLA-DRB1-	2	provisional_annotation_absence_not_confirmed_deletion	DRB-STRUCT-d9e9c983b0b92c6d
DRB	NA19443#1	NA19443	NA19443	HPRC-Rest	NA19443#1#CM089448.1:28448109-33623879	NA19443#1#ctg1	4058576	4190988	HLA-DRA+|HLA-DRB3-|HLA-DRB1-	2	provisional_annotation_absence_not_confirmed_deletion	DRB-STRUCT-d9e9c983b0b92c6d
DRB	NA19443#2	NA19443	NA19443	HPRC-Rest	NA19443#2#CM089461.1:28435491-33566565	NA19443#2#ctg1	4081788	4149876	HLA-DRA+|HLA-DRB1-	1	provisional_annotation_absence_not_confirmed_deletion	DRB-STRUCT-2e2f348001bcb731
DRB	NA19468#1	NA19468	NA19468	HPRC-Rest	NA19468#1#JBHDXX010000056.1:28478972-33624126	NA19468#1#ctg1	4014128	4159372	HLA-DRA+|HLA-DRB1-	1	provisional_annotation_absence_not_confirmed_deletion	DRB-STRUCT-2e2f348001bcb731
DRB	NA19468#2	NA19468	NA19468	HPRC-Rest	NA19468#2#JBHDXY010000045.1:28382628-33499947	NA19468#2#ctg1	3999498	4131217	HLA-DRA+|HLA-DRB3-|HLA-DRB1-	2	provisional_annotation_absence_not_confirmed_deletion	DRB-STRUCT-d9e9c983b0b92c6d
DRB	NA19682#1	NA19682	NA19681	HPRC-Rest	NA19682#1#CM094150.1:28411407-33568676	NA19682#1#ctg1	4039419	4175536	HLA-DRA+|HLA-DRB3-|HLA-DRB1-	2	provisional_annotation_absence_not_confirmed_deletion	DRB-STRUCT-d9e9c983b0b92c6d
DRB	NA19682#2	NA19682	NA19681	HPRC-Rest	NA19682#2#CM094164.1:28463959-33644888	NA19682#2#ctg1	4069457	4201852	HLA-DRA+|HLA-DRB3-|HLA-DRB1-	2	provisional_annotation_absence_not_confirmed_deletion	DRB-STRUCT-d9e9c983b0b92c6d
DRB	NA19700#1	NA19700	NA19700	HPRC-Rest	NA19700#1#CM089621.1:28376765-33517479	NA19700#1#ctg1	4019698	4151497	HLA-DRA+|HLA-DRB3-|HLA-DRB1-	2	provisional_annotation_absence_not_confirmed_deletion	DRB-STRUCT-d9e9c983b0b92c6d
DRB	NA19700#2	NA19700	NA19700	HPRC-Rest	NA19700#2#CM089638.1:28426616-33709243	NA19700#2#ctg1	4052835	4296211	HLA-DRA+|HLA-DRB4-|HLA-DRB1-	2	provisional_annotation_absence_not_confirmed_deletion	DRB-STRUCT-17c329d85af8b93c
DRB	NA19776#1	NA19776	NA19776	HPRC-Rest	NA19776#1#CM094012.1:28385884-33702873	NA19776#1#ctg1	4091362	4332897	HLA-DRA+|HLA-DRB4-|HLA-DRB1-	2	provisional_annotation_absence_not_confirmed_deletion	DRB-STRUCT-17c329d85af8b93c
DRB	NA19776#2	NA19776	NA19776	HPRC-Rest	NA19776#2#CM094049.1:28416676-33523673	NA19776#2#ctg1	3989090	4125228	HLA-DRA+|HLA-DRB3-|HLA-DRB1-	2	provisional_annotation_absence_not_confirmed_deletion	DRB-STRUCT-d9e9c983b0b92c6d
DRB	NA19835#1	NA19835	NA19834	HPRC-Rest	NA19835#1#CM094026.1:28418644-33486956	NA19835#1#ctg1	4014477	4086291	HLA-DRA+|HLA-DRB1-	1	provisional_annotation_absence_not_confirmed_deletion	DRB-STRUCT-2e2f348001bcb731
DRB	NA19835#2	NA19835	NA19834	HPRC-Rest	NA19835#2#CM094035.1:28457594-33528933	NA19835#2#ctg1	3948975	4084846	HLA-DRA+|HLA-DRB3-|HLA-DRB1-	2	provisional_annotation_absence_not_confirmed_deletion	DRB-STRUCT-d9e9c983b0b92c6d
DRB	NA19909#1	NA19909	NA19908	HPRC-Rest	NA19909#1#JBIRDH010000012.1:28412877-33619076	NA19909#1#ctg1	4091576	4227351	HLA-DRA+|HLA-DRB3-|HLA-DRB1-	2	provisional_annotation_absence_not_confirmed_deletion	DRB-STRUCT-d9e9c983b0b92c6d
DRB	NA19909#2	NA19909	NA19908	HPRC-Rest	NA19909#2#JBIRDI010000053.1:28451896-33658066	NA19909#2#ctg1	4091550	4227325	HLA-DRA+|HLA-DRB3-|HLA-DRB1-	2	provisional_annotation_absence_not_confirmed_deletion	DRB-STRUCT-d9e9c983b0b92c6d
DRB	NA20129#2	NA20129	NA19920	HPRC-Rest	NA20129#2#CM092121.1:28370806-33473927	NA20129#2#ctg1	3984849	4120987	HLA-DRA+|HLA-DRB3-|HLA-DRB1-	2	provisional_annotation_absence_not_confirmed_deletion	DRB-STRUCT-d9e9c983b0b92c6d
DRB	NA20282#1	NA20282	NA20278	HPRC-Rest	NA20282#1#JBIRDT010000005.1:1683408-6782988	NA20282#1#ctg1	4051332	4119418	HLA-DRA+|HLA-DRB1-	1	provisional_annotation_absence_not_confirmed_deletion	DRB-STRUCT-2e2f348001bcb731
DRB	NA20282#2	NA20282	NA20278	HPRC-Rest	NA20282#2#JBIRDU010000003.1:1683297-6763868	NA20282#2#ctg1	3965949	4101724	HLA-DRA+|HLA-DRB3-|HLA-DRB1-	2	provisional_annotation_absence_not_confirmed_deletion	DRB-STRUCT-d9e9c983b0b92c6d
DRB	NA20346#1	NA20346	NA20346	HPRC-Rest	NA20346#1#CM094251.1:28457185-33666384	NA20346#1#ctg1	4081255	4217166	HLA-DRA+|HLA-DRB3-|HLA-DRB1-	2	provisional_annotation_absence_not_confirmed_deletion	DRB-STRUCT-d9e9c983b0b92c6d
DRB	NA20346#2	NA20346	NA20346	HPRC-Rest	NA20346#2#CM094262.1:28410681-33542038	NA20346#2#ctg1	4014675	4146643	HLA-DRA+|HLA-DRB3-|HLA-DRB1-	2	provisional_annotation_absence_not_confirmed_deletion	DRB-STRUCT-d9e9c983b0b92c6d
DRB	NA20503#1	NA20503	NA20503	HPRC-Rest	NA20503#1#CM102459.1:28379297-33541270	NA20503#1#ctg1	4037781	4176562	HLA-DRA+|HLA-DRB1-	1	provisional_annotation_absence_not_confirmed_deletion	DRB-STRUCT-2e2f348001bcb731
DRB	NA20503#2	NA20503	NA20503	HPRC-Rest	NA20503#2#CM102476.1:28357590-33489275	NA20503#2#ctg1	4021450	4153819	HLA-DRA+|HLA-DRB3-|HLA-DRB1-	2	provisional_annotation_absence_not_confirmed_deletion	DRB-STRUCT-d9e9c983b0b92c6d
DRB	NA20752#1	NA20752	NA20752	HPRC-Rest	NA20752#1#CM099770.1:28378820-33526332	NA20752#1#ctg1	4023511	4162290	HLA-DRA+|HLA-DRB1-	1	provisional_annotation_absence_not_confirmed_deletion	DRB-STRUCT-2e2f348001bcb731
DRB	NA20752#2	NA20752	NA20752	HPRC-Rest	NA20752#2#CM099783.1:28398107-33586251	NA20752#2#ctg1	3955680	4198114	HLA-DRA+|HLA-DRB4-|HLA-DRB1-	2	provisional_annotation_absence_not_confirmed_deletion	DRB-STRUCT-17c329d85af8b93c
DRB	NA20762#1	NA20762	NA20762	HPRC-Rest	NA20762#1#CM102512.1:28400125-33568157	NA20762#1#ctg1	4041943	4180723	HLA-DRA+|HLA-DRB1-	1	provisional_annotation_absence_not_confirmed_deletion	DRB-STRUCT-2e2f348001bcb731
DRB	NA20762#2	NA20762	NA20762	HPRC-Rest	NA20762#2#CM102528.1:28437013-33575799	NA20762#2#ctg1	4021422	4153642	HLA-DRA+|HLA-DRB3-|HLA-DRB1-	2	provisional_annotation_absence_not_confirmed_deletion	DRB-STRUCT-d9e9c983b0b92c6d
DRB	NA20799#1	NA20799	NA20799	HPRC-Rest	NA20799#1#CM098688.1:28368547-33505653	NA20799#1#ctg1	4027750	4160133	HLA-DRA+|HLA-DRB3-|HLA-DRB1-	2	provisional_annotation_absence_not_confirmed_deletion	DRB-STRUCT-d9e9c983b0b92c6d
DRB	NA20799#2	NA20799	NA20799	HPRC-Rest	NA20799#2#CM098717.1:28381748-33532360	NA20799#2#ctg1	4026520	4165347	HLA-DRA+|HLA-DRB1-	1	provisional_annotation_absence_not_confirmed_deletion	DRB-STRUCT-2e2f348001bcb731
DRB	NA20805#1	NA20805	NA20805	HPRC-Rest	NA20805#1#CM091887.1:28444744-33554804	NA20805#1#ctg1	3994555	4126791	HLA-DRA+|HLA-DRB3-|HLA-DRB1-	2	provisional_annotation_absence_not_confirmed_deletion	DRB-STRUCT-d9e9c983b0b92c6d
DRB	NA20805#2	NA20805	NA20805	HPRC-Rest	NA20805#2#CM091899.1:28375930-33456966	NA20805#2#ctg1	3971405	4103238	HLA-DRA+|HLA-DRB3-|HLA-DRB1-	2	provisional_annotation_absence_not_confirmed_deletion	DRB-STRUCT-d9e9c983b0b92c6d
DRB	NA20806#1	NA20806	NA20806	HPRC-Rest	NA20806#1#CM102442.1:28404226-33564454	NA20806#1#ctg1	4018572	4171315	HLA-DRA+|HLA-DRB5-|HLA-DRB1-	2	provisional_annotation_absence_not_confirmed_deletion	DRB-STRUCT-a57eaf455348c3e7
DRB	NA20806#2	NA20806	NA20806	HPRC-Rest	NA20806#2#CM102496.1:28385854-33548009	NA20806#2#ctg1	4020974	4173717	HLA-DRA+|HLA-DRB5-|HLA-DRB1-	2	provisional_annotation_absence_not_confirmed_deletion	DRB-STRUCT-a57eaf455348c3e7
DRB	NA20809#1	NA20809	NA20809	HPRC-Rest	NA20809#1#CM094332.1:28435710-33676068	NA20809#1#ctg1	4013615	4254813	HLA-DRA+|HLA-DRB4-|HLA-DRB1-	2	provisional_annotation_absence_not_confirmed_deletion	DRB-STRUCT-17c329d85af8b93c
DRB	NA20809#2	NA20809	NA20809	HPRC-Rest	NA20809#2#CM094351.1:28373506-33544564	NA20809#2#ctg1	4046171	4184953	HLA-DRA+|HLA-DRB1-	1	provisional_annotation_absence_not_confirmed_deletion	DRB-STRUCT-2e2f348001bcb731
DRB	NA20827#1	NA20827	NA20827	HPRC-Rest	NA20827#1#CM102544.1:28306620-33546886	NA20827#1#ctg1	4006176	4248611	HLA-DRA+|HLA-DRB4-|HLA-DRB1-	2	provisional_annotation_absence_not_confirmed_deletion	DRB-STRUCT-17c329d85af8b93c
DRB	NA20827#2	NA20827	NA20827	HPRC-Rest	NA20827#2#CM102564.1:28454949-33740832	NA20827#2#ctg1	4050934	4293368	HLA-DRA+|HLA-DRB4-|HLA-DRB1-	2	provisional_annotation_absence_not_confirmed_deletion	DRB-STRUCT-17c329d85af8b93c
DRB	NA20850#1	NA20850	NA20850	HPRC-Rest	NA20850#1#CM094293.1:28390909-33636624	NA20850#1#ctg1	4010465	4254078	HLA-DRA+|HLA-DRB4-|HLA-DRB1-	2	provisional_annotation_absence_not_confirmed_deletion	DRB-STRUCT-17c329d85af8b93c
DRB	NA20850#2	NA20850	NA20850	HPRC-Rest	NA20850#2#CM094307.1:28446289-33597788	NA20850#2#ctg1	4007822	4160569	HLA-DRA+|HLA-DRB5-|HLA-DRB1-	2	provisional_annotation_absence_not_confirmed_deletion	DRB-STRUCT-a57eaf455348c3e7
DRB	NA20870#1	NA20870	NA20870	HPRC-Rest	NA20870#1#JBHIJK010000014.1:28358726-33487328	NA20870#1#ctg1	4010589	4142985	HLA-DRA+|HLA-DRB3-|HLA-DRB1-	2	provisional_annotation_absence_not_confirmed_deletion	DRB-STRUCT-d9e9c983b0b92c6d
DRB	NA20870#2	NA20870	NA20870	HPRC-Rest	NA20870#2#JBHIJL010000043.1:28382928-33533945	NA20870#2#ctg1	4009010	4161357	HLA-DRA+|HLA-DRB5-|HLA-DRB1-	2	provisional_annotation_absence_not_confirmed_deletion	DRB-STRUCT-a57eaf455348c3e7
DRB	NA20905#1	NA20905	NA20905	HPRC-Rest	NA20905#1#CM087474.1:28381582-33489243	NA20905#1#ctg1	3997669	4130026	HLA-DRA+|HLA-DRB3-|HLA-DRB1-	2	provisional_annotation_absence_not_confirmed_deletion	DRB-STRUCT-d9e9c983b0b92c6d
DRB	NA20905#2	NA20905	NA20905	HPRC-Rest	NA20905#2#CM087508.1:28378316-33558408	NA20905#2#ctg1	4038704	4191417	HLA-DRA+|HLA-DRB5-|HLA-DRB1-	2	provisional_annotation_absence_not_confirmed_deletion	DRB-STRUCT-a57eaf455348c3e7
DRB	NA21093#1	NA21093	NA21093	HPRC-Rest	NA21093#1#JBHIJC010000009.1:28380468-33627383	NA21093#1#ctg1	4011178	4254792	HLA-DRA+|HLA-DRB4-|HLA-DRB1-	2	provisional_annotation_absence_not_confirmed_deletion	DRB-STRUCT-17c329d85af8b93c
DRB	NA21093#2	NA21093	NA21093	HPRC-Rest	NA21093#2#JBHIJD010000010.1:28371658-33502471	NA21093#2#ctg1	4000829	4146055	HLA-DRA+|HLA-DRB1-	1	provisional_annotation_absence_not_confirmed_deletion	DRB-STRUCT-2e2f348001bcb731
DRB	NA21102#1	NA21102	NA21102	HPRC-Rest	NA21102#1#CM094427.1:28372690-33545460	NA21102#1#ctg1	4043191	4188418	HLA-DRA+|HLA-DRB1-	1	provisional_annotation_absence_not_confirmed_deletion	DRB-STRUCT-2e2f348001bcb731
DRB	NA21102#2	NA21102	NA21102	HPRC-Rest	NA21102#2#CM094447.1:28385953-33511436	NA21102#2#ctg1	4013639	4145908	HLA-DRA+|HLA-DRB3-|HLA-DRB1-	2	provisional_annotation_absence_not_confirmed_deletion	DRB-STRUCT-d9e9c983b0b92c6d
DRB	NA21106#1	NA21106	NA21106	HPRC-Rest	NA21106#1#JBHIJA010000045.1:28388869-33551331	NA21106#1#ctg1	4019939	4172283	HLA-DRA+|HLA-DRB5-|HLA-DRB1-	2	provisional_annotation_absence_not_confirmed_deletion	DRB-STRUCT-a57eaf455348c3e7
DRB	NA21106#2	NA21106	NA21106	HPRC-Rest	NA21106#2#CM089587.1:28353662-33542210	NA21106#2#ctg1	4046417	4199123	HLA-DRA+|HLA-DRB5-|HLA-DRB1-	2	provisional_annotation_absence_not_confirmed_deletion	DRB-STRUCT-a57eaf455348c3e7
DRB	NA21110#1	NA21110	NA21110	HPRC-Rest	NA21110#1#CM089667.1:28379039-33461462	NA21110#1#ctg1	3972648	4105028	HLA-DRA+|HLA-DRB3-|HLA-DRB1-	2	provisional_annotation_absence_not_confirmed_deletion	DRB-STRUCT-d9e9c983b0b92c6d
DRB	NA21110#2	NA21110	NA21110	HPRC-Rest	NA21110#2#CM089683.1:28365916-33548287	NA21110#2#ctg1	4040245	4192947	HLA-DRA+|HLA-DRB5-|HLA-DRB1-	2	provisional_annotation_absence_not_confirmed_deletion	DRB-STRUCT-a57eaf455348c3e7
DRB	NA21144#1	NA21144	NA21144	HPRC-Rest	NA21144#1#JBIRDF010000052.1:22531832-27777573	NA21144#1#ctg1	4010704	4254329	HLA-DRA+|HLA-DRB4-|HLA-DRB1-	2	provisional_annotation_absence_not_confirmed_deletion	DRB-STRUCT-17c329d85af8b93c
DRB	NA21144#2	NA21144	NA21144	HPRC-Rest	NA21144#2#JBIRDG010000005.1:14666330-19853787	NA21144#2#ctg1	4076452	4208721	HLA-DRA+|HLA-DRB3-|HLA-DRB1-	2	provisional_annotation_absence_not_confirmed_deletion	DRB-STRUCT-d9e9c983b0b92c6d
DRB	NA21309#1	NA21309	NA21309	HPRC-Rest	NA21309#1#CM092109.1:28406600-33562487	NA21309#1#ctg1	4013912	4166226	HLA-DRA+|HLA-DRB5-|HLA-DRB1-	2	provisional_annotation_absence_not_confirmed_deletion	DRB-STRUCT-a57eaf455348c3e7
DRB	NA21309#2	NA21309	NA21309	HPRC-Rest	NA21309#2#CM092100.1:28345467-33471001	NA21309#2#ctg1	4006958	4138830	HLA-DRA+|HLA-DRB3-|HLA-DRB1-	2	provisional_annotation_absence_not_confirmed_deletion	DRB-STRUCT-d9e9c983b0b92c6d
DRB	apr-f#1	apr-f	apr-f	APR	apr-f#1#h1tg000013l:28359072-33538103	apr-f#1#ctg1	4036720	4188974	HLA-DRA+|HLA-DRB5-|HLA-DRB1-	2	provisional_annotation_absence_not_confirmed_deletion	DRB-STRUCT-a57eaf455348c3e7
DRB	apr-f#2	apr-f	apr-f	APR	apr-f#2#h2tg000007l:28398267-33550055	apr-f#2#ctg1	4009848	4162195	HLA-DRA+|HLA-DRB5-|HLA-DRB1-	2	provisional_annotation_absence_not_confirmed_deletion	DRB-STRUCT-a57eaf455348c3e7
DRB	apr-m#1	apr-m	apr-f	APR	apr-m#1#h1tg000024l:27029616-32153356_rc	apr-m#1#ctg1	4007190	4139733	HLA-DRA+|HLA-DRB3-|HLA-DRB1-	2	provisional_annotation_absence_not_confirmed_deletion	DRB-STRUCT-d9e9c983b0b92c6d
DRB	apr-m#2	apr-m	apr-f	APR	apr-m#2#h2tg000013l:28339383-33475735	apr-m#2#ctg1	4026858	4159268	HLA-DRA+|HLA-DRB3-|HLA-DRB1-	2	provisional_annotation_absence_not_confirmed_deletion	DRB-STRUCT-d9e9c983b0b92c6d
DRB	apr-s#1	apr-s	apr-f	APR	apr-s#1#h1tg000017l:28345655-33481940	apr-s#1#ctg1	4026792	4159202	HLA-DRA+|HLA-DRB3-|HLA-DRB1-	2	provisional_annotation_absence_not_confirmed_deletion	DRB-STRUCT-d9e9c983b0b92c6d
DRB	apr-s#2	apr-s	apr-f	APR	apr-s#2#h2tg000009l:138522552-143696180_rc	apr-s#2#ctg1	4031397	4183650	HLA-DRA+|HLA-DRB5-|HLA-DRB1-	2	provisional_annotation_absence_not_confirmed_deletion	DRB-STRUCT-a57eaf455348c3e7
DRB	apr001#1	apr001	apr001	APR	apr001#1#h1tg000015l:28434817-33593090	apr001#1#ctg1	4016096	4168262	HLA-DRA+|HLA-DRB5-|HLA-DRB1-	2	provisional_annotation_absence_not_confirmed_deletion	DRB-STRUCT-a57eaf455348c3e7
DRB	apr001#2	apr001	apr001	APR	apr001#2#h2tg000018l:28338056-33431257	apr001#2#ctg1	3982520	4114793	HLA-DRA+|HLA-DRB3-|HLA-DRB1-	2	provisional_annotation_absence_not_confirmed_deletion	DRB-STRUCT-d9e9c983b0b92c6d
DRB	apr002#1	apr002	apr002	APR	apr002#1#h1tg000010l:28385462-33644194	apr002#1#ctg1	4022137	4265532	HLA-DRA+|HLA-DRB4-|HLA-DRB1-	2	provisional_annotation_absence_not_confirmed_deletion	DRB-STRUCT-17c329d85af8b93c
DRB	apr002#2	apr002	apr002	APR	apr002#2#h2tg000007l:138255095-143403132_rc	apr002#2#ctg1	4017926	4163149	HLA-DRA+|HLA-DRB1-	1	provisional_annotation_absence_not_confirmed_deletion	DRB-STRUCT-2e2f348001bcb731
DRB	apr003#1	apr003	apr003	APR	apr003#1#h1tg000021l:28362599-33558558	apr003#1#ctg1	3970111	4211262	HLA-DRA+|HLA-DRB4-|HLA-DRB1-	2	provisional_annotation_absence_not_confirmed_deletion	DRB-STRUCT-17c329d85af8b93c
DRB	apr003#2	apr003	apr003	APR	apr003#2#h2tg000014l:28401981-33557950	apr003#2#ctg1	4013611	4166229	HLA-DRA+|HLA-DRB5-|HLA-DRB1-	2	provisional_annotation_absence_not_confirmed_deletion	DRB-STRUCT-a57eaf455348c3e7
DRB	apr004#1	apr004	apr004	APR	apr004#1#h1tg000015l:28405351-33543332	apr004#1#ctg1	3996794	4149126	HLA-DRA+|HLA-DRB5-|HLA-DRB1-	2	provisional_annotation_absence_not_confirmed_deletion	DRB-STRUCT-a57eaf455348c3e7
DRB	apr004#2	apr004	apr004	APR	apr004#2#h2tg000008l:138190707-143268823_rc	apr004#2#ctg1	3966789	4099059	HLA-DRA+|HLA-DRB3-|HLA-DRB1-	2	provisional_annotation_absence_not_confirmed_deletion	DRB-STRUCT-d9e9c983b0b92c6d
DRB	apr005#1	apr005	apr005	APR	apr005#1#h1tg000024l:25685419-30792368_rc	apr005#1#ctg1	3996163	4128432	HLA-DRA+|HLA-DRB3-|HLA-DRB1-	2	provisional_annotation_absence_not_confirmed_deletion	DRB-STRUCT-d9e9c983b0b92c6d
DRB	apr005#2	apr005	apr005	APR	apr005#2#h2tg000025l:27505079-32631962_rc	apr005#2#ctg1	4016097	4148366	HLA-DRA+|HLA-DRB3-|HLA-DRB1-	2	provisional_annotation_absence_not_confirmed_deletion	DRB-STRUCT-d9e9c983b0b92c6d
DRB	apr006#1	apr006	apr006	APR	apr006#1#h1tg000006l:28429612-33564591	apr006#1#ctg1	4023391	4155204	HLA-DRA+|HLA-DRB3-|HLA-DRB1-	2	provisional_annotation_absence_not_confirmed_deletion	DRB-STRUCT-d9e9c983b0b92c6d
DRB	apr006#2	apr006	apr006	APR	apr006#2#h2tg000002l:27458750-32609940_rc	apr006#2#ctg1	4009139	4161496	HLA-DRA+|HLA-DRB5-|HLA-DRB1-	2	provisional_annotation_absence_not_confirmed_deletion	DRB-STRUCT-a57eaf455348c3e7
DRB	apr007#1	apr007	apr007	APR	apr007#1#h1tg000009l:141020280-146179718_rc	apr007#1#ctg1	4018328	4170613	HLA-DRA+|HLA-DRB5-|HLA-DRB1-	2	provisional_annotation_absence_not_confirmed_deletion	DRB-STRUCT-a57eaf455348c3e7
DRB	apr007#2	apr007	apr007	APR	apr007#2#h2tg000002l:137323480-142462680_rc	apr007#2#ctg1	3996907	4149192	HLA-DRA+|HLA-DRB5-|HLA-DRB1-	2	provisional_annotation_absence_not_confirmed_deletion	DRB-STRUCT-a57eaf455348c3e7
DRB	apr008#1	apr008	apr008	APR	apr008#1#h1tg000006l:138382777-143548816_rc	apr008#1#ctg1	4040776	4179551	HLA-DRA+|HLA-DRB1-	1	provisional_annotation_absence_not_confirmed_deletion	DRB-STRUCT-2e2f348001bcb731
DRB	apr008#2	apr008	apr008	APR	apr008#2#h2tg000008l:28356191-33484508	apr008#2#ctg1	4017180	4149455	HLA-DRA+|HLA-DRB3-|HLA-DRB1-	2	provisional_annotation_absence_not_confirmed_deletion	DRB-STRUCT-d9e9c983b0b92c6d
DRB	apr009#1	apr009	apr009	APR	apr009#1#h1tg000016l:28450181-33709541	apr009#1#ctg1	4020682	4264082	HLA-DRA+|HLA-DRB4-|HLA-DRB1-	2	provisional_annotation_absence_not_confirmed_deletion	DRB-STRUCT-17c329d85af8b93c
DRB	apr009#2	apr009	apr009	APR	apr009#2#h2tg000041l:28097238-33212102_rc	apr009#2#ctg1	3972521	4125140	HLA-DRA+|HLA-DRB5-|HLA-DRB1-	2	provisional_annotation_absence_not_confirmed_deletion	DRB-STRUCT-a57eaf455348c3e7
DRB	apr010#1	apr010	apr010	APR	apr010#1#h1tg000018l:28446120-33705764	apr010#1#ctg1	4024157	4267572	HLA-DRA+|HLA-DRB4-|HLA-DRB1-	2	provisional_annotation_absence_not_confirmed_deletion	DRB-STRUCT-17c329d85af8b93c
DRB	apr010#2	apr010	apr010	APR	apr010#2#h2tg000013l:28422940-33602432	apr010#2#ctg1	4034770	4187071	HLA-DRA+|HLA-DRB5-|HLA-DRB1-	2	provisional_annotation_absence_not_confirmed_deletion	DRB-STRUCT-a57eaf455348c3e7
DRB	apr011#1	apr011	apr011	APR	apr011#1#h1tg000019l:138093078-143261017_rc	apr011#1#ctg1	4058451	4190856	HLA-DRA+|HLA-DRB3-|HLA-DRB1-	2	provisional_annotation_absence_not_confirmed_deletion	DRB-STRUCT-d9e9c983b0b92c6d
DRB	apr011#2	apr011	apr011	APR	apr011#2#h2tg000011l:137856776-142978436_rc	apr011#2#ctg1	4010620	4142891	HLA-DRA+|HLA-DRB3-|HLA-DRB1-	2	provisional_annotation_absence_not_confirmed_deletion	DRB-STRUCT-d9e9c983b0b92c6d
DRB	apr012#1	apr012	apr012	APR	apr012#1#h1tg000008l:28396959-33512282	apr012#1#ctg1	4003671	4135940	HLA-DRA+|HLA-DRB3-|HLA-DRB1-	2	provisional_annotation_absence_not_confirmed_deletion	DRB-STRUCT-d9e9c983b0b92c6d
DRB	apr012#2	apr012	apr012	APR	apr012#2#h2tg000016l:138252661-143421402_rc	apr012#2#ctg1	4057219	4189488	HLA-DRA+|HLA-DRB3-|HLA-DRB1-	2	provisional_annotation_absence_not_confirmed_deletion	DRB-STRUCT-d9e9c983b0b92c6d
DRB	apr013#1	apr013	apr013	APR	apr013#1#h1tg000002l:139940690-145014712_rc	apr013#1#ctg1	3932459	4084709	HLA-DRA+|HLA-DRB5-|HLA-DRB1-	2	provisional_annotation_absence_not_confirmed_deletion	DRB-STRUCT-a57eaf455348c3e7
DRB	apr013#2	apr013	apr013	APR	apr013#2#h2tg000027l:138555153-143729247_rc	apr013#2#ctg1	4033204	4185456	HLA-DRA+|HLA-DRB5-|HLA-DRB1-	2	provisional_annotation_absence_not_confirmed_deletion	DRB-STRUCT-a57eaf455348c3e7
DRB	apr014#1	apr014	apr014	APR	apr014#1#h1tg000020l:28366313-33554706	apr014#1#ctg1	4077117	4209386	HLA-DRA+|HLA-DRB3-|HLA-DRB1-	2	provisional_annotation_absence_not_confirmed_deletion	DRB-STRUCT-d9e9c983b0b92c6d
DRB	apr014#2	apr014	apr014	APR	apr014#2#h2tg000006l:26691275-31885063_rc	apr014#2#ctg1	4079223	4214993	HLA-DRA+|HLA-DRB3-|HLA-DRB1-	2	provisional_annotation_absence_not_confirmed_deletion	DRB-STRUCT-d9e9c983b0b92c6d
DRB	apr015#1	apr015	apr015	APR	apr015#1#h1tg000012l:28398223-33522774	apr015#1#ctg1	4013599	4145866	HLA-DRA+|HLA-DRB3-|HLA-DRB1-	2	provisional_annotation_absence_not_confirmed_deletion	DRB-STRUCT-d9e9c983b0b92c6d
DRB	apr015#2	apr015	apr015	APR	apr015#2#h2tg000018l:138433262-143524291_rc	apr015#2#ctg1	3980381	4112648	HLA-DRA+|HLA-DRB3-|HLA-DRB1-	2	provisional_annotation_absence_not_confirmed_deletion	DRB-STRUCT-d9e9c983b0b92c6d
DRB	apr016#1	apr016	apr016	APR	apr016#1#h1tg000012l:137906206-143057420_rc	apr016#1#ctg1	4009174	4161784	HLA-DRA+|HLA-DRB5-|HLA-DRB1-	2	provisional_annotation_absence_not_confirmed_deletion	DRB-STRUCT-a57eaf455348c3e7
DRB	apr016#2	apr016	apr016	APR	apr016#2#h2tg000005l:138332729-143447191_rc	apr016#2#ctg1	4005102	4137481	HLA-DRA+|HLA-DRB3-|HLA-DRB1-	2	provisional_annotation_absence_not_confirmed_deletion	DRB-STRUCT-d9e9c983b0b92c6d
DRB	apr018#1	apr018	apr018	APR	apr018#1#h1tg000018l:28377039-33450879	apr018#1#ctg1	4019445	4091295	HLA-DRA+|HLA-DRB1-	1	provisional_annotation_absence_not_confirmed_deletion	DRB-STRUCT-2e2f348001bcb731
DRB	apr018#2	apr018	apr018	APR	apr018#2#h2tg000022l:28395345-33526946	apr018#2#ctg1	4002032	4147260	HLA-DRA+|HLA-DRB1-	1	provisional_annotation_absence_not_confirmed_deletion	DRB-STRUCT-2e2f348001bcb731
DRB	apr019#1	apr019	apr019	APR	apr019#1#h1tg000006l:137597617-142800733_rc	apr019#1#ctg1	3978801	4219912	HLA-DRA+|HLA-DRB4-|HLA-DRB1-	2	provisional_annotation_absence_not_confirmed_deletion	DRB-STRUCT-17c329d85af8b93c
DRB	apr019#2	apr019	apr019	APR	apr019#2#h2tg000009l:25947834-31066127_rc	apr019#2#ctg1	3985946	4131179	HLA-DRA+|HLA-DRB1-	1	provisional_annotation_absence_not_confirmed_deletion	DRB-STRUCT-2e2f348001bcb731
DRB	apr020#1	apr020	apr020	APR	apr020#1#h1tg000001l:28463230-33620049	apr020#1#ctg1	4014730	4167341	HLA-DRA+|HLA-DRB5-|HLA-DRB1-	2	provisional_annotation_absence_not_confirmed_deletion	DRB-STRUCT-a57eaf455348c3e7
DRB	apr020#2	apr020	apr020	APR	apr020#2#h2tg000007l:137677150-142774159_rc	apr020#2#ctg1	3984459	4116686	HLA-DRA+|HLA-DRB3-|HLA-DRB1-	2	provisional_annotation_absence_not_confirmed_deletion	DRB-STRUCT-d9e9c983b0b92c6d
DRB	apr021#1	apr021	apr021	APR	apr021#1#h1tg000013l:137920389-143048373_rc	apr021#1#ctg1	4017280	4149667	HLA-DRA+|HLA-DRB3-|HLA-DRB1-	2	provisional_annotation_absence_not_confirmed_deletion	DRB-STRUCT-d9e9c983b0b92c6d
DRB	apr021#2	apr021	apr021	APR	apr021#2#h2tg000011l:138901647-144060314_rc	apr021#2#ctg1	4047128	4179395	HLA-DRA+|HLA-DRB3-|HLA-DRB1-	2	provisional_annotation_absence_not_confirmed_deletion	DRB-STRUCT-d9e9c983b0b92c6d
DRB	apr022#1	apr022	apr022	APR	apr022#1#h1tg000011l:137924391-143077833_rc	apr022#1#ctg1	4011337	4163948	HLA-DRA+|HLA-DRB5-|HLA-DRB1-	2	provisional_annotation_absence_not_confirmed_deletion	DRB-STRUCT-a57eaf455348c3e7
DRB	apr022#2	apr022	apr022	APR	apr022#2#h2tg000013l:138031891-143184813_rc	apr022#2#ctg1	4041537	4173808	HLA-DRA+|HLA-DRB3-|HLA-DRB1-	2	provisional_annotation_absence_not_confirmed_deletion	DRB-STRUCT-d9e9c983b0b92c6d
DRB	apr023#1	apr023	apr023	APR	apr023#1#h1tg000014l:137929515-143086735_rc	apr023#1#ctg1	4015271	4167555	HLA-DRA+|HLA-DRB5-|HLA-DRB1-	2	provisional_annotation_absence_not_confirmed_deletion	DRB-STRUCT-a57eaf455348c3e7
DRB	apr023#2	apr023	apr023	APR	apr023#2#h2tg000022l:26641068-31656450_rc	apr023#2#ctg1	3958430	4030246	HLA-DRA+|HLA-DRB1-	1	provisional_annotation_absence_not_confirmed_deletion	DRB-STRUCT-2e2f348001bcb731
DRB	apr024#1	apr024	apr024	APR	apr024#1#h1tg000001l:137801575-142959579_rc	apr024#1#ctg1	4015958	4168290	HLA-DRA+|HLA-DRB5-|HLA-DRB1-	2	provisional_annotation_absence_not_confirmed_deletion	DRB-STRUCT-a57eaf455348c3e7
DRB	apr024#2	apr024	apr024	APR	apr024#2#h2tg000014l:137766819-142943455_rc	apr024#2#ctg1	4034130	4186748	HLA-DRA+|HLA-DRB5-|HLA-DRB1-	2	provisional_annotation_absence_not_confirmed_deletion	DRB-STRUCT-a57eaf455348c3e7
DRB	apr025#1	apr025	apr025	APR	apr025#1#h1tg000007l:139497787-144647520_rc	apr025#1#ctg1	4019953	4165197	HLA-DRA+|HLA-DRB1-	1	provisional_annotation_absence_not_confirmed_deletion	DRB-STRUCT-2e2f348001bcb731
DRB	apr025#2	apr025	apr025	APR	apr025#2#h2tg000006l:138571729-143809751_rc	apr025#2#ctg1	4010894	4253746	HLA-DRA+|HLA-DRB4-|HLA-DRB1-	2	provisional_annotation_absence_not_confirmed_deletion	DRB-STRUCT-17c329d85af8b93c
DRB	apr026#1	apr026	apr026	APR	apr026#1#h1tg000019l:28393961-33702327	apr026#1#ctg1	4073354	4315791	HLA-DRA+|HLA-DRB4-|HLA-DRB1-	2	provisional_annotation_absence_not_confirmed_deletion	DRB-STRUCT-17c329d85af8b93c
DRB	apr026#2	apr026	apr026	APR	apr026#2#h2tg000012l:28359568-33574257	apr026#2#ctg1	3989604	4230713	HLA-DRA+|HLA-DRB4-|HLA-DRB1-	2	provisional_annotation_absence_not_confirmed_deletion	DRB-STRUCT-17c329d85af8b93c
DRB	apr027#1	apr027	apr027	APR	apr027#1#h1tg000004l:28384126-33662392	apr027#1#ctg1	4042232	4285606	HLA-DRA+|HLA-DRB4-|HLA-DRB1-	2	provisional_annotation_absence_not_confirmed_deletion	DRB-STRUCT-17c329d85af8b93c
DRB	apr027#2	apr027	apr027	APR	apr027#2#h2tg000013l:11085473-16306923_rc	apr027#2#ctg1	4096844	4235228	HLA-DRA+|HLA-DRB1-	1	provisional_annotation_absence_not_confirmed_deletion	DRB-STRUCT-2e2f348001bcb731
DRB	apr029#1	apr029	apr029	APR	apr029#1#h1tg000032l:28462821-33705004	apr029#1#ctg1	4008011	4250450	HLA-DRA+|HLA-DRB4-|HLA-DRB1-	2	provisional_annotation_absence_not_confirmed_deletion	DRB-STRUCT-17c329d85af8b93c
DRB	apr029#2	apr029	apr029	APR	apr029#2#h2tg000012l:28417575-33541972	apr029#2#ctg1	4013386	4145655	HLA-DRA+|HLA-DRB3-|HLA-DRB1-	2	provisional_annotation_absence_not_confirmed_deletion	DRB-STRUCT-d9e9c983b0b92c6d
DRB	apr030#1	apr030	apr030	APR	apr030#1#h1tg000001l:28446903-33506362	apr030#1#ctg1	3940456	4072845	HLA-DRA+|HLA-DRB3-|HLA-DRB1-	2	provisional_annotation_absence_not_confirmed_deletion	DRB-STRUCT-d9e9c983b0b92c6d
DRB	apr030#2	apr030	apr030	APR	apr030#2#h2tg000012l:28433288-33581296	apr030#2#ctg1	4017863	4163080	HLA-DRA+|HLA-DRB1-	1	provisional_annotation_absence_not_confirmed_deletion	DRB-STRUCT-2e2f348001bcb731
DRB	apr031#1	apr031	apr031	APR	apr031#1#h1tg000019l:26371881-31586781_rc	apr031#1#ctg1	4090234	4229013	HLA-DRA+|HLA-DRB1-	1	provisional_annotation_absence_not_confirmed_deletion	DRB-STRUCT-2e2f348001bcb731
DRB	apr031#2	apr031	apr031	APR	apr031#2#h2tg000036l:28402991-33519712	apr031#2#ctg1	3974366	4126978	HLA-DRA+|HLA-DRB5-|HLA-DRB1-	2	provisional_annotation_absence_not_confirmed_deletion	DRB-STRUCT-a57eaf455348c3e7
DRB	apr032#1	apr032	apr032	APR	apr032#1#h1tg000006l:28452318-33694285	apr032#1#ctg1	4006849	4249734	HLA-DRA+|HLA-DRB4-|HLA-DRB1-	2	provisional_annotation_absence_not_confirmed_deletion	DRB-STRUCT-17c329d85af8b93c
DRB	apr032#2	apr032	apr032	APR	apr032#2#h2tg000014l:28405263-33673740	apr032#2#ctg1	4032954	4276355	HLA-DRA+|HLA-DRB4-|HLA-DRB1-	2	provisional_annotation_absence_not_confirmed_deletion	DRB-STRUCT-17c329d85af8b93c
DRB	apr033#1	apr033	apr033	APR	apr033#1#h1tg000008l:27149396-32366749_rc	apr033#1#ctg1	4096659	4232088	HLA-DRA+|HLA-DRB3-|HLA-DRB1-	2	provisional_annotation_absence_not_confirmed_deletion	DRB-STRUCT-d9e9c983b0b92c6d
DRB	apr033#2	apr033	apr033	APR	apr033#2#h2tg000008l:28349631-33452614	apr033#2#ctg1	3979546	4118322	HLA-DRA+|HLA-DRB1-	1	provisional_annotation_absence_not_confirmed_deletion	DRB-STRUCT-2e2f348001bcb731
DRB	apr034#1	apr034	apr034	APR	apr034#1#h1tg000032l:26576741-31706138_rc	apr034#1#ctg1	4004946	4143305	HLA-DRA+|HLA-DRB1-	1	provisional_annotation_absence_not_confirmed_deletion	DRB-STRUCT-2e2f348001bcb731
DRB	apr034#2	apr034	apr034	APR	apr034#2#h2tg000008l:28434563-33559669	apr034#2#ctg1	4017676	4150054	HLA-DRA+|HLA-DRB3-|HLA-DRB1-	2	provisional_annotation_absence_not_confirmed_deletion	DRB-STRUCT-d9e9c983b0b92c6d
DRB	apr035#1	apr035	apr035	APR	apr035#1#h1tg000018l:27655502-32798707_rc	apr035#1#ctg1	4026503	4158956	HLA-DRA+|HLA-DRB3-|HLA-DRB1-	2	provisional_annotation_absence_not_confirmed_deletion	DRB-STRUCT-d9e9c983b0b92c6d
DRB	apr035#2	apr035	apr035	APR	apr035#2#h2tg000011l:27516869-32663681_rc	apr035#2#ctg1	4028403	4164644	HLA-DRA+|HLA-DRB3-|HLA-DRB1-	2	provisional_annotation_absence_not_confirmed_deletion	DRB-STRUCT-d9e9c983b0b92c6d
DRB	apr036#1	apr036	apr036	APR	apr036#1#h1tg000026l:25218090-30345004_rc	apr036#1#ctg1	4013815	4145648	HLA-DRA+|HLA-DRB3-|HLA-DRB1-	2	provisional_annotation_absence_not_confirmed_deletion	DRB-STRUCT-d9e9c983b0b92c6d
DRB	apr036#2	apr036	apr036	APR	apr036#2#h2tg000017l:1678659-6817558	apr036#2#ctg1	4019458	4155697	HLA-DRA+|HLA-DRB3-|HLA-DRB1-	2	provisional_annotation_absence_not_confirmed_deletion	DRB-STRUCT-d9e9c983b0b92c6d
DRB	apr037#1	apr037	apr037	APR	apr037#1#h1tg000004l:138070351-143231345_rc	apr037#1#ctg1	4036098	4174882	HLA-DRA+|HLA-DRB1-	1	provisional_annotation_absence_not_confirmed_deletion	DRB-STRUCT-2e2f348001bcb731
DRB	apr037#2	apr037	apr037	APR	apr037#2#h2tg000014l:138095539-143312355_rc	apr037#2#ctg1	4075921	4228255	HLA-DRA+|HLA-DRB5-|HLA-DRB1-	2	provisional_annotation_absence_not_confirmed_deletion	DRB-STRUCT-a57eaf455348c3e7
DRB	apr038#1	apr038	apr038	APR	apr038#1#h1tg000017l:1654472-6798671	apr038#1#ctg1	4019781	4158075	HLA-DRA+|HLA-DRB1-	1	provisional_annotation_absence_not_confirmed_deletion	DRB-STRUCT-2e2f348001bcb731
DRB	apr038#2	apr038	apr038	APR	apr038#2#h2tg000022l:127876238-133012041_rc	apr038#2#ctg1	4020393	4152752	HLA-DRA+|HLA-DRB3-|HLA-DRB1-	2	provisional_annotation_absence_not_confirmed_deletion	DRB-STRUCT-d9e9c983b0b92c6d
DRB	apr039#1	apr039	apr039	APR	apr039#1#h1tg000005l:28445311-33640507	apr039#1#ctg1	4052344	4204955	HLA-DRA+|HLA-DRB5-|HLA-DRB1-	2	provisional_annotation_absence_not_confirmed_deletion	DRB-STRUCT-a57eaf455348c3e7
DRB	apr039#2	apr039	apr039	APR	apr039#2#h2tg000012l:28411824-33614466	apr039#2#ctg1	4077953	4216785	HLA-DRA+|HLA-DRB1-	1	provisional_annotation_absence_not_confirmed_deletion	DRB-STRUCT-2e2f348001bcb731
DRB	apr040#1	apr040	apr040	APR	apr040#1#h1tg000032l:25914346-31039269_rc	apr040#1#ctg1	3982587	4135356	HLA-DRA+|HLA-DRB5-|HLA-DRB1-	2	provisional_annotation_absence_not_confirmed_deletion	DRB-STRUCT-a57eaf455348c3e7
DRB	apr040#2	apr040	apr040	APR	apr040#2#h2tg000023l:25605134-30732063_rc	apr040#2#ctg1	3985731	4138508	HLA-DRA+|HLA-DRB5-|HLA-DRB1-	2	provisional_annotation_absence_not_confirmed_deletion	DRB-STRUCT-a57eaf455348c3e7
DRB	apr041#1	apr041	apr041	APR	apr041#1#h1tg000024l:23526305-28655372_rc	apr041#1#ctg1	4012796	4145028	HLA-DRA+|HLA-DRB3-|HLA-DRB1-	2	provisional_annotation_absence_not_confirmed_deletion	DRB-STRUCT-d9e9c983b0b92c6d
DRB	apr041#2	apr041	apr041	APR	apr041#2#h2tg000015l:28437008-33578583	apr041#2#ctg1	4000386	4152720	HLA-DRA+|HLA-DRB5-|HLA-DRB1-	2	provisional_annotation_absence_not_confirmed_deletion	DRB-STRUCT-a57eaf455348c3e7
DRB	apr042#1	apr042	apr042	APR	apr042#1#h1tg000024l:28343014-33430082	apr042#1#ctg1	3972500	4108356	HLA-DRA+|HLA-DRB3-|HLA-DRB1-	2	provisional_annotation_absence_not_confirmed_deletion	DRB-STRUCT-d9e9c983b0b92c6d
DRB	apr042#2	apr042	apr042	APR	apr042#2#h2tg000022l:28456692-33606982	apr042#2#ctg1	4033464	4169679	HLA-DRA+|HLA-DRB3-|HLA-DRB1-	2	provisional_annotation_absence_not_confirmed_deletion	DRB-STRUCT-d9e9c983b0b92c6d
DRB	apr043#1	apr043	apr043	APR	apr043#1#h1tg000012l:139593152-144731880_rc	apr043#1#ctg1	4021741	4157956	HLA-DRA+|HLA-DRB3-|HLA-DRB1-	2	provisional_annotation_absence_not_confirmed_deletion	DRB-STRUCT-d9e9c983b0b92c6d
DRB	apr043#2	apr043	apr043	APR	apr043#2#h2tg000007l:28374571-33634772	apr043#2#ctg1	4024072	4266511	HLA-DRA+|HLA-DRB4-|HLA-DRB1-	2	provisional_annotation_absence_not_confirmed_deletion	DRB-STRUCT-17c329d85af8b93c
DRB	apr044#1	apr044	apr044	APR	apr044#1#h1tg000020l:28254023-33444694	apr044#1#ctg1	4047754	4200440	HLA-DRA+|HLA-DRB5-|HLA-DRB1-	2	provisional_annotation_absence_not_confirmed_deletion	DRB-STRUCT-a57eaf455348c3e7
DRB	apr044#2	apr044	apr044	APR	apr044#2#h2tg000019l:138732995-143879453_rc	apr044#2#ctg1	4035624	4167979	HLA-DRA+|HLA-DRB3-|HLA-DRB1-	2	provisional_annotation_absence_not_confirmed_deletion	DRB-STRUCT-d9e9c983b0b92c6d
DRB	apr045#1	apr045	apr045	APR	apr045#1#h1tg000014l:28436066-33585265	apr045#1#ctg1	4029817	4166038	HLA-DRA+|HLA-DRB3-|HLA-DRB1-	2	provisional_annotation_absence_not_confirmed_deletion	DRB-STRUCT-d9e9c983b0b92c6d
DRB	apr045#2	apr045	apr045	APR	apr045#2#h2tg000020l:28349553-33649005	apr045#2#ctg1	4072943	4315035	HLA-DRA+|HLA-DRB4-|HLA-DRB1-	2	provisional_annotation_absence_not_confirmed_deletion	DRB-STRUCT-17c329d85af8b93c
DRB	apr046#1	apr046	apr046	APR	apr046#1#h1tg000020l:28428626-33509292	apr046#1#ctg1	3964813	4096884	HLA-DRA+|HLA-DRB3-|HLA-DRB1-	2	provisional_annotation_absence_not_confirmed_deletion	DRB-STRUCT-d9e9c983b0b92c6d
DRB	apr046#2	apr046	apr046	APR	apr046#2#h2tg000002l:138874465-144007848_rc	apr046#2#ctg1	4015591	4148011	HLA-DRA+|HLA-DRB3-|HLA-DRB1-	2	provisional_annotation_absence_not_confirmed_deletion	DRB-STRUCT-d9e9c983b0b92c6d
DRB	apr047#1	apr047	apr047	APR	apr047#1#h1tg000022l:124629191-129940792_rc	apr047#1#ctg1	4084374	4326466	HLA-DRA+|HLA-DRB4-|HLA-DRB1-	2	provisional_annotation_absence_not_confirmed_deletion	DRB-STRUCT-17c329d85af8b93c
DRB	apr047#2	apr047	apr047	APR	apr047#2#h2tg000009l:28374338-33555921	apr047#2#ctg1	4040282	4192441	HLA-DRA+|HLA-DRB5-|HLA-DRB1-	2	provisional_annotation_absence_not_confirmed_deletion	DRB-STRUCT-a57eaf455348c3e7
DRB	apr048#1	apr048	apr048	APR	apr048#1#h1tg000017l:28263896-33470594	apr048#1#ctg1	4065174	4217943	HLA-DRA+|HLA-DRB5-|HLA-DRB1-	2	provisional_annotation_absence_not_confirmed_deletion	DRB-STRUCT-a57eaf455348c3e7
DRB	apr048#2	apr048	apr048	APR	apr048#2#h2tg000004l:138392377-143552020_rc	apr048#2#ctg1	4017568	4170176	HLA-DRA+|HLA-DRB5-|HLA-DRB1-	2	provisional_annotation_absence_not_confirmed_deletion	DRB-STRUCT-a57eaf455348c3e7
DRB	apr049#1	apr049	apr049	APR	apr049#1#h1tg000006l:28277333-33430073	apr049#1#ctg1	4010693	4162769	HLA-DRA+|HLA-DRB5-|HLA-DRB1-	2	provisional_annotation_absence_not_confirmed_deletion	DRB-STRUCT-a57eaf455348c3e7
DRB	apr049#2	apr049	apr049	APR	apr049#2#h2tg000002l:138418227-143654758_rc	apr049#2#ctg1	4092974	4245050	HLA-DRA+|HLA-DRB5-|HLA-DRB1-	2	provisional_annotation_absence_not_confirmed_deletion	DRB-STRUCT-a57eaf455348c3e7
DRB	apr050#1	apr050	apr050	APR	apr050#1#h1tg000015l:138045880-143321309_rc	apr050#1#ctg1	4049077	4291167	HLA-DRA+|HLA-DRB4-|HLA-DRB1-	2	provisional_annotation_absence_not_confirmed_deletion	DRB-STRUCT-17c329d85af8b93c
DRB	apr050#2	apr050	apr050	APR	apr050#2#h2tg000017l:28548291-33713388	apr050#2#ctg1	4052066	4184304	HLA-DRA+|HLA-DRB3-|HLA-DRB1-	2	provisional_annotation_absence_not_confirmed_deletion	DRB-STRUCT-d9e9c983b0b92c6d
DRB	apr051#1	apr051	apr051	APR	apr051#1#h1tg000003l:138076138-143233361_rc	apr051#1#ctg1	4016641	4168897	HLA-DRA+|HLA-DRB5-|HLA-DRB1-	2	provisional_annotation_absence_not_confirmed_deletion	DRB-STRUCT-a57eaf455348c3e7
DRB	apr051#2	apr051	apr051	APR	apr051#2#h2tg000005l:138189744-143327910_rc	apr051#2#ctg1	4017825	4150122	HLA-DRA+|HLA-DRB3-|HLA-DRB1-	2	provisional_annotation_absence_not_confirmed_deletion	DRB-STRUCT-d9e9c983b0b92c6d
DRB	apr52#1	apr52	apr52	APR	apr52#1#h1tg000012l:138556531-143810417_rc	apr52#1#ctg1	4018086	4261703	HLA-DRA+|HLA-DRB4-|HLA-DRB1-	2	provisional_annotation_absence_not_confirmed_deletion	DRB-STRUCT-17c329d85af8b93c
DRB	apr52#2	apr52	apr52	APR	apr52#2#h2tg000003l:137805510-143003962_rc	apr52#2#ctg1	3972847	4214000	HLA-DRA+|HLA-DRB4-|HLA-DRB1-	2	provisional_annotation_absence_not_confirmed_deletion	DRB-STRUCT-17c329d85af8b93c
DRB	hg002#1	hg002	hg002	HPRC-Jewish	hg002#1#chr6:28367269-33609101	hg002#1#ctg1	4015660	4256810	HLA-DRA+|HLA-DRB4-|HLA-DRB1-	2	provisional_annotation_absence_not_confirmed_deletion	DRB-STRUCT-17c329d85af8b93c
DRB	hg002#2	hg002	hg002	HPRC-Jewish	hg002#2#chr6:28364349-33511960	hg002#2#ctg1	4017601	4162827	HLA-DRA+|HLA-DRB1-	1	provisional_annotation_absence_not_confirmed_deletion	DRB-STRUCT-2e2f348001bcb731
DRB	ksa001#1	ksa001	ksa001	JaSaPaGe-Saudi	ksa001#1#P01_compress.k30.hapmer-0000008:28390148-33635536	ksa001#1#ctg1	4018758	4259920	HLA-DRA+|HLA-DRB4-|HLA-DRB1-	2	provisional_annotation_absence_not_confirmed_deletion	DRB-STRUCT-17c329d85af8b93c
DRB	ksa001#2	ksa001	ksa001	JaSaPaGe-Saudi	ksa001#2#P02_compress.k30.hapmer-0000137:138158892-143358025_rc	ksa001#2#ctg1	4089046	4221409	HLA-DRA+|HLA-DRB3-|HLA-DRB1-	2	provisional_annotation_absence_not_confirmed_deletion	DRB-STRUCT-d9e9c983b0b92c6d
DRB	ksa002#2	ksa002	ksa002	JaSaPaGe-Saudi	ksa002#2#h2tg000047l:28364582-33489388	ksa002#2#ctg1	4010671	4142939	HLA-DRA+|HLA-DRB3-|HLA-DRB1-	2	provisional_annotation_absence_not_confirmed_deletion	DRB-STRUCT-d9e9c983b0b92c6d
DRB	ksa003#1	ksa003	ksa003	JaSaPaGe-Saudi	ksa003#1#h1tg000003l:26282372-31531568_rc	ksa003#1#ctg1	4023201	4264321	HLA-DRA+|HLA-DRB4-|HLA-DRB1-	2	provisional_annotation_absence_not_confirmed_deletion	DRB-STRUCT-17c329d85af8b93c
DRB	ksa003#2	ksa003	ksa003	JaSaPaGe-Saudi	ksa003#2#h2tg000004l:28111634-33359120_rc	ksa003#2#ctg1	4021486	4263519	HLA-DRA+|HLA-DRB4-|HLA-DRB1-	2	provisional_annotation_absence_not_confirmed_deletion	DRB-STRUCT-17c329d85af8b93c
DRB	ksa005#1	ksa005	ksa005	JaSaPaGe-Saudi	ksa005#1#h1tg000012l:28289164-33471875	ksa005#1#ctg1	4062781	4198604	HLA-DRA+|HLA-DRB3-|HLA-DRB1-	2	provisional_annotation_absence_not_confirmed_deletion	DRB-STRUCT-d9e9c983b0b92c6d
DRB	ksa005#2	ksa005	ksa005	JaSaPaGe-Saudi	ksa005#2#h2tg000015l:28455196-33802696	ksa005#2#ctg1	4121675	4362829	HLA-DRA+|HLA-DRB4-|HLA-DRB1-	2	provisional_annotation_absence_not_confirmed_deletion	DRB-STRUCT-17c329d85af8b93c
DRB	ksa006#1	ksa006	ksa006	JaSaPaGe-Saudi	ksa006#1#h1tg000023l:24976893-30234320_rc	ksa006#1#ctg1	4020749	4264150	HLA-DRA+|HLA-DRB4-|HLA-DRB1-	2	provisional_annotation_absence_not_confirmed_deletion	DRB-STRUCT-17c329d85af8b93c
DRB	ksa007#1	ksa007	ksa007	JaSaPaGe-Saudi	ksa007#1#h1tg000051l:6349428-11505741_rc	ksa007#1#ctg1	4036404	4172237	HLA-DRA+|HLA-DRB3-|HLA-DRB1-	2	provisional_annotation_absence_not_confirmed_deletion	DRB-STRUCT-d9e9c983b0b92c6d
DRB	ksa007#2	ksa007	ksa007	JaSaPaGe-Saudi	ksa007#2#h2tg000027l:3344535-8478308	ksa007#2#ctg1	3992082	4144793	HLA-DRA+|HLA-DRB5-|HLA-DRB1-	2	provisional_annotation_absence_not_confirmed_deletion	DRB-STRUCT-a57eaf455348c3e7
DRB	ksa008#1	ksa008	ksa008	JaSaPaGe-Saudi	ksa008#1#h1tg000006l:28325815-33557944	ksa008#1#ctg1	3995746	4239145	HLA-DRA+|HLA-DRB4-|HLA-DRB1-	2	provisional_annotation_absence_not_confirmed_deletion	DRB-STRUCT-17c329d85af8b93c
DRB	ksa008#2	ksa008	ksa008	JaSaPaGe-Saudi	ksa008#2#h2tg000040l:26875251-31991332_rc	ksa008#2#ctg1	3999980	4131749	HLA-DRA+|HLA-DRB3-|HLA-DRB1-	2	provisional_annotation_absence_not_confirmed_deletion	DRB-STRUCT-d9e9c983b0b92c6d
RCCX	HG00097#1	HG00097	HG00097	HPRC-Rest	HG00097#1#JBIRDD010000044.1:28461910-33634610	HG00097#1#ctg1	3562987	3703158	WHR1-like+|C4AL+|CYP21A1P-like+|TNXA-like-|WHR1B-like+|C4BL+|CYP21A2-like+|TNXB-like-	2	assembly_homology_and_annotation	RCCX-STRUCT-c91a117646c15232
RCCX	HG00097#2	HG00097	HG00097	HPRC-Rest	HG00097#2#JBIRDE010000007.1:28438526-33548333	HG00097#2#ctg1	3507803	3647970	WHR1-like+|C4AL+|CYP21A1P-like+|TNXA-like-|WHR1B-like+|C4BL+|CYP21A2-like+|TNXB-like-	2	assembly_homology_and_annotation	RCCX-STRUCT-c91a117646c15232
RCCX	HG00099#1	HG00099	HG00099	HPRC-Rest	HG00099#1#JBHDWO010000057.1:28378111-33500321	HG00099#1#ctg1	3543822	3683976	WHR1-like+|C4AL+|CYP21A1P-like+|TNXA-like-|WHR1B-like+|C4BL+|CYP21A2-like+|TNXB-like-	2	assembly_homology_and_annotation	RCCX-STRUCT-c91a117646c15232
RCCX	HG00099#2	HG00099	HG00099	HPRC-Rest	HG00099#2#CM087361.1:28397166-33493833	HG00099#2#ctg1	3552094	3653167	WHR1-like+|C4BS+|CYP21A2-like+|TNXB-like-	1	assembly_homology_and_annotation	RCCX-STRUCT-a002f576cdda62b4
RCCX	HG00126#1	HG00126	HG00126	HPRC-Rest	HG00126#1#CM090112.1:28356760-33437962	HG00126#1#ctg1	3497958	3638116	WHR1-like+|C4AL+|CYP21A1P-like+|TNXA-like-|WHR1B-like+|C4BL+|CYP21A2-like+|TNXB-like-	2	assembly_homology_and_annotation	RCCX-STRUCT-c91a117646c15232
RCCX	HG00126#2	HG00126	HG00126	HPRC-Rest	HG00126#2#CM090124.1:28373995-33623206	HG00126#2#ctg1	3552597	3686401	WHR1-like+|C4AL+|CYP21A1P-like+|TNXA-like-|WHR1B-like+|C4BS+|CYP21A2-like+|TNXB-like-	2	assembly_homology_and_annotation	RCCX-STRUCT-08dc6d3cd5c804e4
RCCX	HG00128#1	HG00128	HG00128	HPRC-Rest	HG00128#1#CM090080.1:28391628-33572064	HG00128#1#ctg1	3551336	3711506	WHR1-like+|C4AL+|CYP21A1P-like+|TNXA-like-|WHR1B-like+|C4BS+|CYP21A1P-like+|TNXA-like-|WHR1B-like+|C4BS+|CYP21A2-like+|TNXB-like-	3	assembly_homology_and_annotation	RCCX-STRUCT-0c843ef37c4c8a9d
RCCX	HG00128#2	HG00128	HG00128	HPRC-Rest	HG00128#2#CM090096.1:28379634-33499179	HG00128#2#ctg1	3535596	3675737	WHR1-like+|C4AL+|CYP21A1P-like+|TNXA-like-|WHR1B-like+|C4BL+|CYP21A2-like+|TNXB-like-	2	assembly_homology_and_annotation	RCCX-STRUCT-c91a117646c15232
RCCX	HG00133#1	HG00133	HG00133	HPRC-Rest	HG00133#1#CM090050.1:28455191-33589633	HG00133#1#ctg1	3555786	3689577	WHR1-like+|C4AL+|CYP21A1P-like+|TNXA-like-|WHR1B-like+|C4BS+|CYP21A2-like+|TNXB-like-	2	assembly_homology_and_annotation	RCCX-STRUCT-08dc6d3cd5c804e4
RCCX	HG00133#2	HG00133	HG00133	HPRC-Rest	HG00133#2#CM090065.1:28391702-33637176	HG00133#2#ctg1	3551810	3691958	WHR1-like+|C4AL+|CYP21A1P-like+|TNXA-like-|WHR1B-like+|C4AL+|CYP21A2-like+|TNXB-like-	2	assembly_homology_and_annotation	RCCX-STRUCT-109f6cb2c3c027c8
RCCX	HG00140#1	HG00140	HG00140	HPRC-Rest	HG00140#1#CM087111.1:28362821-33594371	HG00140#1#ctg1	3622101	3762270	WHR1-like+|C4AL+|CYP21A2-like+|TNXA-like-|WHR1B-like+|C4BL+|CYP21A2-like+|TNXB-like-	2	assembly_homology_and_annotation	RCCX-STRUCT-4c34865fcf2a50f9
RCCX	HG00140#2	HG00140	HG00140	HPRC-Rest	HG00140#2#CM087137.1:28381998-33511941	HG00140#2#ctg1	3551009	3684776	WHR1-like+|C4AL+|CYP21A1P-like+|TNXA-like-|WHR1B-like+|C4BS+|CYP21A2-like+|TNXB-like-	2	assembly_homology_and_annotation	RCCX-STRUCT-08dc6d3cd5c804e4
RCCX	HG00146#1	HG00146	HG00146	HPRC-Rest	HG00146#1#CM090015.1:28391294-33489055	HG00146#1#ctg1	3552118	3653189	WHR1-like+|C4BS+|CYP21A2-like+|TNXB-like-	1	assembly_homology_and_annotation	RCCX-STRUCT-a002f576cdda62b4
RCCX	HG00146#2	HG00146	HG00146	HPRC-Rest	HG00146#2#JBHIKP010000006.1:28398454-33526840	HG00146#2#ctg1	3552178	3659606	WHR1-like+|C4AL+|CYP21A1P-like+|TNXB-like-	1	assembly_homology_and_annotation	RCCX-STRUCT-f3f0f2d8f59c7414
RCCX	HG00232#1	HG00232	HG00232	HPRC-Rest	HG00232#1#JBHIKM010000014.1:28302939-33474178	HG00232#1#ctg1	3561598	3701761	WHR1-like+|C4AL+|CYP21A1P-like+|TNXA-like-|WHR1B-like+|C4BL+|CYP21A2-like+|TNXB-like-	2	assembly_homology_and_annotation	RCCX-STRUCT-c91a117646c15232
RCCX	HG00232#2	HG00232	HG00232	HPRC-Rest	HG00232#2#JBHIKN010000040.1:28366410-33541603	HG00232#2#ctg1	3558433	3731340	WHR1-like+|C4AL+|CYP21A1P-like+|TNXA-like-|WHR1B-like+|C4AL+|CYP21A1P-like+|TNXA-like-|WHR1B-like+|C4AL+|CYP21A2-like+|TNXB-like-	3	assembly_homology_and_annotation	RCCX-STRUCT-daf9913a8b810e06
RCCX	HG00235#1	HG00235	HG00235	HPRC-Rest	HG00235#1#JBIRED010000015.1:28430445-33672471	HG00235#1#ctg1	3548429	3688584	WHR1-like+|C4AL+|CYP21A1P-like+|TNXA-like-|WHR1B-like+|C4BL+|CYP21A2-like+|TNXB-like-	2	assembly_homology_and_annotation	RCCX-STRUCT-c91a117646c15232
RCCX	HG00235#2	HG00235	HG00235	HPRC-Rest	HG00235#2#JBIREE010000012.1:28440799-33687305	HG00235#2#ctg1	3551966	3692120	WHR1-like+|C4AL+|CYP21A1P-like+|TNXA-like-|WHR1B-like+|C4BL+|CYP21A2-like+|TNXB-like-	2	assembly_homology_and_annotation	RCCX-STRUCT-c91a117646c15232
RCCX	HG00253#1	HG00253	HG00253	HPRC-Rest	HG00253#1#CM094460.1:28362997-33511495	HG00253#1#ctg1	3553970	3687774	WHR1-like+|C4AL+|CYP21A1P-like+|TNXA-like-|WHR1B-like+|C4BS+|CYP21A2-like+|TNXB-like-	2	assembly_homology_and_annotation	RCCX-STRUCT-08dc6d3cd5c804e4
RCCX	HG00253#2	HG00253	HG00253	HPRC-Rest	HG00253#2#CM094482.1:28362559-33525998	HG00253#2#ctg1	3553289	3693448	WHR1-like+|C4AL+|CYP21A1P-like+|TNXA-like-|WHR1B-like+|C4BL+|CYP21A2-like+|TNXB-like-	2	assembly_homology_and_annotation	RCCX-STRUCT-c91a117646c15232
RCCX	HG00272#1	HG00272	HG00272	HPRC-Rest	HG00272#1#CM094189.1:28268096-33422158	HG00272#1#ctg1	3549160	3689306	WHR1-like+|C4AL+|CYP21A1P-like+|TNXA-like-|WHR1B-like+|C4AL+|CYP21A2-like+|TNXB-like-	2	assembly_homology_and_annotation	RCCX-STRUCT-109f6cb2c3c027c8
RCCX	HG00272#2	HG00272	HG00272	HPRC-Rest	HG00272#2#CM094216.1:28400431-33497055	HG00272#2#ctg1	3552064	3653138	WHR1-like+|C4BS+|CYP21A2-like+|TNXB-like-	1	assembly_homology_and_annotation	RCCX-STRUCT-a002f576cdda62b4
RCCX	HG00280#1	HG00280	HG00280	HPRC-Rest	HG00280#1#CM087149.1:28404965-33542525	HG00280#1#ctg1	3552113	3692266	WHR1-like+|C4AL+|CYP21A1P-like+|TNXA-like-|WHR1B-like+|C4BL+|CYP21A2-like+|TNXB-like-	2	assembly_homology_and_annotation	RCCX-STRUCT-c91a117646c15232
RCCX	HG00280#2	HG00280	HG00280	HPRC-Rest	HG00280#2#CM087160.1:28390542-33496389	HG00280#2#ctg1	3561308	3662373	WHR1-like+|C4BS+|CYP21A2-like+|TNXB-like-	1	assembly_homology_and_annotation	RCCX-STRUCT-a002f576cdda62b4
RCCX	HG00290#1	HG00290	HG00290	HPRC-Rest	HG00290#1#CM089982.1:28384478-33524366	HG00290#1#ctg1	3562957	3670400	WHR1-like+|C4AL+|CYP21A2-like+|TNXB-like-	1	assembly_homology_and_annotation	RCCX-STRUCT-80c1563b57f16898
RCCX	HG00290#2	HG00290	HG00290	HPRC-Rest	HG00290#2#CM090006.1:28396532-33558743	HG00290#2#ctg1	3553268	3693443	WHR1-like+|C4AL+|CYP21A1P-like+|TNXA-like-|WHR1B-like+|C4AL+|CYP21A2-like+|TNXB-like-	2	assembly_homology_and_annotation	RCCX-STRUCT-109f6cb2c3c027c8
RCCX	HG00320#1	HG00320	HG00320	HPRC-Rest	HG00320#1#CM089951.1:28434922-33547606	HG00320#1#ctg1	3623508	3730933	WHR1-like+|C4AL+|CYP21A2-like+|TNXB-like-	1	assembly_homology_and_annotation	RCCX-STRUCT-80c1563b57f16898
RCCX	HG00320#2	HG00320	HG00320	HPRC-Rest	HG00320#2#CM089965.1:28395668-33476154	HG00320#2#ctg1	3565328	3699131	WHR1-like+|C4AL+|CYP21A1P-like+|TNXA-like-|WHR1B-like+|C4BS+|CYP21A2-like+|TNXB-like-	2	assembly_homology_and_annotation	RCCX-STRUCT-08dc6d3cd5c804e4
RCCX	HG00321#1	HG00321	HG00321	HPRC-Rest	HG00321#1#CM089541.1:28422537-33579208	HG00321#1#ctg1	3554897	3688700	WHR1-like+|C4AL+|CYP21A1P-like+|TNXA-like-|WHR1B-like+|C4BS+|CYP21A2-like+|TNXB-like-	2	assembly_homology_and_annotation	RCCX-STRUCT-08dc6d3cd5c804e4
RCCX	HG00321#2	HG00321	HG00321	HPRC-Rest	HG00321#2#CM089572.1:28378789-33420293	HG00321#2#ctg1	3552400	3659824	WHR1-like+|C4AL+|CYP21A2-like+|TNXB-like-	1	assembly_homology_and_annotation	RCCX-STRUCT-80c1563b57f16898
RCCX	HG00323#1	HG00323	HG00323	HPRC-Rest	HG00323#1#CM087306.1:28385818-33469846	HG00323#1#ctg1	3504533	3638336	WHR1-like+|C4AL+|CYP21A1P-like+|TNXA-like-|WHR1B-like+|C4BS+|CYP21A2-like+|TNXB-like-	2	assembly_homology_and_annotation	RCCX-STRUCT-08dc6d3cd5c804e4
RCCX	HG00323#2	HG00323	HG00323	HPRC-Rest	HG00323#2#CM087331.1:28400279-33501006	HG00323#2#ctg1	3497159	3630961	WHR1-like+|C4AL+|CYP21A1P-like+|TNXA-like-|WHR1B-like+|C4BS+|CYP21A2-like+|TNXB-like-	2	assembly_homology_and_annotation	RCCX-STRUCT-08dc6d3cd5c804e4
RCCX	HG00329#1	HG00329	HG00329	HPRC-Rest	HG00329#1#CM094227.1:28398918-33572031	HG00329#1#ctg1	3562901	3729516	WHR1-like+|C4AL+|CYP21A1P-like+|TNXA-like-|WHR1B-like+|C4AS+|CYP21A1P-like+|TNXA-like-|WHR1B-like+|C4BL+|CYP21A2-like+|TNXB-like-	3	assembly_homology_and_annotation	RCCX-STRUCT-e92677dc4f8b8aff
RCCX	HG00329#2	HG00329	HG00329	HPRC-Rest	HG00329#2#JBIRDQ010000006.1:28383055-33548759	HG00329#2#ctg1	3556706	3696877	WHR1-like+|C4AL+|CYP21A1P-like+|TNXA-like-|WHR1B-like+|C4BL+|CYP21A2-like+|TNXB-like-	2	assembly_homology_and_annotation	RCCX-STRUCT-c91a117646c15232
RCCX	HG00344#1	HG00344	HG00344	HPRC-Rest	HG00344#1#JBIREN010000005.1:28404553-33569861	HG00344#1#ctg1	3557088	3697255	WHR1-like+|C4AL+|CYP21A1P-like+|TNXA-like-|WHR1B-like+|C4BL+|CYP21A2-like+|TNXB-like-	2	assembly_homology_and_annotation	RCCX-STRUCT-c91a117646c15232
RCCX	HG00344#2	HG00344	HG00344	HPRC-Rest	HG00344#2#JBIREO010000046.1:28507887-33680519	HG00344#2#ctg1	3563009	3703176	WHR1-like+|C4AL+|CYP21A1P-like+|TNXA-like-|WHR1B-like+|C4BL+|CYP21A2-like+|TNXB-like-	2	assembly_homology_and_annotation	RCCX-STRUCT-c91a117646c15232
RCCX	HG00350#1	HG00350	HG00350	HPRC-Rest	HG00350#1#JBIREL010000054.1:28392042-33553743	HG00350#1#ctg1	3552813	3692978	WHR1-like+|C4AL+|CYP21A1P-like+|TNXA-like-|WHR1B-like+|C4BL+|CYP21A2-like+|TNXB-like-	2	assembly_homology_and_annotation	RCCX-STRUCT-c91a117646c15232
RCCX	HG00350#2	HG00350	HG00350	HPRC-Rest	HG00350#2#JBIREM010000045.1:28412158-33655472	HG00350#2#ctg1	3550884	3691053	WHR1-like+|C4AL+|CYP21A1P-like+|TNXA-like-|WHR1B-like+|C4BL+|CYP21A2-like+|TNXB-like-	2	assembly_homology_and_annotation	RCCX-STRUCT-c91a117646c15232
RCCX	HG00408#1	HG00408	HG00406	HPRC-EastAsian	HG00408#1#CM085956.1:28367209-33537812	HG00408#1#ctg1	3556966	3723500	WHR1-like+|C4AL+|CYP21A1P-like+|TNXA-like-|WHR1B-like+|C4AL+|CYP21A1P-like+|TNXA-like-|WHR1B-like+|C4BS+|CYP21A2-like+|TNXB-like-	3	assembly_homology_and_annotation	RCCX-STRUCT-f3965b9e0fe6783a
RCCX	HG00408#2	HG00408	HG00406	HPRC-EastAsian	HG00408#2#CM085969.1:28371022-33519581	HG00408#2#ctg1	3545936	3679733	WHR1-like+|C4AL+|CYP21A1P-like+|TNXA-like-|WHR1B-like+|C4BS+|CYP21A2-like+|TNXB-like-	2	assembly_homology_and_annotation	RCCX-STRUCT-08dc6d3cd5c804e4
RCCX	HG00423#1	HG00423	HG00421	HPRC-EastAsian	HG00423#1#CM089400.1:28362185-33602188	HG00423#1#ctg1	3550713	3684525	WHR1-like+|C4AL+|CYP21A1P-like+|TNXA-like-|WHR1B-like+|C4BS+|CYP21A2-like+|TNXB-like-	2	assembly_homology_and_annotation	RCCX-STRUCT-08dc6d3cd5c804e4
RCCX	HG00423#2	HG00423	HG00421	HPRC-EastAsian	HG00423#2#CM089416.1:28353255-33428495	HG00423#2#ctg1	3554610	3694784	WHR1-like+|C4AL+|CYP21A1P-like+|TNXA-like-|WHR1B-like+|C4BL+|CYP21A2-like+|TNXB-like-	2	assembly_homology_and_annotation	RCCX-STRUCT-c91a117646c15232
RCCX	HG00438#1	HG00438	HG00436	HPRC-EastAsian	HG00438#1#CM089172.1:28419975-33475943	HG00438#1#ctg1	3502119	3609567	WHR1-like+|C4AL+|CYP21A2-like+|TNXB-like-	1	assembly_homology_and_annotation	RCCX-STRUCT-80c1563b57f16898
RCCX	HG00438#2	HG00438	HG00436	HPRC-EastAsian	HG00438#2#CM089191.1:28355071-33575312	HG00438#2#ctg1	3543654	3651048	WHR1-like+|C4AL+|CYP21A2-like+|TNXB-like-	1	assembly_homology_and_annotation	RCCX-STRUCT-80c1563b57f16898
RCCX	HG005#1	HG005	HG005	HPRC-EastAsian	HG005#1#CM099986.1:28343337-33540760	HG005#1#ctg1	3504592	3644764	WHR1-like+|C4AL+|CYP21A1P-like+|TNXA-like-|WHR1B-like+|C4BL+|CYP21A2-like+|TNXB-like-	2	assembly_homology_and_annotation	RCCX-STRUCT-c91a117646c15232
RCCX	HG005#2	HG005	HG005	HPRC-EastAsian	HG005#2#CM099975.1:28427209-33625676	HG005#2#ctg1	3503982	3644137	WHR1-like+|C4AL+|CYP21A1P-like+|TNXA-like-|WHR1B-like+|C4BL+|CYP21A2-like+|TNXB-like-	2	assembly_homology_and_annotation	RCCX-STRUCT-c91a117646c15232
RCCX	HG00544#1	HG00544	HG00542	HPRC-EastAsian	HG00544#1#CM089373.1:28382951-33635750	HG00544#1#ctg1	3563737	3697548	WHR1-like+|C4AL+|CYP21A1P-like+|TNXA-like-|WHR1B-like+|C4BS+|CYP21A1P-like+|TNXB-like-	2	assembly_homology_and_annotation	RCCX-STRUCT-4b4b6e68dd2a2a5d
RCCX	HG00544#2	HG00544	HG00542	HPRC-EastAsian	HG00544#2#CM089387.1:28377663-33617357	HG00544#2#ctg1	3550687	3684488	WHR1-like+|C4AL+|CYP21A1P-like+|TNXA-like-|WHR1B-like+|C4BS+|CYP21A2-like+|TNXB-like-	2	assembly_homology_and_annotation	RCCX-STRUCT-08dc6d3cd5c804e4
RCCX	HG00558#1	HG00558	HG00556	HPRC-EastAsian	HG00558#1#CM088495.1:28611632-33843761	HG00558#1#ctg1	3544168	3677957	WHR1-like+|C4AL+|CYP21A1P-like+|TNXA-like-|WHR1B-like+|C4BS+|CYP21A2-like+|TNXB-like-	2	assembly_homology_and_annotation	RCCX-STRUCT-08dc6d3cd5c804e4
RCCX	HG00558#2	HG00558	HG00556	HPRC-EastAsian	HG00558#2#CM088524.1:28472433-33604465	HG00558#2#ctg1	3541267	3675055	WHR1-like+|C4AL+|CYP21A1P-like+|TNXA-like-|WHR1B-like+|C4BS+|CYP21A2-like+|TNXB-like-	2	assembly_homology_and_annotation	RCCX-STRUCT-08dc6d3cd5c804e4
RCCX	HG00597#1	HG00597	HG00595	HPRC-EastAsian	HG00597#1#JBHDUU010000003.1:28248152-33413616	HG00597#1#ctg1	3557010	3723544	WHR1-like+|C4AL+|CYP21A1P-like+|TNXA-like-|WHR1B-like+|C4AL+|CYP21A1P-like+|TNXA-like-|WHR1B-like+|C4BS+|CYP21A2-like+|TNXB-like-	3	assembly_homology_and_annotation	RCCX-STRUCT-f3965b9e0fe6783a
RCCX	HG00597#2	HG00597	HG00595	HPRC-EastAsian	HG00597#2#CM085784.1:28381176-33466863	HG00597#2#ctg1	3507783	3647963	WHR1-like+|C4AL+|CYP21A1P-like+|TNXA-like-|WHR1B-like+|C4BL+|CYP21A2-like+|TNXB-like-	2	assembly_homology_and_annotation	RCCX-STRUCT-c91a117646c15232
RCCX	HG00609#1	HG00609	HG00607	HPRC-EastAsian	HG00609#1#CM086351.1:28557002-33710805	HG00609#1#ctg1	3552425	3686222	WHR1-like+|C4AL+|CYP21A1P-like+|TNXA-like-|WHR1B-like+|C4BS+|CYP21A2-like+|TNXB-like-	2	assembly_homology_and_annotation	RCCX-STRUCT-08dc6d3cd5c804e4
RCCX	HG00609#2	HG00609	HG00607	HPRC-EastAsian	HG00609#2#CM086361.1:28373908-33563607	HG00609#2#ctg1	3496376	3636540	WHR1-like+|C4AL+|CYP21A1P-like+|TNXA-like-|WHR1B-like+|C4AL+|CYP21A2-like+|TNXB-like-	2	assembly_homology_and_annotation	RCCX-STRUCT-109f6cb2c3c027c8
RCCX	HG00621#1	HG00621	HG00619	HPRC-EastAsian	HG00621#1#CM087851.1:28412809-33652212	HG00621#1#ctg1	3551512	3685309	WHR1-like+|C4AL+|CYP21A1P-like+|TNXA-like-|WHR1B-like+|C4BS+|CYP21A2-like+|TNXB-like-	2	assembly_homology_and_annotation	RCCX-STRUCT-08dc6d3cd5c804e4
RCCX	HG00621#2	HG00621	HG00619	HPRC-EastAsian	HG00621#2#CM087865.1:28365619-33503852	HG00621#2#ctg1	3560736	3700888	WHR1-like+|C4AL+|CYP21A1P-like+|TNXA-like-|WHR1B-like+|C4BL+|CYP21A2-like+|TNXB-like-	2	assembly_homology_and_annotation	RCCX-STRUCT-c91a117646c15232
RCCX	HG00639#1	HG00639	HG00637	HPRC-Rest	HG00639#1#CM088540.1:28385584-33628081	HG00639#1#ctg1	3548504	3688653	WHR1-like+|C4AL+|CYP21A1P-like+|TNXA-like-|WHR1B-like+|C4BL+|CYP21A2-like+|TNXB-like-	2	assembly_homology_and_annotation	RCCX-STRUCT-c91a117646c15232
RCCX	HG00639#2	HG00639	HG00637	HPRC-Rest	HG00639#2#CM088555.1:28389308-33644836	HG00639#2#ctg1	3562495	3702646	WHR1-like+|C4AL+|CYP21A1P-like+|TNXA-like-|WHR1B-like+|C4BL+|CYP21A2-like+|TNXB-like-	2	assembly_homology_and_annotation	RCCX-STRUCT-c91a117646c15232
RCCX	HG00642#1	HG00642	HG00640	HPRC-Rest	HG00642#1#JBHDST010000009.1:28352295-33459982	HG00642#1#ctg1	3559115	3666509	WHR1-like+|C4AL+|CYP21A2-like+|TNXB-like-	1	assembly_homology_and_annotation	RCCX-STRUCT-80c1563b57f16898
RCCX	HG00642#2	HG00642	HG00640	HPRC-Rest	HG00642#2#CM086622.1:28408489-33506502	HG00642#2#ctg1	3503637	3637425	WHR1-like+|C4AL+|CYP21A1P-like+|TNXA-like-|WHR1B-like+|C4BS+|CYP21A2-like+|TNXB-like-	2	assembly_homology_and_annotation	RCCX-STRUCT-08dc6d3cd5c804e4
RCCX	HG00658#1	HG00658	HG00656	HPRC-EastAsian	HG00658#1#CM088776.1:28382214-33455895	HG00658#1#ctg1	3553050	3693219	WHR1-like+|C4AL+|CYP21A1P-like+|TNXA-like-|WHR1B-like+|C4BL+|CYP21A2-like+|TNXB-like-	2	assembly_homology_and_annotation	RCCX-STRUCT-c91a117646c15232
RCCX	HG00658#2	HG00658	HG00656	HPRC-EastAsian	HG00658#2#CM088798.1:28345511-33527662	HG00658#2#ctg1	3551428	3718027	WHR1-like+|C4AL+|CYP21A1P-like+|TNXA-like-|WHR1B-like+|C4AS+|CYP21A1P-like+|TNXA-like-|WHR1B-like+|C4BL+|CYP21A2-like+|TNXB-like-	3	assembly_homology_and_annotation	RCCX-STRUCT-e92677dc4f8b8aff
RCCX	HG00673#1	HG00673	HG00671	HPRC-EastAsian	HG00673#1#CM089145.1:28380395-33412996	HG00673#1#ctg1	3455266	3595448	WHR1-like+|C4AL+|CYP21A1P-like+|TNXA-like-|WHR1B-like+|C4BL+|CYP21A2-like+|TNXB-like-	2	assembly_homology_and_annotation	RCCX-STRUCT-c91a117646c15232
RCCX	HG00673#2	HG00673	HG00671	HPRC-EastAsian	HG00673#2#CM089157.1:28378967-33442230	HG00673#2#ctg1	3548256	3682057	WHR1-like+|C4AL+|CYP21A1P-like+|TNXA-like-|WHR1B-like+|C4AS+|CYP21A2-like+|TNXB-like-	2	assembly_homology_and_annotation	RCCX-STRUCT-b8ca310d36f0396c
RCCX	HG00706#1	HG00706	HG00704	HPRC-EastAsian	HG00706#1#CM100016.1:28396497-33554012	HG00706#1#ctg1	3554517	3688407	WHR1-like+|C4BL+|CYP21A2-like+|TNXA-like-|WHR1B-like+|C4BS+|CYP21A2-like+|TNXB-like-	2	assembly_homology_and_annotation	RCCX-STRUCT-c23deea26722f529
RCCX	HG00706#2	HG00706	HG00704	HPRC-EastAsian	HG00706#2#CM100060.1:28411727-33571906	HG00706#2#ctg1	3552179	3692349	WHR1-like+|C4AL+|CYP21A1P-like+|TNXA-like-|WHR1B-like+|C4BL+|CYP21A2-like+|TNXB-like-	2	assembly_homology_and_annotation	RCCX-STRUCT-c91a117646c15232
RCCX	HG00733#1	HG00733	HG00731	HPRC-Rest	HG00733#1#JAHEPQ020000004.1:28448883-33531506	HG00733#1#ctg1	3504520	3644682	WHR1-like+|C4AL+|CYP21A1P-like+|TNXA-like-|WHR1B-like+|C4BL+|CYP21A2-like+|TNXB-like-	2	assembly_homology_and_annotation	RCCX-STRUCT-c91a117646c15232
RCCX	HG00733#2	HG00733	HG00731	HPRC-Rest	HG00733#2#JAHEPP020000013.1:28389728-33496160	HG00733#2#ctg1	3559094	3666487	WHR1-like+|C4AL+|CYP21A2-like+|TNXB-like-	1	assembly_homology_and_annotation	RCCX-STRUCT-80c1563b57f16898
RCCX	HG00735#1	HG00735	HG00734	HPRC-Rest	HG00735#1#CM087879.1:28400157-33626272	HG00735#1#ctg1	3623398	3757202	WHR1-like+|C4AL+|CYP21A1P-like+|TNXA-like-|WHR1B-like+|C4BS+|CYP21A2-like+|TNXB-like-	2	assembly_homology_and_annotation	RCCX-STRUCT-08dc6d3cd5c804e4
RCCX	HG00735#2	HG00735	HG00734	HPRC-Rest	HG00735#2#CM087888.1:28407279-33712571	HG00735#2#ctg1	3618549	3752337	WHR1-like+|C4AL+|CYP21A1P-like+|TNXA-like-|WHR1B-like+|C4BS+|CYP21A2-like+|TNXB-like-	2	assembly_homology_and_annotation	RCCX-STRUCT-08dc6d3cd5c804e4
RCCX	HG00738#1	HG00738	HG00736	HPRC-Rest	HG00738#1#CM086647.1:28420303-33517291	HG00738#1#ctg1	3552126	3653200	WHR1-like+|C4BS+|CYP21A2-like+|TNXB-like-	1	assembly_homology_and_annotation	RCCX-STRUCT-a002f576cdda62b4
RCCX	HG00738#2	HG00738	HG00736	HPRC-Rest	HG00738#2#CM086684.1:28399019-33553590	HG00738#2#ctg1	3550292	3690438	WHR1-like+|C4AL+|CYP21A1P-like+|TNXA-like-|WHR1B-like+|C4AL+|CYP21A2-like+|TNXB-like-	2	assembly_homology_and_annotation	RCCX-STRUCT-109f6cb2c3c027c8
RCCX	HG00741#1	HG00741	HG00739	HPRC-Rest	HG00741#1#CM087899.1:28395234-33528259	HG00741#1#ctg1	3560953	3694771	WHR1-like+|C4AL+|CYP21A1P-like+|TNXA-like-|WHR1B-like+|C4BS+|CYP21A2-like+|TNXB-like-	2	assembly_homology_and_annotation	RCCX-STRUCT-08dc6d3cd5c804e4
RCCX	HG00741#2	HG00741	HG00739	HPRC-Rest	HG00741#2#CM087911.1:28428150-33619756	HG00741#2#ctg1	3616898	3750690	WHR1-like+|C4AL+|CYP21A1P-like+|TNXA-like-|WHR1B-like+|C4BS+|CYP21A2-like+|TNXB-like-	2	assembly_homology_and_annotation	RCCX-STRUCT-08dc6d3cd5c804e4
RCCX	HG01071#1	HG01071	HG01069	HPRC-Rest	HG01071#1#CM089116.1:28400399-33605490	HG01071#1#ctg1	3507189	3640976	WHR1-like+|C4AL+|CYP21A1P-like+|TNXA-like-|WHR1B-like+|C4BS+|CYP21A2-like+|TNXB-like-	2	assembly_homology_and_annotation	RCCX-STRUCT-08dc6d3cd5c804e4
RCCX	HG01071#2	HG01071	HG01069	HPRC-Rest	HG01071#2#JAHBCE020000004.1:28353469-33512869	HG01071#2#ctg1	3560228	3720382	WHR1-like+|C4BL+|CYP21A1P-like+|TNXA-like-|WHR1B-like+|C4AS+|CYP21A2-like+|TNXA-like-|WHR1B-like+|C4BS+|CYP21A2-like+|TNXB-like-	3	assembly_homology_and_annotation	RCCX-STRUCT-8904b92121a5f1e8
RCCX	HG01074#1	HG01074	HG01072	HPRC-Rest	HG01074#1#CM088786.1:28385433-33531927	HG01074#1#ctg1	3537005	3677168	WHR1-like+|C4BL+|CYP21A1P-like+|TNXA-like-|WHR1B-like+|C4BL+|CYP21A2-like+|TNXB-like-	2	assembly_homology_and_annotation	RCCX-STRUCT-684f24a39886a3ee
RCCX	HG01074#2	HG01074	HG01072	HPRC-Rest	HG01074#2#CM088812.1:28367163-33616085	HG01074#2#ctg1	3552327	3686134	WHR1-like+|C4AL+|CYP21A1P-like+|TNXA-like-|WHR1B-like+|C4BS+|CYP21A2-like+|TNXB-like-	2	assembly_homology_and_annotation	RCCX-STRUCT-08dc6d3cd5c804e4
RCCX	HG01081#1	HG01081	HG01079	HPRC-Rest	HG01081#1#CM088567.1:28461361-33570671	HG01081#1#ctg1	3499089	3671994	WHR1-like+|C4AL+|CYP21A1P-like+|TNXA-like-|WHR1B-like+|C4AL+|CYP21A1P-like+|TNXA-like-|WHR1B-like+|C4BL+|CYP21A2-like+|TNXB-like-	3	assembly_homology_and_annotation	RCCX-STRUCT-ca928f07d032036f
RCCX	HG01081#2	HG01081	HG01079	HPRC-Rest	HG01081#2#CM088583.1:28313947-33411923	HG01081#2#ctg1	3503615	3637403	WHR1-like+|C4AL+|CYP21A1P-like+|TNXA-like-|WHR1B-like+|C4BS+|CYP21A2-like+|TNXB-like-	2	assembly_homology_and_annotation	RCCX-STRUCT-08dc6d3cd5c804e4
RCCX	HG01099#1	HG01099	HG01097	HPRC-Rest	HG01099#1#CM086260.1:28473499-33727222	HG01099#1#ctg1	3557144	3690931	WHR1-like+|C4AL+|CYP21A1P-like+|TNXA-like-|WHR1B-like+|C4BS+|CYP21A2-like+|TNXB-like-	2	assembly_homology_and_annotation	RCCX-STRUCT-08dc6d3cd5c804e4
RCCX	HG01099#2	HG01099	HG01097	HPRC-Rest	HG01099#2#CM086271.1:28372897-33623240	HG01099#2#ctg1	3552631	3686439	WHR1-like+|C4AL+|CYP21A1P-like+|TNXA-like-|WHR1B-like+|C4BS+|CYP21A2-like+|TNXB-like-	2	assembly_homology_and_annotation	RCCX-STRUCT-08dc6d3cd5c804e4
RCCX	HG01106#1	HG01106	HG01104	HPRC-Rest	HG01106#1#CM087952.1:28365981-33527455	HG01106#1#ctg1	3613816	3721214	WHR1-like+|C4AL+|CYP21A2-like+|TNXB-like-	1	assembly_homology_and_annotation	RCCX-STRUCT-80c1563b57f16898
RCCX	HG01106#2	HG01106	HG01104	HPRC-Rest	HG01106#2#CM087965.1:28447447-33606093	HG01106#2#ctg1	3610955	3718353	WHR1-like+|C4AL+|CYP21A2-like+|TNXB-like-	1	assembly_homology_and_annotation	RCCX-STRUCT-80c1563b57f16898
RCCX	HG01109#1	HG01109	HG01107	HPRC-Rest	HG01109#1#CM092087.1:28385979-33527092	HG01109#1#ctg1	3617991	3758145	WHR1-like+|C4AL+|CYP21A1P-like+|TNXA-like-|WHR1B-like+|C4BL+|CYP21A2-like+|TNXB-like-	2	assembly_homology_and_annotation	RCCX-STRUCT-c91a117646c15232
RCCX	HG01109#2	HG01109	HG01107	HPRC-Rest	HG01109#2#CM092075.1:28375676-33512099	HG01109#2#ctg1	3552646	3686444	WHR1-like+|C4AL+|CYP21A1P-like+|TNXA-like-|WHR1B-like+|C4BS+|CYP21A2-like+|TNXB-like-	2	assembly_homology_and_annotation	RCCX-STRUCT-08dc6d3cd5c804e4
RCCX	HG01123#1	HG01123	HG01123	HPRC-Rest	HG01123#1#CM089083.1:28404843-33659990	HG01123#1#ctg1	3553392	3693549	WHR1-like+|C4AL+|CYP21A1P-like+|TNXA-like-|WHR1B-like+|C4BL+|CYP21A2-like+|TNXB-like-	2	assembly_homology_and_annotation	RCCX-STRUCT-c91a117646c15232
RCCX	HG01123#2	HG01123	HG01123	HPRC-Rest	HG01123#2#CM089098.1:28415807-33563460	HG01123#2#ctg1	3542398	3682552	WHR1-like+|C4AL+|CYP21A1P-like+|TNXA-like-|WHR1B-like+|C4AL+|CYP21A2-like+|TNXB-like-	2	assembly_homology_and_annotation	RCCX-STRUCT-109f6cb2c3c027c8
RCCX	HG01150#1	HG01150	HG01148	HPRC-Rest	HG01150#1#CM088598.1:28377562-33536105	HG01150#1#ctg1	3547758	3687907	WHR1-like+|C4AL+|CYP21A1P-like+|TNXA-like-|WHR1B-like+|C4BL+|CYP21A2-like+|TNXB-like-	2	assembly_homology_and_annotation	RCCX-STRUCT-c91a117646c15232
RCCX	HG01150#2	HG01150	HG01148	HPRC-Rest	HG01150#2#CM088614.1:28600391-33807062	HG01150#2#ctg1	3621058	3761216	WHR1-like+|C4AL+|CYP21A1P-like+|TNXA-like-|WHR1B-like+|C4BL+|CYP21A2-like+|TNXB-like-	2	assembly_homology_and_annotation	RCCX-STRUCT-c91a117646c15232
RCCX	HG01167#1	HG01167	HG01167	HPRC-Rest	HG01167#1#CM094528.1:28408993-33550950	HG01167#1#ctg1	3454615	3588414	WHR1-like+|C4AL+|CYP21A1P-like+|TNXA-like-|WHR1B-like+|C4BS+|CYP21A2-like+|TNXB-like-	2	assembly_homology_and_annotation	RCCX-STRUCT-08dc6d3cd5c804e4
RCCX	HG01167#2	HG01167	HG01167	HPRC-Rest	HG01167#2#CM094543.1:28383235-33548638	HG01167#2#ctg1	3562172	3695957	WHR1-like+|C4AL+|CYP21A1P-like+|TNXA-like-|WHR1B-like+|C4BS+|CYP21A2-like+|TNXB-like-	2	assembly_homology_and_annotation	RCCX-STRUCT-08dc6d3cd5c804e4
RCCX	HG01175#1	HG01175	HG01173	HPRC-Rest	HG01175#1#CM087925.1:28388857-33560219	HG01175#1#ctg1	3561251	3701414	WHR1-like+|C4AL+|CYP21A1P-like+|TNXA-like-|WHR1B-like+|C4BL+|CYP21A2-like+|TNXB-like-	2	assembly_homology_and_annotation	RCCX-STRUCT-c91a117646c15232
RCCX	HG01175#2	HG01175	HG01173	HPRC-Rest	HG01175#2#CM087940.1:28426263-33594671	HG01175#2#ctg1	3565926	3699718	WHR1-like+|C4AL+|CYP21A1P-like+|TNXA-like-|WHR1B-like+|C4BS+|CYP21A2-like+|TNXB-like-	2	assembly_homology_and_annotation	RCCX-STRUCT-08dc6d3cd5c804e4
RCCX	HG01192#1	HG01192	HG01190	HPRC-Rest	HG01192#1#JBHDVI010000008.1:28423245-33497113	HG01192#1#ctg1	3552305	3692458	WHR1-like+|C4AL+|CYP21A1P-like+|TNXA-like-|WHR1B-like+|C4BL+|CYP21A2-like+|TNXB-like-	2	assembly_homology_and_annotation	RCCX-STRUCT-c91a117646c15232
RCCX	HG01192#2	HG01192	HG01190	HPRC-Rest	HG01192#2#JBHDVJ010000035.1:28425182-33556403	HG01192#2#ctg1	3559312	3693111	WHR1-like+|C4AL+|CYP21A1P-like+|TNXA-like-|WHR1B-like+|C4BS+|CYP21A2-like+|TNXB-like-	2	assembly_homology_and_annotation	RCCX-STRUCT-08dc6d3cd5c804e4
RCCX	HG01243#1	HG01243	HG01241	HPRC-Rest	HG01243#1#JAHEOY020000051.1:28395858-33529902	HG01243#1#ctg1	3553682	3687473	WHR1-like+|C4AL+|CYP21A1P-like+|TNXA-like-|WHR1B-like+|C4BS+|CYP21A2-like+|TNXB-like-	2	assembly_homology_and_annotation	RCCX-STRUCT-08dc6d3cd5c804e4
RCCX	HG01243#2	HG01243	HG01241	HPRC-Rest	HG01243#2#JAHEOX020000061.1:28429017-33652180	HG01243#2#ctg1	3618653	3758799	WHR1-like+|C4AL+|CYP21A1P-like+|TNXA-like-|WHR1B-like+|C4AL+|CYP21A2-like+|TNXB-like-	2	assembly_homology_and_annotation	RCCX-STRUCT-109f6cb2c3c027c8
RCCX	HG01252#1	HG01252	HG01250	HPRC-Rest	HG01252#1#CM088824.1:28394713-33593325	HG01252#1#ctg1	3505201	3645361	WHR1-like+|C4AL+|CYP21A1P-like+|TNXA-like-|WHR1B-like+|C4BL+|CYP21A2-like+|TNXB-like-	2	assembly_homology_and_annotation	RCCX-STRUCT-c91a117646c15232
RCCX	HG01252#2	HG01252	HG01250	HPRC-Rest	HG01252#2#CM088855.1:28339611-33537772	HG01252#2#ctg1	3504945	3645122	WHR1-like+|C4AL+|CYP21A1P-like+|TNXA-like-|WHR1B-like+|C4BL+|CYP21A2-like+|TNXB-like-	2	assembly_homology_and_annotation	RCCX-STRUCT-c91a117646c15232
RCCX	HG01255#1	HG01255	HG01253	HPRC-Rest	HG01255#1#CM086707.1:28387912-33538917	HG01255#1#ctg1	3552259	3686063	WHR1-like+|C4AL+|CYP21A1P-like+|TNXA-like-|WHR1B-like+|C4BS+|CYP21A2-like+|TNXB-like-	2	assembly_homology_and_annotation	RCCX-STRUCT-08dc6d3cd5c804e4
RCCX	HG01255#2	HG01255	HG01253	HPRC-Rest	HG01255#2#CM086721.1:28434597-33610529	HG01255#2#ctg1	3551771	3691932	WHR1-like+|C4AL+|CYP21A1P-like+|TNXA-like-|WHR1B-like+|C4BL+|CYP21A2-like+|TNXB-like-	2	assembly_homology_and_annotation	RCCX-STRUCT-c91a117646c15232
RCCX	HG01258#1	HG01258	HG01256	HPRC-Rest	HG01258#1#CM088113.1:28436863-33569447	HG01258#1#ctg1	3554930	3688729	WHR1-like+|C4AL+|CYP21A1P-like+|TNXA-like-|WHR1B-like+|C4BS+|CYP21A2-like+|TNXB-like-	2	assembly_homology_and_annotation	RCCX-STRUCT-08dc6d3cd5c804e4
RCCX	HG01258#2	HG01258	HG01256	HPRC-Rest	HG01258#2#JAGYYU020000010.1:28495340-33647216	HG01258#2#ctg1	3561260	3695047	WHR1-like+|C4AL+|CYP21A1P-like+|TNXA-like-|WHR1B-like+|C4BS+|CYP21A2-like+|TNXB-like-	2	assembly_homology_and_annotation	RCCX-STRUCT-08dc6d3cd5c804e4
RCCX	HG01261#1	HG01261	HG01259	HPRC-Rest	HG01261#1#JBHDVG010000007.1:28479273-33732193	HG01261#1#ctg1	3558213	3698376	WHR1-like+|C4AL+|CYP21A1P-like+|TNXA-like-|WHR1B-like+|C4BL+|CYP21A2-like+|TNXB-like-	2	assembly_homology_and_annotation	RCCX-STRUCT-c91a117646c15232
RCCX	HG01261#2	HG01261	HG01259	HPRC-Rest	HG01261#2#JBHDVH010000044.1:28397284-33514117	HG01261#2#ctg1	3562740	3735625	WHR1-like+|C4AL+|CYP21A1P-like+|TNXA-like-|WHR1B-like+|C4BL+|CYP21A1P-like+|TNXA-like-|WHR1B-like+|C4BL+|CYP21A2-like+|TNXB-like-	3	assembly_homology_and_annotation	RCCX-STRUCT-750ba4509b0b305f
RCCX	HG01346#1	HG01346	HG01344	HPRC-Rest	HG01346#1#CM086588.1:28433990-33540363	HG01346#1#ctg1	3502980	3643145	WHR1-like+|C4AL+|CYP21A1P-like+|TNXA-like-|WHR1B-like+|C4BL+|CYP21A2-like+|TNXB-like-	2	assembly_homology_and_annotation	RCCX-STRUCT-c91a117646c15232
RCCX	HG01346#2	HG01346	HG01344	HPRC-Rest	HG01346#2#JBHDSS010000002.1:28289708-33434702	HG01346#2#ctg1	3559188	3699359	WHR1-like+|C4BL+|CYP21A1P-like+|TNXA-like-|WHR1B-like+|C4BL+|CYP21A2-like+|TNXB-like-	2	assembly_homology_and_annotation	RCCX-STRUCT-684f24a39886a3ee
RCCX	HG01358#1	HG01358	HG01356	HPRC-Rest	HG01358#1#CM089055.1:28447322-33645210	HG01358#1#ctg1	3504962	3645121	WHR1-like+|C4AL+|CYP21A1P-like+|TNXA-like-|WHR1B-like+|C4BL+|CYP21A2-like+|TNXB-like-	2	assembly_homology_and_annotation	RCCX-STRUCT-c91a117646c15232
RCCX	HG01358#2	HG01358	HG01356	HPRC-Rest	HG01358#2#CM089068.1:28448274-33504819	HG01358#2#ctg1	3476932	3610699	WHR1-like+|C4AL+|CYP21A1P-like+|TNXA-like-|WHR1B-like+|C4BS+|CYP21A2-like+|TNXB-like-	2	assembly_homology_and_annotation	RCCX-STRUCT-08dc6d3cd5c804e4
RCCX	HG01361#1	HG01361	HG01359	HPRC-Rest	HG01361#1#CM089024.1:28417386-33535858	HG01361#1#ctg1	3544059	3677868	WHR1-like+|C4AL+|CYP21A1P-like+|TNXA-like-|WHR1B-like+|C4BS+|CYP21A2-like+|TNXB-like-	2	assembly_homology_and_annotation	RCCX-STRUCT-08dc6d3cd5c804e4
RCCX	HG01361#2	HG01361	HG01359	HPRC-Rest	HG01361#2#CM089040.1:28439662-33687433	HG01361#2#ctg1	3551256	3685064	WHR1-like+|C4AL+|CYP21A1P-like+|TNXA-like-|WHR1B-like+|C4BS+|CYP21A2-like+|TNXB-like-	2	assembly_homology_and_annotation	RCCX-STRUCT-08dc6d3cd5c804e4
RCCX	HG01433#1	HG01433	HG01431	HPRC-Rest	HG01433#1#CM086483.1:28472310-33714767	HG01433#1#ctg1	3548949	3689107	WHR1-like+|C4AL+|CYP21A1P-like+|TNXA-like-|WHR1B-like+|C4BL+|CYP21A2-like+|TNXB-like-	2	assembly_homology_and_annotation	RCCX-STRUCT-c91a117646c15232
RCCX	HG01433#2	HG01433	HG01431	HPRC-Rest	HG01433#2#CM086511.1:28432606-33680115	HG01433#2#ctg1	3550846	3684633	WHR1-like+|C4AL+|CYP21A1P-like+|TNXA-like-|WHR1B-like+|C4BS+|CYP21A2-like+|TNXB-like-	2	assembly_homology_and_annotation	RCCX-STRUCT-08dc6d3cd5c804e4
RCCX	HG01496#1	HG01496	HG01494	HPRC-Rest	HG01496#1#CM086373.1:28374305-33527298	HG01496#1#ctg1	3551543	3685341	WHR1-like+|C4AL+|CYP21A1P-like+|TNXA-like-|WHR1B-like+|C4BS+|CYP21A2-like+|TNXB-like-	2	assembly_homology_and_annotation	RCCX-STRUCT-08dc6d3cd5c804e4
RCCX	HG01496#2	HG01496	HG01494	HPRC-Rest	HG01496#2#CM086388.1:28388376-33615208	HG01496#2#ctg1	3500627	3673515	WHR1-like+|C4AL+|CYP21A1P-like+|TNXA-like-|WHR1B-like+|C4BL+|CYP21A1P-like+|TNXA-like-|WHR1B-like+|C4BL+|CYP21A2-like+|TNXB-like-	3	assembly_homology_and_annotation	RCCX-STRUCT-750ba4509b0b305f
RCCX	HG01530#1	HG01530	HG01530	HPRC-Rest	HG01530#1#CM087536.1:28292231-33446470	HG01530#1#ctg1	3551622	3685421	WHR1-like+|C4AL+|CYP21A1P-like+|TNXA-like-|WHR1B-like+|C4BS+|CYP21A2-like+|TNXB-like-	2	assembly_homology_and_annotation	RCCX-STRUCT-08dc6d3cd5c804e4
RCCX	HG01530#2	HG01530	HG01530	HPRC-Rest	HG01530#2#CM087560.1:28372601-33566242	HG01530#2#ctg1	3496864	3630651	WHR1-like+|C4AL+|CYP21A1P-like+|TNXA-like-|WHR1B-like+|C4BS+|CYP21A2-like+|TNXB-like-	2	assembly_homology_and_annotation	RCCX-STRUCT-08dc6d3cd5c804e4
RCCX	HG01784#1	HG01784	HG01782	HPRC-Rest	HG01784#1#CM087570.1:28443802-33693813	HG01784#1#ctg1	3553282	3693431	WHR1-like+|C4AL+|CYP21A1P-like+|TNXA-like-|WHR1B-like+|C4AL+|CYP21A2-like+|TNXB-like-	2	assembly_homology_and_annotation	RCCX-STRUCT-109f6cb2c3c027c8
RCCX	HG01784#2	HG01784	HG01782	HPRC-Rest	HG01784#2#CM087597.1:28389780-33578100	HG01784#2#ctg1	3501039	3634827	WHR1-like+|C4AL+|CYP21A1P-like+|TNXA-like-|WHR1B-like+|C4BS+|CYP21A2-like+|TNXB-like-	2	assembly_homology_and_annotation	RCCX-STRUCT-08dc6d3cd5c804e4
RCCX	HG01786#1	HG01786	HG01785	HPRC-Rest	HG01786#1#CM089504.1:28430581-33555976	HG01786#1#ctg1	3548143	3688297	WHR1-like+|C4AL+|CYP21A1P-like+|TNXA-like-|WHR1B-like+|C4AL+|CYP21A2-like+|TNXB-like-	2	assembly_homology_and_annotation	RCCX-STRUCT-109f6cb2c3c027c8
RCCX	HG01786#2	HG01786	HG01785	HPRC-Rest	HG01786#2#JBHIIX010000001.1:28291277-33427374	HG01786#2#ctg1	3558439	3692223	WHR1-like+|C4AL+|CYP21A1P-like+|TNXA-like-|WHR1B-like+|C4BS+|CYP21A2-like+|TNXB-like-	2	assembly_homology_and_annotation	RCCX-STRUCT-08dc6d3cd5c804e4
RCCX	HG01884#1	HG01884	HG01884	HPRC-Rest	HG01884#1#JBHDSB010000050.1:28364997-33565662	HG01884#1#ctg1	3623984	3757776	WHR1-like+|C4AL+|CYP21A1P-like+|TNXA-like-|WHR1B-like+|C4BS+|CYP21A2-like+|TNXB-like-	2	assembly_homology_and_annotation	RCCX-STRUCT-08dc6d3cd5c804e4
RCCX	HG01884#2	HG01884	HG01884	HPRC-Rest	HG01884#2#CM086422.1:28486017-33727367	HG01884#2#ctg1	3619273	3779401	WHR1-like+|C4BL+|CYP21A1P-like+|TNXA-like-|WHR1B-like+|C4BS+|CYP21A1P-like+|TNXA-like-|WHR1B-like+|C4BS+|CYP21A2-like+|TNXB-like-	3	assembly_homology_and_annotation	RCCX-STRUCT-5ad6ee42a7b40a00
RCCX	HG01891#1	HG01891	HG01889	HPRC-Rest	HG01891#1#JAGYVO020000076.1:2900811-8125517	HG01891#1#ctg1	3620624	3754436	WHR1-like+|C4AL+|CYP21A1P-like+|TNXA-like-|WHR1B-like+|C4BS+|CYP21A2-like+|TNXB-like-	2	assembly_homology_and_annotation	RCCX-STRUCT-08dc6d3cd5c804e4
RCCX	HG01891#2	HG01891	HG01889	HPRC-Rest	HG01891#2#JAGYVN020000007.1:1681129-6883010	HG01891#2#ctg1	3618377	3752161	WHR1-like+|C4AL+|CYP21A1P-like+|TNXA-like-|WHR1B-like+|C4BS+|CYP21A2-like+|TNXB-like-	2	assembly_homology_and_annotation	RCCX-STRUCT-08dc6d3cd5c804e4
RCCX	HG01928#1	HG01928	HG01926	HPRC-Rest	HG01928#1#CM088988.1:28420054-33667363	HG01928#1#ctg1	3553832	3693982	WHR1-like+|C4AL+|CYP21A1P-like+|TNXA-like-|WHR1B-like+|C4BL+|CYP21A2-like+|TNXB-like-	2	assembly_homology_and_annotation	RCCX-STRUCT-c91a117646c15232
RCCX	HG01928#2	HG01928	HG01926	HPRC-Rest	HG01928#2#CM089004.1:28358676-33609094	HG01928#2#ctg1	3553943	3694217	WHR1-like+|C4AL+|CYP21A1P-like+|TNXA-like-|WHR1B-like+|C4BL+|CYP21A2-like+|TNXB-like-	2	assembly_homology_and_annotation	RCCX-STRUCT-c91a117646c15232
RCCX	HG01934#1	HG01934	HG01932	HPRC-Rest	HG01934#1#CM088840.1:28381638-33543037	HG01934#1#ctg1	3552869	3693027	WHR1-like+|C4AL+|CYP21A1P-like+|TNXA-like-|WHR1B-like+|C4BL+|CYP21A2-like+|TNXB-like-	2	assembly_homology_and_annotation	RCCX-STRUCT-c91a117646c15232
RCCX	HG01934#2	HG01934	HG01932	HPRC-Rest	HG01934#2#CM088881.1:28393788-33621610	HG01934#2#ctg1	3546164	3673597	WHR1-like+|C4AS+|CYP21A1P-like+|TNXA-like-|WHR1B-like+|C4BS+|CYP21A2-like+|TNXB-like-	2	assembly_homology_and_annotation	RCCX-STRUCT-3d82c5351ccfb664
RCCX	HG01940#1	HG01940	HG01938	HPRC-Rest	HG01940#1#CM088633.1:28416533-33550847	HG01940#1#ctg1	3543916	3671352	WHR1-like+|C4AS+|CYP21A1P-like+|TNXA-like-|WHR1B-like+|C4BS+|CYP21A2-like+|TNXB-like-	2	assembly_homology_and_annotation	RCCX-STRUCT-3d82c5351ccfb664
RCCX	HG01940#2	HG01940	HG01938	HPRC-Rest	HG01940#2#JBHIHL010000009.1:28391811-33519262	HG01940#2#ctg1	3553376	3680820	WHR1-like+|C4AS+|CYP21A1P-like+|TNXA-like-|WHR1B-like+|C4BS+|CYP21A2-like+|TNXB-like-	2	assembly_homology_and_annotation	RCCX-STRUCT-3d82c5351ccfb664
RCCX	HG01943#1	HG01943	HG01941	HPRC-Rest	HG01943#1#JBHIIK010000008.1:28388608-33634739	HG01943#1#ctg1	3552582	3692741	WHR1-like+|C4AL+|CYP21A1P-like+|TNXA-like-|WHR1B-like+|C4BL+|CYP21A2-like+|TNXB-like-	2	assembly_homology_and_annotation	RCCX-STRUCT-c91a117646c15232
RCCX	HG01943#2	HG01943	HG01941	HPRC-Rest	HG01943#2#JBHIIL010000059.1:28384336-33527821	HG01943#2#ctg1	3453707	3587520	WHR1-like+|C4AL+|CYP21A1P-like+|TNXA-like-|WHR1B-like+|C4BS+|CYP21A2-like+|TNXB-like-	2	assembly_homology_and_annotation	RCCX-STRUCT-08dc6d3cd5c804e4
RCCX	HG01952#1	HG01952	HG01950	HPRC-Rest	HG01952#1#JAHAME020000003.1:28509779-33725990	HG01952#1#ctg1	3624037	3751467	WHR1-like+|C4AS+|CYP21A1P-like+|TNXA-like-|WHR1B-like+|C4BS+|CYP21A2-like+|TNXB-like-	2	assembly_homology_and_annotation	RCCX-STRUCT-3d82c5351ccfb664
RCCX	HG01952#2	HG01952	HG01950	HPRC-Rest	HG01952#2#CM087999.1:28438146-33670995	HG01952#2#ctg1	3545769	3679541	WHR1-like+|C4AL+|CYP21A1P-like+|TNXA-like-|WHR1B-like+|C4AS+|CYP21A2-like+|TNXB-like-	2	assembly_homology_and_annotation	RCCX-STRUCT-b8ca310d36f0396c
RCCX	HG01960#1	HG01960	HG01960	HPRC-Rest	HG01960#1#JBHIHM010000013.1:28299727-33553963	HG01960#1#ctg1	3558855	3692639	WHR1-like+|C4AL+|CYP21A1P-like+|TNXA-like-|WHR1B-like+|C4BS+|CYP21A2-like+|TNXB-like-	2	assembly_homology_and_annotation	RCCX-STRUCT-08dc6d3cd5c804e4
RCCX	HG01960#2	HG01960	HG01960	HPRC-Rest	HG01960#2#JBHIHN010000011.1:28515170-33644789	HG01960#2#ctg1	3551594	3685388	WHR1-like+|C4AL+|CYP21A1P-like+|TNXA-like-|WHR1B-like+|C4BS+|CYP21A2-like+|TNXB-like-	2	assembly_homology_and_annotation	RCCX-STRUCT-08dc6d3cd5c804e4
RCCX	HG01969#1	HG01969	HG01967	HPRC-Rest	HG01969#1#CM088687.1:28438493-33684979	HG01969#1#ctg1	3549845	3683653	WHR1-like+|C4AL+|CYP21A1P-like+|TNXA-like-|WHR1B-like+|C4BS+|CYP21A2-like+|TNXB-like-	2	assembly_homology_and_annotation	RCCX-STRUCT-08dc6d3cd5c804e4
RCCX	HG01969#2	HG01969	HG01967	HPRC-Rest	HG01969#2#CM088699.1:28424697-33581502	HG01969#2#ctg1	3554126	3687929	WHR1-like+|C4AL+|CYP21A1P-like+|TNXA-like-|WHR1B-like+|C4BS+|CYP21A2-like+|TNXB-like-	2	assembly_homology_and_annotation	RCCX-STRUCT-08dc6d3cd5c804e4
RCCX	HG01975#1	HG01975	HG01973	HPRC-Rest	HG01975#1#JBJUVS010000062.1:28446168-33791199	HG01975#1#ctg1	3619554	3792442	WHR1-like+|C4AL+|CYP21A1P-like+|TNXA-like-|WHR1B-like+|C4BL+|CYP21A1P-like+|TNXA-like-|WHR1B-like+|C4BL+|CYP21A2-like+|TNXB-like-	3	assembly_homology_and_annotation	RCCX-STRUCT-750ba4509b0b305f
RCCX	HG01975#2	HG01975	HG01973	HPRC-Rest	HG01975#2#CM099812.1:28391516-33619784	HG01975#2#ctg1	3546046	3673491	WHR1-like+|C4AS+|CYP21A1P-like+|TNXA-like-|WHR1B-like+|C4BS+|CYP21A2-like+|TNXB-like-	2	assembly_homology_and_annotation	RCCX-STRUCT-3d82c5351ccfb664
RCCX	HG01978#1	HG01978	HG01976	HPRC-Rest	HG01978#1#CM089247.1:28385214-33602216	HG01978#1#ctg1	3618729	3752520	WHR1-like+|C4AL+|CYP21A1P-like+|TNXA-like-|WHR1B-like+|C4BS+|CYP21A2-like+|TNXB-like-	2	assembly_homology_and_annotation	RCCX-STRUCT-08dc6d3cd5c804e4
RCCX	HG01978#2	HG01978	HG01976	HPRC-Rest	HG01978#2#CM089273.1:28354032-33630223	HG01978#2#ctg1	3548466	3721303	WHR1-like+|C4AL+|CYP21A1P-like+|TNXA-like-|WHR1B-like+|C4BL+|CYP21A1P-like+|TNXA-like-|WHR1B-like+|C4BL+|CYP21A2-like+|TNXB-like-	3	assembly_homology_and_annotation	RCCX-STRUCT-750ba4509b0b305f
RCCX	HG01981#1	HG01981	HG01979	HPRC-Rest	HG01981#1#JBHDRV010000009.1:28410315-33655950	HG01981#1#ctg1	3551965	3692119	WHR1-like+|C4AL+|CYP21A1P-like+|TNXA-like-|WHR1B-like+|C4BL+|CYP21A2-like+|TNXB-like-	2	assembly_homology_and_annotation	RCCX-STRUCT-c91a117646c15232
RCCX	HG01981#2	HG01981	HG01979	HPRC-Rest	HG01981#2#JBHDRW010000010.1:28410780-33681446	HG01981#2#ctg1	3544408	3717292	WHR1-like+|C4AL+|CYP21A1P-like+|TNXA-like-|WHR1B-like+|C4BL+|CYP21A1P-like+|TNXA-like-|WHR1B-like+|C4BL+|CYP21A2-like+|TNXB-like-	3	assembly_homology_and_annotation	RCCX-STRUCT-750ba4509b0b305f
RCCX	HG01993#1	HG01993	HG01991	HPRC-Rest	HG01993#1#JBHDSL010000047.1:28406826-33615858	HG01993#1#ctg1	3610774	3744577	WHR1-like+|C4AL+|CYP21A1P-like+|TNXA-like-|WHR1B-like+|C4BS+|CYP21A2-like+|TNXB-like-	2	assembly_homology_and_annotation	RCCX-STRUCT-08dc6d3cd5c804e4
RCCX	HG01993#2	HG01993	HG01991	HPRC-Rest	HG01993#2#JBHDSM010000062.1:28431770-33594269	HG01993#2#ctg1	3559904	3693707	WHR1-like+|C4AL+|CYP21A1P-like+|TNXA-like-|WHR1B-like+|C4BS+|CYP21A2-like+|TNXB-like-	2	assembly_homology_and_annotation	RCCX-STRUCT-08dc6d3cd5c804e4
RCCX	HG02004#1	HG02004	HG02002	HPRC-Rest	HG02004#1#JBHDRT010000003.1:28425702-33656904	HG02004#1#ctg1	3548735	3676175	WHR1-like+|C4AS+|CYP21A1P-like+|TNXA-like-|WHR1B-like+|C4BS+|CYP21A2-like+|TNXB-like-	2	assembly_homology_and_annotation	RCCX-STRUCT-3d82c5351ccfb664
RCCX	HG02004#2	HG02004	HG02002	HPRC-Rest	HG02004#2#JBHDRU010000054.1:28359862-33635123	HG02004#2#ctg1	3547027	3719907	WHR1-like+|C4AL+|CYP21A1P-like+|TNXA-like-|WHR1B-like+|C4BL+|CYP21A1P-like+|TNXA-like-|WHR1B-like+|C4BL+|CYP21A2-like+|TNXB-like-	3	assembly_homology_and_annotation	RCCX-STRUCT-750ba4509b0b305f
RCCX	HG02015#1	HG02015	HG02015	HPRC-EastAsian	HG02015#1#CM085893.1:28402846-33586394	HG02015#1#ctg1	3553005	3713167	WHR1-like+|C4AL+|CYP21A1P-like+|TNXA-like-|WHR1B-like+|C4AS+|CYP21A1P-like+|TNXA-like-|WHR1B-like+|C4BS+|CYP21A2-like+|TNXB-like-	3	assembly_homology_and_annotation	RCCX-STRUCT-43779c00c9747168
RCCX	HG02015#2	HG02015	HG02015	HPRC-EastAsian	HG02015#2#CM085899.1:28383446-33717143	HG02015#2#ctg1	3622873	3763036	WHR1-like+|C4AL+|CYP21A2-like+|TNXA-like-|WHR1B-like+|C4BL+|CYP21A2-like+|TNXB-like-	2	assembly_homology_and_annotation	RCCX-STRUCT-4c34865fcf2a50f9
RCCX	HG02027#1	HG02027	HG02027	HPRC-EastAsian	HG02027#1#JBHDTX010000002.1:1623368-6786940	HG02027#1#ctg1	3556755	3723288	WHR1-like+|C4AL+|CYP21A1P-like+|TNXA-like-|WHR1B-like+|C4AL+|CYP21A1P-like+|TNXA-like-|WHR1B-like+|C4BS+|CYP21A2-like+|TNXB-like-	3	assembly_homology_and_annotation	RCCX-STRUCT-f3965b9e0fe6783a
RCCX	HG02027#2	HG02027	HG02027	HPRC-EastAsian	HG02027#2#JBHDTY010000008.1:1623003-6755193	HG02027#2#ctg1	3553543	3687311	WHR1-like+|C4AL+|CYP21A1P-like+|TNXA-like-|WHR1B-like+|C4BS+|CYP21A2-like+|TNXB-like-	2	assembly_homology_and_annotation	RCCX-STRUCT-08dc6d3cd5c804e4
RCCX	HG02040#1	HG02040	HG02040	HPRC-EastAsian	HG02040#1#CM087376.1:28407779-33615862	HG02040#1#ctg1	3617871	3751653	WHR1-like+|C4AL+|CYP21A1P-like+|TNXA-like-|WHR1B-like+|C4BS+|CYP21A2-like+|TNXB-like-	2	assembly_homology_and_annotation	RCCX-STRUCT-08dc6d3cd5c804e4
RCCX	HG02040#2	HG02040	HG02040	HPRC-EastAsian	HG02040#2#CM087404.1:28421077-33661960	HG02040#2#ctg1	3552297	3686097	WHR1-like+|C4AL+|CYP21A1P-like+|TNXA-like-|WHR1B-like+|C4BS+|CYP21A2-like+|TNXB-like-	2	assembly_homology_and_annotation	RCCX-STRUCT-08dc6d3cd5c804e4
RCCX	HG02055#1	HG02055	HG02053	HPRC-Rest	HG02055#1#JAHEPK020000065.1:28422841-33550861	HG02055#1#ctg1	3617701	3751494	WHR1-like+|C4AL+|CYP21A1P-like+|TNXA-like-|WHR1B-like+|C4BS+|CYP21A2-like+|TNXB-like-	2	assembly_homology_and_annotation	RCCX-STRUCT-08dc6d3cd5c804e4
RCCX	HG02055#2	HG02055	HG02053	HPRC-Rest	HG02055#2#JAHEPJ020000062.1:28297948-33346879	HG02055#2#ctg1	3503905	3611303	WHR1-like+|C4AL+|CYP21A2-like+|TNXB-like-	1	assembly_homology_and_annotation	RCCX-STRUCT-80c1563b57f16898
RCCX	HG02056#1	HG02056	HG02056	HPRC-EastAsian	HG02056#1#JBHDVC010000047.1:28415946-33618338	HG02056#1#ctg1	3620047	3760206	WHR1-like+|C4AL+|CYP21A2-like+|TNXA-like-|WHR1B-like+|C4BL+|CYP21A2-like+|TNXB-like-	2	assembly_homology_and_annotation	RCCX-STRUCT-4c34865fcf2a50f9
RCCX	HG02056#2	HG02056	HG02056	HPRC-EastAsian	HG02056#2#JBHDVD010000050.1:28353386-33462193	HG02056#2#ctg1	3526996	3667166	WHR1-like+|C4AL+|CYP21A1P-like+|TNXA-like-|WHR1B-like+|C4BL+|CYP21A2-like+|TNXB-like-	2	assembly_homology_and_annotation	RCCX-STRUCT-c91a117646c15232
RCCX	HG02071#1	HG02071	HG02071	HPRC-EastAsian	HG02071#1#CM088260.1:28423541-33557862	HG02071#1#ctg1	3552479	3692628	WHR1-like+|C4AL+|CYP21A1P-like+|TNXA-like-|WHR1B-like+|C4BL+|CYP21A2-like+|TNXB-like-	2	assembly_homology_and_annotation	RCCX-STRUCT-c91a117646c15232
RCCX	HG02071#2	HG02071	HG02071	HPRC-EastAsian	HG02071#2#CM088283.1:28360932-33442152	HG02071#2#ctg1	3506010	3639795	WHR1-like+|C4AL+|CYP21A1P-like+|TNXA-like-|WHR1B-like+|C4BS+|CYP21A2-like+|TNXB-like-	2	assembly_homology_and_annotation	RCCX-STRUCT-08dc6d3cd5c804e4
RCCX	HG02074#1	HG02074	HG02074	HPRC-EastAsian	HG02074#1#JBHIGK010000076.1:28344776-33475569	HG02074#1#ctg1	3551159	3684956	WHR1-like+|C4AL+|CYP21A1P-like+|TNXA-like-|WHR1B-like+|C4BS+|CYP21A2-like+|TNXB-like-	2	assembly_homology_and_annotation	RCCX-STRUCT-08dc6d3cd5c804e4
RCCX	HG02074#2	HG02074	HG02074	HPRC-EastAsian	HG02074#2#JBHIGL010000008.1:28378730-33632643	HG02074#2#ctg1	3558932	3699111	WHR1-like+|C4AL+|CYP21A1P-like+|TNXA-like-|WHR1B-like+|C4BL+|CYP21A2-like+|TNXB-like-	2	assembly_homology_and_annotation	RCCX-STRUCT-c91a117646c15232
RCCX	HG02080#1	HG02080	HG02080	HPRC-EastAsian	HG02080#1#CM092061.1:28425542-33593192	HG02080#1#ctg1	3622313	3729710	WHR1-like+|C4AL+|CYP21A2-like+|TNXB-like-	1	assembly_homology_and_annotation	RCCX-STRUCT-80c1563b57f16898
RCCX	HG02080#2	HG02080	HG02080	HPRC-EastAsian	HG02080#2#CM092047.1:28460929-33706794	HG02080#2#ctg1	3549711	3683467	WHR1-like+|C4AL+|CYP21A1P-like+|TNXA-like-|WHR1B-like+|C4BS+|CYP21A2-like+|TNXB-like-	2	assembly_homology_and_annotation	RCCX-STRUCT-08dc6d3cd5c804e4
RCCX	HG02083#1	HG02083	HG02083	HPRC-EastAsian	HG02083#1#JBHDTV010000048.1:28371858-33537852	HG02083#1#ctg1	3552644	3725516	WHR1-like+|C4AL+|CYP21A1P-like+|TNXA-like-|WHR1B-like+|C4BL+|CYP21A1P-like+|TNXA-like-|WHR1B-like+|C4BL+|CYP21A2-like+|TNXB-like-	3	assembly_homology_and_annotation	RCCX-STRUCT-750ba4509b0b305f
RCCX	HG02083#2	HG02083	HG02083	HPRC-EastAsian	HG02083#2#CM086965.1:28472527-33711689	HG02083#2#ctg1	3549723	3683516	WHR1-like+|C4AL+|CYP21A1P-like+|TNXA-like-|WHR1B-like+|C4BS+|CYP21A2-like+|TNXB-like-	2	assembly_homology_and_annotation	RCCX-STRUCT-08dc6d3cd5c804e4
RCCX	HG02109#1	HG02109	HG02109	HPRC-Rest	HG02109#1#CM092161.1:28294553-33395631	HG02109#1#ctg1	3501660	3635458	WHR1-like+|C4AL+|CYP21A1P-like+|TNXA-like-|WHR1B-like+|C4BS+|CYP21A2-like+|TNXB-like-	2	assembly_homology_and_annotation	RCCX-STRUCT-08dc6d3cd5c804e4
RCCX	HG02109#2	HG02109	HG02109	HPRC-Rest	HG02109#2#CM092147.1:28420239-33580817	HG02109#2#ctg1	3632455	3766243	WHR1-like+|C4AL+|CYP21A1P-like+|TNXA-like-|WHR1B-like+|C4BS+|CYP21A2-like+|TNXB-like-	2	assembly_homology_and_annotation	RCCX-STRUCT-08dc6d3cd5c804e4
RCCX	HG02129#1	HG02129	HG02129	HPRC-EastAsian	HG02129#1#CM085849.1:28352001-33545967	HG02129#1#ctg1	3615314	3749111	WHR1-like+|C4BL+|CYP21A1P-like+|TNXA-like-|WHR1B-like+|C4BS+|CYP21A1P-like+|TNXB-like-	2	assembly_homology_and_annotation	RCCX-STRUCT-f110abe9b93df8a5
RCCX	HG02129#2	HG02129	HG02129	HPRC-EastAsian	HG02129#2#CM085860.1:28366606-33493917	HG02129#2#ctg1	3501531	3641690	WHR1-like+|C4AL+|CYP21A1P-like+|TNXA-like-|WHR1B-like+|C4BL+|CYP21A2-like+|TNXB-like-	2	assembly_homology_and_annotation	RCCX-STRUCT-c91a117646c15232
RCCX	HG02132#1	HG02132	HG02132	HPRC-EastAsian	HG02132#1#CM086897.1:28372349-33619790	HG02132#1#ctg1	3551192	3691372	WHR1-like+|C4AL+|CYP21A1P-like+|TNXA-like-|WHR1B-like+|C4BL+|CYP21A2-like+|TNXB-like-	2	assembly_homology_and_annotation	RCCX-STRUCT-c91a117646c15232
RCCX	HG02132#2	HG02132	HG02132	HPRC-EastAsian	HG02132#2#CM086908.1:28367828-33688656	HG02132#2#ctg1	3617842	3751607	WHR1-like+|C4AL+|CYP21A1P-like+|TNXA-like-|WHR1B-like+|C4BS+|CYP21A2-like+|TNXB-like-	2	assembly_homology_and_annotation	RCCX-STRUCT-08dc6d3cd5c804e4
RCCX	HG02135#1	HG02135	HG02135	HPRC-EastAsian	HG02135#1#CM088309.1:28410959-33520604	HG02135#1#ctg1	3507002	3640795	WHR1-like+|C4AL+|CYP21A1P-like+|TNXA-like-|WHR1B-like+|C4BS+|CYP21A2-like+|TNXB-like-	2	assembly_homology_and_annotation	RCCX-STRUCT-08dc6d3cd5c804e4
RCCX	HG02135#2	HG02135	HG02135	HPRC-EastAsian	HG02135#2#CM088319.1:28377765-33615244	HG02135#2#ctg1	3548795	3682589	WHR1-like+|C4AL+|CYP21A1P-like+|TNXA-like-|WHR1B-like+|C4BS+|CYP21A2-like+|TNXB-like-	2	assembly_homology_and_annotation	RCCX-STRUCT-08dc6d3cd5c804e4
RCCX	HG02145#1	HG02145	HG02143	HPRC-Rest	HG02145#1#CM099672.1:28303733-33469758	HG02145#1#ctg1	3560076	3700238	WHR1-like+|C4AL+|CYP21A1P-like+|TNXA-like-|WHR1B-like+|C4BL+|CYP21A2-like+|TNXB-like-	2	assembly_homology_and_annotation	RCCX-STRUCT-c91a117646c15232
RCCX	HG02145#2	HG02145	HG02143	HPRC-Rest	HG02145#2#CM099657.1:28376784-33593129	HG02145#2#ctg1	3616812	3750617	WHR1-like+|C4AL+|CYP21A1P-like+|TNXA-like-|WHR1B-like+|C4BS+|CYP21A2-like+|TNXB-like-	2	assembly_homology_and_annotation	RCCX-STRUCT-08dc6d3cd5c804e4
RCCX	HG02148#1	HG02148	HG02146	HPRC-Rest	HG02148#1#JAHAMG020000062.1:28379085-33505835	HG02148#1#ctg1	3552695	3680127	WHR1-like+|C4AS+|CYP21A1P-like+|TNXA-like-|WHR1B-like+|C4BS+|CYP21A2-like+|TNXB-like-	2	assembly_homology_and_annotation	RCCX-STRUCT-3d82c5351ccfb664
RCCX	HG02148#2	HG02148	HG02146	HPRC-Rest	HG02148#2#JAHAMF020000005.1:28427628-33536175	HG02148#2#ctg1	3559969	3667364	WHR1-like+|C4AL+|CYP21A2-like+|TNXB-like-	1	assembly_homology_and_annotation	RCCX-STRUCT-80c1563b57f16898
RCCX	HG02155#1	HG02155	HG02155	HPRC-EastAsian	HG02155#1#JBIECB010000043.1:28423029-33561929	HG02155#1#ctg1	3563159	3670557	WHR1-like+|C4BL+|CYP21A2-like+|TNXB-like-	1	assembly_homology_and_annotation	RCCX-STRUCT-7b1f207074474ef0
RCCX	HG02155#2	HG02155	HG02155	HPRC-EastAsian	HG02155#2#CM091924.1:28362729-33591130	HG02155#2#ctg1	3618300	3758447	WHR1-like+|C4AL+|CYP21A1P-like+|TNXA-like-|WHR1B-like+|C4AL+|CYP21A2-like+|TNXB-like-	2	assembly_homology_and_annotation	RCCX-STRUCT-109f6cb2c3c027c8
RCCX	HG02165#1	HG02165	HG02165	HPRC-EastAsian	HG02165#1#CM087444.1:28424290-33561901	HG02165#1#ctg1	3546454	3686606	WHR1-like+|C4AL+|CYP21A1P-like+|TNXA-like-|WHR1B-like+|C4BL+|CYP21A2-like+|TNXB-like-	2	assembly_homology_and_annotation	RCCX-STRUCT-c91a117646c15232
RCCX	HG02165#2	HG02165	HG02165	HPRC-EastAsian	HG02165#2#JBHDWX010000045.1:28431174-33561779	HG02165#2#ctg1	3550997	3684794	WHR1-like+|C4AL+|CYP21A1P-like+|TNXA-like-|WHR1B-like+|C4BS+|CYP21A2-like+|TNXB-like-	2	assembly_homology_and_annotation	RCCX-STRUCT-08dc6d3cd5c804e4
RCCX	HG02178#1	HG02178	HG02178	HPRC-EastAsian	HG02178#1#CM089925.1:28399752-33646110	HG02178#1#ctg1	3557779	3691580	WHR1-like+|C4AL+|CYP21A1P-like+|TNXA-like-|WHR1B-like+|C4BS+|CYP21A2-like+|TNXB-like-	2	assembly_homology_and_annotation	RCCX-STRUCT-08dc6d3cd5c804e4
RCCX	HG02178#2	HG02178	HG02178	HPRC-EastAsian	HG02178#2#CM089938.1:28370915-33566694	HG02178#2#ctg1	3560523	3727151	WHR1-like+|C4AL+|CYP21A1P-like+|TNXA-like-|WHR1B-like+|C4AS+|CYP21A1P-like+|TNXA-like-|WHR1B-like+|C4BL+|CYP21A2-like+|TNXB-like-	3	assembly_homology_and_annotation	RCCX-STRUCT-e92677dc4f8b8aff
RCCX	HG02257#1	HG02257	HG02255	HPRC-Rest	HG02257#1#CM089221.1:28424772-33551966	HG02257#1#ctg1	3548988	3689130	WHR1-like+|C4AL+|CYP21A1P-like+|TNXA-like-|WHR1B-like+|C4AL+|CYP21A2-like+|TNXB-like-	2	assembly_homology_and_annotation	RCCX-STRUCT-109f6cb2c3c027c8
RCCX	HG02257#2	HG02257	HG02255	HPRC-Rest	HG02257#2#CM089260.1:28471160-33602067	HG02257#2#ctg1	3546536	3680327	WHR1-like+|C4AL+|CYP21A1P-like+|TNXA-like-|WHR1B-like+|C4BS+|CYP21A2-like+|TNXB-like-	2	assembly_homology_and_annotation	RCCX-STRUCT-08dc6d3cd5c804e4
RCCX	HG02258#1	HG02258	HG02258	HPRC-Rest	HG02258#1#CM085826.1:28431405-33595237	HG02258#1#ctg1	3557988	3691780	WHR1-like+|C4AL+|CYP21A1P-like+|TNXA-like-|WHR1B-like+|C4BS+|CYP21A2-like+|TNXB-like-	2	assembly_homology_and_annotation	RCCX-STRUCT-08dc6d3cd5c804e4
RCCX	HG02258#2	HG02258	HG02258	HPRC-Rest	HG02258#2#CM085837.1:28401788-33525465	HG02258#2#ctg1	3553562	3654634	WHR1-like+|C4BS+|CYP21A2-like+|TNXB-like-	1	assembly_homology_and_annotation	RCCX-STRUCT-a002f576cdda62b4
RCCX	HG02273#1	HG02273	HG02271	HPRC-Rest	HG02273#1#JBHDVQ010000050.1:28386453-33633535	HG02273#1#ctg1	3553274	3693421	WHR1-like+|C4AL+|CYP21A1P-like+|TNXA-like-|WHR1B-like+|C4BL+|CYP21A2-like+|TNXB-like-	2	assembly_homology_and_annotation	RCCX-STRUCT-c91a117646c15232
RCCX	HG02273#2	HG02273	HG02271	HPRC-Rest	HG02273#2#CM087034.1:28375859-33514787	HG02273#2#ctg1	3553793	3693940	WHR1-like+|C4AL+|CYP21A1P-like+|TNXA-like-|WHR1B-like+|C4BL+|CYP21A2-like+|TNXB-like-	2	assembly_homology_and_annotation	RCCX-STRUCT-c91a117646c15232
RCCX	HG02280#1	HG02280	HG02280	HPRC-Rest	HG02280#1#JBHDRR010000050.1:28462941-33680751	HG02280#1#ctg1	3621784	3755549	WHR1-like+|C4AL+|CYP21A1P-like+|TNXA-like-|WHR1B-like+|C4BS+|CYP21A2-like+|TNXB-like-	2	assembly_homology_and_annotation	RCCX-STRUCT-08dc6d3cd5c804e4
RCCX	HG02280#2	HG02280	HG02280	HPRC-Rest	HG02280#2#JBHDRS010000063.1:28438025-33473174	HG02280#2#ctg1	3453159	3523495	WHR1-like+|C4AL+|CYP21A1P-like+|TNXA-like-|WHR1B-like+|C4BS+|CYP21A2-like+|TNXA-like-	2	assembly_homology_and_annotation	RCCX-STRUCT-6493188f61335fa0
RCCX	HG02293#1	HG02293	HG02291	HPRC-Rest	HG02293#1#CM086249.1:28376541-33683950	HG02293#1#ctg1	3612017	3752184	WHR1-like+|C4AL+|CYP21A1P-like+|TNXA-like-|WHR1B-like+|C4BL+|CYP21A2-like+|TNXB-like-	2	assembly_homology_and_annotation	RCCX-STRUCT-c91a117646c15232
RCCX	HG02293#2	HG02293	HG02291	HPRC-Rest	HG02293#2#CM086237.1:28436443-33671517	HG02293#2#ctg1	3548472	3682285	WHR1-like+|C4AL+|CYP21A1P-like+|TNXA-like-|WHR1B-like+|C4BS+|CYP21A2-like+|TNXB-like-	2	assembly_homology_and_annotation	RCCX-STRUCT-08dc6d3cd5c804e4
RCCX	HG02300#1	HG02300	HG02298	HPRC-Rest	HG02300#1#JBHDSD010000065.1:28384265-33632330	HG02300#1#ctg1	3554524	3694675	WHR1-like+|C4AL+|CYP21A1P-like+|TNXA-like-|WHR1B-like+|C4BL+|CYP21A2-like+|TNXB-like-	2	assembly_homology_and_annotation	RCCX-STRUCT-c91a117646c15232
RCCX	HG02300#2	HG02300	HG02298	HPRC-Rest	HG02300#2#JBHDSE010000015.1:28383936-33525808	HG02300#2#ctg1	3453211	3587021	WHR1-like+|C4AL+|CYP21A1P-like+|TNXA-like-|WHR1B-like+|C4BS+|CYP21A2-like+|TNXB-like-	2	assembly_homology_and_annotation	RCCX-STRUCT-08dc6d3cd5c804e4
RCCX	HG02391#1	HG02391	HG02391	HPRC-EastAsian	HG02391#1#CM087584.1:28379784-33548956	HG02391#1#ctg1	3565574	3699374	WHR1-like+|C4AL+|CYP21A1P-like+|TNXA-like-|WHR1B-like+|C4BS+|CYP21A2-like+|TNXB-like-	2	assembly_homology_and_annotation	RCCX-STRUCT-08dc6d3cd5c804e4
RCCX	HG02391#2	HG02391	HG02391	HPRC-EastAsian	HG02391#2#CM087613.1:28373481-33549853	HG02391#2#ctg1	3564299	3704460	WHR1-like+|C4AL+|CYP21A1P-like+|TNXA-like-|WHR1B-like+|C4BL+|CYP21A2-like+|TNXB-like-	2	assembly_homology_and_annotation	RCCX-STRUCT-c91a117646c15232
RCCX	HG02392#1	HG02392	HG02392	HPRC-EastAsian	HG02392#1#CM099882.1:28340512-33566823	HG02392#1#ctg1	3564755	3757719	WHR1-like+|C4AL+|CYP21A1P-like+|TNXA-like-|WHR1B-like+|C4BS+|CYP21A2-like+|TNXA-like-|WHR1B-like+|C4AL+|CYP21A2-like+|TNXA-like-|WHR1B-like+|C4BS+|CYP21A2-like+|TNXB-like-	4	assembly_homology_and_annotation	RCCX-STRUCT-716f40e69c45c13d
RCCX	HG02392#2	HG02392	HG02392	HPRC-EastAsian	HG02392#2#CM099892.1:28378060-33485526	HG02392#2#ctg1	3504248	3638044	WHR1-like+|C4AL+|CYP21A1P-like+|TNXA-like-|WHR1B-like+|C4BS+|CYP21A2-like+|TNXB-like-	2	assembly_homology_and_annotation	RCCX-STRUCT-08dc6d3cd5c804e4
RCCX	HG02451#1	HG02451	HG02449	HPRC-Rest	HG02451#1#CM086202.1:28416438-33496141	HG02451#1#ctg1	3501857	3635649	WHR1-like+|C4AL+|CYP21A1P-like+|TNXA-like-|WHR1B-like+|C4BS+|CYP21A2-like+|TNXB-like-	2	assembly_homology_and_annotation	RCCX-STRUCT-08dc6d3cd5c804e4
RCCX	HG02451#2	HG02451	HG02449	HPRC-Rest	HG02451#2#CM086226.1:28455260-33610103	HG02451#2#ctg1	3550764	3684556	WHR1-like+|C4AL+|CYP21A1P-like+|TNXA-like-|WHR1B-like+|C4BS+|CYP21A2-like+|TNXB-like-	2	assembly_homology_and_annotation	RCCX-STRUCT-08dc6d3cd5c804e4
RCCX	HG02486#1	HG02486	HG02486	HPRC-Rest	HG02486#1#CM088195.1:28400032-33557891	HG02486#1#ctg1	3553955	3687708	WHR1-like+|C4AL+|CYP21A1P-like+|TNXA-like-|WHR1B-like+|C4BS+|CYP21A2-like+|TNXB-like-	2	assembly_homology_and_annotation	RCCX-STRUCT-08dc6d3cd5c804e4
RCCX	HG02486#2	HG02486	HG02486	HPRC-Rest	HG02486#2#CM088219.1:28305765-33500079	HG02486#2#ctg1	3618686	3752488	WHR1-like+|C4AL+|CYP21A1P-like+|TNXA-like-|WHR1B-like+|C4AS+|CYP21A2-like+|TNXB-like-	2	assembly_homology_and_annotation	RCCX-STRUCT-b8ca310d36f0396c
RCCX	HG02514#1	HG02514	HG02512	HPRC-EastAsian	HG02514#1#CM098732.1:28373958-33711051	HG02514#1#ctg1	3613328	3773476	WHR1-like+|C4AL+|CYP21A1P-like+|TNXA-like-|WHR1B-like+|C4BS+|CYP21A1P-like+|TNXA-like-|WHR1B-like+|C4BS+|CYP21A2-like+|TNXB-like-	3	assembly_homology_and_annotation	RCCX-STRUCT-0c843ef37c4c8a9d
RCCX	HG02514#2	HG02514	HG02512	HPRC-EastAsian	HG02514#2#CM098748.1:28370171-33533737	HG02514#2#ctg1	3556826	3723360	WHR1-like+|C4AL+|CYP21A1P-like+|TNXA-like-|WHR1B-like+|C4AL+|CYP21A1P-like+|TNXA-like-|WHR1B-like+|C4BS+|CYP21A2-like+|TNXB-like-	3	assembly_homology_and_annotation	RCCX-STRUCT-f3965b9e0fe6783a
RCCX	HG02523#1	HG02523	HG02521	HPRC-EastAsian	HG02523#1#CM086922.1:28564085-33712113	HG02523#1#ctg1	3557884	3691670	WHR1-like+|C4AL+|CYP21A1P-like+|TNXA-like-|WHR1B-like+|C4BS+|CYP21A2-like+|TNXB-like-	2	assembly_homology_and_annotation	RCCX-STRUCT-08dc6d3cd5c804e4
RCCX	HG02523#2	HG02523	HG02521	HPRC-EastAsian	HG02523#2#CM086938.1:28380315-33619374	HG02523#2#ctg1	3550480	3684285	WHR1-like+|C4AL+|CYP21A1P-like+|TNXA-like-|WHR1B-like+|C4BS+|CYP21A2-like+|TNXB-like-	2	assembly_homology_and_annotation	RCCX-STRUCT-08dc6d3cd5c804e4
RCCX	HG02559#1	HG02559	HG02559	HPRC-Rest	HG02559#1#CM088234.1:28438650-33681676	HG02559#1#ctg1	3550296	3690455	WHR1-like+|C4AL+|CYP21A1P-like+|TNXA-like-|WHR1B-like+|C4BL+|CYP21A2-like+|TNXB-like-	2	assembly_homology_and_annotation	RCCX-STRUCT-c91a117646c15232
RCCX	HG02559#2	HG02559	HG02559	HPRC-Rest	HG02559#2#CM088248.1:28392101-33544670	HG02559#2#ctg1	3549275	3689446	WHR1-like+|C4AL+|CYP21A1P-like+|TNXA-like-|WHR1B-like+|C4BL+|CYP21A2-like+|TNXB-like-	2	assembly_homology_and_annotation	RCCX-STRUCT-c91a117646c15232
RCCX	HG02572#1	HG02572	HG02570	HPRC-Rest	HG02572#1#CM088155.1:28443542-33635020	HG02572#1#ctg1	3617768	3751536	WHR1-like+|C4AL+|CYP21A1P-like+|TNXA-like-|WHR1B-like+|C4BS+|CYP21A2-like+|TNXB-like-	2	assembly_homology_and_annotation	RCCX-STRUCT-08dc6d3cd5c804e4
RCCX	HG02572#2	HG02572	HG02570	HPRC-Rest	HG02572#2#CM088173.1:28510650-33610925	HG02572#2#ctg1	3548120	3655543	WHR1-like+|C4AL+|CYP21A2-like+|TNXB-like-	1	assembly_homology_and_annotation	RCCX-STRUCT-80c1563b57f16898
RCCX	HG02583#1	HG02583	HG02582	HPRC-Rest	HG02583#1#CM089490.1:28310454-33519991	HG02583#1#ctg1	3618008	3751801	WHR1-like+|C4AL+|CYP21A1P-like+|TNXA-like-|WHR1B-like+|C4BS+|CYP21A2-like+|TNXB-like-	2	assembly_homology_and_annotation	RCCX-STRUCT-08dc6d3cd5c804e4
RCCX	HG02583#2	HG02583	HG02582	HPRC-Rest	HG02583#2#JBHIIV010000002.1:28450971-33556797	HG02583#2#ctg1	3548989	3656417	WHR1-like+|C4AL+|CYP21A2-like+|TNXB-like-	1	assembly_homology_and_annotation	RCCX-STRUCT-80c1563b57f16898
RCCX	HG02602#1	HG02602	HG02600	HPRC-Rest	HG02602#1#CM099687.1:28473876-33718939	HG02602#1#ctg1	3548814	3682574	WHR1-like+|C4AL+|CYP21A1P-like+|TNXA-like-|WHR1B-like+|C4BS+|CYP21A2-like+|TNXB-like-	2	assembly_homology_and_annotation	RCCX-STRUCT-08dc6d3cd5c804e4
RCCX	HG02602#2	HG02602	HG02600	HPRC-Rest	HG02602#2#CM099701.1:28378684-33507166	HG02602#2#ctg1	3543296	3683461	WHR1-like+|C4AL+|CYP21A1P-like+|TNXA-like-|WHR1B-like+|C4BL+|CYP21A2-like+|TNXB-like-	2	assembly_homology_and_annotation	RCCX-STRUCT-c91a117646c15232
RCCX	HG02615#1	HG02615	HG02613	HPRC-Rest	HG02615#1#JBHDSZ010000007.1:28292880-33505607	HG02615#1#ctg1	3616938	3750702	WHR1-like+|C4AL+|CYP21A2-like+|TNXA-like-|WHR1B-like+|C4BS+|CYP21A2-like+|TNXB-like-	2	assembly_homology_and_annotation	RCCX-STRUCT-804d53b600bb619f
RCCX	HG02615#2	HG02615	HG02613	HPRC-Rest	HG02615#2#JBHDTA010000044.1:28450215-33517590	HG02615#2#ctg1	3490682	3561010	WHR1-like+|C4AL+|CYP21A1P-like+|TNXA-like-|WHR1B-like+|C4BS+|CYP21A2-like+|TNXA-like-	2	assembly_homology_and_annotation	RCCX-STRUCT-6493188f61335fa0
RCCX	HG02622#1	HG02622	HG02620	HPRC-Rest	HG02622#1#JAHAOO020000001.1:28509085-33851733	HG02622#1#ctg1	3619893	3780041	WHR1-like+|C4AL+|CYP21A1P-like+|TNXA-like-|WHR1B-like+|C4BS+|CYP21A1P-like+|TNXA-like-|WHR1B-like+|C4BS+|CYP21A2-like+|TNXB-like-	3	assembly_homology_and_annotation	RCCX-STRUCT-0c843ef37c4c8a9d
RCCX	HG02622#2	HG02622	HG02620	HPRC-Rest	HG02622#2#CM088099.1:28439700-33655942	HG02622#2#ctg1	3538774	3646188	WHR1-like+|C4AL+|CYP21A2-like+|TNXB-like-	1	assembly_homology_and_annotation	RCCX-STRUCT-80c1563b57f16898
RCCX	HG02630#1	HG02630	HG02628	HPRC-Rest	HG02630#1#CM091809.1:28389334-33629412	HG02630#1#ctg1	3548306	3682068	WHR1-like+|C4AL+|CYP21A1P-like+|TNXA-like-|WHR1B-like+|C4BS+|CYP21A2-like+|TNXB-like-	2	assembly_homology_and_annotation	RCCX-STRUCT-08dc6d3cd5c804e4
RCCX	HG02630#2	HG02630	HG02628	HPRC-Rest	HG02630#2#CM091740.1:28323618-33574655	HG02630#2#ctg1	3560527	3694318	WHR1-like+|C4AL+|CYP21A1P-like+|TNXA-like-|WHR1B-like+|C4BS+|CYP21A2-like+|TNXB-like-	2	assembly_homology_and_annotation	RCCX-STRUCT-08dc6d3cd5c804e4
RCCX	HG02647#1	HG02647	HG02645	HPRC-Rest	HG02647#1#CM086559.1:28392022-33525944	HG02647#1#ctg1	3553544	3687337	WHR1-like+|C4AL+|CYP21A1P-like+|TNXA-like-|WHR1B-like+|C4BS+|CYP21A2-like+|TNXB-like-	2	assembly_homology_and_annotation	RCCX-STRUCT-08dc6d3cd5c804e4
RCCX	HG02647#2	HG02647	HG02645	HPRC-Rest	HG02647#2#JBHDSQ010000039.1:28453965-33628541	HG02647#2#ctg1	3501381	3608771	WHR1-like+|C4AL+|CYP21A2-like+|TNXB-like-	1	assembly_homology_and_annotation	RCCX-STRUCT-80c1563b57f16898
RCCX	HG02668#1	HG02668	HG02666	HPRC-Rest	HG02668#1#JBHIIC010000010.1:28453356-33594908	HG02668#1#ctg1	3548000	3681765	WHR1-like+|C4AL+|CYP21A1P-like+|TNXA-like-|WHR1B-like+|C4BS+|CYP21A2-like+|TNXB-like-	2	assembly_homology_and_annotation	RCCX-STRUCT-08dc6d3cd5c804e4
RCCX	HG02668#2	HG02668	HG02666	HPRC-Rest	HG02668#2#JBHIID010000047.1:28501762-33634486	HG02668#2#ctg1	3553851	3687653	WHR1-like+|C4AL+|CYP21A1P-like+|TNXA-like-|WHR1B-like+|C4BS+|CYP21A2-like+|TNXB-like-	2	assembly_homology_and_annotation	RCCX-STRUCT-08dc6d3cd5c804e4
RCCX	HG02698#1	HG02698	HG02696	HPRC-Rest	HG02698#1#CM086825.1:28387663-33565022	HG02698#1#ctg1	3547744	3707989	WHR1-like+|C4AL+|CYP21A1P-like+|TNXA-like-|WHR1B-like+|C4AS+|CYP21A1P-like+|TNXA-like-|WHR1B-like+|C4BS+|CYP21A2-like+|TNXB-like-	3	assembly_homology_and_annotation	RCCX-STRUCT-43779c00c9747168
RCCX	HG02698#2	HG02698	HG02696	HPRC-Rest	HG02698#2#CM086846.1:28436213-33571880	HG02698#2#ctg1	3551497	3691651	WHR1-like+|C4AL+|CYP21A2-like+|TNXA-like-|WHR1B-like+|C4BL+|CYP21A2-like+|TNXB-like-	2	assembly_homology_and_annotation	RCCX-STRUCT-4c34865fcf2a50f9
RCCX	HG02717#1	HG02717	HG02715	HPRC-Rest	HG02717#1#JAHAOS020000006.1:28453373-33608309	HG02717#1#ctg1	3556008	3689787	WHR1-like+|C4AL+|CYP21A1P-like+|TNXA-like-|WHR1B-like+|C4BS+|CYP21A2-like+|TNXB-like-	2	assembly_homology_and_annotation	RCCX-STRUCT-08dc6d3cd5c804e4
RCCX	HG02717#2	HG02717	HG02715	HPRC-Rest	HG02717#2#JAHAOR020000010.1:28390930-33657668	HG02717#2#ctg1	3550744	3710902	WHR1-like+|C4BL+|CYP21A1P-like+|TNXA-like-|WHR1B-like+|C4AS+|CYP21A2-like+|TNXA-like-|WHR1B-like+|C4BS+|CYP21A2-like+|TNXB-like-	3	assembly_homology_and_annotation	RCCX-STRUCT-8904b92121a5f1e8
RCCX	HG02723#1	HG02723	HG02721	HPRC-Rest	HG02723#1#CM092031.1:28492941-33618283	HG02723#1#ctg1	3551326	3685123	WHR1-like+|C4AL+|CYP21A1P-like+|TNXA-like-|WHR1B-like+|C4BS+|CYP21A2-like+|TNXB-like-	2	assembly_homology_and_annotation	RCCX-STRUCT-08dc6d3cd5c804e4
RCCX	HG02723#2	HG02723	HG02721	HPRC-Rest	HG02723#2#JAHEOT020000028.1:24121290-29433497	HG02723#2#ctg1	3616809	3750593	WHR1-like+|C4AL+|CYP21A1P-like+|TNXA-like-|WHR1B-like+|C4BS+|CYP21A2-like+|TNXB-like-	2	assembly_homology_and_annotation	RCCX-STRUCT-08dc6d3cd5c804e4
RCCX	HG02735#1	HG02735	HG02733	HPRC-Rest	HG02735#1#JBHIII010000062.1:28453541-33709307	HG02735#1#ctg1	3557223	3691008	WHR1-like+|C4AL+|CYP21A1P-like+|TNXA-like-|WHR1B-like+|C4BS+|CYP21A2-like+|TNXB-like-	2	assembly_homology_and_annotation	RCCX-STRUCT-08dc6d3cd5c804e4
RCCX	HG02735#2	HG02735	HG02733	HPRC-Rest	HG02735#2#JBHIIJ010000060.1:28392355-33560534	HG02735#2#ctg1	3622287	3729685	WHR1-like+|C4AL+|CYP21A2-like+|TNXB-like-	1	assembly_homology_and_annotation	RCCX-STRUCT-80c1563b57f16898
RCCX	HG02738#1	HG02738	HG02736	HPRC-Rest	HG02738#1#JBJXQJ010000012.1:28448720-33571060	HG02738#1#ctg1	3549050	3682947	WHR1-like+|C4AL+|CYP21A2-like+|TNXA-like-|WHR1B-like+|C4BS+|CYP21A2-like+|TNXB-like-	2	assembly_homology_and_annotation	RCCX-STRUCT-804d53b600bb619f
RCCX	HG02738#2	HG02738	HG02736	HPRC-Rest	HG02738#2#JBJXQK010000005.1:28378589-33465078	HG02738#2#ctg1	3487678	3647836	WHR1-like+|C4BL+|CYP21A1P-like+|TNXA-like-|WHR1B-like+|C4AS+|CYP21A2-like+|TNXA-like-|WHR1B-like+|C4BS+|CYP21A2-like+|TNXB-like-	3	assembly_homology_and_annotation	RCCX-STRUCT-8904b92121a5f1e8
RCCX	HG02809#1	HG02809	HG02807	HPRC-Rest	HG02809#1#CM088345.1:28415797-33540379	HG02809#1#ctg1	3550557	3684349	WHR1-like+|C4AL+|CYP21A1P-like+|TNXA-like-|WHR1B-like+|C4BS+|CYP21A2-like+|TNXB-like-	2	assembly_homology_and_annotation	RCCX-STRUCT-08dc6d3cd5c804e4
RCCX	HG02809#2	HG02809	HG02807	HPRC-Rest	HG02809#2#CM088363.1:28447535-33684835	HG02809#2#ctg1	3551664	3685449	WHR1-like+|C4AL+|CYP21A1P-like+|TNXA-like-|WHR1B-like+|C4BS+|CYP21A2-like+|TNXB-like-	2	assembly_homology_and_annotation	RCCX-STRUCT-08dc6d3cd5c804e4
RCCX	HG02818#1	HG02818	HG02816	HPRC-Rest	HG02818#1#JAHEOS020000050.1:28390726-33610396	HG02818#1#ctg1	3620281	3754086	WHR1-like+|C4AL+|CYP21A1P-like+|TNXA-like-|WHR1B-like+|C4BS+|CYP21A2-like+|TNXB-like-	2	assembly_homology_and_annotation	RCCX-STRUCT-08dc6d3cd5c804e4
RCCX	HG02818#2	HG02818	HG02816	HPRC-Rest	HG02818#2#JAHEOR020000002.1:28395424-33521433	HG02818#2#ctg1	3551226	3685018	WHR1-like+|C4AL+|CYP21A1P-like+|TNXA-like-|WHR1B-like+|C4BS+|CYP21A2-like+|TNXB-like-	2	assembly_homology_and_annotation	RCCX-STRUCT-08dc6d3cd5c804e4
RCCX	HG02841#1	HG02841	HG02839	HPRC-Rest	HG02841#1#JBJKOG010000054.1:28472700-33602015	HG02841#1#ctg1	3549668	3683459	WHR1-like+|C4AL+|CYP21A1P-like+|TNXA-like-|WHR1B-like+|C4BS+|CYP21A2-like+|TNXB-like-	2	assembly_homology_and_annotation	RCCX-STRUCT-08dc6d3cd5c804e4
RCCX	HG02841#2	HG02841	HG02839	HPRC-Rest	HG02841#2#JBJKOH010000051.1:28480911-33779808	HG02841#2#ctg1	3611858	3745650	WHR1-like+|C4AL+|CYP21A1P-like+|TNXA-like-|WHR1B-like+|C4BS+|CYP21A2-like+|TNXB-like-	2	assembly_homology_and_annotation	RCCX-STRUCT-08dc6d3cd5c804e4
RCCX	HG02886#1	HG02886	HG02884	HPRC-Rest	HG02886#1#CM088086.1:28449049-33579727	HG02886#1#ctg1	3552941	3686730	WHR1-like+|C4AL+|CYP21A1P-like+|TNXA-like-|WHR1B-like+|C4BS+|CYP21A2-like+|TNXB-like-	2	assembly_homology_and_annotation	RCCX-STRUCT-08dc6d3cd5c804e4
RCCX	HG02886#2	HG02886	HG02884	HPRC-Rest	HG02886#2#CM088127.1:28408235-33704386	HG02886#2#ctg1	3628229	3735662	WHR1-like+|C4AL+|CYP21A2-like+|TNXB-like-	1	assembly_homology_and_annotation	RCCX-STRUCT-80c1563b57f16898
RCCX	HG02922#1	HG02922	HG02922	HPRC-Rest	HG02922#1#JBHDVO010000050.1:28463778-33607859	HG02922#1#ctg1	3549836	3683632	WHR1-like+|C4AL+|CYP21A1P-like+|TNXA-like-|WHR1B-like+|C4BS+|CYP21A2-like+|TNXB-like-	2	assembly_homology_and_annotation	RCCX-STRUCT-08dc6d3cd5c804e4
RCCX	HG02922#2	HG02922	HG02922	HPRC-Rest	HG02922#2#JBHDVP010000048.1:28393533-33529937	HG02922#2#ctg1	3621293	3755080	WHR1-like+|C4AL+|CYP21A1P-like+|TNXA-like-|WHR1B-like+|C4BS+|CYP21A2-like+|TNXB-like-	2	assembly_homology_and_annotation	RCCX-STRUCT-08dc6d3cd5c804e4
RCCX	HG02965#1	HG02965	HG02964	HPRC-Rest	HG02965#1#CM087346.1:28413853-33616010	HG02965#1#ctg1	3621748	3755552	WHR1-like+|C4AL+|CYP21A1P-like+|TNXA-like-|WHR1B-like+|C4AS+|CYP21A2-like+|TNXB-like-	2	assembly_homology_and_annotation	RCCX-STRUCT-b8ca310d36f0396c
RCCX	HG02965#2	HG02965	HG02964	HPRC-Rest	HG02965#2#CM087389.1:28497212-33562374	HG02965#2#ctg1	3549994	3683781	WHR1-like+|C4AL+|CYP21A1P-like+|TNXA-like-|WHR1B-like+|C4BS+|CYP21A2-like+|TNXB-like-	2	assembly_homology_and_annotation	RCCX-STRUCT-08dc6d3cd5c804e4
RCCX	HG02976#1	HG02976	HG02976	HPRC-Rest	HG02976#1#JBHDVW010000052.1:28458918-33596444	HG02976#1#ctg1	3561767	3669184	WHR1-like+|C4AL+|CYP21A2-like+|TNXB-like-	1	assembly_homology_and_annotation	RCCX-STRUCT-80c1563b57f16898
RCCX	HG02976#2	HG02976	HG02976	HPRC-Rest	HG02976#2#JBHDVX010000061.1:28449910-33601091	HG02976#2#ctg1	3555301	3689068	WHR1-like+|C4AL+|CYP21A1P-like+|TNXA-like-|WHR1B-like+|C4BS+|CYP21A2-like+|TNXB-like-	2	assembly_homology_and_annotation	RCCX-STRUCT-08dc6d3cd5c804e4
RCCX	HG02984#1	HG02984	HG02982	HPRC-Rest	HG02984#1#CM098791.1:28424082-33554288	HG02984#1#ctg1	3554631	3682055	WHR1-like+|C4BS+|CYP21A1P-like+|TNXA-like-|WHR1B-like+|C4BS+|CYP21A2-like+|TNXB-like-	2	assembly_homology_and_annotation	RCCX-STRUCT-a672720635c58ced
RCCX	HG02984#2	HG02984	HG02982	HPRC-Rest	HG02984#2#CM098805.1:28288416-33435352	HG02984#2#ctg1	3555068	3688859	WHR1-like+|C4AL+|CYP21A1P-like+|TNXA-like-|WHR1B-like+|C4BS+|CYP21A2-like+|TNXB-like-	2	assembly_homology_and_annotation	RCCX-STRUCT-08dc6d3cd5c804e4
RCCX	HG03017#1	HG03017	HG03015	HPRC-Rest	HG03017#1#CM088912.1:28366322-33354914	HG03017#1#ctg1	3500564	3607982	WHR1-like+|C4BL+|CYP21A2-like+|TNXB-like-	1	assembly_homology_and_annotation	RCCX-STRUCT-7b1f207074474ef0
RCCX	HG03017#2	HG03017	HG03015	HPRC-Rest	HG03017#2#CM088928.1:28386890-33518406	HG03017#2#ctg1	3561682	3662721	WHR1-like+|C4BS+|CYP21A2-like+|TNXB-like-	1	assembly_homology_and_annotation	RCCX-STRUCT-a002f576cdda62b4
RCCX	HG03041#1	HG03041	HG03039	HPRC-Rest	HG03041#1#JBHIHQ010000010.1:28523162-33664914	HG03041#1#ctg1	3626591	3760378	WHR1-like+|C4AL+|CYP21A1P-like+|TNXA-like-|WHR1B-like+|C4BS+|CYP21A2-like+|TNXB-like-	2	assembly_homology_and_annotation	RCCX-STRUCT-08dc6d3cd5c804e4
RCCX	HG03041#2	HG03041	HG03039	HPRC-Rest	HG03041#2#JBHIHR010000035.1:28469379-33626082	HG03041#2#ctg1	3555436	3689224	WHR1-like+|C4AL+|CYP21A1P-like+|TNXA-like-|WHR1B-like+|C4BS+|CYP21A2-like+|TNXB-like-	2	assembly_homology_and_annotation	RCCX-STRUCT-08dc6d3cd5c804e4
RCCX	HG03050#1	HG03050	HG03048	HPRC-Rest	HG03050#1#CM098763.1:28357910-33541888	HG03050#1#ctg1	3493271	3627071	WHR1-like+|C4AL+|CYP21A1P-like+|TNXA-like-|WHR1B-like+|C4BS+|CYP21A2-like+|TNXB-like-	2	assembly_homology_and_annotation	RCCX-STRUCT-08dc6d3cd5c804e4
RCCX	HG03050#2	HG03050	HG03048	HPRC-Rest	HG03050#2#CM098777.1:28436251-33634749	HG03050#2#ctg1	3618316	3752126	WHR1-like+|C4AL+|CYP21A1P-like+|TNXA-like-|WHR1B-like+|C4AS+|CYP21A2-like+|TNXB-like-	2	assembly_homology_and_annotation	RCCX-STRUCT-b8ca310d36f0396c
RCCX	HG03098#1	HG03098	HG03096	HPRC-Rest	HG03098#1#CM092231.1:28431361-33758681	HG03098#1#ctg1	3618304	3752098	WHR1-like+|C4AL+|CYP21A1P-like+|TNXA-like-|WHR1B-like+|C4BS+|CYP21A2-like+|TNXB-like-	2	assembly_homology_and_annotation	RCCX-STRUCT-08dc6d3cd5c804e4
RCCX	HG03098#2	HG03098	HG03096	HPRC-Rest	HG03098#2#CM092219.1:28417176-33625650	HG03098#2#ctg1	3548274	3655706	WHR1-like+|C4AL+|CYP21A2-like+|TNXB-like-	1	assembly_homology_and_annotation	RCCX-STRUCT-80c1563b57f16898
RCCX	HG03130#1	HG03130	HG03129	HPRC-Rest	HG03130#1#JBHDWI010000052.1:28368259-33497302	HG03130#1#ctg1	3549909	3620245	WHR1-like+|C4AL+|CYP21A1P-like+|TNXA-like-|WHR1B-like+|C4BS+|CYP21A2-like+|TNXA-like-	2	assembly_homology_and_annotation	RCCX-STRUCT-6493188f61335fa0
RCCX	HG03130#2	HG03130	HG03129	HPRC-Rest	HG03130#2#JBHDWJ010000015.1:28300492-33501344	HG03130#2#ctg1	3619830	3753615	WHR1-like+|C4AL+|CYP21A1P-like+|TNXA-like-|WHR1B-like+|C4BS+|CYP21A2-like+|TNXB-like-	2	assembly_homology_and_annotation	RCCX-STRUCT-08dc6d3cd5c804e4
RCCX	HG03139#1	HG03139	HG03139	HPRC-Rest	HG03139#1#JBIEBX010000038.1:1708286-6750584	HG03139#1#ctg1	3551029	3658447	WHR1-like+|C4AL+|CYP21A2-like+|TNXB-like-	1	assembly_homology_and_annotation	RCCX-STRUCT-80c1563b57f16898
RCCX	HG03139#2	HG03139	HG03139	HPRC-Rest	HG03139#2#JBIEBY010000006.1:1675799-6810645	HG03139#2#ctg1	3548157	3681945	WHR1-like+|C4AL+|CYP21A1P-like+|TNXA-like-|WHR1B-like+|C4BS+|CYP21A2-like+|TNXB-like-	2	assembly_homology_and_annotation	RCCX-STRUCT-08dc6d3cd5c804e4
RCCX	HG03195#1	HG03195	HG03195	HPRC-Rest	HG03195#1#JBHDVU010000053.1:28475373-33604548	HG03195#1#ctg1	3549992	3620328	WHR1-like+|C4AL+|CYP21A1P-like+|TNXA-like-|WHR1B-like+|C4BS+|CYP21A2-like+|TNXA-like-	2	assembly_homology_and_annotation	RCCX-STRUCT-6493188f61335fa0
RCCX	HG03195#2	HG03195	HG03195	HPRC-Rest	HG03195#2#JBHDVV010000014.1:28451324-33606358	HG03195#2#ctg1	3553562	3687352	WHR1-like+|C4AL+|CYP21A1P-like+|TNXA-like-|WHR1B-like+|C4BS+|CYP21A2-like+|TNXB-like-	2	assembly_homology_and_annotation	RCCX-STRUCT-08dc6d3cd5c804e4
RCCX	HG03209#1	HG03209	HG03209	HPRC-Rest	HG03209#1#CM087213.1:28462168-33702122	HG03209#1#ctg1	3553539	3687322	WHR1-like+|C4AL+|CYP21A1P-like+|TNXA-like-|WHR1B-like+|C4BS+|CYP21A2-like+|TNXB-like-	2	assembly_homology_and_annotation	RCCX-STRUCT-08dc6d3cd5c804e4
RCCX	HG03209#2	HG03209	HG03209	HPRC-Rest	HG03209#2#CM087231.1:28521401-33595827	HG03209#2#ctg1	3543214	3676991	WHR1-like+|C4AL+|CYP21A1P-like+|TNXA-like-|WHR1B-like+|C4BS+|CYP21A2-like+|TNXB-like-	2	assembly_homology_and_annotation	RCCX-STRUCT-08dc6d3cd5c804e4
RCCX	HG03225#1	HG03225	HG03225	HPRC-Rest	HG03225#1#CM089301.1:28387857-33521155	HG03225#1#ctg1	3556074	3689827	WHR1-like+|C4AL+|CYP21A2-like+|TNXA-like-|WHR1B-like+|C4BS+|CYP21A2-like+|TNXB-like-	2	assembly_homology_and_annotation	RCCX-STRUCT-804d53b600bb619f
RCCX	HG03225#2	HG03225	HG03225	HPRC-Rest	HG03225#2#CM089317.1:28460302-33665041	HG03225#2#ctg1	3621013	3754805	WHR1-like+|C4AL+|CYP21A1P-like+|TNXA-like-|WHR1B-like+|C4BS+|CYP21A2-like+|TNXB-like-	2	assembly_homology_and_annotation	RCCX-STRUCT-08dc6d3cd5c804e4
RCCX	HG03239#1	HG03239	HG03237	HPRC-Rest	HG03239#1#CM088748.1:28379983-33543593	HG03239#1#ctg1	3503559	3610982	WHR1-like+|C4AL+|CYP21A2-like+|TNXB-like-	1	assembly_homology_and_annotation	RCCX-STRUCT-80c1563b57f16898
RCCX	HG03239#2	HG03239	HG03237	HPRC-Rest	HG03239#2#CM088761.1:28289569-33563315	HG03239#2#ctg1	3550665	3710813	WHR1-like+|C4AL+|CYP21A1P-like+|TNXA-like-|WHR1B-like+|C4BS+|CYP21A1P-like+|TNXA-like-|WHR1B-like+|C4BS+|CYP21A2-like+|TNXB-like-	3	assembly_homology_and_annotation	RCCX-STRUCT-0c843ef37c4c8a9d
RCCX	HG03270#1	HG03270	HG03270	HPRC-Rest	HG03270#1#CM089901.1:28457303-33619918	HG03270#1#ctg1	3559662	3693440	WHR1-like+|C4AL+|CYP21A1P-like+|TNXA-like-|WHR1B-like+|C4BS+|CYP21A2-like+|TNXB-like-	2	assembly_homology_and_annotation	RCCX-STRUCT-08dc6d3cd5c804e4
RCCX	HG03270#2	HG03270	HG03270	HPRC-Rest	HG03270#2#CM089913.1:28461664-33600109	HG03270#2#ctg1	3560752	3694544	WHR1-like+|C4AL+|CYP21A1P-like+|TNXA-like-|WHR1B-like+|C4BS+|CYP21A2-like+|TNXB-like-	2	assembly_homology_and_annotation	RCCX-STRUCT-08dc6d3cd5c804e4
RCCX	HG03369#1	HG03369	HG03369	HPRC-Rest	HG03369#1#CM094384.1:28448143-33595830	HG03369#1#ctg1	3566255	3700052	WHR1-like+|C4AL+|CYP21A1P-like+|TNXA-like-|WHR1B-like+|C4BS+|CYP21A2-like+|TNXB-like-	2	assembly_homology_and_annotation	RCCX-STRUCT-08dc6d3cd5c804e4
RCCX	HG03369#2	HG03369	HG03369	HPRC-Rest	HG03369#2#CM094359.1:28412805-33626591	HG03369#2#ctg1	3616450	3750211	WHR1-like+|C4AL+|CYP21A1P-like+|TNXA-like-|WHR1B-like+|C4BS+|CYP21A2-like+|TNXB-like-	2	assembly_homology_and_annotation	RCCX-STRUCT-08dc6d3cd5c804e4
RCCX	HG03453#1	HG03453	HG03451	HPRC-Rest	HG03453#1#JAGYVW020000075.1:28403120-33611389	HG03453#1#ctg1	3518258	3652062	WHR1-like+|C4AL+|CYP21A1P-like+|TNXA-like-|WHR1B-like+|C4BS+|CYP21A2-like+|TNXB-like-	2	assembly_homology_and_annotation	RCCX-STRUCT-08dc6d3cd5c804e4
RCCX	HG03453#2	HG03453	HG03451	HPRC-Rest	HG03453#2#JAGYVV020000081.1:28470880-33567163	HG03453#2#ctg1	3547865	3655259	WHR1-like+|C4AL+|CYP21A2-like+|TNXB-like-	1	assembly_homology_and_annotation	RCCX-STRUCT-80c1563b57f16898
RCCX	HG03470#1	HG03470	HG03438	HPRC-Rest	HG03470#1#CM091822.1:28475508-33736647	HG03470#1#ctg1	3546053	3679841	WHR1-like+|C4AL+|CYP21A1P-like+|TNXA-like-|WHR1B-like+|C4BS+|CYP21A2-like+|TNXB-like-	2	assembly_homology_and_annotation	RCCX-STRUCT-08dc6d3cd5c804e4
RCCX	HG03470#2	HG03470	HG03438	HPRC-Rest	HG03470#2#CM091870.1:28404010-33497478	HG03470#2#ctg1	3493227	3627027	WHR1-like+|C4AL+|CYP21A1P-like+|TNXA-like-|WHR1B-like+|C4BS+|CYP21A2-like+|TNXB-like-	2	assembly_homology_and_annotation	RCCX-STRUCT-08dc6d3cd5c804e4
RCCX	HG03471#1	HG03471	HG03471	HPRC-Rest	HG03471#1#CM087523.1:28468339-33683868	HG03471#1#ctg1	3518466	3652266	WHR1-like+|C4AL+|CYP21A1P-like+|TNXA-like-|WHR1B-like+|C4BS+|CYP21A2-like+|TNXB-like-	2	assembly_homology_and_annotation	RCCX-STRUCT-08dc6d3cd5c804e4
RCCX	HG03471#2	HG03471	HG03471	HPRC-Rest	HG03471#2#CM087546.1:28512656-33707046	HG03471#2#ctg1	3618769	3752572	WHR1-like+|C4AL+|CYP21A1P-like+|TNXA-like-|WHR1B-like+|C4AS+|CYP21A2-like+|TNXB-like-	2	assembly_homology_and_annotation	RCCX-STRUCT-b8ca310d36f0396c
RCCX	HG03486#1	HG03486	HG03484	HPRC-Rest	HG03486#1#CM091974.1:28459101-33585338	HG03486#1#ctg1	3550601	3684401	WHR1-like+|C4AL+|CYP21A1P-like+|TNXA-like-|WHR1B-like+|C4AS+|CYP21A2-like+|TNXB-like-	2	assembly_homology_and_annotation	RCCX-STRUCT-b8ca310d36f0396c
RCCX	HG03486#2	HG03486	HG03484	HPRC-Rest	HG03486#2#CM091960.1:28459830-33596099	HG03486#2#ctg1	3554378	3688169	WHR1-like+|C4AL+|CYP21A1P-like+|TNXA-like-|WHR1B-like+|C4BS+|CYP21A2-like+|TNXB-like-	2	assembly_homology_and_annotation	RCCX-STRUCT-08dc6d3cd5c804e4
RCCX	HG03516#1	HG03516	HG03514	HPRC-Rest	HG03516#1#JAGYYS020000049.1:28451043-33589535	HG03516#1#ctg1	3560639	3694436	WHR1-like+|C4AL+|CYP21A1P-like+|TNXA-like-|WHR1B-like+|C4BS+|CYP21A2-like+|TNXB-like-	2	assembly_homology_and_annotation	RCCX-STRUCT-08dc6d3cd5c804e4
RCCX	HG03516#2	HG03516	HG03514	HPRC-Rest	HG03516#2#JAGYYT020000030.1:28478688-33696340	HG03516#2#ctg1	3617171	3750932	WHR1-like+|C4AL+|CYP21A1P-like+|TNXA-like-|WHR1B-like+|C4BS+|CYP21A2-like+|TNXB-like-	2	assembly_homology_and_annotation	RCCX-STRUCT-08dc6d3cd5c804e4
RCCX	HG03521#1	HG03521	HG03520	HPRC-Rest	HG03521#1#JBIREF010000004.1:28517918-33642180	HG03521#1#ctg1	3547094	3680890	WHR1-like+|C4AL+|CYP21A1P-like+|TNXA-like-|WHR1B-like+|C4BS+|CYP21A2-like+|TNXB-like-	2	assembly_homology_and_annotation	RCCX-STRUCT-08dc6d3cd5c804e4
RCCX	HG03521#2	HG03521	HG03520	HPRC-Rest	HG03521#2#JBIREG010000058.1:28429727-33569421	HG03521#2#ctg1	3549206	3683002	WHR1-like+|C4AL+|CYP21A1P-like+|TNXA-like-|WHR1B-like+|C4BS+|CYP21A2-like+|TNXB-like-	2	assembly_homology_and_annotation	RCCX-STRUCT-08dc6d3cd5c804e4
RCCX	HG03540#1	HG03540	HG03538	HPRC-Rest	HG03540#1#CM088050.1:28448847-33686414	HG03540#1#ctg1	3621072	3781226	WHR1-like+|C4AL+|CYP21A1P-like+|TNXA-like-|WHR1B-like+|C4BS+|CYP21A2-like+|TNXA-like-|WHR1B-like+|C4BS+|CYP21A2-like+|TNXB-like-	3	assembly_homology_and_annotation	RCCX-STRUCT-dcc3d8c1def31e41
RCCX	HG03540#2	HG03540	HG03538	HPRC-Rest	HG03540#2#CM088063.1:28474762-33566125	HG03540#2#ctg1	3552760	3692939	WHR1-like+|C4AL+|CYP21A1P-like+|TNXA-like-|WHR1B-like+|C4BL+|CYP21A2-like+|TNXB-like-	2	assembly_homology_and_annotation	RCCX-STRUCT-c91a117646c15232
RCCX	HG03579#1	HG03579	HG03577	HPRC-Rest	HG03579#1#CM088945.1:28415698-33501766	HG03579#1#ctg1	3510394	3644190	WHR1-like+|C4AL+|CYP21A1P-like+|TNXA-like-|WHR1B-like+|C4BS+|CYP21A2-like+|TNXB-like-	2	assembly_homology_and_annotation	RCCX-STRUCT-08dc6d3cd5c804e4
RCCX	HG03579#2	HG03579	HG03577	HPRC-Rest	HG03579#2#CM089288.1:28450187-33638583	HG03579#2#ctg1	3607917	3741715	WHR1-like+|C4AL+|CYP21A1P-like+|TNXA-like-|WHR1B-like+|C4AS+|CYP21A2-like+|TNXB-like-	2	assembly_homology_and_annotation	RCCX-STRUCT-b8ca310d36f0396c
RCCX	HG03583#1	HG03583	HG03582	HPRC-Rest	HG03583#1#CM089881.1:28309910-33645117	HG03583#1#ctg1	3626970	3760741	WHR1-like+|C4AL+|CYP21A1P-like+|TNXA-like-|WHR1B-like+|C4BS+|CYP21A2-like+|TNXB-like-	2	assembly_homology_and_annotation	RCCX-STRUCT-08dc6d3cd5c804e4
RCCX	HG03583#2	HG03583	HG03582	HPRC-Rest	HG03583#2#CM089891.1:28443100-33514916	HG03583#2#ctg1	3551956	3685743	WHR1-like+|C4AL+|CYP21A1P-like+|TNXA-like-|WHR1B-like+|C4BS+|CYP21A2-like+|TNXB-like-	2	assembly_homology_and_annotation	RCCX-STRUCT-08dc6d3cd5c804e4
RCCX	HG03654#1	HG03654	HG03652	HPRC-Rest	HG03654#1#CM086836.1:28373117-33516554	HG03654#1#ctg1	3559787	3699941	WHR1-like+|C4AL+|CYP21A1P-like+|TNXA-like-|WHR1B-like+|C4BL+|CYP21A2-like+|TNXB-like-	2	assembly_homology_and_annotation	RCCX-STRUCT-c91a117646c15232
RCCX	HG03654#2	HG03654	HG03652	HPRC-Rest	HG03654#2#JBHDTO010000045.1:28372677-33498093	HG03654#2#ctg1	3551776	3685672	WHR1-like+|C4AL+|CYP21A2-like+|TNXA-like-|WHR1B-like+|C4BS+|CYP21A2-like+|TNXB-like-	2	assembly_homology_and_annotation	RCCX-STRUCT-804d53b600bb619f
RCCX	HG03669#1	HG03669	HG03667	HPRC-Rest	HG03669#1#JBHDTD010000072.1:28410266-33591784	HG03669#1#ctg1	3554206	3694365	WHR1-like+|C4AL+|CYP21A1P-like+|TNXA-like-|WHR1B-like+|C4BL+|CYP21A2-like+|TNXB-like-	2	assembly_homology_and_annotation	RCCX-STRUCT-c91a117646c15232
RCCX	HG03669#2	HG03669	HG03667	HPRC-Rest	HG03669#2#JBHDTE010000046.1:28389062-33618253	HG03669#2#ctg1	3536349	3676507	WHR1-like+|C4AL+|CYP21A1P-like+|TNXA-like-|WHR1B-like+|C4BL+|CYP21A2-like+|TNXB-like-	2	assembly_homology_and_annotation	RCCX-STRUCT-c91a117646c15232
RCCX	HG03688#1	HG03688	HG03688	HPRC-Rest	HG03688#1#JBHDTJ010000054.1:28390921-33637286	HG03688#1#ctg1	3553951	3694232	WHR1-like+|C4AL+|CYP21A1P-like+|TNXA-like-|WHR1B-like+|C4BL+|CYP21A2-like+|TNXB-like-	2	assembly_homology_and_annotation	RCCX-STRUCT-c91a117646c15232
RCCX	HG03688#2	HG03688	HG03688	HPRC-Rest	HG03688#2#JBHDTK010000054.1:28442317-33604941	HG03688#2#ctg1	3552989	3693144	WHR1-like+|C4AL+|CYP21A1P-like+|TNXA-like-|WHR1B-like+|C4BL+|CYP21A2-like+|TNXB-like-	2	assembly_homology_and_annotation	RCCX-STRUCT-c91a117646c15232
RCCX	HG03704#1	HG03704	HG03702	HPRC-Rest	HG03704#1#JBHDRL010000035.1:28385510-33544273	HG03704#1#ctg1	3560517	3694328	WHR1-like+|C4AL+|CYP21A1P-like+|TNXA-like-|WHR1B-like+|C4BS+|CYP21A2-like+|TNXB-like-	2	assembly_homology_and_annotation	RCCX-STRUCT-08dc6d3cd5c804e4
RCCX	HG03704#2	HG03704	HG03702	HPRC-Rest	HG03704#2#CM086190.1:28367307-33613199	HG03704#2#ctg1	3549853	3683612	WHR1-like+|C4AL+|CYP21A1P-like+|TNXA-like-|WHR1B-like+|C4BS+|CYP21A2-like+|TNXB-like-	2	assembly_homology_and_annotation	RCCX-STRUCT-08dc6d3cd5c804e4
RCCX	HG03710#1	HG03710	HG03708	HPRC-Rest	HG03710#1#CM086869.1:28406453-33664140	HG03710#1#ctg1	3553647	3693809	WHR1-like+|C4AL+|CYP21A1P-like+|TNXA-like-|WHR1B-like+|C4BL+|CYP21A2-like+|TNXB-like-	2	assembly_homology_and_annotation	RCCX-STRUCT-c91a117646c15232
RCCX	HG03710#2	HG03710	HG03708	HPRC-Rest	HG03710#2#CM086882.1:28406463-33546644	HG03710#2#ctg1	3556490	3696733	WHR1-like+|C4AL+|CYP21A1P-like+|TNXA-like-|WHR1B-like+|C4BL+|CYP21A2-like+|TNXB-like-	2	assembly_homology_and_annotation	RCCX-STRUCT-c91a117646c15232
RCCX	HG03742#1	HG03742	HG03742	HPRC-Rest	HG03742#1#CM087628.1:28422273-33665592	HG03742#1#ctg1	3549596	3689755	WHR1-like+|C4AL+|CYP21A1P-like+|TNXA-like-|WHR1B-like+|C4BL+|CYP21A2-like+|TNXB-like-	2	assembly_homology_and_annotation	RCCX-STRUCT-c91a117646c15232
RCCX	HG03742#2	HG03742	HG03742	HPRC-Rest	HG03742#2#JBHDXM010000003.1:28462365-33593791	HG03742#2#ctg1	3540011	3673798	WHR1-like+|C4AL+|CYP21A1P-like+|TNXA-like-|WHR1B-like+|C4BS+|CYP21A2-like+|TNXB-like-	2	assembly_homology_and_annotation	RCCX-STRUCT-08dc6d3cd5c804e4
RCCX	HG03784#1	HG03784	HG03784	HPRC-Rest	HG03784#1#CM094174.1:28377153-33515338	HG03784#1#ctg1	3554536	3694812	WHR1-like+|C4AL+|CYP21A1P-like+|TNXA-like-|WHR1B-like+|C4BL+|CYP21A2-like+|TNXB-like-	2	assembly_homology_and_annotation	RCCX-STRUCT-c91a117646c15232
RCCX	HG03784#2	HG03784	HG03784	HPRC-Rest	HG03784#2#CM094203.1:28433118-33600593	HG03784#2#ctg1	3556480	3723085	WHR1-like+|C4AL+|CYP21A1P-like+|TNXA-like-|WHR1B-like+|C4AS+|CYP21A1P-like+|TNXA-like-|WHR1B-like+|C4BL+|CYP21A2-like+|TNXB-like-	3	assembly_homology_and_annotation	RCCX-STRUCT-e92677dc4f8b8aff
RCCX	HG03804#1	HG03804	HG03802	HPRC-Rest	HG03804#1#CM088331.1:28384562-33565798	HG03804#1#ctg1	3550690	3710935	WHR1-like+|C4AL+|CYP21A1P-like+|TNXA-like-|WHR1B-like+|C4AS+|CYP21A1P-like+|TNXA-like-|WHR1B-like+|C4BS+|CYP21A2-like+|TNXB-like-	3	assembly_homology_and_annotation	RCCX-STRUCT-43779c00c9747168
RCCX	HG03804#2	HG03804	HG03802	HPRC-Rest	HG03804#2#CM088379.1:28362365-33467265	HG03804#2#ctg1	3500774	3634530	WHR1-like+|C4AL+|CYP21A1P-like+|TNXA-like-|WHR1B-like+|C4BS+|CYP21A2-like+|TNXB-like-	2	assembly_homology_and_annotation	RCCX-STRUCT-08dc6d3cd5c804e4
RCCX	HG03816#1	HG03816	HG03814	HPRC-Rest	HG03816#1#JBJXWF010000049.1:28427684-33714593	HG03816#1#ctg1	3562964	3723117	WHR1-like+|C4AL+|CYP21A1P-like+|TNXA-like-|WHR1B-like+|C4BS+|CYP21A1P-like+|TNXA-like-|WHR1B-like+|C4BS+|CYP21A2-like+|TNXB-like-	3	assembly_homology_and_annotation	RCCX-STRUCT-0c843ef37c4c8a9d
RCCX	HG03816#2	HG03816	HG03814	HPRC-Rest	HG03816#2#JBJXWG010000046.1:28406441-33636019	HG03816#2#ctg1	3620664	3760818	WHR1-like+|C4AL+|CYP21A1P-like+|TNXA-like-|WHR1B-like+|C4BL+|CYP21A2-like+|TNXB-like-	2	assembly_homology_and_annotation	RCCX-STRUCT-c91a117646c15232
RCCX	HG03831#1	HG03831	HG03829	HPRC-Rest	HG03831#1#JBHDSN010000045.1:28374864-33602539	HG03831#1#ctg1	3616859	3757049	WHR1-like+|C4AL+|CYP21A1P-like+|TNXA-like-|WHR1B-like+|C4BL+|CYP21A2-like+|TNXB-like-	2	assembly_homology_and_annotation	RCCX-STRUCT-c91a117646c15232
RCCX	HG03831#2	HG03831	HG03829	HPRC-Rest	HG03831#2#JBHDSO010000065.1:28430318-33704666	HG03831#2#ctg1	3620302	3786903	WHR1-like+|C4AL+|CYP21A1P-like+|TNXA-like-|WHR1B-like+|C4BS+|CYP21A1P-like+|TNXA-like-|WHR1B-like+|C4AL+|CYP21A2-like+|TNXB-like-	3	assembly_homology_and_annotation	RCCX-STRUCT-42dd7f832dff3c86
RCCX	HG03834#1	HG03834	HG03832	HPRC-Rest	HG03834#1#CM085797.1:28395320-33703328	HG03834#1#ctg1	3612245	3746029	WHR1-like+|C4AL+|CYP21A1P-like+|TNXA-like-|WHR1B-like+|C4BS+|CYP21A2-like+|TNXB-like-	2	assembly_homology_and_annotation	RCCX-STRUCT-08dc6d3cd5c804e4
RCCX	HG03834#2	HG03834	HG03832	HPRC-Rest	HG03834#2#CM085813.1:28455324-33598071	HG03834#2#ctg1	3539917	3673694	WHR1-like+|C4AL+|CYP21A1P-like+|TNXA-like-|WHR1B-like+|C4BS+|CYP21A2-like+|TNXB-like-	2	assembly_homology_and_annotation	RCCX-STRUCT-08dc6d3cd5c804e4
RCCX	HG03874#1	HG03874	HG03874	HPRC-Rest	HG03874#1#CM089432.1:28353581-33507962	HG03874#1#ctg1	3549896	3716523	WHR1-like+|C4AL+|CYP21A1P-like+|TNXA-like-|WHR1B-like+|C4AS+|CYP21A1P-like+|TNXA-like-|WHR1B-like+|C4BL+|CYP21A2-like+|TNXB-like-	3	assembly_homology_and_annotation	RCCX-STRUCT-e92677dc4f8b8aff
RCCX	HG03874#2	HG03874	HG03874	HPRC-Rest	HG03874#2#CM089475.1:28434562-33680043	HG03874#2#ctg1	3549627	3683386	WHR1-like+|C4AL+|CYP21A1P-like+|TNXA-like-|WHR1B-like+|C4BS+|CYP21A2-like+|TNXB-like-	2	assembly_homology_and_annotation	RCCX-STRUCT-08dc6d3cd5c804e4
RCCX	HG03927#1	HG03927	HG03925	HPRC-Rest	HG03927#1#CM086636.1:28465203-33551033	HG03927#1#ctg1	3501177	3641407	WHR1-like+|C4AL+|CYP21A1P-like+|TNXA-like-|WHR1B-like+|C4BL+|CYP21A2-like+|TNXB-like-	2	assembly_homology_and_annotation	RCCX-STRUCT-c91a117646c15232
RCCX	HG03927#2	HG03927	HG03925	HPRC-Rest	HG03927#2#CM086659.1:28395712-33710667	HG03927#2#ctg1	3618069	3751830	WHR1-like+|C4AL+|CYP21A1P-like+|TNXA-like-|WHR1B-like+|C4BS+|CYP21A2-like+|TNXB-like-	2	assembly_homology_and_annotation	RCCX-STRUCT-08dc6d3cd5c804e4
RCCX	HG03942#1	HG03942	HG03940	HPRC-Rest	HG03942#1#CM088393.1:28271517-33427607	HG03942#1#ctg1	3552860	3686730	WHR1-like+|C4AL+|CYP21A1P-like+|TNXA-like-|WHR1B-like+|C4BS+|CYP21A2-like+|TNXB-like-	2	assembly_homology_and_annotation	RCCX-STRUCT-08dc6d3cd5c804e4
RCCX	HG03942#2	HG03942	HG03940	HPRC-Rest	HG03942#2#CM088404.1:29036351-34210946	HG03942#2#ctg1	3544372	3704613	WHR1-like+|C4AL+|CYP21A1P-like+|TNXA-like-|WHR1B-like+|C4AS+|CYP21A1P-like+|TNXA-like-|WHR1B-like+|C4BS+|CYP21A2-like+|TNXB-like-	3	assembly_homology_and_annotation	RCCX-STRUCT-43779c00c9747168
RCCX	HG04115#1	HG04115	HG03894	HPRC-Rest	HG04115#1#JBHDTF010000057.1:28438850-33586926	HG04115#1#ctg1	3557240	3691028	WHR1-like+|C4AL+|CYP21A1P-like+|TNXA-like-|WHR1B-like+|C4BS+|CYP21A2-like+|TNXB-like-	2	assembly_homology_and_annotation	RCCX-STRUCT-08dc6d3cd5c804e4
RCCX	HG04115#2	HG04115	HG03894	HPRC-Rest	HG04115#2#JBHDTG010000049.1:28423339-33670470	HG04115#2#ctg1	3550982	3684739	WHR1-like+|C4AL+|CYP21A1P-like+|TNXA-like-|WHR1B-like+|C4BS+|CYP21A2-like+|TNXB-like-	2	assembly_homology_and_annotation	RCCX-STRUCT-08dc6d3cd5c804e4
RCCX	HG04157#1	HG04157	HG04155	HPRC-Rest	HG04157#1#CM088414.1:28397949-33735050	HG04157#1#ctg1	3614830	3774986	WHR1-like+|C4AL+|CYP21A1P-like+|TNXA-like-|WHR1B-like+|C4BS+|CYP21A1P-like+|TNXA-like-|WHR1B-like+|C4BS+|CYP21A2-like+|TNXB-like-	3	assembly_homology_and_annotation	RCCX-STRUCT-0c843ef37c4c8a9d
RCCX	HG04157#2	HG04157	HG04155	HPRC-Rest	HG04157#2#CM088438.1:28355512-33488875	HG04157#2#ctg1	3538795	3646218	WHR1-like+|C4AL+|CYP21A2-like+|TNXB-like-	1	assembly_homology_and_annotation	RCCX-STRUCT-80c1563b57f16898
RCCX	HG04160#1	HG04160	HG04158	HPRC-Rest	HG04160#1#JBHIGW010000016.1:28356435-33564314	HG04160#1#ctg1	3617795	3751582	WHR1-like+|C4AL+|CYP21A1P-like+|TNXA-like-|WHR1B-like+|C4BS+|CYP21A2-like+|TNXB-like-	2	assembly_homology_and_annotation	RCCX-STRUCT-08dc6d3cd5c804e4
RCCX	HG04160#2	HG04160	HG04158	HPRC-Rest	HG04160#2#JBHIGX010000055.1:28422741-33644744	HG04160#2#ctg1	3617917	3751722	WHR1-like+|C4AL+|CYP21A1P-like+|TNXA-like-|WHR1B-like+|C4BS+|CYP21A2-like+|TNXB-like-	2	assembly_homology_and_annotation	RCCX-STRUCT-08dc6d3cd5c804e4
RCCX	HG04184#1	HG04184	HG04182	HPRC-Rest	HG04184#1#CM086460.1:28371226-33616523	HG04184#1#ctg1	3549097	3682858	WHR1-like+|C4AL+|CYP21A1P-like+|TNXA-like-|WHR1B-like+|C4BS+|CYP21A2-like+|TNXB-like-	2	assembly_homology_and_annotation	RCCX-STRUCT-08dc6d3cd5c804e4
RCCX	HG04184#2	HG04184	HG04182	HPRC-Rest	HG04184#2#CM086472.1:28433511-33770331	HG04184#2#ctg1	3613318	3773471	WHR1-like+|C4AL+|CYP21A1P-like+|TNXA-like-|WHR1B-like+|C4BS+|CYP21A1P-like+|TNXA-like-|WHR1B-like+|C4BS+|CYP21A2-like+|TNXB-like-	3	assembly_homology_and_annotation	RCCX-STRUCT-0c843ef37c4c8a9d
RCCX	HG04187#1	HG04187	HG04185	HPRC-Rest	HG04187#1#CM099742.1:28415864-33609347	HG04187#1#ctg1	3619845	3753741	WHR1-like+|C4AL+|CYP21A2-like+|TNXA-like-|WHR1B-like+|C4BS+|CYP21A2-like+|TNXB-like-	2	assembly_homology_and_annotation	RCCX-STRUCT-804d53b600bb619f
RCCX	HG04187#2	HG04187	HG04185	HPRC-Rest	HG04187#2#CM099756.1:28400738-33533288	HG04187#2#ctg1	3554899	3695065	WHR1-like+|C4AL+|CYP21A1P-like+|TNXA-like-|WHR1B-like+|C4BL+|CYP21A2-like+|TNXB-like-	2	assembly_homology_and_annotation	RCCX-STRUCT-c91a117646c15232
RCCX	HG04199#1	HG04199	HG04099	HPRC-Rest	HG04199#1#JBHDTH010000059.1:28382492-33668076	HG04199#1#ctg1	3622302	3729700	WHR1-like+|C4AL+|CYP21A2-like+|TNXB-like-	1	assembly_homology_and_annotation	RCCX-STRUCT-80c1563b57f16898
RCCX	HG04199#2	HG04199	HG04099	HPRC-Rest	HG04199#2#JBHDTI010000015.1:28378462-33549536	HG04199#2#ctg1	3562416	3702583	WHR1-like+|C4AL+|CYP21A1P-like+|TNXA-like-|WHR1B-like+|C4BL+|CYP21A2-like+|TNXB-like-	2	assembly_homology_and_annotation	RCCX-STRUCT-c91a117646c15232
RCCX	HG04204#1	HG04204	HG03642	HPRC-Rest	HG04204#1#JBHIGY010000015.1:28376780-33510758	HG04204#1#ctg1	3506008	3646201	WHR1-like+|C4AL+|CYP21A1P-like+|TNXA-like-|WHR1B-like+|C4BL+|CYP21A2-like+|TNXB-like-	2	assembly_homology_and_annotation	RCCX-STRUCT-c91a117646c15232
RCCX	HG04204#2	HG04204	HG03642	HPRC-Rest	HG04204#2#JBHIGZ010000014.1:28378310-33624751	HG04204#2#ctg1	3549538	3683313	WHR1-like+|C4AL+|CYP21A1P-like+|TNXA-like-|WHR1B-like+|C4BS+|CYP21A2-like+|TNXB-like-	2	assembly_homology_and_annotation	RCCX-STRUCT-08dc6d3cd5c804e4
RCCX	HG04228#1	HG04228	HG04227	HPRC-Rest	HG04228#1#CM088480.1:28407255-33566968	HG04228#1#ctg1	3549607	3689778	WHR1-like+|C4AL+|CYP21A1P-like+|TNXA-like-|WHR1B-like+|C4BL+|CYP21A2-like+|TNXB-like-	2	assembly_homology_and_annotation	RCCX-STRUCT-c91a117646c15232
RCCX	HG04228#2	HG04228	HG04227	HPRC-Rest	HG04228#2#CM088508.1:28466048-33622943	HG04228#2#ctg1	3548175	3688411	WHR1-like+|C4AL+|CYP21A1P-like+|TNXA-like-|WHR1B-like+|C4BL+|CYP21A2-like+|TNXB-like-	2	assembly_homology_and_annotation	RCCX-STRUCT-c91a117646c15232
RCCX	HG06807#1	HG06807	HG06807	HPRC-Rest	HG06807#1#CM101400.1:28463683-33619551	HG06807#1#ctg1	3553091	3686873	WHR1-like+|C4AL+|CYP21A1P-like+|TNXA-like-|WHR1B-like+|C4BS+|CYP21A2-like+|TNXB-like-	2	assembly_homology_and_annotation	RCCX-STRUCT-08dc6d3cd5c804e4
RCCX	HG06807#2	HG06807	HG06807	HPRC-Rest	HG06807#2#CM101434.1:28441503-33631596	HG06807#2#ctg1	3620105	3721169	WHR1-like+|C4BS+|CYP21A2-like+|TNXB-like-	1	assembly_homology_and_annotation	RCCX-STRUCT-a002f576cdda62b4
RCCX	NA18505#1	NA18505	NA18503	HPRC-Rest	NA18505#1#JBHIJY010000048.1:28445967-33542979	NA18505#1#ctg1	3551412	3658845	WHR1-like+|C4AL+|CYP21A2-like+|TNXB-like-	1	assembly_homology_and_annotation	RCCX-STRUCT-80c1563b57f16898
RCCX	NA18505#2	NA18505	NA18503	HPRC-Rest	NA18505#2#JBHIJZ010000041.1:28452551-33607869	NA18505#2#ctg1	3553488	3687241	WHR1-like+|C4AL+|CYP21A1P-like+|TNXA-like-|WHR1B-like+|C4BS+|CYP21A2-like+|TNXB-like-	2	assembly_homology_and_annotation	RCCX-STRUCT-08dc6d3cd5c804e4
RCCX	NA18508#1	NA18508	NA18506	HPRC-Rest	NA18508#1#CM089650.1:28440826-33645342	NA18508#1#ctg1	3625009	3758803	WHR1-like+|C4AL+|CYP21A1P-like+|TNXA-like-|WHR1B-like+|C4AS+|CYP21A2-like+|TNXB-like-	2	assembly_homology_and_annotation	RCCX-STRUCT-b8ca310d36f0396c
RCCX	NA18508#2	NA18508	NA18506	HPRC-Rest	NA18508#2#JBHIJH010000001.1:28282775-33492562	NA18508#2#ctg1	3620538	3754335	WHR1-like+|C4AL+|CYP21A1P-like+|TNXA-like-|WHR1B-like+|C4BS+|CYP21A2-like+|TNXB-like-	2	assembly_homology_and_annotation	RCCX-STRUCT-08dc6d3cd5c804e4
RCCX	NA18522#1	NA18522	NA18521	HPRC-Rest	NA18522#1#CM087176.1:28457728-33607889	NA18522#1#ctg1	3553871	3687640	WHR1-like+|C4AL+|CYP21A1P-like+|TNXA-like-|WHR1B-like+|C4BS+|CYP21A2-like+|TNXB-like-	2	assembly_homology_and_annotation	RCCX-STRUCT-08dc6d3cd5c804e4
RCCX	NA18522#2	NA18522	NA18521	HPRC-Rest	NA18522#2#CM087191.1:28461290-33621227	NA18522#2#ctg1	3559716	3693507	WHR1-like+|C4AL+|CYP21A1P-like+|TNXA-like-|WHR1B-like+|C4BS+|CYP21A2-like+|TNXB-like-	2	assembly_homology_and_annotation	RCCX-STRUCT-08dc6d3cd5c804e4
RCCX	NA18565#1	NA18565	NA18565	HPRC-EastAsian	NA18565#1#CM094320.1:28406009-33589453	NA18565#1#ctg1	3492952	3626745	WHR1-like+|C4AL+|CYP21A1P-like+|TNXA-like-|WHR1B-like+|C4BS+|CYP21A2-like+|TNXB-like-	2	assembly_homology_and_annotation	RCCX-STRUCT-08dc6d3cd5c804e4
RCCX	NA18565#2	NA18565	NA18565	HPRC-EastAsian	NA18565#2#CM094342.1:28359389-33490962	NA18565#2#ctg1	3558001	3691769	WHR1-like+|C4AL+|CYP21A1P-like+|TNXA-like-|WHR1B-like+|C4BS+|CYP21A2-like+|TNXB-like-	2	assembly_homology_and_annotation	RCCX-STRUCT-08dc6d3cd5c804e4
RCCX	NA18570#1	NA18570	NA18570	HPRC-EastAsian	NA18570#1#CM087659.1:28377747-33503647	NA18570#1#ctg1	3554439	3688220	WHR1-like+|C4AL+|CYP21A1P-like+|TNXA-like-|WHR1B-like+|C4BS+|CYP21A2-like+|TNXB-like-	2	assembly_homology_and_annotation	RCCX-STRUCT-08dc6d3cd5c804e4
RCCX	NA18570#2	NA18570	NA18570	HPRC-EastAsian	NA18570#2#JBHDXO010000039.1:12253641-17492124	NA18570#2#ctg1	3551885	3685809	WHR1-like+|C4AL+|CYP21A1P-like+|TNXA-like-|WHR1B-like+|C4BS+|CYP21A2-like+|TNXB-like-	2	assembly_homology_and_annotation	RCCX-STRUCT-08dc6d3cd5c804e4
RCCX	NA18608#1	NA18608	NA18608	HPRC-EastAsian	NA18608#1#JBHIJW010000005.1:28379380-33466928	NA18608#1#ctg1	3503566	3643739	WHR1-like+|C4AL+|CYP21A2-like+|TNXA-like-|WHR1B-like+|C4BL+|CYP21A2-like+|TNXB-like-	2	assembly_homology_and_annotation	RCCX-STRUCT-4c34865fcf2a50f9
RCCX	NA18608#2	NA18608	NA18608	HPRC-EastAsian	NA18608#2#JBHIJX010000014.1:28375523-33585552	NA18608#2#ctg1	3624356	3764509	WHR1-like+|C4AL+|CYP21A1P-like+|TNXA-like-|WHR1B-like+|C4BL+|CYP21A2-like+|TNXB-like-	2	assembly_homology_and_annotation	RCCX-STRUCT-c91a117646c15232
RCCX	NA18620#1	NA18620	NA18620	HPRC-EastAsian	NA18620#1#JBHIJU010000014.1:28371273-33496778	NA18620#1#ctg1	3545813	3685986	WHR1-like+|C4AL+|CYP21A1P-like+|TNXA-like-|WHR1B-like+|C4BL+|CYP21A2-like+|TNXB-like-	2	assembly_homology_and_annotation	RCCX-STRUCT-c91a117646c15232
RCCX	NA18620#2	NA18620	NA18620	HPRC-EastAsian	NA18620#2#JBHIJV010000064.1:28361084-33404871	NA18620#2#ctg1	3452254	3586046	WHR1-like+|C4AL+|CYP21A1P-like+|TNXA-like-|WHR1B-like+|C4AS+|CYP21A2-like+|TNXB-like-	2	assembly_homology_and_annotation	RCCX-STRUCT-b8ca310d36f0396c
RCCX	NA18747#1	NA18747	NA18747	HPRC-EastAsian	NA18747#1#CM087202.1:28424227-33559019	NA18747#1#ctg1	3550172	3690337	WHR1-like+|C4AL+|CYP21A1P-like+|TNXA-like-|WHR1B-like+|C4BL+|CYP21A2-like+|TNXB-like-	2	assembly_homology_and_annotation	RCCX-STRUCT-c91a117646c15232
RCCX	NA18747#2	NA18747	NA18747	HPRC-EastAsian	NA18747#2#CM087242.1:28408784-33568848	NA18747#2#ctg1	3551496	3691655	WHR1-like+|C4AL+|CYP21A1P-like+|TNXA-like-|WHR1B-like+|C4BL+|CYP21A2-like+|TNXB-like-	2	assembly_homology_and_annotation	RCCX-STRUCT-c91a117646c15232
RCCX	NA18879#1	NA18879	NA18878	HPRC-Rest	NA18879#1#CM099716.1:28474558-33526652	NA18879#1#ctg1	3505192	3606249	WHR1-like+|C4AS+|CYP21A2-like+|TNXB-like-	1	assembly_homology_and_annotation	RCCX-STRUCT-12355a86c207700e
RCCX	NA18879#2	NA18879	NA18878	HPRC-Rest	NA18879#2#JBJUVN010000057.1:28495776-33652599	NA18879#2#ctg1	3559923	3693684	WHR1-like+|C4AL+|CYP21A1P-like+|TNXA-like-|WHR1B-like+|C4BS+|CYP21A2-like+|TNXB-like-	2	assembly_homology_and_annotation	RCCX-STRUCT-08dc6d3cd5c804e4
RCCX	NA18906#1	NA18906	NA18876	HPRC-Rest	NA18906#1#JAHEOO020000008.1:28476372-33613648	NA18906#1#ctg1	3560583	3694376	WHR1-like+|C4AL+|CYP21A1P-like+|TNXA-like-|WHR1B-like+|C4BS+|CYP21A2-like+|TNXB-like-	2	assembly_homology_and_annotation	RCCX-STRUCT-08dc6d3cd5c804e4
RCCX	NA18906#2	NA18906	NA18876	HPRC-Rest	NA18906#2#JAHEON020000009.1:28400633-33549040	NA18906#2#ctg1	3553175	3623511	WHR1-like+|C4AL+|CYP21A1P-like+|TNXA-like-|WHR1B-like+|C4BS+|CYP21A2-like+|TNXA-like-	2	assembly_homology_and_annotation	RCCX-STRUCT-6493188f61335fa0
RCCX	NA18940#1	NA18940	NA18940	HPRC-Japanese	NA18940#1#CM101704.1:28361445-33495650	NA18940#1#ctg1	3506217	3646403	WHR1-like+|C4AL+|CYP21A1P-like+|TNXA-like-|WHR1B-like+|C4AL+|CYP21A2-like+|TNXB-like-	2	assembly_homology_and_annotation	RCCX-STRUCT-109f6cb2c3c027c8
RCCX	NA18940#2	NA18940	NA18940	HPRC-Japanese	NA18940#2#CM101718.1:28384276-33404776	NA18940#2#ctg1	3505874	3639678	WHR1-like+|C4AL+|CYP21A1P-like+|TNXA-like-|WHR1B-like+|C4BS+|CYP21A2-like+|TNXB-like-	2	assembly_homology_and_annotation	RCCX-STRUCT-08dc6d3cd5c804e4
RCCX	NA18943#1	NA18943	NA18943	HPRC-Japanese	NA18943#1#CM101660.1:28426731-33491938	NA18943#1#ctg1	3551121	3684801	WHR1-like+|C4AL+|CYP21A1P-like+|TNXA-like-|WHR1B-like+|C4BS+|CYP21A2-like+|TNXB-like-	2	assembly_homology_and_annotation	RCCX-STRUCT-08dc6d3cd5c804e4
RCCX	NA18943#2	NA18943	NA18943	HPRC-Japanese	NA18943#2#CM101689.1:28413016-33476747	NA18943#2#ctg1	3542014	3682184	WHR1-like+|C4AL+|CYP21A1P-like+|TNXA-like-|WHR1B-like+|C4BL+|CYP21A2-like+|TNXB-like-	2	assembly_homology_and_annotation	RCCX-STRUCT-c91a117646c15232
RCCX	NA18944#1	NA18944	NA18944	HPRC-Japanese	NA18944#1#CM101645.1:28385561-33526630	NA18944#1#ctg1	3543639	3677436	WHR1-like+|C4AL+|CYP21A1P-like+|TNXA-like-|WHR1B-like+|C4BS+|CYP21A2-like+|TNXB-like-	2	assembly_homology_and_annotation	RCCX-STRUCT-08dc6d3cd5c804e4
RCCX	NA18944#2	NA18944	NA18944	HPRC-Japanese	NA18944#2#CM101674.1:28358440-33385619	NA18944#2#ctg1	3505055	3645197	WHR1-like+|C4AL+|CYP21A1P-like+|TNXA-like-|WHR1B-like+|C4BL+|CYP21A2-like+|TNXB-like-	2	assembly_homology_and_annotation	RCCX-STRUCT-c91a117646c15232
RCCX	NA18945#1	NA18945	NA18945	HPRC-Japanese	NA18945#1#CM101613.1:28368965-33555846	NA18945#1#ctg1	3607851	3741639	WHR1-like+|C4AL+|CYP21A1P-like+|TNXA-like-|WHR1B-like+|C4BS+|CYP21A2-like+|TNXB-like-	2	assembly_homology_and_annotation	RCCX-STRUCT-08dc6d3cd5c804e4
RCCX	NA18945#2	NA18945	NA18945	HPRC-Japanese	NA18945#2#CM101630.1:28394844-33694406	NA18945#2#ctg1	3611297	3745065	WHR1-like+|C4AL+|CYP21A1P-like+|TNXA-like-|WHR1B-like+|C4AS+|CYP21A2-like+|TNXB-like-	2	assembly_homology_and_annotation	RCCX-STRUCT-b8ca310d36f0396c
RCCX	NA18948#1	NA18948	NA18948	HPRC-Japanese	NA18948#1#CM101600.1:28387406-33694585	NA18948#1#ctg1	3612015	3745797	WHR1-like+|C4AL+|CYP21A1P-like+|TNXA-like-|WHR1B-like+|C4BS+|CYP21A2-like+|TNXB-like-	2	assembly_homology_and_annotation	RCCX-STRUCT-08dc6d3cd5c804e4
RCCX	NA18948#2	NA18948	NA18948	HPRC-Japanese	NA18948#2#CM101588.1:28449833-33675773	NA18948#2#ctg1	3550866	3756494	WHR1-like+|C4AL+|CYP21A1P-like+|TNXA-like-|WHR1B-like+|C4AL+|CYP21A1P-like+|TNXA-like-|WHR1B-like+|C4AL+|CYP21A1P-like+|TNXA-like-|WHR1B-like+|C4BL+|CYP21A2-like+|TNXB-like-	4	assembly_homology_and_annotation	RCCX-STRUCT-c043bb7aaa1cb89c
RCCX	NA18952#1	NA18952	NA18952	HPRC-Japanese	NA18952#1#JBHIJS010000065.1:28372748-33544581	NA18952#1#ctg1	3503692	3709323	WHR1-like+|C4AL+|CYP21A1P-like+|TNXA-like-|WHR1B-like+|C4AL+|CYP21A1P-like+|TNXA-like-|WHR1B-like+|C4AL+|CYP21A1P-like+|TNXA-like-|WHR1B-like+|C4BL+|CYP21A2-like+|TNXB-like-	4	assembly_homology_and_annotation	RCCX-STRUCT-c043bb7aaa1cb89c
RCCX	NA18952#2	NA18952	NA18952	HPRC-Japanese	NA18952#2#JBHIJT010000011.1:27989065-33294169	NA18952#2#ctg1	3610577	3750727	WHR1-like+|C4AL+|CYP21A1P-like+|TNXA-like-|WHR1B-like+|C4BL+|CYP21A2-like+|TNXB-like-	2	assembly_homology_and_annotation	RCCX-STRUCT-c91a117646c15232
RCCX	NA18959#1	NA18959	NA18959	HPRC-Japanese	NA18959#1#CM101546.1:28370803-33504249	NA18959#1#ctg1	3506226	3646407	WHR1-like+|C4AL+|CYP21A1P-like+|TNXA-like-|WHR1B-like+|C4AL+|CYP21A2-like+|TNXB-like-	2	assembly_homology_and_annotation	RCCX-STRUCT-109f6cb2c3c027c8
RCCX	NA18959#2	NA18959	NA18959	HPRC-Japanese	NA18959#2#CM101574.1:28371257-33493892	NA18959#2#ctg1	3547493	3654919	WHR1-like+|C4BL+|CYP21A2-like+|TNXB-like-	1	assembly_homology_and_annotation	RCCX-STRUCT-7b1f207074474ef0
RCCX	NA18960#1	NA18960	NA18960	HPRC-Japanese	NA18960#1#CM101531.1:28387298-33581139	NA18960#1#ctg1	3499163	3639318	WHR1-like+|C4AL+|CYP21A1P-like+|TNXA-like-|WHR1B-like+|C4BL+|CYP21A2-like+|TNXB-like-	2	assembly_homology_and_annotation	RCCX-STRUCT-c91a117646c15232
RCCX	NA18960#2	NA18960	NA18960	HPRC-Japanese	NA18960#2#CM101559.1:28352755-33558459	NA18960#2#ctg1	3502539	3636303	WHR1-like+|C4AL+|CYP21A1P-like+|TNXA-like-|WHR1B-like+|C4BS+|CYP21A2-like+|TNXB-like-	2	assembly_homology_and_annotation	RCCX-STRUCT-08dc6d3cd5c804e4
RCCX	NA18967#1	NA18967	NA18967	HPRC-Japanese	NA18967#1#CM101498.1:28415274-33499907	NA18967#1#ctg1	3499556	3639726	WHR1-like+|C4AL+|CYP21A1P-like+|TNXA-like-|WHR1B-like+|C4BL+|CYP21A2-like+|TNXB-like-	2	assembly_homology_and_annotation	RCCX-STRUCT-c91a117646c15232
RCCX	NA18967#2	NA18967	NA18967	HPRC-Japanese	NA18967#2#JBKABX010000006.1:28395404-33553508	NA18967#2#ctg1	3495632	3603065	WHR1-like+|C4AL+|CYP21A2-like+|TNXB-like-	1	assembly_homology_and_annotation	RCCX-STRUCT-80c1563b57f16898
RCCX	NA18970#1	NA18970	NA18970	HPRC-Japanese	NA18970#1#CM101469.1:28338191-33472849	NA18970#1#ctg1	3549934	3690101	WHR1-like+|C4AL+|CYP21A1P-like+|TNXA-like-|WHR1B-like+|C4BL+|CYP21A2-like+|TNXB-like-	2	assembly_homology_and_annotation	RCCX-STRUCT-c91a117646c15232
RCCX	NA18970#2	NA18970	NA18970	HPRC-Japanese	NA18970#2#CM101481.1:28437781-33628491	NA18970#2#ctg1	3505099	3638900	WHR1-like+|C4AL+|CYP21A1P-like+|TNXA-like-|WHR1B-like+|C4BS+|CYP21A2-like+|TNXB-like-	2	assembly_homology_and_annotation	RCCX-STRUCT-08dc6d3cd5c804e4
RCCX	NA18971#1	NA18971	NA18971	HPRC-Japanese	NA18971#1#JBHDWK010000075.1:28353861-33541047	NA18971#1#ctg1	3492821	3632989	WHR1-like+|C4AL+|CYP21A1P-like+|TNXA-like-|WHR1B-like+|C4BL+|CYP21A2-like+|TNXB-like-	2	assembly_homology_and_annotation	RCCX-STRUCT-c91a117646c15232
RCCX	NA18971#2	NA18971	NA18971	HPRC-Japanese	NA18971#2#CM087282.1:28370956-33557710	NA18971#2#ctg1	3602456	3742622	WHR1-like+|C4AL+|CYP21A1P-like+|TNXA-like-|WHR1B-like+|C4BL+|CYP21A2-like+|TNXB-like-	2	assembly_homology_and_annotation	RCCX-STRUCT-c91a117646c15232
RCCX	NA18974#1	NA18974	NA18974	HPRC-Japanese	NA18974#1#JBHIJQ010000061.1:28438445-33702152	NA18974#1#ctg1	3540558	3707163	WHR1-like+|C4AL+|CYP21A1P-like+|TNXA-like-|WHR1B-like+|C4AS+|CYP21A1P-like+|TNXA-like-|WHR1B-like+|C4BL+|CYP21A2-like+|TNXB-like-	3	assembly_homology_and_annotation	RCCX-STRUCT-e92677dc4f8b8aff
RCCX	NA18974#2	NA18974	NA18974	HPRC-Japanese	NA18974#2#JBHIJR010000002.1:28446464-33624399	NA18974#2#ctg1	3543335	3709934	WHR1-like+|C4AL+|CYP21A1P-like+|TNXA-like-|WHR1B-like+|C4AS+|CYP21A1P-like+|TNXA-like-|WHR1B-like+|C4BL+|CYP21A2-like+|TNXB-like-	3	assembly_homology_and_annotation	RCCX-STRUCT-e92677dc4f8b8aff
RCCX	NA18976#1	NA18976	NA18976	HPRC-Japanese	NA18976#1#CM089753.1:28424712-33611473	NA18976#1#ctg1	3607871	3741660	WHR1-like+|C4AL+|CYP21A1P-like+|TNXA-like-|WHR1B-like+|C4BS+|CYP21A2-like+|TNXB-like-	2	assembly_homology_and_annotation	RCCX-STRUCT-08dc6d3cd5c804e4
RCCX	NA18976#2	NA18976	NA18976	HPRC-Japanese	NA18976#2#CM089763.1:28447335-33634097	NA18976#2#ctg1	3607868	3741657	WHR1-like+|C4AL+|CYP21A1P-like+|TNXA-like-|WHR1B-like+|C4BS+|CYP21A2-like+|TNXB-like-	2	assembly_homology_and_annotation	RCCX-STRUCT-08dc6d3cd5c804e4
RCCX	NA18982#1	NA18982	NA18982	HPRC-Japanese	NA18982#1#CM101421.1:28415467-33548909	NA18982#1#ctg1	3506211	3646397	WHR1-like+|C4AL+|CYP21A1P-like+|TNXA-like-|WHR1B-like+|C4AL+|CYP21A2-like+|TNXB-like-	2	assembly_homology_and_annotation	RCCX-STRUCT-109f6cb2c3c027c8
RCCX	NA18982#2	NA18982	NA18982	HPRC-Japanese	NA18982#2#JBKABT010000006.1:28433660-33435400	NA18982#2#ctg1	3407394	3541216	WHR1-like+|C4AL+|CYP21A1P-like+|TNXA-like-|WHR1B-like+|C4BS+|CYP21A2-like+|TNXB-like-	2	assembly_homology_and_annotation	RCCX-STRUCT-08dc6d3cd5c804e4
RCCX	NA18983#1	NA18983	NA18983	HPRC-Japanese	NA18983#1#CM087420.1:28378465-33528221	NA18983#1#ctg1	3553934	3694081	WHR1-like+|C4AL+|CYP21A1P-like+|TNXA-like-|WHR1B-like+|C4BL+|CYP21A2-like+|TNXB-like-	2	assembly_homology_and_annotation	RCCX-STRUCT-c91a117646c15232
RCCX	NA18983#2	NA18983	NA18983	HPRC-Japanese	NA18983#2#CM087432.1:28420692-33672818	NA18983#2#ctg1	3559257	3699558	WHR1-like+|C4AL+|CYP21A1P-like+|TNXA-like-|WHR1B-like+|C4BL+|CYP21A2-like+|TNXB-like-	2	assembly_homology_and_annotation	RCCX-STRUCT-c91a117646c15232
RCCX	NA18990#1	NA18990	NA18990	JaSaPaGe-Japanese	NA18990#1#h1tg000053l:1684255-6870690	NA18990#1#ctg1	3607932	3741725	WHR1-like+|C4AL+|CYP21A1P-like+|TNXA-like-|WHR1B-like+|C4BS+|CYP21A2-like+|TNXB-like-	2	assembly_homology_and_annotation	RCCX-STRUCT-08dc6d3cd5c804e4
RCCX	NA18990#2	NA18990	NA18990	JaSaPaGe-Japanese	NA18990#2#h2tg000012l:28380706-33571283	NA18990#2#ctg1	3500533	3634320	WHR1-like+|C4AL+|CYP21A1P-like+|TNXA-like-|WHR1B-like+|C4BS+|CYP21A2-like+|TNXB-like-	2	assembly_homology_and_annotation	RCCX-STRUCT-08dc6d3cd5c804e4
RCCX	NA19007#1	NA19007	NA19007	JaSaPaGe-Japanese	NA19007#1#h1tg000006l:27239246-32454334_rc	NA19007#1#ctg1	3552798	3660245	WHR1-like+|C4AL+|CYP21A2-like+|TNXB-like-	1	assembly_homology_and_annotation	RCCX-STRUCT-80c1563b57f16898
RCCX	NA19007#2	NA19007	NA19007	JaSaPaGe-Japanese	NA19007#2#h2tg000001l:28406882-33472999	NA19007#2#ctg1	3551167	3684971	WHR1-like+|C4AL+|CYP21A1P-like+|TNXA-like-|WHR1B-like+|C4BS+|CYP21A2-like+|TNXB-like-	2	assembly_homology_and_annotation	RCCX-STRUCT-08dc6d3cd5c804e4
RCCX	NA19036#1	NA19036	NA19036	HPRC-Rest	NA19036#1#JBHIJM010000039.1:28463923-33608059	NA19036#1#ctg1	3545236	3679033	WHR1-like+|C4AL+|CYP21A1P-like+|TNXA-like-|WHR1B-like+|C4BS+|CYP21A2-like+|TNXB-like-	2	assembly_homology_and_annotation	RCCX-STRUCT-08dc6d3cd5c804e4
RCCX	NA19036#2	NA19036	NA19036	HPRC-Rest	NA19036#2#CM089740.1:28304850-33443783	NA19036#2#ctg1	3560758	3694549	WHR1-like+|C4AL+|CYP21A1P-like+|TNXA-like-|WHR1B-like+|C4BS+|CYP21A2-like+|TNXB-like-	2	assembly_homology_and_annotation	RCCX-STRUCT-08dc6d3cd5c804e4
RCCX	NA19043#1	NA19043	NA19043	HPRC-Rest	NA19043#1#CM087046.1:28457117-33603533	NA19043#1#ctg1	3551024	3684824	WHR1-like+|C4AL+|CYP21A1P-like+|TNXA-like-|WHR1B-like+|C4BS+|CYP21A2-like+|TNXB-like-	2	assembly_homology_and_annotation	RCCX-STRUCT-08dc6d3cd5c804e4
RCCX	NA19043#2	NA19043	NA19043	HPRC-Rest	NA19043#2#CM087072.1:28298892-33447476	NA19043#2#ctg1	3553673	3687473	WHR1-like+|C4AL+|CYP21A1P-like+|TNXA-like-|WHR1B-like+|C4BS+|CYP21A2-like+|TNXB-like-	2	assembly_homology_and_annotation	RCCX-STRUCT-08dc6d3cd5c804e4
RCCX	NA19066#1	NA19066	NA19066	JaSaPaGe-Japanese	NA19066#1#h1tg000041l:28321019-33454057	NA19066#1#ctg1	3506072	3646257	WHR1-like+|C4AL+|CYP21A1P-like+|TNXA-like-|WHR1B-like+|C4AL+|CYP21A2-like+|TNXB-like-	2	assembly_homology_and_annotation	RCCX-STRUCT-109f6cb2c3c027c8
RCCX	NA19066#2	NA19066	NA19066	JaSaPaGe-Japanese	NA19066#2#h2tg000023l:28379592-33689338	NA19066#2#ctg1	3614556	3748337	WHR1-like+|C4AL+|CYP21A1P-like+|TNXA-like-|WHR1B-like+|C4BS+|CYP21A2-like+|TNXB-like-	2	assembly_homology_and_annotation	RCCX-STRUCT-08dc6d3cd5c804e4
RCCX	NA19079#1	NA19079	NA19079	JaSaPaGe-Japanese	NA19079#1#h1tg000041l:25967753-30989063_rc	NA19079#1#ctg1	3334754	3468528	WHR1-like+|C4AL+|CYP21A1P-like+|TNXA-like-|WHR1B-like+|C4AS+|CYP21A2-like+|TNXB-like-	2	assembly_homology_and_annotation	RCCX-STRUCT-b8ca310d36f0396c
RCCX	NA19079#2	NA19079	NA19079	JaSaPaGe-Japanese	NA19079#2#h2tg000002l:1677209-6863053	NA19079#2#ctg1	3607945	3741735	WHR1-like+|C4AL+|CYP21A1P-like+|TNXA-like-|WHR1B-like+|C4BS+|CYP21A2-like+|TNXB-like-	2	assembly_homology_and_annotation	RCCX-STRUCT-08dc6d3cd5c804e4
RCCX	NA19087#1	NA19087	NA19087	HPRC-Japanese	NA19087#1#CM087696.1:28331338-33576082	NA19087#1#ctg1	3550913	3691068	WHR1-like+|C4AL+|CYP21A1P-like+|TNXA-like-|WHR1B-like+|C4BL+|CYP21A2-like+|TNXB-like-	2	assembly_homology_and_annotation	RCCX-STRUCT-c91a117646c15232
RCCX	NA19087#2	NA19087	NA19087	HPRC-Japanese	NA19087#2#JBHDXQ010000012.1:23681967-28867579	NA19087#2#ctg1	3607873	3741661	WHR1-like+|C4AL+|CYP21A1P-like+|TNXA-like-|WHR1B-like+|C4BS+|CYP21A2-like+|TNXB-like-	2	assembly_homology_and_annotation	RCCX-STRUCT-08dc6d3cd5c804e4
RCCX	NA19088#1	NA19088	NA19088	JaSaPaGe-Japanese	NA19088#1#h1tg000014l:26283350-31418977_rc	NA19088#1#ctg1	3549277	3689434	WHR1-like+|C4AL+|CYP21A2-like+|TNXA-like-|WHR1B-like+|C4BL+|CYP21A2-like+|TNXB-like-	2	assembly_homology_and_annotation	RCCX-STRUCT-4c34865fcf2a50f9
RCCX	NA19088#2	NA19088	NA19088	JaSaPaGe-Japanese	NA19088#2#h2tg000004l:139364569-144598705_rc	NA19088#2#ctg1	3507282	3680180	WHR1-like+|C4BL+|CYP21A1P-like+|TNXA-like-|WHR1B-like+|C4BL+|CYP21A1P-like+|TNXA-like-|WHR1B-like+|C4BL+|CYP21A2-like+|TNXB-like-	3	assembly_homology_and_annotation	RCCX-STRUCT-772019bbe8032c14
RCCX	NA19159#1	NA19159	NA19159	HPRC-Rest	NA19159#1#JBJXQL010000007.1:28425942-33548809	NA19159#1#ctg1	3499549	3659684	WHR1-like+|C4AL+|CYP21A1P-like+|TNXA-like-|WHR1B-like+|C4AS+|CYP21A1P-like+|TNXA-like-|WHR1B-like+|C4BS+|CYP21A2-like+|TNXB-like-	3	assembly_homology_and_annotation	RCCX-STRUCT-43779c00c9747168
RCCX	NA19159#2	NA19159	NA19159	HPRC-Rest	NA19159#2#JBJXQM010000009.1:28479051-33767425	NA19159#2#ctg1	3566643	3726790	WHR1-like+|C4AL+|CYP21A1P-like+|TNXA-like-|WHR1B-like+|C4BS+|CYP21A1P-like+|TNXA-like-|WHR1B-like+|C4BS+|CYP21A2-like+|TNXB-like-	3	assembly_homology_and_annotation	RCCX-STRUCT-0c843ef37c4c8a9d
RCCX	NA19185#1	NA19185	NA19184	HPRC-Rest	NA19185#1#CM087724.1:28452686-33600537	NA19185#1#ctg1	3550128	3683894	WHR1-like+|C4AL+|CYP21A1P-like+|TNXA-like-|WHR1B-like+|C4BS+|CYP21A2-like+|TNXB-like-	2	assembly_homology_and_annotation	RCCX-STRUCT-08dc6d3cd5c804e4
RCCX	NA19185#2	NA19185	NA19184	HPRC-Rest	NA19185#2#CM087740.1:28365127-33559133	NA19185#2#ctg1	3618367	3752161	WHR1-like+|C4AL+|CYP21A1P-like+|TNXA-like-|WHR1B-like+|C4AS+|CYP21A2-like+|TNXB-like-	2	assembly_homology_and_annotation	RCCX-STRUCT-b8ca310d36f0396c
RCCX	NA19240#1	NA19240	NA18912	HPRC-Rest	NA19240#1#JAHEOM020000002.1:28462857-33656907	NA19240#1#ctg1	3618558	3752366	WHR1-like+|C4AL+|CYP21A1P-like+|TNXA-like-|WHR1B-like+|C4BS+|CYP21A2-like+|TNXB-like-	2	assembly_homology_and_annotation	RCCX-STRUCT-08dc6d3cd5c804e4
RCCX	NA19240#2	NA19240	NA18912	HPRC-Rest	NA19240#2#CM099616.1:28279408-33546879	NA19240#2#ctg1	3619881	3780024	WHR1-like+|C4AL+|CYP21A1P-like+|TNXA-like-|WHR1B-like+|C4BS+|CYP21A1P-like+|TNXA-like-|WHR1B-like+|C4BS+|CYP21A2-like+|TNXB-like-	3	assembly_homology_and_annotation	RCCX-STRUCT-0c843ef37c4c8a9d
RCCX	NA19338#1	NA19338	NA19338	HPRC-Rest	NA19338#1#CM087758.1:28448969-33579906	NA19338#1#ctg1	3549555	3683321	WHR1-like+|C4AL+|CYP21A1P-like+|TNXA-like-|WHR1B-like+|C4BS+|CYP21A2-like+|TNXB-like-	2	assembly_homology_and_annotation	RCCX-STRUCT-08dc6d3cd5c804e4
RCCX	NA19338#2	NA19338	NA19338	HPRC-Rest	NA19338#2#CM087775.1:28453026-33605437	NA19338#2#ctg1	3550101	3683916	WHR1-like+|C4AL+|CYP21A1P-like+|TNXA-like-|WHR1B-like+|C4BS+|CYP21A2-like+|TNXB-like-	2	assembly_homology_and_annotation	RCCX-STRUCT-08dc6d3cd5c804e4
RCCX	NA19391#1	NA19391	NA19391	HPRC-Rest	NA19391#1#CM087790.1:28288674-33392322	NA19391#1#ctg1	3521047	3654852	WHR1-like+|C4AL+|CYP21A1P-like+|TNXA-like-|WHR1B-like+|C4BS+|CYP21A2-like+|TNXB-like-	2	assembly_homology_and_annotation	RCCX-STRUCT-08dc6d3cd5c804e4
RCCX	NA19391#2	NA19391	NA19391	HPRC-Rest	NA19391#2#CM087804.1:28295746-33396359	NA19391#2#ctg1	3551495	3658903	WHR1-like+|C4AL+|CYP21A2-like+|TNXB-like-	1	assembly_homology_and_annotation	RCCX-STRUCT-80c1563b57f16898
RCCX	NA19443#1	NA19443	NA19443	HPRC-Rest	NA19443#1#CM089448.1:28448109-33623879	NA19443#1#ctg1	3622993	3730426	WHR1-like+|C4AL+|CYP21A2-like+|TNXB-like-	1	assembly_homology_and_annotation	RCCX-STRUCT-80c1563b57f16898
RCCX	NA19443#2	NA19443	NA19443	HPRC-Rest	NA19443#2#CM089461.1:28435491-33566565	NA19443#2#ctg1	3620577	3754369	WHR1-like+|C4AL+|CYP21A1P-like+|TNXA-like-|WHR1B-like+|C4BS+|CYP21A2-like+|TNXB-like-	2	assembly_homology_and_annotation	RCCX-STRUCT-08dc6d3cd5c804e4
RCCX	NA19468#1	NA19468	NA19468	HPRC-Rest	NA19468#1#JBHDXX010000056.1:28478972-33624126	NA19468#1#ctg1	3553217	3687029	WHR1-like+|C4AL+|CYP21A1P-like+|TNXA-like-|WHR1B-like+|C4BS+|CYP21A2-like+|TNXB-like-	2	assembly_homology_and_annotation	RCCX-STRUCT-08dc6d3cd5c804e4
RCCX	NA19468#2	NA19468	NA19468	HPRC-Rest	NA19468#2#JBHDXY010000045.1:28382628-33499947	NA19468#2#ctg1	3553988	3655051	WHR1-like+|C4BS+|CYP21A2-like+|TNXB-like-	1	assembly_homology_and_annotation	RCCX-STRUCT-a002f576cdda62b4
RCCX	NA19682#1	NA19682	NA19681	HPRC-Rest	NA19682#1#CM094150.1:28411407-33568676	NA19682#1#ctg1	3554072	3694223	WHR1-like+|C4AL+|CYP21A1P-like+|TNXA-like-|WHR1B-like+|C4BL+|CYP21A2-like+|TNXB-like-	2	assembly_homology_and_annotation	RCCX-STRUCT-c91a117646c15232
RCCX	NA19682#2	NA19682	NA19681	HPRC-Rest	NA19682#2#CM094164.1:28463959-33644888	NA19682#2#ctg1	3608547	3742331	WHR1-like+|C4AL+|CYP21A1P-like+|TNXA-like-|WHR1B-like+|C4BS+|CYP21A2-like+|TNXB-like-	2	assembly_homology_and_annotation	RCCX-STRUCT-08dc6d3cd5c804e4
RCCX	NA19700#1	NA19700	NA19700	HPRC-Rest	NA19700#1#CM089621.1:28376765-33517479	NA19700#1#ctg1	3557935	3691738	WHR1-like+|C4AL+|CYP21A1P-like+|TNXA-like-|WHR1B-like+|C4BS+|CYP21A2-like+|TNXB-like-	2	assembly_homology_and_annotation	RCCX-STRUCT-08dc6d3cd5c804e4
RCCX	NA19700#2	NA19700	NA19700	HPRC-Rest	NA19700#2#CM089638.1:28426616-33709243	NA19700#2#ctg1	3618290	3725722	WHR1-like+|C4AL+|CYP21A2-like+|TNXB-like-	1	assembly_homology_and_annotation	RCCX-STRUCT-80c1563b57f16898
RCCX	NA19776#1	NA19776	NA19776	HPRC-Rest	NA19776#1#CM094012.1:28385884-33702873	NA19776#1#ctg1	3623028	3763182	WHR1-like+|C4AL+|CYP21A1P-like+|TNXA-like-|WHR1B-like+|C4BL+|CYP21A2-like+|TNXB-like-	2	assembly_homology_and_annotation	RCCX-STRUCT-c91a117646c15232
RCCX	NA19776#2	NA19776	NA19776	HPRC-Rest	NA19776#2#CM094049.1:28416676-33523673	NA19776#2#ctg1	3503690	3643857	WHR1-like+|C4AL+|CYP21A1P-like+|TNXA-like-|WHR1B-like+|C4BL+|CYP21A2-like+|TNXB-like-	2	assembly_homology_and_annotation	RCCX-STRUCT-c91a117646c15232
RCCX	NA19835#1	NA19835	NA19834	HPRC-Rest	NA19835#1#CM094026.1:28418644-33486956	NA19835#1#ctg1	3552554	3686340	WHR1-like+|C4AL+|CYP21A1P-like+|TNXA-like-|WHR1B-like+|C4BS+|CYP21A2-like+|TNXB-like-	2	assembly_homology_and_annotation	RCCX-STRUCT-08dc6d3cd5c804e4
RCCX	NA19835#2	NA19835	NA19834	HPRC-Rest	NA19835#2#CM094035.1:28457594-33528933	NA19835#2#ctg1	3487974	3621776	WHR1-like+|C4AL+|CYP21A1P-like+|TNXA-like-|WHR1B-like+|C4BS+|CYP21A2-like+|TNXB-like-	2	assembly_homology_and_annotation	RCCX-STRUCT-08dc6d3cd5c804e4
RCCX	NA19909#1	NA19909	NA19908	HPRC-Rest	NA19909#1#JBIRDH010000012.1:28412877-33619076	NA19909#1#ctg1	3630577	3764380	WHR1-like+|C4AL+|CYP21A1P-like+|TNXA-like-|WHR1B-like+|C4AS+|CYP21A2-like+|TNXB-like-	2	assembly_homology_and_annotation	RCCX-STRUCT-b8ca310d36f0396c
RCCX	NA19909#2	NA19909	NA19908	HPRC-Rest	NA19909#2#JBIRDI010000053.1:28451896-33658066	NA19909#2#ctg1	3630552	3764355	WHR1-like+|C4AL+|CYP21A1P-like+|TNXA-like-|WHR1B-like+|C4AS+|CYP21A2-like+|TNXB-like-	2	assembly_homology_and_annotation	RCCX-STRUCT-b8ca310d36f0396c
RCCX	NA20129#2	NA20129	NA19920	HPRC-Rest	NA20129#2#CM092121.1:28370806-33473927	NA20129#2#ctg1	3522883	3656655	WHR1-like+|C4AL+|CYP21A1P-like+|TNXA-like-|WHR1B-like+|C4AS+|CYP21A2-like+|TNXB-like-	2	assembly_homology_and_annotation	RCCX-STRUCT-b8ca310d36f0396c
RCCX	NA20282#1	NA20282	NA20278	HPRC-Rest	NA20282#1#JBIRDT010000005.1:1683408-6782988	NA20282#1#ctg1	3563681	3723850	WHR1-like+|C4AL+|CYP21A1P-like+|TNXA-like-|WHR1B-like+|C4BS+|CYP21A1P-like+|TNXA-like-|WHR1B-like+|C4BS+|CYP21A2-like+|TNXB-like-	3	assembly_homology_and_annotation	RCCX-STRUCT-0c843ef37c4c8a9d
RCCX	NA20282#2	NA20282	NA20278	HPRC-Rest	NA20282#2#JBIRDU010000003.1:1683297-6763868	NA20282#2#ctg1	3504955	3638751	WHR1-like+|C4AL+|CYP21A1P-like+|TNXA-like-|WHR1B-like+|C4AS+|CYP21A2-like+|TNXB-like-	2	assembly_homology_and_annotation	RCCX-STRUCT-b8ca310d36f0396c
RCCX	NA20346#1	NA20346	NA20346	HPRC-Rest	NA20346#1#CM094251.1:28457185-33666384	NA20346#1#ctg1	3620244	3754041	WHR1-like+|C4AL+|CYP21A1P-like+|TNXA-like-|WHR1B-like+|C4BS+|CYP21A2-like+|TNXB-like-	2	assembly_homology_and_annotation	RCCX-STRUCT-08dc6d3cd5c804e4
RCCX	NA20346#2	NA20346	NA20346	HPRC-Rest	NA20346#2#CM094262.1:28410681-33542038	NA20346#2#ctg1	3552915	3686686	WHR1-like+|C4AL+|CYP21A1P-like+|TNXA-like-|WHR1B-like+|C4BS+|CYP21A2-like+|TNXB-like-	2	assembly_homology_and_annotation	RCCX-STRUCT-08dc6d3cd5c804e4
RCCX	NA20503#1	NA20503	NA20503	HPRC-Rest	NA20503#1#CM102459.1:28379297-33541270	NA20503#1#ctg1	3552890	3693058	WHR1-like+|C4AL+|CYP21A1P-like+|TNXA-like-|WHR1B-like+|C4AL+|CYP21A2-like+|TNXB-like-	2	assembly_homology_and_annotation	RCCX-STRUCT-109f6cb2c3c027c8
RCCX	NA20503#2	NA20503	NA20503	HPRC-Rest	NA20503#2#CM102476.1:28357590-33489275	NA20503#2#ctg1	3553202	3693363	WHR1-like+|C4AL+|CYP21A1P-like+|TNXA-like-|WHR1B-like+|C4BL+|CYP21A2-like+|TNXB-like-	2	assembly_homology_and_annotation	RCCX-STRUCT-c91a117646c15232
RCCX	NA20752#1	NA20752	NA20752	HPRC-Rest	NA20752#1#CM099770.1:28378820-33526332	NA20752#1#ctg1	3538608	3678781	WHR1-like+|C4AL+|CYP21A1P-like+|TNXA-like-|WHR1B-like+|C4AL+|CYP21A2-like+|TNXB-like-	2	assembly_homology_and_annotation	RCCX-STRUCT-109f6cb2c3c027c8
RCCX	NA20752#2	NA20752	NA20752	HPRC-Rest	NA20752#2#CM099783.1:28398107-33586251	NA20752#2#ctg1	3494633	3628417	WHR1-like+|C4AL+|CYP21A1P-like+|TNXA-like-|WHR1B-like+|C4BS+|CYP21A2-like+|TNXB-like-	2	assembly_homology_and_annotation	RCCX-STRUCT-08dc6d3cd5c804e4
RCCX	NA20762#1	NA20762	NA20762	HPRC-Rest	NA20762#1#CM102512.1:28400125-33568157	NA20762#1#ctg1	3557053	3697225	WHR1-like+|C4AL+|CYP21A1P-like+|TNXA-like-|WHR1B-like+|C4BL+|CYP21A2-like+|TNXB-like-	2	assembly_homology_and_annotation	RCCX-STRUCT-c91a117646c15232
RCCX	NA20762#2	NA20762	NA20762	HPRC-Rest	NA20762#2#CM102528.1:28437013-33575799	NA20762#2#ctg1	3553168	3693333	WHR1-like+|C4AL+|CYP21A1P-like+|TNXA-like-|WHR1B-like+|C4BL+|CYP21A2-like+|TNXB-like-	2	assembly_homology_and_annotation	RCCX-STRUCT-c91a117646c15232
RCCX	NA20799#1	NA20799	NA20799	HPRC-Rest	NA20799#1#CM098688.1:28368547-33505653	NA20799#1#ctg1	3559623	3699782	WHR1-like+|C4AL+|CYP21A1P-like+|TNXA-like-|WHR1B-like+|C4BL+|CYP21A2-like+|TNXB-like-	2	assembly_homology_and_annotation	RCCX-STRUCT-c91a117646c15232
RCCX	NA20799#2	NA20799	NA20799	HPRC-Rest	NA20799#2#CM098717.1:28381748-33532360	NA20799#2#ctg1	3566773	3700561	WHR1-like+|C4AL+|CYP21A1P-like+|TNXA-like-|WHR1B-like+|C4BS+|CYP21A2-like+|TNXB-like-	2	assembly_homology_and_annotation	RCCX-STRUCT-08dc6d3cd5c804e4
RCCX	NA20805#1	NA20805	NA20805	HPRC-Rest	NA20805#1#CM091887.1:28444744-33554804	NA20805#1#ctg1	3559038	3666432	WHR1-like+|C4AL+|CYP21A2-like+|TNXB-like-	1	assembly_homology_and_annotation	RCCX-STRUCT-80c1563b57f16898
RCCX	NA20805#2	NA20805	NA20805	HPRC-Rest	NA20805#2#CM091899.1:28375930-33456966	NA20805#2#ctg1	3504067	3644221	WHR1-like+|C4AL+|CYP21A1P-like+|TNXA-like-|WHR1B-like+|C4BL+|CYP21A2-like+|TNXB-like-	2	assembly_homology_and_annotation	RCCX-STRUCT-c91a117646c15232
RCCX	NA20806#1	NA20806	NA20806	HPRC-Rest	NA20806#1#CM102442.1:28404226-33564454	NA20806#1#ctg1	3550165	3690326	WHR1-like+|C4BL+|CYP21A1P-like+|TNXA-like-|WHR1B-like+|C4BL+|CYP21A2-like+|TNXB-like-	2	assembly_homology_and_annotation	RCCX-STRUCT-684f24a39886a3ee
RCCX	NA20806#2	NA20806	NA20806	HPRC-Rest	NA20806#2#CM102496.1:28385854-33548009	NA20806#2#ctg1	3552958	3693106	WHR1-like+|C4AL+|CYP21A1P-like+|TNXA-like-|WHR1B-like+|C4BL+|CYP21A2-like+|TNXB-like-	2	assembly_homology_and_annotation	RCCX-STRUCT-c91a117646c15232
RCCX	NA20809#1	NA20809	NA20809	HPRC-Rest	NA20809#1#CM094332.1:28435710-33676068	NA20809#1#ctg1	3552661	3686469	WHR1-like+|C4AL+|CYP21A1P-like+|TNXA-like-|WHR1B-like+|C4BS+|CYP21A2-like+|TNXB-like-	2	assembly_homology_and_annotation	RCCX-STRUCT-08dc6d3cd5c804e4
RCCX	NA20809#2	NA20809	NA20809	HPRC-Rest	NA20809#2#CM094351.1:28373506-33544564	NA20809#2#ctg1	3561309	3701472	WHR1-like+|C4AL+|CYP21A1P-like+|TNXA-like-|WHR1B-like+|C4BL+|CYP21A2-like+|TNXB-like-	2	assembly_homology_and_annotation	RCCX-STRUCT-c91a117646c15232
RCCX	NA20827#1	NA20827	NA20827	HPRC-Rest	NA20827#1#CM102544.1:28306620-33546886	NA20827#1#ctg1	3545170	3678948	WHR1-like+|C4AL+|CYP21A1P-like+|TNXA-like-|WHR1B-like+|C4BS+|CYP21A2-like+|TNXB-like-	2	assembly_homology_and_annotation	RCCX-STRUCT-08dc6d3cd5c804e4
RCCX	NA20827#2	NA20827	NA20827	HPRC-Rest	NA20827#2#CM102564.1:28454949-33740832	NA20827#2#ctg1	3615432	3722874	WHR1-like+|C4AL+|CYP21A2-like+|TNXB-like-	1	assembly_homology_and_annotation	RCCX-STRUCT-80c1563b57f16898
RCCX	NA20850#1	NA20850	NA20850	HPRC-Rest	NA20850#1#CM094293.1:28390909-33636624	NA20850#1#ctg1	3552694	3683302	WHR1-like+|C4AL+|CYP21A1P-like+|TNXA-like-|WHR1B-like+|C4BS+|CYP21A2-like+|TNXB-like-	2	assembly_homology_and_annotation	RCCX-STRUCT-08dc6d3cd5c804e4
RCCX	NA20850#2	NA20850	NA20850	HPRC-Rest	NA20850#2#CM094307.1:28446289-33597788	NA20850#2#ctg1	3546552	3680353	WHR1-like+|C4AL+|CYP21A1P-like+|TNXA-like-|WHR1B-like+|C4BS+|CYP21A2-like+|TNXB-like-	2	assembly_homology_and_annotation	RCCX-STRUCT-08dc6d3cd5c804e4
RCCX	NA20870#1	NA20870	NA20870	HPRC-Rest	NA20870#1#JBHIJK010000014.1:28358726-33487328	NA20870#1#ctg1	3542472	3682637	WHR1-like+|C4AL+|CYP21A1P-like+|TNXA-like-|WHR1B-like+|C4BL+|CYP21A2-like+|TNXB-like-	2	assembly_homology_and_annotation	RCCX-STRUCT-c91a117646c15232
RCCX	NA20870#2	NA20870	NA20870	HPRC-Rest	NA20870#2#JBHIJL010000043.1:28382928-33533945	NA20870#2#ctg1	3547750	3681624	WHR1-like+|C4AL+|CYP21A1P-like+|TNXA-like-|WHR1B-like+|C4BS+|CYP21A2-like+|TNXB-like-	2	assembly_homology_and_annotation	RCCX-STRUCT-08dc6d3cd5c804e4
RCCX	NA20905#1	NA20905	NA20905	HPRC-Rest	NA20905#1#CM087474.1:28381582-33489243	NA20905#1#ctg1	3544996	3652404	WHR1-like+|C4AL+|CYP21A2-like+|TNXB-like-	1	assembly_homology_and_annotation	RCCX-STRUCT-80c1563b57f16898
RCCX	NA20905#2	NA20905	NA20905	HPRC-Rest	NA20905#2#CM087508.1:28378316-33558408	NA20905#2#ctg1	3552623	3692809	WHR1-like+|C4AL+|CYP21A1P-like+|TNXA-like-|WHR1B-like+|C4AL+|CYP21A2-like+|TNXB-like-	2	assembly_homology_and_annotation	RCCX-STRUCT-109f6cb2c3c027c8
RCCX	NA21093#1	NA21093	NA21093	HPRC-Rest	NA21093#1#JBHIJC010000009.1:28380468-33627383	NA21093#1#ctg1	3550267	3684025	WHR1-like+|C4AL+|CYP21A1P-like+|TNXA-like-|WHR1B-like+|C4BS+|CYP21A2-like+|TNXB-like-	2	assembly_homology_and_annotation	RCCX-STRUCT-08dc6d3cd5c804e4
RCCX	NA21093#2	NA21093	NA21093	HPRC-Rest	NA21093#2#JBHIJD010000010.1:28371658-33502471	NA21093#2#ctg1	3539821	3673608	WHR1-like+|C4AL+|CYP21A1P-like+|TNXA-like-|WHR1B-like+|C4BS+|CYP21A2-like+|TNXB-like-	2	assembly_homology_and_annotation	RCCX-STRUCT-08dc6d3cd5c804e4
RCCX	NA21102#1	NA21102	NA21102	HPRC-Rest	NA21102#1#CM094427.1:28372690-33545460	NA21102#1#ctg1	3549445	3715970	WHR1-like+|C4AL+|CYP21A1P-like+|TNXA-like-|WHR1B-like+|C4AL+|CYP21A1P-like+|TNXA-like-|WHR1B-like+|C4BS+|CYP21A2-like+|TNXB-like-	3	assembly_homology_and_annotation	RCCX-STRUCT-f3965b9e0fe6783a
RCCX	NA21102#2	NA21102	NA21102	HPRC-Rest	NA21102#2#CM094447.1:28385953-33511436	NA21102#2#ctg1	3551784	3685681	WHR1-like+|C4AL+|CYP21A2-like+|TNXA-like-|WHR1B-like+|C4BS+|CYP21A2-like+|TNXB-like-	2	assembly_homology_and_annotation	RCCX-STRUCT-804d53b600bb619f
RCCX	NA21106#1	NA21106	NA21106	HPRC-Rest	NA21106#1#JBHIJA010000045.1:28388869-33551331	NA21106#1#ctg1	3552408	3692558	WHR1-like+|C4AL+|CYP21A1P-like+|TNXA-like-|WHR1B-like+|C4BL+|CYP21A2-like+|TNXB-like-	2	assembly_homology_and_annotation	RCCX-STRUCT-c91a117646c15232
RCCX	NA21106#2	NA21106	NA21106	HPRC-Rest	NA21106#2#CM089587.1:28353662-33542210	NA21106#2#ctg1	3560337	3700522	WHR1-like+|C4AL+|CYP21A1P-like+|TNXA-like-|WHR1B-like+|C4AL+|CYP21A2-like+|TNXB-like-	2	assembly_homology_and_annotation	RCCX-STRUCT-109f6cb2c3c027c8
RCCX	NA21110#1	NA21110	NA21110	HPRC-Rest	NA21110#1#CM089667.1:28379039-33461462	NA21110#1#ctg1	3504492	3644646	WHR1-like+|C4AL+|CYP21A1P-like+|TNXA-like-|WHR1B-like+|C4BL+|CYP21A2-like+|TNXB-like-	2	assembly_homology_and_annotation	RCCX-STRUCT-c91a117646c15232
RCCX	NA21110#2	NA21110	NA21110	HPRC-Rest	NA21110#2#CM089683.1:28365916-33548287	NA21110#2#ctg1	3554177	3694362	WHR1-like+|C4AL+|CYP21A1P-like+|TNXA-like-|WHR1B-like+|C4AL+|CYP21A2-like+|TNXB-like-	2	assembly_homology_and_annotation	RCCX-STRUCT-109f6cb2c3c027c8
RCCX	NA21144#1	NA21144	NA21144	HPRC-Rest	NA21144#1#JBIRDF010000052.1:22531832-27777573	NA21144#1#ctg1	3549786	3683546	WHR1-like+|C4AL+|CYP21A1P-like+|TNXA-like-|WHR1B-like+|C4BS+|CYP21A2-like+|TNXB-like-	2	assembly_homology_and_annotation	RCCX-STRUCT-08dc6d3cd5c804e4
RCCX	NA21144#2	NA21144	NA21144	HPRC-Rest	NA21144#2#JBIRDG010000005.1:14666330-19853787	NA21144#2#ctg1	3614681	3748476	WHR1-like+|C4BL+|CYP21A1P-like+|TNXA-like-|WHR1B-like+|C4BS+|CYP21A2-like+|TNXB-like-	2	assembly_homology_and_annotation	RCCX-STRUCT-005a3eadf9cf15cd
RCCX	NA21309#1	NA21309	NA21309	HPRC-Rest	NA21309#1#CM092109.1:28406600-33562487	NA21309#1#ctg1	3552967	3686759	WHR1-like+|C4AL+|CYP21A1P-like+|TNXA-like-|WHR1B-like+|C4BS+|CYP21A2-like+|TNXB-like-	2	assembly_homology_and_annotation	RCCX-STRUCT-08dc6d3cd5c804e4
RCCX	NA21309#2	NA21309	NA21309	HPRC-Rest	NA21309#2#CM092100.1:28345467-33471001	NA21309#2#ctg1	3545323	3679111	WHR1-like+|C4AL+|CYP21A1P-like+|TNXA-like-|WHR1B-like+|C4BS+|CYP21A2-like+|TNXB-like-	2	assembly_homology_and_annotation	RCCX-STRUCT-08dc6d3cd5c804e4
RCCX	apr-f#1	apr-f	apr-f	APR	apr-f#1#h1tg000013l:28359072-33538103	apr-f#1#ctg1	3557012	3690832	WHR1-like+|C4AL+|CYP21A1P-like+|TNXA-like-|WHR1B-like+|C4BS+|CYP21A2-like+|TNXB-like-	2	assembly_homology_and_annotation	RCCX-STRUCT-08dc6d3cd5c804e4
RCCX	apr-f#2	apr-f	apr-f	APR	apr-f#2#h2tg000007l:28398267-33550055	apr-f#2#ctg1	3548710	3682525	WHR1-like+|C4AL+|CYP21A1P-like+|TNXA-like-|WHR1B-like+|C4AS+|CYP21A2-like+|TNXB-like-	2	assembly_homology_and_annotation	RCCX-STRUCT-b8ca310d36f0396c
RCCX	apr-m#1	apr-m	apr-f	APR	apr-m#1#h1tg000024l:27029616-32153356_rc	apr-m#1#ctg1	3546222	3680011	WHR1-like+|C4AL+|CYP21A2-like+|TNXA-like-|WHR1B-like+|C4BS+|CYP21A2-like+|TNXB-like-	2	assembly_homology_and_annotation	RCCX-STRUCT-804d53b600bb619f
RCCX	apr-m#2	apr-m	apr-f	APR	apr-m#2#h2tg000013l:28339383-33475735	apr-m#2#ctg1	3558711	3698880	WHR1-like+|C4AL+|CYP21A1P-like+|TNXA-like-|WHR1B-like+|C4BL+|CYP21A2-like+|TNXB-like-	2	assembly_homology_and_annotation	RCCX-STRUCT-c91a117646c15232
RCCX	apr-s#1	apr-s	apr-f	APR	apr-s#1#h1tg000017l:28345655-33481940	apr-s#1#ctg1	3558653	3698821	WHR1-like+|C4AL+|CYP21A1P-like+|TNXA-like-|WHR1B-like+|C4BL+|CYP21A2-like+|TNXB-like-	2	assembly_homology_and_annotation	RCCX-STRUCT-c91a117646c15232
RCCX	apr-s#2	apr-s	apr-f	APR	apr-s#2#h2tg000009l:138522552-143696180_rc	apr-s#2#ctg1	3551708	3685523	WHR1-like+|C4AL+|CYP21A1P-like+|TNXA-like-|WHR1B-like+|C4BS+|CYP21A2-like+|TNXB-like-	2	assembly_homology_and_annotation	RCCX-STRUCT-08dc6d3cd5c804e4
RCCX	apr001#1	apr001	apr001	APR	apr001#1#h1tg000015l:28434817-33593090	apr001#1#ctg1	3545615	3685768	WHR1-like+|C4AL+|CYP21A1P-like+|TNXA-like-|WHR1B-like+|C4BL+|CYP21A2-like+|TNXB-like-	2	assembly_homology_and_annotation	RCCX-STRUCT-c91a117646c15232
RCCX	apr001#2	apr001	apr001	APR	apr001#2#h2tg000018l:28338056-33431257	apr001#2#ctg1	3547635	3655034	WHR1-like+|C4AL+|CYP21A2-like+|TNXB-like-	1	assembly_homology_and_annotation	RCCX-STRUCT-80c1563b57f16898
RCCX	apr002#1	apr002	apr002	APR	apr002#1#h1tg000010l:28385462-33644194	apr002#1#ctg1	3534788	3694948	WHR1-like+|C4BL+|CYP21A1P-like+|TNXA-like-|WHR1B-like+|C4AS+|CYP21A2-like+|TNXA-like-|WHR1B-like+|C4BS+|CYP21A2-like+|TNXB-like-	3	assembly_homology_and_annotation	RCCX-STRUCT-8904b92121a5f1e8
RCCX	apr002#2	apr002	apr002	APR	apr002#2#h2tg000007l:138255095-143403132_rc	apr002#2#ctg1	3556921	3690704	WHR1-like+|C4AL+|CYP21A1P-like+|TNXA-like-|WHR1B-like+|C4BS+|CYP21A2-like+|TNXB-like-	2	assembly_homology_and_annotation	RCCX-STRUCT-08dc6d3cd5c804e4
RCCX	apr003#1	apr003	apr003	APR	apr003#1#h1tg000021l:28362599-33558558	apr003#1#ctg1	3502768	3642918	WHR1-like+|C4AL+|CYP21A1P-like+|TNXA-like-|WHR1B-like+|C4BL+|CYP21A2-like+|TNXB-like-	2	assembly_homology_and_annotation	RCCX-STRUCT-c91a117646c15232
RCCX	apr003#2	apr003	apr003	APR	apr003#2#h2tg000014l:28401981-33557950	apr003#2#ctg1	3551606	3685408	WHR1-like+|C4AL+|CYP21A1P-like+|TNXA-like-|WHR1B-like+|C4BS+|CYP21A2-like+|TNXB-like-	2	assembly_homology_and_annotation	RCCX-STRUCT-08dc6d3cd5c804e4
RCCX	apr004#1	apr004	apr004	APR	apr004#1#h1tg000015l:28405351-33543332	apr004#1#ctg1	3534739	3668548	WHR1-like+|C4BL+|CYP21A1P-like+|TNXA-like-|WHR1B-like+|C4AS+|CYP21A2-like+|TNXB-like-	2	assembly_homology_and_annotation	RCCX-STRUCT-fc96b32fa448cea2
RCCX	apr004#2	apr004	apr004	APR	apr004#2#h2tg000008l:138190707-143268823_rc	apr004#2#ctg1	3504936	3638832	WHR1-like+|C4AL+|CYP21A2-like+|TNXA-like-|WHR1B-like+|C4BS+|CYP21A2-like+|TNXB-like-	2	assembly_homology_and_annotation	RCCX-STRUCT-804d53b600bb619f
RCCX	apr005#1	apr005	apr005	APR	apr005#1#h1tg000024l:25685419-30792368_rc	apr005#1#ctg1	3560795	3668204	WHR1-like+|C4AL+|CYP21A2-like+|TNXB-like-	1	assembly_homology_and_annotation	RCCX-STRUCT-80c1563b57f16898
RCCX	apr005#2	apr005	apr005	APR	apr005#2#h2tg000025l:27505079-32631962_rc	apr005#2#ctg1	3554241	3688138	WHR1-like+|C4AL+|CYP21A2-like+|TNXA-like-|WHR1B-like+|C4BS+|CYP21A2-like+|TNXB-like-	2	assembly_homology_and_annotation	RCCX-STRUCT-804d53b600bb619f
RCCX	apr006#1	apr006	apr006	APR	apr006#1#h1tg000006l:28429612-33564591	apr006#1#ctg1	3561532	3695430	WHR1-like+|C4AL+|CYP21A2-like+|TNXA-like-|WHR1B-like+|C4BS+|CYP21A2-like+|TNXB-like-	2	assembly_homology_and_annotation	RCCX-STRUCT-804d53b600bb619f
RCCX	apr006#2	apr006	apr006	APR	apr006#2#h2tg000002l:27458750-32609940_rc	apr006#2#ctg1	3548199	3681994	WHR1-like+|C4AL+|CYP21A1P-like+|TNXA-like-|WHR1B-like+|C4BS+|CYP21A2-like+|TNXB-like-	2	assembly_homology_and_annotation	RCCX-STRUCT-08dc6d3cd5c804e4
RCCX	apr007#1	apr007	apr007	APR	apr007#1#h1tg000009l:141020280-146179718_rc	apr007#1#ctg1	3549928	3690083	WHR1-like+|C4AL+|CYP21A1P-like+|TNXA-like-|WHR1B-like+|C4BL+|CYP21A2-like+|TNXB-like-	2	assembly_homology_and_annotation	RCCX-STRUCT-c91a117646c15232
RCCX	apr007#2	apr007	apr007	APR	apr007#2#h2tg000002l:137323480-142462680_rc	apr007#2#ctg1	3534841	3668651	WHR1-like+|C4BL+|CYP21A1P-like+|TNXA-like-|WHR1B-like+|C4AS+|CYP21A2-like+|TNXB-like-	2	assembly_homology_and_annotation	RCCX-STRUCT-fc96b32fa448cea2
RCCX	apr008#1	apr008	apr008	APR	apr008#1#h1tg000006l:138382777-143548816_rc	apr008#1#ctg1	3605400	3712841	WHR1-like+|C4AL+|CYP21A2-like+|TNXB-like-	1	assembly_homology_and_annotation	RCCX-STRUCT-80c1563b57f16898
RCCX	apr008#2	apr008	apr008	APR	apr008#2#h2tg000008l:28356191-33484508	apr008#2#ctg1	3555312	3689211	WHR1-like+|C4AL+|CYP21A2-like+|TNXA-like-|WHR1B-like+|C4BS+|CYP21A2-like+|TNXB-like-	2	assembly_homology_and_annotation	RCCX-STRUCT-804d53b600bb619f
RCCX	apr009#1	apr009	apr009	APR	apr009#1#h1tg000016l:28450181-33709541	apr009#1#ctg1	3533335	3693489	WHR1-like+|C4BL+|CYP21A1P-like+|TNXA-like-|WHR1B-like+|C4AS+|CYP21A2-like+|TNXA-like-|WHR1B-like+|C4BS+|CYP21A2-like+|TNXB-like-	3	assembly_homology_and_annotation	RCCX-STRUCT-8904b92121a5f1e8
RCCX	apr009#2	apr009	apr009	APR	apr009#2#h2tg000041l:28097238-33212102_rc	apr009#2#ctg1	3504125	3644296	WHR1-like+|C4AL+|CYP21A1P-like+|TNXA-like-|WHR1B-like+|C4AL+|CYP21A2-like+|TNXB-like-	2	assembly_homology_and_annotation	RCCX-STRUCT-109f6cb2c3c027c8
RCCX	apr010#1	apr010	apr010	APR	apr010#1#h1tg000018l:28446120-33705764	apr010#1#ctg1	3536813	3696970	WHR1-like+|C4BL+|CYP21A1P-like+|TNXA-like-|WHR1B-like+|C4AS+|CYP21A2-like+|TNXA-like-|WHR1B-like+|C4BS+|CYP21A2-like+|TNXB-like-	3	assembly_homology_and_annotation	RCCX-STRUCT-8904b92121a5f1e8
RCCX	apr010#2	apr010	apr010	APR	apr010#2#h2tg000013l:28422940-33602432	apr010#2#ctg1	3566986	3707144	WHR1-like+|C4BL+|CYP21A1P-like+|TNXA-like-|WHR1B-like+|C4AL+|CYP21A2-like+|TNXB-like-	2	assembly_homology_and_annotation	RCCX-STRUCT-ddd7bb6699f86670
RCCX	apr011#1	apr011	apr011	APR	apr011#1#h1tg000019l:138093078-143261017_rc	apr011#1#ctg1	3622912	3730333	WHR1-like+|C4AL+|CYP21A2-like+|TNXB-like-	1	assembly_homology_and_annotation	RCCX-STRUCT-80c1563b57f16898
RCCX	apr011#2	apr011	apr011	APR	apr011#2#h2tg000011l:137856776-142978436_rc	apr011#2#ctg1	3548770	3682660	WHR1-like+|C4AL+|CYP21A2-like+|TNXA-like-|WHR1B-like+|C4BS+|CYP21A2-like+|TNXB-like-	2	assembly_homology_and_annotation	RCCX-STRUCT-804d53b600bb619f
RCCX	apr012#1	apr012	apr012	APR	apr012#1#h1tg000008l:28396959-33512282	apr012#1#ctg1	3541821	3675715	WHR1-like+|C4AL+|CYP21A2-like+|TNXA-like-|WHR1B-like+|C4BS+|CYP21A2-like+|TNXB-like-	2	assembly_homology_and_annotation	RCCX-STRUCT-804d53b600bb619f
RCCX	apr012#2	apr012	apr012	APR	apr012#2#h2tg000016l:138252661-143421402_rc	apr012#2#ctg1	3622343	3729741	WHR1-like+|C4AL+|CYP21A2-like+|TNXB-like-	1	assembly_homology_and_annotation	RCCX-STRUCT-80c1563b57f16898
RCCX	apr013#1	apr013	apr013	APR	apr013#1#h1tg000002l:139940690-145014712_rc	apr013#1#ctg1	3497051	3604487	WHR1-like+|C4AL+|CYP21A2-like+|TNXB-like-	1	assembly_homology_and_annotation	RCCX-STRUCT-80c1563b57f16898
RCCX	apr013#2	apr013	apr013	APR	apr013#2#h2tg000027l:138555153-143729247_rc	apr013#2#ctg1	3547154	3687348	WHR1-like+|C4AL+|CYP21A1P-like+|TNXA-like-|WHR1B-like+|C4AL+|CYP21A2-like+|TNXB-like-	2	assembly_homology_and_annotation	RCCX-STRUCT-109f6cb2c3c027c8
RCCX	apr014#1	apr014	apr014	APR	apr014#1#h1tg000020l:28366313-33554706	apr014#1#ctg1	3615252	3749150	WHR1-like+|C4AL+|CYP21A2-like+|TNXA-like-|WHR1B-like+|C4BS+|CYP21A2-like+|TNXB-like-	2	assembly_homology_and_annotation	RCCX-STRUCT-804d53b600bb619f
RCCX	apr014#2	apr014	apr014	APR	apr014#2#h2tg000006l:26691275-31885063_rc	apr014#2#ctg1	3618224	3752018	WHR1-like+|C4AL+|CYP21A1P-like+|TNXA-like-|WHR1B-like+|C4AS+|CYP21A2-like+|TNXB-like-	2	assembly_homology_and_annotation	RCCX-STRUCT-b8ca310d36f0396c
RCCX	apr015#1	apr015	apr015	APR	apr015#1#h1tg000012l:28398223-33522774	apr015#1#ctg1	3551743	3685640	WHR1-like+|C4AL+|CYP21A2-like+|TNXA-like-|WHR1B-like+|C4BS+|CYP21A2-like+|TNXB-like-	2	assembly_homology_and_annotation	RCCX-STRUCT-804d53b600bb619f
RCCX	apr015#2	apr015	apr015	APR	apr015#2#h2tg000018l:138433262-143524291_rc	apr015#2#ctg1	3551468	3658877	WHR1-like+|C4AL+|CYP21A2-like+|TNXB-like-	1	assembly_homology_and_annotation	RCCX-STRUCT-80c1563b57f16898
RCCX	apr016#1	apr016	apr016	APR	apr016#1#h1tg000012l:137906206-143057420_rc	apr016#1#ctg1	3547170	3680980	WHR1-like+|C4AL+|CYP21A1P-like+|TNXA-like-|WHR1B-like+|C4BS+|CYP21A2-like+|TNXB-like-	2	assembly_homology_and_annotation	RCCX-STRUCT-08dc6d3cd5c804e4
RCCX	apr016#2	apr016	apr016	APR	apr016#2#h2tg000005l:138332729-143447191_rc	apr016#2#ctg1	3536935	3677093	WHR1-like+|C4AL+|CYP21A1P-like+|TNXA-like-|WHR1B-like+|C4BL+|CYP21A2-like+|TNXB-like-	2	assembly_homology_and_annotation	RCCX-STRUCT-c91a117646c15232
RCCX	apr018#1	apr018	apr018	APR	apr018#1#h1tg000018l:28377039-33450879	apr018#1#ctg1	3552423	3692595	WHR1-like+|C4AL+|CYP21A1P-like+|TNXA-like-|WHR1B-like+|C4BL+|CYP21A2-like+|TNXB-like-	2	assembly_homology_and_annotation	RCCX-STRUCT-c91a117646c15232
RCCX	apr018#2	apr018	apr018	APR	apr018#2#h2tg000022l:28395345-33526946	apr018#2#ctg1	3541017	3674805	WHR1-like+|C4AL+|CYP21A1P-like+|TNXA-like-|WHR1B-like+|C4BS+|CYP21A2-like+|TNXB-like-	2	assembly_homology_and_annotation	RCCX-STRUCT-08dc6d3cd5c804e4
RCCX	apr019#1	apr019	apr019	APR	apr019#1#h1tg000006l:137597617-142800733_rc	apr019#1#ctg1	3544142	3651558	WHR1-like+|C4AL+|CYP21A2-like+|TNXB-like-	1	assembly_homology_and_annotation	RCCX-STRUCT-80c1563b57f16898
RCCX	apr019#2	apr019	apr019	APR	apr019#2#h2tg000009l:25947834-31066127_rc	apr019#2#ctg1	3551274	3658712	WHR1-like+|C4AL+|CYP21A2-like+|TNXB-like-	1	assembly_homology_and_annotation	RCCX-STRUCT-80c1563b57f16898
RCCX	apr020#1	apr020	apr020	APR	apr020#1#h1tg000001l:28463230-33620049	apr020#1#ctg1	3552708	3686524	WHR1-like+|C4AL+|CYP21A1P-like+|TNXA-like-|WHR1B-like+|C4BS+|CYP21A2-like+|TNXB-like-	2	assembly_homology_and_annotation	RCCX-STRUCT-08dc6d3cd5c804e4
RCCX	apr020#2	apr020	apr020	APR	apr020#2#h2tg000007l:137677150-142774159_rc	apr020#2#ctg1	3548943	3656336	WHR1-like+|C4AL+|CYP21A2-like+|TNXB-like-	1	assembly_homology_and_annotation	RCCX-STRUCT-80c1563b57f16898
RCCX	apr021#1	apr021	apr021	APR	apr021#1#h1tg000013l:137920389-143048373_rc	apr021#1#ctg1	3549104	3689265	WHR1-like+|C4AL+|CYP21A1P-like+|TNXA-like-|WHR1B-like+|C4AL+|CYP21A2-like+|TNXB-like-	2	assembly_homology_and_annotation	RCCX-STRUCT-109f6cb2c3c027c8
RCCX	apr021#2	apr021	apr021	APR	apr021#2#h2tg000011l:138901647-144060314_rc	apr021#2#ctg1	3552506	3719099	WHR1-like+|C4AL+|CYP21A1P-like+|TNXA-like-|WHR1B-like+|C4AS+|CYP21A1P-like+|TNXA-like-|WHR1B-like+|C4BL+|CYP21A2-like+|TNXB-like-	3	assembly_homology_and_annotation	RCCX-STRUCT-e92677dc4f8b8aff
RCCX	apr022#1	apr022	apr022	APR	apr022#1#h1tg000011l:137924391-143077833_rc	apr022#1#ctg1	3549309	3683129	WHR1-like+|C4AL+|CYP21A1P-like+|TNXA-like-|WHR1B-like+|C4BS+|CYP21A2-like+|TNXB-like-	2	assembly_homology_and_annotation	RCCX-STRUCT-08dc6d3cd5c804e4
RCCX	apr022#2	apr022	apr022	APR	apr022#2#h2tg000013l:138031891-143184813_rc	apr022#2#ctg1	3553421	3713579	WHR1-like+|C4BL+|CYP21A1P-like+|TNXA-like-|WHR1B-like+|C4AS+|CYP21A2-like+|TNXA-like-|WHR1B-like+|C4BS+|CYP21A2-like+|TNXB-like-	3	assembly_homology_and_annotation	RCCX-STRUCT-8904b92121a5f1e8
RCCX	apr023#1	apr023	apr023	APR	apr023#1#h1tg000014l:137929515-143086735_rc	apr023#1#ctg1	3554326	3688112	WHR1-like+|C4AS+|CYP21A1P-like+|TNXA-like-|WHR1B-like+|C4BL+|CYP21A2-like+|TNXB-like-	2	assembly_homology_and_annotation	RCCX-STRUCT-7ed3bad7d86d2b59
RCCX	apr023#2	apr023	apr023	APR	apr023#2#h2tg000022l:26641068-31656450_rc	apr023#2#ctg1	3506538	3613948	WHR1-like+|C4AL+|CYP21A2-like+|TNXB-like-	1	assembly_homology_and_annotation	RCCX-STRUCT-80c1563b57f16898
RCCX	apr024#1	apr024	apr024	APR	apr024#1#h1tg000001l:137801575-142959579_rc	apr024#1#ctg1	3547545	3687717	WHR1-like+|C4AL+|CYP21A1P-like+|TNXA-like-|WHR1B-like+|C4BL+|CYP21A2-like+|TNXB-like-	2	assembly_homology_and_annotation	RCCX-STRUCT-c91a117646c15232
RCCX	apr024#2	apr024	apr024	APR	apr024#2#h2tg000014l:137766819-142943455_rc	apr024#2#ctg1	3566364	3706533	WHR1-like+|C4AL+|CYP21A1P-like+|TNXA-like-|WHR1B-like+|C4BL+|CYP21A2-like+|TNXB-like-	2	assembly_homology_and_annotation	RCCX-STRUCT-c91a117646c15232
RCCX	apr025#1	apr025	apr025	APR	apr025#1#h1tg000007l:139497787-144647520_rc	apr025#1#ctg1	3558935	3692723	WHR1-like+|C4AL+|CYP21A1P-like+|TNXA-like-|WHR1B-like+|C4BS+|CYP21A2-like+|TNXB-like-	2	assembly_homology_and_annotation	RCCX-STRUCT-08dc6d3cd5c804e4
RCCX	apr025#2	apr025	apr025	APR	apr025#2#h2tg000006l:138571729-143809751_rc	apr025#2#ctg1	3549912	3683709	WHR1-like+|C4AL+|CYP21A1P-like+|TNXA-like-|WHR1B-like+|C4BS+|CYP21A2-like+|TNXB-like-	2	assembly_homology_and_annotation	RCCX-STRUCT-08dc6d3cd5c804e4
RCCX	apr026#1	apr026	apr026	APR	apr026#1#h1tg000019l:28393961-33702327	apr026#1#ctg1	3612309	3746083	WHR1-like+|C4AL+|CYP21A1P-like+|TNXA-like-|WHR1B-like+|C4BS+|CYP21A2-like+|TNXB-like-	2	assembly_homology_and_annotation	RCCX-STRUCT-08dc6d3cd5c804e4
RCCX	apr026#2	apr026	apr026	APR	apr026#2#h2tg000012l:28359568-33574257	apr026#2#ctg1	3554947	3662363	WHR1-like+|C4AL+|CYP21A2-like+|TNXB-like-	1	assembly_homology_and_annotation	RCCX-STRUCT-80c1563b57f16898
RCCX	apr027#1	apr027	apr027	APR	apr027#1#h1tg000004l:28384126-33662392	apr027#1#ctg1	3554898	3715052	WHR1-like+|C4BL+|CYP21A1P-like+|TNXA-like-|WHR1B-like+|C4AS+|CYP21A2-like+|TNXA-like-|WHR1B-like+|C4BS+|CYP21A2-like+|TNXB-like-	3	assembly_homology_and_annotation	RCCX-STRUCT-8904b92121a5f1e8
RCCX	apr027#2	apr027	apr027	APR	apr027#2#h2tg000013l:11085473-16306923_rc	apr027#2#ctg1	3609178	3769365	WHR1-like+|C4AL+|CYP21A1P-like+|TNXA-like-|WHR1B-like+|C4BS+|CYP21A1P-like+|TNXA-like-|WHR1B-like+|C4BS+|CYP21A2-like+|TNXB-like-	3	assembly_homology_and_annotation	RCCX-STRUCT-0c843ef37c4c8a9d
RCCX	apr029#1	apr029	apr029	APR	apr029#1#h1tg000032l:28462821-33705004	apr029#1#ctg1	3546968	3680755	WHR1-like+|C4AL+|CYP21A1P-like+|TNXA-like-|WHR1B-like+|C4BS+|CYP21A2-like+|TNXB-like-	2	assembly_homology_and_annotation	RCCX-STRUCT-08dc6d3cd5c804e4
RCCX	apr029#2	apr029	apr029	APR	apr029#2#h2tg000012l:28417575-33541972	apr029#2#ctg1	3551530	3685426	WHR1-like+|C4AL+|CYP21A2-like+|TNXA-like-|WHR1B-like+|C4BS+|CYP21A2-like+|TNXB-like-	2	assembly_homology_and_annotation	RCCX-STRUCT-804d53b600bb619f
RCCX	apr030#1	apr030	apr030	APR	apr030#1#h1tg000001l:28446903-33506362	apr030#1#ctg1	3505105	3612538	WHR1-like+|C4AL+|CYP21A2-like+|TNXB-like-	1	assembly_homology_and_annotation	RCCX-STRUCT-80c1563b57f16898
RCCX	apr030#2	apr030	apr030	APR	apr030#2#h2tg000012l:28433288-33581296	apr030#2#ctg1	3556850	3690637	WHR1-like+|C4AL+|CYP21A1P-like+|TNXA-like-|WHR1B-like+|C4BS+|CYP21A2-like+|TNXB-like-	2	assembly_homology_and_annotation	RCCX-STRUCT-08dc6d3cd5c804e4
RCCX	apr031#1	apr031	apr031	APR	apr031#1#h1tg000019l:26371881-31586781_rc	apr031#1#ctg1	3611875	3745663	WHR1-like+|C4AL+|CYP21A1P-like+|TNXA-like-|WHR1B-like+|C4BS+|CYP21A2-like+|TNXB-like-	2	assembly_homology_and_annotation	RCCX-STRUCT-08dc6d3cd5c804e4
RCCX	apr031#2	apr031	apr031	APR	apr031#2#h2tg000036l:28402991-33519712	apr031#2#ctg1	3505979	3646137	WHR1-like+|C4AL+|CYP21A1P-like+|TNXA-like-|WHR1B-like+|C4AL+|CYP21A2-like+|TNXB-like-	2	assembly_homology_and_annotation	RCCX-STRUCT-109f6cb2c3c027c8
RCCX	apr032#1	apr032	apr032	APR	apr032#1#h1tg000006l:28452318-33694285	apr032#1#ctg1	3545535	3679323	WHR1-like+|C4AL+|CYP21A1P-like+|TNXA-like-|WHR1B-like+|C4BS+|CYP21A2-like+|TNXB-like-	2	assembly_homology_and_annotation	RCCX-STRUCT-08dc6d3cd5c804e4
RCCX	apr032#2	apr032	apr032	APR	apr032#2#h2tg000014l:28405263-33673740	apr032#2#ctg1	3545603	3705763	WHR1-like+|C4BL+|CYP21A1P-like+|TNXA-like-|WHR1B-like+|C4AS+|CYP21A2-like+|TNXA-like-|WHR1B-like+|C4BS+|CYP21A2-like+|TNXB-like-	3	assembly_homology_and_annotation	RCCX-STRUCT-8904b92121a5f1e8
RCCX	apr033#1	apr033	apr033	APR	apr033#1#h1tg000008l:27149396-32366749_rc	apr033#1#ctg1	3617508	3751310	WHR1-like+|C4AL+|CYP21A1P-like+|TNXA-like-|WHR1B-like+|C4BS+|CYP21A2-like+|TNXB-like-	2	assembly_homology_and_annotation	RCCX-STRUCT-08dc6d3cd5c804e4
RCCX	apr033#2	apr033	apr033	APR	apr033#2#h2tg000008l:28349631-33452614	apr033#2#ctg1	3501275	3635061	WHR1-like+|C4AL+|CYP21A1P-like+|TNXA-like-|WHR1B-like+|C4BS+|CYP21A2-like+|TNXB-like-	2	assembly_homology_and_annotation	RCCX-STRUCT-08dc6d3cd5c804e4
RCCX	apr034#1	apr034	apr034	APR	apr034#1#h1tg000032l:26576741-31706138_rc	apr034#1#ctg1	3552827	3660244	WHR1-like+|C4AL+|CYP21A2-like+|TNXB-like-	1	assembly_homology_and_annotation	RCCX-STRUCT-80c1563b57f16898
RCCX	apr034#2	apr034	apr034	APR	apr034#2#h2tg000008l:28434563-33559669	apr034#2#ctg1	3549527	3689681	WHR1-like+|C4AL+|CYP21A1P-like+|TNXA-like-|WHR1B-like+|C4BL+|CYP21A2-like+|TNXB-like-	2	assembly_homology_and_annotation	RCCX-STRUCT-c91a117646c15232
RCCX	apr035#1	apr035	apr035	APR	apr035#1#h1tg000018l:27655502-32798707_rc	apr035#1#ctg1	3559164	3699324	WHR1-like+|C4AL+|CYP21A1P-like+|TNXA-like-|WHR1B-like+|C4BL+|CYP21A2-like+|TNXB-like-	2	assembly_homology_and_annotation	RCCX-STRUCT-c91a117646c15232
RCCX	apr035#2	apr035	apr035	APR	apr035#2#h2tg000011l:27516869-32663681_rc	apr035#2#ctg1	3560041	3700208	WHR1-like+|C4AL+|CYP21A1P-like+|TNXA-like-|WHR1B-like+|C4BL+|CYP21A2-like+|TNXB-like-	2	assembly_homology_and_annotation	RCCX-STRUCT-c91a117646c15232
RCCX	apr036#1	apr036	apr036	APR	apr036#1#h1tg000026l:25218090-30345004_rc	apr036#1#ctg1	3551992	3685803	WHR1-like+|C4AL+|CYP21A1P-like+|TNXA-like-|WHR1B-like+|C4BS+|CYP21A2-like+|TNXB-like-	2	assembly_homology_and_annotation	RCCX-STRUCT-08dc6d3cd5c804e4
RCCX	apr036#2	apr036	apr036	APR	apr036#2#h2tg000017l:1678659-6817558	apr036#2#ctg1	3557584	3691385	WHR1-like+|C4AL+|CYP21A1P-like+|TNXA-like-|WHR1B-like+|C4BS+|CYP21A2-like+|TNXB-like-	2	assembly_homology_and_annotation	RCCX-STRUCT-08dc6d3cd5c804e4
RCCX	apr037#1	apr037	apr037	APR	apr037#1#h1tg000004l:138070351-143231345_rc	apr037#1#ctg1	3551194	3691367	WHR1-like+|C4AL+|CYP21A1P-like+|TNXA-like-|WHR1B-like+|C4AL+|CYP21A2-like+|TNXB-like-	2	assembly_homology_and_annotation	RCCX-STRUCT-109f6cb2c3c027c8
RCCX	apr037#2	apr037	apr037	APR	apr037#2#h2tg000014l:138095539-143312355_rc	apr037#2#ctg1	3607491	3747663	WHR1-like+|C4AL+|CYP21A1P-like+|TNXA-like-|WHR1B-like+|C4BL+|CYP21A2-like+|TNXB-like-	2	assembly_homology_and_annotation	RCCX-STRUCT-c91a117646c15232
RCCX	apr038#1	apr038	apr038	APR	apr038#1#h1tg000017l:1654472-6798671	apr038#1#ctg1	3560032	3693823	WHR1-like+|C4AL+|CYP21A1P-like+|TNXA-like-|WHR1B-like+|C4BS+|CYP21A2-like+|TNXB-like-	2	assembly_homology_and_annotation	RCCX-STRUCT-08dc6d3cd5c804e4
RCCX	apr038#2	apr038	apr038	APR	apr038#2#h2tg000022l:127876238-133012041_rc	apr038#2#ctg1	3552221	3692380	WHR1-like+|C4AL+|CYP21A1P-like+|TNXA-like-|WHR1B-like+|C4BL+|CYP21A2-like+|TNXB-like-	2	assembly_homology_and_annotation	RCCX-STRUCT-c91a117646c15232
RCCX	apr039#1	apr039	apr039	APR	apr039#1#h1tg000005l:28445311-33640507	apr039#1#ctg1	3557616	3724211	WHR1-like+|C4AL+|CYP21A1P-like+|TNXA-like-|WHR1B-like+|C4BS+|CYP21A1P-like+|TNXA-like-|WHR1B-like+|C4BL+|CYP21A2-like+|TNXB-like-	3	assembly_homology_and_annotation	RCCX-STRUCT-3448b7c309a42550
RCCX	apr039#2	apr039	apr039	APR	apr039#2#h2tg000012l:28411824-33614466	apr039#2#ctg1	3618214	3752001	WHR1-like+|C4AL+|CYP21A1P-like+|TNXA-like-|WHR1B-like+|C4BS+|CYP21A2-like+|TNXB-like-	2	assembly_homology_and_annotation	RCCX-STRUCT-08dc6d3cd5c804e4
RCCX	apr040#1	apr040	apr040	APR	apr040#1#h1tg000032l:25914346-31039269_rc	apr040#1#ctg1	3554139	3655186	WHR1-like+|C4BS+|CYP21A2-like+|TNXB-like-	1	assembly_homology_and_annotation	RCCX-STRUCT-a002f576cdda62b4
RCCX	apr040#2	apr040	apr040	APR	apr040#2#h2tg000023l:25605134-30732063_rc	apr040#2#ctg1	3557149	3658212	WHR1-like+|C4BS+|CYP21A2-like+|TNXB-like-	1	assembly_homology_and_annotation	RCCX-STRUCT-a002f576cdda62b4
RCCX	apr041#1	apr041	apr041	APR	apr041#1#h1tg000024l:23526305-28655372_rc	apr041#1#ctg1	3550942	3684698	WHR1-like+|C4AL+|CYP21A1P-like+|TNXA-like-|WHR1B-like+|C4BS+|CYP21A2-like+|TNXB-like-	2	assembly_homology_and_annotation	RCCX-STRUCT-08dc6d3cd5c804e4
RCCX	apr041#2	apr041	apr041	APR	apr041#2#h2tg000015l:28437008-33578583	apr041#2#ctg1	3538336	3672145	WHR1-like+|C4BL+|CYP21A1P-like+|TNXA-like-|WHR1B-like+|C4AS+|CYP21A2-like+|TNXB-like-	2	assembly_homology_and_annotation	RCCX-STRUCT-fc96b32fa448cea2
RCCX	apr042#1	apr042	apr042	APR	apr042#1#h1tg000024l:28343014-33430082	apr042#1#ctg1	3504483	3644662	WHR1-like+|C4AL+|CYP21A1P-like+|TNXA-like-|WHR1B-like+|C4BL+|CYP21A2-like+|TNXB-like-	2	assembly_homology_and_annotation	RCCX-STRUCT-c91a117646c15232
RCCX	apr042#2	apr042	apr042	APR	apr042#2#h2tg000022l:28456692-33606982	apr042#2#ctg1	3548531	3688698	WHR1-like+|C4AL+|CYP21A1P-like+|TNXA-like-|WHR1B-like+|C4BL+|CYP21A2-like+|TNXB-like-	2	assembly_homology_and_annotation	RCCX-STRUCT-c91a117646c15232
RCCX	apr043#1	apr043	apr043	APR	apr043#1#h1tg000012l:139593152-144731880_rc	apr043#1#ctg1	3543215	3676984	WHR1-like+|C4AL+|CYP21A1P-like+|TNXA-like-|WHR1B-like+|C4BS+|CYP21A2-like+|TNXB-like-	2	assembly_homology_and_annotation	RCCX-STRUCT-08dc6d3cd5c804e4
RCCX	apr043#2	apr043	apr043	APR	apr043#2#h2tg000007l:28374571-33634772	apr043#2#ctg1	3563034	3696815	WHR1-like+|C4AL+|CYP21A1P-like+|TNXA-like-|WHR1B-like+|C4BS+|CYP21A2-like+|TNXB-like-	2	assembly_homology_and_annotation	RCCX-STRUCT-08dc6d3cd5c804e4
RCCX	apr044#1	apr044	apr044	APR	apr044#1#h1tg000020l:28254023-33444694	apr044#1#ctg1	3561673	3701864	WHR1-like+|C4AL+|CYP21A1P-like+|TNXA-like-|WHR1B-like+|C4AL+|CYP21A2-like+|TNXB-like-	2	assembly_homology_and_annotation	RCCX-STRUCT-109f6cb2c3c027c8
RCCX	apr044#2	apr044	apr044	APR	apr044#2#h2tg000019l:138732995-143879453_rc	apr044#2#ctg1	3567473	3707635	WHR1-like+|C4AL+|CYP21A1P-like+|TNXA-like-|WHR1B-like+|C4BL+|CYP21A2-like+|TNXB-like-	2	assembly_homology_and_annotation	RCCX-STRUCT-c91a117646c15232
RCCX	apr045#1	apr045	apr045	APR	apr045#1#h1tg000014l:28436066-33585265	apr045#1#ctg1	3551324	3685087	WHR1-like+|C4AL+|CYP21A1P-like+|TNXA-like-|WHR1B-like+|C4BS+|CYP21A2-like+|TNXB-like-	2	assembly_homology_and_annotation	RCCX-STRUCT-08dc6d3cd5c804e4
RCCX	apr045#2	apr045	apr045	APR	apr045#2#h2tg000020l:28349553-33649005	apr045#2#ctg1	3611858	3745778	WHR1-like+|C4AL+|CYP21A2-like+|TNXA-like-|WHR1B-like+|C4BS+|CYP21A2-like+|TNXB-like-	2	assembly_homology_and_annotation	RCCX-STRUCT-804d53b600bb619f
RCCX	apr046#1	apr046	apr046	APR	apr046#1#h1tg000020l:28428626-33509292	apr046#1#ctg1	3497389	3637545	WHR1-like+|C4AL+|CYP21A1P-like+|TNXA-like-|WHR1B-like+|C4BL+|CYP21A2-like+|TNXB-like-	2	assembly_homology_and_annotation	RCCX-STRUCT-c91a117646c15232
RCCX	apr046#2	apr046	apr046	APR	apr046#2#h2tg000002l:138874465-144007848_rc	apr046#2#ctg1	3554664	3688462	WHR1-like+|C4AL+|CYP21A1P-like+|TNXA-like-|WHR1B-like+|C4BS+|CYP21A2-like+|TNXB-like-	2	assembly_homology_and_annotation	RCCX-STRUCT-08dc6d3cd5c804e4
RCCX	apr047#1	apr047	apr047	APR	apr047#1#h1tg000022l:124629191-129940792_rc	apr047#1#ctg1	3623278	3757211	WHR1-like+|C4AL+|CYP21A2-like+|TNXA-like-|WHR1B-like+|C4BS+|CYP21A2-like+|TNXB-like-	2	assembly_homology_and_annotation	RCCX-STRUCT-804d53b600bb619f
RCCX	apr047#2	apr047	apr047	APR	apr047#2#h2tg000009l:28374338-33555921	apr047#2#ctg1	3554226	3694414	WHR1-like+|C4AL+|CYP21A1P-like+|TNXA-like-|WHR1B-like+|C4BL+|CYP21A2-like+|TNXB-like-	2	assembly_homology_and_annotation	RCCX-STRUCT-c91a117646c15232
RCCX	apr048#1	apr048	apr048	APR	apr048#1#h1tg000017l:28263896-33470594	apr048#1#ctg1	3551596	3738219	WHR1-like+|C4AL+|CYP21A1P-like+|TNXA-like-|WHR1B-like+|C4AS+|CYP21A1P-like+|TNXA-like-|WHR1B-like+|C4BS+|CYP21A1P-like+|TNXA-like-|WHR1B-like+|C4BS+|CYP21A2-like+|TNXB-like-	4	assembly_homology_and_annotation	RCCX-STRUCT-1f022f87af7ce1ed
RCCX	apr048#2	apr048	apr048	APR	apr048#2#h2tg000004l:138392377-143552020_rc	apr048#2#ctg1	3555568	3689369	WHR1-like+|C4AL+|CYP21A1P-like+|TNXA-like-|WHR1B-like+|C4BS+|CYP21A2-like+|TNXB-like-	2	assembly_homology_and_annotation	RCCX-STRUCT-08dc6d3cd5c804e4
RCCX	apr049#1	apr049	apr049	APR	apr049#1#h1tg000006l:28277333-33430073	apr049#1#ctg1	3540417	3680575	WHR1-like+|C4AL+|CYP21A1P-like+|TNXA-like-|WHR1B-like+|C4BL+|CYP21A2-like+|TNXB-like-	2	assembly_homology_and_annotation	RCCX-STRUCT-c91a117646c15232
RCCX	apr049#2	apr049	apr049	APR	apr049#2#h2tg000002l:138418227-143654758_rc	apr049#2#ctg1	3622699	3762857	WHR1-like+|C4AL+|CYP21A1P-like+|TNXA-like-|WHR1B-like+|C4BL+|CYP21A2-like+|TNXB-like-	2	assembly_homology_and_annotation	RCCX-STRUCT-c91a117646c15232
RCCX	apr050#1	apr050	apr050	APR	apr050#1#h1tg000015l:138045880-143321309_rc	apr050#1#ctg1	3561723	3721886	WHR1-like+|C4BL+|CYP21A1P-like+|TNXA-like-|WHR1B-like+|C4AS+|CYP21A2-like+|TNXA-like-|WHR1B-like+|C4BS+|CYP21A2-like+|TNXB-like-	3	assembly_homology_and_annotation	RCCX-STRUCT-8904b92121a5f1e8
RCCX	apr050#2	apr050	apr050	APR	apr050#2#h2tg000017l:28548291-33713388	apr050#2#ctg1	3616550	3723944	WHR1-like+|C4AL+|CYP21A2-like+|TNXB-like-	1	assembly_homology_and_annotation	RCCX-STRUCT-80c1563b57f16898
RCCX	apr051#1	apr051	apr051	APR	apr051#1#h1tg000003l:138076138-143233361_rc	apr051#1#ctg1	3548281	3688449	WHR1-like+|C4AL+|CYP21A1P-like+|TNXA-like-|WHR1B-like+|C4BL+|CYP21A2-like+|TNXB-like-	2	assembly_homology_and_annotation	RCCX-STRUCT-c91a117646c15232
RCCX	apr051#2	apr051	apr051	APR	apr051#2#h2tg000005l:138189744-143327910_rc	apr051#2#ctg1	3555990	3689777	WHR1-like+|C4AL+|CYP21A1P-like+|TNXA-like-|WHR1B-like+|C4BS+|CYP21A2-like+|TNXB-like-	2	assembly_homology_and_annotation	RCCX-STRUCT-08dc6d3cd5c804e4
RCCX	apr52#1	apr52	apr52	APR	apr52#1#h1tg000012l:138556531-143810417_rc	apr52#1#ctg1	3550779	3690937	WHR1-like+|C4AL+|CYP21A1P-like+|TNXA-like-|WHR1B-like+|C4BL+|CYP21A2-like+|TNXB-like-	2	assembly_homology_and_annotation	RCCX-STRUCT-c91a117646c15232
RCCX	apr52#2	apr52	apr52	APR	apr52#2#h2tg000003l:137805510-143003962_rc	apr52#2#ctg1	3505505	3645679	WHR1-like+|C4AL+|CYP21A1P-like+|TNXA-like-|WHR1B-like+|C4BL+|CYP21A2-like+|TNXB-like-	2	assembly_homology_and_annotation	RCCX-STRUCT-c91a117646c15232
RCCX	hg002#1	hg002	hg002	HPRC-Jewish	hg002#1#chr6:28367269-33609101	hg002#1#ctg1	3548291	3688474	WHR1-like+|C4AL+|CYP21A1P-like+|TNXA-like-|WHR1B-like+|C4BL+|CYP21A2-like+|TNXB-like-	2	assembly_homology_and_annotation	RCCX-STRUCT-c91a117646c15232
RCCX	hg002#2	hg002	hg002	HPRC-Jewish	hg002#2#chr6:28364349-33511960	hg002#2#ctg1	3550211	3690375	WHR1-like+|C4AL+|CYP21A1P-like+|TNXA-like-|WHR1B-like+|C4BL+|CYP21A2-like+|TNXB-like-	2	assembly_homology_and_annotation	RCCX-STRUCT-c91a117646c15232
RCCX	ksa001#1	ksa001	ksa001	JaSaPaGe-Saudi	ksa001#1#P01_compress.k30.hapmer-0000008:28390148-33635536	ksa001#1#ctg1	3551400	3691561	WHR1-like+|C4AL+|CYP21A1P-like+|TNXA-like-|WHR1B-like+|C4BL+|CYP21A2-like+|TNXB-like-	2	assembly_homology_and_annotation	RCCX-STRUCT-c91a117646c15232
RCCX	ksa001#2	ksa001	ksa001	JaSaPaGe-Saudi	ksa001#2#P02_compress.k30.hapmer-0000137:138158892-143358025_rc	ksa001#2#ctg1	3620922	3761074	WHR1-like+|C4AL+|CYP21A1P-like+|TNXA-like-|WHR1B-like+|C4BL+|CYP21A2-like+|TNXB-like-	2	assembly_homology_and_annotation	RCCX-STRUCT-c91a117646c15232
RCCX	ksa002#2	ksa002	ksa002	JaSaPaGe-Saudi	ksa002#2#h2tg000047l:28364582-33489388	ksa002#2#ctg1	3548809	3682707	WHR1-like+|C4AL+|CYP21A2-like+|TNXA-like-|WHR1B-like+|C4BS+|CYP21A2-like+|TNXB-like-	2	assembly_homology_and_annotation	RCCX-STRUCT-804d53b600bb619f
RCCX	ksa003#1	ksa003	ksa003	JaSaPaGe-Saudi	ksa003#1#h1tg000003l:26282372-31531568_rc	ksa003#1#ctg1	3562134	3696031	WHR1-like+|C4AL+|CYP21A2-like+|TNXA-like-|WHR1B-like+|C4BS+|CYP21A2-like+|TNXB-like-	2	assembly_homology_and_annotation	RCCX-STRUCT-804d53b600bb619f
RCCX	ksa003#2	ksa003	ksa003	JaSaPaGe-Saudi	ksa003#2#h2tg000004l:28111634-33359120_rc	ksa003#2#ctg1	3553707	3693866	WHR1-like+|C4AL+|CYP21A1P-like+|TNXA-like-|WHR1B-like+|C4BL+|CYP21A2-like+|TNXB-like-	2	assembly_homology_and_annotation	RCCX-STRUCT-c91a117646c15232
RCCX	ksa005#1	ksa005	ksa005	JaSaPaGe-Saudi	ksa005#1#h1tg000012l:28289164-33471875	ksa005#1#ctg1	3561885	3734782	WHR1-like+|C4AL+|CYP21A1P-like+|TNXA-like-|WHR1B-like+|C4AL+|CYP21A1P-like+|TNXA-like-|WHR1B-like+|C4BL+|CYP21A2-like+|TNXB-like-	3	assembly_homology_and_annotation	RCCX-STRUCT-ca928f07d032036f
RCCX	ksa005#2	ksa005	ksa005	JaSaPaGe-Saudi	ksa005#2#h2tg000015l:28455196-33802696	ksa005#2#ctg1	3621562	3794458	WHR1-like+|C4AL+|CYP21A1P-like+|TNXA-like-|WHR1B-like+|C4AL+|CYP21A1P-like+|TNXA-like-|WHR1B-like+|C4BL+|CYP21A2-like+|TNXB-like-	3	assembly_homology_and_annotation	RCCX-STRUCT-ca928f07d032036f
RCCX	ksa006#1	ksa006	ksa006	JaSaPaGe-Saudi	ksa006#1#h1tg000023l:24976893-30234320_rc	ksa006#1#ctg1	3533400	3693560	WHR1-like+|C4BL+|CYP21A1P-like+|TNXA-like-|WHR1B-like+|C4AS+|CYP21A2-like+|TNXA-like-|WHR1B-like+|C4BS+|CYP21A2-like+|TNXB-like-	3	assembly_homology_and_annotation	RCCX-STRUCT-8904b92121a5f1e8
RCCX	ksa007#1	ksa007	ksa007	JaSaPaGe-Saudi	ksa007#1#h1tg000051l:6349428-11505741_rc	ksa007#1#ctg1	3551000	3691159	WHR1-like+|C4AL+|CYP21A1P-like+|TNXA-like-|WHR1B-like+|C4BL+|CYP21A2-like+|TNXB-like-	2	assembly_homology_and_annotation	RCCX-STRUCT-c91a117646c15232
RCCX	ksa007#2	ksa007	ksa007	JaSaPaGe-Saudi	ksa007#2#h2tg000027l:3344535-8478308	ksa007#2#ctg1	3506008	3646202	WHR1-like+|C4AL+|CYP21A1P-like+|TNXA-like-|WHR1B-like+|C4AL+|CYP21A2-like+|TNXB-like-	2	assembly_homology_and_annotation	RCCX-STRUCT-109f6cb2c3c027c8
RCCX	ksa008#1	ksa008	ksa008	JaSaPaGe-Saudi	ksa008#1#h1tg000006l:28325815-33557944	ksa008#1#ctg1	3534762	3668552	WHR1-like+|C4BL+|CYP21A1P-like+|TNXA-like-|WHR1B-like+|C4AS+|CYP21A2-like+|TNXB-like-	2	assembly_homology_and_annotation	RCCX-STRUCT-fc96b32fa448cea2
RCCX	ksa008#2	ksa008	ksa008	JaSaPaGe-Saudi	ksa008#2#h2tg000040l:26875251-31991332_rc	ksa008#2#ctg1	3538050	3671900	WHR1-like+|C4AL+|CYP21A1P-like+|TNXA-like-|WHR1B-like+|C4BS+|CYP21A2-like+|TNXB-like-	2	assembly_homology_and_annotation	RCCX-STRUCT-08dc6d3cd5c804e4
