0
165
4096
1539778
8635851
8947848
12582711
134742617
671174640
695919290
2147491856
3221031355
3387616954
11134184359
34494480985
43100839938
72784974638
147152579105
150290486253
172403359752
270461625360
400170625342
484459563037
586401461434
618081243102
804017636286
890127781503
1047165666207
1088750079478
1100586419201
1122933353632
2454508801024
2880554379078
2911611054547
3934173278267
8804850993083
8968093958921
12117344822727
15248208694309
17898204775307
18414522809084
35285282980029
36299110562732
38482820730847
48941321034909
52174049831219
52746166126567
66652102964398
82046305937220
91176418165536
131804561442944
139628381290404
140737737067649
150920029203045
157596549763074
158948160434172
220452428974080
225346179825707
229028058178707
229595275120848
246392610190165
256508042039013
266470834477713
266608411857593
274877906453643
276952704369146
282578800148498
287042328087266
405900325529771
409854985390099
422511288111571
432156742778444
507836143033650
510243172810752
563310666850291
563536359622659
566835886565703
586041434284718
595973042409422
633370460345300
774415085468480
844430290536816
844709543807049
845578322509875
860790822220451
865029943938370
918105278511024
919178736092336
1017271894494498
1037943895079593
1048831883802423
1065886055815781
1126194743934991
1127139550200001
1130384004017838
1161019824931008
1165559645590991
1171934687163431
1333158556632786
1354612067201009
1372177815008739
1393957464296760
1399635012580445
1425098217332237
1429018150904722
1436325683851239
1439668170891255
1478431090966544
1639420042223694
1653324041385227
2024261623562240
2050901703414864
2145692998931183
2184531159236576
2252777164973992
2259563921507383
2291382770221303
2296330571612192
2317006980579120
2318868507278057
2415709808968540
2460740386685815
2478316317012525
2776025000644723
2884297922839740
2964875695694986
3096774500372018
3131958909512418
3177592977781282
3283179138408384
3360434218677125
3373163699040456
3378527588106551
3383371190224416
3414253411954234
3414253816704698
3448084726736059
3448084733291438
3448133512313323
3448328822254502
3457434449472501
3461584780181330
3487955960266763
3501488337646226
3510397286467563
3510513798773054
3552173810290270
3602579942729920
3676714944369347
3691052079243410
3696573696372808
3861129422393505
3905606481810548
3921923895227339
4068551241839752
4073865319574721
4149814585069424
4167973586403124
4230105676908668
4263544021924247
4263544223263127
4263808296626583
4265732442143639
4265734589489047
4294752249861134
4362853281635837
4368645448971375
4373997527618883
4382791580945054
4428953971342394
4486227893728207
4503875579019275
4504220518682559
4504699408485644
4520908027108895
4560499559708839
4567969613116492
4578370713026634
4595566291940638
4663034227870743
4691661261627514
4733471688377367
4736759838569152
4741025965031165
4785367287584705
4820593555251716
4822082631283859
5000790427849598
5062283291851657
5067100351167998
5088558352369996
5123720998300192
5136901160871179
5277638649226507
5365699204400964
5422551572590840
5628538082291715
5645523311156499
5711327232250618
6192205898202224
7012069640487940
7428655042213220
7674640489649063
7884851607983087
7895365403234141
8105956620699443
8112434323780593
8203606813659456
8448632525884714
8449613589077936
8514036692916111
8884205872509832
8928306125533808
8952789165276636
8996238518681652
9007749146930488
9007749310319673
9009413581515259
9012182020788256
9015995516507020
9015995885158912
9033647674376305
9038255635607772
9038344087933584
9042629427591516
9078243459834026
9078252260747818
9153180438106163
9209409342919139
9272674740321330
9275463223434281
9287855269466933
9605471054987784
9706764145533528
9713980127309804
9851602107097064
9888178621459172
10035366328848570
10133927365524806
10135026877166926
10151484053780318
10154550949804968
10189274440216889
10501350103320670
11015941217648100
11039165173065911
11045110354071208
11117204007356370
11332927410384520
11363780318951506
11400434501594106
11440715531383123
11537189577429745
11537191691358961
11806210852452948
11948446668078414
12084440175542419
12173230332840847
12255876322658788
12367049074344503
12394849874682931
12452007452356080
12537774277959148
12538836039559296
12719151301787900
12745726394005819
12807076020613087
12989057359429687
13370387987706624
13373567129212908
13511824560372008
13546236269867592
13563782416576524
13576821930066227
13576825151291699
13581425358615430
13601441166975264
13636675643801606
13670233474223127
13706754898822034
13739717553013518
13773838809697996
13775795143101453
13792290122911674
13792338948733673
13792338948733675
13793314752147129
13923415653214343
14005954424326731
14051171479634140
14058919663780515
14074579672167274
14092937407515443
14294763561260039
14358247721213971
14423806718493583
14550057307009345
14550486947327027
14579317757740014
14583853578710907
14615286959308989
14618213485311796
14632163538032403
14632163538034451
14654505048247215
14657589849651748
14684046563222775
14795306646356012
14799456577993473
14831344560454145
14881843705237665
14922365960696000
15006440255616048
15182419795598354
15182462777715623
15584762889492192
15699105914032767
15739905363706815
15766438495451256
15823817361509605
15925311379198479
16061377802024961
16114381815283663
16329070396306382
16365222241852701
16382654802752400
16416938373353420
16475099369593972
16545992798104589
16663975132008064
16672941426080831
16709600523561857
16709689357989013
16754217892623423
16794493977029123
16901937552893048
16904134293660793
16919299399352559
16996318194157360
17020319722075131
17021530891225155
17051943242228830
17051969012018782
17062929767902812
17093007815669704
17169418454824767
17177753167111219
17202129681936815
17239016201993984
17449884394193292
17450639963520516
17465471229452208
17467114634068771
17574800761153006
17594751259467018
17715262078656384
17864036854054215
17864039001552197
17926514856223973
17927313272325037
17944081905743151
17946163340648592
17947885782761516
17964645722881758
18004867837771358
18014132819976092
18014399063362455
18016667203892154
18019501602065170
18049910150637900
18095832180199476
18215750636478498
18291115959276459
18291758907605073
18313482852106536
18362932020399330
18428660152062595
18576593271138092
18629846943540082
18652411762128988
18727795071809566
18781084920324593
18801773184187601
19060274438697020
19092200208111107
19139817968252716
19210616927224696
19266827951521833
19291210832505034
19440877205489785
19441775133552446
19571106314259918
19632689020844578
19663958210764813
20003162579514555
20055938019864703
20419308866470357
20463577826079207
20550427951686309
20830523833433553
20838537140138903
20867229604182620
21026682919222186
21182624486519933
21372286668505987
21523795635161358
21532591730280718
21558480693541029
21671651376632313
21704384932339154
22164929079714244
22359615622940879
22465168739207407
22553550935492085
22658945797472093
22658946065252221
22981210941619835
23001223834388480
23206579387107197
23275920454364860
23417140701573680
23807913378135264
23885291837430977
23972645971723179
23973560179297308
24127072200819713
24154125973447310
24343042639371899
24530088175472361
24715301773544243
24725675752047328
24756560122568699
25906588060173681
25926417654015168
26212917893382431
26256513891323067
26471843128376775
26809659381759995
26914685849955280
27018250089123588
27020909698077997
30017391856353953
31064897136952452
31096023074114923
31157080464196380
31526590248642336
31530147125186562
31806688640790202
32086834058083960
32160732058944009
32356375766914430
32390385017028634
32424452646749576
32424524531914884
32549758003481490
32637818337169694
32739474437886991
32965429648009493
33039726042125727
33063689045148162
33109668375745641
33176422398990265
33180461382997993
33202938207262183
33496060450111698
33637443921201322
33672624312365947
33701886821401674
33776997205264488
33777217055810827
33837753273613763
33915408209567421
34185639585567221
34312749290889860
34384076617683879
34409573173669408
34414856391712221
34621619150538853
34725177196772125
35467015867124739
35839638004243464
36048728083220640
36063981402030354
36100248891818696
36111877830346767
36153022718591826
36165206217463758
36170086412724232
36171742156202024
36179564006864820
36302854541725676
36303750097212340
36306157417071109
36309124167712676
36333690522434427
36557638806400192
36593079719630121
36593980490156162
36644751197598228
36655295613647054
36723640718303959
36771768408858687
36819360095895010
36874111580713700
36894383222378444
37088184924930130
37097582450913340
37159835671726131
37168970057981747
37240752718204826
37357009414889761
37385344857713736
37423827351850284
37678874180192288
38202874856853965
38344312972840064
38421332039273162
38527295723409367
38626147925827240
38799031602184506
38826233894052400
38869882489741377
38881754110684986
38932209857608589
39058909566140413
39275725988018210
39420704504949680
39432612145864376
39685549692455707
39849488102000568
39942440488861582
40032085038207313
40214680748165947
40237269043252130
40253530820219079
40275801216169128
40519284040573756
40578213364859936
40585846488751839
40596752654000375
40618341238173347
40675376107618755
40905233028085692
41153598057523170
41360344269914288
41385569469599559
41447780391135939
41462668781285827
41597756804587768
41846329953340990
41882422396584572
41910965183451368
41967385393686661
42010304111613408
42632417637559568
42713758411309539
42765052296275918
43480368612250873
44271321642347010
44282165435419275
44284541258676484
44475145853989175
44625110069797364
44706512775723585
44843740252767650
44843748842702306
44913934600841377
44979387161763042
44979387228093916
45021906888506824
45042877896651313
45088697753553549
45288422471009408
45300991461736688
45554206676987515
45616598766419412
45662900520215557
45666287059721851
45791928802741924
45809991794293672
45899306574166556
46152311054764044
46237012177755199
46266660487949388
46488802883539320
47010910968478458
47137883470708893
47257706616890255
47261494060225844
47304557200937928
47305401727940682
47320223451080661
47367727782701061
47427920365502209
47535329515273891
47909478864055842
48120397119360284
48431075650701603
48472126004691265
48544933099373006
48679210501846306
48691787323011635
48831147567829645
49121665699861638
49310935881550108
49553616688499320
49596627896050622
49667059232006668
49821112257657412
50056194532386977
50068031768914955
50184490512374085
50305084692070209
50374481743625288
50400513507861026
50595122723614708
50669760771841084
50840285004973982
50841487610978856
50951302170238443
50997363495619164
51777446728436916
51782553722969411
52005728776584976
52048492456513998
52180821632062885
52869002557472092
52921350401753849
52936962025316530
52981132020996024
53142617616716731
53253897279002689
53432061751792928
53462722553319489
53516598316498973
53780960126094588
53814716367604800
53866172681300544
54043466364096164
54047932680503519
54065779294007359
54065779428225087
54077831420411955
54088600276742863
54096180664087216
54104776961323070
54109183268043667
54110460796910196
54119610842029754
54129979837363323
54134464246376683
54186669493548170
54255139292196879
54274919209334843
54286473234743637
54293010299258898
54307320106313539
54374936307540483
54395370317621005
54588566407130114
55097370714296828
55117318198602188
55124256240201978
55133028582105149
55138937468681953
55157915954140983
55169099501313966
55169355661364132
55169355727220378
55169355795065774
55170136875445905
55176881440059649
55328321900658209
55519862344995783
55693651165148420
56065210847433422
56155263191910250
56265284893291507
56595239361636220
56635103981345922
57213626519526910
57277341634363732
57492107077648296
57507567903849213
57632073629661839
57632073990573079
57683454640394725
57713313115160559
57717854980017528
57922284098108177
57935732978745360
58212573688646708
58326339914265803
58357271922476012
58556763778237456
58592402411833240
58630359398606992
58776512374296324
58793085419877627
58793999019737080
58828393683651653
58828397978618949
58838431942394628
58889761967509502
58891212162009870
59049603387068424
59470484418231160
59576009978023509
59668587138630412
59677160860811484
59685641153950202
59869868669508736
60431349539350856
60739273550462833
60761621693441850
61914737129106033
61931852974318722
62179595289010656
62266929401561148
62422625216777491
62503389060603335
62506046385469571
62525854435962606
62709669675699424
62724184571335861
62750782315246780
62843914698062670
62938771689971017
63051271208188948
63053588670063967
63062531430473856
63062993245339133
63063868955442170
63243304557600751
63296890966580072
63617418562276316
63685016160039948
63957486381103810
63962725271278739
64138090415716040
64265158762643514
64453581187899204
64457769635390173
64479809972283690
64533498579517975
64574060201227247
65167702674286830
65171679134409460
65206472857392456
65222339559590700
65263629900783600
65311912937594427
65391058715642794
65503804351045596
65807763568586411
65862919223853141
65879229407416123
66160703310122803
66662341883190970
66811843993975815
67347365668827329
67361394107702924
67515516774711356
67558632908662799
67559425439426570
67616537174643175
67681690830505920
67869608908650553
67872865831946702
67896461431204636
67902177016293495
68033928371255391
68047939054929076
68064032522635660
68099179539206013
68207772968794995
68216569059654011
68251753433912187
68341506055072430
68403644296202784
68489539407806261
68533194065427979
68535873582169984
68573529477201968
68586314157670481
68594713104688104
68699994021691623
68879617190646167
68900365872008891
68998993480075210
69022549199995155
69594666705619776
69594666974055600
69610434071134716
69877168914497984
69899235569126653
69902411522645888
70176179507265340
70462180688050109
70803049075064436
70810573109327340
70966328794021888
71060317449228259
71068240657817527
71069065291538359
71145759792431036
71226346638420688
71276709423594497
71316282416636146
71429049451284672
71446557622210928
71449648761726832
71456156006208788
71493576839105022
71561973269311936
71709180652810509
71832186897124495
72000643325477707
72013531654797388
72027019236279040
72057457940954164
72057527615551463
72057954978758919
72066394464250125
72067494625410177
72128031511509042
72252155842725063
72382302618148802
72440770199245432
72485372037652393
72574932599959681
72617588381744240
72705201706334861
72728421990400192
72967992955341434
73145154866775292
73146880241004207
73253931408426144
73275085461384448
73316450069492963
73723758151958248
73723758453948136
74118326835423152
74178606988086224
74256862777740401
74257473040743296
74304381746168031
74450458613311282
74452625419970892
74579610092684487
74591074994101998
74822068894796370
75032911839924859
75124339681298375
75357522384692156
75425885426011267
75438181052090349
75699722071849500
75702959079635552
75781262635870804
75786048873164754
75857484736021474
75927849097231356
76051337043654736
76187341153231348
76231682557150545
76243709666003004
76247879298748624
76368800825644035
76775734298525959
76781107447761194
77125415012998734
77151937895855406
77188506472630589
77511176141013064
77582719460579140
77582719466870596
77582720003739719
77632035128351758
77691784255014016
77766321708162720
77828093944796368
77836323457750281
78152255710166931
78655832842862647
79622325161541646
80096213965481000
80244844003630927
80300616552641739
80580262439176408
80850731654176008
81102864740656402
81121013348186672
81339091708092474
81350342238800952
81699188225887151
81781892008330180
81855327655436306
81913609900466235
82173830303218575
82424933336022999
82448530922624225
82468862317118579
82508075007255053
82543679951199967
82681812877297850
82808793528045195
83272235223257783
83611179855574228
83912338690256032
84029085251918927
84139638294454508
84430536118885504
84512861186949107
84730497904009719
84991428236921608
85216699352079684
85533171470109341
85704745450364795
86118230541882179
86152059652186655
86174543016088104
86420514700846272
86707765082293278
86821376216252039
86977746990903801
87040719318661651
87108672606322701
87227396762312636
87599350115356906
87705146385010549
87737274102163270
87806072151024468
87846348698516028
87978422182089552
88183290492486934
88324027980064004
88453748977586191
88507321468553875
88524008720191491
88629630555959297
88631918622143646
88632825491517443
88800491607781958
88933587969092497
89252172108046191
89526513984865035
89833540562483450
89873122412731876
90094302419410898
90248807769444354
90249388114057175
90288681127113483
90635909905715729
90907981992116938
90931617186828419
92720896581992568
92899826091673894
93075730576305628
93237618894765285
93458686192365118
93459167161069102
93730923772624671
93768606206236531
93812611068079530
94194522666484901
94418701453157444
94498640516244439
94560211950686995
94574504675421888
94892706726402005
94931660067415120
95113664904392738
95141264837937363
95333273092708215
95873516840037304
95945341000548594
96035206694112306
96789138100976261
97237273845212588
98115738878093800
98155537073978151
98727897837076640
98744766050434894
98760217469190159
98765641912206515
99925607299653614
101909516161155025
101909516161155026
102980740145218505
103626352240694725
103766131847232992
104473433289042908
104901344595798389
104915471510088954
104932569910273059
104942809478718375
105015818261291997
105122602901493117
105266422887577384
105478198131299362
105719523419808733
105904977773461635
106396039932029429
106490652580967363
106591035892704499
106591035892705267
106622726547047390
106661221066912700
106690841284308253
106752482520165661
106985321788610897
107259344290843124
107366384705025930
107580529726435205
107734680581442576
107760144744871888
107767287874912256
108086537353303091
108315952371715328
109081129036772149
110136500465991796
111828324017862538
112945448048581788
113466490521097424
119403097256580245
119524258242601303
119869763291423053
121730279163690996
122411923375467170
122811347263267872
123884232849347588
125121949738206578
125591804121600372
126107115192329140
126122822765381633
126325847523390933
126397864299170873
126892999404867517
126947092337652803
127412851249450160
127569236756858356
128114716365359242
128351807640174371
129064991297874965
129463290760866496
129552743907983587
129798949180488988
130130166550590115
130457452070950866
130965971565544504
131007007464609272
131135508910847192
131184744378676109
131202336925052574
131304180356035109
131600342865695837
131692844950220144
131768853875429189
132223417884803067
132296412328029906
132666975475131613
132706436193853278
132721851840257631
132763017801496956
133270682653903048
133430445994378457
133676259722974500
134888722947385356
135111345198530744
135138834478790403
135378195016893323
135432363086777300
135440138431189533
135878961006554065
135883731094808772
135913946904331768
135947688809276523
136013476559141620
136419016281655970
136420292762374795
136586831560704780
137202025188275194
137375556797696677
137395541979455016
137518305262908924
137989165741839429
137993799762874871
138169213042622327
138900708787088501
139085713395143939
139599628968559505
139755903654051591
139904397317601232
139937597367185932
139981056575551297
140526106404126205
140971228293223510
140980480425074848
141016377665175272
141142643368535300
141712855544977335
141903179795660909
142284089020240829
142528937174142738
142558013578720560
142914197096922469
143311941294490683
143329572220063262
143404308146023541
143443660895998956
143522905635065344
143626252015873016
143925270326412158
143993292907545516
144032209697442244
144042534597160712
144075730878680378
144078927201111291
144112241258388957
144115188109426817
144120696375607808
144124019067593226
144255970698919248
144258687259557890
144267728647957239
144346927834612968
144378736118781196
144399965878489974
144484621255612242
144502082815008081
144538165865777745
144654137724643384
144672143595032032
144678276005241346
144679662773040911
144680345665733071
144680345676154888
144687774495754155
144687912175845619
144712196201378804
144731322640635002
144939942021474553
145142047255650065
145236496670850704
145238923179836192
145252036163568360
145252036169859112
145381828697722899
145598478017431185
145742006964865592
146342605506804436
146402027661424936
146413153284051641
146454735300395315
146878646577503866
146929937961238692
146940976043655296
147164437201201239
147493456963429201
147513025195188212
147554118490653135
147788499661771550
147993170684971965
148036322828093632
148057851502313664
148066165124393867
148066171675233163
148066749214288779
148120033729330704
148240546580159763
148407411625025683
148553952150727808
148615798942954432
148677050891184644
148728420464936796
148895815411720012
148945557526155571
149251691185175598
149484731765935264
149911439929835748
149981799952121949
149981834303471697
150028737484861020
150626222499151691
150715496720769152
151006720598805760
151010895981526852
151010895981526984
152060323823146936
152646156327449610
153170503984002546
153171453629435780
153353801421565068
153434091702794818
153636607286222664
153657642143005774
153701577840951789
153984264323435082
154231180058705102
154250503608144622
154640783932184329
154802132956236227
155168368219803411
155286566684076923
155369007760784506
155438202335405546
155455639761594514
155652156893785388
155790527852177417
155982519290487050
156194769266714672
156294477559431032
156402574111426362
156406100953072712
156438398028745039
156448266174149744
156589206771029789
157021177534539961
157036611951184576
157066590190585097
157254910567161486
157417168192209099
157625895196961064
157638898655223940
157684269730370560
157749948346062017
158124062888849356
158482507936912398
158835002332946146
158838911125758622
159293946097303620
159607874634719521
159612276159566148
160060835275635335
160158832724623304
160456130491891924
160516643016804919
160582716575968250
160733980163121697
160875535971838887
160945738660416996
161321344020177948
161598519520502018
161785569426431652
161825283635081935
161840195523739278
161843855895765227
161845295321244669
161917245734289666
161917245742678305
162026503796650513
162041702932079841
162041707227047141
162077122754314435
162142837848396908
162156044240458566
162176864880476180
162394815360587074
162406867526666272
162473364952693262
162513665991857324
162702634006872610
163217541607412780
163308488306678400
163325909747892736
164343921314618876
164392435525432336
164398552497556499
164513199196537760
164538144461920862
164735974942347813
164953829213964884
164989825789362761
165133764808399944
165142995430743971
165303933350169917
165419279359485858
165503089124577170
165542277878398237
165562806970166832
165603242123668493
165718910402857011
166101654098891757
166106402550057509
166119096420172431
166424467041347516
166448433927360644
166625090905267774
166633254999557124
166702856842250611
166946930643911954
167354088589287604
167405755590588253
167406340924494863
167628742407891189
167630050817102985
168271753031198072
168782244109488802
168790233052055586
169040400618738839
169311034214117138
169628808829597755
170266575882768393
170660167591262025
171101422167880974
171119156934690880
171802391762915884
172175342812997786
172224726634552876
172381939266695683
173946397435226370
175732827173134336
175798728355227117
175798728355425773
175801726643401415
176025072682262602
176173561703598931
176265007577675754
176517217884001291
176557874304203048
176626790106662348
176630165397833196
176749023446791292
177214150325195741
177737137977644027
177900583418053725
178033412002761348
178046648336550030
178139086456961620
178529061341988306
178607180025086532
178724760417705296
178812518432741285
179339395599261021
179583170809679330
180071404945031939
180122332620488798
180164051169577386
180178383563401738
180196773714992158
180320044931219496
180406268699463954
180427472335353840
180427480925313195
180463012179349828
180743339388412145
180775229311696803
180843047432632192
180858713144992073
180868411085158574
180886511878141203
180958758104335480
181043394374360021
181269902253964253
181659184338376567
182254482369798131
182296093142146305
182432329929553917
182462434523745059
182574693650060431
182933969643628651
182969937179527695
182991892737752250
183003627078116501
183108427532437418
183222630848217262
183445546919183433
183566676373319353
183593421690191681
183768285862756482
183854793385661302
183886594601172492
183904860094062583
184118442208565396
184212924854975696
184462038050159594
184641540688450343
184689295164045329
184709382794285552
184725299244884612
184974453252847690
184993018402237620
185266412261512570
185343203939941861
185379882252323343
185462048086823452
185595226405556924
185926156251395348
186145814850535074
186655556965649780
186822411376982644
186890915884102900
187043319636344494
187189449680175392
187886035400179602
188036329479727154
188598867179463350
188733521121938062
188796059512787136
188973652608668718
189045784797787442
189093455915097609
189144900861505274
189200752963689742
189221606911762729
189280893804322644
189995317556303013
190040608339780490
190043667524045137
190531750115010602
191215471651280215
191325874100697716
191353363029944293
191750380964409073
191756142803308935
192329373544444112
192373775944661000
192393122594554090
192435241410331764
193068453346312372
193396579222333086
193502938920671410
193515081121399571
193707544558063678
193866060482824521
193937392175733703
194179732397492026
194512618868703233
194826931053646766
195501738654922852
196042594126431561
196049523777208622
196232564330583134
196659193558757829
196725317470866105
196762068263960563
196890637987909146
196913999704309106
197277998250839247
197300296472247633
197360408672853931
197584405176072145
197848910440711454
197910165626283309
197955781042797277
198212006233295227
198283913588641020
198386582883831763
198491052934201555
198495998101687884
198898097896887625
199008623201995684
199270143688654163
199294574399783724
199320714738947080
199437883415731763
199508641649791747
199554525171712018
200131145465371978
200493892822170582
200562122087468951
201410187899319784
201523406125131090
201570697678516529
201605513894428360
202347741493260338
202629962059235365
202745752962440910
202837924687892610
202846971813027184
203119434011758754
203297624983622154
203315187097033226
203376934194596111
203473647968735882
204110018187255095
204298184827424084
204677478490808062
204710791382520442
207021324394849024
207021331911041792
207065708781701120
207342533850665006
207782361343642631
207984448332664140
208004024620277239
208328680890475122
208447687455016991
208710715189830231
208723561406160566
209321661428184153
209328322090282633
209489690897745722
209577158056879479
209602827235543721
209734644374871554
210020483410845262
210020795259552890
210123473450168336
210271820404574950
210332706094581685
210442533426071637
210578466951923723
210618053550048244
210921149048556330
211147004219838162
211322084980210812
211401141172372485
211463176554474215
211734125355807419
211969156466657347
212206389479911399
212412771614390167
212486257963405564
212547891856144366
212583039655607311
212791014605288524
213024829454869739
213031387853372067
213852816054486915
213906212989769036
213960059784581159
214213977646331556
214268643564860480
214278847845770190
214483602153166644
214832754280365340
215110970979201298
215184333022771073
215232413271422453
215265823348346018
215415149492618511
215608944150824997
215610154282713328
215661320090970650
215662972246164728
215880267706920631
216159755173334651
216183815895253521
216198350653360190
216208207574499392
216327559632355971
216385192799562528
216436733072174669
216536392033776763
216698837498324793
216912452471390451
216949222492052743
217018034911494336
217064761743116559
217100407508859438
217176639132199982
217253070678555476
217279712174632587
217298783259603791
217305006871231156
217500678775634936
217510009480630587
217549267339626375
218132047238061543
218564978243011410
218629168321502487
218650023922189544
218960156782660905
219003047950158300
219253395716080770
219305416245604520
219306550165124874
219339083745588238
219720963922214011
219989066360945360
220091017087999265
220100233369945399
220348706808123340
220455395795201987
220469341769909458
220659632074641268
220659634624778100
220676381742147497
220676641966586790
220690654482325504
220730181165445930
220803159756657479
221028208782665779
221084953880813826
221186680244875790
221253257060113902
221297394802047049
221432751860073530
221493559216311815
221794292804281159
222081648417951518
222730331599633162
222844926801288516
222923836171370568
224054923602677748
224119508655062999
224143478979063584
224191042600042639
224302347781370940
224463719219888608
224669946234330120
224914728276386731
225038401517196181
225097368448442350
225321958024036404
225458377120837948
225474715963421041
226044060234466252
226160921766515148
226538204237210169
227277906347603027
227287693588151252
227412640977324160
227588433551602876
227783668063046946
228160372650493534
228557122340714490
228720392766238924
228789958234853118
229404187894855564
229557407988564859
229696828923458080
229740729026548792
229742733983232158
229745373561782504
230334639263207411
230458250573075727
230684958174489889
230721712793790204
230806500262510594
230809463446628535
230859177955823672
231867931758163787
232148759770957624
232177524499515564
232184555358746491
232281778717262060
232533570902639820
232732123061554508
233240876336400673
233804413468984604
233845139026486007
233845141106980751
233927949873600417
233962828204581007
233978473173877024
234798783111616325
235064862261808260
235066799220979056
235100041894400675
235299512066230212
235436744302980944
236159405974320290
236198413548273696
236262477411764491
236367921137858037
236404159572224996
236404202519833572
236404752277709796
236448791215558693
236453087916042746
236534864295706781
236628370575683045
236753363457560786
236837341655000556
236978285436003820
237643307826617098
237695811385631806
237914330701718568
238189646157089654
238658122392474834
238756056267424675
239026136733426240
239061819837770300
239087565787848701
239232698235953379
239381206115086708
239398779701166320
239666839359237107
239747452972829774
239802302898408282
239977202992949931
239988714596346408
240482739393986620
240540152946891691
240665808695948336
240821627922951083
240858146306537960
242108071181748412
242131196059300029
242228865367673129
242229002798311851
242230926952376616
242284667682983872
242290852773180044
242482440047956892
242592773223100280
242807040556906709
242912309902270004
242982656073795671
244782422952952983
245411401774017508
245781754055570291
248402580100338300
248672676260827605
248751530001502151
248928899627307279
248983356412014363
249032036950531712
249067717606998076
249131006337147861
249205813094620637
249385914490430395
249753196835382520
249809867249693691
249811244831276528
249990457457652730
250131126494966009
250192473673956861
250203237829935027
250582345339612908
250743383093164690
251462698717411255
251694577659880440
251772656980831067
251811255684114316
251838485822440382
251838528768977918
251934585146438280
252006777661376457
252202471957478520
252215600859038024
252251972981356535
252255416274386732
252265634278357000
252267466143479115
252295825508535360
252706268044637127
252818618897785729
252825965880643459
252985258099728061
253125947831578933
253145893412032083
253363772599184936
253395635340587528
254215313353802316
254452159380721418
254457934117836091
254458781610684490
254469290974044080
254518819352227450
254535953417382020
254663670701652260
254700545879568396
254998602632192009
255049465785189182
255179010169393453
255557839500606494
255571503358128251
255594947837166583
255852609887615123
255853599967333152
256107441780054193
256153454062212103
256188234482546619
256196318618319747
256375681876394656
256479992618279809
256692173615906825
256720632102754097
256771034554968235
256949157995672622
256986652800198784
257039485257190942
257060635050574056
257241946652424712
257285805202997824
257330050281113623
257337400094078778
257524971476567952
257992630718536718
258029266394095342
258077923994668283
258107089084365517
258169937770197024
258765938148414762
259883912316073863
260384400074045252
260787468910981175
261031956670561140
261156360427612068
261255679613501475
261258033065283315
261262125997926058
261491066363476022
261570259998702584
261631666379313210
261758581721997106
261777729347391461
262020260866127040
262020535760843968
262054306773790030
262285483777426419
262533561708760844
262632165273185187
262735850260035812
263108659370797736
263200519537490589
263232760838357905
263320529770235963
263325321927708398
263451677969154388
263779332810533589
263818089692703095
263986996568900881
264008125810555808
264199473552072764
264446290589733320
264518858344843043
264602399049402368
264631707041931315
264664761369953228
264731674712002211
264736193235612327
264843226890573821
264850599859982250
265399515905671543
265637627353149962
265700183777610683
265771531002245214
265799446332890939
265839377861316802
265856971562990144
265946836403569732
266043225829556417
266256615031443261
266279831272045886
266604357913227776
266684431944779786
267052694300011136
267088005841488955
267094923234931781
267137481784704880
267208954802078676
267771371598299134
267952214389822299
267957373393627024
268142946132981591
268156216732789371
268304064414806784
268482100708591179
268703084147067131
268708014548312192
268863785204329611
269301315228582671
269656678133378850
269812058282015393
269874023621410638
269987442110884942
270009634190726442
270017910933556736
270110716578477120
270219276181274953
270267579459435264
270402022759997992
270463567738506368
270711066977182240
270969067184139752
271083763972178961
271095565735891323
271134617459242912
271195980762902720
271289713208467203
271363743827033998
271396870312698892
271478469993554151
271857637058763684
272036213432057505
272831091875046892
272831504192300524
272866138808542700
273584881072864247
273662552266945571
273778535917223294
273889377505235204
274106000789477463
274287695763654657
274412437850556872
274508724724071358
274702298556925123
274737520971689214
274846714550816962
274938631405928697
274969407076820755
274982703318696000
275087221126077722
275301278635461916
275315168291767665
275813797647206163
275842498633392128
276112517550175728
276707437699998266
276899775767395701
276971311859433451
278185000787982846
278304533768300793
278805652203634490
278940605692974549
279136313086951913
279360384462713532
279447539671235333
279504913904517179
279528713306144640
279560743626791984
279593377518664693
279795799855026893
280051014147493068
280349199193666766
280408187631648962
280568430326341297
280577413434292061
280582912601832700
280880450391036939
281212386157593452
281369787099130852
281754892879073116
281812097106689716
282043572554978462
282090960873106914
282296911631781090
282950383956431361
283093493264107704
283093493275763424
283250742176789732
283327260338376286
283329461643331166
283578718938179656
283726776782290416
283730019228522482
283802029170506085
284030799397639292
284170980146816144
284219585119372492
284558272138449792
284636291568493237
284793758335597936
284821860908926725
284850755489550140
284900094213287555
285006901644611488
285037478399567803
285074776652479560
285075827175167442
285268295265574192
285640198165675021
285824624024835152
286101922564796917
286116530653034545
286252268340118468
286906413573207816
287093327640272592
287094823511364602
287139662831546302
287188881893244900
287385610618467262
287430736787408080
287523051413714946
287649889844002541
287659785384181691
287820432290870212
287821650769211856
287952746612730882
288032602123663255
288089900592135682
288108177702916138
288173285152185906
288209485375349162
288229070459774890
288230247607695838
288234243623962699
288247028423518633
288247039177452459
288260957223833216
288266058907787408
288387481165364512
288459262208766076
288475640321880137
288476361876378585
288484993572901637
288494615458972650
288496812831969945
288496984429345433
288510765529287484
288580019872207907
288604963029513264
288619807035073802
288732289764075652
288806673528768513
288920695548841194
288929819264521424
288943378094341928
289091692655465409
289148485180011523
289164996536860684
289266733543914243
289362263186074953
289407731393088642
289431038465021061
289530016487141501
289592944062592018
289885141429422082
289885931391203612
289887030902831388
290288515132903893
290378825756524749
290519611035436855
290681403302130218
290979661192678881
291033112064845906
291122042432208580
291123141943836228
291289131558015528
291327594374362099
291327596522436900
291503767395684350
291538035554988941
291555358901207251
291621282904014848
291678460888902842
291711983919822276
291747230936696307
291889348519776871
291979653769502987
292159197409214082
292311819132339143
292522679762705712
292543404451735646
292657855348456126
292695084863334912
292968170817583028
293050794127532932
293061705577758978
293114892133597182
293622011810415080
293860957279811909
294139078555478968
294399639067838837
294410623639212224
294456811139143755
294942301849136701
296376672808603592
296463124311275714
296863839487669280
296908236500479309
297017689153745892
297136022853537585
297172916001251596
297206802032442126
297313348371589636
297422314048137863
297513860929357840
297565476259435765
297606994287653036
297817703106382408
297834103502977616
298284959569758216
299471737838433657
299562521274436331
299638666060183667
300280540576844846
300415315980113831
300620363130765861
301139334857231953
301522645795305976
301563569454795322
301752724202069815
301802640821745658
302375077448259011
302433115483078419
302914860174100821
303042997607516344
303201270724676923
303429093441932253
303802698738137461
304014379664259329
304063275139998608
304134947693822632
304141764283135195
304215472151446142
304272284761859467
304325530224984065
304339939131892510
304710214870183712
305678389206976530
306186304588905778
306229361151836867
306481798695427648
306818928429234557
306843734235387145
306942408130898194
306967336419234094
307445449956862211
307445717033758782
307447452813988115
307461239370759058
307537627345782596
307587059028856004
307666097312264818
307839199592774304
308402561179380393
308506759033774350
308577993786519127
308607751583421625
308649649936141010
308655904061950016
308693606066353091
308739789962732590
308837364190245498
309061881955430259
309071208837626533
309124473881791067
309188293543044932
309244204481869424
309501659992540299
309847070247503052
309889741796144619
310150577791701021
310269455100604364
310326436721458947
310330878377133180
310528140513407035
310889658971399850
310973667967849668
311245856691634466
311281041195884834
311504792390187895
311557150581051742
311577468665577483
311610183639180272
312997124426670624
313747248027916739
314158060035210312
314444426897588823
314862147946325650
315032076943705024
315121082807746786
315825477906760165
318489851906342912
319968843346982366
320319546737987165
321006697730465716
321145087701819419
321914737291992084
322187568353075172
322392369465152660
322614208916018506
322630644551213024
322813673839164708
322816596723917383
322979341636669344
323135694024225973
323626928225512785
323673147044766736
323913862153798160
323961237967015034
324092053700870109
324163124991813843
324198418504736734
324206199647413196
324323102266561836
324347448415637486
324402919462371982
324408955309776691
324457121907738762
324457310624551138
324481277623981882
324492120400315125
324548619573133304
324577142270718156
324795660197554717
324802525440081909
324838066055303964
324852574112876558
324858348398423706
325464585073553681
325533016471862925
325603015622031175
325759067342574165
325798661156786744
326308947697811834
326433826381503015
326551122415191272
326581085634712359
326629755215044181
326692599343761477
326769541419675680
326802238534245033
326829052556392676
326833839331237549
326894840793371447
326942484980564992
327480810020584995
327494450673753739
327598452952161466
327854486714497490
327862052897178700
327922180282072514
328055313538438112
328150621515301543
328401875462345742
328446531912310272
328542367198728333
328706856085145347
328725354287968444
328761986815390849
329004976741468402
329502706850858151
329794666227906780
329881315330662071
329897747237269777
330032317175334950
330066212243974524
330086534409368563
330133988116627369
330426624380761874
330575470706784626
330983445444621315
332179661152112864
332486258103045934
332496577048347682
332785537174332554
332796431370409426
332807321725714681
332838272487723527
333191603884668901
333277908174144569
333367157595570146
333764002736186952
333797085808232852
333961953456857732
334213428005013879
334292375997949230
334331650283544608
334355509562048916
334379437838869421
334545944108331528
334669356792282588
335204061523252449
335204061527578370
335204132524524049
335204610685244915
335315303805451301
335328308349991543
335415447403549952
335415447941469440
335585561067129511
335684951533435351
335691969494028658
336371701279358976
336578448483370425
336631237686110125
337347519308384924
337412256818303620
337455860765989101
337574238040546973
337712435472804424
337751354091060116
337825961064709416
337857243634224133
337896329808887080
337925843416224276
338229294998987264
338486368160935939
339028921172600012
339169654365988044
339878642077290391
339889621074791731
340027627904434372
340104248907748003
340243114475640119
340534314129865041
340536637805096245
340600714200348549
341020710664156130
341215656240207310
342172140479267037
342307832630742507
342330522140148867
342336321756869598
342500565281916909
342510183629701752
342514924134499452
342546530668649536
342588638521493591
342856385495596924
342919105403692307
343360228735991744
344261554324093764
344298043705656211
344814956370957120
344848622285694779
344853091812246090
345088872580939777
345174788273945456
345216515338183202
345351946557749811
345682058803385089
345875865119030860
345876451382052036
345876451415606476
345879853031943372
345911773779782904
345995465621374451
346148374643734592
346160218663485390
346228317502755011
346258350687851598
346710925745766659
346780723567326099
347150259830271538
347295723455384608
347364158445969109
347434527190146525
347550918264784104
347949157519240167
348154081164821698
348176157842213404
348203969805959334
348747620305582126
348832564986071646
348913898308864917
348953741552316860
349301462369542657
350155342996276229
350294603043670901
350499095611376576
350963020735038690
351143553319552016
351281391612502188
351309766994552276
351491920352018464
351598018494731048
352160637062867155
352424194153168116
352668559343863790
352711741822854484
352947859433671209
353339790765226131
353536371011158736
353590479790919006
353814422465626124
353887017507570170
354029285874215502
354089546653122589
354104327683494675
354424868736222488
354513299108231511
354660391051072264
354720038160430580
355169142507344513
355819567983692238
356052274054940583
356892949390036462
356910188696631042
357279433642358131
357279639801837004
357495151011341186
357842254513152509
357951858525090732
358036488208286272
358045240877858979
358180210766555184
358396844757101034
358591237647832951
358651106747875976
359016451722690240
359090198510823380
359184991068488673
359216843680696115
359300397469020236
359302533133364254
359351053738197184
359363348774518717
359435844061200649
359548375000353297
359857649496487175
359998454228036939
360011864855455810
360088944092991172
360092462182863301
360297406558178115
360302332357391122
360368014560913458
360550651332391992
360842098583904979
361574474666255994
361981768074589188
361997391520300164
362543639622862919
362591292602135338
362593916522019596
362820425241064459
362925607661071831
363245819121360044
363667861636625874
363987241551425576
363987241551427624
363987430518203665
364020356958318850
364237965867677188
364366374305386372
364377958046788329
364614030088601483
364798535401421669
365143772251015328
365182525908222760
365254778475206186
365594702930313163
365649208012754932
365958605913980851
366114844174200698
366259272410639077
366455960784353629
367415489892110332
368247413760987685
368426238902434808
368470555137191858
368810501153231397
368865407395789853
369256817593006733
369520654975677458
369878158957340942
370202634034476330
370739108372288849
370937049765739891
371360667788115842
371370660310930525
371419340212661927
371614075209032723
371906590918978457
371957242954075881
372087370756790088
372171029607961098
372382220644809002
372646339737322632
372690859539366519
372735254778582979
372904118324514384
373011862918408929
373254649263738395
373375832432500062
373443216768182417
373479341513901834
374209901758054487
374216231482989195
374350015599618423
374986480199515895
375010239895641372
375077780955972739
375084092326825793
375270215379440548
375534152771468661
375945821079035817
376025600007029207
376141072641687536
376395781755202720
376587685286515902
376597534545836930
376634721331626890
376650784302272823
377151498840147411
378144220498137046
378204858462765088
378295619099214155
378308382696203725
378337604833149180
378341728001320752
378516670420333841
378598426517056668
379499536070966569
379516580188922440
379711012065159125
379785110150438531
380197877625922771
380354974326225824
380442654326375533
380496497654529493
380736302702085214
380834888581070786
380920665683473169
380926614050164237
381050940284707976
381064340632972424
381135606909466485
381162348738218338
381187805971408989
381251457722499398
381291364582855505
381448334408335092
382066324613919876
382253705038057768
382316208059122736
382454061567520613
382616450181548375
382785317980637042
382868215407320945
383209099053475043
383542043819527469
383744092035958414
383746171031781564
383781364002194377
383918674161173504
383955109722097813
384119315737668914
384348105186597981
384436589738102480
384485218351270004
384491209318327444
384876729008826775
385783961930519709
386375966475121896
386797962860199496
386883790480725880
386970590658878994
387157103831167273
387298421260845472
390058140864778236
391816709900869348
393072652372490067
393085551607527346
393289005567399868
393681038018763706
394083338535085522
394242244489555955
394281076289907362
394630947213722941
394645239249530105
394685144489885683
395150942527287901
395395450088127778
395453624469732152
395469581286188951
395472406938741287
395813067712866101
396191975118894311
396261173360631301
398643033497617629
401684886446385490
402554786691227256
405589126076978069
408383538302722053
409792010822035458
411922960580886430
412690254499206439
413145111486892503
414271148832689623
414507963839792432
415096957101359237
415145181121733233
415673055943141756
416270485895697752
416568623811561621
416648058223201523
416715033543692992
417835264157537486
418307133247901456
418621456653536238
418769535680115394
419531259681267028
419781571321126720
419928593909925950
419979074847278126
420045725914310802
420063309553291127
420247534354770936
420281356931934498
420461858160714976
420498153122345219
420501425608941181
420893602722064913
421479461608834348
421744474277970647
422086321429437776
422086456192425296
422229211679965060
422824877809868288
422878757694820691
422973229795996878
423503194884377463
423518592577134766
423691525102334868
424035377464034679
424385091263339757
424499460299791522
424587106106563713
424648242503547393
425396649399867086
425443745011104672
425604098871614932
425700435230812839
425876911983776631
426086285031189640
426106799230882519
426140323552067675
426173800528365597
426199030358407672
426528358875883474
426734761532720357
426770257649732078
426774648582711618
426850924329466615
427274790576324490
427342668738373914
427702688333397136
428561625704825004
428561625704825522
428688453920084691
428690723424436256
428690723424438307
428815016146240517
428937408673555896
429050928038534914
429156808606603092
429483954038199349
429649028004306690
429649062364037776
429993750905596488
430079700534286291
430084968320860099
430260068207834836
431096787388299193
431257438632835458
431257576105343360
431725985094144925
431731484717867186
432007951840383901
432007951873938333
432343189870703790
433451979432462309
434681547380210489
435219331436586455
435393728102260916
435728945353095377
435934988261871582
437639850964676090
438256914613309020
439093277682021884
441532024516220893
442084188593241837
442171496221229392
443861061794880242
445646698812296122
447241199442948544
447494039657952873
448822109626995946
450491158876819745
453337031472620206
455045575186211554
455657328949414442
456055707767141064
456161260914081580
456191673036338104
458826479830957559
458895001349764471
458969018116603646
458971612663774866
458976010650513992
460748916614855604
467811564837261884
467812315457110906
468009962443721693
468452508397732796
469797676774857079
470673311330188268
471097158994263500
471165584767820359
471331201333025325
471458456710488552
471532084949802980
471609638581999522
474167932300660404
475711859021216087
475880085747475106
477592512335888824
477788391220597694
478108037809867334
478211315295679648
478851477333016506
479511609008175765
479807607046832809
480590582436751197
480620731143092350
480746423614481325
481321469779332658
483951872062119597
484040796985146857
484296612125890552
484667428432379614
484700426264862071
485061855300740438
486565302779912850
487202740757930609
487290304665563655
489993838479207620
490662716264939504
491192600861062330
492753007855792840
494144067410255184
494486735848202064
494839550422363873
496038226845395080
496373774696272907
496519082029831724
496608292108334563
498628487191952238
498909706372424424
499316000702478373
500660383577132381
501262256991588426
501298375765500636
503645908277720866
503929488118836460
504371623085995778
504457038403343278
504487218089557760
505314519220502540
505582934246069926
505739613969052712
505751366699582428
505865370992805680
506451410231841237
506461305836491221
506602746348151133
506664394830899712
506971478991339708
507038725438524557
507323869802525962
507636684163829874
507794192776732324
507795059223563386
507797233626239245
507902981337030674
508118750843441997
508216316387033317
508408485048602653
508425428441801218
508483364873643500
508569292502061097
508599445822599648
508680068440514291
508787261971608819
508912842750418580
509060280014129152
509090585735336526
509183581015474192
509254087298174912
509638453977762416
509640721729313400
509853660913598704
510106609696493395
511083705341467998
512290916755384573
512639888168987149
512667332070373184
512777947346251320
513418067838013139
513448327180763031
513464576672682332
514046511062269617
514671554508156629
515049488776301571
515530281434741888
515673710089295846
515802906401312301
516158361724781556
516246041270397066
516600413889298965
517560749584249357
517761431317218348
517888402223794421
517969071239622162
517970116278959091
518055794362320641
518065537062853833
518342553255346289
518475265503231565
518975900566224819
519954062854127552
520183090442905856
520305068310200523
520408230561819164
520462411606851697
520520666202360462
521266687989580247
521296880939818583
521876590714618750
522169257388656860
522204441622857948
522400187667333185
522415357751232139
522438242931965789
522440045698646136
522480296523628088
522483047182378756
522628732717626407
523026559826146430
523054575460980564
523054575477757780
523070485352510957
523529841966645048
523619311252947275
524546611890072528
524749798585104611
524832787320619770
524961052057684365
524996236429838733
525018209107261648
525062297675775050
525408810677202078
525560934128170622
526041492638221635
526179234484706781
526502178329928320
526710939536297666
526845584782129676
526885778174891268
526894352048280638
526907456837465571
526942675451320278
527129466423709629
527588173717840350
527854984833793024
527888727708532738
527893124682350848
527939100724438101
528122033077782512
528410060996782685
528695940579914466
528972275454885240
529581974549987456
530087749890407361
530144924494987272
530144941943619648
530532817134253073
530925932447098423
531068465675644119
531219392911017128
531292365130475424
534861177568851877
536066314116495127
536213945435455198
536456723746837473
537142541704338803
538172836131208184
538731951195170728
538793759555331043
539162261818001175
539271180185793991
539780621205370233
539831935657925943
539874041625154898
540202002806734786
540331431069302806
540387050991749125
540399835530176520
540440897333473882
540504498629387144
540508006081047422
540665688982948480
540704918579355990
540751523396354696
540978581465961418
541695974096471165
542106750372956276
542403322388394560
542437275781843111
542457292263899949
542472460145541255
542825463030654204
542980842405985580
543020242217812781
543058349995712558
543292484005628226
543309903954858612
543328685946848392
543438726807387498
543502894074096910
543657157115346517
543679399211798741
544433562864860491
544442398438196474
544792623868755842
544991912743933220
545020517238952080
545038796617011352
545108338311680916
545221343297911800
545351577467225085
545450777646347297
545450777679897633
545450777737734408
545485961967208840
545601746570433432
545641475740988866
545641475740989314
545775710617139368
546008545923218423
546312642859500545
546974733839331997
547088252305492558
547235154353051522
547433450042569192
548316713129494284
548394640551267315
548729216060456924
548935498577657463
549024923253557630
549056269830511980
549455526399370706
550003133258976524
550270935087720452
550411471587654676
550547156292094172
550571116008641344
550821735307771539
550950453182278471
550976995284125861
551614518250849673
551766693123658471
551791523836267349
551956113211543829
552134100505359368
552552748265024082
553332762999231045
554021116258800551
554114776864801710
554338118214829970
554481602975776787
554554257802378493
555015054791027441
555044827807105043
555317163358552599
555342173990501118
555480560216212647
555961457514549472
556005883094809198
556041193899963399
556048593702605955
556062670559165370
556146465102218225
556346972645616359
556347099210836711
556490331463004002
556496174823939788
556758698459208932
556909251837082298
557386416150321043
557473681760542450
557735375974702910
558141491246704776
558306370810283898
558433153747580712
558517805985563651
558573622264875203
558732080041615364
558958579697142608
559013550677545501
559573113764626899
559573130936108019
559773600591265789
559852625937029109
560237420246781810
560463813659896098
560712275247528110
561403013814592894
561882229394507877
562490947554714685
562701469417160609
562742407462904834
562824992441512312
562928088547561036
563003818574135285
563094549864480186
563524281449281906
563592141409436205
563619246383104240
563770003811740917
563855185924657426
563921921700299392
563995884228149905
564474831623284720
565104702105624034
565144089405619863
565378207489249610
565735035572312549
566398051844293612
566951905096877310
567212177248796743
567510117913464780
567950537709812087
568270842279350221
568317699796768113
568379357627149248
568624775517003395
568992162947984426
569000303127637561
569110388719204149
569547019431763170
569617047751184126
570009176141325026
570100450644195808
570501386131867828
570935913590361984
571030581386291680
571108341308707038
571706983188580236
571769358782705897
571919674620938896
572088166327053326
572589873620503299
573076736776144871
573084977683455757
573103936725855504
573152703501947392
573455673874582503
573643871629427721
574172391010742093
574190824841211064
574713339453820114
574747144472199165
574781006293204032
574840363811044545
574915219708349752
574924153172561176
575264406631742926
575413736895361052
575658056172487824
575687435935854602
576128838789768978
576131939133622199
576152158875813299
576271721459495145
576329202051445936
576447430073483257
576460752303433729
576461236762986525
576461563966046453
576477500516049780
576479732814831635
576496532353272066
576508180031525762
576593728766971696
576594900708004390
576636948777282515
576669557113178593
576734676777232553
576738037216133050
576769166201194954
576804350573316554
577030054040382026
577190794943644912
577275006025555293
577305315614261376
577305386751653064
577402183385374199
577446172093046453
577599863526265719
577690853883645229
577744174253739570
578712798358764618
578714753825374359
578714761886179336
578721356835857397
578730091319894802
578747874062500352
578758493913755172
578856041070993568
578857066861264422
579067198976426021
579072078341721938
579129566310681426
579216696513396856
579328178899637712
579453662931275893
579732112200848525
579741772600904057
579763895134241800
579766980687338951
579768096168589357
579778339357979576
579887738057114764
579920109582677853
579943937243601153
579995209627243018
580055941927731076
580095861996946691
580143256697675065
580183990998264126
580445434162421905
580457414742577980
580469382987935580
580472664159740465
580653854269907034
580669313239945865
580766164968209732
580766300137968201
580829653023588856
580938874377690355
580999535572615095
581008282126813857
581012669842323837
581143383092221934
581547411703179802
581708646857654441
581935954860682844
581970331585867134
582183890366492469
582398675637231236
582955606221702311
584345380875893280
584635869856255987
584839100474061601
584891771812616157
585282158924022352
585450420323287264
585534873516508627
585536328502481841
585749285545971918
585754789875944960
585756044507783150
586045143834177587
586097442520347267
586097675289226538
586208215354706215
586300364618760368
586490976080424824
586542080144144204
586598325780530183
586718854537993982
586792613510195338
586922876034567854
587631045534554581
587763904307267592
587857714450426455
588063877003163817
588076349307627565
588431933241287405
588449412442964908
589072192860327928
589664503036125386
589973827853716806
590113011203615624
590295938155905165
590302351734181127
590567263181218814
590696179812799287
590812928971490561
591082057682011144
591481441877956055
591590207521518929
591960466654498756
592145850196042499
592232362340516324
592241448441210364
592281193349450899
592409134404422848
592817169138048211
592907269950743294
593123928335175472
593299225410390656
593352554264969768
593491397827240946
593629645292110412
593629646500627020
593629715219546696
594215842962649600
594369855390283009
594399976818201780
594519884985533438
594520469664901248
594557370747618098
594708203531150352
594738857662316014
595024893729521908
595234368486275043
595333672854683004
595469612570988365
595618550565432250
595657319563686115
595758960531291952
596233337194999796
596580148509411776
596588755635350035
596742482226065128
596778151081668841
596890959219294229
596914523480585289
596932140340480053
596937944047372922
597081780924568725
597236587987649860
597336869792250409
597352598483810967
597465714695264150
597500410817366652
597554383642802825
597762424437220016
597776617704953045
597853146575028364
597857160264649028
598436150642765900
598596827098689153
599120035123111594
599211560719872067
599280217001960455
599299885406589241
599400106575469845
599645690732085590
599927199774933358
599965362043238416
599986973029530256
600025850055197421
600103562847727300
600657988163797249
601136248892388818
601566059853806229
602450153197821265
602505441899896108
602531992866926339
602851548885846581
602919957860254504
602961054891149960
604303158458330599
604625845969135821
605936217277942394
606162536944327121
606179855979855688
606502405351713397
606503945509506951
606507406043483607
607672019484080023
608008629386753912
608052937505584371
608265217057750535
608834901537581632
609174173925756360
609230095733203123
609454072596259020
609454622351818845
609466042262495993
609667341158468517
610030453462802654
610167136032048064
610539107240987972
610854561615186588
611232843473358549
611607821134091009
611654883662271522
611685261141513250
612030459707488983
612199525206261817
612410934154109934
612551182111490104
612551715217859261
612630838722461696
612630839261438080
612638341954797568
612685812982538882
612688159233593193
612703349882650657
612824796957051392
612907328973584930
613068039841742110
613204790892722130
613228716768053235
613353491106171194
613622597247241520
613764241727422464
613765568143073416
613804528184644254
614296727855605898
614603498447438652
614653338742199459
614665528565613741
614829562043455406
614873414166708739
614873874208479068
614891469526304904
614891475566101640
614891541154899198
614893887763911442
614920561760536440
615236276073433314
615278657451672756
615309248105265236
615368391636199662
615408329537479848
615455295794020864
615459119409785676
615530102529261562
615813388887715956
615883956750918861
615904644183405283
616026139929079213
616088048615097481
616334896255554826
616588396042081501
616676506495548916
616730238844213573
616795443313867412
616851587226190845
616875741510869844
617043542053779616
617146575003969672
617225765983071490
617527331104402809
617602249714739114
617703356221241810
617707359601338402
617712478213936501
617757753936159804
617771380356952114
617886479682652300
618171259016720976
618304858073595561
618446846915862039
618646074045208901
618765189228844233
619152059551741239
619185510796292832
619217993103735342
619253814244166034
619845430366736170
620384355725573008
620972713475077413
621146129439960548
621442790029295490
621554620530225961
621566014728871879
621572846079398446
621621998564894724
621841854216709619
622129952181275258
622200594743415891
622206446860114676
622210708136242874
622326402578813056
622583128145848721
622583128145849821
622607268377641008
622766103550622496
622773806188233874
622828897093016852
622915438181493666
622921418803629090
622989879091587966
623315139839945382
623672263918691317
623719320779663715
623765919700673860
623887491371933780
623894689518403584
623904748746630464
623925160189830050
623929642074963872
624193683386366096
624261104134176297
624344390080896169
624554554332882769
624736921836628906
624740279235629543
624771678535213397
624914051818046080
624947608899310551
625217821575575885
625218101655592596
625411322090108834
625539801937686357
625801820721398826
625908823253592382
626222693780231114
626698435791669706
626911697387093200
627140785368552401
627157537654590286
627287640181111040
627302022876701442
627335521153211721
627638633487209331
627666742879880158
627684797605869897
627686722097357376
628252749508715002
628331983675738270
628335455601029186
628400940516376577
628401112315068417
628442461947654693
628678669744488525
628722541729556746
628784222860787805
628961033974086170
629249361567477070
629351645805096258
629360391785591976
629375032773393877
629426191144133786
629517285365196931
630009491052232466
630128996189298645
630733746236262596
630801409712398204
631087422848754254
631594663366622984
631599974832123196
631599974865677628
631605936098778524
631696139485061757
631776002222559901
631958839282760350
632039401795604354
632342345215398195
632531752565634115
632636418470675095
633450837832058770
633860228124495838
633917414861650884
634106827390600388
634106827525377228
634173902951868576
634254144721922205
634255834232156476
634538401906109975
635010622671881174
635350514270932990
635353689809388833
635452270339521160
635545952356042834
636184095920287709
636498346544387232
636634227267144786
637253081128703114
637405813874440932
637405822464367328
637847103530156018
638756300340981020
638802519943939918
639077185979504151
639207750361162616
639584960596361332
639604268228051172
640110433323775315
640243306739658409
640297269987368275
640683749592533810
640779581303149729
641538732124421415
641564277361615986
641753313807373105
641806962279117852
642010466926743297
642038938529956094
642207669780314792
642274355274362530
642305085686678178
642395465589541434
642495679346351444
642668187409690599
642689660874939685
642700549133217687
642753999291373201
643261464235485333
643442992626760659
643452067074006861
643474343275989891
643492574879302462
643935586100428669
644011107736486784
644081199530103797
644234773866181136
644311784652608592
644772403930943786
645046349604097571
645125286539555317
645202473358783288
645204981806125884
645207428848539765
645553189334093907
645623607103324168
645853357754150225
646069233033748126
646297304340724008
646568824226377684
647085137830064052
647199903068005719
647274219361106576
647512293973199108
647737970183375117
647906244969631715
647934166214900935
647991134298771497
648043279802753301
648171441598046448
648280524383566764
648444618815432162
648518346341351416
648655472835952640
648801090498142684
649129168199680243
649256807186042452
649296571887516387
649536641210061906
650841628659558424
651385048539840629
651570162235874986
652045833801536016
652772216390877072
652903822630222610
652983864188238336
653055637861819549
653146253074160853
653749511770356652
653783543602443642
653783543620269434
654221253507581305
654343683013594864
654708974528073303
654798416072637278
655073148165654794
655183757260811220
656375633646623292
656679892054347934
656944458531764695
657048712168517251
657222081532973639
657349389118849840
657490538434566661
657501533517287988
657501533519919668
657501534087713332
657501534090336820
657700083575312615
657706003754683682
658059780795507733
658153022354815570
658190417841655977
658533423156856855
658537091699571698
658688776889481224
658953460488949909
658969484524000594
659023504622625978
659155868913952680
659576638729529496
659620632802643785
659764095697027316
659964971727852273
659968099183364390
660102647314646485
660520105486757410
660838436314621079
661223186755345907
661500073068998179
661654830777893376
662293020159460274
662306102396466180
662306687906018420
662631607545590988
662790534127254285
663290784670667636
663339674585373219
663386964374541021
664294353401755696
664442252501639890
664532918152791092
664627199664186138
664919678695424449
665079751243487873
665336686518988803
665547566293757955
665596845020312423
666274342434242812
666485136751163400
666526766948221997
666655903905230053
666902435557772423
667155502731842134
667445525000016936
667446732167790396
667530226321504302
667700357320286453
667820766491270852
667959302476807678
667967883804211144
668041798838552919
668186398174669520
668192777079631448
668270930879713806
668537360461136944
668607154588268618
668790880367231644
668829064049763946
668923576247076896
668984252275642484
668990700045776500
669316553841354498
669366712842228901
669399971776556213
669414590227859634
669464086489250772
669602039766313502
669698532114120508
669814084116042889
669945804106644928
669982785065317162
670014827937679655
670170481722255573
670240313896159208
670285050064248481
670457791438650005
670759052658376173
670936252288924786
671030331524661056
671359551593085522
671361340993213557
671786019710696930
671797973436811390
672159345950412446
672243600633468749
672266303488030613
672272945919898966
672338514831212712
672347991016739874
672522411461268989
672630888287249738
672703570743768157
673096737001211508
673140098132694238
673193468964281318
673212908939190073
673927141712090953
674644042040140361
674925516882633289
675109545018984677
675207739190222631
675208389227652232
675234825035660355
675420611481295904
675510444846466048
676126203954643796
676189215023931687
676291599892359806
676387874601029649
677521512881166119
677742633792909015
678467644716051637
680373483139820318
680663965151728222
680780124841483594
680780922167477854
680843128493348169
681029397260839048
681188007013843204
681188433544812426
681329729755652418
681489169227991626
681489279709471015
681502570623688336
681522083711961726
681522085859445374
681524353600080613
681524353601129070
681533149693102693
681559537971645156
682110052502153781
682444067701830398
682457051412734546
682857459735045441
682908921205322909
682919902935733104
682969834349806754
683025731064126324
683025735089502016
683030128976427902
683031435082872074
683154552961794648
683345909627487650
683491164949471091
683948313601876049
684236948614391173
684405671493857517
684499002502498408
685878008775824810
686888009285118008
686889757208889539
688500791981279973
688628142559128019
688651532762476117
689238556051603292
689401396592232250
689764369782978029
689771075398617216
689851006541749364
692743868024004423
693083281498647079
693484939659688400
693559283102187064
694886391797441384
695627654448719318
696820742155192276
696820948317784020
697743627463591744
698600962486454172
699536484368927310
700161835484278250
700477849260964093
700553443996114277
700562477794947065
700612288343507852
701046877305343349
701787205931399701
702349745215338833
702645636342943049
703291169401091553
703299277683654931
703487411771050046
703860321728673788
704043564441722148
704109333184228112
704788786250846336
704789332324551224
704880135946339122
704892519259878745
706782874851811095
707006282190017742
707533658698176105
707597399232543175
707640540222642066
707649028607825150
707704250810102206
707779226303767928
707791136806811913
707813709124114260
707949096278752300
708001781378661011
708012301875320858
708226344398013520
708260313857861770
708550400852252105
708955968457214200
709162266844260979
709200368886305865
709200368886305939
711099260486413982
711108572409843573
711264546043656440
711354334222538036
711590272844059582
711599571545167077
711810677180137513
712154000830829637
712189300519162462
712191361499484766
712191361566593694
712314078977431381
712374058272648314
712397773694120164
712572308092138248
712614874086949072
712840275743560576
713245937281692833
713248586447687363
713693000859828019
713900010427141002
714049282317419049
714050621951380124
714178373190492199
714334723357944342
714372359754715863
714372359888900823
714414596206957605
714414596209054789
714449780730041413
714449783273886821
714470052977831092
714505237215702069
714553220372023200
714817580386571927
714948439179975753
714966034184593022
715008806955897588
715009356710662900
715036049441115436
715154018983218160
715355645259756938
715553027764838884
715636943317821346
716001591160500856
716110048429402432
716340411831111600
716425559052289313
716443096767223602
717327848621770040
717342164243936720
717373844509554600
717414768721428792
717432358759866680
717437780702828841
717552236549972595
717564236230558656
717567621620125581
718121090969995433
718133576484288407
718183694947840056
718656354286933113
719109140185554552
719219302092871289
719255353773720034
719487739559995712
719600664573784129
719865169303975289
719976312841639858
720013961122707806
720364143724810577
720375255716405028
720428780311783417
720612109547880618
720631519456275970
720645815655876675
720684304896319127
720715049311666444
720759568105244708
720811103203040720
721183512183825141
721201441712195653
721229273310084981
721304135483827074
721435828477143040
721443335870865656
721513738974781560
721513738974781688
722003747496692676
722243533270578473
722592490618097875
722733915199685280
722739603169098800
722831448788038670
722836003022250307
722865485618773608
723013307975455708
723017013041677250
723064908287049728
723100917246785156
723435370125549290
723440729021147799
723738192150132490
723754653582700798
723794803254667157
723887948785393953
724422278542143101
724477720413504496
724660462302066132
724672912611179144
724688636924154412
724766813374908416
724806890449321952
725793055533697350
725943157356320277
726066709516992121
726070518714499617
726110513019266097
726120262388205578
726636737353506269
726971493131003349
727059948976896626
728801934249160739
729184372568585223
729505254727843120
729650257892273408
729708483466675309
729729319718215669
729840117017486473
729857983536202890
729926254601420325
730116325149744960
730208946146753117
730447321415679943
730535406221067331
730788791490480996
730789856777077698
730850087671452896
731035914103030421
731071133127114584
731163664660173537
731515966342912888
731579118707704289
731872922318875554
731939256991456549
732015927925062346
732081823439421962
732125915286304007
732154619425808436
732200166061255305
732312945342112298
732366809042012709
732369759406290874
732448349236668578
732523883570133538
732576603706107938
732662015252293616
732699962892095857
732787173583438625
732843371652902586
733030665980293828
733193271655568258
733246563650704596
733453687397990592
733528082854242561
733528151573719297
733740665110467268
733772138630077926
733850405201053696
733896055357209254
734054433776258622
734086742756081677
734229990745808853
734283150513614632
734423929401044680
734705267411135993
735456732852956645
735495412109890101
735549458936272265
735907231289549540
735909916714881656
735910706986241592
736186720849267165
736260525230980584
736528935688970802
736924778880122076
737145090304498621
737203000472918826
737218428256723923
737397422510170184
737445602378895729
737499748394621392
737751956050319246
737885065296640850
738099233403436029
738166104738710164
738380130808020067
738596213363378765
738599745098936323
738608803006072963
738767349512894259
739327104204240034
739448208173839156
739575579723968560
739820331107917641
739999948718750174
740107789824118541
740608309236083776
740871644956972469
740906094605544276
740947296011985943
741008703853316615
741034426757220728
741076660554949844
741187230245274909
741219556675552548
741337009701795366
741348043440133074
741441174838255790
741441209197996214
741441209255962790
741441274696412324
741484337426499800
741485084750809296
741528396752983076
741580545445365703
742144184926664952
742175468469349603
742320200301020128
742322768513605704
742571800504398701
742571800649093639
742573122988399923
742798032500658724
742798041090609737
742956515422622734
743274965177174482
743277162040700200
743720094005144342
743750386245590674
743833417972061326
743851252212123102
743917697445879425
743935210627698961
744028601382631235
744143581855185253
744405729243264946
744412079667292554
744417759837037392
744726154258010684
745221239224143856
745537760094816738
745537772979760424
746525290137583507
747130248014300032
747185531913441422
747195475639479802
747563663586739187
747565656401176531
747573900945475656
747597538143502334
748170543994992929
748171643914903086
748335923195620020
750022617917328785
750548078758633193
750605333307625105
750863884034869786
751578956819947017
751578956853494291
752137000883363797
752710946206679618
752715127754817181
753552394989095812
754253948563960388
754469330470639541
754469330470660021
754533953504772946
754643396429784855
754685152379083897
754815117440444698
754816836219652754
754966789984845469
755108007081769204
755158887518294672
755159574713439117
755399860161259287
756330974586601673
756376123947687936
756523316343568142
756740216763451555
756864405680618158
756888876311185266
756978632140374279
757064379303839214
757166907129708560
757256517139015034
757329503164298622
757349635006291875
757602312408711901
757782267662770186
758086605200969281
758196290470576642
758727198475215825
758897264030100101
758997835671709574
759041850196596487
759044049723886259
759466271875487616
759477203555199266
759521157272481461
759575423702969208
759580732407982372
759660171338090632
759783075801155252
759844038972549614
759894161441586805
759952833383454464
760064347247732857
760158536761223306
760162433359121962
760193079861179765
760387123198219541
760486045876682381
761446249303524234
761649095401504632
761756123526586368
761800057709011592
762082301736449581
762315679380151840
762418884712267394
762503404554633716
762562391726137309
762607337347413330
763160067616619176
763181807053296161
763354719089324540
763771060753027410
764087450318905376
764614988106410320
764751031975014116
764803300075694595
764943427306379148
765030826855947469
765235991381387448
765402107980980866
765494643420124034
765512132892371418
765686918203226274
765894738804789443
765949577649537269
766120366330738509
766336010860093237
766923731604341266
767065194300028848
767110132738636321
767130900446749933
767599618249985472
767770825897821364
767887282649575026
768090865145121842
768332535055704698
768393853060286273
768830991952150133
769433269026725237
769598342665308536
770319960628293448
770747186991560349
771208356397517757
771569187174277033
771656922351187321
771658946446900179
771979116709299348
772352118966192697
772421364931405105
772487621926687876
772531343354985394
772548352047808850
772724138446389806
772775572967040758
773563334249945072
773807580111893306
774413784550374109
774449809727286134
774595894980693196
774829491054395514
774895432557018846
775464241931298084
775475663569635913
775489932975141377
775507467961369096
775650655110648797
775820766632230353
776870945535881760
777020675532153728
777047496184132821
777055734539748039
777082163287730304
777453754253276419
777887208557440467
778331022483027889
779105899935248644
779839447551568201
779875991694944724
780069618461179434
780433713714396840
780549799872597818
780708534469679541
781277457791341802
781439695370867649
781518925066192968
782747813241208641
782781897095773216
783030931847508160
783418117876482382
783518665735539172
783574415988155358
783618949024825680
783950586481857061
784365559350342148
784482228211036362
784560342181433390
784922060441850190
785046503768124984
785099714745111370
785151629167824761
786028149698331392
786062383209025433
786062890058262446
786161811945157443
786189821419699573
786204310612281337
786449369718847370
786477273117468974
786695804919777454
786893388736478581
786893760161286296
786909195187951292
786953661240787061
786985995835252686
787027597824336652
787077213344414018
787544166301437808
787603264169295742
787770845721230050
787772485699155273
788702296294822338
788937122702142132
789297881882773877
789533595785183168
790925070156344830
790976166667267210
791395641762845817
791661156978830595
791683768148820606
791812094628064118
792162004914007539
792317433985868755
792333087152455466
792421028628267523
792484051249794388
792648811645242574
792666703250133729
792690353127835773
792695120270774286
792713485786154272
792775381971267202
793083531216483312
793244660456950068
793473855738036300
793493451245593488
793551781170836292
794010342672838668
794678369152401444
795169460310315038
795501149295719474
795591408599667395
795875221050213630
795882610742619395
795926574139628709
796379588434919636
796514811846897476
796838464228373792
797205592012198526
797414856322972448
798034566590819341
798133299679465212
798386772674394243
798544230690528446
799914509686049705
801128137324448947
801412266311306253
801701724743026821
802173477926716356
802233026060677714
802233361126894889
802241452126336905
802268276800080202
802450927735186426
802493819981893962
803579681979646581
803691413336127430
803796262482687057
804146128374252160
804148515753181844
804483923671306290
804717295529698530
804936066277145469
805322418580790740
805579416110136484
805727816248212512
806339165957179908
806986607705569477
807060365245694739
807133504972269565
807279646743212037
808466443927451982
808930353639798328
809134666449692457
809750905380687826
809802679083826627
809877725995984796
810441541548981432
810448028956860050
810835226413872424
811264707590061512
811351698751570568
811702204749564481
811759801309523694
812674661253140339
812839105528478674
812964068259254517
813035569811482637
813106941870745896
813260765565904936
813460329172447264
813501586857240324
813949679762574792
814723267066200051
815781862148332615
815825133072163106
815852118888626802
816122405616354304
816140883699025200
816240108964136188
816598483087163204
816639371406234183
816722911877322021
816789815784718848
816874283653087068
817358902237418612
818759039548377881
818942581514483928
819168845742987081
819234178689218024
819623299817207853
822493924872470578
822620810241080242
823848587888765448
824436702091927346
824772256080301386
825068319111270512
825467857421699794
825987994160177860
826227112110586553
826543537634172723
826709779867241518
826823711919522382
826948349788861625
827163806261556413
827241832101659394
827346556095871122
827498901619932412
827549559024778099
827817837795201008
828064405487451968
828125074370213141
828683321693057317
828683393621242157
828755484276378572
828756027250838592
828887611092099027
828893925053383348
828937943031373900
829213809541853757
829375320561866660
829378528949021326
829446063365368485
829548660478539836
829703940792363602
830984197196654069
831043552573128704
831045503360696320
831100286305559882
831299671003500008
831444326794807122
831444328942356306
831524852378218488
831680079487474169
831680811123739309
831864377282807634
831964765008071426
832016479366159860
832373684709293302
832456229915151837
832613782772782980
832845181015446453
833014086024123578
833162490855577084
833353752717393756
833464806221679317
833505030707243817
833551341538628689
833605543710032597
833886263471851648
834356409023930951
834611671136299097
835293564379955189
835304451812726353
836454566017901810
836765728926856268
836903677304429811
837057620626376866
837104338557599797
837104372917338165
837138272802801488
837138746284430634
837678115596799060
837986206221863891
838270133096456416
838297007451730514
838325852472117854
838370031759193516
838605556438395043
839217499240420061
839316387185071258
839351129130884354
839789975686509797
839826599223798389
839936785808370128
840012222010633960
840228817257507138
840929530275452167
841647736867446713
841754819293771701
841984939302679928
842134461193896116
842232425240918161
842454639455514570
842688215705225480
843017195784802195
843017264504286643
843548758406853380
843691097744824144
844042707225844854
844411684970959744
844575047973648456
844673786919493864
844730494778142149
844842761605433220
845062471899007132
845064291597880837
845074187202530821
845206128597110277
845722436381114124
845846999003288636
845852706184342302
846043423321887234
846132560139276660
846462260183238141
846529290629254034
846611647984288836
846676729981444642
846741067278105587
846741067280202739
846816954136360832
846843580564447425
846932043818580090
848763782909970486
849073167384313907
849270998180220464
849302354685835472
849982961241568252
850191567424577466
850228548257842434
850768182501998464
850959810639966732
851022029101597098
851179041033679928
851195599274386914
851197731354489971
851272613435199120
851523986212765858
851538071883568337
852491514431580173
852499381585161893
852621325371277076
852641987461724929
853253218268670088
853297297719432693
853342496442614997
854661285720011006
854912988038124041
855441178806489550
855474006586329164
855653508458696974
855704831213223996
855826870918069709
855847687749615876
856041059734908894
856589457840182098
856948350460923347
857021983655689976
857069318618131804
857363582452517778
857883101915977512
857971479535616513
858280146001394752
858541538418786633
859324407514865193
859868993311540357
860272122058212677
860333926718192192
860737332091084292
861274960098831544
861723090094510717
861830099464479204
862214133839237117
862395205280578269
862513629767860339
862581328334361312
862592690436386348
862593227307298348
862601867280005177
863249522966639486
863387313544059594
863498226042974339
863511438780402033
863529769513306142
863579509758658316
863609771659595102
863631547640344384
863843218762232544
863925661838921674
864187397594937468
864382534993852917
864480836089529651
864542942709759764
864576565625746483
864616444192685836
864709252057590977
864760616731737072
864764791705821196
864774166671638785
864793400465957112
864953977367175472
865057280673062717
865199238336536000
865384975056712392
865408065535529002
865421171095356656
865441270741814761
865540771198119040
865540771198247683
865591629605598698
865591629611237938
865601786059180222
865680117107338958
865830772526090243
865940855040245090
866119342506676849
866199932469200000
866742037618776244
866975980880408268
867027471727262969
867247838731946633
867261926827262140
867262985861930332
867347240308522897
867364538717275604
867364588109408112
867513013186321653
867712248221843384
868069733273216252
868072139645977344
868138935205777213
868207406848886072
868223777643726152
868635116469463428
868716496970824562
868917121566799090
869159117434845180
869211222951387421
869809596346302368
870005566433329968
871401527499199352
872852962232949632
873132329901210781
873552404072706460
873702952374865544
873772442816951074
873973897059501898
873991126398174284
874000225797382419
874308004569381625
874317024550627922
874516673084683868
874554999891085369
875012153821136714
875106606690123772
875463025276888860
875636067784760850
875954680391128106
876790707212236752
877215422991887426
877364937039591916
877795910922242250
877815380614235214
877898397840839848
877987228449112524
878082918661161796
878202768329739267
878430616776626032
878469794714905123
878469981593744446
878884860961157424
878942182802887936
879689703642194586
879865945420100645
879871161865663424
880665035044847746
881355325879841273
881449767581682992
881510391933354238
881514273982177328
881636786328091602
881636788467907853
881670868809223304
881841239890645294
882002397331208192
882092276288070784
882142559844048876
882424274318524476
882439319523606525
882703616774714480
882705787160816550
882709690045086286
882709692729440838
882717782783486265
882722178707417384
882741545550683264
882762617929302016
882857027652028611
882913338386460685
883013652201816065
883636622069934608
883713318845013925
883728962893967392
883906487871082544
883922146538680309
884056022737415372
884056570345571532
884130817271957824
884684410543195139
885222537378606595
885495994173191269
885496918236799810
885591186605563762
885686863894989576
885722797921380517
885790532194144210
885840116624396227
885908666896566841
885998840173970633
886072007171379154
886083554382761198
886362425210346770
886452371881151939
886783309626003344
886810891829695030
886947507058254341
887127766166880716
887511977708457726
887543129018152707
888326594317597946
888488467147031030
890633340102275368
891580395396682069
892412226852956978
894161604332241788
896231787460820808
896491188784366352
896498850758112329
897522409269639118
898077959694076416
898502845668587844
898614240778857491
898750684931519280
899032070854513169
899032070854515217
899217216797314289
899529373647441553
899916585152413165
900173949249093625
900306033157993284
900436077857063368
900448331792365840
900528051979075219
900531889644700496
900701762238642626
901610237813928817
901720345168552568
901796312656628992
902066770990484616
903201145563154781
903298362924535876
903307015075741169
903322717211917029
903573300084804660
904433373650490563
904909416666801154
905223474241511977
905226292040896156
905354378724054084
905824410655428131
906214038314033984
906265767979506753
906266901741743690
906715158446023305
908302157659285674
909743282943759357
910005696408146398
910294462482081020
911100763832816784
911110294538606505
911826422933897154
911979512559026668
912067478189080616
913216264532704546
913844761731925070
914477912694092796
914840379363726094
914875040318333602
915160860899213250
915238337545188419
915413697793180461
915484776457642941
916517780881291068
916685645278666298
917042271177883841
917293674846950093
917323720436500008
917323720436502056
917323971333597218
917371461106032490
917816581329076819
917828257573406948
918187644575267020
918250875646705122
918593482227097084
918947897577374417
918981494247130019
919007515506660114
919083849235542346
919092472909458339
919358428990284712
919476546892992200
920085401581178052
920303503035315180
920370449639656910
920840133551190912
921809649030099870
922111826649415492
922196431840529612
922262143686676178
922334709848071848
922336910482375616
922337203551259854
922337204217663509
922337204224152833
922337341586342366
922337350286986444
922338299786641429
922339979951291718
922340615829868768
922391079755404083
922687443958287652
922937683600002254
923047927984936172
923233305309253581
923270335531978101
923306267343140849
923397220288422026
923449836274839852
923496119059422689
923559889743597292
923581839499466669
923735510598602953
924152819291112930
924228633562510624
924638559372000205
924917278890394562
926986051733772117
927331525797554441
927583485613325564
927587383165962269
927809486784774156
927820996725998099
928304300247479048
928305380673923674
928741810355639331
929010488672025029
929934266662264878
929991046168519636
930054898119279443
930707956232828414
930737690138837632
931120116873067552
931727151231294804
933068849141316609
933146446243295244
933298910461068624
933384267981913848
933433360083747961
933577150553748720
933691175932331689
934017174753512637
934588976990007460
934769941608565892
935047366843039810
935379158395305297
935555615484582912
935627229210034257
935636896387695024
935666872043898865
935697919264083700
935814137609645260
935874146927196160
935897752082711296
936128445484509236
936128684413885337
936226643044456501
936253001653628910
936479352895508558
936497484873905524
937084017943569196
937652656247332509
937779483644906627
938079263566463418
939574706425852410
939643009286272142
940159957337317514
940181528993334202
940363405534470778
940791348618002377
940853686687500771
940936412822259970
940952201893490896
941022403155521656
941375502297601196
941413146406981306
941442574349521790
941558709986700138
941567121602071582
941749180530138369
941903186511792222
941982271236482184
942068112453777540
942318275193776018
942844425822798384
943125554993703425
944499534464593842
944674203704637465
944793654193094785
944832456693120350
945249458655983864
945336565944885892
945625435004996611
945627081517088008
945759494660973790
945814097352419236
945826209092938000
946322866271439100
946398165555421713
946576592466208906
947013419662650660
947060014002331089
947199896030615448
947295530434627416
947889601860987525
948075810957107472
948163063337360403
948268704565574132
948379202958099294
948574588660584131
949923209282584036
950135009413643780
950576128992017832
950584461725540648
951389429323612336
951477556786230339
951478042780187376
951487439778892988
951523170874615085
951597292152950365
951712401289872222
952301297355455741
952360975658112064
952408947033638885
952475995349017886
952590635310273404
952655515723371957
952801659787980638
953011469929624004
953109845908261198
954180336344829390
954623693426709025
954745391192817629
955031455811884374
955156584530455162
955405510168736291
955469325466218512
955651342577954864
956282621867855482
957089169337578740
957340567862816054
957524824460346833
957666169794680029
957723225112909192
957729611577951486
957877080372712021
958110498272821738
958881336975511524
958974130446896632
958989811354448185
959175443593988581
959332048997490213
959356788417275042
959626887269155858
959797480623948336
959904413944161956
959908811938243236
959908811971280558
960626457093209588
960872308113971114
961761562128147962
962403947428281516
962908316294509138
963029900150351827
963058416621044224
963394106320312313
963574023925403384
963863538746274350
965254475966066298
968488541685759315
968531227755194488
969241785262232436
969758064579359354
969915067581213557
969936235245436709
970033850267837621
970841686360860721
970982423849216049
971097273130671825
971212110099207029
971228162227626836
971379709577185292
971406528243124945
971448985687763090
971884647091656152
971925676492853598
972187611462358213
972498286574293504
975120985001864705
975120986210020865
977458140595428940
977985485649407713
982373992016245732
984746689153943242
990153467111079418
990759292105928768
991364917077090322
991813637357457684
992334052948739923
992988550020713612
993743527019961682
994174015788810304
994191281553930097
994815527449804828
994881550346847549
995677596183241246
995715598509233213
995885828345074209
995989962269849524
995996350290329557
996004155602256786
996035574070819762
996149275349700128
996210776224229373
996341239169417458
996549480760499578
996664409625460936
996728769542361412
996749849580630498
996850071362725370
996960666419865981
997079554073154722
997156308832004370
997413157941364178
997413157949793746
997415219525707222
997531750371545361
998429137646712624
998600654741916606
998717561313757917
998735153642539741
998777399498018577
999375576982788024
999421125210234681
999469173466391272
999493702363501690
999497068406103772
999720778636392314
999801828238222276
999803511043850028
999883919933863201
1000071851482274942
1000083508751008625
1000166919919083241
1000524504914510836
1000632535278980949
1000639126680143901
1000783747218472976
1000837034975134909
1001136669400896384
1001857956798081555
1001872091118315692
1002765595356291776
1003073774833635204
1003073774833647492
1003234698008693523
1003380003640918868
1003464273680420484
1003466472686898820
1003535061792861946
1003586953141373268
1003812880753064451
1004489577240318689
1005079200623173196
1005376605016000882
1005536290697378797
1005627594001678099
1005660049321877184
1005670496340350128
1006436372216761821
1006832132546359268
1007098746294409184
1007245529842081106
1007245529842605434
1007661124402509748
1007722147592924234
1008261060836213251
1008468181226712808
1008663552491070460
1008875553337574147
1009407870695720640
1009648538969080265
1009829571305810466
1009966614879118580
1010295096655891369
1010329316807822209
1010864569021513776
1011006180461129226
1011823476162415120
1012184707204907521
1012194904800230321
1012348553506359593
1012529260662927363
1012571794159862433
1012935348451466874
1013908672078347962
1017291101663472478
1017390511080645612
1017532040809021425
1017536095354631360
1017550669356171452
1017831736471344365
1017874436384144840
1017878903154851144
1018069327808575541
1018161495019687630
1018331235438559264
1018399229042970558
1018445168483831374
1018580984423581868
1018962276007076898
1019116705682292384
1019129994258452613
1019129994262852129
1019241669350421048
1019245377509121344
1019254903748427773
1019505654906300746
1019568246203698820
1019845616522305208
1019961512676305374
1020991699818155177
1021111725496542915
1021243961810686856
1021384420382070077
1021491180975673174
1021509865484517450
1021516813265263994
1021718981087590534
1021918854916863989
1022012913918845588
1022139416672019814
1022231358002425976
1022321522203740930
1022337965264261938
1023319782099758121
1023508986017612290
1024435728798930073
1024441246221576757
1025130487401414396
1025338607738590492
1025410359261195870
1025502727505578626
1025576119363125776
1025670627932132153
1025897649171239072
1025959788898514819
1025960888410142595
1026469780830306148
1026536478323912572
1026592944262689114
1026692088338840464
1026856627013466740
1026891969372091380
1026947163109670970
1026964556783416332
1027363633237866532
1027508107816858700
1027892977236496381
1028024561159193461
1028038642323300362
1028066392182769469
1028894350341527456
1028947443162337924
1029101263995619860
1029814214908128002
1029973927596626734
1030780043691689988
1031010931074432746
1031853720455311664
1031991328619799129
1032012366024598030
1032057829834327988
1032307222192188658
1032617241003334886
1032796169714157700
1033440291788840680
1033441375290271198
1033559587443076670
1034841870143983498
1034912287984437560
1035436763013708978
1035799202432362953
1035822816697722920
1036905298824003549
1037046193409458254
1037209306413048202
1038562753950665638
1040609695531270184
1040920553112665768
1041508222585227637
1041621188600267548
1041807188463290193
1041970424408994749
1042597456892429580
1042629497069572097
1043149875643924702
1043181766200076948
1043489497577652291
1043708923517204780
1043887180222552195
1044425835664367696
1044680990611422212
1044699646208319032
1044843311827914016
1044871225367269635
1044898947589439780
1044969265415127049
1045008236700122488
1045011316379784313
1045090561673893496
1045608795062444692
1045722922994351086
1045824493428340173
1046006008600764610
1046256938846796436
1046257076150472325
1046281589812920190
1046688112414538250
1046827004536270409
1046849968887597699
1047153016152587552
1047237863294508404
1047299189972928708
1047344821664957809
1047754817686120168
1047827137974848033
1048066233476007604
1048085321520208601
1048206780859465085
1048221197251612668
1048587167012517005
1048589372480844941
1048795696309609537
1049087972516377534
1049195699187963165
1049234602642180896
1049690566116563266
1049737820743375818
1049945114111610553
1050045349831066362
1050110329943476364
1050325363974520722
1050447057219463530
1050615390396834442
1051364809639540882
1051500259273952776
1051584503836198353
1051689732101098781
1051734143798980514
1051768725202707116
1053019272742325498
1053279928647623404
1053850539664867524
1054159284173144846
1054509786670290133
1054557785273828702
1054604549876780576
1054610567206511138
1054674885790013261
1054968736852565984
1055117888536047282
1055173459243600002
1055380827008925696
1055821398536109776
1056102404201838048
1056172905174671380
1056286802612135389
1056702153295441605
1056865785026039266
1056914411557792478
1057207212393669549
1057863300936254702
1057863438375077102
1058588493118638836
1058693495426808312
1058857494233495098
1060408003027985273
1060408033092756345
1060536102878244480
1060537261193701516
1060747972573888229
1060760439223975913
1061312488641175498
1061381312665149970
1061521585758281657
1061641848842744972
1062444908445691912
1062488455314804558
1062605431089127950
1062605477391122290
1062833374310163717
1062841541624387060
1062994511090976697
1063117377408957376
1063121777737169600
1063480438496090066
1063573574025864017
1063848228652327090
1064023875048446976
1064107682143903668
1064125691726381054
1064131845992925884
1064254619455868537
1064382264562139136
1064727748514397425
1064822826482598236
1065168171562157282
1065716705659397320
1065770554533882816
1066229419346837476
1066329389321916734
1066452389479632108
1067050526086843596
1067069350780833740
1067093151262440194
1067297450333052652
1067346319178262769
1067372838477056221
1067457116821813556
1067535211603048848
1067693763532650372
1067963882783989332
1067964440151850964
1067966639458308961
1067994659009592478
1068139941841740922
1068399331849073796
1068690022972963444
1069468868255664660
1069529302960164085
1070977088955150448
1071033142980790160
1071789691581251075
1072382829776420804
1072395820169498490
1072448006502944930
1072614158038479486
1072747493213031122
1072945779729842116
1073033565985471314
1073203341003603628
1073499381372027972
1073524353863731753
1073589001718899961
1074105314939473848
1074165081008295116
1074177812845152517
1074179462920929524
1074389439536387004
1074521191008914762
1074578735613901758
1074822746897537364
1074832058193248768
1074927282030370782
1075233922663088176
1075793826848961313
1075819717052716718
1075901588379038882
1076060070966382286
1076341142546728078
1076505412418614028
1076505412452128422
1076574889658847786
1076871021237924746
1076996653354401904
1078628334810626869
1078861961653060830
1078890651394636540
1078897100143719336
1079240484290707688
1079514964752843004
1079519196022276293
1079531247635778574
1079809684872040340
1080024305659718160
1080057025443834562
1080336161911714030
1080854972734171968
1080864051431442421
1080867668733349884
1080879578863741882
1080904592297681376
1080957909591811446
1081026128350132861
1081070317837741058
1081143125352960677
1081167160706139164
1081275093503506768
1081492871988116033
1081655688151389384
1081708271011629264
1081766149793004611
1081813292555051032
1081871032164352041
1081902386110451705
1081922788580396035
1081980520429977569
1082002795405476306
1082883984344141021
1083124659162981123
1083331228608889656
1083477038709485537
1083688093972106883
1083767419072657421
1083780678591654197
1084222115084975888
1084615628793253454
1084810119956910012
1084838660941348916
1084946281581247120
1085024724242831357
1085186945479230989
1085279836732202041
1085383469690837488
1085424685014896643
1085494195755024548
1085557181324704270
1086035526904514512
1086054217774404419
1086101474063776349
1086338284423995329
1086371554628026336
1088027801255630836
1088762703453871396
1088766505659591441
1088869707836958570
1089330773449404483
1090185881405331381
1090385964876907395
1090872847626383604
1091079880181263232
1091159240210133763
1091323817738614704
1091429370827102128
1091465104956561338
1093794118583857185
1093960393587440672
1094376940719253632
1094384330215806217
1094390432932119200
1094445092020678353
1094564382726929086
1094605671359319746
1094642713297559516
1095111260726018048
1095182928867267456
1095654913203477885
1095852862695896210
1095910199841562185
1096274665539841986
1096596408070273032
1096771563714333730
1096905188188236236
1097136927267488512
1097150785738973188
1097180655595602592
1097715004299100469
1097772191670334418
1097838691708606370
1098377086186292061
1098667194853817661
1098854376065854576
1098861520066982114
1098932120778178764
1099036984713106114
1099099379053978880
1099168630337434384
1099584229761960446
1099754525623714788
1099935441751446901
1100287905332513586
1100373427861836500
1101156639748249614
1101205112662815856
1101234017909248981
1101656686211384058
1101673333097454762
1101733357400085740
1101754795582816629
1101867275420355746
1101940798451349877
1102048967753872256
1103131532577178926
1103172169274526849
1103200707563371689
1103226055215089812
1103304891239941356
1103368659928341816
1103464256393615401
1103616399074861298
1103955026164368128
1104137170694458536
1104442836683602413
1104596607380897568
1104871325249498370
1105377898510807509
1105611439063122868
1106975059615494723
1106975460676609928
1107299682571145256
1107313618394280372
1107366001513468221
1107500034232046372
1107506461419590004
1107599103069582804
1111110900057036274
1111267282120154632
1112469797564593145
1112837317102711954
1113075834370716169
1113233874071302789
1113731082295967970
1113762888349153996
1113879839629124605
1113941065198149641
1114051373538783866
1114381363756665536
1114498377026683450
1114701694397313852
1115340161803731020
1115350079035802368
1115356293243379886
1115367737768337364
1115628298541148130
1115678759692499715
1115704170654338421
1115917493333088579
1116311969479122816
1116713546906157234
1116895044251451616
1116906996810088117
1117031656893564276
1117039905298758525
1118321910299033218
1118880648379876818
1119146591551219756
1119353450479123946
1119359651828731209
1119890379566048604
1119904943093485557
1119923506843651589
1120025727488876033
1120531053729951462
1120546745128660813
1120628076800037353
1120903783804570746
1120931493778126117
1121393558436184062
1121477061500638465
1121537304431552873
1121600813693485262
1122170933268841420
1122252002190112771
1122292100712297746
1122523281020226285
1122539180967098608
1122681929934246502
1122738636833278696
1122855934457347018
1123400879979086114
1123535695903232224
1125036657040813948
1125352294293650418
1125494406835859196
1125595835359897665
1125760792998706749
1126412846741758841
1126959629804169810
1127063446653848178
1127309670772347900
1128243503878416569
1128910746340292384
1129020178031437059
1129854542844669408
1130033515302717392
1130053169792677936
1131437248978132972
1131685446826214088
1132547343208431613
1132577209135655950
1132593089919435005
1132783888017145018
1132805461041564130
1132936265408044080
1132955135199277100
1133229576603031362
1133422634165250986
1133499387213634616
1133691854966875148
1133812180742779848
1133934088181516869
1133936243212021984
1134079536177274884
1134150441615610581
1134483763552542578
1134510455859479508
1134805437300531957
1134836460480114866
1134857626560445040
1134889774729398526
1134912381623632752
1134945838266182374
1134968590102692338
1135532706794245184
1135727674492189689
1135901387165401640
1136035248714344564
1136240713949462304
1136304858829148085
1136879702603124098
1137083946950459840
1137284352580530708
1138038788988399885
1138185284855592800
1138215086149590944
1138228236244693660
1138431092906477890
1138597326227252302
1138691338398457726
1138895575915786272
1139398608898833660
1140077714987033052
1140193815987452160
1140311192176415712
1140331043179016901
1140446655061486084
1140718379250986794
1141033996484731701
1141594854439122064
1141618035418073540
1141653008260907704
1142570831618244322
1142841075589497906
1142869163228804552
1142937372064894156
1143173362778855088
1143207529060042525
1143315889492475894
1143408497790581824
1143607345033557221
1143706980886767365
1143724971373352121
1143791116661563629
1143842413549493742
1143913068393057984
1143923162106888853
1144475362437023488
1144539914454421192
1144550429936463400
1144741676114290156
1144917003064109310
1144987420632023840
1145198323427514637
1145867576021116364
1146310484224311185
1146536625836509134
1146787381599506701
1147889180160946048
1148110034203968414
1148167181832609789
1148268689563830784
1148365044929147849
1148381950189304686
1148438868565160498
1148457743806562977
1148508559445592880
1148625477238992092
1148675053936427378
1148675054003536370
1148764323668098994
1149033499952373746
1149157475592864213
1149535285066059720
1149542256432839584
1149554585471888093
1149684543984990284
1150102634773587250
1150391884780348329
1150544675419990240
1150647677381739105
1150668944636162052
1150736772952477605
1150740684499646010
1150988544580110208
1151584441702137717
1151745737086541690
1151746836598169466
1151796431496651682
1151796588170292122
1152060400763927264
1152074046644722988
1152170112690476021
1152217267407303181
1152319158956768845
1152356619025335541
1152460831583047652
1152498180764484552
1152538474534792596
1152572753282138932
1152583867306910420
1152587238880806653
1152790562853584633
1152863376830881102
1152886320181275194
1152921453067185288
1152921504606859256
1152921504607504642
1152921505145817444
1152921505752171528
1152923001969717492
1152939816086333904
1152943563578352368
1152956736231964674
1153001670929582545
1153009574604665972
1153049065400049664
1153148021109979693
1153187941221055121
1153204083390477325
1153282831883976937
1153306400420098922
1153469416733578161
1153708759043003528
1153780236953906224
1153780255207521328
1153783537985023674
1153803258077815345
1153859349390899136
1153894749558739202
1154035799525489757
1154064893237226538
1154198519489274933
1154325577653047438
1154911600114405188
1154973470949460932
1155019922884950082
1155028444100065856
1155067803971088368
1155136583830110754
1155358337909284498
1155581003068075770
1155589945512400352
1155675489374386041
1155682782195364778
1156219251866200964
1156347602517493980
1156656287993306761
1156884730538753600
1157127936735153816
1157385837275709493
1157387513820364113
1157442765409222788
1157490046287233089
1157494702031770530
1157503220882349888
1157701626320552160
1157772890218626513
1157958296313039594
1157961717178379486
1158339348194665598
1158537388689322752
1158565337055953052
1158625752887819106
1158684938945726689
1158729227088615358
1158813436696771001
1158855029877242508
1159110644805261302
1159398151621890396
1159480430199266874
1160680362166116945
1161021850056311104
1161023814650355729
1161153819938333598
1161216345569584485
1162080346623700784
1162643373276055570
1162646464919307017
1162755666722935672
1162843643835884860
1163990786392506560
1164077919563249789
1164132450407457144
1164133258302940297
1164180650733291448
1164347042329241612
1164528305582962596
1164792622294228593
1164977241861158333
1165111007497848130
1165158690426683602
1165160889349800658
1165177815424736977
1165214362161284418
1165276410720415313
1165373114415033908
1165627944709378344
1166218072634640670
1166448864881774072
1166490234410229262
1166710983586993613
1166717128507685797
1167140335848198012
1167636823561776984
1167830053535925434
1168167270014708794
1168636789636856328
1168684158079206337
1168700473637276753
1168910876202155696
1169035878488847276
1169255934525394572
1169272945547987004
1169303395711842132
1169450343731019650
1170672570081739797
1170685760880378744
1170856812173873732
1170936453942235341
1170967601329878796
1171005112562369052
1171021522383332356
1171169354084385821
1171481388854210292
1171502763249966741
1171627019683046036
1171774662574756745
1171947991825912105
1171951320345768834
1172207629084286693
1172418300642276782
1172664083071273482
1173187792720883701
1173509124316127360
1173769517701571266
1173844862656304509
1174006783122322397
1174472505142215680
1174845015384777245
1175036236204847168
1175079484262382885
1175440087929344077
1175670614819769264
1176007748326763780
1176293327954598570
1176301312094307313
1176371852377314488
1176460167930749012
1176492139164484428
1176722447339675688
1176978498154629470
1177204241090480804
1177480964218849832
1177562581948683624
1178476920716982226
1179666278041844736
1180057455138128073
1180514062253484968
1182786605575563168
1184022905002101061
1184393808255076276
1184707002750646946
1185506691234938658
1185761446935439854
1186111394005108666
1186702932758841570
1187000931932128033
1187192123811161200
1187314236146192608
1187669095701506318
1187748018756025000
1187913470215720400
1188010021571001313
1188146132132827210
1188147612754453821
1188513589741752482
1188585301549744036
1188686427491744526
1188712046632896990
1188959355589705802
1189212966879873096
1189375061568363232
1189604184090590954
1189714634677635324
1189984196754402381
1190110279014166510
1190137857796374457
1190233380005641037
1191032015591535454
1191056916512506129
1191167367464622130
1191223056295710880
1191231756932278265
1191270812425529634
1191506212911619805
1191770159185410658
1191813904093170054
1193252412910486858
1193418716881029240
1193465402995836393
1193690701584782646
1193776412378720072
1193950811807121154
1194096360736249821
1194110387276304860
1194508651408915129
1194508651411012281
1194534931975389256
1194658237267825028
1194818260486939973
1195892472693737745
1196779158940753957
1197193469102121908
1197546603685827586
1197667280330352517
1197960955242299970
1197971313492263586
1198108311448062293
1198164630754173217
1198239027405266946
1198786975911624605
1198848124627015304
1199026282988777505
1199227438273929800
1199369441620188944
1200174812241633205
1200185796810629278
1201674333378564392
1201994226152198200
1203983450148410989
1204834217572553986
1206582074160326400
1206820677739214208
1206921625452331685
1206965893324361281
1206991059227170634
1207944968372877774
1208240333273048974
1208314955255041262
1209419566056911409
1209552217305289792
1210155794551012802
1210337985019678664
1210689318333399541
1210819839946916029
1211228925307850697
1211339245411758482
1211442230615891757
1211456080512240916
1211469059284990976
1211746790207908913
1211783460565496296
1211953454257212174
1212074678077976004
1212112869817733168
1212171989359468770
1212784821096933034
1213122516000997244
1213131549775648237
1213489056911230960
1213529559694696330
1215066646306294860
1215645309684580756
1216189134601571550
1217165773182797580
1217585180464281049
1218171097321534968
1218377850643331069
1218412231819524922
1218466909905401785
1218599643403745148
1219366987818476682
1219622188006435836
1219721599707858402
1220273267762607120
1220418365132471086
1220475499017536010
1221337010060344394
1221900813319110880
1222711079928059900
1223061226702158394
1223089125227737382
1223712251061279804
1223928300536610824
1223949818322222625
1224080595563549724
1224498002937199105
1224690890043149442
1225053915180470918
1225123547016286861
1225209771937432497
1225237638237032368
1225278166887576626
1225282447684464605
1225308868618498592
1225538954409214801
1225789614777359058
1225847374505308964
1226163797054949280
1226240776497199132
1227130969024618496
1227243813413084829
1227261697788821482
1227271766112508782
1227566649302957232
1227898120224640960
1228028156893593276
1228061334848650514
1228721822286969678
1228906008466934536
1228958320833952712
1229335366544477968
1229486186876143660
1229781799827448844
1229782886720355666
1229783767918474306
1229820394957160685
1230007319755441320
1230195225508969849
1230219970528008413
1230341627138030353
1230383272380124388
1230454139202174480
1230605015202336593
1230646657298997285
1230741764905818184
1230760319338409845
1230793547299423389
1230895767981541290
1230896567637633369
1231073760315768828
1231331967144785530
1231358316613826160
1231586463990544850
1232554534441645348
1233118904561235406
1233224736382941436
1233899252418054309
1234079283447949481
1234173128800658706
1234333651318460645
1234358089387015377
1234797865773891584
1234882147254345788
1235114427781615108
1235180453571625560
1235366880853698642
1235367346869267193
1235372953691241178
1235530240915503290
1236049358235192637
1236088115933718470
1236130750770018805
1236148642021852624
1236510381997360213
1236573295367723516
1236573295367731708
1236609683937744168
1236647687053115396
1236803399207472916
1236822523501412872
1237052271801120082
1237265702898012678
1237441854880432432
1237712885321829290
1237715230629301444
1237783315459458880
1237953230456575236
1238007924946180714
1238417248232546274
1238443492698360137
1238519872159208468
1238768422207749461
1239307928730524704
1239366427822297856
1239704532359991304
1239976727856621858
1240654662595487916
1240735100134260733
1241042910900578588
1241358532096371854
1241560975375736946
1241721830938628746
1242954644577404281
1243132029252823220
1243166170101937618
1243490859815123550
1243918314826935306
1243991432469955664
1244170072817793628
1244441095121499614
1244558450633015749
1244786097318187004
1244871868960646506
1245124164254925962
1245392519317836960
1245619518673752357
1245972277874861917
1246342010781029850
1246509008506751581
1246919282169655156
1247016681623657114
1247068201362280433
1247461654711500074
1247554607730742210
1247810582547555654
1247880814525411468
1248127323709733048
1248234334677735645
1248234643647076552
1248252098654215389
1248323674512785120
1248457333714315842
1248609106746717444
1248927640161557802
1248927917868036682
1248983178542153001
1248988785651576192
1249120729131596381
1249569767767862861
1250744940302399818
1251482065746013180
1251488680967284781
1251948534609195056
1251950049573602526
1252729148532791204
1253315869257992826
1254424327733671720
1254514261117087400
1254779425395645958
1254964700228003882
1256128912175834688
1256493979830833116
1257610975422095170
1257616235131330442
1258006596821909078
1258634198626894600
1258835441117340744
1258906319120747406
1259042519501046222
1259112583813750765
1259274530749080588
1259443290537718474
1259500937649053818
1259615167826496080
1259624017072239845
1259774046176779624
1259790170776464337
1259791090389256824
1259793469311343569
1259864229758832158
1259969964742020560
1260084267381429185
1260097504078472098
1260201684931318533
1263851976112548218
1264054127399613929
1264062926713861609
1264124517140813636
1266027890729311892
1266911299380090952
1267676249073885349
1270861758302455808
1271849606801104469
1273957208468422705
1273996475757975381
1274171424478800788
1274682696337652526
1277121055211327197
1279561973184107677
1279919829642009240
1280015742460942174
1280225018634682428
1281342516182790308
1281624928313933568
1282261251816150498
1282563601278161822
1282691296783923425
1283001786996768765
1283535587052396794
1283559382433267274
1284125436856681098
1284268910292860218
1284574853100381369
1284818408443101213
1284853709014179309
1285013738005275901
1285118736786691110
1285190507496279370
1285205841124774592
1285625077634585860
1285635469705564509
1286441375216147414
1286636798999059945
1286714981182698630
1287048760178103266
1287148909220652024
1287473005225728937
1287507130997515324
1287709672983232580
1287727994787589134
1287823610744655856
1287865524010086537
1288124689060718906
1288298592942161392
1288418825700635645
1288449679842519541
1288878477229613545
1289163474138231909
1289181202956055598
1289198658518709477
1289284199007724258
1289284199034987234
1289284199049667138
1289321941394191394
1289427135561278178
1289482971418820309
1289564574481130050
1289673887309012553
1289701343475388774
1289868459448590949
1290139498475350202
1290224102921014325
1290245051938457685
1290460378897205264
1290649532938040530
1290686061529131169
1291285988331270368
1291732070083208660
1292016790360682106
1292052677897362074
1292102047994070132
1292145599749323533
1292155812929872042
1292277940901937106
1292818088894111029
1293377448204848256
1293746557969706986
1294583040587764257
1294606734552269836
1295430220393564120
1295579903313655804
1295944523250911561
1296244860695897264
1296271414898146529
1296277454969927801
1296288994199289057
1296652508590580558
1296710583068958900
1296778387162906812
1296790745118913856
1296918665419340110
1297036692183191025
1297036692754285636
1297050698557389898
1297104721762579458
1297191981339714525
1297245411673923093
1297379402716797641
1297655786420570454
1297806351423180292
1298015485712914236
1298156223402600252
1298329483418440705
1298393316602450076
1298407128601479304
1298524444277770325
1298695685356699845
1299218123765792704
1299561170302138124
1299690176482924264
1299872739198868118
1299877137126431126
1300335220283442944
1300995999484899400
1300995999484899528
1301383063481086898
1301454265859912180
1301842234002986473
1301844752375259432
1302401985677152092
1302548727136184674
1302985680437680040
1303210819470457352
1303640223508450237
1303749959248586620
1303766794852967913
1303785418532136828
1304538240863840925
1304585920973788101
1305129369098981028
1305852366656961686
1305896738281916217
1306006633843641258
1306011791754068549
1306055275115202420
1306145377301472018
1306203020123040761
1306220540282718761
1306361105269727610
1306381428975522984
1306395448897902494
1306404613489849472
1306654853258891394
1306756752056404468
1307061134489174656
1307159498083437489
1307189440734560256
1307452009109279209
1307561923738724265
1307671809803512545
1307675811513202749
1307769948512190466
1308027421922396282
1308027421955950842
1308027421955959034
1308110799943210568
1308239492437004104
1308265663825137233
1308282513349159397
1308286910825245157
1308473959347358772
1308474439849626538
1308503105251419168
1308764610034279081
1308828665364833873
1308896735025342084
1309010423989954761
1309031765347801772
1309140294430531874
1310065319586665557
1310119296521439557
1310423621974174212
1310535358586856936
1310582757070508034
1310848123156725972
1310897138909854912
1311378066397991424
1311447063808148352
1311910495223775318
1312648185869779538
1312747812688046028
1313017058538929609
1313075332752883569
1313362167826688817
1313439438215348245
1313441782786162688
1313555555376321166
1313797313196720265
1314275089017880594
1314276827994083196
1314417843831081513
1314827424340581388
1314834509226850082
1315073495156787716
1315136710441757700
1315156072696713768
1315177689786614144
1315187376111110194
1315261416545979652
1315315268192960832
1315631909624252934
1315701646953740804
1316076823161279057
1316256143003237966
1316287605218841189
1316360906254309234
1316470098093484681
1316493724230948130
1316516445042281189
1317114490820446761
1317156150641075853
1317296888130481805
1317296888665777294
1317298508684018973
1317391211595432944
1317535196467509390
1317656933753338190
1317673596430439572
1317677467421429266
1317816064740466642
1317862198277430544
1317887468981235880
1318800833694199124
1318968172829666788
1319314115916466048
1319445844878027474
1319532970632610364
1319546488784989837
1319568151246012610
1319572979312356852
1319744697990887950
1319783118962593745
1319877047487187696
1319917122949609445
1319920819022274382
1319950098147479570
1320079245032769594
1320260717536537525
1320503248381583424
1320725689676400718
1320838173124966161
1320866036545414309
1320971925406616448
1321005570206239202
1321060310166623956
1321191442927929660
1321224633756475680
1321269195445870501
1322369440649575425
1323285000787800761
1323298614083908474
1323316357292664285
1323374575267936508
1323491578060153682
1323653982031674196
1323677076307466641
1323686733449617117
1323697962295440244
1323704074536346180
1323732425629903378
1323900378974697501
1323956518140174896
1323980741760444769
1325366610779649136
1326163855899152964
1326174542292761058
1326192333571312265
1326502000444523614
1328646761331871805
1328689032783781316
1328796616476714321
1328843245864297000
1329074857223054221
1329209519466872185
1329484693635742392
1330030322406192286
1330070239613275058
1330135818374303605
1330248343636582933
1330813603263939568
1330942503836537300
1330966407425947005
1331012011379130234
1331073437480768970
1331219032865051304
1331442209447867181
1331505798452536501
1331611336810788341
1332268434590245328
1332887522038154582
1332887522038154590
1332984027182297466
1333021005830241845
1333028736543752196
1333202118225037472
1333280461726132736
1333324158317110064
1333359106316714208
1333558928446305428
1333604983402859137
1333644018459937698
1333662399759717002
1333763320058013732
1333813257541495326
1333816271469783092
1333887101818104325
1333989126219366312
1334139184917135666
1334213183298604104
1334289278875370474
1334664377889597813
1334692812578967289
1334730691011199672
1335122125607939072
1335385996206410146
1335386002640480546
1335727588375531796
1335818943111872329
1335890426945174798
1335914232935129226
1335976609359725929
1336015405587600866
1336025900173586152
1336356670884463793
1336434965195931962
1336446138871948474
1336463271567950880
1336463271567950882
1336720310766141710
1336730350978734056
1337006825850513340
1337044747218362645
1337222399284947713
1337570260223588538
1337585255498074781
1338041945088665870
1338166708838238345
1338449194718016717
1338564443995526284
1338593973880496145
1338873000893192117
1339003394289493902
1339088017748870617
1339202757483037645
1339303756344713908
1339878468200566754
1339966610605614250
1340006351713359298
1340241678820873001
1340816246091439170
1340896393209267026
1341271948853065541
1341276645454000013
1341300439578699842
1341476763980263042
1341711913673389094
1341771469714270669
1341942828718299120
1342027197375275072
1342036391419961494
1342369372084959732
1342372461712325284
1342717095891888712
1342729279791257041
1342801793924967341
1342821036882995685
1342942701816706312
1343195782421484913
1343800316487049538
1344200238216824994
1344307215974181024
1344651006230259632
1344694222108812794
1344709096778032337
1344740252688720020
1344744277250905144
1344787033837226170
1344967403400195821
1345016160290742088
1345044360362214434
1345303641905471952
1345426794142018857
1345463643806403272
1345755700016084777
1346198099595420924
1346298815487392042
1346427488177875602
1346428256810357058
1346487046578222570
1346568703340849978
1346859151710210336
1346956367456084250
1347174474485797836
1347303562364182356
1347581010837048248
1347636633441370644
1347866611470083193
1347890502799018653
1348214697857783769
1348263146773794690
1348791245619165170
1348831078969643184
1349031129933801466
1349360931314246356
1349575262566959509
1349643301615620712
1349864462822878546
1350259398008712714
1350692779664928677
1350697936031142889
1351009604831623820
1351085333357510093
1351088180419380408
1351294860984183012
1351471685692641154
1351922058990513550
1351926526124241344
1352090561968723113
1353458733949895457
1353544409846506578
1353587118871555716
1353974123114701876
1355009337529760741
1355269026313031477
1355392348338377220
1355560716706594677
1356138398449019796
1356235007421026772
1356437383494250617
1356571085747126901
1356994306747475128
1357630592888453700
1357694810581852637
1357798922839342461
1358755779833410628
1359191117888950093
1359330323701558916
1359558482084574412
1359869516992516274
1359915441099134176
1360372902329973844
1360459328955847636
1360682649905486381
1361010493377920829
1361065651664520177
1361069903792116945
1361249315034357020
1361512259671510222
1361567429945064924
1361605335137822042
1362185909906047530
1362192652519685777
1362193438866587568
1362320276645098300
1362823622242570397
1362950069891749725
1363228242521591837
1363780149582292130
1363792356971989017
1363826132147976572
1363995849354322232
1364001534934601594
1364326752193291545
1364488126057777292
1364612755847817553
1364890026120313804
1365369765971854218
1365415583282038658
1365481514853142762
1365802492704583720
1366111785695171653
1366536779384700088
1366711169015593730
1367912001372749774
1368568721027612848
1368613851998571900
1368812811743920434
1368826831325804609
1368894899322744800
1368971400182677033
1369050028309823093
1369231330522969901
1369272951664170877
1369436780554606557
1369657833628278058
1369880454585611265
1369958279790141366
1370211365791717362
1370466256597990541
1371064680493400112
1372052179298418288
1372179439407413454
1373396322724359220
1373510954300722976
1373526406566181344
1373532770618263374
1373544698496675962
1373550681614406741
1373809605220857888
1373981970316476936
1374181719507084461
1374768178206811193
1378607617601401524
1379209003486432032
1379260097106822449
1380258728630157706
1381082363011967157
1381427866446021117
1381748810535855416
1382011861267893424
1382035409539883158
1382587727820877057
1382598249022357504
1382601665483423692
1382728243937692672
1383498631742670024
1383505805524997376
1383520013737726028
1384088672652922597
1384629282428432562
1384651090667102992
1385204731044903036
1385489069146971960
1385795641998302557
1386164723968159872
1386332531009061770
1387055028215992381
1387110759447857954
1387150963730547712
1387373891441926308
1387795946703147276
1387978466783707122
1388127528591624850
1388199197290468236
1388846594954404326
1389090055599984134
1389225413835660560
1389351280369444920
1389562943634163770
1389822372800582645
1390386504722977930
1390660002798531744
1390731709106092672
1391106709892847528
1391140321543613354
1391381648210280173
1391458972189919760
1391494723102165770
1391552072315164418
1392278407955629898
1392279293555605621
1393785444742131028
1394611029575132836
1395290095384068084
1395292593508488209
1395508360934585805
1395517758368791737
1395522139587622836
1395602822533404665
1395695950946003873
1396021346756181920
1397501118023003264
1398974683746214329
1400619759006973952
1400754165383317801
1400961432689369057
1401355187338418000
1401478121088351708
1401745384031160456
1401898807185174186
1401904952700358965
1401918128702068564
1401918137291864440
1402074111428300948
1402800915450151426
1403147231279777037
1403228945080273828
1403387458284834680
1403558477418144904
1403618537206862557
1403782754188981109
1403997235574475788
1404207313211081610
1404279968557316193
1404947021745184093
1405127056933642573
1405127057604733773
1405289325775080005
1405343055620218048
1405539706180965090
1405636899254466866
1405686938926448708
1405740751172800266
1405837185046497252
1406467823514946824
1406525731829208264
1406633973059429721
1407561928861221674
1407619570541344001
1408099458841381876
1408167119539254762
1408167119673472490
1408379891577026397
1408643993980432380
1408945706369555832
1409072834711373876
1409084830295790216
1409154653589881674
1409199578149341736
1409335857172140621
1409411726742421472
1409552601055845652
1409553013372706068
1410305388934964570
1410686130978759849
1410855065882984464
1410885887406553160
1410909269173144108
1410943167403023685
1411026487455946818
1411194008098027268
1411366030364868596
1411662283363574218
1411717828753400554
1411769447458255013
1411791433395841189
1411793636758103722
1413351507910901250
1414704498913617968
1414744513289661076
1414764563846642312
1415006730861737733
1415191010183364689
1415267474896279881
1415271934511022276
1415278893031047849
1415358057868312745
1415566474771625445
1415582990885527472
1415820598100181004
1415822838853992497
1416464845847668664
1416586991937684837
1416665891261382932
1416727072107632085
1416759889999912309
1417509489707778097
1417823358219160073
1417872001076967962
1418093642798154409
1418175716188193870
1418274589200175729
1418296256605708237
1418332481636961013
1418572309249121533
1418650938203357424
1419580411130248925
1419621768071298498
1419912614644097757
1419949879702601794
1420033003827241104
1420604503820921092
1420656581494318002
1421152326758431412
1421220271326425393
1421235195109040210
1421266631965443818
1421298639557850229
1421399591667850709
1421598183901367024
1422050793109159397
1422386212104995449
1422575099241990954
1422661157569413116
1422773164564422008
1422948169718578632
1422992710315004229
1423035162777679892
1423206833925787149
1425288298999458517
1425634770044303177
1427361231496199132
1427623509083690150
1427975548244463617
1428238468056330492
1428274474186742352
1428292759673913152
1428830702088675293
1429022719482222061
1429025832027785873
1429292397535026258
1429773532642988986
1431267909351319762
1431298247118432981
1431298255707367546
1431315680711574528
1431320676264271685
1431436325938134109
1431723868694526437
1431957619192037525
1432019882965975505
1432320656046613512
1432444888810856313
1432638263240196282
1434248102854042682
1434319647865128916
1434397752762376712
1434465787179055157
1435166036343474229
1435511123775631034
1435615773960516828
1435843142265049266
1436499346437430509
1436610682686504437
1437194122289132405
1437212845667625402
1437653578495090688
1438055071896304432
1438095032308612668
1438188601485026541
1438193465641674838
1438287300722835232
1438605893841537248
1438697637799915492
1438853796817098541
1439074829595714001
1439430643615782460
1439463162666722374
1439616502935049389
1439830121151435960
1439881868474813597
1439991150270436520
1440026946809662930
1440035575337546748
1440113083673805746
1440165833074520514
1440254827661411561
1440293458799394280
1440364578891756432
1440459061632530425
1440763743691246876
1440797588823429392
1441013248354482650
1441151880259055065
1441562017717423266
1441678615631863440
1441828336765517860
1442268383061946196
1442431177488054994
1443443638704396194
1443661369284461906
1443831395578446837
1444457578651640401
1444573612592485716
1444580708297953552
1444588620340253569
1444652878061849556
1444675833746699268
1444703998103678545
1444780536756829424
1445326524061444320
1445329545833015488
1445332896283330930
1445548448805216849
1445675776105676112
1446027752545578333
1446087525374665346
1446503286836798929
1446550488569726720
1446691226057033472
1447078411251998268
1447318551306655562
1447637770713267458
1449085909416485394
1449176709860559865
1449359355127931089
1449450143360045994
1449450143360054186
1449575650813625593
1450059939331942641
1450157819462846944
1450440937943814909
1451156600185174397
1451366755947192872
1451416519085232977
1451728255254421336
1451816720364292694
1452326099320103505
1452451152177332482
1452501234367890709
1452697211961364008
1452728106100764960
1453124826155271212
1453587425750339580
1453804987458896605
1454098028579043652
1455004085670739533
1455578221644410370
1457151631635573706
1457240562013273684
1457276772812142845
1457556889145547241
1458827878345817090
1459041848424206589
1459179837488426956
1459210943826187741
1459214709214424836
1459510980665339793
1459580015473066997
1459810546147280810
1460091150590910533
1460218650567349456
1460335781266739857
1460352890277486069
1460572757897265885
1460625144946020605
1460795497799220402
1460866522753130785
1461206966076131144
1461283190984058004
1461441325200398885
1461708973950284941
1461790632841990789
1461920687564498577
1461945257854237009
1461979080346258932
1462108512316542961
1462355400567993674
1462355594371820625
1462413663027045306
1462846490761385205
1463664885895528149
1463692097464012628
1463817627902948728
1464309431175311826
1464389007952625096
1464804706411942912
1464869842037023245
1464924673412930134
1464981140613474009
1465122709601949001
1465210426208078060
1465309493993165728
1466008277576750482
1466383910982461613
1466634222442473702
1466952148383361704
1467369849886222856
1467370658979096817
1467458677922836188
1467511388424874225
1467645453605440640
1469837537831813090
1470672106099905145
1470919940851201354
1471416874037040609
1472135986487929729
1472944788506948673
1472973712122726544
1473713751702761440
1473864525708307605
1473939842161048313
1474131150775076981
1474628636257103386
1474739930628071033
1474824593559409229
1474980615698646341
1475221169773395257
1475584936109233401
1475632186006788172
1475632186006792396
1476204944929604065
1476334947244662056
1476339619419442173
1476362248803449588
1476523263057629349
1476851561482141322
1477200505538102485
1477222246765775317
1477246858647597873
1477256231760726602
1477414931669046749
1477414976149733906
1477430592528512996
1477476493077374101
1477480288397436841
1477831398310068280
1478529233370103973
1478593462177973724
1478606405205253830
1478619164421172837
1478674038123918666
1479240928314876982
1479686925668110496
1479690349853542665
1479692817029678354
1479723541729861256
1479906186357264706
1480075230340882966
1480086275260238673
1481072656943963469
1481087306932682365
1481139125224100361
1481225675657400697
1481289894546675625
1481846916345282177
1481952787234472392
1482046255770818941
1482527241047501746
1482733916055123833
1482976896525837474
1483171113502364997
1483736858918424812
1483830760991755500
1483898650492885509
1483910706753681548
1483999673795341688
1484550191740614006
1485132312583522436
1485192417935663629
1485258732255351528
1485363938325783893
1485391178024917557
1485436830567638364
1485800049490044933
1486833059114875008
1486867200374593193
1486891736225932297
1486893218158754068
1486911527024369185
1486922902857729762
1487027511570123604
1487123160802370953
1487223448902590008
1487289632859630877
1487304795949620469
1487318980194371036
1487517717180323672
1487605677220516006
1487631075521164613
1487840818840381265
1488230927383270633
1488321491081931377
1488337302985258849
1488337305141065673
1488346101226289001
1488346101226289065
1488349311228484906
1488349328676773304
1488354897193480745
1488449752766337826
1488463086875192042
1488835331212202898
1488845018276988837
1488943851446406050
1489084256164411724
1489282852201291504
1489288431200517680
1489400575552889929
1489939811657292713
1490318257155210709
1490630703069735632
1490633912777969937
1490892844135884153
1491065301277861912
1491307607068473620
1491814321518160322
1492725887218089557
1492949735969096645
1493047625095111174
1493650844739927360
1493755257617021608
1493811243345089129
1493981418755583700
1494598385064069068
1494885710189890258
1495281022004973732
1495346869613025273
1495468832888602928
1495825252113176620
1496230785596284344
1496326124857257932
1496777818816893956
1497024519924620521
1497773775154856720
1497865847431927682
1498311101055734476
1498464279215251594
1499185376794736708
1499483875711028370
1499951340047183868
1500073351433727229
1500708931677130533
1500789201790997773
1500792472197587453
1500878215880685636
1500916900186554365
1500988942036858184
1501125994300652005
1501324853897080613
1501533796291317202
1501611642727151780
1502929637582919545
1503076435478712476
1503403455197299724
1503497615156780305
1503541776418162133
1503839335638609836
1504158200408810626
1504519514383652778
1504951208025353141
1505020440239487813
1505170745389820756
1505492541664228712
1505713282101026613
1506012646781463056
1506538885326507561
1506867783537643498
1507146696434947926
1507474790143048534
1507937119991794760
1508064379424877064
1508520416165787104
1508588258867800880
1508900341948467385
1509245515349418956
1509762389849029696
1510191834219132404
1510228991839040301
1510553018455633858
1510737944275718149
1510937685970649293
1512074787903075132
1512332836838545160
1512713989935943792
1513122410776230636
1513273124839989516
1514026587780671668
1514033352283246528
1514069496129775088
1514439779416164490
1515467047003605597
1515496389690914262
1515541467008911286
1516001633159227338
1516434672392119672
1516529543899512573
1516882221292543205
1517176211625883777
1517762132077386789
1518051426854563937
1518315011359499645
1518416942111707664
1518556774431654164
1518646964764845540
1519017649284545041
1519026447522941465
1519155926897353766
1519211699179745357
1519764169925847580
1519799351578847932
1519799353726331452
1519874015563640480
1519917005809288154
1519940089067203132
1521269451243606585
1521374342160637924
1521392543105822720
1521396631663317638
1521507871990892880
1521609186586490736
1521734941434174713
1521789278239738194
1522179941167175493
1522227961484572141
1522236958980226545
1522476422842871440
1522767168126965570
1523157511590297681
1523225894144284553
1523248469786273397
1523413584002227492
1523482944848194120
1523593943510294762
1523623536307620456
1523685217327440709
1523706258590782749
1523713127102305748
1523830254293869916
1524197899536621861
1524201669288353365
1524204590755474178
1524209034047094648
1524252889004734477
1524430715323302944
1524772580439334868
1524846190713457108
1524970924616519130
1525008867847481154
1525017997895286105
1525165458465639748
1525171914443729546
1525290341750441792
1525330485880599073
1525374111533269892
1525579431971783748
1525579982809728068
1526176020227959140
1526323668112910677
1526471408904454944
1526490471781661236
1526520937073562921
1527057760388992626
1527264175270856512
1527291723582767580
1527340260494453634
1527866963289712646
1527989668473504845
1528263299498797952
1528274242595607845
1528711065208790594
1528814018696051696
1528815668179239154
1528827299435410729
1528935091506404981
1529314785431053584
1529793109249526421
1529906445651555442
1530868799472863056
1531082035981712192
1532220973875120866
1532370206179656437
1532566554307017637
1532729648719260385
1533152337284341877
1533274092576674132
1533680894418791893
1533853510273036765
1534081080782151018
1534164166237242230
1534167561553810050
1534242536818029865
1534333012871576501
1534413744952005213
1534443611877760468
1534516200603719974
1534893789953384260
1535229689128997208
1535327340552593373
1535368437093971209
1535550209454115757
1535585393826204589
1535986234535344338
1536005844771238192
1536048023325680713
1536137870298400221
1536188760814036041
1536209588927929117
1536233284524919416
1536305247521552493
1536745033713972553
1536922948619787500
1537229772389504948
1537246350692178778
1537373955580072605
1538636409112056497
1539062809781242424
1539397446550737693
1539567254850991585
1539678178187453889
1540079139533302261
1540173330665851208
1540812870046984554
1540874769955177813
1542387569542806180
1543225775368590501
1543290324311863348
1543464037549210972
1544123687335493714
1544147565227728357
1544318869671426789
1544760860014298125
1544760860014298181
1545438041069799709
1546002007522836536
1546177524653107868
1546186752021670729
1546201258869475701
1546205093378158933
1546239175066195813
1547259849368164226
1547550827200044524
1547698656543942265
1547715767992666662
1548004941550435946
1548092650761219920
1548187335521348162
1548529893160562257
1548660937513497218
1548840079578139138
1550272884255981002
1551141407519586786
1551336312589583410
1551564025402088916
1551606094225389401
1551618753621676753
1552310982311578285
1552377963661201684
1552378103113267604
1553371811556067266
1553371811556067282
1553371811556071378
1553372361437710290
1554312928636225674
1554364733944310024
1554738068122810512
1554837003351473625
1555241121108841748
1555241800092198181
1557867892106062772
1558570605743042324
1559671421683108876
1559698556918667184
1559815950418062890
1560508794367852405
1560678187676870024
1561687555012625324
1563782213330645736
1564292233957004162
1564846370637544834
1564904243020396437
1565167413313101089
1565620995668558464
1567286767737946880
1568663415860485906
1568752498380206212
1568767050213653117
1569107911058048853
1569317369843121780
1569689870970568330
1569916208352407521
1570057660790657544
1570828599025084898
1571254948717294036
1571976580839103869
1572345823334469448
1572543775283664084
1572730386068660172
1573068299285304386
1573221197037157284
1573238541729171748
1573239085034146088
1573244426543558117
1573252393167310922
1573408102922147094
1573540301947461280
1573609055658993572
1573892989691906116
1573901785784920388
1573930017447262165
1575300957444891724
1575390637120870304
1575523201437087952
1575678831875100378
1575848728535125653
1575883733529297381
1575933667971453268
1576265344109162261
1576400861620304938
1576541663758284564
1576777646641750445
1576983693868553477
1577076963536266376
1577094572888548488
1577756116536038230
1577760118214875001
1577769899951936778
1577797696527619365
1577803468282041812
1577880572606993896
1577909855750214965
1578385364268381240
1578524532717079562
1578593223619935064
1578695692880324484
1578702074847378724
1578708449583118376
1579282535751738834
1579287946525901133
1579533214987863068
1579646365393226240
1580147742964196356
1580161417871360000
1580163479507042546
1580163488096977138
1580305777490020833
1580426896458457313
1580912983578488098
1581114590700559810
1581341773699977200
1582263568412923362
1582442955453365736
1582628883185291928
1582812372882461236
1582829965068505652
1582885573000681344
1582906591445227348
1584220390925014921
1584419886394085269
1584653896214508821
1584691018163248496
1584806705550413381
1584916416262077368
1585259748676160081
1586093051230887938
1587935438926487525
1588892157766037861
1589631859288572020
1594910209526505957
1595371941008844258
1596566251502445896
1597688312625897945
1601672085809207785
1601705280775092036
1601705308226811418
1604804814753202112
1604945903067856818
1605706300083527289
1605913244482267685
1606497910288379609
1606563816052934986
1606831613821919069
1607828235207138676
1608143871160614892
1608182078156432749
1608450983758325672
1609576883656255368
1609798664771185781
1611628774987106545
1615248557781456706
1617305233374618125
1620090217726647562
1620301884745172476
1622002868330711080
1623653118860499560
1625605899681223645
1627285260688073876
1627647821250557961
1627999039297029372
1628255944462649977
1629942989008403768
1630839938249918602
1631384884877362680
1631787850694846629
1632407988560770514
1632877206152847880
1633221527601917578
1634361957549770040
1634684727100494948
1635372366308715658
1636014644006658188
1637599051190543010
1637794839338589514
1637830025310773058
1647473107676434448
1647688543822167190
1647772898843549270
1647828587110638230
1647887067797018956
1647947483031958896
1648279933460168532
1648638075777177042
1650940945317959145
1651079713604762861
1651409080955963522
1652460016571611205
1652519653244709028
1654222815968365820
1657386533232489869
1657391956335899884
1657396468595654100
1657536212017400817
1658297745672044733
1658679325634971778
1658867325647178732
1661188217017743421
1661329084720881092
1661388700026727140
1661817231143860290
1661872715533729788
1661883047649071440
1662381720429187332
1663144162848058570
1665439743086690061
1665496108786768960
1665575360411852881
1665956625687235193
1666199970204917280
1666768693535536402
1667040098950615697
1667109249677751220
1667601319181008948
1667832577747942885
1668336996189882898
1668600988116013762
1670782173020573193
1670782173020573194
1671341056613372161
1671465998559310909
1671577900282415653
1672500461384631362
1672831333786184948
1673096060422447381
1673653051150568053
1674143342226635072
1674550778285525581
1675078142717833410
1675078144862187714
1675115688391735432
1675115688391997576
1675339061350474493
1675468672567489813
1675808001631468781
1676160215664788824
1676468991926022528
1676670901311520525
1676699310448290368
1676835691965901974
1677416391223966333
1677440766952557028
1677582757839137034
1677602440494449540
1677870019858863100
1677903639235662892
1678141241808659392
1678158563576685512
1678163326547830165
1678303023287915592
1679229784784408917
1679714517035498036
1679803559678313417
1680494966949664625
1680501965163111050
1680509720969857256
1680981336896317154
1680981336896343234
1681017620746511958
1681051705640527586
1681128959312963681
1681270005159309442
1681287232228252505
1681383167491541544
1681812663742567069
1681893034721865205
1682107236803192546
1683002521694328745
1683398882208260381
1683429826540899368
1683457654938872661
1683543430504360049
1683547828550862897
1683581010692311188
1683598203138766185
1683872871831208568
1683922023768921568
1684026677828560144
1685107994181033093
1685638521786966800
1686512800777098593
1687651170100789800
1688345824769701184
1689254737701325005
1689289871551641376
1689557190117425441
1689733782673050661
1689808354860594428
1690148763432678729
1690329621628796836
1690349883274016553
1690397238647152085
1691276886446560660
1691482406336034946
1691796201967674018
1691818471735177280
1692070834261541969
1692587476649775420
1692599418270451528
1692638020846288853
1692763925984280820
1693200660663859112
1693262267516846960
1693300493856255468
1693345907783324657
1693397612951655097
1693604336694874098
1693872059219238486
1693884325925212649
1693917238789146668
1694042359400625280
1694123816009018104
1694174942078061088
1694583218098036052
1695002101158352713
1695002512146692701
1695216614865100252
1695233784383051693
1695404018448096677
1695566179532490784
1695884381329298705
1695967199020613293
1695969168978087234
1695977615389252898
1696209120473876520
1696284013514937618
1696408504367392225
1696425778402458261
1696691723370992161
1697266987298051537
1697340584556057897
1697874476986812450
1697983232382890293
1698120729968373237
1698243307392969188
1698340522845026804
1698459911328304034
1698501359103327709
1698619544500002089
1698682222725380580
1698997621863088405
1699034125724006498
1699527854700779346
1699640156131043477
1699641486458474822
1699908187232528924
1699910351324899884
1699943337747409468
1699960771520310153
1700048890361408028
1701044002799424801
1701586597599475768
1701786690532273997
1702026375243283080
1702055179242525520
1702260212240996682
1702347318767539477
1702498319103548625
1702508631862861993
1702995011320760074
1703207686230065377
1703243375870099332
1703295750052111652
1703344143208172093
1703392974442950312
1703396520065302045
1703434125765749112
1703664147881680476
1703667471550916488
1703833217372023077
1703836101013020481
1703968832559381225
1704371152859572968
1704425375953408581
1704467277594769229
1704557355954222406
1704596791588025721
1704624208717423312
1704693766309054592
1704898471034441168
1704898922682857280
1705030825438741280
1705039668769535808
1705195363898940672
1705324090648254429
1705326871707815285
1705348560722353524
1705462889148608500
1705676786215419874
1705758298062583266
1706148886702553561
1706579674509555140
1706919449702987634
1707410170444001524
1708168460533639716
1708924844297807213
1709103392050124621
1709285527083658518
1709490911890210541
1709596730216603682
1709704974553403652
1709723315723623282
1709904000714810368
1710167752198328594
1710561549418540553
1710757164230894237
1710949994312996164
1711031333552128076
1711296425037914061
1711343690797027261
1711400805933601773
1711713105319560001
1712035553901200546
1712434196300170498
1712454214797287245
1714246502819303596
1715048951025166129
1715260064584962069
1716458412437613485
1716627234426412369
1716785955433852704
1716920459796548720
1717045951532561890
1717318516885580713
1717370709721701928
1717485354618416733
1717867824633099128
1718251853110756392
1718656373920915984
1719458898437770248
1719572382638288584
1719611265976979284
1719762991705953981
1719814063268087808
1719814097627826184
1719901339827888137
1720004809527753204
1720315984280309970
1720428008420654773
1720546565290477941
1720913084258997601
1721159022193771530
1722028359618755400
1723026962537309676
1723681276088792118
1723942168901342436
1724029740565667330
1724265372526976744
1724374069885367616
1724379019833751360
1724935775574856488
1725084487112457586
1725156734106636482
1725388083211206454
1725422782456006528
1725815959510071792
1726227141164629361
1726238722704141049
1726315570231743525
1726487786015082784
1726529990109964104
1727449399816256009
1727450253352309672
1727516338612202029
1727972835450225602
1728030165863252888
1728113742254237858
1728523502701977857
1728613368858405948
1728678446297150840
1728760825888389133
1728908868639687248
1728947344439771204
1729380200205852141
1730807315090801089
1731453135521582060
1735317981187134084
1739088358288684498
1740156128114438944
1741369039561510434
1742001342450039812
1743241961690625933
1744181102476301133
1746656590202334530
1746684847177164261
1748545956275066742
1749675630891630593
1749851106075475968
1750419537783388117
1762440550104558117
1762551948278584324
1762950909295899176
1763112831818636665
1766118056792444905
1766699868218056009
1766859021643080469
1766880092004450560
1767472975923118080
1767473136447522818
1767508320819609632
1767515519184797789
1769098023798085545
1769667197858279480
1769836882719168425
1769836893456603049
1774899980316079154
1777336538114772396
1777418228961256917
1777937859206107657
1779619557675194693
1788233035293489848
1789708464094022373
1791600928154319453
1791772152569873877
1791861308179895389
1791861308179895421
1794563520731791836
1800577045966798980
1801460465175977840
1802911497754893917
1803704565716508317
1810809413054154913
1812121415914391052
1812311909928008573
1812871979809538797
1813056266197204844
1813097148167318092
1813861094739190265
1820713728287111196
1820744171462894888
1820763572662470828
1821037067268646038
1822188071205383033
1823375266811174364
1824279475472634260
1824332879094129778
1824597293855512413
1824695258779859165
1824898713128945336
1825453148855865056
1826022497686480377
1826514313879033685
1826863142514630840
1826874038127362961
1827991233771345842
1829188662349895841
1832068199417090793
1833729569893163972
1834377895746010372
1835870575453471848
1836075920129690232
1836243046582880888
1836700130048278508
1838231410490337325
1842382480765681644
1848679128984862740
1849754677430951288
1853148792081801780
1853648158374023812
1854242426003629797
1859228602942256357
1860553737456794705
1860997854632673192
1861511505176275106
1861638034686959069
1865954837878404261
1866642449167417149
1870137602684943680
1871271658254956844
1874588351074659309
1874915122909028352
1874993064164160996
1875880325407929528
1876647056271764093
1878326829838947058
1879163265988643101
1883639650104082688
1885159015492659744
1885511820323151529
1885746185640841634
1886394575573264290
1887378961435888624
1889631992857270840
1891544750969848592
1895839504144871421
1896516095845031513
1896753943302534481
1898660388762097554
1899988199821559621
1900509678093064869
1906475436181064053
1907578276669615285
1907589867237278038
1907800933743086776
1908759583135165013
1909673324562023365
1910738797485106962
1911565414800937601
1911896409953687693
1912072754423540501
1912193805737403028
1912473638113419137
1914650387446998788
1915405898594647784
1915837031116589124
1918088819912832468
1918719765128140660
1918895684511069417
1919284223027964468
1919821287758362624
1920025638194767829
1921310017865689808
1921318050152843897
1925573693908839529
1926039224458507637
1926708926370665053
1927645000578377874
1927711866065422626
1929207537855152450
1931170381884789473
1931187860505815948
1932354931054379537
1932758821854603585
1933687591067646628
1934117924339517572
1935955729194462761
1936726889013308065
1939269773998500637
1939631881644965160
1940280397817416416
1948709211128172524
1949126434572587216
1949267715269066696
1949439135936659680
1954181825667847497
1962180412025454604
1962973696256652212
1967146525193966416
1967776524139975541
1968010307887914041
1969055219819985109
1970095400963838850
1971615523829186517
1972975664597668949
1973175975892374377
1977376003767601072
1977396895764446753
1977928997112941821
1978206136325945380
1978206136469223224
1978744953935364146
1978777186974491513
1979081350866534642
1980191108205546072
1980265784728830114
1980312224102065417
1981929670578246354
1983223542441169501
1984008341796485436
1985474408428983901
1985474410047985245
1985488708550574065
1986052483226392448
1992977735147888642
1993014397220334500
1994692838506189425
1995638825489697696
1997884485442640033
1999850368199359965
1999981952013122864
2000420685371114621
2001254047645033513
2007776572742059477
2008292020612504533
2008645737814686896
2009248853944817632
2009342885334277860
2010465874891295648
2010556514315290533
2010767772889578560
2011039090746570105
2011158600019560353
2015360005391122428
2016626924441078596
2017037760914054402
2017282798972990749
2017612686749935533
2017737087538987740
2017823936040987645
2017829877939485692
2018522011106799380
2018824324990810165
2018950717275852292
2018957869754406032
2019249874767570820
2019840813026648849
2019950808201682592
2019954426217057613
2020028477104267253
2020463284463460488
2020585884972450484
2020753374055354421
2021003578477377673
2021051059305197581
2021503220447146525
2021909566681502448
2022136034688815181
2022169335853228789
2022413106561905088
2023389335595556728
2023440769653182041
2023766045036928317
2024202016233839989
2024272838836496613
2026219398544031741
2026420886206166000
2026619894870637701
2028088927895429680
2029418073545738484
2031134738959558773
2031135288706975861
2031708308263735616
2032219134171402997
2032238305647400484
2034593474070587464
2034713510193473405
2035079291358728749
2035627025397232161
2035628200074875008
2036194379584533020
2036656850075665029
2036686069499287388
2036700722457745905
2037544092258349105
2037726294205995961
2038526224698784236
2038562886916229601
2039006872601403612
2039229911264939212
2040130768649323008
2040379112040185472
2040968743925132520
2041462934930540885
2041677724653961481
2043772960492475020
2044034109269853561
2044315295231091880
2049141747463753509
2050021824030474188
2050048441217611565
2050346177711165044
2050442530539471780
2050442653232692741
2050519019341820456
2051300972632511733
2052406170773238529
2052682510164593104
2053116548753270993
2053342772516845458
2053411962591283676
2053638132575091721
2053775751199750653
2054306487611627477
2054353427422548128
2054766368490044289
2054775160347681501
2054781961665556544
2055703375374188552
2055712171467210760
2055747941658590256
2055873340480472376
2056057915617501493
2056302179005967865
2056934695777619772
2056961938033226537
2057090252131751220
2057621618758095432
2059036734728770208
2059481851773579744
2060607993501749260
2061533994058797266
2061928855433920660
2062063842359325132
2062063842359849420
2062422385371590569
2062856712973733877
2063988132401963733
2064357434181737728
2064692052538457217
2064904258175947512
2064918012745491584
2067715190495514157
2068066729438294585
2068132167333689725
2068261498756745988
2068284528508057852
2070142694398367548
2070810372749601773
2070817171401682665
2071503873199306540
2071655828590334176
2071700968851148749
2071876284960550984
2072188666863676661
2072201244084222600
2072531665814723625
2072940882823597980
2073059354110480364
2073644463187642402
2073952309282618912
2074256216599701794
2074540104603570124
2074602154377041017
2074766400554553124
2075018273250311712
2075258717454920908
2075604518313168448
2076076430193458400
2076598149809933841
2076783186887823821
2076996072817393540
2077646783308979404
2078218815547655218
2078366832559069004
2080035413799113768
2080448579070556305
2080958548606548793
2081600370074883624
2081769978175468201
2081799893068076434
2081849646427406788
2081986531380315385
2082051439580188624
2082078442778037312
2083064531245746909
2083137129077959133
2083273511930834720
2083738586483721104
2083745075104800329
2084353195897380576
2084454396528655357
2085251617388696945
2085434499480567569
2085674465477263244
2085722429146975228
2086067129694333996
2086547098111345088
2086927100383494465
2087710966103937380
2088675698431066076
2088804688067821257
2088872496903902380
2088887636275905424
2089062702755696500
2089116107071996612
2089381074794512672
2089381087679414560
2089493788849660861
2089642868328868936
2089670227099910176
2089670227099910274
2089670227234654209
2089752971726769528
2089752971726810612
2089817647348862976
2089893566272270709
2089952805887414276
2090181781388002128
2090188671842573908
2090362165612893768
2090391632355174528
2090496685933050004
2090510386808675581
2090744786557433885
2091450083997619593
2091720626940054372
2091720856209510473
2091820182988339024
2092131620776596256
2092253483061763408
2092267626364817573
2092742795121869120
2092813144347064348
2093328632947669372
2094145202843802864
2094755610167942596
2094894105371541744
2095008990225770868
2095368557224905160
2095569997135015840
2096239287399327145
2096325794028584704
2097121750018805761
2097623508343631682
2098148844830803077
2098179275260666864
2098186449707708224
2098395797631399749
2098497719079179940
2098523468407565136
2098534248913634221
2098661835073973072
2099279662007269988
2099403899277316049
2099428760460162845
2099737393743065224
2099779944605791672
2099943654201901672
2099984945719354933
2100096691758388500
2100104568653823353
2100170517857129801
2100320018700998117
2100360315436278528
2100648705888428121
2100967287730378324
2101068860793269181
2101111239533974008
2101112888803513336
2101222830007639668
2101278883543512573
2101291368268422749
2101301066093630824
2101526075798016290
2101829148251207708
2102049905762840466
2102058145424797405
2102686932372732050
2102921011062096128
2102992191173064584
2103229609191274333
2103928147161026741
2104199510656368713
2104244524655664869
2104253208658158500
2104399882069259069
2104584637581679728
2104972216152970617
2105168102348816396
2105242924130531996
2105436940914648258
2105666293199131906
2105677279759029506
2105714769211493629
2106297634691203297
2106331653383170384
2106416413500399529
2106652064198052201
2107312795792894162
2107534316606542866
2107535450531814424
2107984712060707701
2108194807594614786
2108401647084723577
2108436306255302274
2108693870132333884
2108775341145195357
2108962847211130621
2109091949188222144
2109220170334370386
2109765716249589753
2110079371205498133
2110352316472368461
2110352694904391544
2110353198081899138
2110547064453321913
2111572498725211649
2111756402897748309
2111831706676910564
2111987838888181516
2112030707366720504
2112384464558668153
2112549983019351168
2112702122667821220
2112796587092123793
2112917699673931905
2113226448033398930
2113381461149389637
2113418209507261048
2113454376573976848
2113479015189160684
2113600059528741968
2113601395616432628
2113643187263871409
2113644578353150973
2113851818842713721
2114020139617043805
2114147196226651573
2114254782362203605
2114636264506561425
2114698405643450493
2115574684443213772
2115743061821979193
2115762164279185753
2115781403683252370
2115793890099539101
2115915001281550985
2116281663085948536
2116372878981537757
2116399165042736885
2116421538263506208
2116608662826427860
2116608662826429908
2116672914513233617
2118835772269930536
2119775840053466953
2120579701201178061
2122045692905059020
2122051089314033693
2122354911245988096
2122406339428329129
2122450436580103506
2122455336002133476
2122616620600242501
2122633481380532925
2122721048620843133
2122741140718526116
2122846099743102905
2122851609156596898
2123197038756104328
2123298948028658909
2123347575526226909
2123480259083391293
2123549723000724901
2123620023947093458
2123625938784254592
2123656932644524377
2123773630186695188
2123864528150421394
2123971781247195805
2123998480421913668
2124003896327044500
2124154554323831941
2124213934259522834
2124268314199095421
2124382536302714548
2124386817638089397
2124938016395885020
2125083847367344192
2125156586838033356
2125322074826286388
2125326495775740681
2125623109247177377
2125625551206929641
2127036252586684420
2131742241832020569
2132024647130928193
2134098628645589317
2134098628813361477
2134223804449094096
2135990777395424740
2137142235578296632
2138927146830522644
2139001201315746461
2143777745061813992
2144040976360823872
2144508954492680240
2144977007871162370
2145033751146164368
2145536225822174669
2145981774434398465
2147353832290797004
2147637374292475777
2147954442780794504
2148217022255726593
2148345962783571448
2148834966105097557
2149375715127572236
2149485740741691908
2149524713738893197
2149540791201269641
2149579840892147593
2149579857532917641
2149657251044155001
2149791130556950493
2149988972376272509
2150305390533865197
2150449341177692789
2151172368836673401
2151625293418972132
2151771625224132560
2151831705557629065
2151857431918691788
2151911381324932000
2151961373620795768
2152109866230302165
2152119326461657080
2152120068632206540
2152121241444408785
2152146530211847441
2152155319432922180
2152257778106921444
2152401616909491665
2152415046295586637
2152437905458180872
2152605848537035641
2152712449186454109
2152777794090631289
2152966522854446573
2153027734989559249
2153618078192349429
2153981234040471669
2154020471584456052
2154154706176109065
2154173380050201065
2154376498763343752
2154384543383135280
2154922328998343744
2154958001339747317
2155343595425921604
2155593270302770624
2155611624255988412
2155799112978466097
2155812431102183458
2156095017972118549
2156621964033138932
2156685037185391965
2156811115057594920
2156838611737670869
2157097356845054628
2157192698797494320
2157294659243610128
2157782842427701065
2158604727122429956
2158676471583869217
2159277022875494210
2159447745260749801
2159579069741817253
2160199687143225513
2160301206000064445
2160504462760115085
2161098016279814045
2161164176192096333
2161341153831893936
2161438929655416096
2161579844024562917
2161665734250904877
2161699140499305549
2161759248149364028
2162102607567401216
2162337638321681096
2163104703206696880
2163111567275710084
2163122005320331840
2163228878483061288
2163981902802775936
2164130454798410985
2164230256254735661
2164265229870242857
2164307733156065362
2164496256785600146
2164516705637831884
2164604704387113128
2164921438084313456
2164967224274389512
2165171452885676321
2165237527962053393
2165620962028849704
2166028877686628104
2166033013679433500
2166252308536393413
2166395573269099869
2166395710708877045
2166613543560894329
2166870317429246802
2167732354387184297
2168281749996076368
2168292635270039289
2170121707732574749
2170266621283214676
2170304938303113977
2171051646823554868
2171860718404389808
2172118984032183305
2172120056318575444
2172400705347901360
2172580172161261524
2172743897591926484
2172744037010597589
2172995936151144356
2173169936022512904
2173242399885626056
2173244151256361960
2173594469187499344
2173711959930225592
2174016664375530656
2174080441201739705
2174088734366275461
2174130321233572309
2174438998180781716
2174704855308562380
2174907389824553237
2175062006122278772
2175134411091746281
2175240552797960753
2176356771797910528
2176368606467722965
2176499941150034184
2176682177983544648
2177284717882406728
2177288098954502133
2177530212221173488
2177714626867791800
2178002212084641397
2178024044552238301
2178537858281922208
2178617351152850921
2178921959460348754
2179275636420207404
2180669872777197472
2180719673826086876
2181240460065372141
2181511974249014453
2181732742340937993
2181803037902908961
2181803110950904353
2181943949495214610
2182145919936226440
2182219450789418129
2182460279241763748
2182542163758369204
2182704260506487341
2182829325497632085
2183317654892395284
2183661383742735364
2184054910898810401
2184197573555236685
2184250011768119349
2184324453542809609
2185053573418969629
2185161295355923024
2185691556990122644
2185827266345214904
2186098042538928168
2186098042572482728
2186428624691609410
2187946593131932241
2187946594138564721
2187946730502727793
2188039946299471333
2188039946299733349
2188039946563974629
2188052143895161073
2188087332562249969
2188127152233684996
2188370450309878776
2188425590675974645
2188511629455980460
2188524624625522569
2189493493945083256
2189733803391502240
2190180426998033741
2191985106803280628
2193316273352621384
2193522462440948733
2193578562070851533
2193906766949126488
2194705657494113876
2194713688783974209
2194932474576019397
2195299465426806613
2195575800292581028
2196161952878305060
2196202658532946901
2196202727252423637
2196762602554126332
2197291107830181416
2197801698957857473
2197821760316637956
2197911176530789664
2197915509009194313
2198314916374543177
2198865219835084345
2198945488687475076
2199055228786521169
2199327982963128689
2199958186361034748
2199958395045447713
2200294026888944681
2200422532854554505
2200814860697816021
2201485053505532444
2201653217649838210
2201847045143538692
2202284464034565376
2203082145361607256
2203186912045938029
2203617153528315924
2203899045993915033
2203899182359126713
2204404469620635681
2204424285047455909
2205703596455853545
2205984968256969917
2206354330558721953
2206365418422181201
2206481178539593997
2206616292814561408
2206694213876445988
2207084505970378749
2207199804107586080
2207400643707991810
2207824300374836436
2207824454792332372
2208141874647748653
2208289353655520786
2208429396771826749
2208473446891615232
2208827417427866992
2208921652537545261
2208931293178838013
2208996920091516964
2209088460572579108
2209193663677474709
2209344702707674365
2209513302438037076
2209532238127167945
2209829842789056277
2210117940517833720
2210473969388218881
2210522744097748808
2210546575181152757
2210724413481311488
2211597590609570377
2211618724769756596
2212596653385449005
2212705837536448013
2212767173964094760
2213326209250812981
2213494730518299780
2213678258707924453
2213703465046249084
2214094991350990969
2214332503171868713
2214548390801482272
2214954420824167005
2215300026907396672
2215333324371648072
2215718124479267164
2215784229552170432
2215833688289346436
2216072356529458773
2216685275818010049
2216708427615991972
2216708472544828969
2216738434433677088
2216777362976303772
2217063569985942716
2217204754203071168
2217742416655366784
2218040376990907876
2218777038124788269
2218849496757300309
2219699276132245525
2220051697949256644
2220472862865313661
2220576563426159064
2220600408901558932
2220646932170336528
2220816261392049273
2220970136940389712
2221277030494644861
2221725661204606484
2221816896027173601
2221960158233533977
2222333195114026312
2222504945882538712
2223933790990893058
2224037703391214733
2224187778629909652
2224241253911529636
2224357239156411892
2224434069603630228
2224717949867448068
2224984804232352797
2225050706306566688
2225867730573111873
2225867732720583241
2226247480889833904
2226277631398378421
2226927391494935373
2227335455303044405
2227533493006238625
2227540190761843949
2227583584954520709
2227861031174796556
2227947543841484821
2228065996905809896
2228258436341580961
2228650575282455565
2228738854936829184
2229645682233031301
2229981109900280576
2230627688513535992
2230741381134571860
2230777853834862760
2231283559128891440
2231356257910035280
2231559221190886084
2231755580529158721
2232177065212115601
2232586684360004520
2232919085862150428
2233236216868806216
2233384861396710280
2233471250068269228
2234699934843658396
2234722221934006329
2235166410637837105
2236049523652379969
2236720520665474409
2237127699753731157
2237173936053151565
2237215901134630784
2237659681583604836
2237703383011872241
2238331900889339084
2238521580876210309
2239062171980028585
2239363508909968973
2242209825516934620
2242220694560528241
2242582397584750549
2242594683784661021
2243052980850970428
2244434233200800041
2245696633751772412
2247323777681830605
2248054676362532725
2248650694536908101
2249956551554516776
2250938758424034764
2250938758625361356
2251009235834331285
2251224840136413829
2251623388843552629
2251681945904609208
2251705442816770513
2252045036264663341
2252498186149576613
2253129289013535981
2253180058065478577
2254147631457283733
2254575261015153856
2254628995272934909
2254660548215417456
2255388348959838132
2255563044982075201
2255811438367477000
2256847566006772232
2257153510330492541
2257277565410493556
2257505268432818688
2258448062372164788
2258541078453244996
2259559677645685757
2259949592114112948
2259971236113655921
2260002907691386169
2260054910332564816
2260208706243256829
2260415662734268125
2260429417939512660
2260504986065894352
2260543024126677012
2260543024160166932
2260590227960861860
2260630401189896029
2260660678954808952
2260710576411171965
2260732105509279032
2260786107060986660
2263337901004607696
2263632038827731332
2265592344816127793
2265867739617902924
2266530485460880112
2267319694161666100
2267579855274733725
2267601992600778716
2267820750024374397
2267845191818742696
2267912559181470920
2267922588170320337
2267948280766796117
2267971565260151937
2268099288271220600
2268112840099380496
2268414807700140162
2268685926409171668
2269218651898836229
2269249694164038877
2269501913623697404
2269577918693851976
2269638152884673885
2269815169961920484
2269976540022875624
2270039921889656008
2270188744385225912
2270930625794835265
2271117166752467849
2271177511698751929
2271462987424717405
2271839757433925696
2271966318608602501
2272300019606318797
2272892862053926885
2273155907532957832
2274273307296363845
2274273657645628996
2274402471474329356
2274917270472184249
2275293719959445520
2275293867062075536
2276639289638783264
2278023847478471684
2278212581942196893
2278238771711170013
2278276036452884024
2278633049254255993
2278860723959706324
2279005708102963784
2279428938489350881
2279615145020503185
2279924633246835468
2280302033437732812
2280721232440041040
2280797145803339121
2281035681838125173
2281116892324231672
2281233721331623353
2281257423654148600
2281284445622814984
2281641166234887657
2281797021306480608
2282967229482750577
2283322760838490741
2283632741725714684
2284087868771940952
2284460395152441404
2284846586819831165
2284994778534029352
2285441405947551049
2285521010560332720
2285576810888565293
2285858201302727477
2286232702374132292
2286243426391458428
2286274621381889969
2286764543210334920
2286841986373210752
2287775490556957433
2287895128758509432
2288322189272822389
2288541216645097393
2288736114565610429
2289192188869579044
2289865996855646157
2290359980936531964
2290571718775304724
2291598387252960305
2291743829338692721
2291749535706584864
2291914026310819009
2292134565868949540
2292339910700268597
2292348325596698092
2292348334186632684
2292618277973207042
2292868218120131304
2293222405092456516
2293803148396145676
2294444638124850364
2294572980534377853
2295709948527815133
2295907778553908760
2296070060297307997
2296082113925084308
2296244779097545656
2296259665555507520
2296608479546555021
2296799709148272616
2296800487577353709
2296835809943194941
2297407554095239152
2297545430784976468
2298107162778853661
2298191761688420296
2298315741043356988
2298826139726871772
2299022735767041932
2299089739759803504
2299271822968934904
2300006696713509944
2300066415230391364
2300248772739784528
2300398565023410181
2300432844345241217
2300464732366453644
2300491419498786508
2300837573115344704
2300847387389871404
2301038781927038084
2301133731351987701
2301285659403669840
2301355009863902144
2301674502129438513
2302870958237579157
2302880187624691049
2302975340124278080
2303582378947248008
2303582413306955848
2303869192736224008
2303871756906683696
2304132701692338168
2304288123983760881
2304918626429525873
2304952134001529341
2305032530851279121
2305126816247633061
2305280024896335869
2305340783469793264
2305649512169996492
2305655082883243641
2305767834950554748
2305770416297451848
2305842837326432917
2305843001213246877
2305843001221504797
2305843009182310957
2305843043590341712
2305843077941567648
2305871608809519372
2305878340187332896
2306071572344764541
2306097293632754504
2306097327992623944
2306097336582591304
2306137571148003476
2306405961511002912
2306441157279756488
2306583058428367533
2306687656277286609
2306702918544497756
2306973110711397676
2307036271726594640
2307320728457424541
2307835959069117616
2307877398327963876
2308095100408274292
2308138996152926240
2308253335549841488
2308253335549842040
2308319417566445065
2308501225178558784
2308810177290830360
2309297582532380496
2309487140657770033
2309749471027886044
2309823836679252520
2309968517359027232
2309973301038802948
2310092088762233292
2310109441816576048
2310116283411210300
2310134742350231564
2310153096012068829
2311118456940077220
2311119917721124296
2311416235089165700
2311434871891608065
2312450481038077501
2312460594154552249
2313014734293727401
2313145494342519069
2313159224946971920
2313289579046940565
2313725685636530304
2314253034693594133
2314333588525908872
2314859047544717344
2314859048100210853
2314885532435357736
2314894189068290184
2314901134198353500
2315026818062622752
2315026818195261440
2315037127861600384
2315060866748728616
2315169676549603256
2315591363737419008
2315881424279706089
2316209055120962112
2316938117984198741
2317075433688370696
2317254088706632785
2317272344563637932
2317950756724511465
2318267525653221096
2318460217468293212
2318772219042194112
2318975726304198401
2319067922749355804
2319933921891155317
2320211272577940236
2320711588652727168
2320813950493738276
2321034067556455561
2321540220150212644
2321607811242626124
2321675568432485376
2321741674360862780
2321890656638961861
2322136684910835744
2322318176620596908
2322493099458171009
2322653584467038733
2322674341415480880
2323137270562690316
2323250150741313536
2323318061264807904
2323542122215018389
2323589164330591416
2323752189916593600
2324126921946376720
2324370391186272393
2324900929853112660
2325058779512541865
2325185289469884404
2326129159614546836
2327263834186939840
2327520587297121572
2327548353267756961
2327882616950847317
2328114733141289644
2328357692509048720
2328405110543810624
2328424680412618753
2328453427880583937
2328892518998547732
2329102812803304760
2329275855570534304
2329276055267824716
2329585906338451985
2329590240760268264
2329628462727914036
2329637621280923805
2330360720225106645
2330494566176209501
2331354677534570644
2332672592140302329
2335720579804231157
2337697751205543949
2337934588205409589
2339525947841852745
2340366198580822272
2341417002099190085
2341481687974653260
2341635642598884773
2341852962534080192
2341876000752643993
2342013104256352896
2342526919601479556
2342616194146328552
2342892161064930565
2342901228112014313
2343015381938110345
2343131768666422712
2343218739921238801
2343358601580401861
2344768401532474260
2345052964222213892
2345120866190330608
2345264076646286592
2346242639093786688
2346345300958254285
2346421585894703232
2346983023628332533
2347032320668955972
2347081895971653808
2347101944711615553
2347192843753823480
2347220423360569500
2347300085795535332
2348787152210663848
2350841722152387100
2350923604649263088
2351204504997256940
2351230754448261032
2351517221107425033
2351601572486178193
2351823284424301944
2351858870919688144
2352178810198679369
2353257548931872336
2353267189659272568
2353934175039880376
2354049993732608048
2355355712459232745
2355355712459298281
2355921394279112205
2356224406205823828
2356587746698701832
2357441453659297117
2357441591098250589
2357669811265370625
2357673459398517377
2357812860254851673
2358426185737339245
2358708768992574137
2359444508190988456
2359590404392725205
2359835871341751372
2359848877764458660
2360080314836707137
2360500302367811397
2360500303441684945
2360521196481335157
2360715030598794013
2360786941521525065
2361363574144717813
2361937902571039232
2361994118034310664
2362157973813379476
2362675496664784352
2363392768781574072
2363792634505296352
2364240855992632433
2364324954017830376
2364426103554007736
2364454090093163761
2365085016098901196
2367195848786217721
2367908433593680240
2368096108531559380
2368133263469879937
2368735855889023040
2368975048928193056
2369460331957204972
2369588854652456689
2369806546585760508
2369812320839794696
2370934642506519009
2371055124255975337
2371156929117069320
2371955271217058312
2372192029220030969
2372503309478543088
2372606182791854752
2373260452926423004
2373723870303851941
2373938009165954293
2374659913457455233
2374714889441505409
2374731788895600676
2374732481627549825
2375679656480212800
2376203037437759225
2376674971603472988
2377030099243509668
2377356276258825221
2377615642715781672
2377689724972176448
2377875379717154716
2378274446075022240
2378309606425878352
2378603325625210144
2379070110581945717
2379308242091195985
2379567250423314769
2380492159889490224
2380515486816159924
2380868094532427400
2381000200333426209
2381893291319317473
2381926263163686408
2382389585360920396
2382474573909051472
2382771423161287924
2382771964290339461
2382771964294599301
2382976172389312801
2383050300488235765
2383128919615279932
2383939839969856564
2384274791689713384
2386504987652529829
2386963095950977236
2387208148845098901
2387711144919277828
2387719367947190320
2387719368471609344
2387746391525954604
2387860242874499104
2388027058908283628
2390896107650363209
2391232678529850845
2391392920854822852
2392165812650464116
2392529362918572304
2392837743681858637
2393725530053626752
2394287757303534557
2394827837697728968
2395054672214610561
2395146176982882281
2395351663607096128
2395633138583806016
2395696357936745984
2395890743194396881
2396255270013472320
2396483748320268533
2397292540400356884
2397309354849040724
2397609648227106932
2400595851858114421
2401484020139683328
2401559287010878329
2401748092052483656
2401787493566431424
2402305773877668180
2402492681215557797
2403323962253765969
2404167014038350453
2404852886654505216
2404852886654636288
2405146483683215872
2409464566093709872
2410986757632890384
2411364591721158484
2412147021408387444
2412392732639814232
2412514636409449349
2412515186444928889
2413102736573292488
2413255266214770624
2416791783382425925
2420634877333021653
2423531906957049864
2423908599447678517
2423923357540720904
2429993427900343132
2431429813052113205
2431935916059131328
2432072491603101736
2432072491603126312
2433071082462476197
2433219488606214057
2433250423684882076
2433250939080301724
2433261934742525596
2433617661468601668
2434347266208030660
2435558964306080676
2435938036476592209
2436130775300783096
2437154367195706852
2437230234614629196
2437353382373249360
2437816290451391492
2437818489407275380
2437999773270024832
2438238505004990592
2439991743912555485
2440119767435050480
2440736120338957057
2441554985405593472
2441868571638537976
2442090987398629193
2442111298437889353
2442398263339241805
2442771427749941880
2444013645170118536
2444347202816979436
2444956139570642212
2445023227565724344
2445334742214814240
2445981123308502353
2446670443905651516
2447119184740099960
2449241278416018761
2449347387982537973
2449416657014623608
2449653598127047228
2449686630750019712
2450016487915799472
2450028446633770884
2450191258597761080
2450320800092473373
2450391418069314084
2450524457135245472
2450699484517270537
2450812307535431748
2450984395792276820
2451015936214513672
2451078070839294940
2451082467040312268
2451170427281121373
2451581920164328233
2452226041777919356
2452504248062812920
2452527760879471137
2452527829598947873
2452775697991762080
2452923189571543749
2452950222228941392
2453523340701739664
2453564173141834997
2453913307551056676
2454342912276610560
2454483024033643092
2454595823251085180
2454749868963955708
2455076044298814089
2455203547092506785
2455464890499876580
2455750995857670229
2455754294929424597
2455950942487106933
2456124854162021748
2456711463606277392
2456975851650103116
2457007298135499512
2458285053152447864
2458382449223139328
2458688385989866368
2458938717627723248
2459137296029332088
2459260285927904245
2459287128981971593
2459548146439585920
2459620823002496845
2459640854970187552
2459733483964226645
2460268200280695453
2460376405744506100
2460765532103897613
2460821258868534644
2461290572315488248
2461368012334563152
2461370621324993236
2461534466181973128
2461534466316231812
2461747788166102533
2462677042061047664
2462902532017660908
2463152142343591200
2463187154951066920
2463339858990201484
2463372614810714944
2463443279496314036
2463448437182214881
2463618576733621133
2463727313222372689
2463754869329362053
2463836254042374101
2464631478335590072
2464749647119182140
2464965629950382869
2465194462648747704
2465194462680187576
2466329946564595428
2467104596614783880
2467406348904763380
2467448461518194360
2467479235902585032
2467895664212674696
2468025354618895324
2468030788294151176
2468197775830910780
2468278181916837888
2468567607726556453
2468567765791997952
2469145184856668149
2469323877302989256
2470165166713996332
2470634418568646792
2471270779811252057
2471988310391290628
2471988310651337604
2472617183342928632
2473441972852833276
2474299409085508032
2475540205055595941
2476193434488945489
2476222855163565540
2477967657887938529
2480883467715655584
2481723494642483440
2482229515164104168
2482745079612706077
2483127917157791605
2484060051636444577
2484068564005290944
2484119483745174345
2484417755259647044
2484932860028924641
2485161350861554848
2485419276895818273
2485566274862639785
2485935303789769696
2486022389654142200
2486026512822734072
2486237648846241408
2486529058357118260
2486830139650066965
2487293934953599673
2487393790169842988
2487458253939296852
2487529324898718496
2487656301309709220
2488120672301184837
2488132739875467397
2488241394472797812
2488248542693949892
2488272103841063224
2488596648580818817
2488774662866568376
2488810680480205544
2488848175770811941
2488866070993972553
2489103256056908297
2489173946430258504
2489328113857979208
2489928386768267744
2489980638397130897
2490224816061362180
2490481248622781136
2490481861879857344
2490674785264753960
2490818819272018613
2491061777306795045
2491123088066445076
2491194506530343465
2491194506563897897
2491203302923397673
2491522108750946984
2491662300261001544
2491679353429484148
2491719484096536017
2491759662841297488
2491807948798737033
2491824578487616580
2492154672427002501
2492531005141738304
2492627045879239773
2492991179344482629
2493119826208303721
2494096115978215164
2494231107960967905
2494240521974344313
2494476497587789908
2494846025587277272
2495050415308183176
2495356940458628944
2495630278306270188
2495638649173924900
2495647808763875925
2496085217818709232
2496316236387439076
2496662518970543673
2497259533200830536
2497575409749898705
2497961279709913913
2498545029743083829
2498763654126729772
2499139401961154448
2499566178616222861
2500217184140872229
2500661308979771984
2500750512843396565
2500828109951632532
2500948798855812329
2501040123780829984
2501605622844755725
2501885603314959689
2501936947502945877
2502395540643645773
2502490838570495992
2502568348273451432
2502637590455072804
2502857926101990100
2502959779760808448
2503281463045001953
2503521491282917977
2503962568975395065
2504015548980509557
2505139666111429849
2505310800861617756
2505717315238142853
2506757027897730324
2506792074834437396
2506792074840761620
2506792083424363796
2506895897041708196
2507174471418420964
2509674038915713397
2509808226870249824
2509967974203391936
2510692880072458132
2511311047733054201
2512079099848220620
2512197071242119225
2512337819485726905
2512900761905130169
2513755858791721288
2513843427612899469
2514339307014705636
2514339439575683556
2514339457338560996
2515308633798480384
2515455137410833012
2515464001548049012
2515843954092791568
2517758379166937741
2518234433510735884
2518842936715244004
2520033877877235777
2521089667218924860
2521159410165414904
2521504309967779036
2521723272093372109
2521730403622966316
2521896167705002524
2521919104089047520
2522063083208473381
2522076298864504836
2522284292681481216
2522311538541916288
2523140060809804748
2525059769150483700
2525670325321395273
2526141868137074036
2526199750875427253
2526269654964892688
2526500171757461564
2526555159757639336
2527103459134425716
2527337955178532481
2529348445292199912
2530515763064072848
2530810718144384188
2531360543869253824
2531441755077928821
2532137065570563392
2535555254674530436
2538351249730650384
2539164869119528129
2539799925852188656
2539877700915298824
2540403506556703301
2541122415246420868
2541935940522229825
2542249367798426084
2542545857656973033
2542856287636064069
2544320500931723320
2544348239869992257
2544455465975207152
2544919884828174248
2545902681575178432
2546753712979762656
2547558180315848277
2547959137189046737
2548630621345285328
2549623255497722752
2549623255497763728
2549634557356573496
2554839745531582292
2554873666652155129
2554873667725896825
2555050866847458001
2555078334544846341
2555626900215309600
2555953841354321840
2556832997972621221
2557617695787296248
2558200565486591040
2558203193122348036
2558704866906680924
2558783798368065160
2559232833545701417
2559535238039802373
2560302053828955424
2560540806292304929
2560859326235011556
2561436230885187668
2562805174618245008
2563111850861399873
2563383443841546316
2563636155125631836
2563725850730025664
2564690809444645512
2565426328542019256
2565506194842659108
2565897242326365273
2566514436596476084
2566621946199715916
2566748945014284096
2567590641349569448
2568854400272942148
2569467603341440333
2569947804227644021
2570430800714518524
2570746389647632565
2571016546888317509
2571541654620034961
2572259146395036608
2574575355415790336
2574732994101205792
2574897405374986044
2575289941470195033
2575813152591310836
2576127446369552668
2576792950723148373
2577331002914266780
2577333193347063445
2577366178706379412
2577366179243253396
2577366195876320412
2577367278207393429
2577377165881638660
2579438879445925889
2579438883740893185
2581260215740867172
2581791748756419192
2582191881887906933
2585189217362896033
2585189217362898081
2586282129824803393
2587285364053256676
2587447029177911381
2587701356665270516
2588325074175993633
2588333870470210337
2588506782483956905
2588670144730684276
2589476276832815624
2589609973919536296
2589907650405004577
2591696974925479797
2591907884855841801
2591964537195085989
2592453039838933244
2592820163471035348
2592948127355055264
2594025235491794289
2594091324674871284
2594145813899253200
2594310068141270021
2594339856875174329
2594459166961574144
2594678124643680256
2596407717948875973
2596837829352641984
2596855281037464500
2596954101009734772
2597021374240979348
2598306541982494476
2598630345663693560
2600342145069283360
2600567163886567396
2600623334491422689
2600645672817664060
2600680854564122165
2600731240951705841
2600878542586652728
2602653879882026516
2602722046943778789
2603149997467803464
2603150066187288392
2603185283323001272
2603434650007281856
2603434650015670464
2603657963538385448
2603678960769536808
2603746108215166021
2604201041709236412
2606029250730078952
2606327062584745621
2607485102544924684
2608496595007702592
2608839254835058640
2608994650555474152
2609596197129822676
2610840876329391433
2610935572996812048
2611209008307175733
2611348702612288436
2612849546832834372
2613401113256222108
2613868295050849876
2614949244554872120
2615205914293580012
2615288838078558672
2615368470463993017
2615458819751900128
2616541626978096049
2616823275145272596
2617410665756885000
2618039946995651188
2618245925924414804
2618658119505893264
2620435987145844945
2620807267297625892
2623351226058286076
2623528589535447589
2623772669404968121
2624795892755585013
2626113805659317281
2627453859770750933
2627754334255464657
2627777834127058780
2627885602597237664
2628336490117560693
2629900591824521425
2629979756529608913
2629997348849903825
2630615559080227029
2630830379155479712
2630849994528640105
2631026481514054197
2632161172036128121
2632168564684613000
2632557940169853480
2632627255949745653
2632900637138408340
2633028382649386153
2633028382651483817
2633050171251555220
2633121615273856533
2633193107801827476
2633796038179936389
2633796038179944581
2634183551170366156
2634358988133359749
2635173464834051188
2635282986377546033
2635749493819064272
2636088490845304593
2636094845423753761
2636160307001419753
2636291221078538100
2636475537628798844
2636820732070711164
2637581433841460641
2638113991530457217
2638283545212943368
2638584400667360192
2638804241033103185
2639112624958611572
2639393229045172492
2639619174838072480
2639678005951718584
2639688358287788616
2639718431070323061
2639859772417736328
2639900511637634336
2640390418670325384
2641009260374501380
2641254107295601132
2642058772869459604
2643205167900036488
2643205168436911496
2643621808331435020
2643809828187807836
2644249341356822116
2644910768440167060
2645155186619044436
2645536472477134224
2645811232473350616
2646038655555290229
2646284206355463548
2647835105917141068
2648755743714628897
2649317619586805833
2651719460595748076
2652144226704546273
2652625991042657712
2652634557904514992
2652982527484486436
2653692927313523920
2654819049392243221
2654965459237328021
2655506548366634448
2656187043465454672
2657540532138045717
2657544627335999536
2657923134959134960
2659149354584123260
2659306505911463204
2659405642720641937
2659642960791146644
2659840975618397329
2659870225982009888
2660011681055703237
2660394489013744432
2660401314232222876
2660563259164459953
2660678755323805132
2660821145695027156
2660849490342941321
2661626821161291444
2661692771978920904
2661783650016937988
2661973738534209600
2662256435494665772
2662256504214142508
2662384026464028648
2662725921895161316
2662843686473772704
2663272321287398325
2663315851276446613
2664110559057916033
2664462004820734576
2664747502342206673
2665007404062235289
2665814304023843760
2666034931222333649
2666174442291053312
2666205423345875000
2668468714176009077
2669027371423149352
2669063277350933128
2669546575906602516
2670406919586350037
2670546679303238944
2670654729484795765
2670779171079667760
2670871035276855788
2670886366120512588
2671302176841091136
2671329323677253204
2671445074243768060
2671920062773145237
2672434789929074165
2672752156507198533
2674106454767489020
2674395651857220408
2674812468943397545
2675780727413973657
2676631556677938448
2676679596629572264
2677139801111404776
2677312912362267284
2677386636936795493
2677427406875048785
2677736229358252245
2677867222062889796
2678123257459622740
2678175197831582252
2679140576512266560
2679522069467696896
2679608612475456272
2681527686861504484
2682711706749456085
2683051428549758976
2683051428817145856
2683424472764164892
2683537997755139784
2684078574041287932
2684528051736632996
2684864983040344608
2685412846758452225
2685459465679636452
2685822260666015988
2686534766885696976
2686672031180728828
2686722767783119316
2687012638295582988
2687094466802017140
2687094469083718516
2688239180442729284
2688345626450091689
2688682651993248756
2689095822814570385
2689257383438704777
2689584217448863396
2689780681650067749
2690024994593536209
2690149019422732117
2690150057186735217
2690154545405177116
2690324681850705056
2690523553148998953
2690803214293407664
2690803283472091004
2690861604204386213
2691540024607811477
2691651283112302357
2695005148058052497
2695274794017532060
2695546012800691448
2695608673781278736
2697081633102969464
2698828127515004629
2699140339159664096
2699152644645986889
2699409830112995956
2699482901941853504
2699742849680218485
2700083771725427697
2700288288608348033
2700404663726895816
2700522231725418676
2700749456795721045
2701047072844276188
2701693122744719173
2701916582586046225
2704869653955078036
2705091249734987048
2708839883532627669
2713683938057182613
2713738294587610401
2713887886940653013
2715550598942929109
2718542502679297344
2719749620925059572
2721427934447544352
2722935024932268101
2723120499365934376
2724883972818381109
2724906715646837672
2725956663490978980
2725956676370901289
2725970516371428388
2725979312464712740
2726242549935188881
2728756222303636853
2729700332270297592
2729711287266219240
2729767474747853797
2729815941345832400
2731156851888302756
2731504789930462672
2731719629133428544
2731811403839061076
2732012301964088508
2732014812082536561
2732067628987677556
2732529637045020836
2733302937629186720
2733384771206399745
2733384771214853889
2733608758187829416
2734480631345319045
2734530766889435648
2734759743577750420
2736790629567121377
2737206336013070292
2738574492476387584
2743301447983497248
2743335750709863049
2745961696902094517
2747255310800829332
2747380945151322272
2747711253060255744
2761239238340139844
2761802188575097096
2761977829886222325
2762560416939376576
2762579394572905349
2767207200117662405
2769248872740875349
2771398650148871989
2772331770203853460
2772993950615819409
2777024621877713812
2781121530120110113
2782730529024194556
2783574810808983584
2784507835257621472
2784820314709191557
2785272531798042945
2789194024251149828
2789517584417445525
2790640297149371785
2790694929972017992
2791520462813212752
2799433469647354152
2801333678984127672
2801891452485116808
2802169864344787252
2804515851621583036
2811490268505141696
2812513860637784712
2813197110734619724
2813857515316446272
2814749766993310408
2814749767099481900
2814840607130059832
2815454551914897865
2815884969669261557
2816773420345787196
2818453641714344145
2819171922580077488
2820250988901470325
2820349280323627473
2820522823787855924
2821650898968520072
2821786852940504788
2822335260433533861
2823202026111348597
2824925988043063808
2824925988867117696
2825293335576886200
2825432987433686241
2825959098904163324
2826166336973126400
2826698673031742353
2827601578467928277
2827601578591658193
2828389627418523029
2828486877445619713
2828826326808255744
2829368458160787697
2830389623788121040
2831009339957621281
2831149332437055316
2831392202276938016
2831509317389688465
2832376444885388172
2832750696762673121
2832760837635803189
2832966449175737061
2833170794091609445
2833170794091609461
2833362852015068485
2833456395584145397
2833713678904125736
2833889205835786576
2834215436318682961
2834447070565805957
2836420953610097225
2836720330770296928
2836751692933013152
2841673862863812897
2843141551746591296
2843198899038697360
2844978960166439844
2846313548340764856
2846409334655305200
2847089369456011601
2847120270031567920
2848475599496125888
2848593282618679032
2848651196243399061
2848704979324825717
2848785873806135881
2848791923657038741
2849171219758486952
2849171253447136552
2849347141082027944
2849946187813196116
2851270745649332472
2851406243802252624
2851520152767907729
2851546193422759396
2852065118213813585
2852166301244149237
2852195780927678460
2852818109287725397
2854546481645961812
2855814980072576161
2855908767409450580
2856042228839120129
2856096605217974737
2856170328059296736
2856279044428894760
2856314187074667136
2856623496332858516
2857801321180066197
2857982464174340321
2858052553632544069
2858188822777555640
2858245024091299796
2858298593454284328
2861281846234502152
2861297233220487352
2861958915062780660
2862805759695515248
2863400674143775637
2863746221945647436
2864236401700607004
2865437613043691036
2865696565840284720
2867595853795555077
2868471977796114177
2869552954874137416
2870069543407702660
2870163357740581348
2872134940892468256
2873389619476161712
2874607931350354500
2874726173424811749
2875911358526055916
2877858229811743468
2878402658295136516
2878858249099661857
2879252427850699509
2879936370341271460
2880203059234835484
2880749606487376612
2881248789249687764
2882708743433422496
2882720773087933576
2882888297982250572
2883183319335383297
2883328404683760192
2883639872667304036
2884711751859765248
2884788674457092404
2884846015423960209
2885120719065350272
2885259823785268517
2885994440020359632
2886378951984164776
2886594606585333760
2886847785100933032
2886848923267245984
2887038305036680968
2887220959108223317
2887460514393131296
2888058476873469780
2888116087349607748
2888335529567322124
2888975585150793509
2888990618990035349
2890286625519085576
2890489132592482369
2890739889480746468
2890935660736194576
2891026501670710760
2891052186615939365
2891380382209449800
2891468781399867560
2892049605096094760
2892068052166709000
2892481884351051712
2892766657862645056
2892804595575921921
2893285910930038824
2893433577542658561
2893558224326181936
2893606776084136064
2893698678767526037
2893698953645435028
2894091068595872316
2894496925829448244
2895245368315973760
2895692046115577953
2895778311140712480
2895965655382449701
2896013453968477045
2896553126779896992
2896679614074273808
2896724464242176012
2897139355946581889
2897230474350658181
2897453520131711732
2897963619156721616
2898142423344053921
2898264961724387189
2898773343911316228
2899278224105065489
2900091747343781157
2900095231830314228
2900320359587258536
2901103811145952213
2901325007645719089
2901807918468388112
2901857477110988832
2902460593146490696
2903772629425281109
2904509018052819688
2904795521949272960
2905141039424454656
2905757440058122312
2905798933064264352
2906604387248469268
2906923715625273400
2907001573685234232
2907694314616219512
2908772293071933921
2909114839253602404
2910628452755889756
2910978905212882208
2911747281396861060
2912309959345220216
2914994672484477301
2915017178585703432
2915136593199471057
2915245287727595004
2915270669169981416
2915983207428057332
2916501589513995260
2916643649585983136
2916724326626065697
2916737490274340892
2917746427480373792
2917974560067296320
2918469843076203505
2918702799986718532
2919046991269194400
2919084018598365240
2919381185622334964
2919590558744326817
2920226414334904529
2921159962599109841
2921226625792751905
2921298676985432196
2922325846184951280
2922716183898427717
2923137566229045888
2923206399614088004
2923208055892225400
2923556837898740480
2923609066508104440
2924431774194370856
2925696784199717233
2925909850659400736
2926865388312454305
2927533043080497820
2927625160565592072
2928343105686621096
2928601628385548624
2928765649528471072
2928795806238106368
2929233613589645521
2929321533561763861
2929413774193951928
2929462133611165781
2929462133747480597
2930623987234100968
2931077626283498389
2931148694333754500
2931751791595502100
2934374164749553148
2934915202177619236
2935309586005049076
2935652419462496920
2936074631937004452
2936487950693485681
2936496422645724192
2937700115650689824
2937848316831448540
2938227819744123861
2938800930424873248
2941009907710676316
2941081756826135408
2941706893604113012
2941820912283878357
2942160816902316616
2942504585103857621
2945743667386503168
2948325671851311345
2948750766210284032
2949283251966705128
2949787264793676196
2949865071515282292
2950153785329784101
2950184553888322981
2950185103644009893
2950185103645710245
2950625283027618536
2950748053597050277
2951797843972694256
2951960022159920945
2952103211019894440
2952704766508171925
2952955154326461932
2953566812047242384
2953950829716242892
2954183942305288368
2954343487740470977
2954604620107758656
2955102974271769716
2955102974942869265
2955272820102237760
2955524914226778116
2955637924897965060
2955638474637000721
2956025116504521041
2956044636772935760
2957867677966853089
2959041013920632448
2959313224495209896
2959684991538222372
2959752270924734465
2959919486607820268
2960246736244515845
2960816071474002577
2963057569627345992
2963975562556690145
2964070997036519908
2964187243146377744
2964288756958317076
2964290131481322004
2964688214887502465
2964858113445112741
2965582923065654100
2965836493521191424
2966149968767456676
2966224985701000492
2966226366151783912
2966631565031317416
2966925829654122964
2967164653078039548
2967386132418813220
2967386158188617604
2967774685220992449
2969254242159130944
2969509278059769164
2969509278596640196
2970874554001043056
2970960306035624260
2971055824256320005
2971266435280095404
2971430030448291873
2972721967442812016
2972871153408768017
2973400522201688272
2973479679039503688
2973806690772433232
2973966016513938456
2974152762492979100
2975233086098631729
2975267720706518037
2975617137645381840
2976347370027480952
2976867135554188741
2976972452725620181
2977340013282769617
2977848203092666852
2978091666769679340
2978182779825463009
2978364486234003301
2978373282327025509
2978890539932638512
2979025046732257125
2980725569192339793
2980801637951239105
2981001520845302097
2983513176153732520
2984842999905909013
2986616577313899460
2987402478468614248
2988301602682948852
2988504030537853216
2988519079018145124
2988544586648733148
2988748065263418516
2988939506471645124
2989777035432010476
2991669470687592448
2991669470687592452
2992830554962345984
2993052370459337985
2993454088532456580
2995713797147120932
2998635216616970656
2999474357541229108
3000895689404000920
3002192315034532772
3002707694967940181
3005352997023604373
3006972933646112036
3008581271742743328
3008581271742743344
3008713376802919536
3008715575777946736
3008715576330385180
3010227964546297384
3010843784826718472
3012460390366871564
3012940416068324677
3012982537890825092
3013215124235513832
3013299745854974708
3013474295351682965
3014564473603726977
3014577253097841288
3014955432299430600
3016086283407925156
3016773728662791096
3017082946205689032
3017091792590864384
3017099523171547040
3017461288628222465
3017461359964945025
3017684394127074052
3017684394135462152
3017977595944886916
3018179527985312577
3018709213870816572
3018740609516327396
3018740609516335588
3018921787286911508
3019434134185058332
3019726413768784564
3019866060293532276
3019867160518195828
3020062031490811217
3020329739397982536
3020685199542865804
3020757257034978580
3020869394031520596
3020931285087470548
3020963906053798368
3021527497570332096
3022759361493571072
3023233327071865557
3023313794346517784
3024074013056293576
3026118685385460200
3026381518867201572
3026500344223543432
3026573177506640800
3026984784913667188
3027028904268888609
3027421962440686348
3027500012725977424
3028059818491521260
3028435570438210576
3028435639191241744
3028545448188224993
3028667628518834241
3028868968048771400
3029004460535715137
3029642113518482005
3029799373695915153
3030324371553918248
3031179278638703317
3032340557991934580
3035975979093410108
3036405434279771080
3036739035456717381
3036739035456719429
3037716062882988584
3037750661965435448
3038032621599361768
3038208542616735237
3038252489634225365
3038266937436077108
3038516740529564416
3038700762030490164
3040854139265272448
3041426382253806357
3041442503977045948
3041600516222600532
3044081935234295160
3044563631344343368
3044756492708599060
3044822892588660625
3045217587475495656
3045790126881422728
3045868835378160993
3046114302325088032
3046683923324642416
3046828426364277841
3046828645534890792
3046914992294647941
3046916013500710184
3047025764601663132
3047203520912735829
3048995119572838725
3049284088705496961
3049579789176883073
3049599835180632705
3049661352490859233
3050249861716921448
3050560144222857540
3051093398014953572
3052302917487688588
3052640270466476704
3052925598740703572
3052971306398242645
3054748025037064888
3054951639599663008
3055922741338708101
3056144973824869816
3056230465379399121
3058169857029761140
3059113281231736816
3059247588590336376
3060045750329055912
3060208331488198272
3060337274083516040
3060432734745306820
3060552046433939104
3060925521479638688
3061098630584975313
3061648685204142496
3061852060973146752
3062033786349824657
3062451421533710216
3062463963606566785
3062716012741738192
3062776356879892848
3063030358545290817
3063854931207481296
3065122581355645428
3065417062775009776
3065450146491771020
3065732703502215208
3065791561358460113
3068090692676129873
3068227699108122408
3069948489676761000
3070857393646113956
3071548743711212160
3072505287310478049
3073514490942321796
3073610762434290296
3073835069966102293
3073850418559587136
3074316470770756132
3075254489903270481
3075372099031400561
3075557479736584028
3075605580224264660
3076731125102744956
3077147305987474388
3077693875387575812
3078759650821363460
3079346109235767176
3080268995974800868
3082617721506984112
3083252827139990800
3083709533899006616
3084143972179018020
3084974042337218060
3085354272142349473
3086308028543978700
3088919476873086917
3089510375764543784
3089562401724425400
3089571462578192901
3089788624148746240
3090351505382690816
3090768186435789444
3091797963525520832
3091887976685216000
3092470879406642593
3093956468168404968
3094994046342458920
3095146085838820805
3095991091024693304
3096035546065504436
3097699049830088404
3100807195822915628
3103974107722420220
3104107289563579040
3104376450832323584
3106661852453757868
3106770745030562344
3107734462407885812
3107848386817558536
3108066735218940388
3109559024552111688
3110486325141312136
3111600532716917292
3113199796901949728
3113293074753466380
3113318317474712712
3114615908219177093
3114744594093268132
3116544775294517216
3116706377754229760
3118905845755127972
3119765304116514364
3119953320250659364
3120173059731354640
3120313997020257256
3120501602413181748
3121941303833775764
3122118320740432612
3122327659395033356
3124933969297674896
3130971376580881128
3131653058393875540
3132839756593867448
3133150149495404020
3134226667144503080
3134599037269836688
3134599587025652736
3135567654810501652
3137928363088462116
3138580386303270464
3138701165078650344
3139222825953701332
3139308812983695172
3139723947672917889
3140016451954872316
3140016623753564156
3141152893791772840
3142080769995855652
3142080776446727460
3143226847449327100
3144434116606255652
3144753149944303880
3144759793227971700
3145055026599475828
3145854534182644480
3146212600441150760
3146365010569103412
3147641521031763604
3147715830114212980
3148192374186090460
3150149947918617912
3152557384828733189
3153414981943298208
3153769303588864960
3153868328749637632
3155114007396412976
3155615266818487665
3155906972161712696
3156081279582675740
3157338793396667100
3157764781007897216
3158497663451920632
3158517906757377521
3160769187218181064
3161593159209764032
3162744907733642712
3162855821144636280
3164415925021146612
3164891989702480184
3165612654195642332
3166592655051195372
3166596644776919116
3167313974964292680
3168097583572842609
3169197957044142140
3169688407470511553
3169940180399852536
3170758731977723904
3170800608507499409
3170810331126886321
3170853874425136256
3171173010370967553
3171555872961220260
3171735960324386828
3171888946498764304
3172184819032567272
3172199374509765972
3172978641827800273
3173472353757029836
3173895972707959728
3173987411767625681
3174669524531680268
3174726550908971953
3174980605644108024
3175311790082829457
3175550032555698676
3175917278891337936
3176034205137581576
3176802897372706848
3177488859153285968
3179804705467534976
3180389404526984032
3184125291078451368
3184877231503141920
3186244252723813644
3187206788130012628
3187354406669309056
3188500095085914400
3188547557106450380
3188548277461053500
3188601274304577776
3188729265354396644
3188831458606309888
3188833482548843696
3191033398047241492
3191807180456999473
3191983672509022016
3192291633126128900
3193348785964520928
3193463304605404296
3194029669686474544
3194183707764208816
3197497461379957040
3202029869525962705
3202098318857065640
3202898513549190017
3205317947698508752
3207138572925602552
3209021408291421124
3210291193823969476
3210306581389328128
3211072203798346444
3214597810227002768
3215187248964456772
3216114431817591552
3216142205549869860
3219525420275717648
3220728491910750452
3221142875123994312
3223235017905873084
3223999064336726312
3224311941954407884
3224546517871693332
3224842370587445752
3225435570742231056
3225742508820594504
3226839071626242336
3226843835426659872
3228030559552698420
3228178159895856204
3228180210617470188
3228217596329643212
3228315676208578616
3229118586972848148
3229449236246345696
3230139671803102136
3230501557616336596
3231315283567568017
3232489657483153032
3233642561809473537
3234556220219315432
3235844106308793424
3236651240431036368
3238028753116399392
3238088707069829352
3238308235999789232
3240692334135815676
3241030118310329352
3241971454903593012
3242697516524964344
3242736887314849800
3243134193191343265
3243134193191802017
3243360790863888024
3244999148174218256
3245782316926239040
3246388632097112208
3250601059259591937
3250608647397999361
3250738890071361548
3250795404781700048
3251621625645386564
3252180521014215488
3252650063602692640
3252815851720290076
3253592516784727300
3254006347428436993
3254732504944610060
3254861941719900072
3254887957033951368
3255540980883234976
3256770438637770008
3257785307530751092
3260239435209614584
3260558345110752824
3261802411421142780
3263473390330554628
3263554118813799324
3264955259186061568
3266021463295868252
3266518580880427528
3267314378940023368
3268006011293453148
3269132285800998740
3269286921078704120
3269610934911533601
3271015720855867692
3273729280349817736
3275158574543709524
3275380772044969904
3275650701720635704
3276177651436359361
3280999176574414337
3286745231875451344
3288677761110028832
3292784590490085864
3297817927889985088
3298042104586193848
3298797083765588984
3298797083832697848
3298797083833353160
3298851389207495428
3301877256889187296
3302264426769493688
3302583632158673041
3303779504985513544
3304434803189899432
3305456592894674232
3305644837451908036
3305997521613704668
3306436772110882772
3308816541586876744
3310189569675361276
3310431188249971152
3311074806077385940
3311505373000083729
3312130204344135684
3312341994325274280
3312924043062979472
3313736787045724124
3314213841909966008
3314528995225600740
3314632578841807164
3314962431829887948
3315024112224568080
3315026311247837440
3315031402210181120
3315042893954964808
3315144105456054240
3315167045414355200
3315744044190270564
3315784208473428520
3316094332365426468
3316283216977207640
3316949079439690252
3317828836098102481
3317856077014075836
3317864019933320401
3319528763288270896
3319664608346628692
3320121110996590404
3320289247269308576
3322602066721187704
3323732289373907460
3324014988466626624
3324042303256928256
3324077483342463104
3324174193649516552
3324392226443794280
3327546962921457148
3327648761166081696
3327744760643627944
3327960694446345976
3328515022106651124
3328972538952164216
3329235964610481196
3332094177045271872
3332276622854499112
3332469969156010496
3332630879364894864
3332650341400410096
3332936583268779260
3333189483023568500
3333252108473252860
3334915584819691508
3335088684999231400
3335943943091985985
3335951386241401780
3336301282926037808
3338473545857621772
3338473545991839500
3338541896077691072
3340420106468269633
3341332307032146744
3341492680802656036
3344956610612684832
3345843198791672500
3348120658986423020
3348338390021776544
3348494411117657352
3349147408155100433
3349468785264310844
3349476960140928792
3349881197348462708
3350655810102495040
3351057698752707328
3351218741528008529
3351802909686526712
3351894755882738796
3353207033867511244
3353225831010702320
3353234537644713332
3353243333737768308
3353624442321972052
3354396536798220840
3355105786280682280
3355317116793148672
3355519486240829440
3356544858974311169
3357871104016844244
3358110419617425940
3359169180892471204
3359482316283512913
3359609064263998544
3359896995223097320
3360195225659025664
3360498725379055888
3361529309002501512
3362085279662778856
3362120691322956308
3363822783187264296
3366255805889447404
3366963378352661889
3367822337151069432
3368718930822716992
3369177012978283488
3369343698382717612
3372154663343541824
3372582510935390844
3372719983527655620
3376634634639781352
3377275164089952120
3377556009976844304
3378419980259983944
3378581408796440760
3380067473144759444
3380335558399076940
3380518657494386696
3380526746035232900
3380531842978973704
3380815718295418900
3381253350835688084
3381302608810755140
3381367662832837700
3381678099682251860
3381900734555409484
3381903071554308180
3382260399983378404
3382418260905435236
3382576744279655608
3385567675660950276
3386329541116066052
3386653996712213332
3388088762100551600
3388751754517872680
3390076627909034408
3390296073629910712
3391784077239001372
3391875271613140596
3391901840107610512
3392322384169159740
3394571048786264572
3395973110866951840
3396354868627277828
3397129756681123848
3397964230023960000
3398249594076266688
3398797704329057068
3399083994262471676
3401269396247857452
3403072730007993856
3403400776165274432
3403401972216220860
3404563844202450224
3404728192655561664
3404735582694539312
3406380058113516952
3406777678428616636
3406878524537691713
3413460110023064436
3416000517257755220
3419305319794293280
3419705941519190840
3419882965563429908
3420238431010675828
3420897011421594616
3421209024977178428
3421413526023264372
3421896576082412748
3422700671782067268
3422942640326211664
3423684179656266680
3424914823363294376
3425392884737431440
3425820943121165112
3427438856065196545
3427517562618064120
3427599483068195204
3428316869229007808
3431222970581446700
3431766304123084116
3434150693958638324
3434634511528524324
3437070552976629244
3438288666331501532
3438462942074388272
3438713700605030652
3438858499317017476
3439949394686736304
3440222015209346048
3442025705632994304
3442032229875728160
3442984869440408924
3443885781547028776
3445762764438419424
3445902660113186784
3446253146590709600
3448547031703322620
3448644846011469872
3449493599298907924
3449560226047086156
3449844433948648184
3450259808197947156
3450382923668123368
3451039429139052320
3451062310026800884
3451092978795795388
3453150704022353844
3453396459840110112
3453711429195186180
3454028916101533668
3454243253018161144
3454275245410652016
3454363212783325040
3455074105437515556
3455162498361003380
3455171326674530084
3455244426792927036
3455514074327526868
3456371928119459820
3456375587251038496
3457040197540618980
3458156678261811740
3458365193516382192
3458477541268848632
3458562729814332164
3458766813556513840
3458804163934683180
3458818389953825508
3458855461076367544
3458911234871282036
3459239722745644228
3459273077064655140
3459469264393499012
3459593628496699392
3459609110549369856
3459623776453582904
3459689370432062472
3459889060124826852
3459907804754616888
3459994597018773376
3460174651441938496
3460307640205231872
3460454724994043944
3461047650321842244
3461243372463644496
3463655093889707656
3463817941854785488
3464461080312623080
3464609056942109184
3464610612047258752
3464943438048174828
3466894282404135752
3467380800979126572
3467788107287434472
3467903923685735216
3468974484998418940
3469201681504469160
3469314253267988104
3469388961234091588
3470741293318885664
3472328140850922240
3472412493973789296
3472525998880317764
3472557671137847816
3472595738434618244
3472615222762345952
3472685591506523616
3472814373731643136
3473059538381013772
3473176035997011136
3473199040269381136
3474747256599511208
3475301906935489088
3475816811622839276
3476523266360725680
3476652695064020992
3478828625456446960
3479316653892030476
3480177747097359220
3480456710677364772
3480921897300335616
3483269143994769896
3491411244194857988
3491481869583647296
3491789286976986116
3493097703108813788
3493373691518118888
3494582324925234672
3494714470994531276
3495127793440705776
3495658009955317768
3497124285370954816
3497128674827523148
3497256526197826304
3497609701334616312
3498751708366496796
3499349904729321664
3499434504231363328
3500207159738335120
3501451438037990280
3502544271139043400
3503000888255086244
3504048732842930624
3504911029169479488
3505071797326264320
3507209906527172640
3508887760213864608
3509086969778205452
3509474003582448680
3511526954723521136
3511749492727153468
3512561419603992512
3512827697191223368
3512863515718191088
3513333124760006348
3513848725068173616
3515208698953448596
3515261292028071988
3516188755579440264
3517050926907114416
3517050926907122608
3518524187330331548
3521296641631345960
3524781742807635780
3524922440581285900
3525226911632385928
3526261374348262180
3526842441938440960
3527235519400443776
3527289566919934276
3527515337679707584
3527708701694317728
3528570033217765296
3528747332182070096
3529754390577018188
3529917159210570960
3529917159210579152
3529977089858866100
3529977089926030260
3530059738154932088
3530669651551846640
3530822107858461212
3530822368216673188
3530868234325328120
3531015088850991056
3531639769927334036
3531657896616036848
3531702077997305968
3531921559575465120
3531946097377079344
3532105784613652596
3533073911984247104
3533657343170794168
3534770738671927808
3535559690728405184
3536131890876787860
3536761866600834852
3539542240605004532
3539542240605008628
3539725939078087692
3540435755108137032
3540626592171383332
3541316826975924340
3542424791570261924
3542547387259397412
3542565529729606968
3542565529737995744
3543209515760439952
3544300118646537400
3544482766746611060
3545160012170949168
3545361109828847892
3545402243139141800
3546741747595341724
3546919225664397748
3547139822555497300
3547508434255146512
3547714184221129768
3548348361647292616
3548767480034404880
3548905984303578292
3549887153571178480
3552008201716138020
3552531828755755264
3553624469693302532
3554532033440070400
3555200754467730120
3555406841557013700
3557774058187610048
3565324086617636560
3565575162496979616
3566392495312228404
3581400789572918272
3582961180390513928
3584847785365357352
3586145395741342280
3587161095799834884
3589264169779478856
3589360841360411952
3592991561632977424
3594574332627755984
3595210823036631044
3597134901705530948
3599483342891043788
3599724313973127172
3601833035747299192
3602453434805981048
3602636683232640888
3602873091484499776
3603073063477771720
3603878307697621520
3604013572192809888
3604210382643556852
3605727553018544768
3606424520748108976
3606490495833738996
3606810464011415556
3607158721994635460
3607595455414736660
3607664933488995932
3608267221400891936
3608764501933493248
3612021219416829460
3612215642761930024
3612321195878196520
3612357479761913128
3612451949742015200
3612540206085000916
3612794046565860104
3612980012825656504
3614131978212594380
3614220585176037840
3614345977038742560
3616408242227907264
3616458673146313920
3617023080418701140
3617080781474886448
3618905805457836364
3620270597097439736
3621781114231718056
3622997628319249868
3623060044167502912
3625537907086671016
3629188404044926948
3629807877925337176
3636644728918466552
3636797490018502796
3637304272984935428
3641111611244135436
3641136607348145180
3643064668969291908
3643339514151419664
3644255423961235460
3647565110100617556
3647725191336649224
3649300699199490900
3649384470806791284
3650214742154982696
3650678702924046256
3650985164540338744
3651864575721895696
3655605023580075988
3656661353546908272
3659174743554668724
3659320571312455316
3660524894553252852
3661089174611550196
3661422867312344500
3661480682422734580
3661482881649674484
3661638482894251840
3663519880561889952
3665836544568398536
3666485331655643012
3669308076075605024
3670209439416263668
3670504081547345640
3671067805278470264
3671580697442714552
3671916187118742816
3672543520466686904
3672953774940357408
3672957951804729344
3674072818041696624
3674386761820726740
3674812556666333944
3675192738347186944
3675199859313265868
3676015991109702992
3676911147719647716
3676978162560085632
3677760568006820352
3678584035893026352
3678643665896441856
3678722116586983588
3679305435606998560
3679674614412703888
3680416853261541928
3680550372453130496
3680723898334444832
3681625623719373896
3682051699291493568
3684244717616343800
3684465442545520496
3684758714554762180
3686680717313288068
3689311485463151692
3689395866055925236
3689609201965716052
3690382011231231820
3690919496318714052
3691545551935014920
3691562668973568624
3691579168507509520
3692682451565593512
3694336566157316608
3695546594262044472
3697245338933936132
3698156189783963056
3698199926293799024
3698572711044527392
3699481416393748468
3699498038320825844
3700530991354956712
3701466884950431556
3701751957940322560
3707588942996142068
3707588943004547060
3708730673440222536
3710261459965591032
3710539760403480320
3710684618710583248
3710953291789922532
3710965211932540724
3713795422728956168
3714758587015097888
3715158543661322372
3715312475697856420
3716048988315287440
3716334730643034036
3719421888087933952
3720826691281493776
3720838100578618124
3724213004732808384
3724639587398831032
3725303548466811404
3725334565882756096
3725531545543384136
3725585208500557280
3725726765153762176
3725747938199062400
3725940064204550132
3728755863064430628
3729207483840998856
3729262177424604352
3729736662003206352
3731086597448805288
3731139052183914288
3731337213629378532
3732345821743365600
3733059677719441576
3733343134259805060
3734228588021293168
3734618031172739304
3737996649344744768
3740037442182463348
3740767160767086056
3740781414216466404
3741516633581221188
3742125299323621236
3742197171203800616
3742280477486551056
3742459191884598276
3742494321753181988
3743128990236568712
3743403271080808004
3743692593569188740
3743758486420626784
3744600140771506824
3744906572177826004
3744976923497297812
3745063754083912968
3745074105623587048
3745261181154420592
3745973532207470548
3746274243473176704
3746398818120267588
3746713406321982456
3746994889972819080
3746994890165750408
3747008293494587440
3747047979654982628
3747320293659391296
3749019967753072720
3749044666545438756
3749089515995521216
3750615873283424256
3750728518329989880
3750992676392142072
3751298391806592272
3752126862707406020
3753603516022302520
3756005542380696616
3758289483469201380
3758313089119386688
3758572174581944888
3758620068365121476
3759682670545723208
3760505737709482036
3760852163581170856
3763296383756445992
3763808807573930816
3763909013277857616
3764898464364712000
3765287163337188324
3765488664579005488
3767209274128863236
3767618012949992432
3767719232500119364
3767846346647372016
3768282434615017336
3768902424182447956
3769494793361504980
3769770521704854672
3769814164240982584
3770565027330271368
3771447449801254824
3772800259793116600
3772904965566911728
3774645939938788288
3778102206163786768
3779170745901379584
3780651458612010664
3781053362154119584
3782832910546895360
3782870496411238468
3783751883762326688
3784291566453213680
3785300858145908932
3786090493257895680
3786811290517415060
3788181816027123464
3788794130187419392
3788917568409108544
3789480518496747600
3789590162072388772
3789593460607272100
3789601157188668580
3789636869501198888
3792031092685977776
3792662148954087492
3792765536786671584
3792767735809920992
3792963353229120800
3793502270443664520
3796032649402348864
3796041456241178016
3797159352624885380
3797607418602469296
3797893248337517704
3797926694277302280
3798669127211259732
3799309688336187680
3799611152037700628
3799709424189487668
3803157344980906216
3804259567027813456
3806455322049936144
3806667372952862676
3806721225094379588
3806812963358621044
3809200859833860288
3809201753143109952
3809430474807317124
3810669358937111872
3815334685104785920
3815363075787804304
3815859376157771284
3816599481345941760
3818293692613993960
3819265171396793072
3819619779195451360
3819859104329181672
3820169060231890000
3821300938246520128
3821877301864874048
3822179533149688404
3824133405893012696
3827295349804346164
3827599507929065956
3828979126378180368
3830728810633487668
3830944755924600904
3830967524105458736
3833781597938904276
3834251558470042096
3834603976473446400
3834674362414284816
3835329359216683840
3835381228459060116
3836732027416824116
3836995369048777376
3837066882553217152
3837775793445952964
3838324757495094404
3838573851120953684
3839129638360360144
3839141464636297812
3839819484810621576
3840017071054709620
3841945188637938960
3842456865809399120
3842837132494230856
3844356223811802228
3845803789405163984
3850552346633380936
3850706623229288160
3850820721070641408
3851549856128898260
3852557305078940660
3853035411978286404
3853170195794770784
3855060184115793908
3866521196890563976
3871667202492129480
3873676851613413332
3875276984644792372
3875582688737079316
3877714752190436832
3878409122048025812
3878994129734991856
3880599252255993428
3881156553953287752
3881782222385926420
3881953364605794288
3882302063526871108
3883378622060232520
3883772094174297672
3885974390309836704
3887555859869999128
3887608075446910580
3887784292111169312
3887869525555643124
3888047862847675936
3888768871824877444
3888787910342725384
3889104901938122100
3889683890938576064
3889974694243338800
3890579370430906384
3890791347160699796
3895340741125243424
3899554030270876176
3909124476557591168
3914934598429381208
3929030730123039048
3930121501452559028
3952320233283605988
3959211838892963848
3959846292326384560
3963207845590456144
3963236375055119360
3964382655324115364
3964570846432147424
3966015818169546240
3966740951527828164
3966960022423590792
3968638849320353296
3970966435063742656
3971140927024837200
3973073229170205700
3976559790265317616
3977520696832621392
3982238198578227392
3983930068297749128
3984471431290023460
3984896412809661748
3985073173007432692
3985265453930022984
3987143441185010688
3989362313460969540
3989618854536790292
3992290949676155972
3992856229153644644
3994971170085351172
3995185503300231760
3995248346242801588
3995248621087153872
3996999731582235776
3998065603405343776
3998086301998251348
3998156842325850184
3998483515145619976
3999554756764877056
3999832587316465136
4000388254883509268
4004760323502045060
4008207928585423616
4008449964547444676
4008899998555744548
4009028897250807888
4009066795767111156
4009349506073025792
4009617740473160048
4010720629666110740
4013049993825106420
4013832434112785716
4013846576582745328
4013987818977409652
4014217959548684808
4015241986291467088
4016630202070787088
4016740994499523268
4017160350493832064
4018439232560045320
4019603441460182368
4021892618493655504
4021992517862989652
4022640197287508736
4022969534259471044
4025281279657193328
4025315829518564948
4025426405158911920
4026233437872128032
4026272173832521808
4026411648633330996
4027753766309928592
4028668300075666724
4029020297990503764
4031504418721960624
4032925290216045088
4034659982141947072
4034969115626042400
4035187093586408368
4035224854480102144
4035306632133091472
4035357021011266304
4035405590807196276
4035578415664725764
4036350990809295332
4036359863360065056
4038043688221751664
4038605916147269520
4038791822679735552
4039020192322302208
4039402606165700244
4039631934220171844
4039660766986682896
4039720949687040896
4040007337713486516
4040556845026721908
4040854487223710692
4041005294787960464
4041838895276951796
4041920119745756208
4043649785279403220
4044283940827236484
4047766315440885920
4047980431354459476
4048149267794124916
4048587411453426592
4048728148941781760
4050948340353843216
4052249016128770256
4053020894907334416
4053518708927890048
4054339033330447520
4055414501384701060
4055694356293877808
4056684455786243056
4056684456006845584
4068948543905280192
4069055105029058852
4069126573251311396
4071341762319465380
4071405042578393088
4071418843247969028
4071785435333088896
4073320543707725824
4073773091532354500
4075264248672664100
4075561137880755440
4076982139252422576
4078758476207857312
4079910643253161444
4079971300841865152
4081290586598059936
4081490381634481008
4081620568884461524
4082844272345147296
4085022305490186532
4085379391193492004
4088213446633516928
4088987263498473200
4089335552161408768
4093747754717658352
4094317319583441952
4094973581600824980
4099385000407334804
4102212121847792608
4102818570623213476
4102933779152510416
4104837786605826560
4107091271830142448
4107142075163724544
4107340319565857872
4107445351407798944
4107652536637542432
4111182037540032676
4111825824473358400
4115342349393660224
4116819192390745216
4117610470424675604
4118491107797131796
4118491107997925908
4119256859666066432
4120077140061836548
4121203741844165252
4122182857156162852
4123584220929456080
4124133001224424416
4124377675704766704
4125542245066319940
4126301383653478340
4131231577914538708
4131947181275295904
4133536820477167072
4134918300953322900
4134946068822843936
4138843775201303040
4140109141326603204
4141867343824454480
4142094851203828304
4142110706623992256
4143053228558004288
4161579023443490080
4165087847177786640
4165755494140254192
4165853041929297940
4169831090492516944
4170392493294093296
4171649690356547104
4172408630074966852
4172592797867878304
4178557094569478816
4179608220694867732
4181391195003376148
4183632898262435872
4184423901051435796
4185027757633890948
4186749606204408276
4188923804225421328
4189464765917949024
4190648105195335216
4190779023456309844
4191654142099640516
4192917240423842336
4194903113915743088
4196837228394889856
4198236944996356112
4199190214834988928
4199461135325577136
4200441319773905456
4200620965811192272
4200647665475387856
4203139095516510596
4203289000657089044
4205845742526036432
4206102428991407296
4207443162035657856
4212972296472604356
4213132020434403408
4213832852637372944
4214759949933519184
4218977137566710272
4219929967729900000
4220409551097301648
4221293744623703168
4222204470605083648
4224093732068016212
4224443514833025216
4224990725653166724
4225063483619731456
4225267026781276180
4225477035486425264
4226771890779488836
4227295144801010448
4228694967167366480
4231011255994150660
4231710353182521488
4231974088718938048
4232327848070486000
4233459596028001248
4235869393101190096
4237769923188317124
4242246228279267248
4242414960332768016
4244792388640842496
4245415601176018624
4248256722112529872
4251434348035407876
4251640805042746528
4252469518763159296
4253806846823936800
4255147683444576388
4255147692034511008
4257936827919698208
4257941356592478128
4261567774814056432
4262941480647175936
4263082218135531264
4263980256940851396
4264471255601328064
4268004952476799296
4268567056791892624
4269412446751704132
4269654351196406736
4272611106656748048
4273040624702692800
4274255053667166784
4283134127246274288
4284049188486766544
4284053560829935632
4284433223029899396
4285025337772307524
4285041669532608320
4285095738683915008
4285422397458006576
4288251397684415408
4290211710622824772
4290685405550828548
4291929969010016880
4293100086772956304
4296477887556486176
4296717851683718096
4304225340949874768
4304240283865562032
4304253943036317984
4305948170368536192
4306349106408504032
4309935856445044016
4310791226858196144
4317056262278470688
4320058777593459264
4320077951147180048
4322272556989095968
4322930981100272448
4323384997579816480
4323395069276296048
4323470125177716592
4323706052503915616
4323736039882109952
4323876712183231600
4324126108455356528
4324516546765513648
4325623636329965504
4326709612141239632
4326745930821812352
4328096844258120656
4330166472268883216
4338603789862767536
4339252862837399552
4341450523905245312
4341976783020098192
4342874263197335328
4342913106166751008
4343155030683927008
4345687462400434048
4345955994417594224
4347265888427171472
4360512435153719936
4360821427988861712
4360879795997035728
4364268435343614464
4364460106816859680
4364496165025095984
4368748682079242528
4377766011529110528
4382046824921289248
4386599651056112704
4387665870428357504
4388766221364121600
4389127442741133184
4389858449053531904
4390061638700038656
4390921929782795040
4396865999113106208
4398674333100219424
4399018377104396176
4400052020306902464
4400633249962126368
4405714794505367888
4405715894050550096
4409008649563578304
4409093802985292352
4413739350221748032
4414855121048275264
4415667573166707264
4419672241508664592
4422043288861365120
4430340804808229312
4449769168684516096
4458493044123509520
4460215787686273312
4464706823006327552
4466691342147785216
4467392743878165440
4467816491493887488
4470670337600508864
4479124757081247824
4479669856303527104
4480932911464547408
4484843557612032128
4491231900662479376
4518040857494278912
4522229727683495936
4524115659565789696
4525558923275283712
4529495892225723264
4536617136100234112
4537481968186508544
4539628424389479552
4542107509532696128
4544746071077616704
4544910288214409792
4544947007269666944
4554087616722102784
4554133726903273216
4560944879639932032
4563449472259790080
4564292724249187072
4571735438774296128
4574385448832248384
4575138424207703040
4578601696795253824
4585874554084785664
4596179399905341440
